Lane,Loads,AvgDaysToShip,AvgCostPerMile,MilesAvg
"BRYAN, TX → BRYAN, TX",66,2.8636363636363638,193.75360873169387,7.595744680851064
"FORT WORTH, TX → FORT WORTH, TX",1,1.0,175.0,2.0
"BIRMINGHAM, AL → NORTH BIRMINGHAM, AL",15,5.266666666666667,59.68888888888889,6.0
"TALLADEGA, AL → LINCOLN, AL",1,1.0,54.61538461538461,13.0
"BIRMINGHAM, AL → BIRMINGHAM, AL",76,3.013157894736842,44.60083824324709,7.0
"NORTH BIRMINGHA, AL → BIRMINGHAM, AL",1,1.0,41.666666666666664,6.0
"GORDO, AL → RANBURNE, AL",14,7.428571428571429,28.15325725841398,33.642857142857146
"HOUSTON, TX → HOUSTON, TX",1,5.0,25.0,16.0
"DALLAS, TX → DALLAS, TX",3,3.6666666666666665,25.0,13.0
"BRYAN, TX → CALDWELL, TX",2,1.0,22.22222222222222,18.0
"DALLAS, TX → RICHARDSON, TX",5,5.6,21.875,16.0
"DALLAS, TX → CARROLLTON, TX",9,2.4444444444444446,21.666666666666668,20.0
"DALLAS, TX → HUTCHINS, TX",1,4.0,21.428571428571427,14.0
"AMARILLO, TX → AMARILLO, TX",1,35.0,21.428571428571427,14.0
"DALLAS, TX → GRAND PRAIRIE, TX",2,2.0,19.11764705882353,17.0
"BIRMINGHAM, AL → LEEDS, AL",8,1.625,18.51511904761905,21.0
"BIRMINGHAM, AL → BESSEMER, AL",1,1.0,18.181818181818183,22.0
"DALLAS, TX → EULESS, TX",2,2.5,16.346153846153847,26.0
"DALLAS, TX → TERRELL, TX",1,5.0,16.0,25.0
"DALLAS, TX → ARLINGTON, TX",32,2.46875,15.66875,25.0
"BIRMINGHAM, AL → TRAFFORD, AL",7,1.4285714285714286,15.428571428571429,22.142857142857142
"DALLAS, TX → MIDLOTHIAN, TX",1,4.0,15.172413793103448,29.0
"BRYAN, TX → HEARNE, TX",11,4.545454545454546,14.983164983164981,27.0
"CORINTH, MS → SELMER, TN",5,2.0,14.961538461538462,26.0
"LANETT, AL → BIRMINGHAM, AL",1,7.0,13.846153846153847,130.0
"MOSCOW, TN → MEMPHIS, TN",1,3.0,13.513513513513514,37.0
"CORINTH, MS → IUKA, MS",1,15.0,13.333333333333334,30.0
"VERONA, MO → EXETER, MO",1,1.0,12.903225806451612,31.0
"ROME, GA → FORT PAYNE, AL",2,2.5,12.171052631578949,38.0
"ENNIS, TX → KAUFMAN, TX",1,1.0,12.121212121212121,33.0
"CORINTH, MS → WALNUT, MS",4,4.5,11.96875,32.0
"BRYAN, TX → MADISONVILLE, TX",1,0.0,11.956521739130435,46.0
"KINARDS, SC → MOORE, SC",1,0.0,11.842105263157896,38.0
"HUNTSVILLE, TX → CONROE, TX",1,1.0,11.764705882352942,34.0
"DALLAS, TX → FT WORTH, TX",1,1.0,11.707317073170731,41.0
"BRYAN, TX → INDEPENDENCE, TX",2,0.0,11.702127659574469,47.0
"DALLAS, TX → FORT WORTH, TX",10,2.4,11.627815315315315,32.7
"CORINTH, MS → MIDDLETON, TN",7,14.142857142857142,11.579365079365079,36.0
"BRONX, NY → DOUGLASSVILLE, PA",1,0.0,11.278195488721805,133.0
"BRYAN, TX → GIDDINGS, TX",1,1.0,11.224489795918368,49.0
"ELORA, TN → DECATUR, AL",1,9.0,11.016949152542374,59.0
"BRYAN, TX → BEDIAS, TX",4,0.5,10.784313725490197,51.0
"BIRMINGHAM, AL → CULLMAN, AL",2,5.0,10.744444444444444,45.0
"LIVINGSTON, TX → WOODVILLE, TX",2,1.5,10.433108108108108,37.0
"BRYAN, TX → FRANKLIN, TX",2,0.5,10.204081632653061,49.0
"BIRMINGHAM, AL → MONTEVALLO, AL",4,4.75,10.107843137254903,51.0
"CARTHAGE, TX → KILGORE, TX",1,5.0,9.895833333333334,48.0
"ALBERTVILLE, AL → BIRMINGHAM, AL",1,3.0,9.836065573770492,61.0
"IDABEL, OK → MT PLEASANT, TX",1,3.0,9.701492537313433,67.0
"GLOSTER, MS → AMITE, LA",1,0.0,9.649122807017545,57.0
"MCCALLA, AL → BIRMINGHAM, AL",1,0.0,9.444444444444445,36.0
"TAYLOR, LA → SCOTTSVILLE, TX",1,2.0,9.333333333333334,75.0
"MOUNDVILLE, AL → CENTREVILLE, AL",1,7.0,9.30232558139535,43.0
"BIRMINGHAM, AL → MCCALLA, AL",5,1.8,9.284055555555556,36.0
"BRYAN, TX → BRENHAM, TX",5,2.0,9.25531914893617,47.0
"JASPER, AL → BIRMINGHAM, AL",1,3.0,9.204545454545455,44.0
"BRYAN, TX → NAVASOTA, TX",1,1.0,9.183673469387756,49.0
"WALDO, AR → PINE BLUFF, AR",1,13.0,9.174311926605505,109.0
"MONTGOMERY, AL → BIRMINGHAM, AL",1,1.0,9.026548672566372,113.0
"DEQUINCY, LA → PORT NECHES, TX",1,1.0,8.983050847457626,59.0
"BRYAN, TX → CENTERVILLE, TX",3,0.3333333333333333,8.955223880597014,67.0
"BIRMINGHAM, AL → TALLADEGA, AL",2,1.5,8.947368421052632,57.0
"BRYAN, TX → ELGIN, TX",4,0.5,8.904109589041095,73.0
"LEWISVILLE, AR → SHREVEPORT, LA",1,2.0,8.898305084745763,59.0
"BOAZ, AL → BIRMINGHAM, AL",3,2.0,8.796296296296298,72.0
"HATTIESBURG, MS → BILOXI, MS",1,0.0,8.571428571428571,56.0
"BIRMINGHAM, AL → OHATCHEE, AL",1,1.0,8.46774193548387,62.0
"BRYAN, TX → HEMPSTEAD, TX",7,2.2857142857142856,8.392857142857144,60.0
"BRYAN, TX → MAGNOLIA, TX",2,2.0,8.382507903055847,69.0
"GRAHAM, NC → RIDGEWAY, VA",1,2.0,8.360655737704919,61.0
"NACOGDOCHES, TX → GRAPELAND, TX",1,1.0,8.333333333333334,57.0
"CORINTH, MS → MOSCOW, TN",6,3.8333333333333335,8.29627450980392,68.0
"THORSBY, AL → BIRMINGHAM, AL",2,2.5,8.278688524590164,55.5
"BIRMINGHAM, AL → CROSSVILLE, AL",134,0.08208955223880597,8.23529411764707,85.0
"BRYAN, TX → THE WOODLANDS, TX",8,0.5,8.231707317073171,82.0
"DEQUINCY, LA → SILSBEE, TX",1,1.0,8.225806451612904,62.0
"TALLADEGA, AL → ECLECTIC, AL",1,2.0,8.208955223880597,67.0
"SAGINAW, TX → DALLAS, TX",1,2.0,8.16326530612245,49.0
"NAVASOTA, TX → BRYAN, TX",1,5.0,8.16326530612245,49.0
"BRYAN, TX → LOTT, TX",5,3.8,8.134328358208954,67.0
"BIRMINGHAM, AL → TUSCALOOSA, AL",4,3.25,8.089285714285714,70.0
"TALLADEGA, AL → ATLANTA, GA",1,1.0,8.080808080808081,99.0
"BRYAN, TX → HUNTSVILLE, TX",69,0.057971014492753624,8.064516129032262,62.0
"CORINTH, MS → BOLIVAR, TN",1,1.0,8.043478260869565,46.0
"TUSCUMBIA, AL → WALNUT, MS",13,7.0,8.043476523476523,77.0
"DIBOLL, TX → JACKSONVILLE, TX",6,1.1666666666666667,8.04040404040404,66.0
"DALLAS, TX → RHOME, TX",1,2.0,8.035714285714286,56.0
"EL DORADO, AR → BOSSIER CITY, LA",1,1.0,8.0,100.0
"BRYAN, TX → CYPRESS, TX",3,0.0,7.9411764705882355,85.0
"FULTON, MS → HALEYVILLE, AL",48,3.375,7.903874269005853,57.0
"HEARNE, TX → GEORGETOWN, TX",2,26.5,7.894736842105263,76.0
"BIRMINGHAM, AL → COLUMBIANA, AL",2,1.0,7.892156862745098,51.0
"DIERKS, AR → AMITY, AR",5,4.2,7.867924528301887,53.0
"COLLINS, MS → FLOWOOD, MS",1,4.0,7.7272727272727275,66.0
"TALLADEGA, AL → FORT PAYNE, AL",3,4.0,7.710843373493976,83.0
"ROME, GA → ATLANTA, GA",2,3.5,7.702546296296296,72.5
"BRYAN, TX → DALE, TX",2,2.0,7.6923076923076925,91.0
"BRYAN, TX → RACCOON BEND, TX",3,7.333333333333333,7.626262626262626,66.0
"PERRY, GA → MC INTYRE, GA",1,3.0,7.611940298507463,67.0
"ROME, GA → CHATTANOOGA, TN",1,7.0,7.594936708860759,79.0
"BELK, AL → VINEMONT, AL",1,7.0,7.575757575757576,99.0
"MT. GILEAD, NC → ARCHDALE, NC",1,3.0,7.421875,64.0
"CAMDEN, TX → SILSBEE, TX",3,2.0,7.415384615384615,65.0
"FULTON, MS → TUSCUMBIA, AL",5,10.8,7.408450704225352,71.0
"BRUCE, MS → BOLIVAR, TN",4,2.75,7.37938596491228,114.0
"MAPLESVILLE, AL → BIRMINGHAM, AL",3,2.0,7.357142857142857,70.0
"ARLINGTON, TX → ENNIS, TX",1,10.0,7.351851851851852,54.0
"BRYAN, TX → TEMPLE, TX",20,4.65,7.320112470862469,78.5
"OPELIKA, AL → RANBURNE, AL",4,5.25,7.314814814814815,81.0
"DIBOLL, TX → HENDERSON, TX",2,1.0,7.285714285714286,70.0
"TAYLOR, LA → SHREVEPORT, LA",5,2.0,7.272727272727273,66.0
"WOODVILLE, MS → RESERVE, LA",1,1.0,7.216981132075472,106.0
"SALEM, AR → SEARCY, AR",1,1.0,7.207207207207207,111.0
"CORINTH, MS → TUSCUMBIA, AL",2,1.0,7.203389830508475,59.0
"RIDGEWAY, VA → ROANOKE, VA",1,0.0,7.184615384615385,65.0
"VANCE, AL → BIRMINGHAM, AL",2,2.5,7.120445344129554,45.0
"BIRMINGHAM, AL → NORTHPORT, AL",1,4.0,7.101449275362318,69.0
"BIRMINGHAM, AL → BELLE MINA, AL",2,2.0,7.09375,80.0
"BIRMINGHAM, AL → TRINITY, AL",2,11.0,7.091463414634147,82.0
"BIRMINGHAM, AL → CENTREVILLE, AL",3,8.666666666666666,7.083333333333333,60.0
"ALBANY, GA → DOUGLAS, GA",1,6.0,7.0588235294117645,85.0
"HALFWAY, MO → KANSAS CITY, MO",1,6.0,7.02054794520548,146.0
"BRUCE, MS → MIDDLETON, TN",22,12.136363636363637,7.014235764235764,91.0
"BRYAN, TX → WALLER, TX",6,4.0,6.988095238095238,70.0
"BARNESVILLE, GA → MC INTYRE, GA",1,3.0,6.986301369863014,73.0
"NORTHPORT, AL → BIRMINGHAM, AL",1,1.0,6.975797101449275,69.0
"DERIDDER, LA → PORT NECHES, TX",2,3.5,6.971153846153847,104.0
"PINELAND, TX → SILSBEE, TX",38,3.1315789473684212,6.9703484062268375,71.0
"BRYAN, TX → SELMA, TX",7,0.0,6.944444444444444,144.0
"TALLADEGA, AL → ACWORTH, GA",6,1.3333333333333333,6.9338422391857515,131.0
"BIRMINGHAM, AL → DECATUR, AL",24,3.0416666666666665,6.90883895131086,89.0
"TALLADEGA, AL → BLOUNTSVILLE, AL",1,1.0,6.891891891891892,74.0
"IDABEL, OK → BONHAM, TX",5,2.4,6.869204301075269,93.0
"IDABEL, OK → SHERMAN, TX",2,6.5,6.818181818181818,121.0
"BRYAN, TX → WAELDER, TX",2,5.5,6.804123711340207,97.0
"GURDON, AR → MT PLEASANT, TX",1,0.0,6.8,125.0
"DIERKS, AR → FT. SMITH, AR",3,12.0,6.790123456790124,135.0
"BRUCE, MS → SELMER, TN",1,6.0,6.776859504132231,121.0
"ACKERMAN, MS → GORDO, AL",1,4.0,6.761363636363637,88.0
"CORINTH, MS → MEMPHIS, TN",9,5.777777777777778,6.740108229671798,94.0
"MILLPORT, AL → HALEYVILLE, AL",3,1.6666666666666667,6.732394366197183,71.0
"MOUNDVILLE, AL → COLUMBUS, MS",1,6.0,6.730769230769231,78.0
"TALLADEGA, AL → DULUTH, GA",6,6.333333333333333,6.716417910447761,134.0
"BRYAN, TX → MEXIA, TX",17,3.588235294117647,6.6876750700280105,84.0
"THOMASTON, GA → MC INTYRE, GA",1,1.0,6.666666666666667,90.0
"BRYAN, TX → BELLVILLE, TX",7,2.7142857142857144,6.655844155844156,66.0
"ROME, GA → EAST POINT, GA",2,1.0,6.625,80.0
"FORT PAYNE, AL → BIRMINGHAM, AL",18,2.5,6.594104308390022,98.0
"VANDERBILT, TX → NIEDERWALD, TX",1,5.0,6.589147286821706,129.0
"ACKERMAN, MS → WALNUT, MS",1,3.0,6.587301587301587,126.0
"MOUNDVILLE, AL → BIRMINGHAM, AL",27,1.962962962962963,6.574752457226067,81.44444444444444
"DIERKS, AR → MT PLEASANT, TX",2,3.0,6.542056074766355,107.0
"BIRMINGHAM, AL → FLINTVILLE, TN",7,2.0,6.521264994547437,131.0
"TAYLOR, LA → KILGORE, TX",1,2.0,6.481481481481482,108.0
"BRYAN, TX → PFLUGERVILLE, TX",40,3.5,6.414516129032253,93.0
"BRYAN, TX → SUTHERLAND SPRINGS, TX",1,0.0,6.410256410256411,156.0
"DALLAS, TX → DURANT, OK",6,2.5,6.408464539305661,107.66666666666667
"BIRMINGHAM, AL → FORT PAYNE, AL",29,2.586206896551724,6.386347642505277,98.0
"LIVINGSTON, TX → HENDERSON, TX",2,3.0,6.377876663070838,105.5
"EATONTON, GA → WELLFORD, SC",1,6.0,6.358381502890174,173.0
"BIRMINGHAM, AL → MOUNDVILLE, AL",26,3.923076923076923,6.357987804878048,82.0
"CAMDEN, TX → HOUSTON, TX",8,2.75,6.356197682268226,89.625
"ATOKA, OK → OKLAHOMA CITY, OK",6,2.1666666666666665,6.3559322033898304,118.0
"ZWOLLE, LA → BUNKIE, LA",1,1.0,6.3559322033898304,118.0
"RUSSELLVILLE, AR → BENTON, AR",1,1.0,6.355274725274726,91.0
"ALBANY, GA → WILLACOOCHEE, GA",1,0.0,6.343283582089552,67.0
"DIBOLL, TX → BULLARD, TX",2,1.5,6.329113924050633,79.0
"COUSHATTA, LA → JACKSONVILLE, TX",1,1.0,6.299212598425197,127.0
"RIPLEY, MS → HALEYVILLE, AL",1,4.0,6.25,112.0
"ENNIS, TX → WACO, TX",1,1.0,6.25,76.0
"MILLPORT, AL → NORTHPORT, AL",1,4.0,6.25,56.0
"BRYAN, TX → GRAPELAND, TX",1,6.0,6.25,96.0
"HAZLEHURST, GA → MC INTYRE, GA",2,5.0,6.223958333333333,96.0
"MIDDLEFIELD, OH → WESTERVILLE, OH",1,1.0,6.219512195121951,164.0
"FORT WORTH, TX → DUNCAN, OK",1,1.0,6.204379562043796,137.0
"JASPER, AL → BRENT, AL",1,1.0,6.195652173913044,92.0
"BIRMINGHAM, AL → CARROLLTON, GA",2,4.0,6.182608695652174,115.0
"TALLADEGA, AL → EAST POINT, GA",1,1.0,6.181818181818182,110.0
"ROME, GA → DULUTH, GA",1,7.0,6.179775280898877,89.0
"BRYAN, TX → LORENA, TX",1,5.0,6.172839506172839,81.0
"BRYAN, TX → AUSTIN, TX",12,2.9166666666666665,6.150010552975939,96.58333333333333
"CORINTH, MS → ABERDEEN, MS",1,13.0,6.104651162790698,86.0
"SUMMERTOWN, TN → RAINBOW CITY, AL",1,1.0,6.089743589743589,156.0
"BRYAN, TX → RICHMOND, TX",7,0.2857142857142857,6.086956521739132,115.0
"BRYAN, TX → MAXWELL, TX",1,1.0,6.074766355140187,107.0
"ENNIS, TX → FORT WORTH, TX",3,6.0,6.048387096774195,62.0
"LUMBERTON, MS → LA PLACE, LA",1,7.0,6.036036036036036,111.0
"IDABEL, OK → AMITY, AR",1,6.0,6.018518518518518,108.0
"IDABEL, OK → HENDERSON, TX",2,5.0,6.018518518518518,135.0
"MAGNOLIA, AR → BENTON, AR",1,11.0,6.0,125.0
"MILLPORT, AL → TUSCUMBIA, AL",2,1.5,5.980392156862745,102.0
"GLENWOOD, AR → POTTSVILLE, AR",2,7.5,5.957943925233645,107.0
"RIPLEY, MS → TUSCUMBIA, AL",1,3.0,5.9523809523809526,84.0
"FLORIEN, LA → WASKOM, TX",1,1.0,5.9405940594059405,101.0
"TAYLOR, LA → HENDERSON, TX",21,3.8095238095238093,5.9198209198209195,117.0
"CARTHAGE, TX → GROVETON, TX",1,4.0,5.915754716981133,106.0
"HEARNE, TX → KYLE, TX",1,1.0,5.909090909090909,110.0
"BIRMINGHAM, AL → IUKA, MS",3,8.333333333333334,5.902380952380952,140.0
"ACKERMAN, MS → MEMPHIS, TN",2,2.5,5.897435897435898,156.0
"POLLOK, TX → SCOTTSVILLE, TX",1,1.0,5.891089108910891,101.0
"BRYAN, TX → TAYLOR, TX",1,7.0,5.882352941176471,68.0
"NACOGDOCHES, TX → JEWETT, TX",1,6.0,5.882352941176471,102.0
"PINELAND, TX → HENDERSON, TX",21,2.5714285714285716,5.839412360688955,94.0
"BIRMINGHAM, AL → JONESBORO, GA",1,1.0,5.838323353293413,167.0
"BRUCE, MS → CORINTH, MS",1,2.0,5.833333333333333,102.0
"GURDON, AR → MOUNT PLEASANT, TX",1,0.0,5.833333333333333,126.0
"PERRY, GA → EAST POINT, GA",5,1.2,5.822429906542056,107.0
"WALDO, AR → BULLARD, TX",1,2.0,5.801104972375691,181.0
"BIRMINGHAM, AL → FAYETTEVILLE, TN",5,2.4,5.7936507936507935,126.0
"BRYAN, TX → CORSICANA, TX",8,3.25,5.779208333333333,120.0
"TALLADEGA, AL → NORTHPORT, AL",3,0.6666666666666666,5.778787878787878,110.0
"BRYAN, TX → WACO, TX",36,3.6666666666666665,5.777567340067339,102.5
"BIRMINGHAM, AL → ELORA, TN",7,5.428571428571429,5.767991407089151,133.0
"BIRMINGHAM, AL → FULTON, MS",4,3.0,5.76219512195122,123.0
"CARROLLTON, GA → TOCCOA, GA",8,6.75,5.760489510489512,143.0
"BRYAN, TX → SEGUIN, TX",24,4.25,5.75365990990991,148.0
"CORINTH, MS → HALEYVILLE, AL",12,3.8333333333333335,5.746699669966997,101.0
"ACKERMAN, MS → NORTHPORT, AL",1,2.0,5.7207207207207205,111.0
"ENNIS, TX → GRAND PRAIRIE, TX",8,5.25,5.71933962264151,53.0
"HOLDEN, LA → GULFPORT, MS",1,1.0,5.714285714285714,105.0
"DIBOLL, TX → SILSBEE, TX",10,3.9,5.691954022988506,87.0
"PINELAND, TX → JACKSONVILLE, TX",10,2.6,5.677363636363637,110.0
"BIRMINGHAM, AL → MANTACHIE, MS",1,4.0,5.674603174603175,126.0
"GURDON, AR → SCAMMON, KS",1,1.0,5.655526992287918,389.0
"DODSON, LA → SHREVEPORT, LA",1,5.0,5.6521739130434785,115.0
"THOMASVILLE, AL → NORTHPORT, AL",2,1.0,5.65126050420168,119.0
"BRYAN, TX → SAN ANTONIO, TX",26,2.1538461538461537,5.639721790717066,163.23076923076923
"MILLPORT, AL → BIRMINGHAM, AL",22,1.2727272727272727,5.614682598550522,106.68181818181819
"BIRMINGHAM, AL → EAST POINT, GA",3,2.0,5.611111111111111,150.0
"BRUCE, MS → TUSCUMBIA, AL",4,2.25,5.602517985611511,139.0
"BRYAN, TX → HUMBLE, TX",6,0.8333333333333334,5.602240896358544,119.0
"WILKESBORO, NC → WELLFORD, SC",1,2.0,5.597014925373134,134.0
"AUGUSTA, GA → TOCCOA, GA",1,6.0,5.597014925373134,134.0
"FORT WORTH, TX → DURANT, OK",1,1.0,5.56390977443609,133.0
"JASPER, AL → ATLANTA, GA",1,2.0,5.555555555555555,180.0
"CORINTH, MS → OLIVE BRANCH, MS",3,6.666666666666667,5.5555555555555545,87.0
"MAGNOLIA, MS → SLIDELL, LA",1,10.0,5.543478260869565,92.0
"GURDON, AR → SCOTTSVILLE, TX",2,1.5,5.535714285714286,140.0
"BRYAN, TX → TOMBALL, TX",3,4.0,5.531914893617021,94.0
"CARRSVILLE, KY → LITCHFIELD, IL",1,5.0,5.529953917050691,217.0
"BIRMINGHAM, AL → RINGGOLD, GA",1,9.0,5.521472392638037,163.0
"PINELAND, TX → PORT NECHES, TX",18,4.722222222222222,5.5070118662351675,103.0
"WAYNESBORO, MS → NORTHPORT, AL",1,1.0,5.496688741721854,151.0
"LOUISVILLE, AL → MONTGOMERY, AL",1,1.0,5.4945054945054945,91.0
"RUSSELLVILLE, AR → PINE BLUFF, AR",1,3.0,5.47457627118644,118.0
"MILLPORT, AL → CULLMAN, AL",14,3.2142857142857144,5.472883597883599,108.0
"MERIDIAN, MS → LEEDS, AL",1,1.0,5.46583850931677,161.0
"PINELAND, TX → KILGORE, TX",2,1.5,5.431818181818182,110.0
"CORINTH, MS → VINEMONT, AL",3,3.6666666666666665,5.420054200542006,123.0
"BIRMINGHAM, AL → GHENT, KY",1,3.0,5.416666666666667,420.0
"ROME, GA → NASHVILLE, TN",2,2.5,5.408163265306122,196.0
"BRYAN, TX → SHINER, TX",1,5.0,5.405405405405405,111.0
"DERIDDER, LA → SILSBEE, TX",1,2.0,5.404814814814815,81.0
"WARM SPRINGS, AR → BEEBE, AR",1,2.0,5.4,125.0
"PHILADELPHIA, MS → NORTHPORT, AL",1,0.0,5.39568345323741,139.0
"LOUISVILLE, AL → RANBURNE, AL",7,6.428571428571429,5.359477124183007,153.0
"BIRMINGHAM, AL → ADAIRSVILLE, GA",8,4.0,5.357269503546099,141.0
"MILLPORT, AL → HARTSELLE, AL",2,0.5,5.357142857142857,112.0
"ABERDEEN, MS → BIRMINGHAM, AL",1,1.0,5.343511450381679,131.0
"MAGNOLIA, MS → BUNKIE, LA",2,1.0,5.3273809523809526,168.0
"THORSBY, AL → RIVERSIDE, AL",2,1.0,5.288461538461538,104.0
"VIOLA, AR → GENTRY, AR",1,8.0,5.285714285714286,175.0
"BIRMINGHAM, AL → ROME, GA",6,2.5,5.284855072463768,115.0
"MALVERN, AR → SPRINGFIELD, MO",1,6.0,5.283018867924528,265.0
"BRYAN, TX → JERSEY VILLAGE, TX",3,3.0,5.277777777777778,96.0
"BRUCE, MS → CROSSVILLE, TN",1,3.0,5.2631578947368425,380.0
"ZWOLLE, LA → SCOTTSVILLE, TX",1,1.0,5.2631578947368425,95.0
"TAYLOR, LA → MT PLEASANT, TX",1,2.0,5.244755244755245,143.0
"BRYAN, TX → NACOGDOCHES, TX",6,3.1666666666666665,5.239486263338322,140.66666666666666
"ACKERMAN, MS → IUKA, MS",5,5.8,5.237179487179487,156.0
"JASPER, AL → RANBURNE, AL",1,6.0,5.223880597014926,134.0
"PLUMERVILLE, AR → SCAMMON, KS",1,17.0,5.223880597014926,268.0
"FAIRFAX, SC → EATONTON, GA",2,5.5,5.20440251572327,159.0
"BRYAN, TX → CONVERSE, TX",2,5.0,5.201342281879194,149.0
"BIRMINGHAM, AL → ABERDEEN, MS",22,3.0454545454545454,5.197116585704372,131.0
"DIERKS, AR → SHREVEPORT, LA",1,5.0,5.194805194805195,154.0
"BRYAN, TX → ALVARADO, TX",13,4.6923076923076925,5.191606029106028,148.0
"CORDELE, GA → EATONTON, GA",1,1.0,5.188679245283019,106.0
"FOREST, MS → BRENT, AL",1,5.0,5.177514792899408,169.0
"GURDON, AR → BONHAM, TX",3,3.0,5.1767676767676765,198.0
"SWAINSBORO, GA → EAST POINT, GA",8,1.25,5.161897590361445,166.0
"BRYAN, TX → CLEVELAND, TX",3,5.666666666666667,5.156853582554517,107.0
"ATOKA, OK → ARCADIA, OK",1,3.0,5.141843971631205,141.0
"BRYAN, TX → ENNIS, TX",3,5.333333333333333,5.1378446115288225,133.0
"CORINTH, MS → ARMOREL, AR",1,3.0,5.113636363636363,176.0
"TUSCUMBIA, AL → MEMPHIS, TN",31,3.032258064516129,5.099791134834067,139.0
"BAXLEY, GA → JACKSONVILLE, FL",3,2.6666666666666665,5.099310094408134,135.33333333333334
"ABBEVILLE, AL → MONTGOMERY, AL",1,2.0,5.092592592592593,108.0
"BRUCE, MS → FLINTVILLE, TN",2,11.0,5.086580086580087,231.0
"PRESTON, GA → EAST POINT, GA",3,1.6666666666666667,5.081585081585081,143.0
"LANETT, AL → EATONTON, GA",2,9.0,5.080645161290322,155.0
"POCAHONTAS, AR → OLIVE BRANCH, MS",1,1.0,5.0675675675675675,148.0
"PINELAND, TX → MT PLEASANT, TX",2,3.5,5.061349693251534,163.0
"BIRMINGHAM, AL → WALNUT, MS",2,11.0,5.060975609756097,205.0
"DODSON, LA → HENDERSON, TX",8,13.5,5.056179775280899,178.0
"BIRMINGHAM, AL → TUSCUMBIA, AL",5,3.8,5.051801801801801,111.0
"ATOKA, OK → DALLAS, TX",3,1.0,5.049382716049383,135.0
"ACKERMAN, MS → HALEYVILLE, AL",1,1.0,5.037037037037037,135.0
"MOUNDVILLE, AL → IUKA, MS",2,1.0,5.0304878048780495,164.0
"MILLPORT, AL → BOLIVAR, TN",1,1.0,5.027932960893855,179.0
"LIVINGSTON, TX → BROOKELAND, TX",1,1.0,5.026315789473684,76.0
"ACKERMAN, MS → OLIVE BRANCH, MS",1,1.0,5.0,153.0
"DIERKS, AR → BONHAM, TX",9,4.666666666666667,4.989711934156379,162.0
"DIBOLL, TX → BRYAN, TX",7,3.0,4.987372448979592,138.28571428571428
"POLLOK, TX → BRYAN, TX",3,3.3333333333333335,4.9590163934426235,122.0
"BRYAN, TX → HOUSTON, TX",107,3.4299065420560746,4.957671558358851,111.8411214953271
"DIERKS, AR → DENTON, TX",3,11.0,4.938271604938271,243.0
"POLLOK, TX → ENNIS, TX",1,3.0,4.929577464788732,142.0
"COLUMBUS, MS → FLINTVILLE, TN",1,4.0,4.926108374384237,203.0
"THOMASVILLE, AL → COLUMBUS, MS",2,5.5,4.918699186991869,123.0
"ACKERMAN, MS → SELMER, TN",5,3.0,4.909316770186336,161.0
"CAMDEN, TX → WASKOM, TX",1,2.0,4.895104895104895,143.0
"PHILADELPHIA, MS → OLIVE BRANCH, MS",1,6.0,4.891304347826087,184.0
"OLLA, LA → PORT NECHES, TX",2,9.5,4.888059701492537,201.0
"BRYAN, TX → MABANK, TX",9,3.4444444444444446,4.882677708764664,161.0
"DIBOLL, TX → PORT NECHES, TX",5,3.2,4.8826446280991735,121.0
"OLLA, LA → WASKOM, TX",2,11.0,4.881656804733728,169.0
"MANSFIELD, AR → STEPHENS, AR",2,2.5,4.881656804733728,169.0
"MERIDIAN, MS → BIRMINGHAM, AL",12,1.3333333333333333,4.88124193548387,155.0
"ACKERMAN, MS → MONTGOMERY, AL",1,0.0,4.880382775119617,209.0
"DIBOLL, TX → HOUSTON, TX",14,2.7142857142857144,4.879285572429856,118.14285714285714
"GRAYSON, AL → MEMPHIS, TN",1,1.0,4.871794871794871,195.0
"CAMDEN, TX → BELLVILLE, TX",2,5.5,4.869718309859155,142.0
"FAIRFAX, SC → WELLFORD, SC",1,7.0,4.864864864864865,185.0
"BIRMINGHAM, AL → SMYRNA, TN",3,5.0,4.861111111111111,192.0
"FULTON, AL → BIRMINGHAM, AL",2,1.5,4.8575949367088604,158.0
"MILLPORT, AL → OLIVE BRANCH, MS",1,1.0,4.857142857142857,175.0
"NACOGDOCHES, TX → BRYAN, TX",5,3.6,4.856115107913669,139.0
"CAMDEN, TX → BRYAN, TX",1,3.0,4.850746268656716,134.0
"TAYLOR, LA → MOUNT PLEASANT, TX",1,4.0,4.8355263157894735,152.0
"VIOLA, AR → MALVERN, AR",2,2.5,4.8316831683168315,202.0
"BIRMINGHAM, AL → LA VERGNE, TN",1,1.0,4.822335025380711,197.0
"IDABEL, OK → DENTON, TX",4,5.75,4.821428571428571,175.0
"GURDON, AR → HUTCHINS, TX",2,1.0,4.817813765182186,247.0
"DUDLEY, NC → RIDGEWAY, VA",2,5.5,4.817415730337078,178.0
"VANCE, AL → MONTGOMERY, AL",3,2.3333333333333335,4.816272965879265,127.0
"MARSHALL, TX → BONHAM, TX",2,4.0,4.813664596273291,161.0
"CORINTH, MS → ELORA, TN",2,10.0,4.813664596273291,161.0
"BRYAN, TX → CROWLEY, TX",6,4.0,4.805050505050505,165.0
"PRESTON, GA → MC INTYRE, GA",3,2.6666666666666665,4.799054373522459,141.0
"LOUISVILLE, AL → ACWORTH, GA",1,4.0,4.797979797979798,198.0
"DES PLAINES, IL → TOLEDO, OH",1,0.0,4.797047970479705,271.0
"MOUNDVILLE, AL → DULUTH, GA",1,7.0,4.791666666666667,240.0
"POCAHONTAS, AR → MEMPHIS, TN",1,1.0,4.790697674418604,129.0
"MOUNDVILLE, AL → RANBURNE, AL",7,6.857142857142857,4.78125,160.0
"BRYAN, TX → LA VERNIA, TX",1,1.0,4.777070063694268,157.0
"BIRMINGHAM, AL → CLEVELAND, TN",3,1.3333333333333333,4.776536312849163,179.0
"CORINTH, MS → MORRISTOWN, TN",1,1.0,4.775725593667546,379.0
"MILLPORT, AL → MIDDLETON, TN",23,9.478260869565217,4.774967061923583,165.0
"MOUNDVILLE, AL → CULLMAN, AL",3,9.333333333333334,4.765840220385676,121.0
"PINELAND, TX → HEARNE, TX",2,6.0,4.765133689839573,187.0
"BRYAN, TX → DIBOLL, TX",14,2.4285714285714284,4.762755102040816,140.0
"LIVINGSTON, TX → LOVELADY, TX",1,5.0,4.761904761904762,63.0
"LEWISVILLE, AR → LONGVIEW, TX",1,5.0,4.761904761904762,126.0
"COLUMBUS, MS → IUKA, MS",2,4.5,4.757462686567164,134.0
"BRYAN, TX → BOERNE, TX",5,2.2,4.745762711864407,177.0
"NACOGDOCHES, TX → MT PLEASANT, TX",8,4.375,4.738729508196722,122.0
"TAYLOR, LA → JACKSONVILLE, TX",20,2.7,4.736766666666667,150.0
"BELK, AL → MOSCOW, TN",1,3.0,4.733727810650888,169.0
"NACOGDOCHES, TX → DALLAS, TX",1,6.0,4.733727810650888,169.0
"DIERKS, AR → HENDERSON, TX",12,6.083333333333333,4.72953216374269,171.0
"BRYAN, TX → FT WORTH, TX",8,2.5,4.72386663132472,172.75
"HECTOR, AR → PINE BLUFF, AR",6,3.0,4.722581018518518,144.0
"MOUNDVILLE, AL → EAST POINT, GA",3,1.3333333333333333,4.717261904761904,224.0
"ACKERMAN, MS → JACKSON, TN",1,6.0,4.716981132075472,212.0
"BRUCE, MS → CARROLLTON, MO",1,17.0,4.713804713804714,594.0
"ATLANTA, TX → JEWETT, TX",1,6.0,4.712041884816754,191.0
"BRYAN, TX → HUTCHINS, TX",5,5.4,4.706172839506173,162.0
"NEWBERRY, SC → RIDGEWAY, VA",4,9.5,4.700460829493087,217.0
"ENNIS, TX → BRYAN, TX",1,3.0,4.6992481203007515,133.0
"FOREST, MS → MEMPHIS, TN",1,1.0,4.698492462311558,199.0
"ATLANTA, TX → GRAPELAND, TX",1,2.0,4.6875,160.0
"BELK, AL → MEMPHIS, TN",2,4.0,4.687150837988828,179.0
"BIRMINGHAM, AL → LAWRENCEVILLE, GA",10,3.3,4.681311098332375,186.5
"COTTONTON, AL → MC INTYRE, GA",5,4.8,4.672413793103448,174.0
"WARM SPRINGS, AR → LITTLE ROCK, AR",1,3.0,4.668674698795181,166.0
"PIEDMONT, SC → ATLANTA, GA",1,1.0,4.666666666666667,150.0
"SILVER CREEK, MS → PRICHARD, AL",1,1.0,4.664516129032258,155.0
"GURDON, AR → KANSAS CITY, KS",1,2.0,4.662698412698413,504.0
"TAYLOR, LA → PINE BLUFF, AR",1,5.0,4.651162790697675,172.0
"EMDEN, MO → SAINT JOSEPH, MO",1,2.0,4.651162790697675,172.0
"CORINTH, MS → MC LEANSBORO, IL",1,10.0,4.646840148698884,269.0
"BIRMINGHAM, AL → ASHLAND CITY, TN",20,5.7,4.646650717703349,209.0
"HOUSTON, TX → BRYAN, TX",1,6.0,4.646551724137931,116.0
"MONROEVILLE, AL → GORDO, AL",3,2.3333333333333335,4.62962962962963,162.0
"IDABEL, OK → JACKSONVILLE, TX",8,1.375,4.627603550295858,169.0
"BIRMINGHAM, AL → EATONTON, GA",20,4.6,4.624894514767933,237.0
"DIERKS, AR → FORT WORTH, TX",1,1.0,4.618473895582329,249.0
"BRYAN, TX → DALLAS, TX",61,3.9344262295081966,4.6129269178268295,174.9344262295082
"CORINTH, MS → FLINTVILLE, TN",6,5.166666666666667,4.610335429769392,159.0
"BRYAN, TX → ATHENS, TX",2,4.0,4.60431654676259,139.0
"SWAINSBORO, GA → ATLANTA, GA",1,3.0,4.603448275862069,174.0
"GLOSTER, MS → PORT NECHES, TX",1,5.0,4.602510460251046,239.0
"VICKSBURG, MS → EXETER, MO",1,2.0,4.595185995623632,457.0
"THORSBY, AL → GASTONIA, NC",1,6.0,4.5893719806763285,414.0
"PHILADELPHIA, MS → MIDDLETON, TN",30,14.6,4.5849645732689215,207.0
"PHILADELPHIA, MS → ACWORTH, GA",2,11.0,4.577464788732394,355.0
"LANETT, AL → BRENT, AL",1,4.0,4.57516339869281,153.0
"PINELAND, TX → CONROE, TX",5,1.6,4.570692175619328,138.2
"BRUCE, MS → ARMOREL, AR",1,6.0,4.56989247311828,186.0
"WALDO, AR → JACKSONVILLE, TX",2,1.0,4.56989247311828,186.0
"CORINTH, MS → HARRISBURG, IL",3,6.666666666666667,4.564315352697095,241.0
"MILLPORT, AL → MEMPHIS, TN",6,3.3333333333333335,4.563063063063063,185.0
"PRESTON, GA → ACWORTH, GA",1,1.0,4.545454545454546,176.0
"BRYAN, TX → KAUFMAN, TX",2,2.0,4.545454545454545,165.0
"VIOLA, AR → SAINT JOSEPH, MO",13,4.923076923076923,4.538265074457484,360.84615384615387
"VIOLA, AR → LITCHFIELD, IL",1,2.0,4.529616724738676,287.0
"PLUMERVILLE, AR → STEPHENS, AR",1,2.0,4.526903225806452,155.0
"MANSFIELD, AR → DENISON, TX",1,6.0,4.522613065326633,199.0
"THOMASVILLE, AL → SOMERSET, KY",2,1.0,4.519774011299435,531.0
"FLORIEN, LA → MONROE, LA",3,1.3333333333333333,4.516129032258065,155.0
"MILLPORT, AL → SELMER, TN",3,3.3333333333333335,4.516129032258064,155.0
"NEW BOSTON, TX → JACKSONVILLE, TX",3,1.6666666666666667,4.513888888888889,144.0
"CORINTH, MS → CROSSVILLE, TN",1,1.0,4.512635379061372,277.0
"DIBOLL, TX → MOUNT PLEASANT, TX",2,3.5,4.509803921568627,153.0
"MONTICELLO, AR → SAGINAW, TX",1,6.0,4.5092838196286475,377.0
"MAGNOLIA, AR → DALLAS, TX",1,4.0,4.5085470085470085,234.0
"MERIDIAN, MS → LAGRANGE, GA",1,1.0,4.508196721311475,244.0
"MOUNDVILLE, AL → SELMER, TN",1,0.0,4.502369668246446,211.0
"MERIDIAN, MS → HARRISBURG, IL",1,9.0,4.502369668246446,422.0
"OLLA, LA → JACKSONVILLE, TX",8,4.875,4.501173708920187,213.0
"DIBOLL, TX → HUTCHINS, TX",1,2.0,4.49438202247191,178.0
"GURDON, AR → CATOOSA, OK",1,2.0,4.49438202247191,267.0
"BRYAN, TX → FORT WORTH, TX",10,3.0,4.492142881866325,170.0
"MERIDIAN, MS → WEST MONROE, LA",1,4.0,4.4907407407407405,216.0
"MILLPORT, AL → FLINTVILLE, TN",4,8.25,4.478609625668449,187.0
"DODSON, LA → SILSBEE, TX",30,8.433333333333334,4.478237847222221,192.0
"PARK FALLS, WI → BOYCEVILLE, WI",1,3.0,4.477611940298507,134.0
"DIERKS, AR → SCOTTSVILLE, TX",1,6.0,4.477611940298507,134.0
"BAY SPRINGS, MS → NORTHPORT, AL",6,1.8333333333333333,4.476351351351352,148.0
"MERIDIAN, MS → MOSCOW, TN",2,1.0,4.473684210526316,228.0
"OAKDALE, LA → LA PORTE, TX",1,4.0,4.473684210526316,190.0
"POLLOK, TX → HOUSTON, TX",1,1.0,4.471830985915493,142.0
"CORRIGAN, TX → ITASCA, TX",1,5.0,4.45945945945946,185.0
"VICKSBURG, MS → JACKSONVILLE, TX",2,8.0,4.4520547945205475,292.0
"MERIDIAN, MS → NASHVILLE, TN",1,2.0,4.451038575667655,337.0
"GURDON, AR → JACKSONVILLE, TX",3,3.3333333333333335,4.447077409162717,211.0
"DIBOLL, TX → DALLAS, TX",15,2.6666666666666665,4.447054041919789,177.53333333333333
"MERIDIAN, MS → LA PLACE, LA",1,4.0,4.444444444444445,225.0
"FAIRFIELD, IL → LEBANON, OH",2,1.0,4.442508710801394,287.0
"BIRMINGHAM, AL → COMMERCE, GA",12,6.083333333333333,4.438244047619048,224.0
"ROME, GA → TUSCUMBIA, AL",2,1.5,4.428571428571429,175.0
"VICKSBURG, MS → BULLARD, TX",2,7.0,4.421768707482993,294.0
"CAMDEN, AR → DENTON, TX",1,14.0,4.421768707482993,294.0
"PHILADELPHIA, MS → SELMER, TN",6,2.1666666666666665,4.420473773265652,197.0
"LOUISVILLE, AL → BIRMINGHAM, AL",1,2.0,4.419889502762431,181.0
"BRYAN, TX → DUBLIN, TX",1,3.0,4.419889502762431,181.0
"THOMASVILLE, AL → LINCOLN, AL",1,5.0,4.419889502762431,181.0
"DODSON, LA → JACKSONVILLE, TX",15,4.466666666666667,4.417460317460319,210.0
"LEESVILLE, LA → HENDERSON, TX",1,5.0,4.415584415584416,154.0
"ACKERMAN, MS → BIRMINGHAM, AL",14,1.5714285714285714,4.415028603507271,174.71428571428572
"DUDLEY, GA → TOWNVILLE, SC",1,9.0,4.413043478260869,230.0
"OAKDALE, LA → HOUSTON, TX",2,1.5,4.411764705882353,204.0
"DIERKS, AR → FREMONT, NE",1,17.0,4.407294832826747,658.0
"CORINTH, MS → FORT PAYNE, AL",2,5.0,4.405718085106383,188.0
"BIRMINGHAM, AL → SURGOINSVILLE, TN",16,5.0,4.397058823529411,340.0
"VIOLA, AR → LITTLE ROCK, AR",2,2.5,4.3939393939393945,165.0
"MOUNDVILLE, AL → ACWORTH, GA",6,9.5,4.392655367231639,236.0
"BIRMINGHAM, AL → MERIDIAN, MS",2,7.5,4.3905806451612905,155.0
"WAYNESBORO, MS → BIRMINGHAM, AL",7,2.142857142857143,4.386062717770035,205.0
"DODSON, LA → PORT NECHES, TX",4,5.5,4.380841121495327,214.0
"BRYAN, TX → LA PORTE, TX",1,6.0,4.37956204379562,137.0
"PINELAND, TX → PASADENA, TX",2,4.5,4.378698224852071,169.0
"PHILADELPHIA, MS → MONTGOMERY, AL",2,6.0,4.378172588832488,197.0
"PHILADELPHIA, MS → MEMPHIS, TN",4,5.0,4.377799552071669,188.5
"OLLA, LA → SILSBEE, TX",22,5.818181818181818,4.376195454545455,200.0
"DIBOLL, TX → ENNIS, TX",5,3.4,4.375,160.0
"PINELAND, TX → HOUSTON, TX",29,1.9310344827586208,4.373858986597771,156.41379310344828
"BIRMINGHAM, AL → SELMER, TN",1,1.0,4.371859296482412,199.0
"VIOLA, AR → BENTON, AR",1,5.0,4.371584699453552,183.0
"ALBERTVILLE, AL → KNOXVILLE, TN",1,5.0,4.368932038834951,206.0
"JOYCE, LA → JACKSONVILLE, TX",4,3.75,4.368279569892473,186.0
"WADLEY, GA → LAWRENCEVILLE, GA",6,2.0,4.367088607594936,158.0
"BRYAN, TX → VINTON, LA",3,1.6666666666666667,4.366812227074236,229.0
"NACOGDOCHES, TX → CROSBY, TX",1,1.0,4.3624161073825505,149.0
"BRYAN, TX → SCHULENBURG, TX",2,3.0,4.3604651162790695,86.0
"DECATUR, AL → RANBURNE, AL",1,2.0,4.3604651162790695,172.0
"MOUNDVILLE, AL → NASHVILLE, TN",1,1.0,4.359848484848484,264.0
"PINELAND, TX → CORSICANA, TX",4,2.5,4.350828729281768,181.0
"JOYCE, LA → PORT NECHES, TX",2,6.5,4.3504901960784315,204.0
"DALLAS, TX → BRYAN, TX",1,-4.0,4.3478260869565215,184.0
"BIRMINGHAM, AL → GREENVILLE, GA",1,4.0,4.3478260869565215,161.0
"MERIDIAN, MS → SELMER, TN",1,0.0,4.3478260869565215,207.0
"DODSON, LA → CATOOSA, OK",1,13.0,4.3478260869565215,460.0
"IDABEL, OK → DALLAS, TX",13,2.4615384615384617,4.344015683268156,180.30769230769232
"DIERKS, AR → BULLARD, TX",4,3.75,4.3359375,192.0
"BELK, AL → SELMER, TN",1,1.0,4.333333333333333,150.0
"FOREST, MS → BIRMINGHAM, AL",7,2.2857142857142856,4.3331514716439345,199.0
"VIOLA, AR → CATOOSA, OK",3,3.6666666666666665,4.331983805668016,247.0
"BRUCE, MS → CHICKAMAUGA, GA",1,6.0,4.326923076923077,312.0
"FULTON, MS → RANBURNE, AL",20,7.85,4.325934579439251,214.0
"CARTHAGE, AR → WINFIELD, KS",1,10.0,4.319654427645788,463.0
"BRUCE, MS → BIRMINGHAM, AL",21,2.3333333333333335,4.317285005916269,190.9047619047619
"BRYAN, TX → GRANDVIEW, TX",1,3.0,4.316546762589928,139.0
"WARREN, AR → MT PLEASANT, TX",2,7.0,4.314720812182741,197.0
"THORSBY, AL → MILTON, FL",2,2.5,4.314720812182741,197.0
"HATFIELD, AR → NEWTON, KS",1,13.0,4.30379746835443,395.0
"WALDO, AR → DESOTO, TX",1,2.0,4.30327868852459,244.0
"POLLOK, TX → DALLAS, TX",2,3.5,4.3019480519480515,159.5
"STRONG, AR → BUFFALO, TX",1,5.0,4.301075268817204,279.0
"FLORIEN, LA → JEWETT, TX",1,1.0,4.301075268817204,186.0
"VERONA, MO → DUPO, IL",1,4.0,4.296875,256.0
"DIERKS, AR → FT WORTH, TX",8,3.0,4.291626410061869,263.0
"BRUCE, MS → RINGGOLD, GA",2,3.5,4.29140127388535,314.0
"MOUNDVILLE, AL → FLINTVILLE, TN",4,5.0,4.28921568627451,204.0
"MONROEVILLE, AL → BIRMINGHAM, AL",4,3.0,4.288461538461538,195.0
"DEMOPOLIS, AL → MIDDLETON, TN",1,4.0,4.285714285714286,245.0
"BRYAN, TX → CENTER, TX",2,5.0,4.285714285714286,175.0
"BRYAN, TX → ALVIN, TX",3,3.3333333333333335,4.285714285714286,140.0
"OLLA, LA → SCOTTSVILLE, TX",2,10.0,4.281767955801105,181.0
"DIBOLL, TX → BROWNWOOD, TX",2,5.0,4.280821917808219,292.0
"CORINTH, MS → CHICKAMAUGA, GA",1,1.0,4.273504273504273,234.0
"ACKERMAN, MS → EAST POINT, GA",1,2.0,4.272151898734177,316.0
"VICKSBURG, MS → PINE BLUFF, AR",3,5.333333333333333,4.260299625468165,178.0
"CORINTH, MS → ACWORTH, GA",1,1.0,4.2592592592592595,270.0
"CAMDEN, TX → DUNCAN, OK",1,4.0,4.25531914893617,376.0
"FLORIEN, LA → BEAUMONT, TX",1,1.0,4.25531914893617,141.0
"MILLPORT, AL → FORT PAYNE, AL",2,4.0,4.254901960784314,204.0
"BIRMINGHAM, AL → BOWLING GREEN, KY",6,2.1666666666666665,4.2526771653543305,254.0
"MILLPORT, AL → SPRINGFIELD, MO",1,11.0,4.251012145748988,494.0
"FLORIEN, LA → FARMERSVILLE, TX",1,3.0,4.2471042471042475,259.0
"HOUSTON, TX → HUTTO, TX",5,3.4,4.246263473053892,167.0
"HOUSTON, TX → ROUND ROCK, TX",1,5.0,4.237288135593221,177.0
"ACKERMAN, MS → DULUTH, GA",2,16.5,4.235294117647059,340.0
"TAYLOR, LA → ATHENS, TX",1,1.0,4.232804232804233,189.0
"DIERKS, AR → GROVETON, TX",1,1.0,4.230769230769231,260.0
"IDABEL, OK → BROKEN ARROW, OK",4,5.0,4.224537037037037,216.0
"CORINTH, MS → DULUTH, GA",4,7.25,4.220963172804533,353.0
"NACOGDOCHES, TX → HOUSTON, TX",4,2.0,4.216919835465635,143.25
"WOODVILLE, MS → PASS CHRISTIAN, MS",1,1.0,4.213483146067416,178.0
"DERIDDER, LA → DALLAS, TX",1,3.0,4.212454212454213,273.0
"HOLDEN, LA → PORT NECHES, TX",10,4.4,4.212328767123287,219.0
"RUSSELLVILLE, AR → STEPHENS, AR",2,3.0,4.211956521739131,184.0
"PHILADELPHIA, MS → BIRMINGHAM, AL",19,2.3157894736842106,4.211431510178917,191.57894736842104
"BRYAN, TX → WYLIE (M), TX",12,4.166666666666667,4.2105263157894735,190.0
"BRYAN, TX → WYLIE (H), TX",12,3.5833333333333335,4.2105263157894735,190.0
"CORINTH, MS → MADISON, IN",1,3.0,4.209183673469388,392.0
"GLOSTER, MS → HENDERSON, TX",9,9.88888888888889,4.2082501663339995,334.0
"SALEM, KY → RENSSELAER, IN",1,4.0,4.20353982300885,339.0
"MILLPORT, AL → ATLANTA, GA",2,3.0,4.2,250.0
"BOGALUSA, LA → BUNKIE, LA",1,1.0,4.198863636363637,176.0
"FOREST, MS → PINE BLUFF, AR",1,11.0,4.198473282442748,262.0
"DIERKS, AR → OKLAHOMA CITY, OK",1,2.0,4.198473282442748,262.0
"BIRMINGHAM, AL → BRISTOL, TN",11,1.8181818181818181,4.1982155775259224,377.0
"DIERKS, AR → CORSICANA, TX",1,6.0,4.196078431372549,255.0
"VICKSBURG, MS → MOSCOW, TN",1,14.0,4.195804195804196,286.0
"MILLPORT, AL → LINCOLN, AL",1,1.0,4.193548387096774,155.0
"IDABEL, OK → SAGINAW, TX",1,3.0,4.191919191919192,198.0
"TAYLORSVILLE, MS → BATON ROUGE, LA",1,3.0,4.18848167539267,191.0
"DIERKS, AR → DALLAS, TX",25,4.84,4.1883841286656995,225.92
"DIBOLL, TX → LOTT, TX",1,5.0,4.186046511627907,172.0
"FLORIEN, LA → BRYAN, TX",10,1.8,4.184931506849315,219.0
"NACOGDOCHES, TX → HAMSHIRE, TX",3,1.0,4.183977011494253,145.0
"BIRMINGHAM, AL → HOLLY SPRINGS, MS",5,3.2,4.183015706806282,191.0
"POLLOK, TX → STEPHENVILLE, TX",1,3.0,4.180327868852459,244.0
"PHILADELPHIA, MS → HALEYVILLE, AL",12,6.0,4.177387914230019,171.0
"STRONG, AR → OKLAHOMA CITY, OK",1,1.0,4.176904176904177,407.0
"BRYAN, TX → CARTHAGE, TX",8,6.125,4.172120418848167,191.0
"GLOSTER, MS → CASTOR, LA",1,3.0,4.166666666666667,240.0
"GURDON, AR → TUNAS, MO",1,1.0,4.166666666666667,336.0
"HOUSTON, TX → KILGORE, TX",1,1.0,4.166666666666667,192.0
"VICKSBURG, MS → GROVETON, TX",1,5.0,4.166666666666667,336.0
"SCHILLER PARK, IL → ROCK ISLAND, IL",3,1.3333333333333333,4.166666666666667,178.0
"FORT WORTH, TX → KAUFMAN, TX",1,4.0,4.166666666666667,72.0
"OLLA, LA → GRAND PRAIRIE, TX",2,2.5,4.163853437628654,348.5
"VICKSBURG, MS → LA VERGNE, TN",1,3.0,4.158004158004158,481.0
"PINELAND, TX → BRYAN, TX",8,3.75,4.15514179013845,183.375
"MILLPORT, AL → ACWORTH, GA",7,4.857142857142857,4.15294742432289,269.0
"PINELAND, TX → MOUNT PLEASANT, TX",1,3.0,4.152046783625731,171.0
"SUMMERSVILLE, MO → CATOOSA, OK",1,6.0,4.151943462897527,283.0
"BAY SPRINGS, MS → BIRMINGHAM, AL",2,2.5,4.149181757553994,197.5
"GORDO, AL → GORDO, AL",1,-1.0,4.146341463414634,246.0
"DIBOLL, TX → IRVING, TX",6,3.1666666666666665,4.145408163265305,196.0
"BRYAN, TX → SAGINAW, TX",2,4.5,4.1450777202072535,193.0
"BRYAN, TX → IRVING, TX",12,3.5,4.133064516129031,186.0
"DIERKS, AR → JACKSONVILLE, TX",38,3.236842105263158,4.130011609907118,204.0
"GORDO, AL → MERIDIAN, MS",6,-2.1666666666666665,4.129887727448704,123.5
"ACKERMAN, MS → SCAMMON, KS",1,1.0,4.129263913824057,557.0
"IDABEL, OK → TULSA, OK",3,5.666666666666667,4.126602564102564,208.0
"VICKSBURG, MS → STEPHENS, AR",1,2.0,4.12621359223301,206.0
"OWENSBORO, KY → HICKMAN, KY",1,3.0,4.123711340206185,194.0
"BRYAN, TX → CARROLLTON, TX",29,2.4482758620689653,4.120051085568326,189.0
"PHILADELPHIA, MS → PRICHARD, AL",1,1.0,4.117647058823529,170.0
"BIRMINGHAM, AL → SPARTA, TN",13,6.076923076923077,4.116560295599597,229.0
"TALLADEGA, AL → TUSCUMBIA, AL",9,2.6666666666666665,4.11498708010336,172.0
"DIBOLL, TX → GRAND PRAIRIE, TX",3,4.333333333333333,4.112010185790152,198.66666666666666
"FLORIEN, LA → HOUSTON, TX",8,1.625,4.111596480052847,209.5
"TROY, AL → RANBURNE, AL",5,6.0,4.111111111111112,180.0
"COLUMBUS, MS → DECATUR, AL",1,2.0,4.109589041095891,146.0
"BIRMINGHAM, AL → TOCCOA, GA",16,7.1875,4.108739837398373,246.0
"BRYAN, TX → KERRVILLE, TX",1,6.0,4.106280193236715,207.0
"PINELAND, TX → AUSTIN, TX",4,4.75,4.104477611940299,268.0
"THOMASVILLE, AL → BIRMINGHAM, AL",1,1.0,4.104046242774566,173.0
"WARRENTON, GA → ACWORTH, GA",1,3.0,4.103448275862069,145.0
"PRESTON, GA → WELLFORD, SC",1,-2.0,4.100946372239748,317.0
"CAMDEN, TX → SEGUIN, TX",8,3.75,4.0994208494208495,259.0
"SPAVINAW, OK → OKLAHOMA CITY, OK",1,2.0,4.096045197740113,177.0
"NACOGDOCHES, TX → FORT WORTH, TX",1,1.0,4.091435643564356,202.0
"TROY, AL → ACWORTH, GA",1,1.0,4.089285714285714,224.0
"TAYLOR, LA → BONHAM, TX",4,6.25,4.088541666666667,240.0
"TROY, AL → BIRMINGHAM, AL",3,2.3333333333333335,4.087470449172577,141.0
"MERIDIAN, MS → RIPLEY, TN",1,4.0,4.081632653061225,294.0
"IDABEL, OK → IRVING, TX",1,5.0,4.081632653061225,196.0
"GURDON, AR → CENTER, TX",1,5.0,4.081632653061225,196.0
"ACKERMAN, MS → ACWORTH, GA",2,10.0,4.080118694362018,337.0
"THORSBY, AL → FROSTPROOF, FL",4,5.0,4.078483245149911,567.0
"DIBOLL, TX → AUSTIN, TX",8,4.125,4.076913619321704,228.75
"BIRMINGHAM, AL → KNOXVILLE, TN",25,4.4,4.0745,264.0
"EL DORADO, AR → GRAND PRAIRIE, TX",1,18.0,4.074074074074074,270.0
"POLLOK, TX → CARTER LAKE, IA",1,8.0,4.073587385019711,761.0
"PHILADELPHIA, MS → SPRINGFIELD, MO",3,5.0,4.0733197556008145,491.0
"BELK, AL → TOCCOA, GA",2,8.5,4.072948328267477,329.0
"MOUNDVILLE, AL → FORT PAYNE, AL",1,7.0,4.069767441860465,172.0
"MONROEVILLE, AL → SOUTH PITTSBURG, TN",1,5.0,4.069767441860465,344.0
"BAY SPRINGS, MS → EAST POINT, GA",3,3.3333333333333335,4.069767441860464,344.0
"DIERKS, AR → GRAND PRAIRIE, TX",3,8.666666666666666,4.067534186670449,237.66666666666666
"VICKSBURG, MS → OKLAHOMA CITY, OK",1,2.0,4.063604240282685,566.0
"LEWISVILLE, AR → DUNCAN, OK",2,6.0,4.063467492260062,323.0
"DECATUR, AL → AUBURN, KY",1,5.0,4.060913705583756,197.0
"TROY, AL → BLOUNTSVILLE, AL",1,1.0,4.060773480662983,181.0
"HENDERSON, TX → HEARNE, TX",1,4.0,4.060402684563758,149.0
"DIERKS, AR → SAN ANTONIO, TX",1,4.0,4.056795131845842,493.0
"ACKERMAN, MS → FORT PAYNE, AL",2,4.0,4.056603773584905,265.0
"DIERKS, AR → SAGINAW, TX",4,7.0,4.049625468164794,267.0
"HOLDEN, LA → SILSBEE, TX",3,3.3333333333333335,4.0476190476190474,231.0
"BRYAN, TX → SHERMAN, TX",1,4.0,4.0476190476190474,231.0
"HERMANVILLE, MS → POTTSVILLE, AR",3,5.333333333333333,4.046153846153846,325.0
"GURDON, AR → WHITESBORO, TX",1,0.0,4.045643153526971,241.0
"WAYNESBORO, MS → POTTSVILLE, AR",1,7.0,4.044943820224719,445.0
"BIRMINGHAM, AL → HARTSELLE, AL",3,3.3333333333333335,4.044117647058823,68.0
"OLLA, LA → QUINLAN, TX",1,1.0,4.042904290429043,303.0
"BRUCE, MS → CULLMAN, AL",8,4.125,4.041005291005291,189.0
"IDABEL, OK → CROWLEY, TX",5,3.6,4.039473684210526,228.0
"MOUNDVILLE, AL → LAGRANGE, GA",9,2.3333333333333335,4.033119658119658,208.0
"GURDON, AR → ALVARADO, TX",1,2.0,4.032258064516129,279.0
"TAYLOR, LA → HUTCHINS, TX",6,2.1666666666666665,4.0310245310245305,231.0
"DIERKS, AR → TULSA, OK",2,5.0,4.030612244897959,245.0
"BAY SPRINGS, MS → MACALESTER, OK",1,3.0,4.029304029304029,546.0
"JOYCE, LA → BONHAM, TX",2,5.5,4.026845637583893,298.0
"FLORIEN, LA → BRENHAM, TX",1,1.0,4.02542372881356,236.0
"DODSON, LA → FT WORTH, TX",1,0.0,4.024767801857585,323.0
"GURDON, AR → DALLAS, TX",19,2.6842105263157894,4.016173259653859,243.0
"EFFINGHAM, SC → WELLFORD, SC",2,5.5,4.0131578947368425,190.0
"DERIDDER, LA → AUSTIN, TX",2,7.5,4.012345679012346,324.0
"SILVER CREEK, MS → NORTHPORT, AL",1,1.0,4.009433962264151,212.0
"PHILADELPHIA, MS → MOSCOW, TN",1,15.0,4.009216589861751,217.0
"CHOPIN, LA → MT PLEASANT, TX",3,3.0,4.005493197278912,196.0
"MOUNDVILLE, AL → WALNUT, MS",1,5.0,4.00462962962963,216.0
"LOUISVILLE, AL → MC INTYRE, GA",2,5.0,4.004424778761062,226.0
"GORDO, AL → CHATTANOOGA, TN",2,4.0,4.004329004329005,231.0
"SWAINSBORO, GA → CLEVELAND, NC",1,3.0,4.0,300.0
"BRYAN, TX → WEATHERFORD, TX",9,4.888888888888889,3.9978716744913916,213.0
"BIRMINGHAM, AL → PANAMA CITY, FL",10,2.4,3.996478873239437,284.0
"FLORIEN, LA → MT PLEASANT, TX",20,3.75,3.9918032786885247,183.0
"MILLPORT, AL → SOMERSET, KY",3,4.0,3.9889415481832544,422.0
"ABBEVILLE, AL → FLINTVILLE, TN",8,4.625,3.9836448598130842,321.0
"WARRENTON, GA → RIDGEWAY, VA",7,4.571428571428571,3.980539584254754,323.0
"OLLA, LA → KENNARD, TX",1,8.0,3.9800995024875623,201.0
"PLUMERVILLE, AR → WICHITA, KS",1,1.0,3.9800995024875623,402.0
"SILVER CREEK, MS → HUTCHINS, TX",2,3.5,3.978494623655914,465.0
"COUSHATTA, LA → WACO, TX",1,2.0,3.9762845849802373,253.0
"NACOGDOCHES, TX → TAYLOR, TX",1,1.0,3.9743589743589745,195.0
"VIOLA, AR → OKLAHOMA CITY, OK",2,4.0,3.9726027397260273,365.0
"FLORIEN, LA → DUNCAN, OK",2,3.0,3.97196261682243,428.0
"OAKDALE, LA → FERNWOOD, MS",1,0.0,3.97196261682243,214.0
"POCAHONTAS, AR → PORTLAND, IN",1,5.0,3.9714285714285715,525.0
"OLLA, LA → AUSTIN, TX",1,3.0,3.9713541666666665,384.0
"IDABEL, OK → CORSICANA, TX",1,6.0,3.971291866028708,209.0
"TAYLOR, LA → ENNIS, TX",3,2.0,3.9699570815450644,233.0
"IDABEL, OK → HUTCHINS, TX",2,5.0,3.9682539682539684,189.0
"OLLA, LA → LOTT, TX",1,1.0,3.967065868263473,334.0
"TAYLOR, LA → SEGUIN, TX",2,3.5,3.966346153846154,416.0
"OAKDALE, LA → WILMAR, AR",1,2.0,3.9647577092511015,227.0
"MERIDIAN, MS → ALVARADO, TX",1,3.0,3.9622641509433962,530.0
"DIBOLL, TX → FT WORTH, TX",4,2.5,3.961267605633803,213.0
"PRESTON, GA → TOCCOA, GA",1,7.0,3.9591836734693877,245.0
"TAYLORSVILLE, MS → HALLS, TN",5,2.6,3.9570149253731346,335.0
"ELORA, TN → BIRMINGHAM, AL",1,1.0,3.9568345323741005,139.0
"FLORIEN, LA → LA PORTE, TX",10,3.7,3.9545454545454546,209.0
"DIBOLL, TX → FORT WORTH, TX",2,3.5,3.953488372093023,215.0
"OLLA, LA → DENTON, TX",3,2.6666666666666665,3.953279424977538,371.0
"POLLOK, TX → FORT WORTH, TX",1,4.0,3.9473684210526314,190.0
"IDABEL, OK → ENNIS, TX",4,2.25,3.945852534562212,217.0
"SILVER CREEK, MS → FT WORTH, TX",2,2.5,3.9447731755424065,507.0
"PLUMERVILLE, AR → GUTHRIE, OK",1,1.0,3.94375,320.0
"BIRMINGHAM, AL → SHEPHERDSVILLE, KY",2,4.0,3.9417613636363638,352.0
"BRUCE, MS → ACWORTH, GA",5,10.6,3.9387186629526463,359.0
"IDABEL, OK → GUTHRIE, OK",1,15.0,3.937007874015748,254.0
"CORINTH, MS → MC INTYRE, GA",2,1.0,3.9325842696629216,445.0
"COLUMBUS, MS → MEMPHIS, TN",1,3.0,3.932584269662921,178.0
"CORINTH, MS → CHATTANOOGA, TN",1,3.0,3.930131004366812,229.0
"CORINTH, MS → NASHVILLE, TN",8,6.0,3.929521276595744,188.0
"BELK, AL → EAST POINT, GA",1,5.0,3.9285714285714284,238.0
"FLORIEN, LA → GRAND PRAIRIE, TX",1,1.0,3.9285714285714284,280.0
"OLLA, LA → BRYAN, TX",7,7.142857142857143,3.9285714285714284,300.0
"BAY SPRINGS, MS → SOMERSET, KY",1,3.0,3.9285714285714284,560.0
"DIERKS, AR → ALVARADO, TX",1,1.0,3.9272030651340994,261.0
"DEQUINCY, LA → HENDERSON, TX",1,5.0,3.923076923076923,195.0
"ACKERMAN, MS → WHITEVILLE, TN",1,1.0,3.923076923076923,195.0
"BAXLEY, GA → EAST POINT, GA",1,1.0,3.9215686274509802,204.0
"DIERKS, AR → WHITESBORO, TX",1,3.0,3.9215686274509802,204.0
"SALEM, AR → SAINT JOSEPH, MO",1,13.0,3.918918918918919,370.0
"TAYLOR, LA → DALLAS, TX",51,2.9215686274509802,3.9184245704314913,223.6078431372549
"PINELAND, TX → ENNIS, TX",8,1.625,3.917910447761194,201.0
"PINELAND, TX → LA PORTE, TX",1,0.0,3.9156626506024095,166.0
"FOREST, MS → HALEYVILLE, AL",9,6.111111111111111,3.9131782945736435,215.0
"MOUNDVILLE, AL → CHICKAMAUGA, GA",1,5.0,3.9130434782608696,230.0
"WINNFIELD, LA → PORT ALLEN, LA",1,1.0,3.911764705882353,170.0
"VICKSBURG, MS → ABERDEEN, MS",1,1.0,3.9069767441860463,215.0
"TAYLOR, LA → GROVETON, TX",2,1.0,3.9046391752577323,194.0
"GURDON, AR → CONROE, TX",1,6.0,3.903903903903904,333.0
"TAYLOR, LA → BRYAN, TX",14,3.5714285714285716,3.903855079938112,277.0
"COUSHATTA, LA → ENNIS, TX",1,3.0,3.9029535864978904,237.0
"OLLA, LA → HENDERSON, TX",22,10.363636363636363,3.9021915584415585,224.0
"CHAPMAN, AL → ATHENS, GA",1,1.0,3.8945578231292517,294.0
"PHILADELPHIA, MS → FORT PAYNE, AL",1,2.0,3.8869257950530036,283.0
"OLLA, LA → MOUNT PLEASANT, TX",4,9.0,3.885135135135135,259.0
"CADDO MILLS, TX → LOTT, TX",3,4.666666666666667,3.8833333333333333,180.0
"GLOSTER, MS → DALLAS, TX",16,2.625,3.8815331608147585,352.875
"BRYAN, TX → LEWISVILLE, TX",8,3.5,3.879830917874396,207.0
"ACKERMAN, MS → CHATTANOOGA, TN",2,7.5,3.8793103448275863,319.0
"ACKERMAN, MS → PORT NECHES, TX",1,7.0,3.8793103448275863,464.0
"BIRMINGHAM, AL → PIEDMONT, SC",2,3.0,3.8763066202090597,287.0
"RISON, AR → PARK CITY, KS",1,9.0,3.875968992248062,516.0
"WAYNESBORO, MS → FLORIEN, LA",1,1.0,3.874984709480122,327.0
"TALLADEGA, AL → MOSCOW, TN",1,4.0,3.874538745387454,271.0
"MOUNDVILLE, AL → SOMERSET, KY",3,4.666666666666667,3.87243735763098,439.0
"VICKSBURG, MS → SELMER, TN",1,2.0,3.870967741935484,310.0
"PHILADELPHIA, MS → ATLANTA, GA",1,1.0,3.869969040247678,323.0
"TAYLOR, LA → SILSBEE, TX",23,4.608695652173913,3.868792270531401,225.0
"STRONG, AR → BRENHAM, TX",1,4.0,3.8666666666666667,375.0
"FULTON, AL → CROSSVILLE, TN",1,1.0,3.865336658354115,401.0
"ZWOLLE, LA → BRYAN, TX",1,8.0,3.864734299516908,207.0
"DIBOLL, TX → CROWLEY, TX",1,3.0,3.8636363636363638,220.0
"ALBERTVILLE, AL → MC INTYRE, GA",1,4.0,3.8636363636363638,264.0
"BRUCE, MS → JEWETT, TX",1,3.0,3.860294117647059,544.0
"POLLOK, TX → SEGUIN, TX",5,1.0,3.85803137254902,255.0
"MOUNDVILLE, AL → CROSSVILLE, TN",1,6.0,3.8580246913580245,324.0
"BRYAN, TX → BOWIE, TX",12,3.5,3.853734439834025,241.0
"CORINTH, MS → DALLAS, TX",1,1.0,3.8530465949820787,558.0
"FULTON, MS → BLYTHEVILLE, AR",7,5.285714285714286,3.8519345238095246,192.0
"MILLPORT, AL → EAST POINT, GA",2,2.0,3.849809885931559,263.0
"TAYLOR, LA → CROWLEY, TX",2,1.0,3.8461538461538463,273.0
"LIVINGSTON, TX → ALTO, TX",1,5.0,3.8461538461538463,78.0
"BUCKS, AL → DULUTH, GA",1,7.0,3.8461538461538463,351.0
"MILLPORT, AL → FAYETTEVILLE, TN",1,6.0,3.8461538461538463,182.0
"MILLPORT, AL → PULASKI, TN",1,3.0,3.84180790960452,177.0
"GURDON, AR → LA PORTE, TX",7,3.5714285714285716,3.841698841698842,370.0
"TAYLOR, LA → DENTON, TX",2,3.0,3.841328413284133,271.0
"MAGNOLIA, MS → PORT NECHES, TX",20,8.65,3.8406593406593403,273.0
"ACKERMAN, MS → TULSA, OK",1,4.0,3.8392857142857144,560.0
"BIRMINGHAM, AL → VERO BEACH, FL",2,2.5,3.837719298245614,684.0
"PHILADELPHIA, MS → TUSCUMBIA, AL",6,3.0,3.8372093023255816,215.0
"TAYLOR, LA → STRAFFORD, MO",1,6.0,3.8369304556354917,417.0
"HOUSTON, TX → WAXAHACHIE, TX",4,4.5,3.833333333333333,225.0
"VICKSBURG, MS → MONTGOMERY, AL",1,1.0,3.832752613240418,287.0
"JOYCE, LA → BRYAN, TX",1,6.0,3.832116788321168,274.0
"CORINTH, MS → BIRMINGHAM, AL",7,2.5714285714285716,3.8310959065707206,174.71428571428572
"FULTON, MS → SCAMMON, KS",2,9.5,3.831041257367387,509.0
"TALLADEGA, AL → CANTONMENT, FL",1,1.0,3.828828828828829,222.0
"PHILADELPHIA, MS → EATONTON, GA",1,8.0,3.827751196172249,418.0
"NAVASOTA, TX → SNYDER, TX",1,2.0,3.825857519788918,379.0
"SUMMERSVILLE, MO → MONROE, LA",1,2.0,3.8257575757575757,396.0
"CORINTH, MS → SAINT ROSE, IL",8,5.25,3.8233024691358026,324.0
"BRYAN, TX → GRAND PRAIRIE, TX",22,3.227272727272727,3.823179438362685,191.0
"FOREST, MS → DENTON, TX",2,1.5,3.822314049586777,484.0
"DODSON, LA → LA PORTE, TX",1,2.0,3.8194444444444446,288.0
"BRYAN, TX → BALLINGER, TX",17,5.823529411764706,3.8188212316176475,256.0
"CARTHAGE, AR → HOUSTON, TX",7,13.285714285714286,3.817632950990615,411.0
"TAYLOR, LA → SAGINAW, TX",8,5.5,3.8163919413919416,273.0
"ROME, GA → SELMER, TN",2,2.0,3.816326530612245,245.0
"SALEM, MO → LITCHFIELD, IL",1,1.0,3.8157894736842106,190.0
"MILLPORT, AL → RANBURNE, AL",25,7.0,3.8138536585365856,205.0
"DIERKS, AR → IRVING, TX",2,5.5,3.813559322033899,236.0
"FLORIEN, LA → DALLAS, TX",4,1.5,3.8115530303030307,264.0
"NEW BOSTON, TX → SAGINAW, TX",1,9.0,3.8071065989847717,197.0
"NACOGDOCHES, TX → LUBBOCK, TX",5,2.4,3.8049999999999997,520.0
"TAYLOR, LA → LOTT, TX",2,3.0,3.8006756756756754,296.0
"VANCE, AL → WEBB, AL",2,4.0,3.7995594713656384,227.0
"CARTHAGE, AR → DENTON, TX",2,5.0,3.7993920972644375,329.0
"PHILADELPHIA, MS → FLINTVILLE, TN",3,7.0,3.79746835443038,316.0
"CORINTH, MS → RANBURNE, AL",5,9.2,3.796992481203008,266.0
"PLUMERVILLE, AR → OKLAHOMA CITY, OK",3,3.3333333333333335,3.796803652968037,292.0
"TAYLORSVILLE, MS → IUKA, MS",2,3.0,3.7962962962962963,270.0
"OLLA, LA → HEARNE, TX",3,7.666666666666667,3.7953795379537953,303.0
"GURDON, AR → IRVING, TX",8,2.25,3.795098039215686,255.0
"OLLA, LA → SPRINGFIELD, MO",2,4.0,3.794642857142857,448.0
"KINARDS, SC → SOMERSET, KY",1,3.0,3.794642857142857,336.0
"MILLPORT, AL → TOWNVILLE, SC",2,9.5,3.794037940379404,369.0
"BIRMINGHAM, AL → MONROE, NC",2,6.0,3.7914691943127963,422.0
"ACKERMAN, MS → TOCCOA, GA",2,7.5,3.7897310513447433,409.0
"MAGNOLIA, MS → SELMER, TN",1,3.0,3.7896253602305476,347.0
"TAYLOR, LA → GRAND PRAIRIE, TX",4,5.0,3.7895866095626864,245.75
"TAYLOR, LA → FT. SMITH, AR",2,7.5,3.787878787878788,330.0
"MERIDIAN, MS → CROSSVILLE, TN",1,5.0,3.787878787878788,396.0
"BIRMINGHAM, AL → AUBURN, KY",1,3.0,3.785425101214575,247.0
"PLUMERVILLE, AR → KILGORE, TX",1,2.0,3.785211267605634,284.0
"OLLA, LA → HUTCHINS, TX",2,5.0,3.783987915407855,331.0
"PLUMERVILLE, AR → MEMPHIS, TN",1,1.0,3.7837837837837838,185.0
"VIOLA, AR → SULPHUR SPRINGS, TX",1,3.0,3.7783375314861463,397.0
"DERIDDER, LA → BRYAN, TX",1,1.0,3.7777777777777777,225.0
"LUBBOCK, TX → BRYAN, TX",1,2.0,3.7733644859813085,428.0
"PLUMERVILLE, AR → FT WORTH, TX",1,1.0,3.772378516624041,391.0
"GLOSTER, MS → TOCCOA, GA",1,7.0,3.7713310580204777,586.0
"PINELAND, TX → HUTTO, TX",3,5.666666666666667,3.76984126984127,252.0
"BIRMINGHAM, AL → SALISBURY, NC",7,6.142857142857143,3.7698412698412693,432.0
"MONTICELLO, AR → HUTCHINS, TX",1,6.0,3.7648809523809526,336.0
"MERIDIAN, MS → JACKSON, TN",6,2.3333333333333335,3.7644787644787647,259.0
"EL DORADO, AR → IRVING, TX",1,2.0,3.7632508833922262,283.0
"CARTHAGE, AR → MEMPHIS, TN",1,1.0,3.762135922330097,206.0
"COTTONTON, AL → BIRMINGHAM, AL",5,1.8,3.761674418604651,172.0
"BRUCE, MS → ARCOLA, IL",1,3.0,3.757828810020877,479.0
"ALAPAHA, GA → SARASOTA, FL",1,1.0,3.7576687116564416,326.0
"SUMMERTOWN, TN → CEDAR SPRINGS, GA",4,5.0,3.756476683937824,386.0
"THOMASVILLE, AL → MORRISTOWN, TN",1,4.0,3.7556053811659194,446.0
"ATOKA, OK → MIDLAND, TX",1,2.0,3.7556053811659194,446.0
"ACKERMAN, MS → WEST MONROE, LA",2,2.5,3.755364806866953,233.0
"PHILADELPHIA, MS → RANBURNE, AL",21,4.904761904761905,3.753490921548475,278.0
"WARREN, AR → JACKSONVILLE, TX",3,3.6666666666666665,3.7516600265604247,251.0
"BUCKS, AL → ACWORTH, GA",3,4.666666666666667,3.7511870845204176,351.0
"VICKSBURG, MS → BIRMINGHAM, AL",18,1.4444444444444444,3.7510134099616863,290.0
"BIRMINGHAM, AL → MOSCOW, TN",4,5.5,3.75,220.0
"OLLA, LA → TUNAS, MO",1,10.0,3.75,480.0
"BRUCE, MS → SHEPHERDSVILLE, KY",1,2.0,3.747072599531616,427.0
"CARRSVILLE, KY → VINCENT, AL",1,1.0,3.7463976945244957,347.0
"BRUCE, MS → RANBURNE, AL",14,5.357142857142857,3.7462006079027352,282.0
"MERIDIAN, MS → HUTCHINS, TX",1,1.0,3.7449392712550607,494.0
"MANSFIELD, AR → PINE BLUFF, AR",3,4.0,3.7448205128205125,195.0
"DODSON, LA → SAGINAW, TX",1,4.0,3.7425149700598803,334.0
"MADISON, GA → ANNISTON, AL",1,1.0,3.742138364779874,159.0
"OLLA, LA → GENTRY, AR",1,8.0,3.741496598639456,441.0
"OLA, AR → MIDDLETON, TN",1,14.0,3.7413793103448274,290.0
"GURDON, AR → MOSCOW, TN",3,1.3333333333333333,3.7408759124087587,274.0
"FLORIEN, LA → PARIS, TX",1,1.0,3.7393162393162394,234.0
"ABBEVILLE, AL → BIRMINGHAM, AL",2,0.5,3.7373737373737375,198.0
"COUSHATTA, LA → SILSBEE, TX",1,6.0,3.735632183908046,174.0
"FLORIEN, LA → PORT ALLEN, LA",4,3.0,3.7351224132081873,253.25
"WAYNESBORO, MS → FLINTVILLE, TN",1,1.0,3.7347560975609757,328.0
"GLOSTER, MS → FORT WORTH, TX",3,2.3333333333333335,3.734439834024896,482.0
"LOUISVILLE, AL → ABINGDON, VA",1,1.0,3.732809430255403,509.0
"BRYAN, TX → SNYDER, TX",14,4.214285714285714,3.732427360774818,354.0
"GLENWOOD, AR → DALLAS, TX",1,3.0,3.7313432835820897,268.0
"WOOD DALE, IL → OTTAWA LAKE, MI",1,1.0,3.7313432835820897,268.0
"MANSFIELD, AR → PARK CITY, KS",1,6.0,3.7280701754385963,342.0
"PINELAND, TX → KATY, TX",1,1.0,3.723404255319149,188.0
"VICKSBURG, MS → BONHAM, TX",2,5.5,3.723404255319149,376.0
"BRYAN, TX → CAROLLTON, TX",10,2.8,3.7222222222222223,189.0
"BIRMINGHAM, AL → OLIVE BRANCH, MS",3,2.6666666666666665,3.721461187214612,219.0
"OLLA, LA → MCPHERSON, KS",1,11.0,3.71900826446281,726.0
"VICKSBURG, MS → DALLAS, TX",12,4.333333333333333,3.7189563774255383,369.0833333333333
"BREWTON, AL → FLINTVILLE, TN",1,4.0,3.7151702786377707,323.0
"OLLA, LA → SAGINAW, TX",3,5.666666666666667,3.714912280701754,380.0
"TAYLOR, LA → PORT NECHES, TX",8,6.25,3.7135214007782107,257.0
"BIRMINGHAM, AL → FITZGERALD, GA",3,5.0,3.7125748502994007,334.0
"MILLPORT, AL → BOWLING GREEN, KY",2,1.5,3.7096774193548385,310.0
"ABERDEEN, MS → TOCCOA, GA",1,1.0,3.708791208791209,364.0
"COUSHATTA, LA → DENISON, TX",1,8.0,3.7072243346007605,263.0
"DODSON, LA → FORT WORTH, TX",1,6.0,3.7066246056782335,317.0
"BIRMINGHAM, AL → MEMPHIS, TN",64,3.328125,3.705892982583678,237.6875
"ZWOLLE, LA → BELLVILLE, TX",1,3.0,3.7037037037037037,243.0
"VIOLA, AR → MONROE, LA",1,1.0,3.7037037037037037,324.0
"MOUNDVILLE, AL → RIPLEY, TN",1,7.0,3.7037037037037037,297.0
"MAGNOLIA, MS → GROVETON, TX",1,1.0,3.7037037037037037,378.0
"TAYLOR, LA → FT WORTH, TX",36,3.111111111111111,3.702096090437843,263.6388888888889
"COUSHATTA, LA → BRYAN, TX",9,2.6666666666666665,3.698210922787194,236.0
"RUSSELLVILLE, AR → PARK CITY, KS",6,6.5,3.6975954861111116,384.0
"WARREN, AR → BLOOMFIELD, IA",1,18.0,3.697478991596639,595.0
"THOMASVILLE, AL → EAST POINT, GA",6,2.6666666666666665,3.697383390216155,293.0
"GURDON, AR → GRAND PRAIRIE, TX",2,1.0,3.696498054474708,257.0
"OLLA, LA → PORTER, OK",1,5.0,3.6956521739130435,460.0
"EL DORADO, AR → DALLAS, TX",2,1.5,3.695255474452555,274.0
"MILLPORT, AL → MOSCOW, TN",1,6.0,3.6931818181818183,176.0
"BRYAN, TX → SKIDMORE, TX",2,5.0,3.6915887850467293,214.0
"DODSON, LA → BRYAN, TX",8,9.125,3.6897321428571432,280.0
"MOUNDVILLE, AL → AUBURN, KY",11,3.8181818181818183,3.688756726139903,321.0
"GLOSTER, MS → JACKSONVILLE, TX",2,4.5,3.6875,320.0
"MARSHALL, TX → FERRIDAY, LA",3,1.0,3.687315634218289,226.0
"GORDO, AL → AUBURN, KY",4,5.5,3.6849710982658963,346.0
"BRYAN, TX → EASTLAND, TX",1,14.0,3.6830357142857144,224.0
"MAGNOLIA, MS → MOSCOW, TN",1,3.0,3.6809815950920246,326.0
"HERMANVILLE, MS → SILSBEE, TX",6,5.333333333333333,3.6799768518518516,288.0
"BIRMINGHAM, AL → GRENADA, MS",1,8.0,3.6796536796536796,231.0
"PHILADELPHIA, MS → CARROLLTON, GA",1,2.0,3.678929765886288,299.0
"CARRSVILLE, KY → RENSSELAER, IN",1,7.0,3.678474114441417,367.0
"WALDO, AR → BURLESON, TX",1,1.0,3.676470588235294,272.0
"ENNIS, TX → LUBBOCK, TX",2,5.0,3.676470588235294,391.0
"FLORIEN, LA → ELMENDORF, TX",1,1.0,3.676470588235294,408.0
"BRYAN, TX → ROBSTOWN, TX",1,14.0,3.676470588235294,238.0
"MOYIE SPRINGS, ID → KUNA, ID",2,4.0,3.675925925925926,540.0
"TAYLOR, LA → AUSTIN, TX",6,5.333333333333333,3.6744505494505493,364.0
"WAYNESBORO, MS → EAST POINT, GA",1,1.0,3.674351585014409,347.0
"NEW BOSTON, TX → FORT WORTH, TX",1,4.0,3.673469387755102,196.0
"TALLADEGA, AL → NASHVILLE, TN",11,3.090909090909091,3.6727888446215142,251.0
"CAMDEN, TX → DALLAS, TX",1,4.0,3.669724770642202,218.0
"TAYLOR, LA → IRVING, TX",8,1.375,3.669605809128631,241.0
"FOREST, MS → ARMOREL, AR",1,1.0,3.6690647482014387,278.0
"CAMDEN, TX → WICHITA FALLS, TX",1,1.0,3.6684782608695654,368.0
"ALBERTVILLE, AL → HARRISBURG, IL",2,4.5,3.666666666666667,360.0
"WARM SPRINGS, AR → NORTH BIRMINGHAM, AL",1,1.0,3.6666666666666665,360.0
"GLOSTER, MS → AUSTIN, TX",1,2.0,3.6659877800407332,491.0
"PHILADELPHIA, MS → ARMOREL, AR",2,2.0,3.6654135338345863,266.0
"GURDON, AR → FT WORTH, TX",11,2.0,3.663862827563895,281.0
"VANCE, AL → SELMER, TN",1,4.0,3.663793103448276,232.0
"MOUNDVILLE, AL → BULLARD, TX",1,4.0,3.6633663366336635,505.0
"OAKDALE, LA → SHERMAN, TX",2,3.0,3.6616161616161618,396.0
"BRYAN, TX → SWEETWATER, TX",4,3.75,3.661111111111111,315.0
"HENDERSON, TX → FT WORTH, TX",1,7.0,3.659217877094972,179.0
"CHOPIN, LA → BRYAN, TX",55,4.545454545454546,3.6588316626339474,263.0
"GLOSTER, MS → SAGINAW, TX",5,2.2,3.6570247933884303,484.0
"MILLPORT, AL → TRENTON, TN",1,1.0,3.65296803652968,219.0
"GLOSTER, MS → SPRINGFIELD, MO",2,6.5,3.652751423149905,527.0
"HOLDEN, LA → SPRINGFIELD, MO",2,2.5,3.6517719568567024,649.0
"NACOGDOCHES, TX → SEGUIN, TX",2,3.0,3.651018099547511,272.5
"MERIDIAN, MS → MORRISTOWN, TN",1,3.0,3.650442477876106,452.0
"GURDON, AR → RIPLEY, TN",1,6.0,3.6496350364963503,274.0
"FLORIEN, LA → SHERMAN, TX",1,0.0,3.6490683229813663,322.0
"BIRMINGHAM, AL → LOUISVILLE, KY",3,2.3333333333333335,3.6482504604051567,362.0
"DIERKS, AR → WINFIELD, KS",1,5.0,3.6461126005361932,373.0
"JOYCE, LA → DALLAS, TX",1,5.0,3.6458333333333335,288.0
"MOUNDVILLE, AL → WHITEVILLE, TN",2,1.5,3.6458333333333335,240.0
"PINELAND, TX → SEGUIN, TX",3,5.0,3.6458333333333335,320.0
"FOREST, MS → AUBURN, KY",2,4.0,3.644646924829157,439.0
"ACKERMAN, MS → AUBURN, KY",7,5.428571428571429,3.6443932411674345,372.0
"GLOSTER, MS → NORTHPORT, AL",2,1.0,3.6440677966101696,295.0
"ACKERMAN, MS → STEPHENS, AR",8,3.0,3.643867924528302,265.0
"MERIDIAN, MS → GROESBECK, TX",1,8.0,3.641732283464567,508.0
"POCAHONTAS, AR → MONROE, LA",2,3.0,3.640776699029126,309.0
"LEWISVILLE, AR → SAGINAW, TX",1,1.0,3.6381322957198443,257.0
"DODSON, LA → SHERMAN, TX",1,7.0,3.637770897832817,323.0
"BRUCE, MS → HUTCHINS, TX",1,7.0,3.6363636363636362,550.0
"NACOGDOCHES, TX → PORT ALLEN, LA",1,1.0,3.6363636363636362,330.0
"BRYAN, TX → PARIS, TX",2,2.5,3.6341463414634143,246.0
"WARM SPRINGS, AR → HEWITT, TX",1,11.0,3.633217993079585,578.0
"TAHLEQUAH, OK → LUBBOCK, TX",5,1.8,3.633136094674556,507.0
"NEW BOSTON, TX → CONROE, TX",1,5.0,3.6329588014981273,267.0
"BAY SPRINGS, MS → MEMPHIS, TN",1,6.0,3.6324786324786325,234.0
"VIOLA, AR → FULTON, MS",2,9.0,3.6324041811846692,287.0
"TALLADEGA, AL → LEBANON, TN",1,1.0,3.629032258064516,248.0
"BRYAN, TX → JUSTIN, TX",8,2.625,3.6280487804878048,205.0
"WARRENTON, GA → MEDLEY, FL",1,5.0,3.6277602523659307,634.0
"OLLA, LA → LA PORTE, TX",4,3.25,3.6272727272727274,275.0
"GURDON, AR → CROWLEY, TX",3,3.0,3.625730994152047,285.0
"STEELVILLE, MO → GLENPOOL, OK",1,3.0,3.6253776435045317,331.0
"PHILADELPHIA, MS → MT PLEASANT, TX",1,14.0,3.625,400.0
"MILLPORT, AL → POLLARD, AR",1,3.0,3.622950819672131,305.0
"FOREST, MS → RANBURNE, AL",3,7.333333333333333,3.622222222222222,300.0
"GURDON, AR → GRAHAM, TX",1,1.0,3.6211699164345403,359.0
"TAYLOR, LA → SHERMAN, TX",4,5.75,3.619888475836431,269.0
"DODSON, LA → TULSA, OK",5,9.4,3.6191536748329627,449.0
"DIERKS, AR → HUTCHINS, TX",1,3.0,3.6184210526315788,228.0
"CAMDEN, TX → FT WORTH, TX",2,2.0,3.617886178861789,246.0
"MOUNDVILLE, AL → TUSCUMBIA, AL",1,14.0,3.617021276595745,141.0
"BRYAN, TX → SILSBEE, TX",11,3.5454545454545454,3.615253641386238,181.0
"CORINTH, MS → SHEPHERDSVILLE, KY",1,4.0,3.6144578313253013,332.0
"CORINTH, MS → JACKSONVILLE, TX",1,2.0,3.612167300380228,526.0
"DIBOLL, TX → SAGINAW, TX",2,2.5,3.611111111111111,225.0
"BIRMINGHAM, AL → BONNE TERRE, MO",1,1.0,3.6077235772357725,492.0
"GURDON, AR → CASSVILLE, MO",2,6.0,3.6062538699690405,323.0
"PINELAND, TX → SAGINAW, TX",4,2.0,3.6037454545454546,275.0
"VICKSBURG, MS → NORTHPORT, AL",1,3.0,3.6016949152542375,236.0
"PHILADELPHIA, MS → JACKSONVILLE, TX",30,3.066666666666667,3.6004520884520885,407.0
"LEWISVILLE, AR → EXETER, MO",1,7.0,3.6,375.0
"WILKESBORO, NC → HARTWELL, GA",3,3.3333333333333335,3.599374021909233,213.0
"PLUMERVILLE, AR → DENTON, TX",1,8.0,3.5989717223650386,389.0
"MERIDIAN, MS → MEMPHIS, TN",1,3.0,3.5970464135021096,237.0
"DODSON, LA → DALLAS, TX",5,1.4,3.5960394746734514,282.8
"HERMANVILLE, MS → BIRMINGHAM, AL",1,2.0,3.595890410958904,292.0
"HOUSTON, TX → LONGVIEW, TX",4,1.25,3.5945595854922283,193.0
"TAYLOR, LA → CONROE, TX",5,1.2,3.5930232558139537,258.0
"MERIDIAN, MS → JACKSONVILLE, FL",1,0.0,3.591160220994475,543.0
"TAYLOR, LA → HOUSTON, TX",45,3.933333333333333,3.590905051038468,281.1777777777778
"FULTON, MS → DENISON, TX",1,9.0,3.5906642728904847,557.0
"WARREN, AR → FLORENCE, TX",1,8.0,3.5902004454342986,449.0
"PINELAND, TX → DALLAS, TX",28,2.392857142857143,3.5881464215871937,226.53571428571428
"FORDYCE, AR → BROWNWOOD, TX",1,6.0,3.5869565217391304,460.0
"VICKSBURG, MS → FT WORTH, TX",4,4.25,3.586185754762501,408.75
"POCAHONTAS, AR → GREELEY, CO",1,2.0,3.5860655737704916,976.0
"TALLADEGA, AL → SELMER, TN",1,0.0,3.585657370517928,251.0
"CAMDEN, TX → SAGINAW, TX",2,4.5,3.5852713178294575,258.0
"DIERKS, AR → ENNIS, TX",2,5.0,3.5852713178294575,258.0
"HATFIELD, AR → ENNIS, TX",1,6.0,3.5849056603773586,265.0
"DEQUINCY, LA → ENNIS, TX",1,3.0,3.5842293906810037,279.0
"MILLPORT, AL → DENTON, TX",2,10.5,3.5829307568438002,621.0
"CHAPMAN, AL → FROSTPROOF, FL",3,1.6666666666666667,3.5807291666666665,512.0
"TAYLORSVILLE, MS → SAGINAW, TX",2,5.5,3.5785288270377733,503.0
"MILLPORT, AL → ROCKVILLE, IN",2,3.0,3.5781544256120528,531.0
"THORSBY, AL → SELLERSBURG, IN",1,1.0,3.5714285714285716,420.0
"CORINTH, MS → CENTREVILLE, AL",1,3.0,3.5714285714285716,210.0
"IDABEL, OK → WICHITA, KS",4,10.25,3.571428571428571,378.0
"POCAHONTAS, AR → CATOOSA, OK",2,5.0,3.571428571428571,350.0
"MONROEVILLE, AL → MC INTYRE, GA",13,11.23076923076923,3.568607068607068,370.0
"GLOSTER, MS → BIRMINGHAM, AL",17,2.0,3.568149717514124,354.0
"NACOGDOCHES, TX → SCHULENBURG, TX",2,3.0,3.5638297872340425,235.0
"TAYLORSVILLE, MS → KAUFMAN, TX",1,1.0,3.5632183908045976,435.0
"GLOSTER, MS → ARMOREL, AR",1,1.0,3.5623409669211195,393.0
"EL DORADO, AR → POLLARD, AR",1,2.0,3.5620202020202023,297.0
"TAYLORSVILLE, MS → MT PLEASANT, TX",2,1.0,3.5620052770448547,379.0
"MONTICELLO, AR → FT WORTH, TX",1,1.0,3.5618279569892475,372.0
"MAGNOLIA, MS → RANBURNE, AL",5,6.0,3.5606796116504853,412.0
"WAYNESBORO, MS → IUKA, MS",1,1.0,3.5603112840466924,257.0
"VIOLA, AR → LONGVIEW, TX",3,1.0,3.55924978687127,391.0
"TAYLOR, LA → ALVARADO, TX",1,1.0,3.5580524344569286,267.0
"PLUMERVILLE, AR → DALLAS, TX",6,1.1666666666666667,3.556912852925494,356.0
"BUCKS, AL → HALEYVILLE, AL",2,4.0,3.556910569105691,246.0
"MEXIA, AL → RANBURNE, AL",13,3.923076923076923,3.556593406593407,280.0
"MAGNOLIA, MS → MIDDLETON, TN",4,10.75,3.5535714285714284,350.0
"SPLENDORA, TX → FT WORTH, TX",3,4.333333333333333,3.552123552123552,259.0
"VICKSBURG, MS → HUTCHINS, TX",1,2.0,3.551912568306011,366.0
"BAY SPRINGS, MS → CROWLEY, TX",1,4.0,3.5502958579881656,507.0
"ATLANTA, TX → FT WORTH, TX",14,2.5714285714285716,3.549833887043189,215.0
"BRYAN, TX → BONHAM, TX",2,1.5,3.549382716049383,243.0
"BOGALUSA, LA → ADAIR, OK",1,4.0,3.549382716049383,648.0
"GRENADA, MS → AUBURN, KY",2,11.5,3.5468319559228654,363.0
"EFFINGHAM, SC → RIDGEWAY, VA",2,9.5,3.546511627906977,215.0
"BRYAN, TX → BURNET, TX",1,6.0,3.5460992907801416,141.0
"FLORIEN, LA → WEATHERFORD, TX",5,6.0,3.545731707317073,328.0
"TAYLOR, LA → LA PORTE, TX",1,1.0,3.5451505016722407,299.0
"BAY SPRINGS, MS → OKLAHOMA CITY, OK",1,1.0,3.544494720965309,663.0
"MAGNOLIA, MS → SILSBEE, TX",85,6.105882352941176,3.544370325449765,291.0
"WIGGINS, MS → SAGINAW, TX",1,5.0,3.5437881873727086,491.0
"GLOSTER, MS → OKLAHOMA CITY, OK",2,1.0,3.5436137071651093,642.0
"PINE BLUFF, AR → PANAMA CITY, FL",1,1.0,3.5426731078904994,621.0
"CORDELE, GA → ALTO, GA",2,3.5,3.542654028436019,211.0
"DIERKS, AR → HOUSTON, TX",5,3.0,3.5426248058014167,347.4
"WALDO, AR → HARRISBURG, IL",1,8.0,3.542094455852156,487.0
"DODSON, LA → CONROE, TX",2,2.0,3.5414237595543465,248.5
"DIERKS, AR → CROWLEY, TX",3,6.666666666666667,3.538557213930348,268.0
"ACKERMAN, MS → TOWNVILLE, SC",1,14.0,3.5377358490566038,424.0
"DIERKS, AR → SILSBEE, TX",81,4.8765432098765435,3.5360360360360357,296.0
"EFFINGHAM, SC → ALTO, GA",1,3.0,3.5335689045936394,283.0
"WARREN, AR → DALLAS, TX",2,3.5,3.5335497835497836,313.0
"TAYLOR, LA → SEMINOLE, TX",1,3.0,3.533333333333333,600.0
"VIOLA, AR → DALLAS, TX",2,2.0,3.5328389830508478,472.0
"SILVER CREEK, MS → BIRMINGHAM, AL",2,3.0,3.5324714457900477,264.0
"DIERKS, AR → BRYAN, TX",32,3.4375,3.531069568452382,336.0
"IDABEL, OK → KANSAS CITY, KS",1,8.0,3.530751708428246,439.0
"BRYAN, TX → LAKE CHARLES, LA",1,2.0,3.5294117647058822,255.0
"GORDO, AL → CARROLLTON, KY",1,1.0,3.528225806451613,496.0
"BRYAN, TX → LAREDO, TX",1,1.0,3.5276073619631902,326.0
"OLLA, LA → PINE BLUFF, AR",1,1.0,3.52758064516129,186.0
"GURDON, AR → GUTHRIE, OK",1,1.0,3.524804177545692,383.0
"DODSON, LA → HOUSTON, TX",3,4.666666666666667,3.523315560767854,270.6666666666667
"GURDON, AR → SPRINGFIELD, MO",2,2.5,3.523102310231023,303.0
"PHILADELPHIA, MS → DULUTH, GA",1,6.0,3.5211267605633805,355.0
"POLLOCK, LA → HOUSTON, TX",4,4.5,3.5185976598190334,259.75
"HERMANVILLE, MS → BRYAN, TX",3,3.6666666666666665,3.5185185185185186,450.0
"RUSSELLVILLE, AR → OKLAHOMA CITY, OK",1,5.0,3.517110266159696,263.0
"SCHILLER PARK, IL → TOLEDO, OH",2,1.0,3.5167910447761193,268.0
"SALEM, MO → CATOOSA, OK",2,2.0,3.5143769968051117,313.0
"OLLA, LA → SHERMAN, TX",1,0.0,3.5135135135135136,370.0
"CORINTH, MS → TOCCOA, GA",1,7.0,3.512144578313253,415.0
"BEARDEN, AR → SPRINGFIELD, MO",1,1.0,3.511326860841424,309.0
"VICKSBURG, MS → MIDDLETON, TN",9,5.777777777777778,3.51110394265233,310.0
"PLUMERVILLE, AR → PARK CITY, KS",1,6.0,3.5108958837772395,413.0
"COUSHATTA, LA → HOUSTON, TX",4,4.25,3.5105638221427697,239.5
"BRYAN, TX → SAN ANGELO, TX",1,4.0,3.51027397260274,292.0
"ACKERMAN, MS → SOMERSET, KY",3,4.0,3.5095238095238095,490.0
"TAYLOR, LA → TUNAS, MO",1,2.0,3.508771929824561,456.0
"BRUCE, MS → CATOOSA, OK",2,3.0,3.507905138339921,506.0
"PHILADELPHIA, MS → DALLAS, TX",8,2.375,3.5074757190391654,481.125
"PINELAND, TX → CROWLEY, TX",1,1.0,3.5055350553505535,271.0
"ACKERMAN, MS → ARTHUR, IL",1,3.0,3.5055350553505535,542.0
"LANETT, AL → MOORE, SC",1,4.0,3.501945525291829,257.0
"POCAHONTAS, AR → GRAPELAND, TX",1,1.0,3.4979423868312756,486.0
"FAIRFIELD, IL → BALTIMORE, MD",1,1.0,3.4974093264248705,772.0
"GURDON, AR → KENNARD, TX",1,1.0,3.496031746031746,252.0
"GURDON, AR → HOUSTON, TX",13,1.9230769230769231,3.4941511701172447,354.0769230769231
"DIERKS, AR → WICHITA, KS",1,7.0,3.4939759036144578,415.0
"CAMDEN, TX → CARROLLTON, TX",1,5.0,3.493449781659389,229.0
"GLOSTER, MS → IRVING, TX",2,3.0,3.493449781659389,458.0
"PLUMERVILLE, AR → RIPLEY, TN",1,7.0,3.493449781659389,229.0
"TAYLOR, LA → GUTHRIE, OK",3,6.666666666666667,3.493100944081336,459.0
"IDABEL, OK → FT WORTH, TX",3,4.0,3.4921109450257433,224.33333333333334
"BIRMINGHAM, AL → WINTER PARK, FL",8,4.5,3.490981543624161,596.0
"DIERKS, AR → PORT NECHES, TX",2,3.0,3.4908536585365857,328.0
"SCHILLER PARK, IL → OTTAWA LAKE, MI",2,4.0,3.4905660377358494,265.0
"TROY, AL → HARRISBURG, IL",1,5.0,3.490566037735849,530.0
"NEW BOSTON, TX → BRYAN, TX",4,2.5,3.4901433691756276,279.0
"ROME, GA → SALISBURY, NC",1,7.0,3.488372093023256,344.0
"SUMMERSVILLE, MO → SAINT JOSEPH, MO",1,4.0,3.488372093023256,344.0
"PHILADELPHIA, MS → TOWNVILLE, SC",3,8.0,3.4879336349924586,442.0
"VICKSBURG, MS → CORSICANA, TX",5,4.4,3.487738419618529,367.0
"BROOKHAVEN, MS → BONNE TERRE, MO",2,3.0,3.486111111111111,540.0
"MERIDIAN, MS → DALLAS, TX",7,2.857142857142857,3.4860932152901896,492.85714285714283
"PHILADELPHIA, MS → CULLMAN, AL",8,4.625,3.4855150214592276,233.0
"GURDON, AR → SELMER, TN",2,1.5,3.483870967741935,310.0
"OLA, AR → JACKSONVILLE, TX",1,1.0,3.48297213622291,323.0
"WARM SPRINGS, AR → FULTON, MS",2,2.5,3.481404958677686,242.0
"PINELAND, TX → FT WORTH, TX",15,2.2666666666666666,3.4803460858027426,267.2
"MERIDIAN, MS → HOUSTON, TX",2,2.0,3.479626876239026,531.5
"FULTON, MS → SUMMER SHADE, KY",5,1.4,3.478787878787879,330.0
"DODSON, LA → MOSCOW, TN",1,7.0,3.477690288713911,381.0
"TAYLOR, LA → NIEDERWALD, TX",2,2.0,3.477690288713911,381.0
"PHILADELPHIA, MS → BUNKIE, LA",1,1.0,3.476923076923077,325.0
"MOUNDVILLE, AL → OKLAHOMA CITY, OK",1,1.0,3.4767277856135403,709.0
"GLOSTER, MS → GUNTER, TX",2,1.5,3.476482617586912,489.0
"GOSHEN, VA → CHARLOTTE, NC",3,2.6666666666666665,3.475255930087391,267.0
"BRYAN, TX → GUTHRIE, OK",5,4.6,3.474874371859296,398.0
"EL DORADO, AR → BRYAN, TX",1,1.0,3.474320241691843,331.0
"BIRMINGHAM, AL → BROWNSTOWN, IN",6,3.6666666666666665,3.4738955823293174,415.0
"ALBERTVILLE, AL → DOUGLAS, GA",1,6.0,3.4722222222222223,360.0
"PHILADELPHIA, MS → FT WORTH, TX",3,6.333333333333333,3.4718190614417033,523.3333333333334
"GLOSTER, MS → SILSBEE, TX",16,4.9375,3.471546692607005,257.0
"HALFWAY, MO → SAINT JOSEPH, MO",1,1.0,3.470873786407767,206.0
"DODSON, LA → ENNIS, TX",1,3.0,3.4693877551020407,294.0
"GURDON, AR → BRYAN, TX",4,2.25,3.4672965116279064,344.0
"COTTONTON, AL → STEPHENS, AR",2,4.0,3.466204506065858,577.0
"HOLDEN, LA → SCAMMON, KS",1,1.0,3.4653465346534653,707.0
"TAYLOR, LA → FORT WORTH, TX",2,2.5,3.4637941436448587,267.0
"JOYCE, LA → SILSBEE, TX",2,1.5,3.4626344086021508,186.0
"FOREST, MS → STEPHENS, AR",3,2.6666666666666665,3.4624413145539905,284.0
"BEARDEN, AR → BRYAN, TX",8,3.0,3.462301587301588,378.0
"BIRMINGHAM, AL → SARASOTA, FL",1,3.0,3.4615384615384617,650.0
"WAYNESBORO, MS → HALEYVILLE, AL",1,2.0,3.4615384615384617,221.0
"GURDON, AR → ENNIS, TX",5,3.6,3.460144927536232,276.0
"VIOLA, AR → FORT WORTH, TX",2,1.0,3.4600389863547756,513.0
"BRUCE, MS → JACKSONVILLE, TX",28,3.4285714285714284,3.457112781954887,475.0
"WARM SPRINGS, AR → LONGVIEW, TX",1,2.0,3.4566326530612246,392.0
"OLLA, LA → DALLAS, TX",28,4.214285714285714,3.4565549125459336,331.0
"ACKERMAN, MS → DALLAS, TX",8,5.375,3.4540465918485466,513.625
"DIERKS, AR → WALNUT, MS",1,4.0,3.4534534534534536,333.0
"THORSBY, AL → HENDRICKS, WV",1,3.0,3.453038674033149,724.0
"MERIDIAN, MS → CROWLEY, TX",1,2.0,3.451492537313433,536.0
"OLLA, LA → HOUSTON, TX",41,4.975609756097561,3.450921752609557,293.6341463414634
"DODSON, LA → BONHAM, TX",6,1.8333333333333333,3.450282485875706,295.0
"OAKDALE, LA → BRYAN, TX",2,2.5,3.449675324675325,308.0
"WARREN, AR → ENNIS, TX",3,6.333333333333333,3.4482758620689657,348.0
"NACOGDOCHES, TX → BELLVILLE, TX",1,1.0,3.4482758620689653,174.0
"DIERKS, AR → MEMPHIS, TN",1,5.0,3.4482758620689653,261.0
"OLLA, LA → CONROE, TX",2,5.5,3.4482758620689653,290.0
"PHILADELPHIA, MS → SOMERSET, KY",1,3.0,3.4482758620689653,551.0
"CAMDEN, SC → RIDGEWAY, VA",1,2.0,3.4482758620689653,232.0
"BARNESVILLE, GA → BIRMINGHAM, AL",1,0.0,3.4482758620689653,203.0
"VICKSBURG, MS → BRYAN, TX",26,3.1923076923076925,3.447310446117129,419.0
"CORINTH, MS → SCHILLER PARK, IL",3,4.333333333333333,3.4452296819787986,566.0
"FOREST, MS → TUSCUMBIA, AL",2,14.5,3.4448818897637796,254.0
"BIRMINGHAM, AL → DUNCAN, SC",2,3.0,3.4444444444444446,315.0
"BRYAN, TX → LUBBOCK, TX",25,3.52,3.4444168224299063,428.0
"MERIDIAN, MS → SOMERSET, KY",3,6.333333333333333,3.4437946718648473,513.0
"FOREST, MS → SCAMMON, KS",2,1.0,3.442622950819672,610.0
"VICKSBURG, MS → WALNUT, MS",1,3.0,3.442622950819672,305.0
"MERIDIAN, MS → CORSICANA, TX",1,6.0,3.4412955465587043,494.0
"RUSSELLVILLE, AR → TUSCUMBIA, AL",4,1.25,3.4392857142857145,350.0
"GURDON, AR → LOTT, TX",1,1.0,3.439153439153439,378.0
"MILLPORT, AL → TOLEDO, OH",1,8.0,3.43878954607978,727.0
"BIRMINGHAM, AL → LAKELAND, FL",13,4.923076923076923,3.4387609006898354,591.0
"OLLA, LA → ENNIS, TX",4,3.25,3.4375,340.0
"GURDON, AR → SILSBEE, TX",9,4.333333333333333,3.4356725146198825,304.0
"OLLA, LA → BROOKLINE STATION, MO",1,8.0,3.4324942791762014,437.0
"BIRMINGHAM, AL → OSCEOLA, AR",2,2.0,3.4322033898305087,295.0
"GURDON, AR → CHICKASHA, OK",2,2.5,3.431372549019608,357.0
"CORINTH, MS → SIKESTON, MO",1,5.0,3.4313725490196076,204.0
"TAYLOR, LA → BROWNWOOD, TX",1,1.0,3.4263959390862944,394.0
"GLOSTER, MS → BRYAN, TX",32,1.8125,3.426355589928676,431.03125
"VICKSBURG, MS → PORT NECHES, TX",2,6.5,3.4262048192771086,332.0
"OLLA, LA → SLIDELL, LA",1,1.0,3.425925925925926,270.0
"BIRMINGHAM, AL → SOMERSET, KY",1,5.0,3.4246575342465753,365.0
"SEVEN SPRINGS, NC → HUNTERSVILLE, NC",1,1.0,3.4232365145228214,241.0
"TAYLOR, LA → LAMPASAS, TX",1,5.0,3.4210526315789473,380.0
"BIRMINGHAM, AL → POLLARD, AR",1,5.0,3.4188034188034186,351.0
"FOREST, MS → BRYAN, TX",9,2.111111111111111,3.4171696847753186,497.0
"MILLPORT, AL → WALNUT, MS",1,1.0,3.4161490683229814,161.0
"PINELAND, TX → SAN ANTONIO, TX",3,2.0,3.4160743113879306,353.6666666666667
"WAYNESBORO, MS → JACKSONVILLE, TX",3,1.0,3.415915915915916,444.0
"GURDON, AR → DENVER, CO",1,4.0,3.4150156412930137,959.0
"MOUNDVILLE, AL → SIKESTON, MO",2,2.0,3.4149484536082473,388.0
"HOLDEN, LA → SKIDMORE, TX",1,1.0,3.4136546184738954,498.0
"MAGNOLIA, MS → SOMERSET, KY",1,5.0,3.4124629080118694,674.0
"VERONA, MO → GREELEY, CO",4,3.5,3.4120310478654594,773.0
"CORINTH, MS → MILROY, IN",6,4.833333333333333,3.4118086696562036,446.0
"DERIDDER, LA → SCAMMON, KS",1,11.0,3.4111310592459607,557.0
"VIOLA, AR → JEWETT, TX",6,2.5,3.4093851132686086,515.0
"BOGALUSA, LA → LA PORTE, TX",1,1.0,3.409090909090909,352.0
"MILLPORT, AL → CONROE, TX",1,1.0,3.409090909090909,616.0
"BRYAN, TX → CROSBY, TX",1,4.0,3.409090909090909,132.0
"GLOSTER, MS → MEMPHIS, TN",6,1.8333333333333333,3.407643312101911,314.0
"PHILADELPHIA, MS → SAGINAW, TX",5,6.2,3.407547169811321,530.0
"SILVER CREEK, MS → DALLAS, TX",6,1.0,3.4069876532346597,464.8333333333333
"ACKERMAN, MS → PARK CITY, KS",2,8.5,3.406961178045515,747.0
"VIOLA, AR → SHAWNEE, OK",2,5.0,3.4058988764044944,356.0
"BRUCE, MS → CHATSWORTH, IL",1,8.0,3.4031413612565444,573.0
"TAYLORSVILLE, MS → SARASOTA, FL",2,4.0,3.4025787965616043,698.0
"COUSHATTA, LA → CROWLEY, TX",2,3.5,3.4007352941176467,272.0
"COUSHATTA, LA → PASADENA, TX",1,3.0,3.4,250.0
"SUMMERTOWN, TN → WESTERVILLE, OH",4,6.75,3.399357601713062,467.0
"SILVER CREEK, MS → JACKSONVILLE, TX",2,2.0,3.397435897435898,390.0
"MAGNOLIA, MS → CONROE, TX",3,2.6666666666666665,3.3960045504864222,361.6666666666667
"TAYLORSVILLE, MS → FT WORTH, TX",2,1.0,3.395,500.0
"MILLPORT, AL → PRICHARD, AL",2,1.0,3.394308943089431,246.0
"GURDON, AR → HARRISBURG, IL",1,4.0,3.3936651583710407,442.0
"TROY, AL → LA PLACE, LA",1,1.0,3.392330383480826,339.0
"DECATUR, AL → SOMERSET, KY",1,2.0,3.389830508474576,295.0
"THORSBY, AL → PORT ALLEN, LA",1,2.0,3.389830508474576,413.0
"THOMASVILLE, AL → ATLANTA, GA",1,0.0,3.388157894736842,304.0
"MEXIA, AL → KILGORE, TX",1,4.0,3.3880903490759753,487.0
"CORINTH, MS → COUNCIL BLUFFS, IA",1,4.0,3.3875338753387534,738.0
"CORINTH, MS → PARK CITY, KS",1,8.0,3.3873343151693667,679.0
"ATLANTA, TX → HOUSTON, TX",1,2.0,3.3834586466165413,266.0
"WARREN, AR → BRYAN, TX",26,3.5384615384615383,3.3815628815628824,378.0
"VICKSBURG, MS → SILSBEE, TX",14,6.857142857142857,3.381527837721191,331.0
"BRYAN, TX → DURANT, OK",11,3.909090909090909,3.3804512516469036,276.0
"WARM SPRINGS, AR → RENSSELAER, IN",2,4.0,3.380129589632829,463.0
"ZWOLLE, LA → DALLAS, TX",1,4.0,3.3794466403162056,253.0
"GURDON, AR → SAGINAW, TX",3,2.3333333333333335,3.3788849347568206,281.0
"HERMANVILLE, MS → BRAZIL, IN",2,3.0,3.3783783783783785,666.0
"DIERKS, AR → HEBER SPRINGS, AR",1,4.0,3.377659574468085,188.0
"MAGNOLIA, MS → DALLAS, TX",9,2.0,3.37375131672484,485.44444444444446
"TAYLOR, LA → POLLARD, AR",1,5.0,3.373015873015873,378.0
"TAYLOR, LA → LA PLACE, LA",1,7.0,3.3717105263157894,304.0
"EL DORADO, AR → TUSCOLA, IL",1,7.0,3.3661740558292284,609.0
"FULTON, MS → AUBURN, KY",2,2.0,3.366071428571429,280.0
"MAGNOLIA, MS → FT WORTH, TX",5,1.6,3.365323888985457,524.0
"OLLA, LA → FT WORTH, TX",21,4.333333333333333,3.3644171404120056,370.85714285714283
"BRUCE, MS → TOCCOA, GA",1,4.0,3.3642691415313224,431.0
"BIRMINGHAM, AL → OKAHUMPKA, FL",1,2.0,3.3636363636363638,550.0
"COUSHATTA, LA → SAGINAW, TX",1,0.0,3.3633093525179856,278.0
"MERIDIAN, MS → FLINTVILLE, TN",1,3.0,3.3633093525179856,278.0
"COUSHATTA, LA → DALLAS, TX",1,7.0,3.3628318584070795,226.0
"MAGNOLIA, MS → BIRMINGHAM, AL",8,1.25,3.3612679591483468,325.875
"MILLPORT, AL → BRAZIL, IN",4,7.5,3.3589251439539347,521.0
"FULTON, MS → WEST UNION, OH",2,1.0,3.3587786259541983,524.0
"SILVER CREEK, MS → MILROY, IN",2,5.0,3.358725761772853,722.0
"BROOKHAVEN, MS → RANBURNE, AL",1,0.0,3.3552631578947367,380.0
"BRUCE, MS → BONHAM, TX",1,1.0,3.3524904214559386,522.0
"BRUCE, MS → DULUTH, GA",3,6.0,3.35195530726257,358.0
"GLOSTER, MS → WICHITA FALLS, TX",2,2.0,3.351694915254237,590.0
"BRYAN, TX → HEWITT, TX",2,4.5,3.350515463917526,97.0
"GLOSTER, MS → JACKSON, TN",3,1.6666666666666667,3.3498759305210917,403.0
"VICKSBURG, MS → ALVARADO, TX",1,5.0,3.3498759305210917,403.0
"ACKERMAN, MS → ATLANTA, GA",2,4.5,3.3496732026143787,306.0
"PLUMERVILLE, AR → CHICKASHA, OK",1,3.0,3.3484848484848486,330.0
"RUSSELLVILLE, AR → WICHITA, KS",3,7.666666666666667,3.3483512544802867,372.0
"MAGNOLIA, MS → BONHAM, TX",8,1.875,3.3477596741344193,491.0
"TAYLORSVILLE, MS → HOUSTON, TX",1,1.0,3.3473684210526318,475.0
"GRENADA, MS → BRYAN, TX",2,3.0,3.346631205673759,564.0
"SILVER CREEK, MS → CROSSVILLE, TN",1,10.0,3.3464566929133857,508.0
"PINELAND, TX → BONHAM, TX",3,5.666666666666667,3.3464566929133857,254.0
"TAYLOR, LA → WHITESBORO, TX",1,12.0,3.3450704225352115,284.0
"CORINTH, MS → MT PLEASANT, TX",1,1.0,3.3449074074074074,432.0
"BELK, AL → JEWETT, TX",1,0.0,3.3447684391080617,583.0
"BRUCE, MS → MARION, IN",1,5.0,3.343701399688958,643.0
"BARNESVILLE, GA → ASHLAND CITY, TN",1,1.0,3.3434650455927053,329.0
"PHILADELPHIA, MS → SCHILLER PARK, IL",3,7.0,3.342354533152909,739.0
"LOUISVILLE, AL → JACKSON, TN",1,0.0,3.3415841584158414,404.0
"NAVASOTA, TX → LUBBOCK, TX",1,2.0,3.3405172413793105,464.0
"BIRMINGHAM, AL → WEST MEMPHIS, AR",2,1.5,3.340080971659919,247.0
"MERIDIAN, MS → FT WORTH, TX",2,7.0,3.3397405944239127,531.5
"BIRMINGHAM, AL → MADISON, MS",1,2.0,3.3396946564885495,262.0
"HOLDEN, LA → COLUMBUS, MS",4,1.5,3.338762214983713,307.0
"ENNIS, TX → SNYDER, TX",3,2.0,3.338727076591154,309.0
"EL DORADO, AR → WICHITA FALLS, TX",1,7.0,3.3380681818181817,352.0
"PLUMERVILLE, AR → BRYAN, TX",28,2.25,3.337149095446039,458.0
"DIERKS, AR → CARROLLTON, MO",1,14.0,3.3366533864541834,502.0
"OLLA, LA → MIDLAND, TX",1,2.0,3.335832083958021,667.0
"ACKERMAN, MS → MARKLEVILLE, IN",4,5.0,3.3346333853354135,641.0
"DEMOPOLIS, AL → MOSCOW, TN",1,2.0,3.3333333333333335,255.0
"CORINTH, MS → HAVEN, KS",1,1.0,3.3333333333333335,705.0
"CORINTH, MS → NORTHPORT, AL",1,2.0,3.3333333333333335,165.0
"OPELIKA, AL → HALEYVILLE, AL",1,4.0,3.3333333333333335,195.0
"ROME, GA → WILLACOOCHEE, GA",2,4.0,3.333333333333333,291.0
"HOLDEN, LA → LA PORTE, TX",4,0.5,3.332764505119454,293.0
"FULTON, MS → MC INTYRE, GA",2,5.5,3.328981723237598,383.0
"PHILADELPHIA, MS → BONHAM, TX",2,1.0,3.328252032520325,492.0
"TAYLOR, LA → HAVEN, KS",1,14.0,3.327787021630616,601.0
"MEXIA, AL → AUBURN, KY",2,3.0,3.3276643990929706,441.0
"PLUMERVILLE, AR → HENDERSON, TX",2,3.0,3.3276450511945392,293.0
"COLFAX, LA → BRYAN, TX",2,7.5,3.327402135231317,281.0
"WALDO, AR → FT WORTH, TX",1,2.0,3.327272727272727,275.0
"ACKERMAN, MS → CASSVILLE, MO",1,2.0,3.3271719038817005,541.0
"DIERKS, AR → CONROE, TX",5,2.0,3.3261538461538462,325.0
"BIRMINGHAM, AL → RIDGELY, TN",2,7.5,3.325082508250825,303.0
"LOUISVILLE, AL → KNOXVILLE, TN",1,1.0,3.3248081841432224,391.0
"CORINTH, MS → SOMERSET, KY",1,10.0,3.323943661971831,355.0
"BRYAN, TX → MONROE, LA",1,1.0,3.3236994219653178,346.0
"VICKSBURG, MS → RIPLEY, TN",1,3.0,3.3224755700325734,307.0
"MOUNDVILLE, AL → WEST UNION, OH",13,5.923076923076923,3.3220549647838693,557.0
"FORDYCE, AR → JACKSON, TN",2,3.5,3.321917808219178,292.0
"WARM SPRINGS, AR → GRAPELAND, TX",2,1.0,3.3206082474226806,485.0
"RICEBORO, GA → RIDGEWAY, VA",25,2.32,3.319704433497537,406.0
"BRUCE, MS → PORTER, OK",1,15.0,3.319502074688797,482.0
"BIRMINGHAM, AL → TITUSVILLE, FL",5,3.6,3.3191153238546605,633.0
"GURDON, AR → NASHVILLE, TN",1,4.0,3.3180778032036615,437.0
"BOGALUSA, LA → JACKSONVILLE, FL",1,0.0,3.317757009345794,535.0
"PINELAND, TX → IRVING, TX",14,2.0714285714285716,3.3158367346938777,245.0
"ACKERMAN, MS → CONROE, TX",1,1.0,3.314917127071823,543.0
"EFFINGHAM, SC → BUCHANAN, GA",2,1.5,3.3116531165311653,369.0
"BRYAN, TX → PORT ALLEN, LA",1,1.0,3.310991957104558,373.0
"CORINTH, MS → ANNISTON, AL",2,5.0,3.3088235294117645,204.0
"BRUCE, MS → TOWNVILLE, SC",6,8.833333333333334,3.307174887892377,446.0
"CARRSVILLE, KY → PORTLAND, IN",2,1.5,3.306878306878307,378.0
"MERIDIAN, MS → KEMPNER, TX",1,1.0,3.306451612903226,620.0
"BRUCE, MS → PRINCEVILLE, IL",1,8.0,3.305084745762712,590.0
"BRYAN, TX → COLUMBUS, NE",1,7.0,3.3047735618115057,817.0
"HOLDEN, LA → ARMOREL, AR",1,1.0,3.30188679245283,424.0
"WALDO, AR → HOUSTON, TX",1,5.0,3.30188679245283,318.0
"PHILADELPHIA, MS → CONROE, TX",2,2.5,3.3009708737864076,515.0
"MIDDLEFIELD, OH → WOLCOTT, IN",1,4.0,3.300561797752809,356.0
"MAGNOLIA, MS → MT PLEASANT, TX",1,3.0,3.3,400.0
"LANETT, AL → GOLDEN, MS",1,1.0,3.299739776951673,269.0
"PLUMERVILLE, AR → SOUTH PITTSBURG, TN",1,2.0,3.2989690721649483,485.0
"CORINTH, MS → HOUSTON, TX",1,3.0,3.2983508245877062,667.0
"MAGNOLIA, MS → NORTHPORT, AL",1,3.0,3.2967032967032965,273.0
"OLLA, LA → CARROLLTON, MO",2,3.5,3.293189368770764,602.0
"BEARDEN, AR → TUSCUMBIA, AL",2,3.0,3.2920110192837466,363.0
"VERONA, MO → AMARILLO, TX",3,2.0,3.2914248871695677,517.0
"BRUCE, MS → MILROY, IN",1,2.0,3.290676416819013,547.0
"TAYLORSVILLE, MS → DALLAS, TX",3,2.0,3.290471785383904,463.3333333333333
"BOGALUSA, LA → BALLINGER, TX",2,5.0,3.289473684210526,722.0
"CORINTH, MS → LINCOLN, AL",3,3.0,3.288490284005979,223.0
"GURDON, AR → PASADENA, TX",1,1.0,3.287671232876712,365.0
"DIERKS, AR → BOLIVAR, TN",1,5.0,3.287461773700306,327.0
"FOREST, MS → HOUSTON, TX",3,8.333333333333334,3.285420944558522,487.0
"TALLADEGA, AL → CARROLLTON, KY",1,1.0,3.2838983050847457,472.0
"PHILADELPHIA, MS → SILSBEE, TX",6,3.3333333333333335,3.283773861967694,454.0
"MONTICELLO, AR → DALLAS, TX",2,4.5,3.283582089552239,335.0
"BIRMINGHAM, AL → SUMMERVILLE, SC",14,3.857142857142857,3.283057205376681,457.0
"FORDYCE, AR → RIPLEY, TN",1,6.0,3.281853281853282,259.0
"BRUCE, MS → SOMERSET, KY",1,10.0,3.2805429864253393,442.0
"PHILADELPHIA, MS → RIPLEY, TN",1,7.0,3.279352226720648,247.0
"DODSON, LA → PASADENA, TX",6,3.1666666666666665,3.2792946530147895,293.0
"WARREN, AR → SAINT ROSE, IL",1,7.0,3.2769556025369977,473.0
"BEARDEN, AR → GORDO, AL",3,10.0,3.275681341719078,318.0
"MAGNOLIA, AR → PARK CITY, KS",1,13.0,3.275529865125241,519.0
"MALVERN, AR → ENNIS, TX",1,5.0,3.2747603833865813,313.0
"FLORIEN, LA → CONVERSE, TX",1,2.0,3.27455919395466,397.0
"BRUCE, MS → BRAZIL, IN",4,5.0,3.2740384615384617,520.0
"GURDON, AR → SELLERSBURG, IN",1,1.0,3.2733224222585924,611.0
"DODSON, LA → FLINTVILLE, TN",1,1.0,3.272727272727273,550.0
"BOGALUSA, LA → HOUSTON, TX",10,2.5,3.2726323572949676,374.1
"GLOSTER, MS → CROSSVILLE, TN",1,1.0,3.271812080536913,596.0
"THOMASVILLE, AL → MIDDLETON, TN",3,20.333333333333332,3.271604938271605,270.0
"BIRMINGHAM, AL → LEBANON, TN",1,0.0,3.2710280373831777,214.0
"WAYNESBORO, MS → SILSBEE, TX",4,2.75,3.2710280373831777,428.0
"BOGALUSA, LA → SAGINAW, TX",2,1.0,3.270223752151463,581.0
"MAGNOLIA, MS → FORT PAYNE, AL",1,1.0,3.269230769230769,416.0
"DIERKS, AR → HOWARDS GROVE, WI",1,10.0,3.2679738562091503,918.0
"OLLA, LA → PASADENA, TX",2,5.0,3.2678571428571432,280.0
"BROOKHAVEN, MS → HOUSTON, TX",1,0.0,3.2663316582914574,398.0
"CORINTH, MS → CARROLLTON, KY",1,1.0,3.2663316582914574,398.0
"VICKSBURG, MS → WICHITA FALLS, TX",2,5.5,3.266283524904215,522.0
"BRYAN, TX → DENTON, TX",5,1.8,3.2654028436018963,211.0
"GURDON, AR → BROOKLINE STATION, MO",1,6.0,3.2646048109965635,291.0
"IDABEL, OK → SILSBEE, TX",26,3.6538461538461537,3.263093289689034,282.0
"ACKERMAN, MS → WEST UNION, OH",1,1.0,3.2626427406199023,613.0
"BEARDEN, AR → SILSBEE, TX",14,6.357142857142857,3.2624890446976336,326.0
"MAPLESVILLE, AL → HALEYVILLE, AL",1,1.0,3.2624113475177303,141.0
"LOUISVILLE, AL → IUKA, MS",1,1.0,3.258785942492013,313.0
"VIOLA, AR → RENSSELAER, IN",1,3.0,3.2583170254403133,511.0
"DIERKS, AR → WICHITA FALLS, TX",1,3.0,3.257328990228013,307.0
"HOLDEN, LA → CONROE, TX",1,2.0,3.257328990228013,307.0
"BIRMINGHAM, AL → PRICHARD, AL",1,1.0,3.256704980842912,261.0
"BIRMINGHAM, AL → ST LOUIS, MO",1,2.0,3.256048387096774,496.0
"FULTON, MS → WESLACO, TX",1,3.0,3.256048387096774,992.0
"MEXIA, AL → MC INTYRE, GA",14,3.857142857142857,3.2559681697612723,377.0
"VICKSBURG, MS → EAST POINT, GA",1,1.0,3.255813953488372,430.0
"PHILADELPHIA, MS → LOUISVILLE, KY",1,3.0,3.2549728752260396,553.0
"BELK, AL → MILROY, IN",1,2.0,3.2544378698224854,507.0
"OLLA, LA → WALNUT, MS",3,8.666666666666666,3.251927330173776,422.0
"MALVERN, AR → SILSBEE, TX",3,3.3333333333333335,3.250244379276637,341.0
"PINELAND, TX → DENISON, TX",1,1.0,3.25,264.0
"MAGNOLIA, MS → BRYAN, TX",6,1.5,3.24928469241774,466.0
"CORINTH, MS → GRABILL, IN",3,1.0,3.248873873873874,592.0
"BELK, AL → DALLAS, TX",1,1.0,3.247863247863248,585.0
"GLOSTER, MS → HOUSTON, TX",35,2.7142857142857144,3.246769148822129,329.77142857142854
"THORSBY, AL → DALLAS, TX",1,1.0,3.2457496136012365,647.0
"CHOPIN, LA → CONVERSE, TX",9,1.6666666666666667,3.2450783162016648,454.0
"LEOLA, AR → JACKSONVILLE, TX",1,3.0,3.2442748091603053,262.0
"WALDO, AR → BLOOMFIELD, IA",1,13.0,3.2436708860759493,632.0
"GURDON, AR → POPLAR BLUFF, MO",1,7.0,3.242320819112628,293.0
"BIRMINGHAM, AL → WEBB, AL",1,1.0,3.240740740740741,216.0
"WARM SPRINGS, AR → JEWETT, TX",7,5.571428571428571,3.24031007751938,516.0
"SALEM, MO → MEMPHIS, TN",1,11.0,3.2388663967611335,247.0
"BOGALUSA, LA → PORT NECHES, TX",2,3.0,3.2374100719424463,278.0
"EXETER, MO → LONGVIEW, TX",2,1.0,3.236914600550964,363.0
"GLOSTER, MS → KENNARD, TX",1,21.0,3.236245954692557,309.0
"BOGALUSA, LA → HUTCHINS, TX",3,2.0,3.2338308457711444,536.0
"BROOKHAVEN, MS → BRYAN, TX",1,1.0,3.2323232323232323,495.0
"MAGNOLIA, AR → SAN ANTONIO, TX",1,1.0,3.231357552581262,523.0
"MILLPORT, AL → GRABILL, IN",15,2.8,3.231343283582089,670.0
"PLUMERVILLE, AR → DENVER, CO",1,4.0,3.2311062431544357,913.0
"MALVERN, AR → BRYAN, TX",6,4.333333333333333,3.2301662292213478,381.0
"PLUMERVILLE, AR → PORT NECHES, TX",3,3.3333333333333335,3.22962962962963,450.0
"SUMMERSVILLE, MO → EVANSVILLE, WI",1,5.0,3.228962818003914,511.0
"NEW BOSTON, TX → HEARNE, TX",1,4.0,3.2287822878228782,271.0
"GLOSTER, MS → MIDDLETON, TN",3,8.666666666666666,3.2269503546099294,376.0
"VICKSBURG, MS → LAFAYETTE, IN",1,3.0,3.225806451612903,744.0
"WARRENTON, GA → CLEVELAND, NC",1,3.0,3.225806451612903,248.0
"CORINTH, MS → SELLERSBURG, IN",1,4.0,3.2253521126760565,355.0
"ACKERMAN, MS → BRYAN, TX",2,1.0,3.22508896797153,562.0
"ACKERMAN, MS → COAL VALLEY, IL",1,6.0,3.2234957020057307,698.0
"VERONA, MO → ENGLEWOOD, CO",2,4.0,3.2213438735177866,759.0
"SILVER CREEK, MS → LA PORTE, TX",1,1.0,3.217821782178218,404.0
"CAMDEN, TX → OKLAHOMA CITY, OK",1,4.0,3.216019417475728,412.0
"PHILADELPHIA, MS → GROVETON, TX",1,2.0,3.2150776053215075,451.0
"SPAVINAW, OK → KENNEDALE, TX",6,3.8333333333333335,3.2150205761316872,324.0
"WAYNESBORO, MS → DALLAS, TX",2,2.0,3.213610586011342,529.0
"SILVER CREEK, MS → KANKAKEE, IL",1,1.0,3.21285140562249,747.0
"THOMASVILLE, AL → POTTSVILLE, AR",1,1.0,3.21285140562249,498.0
"BOGALUSA, LA → RANBURNE, AL",1,12.0,3.211570680628272,382.0
"BOGALUSA, LA → NORTHPORT, AL",2,1.0,3.211297071129707,239.0
"WALDO, AR → BRYAN, TX",1,1.0,3.21,313.0
"GLOSTER, MS → SOMERSET, KY",1,10.0,3.209700427960057,701.0
"BRYAN, TX → KILGORE, TX",2,8.5,3.2085561497326203,187.0
"OLLA, LA → SHEFFIELD, IA",1,5.0,3.2051282051282053,936.0
"STRONG, AR → BRYAN, TX",1,1.0,3.2019540229885055,348.0
"BIRMINGHAM, AL → CROSSVILLE, TN",1,4.0,3.2,250.0
"BOGALUSA, LA → MIDDLETON, TN",1,11.0,3.2,375.0
"PHILADELPHIA, MS → BRAZIL, IN",3,11.333333333333334,3.1997774067890927,599.0
"MARSHALL, TX → WICHITA, KS",1,1.0,3.198019801980198,505.0
"VIOLA, AR → HALTOM CITY, TX",1,4.0,3.198019801980198,505.0
"OLLA, LA → DURANT, OK",1,4.0,3.1973684210526314,380.0
"OLIVE BRANCH, MS → BIRMINGHAM, AL",1,1.0,3.1963470319634704,219.0
"LOUISVILLE, AL → WEST UNION, OH",3,0.6666666666666666,3.1959852086634974,631.0
"PLUMERVILLE, AR → SELMER, TN",1,3.0,3.1954887218045114,266.0
"ACKERMAN, MS → COOPERSVILLE, MI",1,5.0,3.195266272189349,845.0
"GLOSTER, MS → LA PORTE, TX",1,1.0,3.194888178913738,313.0
"EFFINGHAM, SC → GREENVILLE, GA",2,2.5,3.1944444444444446,360.0
"GLOSTER, MS → MT PLEASANT, TX",1,5.0,3.1944444444444446,360.0
"WOODVILLE, MS → PELHAM, AL",1,1.0,3.1940700808625335,371.0
"BRYAN, TX → EULESS, TX",2,1.5,3.193421052631579,190.0
"PLUMERVILLE, AR → TOCCOA, GA",1,2.0,3.1929555895865236,653.0
"CARRSVILLE, KY → WOLCOTT, IN",2,1.0,3.1925207756232687,361.0
"MAGNOLIA, MS → HALEYVILLE, AL",3,5.0,3.192107995846314,321.0
"MILLPORT, AL → JACKSONVILLE, TX",9,2.3333333333333335,3.189787420556651,507.0
"POCAHONTAS, AR → LONGVIEW, TX",2,2.0,3.1887755102040813,392.0
"GURDON, AR → BATON ROUGE, LA",1,2.0,3.1884057971014492,345.0
"BOGALUSA, LA → MORRISTOWN, TN",2,4.0,3.1879194630872485,596.0
"ALAPAHA, GA → MC INTYRE, GA",1,2.0,3.1875,160.0
"FULTON, AL → JACKSONVILLE, TX",1,0.0,3.187250996015936,502.0
"IDABEL, OK → PORT NECHES, TX",1,6.0,3.1847133757961785,314.0
"CORRIGAN, TX → DUNCAN, OK",1,1.0,3.183023872679045,377.0
"BIRMINGHAM, AL → RIPLEY, TN",10,4.5,3.1825839160839164,286.0
"MAGNOLIA, AR → RIPLEY, TN",1,1.0,3.1818181818181817,330.0
"WARREN, AR → HOUSTON, TX",1,1.0,3.1818181818181817,385.0
"SILVER CREEK, MS → PORT NECHES, TX",1,1.0,3.1818181818181817,330.0
"BAY SPRINGS, MS → DALLAS, TX",4,3.5,3.1807065217391304,463.0
"DERIDDER, LA → PHARR, TX",1,1.0,3.179190751445087,519.0
"COTTONTON, AL → SOMERSET, KY",2,7.0,3.1788793103448274,464.0
"FOREST, MS → MC INTYRE, GA",3,5.666666666666667,3.178294573643411,473.0
"CORINTH, MS → WICHITA, KS",1,1.0,3.1757754800590843,677.0
"ACKERMAN, MS → CORSICANA, TX",1,1.0,3.1746031746031744,504.0
"GLOSTER, MS → HEARNE, TX",1,3.0,3.1746031746031744,441.0
"MALVERN, AR → WINFIELD, KS",3,10.0,3.1711915535444946,442.0
"OLLA, LA → IRVING, TX",8,2.125,3.1706465517241376,348.0
"WARM SPRINGS, AR → EVANSVILLE, WI",9,3.7777777777777777,3.1669758812615956,539.0
"PLUMERVILLE, AR → PHARR, TX",1,7.0,3.1633906633906634,814.0
"EL DORADO, AR → GRABILL, IN",1,2.0,3.162291169451074,838.0
"ACKERMAN, MS → SCHILLER PARK, IL",4,5.5,3.160310734463277,708.0
"MERIDIAN, MS → ATLANTA, GA",1,2.0,3.1578947368421053,285.0
"MC DAVID, FL → JACKSONVILLE, FL",1,1.0,3.156498673740053,377.0
"BRUCE, MS → BRYAN, TX",1,1.0,3.1561461794019934,602.0
"BAY SPRINGS, MS → SILSBEE, TX",2,0.5,3.1556372549019605,408.0
"PLUMERVILLE, AR → BIRMINGHAM, AL",1,1.0,3.1553398058252426,412.0
"HOLDEN, LA → MOUNT PLEASANT, TX",3,7.333333333333333,3.154613466334165,401.0
"MAGNOLIA, AR → CROWLEY, TX",2,3.5,3.1537102473498235,283.0
"BIRMINGHAM, AL → GREENEVILLE, TN",1,1.0,3.1531531531531534,333.0
"THORSBY, AL → BRYAN, TX",3,3.3333333333333335,3.151862464183381,698.0
"BRYAN, TX → OKLAHOMA CITY, OK",1,1.0,3.1498637602179835,367.0
"BUCKS, AL → BIRMINGHAM, AL",1,4.0,3.1496062992125986,254.0
"SEVEN SPRINGS, NC → ROANOKE, VA",1,3.0,3.1496062992125986,254.0
"PHILADELPHIA, MS → HOUSTON, TX",1,1.0,3.1481481481481484,540.0
"TAYLORSVILLE, MS → MOSCOW, TN",1,10.0,3.1456953642384105,302.0
"GLOSTER, MS → FT WORTH, TX",6,3.1666666666666665,3.1454418928322894,479.0
"BRUCE, MS → MC INTYRE, GA",3,5.0,3.142437591776799,454.0
"BOGALUSA, LA → GROVETON, TX",1,5.0,3.141361256544503,382.0
"ACKERMAN, MS → RICHMOND, IL",1,1.0,3.141361256544503,764.0
"GLOSTER, MS → WILLACOOCHEE, GA",1,3.0,3.140916808149406,589.0
"BIRMINGHAM, AL → MOREHEAD CITY, NC",1,11.0,3.1390134529147984,669.0
"BRYAN, TX → CHICKASHA, OK",6,5.166666666666667,3.1386514719848058,351.0
"SALEM, KY → WOLCOTT, IN",1,1.0,3.1384615384615384,325.0
"BELK, AL → TOLEDO, OH",2,4.5,3.138148667601683,713.0
"HAVANA, FL → FROSTPROOF, FL",3,5.666666666666667,3.137860082304527,324.0
"BRYAN, TX → DENISON, TX",4,5.0,3.137651821862348,247.0
"BRYAN, TX → PARK CITY, KS",10,3.0,3.1375732838589983,539.0
"HOLDEN, LA → FORT WORTH, TX",1,1.0,3.1372549019607843,510.0
"TROY, AL → NASHVILLE, TN",2,4.0,3.1362275449101795,334.0
"MOUNDVILLE, AL → BRYAN, TX",2,0.5,3.1349840255591053,626.0
"ACKERMAN, MS → PRINCEVILLE, IL",1,7.0,3.134796238244514,638.0
"VICKSBURG, MS → KENNARD, TX",1,1.0,3.134796238244514,319.0
"PLUMERVILLE, AR → WICHITA FALLS, TX",1,5.0,3.133177570093458,428.0
"HOLDEN, LA → STEPHENVILLE, TX",1,0.0,3.130434782608696,575.0
"RUSSELLVILLE, AR → HOUSTON, TX",3,2.6666666666666665,3.1304058549567526,501.0
"THOMASVILLE, AL → TIPP CITY, OH",1,3.0,3.1276901004304163,697.0
"BOGALUSA, LA → SILSBEE, TX",9,2.4444444444444446,3.1250000000000004,296.0
"SEVEN SPRINGS, NC → CAYCE, SC",1,1.0,3.125,256.0
"OLLA, LA → SKIDMORE, TX",1,3.0,3.125,480.0
"ENNIS, TX → AMARILLO, TX",1,3.0,3.125,400.0
"HOLDEN, LA → LAREDO, TX",1,3.0,3.125,656.0
"LUMBERTON, MS → JACKSONVILLE, TX",1,3.0,3.125,448.0
"HOLDEN, LA → HOUSTON, TX",25,1.32,3.122519627592746,314.4
"VIOLA, AR → NORTH BIRMINGHAM, AL",7,1.5714285714285714,3.122347949080622,404.0
"BRYAN, TX → SIOUX CITY, IA",2,7.5,3.12157721796276,913.0
"BRUCE, MS → GROVETON, TX",1,3.0,3.121387283236994,519.0
"BOGALUSA, LA → BONHAM, TX",1,1.0,3.1192660550458715,545.0
"SEVEN SPRINGS, NC → BELMONT, NC",3,0.3333333333333333,3.1167979002624673,254.0
"BIRMINGHAM, AL → CHESTER, SC",2,4.0,3.116710875331565,377.0
"MAGNOLIA, MS → PASADENA, TX",1,1.0,3.1161473087818696,353.0
"RUSSELLVILLE, AR → JACKSONVILLE, TX",1,1.0,3.112676056338028,355.0
"BOGALUSA, LA → ECLECTIC, AL",1,0.0,3.11178247734139,331.0
"HOLDEN, LA → SEGUIN, TX",2,2.0,3.111587982832618,466.0
"BRUCE, MS → SCHILLER PARK, IL",2,8.0,3.110773899848255,659.0
"DIERKS, AR → BRAZIL, IN",4,8.5,3.110510046367852,647.0
"ACKERMAN, MS → OKLAHOMA CITY, OK",1,1.0,3.110047846889952,627.0
"BIRMINGHAM, AL → LOVELAND, OH",4,6.0,3.1038767395626246,503.0
"LOUISVILLE, AL → AUBURN, KY",6,4.666666666666667,3.1037212984956457,421.0
"POCAHONTAS, AR → HOUSTON, TX",1,1.0,3.103448275862069,580.0
"CORINTH, MS → SHERMAN, TX",1,1.0,3.101503759398496,532.0
"FOREST, MS → RIPLEY, TN",1,6.0,3.10077519379845,258.0
"WAYNESBORO, MS → BRYAN, TX",3,1.0,3.10077519379845,602.0
"RUSSELLVILLE, AR → BRYAN, TX",1,1.0,3.1006160164271046,487.0
"BRYAN, TX → SHAWNEE, OK",7,4.857142857142857,3.0984107560825143,373.85714285714283
"HOUSTON, TX → SHREVEPORT, LA",2,1.0,3.0982905982905984,234.0
"WARREN, AR → SIKESTON, MO",1,1.0,3.0968823529411766,340.0
"HATFIELD, AR → BRYAN, TX",2,1.0,3.094900849858357,353.0
"OLLA, LA → MONTGOMERY, AL",1,1.0,3.094059405940594,404.0
"BRYAN, TX → GRAHAM, TX",2,7.0,3.0927734375,256.0
"GLOSTER, MS → POLLARD, AR",1,3.0,3.0905077262693155,453.0
"HOLDEN, LA → BRYAN, TX",9,3.2222222222222223,3.0891646390916465,411.0
"OLLA, LA → POPLAR BLUFF, MO",3,6.0,3.0883968253968255,420.0
"BIRMINGHAM, AL → JACKSON, TN",1,4.0,3.087649402390438,251.0
"GURDON, AR → SEGUIN, TX",1,1.0,3.084790419161677,501.0
"GLOSTER, MS → KNOXVILLE, TN",2,2.0,3.0844155844155843,616.0
"OLLA, LA → VINEMONT, AL",1,7.0,3.0837004405286343,454.0
"IDABEL, OK → OKLAHOMA CITY, OK",1,5.0,3.0837004405286343,227.0
"CORINTH, MS → TUSCOLA, IL",1,1.0,3.082901554404145,386.0
"POCAHONTAS, AR → RHOME, TX",1,1.0,3.0828516377649327,519.0
"BRYAN, TX → WEST MONROE, LA",7,2.857142857142857,3.08169375534645,334.0
"BIRMINGHAM, AL → JACKSON, MS",2,1.5,3.081692096253868,246.5
"OLLA, LA → KATY, TX",1,1.0,3.0806603773584906,318.0
"OLLA, LA → SAN ANTONIO, TX",1,1.0,3.080082135523614,487.0
"BRUCE, MS → MONTGOMERY, AL",1,1.0,3.079710144927536,276.0
"MONTICELLO, AR → BALLINGER, TX",1,4.0,3.079710144927536,552.0
"HOLDEN, LA → HENDERSON, TX",7,1.2857142857142858,3.079625292740047,366.0
"THOMASVILLE, AL → SELMER, TN",1,8.0,3.076923076923077,260.0
"BAY SPRINGS, MS → SELMER, TN",1,3.0,3.076923076923077,260.0
"IDABEL, OK → BRYAN, TX",7,3.5714285714285716,3.0747398297067163,302.0
"BOGALUSA, LA → BRYAN, TX",7,1.1428571428571428,3.0744680851063833,470.0
"BOGALUSA, LA → IRVING, TX",2,1.5,3.0741410488245933,553.0
"MAGNOLIA, MS → HOUSTON, TX",5,0.8,3.074016732804932,365.8
"ACKERMAN, MS → DES PLAINES, IL",3,7.333333333333333,3.0707923112986406,711.0
"BOGALUSA, LA → JACKSONVILLE, TX",14,2.0714285714285716,3.0705647840531562,430.0
"BRUCE, MS → DALLAS, TX",3,2.6666666666666665,3.0690092852883546,550.3333333333334
"BRUCE, MS → HOUSTON, TX",1,1.0,3.067993366500829,603.0
"ABBEVILLE, AL → SCAMMON, KS",1,2.0,3.067484662576687,815.0
"CARRSVILLE, KY → EVANSVILLE, WI",1,1.0,3.067484662576687,489.0
"TAYLOR, LA → PASADENA, TX",2,2.0,3.0670103092783503,291.0
"DODSON, LA → CARROLLTON, MO",1,6.0,3.065068493150685,584.0
"BAY SPRINGS, MS → KATY, TX",1,1.0,3.0632411067193677,506.0
"MILLPORT, AL → HOUSTON, TX",2,1.0,3.062100402557424,616.5
"HATTIESBURG, MS → BIRMINGHAM, AL",1,0.0,3.06,250.0
"CORINTH, MS → MARKLEVILLE, IN",3,4.666666666666667,3.059947299077734,506.0
"MAGNOLIA, MS → JACKSONVILLE, TX",18,5.666666666666667,3.0596606458675426,406.0
"VANCE, AL → GHENT, KY",1,0.0,3.056768558951965,458.0
"DODSON, LA → OKLAHOMA CITY, OK",2,6.0,3.056701030927835,485.0
"PINELAND, TX → ALVARADO, TX",1,2.0,3.056603773584906,265.0
"BOGALUSA, LA → PASADENA, TX",1,3.0,3.0555555555555554,360.0
"BRYAN, TX → DUNCAN, OK",2,5.5,3.054662379421222,311.0
"BAY SPRINGS, MS → KNOXVILLE, TN",1,1.0,3.053275109170306,458.0
"TAYLOR, LA → ACWORTH, GA",1,1.0,3.053173241852487,583.0
"BRUCE, MS → TOLEDO, OH",2,3.5,3.050397877984085,754.0
"DIERKS, AR → ARMOREL, AR",2,3.0,3.0493630573248405,314.0
"MILLPORT, AL → NASHVILLE, TN",1,11.0,3.048780487804878,246.0
"SUMMERSVILLE, MO → LONGVIEW, TX",2,1.5,3.046536796536796,462.0
"TAYLORSVILLE, MS → HICKMAN, KY",1,1.0,3.045685279187817,394.0
"EVINGTON, VA → TOMPKINSVILLE, KY",3,1.6666666666666667,3.0438010393466963,449.0
"IDABEL, OK → CONROE, TX",1,2.0,3.0405405405405403,296.0
"GLOSTER, MS → WELLFORD, SC",1,5.0,3.0395136778115504,658.0
"SALEM, MO → EVANSVILLE, WI",2,4.5,3.039112050739958,473.0
"MAGNOLIA, MS → TIPP CITY, OH",1,3.0,3.0357142857142856,840.0
"SALEM, MO → CEDAR SPRINGS, GA",1,5.0,3.0344827586206895,725.0
"TAYLOR, LA → BROOKLINE STATION, MO",3,3.0,3.029935275080906,412.0
"PERRY, GA → BIRMINGHAM, AL",1,2.0,3.02734375,256.0
"MONROEVILLE, AL → MOSCOW, TN",1,9.0,3.025936599423631,347.0
"VICKSBURG, MS → RICHMOND, IL",1,2.0,3.0249110320284696,843.0
"VIOLA, AR → GREELEY, CO",1,2.0,3.023887079261672,921.0
"VICKSBURG, MS → MEMPHIS, TN",1,1.0,3.0237154150197627,253.0
"MOUNDVILLE, AL → FT WORTH, TX",1,1.0,3.022875816993464,612.0
"FULTON, MS → HAUGHTON, LA",1,1.0,3.0213270142180093,422.0
"WAYNESBORO, MS → BRAZIL, IN",2,6.5,3.0211480362537766,662.0
"RUSSELLVILLE, AR → WINFIELD, KS",1,5.0,3.0211480362537766,331.0
"GLOSTER, MS → SHERMAN, TX",1,4.0,3.0208333333333335,480.0
"NEW BOSTON, TX → SILSBEE, TX",3,3.6666666666666665,3.01952580195258,239.0
"BRYAN, TX → ELKHART, TX",1,2.0,3.018867924528302,106.0
"BAY SPRINGS, MS → BALLINGER, TX",1,2.0,3.018867924528302,689.0
"WARREN, AR → SEMINOLE, TX",1,6.0,3.014705882352941,680.0
"MOUNDVILLE, AL → ASHLAND CITY, TN",1,5.0,3.0141843971631204,282.0
"OLLA, LA → CORSICANA, TX",1,1.0,3.0120481927710845,332.0
"BOGALUSA, LA → OLIVE BRANCH, MS",3,5.0,3.0104423868312757,324.0
"DIERKS, AR → MIDDLETON, TN",6,10.166666666666666,3.0078895463510844,338.0
"MILLPORT, AL → SHEPHERDSVILLE, KY",1,3.0,3.007518796992481,399.0
"THORSBY, AL → CLAXTON, GA",1,9.0,3.007518796992481,399.0
"OLA, AR → WACO, TX",1,3.0,3.0066815144766146,449.0
"POCAHONTAS, AR → JEWETT, TX",8,1.75,3.005319148936171,517.0
"DODSON, LA → BROKEN ARROW, OK",2,4.0,3.0035448577680524,457.0
"FAIRFIELD, IL → OSCEOLA, IA",4,5.5,3.0030800821355235,487.0
"BRYAN, TX → TULSA, OK",1,2.0,3.0023094688221708,433.0
"ACKERMAN, MS → MACOMB, MI",2,9.0,3.001700680272109,882.0
"BOGALUSA, LA → HENDERSON, TX",2,0.5,3.0,425.0
"OLLA, LA → FORT PAYNE, AL",1,9.0,2.997983870967742,496.0
"WARREN, AR → AUBURN, KY",5,5.6,2.997863247863248,468.0
"NEW ORLEANS, LA → MOUNDVILLE, AL",5,5.4,2.996515679442509,287.0
"ACKERMAN, MS → OTTAWA LAKE, MI",2,6.5,2.9962546816479403,801.0
"OLLA, LA → GUTHRIE, OK",2,6.5,2.9946996466431095,566.0
"BRUCE, MS → BAYTOWN, TX",1,0.0,2.992957746478873,568.0
"LOUISVILLE, AL → TUSCUMBIA, AL",8,2.375,2.9929577464788726,284.0
"MEXIA, AL → HALEYVILLE, AL",2,3.5,2.992700729927007,274.0
"OLLA, LA → CASSVILLE, MO",1,1.0,2.9914529914529915,468.0
"VIOLA, AR → DECATUR, AL",7,1.8571428571428572,2.9896206618240515,354.0
"TALLADEGA, AL → MARKLEVILLE, IN",1,1.0,2.9876977152899826,569.0
"CENTERVILLE, MO → JEWETT, TX",6,9.333333333333334,2.9863433667781494,598.0
"BRYAN, TX → RAPID CITY, SD",16,7.0,2.98597144006436,1243.0
"CORINTH, MS → LOTT, TX",1,1.0,2.985074626865672,670.0
"BRYAN, TX → MOUNT PLEASANT, TX",7,4.142857142857143,2.9849012775842043,246.0
"TAYLOR, LA → CARROLLTON, MO",9,7.0,2.983467896962707,578.0
"ACKERMAN, MS → GUTHRIE, OK",1,3.0,2.981651376146789,654.0
"WARREN, AR → SILSBEE, TX",1,4.0,2.981651376146789,327.0
"DIERKS, AR → AUSTIN, TX",1,1.0,2.9789719626168223,428.0
"FULTON, AL → BULLARD, TX",1,1.0,2.9761904761904763,504.0
"EXETER, MO → JEWETT, TX",2,5.0,2.9761904761904763,504.0
"TUSCUMBIA, AL → JEWETT, TX",7,3.0,2.9741475373300648,641.0
"BOGALUSA, LA → GRAND PRAIRIE, TX",1,3.0,2.972972972972973,555.0
"BRYAN, TX → HINDSVILLE, AR",1,4.0,2.9716446124763705,529.0
"IDABEL, OK → CARROLLTON, MO",1,1.0,2.9702970297029703,505.0
"BIRMINGHAM, AL → BRYAN, TX",1,3.0,2.968980797636632,677.0
"FULTON, MS → PORT NECHES, TX",1,0.0,2.966841186736475,573.0
"MILLPORT, AL → SCHILLER PARK, IL",1,6.0,2.9667149059334297,691.0
"BRYAN, TX → MILLS, WY",7,7.571428571428571,2.965851352948127,1209.0
"HOLDEN, LA → DALLAS, TX",19,2.9473684210526314,2.9653177839334863,474.36842105263156
"BOGALUSA, LA → DALLAS, TX",12,2.5,2.9638575708264283,533.1666666666666
"MERIDIAN, MS → GRABILL, IN",3,2.6666666666666665,2.958057395143488,755.0
"FULTON, AL → CONROE, TX",2,1.0,2.956989247311828,558.0
"BRUCE, MS → SILSBEE, TX",6,2.0,2.9555555555555557,525.0
"VICKSBURG, MS → TOLEDO, OH",1,1.0,2.9535864978902953,948.0
"CHOPIN, LA → POLLARD, AR",1,1.0,2.9531568228105907,491.0
"HERMANVILLE, MS → MORRISTOWN, TN",1,1.0,2.9510961214165263,593.0
"VICKSBURG, MS → HOUSTON, TX",4,1.75,2.9508147921344494,423.0
"BEARDEN, AR → FLINTVILLE, TN",1,6.0,2.9481641468682507,463.0
"MEXIA, AL → PELLA, IA",1,1.0,2.947598253275109,916.0
"DIERKS, AR → NASHVILLE, TN",2,8.0,2.9473684210526314,475.0
"BIRMINGHAM, AL → MONROE, LA",3,4.0,2.9465930018416207,362.0
"MONROEVILLE, AL → AUBURN, KY",6,7.333333333333333,2.94649313087491,461.0
"VIOLA, AR → BIRMINGHAM, AL",2,3.5,2.946210268948655,409.0
"GURDON, AR → EDINBURG, TX",2,2.0,2.9437122302158274,695.0
"GLOSTER, MS → SKIDMORE, TX",2,4.0,2.9383429672447017,519.0
"OLLA, LA → OTTAWA LAKE, MI",2,17.5,2.9370300751879697,1064.0
"STEELVILLE, MO → GRAPELAND, TX",1,1.0,2.936630602782071,647.0
"MOUNDVILLE, AL → ENNIS, TX",1,4.0,2.936096718480138,579.0
"BRYAN, TX → BROKEN BOW, OK",32,5.53125,2.935111464968153,314.0
"BIRMINGHAM, AL → MC INTYRE, GA",9,4.555555555555555,2.9342158042519055,277.0
"BROOKHAVEN, MS → MIDDLETON, TN",3,17.333333333333332,2.9320987654320994,324.0
"EL DORADO, AR → SCHILLER PARK, IL",2,6.0,2.9310344827586206,783.0
"WARREN, AR → BIRMINGHAM, AL",3,3.3333333333333335,2.9304029304029307,364.0
"MERIDIAN, MS → BRYAN, TX",1,3.0,2.93040293040293,546.0
"CHAPMAN, AL → CLAXTON, GA",1,1.0,2.926829268292683,410.0
"POCAHONTAS, AR → BIRMINGHAM, AL",1,4.0,2.9258241758241756,364.0
"KINARDS, SC → GOLDEN, MS",1,2.0,2.922755741127349,479.0
"TAHLEQUAH, OK → FORT WORTH, TX",1,3.0,2.9209621993127146,291.0
"DERIDDER, LA → POTTSVILLE, AR",1,1.0,2.9197080291970803,411.0
"DIERKS, AR → RICHMOND, IL",1,2.0,2.9161603888213854,823.0
"BOGALUSA, LA → GUNTER, TX",1,3.0,2.9159519725557463,583.0
"BAY SPRINGS, MS → EDINBURG, TX",1,7.0,2.9156327543424316,806.0
"MILLPORT, AL → INDIANAPOLIS, IN",1,1.0,2.9135338345864663,532.0
"VICKSBURG, MS → SOMERSET, KY",1,13.0,2.9133858267716537,635.0
"BIRMINGHAM, AL → PORTAGE, IN",12,1.5833333333333333,2.9133702531645564,632.0
"BIRMINGHAM, AL → NEW PHILADELPHIA, OH",1,3.0,2.911208151382824,687.0
"TALLADEGA, AL → GRABILL, IN",4,2.0,2.9091591591591586,666.0
"LOUISVILLE, AL → MILROY, IN",1,7.0,2.908805031446541,636.0
"PHILADELPHIA, MS → GRABILL, IN",7,5.714285714285714,2.9073941134242647,796.0
"CORINTH, MS → PRINCEVILLE, IL",2,4.0,2.9069767441860463,516.0
"RUSSELLVILLE, AR → DES PLAINES, IL",2,3.0,2.9061102831594634,671.0
"FULTON, AL → BONHAM, TX",1,1.0,2.905982905982906,585.0
"HOUSTON, TX → WESLACO, TX",2,2.0,2.9044117647058822,340.0
"MILLPORT, AL → SILSBEE, TX",2,2.0,2.9017960288808666,554.0
"OLA, AR → BRYAN, TX",1,1.0,2.9017857142857144,448.0
"MONTICELLO, AR → BEAUMONT, TX",1,1.0,2.9017857142857144,336.0
"MEXIA, AL → TUSCUMBIA, AL",1,3.0,2.901639344262295,305.0
"LANETT, AL → BRYAN, TX",2,0.5,2.8998778998779002,819.0
"BOGALUSA, LA → VINEMONT, AL",1,1.0,2.898550724637681,345.0
"ACKERMAN, MS → CHERRY VALLEY, IL",1,1.0,2.8950953678474116,734.0
"THOMASVILLE, AL → SCHILLER PARK, IL",2,6.0,2.8942428035043806,799.0
"HOLDEN, LA → ELORA, TN",1,2.0,2.8942115768463075,501.0
"BRYAN, TX → DUMAS, TX",2,2.0,2.8914590747330964,562.0
"TUSCUMBIA, AL → FLOWOOD, MS",7,2.142857142857143,2.8906071428571427,280.0
"BOGALUSA, LA → FLINTVILLE, TN",4,2.5,2.8898809523809526,420.0
"MOUNDVILLE, AL → JACKSONVILLE, TX",1,1.0,2.8884462151394423,502.0
"VERONA, MO → ALTON, IL",2,4.0,2.888086642599278,277.0
"NEW ORLEANS, LA → SILSBEE, TX",5,4.4,2.888086642599278,277.0
"HOLDEN, LA → MONTGOMERY, AL",5,3.8,2.8859649122807016,342.0
"GLOSTER, MS → SIMPSONVILLE, SC",1,1.0,2.8858024691358026,648.0
"VICKSBURG, MS → MARKLEVILLE, IN",1,7.0,2.8833551769331587,763.0
"GLOSTER, MS → RIPLEY, TN",2,3.5,2.8821256684491976,374.0
"PINELAND, TX → EDINBURG, TX",1,4.0,2.881763527054108,499.0
"MOUNDVILLE, AL → SILSBEE, TX",1,1.0,2.8810408921933086,538.0
"ROME, GA → JACKSON, TN",1,1.0,2.878787878787879,330.0
"HOLDEN, LA → BIRMINGHAM, AL",2,1.0,2.8779840848806364,377.0
"HAVANA, FL → RIVERSIDE, AL",1,8.0,2.8753993610223643,313.0
"MOUNDVILLE, AL → HOUSTON, TX",4,9.75,2.8735632183908044,609.0
"CARTHAGE, AR → ARMOREL, AR",1,1.0,2.8714859437751006,249.0
"ABBEVILLE, AL → PRICHARD, AL",1,0.0,2.869198312236287,237.0
"BRUCE, MS → GRABILL, IN",7,5.428571428571429,2.869097429766886,717.0
"MILLPORT, AL → FT WORTH, TX",2,1.5,2.869047619047619,630.0
"FLORIEN, LA → LILBURN, GA",2,1.5,2.869030390738061,691.0
"COTTONTON, AL → AUBURN, KY",1,4.0,2.8674698795180724,415.0
"SALEM, MO → JEWETT, TX",3,5.0,2.8672231496939347,599.0
"BRYAN, TX → BAYTOWN, TX",5,2.8,2.867132867132867,143.0
"HOLDEN, LA → FT WORTH, TX",8,1.625,2.86691650390625,512.0
"TALLADEGA, AL → TOLEDO, OH",2,5.0,2.865329512893983,698.0
"DIERKS, AR → JACKSON, TN",1,3.0,2.865329512893983,349.0
"BELK, AL → FT WORTH, TX",1,1.0,2.865168539325843,623.0
"EL DORADO, AR → FORT PAYNE, AL",1,3.0,2.865168539325843,534.0
"MONTICELLO, AR → HOUSTON, TX",1,1.0,2.863961813842482,419.0
"CHOPIN, LA → HALEYVILLE, AL",2,4.5,2.8623949579831933,476.0
"HOLDEN, LA → ENNIS, TX",4,1.0,2.8612869198312234,474.0
"WALDO, AR → HIDALGO, TX",1,1.0,2.8582089552238807,670.0
"BIRMINGHAM, AL → RENSSELAER, IN",4,3.25,2.8580729166666665,576.0
"TAYLOR, LA → BIRMINGHAM, AL",1,1.0,2.857142857142857,420.0
"ACKERMAN, MS → MILROY, IN",3,6.333333333333333,2.857142857142857,588.0
"TAYLOR, LA → PHARR, TX",4,4.5,2.8554313099041533,626.0
"PHILADELPHIA, MS → HARTSELLE, AL",1,6.0,2.854330708661417,254.0
"MOUNDVILLE, AL → TIPP CITY, OH",4,2.25,2.853890728476821,604.0
"COTTONTON, AL → WEST UNION, OH",3,1.3333333333333333,2.8523489932885906,596.0
"VIOLA, AR → LAFAYETTE, IN",4,4.0,2.851870078740158,508.0
"GLOSTER, MS → SAN ANTONIO, TX",1,0.0,2.8517110266159698,526.0
"BOGALUSA, LA → BIRMINGHAM, AL",3,1.0,2.8514327363442025,301.0
"THOMASVILLE, AL → JACKSONVILLE, TX",1,0.0,2.8513238289205702,491.0
"BRYAN, TX → WICHITA, KS",14,4.0,2.847662791375217,527.5714285714286
"EUFAULA, AL → GHENT, KY",1,13.0,2.847571189279732,597.0
"MAGNOLIA, MS → MC INTYRE, GA",5,2.2,2.845890410958904,584.0
"GLOSTER, MS → ALVARADO, TX",1,3.0,2.8451882845188283,478.0
"ABBEVILLE, AL → AUBURN, KY",3,3.3333333333333335,2.844638949671772,457.0
"VICKSBURG, MS → HARRISBURG, IL",1,3.0,2.843813387423935,493.0
"NEW BLOOMFIELD, MO → EVANSVILLE, WI",1,1.0,2.843601895734597,422.0
"HOLDEN, LA → MIDDLEFIELD, OH",3,5.666666666666667,2.8429602888086642,1108.0
"TAYLORSVILLE, MS → SCAMMON, KS",1,2.0,2.8423566878980893,628.0
"BRYAN, TX → ARLINGTON, TX",14,3.2142857142857144,2.842183994016455,191.0
"MEXIA, AL → LOUISVILLE, KY",1,1.0,2.841918294849023,563.0
"TAYLOR, LA → MC LEANSBORO, IL",2,5.5,2.840909090909091,572.0
"DECATUR, AL → WEST UNION, OH",1,1.0,2.840095465393795,419.0
"GLOSTER, MS → PHARR, TX",2,1.0,2.8400597907324365,669.0
"ROME, GA → TIPP CITY, OH",1,3.0,2.839756592292089,493.0
"DIBOLL, TX → EDINBURG, TX",3,2.6666666666666665,2.838015692229815,446.3333333333333
"MANSFIELD, AR → CROWLEY, TX",2,4.0,2.8365384615384617,312.0
"RUSSELLVILLE, AR → MOSCOW, TN",1,3.0,2.834008097165992,247.0
"NEW BLOOMFIELD, MO → DALLAS, TX",1,14.0,2.831858407079646,565.0
"MAGNOLIA, MS → GRABILL, IN",2,2.0,2.831661092530658,897.0
"WARM SPRINGS, AR → SEGUIN, TX",1,3.0,2.831100543478261,736.0
"OLLA, LA → FLINTVILLE, TN",3,3.0,2.8301886792452833,530.0
"BAY SPRINGS, MS → TOWNVILLE, SC",1,8.0,2.827050997782705,451.0
"BRYAN, TX → EDINBURG, TX",7,0.5714285714285714,2.8261711188540457,369.0
"GURDON, AR → SKIDMORE, TX",1,6.0,2.8233151183970855,549.0
"HOLDEN, LA → GHENT, KY",1,7.0,2.8227848101265822,790.0
"CHOPIN, LA → PHARR, TX",5,2.6,2.8226351351351346,592.0
"CHAPMAN, AL → SOMERSET, KY",1,1.0,2.822265625,512.0
"BIRMINGHAM, AL → SCHILLER PARK, IL",3,2.6666666666666665,2.8186274509803924,680.0
"TAYLOR, LA → BIG SPRING, TX",1,3.0,2.81767955801105,543.0
"CORINTH, MS → BRAZIL, IN",1,1.0,2.816901408450704,426.0
"POLLOK, TX → LAREDO, TX",1,7.0,2.815315315315315,444.0
"BAY SPRINGS, MS → MIDDLETON, TN",1,11.0,2.814814814814815,270.0
"TAYLORSVILLE, MS → SEGUIN, TX",1,1.0,2.8135048231511255,622.0
"TAYLOR, LA → FLINTVILLE, TN",2,4.0,2.813302752293578,545.0
"HOLDEN, LA → MT PLEASANT, TX",1,7.0,2.813299232736573,391.0
"SALEM, MO → FULTON, MS",2,3.0,2.8125,360.0
"OLLA, LA → DULUTH, GA",3,3.3333333333333335,2.8123000583771165,571.0
"DIERKS, AR → TOLEDO, OH",1,6.0,2.8121664887940234,937.0
"TAHLEQUAH, OK → ATHENS, TX",4,5.25,2.811979512735327,300.75
"BAY SPRINGS, MS → ACWORTH, GA",1,3.0,2.809917355371901,363.0
"MAPLESVILLE, AL → MIDDLETON, TN",1,18.0,2.808988764044944,267.0
"CORDELE, GA → BIRMINGHAM, AL",6,1.3333333333333333,2.8088584474885843,292.0
"DIERKS, AR → MOSCOW, TN",2,19.0,2.8052805280528053,303.0
"OLLA, LA → ATLANTA, GA",1,3.0,2.803738317757009,535.0
"WYANDOTTE, OK → NORFOLK, NE",1,4.0,2.8,500.0
"BAY SPRINGS, MS → GRABILL, IN",1,2.0,2.798507462686567,804.0
"OLLA, LA → NIEDERWALD, TX",1,2.0,2.7960526315789473,456.0
"SUMMERSVILLE, MO → JEWETT, TX",2,4.5,2.795221843003413,586.0
"BRYAN, TX → PERRY, OK",7,2.5714285714285716,2.7939433838051353,434.0
"MEXIA, AL → GRABILL, IN",1,3.0,2.791563275434243,806.0
"FLORIEN, LA → CORPUS CHRISTI, TX",3,3.6666666666666665,2.790519877675841,436.0
"THORSBY, AL → HOUSTON, TX",1,1.0,2.790014684287812,681.0
"VIOLA, AR → HOUSTON, TX",3,1.3333333333333333,2.7897091722595078,595.6666666666666
"VICKSBURG, MS → AUBURN, KY",6,6.166666666666667,2.788523533204384,517.0
"SALEM, MO → JACKSON, TN",7,6.142857142857143,2.788104089219331,269.0
"BIRMINGHAM, AL → MURFREESBORO, TN",3,5.0,2.78673835125448,186.0
"MOUNDVILLE, AL → BELOIT, WI",2,3.0,2.7843601895734595,844.0
"PHILADELPHIA, MS → SHEPHERDSVILLE, KY",1,7.0,2.782931354359926,539.0
"HOLDEN, LA → MEMPHIS, TN",2,4.5,2.781791907514451,346.0
"BRYAN, TX → MULESHOE, TX",3,6.0,2.777777777777778,498.0
"TUSCUMBIA, AL → CHARLESTON, SC",6,1.1666666666666667,2.777777777777778,585.0
"MONROEVILLE, AL → WEST UNION, OH",1,7.0,2.7777777777777777,684.0
"BOAZ, AL → CASSVILLE, MO",1,5.0,2.7777777777777777,630.0
"BRUCE, MS → PRICHARD, AL",1,1.0,2.7777777777777777,288.0
"PLUMERVILLE, AR → WEST UNION, OH",3,3.0,2.7777777777777772,684.0
"PHILADELPHIA, MS → CARROLLTON, MO",1,4.0,2.7744807121661723,674.0
"DODSON, LA → HIDALGO, TX",3,6.0,2.774374680959674,653.0
"BIRMINGHAM, AL → HANOVER PARK, IL",2,1.5,2.773722627737226,685.0
"BRUCE, MS → COAL VALLEY, IL",1,11.0,2.773497688751926,649.0
"HOLDEN, LA → EDINBURG, TX",3,2.3333333333333335,2.7725812893812307,637.6666666666666
"PROSPERITY, SC → GHENT, KY",2,2.0,2.772177419354839,496.0
"CHAPMAN, AL → ARMOREL, AR",2,3.0,2.769230769230769,455.0
"VERONA, MO → LITTLE ROCK, AR",6,2.8333333333333335,2.7688172043010755,279.0
"BIRMINGHAM, AL → BOGALUSA, LA",4,3.5,2.768729641693811,307.0
"MALVERN, AR → BIRMINGHAM, AL",1,3.0,2.768496420047733,419.0
"VIOLA, AR → SEGUIN, TX",2,2.0,2.7683423913043477,736.0
"JASPER, AL → ARMOREL, AR",1,1.0,2.7675276752767526,271.0
"TAYLOR, LA → BLOUNTSVILLE, AL",1,1.0,2.765726681127983,461.0
"MEXIA, AL → SCHILLER PARK, IL",3,5.666666666666667,2.7619047619047614,875.0
"GLOSTER, MS → DES PLAINES, IL",1,5.0,2.761795166858458,869.0
"TAYLOR, LA → SAINT ROSE, IL",12,4.916666666666667,2.761130136986301,584.0
"TAYLOR, LA → WICHITA, KS",2,9.0,2.7550091074681236,549.0
"MONROEVILLE, AL → GRABILL, IN",3,6.666666666666667,2.753623188405797,805.0
"FORT WORTH, TX → KILGORE, TX",2,1.5,2.751572327044025,159.0
"FLORIEN, LA → BIRMINGHAM, AL",1,0.0,2.7514231499051234,527.0
"BRYAN, TX → DENVER, CO",3,4.666666666666667,2.7508090614886727,927.0
"TAYLOR, LA → EDINBURG, TX",2,3.0,2.7495321761053564,619.0
"TAYLORSVILLE, MS → DUQUOIN, IL",1,3.0,2.749003984063745,502.0
"LEWISVILLE, AR → MARKLEVILLE, IN",4,9.0,2.7486910994764395,764.0
"GLOSTER, MS → EDINBURG, TX",2,3.0,2.7480916030534353,655.0
"TAYLOR, LA → NORTHPORT, AL",1,2.0,2.7472527472527473,364.0
"BRYAN, TX → STEPHENS, AR",2,2.0,2.746153846153846,325.0
"TAYLOR, LA → BOLIVAR, TN",1,2.0,2.745995423340961,437.0
"FOREST, MS → GRABILL, IN",1,3.0,2.743142144638404,802.0
"ROME, GA → GRABILL, IN",1,2.0,2.7419354838709675,620.0
"MILLPORT, AL → KANKAKEE, IL",1,1.0,2.7419354838709675,620.0
"BIRMINGHAM, AL → ELIZABETHTON, TN",6,3.3333333333333335,2.7409372236958447,377.0
"TAYLOR, LA → CASSVILLE, MO",1,3.0,2.73972602739726,438.0
"TUSCUMBIA, AL → NORTH CHARLESTON, SC",24,3.0833333333333335,2.738955823293173,581.0
"BIRMINGHAM, AL → BOURBONNAIS, IL",1,1.0,2.7386541471048513,639.0
"DIBOLL, TX → BROWNSVILLE, TX",4,3.0,2.738611713665943,461.0
"BRYAN, TX → CARROLLTON, MO",1,1.0,2.7369826435246996,749.0
"DIERKS, AR → SOMERSET, KY",2,1.5,2.736801242236025,644.0
"CORINTH, MS → BRYAN, TX",1,3.0,2.735562310030395,658.0
"SALEM, KY → SAVANNAH, GA",1,1.0,2.733118971061093,622.0
"OLLA, LA → MERIDIAN, MS",1,1.0,2.7309236947791167,249.0
"POLLOK, TX → WESLACO, TX",1,1.0,2.7301927194860816,467.0
"MANSFIELD, AR → WACO, TX",2,1.0,2.7272727272727275,385.0
"SALEM, MO → KANKAKEE, IL",2,3.0,2.7255639097744364,399.0
"SILVER CREEK, MS → TIPP CITY, OH",1,4.0,2.7249683143219263,789.0
"GLOSTER, MS → ACWORTH, GA",1,3.0,2.7237354085603114,514.0
"BIRMINGHAM, AL → KANSAS CITY, MO",2,1.0,2.720213239680392,690.0
"SILVER CREEK, MS → SCHILLER PARK, IL",2,7.5,2.7200488997555015,818.0
"BRUCE, MS → KATY, TX",1,1.0,2.72,625.0
"TAYLOR, LA → HONDO, TX",1,1.0,2.719665271966527,478.0
"CORRIGAN, TX → GOLDEN, MS",1,6.0,2.7182866556836904,607.0
"TAYLOR, LA → SCHILLER PARK, IL",2,11.0,2.71718931475029,861.0
"MANSFIELD, AR → JACKSONVILLE, TX",1,1.0,2.7155555555555555,297.0
"BRYAN, TX → AMARILLO, TX",79,3.9746835443037973,2.7143249664804334,519.3037974683544
"WAYNESBORO, MS → BELOIT, WI",1,0.0,2.711864406779661,885.0
"OLLA, LA → MC LEANSBORO, IL",1,13.0,2.7113237639553427,627.0
"GLOSTER, MS → GRABILL, IN",1,2.0,2.7085590465872156,923.0
"OLLA, LA → SHEPHERDSVILLE, KY",1,7.0,2.706359945872801,739.0
"BIRMINGHAM, AL → OWENSBORO, KY",1,0.0,2.7056962025316458,316.0
"VIOLA, AR → CEDAR SPRINGS, GA",2,1.0,2.704113924050633,632.0
"HALFWAY, MO → GREENVILLE, TX",1,3.0,2.7027027027027026,444.0
"SALEM, MO → ELKHART, TX",1,3.0,2.7027027027027026,592.0
"ALAPAHA, GA → RANBURNE, AL",17,3.1176470588235294,2.7008528318390552,269.0
"CORINTH, MS → CHERRY VALLEY, IL",6,2.6666666666666665,2.700490998363339,611.0
"IDABEL, OK → HOUSTON, TX",5,2.4,2.6997420100676424,315.0
"MC SHAN, AL → HOUSTON, TX",3,3.3333333333333335,2.6925148088314486,619.0
"IDABEL, OK → HOWARDS GROVE, WI",1,15.0,2.691924227318046,1003.0
"BRYAN, TX → EL DORADO, KS",3,4.333333333333333,2.690909090909091,550.0
"OLLA, LA → HIDALGO, TX",2,1.5,2.68359375,640.0
"MAGNOLIA, AR → CHATTANOOGA, TN",3,1.0,2.681992337164751,609.0
"BRYAN, TX → PHARR, TX",2,9.5,2.680965147453083,373.0
"BIRMINGHAM, AL → NACOGDOCHES, TX",1,7.0,2.679856115107914,556.0
"PHILADELPHIA, MS → DAYTON, OH",1,9.0,2.6798307475317347,709.0
"DODSON, LA → ARMOREL, AR",1,1.0,2.6776649746192893,394.0
"BRYAN, TX → ALTON, TX",6,3.8333333333333335,2.6776315789473686,380.0
"TAYLOR, LA → SIKESTON, MO",8,5.625,2.6750000000000007,446.0
"CAMDEN, TX → WESLACO, TX",1,3.0,2.6744186046511627,430.0
"CORINTH, MS → IRVING, TX",1,2.0,2.6737967914438503,561.0
"BUCKS, AL → CAMP DOUGLAS, WI",1,1.0,2.673450508788159,1081.0
"ABBEVILLE, AL → HOUSTON, TX",1,1.0,2.6722925457102673,711.0
"HAZLEHURST, GA → BIRMINGHAM, AL",1,2.0,2.6706231454005933,337.0
"BRYAN, TX → CARTER LAKE, IA",2,1.5,2.6699029126213594,824.0
"BRYAN, TX → PRICHARD, AL",1,5.0,2.667814113597246,581.0
"WARREN, AR → SCHILLER PARK, IL",3,7.666666666666667,2.667124542124542,728.0
"MERIDIAN, MS → BELOIT, WI",1,7.0,2.6666666666666665,825.0
"OLLA, LA → MIDDLETON, TN",14,11.571428571428571,2.6659959758551315,426.0
"EFFINGHAM, SC → TOLEDO, OH",1,1.0,2.6657060518731988,694.0
"DODSON, LA → WICHITA, KS",1,7.0,2.665589660743134,619.0
"VERONA, MO → INDIANAPOLIS, IN",1,4.0,2.6639344262295084,488.0
"EXETER, MO → GRAPELAND, TX",2,1.0,2.660123966942149,484.0
"OPELIKA, AL → MIDDLETON, TN",1,8.0,2.65625,320.0
"GLOSTER, MS → HIDALGO, TX",1,5.0,2.6548672566371683,678.0
"OLLA, LA → PHARR, TX",1,1.0,2.654516640253566,631.0
"SALEM, MO → HALTOM CITY, TX",2,4.0,2.654109589041096,584.0
"OLLA, LA → TUSCOLA, IL",2,5.0,2.6537433155080214,748.0
"ABBEVILLE, AL → IRVING, TX",1,3.0,2.6525198938992043,754.0
"CORINTH, MS → COAL VALLEY, IL",2,4.0,2.6521739130434785,575.0
"KNOXVILLE, TN → BIRMINGHAM, AL",1,5.0,2.6515151515151514,264.0
"SILVER CREEK, MS → OLIVE BRANCH, MS",1,6.0,2.6515151515151514,264.0
"NACOGDOCHES, TX → DONNA, TX",1,5.0,2.6476578411405294,491.0
"ABBEVILLE, AL → DALLAS, TX",11,5.090909090909091,2.647345942647956,745.0
"BRYAN, TX → EMERSON, AR",3,4.0,2.6451612903225805,310.0
"TAHLEQUAH, OK → LITCHFIELD, IL",2,2.0,2.6447661469933186,449.0
"SUMMERSVILLE, MO → INDIANAPOLIS, IN",1,6.0,2.644230769230769,416.0
"DEQUINCY, LA → MIDDLETON, TN",1,1.0,2.643581081081081,592.0
"HOLDEN, LA → WALNUT, MS",1,6.0,2.642925,400.0
"BIRMINGHAM, AL → JACKSON, MI",1,7.0,2.642857142857143,700.0
"BRYAN, TX → TERRELL, TX",1,6.0,2.6424870466321244,193.0
"GARLAND, TX → KILGORE, TX",1,1.0,2.6422764227642275,123.0
"WINONA, MS → BELOIT, WI",3,1.3333333333333333,2.641203703703704,720.0
"BOGALUSA, LA → GRABILL, IN",4,3.25,2.640333333333333,900.0
"DEQUINCY, LA → SAGINAW, TX",1,1.0,2.6384057971014494,345.0
"VERONA, MO → JEWETT, TX",4,1.5,2.635814889336016,497.0
"WARREN, AR → SOUTH BEND, IN",5,3.8,2.6323702737940025,767.0
"TOLEDO, OH → TOCCOA, GA",1,9.0,2.6315789473684212,646.0
"OLLA, LA → JACKSON, TN",2,2.0,2.6315789473684212,456.0
"PHILADELPHIA, MS → TOLEDO, OH",1,7.0,2.628504672897196,856.0
"CHOPIN, LA → WEBB, AL",6,1.8333333333333333,2.626805314846909,577.0
"DIERKS, AR → GRABILL, IN",3,8.666666666666666,2.625543693159351,843.0
"CARROLLTON, GA → MARKLEVILLE, IN",2,4.5,2.6241438356164384,584.0
"RUSSELLVILLE, AR → WEST UNION, OH",1,3.0,2.622720897615708,713.0
"CORPUS CHRISTI, TX → WAXAHACHIE, TX",1,4.0,2.619047619047619,357.0
"MOUNDVILLE, AL → MARKLEVILLE, IN",1,7.0,2.6186440677966103,590.0
"OLLA, LA → BOLIVAR, TN",1,1.0,2.618483412322275,422.0
"BAY SPRINGS, MS → HOWARDS GROVE, WI",1,2.0,2.6172300981461287,917.0
"HALFWAY, MO → LITTLE ROCK, AR",2,1.0,2.616279069767442,258.0
"BIRMINGHAM, AL → ROCK ISLAND, IL",2,5.0,2.6158038147138964,734.0
"DIERKS, AR → BIRMINGHAM, AL",1,4.0,2.6156941649899395,497.0
"BIRMINGHAM, AL → TOLEDO, OH",8,4.25,2.615671641791045,670.0
"BIRMINGHAM, AL → WINTER HAVEN, FL",4,1.0,2.613268608414239,618.0
"BOGALUSA, LA → BOLIVAR, TN",1,1.0,2.6109660574412534,383.0
"TAYLOR, LA → DULUTH, GA",1,1.0,2.6109215017064846,586.0
"TAYLOR, LA → TUSCOLA, IL",6,3.1666666666666665,2.607705314009662,690.0
"DIERKS, AR → FORT PAYNE, AL",1,1.0,2.60707635009311,537.0
"MILLPORT, AL → TIPP CITY, OH",1,7.0,2.606473594548552,587.0
"PLUMERVILLE, AR → SYCAMORE, IL",2,3.0,2.6033690658499236,653.0
"MAGNOLIA, MS → TUSCUMBIA, AL",2,1.0,2.602739726027397,365.0
"HOLDEN, LA → TUSCUMBIA, AL",1,24.0,2.600472813238771,423.0
"CHOPIN, LA → TRINITY, AL",1,4.0,2.6,558.0
"EFFINGHAM, SC → BIRMINGHAM, AL",1,3.0,2.5974025974025974,462.0
"TAYLOR, LA → POPLAR BLUFF, MO",1,3.0,2.5949367088607596,395.0
"VICKSBURG, MS → WEST UNION, OH",1,4.0,2.5936675461741423,758.0
"GURDON, AR → KANKAKEE, IL",1,1.0,2.5925925925925926,675.0
"HOLDEN, LA → GRAND PRAIRIE, TX",1,1.0,2.591183673469388,490.0
"MERIDIAN, MS → INDIANAPOLIS, IN",2,5.0,2.590544871794872,624.0
"IDABEL, OK → HIDALGO, TX",1,1.0,2.5899280575539567,695.0
"HOLDEN, LA → BROWNSVILLE, TX",3,6.0,2.5875190258751903,657.0
"OLLA, LA → RICHMOND, IL",1,3.0,2.5853154084798344,967.0
"JASPER, AL → DES PLAINES, IL",1,1.0,2.58493353028065,677.0
"HOLDEN, LA → OTTAWA LAKE, MI",2,3.5,2.5837320574162677,1045.0
"HALFWAY, MO → EVANSVILLE, WI",1,7.0,2.5830258302583027,542.0
"SALEM, MO → RENSSELAER, IN",2,1.5,2.5821596244131455,426.0
"HOLDEN, LA → DURANT, OK",1,5.0,2.57992277992278,518.0
"ALAPAHA, GA → RIDGEWAY, VA",15,3.0,2.5754614387585977,532.6666666666666
"ALBANY, GA → FORT PAYNE, AL",1,1.0,2.5752508361204014,299.0
"TAYLOR, LA → PRINCEVILLE, IL",1,7.0,2.5745257452574526,738.0
"CORDELE, GA → TOLEDO, OH",1,14.0,2.573529411764706,816.0
"IDABEL, OK → BRAZIL, IN",5,13.4,2.5714285714285716,735.0
"CHOPIN, LA → BIRMINGHAM, AL",7,1.5714285714285714,2.5699743311242287,481.85714285714283
"BRYAN, TX → KANSAS CITY, MO",1,24.0,2.5697503671071953,681.0
"KINARDS, SC → BALTIMORE, MD",1,0.0,2.5684931506849313,584.0
"BOGALUSA, LA → MEMPHIS, TN",2,2.5,2.5684556407447974,331.0
"BIRMINGHAM, AL → WEST MONROE, LA",3,3.3333333333333335,2.5662100456621,365.0
"SALEM, MO → FLOWOOD, MS",15,4.0,2.565824795842613,449.0
"BRYAN, TX → DES MOINES, IA",3,8.333333333333334,2.5641025641025643,871.0
"SALEM, MO → EULESS, TX",1,2.0,2.5618374558303887,566.0
"HOLDEN, LA → EATONTON, GA",1,4.0,2.5618374558303887,566.0
"BRYAN, TX → CONCORDIA, KS",1,2.0,2.5602409638554215,664.0
"BRYAN, TX → CHANNELVIEW, TX",2,3.0,2.559055118110236,127.0
"PLUMERVILLE, AR → ARTHUR, IL",1,2.0,2.556390977443609,532.0
"BRYAN, TX → MANLY, IA",1,1.0,2.555110220440882,998.0
"IDABEL, OK → MARKLEVILLE, IN",2,4.0,2.5540865384615383,832.0
"TALLADEGA, AL → OTTAWA LAKE, MI",1,4.0,2.5531914893617023,705.0
"PINELAND, TX → PHARR, TX",3,2.6666666666666665,2.5513585155732272,503.0
"ACKERMAN, MS → GRABILL, IN",1,1.0,2.5476839237057223,734.0
"WARREN, AR → WEST UNION, OH",2,3.5,2.5451339915373765,709.0
"GURDON, AR → SCHILLER PARK, IL",2,4.0,2.5435073627844713,747.0
"HONDO, TX → FT WORTH, TX",1,1.0,2.542319749216301,319.0
"BIRMINGHAM, AL → IRVING, TX",3,2.0,2.5418569254185694,657.0
"PINELAND, TX → HIDALGO, TX",2,2.5,2.5390625,512.0
"POLLOCK, LA → RIPLEY, TN",1,3.0,2.5386313465783665,453.0
"HALFWAY, MO → RENSSELAER, IN",2,6.5,2.5361570247933884,484.0
"THOMASVILLE, AL → HUTCHINS, TX",1,7.0,2.535335689045936,566.0
"CHOPIN, LA → GORDO, AL",1,3.0,2.5350467289719627,428.0
"BOAZ, AL → HOUSTON, TX",1,7.0,2.533333333333333,750.0
"ROUND ROCK, TX → LEWISVILLE, AR",1,6.0,2.5319693094629154,391.0
"GURDON, AR → MARKLEVILLE, IN",1,7.0,2.5316455696202533,711.0
"BRYAN, TX → TYLER, TX",3,4.0,2.5265392781316347,157.0
"OLLA, LA → EDINBURG, TX",3,4.333333333333333,2.525252525252525,627.0
"HOLDEN, LA → SOMERSET, KY",3,5.333333333333333,2.5238095238095237,735.0
"SUMMERSVILLE, MO → GRAPELAND, TX",1,4.0,2.5225225225225225,555.0
"MANSFIELD, AR → BRYAN, TX",4,1.5,2.5220588235294117,442.0
"MONROEVILLE, AL → WOOD DALE, IL",1,5.0,2.520045819014891,873.0
"BUCKS, AL → ANNISTON, AL",1,1.0,2.5186084142394822,309.0
"CORINTH, MS → BROWNSVILLE, TX",1,6.0,2.514792899408284,1014.0
"VICKSBURG, MS → WELLFORD, SC",2,2.5,2.5126050420168067,595.0
"BIRMINGHAM, AL → LAFAYETTE, IN",1,1.0,2.512029520295203,542.0
"BRYAN, TX → LINDON, UT",2,2.5,2.511904761904762,1344.0
"TAYLOR, LA → MIDDLETON, TN",13,11.538461538461538,2.511773940345369,441.0
"CARRSVILLE, KY → SAVANNAH, GA",1,1.0,2.511664074650078,643.0
"BROOKHAVEN, MS → BRAZIL, IN",1,3.0,2.511078286558346,677.0
"TAYLOR, LA → COAL VALLEY, IL",1,1.0,2.5094102885821834,797.0
"CHOPIN, LA → SOUTH BEND, IN",4,2.25,2.50365141187926,1027.0
"SALEM, MO → GRAPELAND, TX",2,3.0,2.503521126760563,568.0
"DECATUR, AL → HOUSTON, TX",1,1.0,2.50334672021419,747.0
"TAYLOR, LA → TOLEDO, OH",1,4.0,2.5,1010.0
"CARTHAGE, AR → TOLEDO, OH",1,6.0,2.4971098265895955,865.0
"LOUISVILLE, AL → DALLAS, TX",2,2.5,2.4965659340659343,728.0
"PINELAND, TX → KANSAS CITY, KS",1,1.0,2.49609984399376,641.0
"SUMMERSVILLE, MO → RENSSELAER, IN",4,3.0,2.494493392070485,454.0
"PLUMERVILLE, AR → TOLEDO, OH",1,1.0,2.494131455399061,852.0
"SUMMERSVILLE, MO → HOUSTON, TX",1,2.0,2.4925149700598803,668.0
"OLLA, LA → SAINT ROSE, IL",5,7.6,2.4909629629629633,675.0
"ELDON, MO → FULTON, MS",1,1.0,2.48868778280543,442.0
"TROY, AL → TOLEDO, OH",2,6.0,2.487562189054726,804.0
"HAZLEHURST, GA → WEST UNION, OH",4,1.25,2.4867021276595747,658.0
"BRYAN, TX → MAGNOLIA, AR",1,1.0,2.484472049689441,322.0
"VIOLA, AR → EVANSVILLE, WI",2,2.5,2.4824253075571177,569.0
"MILLPORT, AL → HOWARDS GROVE, WI",1,2.0,2.4818401937046004,826.0
"ALAPAHA, GA → INDEPENDENCE, OH",1,4.0,2.4807056229327453,907.0
"IDABEL, OK → SHEFFIELD, IA",2,7.5,2.4793388429752063,726.0
"OLLA, LA → SCHILLER PARK, IL",4,7.5,2.476801310043668,916.0
"ATOKA, OK → ROBSTOWN, TX",1,1.0,2.476280834914611,527.0
"HALFWAY, MO → LONGVIEW, TX",1,1.0,2.4691358024691357,486.0
"HAVANA, FL → HENDRICKS, WV",1,3.0,2.4663677130044843,892.0
"RICEBORO, GA → RANBURNE, AL",6,3.3333333333333335,2.465686274509804,340.0
"GLOSTER, MS → OTTAWA LAKE, MI",2,5.0,2.465483234714004,1014.0
"OLLA, LA → SIKESTON, MO",2,12.5,2.462121212121212,528.0
"MANSFIELD, AR → WEST UNION, OH",2,1.5,2.4619771863117874,789.0
"BRYAN, TX → SHEFFIELD, IA",4,4.0,2.461340206185567,970.0
"AUSTIN, MN → EXETER, MO",3,3.0,2.4604569420035145,569.0
"DIERKS, AR → NORTHPORT, AL",1,4.0,2.459016393442623,488.0
"MERIDIAN, MS → EDINBURG, TX",1,2.0,2.453271028037383,856.0
"BRYAN, TX → TOPEKA, KS",4,12.5,2.4489409984871404,661.0
"NAVASOTA, TX → PASS CHRISTIAN, MS",1,2.0,2.4444444444444446,450.0
"TAYLOR, LA → CHERRY VALLEY, IL",2,11.0,2.443045563549161,834.0
"APPLING, GA → POLLARD, AR",1,0.0,2.442528735632184,696.0
"OLLA, LA → TOLEDO, OH",2,11.5,2.4390243902439024,1066.0
"BIRMINGHAM, AL → GREENCASTLE, PA",1,2.0,2.4285714285714284,735.0
"BRYAN, TX → HEBER SPRINGS, AR",2,3.5,2.42827868852459,488.0
"VERONA, MO → CAYCE, SC",3,2.6666666666666665,2.428256070640176,906.0
"VERONA, MO → HOUSTON, TX",1,1.0,2.424483306836248,629.0
"BRUCE, MS → TIPP CITY, OH",1,5.0,2.4227642276422765,615.0
"ACKERMAN, MS → TOLEDO, OH",2,4.0,2.4213836477987423,795.0
"VIOLA, AR → LANCASTER, SC",2,5.0,2.4174528301886795,848.0
"DODSON, LA → MIDDLETON, TN",3,9.666666666666666,2.416263079222721,446.0
"BRYAN, TX → JACKSON, TN",1,1.0,2.4143302180685358,642.0
"BRYAN, TX → EL PASO, TX",4,3.5,2.4121323529411764,680.0
"TROY, AL → OTTAWA LAKE, MI",2,6.0,2.4074074074074074,810.0
"CARRSVILLE, KY → SEGUIN, TX",1,7.0,2.406417112299465,935.0
"BOGALUSA, LA → BELOIT, WI",6,2.6666666666666665,2.405315938942137,939.0
"IDABEL, OK → WALNUT, MS",1,1.0,2.4038461538461537,416.0
"IDABEL, OK → MIDDLETON, TN",3,17.666666666666668,2.403467297084318,423.0
"HOLDEN, LA → OLIVE BRANCH, MS",1,7.0,2.402973760932945,343.0
"MANSFIELD, AR → AUBURN, KY",3,2.6666666666666665,2.4026763990267637,548.0
"RUSSELLVILLE, AR → BERRIEN SPRINGS, MI",5,2.8,2.4015247776365944,787.0
"HALFWAY, MO → JEWETT, TX",1,3.0,2.399650959860384,573.0
"OLLA, LA → MEMPHIS, TN",4,6.0,2.397260273972603,365.0
"BROOKHAVEN, MS → WOOD DALE, IL",1,10.0,2.395320197044335,812.0
"ACKERMAN, MS → LAFAYETTE, IN",1,1.0,2.39477503628447,689.0
"ELDON, MO → SEGUIN, TX",1,5.0,2.3901808785529717,774.0
"HAZLEHURST, GA → AUBURN, KY",1,2.0,2.3847695390781563,499.0
"IDABEL, OK → PASADENA, TX",2,5.0,2.3846153846153846,325.0
"BRYAN, TX → WYLIE, TX",4,5.5,2.3815789473684212,190.0
"VERONA, MO → EVANSVILLE, WI",1,1.0,2.3769100169779285,589.0
"BRUCE, MS → MARYSVILLE, OH",1,2.0,2.375366568914956,682.0
"DERIDDER, LA → MIDDLETON, TN",1,13.0,2.372262773722628,548.0
"TAYLOR, LA → HIDALGO, TX",2,6.0,2.367394695787832,641.0
"DIERKS, AR → MARKLEVILLE, IN",2,4.5,2.3666666666666667,750.0
"VIOLA, AR → HEWITT, TX",2,1.5,2.365684575389948,577.0
"HALFWAY, MO → HARRISBURG, AR",1,8.0,2.3636363636363638,275.0
"LEOLA, AR → BIRMINGHAM, AL",1,1.0,2.36104513064133,421.0
"SUMMERSVILLE, MO → PORTLAND, IN",1,1.0,2.357563850687623,509.0
"TAHLEQUAH, OK → GRAND PRAIRIE, TX",1,6.0,2.3550724637681157,276.0
"EXETER, MO → SEGUIN, TX",1,4.0,2.3510971786833856,638.0
"MANSFIELD, AR → SILSBEE, TX",12,2.8333333333333335,2.350877192982456,380.0
"BRYAN, TX → GARDEN CITY, KS",6,6.5,2.3494860499265786,681.0
"ATOKA, OK → SEGUIN, TX",1,2.0,2.344559585492228,386.0
"ACKERMAN, MS → TIPP CITY, OH",1,1.0,2.33587786259542,655.0
"TAYLOR, LA → JACKSON, TN",2,1.5,2.33451536643026,423.0
"SALEM, MO → BOURBONNAIS, IL",2,3.0,2.3284313725490198,408.0
"PLUMERVILLE, AR → MARKLEVILLE, IN",1,4.0,2.3273273273273274,666.0
"TAYLOR, LA → ATLANTA, GA",2,1.0,2.327272727272727,550.0
"ALAPAHA, GA → WEST UNION, OH",3,3.0,2.3248629795714995,669.0
"ELDON, MO → HOUSTON, TX",2,2.0,2.3127463863337714,761.0
"HOLDEN, LA → TOLEDO, OH",1,4.0,2.3085004775549187,1047.0
"POCAHONTAS, AR → SEGUIN, TX",1,1.0,2.306648575305292,737.0
"SALEM, KY → FORT WORTH, TX",1,2.0,2.301255230125523,717.0
"OLLA, LA → MOSCOW, TN",1,1.0,2.300995024875622,402.0
"CARRSVILLE, KY → GRAPELAND, TX",1,1.0,2.2997032640949553,674.0
"TAYLOR, LA → WALNUT, MS",1,6.0,2.293577981651376,436.0
"OLLA, LA → PANAMA CITY, FL",1,1.0,2.2931654676258995,556.0
"COUSHATTA, LA → CROSSVILLE, TN",1,4.0,2.2916666666666665,720.0
"EXETER, MO → FORT WORTH, TX",1,1.0,2.2836538461538463,416.0
"BRYAN, TX → ABERDEEN, MS",1,1.0,2.2764227642276422,615.0
"DERIDDER, LA → SCHILLER PARK, IL",1,3.0,2.272727272727273,1012.0
"MONTICELLO, AR → BELOIT, WI",1,4.0,2.272727272727273,748.0
"RISON, AR → KANKAKEE, IL",1,6.0,2.270642201834862,654.0
"KNOXVILLE, TN → RENSSELAER, IN",1,0.0,2.2643923240938166,469.0
"HOLDEN, LA → CHICKASHA, OK",1,3.0,2.2633136094674557,676.0
"COTTONTON, AL → SCHILLER PARK, IL",2,1.0,2.261904761904762,840.0
"PLUMERVILLE, AR → CHATTANOOGA, TN",1,4.0,2.2600000000000002,513.0
"SALEM, MO → SAVANNAH, GA",2,1.0,2.259389671361502,852.0
"BRYAN, TX → WALNUT, MS",1,4.0,2.2531645569620253,632.0
"OLLA, LA → ARMOREL, AR",1,1.0,2.2522522522522523,444.0
"MILLPORT, AL → VENTURA, CA",1,1.0,2.242808386153096,2051.0
"BRYAN, TX → OLIVE BRANCH, MS",1,4.0,2.2413793103448274,580.0
"GRABILL, IN → MONROEVILLE, AL",1,-1.0,2.2360248447204967,805.0
"BRYAN, TX → MEMPHIS, TN",12,3.1666666666666665,2.22910477010898,559.8333333333334
"JOYCE, LA → WALNUT, MS",1,0.0,2.2271714922048997,449.0
"PHILADELPHIA, MS → HIDALGO, TX",1,2.0,2.217142857142857,875.0
"TAYLOR, LA → BELOIT, WI",1,5.0,2.2118742724097786,859.0
"MILLERS TAVERN, VA → SUMMER SHADE, KY",66,2.696969696969697,2.2035151515151523,625.0
"PLUMERVILLE, AR → OTTAWA LAKE, MI",1,1.0,2.2,850.0
"MANSFIELD, AR → SOMERSET, KY",1,3.0,2.1996996996997,666.0
"OLLA, LA → SOMERSET, KY",1,6.0,2.1970705725699067,751.0
"ELDON, MO → LONGVIEW, TX",1,1.0,2.195571955719557,542.0
"HALFWAY, MO → CAYCE, SC",1,8.0,2.192982456140351,912.0
"CORDELE, GA → HALLS, TN",1,4.0,2.191413237924866,559.0
"HALFWAY, MO → SEGUIN, TX",1,4.0,2.1905424200278163,719.0
"ELDON, MO → GRAPELAND, TX",2,2.5,2.1875,608.0
"BRYAN, TX → BIRMINGHAM, AL",2,2.0,2.1868685376661743,677.0
"NAVASOTA, TX → BURNET, TX",1,6.0,2.1739130434782608,161.0
"CHOPIN, LA → WEST UNION, OH",1,4.0,2.170502092050209,956.0
"MARIANNA, FL → SAVANNAH, GA",1,1.0,2.1621621621621623,370.0
"OLLA, LA → BENTON, KY",1,11.0,2.158550185873606,538.0
"TROY, AL → SCHILLER PARK, IL",1,7.0,2.1525215252152523,813.0
"BRYAN, TX → IUKA, MS",1,4.0,2.1513353115727,674.0
"HOLDEN, LA → OWENSBORO, KY",1,1.0,2.150537634408602,651.0
"BRYAN, TX → VENTURA, CA",2,8.5,2.140077821011673,1542.0
"OLLA, LA → KANKAKEE, IL",1,7.0,2.132701421800948,844.0
"BIRMINGHAM, AL → TOPEKA, KS",1,2.0,2.130492676431425,751.0
"VERONA, MO → SAVANNAH, GA",1,2.0,2.1186440677966103,944.0
"SALEM, MO → PELHAM, AL",1,9.0,2.1169354838709675,496.0
"SALEM, MO → HOUSTON, TX",3,3.0,2.1128423040604347,706.0
"HOLDEN, LA → MARKLEVILLE, IN",1,4.0,2.102803738317757,856.0
"HALFWAY, MO → FULTON, MS",1,1.0,2.102272727272727,440.0
"MANSFIELD, AR → SCHILLER PARK, IL",2,4.0,2.0917678812415654,741.0
"GLOSTER, MS → TOLEDO, OH",2,4.0,2.0907297830374754,1014.0
"CORDELE, GA → HOUSTON, TX",1,3.0,2.0676691729323307,798.0
"HAVANA, FL → WHITEVILLE, TN",1,1.0,2.0669291338582676,508.0
"BRYAN, TX → ASHLAND CITY, TN",5,3.6,2.048845953002611,766.0
"BRYAN, TX → LOMBARD, IL",2,10.5,2.0456707897240722,1051.0
"TROY, AL → BRAZIL, IN",1,6.0,2.039151712887439,613.0
"BEARDEN, AR → MARKLEVILLE, IN",1,4.0,2.035211267605634,710.0
"VERONA, MO → FULTON, MS",2,1.0,2.0288683602771362,433.0
"BRYAN, TX → ROCK ISLAND, IL",1,0.0,2.019230769230769,1040.0
"SUMMERSVILLE, MO → FULTON, MS",1,3.0,2.0172910662824206,347.0
"BRYAN, TX → FLINTVILLE, TN",3,5.333333333333333,1.996723996723997,814.0
"BRYAN, TX → FAYETTEVILLE, TN",16,8.3125,1.9913686806411839,811.0
"VERONA, MO → JACKSON, TN",1,0.0,1.9140625,384.0
"BRYAN, TX → MERIDIAN, MS",1,4.0,1.9136960600375235,533.0
"HALF WAY, MO → BIRMINGHAM, AL",1,1.0,1.9128113879003559,562.0
"MARSHALL, TX → SCHILLER PARK, IL",3,3.3333333333333335,1.813892034730087,883.0
"FORT WORTH, TX → WESLACO, TX",1,2.0,1.7698412698412698,504.0
"BIRMINGHAM, AL → LOMBARD, IL",1,2.0,1.7037037037037037,675.0
"BRYAN, TX → KATY, TX",2,10.5,1.6666666666666667,90.0
"BIRMINGHAM, AL → ELKIN, NC",4,9.5,1.5151515151515151,462.0
"FORDYCE, AR → SOMERSET, KY",1,2.0,1.4796907216494843,582.0
"TAHLEQUAH, OK → SUNNYVALE, CA",2,6.0,0.6947872943845718,1763.0
"ENNIS, TX → PERRY, OK",3,3.3333333333333335,0.16286644951140064,307.0
"BIRMINGHAM, AL → TARRANT, AL",1,5.0,,
"BRYAN, TX → BUDA, TX",1,7.0,,
"BRYAN, TX → WHEELOCK, TX",21,0.5238095238095238,,
"BUCKS, AL → MIDDLETON, TN",1,8.0,,
"BUTTZVILLE, NJ → BUTTZVILLE, NJ",4,0.0,,
"FULTON, MS → FULTON, MS",1,3.0,,
"GILMER, TX → BROWNWOOD, TX",1,4.0,,
"GILMER, TX → CHATTANOOGA, TN",1,2.0,,0.0
"GILMER, TX → LONGVIEW, TX",1,4.0,,
"GILMER, TX → SHREVEPORT, LA",1,2.0,,0.0
"HENDERSON, TX → HENDERSON, TX",2,4.5,,0.0
"nan, nan → CREDIT, nan",18,-28.72222222222222,,
"nan, nan → DEBIT, nan",9,-27.88888888888889,,
