region,mill,item_description,dimension,length_ft,grade,date,delivered_cost_per_mbf,rl_date,rl_price_per_mbf,days_to_rl_quote,match_flag,basis_abs,item_description_key
Central,"Austell Forest Products Inc (Gordo, AL)",1X4-8 #2 SYP KD-HT,1x4,8,2,2025-01-13 00:00:00,549.999970278533,,,,no_series,,1x4 #2
Central,"Austell Forest Products Inc (Gordo, AL)",1X4-8 #2 SYP KD-HT,1x4,8,2,2025-01-13 00:00:00,549.999970278533,,,,no_series,,1x4 #2
Central,"Austell Forest Products Inc (Gordo, AL)",1X4-8 #2 SYP KD-HT,1x4,8,2,2025-01-15 00:00:00,549.999970278533,,,,no_series,,1x4 #2
Central,"Austell Forest Products Inc (Gordo, AL)",1X4-8 #2 SYP KD-HT,1x4,8,2,2025-01-15 00:00:00,549.999970278533,,,,no_series,,1x4 #2
Central,"Austell Forest Products Inc (Gordo, AL)",1X4-8 #2 SYP KD-HT,1x4,8,2,2025-02-20 00:00:00,665.0,,,,no_series,,1x4 #2
Central,"Austell Forest Products Inc (Gordo, AL)",1X4-8 #2 SYP KD-HT,1x4,8,2,2025-02-27 00:00:00,665.0,,,,no_series,,1x4 #2
Central,"Austell Forest Products Inc (Gordo, AL)",1X4-8 #2 SYP KD-HT,1x4,8,2,2025-02-27 00:00:00,675.0,,,,no_series,,1x4 #2
Central,"Austell Forest Products Inc (Gordo, AL)",1X4-8 #2 SYP KD-HT,1x4,8,2,2025-03-10 00:00:00,675.0,,,,no_series,,1x4 #2
Central,"Austell Forest Products Inc (Gordo, AL)",1X4-8 #2 SYP KD-HT,1x4,8,2,2025-03-10 00:00:00,650.434782608696,,,,no_series,,1x4 #2
Central,"Austell Forest Products Inc (Gordo, AL)",1X4-8 #2 SYP KD-HT,1x4,8,2,2025-03-31 00:00:00,699.999968927557,,,,no_series,,1x4 #2
Central,"Austell Forest Products Inc (Gordo, AL)",1X4-8 #2 SYP KD-HT,1x4,8,2,2025-04-03 00:00:00,699.999968927557,,,,no_series,,1x4 #2
Central,"Austell Forest Products Inc (Gordo, AL)",1X4-10 #2 SYP KD-HT,1x4,10,2,2025-01-13 00:00:00,550.023872563913,,,,no_series,,1x4 #2
Central,"Austell Forest Products Inc (Gordo, AL)",1X4-10 #2 SYP KD-HT,1x4,10,2,2025-01-13 00:00:00,550.023872563913,,,,no_series,,1x4 #2
Central,"Austell Forest Products Inc (Gordo, AL)",1X4-10 #2 SYP KD-HT,1x4,10,2,2025-01-13 00:00:00,550.023872563913,,,,no_series,,1x4 #2
Central,"Austell Forest Products Inc (Gordo, AL)",1X4-10 #2 SYP KD-HT,1x4,10,2,2025-01-13 00:00:00,550.023872563913,,,,no_series,,1x4 #2
Central,"Austell Forest Products Inc (Gordo, AL)",1X4-10 #2 SYP KD-HT,1x4,10,2,2025-01-13 00:00:00,550.023872563913,,,,no_series,,1x4 #2
Central,"Austell Forest Products Inc (Gordo, AL)",1X4-10 #2 SYP KD-HT,1x4,10,2,2025-01-13 00:00:00,550.023872563913,,,,no_series,,1x4 #2
Central,"Austell Forest Products Inc (Gordo, AL)",1X4-10 #2 SYP KD-HT,1x4,10,2,2025-03-14 00:00:00,620.026910890229,,,,no_series,,1x4 #2
Central,"Austell Forest Products Inc (Gordo, AL)",1X4-10 #2 SYP KD-HT,1x4,10,2,2025-03-14 00:00:00,620.026910890229,,,,no_series,,1x4 #2
Central,"Austell Forest Products Inc (Gordo, AL)",1X4-10 #2 SYP KD-HT,1x4,10,2,2025-03-14 00:00:00,620.026910890229,,,,no_series,,1x4 #2
Central,"Austell Forest Products Inc (Gordo, AL)",1X4-10 #2 SYP KD-HT,1x4,10,2,2025-03-26 00:00:00,620.026910890229,,,,no_series,,1x4 #2
Central,"Canfor Southern Pine (Bucks, AL)",2X4-12 #2 SYP KD-HT,2x4,12,2,2025-01-06 00:00:00,403.381524725275,2025-01-03,325.0,3.0,ok,78.38152472527503,2x4 #2
Central,"Doman Lumber (Hattiesburg, MS)",6X6-8 #2 SYP Treated,6x6,8,2,2025-01-07 00:00:00,725.000037615741,,,,no_series,,6x6 #2
Central,"Doman Lumber (Hattiesburg, MS)",6X6-10 #2 SYP Treated,6x6,10,2,2025-01-07 00:00:00,780.000045138889,,,,no_series,,6x6 #2
Central,"Georgia-Pacfic Corp (Talladega, AL)",2X4-8 #2 NGM SYP KW,2x4,8,2,2025-05-22 00:00:00,249.010867932088,2025-05-16,495.0,6.0,ok,-245.989132067912,2x4 #2
Central,"Georgia-Pacfic Corp (Talladega, AL)",2X6-8 #2 SYP KD-HT,2x6,8,2,2025-03-14 00:00:00,371.091264204546,2025-03-14,355.0,0.0,ok,16.091264204546007,2x6 #2
Central,"Georgia-Pacfic Corp (Talladega, AL)",2X6-8 #2 SYP KD-HT,2x6,8,2,2025-03-14 00:00:00,371.174252717391,2025-03-14,355.0,0.0,ok,16.174252717391028,2x6 #2
Central,"Georgia-Pacfic Corp (Talladega, AL)",2X6-8 #2 SYP KD-HT,2x6,8,2,2025-03-14 00:00:00,330.000016867898,2025-03-14,355.0,0.0,ok,-24.99998313210199,2x6 #2
Central,"Georgia-Pacfic Corp (Talladega, AL)",2X6-8 #2 SYP KD-HT,2x6,8,2,2025-03-14 00:00:00,330.0,2025-03-14,355.0,0.0,ok,-25.0,2x6 #2
Central,"Georgia-Pacfic Corp (Talladega, AL)",2X6-8 #2 SYP KD-HT,2x6,8,2,2025-03-14 00:00:00,391.464510830966,2025-03-14,355.0,0.0,ok,36.46451083096599,2x6 #2
Central,"Georgia-Pacfic Corp (Talladega, AL)",2X6-8 #2 SYP KD-HT,2x6,8,2,2025-03-19 00:00:00,330.0,2025-03-14,355.0,5.0,ok,-25.0,2x6 #2
Central,"Georgia-Pacfic Corp (Talladega, AL)",2X6-8 #2 SYP KD-HT,2x6,8,2,2025-04-22 00:00:00,306.086956521739,2025-04-18,340.0,4.0,ok,-33.91304347826099,2x6 #2
Central,"Georgia-Pacfic Corp (Talladega, AL)",2X6-8 #2 SYP KD-HT,2x6,8,2,2025-04-22 00:00:00,320.0,2025-04-18,340.0,4.0,ok,-20.0,2x6 #2
Central,"Georgia-Pacfic Corp (Talladega, AL)",2X6-8 #2 SYP KD-HT,2x6,8,2,2025-04-22 00:00:00,306.086956521739,2025-04-18,340.0,4.0,ok,-33.91304347826099,2x6 #2
Central,"Georgia-Pacfic Corp (Talladega, AL)",2X6-8 #2 SYP KD-HT,2x6,8,2,2025-08-11 00:00:00,243.913054942255,2025-08-08,300.0,3.0,ok,-56.086945057745,2x6 #2
Central,"Georgia-Pacfic Corp (Talladega, AL)",2X6-10 #2 SYP KD-HT,2x6,10,2,2025-04-21 00:00:00,256.0,2025-04-18,355.0,3.0,ok,-99.0,2x6 #2
Central,"Georgia-Pacfic Corp (Talladega, AL)",2X6-10 #2 SYP KD-HT,2x6,10,2,2025-04-22 00:00:00,320.0,2025-04-18,355.0,4.0,ok,-35.0,2x6 #2
Central,"Georgia-Pacfic Corp (Talladega, AL)",2X6-10 #2 SYP KD-HT,2x6,10,2,2025-04-22 00:00:00,320.0,2025-04-18,355.0,4.0,ok,-35.0,2x6 #2
Central,"Georgia-Pacfic Corp (Talladega, AL)",2X6-10 #2 SYP KD-HT,2x6,10,2,2025-04-22 00:00:00,364.960069444444,2025-04-18,355.0,4.0,ok,9.960069444444002,2x6 #2
Central,"Georgia-Pacfic Corp (Talladega, AL)",2X6-10 #2 SYP KD-HT,2x6,10,2,2025-04-22 00:00:00,320.0,2025-04-18,355.0,4.0,ok,-35.0,2x6 #2
Central,"Georgia-Pacfic Corp (Talladega, AL)",2X6-12 #2 SYP KD-HT,2x6,12,2,2025-04-21 00:00:00,335.000020073785,2025-04-18,350.0,3.0,ok,-14.999979926215019,2x6 #2
Central,"Georgia-Pacfic Corp (Talladega, AL)",2X6-12 #2 SYP KD-HT,2x6,12,2,2025-05-05 00:00:00,320.0,2025-05-02,350.0,3.0,ok,-30.0,2x6 #2
Central,"Georgia-Pacfic Corp (Talladega, AL)",2X6-12 #2 SYP KD-HT,2x6,12,2,2025-05-16 00:00:00,320.0,2025-05-16,295.0,0.0,ok,25.0,2x6 #2
Central,"Georgia-Pacfic Corp (Talladega, AL)",2X6-12 #2 SYP KD-HT,2x6,12,2,2025-05-19 00:00:00,319.99998819987,2025-05-16,295.0,3.0,ok,24.999988199870018,2x6 #2
Central,"Georgia-Pacfic Corp (Talladega, AL)",2X6-14 #2 SYP KD-HT,2x6,14,2,2025-03-14 00:00:00,370.0,2025-03-14,370.0,0.0,ok,0.0,2x6 #2
Central,"Georgia-Pacfic Corp (Talladega, AL)",2X6-14 #2 SYP KD-HT,2x6,14,2,2025-03-14 00:00:00,370.0,2025-03-14,370.0,0.0,ok,0.0,2x6 #2
Central,"Georgia-Pacfic Corp (Talladega, AL)",2X6-14 #2 SYP KD-HT,2x6,14,2,2025-03-14 00:00:00,470.610969387755,2025-03-14,370.0,0.0,ok,100.610969387755,2x6 #2
Central,"Georgia-Pacfic Corp (Talladega, AL)",2X6-14 #2 SYP KD-HT,2x6,14,2,2025-03-19 00:00:00,370.0,2025-03-14,370.0,5.0,ok,0.0,2x6 #2
Central,"Georgia-Pacfic Corp (Talladega, AL)",2X6-16 #2 SYP KD-HT,2x6,16,2,2025-05-05 00:00:00,325.0,2025-05-02,355.0,3.0,ok,-30.0,2x6 #2
Central,"Georgia-Pacfic Corp (Talladega, AL)",2X6-16 #2 SYP KD-HT,2x6,16,2,2025-05-05 00:00:00,325.0,2025-05-02,355.0,3.0,ok,-30.0,2x6 #2
Central,"Georgia-Pacfic Corp (Talladega, AL)",2X6-16 #2 SYP KD-HT,2x6,16,2,2025-05-06 00:00:00,325.0,2025-05-02,355.0,4.0,ok,-30.0,2x6 #2
Central,"Georgia-Pacfic Corp (Talladega, AL)",2X6-16 #2 SYP KD-HT,2x6,16,2,2025-07-16 00:00:00,309.999985839844,2025-07-11,300.0,5.0,ok,9.999985839843987,2x6 #2
Central,"Georgia-Pacfic Corp (Talladega, AL)",2X6-20 #2 SYP KD-HT,2x6,20,2,2025-04-18 00:00:00,360.972222222222,2025-04-18,345.0,0.0,ok,15.972222222222001,2x6 #2
Central,"Georgia-Pacfic Corp (Talladega, AL)",2X6-20 #2 SYP KD-HT,2x6,20,2,2025-04-22 00:00:00,360.972222222222,2025-04-18,345.0,4.0,ok,15.972222222222001,2x6 #2
Central,"Georgia-Pacfic Corp (Talladega, AL)",2X6-20 #2 SYP KD-HT,2x6,20,2,2025-07-24 00:00:00,315.000012586806,2025-07-18,300.0,6.0,ok,15.000012586806008,2x6 #2
Central,"Georgia-Pacfic Corp (Talladega, AL)",2X6-20 #2 SYP KD-HT,2x6,20,2,2025-08-28 00:00:00,280.0,2025-08-22,290.0,6.0,ok,-10.0,2x6 #2
Central,"Georgia-Pacific Corp. (Mexia, AL)",4X4-8 #2 SYP,4x4,8,2,2025-01-28 00:00:00,470.000360620267,,,,no_series,,4x4 #2
Central,"Georgia-Pacific Corp. (Mexia, AL)",4X4-8 #2 SYP,4x4,8,2,2025-02-24 00:00:00,595.323387569297,,,,no_series,,4x4 #2
Central,"Georgia-Pacific Corp. (Mexia, AL)",4X4-8 #2 SYP,4x4,8,2,2025-07-03 00:00:00,375.016902551158,,,,no_series,,4x4 #2
Central,"Georgia-Pacific Corp. (Mexia, AL)",4X4-8 #2 SYP,4x4,8,2,2025-07-07 00:00:00,375.016902551158,,,,no_series,,4x4 #2
Central,"Georgia-Pacific Corp. (Mexia, AL)",4X4-8 #2 SYP,4x4,8,2,2025-07-16 00:00:00,380.039151040593,,,,no_series,,4x4 #2
Central,"Georgia-Pacific Corp. (Mexia, AL)",4X4-10 #2 SYP KD-HT,4x4,10,2,2025-01-28 00:00:00,435.126064627813,,,,no_series,,4x4 #2
Central,"Georgia-Pacific Corp. (Mexia, AL)",4X4-10 #2 SYP KD-HT,4x4,10,2,2025-07-16 00:00:00,380.029233017924,,,,no_series,,4x4 #2
Central,"Georgia-Pacific Corp. (Mexia, AL)",4X4-10 #2 SYP KD-HT,4x4,10,2,2025-07-24 00:00:00,385.0,,,,no_series,,4x4 #2
Central,"Georgia-Pacific Corp. (Mexia, AL)",4X4-10 #2 SYP KD-HT,4x4,10,2,2025-07-24 00:00:00,385.017769777532,,,,no_series,,4x4 #2
Central,"Georgia-Pacific Corp. (Mexia, AL)",4X4-12 #2 SYP KD-HT,4x4,12,2,2025-01-23 00:00:00,381.818181818182,,,,no_series,,4x4 #2
Central,"Georgia-Pacific Corp. (Mexia, AL)",4X4-12 #2 SYP KD-HT,4x4,12,2,2025-01-28 00:00:00,395.0005,,,,no_series,,4x4 #2
Central,"Georgia-Pacific Corp. (Mexia, AL)",4X4-12 #2 SYP KD-HT,4x4,12,2,2025-01-29 00:00:00,377.045454545455,,,,no_series,,4x4 #2
Central,"Georgia-Pacific Corp. (Mexia, AL)",4X4-12 #2 SYP KD-HT,4x4,12,2,2025-01-29 00:00:00,400.0,,,,no_series,,4x4 #2
Central,"Georgia-Pacific Corp. (Mexia, AL)",4X4-14 #2 SYP KD-HT,4x4,14,2,2025-01-13 00:00:00,549.580128205128,,,,no_series,,4x4 #2
Central,"Georgia-Pacific Corp. (Mexia, AL)",4X4-14 #2 SYP KD-HT,4x4,14,2,2025-01-28 00:00:00,410.000428600865,,,,no_series,,4x4 #2
Central,"Georgia-Pacific Corp. (Mexia, AL)",4X4-14 #2 SYP KD-HT,4x4,14,2,2025-02-03 00:00:00,422.216117216117,,,,no_series,,4x4 #2
Central,"Georgia-Pacific Corp. (Mexia, AL)",4X4-16 #2 SYP KD-HT,4x4,16,2,2025-01-28 00:00:00,465.084385142445,,,,no_series,,4x4 #2
Central,"Georgia-Pacific Corp. (Mexia, AL)",4X4-16 #2 SYP KD-HT,4x4,16,2,2025-02-28 00:00:00,540.024380239791,,,,no_series,,4x4 #2
Central,"Georgia-Pacific Corp. (Mexia, AL)",4X6-8 #2 SYP KD-HT,4x6,8,2,2025-01-06 00:00:00,455.000048828125,,,,no_series,,4x6 #2
Central,"Georgia-Pacific Corp. (Mexia, AL)",4X6-10 #2 SYP HT,4x6,10,2,2025-02-07 00:00:00,466.346153846154,,,,no_series,,4x6 #2
Central,"Georgia-Pacific Corp. (Mexia, AL)",4X6-10 #2 SYP HT,4x6,10,2,2025-03-06 00:00:00,485.0,,,,no_series,,4x6 #2
Central,"Georgia-Pacific Corp. (Mexia, AL)",4X6-10 #2 SYP HT,4x6,10,2,2025-04-17 00:00:00,466.346153846154,,,,no_series,,4x6 #2
Central,"Georgia-Pacific Corp. (Mexia, AL)",4X6-10 #2 SYP HT,4x6,10,2,2025-04-17 00:00:00,534.4,,,,no_series,,4x6 #2
Central,"Georgia-Pacific Corp. (Mexia, AL)",4X6-10 #2 SYP HT,4x6,10,2,2025-04-17 00:00:00,571.45,,,,no_series,,4x6 #2
Central,"Georgia-Pacific Corp. (Mexia, AL)",4X6-10 #2 SYP HT,4x6,10,2,2025-04-17 00:00:00,571.260416666667,,,,no_series,,4x6 #2
Central,"Georgia-Pacific Corp. (Mexia, AL)",4X6-10 #2 SYP HT,4x6,10,2,2025-06-02 00:00:00,384.615384615385,,,,no_series,,4x6 #2
Central,"Georgia-Pacific Corp. (Mexia, AL)",4X6-10 #2 SYP HT,4x6,10,2,2025-06-04 00:00:00,400.0,,,,no_series,,4x6 #2
Central,"Georgia-Pacific Corp. (Mexia, AL)",4X6-10 #2 SYP HT,4x6,10,2,2025-06-04 00:00:00,400.0,,,,no_series,,4x6 #2
Central,"Georgia-Pacific Corp. (Mexia, AL)",4X6-10 #2 SYP HT,4x6,10,2,2025-06-04 00:00:00,400.0,,,,no_series,,4x6 #2
Central,"Georgia-Pacific Corp. (Mexia, AL)",4X6-10 #2 SYP HT,4x6,10,2,2025-06-04 00:00:00,400.0,,,,no_series,,4x6 #2
Central,"Georgia-Pacific Corp. (Mexia, AL)",4X6-10 #2 SYP HT,4x6,10,2,2025-07-21 00:00:00,368.571428571429,,,,no_series,,4x6 #2
Central,"Georgia-Pacific Corp. (Mexia, AL)",4X6-10 #2 SYP HT,4x6,10,2,2025-07-21 00:00:00,383.928571428571,,,,no_series,,4x6 #2
Central,"Georgia-Pacific Corp. (Mexia, AL)",4X6-10 #2 SYP HT,4x6,10,2,2025-07-28 00:00:00,433.846153846154,,,,no_series,,4x6 #2
Central,"Georgia-Pacific Corp. (Mexia, AL)",4X6-10 #2 SYP HT,4x6,10,2,2025-07-28 00:00:00,470.0,,,,no_series,,4x6 #2
Central,"Georgia-Pacific Corp. (Mexia, AL)",4X6-10 #2 SYP HT,4x6,10,2,2025-08-20 00:00:00,455.0,,,,no_series,,4x6 #2
Central,"Georgia-Pacific Corp. (Mexia, AL)",4X6-10 #2 SYP HT,4x6,10,2,2025-08-20 00:00:00,455.0,,,,no_series,,4x6 #2
Central,"Georgia-Pacific Corp. (Mexia, AL)",4X6-10 #2 SYP HT,4x6,10,2,2025-08-20 00:00:00,473.2,,,,no_series,,4x6 #2
Central,"Georgia-Pacific Corp. (Mexia, AL)",4X6-10 #2 SYP HT,4x6,10,2,2025-08-20 00:00:00,455.0,,,,no_series,,4x6 #2
Central,"Georgia-Pacific Corp. (Mexia, AL)",4X6-10 #2 SYP HT,4x6,10,2,2025-08-20 00:00:00,436.8,,,,no_series,,4x6 #2
Central,"Georgia-Pacific Corp. (Mexia, AL)",4X6-12 #2 SYP KD-HT,4x6,12,2,2025-04-15 00:00:00,450.0,,,,no_series,,4x6 #2
Central,"Georgia-Pacific Corp. (Mexia, AL)",4X6-12 #2 SYP KD-HT,4x6,12,2,2025-04-15 00:00:00,567.989583333333,,,,no_series,,4x6 #2
Central,"Georgia-Pacific Corp. (Mexia, AL)",4X6-12 #2 SYP KD-HT,4x6,12,2,2025-05-20 00:00:00,447.619047619048,,,,no_series,,4x6 #2
Central,"Georgia-Pacific Corp. (Mexia, AL)",4X6-12 #2 SYP KD-HT,4x6,12,2,2025-06-04 00:00:00,420.0,,,,no_series,,4x6 #2
Central,"Georgia-Pacific Corp. (Mexia, AL)",4X6-14 #2 SYP,4x6,14,2,2025-01-31 00:00:00,465.0,,,,no_series,,4x6 #2
Central,"Georgia-Pacific Corp. (Mexia, AL)",4X6-14 #2 SYP,4x6,14,2,2025-01-31 00:00:00,465.0,,,,no_series,,4x6 #2
Central,"Georgia-Pacific Corp. (Mexia, AL)",4X6-14 #2 SYP,4x6,14,2,2025-03-12 00:00:00,569.626959325397,,,,no_series,,4x6 #2
Central,"Georgia-Pacific Corp. (Mexia, AL)",4X6-14 #2 SYP,4x6,14,2,2025-04-15 00:00:00,500.0,,,,no_series,,4x6 #2
Central,"Georgia-Pacific Corp. (Mexia, AL)",4X6-16 #2 SYP,4x6,16,2,2025-01-10 00:00:00,427.272727272727,,,,no_series,,4x6 #2
Central,"Georgia-Pacific Corp. (Mexia, AL)",4X6-16 #2 SYP,4x6,16,2,2025-01-28 00:00:00,495.00046875,,,,no_series,,4x6 #2
Central,"Georgia-Pacific Corp. (Mexia, AL)",4X6-16 #2 SYP,4x6,16,2,2025-04-18 00:00:00,495.0,,,,no_series,,4x6 #2
Central,"Georgia-Pacific Corp. (Mexia, AL)",4X6-18 #2 SYP,4x6,18,2,2025-06-04 00:00:00,450.0,,,,no_series,,4x6 #2
Central,"Georgia-Pacific Corp. (Mexia, AL)",4X6-20 #2 SYP,4x6,20,2,2025-01-06 00:00:00,390.0,,,,no_series,,4x6 #2
Central,"Georgia-Pacific Corp. (Mexia, AL)",4X6-20 #2 SYP,4x6,20,2,2025-01-10 00:00:00,420.0,,,,no_series,,4x6 #2
Central,"Georgia-Pacific Corp. (Mexia, AL)",4X6-20 #2 SYP,4x6,20,2,2025-02-08 00:00:00,475.0,,,,no_series,,4x6 #2
Central,"Gloster Forest Products (Gloster, MS)",2X10-16 #1 SYP KD-HT,2x10,16,1,2025-03-27 00:00:00,414.941452210191,2025-03-21,415.0,6.0,ok,-0.05854778980898345,2x10 #1
Central,"Gloster Forest Products (Gloster, MS)",2X10-16 #1 SYP KD-HT,2x10,16,1,2025-04-16 00:00:00,409.038438592005,2025-04-11,450.0,5.0,ok,-40.96156140799502,2x10 #1
Central,"Gloster Forest Products (Gloster, MS)",2X10-16 #1 SYP KD-HT,2x10,16,1,2025-04-16 00:00:00,449.936530258285,2025-04-11,450.0,5.0,ok,-0.06346974171498232,2x10 #1
Central,"Gloster Forest Products (Gloster, MS)",2X10-8 #2 SYP KD-HT,2x10,8,2,2025-02-21 00:00:00,279.97893133349,2025-02-21,280.0,0.0,ok,-0.021068666510018375,2x10 #2
Central,"Gloster Forest Products (Gloster, MS)",2X10-8 #2 SYP KD-HT,2x10,8,2,2025-02-28 00:00:00,280.099959819635,2025-02-28,280.0,0.0,ok,0.09995981963498934,2x10 #2
Central,"Gloster Forest Products (Gloster, MS)",2X10-12 #2 SYP KD-HT,2x10,12,2,2025-05-16 00:00:00,435.9375,2025-05-16,410.0,0.0,ok,25.9375,2x10 #2
Central,"Gloster Forest Products (Gloster, MS)",2X10-16 #2 SYP KD-HT,2x10,16,2,2025-04-17 00:00:00,446.320207960453,2025-04-11,375.0,6.0,ok,71.32020796045299,2x10 #2
Central,"Gloster Forest Products (Gloster, MS)",2X4-20 #1 SYP KD-HT,2x4,20,1,2025-03-21 00:00:00,492.025624267556,2025-03-21,425.0,0.0,ok,67.025624267556,2x4 #1
Central,"Gloster Forest Products (Gloster, MS)",2X4-20 #1 SYP KD-HT,2x4,20,1,2025-05-13 00:00:00,551.569480753628,2025-05-09,510.0,4.0,ok,41.569480753628,2x4 #1
Central,"Gloster Forest Products (Gloster, MS)",2X4-10 #2 SYP KD-HT,2x4,10,2,2025-02-07 00:00:00,340.08641242099,2025-02-07,355.0,0.0,ok,-14.913587579010027,2x4 #2
Central,"Gloster Forest Products (Gloster, MS)",2X4-10 #2 SYP KD-HT,2x4,10,2,2025-02-07 00:00:00,340.08641242099,2025-02-07,355.0,0.0,ok,-14.913587579010027,2x4 #2
Central,"Gloster Forest Products (Gloster, MS)",2X4-10 #2 SYP KD-HT,2x4,10,2,2025-02-07 00:00:00,340.08641242099,2025-02-07,355.0,0.0,ok,-14.913587579010027,2x4 #2
Central,"Gloster Forest Products (Gloster, MS)",2X4-10 #2 SYP KD-HT,2x4,10,2,2025-02-10 00:00:00,340.08641242099,2025-02-07,355.0,3.0,ok,-14.913587579010027,2x4 #2
Central,"Gloster Forest Products (Gloster, MS)",2X4-10 #2 SYP KD-HT,2x4,10,2,2025-04-21 00:00:00,420.10698680694,2025-04-18,430.0,3.0,ok,-9.893013193060028,2x4 #2
Central,"Gloster Forest Products (Gloster, MS)",2X4-10 #2 SYP KD-HT,2x4,10,2,2025-04-21 00:00:00,420.106863784839,2025-04-18,430.0,3.0,ok,-9.893136215161007,2x4 #2
Central,"Gloster Forest Products (Gloster, MS)",2X4-12 #2 SYP KD-HT,2x4,12,2,2025-04-21 00:00:00,379.464285714286,2025-04-18,440.0,3.0,ok,-60.53571428571399,2x4 #2
Central,"Gloster Forest Products (Gloster, MS)",2X4-12 #2 SYP KD-HT,2x4,12,2,2025-04-29 00:00:00,425.0,2025-04-25,450.0,4.0,ok,-25.0,2x4 #2
Central,"Gloster Forest Products (Gloster, MS)",2X4-16 #2 SYP KD-HT,2x4,16,2,2025-06-12 00:00:00,464.478499954927,2025-06-06,425.0,6.0,ok,39.478499954926974,2x4 #2
Central,"Gloster Forest Products (Gloster, MS)",2X6-8 #2 SYP KD-HT,2x6,8,2,2025-04-10 00:00:00,305.869565217391,2025-04-04,340.0,6.0,ok,-34.13043478260897,2x6 #2
Central,"Gloster Forest Products (Gloster, MS)",2X6-8 #2 SYP KD-HT,2x6,8,2,2025-04-15 00:00:00,283.043488875679,2025-04-11,340.0,4.0,ok,-56.956511124321025,2x6 #2
Central,"Gloster Forest Products (Gloster, MS)",2X6-10 #2 SYP KD-HT,2x6,10,2,2025-04-15 00:00:00,355.0,2025-04-11,355.0,4.0,ok,0.0,2x6 #2
Central,"Gloster Forest Products (Gloster, MS)",2X8-8 #2 SYP KD-HT,2x8,8,2,2025-05-01 00:00:00,322.826103515625,2025-04-25,345.0,6.0,ok,-22.173896484375007,2x8 #2
Central,"Gloster Forest Products (Gloster, MS)",2X8-10 #2 SYP KD-HT,2x8,10,2,2025-05-01 00:00:00,330.015148214532,2025-04-25,345.0,6.0,ok,-14.984851785467981,2x8 #2
Central,"Gloster Forest Products (Gloster, MS)",4X4-12 #2 SYP KD-HT,4x4,12,2,2025-02-07 00:00:00,400.0,,,,no_series,,4x4 #2
Central,"Gloster Forest Products (Gloster, MS)",4X4-14 #2 SYP KD-HT,4x4,14,2,2025-05-14 00:00:00,464.721524318449,,,,no_series,,4x4 #2
Central,"Hankins Lumber Company, Inc (Grenada, MS)",4X6-10 #2 SYP HT,4x6,10,2,2025-02-06 00:00:00,466.666666666667,,,,no_series,,4x6 #2
Central,"Hankins Lumber Company, Inc (Grenada, MS)",4X6-10 #2 SYP HT,4x6,10,2,2025-02-06 00:00:00,466.666666666667,,,,no_series,,4x6 #2
Central,"Hardy Technologies, LLC (Lumberton, MS)",2X4-16 #2 SYP KD-HT,2x4,16,2,2025-04-02 00:00:00,475.096123506874,2025-03-28,440.0,5.0,ok,35.096123506873994,2x4 #2
Central,"Hardy Technologies, LLC (Lumberton, MS)",2X6-16 #2 SYP KD-HT,2x6,16,2,2025-04-02 00:00:00,370.007568359375,2025-03-28,355.0,5.0,ok,15.007568359375,2x6 #2
Central,"Harrigan Lumber Company, Inc. (Monroeville, AL)",2X10-14 #1 SYP KD-HT,2x10,14,1,2025-06-02 00:00:00,400.017857940087,2025-05-30,450.0,3.0,ok,-49.982142059912974,2x10 #1
Central,"Harrigan Lumber Company, Inc. (Monroeville, AL)",4X6-8 #2 SYP KD-HT,4x6,8,2,2025-03-28 00:00:00,509.52380952381,,,,no_series,,4x6 #2
Central,"Harrigan Lumber Company, Inc. (Monroeville, AL)",4X6-8 #2 SYP KD-HT,4x6,8,2,2025-03-31 00:00:00,484.047619047619,,,,no_series,,4x6 #2
Central,"Harrigan Lumber Company, Inc. (Monroeville, AL)",4X6-10 #2 SYP HT,4x6,10,2,2025-03-07 00:00:00,500.0,,,,no_series,,4x6 #2
Central,"Harrigan Lumber Company, Inc. (Monroeville, AL)",4X6-10 #2 SYP HT,4x6,10,2,2025-03-19 00:00:00,490.0,,,,no_series,,4x6 #2
Central,"Harrigan Lumber Company, Inc. (Monroeville, AL)",4X6-10 #2 SYP HT,4x6,10,2,2025-03-19 00:00:00,490.0,,,,no_series,,4x6 #2
Central,"Harrigan Lumber Company, Inc. (Monroeville, AL)",4X6-10 #2 SYP HT,4x6,10,2,2025-06-26 00:00:00,405.0,,,,no_series,,4x6 #2
Central,"Harrigan Lumber Company, Inc. (Monroeville, AL)",4X6-10 #2 SYP HT,4x6,10,2,2025-06-26 00:00:00,405.0,,,,no_series,,4x6 #2
Central,"Harrigan Lumber Company, Inc. (Monroeville, AL)",4X6-14 #2 SYP,4x6,14,2,2025-04-02 00:00:00,483.516483516484,,,,no_series,,4x6 #2
Central,"Harrigan Lumber Company, Inc. (Monroeville, AL)",4X6-16 #2 SYP,4x6,16,2,2025-02-06 00:00:00,354.285714285714,,,,no_series,,4x6 #2
Central,"Harrigan Lumber Company, Inc. (Monroeville, AL)",4X6-16 #2 SYP,4x6,16,2,2025-02-06 00:00:00,398.571428571429,,,,no_series,,4x6 #2
Central,"Harrigan Lumber Company, Inc. (Monroeville, AL)",4X6-16 #2 SYP,4x6,16,2,2025-02-07 00:00:00,398.571428571429,,,,no_series,,4x6 #2
Central,"Harrigan Lumber Company, Inc. (Monroeville, AL)",4X6-16 #2 SYP,4x6,16,2,2025-02-07 00:00:00,398.571428571429,,,,no_series,,4x6 #2
Central,"Harrigan Lumber Company, Inc. (Monroeville, AL)",4X6-16 #2 SYP,4x6,16,2,2025-02-07 00:00:00,398.571428571429,,,,no_series,,4x6 #2
Central,"Harrigan Lumber Company, Inc. (Monroeville, AL)",4X6-16 #2 SYP,4x6,16,2,2025-02-07 00:00:00,398.571428571429,,,,no_series,,4x6 #2
Central,"Harrigan Lumber Company, Inc. (Monroeville, AL)",4X6-16 #2 SYP,4x6,16,2,2025-02-07 00:00:00,398.571428571429,,,,no_series,,4x6 #2
Central,"Harrigan Lumber Company, Inc. (Monroeville, AL)",4X6-16 #2 SYP,4x6,16,2,2025-02-07 00:00:00,398.571428571429,,,,no_series,,4x6 #2
Central,"Harrigan Lumber Company, Inc. (Monroeville, AL)",4X6-16 #2 SYP,4x6,16,2,2025-02-07 00:00:00,398.571428571429,,,,no_series,,4x6 #2
Central,"Harrigan Lumber Company, Inc. (Monroeville, AL)",4X6-16 #2 SYP,4x6,16,2,2025-02-07 00:00:00,398.571428571429,,,,no_series,,4x6 #2
Central,"Harrigan Lumber Company, Inc. (Monroeville, AL)",4X6-18 #2 SYP,4x6,18,2,2025-07-10 00:00:00,425.0,,,,no_series,,4x6 #2
Central,"Harrigan Lumber Company, Inc. (Monroeville, AL)",4X6-18 #2 SYP,4x6,18,2,2025-07-10 06:00:00,388.571440972222,,,,no_series,,4x6 #2
Central,"Harrigan Lumber Company, Inc. (Monroeville, AL)",4X6-18 #2 SYP,4x6,18,2,2025-07-30 00:00:00,425.000013563368,,,,no_series,,4x6 #2
Central,"Homan Forest Products Corporate, Inc (Fulton, MS)",4X6-8 #2 SYP,4x6,8,2,2025-01-22 00:00:00,471.851851851852,,,,no_series,,4x6 #2
Central,"Homan Forest Products Corporate, Inc (Fulton, MS)",4X6-8 #2 SYP KD-HT,4x6,8,2,2025-03-11 00:00:00,540.0,,,,no_series,,4x6 #2
Central,"Homan Forest Products Corporate, Inc (Fulton, MS)",4X6-8 #2 SYP KD-HT,4x6,8,2,2025-04-28 00:00:00,539.423076923077,,,,no_series,,4x6 #2
Central,"Homan Forest Products Corporate, Inc (Fulton, MS)",4X6-8 #2 SYP KD-HT,4x6,8,2,2025-04-28 00:00:00,529.615384615385,,,,no_series,,4x6 #2
Central,"Homan Forest Products Corporate, Inc (Fulton, MS)",4X6-8 #2 SYP KD-HT,4x6,8,2,2025-07-14 00:00:00,473.94225761218,,,,no_series,,4x6 #2
Central,"Homan Forest Products Corporate, Inc (Fulton, MS)",4X6-10 #2 SYP HT,4x6,10,2,2025-04-28 00:00:00,490.0,,,,no_series,,4x6 #2
Central,"Homan Forest Products Corporate, Inc (Fulton, MS)",4X6-10 #2 SYP HT,4x6,10,2,2025-04-28 00:00:00,478.863636363636,,,,no_series,,4x6 #2
Central,"Homan Forest Products Corporate, Inc (Fulton, MS)",4X6-10 #2 SYP HT,4x6,10,2,2025-04-28 00:00:00,467.727272727273,,,,no_series,,4x6 #2
Central,"Homan Forest Products Corporate, Inc (Fulton, MS)",4X6-10 #2 SYP HT,4x6,10,2,2025-04-28 00:00:00,490.0,,,,no_series,,4x6 #2
Central,"Homan Forest Products Corporate, Inc (Fulton, MS)",4X6-10 #2 SYP HT,4x6,10,2,2025-04-28 00:00:00,490.0,,,,no_series,,4x6 #2
Central,"Homan Forest Products Corporate, Inc (Fulton, MS)",4X6-10 #2 SYP HT,4x6,10,2,2025-04-28 00:00:00,467.727272727273,,,,no_series,,4x6 #2
Central,"Homan Forest Products Corporate, Inc (Fulton, MS)",4X6-10 #2 SYP HT,4x6,10,2,2025-05-30 00:00:00,440.0,,,,no_series,,4x6 #2
Central,"Homan Forest Products Corporate, Inc (Fulton, MS)",4X6-10 #2 SYP HT,4x6,10,2,2025-05-30 00:00:00,439.999952651515,,,,no_series,,4x6 #2
Central,"Homan Forest Products Corporate, Inc (Fulton, MS)",4X6-10 #2 SYP HT,4x6,10,2,2025-05-30 00:00:00,439.999952651515,,,,no_series,,4x6 #2
Central,"Homan Forest Products Corporate, Inc (Fulton, MS)",4X6-10 #2 SYP HT,4x6,10,2,2025-07-15 00:00:00,450.0,,,,no_series,,4x6 #2
Central,"Homan Forest Products Corporate, Inc (Fulton, MS)",4X6-10 #2 SYP HT,4x6,10,2,2025-08-05 00:00:00,409.090909090909,,,,no_series,,4x6 #2
Central,"Homan Forest Products Corporate, Inc (Fulton, MS)",4X6-10 #2 SYP HT,4x6,10,2,2025-08-07 00:00:00,409.090909090909,,,,no_series,,4x6 #2
Central,"Homan Forest Products Corporate, Inc (Fulton, MS)",4X6-10 #2 SYP HT,4x6,10,2,2025-08-07 00:00:00,429.545454545455,,,,no_series,,4x6 #2
Central,"Homan Forest Products Corporate, Inc (Fulton, MS)",4X6-10 #2 SYP HT,4x6,10,2,2025-08-19 00:00:00,450.0,,,,no_series,,4x6 #2
Central,"Homan Forest Products Corporate, Inc (Fulton, MS)",4X6-12 #2 SYP HT,4x6,12,2,2025-04-29 00:00:00,561.029411764706,,,,no_series,,4x6 #2
Central,"Homan Forest Products Corporate, Inc (Fulton, MS)",4X6-12 #2 SYP HT,4x6,12,2,2025-04-29 00:00:00,545.0,,,,no_series,,4x6 #2
Central,"Homan Forest Products Corporate, Inc (Fulton, MS)",4X6-12 #2 SYP HT,4x6,12,2,2025-04-29 00:00:00,561.029411764706,,,,no_series,,4x6 #2
Central,"Homan Forest Products Corporate, Inc (Fulton, MS)",4X6-12 #2 SYP HT,4x6,12,2,2025-04-29 00:00:00,545.0,,,,no_series,,4x6 #2
Central,"Homan Forest Products Corporate, Inc (Fulton, MS)",4X6-12 #2 SYP HT,4x6,12,2,2025-04-29 00:00:00,545.0,,,,no_series,,4x6 #2
Central,"Homan Forest Products Corporate, Inc (Fulton, MS)",4X6-12 #2 SYP HT,4x6,12,2,2025-04-29 00:00:00,545.0,,,,no_series,,4x6 #2
Central,"Homan Forest Products Corporate, Inc (Fulton, MS)",4X6-12 #2 SYP HT,4x6,12,2,2025-06-10 00:00:00,374.583316454475,,,,no_series,,4x6 #2
Central,"Homan Forest Products Corporate, Inc (Fulton, MS)",4X6-12 #2 SYP HT,4x6,12,2,2025-06-10 00:00:00,435.0,,,,no_series,,4x6 #2
Central,"Homan Forest Products Corporate, Inc (Fulton, MS)",4X6-12 #2 SYP HT,4x6,12,2,2025-06-10 00:00:00,422.916618441358,,,,no_series,,4x6 #2
Central,"Homan Forest Products Corporate, Inc (Fulton, MS)",4X6-12 #2 SYP HT,4x6,12,2,2025-06-10 00:00:00,398.750024594907,,,,no_series,,4x6 #2
Central,"Homan Forest Products Corporate, Inc (Fulton, MS)",4X6-12 #2 SYP HT,4x6,12,2,2025-06-10 00:00:00,398.750024594907,,,,no_series,,4x6 #2
Central,"Homan Forest Products Corporate, Inc (Fulton, MS)",4X6-12 #2 SYP HT,4x6,12,2,2025-06-10 00:00:00,398.750024594907,,,,no_series,,4x6 #2
Central,"Homan Forest Products Corporate, Inc (Fulton, MS)",4X6-14 #2 SYP,4x6,14,2,2025-02-07 00:00:00,447.058823529412,,,,no_series,,4x6 #2
Central,"Homan Forest Products Corporate, Inc (Fulton, MS)",4X6-14 #2 SYP,4x6,14,2,2025-02-10 00:00:00,405.147058823529,,,,no_series,,4x6 #2
Central,"Homan Forest Products Corporate, Inc (Fulton, MS)",4X6-14 #2 SYP,4x6,14,2,2025-03-12 00:00:00,505.0,,,,no_series,,4x6 #2
Central,"Homan Forest Products Corporate, Inc (Fulton, MS)",4X6-14 #2 SYP,4x6,14,2,2025-06-26 00:00:00,400.0,,,,no_series,,4x6 #2
Central,"Homan Forest Products Corporate, Inc (Fulton, MS)",4X6-14 #2 SYP,4x6,14,2,2025-06-26 00:00:00,400.0,,,,no_series,,4x6 #2
Central,"Homan Forest Products Corporate, Inc (Fulton, MS)",4X6-16 #2 SYP,4x6,16,2,2024-12-19 00:00:00,443.076948617789,,,,no_series,,4x6 #2
Central,"Homan Forest Products Corporate, Inc (Fulton, MS)",4X6-16 #2 SYP,4x6,16,2,2024-12-19 00:00:00,479.999974459135,,,,no_series,,4x6 #2
Central,"Homan Forest Products Corporate, Inc (Fulton, MS)",4X6-16 #2 SYP,4x6,16,2,2024-12-19 00:00:00,443.076948617789,,,,no_series,,4x6 #2
Central,"Homan Forest Products Corporate, Inc (Fulton, MS)",4X6-16 #2 SYP,4x6,16,2,2025-04-22 00:00:00,500.0,,,,no_series,,4x6 #2
Central,"Homan Forest Products Corporate, Inc (Fulton, MS)",4X6-16 #2 SYP,4x6,16,2,2025-04-22 00:00:00,446.428571428571,,,,no_series,,4x6 #2
Central,"Homan Forest Products Corporate, Inc (Fulton, MS)",4X6-16 #2 SYP,4x6,16,2,2025-04-22 00:00:00,500.0,,,,no_series,,4x6 #2
Central,"Homan Forest Products Corporate, Inc (Fulton, MS)",4X6-16 #2 SYP,4x6,16,2,2025-04-22 00:00:00,446.428571428571,,,,no_series,,4x6 #2
Central,"Homan Forest Products Corporate, Inc (Fulton, MS)",4X6-16 #2 SYP,4x6,16,2,2025-04-22 00:00:00,410.714285714286,,,,no_series,,4x6 #2
Central,"Homan Forest Products Corporate, Inc (Fulton, MS)",4X6-16 #2 SYP,4x6,16,2,2025-04-22 00:00:00,482.142857142857,,,,no_series,,4x6 #2
Central,"Homan Forest Products Corporate, Inc (Fulton, MS)",4X6-16 #2 SYP,4x6,16,2,2025-04-22 00:00:00,500.0,,,,no_series,,4x6 #2
Central,"Homan Forest Products Corporate, Inc (Fulton, MS)",4X6-16 #2 SYP,4x6,16,2,2025-04-22 00:00:00,500.0,,,,no_series,,4x6 #2
Central,"Homan Forest Products Corporate, Inc (Fulton, MS)",4X6-16 #2 SYP,4x6,16,2,2025-04-22 00:00:00,464.285714285714,,,,no_series,,4x6 #2
Central,"Homan Forest Products Corporate, Inc (Fulton, MS)",4X6-16 #2 SYP,4x6,16,2,2025-04-22 00:00:00,500.0,,,,no_series,,4x6 #2
Central,"Homan Forest Products Corporate, Inc (Fulton, MS)",4X6-16 #2 SYP,4x6,16,2,2025-05-30 00:00:00,440.0,,,,no_series,,4x6 #2
Central,"Homan Forest Products Corporate, Inc (Fulton, MS)",4X6-16 #2 SYP,4x6,16,2,2025-05-30 00:00:00,440.0,,,,no_series,,4x6 #2
Central,"Homan Forest Products Corporate, Inc (Fulton, MS)",4X6-16 #2 SYP,4x6,16,2,2025-05-30 00:00:00,440.0,,,,no_series,,4x6 #2
Central,"Homan Forest Products Corporate, Inc (Fulton, MS)",4X6-16 #2 SYP,4x6,16,2,2025-05-30 00:00:00,440.0,,,,no_series,,4x6 #2
Central,"Homan Forest Products Corporate, Inc (Fulton, MS)",4X6-16 #2 SYP,4x6,16,2,2025-05-30 00:00:00,424.285714285714,,,,no_series,,4x6 #2
Central,"Homan Forest Products Corporate, Inc (Fulton, MS)",4X6-16 #2 SYP,4x6,16,2,2025-05-30 00:00:00,440.0,,,,no_series,,4x6 #2
Central,"Homan Forest Products Corporate, Inc (Fulton, MS)",4X6-16 #2 SYP,4x6,16,2,2025-05-30 00:00:00,440.0,,,,no_series,,4x6 #2
Central,"Homan Forest Products Corporate, Inc (Fulton, MS)",4X6-16 #2 SYP,4x6,16,2,2025-07-16 00:00:00,370.833333333333,,,,no_series,,4x6 #2
Central,"Homan Forest Products Corporate, Inc (Fulton, MS)",4X6-20 #2 SYP,4x6,20,2,2025-02-06 00:00:00,617.5,,,,no_series,,4x6 #2
Central,"Homan Forest Products Corporate, Inc (Fulton, MS)",4X6-20 #2 SYP,4x6,20,2,2025-02-06 00:00:00,617.5,,,,no_series,,4x6 #2
Central,"Homan Forest Products Corporate, Inc (Fulton, MS)",4X6-20 #2 SYP,4x6,20,2,2025-02-06 00:00:00,617.5,,,,no_series,,4x6 #2
Central,"Homan Forest Products Corporate, Inc (Fulton, MS)",4X6-20 #2 SYP,4x6,20,2,2025-02-06 00:00:00,585.0,,,,no_series,,4x6 #2
Central,"Homan Forest Products Corporate, Inc (Fulton, MS)",4X6-20 #2 SYP,4x6,20,2,2025-02-06 00:00:00,585.0,,,,no_series,,4x6 #2
Central,"Homan Forest Products Corporate, Inc (Fulton, MS)",4X6-20 #2 SYP,4x6,20,2,2025-04-04 00:00:00,570.0,,,,no_series,,4x6 #2
Central,"Homan Forest Products Corporate, Inc (Fulton, MS)",4X6-20 #2 SYP,4x6,20,2,2025-04-04 00:00:00,541.5,,,,no_series,,4x6 #2
Central,"Homan Forest Products Corporate, Inc (Fulton, MS)",4X6-20 #2 SYP,4x6,20,2,2025-04-07 00:00:00,532.00003125,,,,no_series,,4x6 #2
Central,"Homan Forest Products Corporate, Inc (Fulton, MS)",4X6-20 #2 SYP,4x6,20,2,2025-04-07 00:00:00,560.0,,,,no_series,,4x6 #2
Central,"Homan Forest Products Corporate, Inc (Fulton, MS)",4X6-20 #2 SYP,4x6,20,2,2025-04-07 00:00:00,560.0,,,,no_series,,4x6 #2
Central,"Homan Forest Products Corporate, Inc (Fulton, MS)",4X6-20 #2 SYP,4x6,20,2,2025-04-07 00:00:00,560.0,,,,no_series,,4x6 #2
Central,"Homan Forest Products Corporate, Inc (Fulton, MS)",4X6-20 #2 SYP,4x6,20,2,2025-04-07 00:00:00,560.0,,,,no_series,,4x6 #2
Central,"Homan Forest Products Corporate, Inc (Fulton, MS)",4X6-20 #2 SYP,4x6,20,2,2025-04-07 00:00:00,560.0,,,,no_series,,4x6 #2
Central,"Homan Forest Products Corporate, Inc (Fulton, MS)",4X6-20 #2 SYP,4x6,20,2,2025-04-07 00:00:00,560.0,,,,no_series,,4x6 #2
Central,"Homan Forest Products Corporate, Inc (Fulton, MS)",4X6-20 #2 SYP,4x6,20,2,2025-04-07 00:00:00,532.00003125,,,,no_series,,4x6 #2
Central,"Homan Forest Products Corporate, Inc (Fulton, MS)",4X6-20 #2 SYP,4x6,20,2,2025-04-07 00:00:00,560.0,,,,no_series,,4x6 #2
Central,"Homan Forest Products Corporate, Inc (Fulton, MS)",4X6-20 #2 SYP,4x6,20,2,2025-04-28 00:00:00,598.5,,,,no_series,,4x6 #2
Central,"Homan Forest Products Corporate, Inc (Fulton, MS)",4X6-20 #2 SYP,4x6,20,2,2025-04-28 00:00:00,598.5,,,,no_series,,4x6 #2
Central,"Homan Forest Products Corporate, Inc (Fulton, MS)",4X6-20 #2 SYP,4x6,20,2,2025-04-28 00:00:00,598.5,,,,no_series,,4x6 #2
Central,"Homan Forest Products Corporate, Inc (Fulton, MS)",4X6-20 #2 SYP,4x6,20,2,2025-04-28 00:00:00,598.5,,,,no_series,,4x6 #2
Central,"Homan Forest Products Corporate, Inc (Fulton, MS)",4X6-20 #2 SYP,4x6,20,2,2025-04-28 00:00:00,570.0,,,,no_series,,4x6 #2
Central,"Homan Forest Products Corporate, Inc (Fulton, MS)",4X6-20 #2 SYP,4x6,20,2,2025-04-29 00:00:00,598.5,,,,no_series,,4x6 #2
Central,"Homan Forest Products Corporate, Inc (Fulton, MS)",4X6-20 #2 SYP,4x6,20,2,2025-06-18 00:00:00,432.000052083333,,,,no_series,,4x6 #2
Central,"Homan Forest Products Corporate, Inc (Fulton, MS)",4X6-20 #2 SYP,4x6,20,2,2025-06-18 00:00:00,432.000052083333,,,,no_series,,4x6 #2
Central,"Homan Forest Products Corporate, Inc (Fulton, MS)",4X6-20 #2 SYP,4x6,20,2,2025-06-18 00:00:00,456.0,,,,no_series,,4x6 #2
Central,"Homan Forest Products Corporate, Inc (Fulton, MS)",4X6-20 #2 SYP,4x6,20,2,2025-06-18 00:00:00,504.0,,,,no_series,,4x6 #2
Central,"Homan Forest Products Corporate, Inc (Fulton, MS)",4X6-20 #2 SYP,4x6,20,2,2025-06-18 00:00:00,456.0,,,,no_series,,4x6 #2
Central,"Homan Forest Products Corporate, Inc (Fulton, MS)",4X6-20 #2 SYP,4x6,20,2,2025-06-24 00:00:00,480.0,,,,no_series,,4x6 #2
Central,"Homan Forest Products Corporate, Inc (Fulton, MS)",4X6-20 #2 SYP,4x6,20,2,2025-06-24 00:00:00,456.0,,,,no_series,,4x6 #2
Central,"Homan Forest Products Corporate, Inc (Fulton, MS)",4X6-20 #2 SYP,4x6,20,2,2025-06-24 00:00:00,456.0,,,,no_series,,4x6 #2
Central,"Homan Forest Products Corporate, Inc (Fulton, MS)",4X6-20 #2 SYP,4x6,20,2,2025-07-10 00:00:00,480.0,,,,no_series,,4x6 #2
Central,"Homan Forest Products Corporate, Inc (Fulton, MS)",4X6-20 #2 SYP,4x6,20,2,2025-07-10 00:00:00,480.0,,,,no_series,,4x6 #2
Central,"Homan Forest Products Corporate, Inc (Fulton, MS)",4X6-20 #2 SYP,4x6,20,2,2025-07-16 00:00:00,479.999974609375,,,,no_series,,4x6 #2
Central,"Homan Forest Products Corporate, Inc (Fulton, MS)",4X6-20 #2 SYP,4x6,20,2,2025-08-06 00:00:00,480.0,,,,no_series,,4x6 #2
Central,"Homan Forest Products Corporate, Inc (Fulton, MS)",6X6-8 #2 SYP Treated,6x6,8,2,2025-07-02 00:00:00,745.0,,,,no_series,,6x6 #2
Central,"Homan Forest Products Corporate, Inc (Fulton, MS)",6X6-16 #2 SYP KD-HT,6x6,16,2,2025-07-11 00:00:00,461.538461538462,,,,no_series,,6x6 #2
Central,"Homan Forest Products Corporate, Inc (Fulton, MS)",6X6-16 #2 SYP KD-HT,6x6,16,2,2025-07-11 00:00:00,461.538461538462,,,,no_series,,6x6 #2
Central,"Homan Forest Products Corporate, Inc (Fulton, MS)",6X6-16 #2 SYP KD-HT,6x6,16,2,2025-07-11 00:00:00,479.999974459135,,,,no_series,,6x6 #2
Central,"Homan Forest Products Corporate, Inc (Fulton, MS)",6X6-16 #2 SYP KD-HT,6x6,16,2,2025-07-11 00:00:00,479.999974459135,,,,no_series,,6x6 #2
Central,"Homan Forest Products Corporate, Inc (Fulton, MS)",6X6-16 #2 SYP KD-HT,6x6,16,2,2025-07-11 00:00:00,479.999974459135,,,,no_series,,6x6 #2
Central,"Homan Forest Products Corporate, Inc (Fulton, MS)",6X6-16 #2 SYP KD-HT,6x6,16,2,2025-07-11 00:00:00,479.999974459135,,,,no_series,,6x6 #2
Central,"Homan Forest Products Corporate, Inc (Fulton, MS)",6X6-16 #2 SYP KD-HT,6x6,16,2,2025-07-11 00:00:00,479.999974459135,,,,no_series,,6x6 #2
Central,"Homan Forest Products Corporate, Inc (Fulton, MS)",6X6-16 #2 SYP KD-HT,6x6,16,2,2025-07-11 00:00:00,479.999974459135,,,,no_series,,6x6 #2
Central,"Homan Forest Products Corporate, Inc (Fulton, MS)",6X6-20 #2 SYP Treated,6x6,20,2,2025-03-28 00:00:00,860.0,,,,no_series,,6x6 #2
Central,"Homan Forest Products Corporate, Inc (Fulton, MS)",6X6-20 #2 SYP Treated,6x6,20,2,2025-05-12 00:00:00,825.0,,,,no_series,,6x6 #2
Central,"Homan Forest Products Corporate, Inc (Fulton, MS)",6X6-20 #2 SYP Treated,6x6,20,2,2025-05-12 00:00:00,825.0,,,,no_series,,6x6 #2
Central,"Homan Forest Products Corporate, Inc (Fulton, MS)",6X6-20 #2 SYP Treated,6x6,20,2,2025-05-12 00:00:00,766.071428571429,,,,no_series,,6x6 #2
Central,"Homan Forest Products Corporate, Inc (Fulton, MS)",6X6-20 #2 SYP Treated,6x6,20,2,2025-05-12 00:00:00,825.0,,,,no_series,,6x6 #2
Central,"Hood Industries, Inc (Waynesboro, MS)",2X12-8 #2 SYP KD-HT,2x12,8,2,2025-02-14 00:00:00,265.0,2025-02-14,275.0,0.0,ok,-10.0,2x12 #2
Central,"Hood Industries, Inc. (Silver Creek, MS)",2X4-10 #2 SYP KD-HT,2x4,10,2,2025-04-15 00:00:00,420.106863784839,2025-04-11,420.0,4.0,ok,0.10686378483899261,2x4 #2
Central,"Hood Industries, Inc. (Silver Creek, MS)",2X6-20 #1 SYP KD-HT,2x6,20,1,2025-07-25 00:00:00,347.0,2025-07-25,355.0,0.0,ok,-8.0,2x6 #1
Central,"Hood Industries, Inc. (Silver Creek, MS)",2X6-8 #2 SYP KD-HT,2x6,8,2,2025-04-22 00:00:00,334.999986837636,2025-04-18,340.0,4.0,ok,-5.0000131623639845,2x6 #2
Central,"Hood Industries, Inc. (Silver Creek, MS)",2X6-8 #2 Prime SYP,2x6,8,2,2025-04-23 00:00:00,334.999986837636,2025-04-18,340.0,5.0,ok,-5.0000131623639845,2x6 #2
Central,"Hood Industries, Inc. (Silver Creek, MS)",2X6-10 #2 SYP KD-HT,2x6,10,2,2025-04-22 00:00:00,345.0,2025-04-18,355.0,4.0,ok,-10.0,2x6 #2
Central,"Hood Industries, Inc. (Silver Creek, MS)",2X6-10 #2 SYP KD-HT,2x6,10,2,2025-04-22 00:00:00,345.0,2025-04-18,355.0,4.0,ok,-10.0,2x6 #2
Central,"Hood Industries, Inc. (Silver Creek, MS)",2X6-10 #2 SYP KD-HT,2x6,10,2,2025-04-23 00:00:00,345.0,2025-04-18,355.0,5.0,ok,-10.0,2x6 #2
Central,"Hood Industries, Inc. (Silver Creek, MS)",2X8-8 #2 SYP KD-HT,2x8,8,2,2025-04-14 00:00:00,324.999982910156,2025-04-11,330.0,3.0,ok,-5.000017089843993,2x8 #2
Central,"Hood Industries, Inc. (Silver Creek, MS)",2X8-8 #2 SYP KD-HT,2x8,8,2,2025-07-07 00:00:00,285.0,2025-07-03,275.0,4.0,ok,10.0,2x8 #2
Central,"Hood Industries, Inc. (Silver Creek, MS)",2X8-10 #2 SYP KD-HT,2x8,10,2,2025-04-14 00:00:00,330.032229709933,2025-04-11,330.0,3.0,ok,0.03222970993300578,2x8 #2
Central,"Hood Industries, Inc. (Silver Creek, MS)",2X8-10 #2 SYP KD-HT,2x8,10,2,2025-07-07 00:00:00,280.024307665596,2025-07-03,270.0,4.0,ok,10.024307665595984,2x8 #2
Central,"Hood Industries, Inc. (Silver Creek, MS)",2X8-12 #2 SYP KD-HT,2x8,12,2,2025-02-25 00:00:00,322.0,2025-02-21,325.0,4.0,ok,-3.0,2x8 #2
Central,"Hood Industries, Inc. (Silver Creek, MS)",2X8-12 #2 SYP KD-HT,2x8,12,2,2025-02-28 00:00:00,325.0,2025-02-28,325.0,0.0,ok,0.0,2x8 #2
Central,"Hood Industries, Inc. (Silver Creek, MS)",2X8-12 #2 SYP KD-HT,2x8,12,2,2025-02-28 00:00:00,325.0,2025-02-28,325.0,0.0,ok,0.0,2x8 #2
Central,"Hood Industries, Inc. (Silver Creek, MS)",2X8-12 #2 SYP KD-HT,2x8,12,2,2025-02-28 00:00:00,325.0,2025-02-28,325.0,0.0,ok,0.0,2x8 #2
Central,"Hood Industries, Inc. (Silver Creek, MS)",2X8-12 #2 SYP KD-HT,2x8,12,2,2025-04-14 00:00:00,330.0,2025-04-11,335.0,3.0,ok,-5.0,2x8 #2
Central,"Hood Industries, Inc. (Silver Creek, MS)",2X8-12 #2 SYP KD-HT,2x8,12,2,2025-07-07 00:00:00,290.0,2025-07-03,280.0,4.0,ok,10.0,2x8 #2
Central,"Hood Industries, Inc. (Silver Creek, MS)",2X8-14 #2 SYP KD-HT,2x8,14,2,2025-07-07 00:00:00,290.0,2025-07-03,280.0,4.0,ok,10.0,2x8 #2
Central,"Hood Industries, Inc. (Silver Creek, MS)",4X4-12 #2 SYP KD-HT,4x4,12,2,2025-06-30 00:00:00,300.0,,,,no_series,,4x4 #2
Central,"Hood Industries, Inc. (Silver Creek, MS)",4X4-12 #2 SYP KD-HT,4x4,12,2,2025-06-30 00:00:00,300.0,,,,no_series,,4x4 #2
Central,"Hood Industries, Inc. (Silver Creek, MS)",4X4-12 #2 SYP KD-HT,4x4,12,2,2025-06-30 00:00:00,300.0,,,,no_series,,4x4 #2
Central,"Interfor US, Inc (Bay Springs, MS)",2X4-20 #2 SYP KD-HT,2x4,20,2,2025-08-05 00:00:00,413.975480032453,2025-08-01,350.0,4.0,ok,63.97548003245299,2x4 #2
Central,"Interfor US, Inc (Bay Springs, MS)",2X6-6 #2 SYP KD-HT,2x6,6,2,2025-02-20 00:00:00,327.829878038194,,,,no_series,,2x6 #2
Central,"Interfor US, Inc (Bay Springs, MS)",2X6-6 #2 SYP KD-HT,2x6,6,2,2025-07-08 00:00:00,291.744791666667,,,,no_series,,2x6 #2
Central,"Interfor US, Inc (Belk, AL)",2X4-20 #1 SYP KD-HT,2x4,20,1,2025-07-08 00:00:00,447.760326936175,2025-07-03,395.0,5.0,ok,52.76032693617498,2x4 #1
Central,"Interfor US, Inc (Belk, AL)",2X4-8 #2 SYP KD-HT,2x4,8,2,2025-05-06 00:00:00,561.864372054907,2025-05-02,510.0,4.0,ok,51.864372054906994,2x4 #2
Central,"Interfor US, Inc (Belk, AL)",2X4-20 #2 SYP KD-HT,2x4,20,2,2025-06-30 00:00:00,353.168636563965,2025-06-27,325.0,3.0,ok,28.16863656396498,2x4 #2
Central,"Jack Batte and Sons, Inc. (Forest, MS)",4X6-8 #2 SYP KD-HT,4x6,8,2,2025-04-23 00:00:00,534.999967447917,,,,no_series,,4x6 #2
Central,"Jack Batte and Sons, Inc. (Forest, MS)",4X6-8 #2 SYP KD-HT,4x6,8,2,2025-05-13 00:00:00,462.857142857143,,,,no_series,,4x6 #2
Central,"Jack Batte and Sons, Inc. (Forest, MS)",4X6-8 #2 SYP KD-HT,4x6,8,2,2025-05-13 00:00:00,462.857142857143,,,,no_series,,4x6 #2
Central,"Jack Batte and Sons, Inc. (Forest, MS)",4X6-8 #2 SYP KD-HT,4x6,8,2,2025-07-24 00:00:00,443.571382068452,,,,no_series,,4x6 #2
Central,"Jack Batte and Sons, Inc. (Forest, MS)",4X6-8 #2 SYP KD-HT,4x6,8,2,2025-08-04 00:00:00,458.035667782738,,,,no_series,,4x6 #2
Central,"Jack Batte and Sons, Inc. (Forest, MS)",4X6-10 #2 SYP HT,4x6,10,2,2025-07-24 00:00:00,400.0,,,,no_series,,4x6 #2
Central,"Jack Batte and Sons, Inc. (Forest, MS)",4X6-10 #2 SYP HT,4x6,10,2,2025-07-24 00:00:00,434.999950396825,,,,no_series,,4x6 #2
Central,"Jack Batte and Sons, Inc. (Forest, MS)",4X6-10 #2 SYP HT,4x6,10,2,2025-07-24 00:00:00,391.499955357143,,,,no_series,,4x6 #2
Central,"Jack Batte and Sons, Inc. (Forest, MS)",4X6-10 #2 SYP HT,4x6,10,2,2025-07-24 00:00:00,440.0,,,,no_series,,4x6 #2
Central,"Jack Batte and Sons, Inc. (Forest, MS)",4X6-12 #2 SYP KD-HT,4x6,12,2,2025-07-07 00:00:00,426.857142857143,,,,no_series,,4x6 #2
Central,"Jack Batte and Sons, Inc. (Forest, MS)",4X6-12 #2 SYP KD-HT,4x6,12,2,2025-07-24 00:00:00,458.035667782738,,,,no_series,,4x6 #2
Central,"Jack Batte and Sons, Inc. (Forest, MS)",4X6-12 #2 SYP KD-HT,4x6,12,2,2025-07-30 00:00:00,467.678571428571,,,,no_series,,4x6 #2
Central,"Jack Batte and Sons, Inc. (Forest, MS)",4X6-14 #2 SYP,4x6,14,2,2025-06-05 00:00:00,425.274725274725,,,,no_series,,4x6 #2
Central,"Jack Batte and Sons, Inc. (Forest, MS)",4X6-16 #2 SYP,4x6,16,2,2024-12-19 00:00:00,448.392857142857,,,,no_series,,4x6 #2
Central,"Jack Batte and Sons, Inc. (Forest, MS)",4X6-16 #2 SYP,4x6,16,2,2024-12-19 00:00:00,448.392857142857,,,,no_series,,4x6 #2
Central,"Jack Batte and Sons, Inc. (Forest, MS)",4X6-16 #2 SYP,4x6,16,2,2025-06-25 00:00:00,385.357142857143,,,,no_series,,4x6 #2
Central,"Jack Batte and Sons, Inc. (Forest, MS)",4X6-16 #2 SYP,4x6,16,2,2025-06-25 00:00:00,415.0,,,,no_series,,4x6 #2
Central,"Jack Batte and Sons, Inc. (Forest, MS)",4X6-16 #2 SYP,4x6,16,2,2025-06-25 00:00:00,415.0,,,,no_series,,4x6 #2
Central,"Jack Batte and Sons, Inc. (Forest, MS)",4X6-16 #2 SYP,4x6,16,2,2025-07-07 00:00:00,385.357142857143,,,,no_series,,4x6 #2
Central,"Jack Batte and Sons, Inc. (Forest, MS)",4X6-16 #2 SYP,4x6,16,2,2025-07-24 00:00:00,431.785714285714,,,,no_series,,4x6 #2
Central,"Jack Batte and Sons, Inc. (Forest, MS)",4X6-16 #2 SYP,4x6,16,2,2025-07-24 00:00:00,431.785714285714,,,,no_series,,4x6 #2
Central,"Jack Batte and Sons, Inc. (Forest, MS)",4X6-16 #2 SYP,4x6,16,2,2025-07-24 00:00:00,441.071428571429,,,,no_series,,4x6 #2
Central,"Jack Batte and Sons, Inc. (Forest, MS)",4X6-18 #2 SYP,4x6,18,2,2025-06-02 00:00:00,468.0,,,,no_series,,4x6 #2
Central,"Jack Batte and Sons, Inc. (Forest, MS)",4X6-20 #2 SYP,4x6,20,2,2025-07-17 00:00:00,520.0,,,,no_series,,4x6 #2
Central,"Jack Batte and Sons, Inc. (Forest, MS)",4X6-20 #2 SYP,4x6,20,2,2025-07-17 00:00:00,520.0,,,,no_series,,4x6 #2
Central,"Jack Batte and Sons, Inc. (Forest, MS)",4X6-20 #2 SYP,4x6,20,2,2025-07-30 00:00:00,525.0,,,,no_series,,4x6 #2
Central,"Jack Batte and Sons, Inc. (Forest, MS)",4X6-20 #2 SYP,4x6,20,2,2025-08-15 00:00:00,525.0,,,,no_series,,4x6 #2
Central,"Jasper Lumber Co, Inc (Jasper, AL)",4X4-12 #1 SYP KD-HT,4x4,12,1,2025-01-30 00:00:00,391.36368006993,,,,no_series,,4x4 #1
Central,"Jasper Lumber Co, Inc (Jasper, AL)",4X4-12 #1 SYP KD-HT,4x4,12,1,2025-02-20 00:00:00,430.0,,,,no_series,,4x4 #1
Central,"Jasper Lumber Co, Inc (Jasper, AL)",4X4-12 #2 SYP KD-HT,4x4,12,2,2025-02-11 00:00:00,415.0,,,,no_series,,4x4 #2
Central,"KyKenKee, Inc (Vance, AL)",4X4-8 #2 SYP,4x4,8,2,2025-08-05 00:00:00,430.016271522582,,,,no_series,,4x4 #2
Central,"Lincoln Lumber Co, Inc (Brookhaven, MS)",4X6-10 #2 SYP HT,4x6,10,2,2025-08-07 00:00:00,351.87969924812,,,,no_series,,4x6 #2
Central,"Lincoln Lumber Co, Inc (Brookhaven, MS)",8X8-16 #2 SYP KD-HT,8x8,16,2,2025-05-12 00:00:00,750.043947029181,,,,no_series,,8x8 #2
Central,"Lincoln Lumber Co, Inc (Brookhaven, MS)",8X8-16 #2 SYP KD-HT,8x8,16,2,2025-05-27 00:00:00,750.0,,,,no_series,,8x8 #2
Central,"Littrell Lumber Mill, Inc (Decatur, AL)",2X4-12 #2 Prime SYP KD-HT,2x4,12,2,2025-06-03 00:00:00,512.141947428385,2025-05-30,365.0,4.0,ok,147.14194742838504,2x4 #2
Central,"Littrell Lumber Mill, Inc (Decatur, AL)",4X6-8 #2 SYP KD-HT,4x6,8,2,2025-07-21 00:00:00,460.0,,,,no_series,,4x6 #2
Central,"Littrell Lumber Mill, Inc (Decatur, AL)",4X6-10 #2 SYP HT,4x6,10,2,2025-03-20 00:00:00,415.714285714286,,,,no_series,,4x6 #2
Central,"Littrell Lumber Mill, Inc (Decatur, AL)",4X6-10 #2 SYP HT,4x6,10,2,2025-07-21 00:00:00,460.0,,,,no_series,,4x6 #2
Central,"Littrell Lumber Mill, Inc (Decatur, AL)",4X6-12 #2 SYP KD-HT,4x6,12,2,2025-07-21 00:00:00,460.0,,,,no_series,,4x6 #2
Central,"Littrell Lumber Mill, Inc (Decatur, AL)",6X6-7 #2 SYP HT S4S,6x6,7,2,2025-02-17 00:00:00,399.991997519841,,,,no_series,,6x6 #2
Central,"Meadwestvaco Corporation (Cottonton, AL)",4X6-14 #1 SYP HT,4x6,14,1,2025-07-07 00:00:00,420.0,,,,no_series,,4x6 #1
Central,"Meadwestvaco Corporation (Cottonton, AL)",4X6-14 #2 SYP,4x6,14,2,2025-04-15 00:00:00,475.0,,,,no_series,,4x6 #2
Central,"Meadwestvaco Corporation (Cottonton, AL)",4X6-14 #2 SYP,4x6,14,2,2025-05-07 00:00:00,465.0,,,,no_series,,4x6 #2
Central,"Meadwestvaco Corporation (Cottonton, AL)",4X6-14 #2 SYP,4x6,14,2,2025-05-23 00:00:00,400.0,,,,no_series,,4x6 #2
Central,"Meadwestvaco Corporation (Cottonton, AL)",4X6-14 #2 SYP,4x6,14,2,2025-05-23 00:00:00,400.0,,,,no_series,,4x6 #2
Central,"Meadwestvaco Corporation (Cottonton, AL)",4X6-14 #2 SYP,4x6,14,2,2025-07-07 00:00:00,410.000023538961,,,,no_series,,4x6 #2
Central,"Meadwestvaco Corporation (Cottonton, AL)",4X6-16 #2 SYP,4x6,16,2,2025-07-07 00:00:00,440.0,,,,no_series,,4x6 #2
Central,"Mid South Lumber, Inc (Meridian, MS)",2X4-14 #1 SYP KD-HT,2x4,14,1,2025-06-17 00:00:00,380.03275380983,2025-06-13,420.0,4.0,ok,-39.96724619016999,2x4 #1
Central,"Mid South Lumber, Inc (Meridian, MS)",2X4-14 #2 SYP KD-HT,2x4,14,2,2025-01-07 00:00:00,385.033054303499,2025-01-03,380.0,4.0,ok,5.033054303499,2x4 #2
Central,"Mid South Lumber, Inc (Meridian, MS)",2X4-16 #2 SYP KD-HT,2x4,16,2,2025-04-23 00:00:00,520.042614218398,2025-04-18,485.0,5.0,ok,35.042614218397944,2x4 #2
Central,"Mid South Lumber, Inc (Meridian, MS)",2X6-16 #2 SYP KD-HT,2x6,16,2,2025-03-14 00:00:00,360.0,2025-03-14,370.0,0.0,ok,-10.0,2x6 #2
Central,"Mid South Lumber, Inc (Meridian, MS)",2X6-16 #2 SYP KD-HT,2x6,16,2,2025-03-17 00:00:00,360.0,2025-03-14,370.0,3.0,ok,-10.0,2x6 #2
Central,"Mid South Lumber, Inc (Meridian, MS)",2X6-16 #2 SYP KD-HT,2x6,16,2,2025-03-26 00:00:00,330.000016424006,2025-03-21,365.0,5.0,ok,-34.99998357599401,2x6 #2
Central,"Mid South Lumber, Inc (Meridian, MS)",2X6-16 #2 SYP KD-HT,2x6,16,2,2025-03-26 00:00:00,330.000016424006,2025-03-21,365.0,5.0,ok,-34.99998357599401,2x6 #2
Central,"Mission Forest Products, LP (Corinth, MS)",2X4-10 #1 SYP KD-HT,2x4,10,1,2025-03-17 00:00:00,440.157951676884,2025-03-14,440.0,3.0,ok,0.1579516768840108,2x4 #1
Central,"Mission Forest Products, LP (Corinth, MS)",2X4-10 #1 SYP KD-HT,2x4,10,1,2025-04-07 00:00:00,511.257932692308,2025-04-04,460.0,3.0,ok,51.257932692307975,2x4 #1
Central,"Mission Forest Products, LP (Corinth, MS)",2X4-10 #1 SYP KD-HT,2x4,10,1,2025-07-15 00:00:00,375.108322515506,2025-07-11,375.0,4.0,ok,0.10832251550601768,2x4 #1
Central,"Mission Forest Products, LP (Corinth, MS)",2X4-10 #1 SYP KD-HT,2x4,10,1,2025-08-07 00:00:00,360.091630254953,2025-08-01,375.0,6.0,ok,-14.908369745047025,2x4 #1
Central,"Mission Forest Products, LP (Corinth, MS)",2X4-12 #1 SYP KD-HT,2x4,12,1,2025-03-17 00:00:00,445.0,2025-03-14,445.0,3.0,ok,0.0,2x4 #1
Central,"Mission Forest Products, LP (Corinth, MS)",2X4-12 #1 SYP KD-HT,2x4,12,1,2025-04-07 00:00:00,516.134958791209,2025-04-04,465.0,3.0,ok,51.13495879120899,2x4 #1
Central,"Mission Forest Products, LP (Corinth, MS)",2X4-12 #1 SYP KD-HT,2x4,12,1,2025-05-02 00:00:00,505.000480769231,2025-05-02,505.0,0.0,ok,0.00048076923098960833,2x4 #1
Central,"Mission Forest Products, LP (Corinth, MS)",2X4-12 #1 SYP KD-HT,2x4,12,1,2025-07-15 00:00:00,375.000429258242,2025-07-11,375.0,4.0,ok,0.0004292582419793689,2x4 #1
Central,"Mission Forest Products, LP (Corinth, MS)",2X4-14 #1 SYP KD-HT,2x4,14,1,2025-03-17 00:00:00,475.0,2025-03-14,475.0,3.0,ok,0.0,2x4 #1
Central,"Mission Forest Products, LP (Corinth, MS)",2X4-14 #1 SYP KD-HT,2x4,14,1,2025-05-02 00:00:00,544.929491307148,2025-05-02,550.0,0.0,ok,-5.070508692851945,2x4 #1
Central,"Mission Forest Products, LP (Corinth, MS)",2X4-14 #1 SYP KD-HT,2x4,14,1,2025-07-15 00:00:00,395.001229606732,2025-07-11,395.0,4.0,ok,0.0012296067320107795,2x4 #1
Central,"Mission Forest Products, LP (Corinth, MS)",2X4-14 #1 SYP KD-HT,2x4,14,1,2025-08-19 00:00:00,380.004047391272,2025-08-15,395.0,4.0,ok,-14.995952608727976,2x4 #1
Central,"Mission Forest Products, LP (Corinth, MS)",2X4-16 #1 SYP KD-HT,2x4,16,1,2025-03-17 00:00:00,475.0,2025-03-14,475.0,3.0,ok,0.0,2x4 #1
Central,"Mission Forest Products, LP (Corinth, MS)",2X4-16 #1 SYP KD-HT,2x4,16,1,2025-08-19 00:00:00,430.004089966646,2025-08-15,440.0,4.0,ok,-9.995910033353994,2x4 #1
Central,"Mission Forest Products, LP (Corinth, MS)",2X4-18 #1 SYP KD-HT,2x4,18,1,2025-03-17 00:00:00,430.0,2025-03-14,430.0,3.0,ok,0.0,2x4 #1
Central,"Mission Forest Products, LP (Corinth, MS)",2X4-18 #1 SYP KD-HT,2x4,18,1,2025-05-22 00:00:00,553.506054131054,2025-05-16,495.0,6.0,ok,58.50605413105404,2x4 #1
Central,"Mission Forest Products, LP (Corinth, MS)",2X4-18 #1 SYP KD-HT,2x4,18,1,2025-06-02 00:00:00,430.0,2025-05-30,455.0,3.0,ok,-25.0,2x4 #1
Central,"Mission Forest Products, LP (Corinth, MS)",2X4-20 #1 SYP KD-HT,2x4,20,1,2025-05-13 00:00:00,579.323023528351,2025-05-09,510.0,4.0,ok,69.32302352835097,2x4 #1
Central,"Mission Forest Products, LP (Corinth, MS)",2X4-8 #2 SYP KD-HT,2x4,8,2,2025-08-20 00:00:00,335.151734277742,2025-08-15,350.0,5.0,ok,-14.84826572225802,2x4 #2
Central,"Mission Forest Products, LP (Corinth, MS)",2X4-10 #2 SYP KD-HT,2x4,10,2,2025-01-20 00:00:00,360.091460569295,2025-01-17,350.0,3.0,ok,10.091460569295009,2x4 #2
Central,"Mission Forest Products, LP (Corinth, MS)",2X4-10 #2 SYP KD-HT,2x4,10,2,2025-02-03 00:00:00,340.08641242099,2025-01-31,340.0,3.0,ok,0.08641242098997282,2x4 #2
Central,"Mission Forest Products, LP (Corinth, MS)",2X4-10 #2 SYP KD-HT,2x4,10,2,2025-04-07 00:00:00,405.103423408136,2025-04-04,410.0,3.0,ok,-4.8965765918640045,2x4 #2
Central,"Mission Forest Products, LP (Corinth, MS)",2X4-10 #2 SYP KD-HT,2x4,10,2,2025-04-07 00:00:00,405.103423408136,2025-04-04,410.0,3.0,ok,-4.8965765918640045,2x4 #2
Central,"Mission Forest Products, LP (Corinth, MS)",2X4-10 #2 SYP KD-HT,2x4,10,2,2025-04-08 00:00:00,410.10444152208,2025-04-04,410.0,4.0,ok,0.10444152207998059,2x4 #2
Central,"Mission Forest Products, LP (Corinth, MS)",2X4-10 #2 SYP KD-HT,2x4,10,2,2025-06-23 00:00:00,300.076443388623,2025-06-19,300.0,4.0,ok,0.07644338862297673,2x4 #2
Central,"Mission Forest Products, LP (Corinth, MS)",2X4-12 #2 SYP KD-HT,2x4,12,2,2025-03-06 00:00:00,385.0,2025-02-28,370.0,6.0,ok,15.0,2x4 #2
Central,"Mission Forest Products, LP (Corinth, MS)",2X4-12 #2 SYP KD-HT,2x4,12,2,2025-04-07 00:00:00,405.0,2025-04-04,415.0,3.0,ok,-10.0,2x4 #2
Central,"Mission Forest Products, LP (Corinth, MS)",2X4-12 #2 SYP KD-HT,2x4,12,2,2025-04-07 00:00:00,405.0,2025-04-04,415.0,3.0,ok,-10.0,2x4 #2
Central,"Mission Forest Products, LP (Corinth, MS)",2X4-14 #2 SYP KD-HT,2x4,14,2,2025-04-15 00:00:00,444.942730199614,2025-04-11,455.0,4.0,ok,-10.057269800385995,2x4 #2
Central,"Mission Forest Products, LP (Corinth, MS)",2X4-14 #2 SYP KD-HT,2x4,14,2,2025-04-22 00:00:00,484.937566001288,2025-04-18,470.0,4.0,ok,14.937566001288019,2x4 #2
Central,"Mission Forest Products, LP (Corinth, MS)",2X4-16 #2 SYP KD-HT,2x4,16,2,2025-01-09 00:00:00,425.076985486343,2025-01-03,405.0,6.0,ok,20.076985486343006,2x4 #2
Central,"Mission Forest Products, LP (Corinth, MS)",2X4-16 #2 SYP KD-HT,2x4,16,2,2025-06-25 00:00:00,395.065027658267,2025-06-19,385.0,6.0,ok,10.065027658267013,2x4 #2
Central,"Mission Forest Products, LP (Corinth, MS)",2X4-16 #2 SYP KD-HT,2x4,16,2,2025-06-25 00:00:00,395.065027658267,2025-06-19,385.0,6.0,ok,10.065027658267013,2x4 #2
Central,"Mission Forest Products, LP (Corinth, MS)",2X4-16 #2 SYP KD-HT,2x4,16,2,2025-06-30 00:00:00,395.065027658267,2025-06-27,375.0,3.0,ok,20.065027658267013,2x4 #2
Central,"Mission Forest Products, LP (Corinth, MS)",2X4-18 #2 SYP KD-HT,2x4,18,2,2025-01-09 00:00:00,355.0,2025-01-03,335.0,6.0,ok,20.0,2x4 #2
Central,"Mission Forest Products, LP (Corinth, MS)",2X4-18 #2 SYP KD-HT,2x4,18,2,2025-01-09 00:00:00,355.000375801282,2025-01-03,335.0,6.0,ok,20.00037580128202,2x4 #2
Central,"Mission Forest Products, LP (Corinth, MS)",2X4-18 #2 SYP KD-HT,2x4,18,2,2025-01-09 00:00:00,355.0,2025-01-03,335.0,6.0,ok,20.0,2x4 #2
Central,"Mission Forest Products, LP (Corinth, MS)",2X4-18 #2 SYP KD-HT,2x4,18,2,2025-01-20 00:00:00,370.0,2025-01-17,345.0,3.0,ok,25.0,2x4 #2
Central,"Mission Forest Products, LP (Corinth, MS)",2X4-18 #2 SYP KD-HT,2x4,18,2,2025-02-03 00:00:00,355.0,2025-01-31,340.0,3.0,ok,15.0,2x4 #2
Central,"Mission Forest Products, LP (Corinth, MS)",2X4-18 #2 SYP KD-HT,2x4,18,2,2025-04-15 00:00:00,512.530270655271,2025-04-11,410.0,4.0,ok,102.53027065527101,2x4 #2
Central,"Mission Forest Products, LP (Corinth, MS)",2X4-18 #2 SYP KD-HT,2x4,18,2,2025-04-22 00:00:00,440.0,2025-04-18,425.0,4.0,ok,15.0,2x4 #2
Central,"Mission Forest Products, LP (Corinth, MS)",2X4-18 #2 SYP KD-HT,2x4,18,2,2025-04-29 00:00:00,434.999975961539,2025-04-25,435.0,4.0,ok,-2.4038460992414912e-05,2x4 #2
Central,"Mission Forest Products, LP (Corinth, MS)",2X4-18 #2 SYP KD-HT,2x4,18,2,2025-05-19 00:00:00,410.00004451567,2025-05-16,420.0,3.0,ok,-9.999955484329973,2x4 #2
Central,"Mission Forest Products, LP (Corinth, MS)",2X4-20 #2 SYP KD-HT,2x4,20,2,2025-01-09 00:00:00,359.967456954836,2025-01-03,340.0,6.0,ok,19.967456954835995,2x4 #2
Central,"Mission Forest Products, LP (Corinth, MS)",2X4-20 #2 SYP KD-HT,2x4,20,2,2025-01-09 00:00:00,359.967445235734,2025-01-03,340.0,6.0,ok,19.967445235733976,2x4 #2
Central,"Mission Forest Products, LP (Corinth, MS)",2X4-20 #2 SYP KD-HT,2x4,20,2,2025-04-22 00:00:00,449.999098449333,2025-04-18,435.0,4.0,ok,14.999098449333019,2x4 #2
Central,"Mission Forest Products, LP (Corinth, MS)",2X4-20 #2 SYP KD-HT,2x4,20,2,2025-06-02 00:00:00,453.118694659241,2025-05-30,380.0,3.0,ok,73.11869465924099,2x4 #2
Central,"Mission Forest Products, LP (Corinth, MS)",2X6-14 #2 SYP KD-HT,2x6,14,2,2025-05-01 00:00:00,355.000042925824,2025-04-25,355.0,6.0,ok,4.2925824004669266e-05,2x6 #2
Central,"Mission Forest Products, LP (Corinth, MS)",2X8-8 #1 SYP KD-HT,2x8,8,1,2025-01-28 00:00:00,340.0,2025-01-24,370.0,4.0,ok,-30.0,2x8 #1
Central,"Mission Forest Products, LP (Corinth, MS)",2X8-8 #2 SYP KD-HT,2x8,8,2,2025-03-10 00:00:00,370.749660326087,2025-03-07,320.0,3.0,ok,50.749660326086996,2x8 #2
Central,"Mission Forest Products, LP (Corinth, MS)",2X8-8 #2 SYP KD-HT,2x8,8,2,2025-03-10 00:00:00,370.820703125,2025-03-07,320.0,3.0,ok,50.82070312500002,2x8 #2
Central,"Mission Forest Products, LP (Corinth, MS)",2X8-8 #2 SYP KD-HT,2x8,8,2,2025-03-10 00:00:00,320.0,2025-03-07,320.0,3.0,ok,0.0,2x8 #2
Central,"Mission Forest Products, LP (Corinth, MS)",2X8-8 #2 SYP KD-HT,2x8,8,2,2025-04-10 00:00:00,314.999985139266,2025-04-04,325.0,6.0,ok,-10.000014860733984,2x8 #2
Central,"Mission Forest Products, LP (Corinth, MS)",2X8-10 #2 SYP KD-HT,2x8,10,2,2025-03-10 00:00:00,426.07057597986,2025-03-07,325.0,3.0,ok,101.07057597986,2x8 #2
Central,"Mission Forest Products, LP (Corinth, MS)",2X8-10 #2 SYP KD-HT,2x8,10,2,2025-03-10 00:00:00,375.862658778882,2025-03-07,325.0,3.0,ok,50.86265877888201,2x8 #2
Central,"Mission Forest Products, LP (Corinth, MS)",2X8-10 #2 SYP KD-HT,2x8,10,2,2025-03-10 00:00:00,403.644886714092,2025-03-07,325.0,3.0,ok,78.64488671409202,2x8 #2
Central,"Mission Forest Products, LP (Corinth, MS)",2X8-10 #2 SYP KD-HT,2x8,10,2,2025-04-10 00:00:00,337.792438907939,2025-04-04,330.0,6.0,ok,7.792438907939015,2x8 #2
Central,"Mission Forest Products, LP (Corinth, MS)",2X8-10 #2 SYP KD-HT,2x8,10,2,2025-04-10 00:00:00,337.792438907939,2025-04-04,330.0,6.0,ok,7.792438907939015,2x8 #2
Central,"Mission Forest Products, LP (Corinth, MS)",2X8-12 #2 SYP KD-HT,2x8,12,2,2025-03-10 00:00:00,325.0,2025-03-07,325.0,3.0,ok,0.0,2x8 #2
Central,"Mission Forest Products, LP (Corinth, MS)",2X8-12 #2 SYP KD-HT,2x8,12,2,2025-03-10 00:00:00,325.0,2025-03-07,325.0,3.0,ok,0.0,2x8 #2
Central,"Mission Forest Products, LP (Corinth, MS)",2X8-12 #2 SYP KD-HT,2x8,12,2,2025-04-10 00:00:00,319.99998819987,2025-04-04,330.0,6.0,ok,-10.000011800129982,2x8 #2
Central,"Rex Lumber Troy, LLC (Troy, AL)",2X12-14 #2 SYP KD-HT,2x12,14,2,2025-01-31 00:00:00,330.0,2025-01-31,340.0,0.0,ok,-10.0,2x12 #2
Central,"Rex Lumber Troy, LLC (Troy, AL)",2X12-16 #2 SYP KD-HT,2x12,16,2,2025-03-20 00:00:00,380.000016818576,2025-03-14,430.0,6.0,ok,-49.999983181424,2x12 #2
Central,"Rex Lumber Troy, LLC (Troy, AL)",2X4-16 #2 SYP KD-HT,2x4,16,2,2025-03-20 00:00:00,480.107955826009,2025-03-14,430.0,6.0,ok,50.107955826009004,2x4 #2
Central,"Rex Lumber Troy, LLC (Troy, AL)",2X6-12 #2 SYP KD-HT,2x6,12,2,2025-05-15 00:00:00,290.000012586806,2025-05-09,325.0,6.0,ok,-34.99998741319399,2x6 #2
Central,"Rex Lumber Troy, LLC (Troy, AL)",2X6-12 #2 SYP KD-HT,2x6,12,2,2025-05-15 00:00:00,290.000012586806,2025-05-09,325.0,6.0,ok,-34.99998741319399,2x6 #2
Central,"Rex Lumber Troy, LLC (Troy, AL)",4X4-10 #2 SYP KD-HT,4x4,10,2,2025-07-25 00:00:00,395.164220437552,,,,no_series,,4x4 #2
Central,"Rex Lumber Troy, LLC (Troy, AL)",4X4-10 #2 SYP KD-HT,4x4,10,2,2025-07-25 00:00:00,331.26548606719,,,,no_series,,4x4 #2
Central,"Rex Lumber Troy, LLC (Troy, AL)",4X4-10 #2 SYP KD-HT,4x4,10,2,2025-07-25 00:00:00,395.170921678927,,,,no_series,,4x4 #2
Central,"Rex Lumber Troy, LLC (Troy, AL)",4X4-10 #2 SYP KD-HT,4x4,10,2,2025-07-25 00:00:00,395.157901744109,,,,no_series,,4x4 #2
Central,"Rex Lumber Troy, LLC (Troy, AL)",4X4-10 #2 SYP KD-HT,4x4,10,2,2025-07-25 00:00:00,395.157901744109,,,,no_series,,4x4 #2
Central,"Rex Lumber-Brookhaven (Brookhaven, MS)",2X8-8 #1 SYP KD-HT,2x8,8,1,2024-12-18 00:00:00,320.434782608696,2024-12-13,340.0,5.0,ok,-19.565217391303975,2x8 #1
Central,"Rex Lumber-Brookhaven (Brookhaven, MS)",2X8-16 #1 SYP KD-HT,2x8,16,1,2025-02-03 00:00:00,368.198206596529,2025-01-31,380.0,3.0,ok,-11.801793403470981,2x8 #1
Central,"Southeast Forest Products Mfg, Inc (Louisville, AL)",2X6-16 #2 SYP KD-HT,2x6,16,2,2025-05-09 00:00:00,315.0,2025-05-09,335.0,0.0,ok,-20.0,2x6 #2
Central,"Southeast Forest Products Mfg, Inc (Louisville, AL)",2X8-10 #2 SYP KD-HT,2x8,10,2,2025-05-13 00:00:00,315.012858631017,2025-05-09,335.0,4.0,ok,-19.987141368982975,2x8 #2
Central,"Southeast Forest Products Mfg, Inc (Louisville, AL)",2X8-10 #2 SYP KD-HT,2x8,10,2,2025-05-13 00:00:00,315.012858631017,2025-05-09,335.0,4.0,ok,-19.987141368982975,2x8 #2
Central,"Southeast Forest Products Mfg, Inc (Louisville, AL)",2X8-10 #2 SYP KD-HT,2x8,10,2,2025-05-13 00:00:00,315.012858631017,2025-05-09,335.0,4.0,ok,-19.987141368982975,2x8 #2
Central,"Southeast Forest Products Mfg, Inc (Louisville, AL)",2X8-10 #2 SYP KD-HT,2x8,10,2,2025-05-13 00:00:00,315.012858631017,2025-05-09,335.0,4.0,ok,-19.987141368982975,2x8 #2
Central,"Southeast Forest Products Mfg, Inc (Louisville, AL)",2X8-12 #2 SYP KD-HT,2x8,12,2,2025-05-13 00:00:00,315.000012586806,2025-05-09,340.0,4.0,ok,-24.999987413193992,2x8 #2
Central,"Southeast Forest Products Mfg, Inc (Louisville, AL)",2X8-16 #2 SYP KD-HT,2x8,16,2,2025-05-13 00:00:00,325.013983220136,2025-05-09,350.0,4.0,ok,-24.986016779863974,2x8 #2
Central,"Southeast Forest Products Mfg, Inc (Louisville, AL)",2X8-16 #2 SYP KD-HT,2x8,16,2,2025-05-13 00:00:00,325.013983220136,2025-05-09,350.0,4.0,ok,-24.986016779863974,2x8 #2
Central,"Southeast Forest Products Mfg, Inc (Louisville, AL)",4X4-12 #2 SYP KD-HT,4x4,12,2,2025-04-08 00:00:00,490.0,,,,no_series,,4x4 #2
Central,"Southeast Forest Products Mfg, Inc (Louisville, AL)",4X6-10 #2 SYP HT,4x6,10,2,2025-04-01 00:00:00,557.395833333333,,,,no_series,,4x6 #2
Central,"Southeast Forest Products Mfg, Inc (Louisville, AL)",4X6-10 #2 SYP HT,4x6,10,2,2025-04-01 00:00:00,557.395833333333,,,,no_series,,4x6 #2
Central,"Southeast Forest Products Mfg, Inc (Louisville, AL)",4X6-10 #2 SYP HT,4x6,10,2,2025-05-19 00:00:00,406.015037593985,,,,no_series,,4x6 #2
Central,"Southeastern Timber Products, LLC (Ackerman, MS)",2X4-10 #2 SYP KD-HT,2x4,10,2,2025-04-07 00:00:00,400.101981080049,2025-04-04,410.0,3.0,ok,-9.898018919951028,2x4 #2
Central,"Southeastern Timber Products, LLC (Ackerman, MS)",2X4-10 #2 SYP KD-HT,2x4,10,2,2025-04-07 00:00:00,400.101981080049,2025-04-04,410.0,3.0,ok,-9.898018919951028,2x4 #2
Central,"Southeastern Timber Products, LLC (Ackerman, MS)",2X4-12 #2 SYP KD-HT,2x4,12,2,2025-02-21 00:00:00,335.0,2025-02-21,365.0,0.0,ok,-30.0,2x4 #2
Central,"Southeastern Timber Products, LLC (Ackerman, MS)",2X4-12 #2 SYP KD-HT,2x4,12,2,2025-04-09 00:00:00,400.000042925824,2025-04-04,415.0,5.0,ok,-14.999957074175995,2x4 #2
Central,"Southeastern Timber Products, LLC (Ackerman, MS)",2X4-16 #2 SYP KD-HT,2x4,16,2,2024-12-26 00:00:00,390.063798401967,2024-12-20,380.0,6.0,ok,10.063798401967006,2x4 #2
Central,"Southeastern Timber Products, LLC (Ackerman, MS)",2X4-20 #2 SYP KD-HT,2x4,20,2,2025-05-05 00:00:00,445.410529162535,2025-05-02,445.0,3.0,ok,0.41052916253499916,2x4 #2
Central,"Southeastern Timber Products, LLC (Ackerman, MS)",4X4-12 #1 SYP KD-HT,4x4,12,1,2024-12-19 00:00:00,361.000019688645,,,,no_series,,4x4 #1
Central,"Southeastern Timber Products, LLC (Ackerman, MS)",4X4-12 #1 SYP KD-HT,4x4,12,1,2025-02-21 00:00:00,430.0,,,,no_series,,4x4 #1
Central,"Southeastern Timber Products, LLC (Ackerman, MS)",4X4-12 #1 SYP KD-HT,4x4,12,1,2025-03-04 00:00:00,425.0,,,,no_series,,4x4 #1
Central,"Southeastern Timber Products, LLC (Ackerman, MS)",4X4-12 #1 SYP KD-HT,4x4,12,1,2025-03-04 00:00:00,425.0,,,,no_series,,4x4 #1
Central,"Southeastern Timber Products, LLC (Ackerman, MS)",4X4-12 #1 SYP KD-HT,4x4,12,1,2025-03-27 00:00:00,525.416696428571,,,,no_series,,4x4 #1
Central,"Southeastern Timber Products, LLC (Ackerman, MS)",4X4-14 #1 SYP KD-HT,4x4,14,1,2025-02-25 00:00:00,412.0,,,,no_series,,4x4 #1
Central,"Southeastern Timber Products, LLC (Ackerman, MS)",4X4-14 #1 SYP KD-HT,4x4,14,1,2025-03-04 00:00:00,424.883424908425,,,,no_series,,4x4 #1
Central,"Southeastern Timber Products, LLC (Ackerman, MS)",4X4-10 #2 SYP KD-HT,4x4,10,2,2025-03-14 00:00:00,480.199390750485,,,,no_series,,4x4 #2
Central,"Southeastern Timber Products, LLC (Ackerman, MS)",4X4-12 #2 SYP KD-HT,4x4,12,2,2024-12-10 00:00:00,353.29304029304,,,,no_series,,4x4 #2
Central,"Southeastern Timber Products, LLC (Ackerman, MS)",4X4-12 #2 SYP KD-HT,4x4,12,2,2025-03-04 00:00:00,420.0,,,,no_series,,4x4 #2
Central,"Southeastern Timber Products, LLC (Ackerman, MS)",4X4-12 #2 SYP KD-HT,4x4,12,2,2025-03-04 00:00:00,450.0,,,,no_series,,4x4 #2
Central,"Southeastern Timber Products, LLC (Ackerman, MS)",4X4-12 #2 SYP KD-HT,4x4,12,2,2025-03-04 00:00:00,428.571428571429,,,,no_series,,4x4 #2
Central,"Southeastern Timber Products, LLC (Ackerman, MS)",4X4-12 #2 SYP KD-HT,4x4,12,2,2025-04-14 00:00:00,470.0,,,,no_series,,4x4 #2
Central,"Southeastern Timber Products, LLC (Ackerman, MS)",4X4-12 #2 SYP KD-HT,4x4,12,2,2025-04-16 00:00:00,490.0,,,,no_series,,4x4 #2
Central,"Southeastern Timber Products, LLC (Ackerman, MS)",4X4-12 #2 SYP KD-HT,4x4,12,2,2025-06-06 00:00:00,454.241071428571,,,,no_series,,4x4 #2
Central,"Southeastern Timber Products, LLC (Ackerman, MS)",4X4-14 #2 SYP KD-HT,4x4,14,2,2025-01-30 00:00:00,412.386430533752,,,,no_series,,4x4 #2
Central,"Southeastern Timber Products, LLC (Ackerman, MS)",4X4-14 #2 SYP KD-HT,4x4,14,2,2025-02-05 00:00:00,394.891483516483,,,,no_series,,4x4 #2
Central,"Southeastern Timber Products, LLC (Ackerman, MS)",4X4-14 #2 SYP KD-HT,4x4,14,2,2025-02-05 00:00:00,394.891483516484,,,,no_series,,4x4 #2
Central,"Southeastern Timber Products, LLC (Ackerman, MS)",4X4-14 #2 SYP KD-HT,4x4,14,2,2025-06-06 00:00:00,424.955402696793,,,,no_series,,4x4 #2
Central,"Southeastern Timber Products, LLC (Ackerman, MS)",4X4-14 #2 SYP KD-HT,4x4,14,2,2025-07-11 00:00:00,314.913461538462,,,,no_series,,4x4 #2
Central,"Southeastern Timber Products, LLC (Ackerman, MS)",4X4-14 #2 SYP KD-HT,4x4,14,2,2025-07-15 00:00:00,334.907937728938,,,,no_series,,4x4 #2
Central,"Southeastern Timber Products, LLC (Ackerman, MS)",4X6-10 #1 SYP HT,4x6,10,1,2025-02-07 00:00:00,464.99996875,,,,no_series,,4x6 #1
Central,"Southeastern Timber Products, LLC (Ackerman, MS)",4X6-14 #1 SYP HT,4x6,14,1,2025-02-07 00:00:00,465.0,,,,no_series,,4x6 #1
Central,"Southeastern Timber Products, LLC (Ackerman, MS)",4X6-14 #1 SYP HT,4x6,14,1,2025-02-07 00:00:00,464.999977223032,,,,no_series,,4x6 #1
Central,"Southeastern Timber Products, LLC (Ackerman, MS)",4X6-20 #1 SYP HT,4x6,20,1,2025-02-06 00:00:00,540.0,,,,no_series,,4x6 #1
Central,"Southeastern Timber Products, LLC (Ackerman, MS)",4X6-8 #2 SYP KD-HT,4x6,8,2,2025-07-15 00:00:00,435.0,,,,no_series,,4x6 #2
Central,"Southeastern Timber Products, LLC (Ackerman, MS)",4X6-14 #2 SYP,4x6,14,2,2025-03-07 00:00:00,485.0,,,,no_series,,4x6 #2
Central,"Trimjoist Corporation (Columbus, MS)",2X4-12 #1 SYP KD-HT,2x4,12,1,2025-03-31 00:00:00,390.019155649038,2025-03-28,455.0,3.0,ok,-64.980844350962,2x4 #1
Central,"Two Rivers Lumber Company, LLC (Demopolis, AL)",2X4-10 #2 SYP KD-HT,2x4,10,2,2025-05-09 00:00:00,451.0,2025-05-09,435.0,0.0,ok,16.0,2x4 #2
Central,"Vicksburg Forest Products, LLC (Vicksburg, MS)",2X10-8 #2 SYP KD-HT,2x10,8,2,2025-04-30 00:00:00,320.970197566693,2025-04-25,385.0,5.0,ok,-64.029802433307,2x10 #2
Central,"Vicksburg Forest Products, LLC (Vicksburg, MS)",2X4-8 #1 SYP KD-HT,2x4,8,1,2025-03-07 00:00:00,439.905559132861,2025-03-07,470.0,0.0,ok,-30.094440867138985,2x4 #1
Central,"Vicksburg Forest Products, LLC (Vicksburg, MS)",2X4-12 #1 SYP KD-HT,2x4,12,1,2025-02-07 00:00:00,424.999979300214,2025-02-07,410.0,0.0,ok,14.999979300214022,2x4 #1
Central,"Vicksburg Forest Products, LLC (Vicksburg, MS)",2X4-14 #1 SYP KD-HT,2x4,14,1,2025-02-07 00:00:00,449.953636925613,2025-02-07,435.0,0.0,ok,14.953636925613011,2x4 #1
Central,"Vicksburg Forest Products, LLC (Vicksburg, MS)",2X4-14 #1 SYP KD-HT,2x4,14,1,2025-03-14 00:00:00,526.797444879456,2025-03-14,475.0,0.0,ok,51.79744487945595,2x4 #1
Central,"Vicksburg Forest Products, LLC (Vicksburg, MS)",2X4-16 #1 SYP KD-HT,2x4,16,1,2025-03-14 00:00:00,541.743088942308,2025-03-14,475.0,0.0,ok,66.74308894230796,2x4 #1
Central,"Vicksburg Forest Products, LLC (Vicksburg, MS)",2X4-18 #1 SYP KD-HT,2x4,18,1,2025-05-07 00:00:00,551.216168091168,2025-05-02,515.0,5.0,ok,36.216168091168015,2x4 #1
Central,"Vicksburg Forest Products, LLC (Vicksburg, MS)",2X4-10 #2 SYP KD-HT,2x4,10,2,2025-04-30 00:00:00,330.089425763995,2025-04-25,440.0,5.0,ok,-109.910574236005,2x4 #2
Central,"Vicksburg Forest Products, LLC (Vicksburg, MS)",2X6-8 #2 SYP KD-HT,2x6,8,2,2025-04-30 00:00:00,453.333333333333,2025-04-25,345.0,5.0,ok,108.33333333333297,2x6 #2
Central,"Vicksburg Forest Products, LLC (Vicksburg, MS)",2X6-14 #2 SYP KD-HT,2x6,14,2,2025-03-25 00:00:00,471.780563186813,2025-03-21,365.0,4.0,ok,106.78056318681303,2x6 #2
Central,"Vicksburg Forest Products, LLC (Vicksburg, MS)",2X8-10 #2 SYP KD-HT,2x8,10,2,2025-02-24 00:00:00,325.01410651504,2025-02-21,325.0,3.0,ok,0.014106515039998158,2x8 #2
Central,"Vicksburg Forest Products, LLC (Vicksburg, MS)",2X8-10 #2 SYP KD-HT,2x8,10,2,2025-04-08 00:00:00,330.014340466166,2025-04-04,330.0,4.0,ok,0.014340466166004262,2x8 #2
Central,"Vicksburg Forest Products, LLC (Vicksburg, MS)",2X8-12 #2 SYP KD-HT,2x8,12,2,2025-02-24 00:00:00,325.0,2025-02-21,325.0,3.0,ok,0.0,2x8 #2
Central,"Vicksburg Forest Products, LLC (Vicksburg, MS)",2X8-12 #2 SYP KD-HT,2x8,12,2,2025-02-24 00:00:00,325.0,2025-02-21,325.0,3.0,ok,0.0,2x8 #2
Central,"Vicksburg Forest Products, LLC (Vicksburg, MS)",2X8-12 #2 SYP KD-HT,2x8,12,2,2025-02-24 00:00:00,325.0,2025-02-21,325.0,3.0,ok,0.0,2x8 #2
Central,"Vicksburg Forest Products, LLC (Vicksburg, MS)",4X6-10 #2 SYP HT,4x6,10,2,2025-01-30 00:00:00,485.0,,,,no_series,,4x6 #2
Central,"Vicksburg Forest Products, LLC (Vicksburg, MS)",4X6-14 #2 SYP,4x6,14,2,2025-01-16 00:00:00,422.5,,,,no_series,,4x6 #2
Central,"Vicksburg Forest Products, LLC (Vicksburg, MS)",4X6-14 #2 SYP,4x6,14,2,2025-01-16 00:00:00,422.5,,,,no_series,,4x6 #2
Central,"Vicksburg Forest Products, LLC (Vicksburg, MS)",4X6-14 #2 SYP,4x6,14,2,2025-01-16 00:00:00,422.5,,,,no_series,,4x6 #2
Central,"Vicksburg Forest Products, LLC (Vicksburg, MS)",4X6-14 #2 SYP,4x6,14,2,2025-01-27 00:00:00,422.5,,,,no_series,,4x6 #2
Central,"Vicksburg Forest Products, LLC (Vicksburg, MS)",4X6-14 #2 SYP,4x6,14,2,2025-02-07 00:00:00,398.571451803936,,,,no_series,,4x6 #2
Central,"Vicksburg Forest Products, LLC (Vicksburg, MS)",4X6-14 #2 SYP,4x6,14,2,2025-02-07 00:00:00,464.999974980377,,,,no_series,,4x6 #2
Central,"Vicksburg Forest Products, LLC (Vicksburg, MS)",4X6-14 #2 SYP,4x6,14,2,2025-02-07 00:00:00,431.785691053207,,,,no_series,,4x6 #2
Central,"Vicksburg Forest Products, LLC (Vicksburg, MS)",4X6-14 #2 SYP,4x6,14,2,2025-02-07 00:00:00,465.000027104592,,,,no_series,,4x6 #2
Central,"Vicksburg Forest Products, LLC (Vicksburg, MS)",4X6-14 #2 SYP,4x6,14,2,2025-02-07 00:00:00,465.000027104592,,,,no_series,,4x6 #2
Central,"Vicksburg Forest Products, LLC (Vicksburg, MS)",4X6-14 #2 SYP,4x6,14,2,2025-04-07 00:00:00,532.608418367347,,,,no_series,,4x6 #2
Central,"Vicksburg Forest Products, LLC (Vicksburg, MS)",4X6-14 #2 SYP,4x6,14,2,2025-05-05 00:00:00,485.0,,,,no_series,,4x6 #2
Central,"West Fraser Mills Ltd. (Maplesville, AL)",2X8-10 #2 SYP KD-HT,2x8,10,2,2025-03-07 00:00:00,345.0,2025-03-07,325.0,0.0,ok,20.0,2x8 #2
Central,"West Fraser Mills Ltd. (Maplesville, AL)",2X8-10 #2 SYP KD-HT,2x8,10,2,2025-03-07 00:00:00,345.0,2025-03-07,325.0,0.0,ok,20.0,2x8 #2
Central,"West Fraser Mills Ltd. (Maplesville, AL)",2X8-12 #2 SYP KD-HT,2x8,12,2,2025-03-07 00:00:00,345.0,2025-03-07,325.0,0.0,ok,20.0,2x8 #2
Central,"West Fraser Mills Ltd. (Opelika, AL)",2X8-10 #2 SYP KD-HT,2x8,10,2,2025-03-06 00:00:00,325.01410651504,2025-02-28,325.0,6.0,ok,0.014106515039998158,2x8 #2
Central,"West Fraser Mills Ltd. (Opelika, AL)",2X8-12 #2 SYP KD-HT,2x8,12,2,2025-03-06 00:00:00,325.0,2025-02-28,325.0,6.0,ok,0.0,2x8 #2
Central,"Westervelt Lumber Division (Moundville, AL)",2X4-10 #2 SYP KD-HT,2x4,10,2,2025-01-16 00:00:00,309.855427819964,2025-01-10,340.0,6.0,ok,-30.144572180035993,2x4 #2
Central,"Westervelt Lumber Division (Moundville, AL)",2X4-10 #2 SYP KD-HT,2x4,10,2,2025-01-16 00:00:00,309.850987980769,2025-01-10,340.0,6.0,ok,-30.14901201923101,2x4 #2
Central,"Westervelt Lumber Division (Moundville, AL)",2X4-10 #2 SYP KD-HT,2x4,10,2,2025-02-14 00:00:00,349.836847240487,2025-02-14,365.0,0.0,ok,-15.163152759513025,2x4 #2
Central,"Westervelt Lumber Division (Moundville, AL)",2X4-10 #2 SYP KD-HT,2x4,10,2,2025-04-14 00:00:00,419.803987612947,2025-04-11,420.0,3.0,ok,-0.1960123870529742,2x4 #2
Central,"Westervelt Lumber Division (Moundville, AL)",2X4-10 #2 SYP KD-HT,2x4,10,2,2025-04-17 00:00:00,419.803987612947,2025-04-11,420.0,6.0,ok,-0.1960123870529742,2x4 #2
Central,"Westervelt Lumber Division (Moundville, AL)",2X4-12 #2 SYP KD-HT,2x4,12,2,2024-12-05 00:00:00,300.0,2024-11-27,300.0,8.0,ok,0.0,2x4 #2
Central,"Westervelt Lumber Division (Moundville, AL)",2X4-12 #2 SYP KD-HT,2x4,12,2,2025-01-16 00:00:00,300.0,2025-01-10,340.0,6.0,ok,-40.0,2x4 #2
Central,"Westervelt Lumber Division (Moundville, AL)",2X4-12 #2 SYP KD-HT,2x4,12,2,2025-01-17 00:00:00,315.0,2025-01-17,350.0,0.0,ok,-35.0,2x4 #2
Central,"Westervelt Lumber Division (Moundville, AL)",2X4-12 #2 SYP KD-HT,2x4,12,2,2025-02-14 00:00:00,315.0,2025-02-14,360.0,0.0,ok,-45.0,2x4 #2
Central,"Westervelt Lumber Division (Moundville, AL)",2X4-12 #2 SYP KD-HT,2x4,12,2,2025-02-14 00:00:00,345.0,2025-02-14,360.0,0.0,ok,-15.0,2x4 #2
Central,"Westervelt Lumber Division (Moundville, AL)",4X6-8 #1 SYP KD-HT,4x6,8,1,2025-05-06 00:00:00,510.0,,,,no_series,,4x6 #1
Central,"Westervelt Lumber Division (Moundville, AL)",4X6-8 #2 SYP KD-HT,4x6,8,2,2025-01-27 00:00:00,505.0,,,,no_series,,4x6 #2
Central,"Westervelt Lumber Division (Moundville, AL)",4X6-14 #2 SYP,4x6,14,2,2025-03-11 00:00:00,465.0,,,,no_series,,4x6 #2
Central,"Westervelt Lumber Division (Moundville, AL)",4X6-16 #2 SYP,4x6,16,2,2024-12-19 00:00:00,475.0,,,,no_series,,4x6 #2
Central,"Westervelt Lumber Division (Moundville, AL)",4X6-16 #2 SYP,4x6,16,2,2025-05-06 00:00:00,500.0,,,,no_series,,4x6 #2
Central,"Westervelt Lumber Division (Moundville, AL)",4X6-16 #2 SYP,4x6,16,2,2025-05-06 00:00:00,500.0,,,,no_series,,4x6 #2
Central,"Weyerhaeuser NR Company (Bruce, MS)",2X4-10 #2 Prime SYP KD-HT,2x4,10,2,2025-06-05 00:00:00,346.056699869293,2025-05-30,360.0,6.0,ok,-13.943300130706973,2x4 #2
Central,"Weyerhaeuser NR Company (Bruce, MS)",2X4-10 #2 Prime SYP KD-HT,2x4,10,2,2025-06-05 00:00:00,346.056699869293,2025-05-30,360.0,6.0,ok,-13.943300130706973,2x4 #2
Central,"Weyerhaeuser NR Company (Bruce, MS)",2X4-10 #2 Prime SYP KD-HT,2x4,10,2,2025-06-05 00:00:00,346.056699869293,2025-05-30,360.0,6.0,ok,-13.943300130706973,2x4 #2
Central,"Weyerhaeuser NR Company (Bruce, MS)",2X4-12 #2 Prime SYP KD-HT,2x4,12,2,2025-06-05 00:00:00,346.154275412088,2025-05-30,365.0,6.0,ok,-18.845724587912002,2x4 #2
Central,"Weyerhaeuser NR Company (Bruce, MS)",2X4-12 #2 Prime SYP KD-HT,2x4,12,2,2025-06-05 00:00:00,346.154275412088,2025-05-30,365.0,6.0,ok,-18.845724587912002,2x4 #2
Central,"Weyerhaeuser NR Company (Bruce, MS)",2X4-12 #2 Prime SYP KD-HT,2x4,12,2,2025-06-05 00:00:00,346.154275412088,2025-05-30,365.0,6.0,ok,-18.845724587912002,2x4 #2
Central,"Weyerhaeuser NR Company (Bruce, MS)",2X4-12 #2 Prime SYP KD-HT,2x4,12,2,2025-06-05 00:00:00,346.154275412088,2025-05-30,365.0,6.0,ok,-18.845724587912002,2x4 #2
Central,"Weyerhaeuser NR Company (Bruce, MS)",2X6-20 #2 SYP KD-HT,2x6,20,2,2025-08-01 00:00:00,350.699652777778,2025-08-01,305.0,0.0,ok,45.699652777778,2x6 #2
Central,"Weyerhaeuser NR Company (Bruce, MS)",2X6-20 #2 SYP KD-HT,2x6,20,2,2025-08-07 00:00:00,350.569444444444,2025-08-01,305.0,6.0,ok,45.569444444444,2x6 #2
Central,"Weyerhaeuser NR Company (Philadelphia, MS)",2X4-18 #1 SYP KD-HT,2x4,18,1,2025-05-20 00:00:00,425.897463942308,2025-05-16,495.0,4.0,ok,-69.10253605769202,2x4 #1
Central,"Weyerhaeuser NR Company (Philadelphia, MS)",2X4-18 #1 SYP KD-HT,2x4,18,1,2025-05-20 00:00:00,473.219404380342,2025-05-16,495.0,4.0,ok,-21.780595619658015,2x4 #1
Central,"Weyerhaeuser NR Company (Philadelphia, MS)",2X4-20 #1 SYP KD-HT,2x4,20,1,2025-05-20 00:00:00,473.416402900757,2025-05-16,490.0,4.0,ok,-16.58359709924298,2x4 #1
Central,"Weyerhaeuser NR Company (Philadelphia, MS)",2X8-12 #2 SYP KD-HT,2x8,12,2,2025-05-23 00:00:00,322.829861111111,2025-05-23,305.0,0.0,ok,17.829861111110972,2x8 #2
Central,"Weyerhaeuser NR Company (Philadelphia, MS)",2X8-12 #2 SYP KD-HT,2x8,12,2,2025-05-23 00:00:00,322.829861111111,2025-05-23,305.0,0.0,ok,17.829861111110972,2x8 #2
Central,"Weyerhaeuser NR Company (Philadelphia, MS)",2X8-14 #2 SYP KD-HT,2x8,14,2,2025-05-16 00:00:00,347.853708791209,2025-05-16,340.0,0.0,ok,7.853708791208987,2x8 #2
Central,"Weyerhaeuser NR Company (Philadelphia, MS)",2X8-14 #2 SYP KD-HT,2x8,14,2,2025-05-16 00:00:00,347.853708791209,2025-05-16,340.0,0.0,ok,7.853708791208987,2x8 #2
Central,"WoodPerfect (Albertville, AL)",2X4-12 #2 SYP KD-HT,2x4,12,2,2025-03-18 00:00:00,405.0,2025-03-14,395.0,4.0,ok,10.0,2x4 #2
Central,"WoodPerfect (Albertville, AL)",2X6-10 #1 SYP KD-HT,2x6,10,1,2025-01-16 00:00:00,546.666666666667,2025-01-10,420.0,6.0,ok,126.66666666666697,2x6 #1
Central,"WoodPerfect (Albertville, AL)",2X6-12 #1 SYP KD-HT,2x6,12,1,2025-01-16 00:00:00,435.0,2025-01-10,430.0,6.0,ok,5.0,2x6 #1
Central,"WoodPerfect (Albertville, AL)",2X6-14 #1 SYP KD-HT,2x6,14,1,2025-01-16 00:00:00,439.999966517857,2025-01-10,430.0,6.0,ok,9.99996651785699,2x6 #1
Central,"WoodPerfect (Albertville, AL)",2X6-16 #1 SYP KD-HT,2x6,16,1,2025-01-16 00:00:00,460.0,2025-01-10,450.0,6.0,ok,10.0,2x6 #1
Central,"WoodPerfect (Albertville, AL)",2X8-12 #2 SYP KD-HT,2x8,12,2,2025-05-15 00:00:00,330.0,2025-05-09,340.0,6.0,ok,-10.0,2x8 #2
East,"Beasley Forest Prod - Yawn (Hazlehurst, GA)",2X8-12 #2 SYP KD-HT,2x8,12,2,2025-03-26 00:00:00,365.0,2025-03-21,365.0,5.0,ok,0.0,2x8 #2
East,"Canfor Southern Pine (Camden, SC)",2X6-8 #2 SYP KD-HT,2x6,8,2,2025-03-03 00:00:00,375.0,2025-02-28,370.0,3.0,ok,5.0,2x6 #2
East,"Canfor Southern Pine (Estill, SC)",2X6-8 #2 SYP KD-HT,2x6,8,2,2025-04-22 00:00:00,333.084239130435,2025-04-18,325.0,4.0,ok,8.08423913043498,2x6 #2
East,"Canfor Southern Pine (Estill, SC)",2X6-8 #2 SYP KD-HT,2x6,8,2,2025-04-23 00:00:00,333.084239130435,2025-04-18,325.0,5.0,ok,8.08423913043498,2x6 #2
East,"Canfor Southern Pine (Estill, SC)",2X6-8 #2 SYP KD-HT,2x6,8,2,2025-04-24 00:00:00,333.084239130435,2025-04-18,325.0,6.0,ok,8.08423913043498,2x6 #2
East,"Canfor Southern Pine (Estill, SC)",2X6-8 #2 SYP KD-HT,2x6,8,2,2025-04-25 00:00:00,333.084239130435,2025-04-25,325.0,0.0,ok,8.08423913043498,2x6 #2
East,"Canfor Southern Pine (Estill, SC)",2X6-8 #2 SYP KD-HT,2x6,8,2,2025-05-05 00:00:00,333.084239130435,2025-05-02,325.0,3.0,ok,8.08423913043498,2x6 #2
East,"Canfor Southern Pine (Estill, SC)",2X8-8 #2 SYP KD-HT,2x8,8,2,2025-03-21 00:00:00,378.177083333333,2025-03-21,350.0,0.0,ok,28.177083333332973,2x8 #2
East,"Canfor Southern Pine (Estill, SC)",2X8-12 #2 SYP KD-HT,2x8,12,2,2025-03-21 00:00:00,393.177056361607,2025-03-21,365.0,0.0,ok,28.177056361607015,2x8 #2
East,"Canfor Southern Pine (Estill, SC)",2X8-12 #2 SYP KD-HT,2x8,12,2,2025-06-16 00:00:00,328.263905815972,2025-06-13,300.0,3.0,ok,28.26390581597201,2x8 #2
East,"Canfor Southern Pine (Graham, NC)",2X6-8 #2 SYP KD-HT,2x6,8,2,2025-03-03 00:00:00,385.0,2025-02-28,370.0,3.0,ok,15.0,2x6 #2
East,"Canfor Southern Pine (Moultrie, GA)",2X8-8 #2 SYP KD-HT,2x8,8,2,2025-06-10 00:00:00,318.224431818182,2025-06-06,300.0,4.0,ok,18.224431818181984,2x8 #2
East,"Canfor Southern Pine (Moultrie, GA)",2X8-8 #2 SYP KD-HT,2x8,8,2,2025-06-10 00:00:00,318.224431818182,2025-06-06,300.0,4.0,ok,18.224431818181984,2x8 #2
East,"Charles Ingram (Effingham, SC)",1X4-10 #2 NGM SYP HT RS,1x4,10,2,2025-01-07 00:00:00,600.750938673342,,,,no_series,,1x4 #2
East,"Charles Ingram (Effingham, SC)",1X4-12 #2 SYP KD-HT,1x4,12,2,2025-01-07 00:00:00,540.0,,,,no_series,,1x4 #2
East,"Charles Ingram (Effingham, SC)",1X4-14 #2 SYP KD-HT S4S,1x4,14,2,2025-01-07 00:00:00,570.0,,,,no_series,,1x4 #2
East,"Charles Ingram (Effingham, SC)",4X6-16 #1 SYP HT,4x6,16,1,2025-01-15 00:00:00,485.714285714286,,,,no_series,,4x6 #1
East,"Charles Ingram (Effingham, SC)",4X6-16 #1 SYP HT,4x6,16,1,2025-01-20 00:00:00,516.071400669643,,,,no_series,,4x6 #1
East,"Charles Ingram (Effingham, SC)",4X6-8 #2 SYP KD-HT,4x6,8,2,2025-01-16 00:00:00,188.0,,,,no_series,,4x6 #2
East,"Charles Ingram (Effingham, SC)",4X6-8 #2 SYP KD-HT,4x6,8,2,2025-06-16 00:00:00,525.0,,,,no_series,,4x6 #2
East,"Charles Ingram (Effingham, SC)",5/4X6-12 #2 NGM SYP KD-HT,4x6,12,2,2025-06-30 00:00:00,290.0,,,,no_series,,4x6 #2
East,"Charles Ingram (Effingham, SC)",5/4X6-12 #2 NGM SYP KD-HT,4x6,12,2,2025-07-15 00:00:00,295.0,,,,no_series,,4x6 #2
East,"Dupont Pine Products, LLC (Alapaha, GA)",4X6-8 #1 SYP KD-HT,4x6,8,1,2025-05-06 00:00:00,470.779220779221,,,,no_series,,4x6 #1
East,"Dupont Pine Products, LLC (Alapaha, GA)",4X6-8 #1 SYP KD-HT,4x6,8,1,2025-05-06 00:00:00,470.779220779221,,,,no_series,,4x6 #1
East,"Dupont Pine Products, LLC (Alapaha, GA)",4X6-8 #1 SYP KD-HT,4x6,8,1,2025-05-06 00:00:00,470.779220779221,,,,no_series,,4x6 #1
East,"Dupont Pine Products, LLC (Alapaha, GA)",4X6-8 #1 SYP KD-HT,4x6,8,1,2025-05-06 00:00:00,470.779220779221,,,,no_series,,4x6 #1
East,"Dupont Pine Products, LLC (Alapaha, GA)",4X6-8 #1 SYP KD-HT,4x6,8,1,2025-05-06 00:00:00,470.779220779221,,,,no_series,,4x6 #1
East,"Dupont Pine Products, LLC (Alapaha, GA)",4X6-8 #1 SYP KD-HT,4x6,8,1,2025-05-28 00:00:00,440.0,,,,no_series,,4x6 #1
East,"Dupont Pine Products, LLC (Alapaha, GA)",4X6-8 #1 SYP KD-HT,4x6,8,1,2025-05-28 00:00:00,440.0,,,,no_series,,4x6 #1
East,"Dupont Pine Products, LLC (Alapaha, GA)",4X6-8 #1 SYP KD-HT,4x6,8,1,2025-05-28 00:00:00,414.285714285714,,,,no_series,,4x6 #1
East,"Dupont Pine Products, LLC (Alapaha, GA)",4X6-8 #1 SYP KD-HT,4x6,8,1,2025-05-28 00:00:00,414.285714285714,,,,no_series,,4x6 #1
East,"Dupont Pine Products, LLC (Alapaha, GA)",4X6-8 #1 SYP KD-HT,4x6,8,1,2025-06-16 00:00:00,414.285714285714,,,,no_series,,4x6 #1
East,"Dupont Pine Products, LLC (Alapaha, GA)",4X6-8 #1 SYP KD-HT,4x6,8,1,2025-06-16 00:00:00,414.285714285714,,,,no_series,,4x6 #1
East,"Dupont Pine Products, LLC (Alapaha, GA)",4X6-8 #1 SYP KD-HT,4x6,8,1,2025-06-16 00:00:00,414.285714285714,,,,no_series,,4x6 #1
East,"Dupont Pine Products, LLC (Alapaha, GA)",4X6-8 #1 SYP KD-HT,4x6,8,1,2025-06-26 00:00:00,440.0,,,,no_series,,4x6 #1
East,"Dupont Pine Products, LLC (Alapaha, GA)",4X6-8 #1 SYP KD-HT,4x6,8,1,2025-06-26 00:00:00,414.285714285714,,,,no_series,,4x6 #1
East,"Dupont Pine Products, LLC (Alapaha, GA)",4X6-8 #1 SYP KD-HT,4x6,8,1,2025-06-26 00:00:00,440.0,,,,no_series,,4x6 #1
East,"Dupont Pine Products, LLC (Alapaha, GA)",4X6-16 #2 SYP,4x6,16,2,2025-01-31 00:00:00,460.0,,,,no_series,,4x6 #2
East,"Dupont Pine Products, LLC (Alapaha, GA)",4X6-16 #2 SYP,4x6,16,2,2025-01-31 00:00:00,429.333333333333,,,,no_series,,4x6 #2
East,"Dupont Pine Products, LLC (Alapaha, GA)",4X6-16 #2 SYP,4x6,16,2,2025-01-31 00:00:00,460.0,,,,no_series,,4x6 #2
East,"Dupont Pine Products, LLC (Alapaha, GA)",4X6-16 #2 SYP,4x6,16,2,2025-01-31 00:00:00,460.0,,,,no_series,,4x6 #2
East,"Dupont Pine Products, LLC (Alapaha, GA)",4X6-16 #2 SYP,4x6,16,2,2025-02-05 00:00:00,429.333333333333,,,,no_series,,4x6 #2
East,"Dupont Pine Products, LLC (Alapaha, GA)",4X6-16 #2 SYP,4x6,16,2,2025-02-05 00:00:00,429.333333333333,,,,no_series,,4x6 #2
East,"Dupont Pine Products, LLC (Alapaha, GA)",4X6-16 #2 SYP,4x6,16,2,2025-02-05 00:00:00,429.333333333333,,,,no_series,,4x6 #2
East,"Dupont Pine Products, LLC (Alapaha, GA)",4X6-16 #2 SYP,4x6,16,2,2025-02-10 00:00:00,429.333333333333,,,,no_series,,4x6 #2
East,"Dupont Pine Products, LLC (Alapaha, GA)",4X6-16 #2 SYP,4x6,16,2,2025-02-10 00:00:00,429.333333333333,,,,no_series,,4x6 #2
East,"Dupont Pine Products, LLC (Alapaha, GA)",4X6-16 #2 SYP,4x6,16,2,2025-02-10 00:00:00,460.0,,,,no_series,,4x6 #2
East,"Dupont Pine Products, LLC (Alapaha, GA)",4X6-16 #2 SYP,4x6,16,2,2025-02-10 00:00:00,429.333333333333,,,,no_series,,4x6 #2
East,"Dupont Pine Products, LLC (Alapaha, GA)",4X6-16 #2 SYP,4x6,16,2,2025-02-10 00:00:00,429.333333333333,,,,no_series,,4x6 #2
East,"Dupont Pine Products, LLC (Alapaha, GA)",4X6-16 #2 SYP,4x6,16,2,2025-02-11 00:00:00,429.333333333333,,,,no_series,,4x6 #2
East,"Dupont Pine Products, LLC (Alapaha, GA)",4X6-16 #2 SYP,4x6,16,2,2025-02-11 00:00:00,429.333333333333,,,,no_series,,4x6 #2
East,"Dupont Pine Products, LLC (Alapaha, GA)",4X6-16 #2 SYP,4x6,16,2,2025-02-11 00:00:00,429.333333333333,,,,no_series,,4x6 #2
East,"Dupont Pine Products, LLC (Alapaha, GA)",4X6-16 #2 SYP,4x6,16,2,2025-05-30 00:00:00,440.0,,,,no_series,,4x6 #2
East,"Dupont Pine Products, LLC (Alapaha, GA)",4X6-16 #2 SYP,4x6,16,2,2025-06-26 00:00:00,439.999981770833,,,,no_series,,4x6 #2
East,"Dupont Pine Products, LLC (Alapaha, GA)",4X6-16 #2 SYP,4x6,16,2,2025-06-26 00:00:00,440.0,,,,no_series,,4x6 #2
East,"Georgia-Pacific Corp. (Dudley, NC)",2X6-8 #2 SYP KD-HT,2x6,8,2,2025-04-04 00:00:00,315.0,2025-04-04,325.0,0.0,ok,-10.0,2x6 #2
East,"Georgia-Pacific Corp. (Dudley, NC)",2X6-8 #2 SYP KD-HT,2x6,8,2,2025-04-04 00:00:00,301.304347826087,2025-04-04,325.0,0.0,ok,-23.695652173913004,2x6 #2
East,"Georgia-Pacific Corp. (Rome, GA)",2X4-20 #2 SYP KD-HT,2x4,20,2,2025-03-05 00:00:00,415.049903834595,2025-02-28,395.0,5.0,ok,20.049903834595,2x4 #2
East,"Georgia-Pacific Corp. (Rome, GA)",2X6-8 #2 SYP KD-HT,2x6,8,2,2025-04-25 00:00:00,315.652189622962,2025-04-25,325.0,0.0,ok,-9.347810377038002,2x6 #2
East,"Georgia-Pacific Corp. (Rome, GA)",2X6-8 #2 SYP KD-HT,2x6,8,2,2025-08-05 00:00:00,320.117527173913,2025-08-01,295.0,4.0,ok,25.117527173913004,2x6 #2
East,"Georgia-Pacific Corp. (Warrenton, GA)",2X6-8 #2 SYP KD-HT,2x6,8,2,2025-03-12 00:00:00,330.0,2025-03-07,370.0,5.0,ok,-40.0,2x6 #2
East,"Georgia-Pacific Corp. (Warrenton, GA)",2X6-8 #2 SYP KD-HT,2x6,8,2,2025-03-12 00:00:00,330.0,2025-03-07,370.0,5.0,ok,-40.0,2x6 #2
East,"Georgia-Pacific Corp. (Warrenton, GA)",2X6-8 #2 SYP KD-HT,2x6,8,2,2025-03-12 00:00:00,330.000016424006,2025-03-07,370.0,5.0,ok,-39.99998357599401,2x6 #2
East,"Georgia-Pacific Corp. (Warrenton, GA)",2X6-8 #2 SYP KD-HT,2x6,8,2,2025-03-12 00:00:00,330.0,2025-03-07,370.0,5.0,ok,-40.0,2x6 #2
East,"Georgia-Pacific Corp. (Warrenton, GA)",2X6-8 #2 SYP KD-HT,2x6,8,2,2025-03-12 00:00:00,330.0,2025-03-07,370.0,5.0,ok,-40.0,2x6 #2
East,"Georgia-Pacific Corp. (Warrenton, GA)",2X6-8 #2 SYP KD-HT,2x6,8,2,2025-04-21 00:00:00,300.0,2025-04-18,325.0,3.0,ok,-25.0,2x6 #2
East,"Georgia-Pacific Corp. (Warrenton, GA)",2X6-8 #2 SYP KD-HT,2x6,8,2,2025-04-21 00:00:00,362.240149456522,2025-04-18,325.0,3.0,ok,37.240149456521976,2x6 #2
East,"Georgia-Pacific Corp. (Warrenton, GA)",2X6-8 #2 SYP KD-HT,2x6,8,2,2025-04-21 00:00:00,362.240149456522,2025-04-18,325.0,3.0,ok,37.240149456521976,2x6 #2
East,"Georgia-Pacific Corp. (Warrenton, GA)",2X6-8 #2 SYP KD-HT,2x6,8,2,2025-04-21 00:00:00,362.240149456522,2025-04-18,325.0,3.0,ok,37.240149456521976,2x6 #2
East,"Georgia-Pacific Corp. (Warrenton, GA)",2X6-8 #2 SYP KD-HT,2x6,8,2,2025-04-23 00:00:00,286.95652173913,2025-04-18,325.0,5.0,ok,-38.04347826087002,2x6 #2
East,"Georgia-Pacific Corp. (Warrenton, GA)",2X6-8 #2 SYP KD-HT,2x6,8,2,2025-05-14 00:00:00,347.55859375,2025-05-09,315.0,5.0,ok,32.55859375,2x6 #2
East,"Georgia-Pacific Corp. (Warrenton, GA)",2X6-8 #2 SYP KD-HT,2x6,8,2,2025-05-14 00:00:00,347.664741847826,2025-05-09,315.0,5.0,ok,32.66474184782601,2x6 #2
East,"Georgia-Pacific Corp. (Warrenton, GA)",2X6-8 #2 SYP KD-HT,2x6,8,2,2025-05-14 00:00:00,347.664741847826,2025-05-09,315.0,5.0,ok,32.66474184782601,2x6 #2
East,"Georgia-Pacific Corp. (Warrenton, GA)",2X6-8 #2 SYP KD-HT,2x6,8,2,2025-05-14 00:00:00,347.664741847826,2025-05-09,315.0,5.0,ok,32.66474184782601,2x6 #2
East,"Georgia-Pacific Corp. (Warrenton, GA)",2X6-8 #2 SYP KD-HT,2x6,8,2,2025-05-14 00:00:00,347.664741847826,2025-05-09,315.0,5.0,ok,32.66474184782601,2x6 #2
East,"Georgia-Pacific Corp. (Warrenton, GA)",2X6-8 #2 SYP KD-HT,2x6,8,2,2025-05-19 00:00:00,348.002485795455,2025-05-16,290.0,3.0,ok,58.002485795455016,2x6 #2
East,"Georgia-Pacific Corp. (Warrenton, GA)",2X6-8 #2 SYP KD-HT,2x6,8,2,2025-05-19 00:00:00,348.08933423913,2025-05-16,290.0,3.0,ok,58.08933423912998,2x6 #2
East,"Georgia-Pacific Corp. (Warrenton, GA)",2X6-12 #2 SYP KD-HT,2x6,12,2,2025-03-24 00:00:00,397.307291666667,2025-03-21,380.0,3.0,ok,17.307291666667027,2x6 #2
East,"Georgia-Pacific Corp. (Warrenton, GA)",2X6-16 #2 SYP KD-HT,2x6,16,2,2025-03-28 00:00:00,343.75,2025-03-28,380.0,0.0,ok,-36.25,2x6 #2
East,"Griffin Lumber Company, Inc. (Cordele, GA)",5/4X6-10 #2 NGM SYP KD-HT,4x6,10,2,2025-02-20 00:00:00,310.0,,,,no_series,,4x6 #2
East,"Griffin Lumber Company, Inc. (Cordele, GA)",5/4X6-10 #2 NGM SYP KD-HT,4x6,10,2,2025-05-14 00:00:00,330.0,,,,no_series,,4x6 #2
East,"Griffin Lumber Company, Inc. (Cordele, GA)",5/4X6-12 #2 NGM SYP KD-HT,4x6,12,2,2025-02-20 00:00:00,310.0,,,,no_series,,4x6 #2
East,"Griffin Lumber Company, Inc. (Cordele, GA)",5/4X6-12 #2 NGM SYP KD-HT,4x6,12,2,2025-05-14 00:00:00,330.000017361111,,,,no_series,,4x6 #2
East,"Interfor US, Inc (Baxley, GA)",2X8-8 #2 SYP KD-HT,2x8,8,2,2025-05-12 00:00:00,344.042144886364,2025-05-09,355.0,3.0,ok,-10.957855113636015,2x8 #2
East,"Interfor US, Inc (Baxley, GA)",2X8-12 #2 SYP KD-HT,2x8,12,2,2025-05-12 00:00:00,368.446370442708,2025-05-09,350.0,3.0,ok,18.446370442707973,2x8 #2
East,"Interfor US, Inc (Eatonton, GA)",2X10-16 #2 SYP KD-HT,2x10,16,2,2025-06-02 00:00:00,478.0696109375,2025-05-30,435.0,3.0,ok,43.06961093749999,2x10 #2
East,"Interfor US, Inc (Eatonton, GA)",2X4-16 #2 SYP KD-HT,2x4,16,2,2025-06-02 00:00:00,503.069711538462,2025-05-30,525.0,3.0,ok,-21.930288461537998,2x4 #2
East,"Interfor US, Inc (Eatonton, GA)",2X6-12 #2 SYP KD-HT,2x6,12,2,2025-03-27 00:00:00,388.697916666667,2025-03-21,380.0,6.0,ok,8.697916666667027,2x6 #2
East,"Interfor US, Inc (Eatonton, GA)",2X6-16 #2 SYP KD-HT,2x6,16,2,2025-06-02 00:00:00,318.069543457031,2025-05-30,295.0,3.0,ok,23.06954345703099,2x6 #2
East,"Interfor US, Inc (Eatonton, GA)",2X8-8 #2 SYP KD-HT,2x8,8,2,2025-05-12 00:00:00,383.046875,2025-05-09,355.0,3.0,ok,28.046875,2x8 #2
East,"Interfor US, Inc (Eatonton, GA)",2X8-12 #2 SYP KD-HT,2x8,12,2,2025-05-12 00:00:00,373.046875,2025-05-09,350.0,3.0,ok,23.046875,2x8 #2
East,"Interfor US, Inc (Eatonton, GA)",2X8-16 #2 SYP KD-HT,2x8,16,2,2025-06-02 00:00:00,353.127094253622,2025-05-30,325.0,3.0,ok,28.127094253621976,2x8 #2
East,"Interfor US, Inc (Georgetown, SC)",2X6-8 #2 SYP KD-HT,2x6,8,2,2024-12-13 00:00:00,369.12841796875,2024-12-13,330.0,0.0,ok,39.12841796875,2x6 #2
East,"Interfor US, Inc (Perry, GA)",2X8-8 #2 SYP KD-HT,2x8,8,2,2025-04-21 00:00:00,388.40200390625,2025-04-18,360.0,3.0,ok,28.402003906250002,2x8 #2
East,"Interfor US, Inc (Perry, GA)",2X8-12 #2 SYP KD-HT,2x8,12,2,2025-04-21 00:00:00,383.401984863281,2025-04-18,365.0,3.0,ok,18.401984863280973,2x8 #2
East,"Interfor US, Inc (Preston, GA)",2X8-12 #2 SYP KD-HT,2x8,12,2,2025-06-10 00:00:00,332.524305555556,2025-06-06,300.0,4.0,ok,32.524305555556,2x8 #2
East,"Interfor US, Inc (Thomaston, GA)",2X8-12 #2 SYP KD-HT,2x8,12,2,2025-03-31 00:00:00,393.697916666667,2025-03-28,365.0,3.0,ok,28.697916666667027,2x8 #2
East,"Langdale Forest Products Co (Barnesville, GA)",2X4-6 #2 SYP KD-HT,2x4,6,2,2025-08-06 00:00:00,344.347826086957,,,,no_series,,2x4 #2
East,"Langdale Forest Products Co (Barnesville, GA)",4X6-10 #2 SYP HT,4x6,10,2,2025-08-22 00:00:00,643.229166666667,,,,no_series,,4x6 #2
East,"Pollard Lumber Co, Inc (Appling, GA)",5/4X6-10 #2 NGM SYP KD-HT,4x6,10,2,2025-07-29 00:00:00,290.277777777778,,,,no_series,,4x6 #2
East,"RB Lumber Co, LLC dba DS Smith Riceboro Lumber (Riceboro, GA)",4X6-16 #2 SYP,4x6,16,2,2025-05-19 00:00:00,457.142903645833,,,,no_series,,4x6 #2
East,"RB Lumber Co, LLC dba DS Smith Riceboro Lumber (Riceboro, GA)",4X6-16 #2 SYP,4x6,16,2,2025-05-19 00:00:00,457.142903645833,,,,no_series,,4x6 #2
East,"RB Lumber Co, LLC dba DS Smith Riceboro Lumber (Riceboro, GA)",4X6-16 #2 SYP,4x6,16,2,2025-05-19 00:00:00,457.142903645833,,,,no_series,,4x6 #2
East,"RB Lumber Co, LLC dba DS Smith Riceboro Lumber (Riceboro, GA)",4X6-16 #2 SYP,4x6,16,2,2025-05-19 00:00:00,457.142903645833,,,,no_series,,4x6 #2
East,"RB Lumber Co, LLC dba DS Smith Riceboro Lumber (Riceboro, GA)",4X6-16 #2 SYP,4x6,16,2,2025-05-19 00:00:00,457.142903645833,,,,no_series,,4x6 #2
East,"RB Lumber Co, LLC dba DS Smith Riceboro Lumber (Riceboro, GA)",4X6-16 #2 SYP,4x6,16,2,2025-05-23 00:00:00,457.142903645833,,,,no_series,,4x6 #2
East,"RB Lumber Co, LLC dba DS Smith Riceboro Lumber (Riceboro, GA)",4X6-16 #2 SYP,4x6,16,2,2025-05-23 00:00:00,457.142903645833,,,,no_series,,4x6 #2
East,"RB Lumber Co, LLC dba DS Smith Riceboro Lumber (Riceboro, GA)",4X6-16 #2 SYP,4x6,16,2,2025-05-23 00:00:00,457.142903645833,,,,no_series,,4x6 #2
East,"RB Lumber Co, LLC dba DS Smith Riceboro Lumber (Riceboro, GA)",4X6-16 #2 SYP,4x6,16,2,2025-05-23 00:00:00,457.142903645833,,,,no_series,,4x6 #2
East,"RB Lumber Co, LLC dba DS Smith Riceboro Lumber (Riceboro, GA)",4X6-16 #2 SYP,4x6,16,2,2025-05-23 00:00:00,434.285714285714,,,,no_series,,4x6 #2
East,"RB Lumber Co, LLC dba DS Smith Riceboro Lumber (Riceboro, GA)",4X6-16 #2 SYP,4x6,16,2,2025-06-03 00:00:00,438.095238095238,,,,no_series,,4x6 #2
East,"RB Lumber Co, LLC dba DS Smith Riceboro Lumber (Riceboro, GA)",4X6-16 #2 SYP,4x6,16,2,2025-06-03 00:00:00,438.095238095238,,,,no_series,,4x6 #2
East,"RB Lumber Co, LLC dba DS Smith Riceboro Lumber (Riceboro, GA)",4X6-16 #2 SYP,4x6,16,2,2025-06-03 00:00:00,438.095238095238,,,,no_series,,4x6 #2
East,"RB Lumber Co, LLC dba DS Smith Riceboro Lumber (Riceboro, GA)",4X6-16 #2 SYP,4x6,16,2,2025-06-03 00:00:00,438.095238095238,,,,no_series,,4x6 #2
East,"RB Lumber Co, LLC dba DS Smith Riceboro Lumber (Riceboro, GA)",4X6-16 #2 SYP,4x6,16,2,2025-06-03 00:00:00,438.095238095238,,,,no_series,,4x6 #2
East,"RB Lumber Co, LLC dba DS Smith Riceboro Lumber (Riceboro, GA)",4X6-16 #2 SYP,4x6,16,2,2025-06-03 00:00:00,438.095238095238,,,,no_series,,4x6 #2
East,"RB Lumber Co, LLC dba DS Smith Riceboro Lumber (Riceboro, GA)",4X6-16 #2 SYP,4x6,16,2,2025-06-03 00:00:00,438.095238095238,,,,no_series,,4x6 #2
East,"RB Lumber Co, LLC dba DS Smith Riceboro Lumber (Riceboro, GA)",4X6-16 #2 SYP,4x6,16,2,2025-07-25 00:00:00,407.142857142857,,,,no_series,,4x6 #2
East,"RB Lumber Co, LLC dba DS Smith Riceboro Lumber (Riceboro, GA)",4X6-16 #2 SYP,4x6,16,2,2025-07-25 00:00:00,428.571428571429,,,,no_series,,4x6 #2
East,"RB Lumber Co, LLC dba DS Smith Riceboro Lumber (Riceboro, GA)",4X6-16 #2 SYP,4x6,16,2,2025-07-25 00:00:00,428.571428571429,,,,no_series,,4x6 #2
East,"RB Lumber Co, LLC dba DS Smith Riceboro Lumber (Riceboro, GA)",4X6-16 #2 SYP,4x6,16,2,2025-07-25 00:00:00,428.571428571429,,,,no_series,,4x6 #2
East,"RB Lumber Co, LLC dba DS Smith Riceboro Lumber (Riceboro, GA)",4X6-16 #2 SYP,4x6,16,2,2025-07-25 00:00:00,428.571428571429,,,,no_series,,4x6 #2
East,"RB Lumber Co, LLC dba DS Smith Riceboro Lumber (Riceboro, GA)",4X6-16 #2 SYP,4x6,16,2,2025-08-12 00:00:00,438.095238095238,,,,no_series,,4x6 #2
East,"RB Lumber Co, LLC dba DS Smith Riceboro Lumber (Riceboro, GA)",4X6-16 #2 SYP,4x6,16,2,2025-08-12 00:00:00,438.095238095238,,,,no_series,,4x6 #2
East,"RB Lumber Co, LLC dba DS Smith Riceboro Lumber (Riceboro, GA)",4X6-16 #2 SYP,4x6,16,2,2025-08-12 00:00:00,438.095238095238,,,,no_series,,4x6 #2
East,"RB Lumber Co, LLC dba DS Smith Riceboro Lumber (Riceboro, GA)",4X6-16 #2 SYP,4x6,16,2,2025-08-12 00:00:00,438.095238095238,,,,no_series,,4x6 #2
East,"RB Lumber Co, LLC dba DS Smith Riceboro Lumber (Riceboro, GA)",4X6-16 #2 SYP,4x6,16,2,2025-08-12 00:00:00,438.095238095238,,,,no_series,,4x6 #2
East,"RB Lumber Co, LLC dba DS Smith Riceboro Lumber (Riceboro, GA)",4X6-16 #2 SYP,4x6,16,2,2025-08-12 00:00:00,438.095238095238,,,,no_series,,4x6 #2
East,"RB Lumber Co, LLC dba DS Smith Riceboro Lumber (Riceboro, GA)",4X6-16 #2 SYP,4x6,16,2,2025-08-12 00:00:00,438.095238095238,,,,no_series,,4x6 #2
East,"RB Lumber Co, LLC dba DS Smith Riceboro Lumber (Riceboro, GA)",4X6-16 #2 SYP,4x6,16,2,2025-08-12 00:00:00,438.095238095238,,,,no_series,,4x6 #2
East,"RB Lumber Co, LLC dba DS Smith Riceboro Lumber (Riceboro, GA)",4X6-16 #2 SYP,4x6,16,2,2025-08-28 00:00:00,416.190476190476,,,,no_series,,4x6 #2
East,"RB Lumber Co, LLC dba DS Smith Riceboro Lumber (Riceboro, GA)",4X6-16 #2 SYP,4x6,16,2,2025-08-28 00:00:00,438.095238095238,,,,no_series,,4x6 #2
East,"RB Lumber Co, LLC dba DS Smith Riceboro Lumber (Riceboro, GA)",4X6-16 #2 SYP,4x6,16,2,2025-08-28 00:00:00,438.095238095238,,,,no_series,,4x6 #2
East,"RB Lumber Co, LLC dba DS Smith Riceboro Lumber (Riceboro, GA)",4X6-16 #2 SYP,4x6,16,2,2025-09-03 00:00:00,438.095238095238,,,,no_series,,4x6 #2
East,"Roseburg Forest Products (Weldon, NC)",2X6-8 #2 SYP KD-HT,2x6,8,2,2025-05-02 00:00:00,354.150815217391,2025-05-02,325.0,0.0,ok,29.150815217391028,2x6 #2
East,"Roseburg Forest Products (Weldon, NC)",2X6-10 #2 SYP KD-HT,2x6,10,2,2025-04-30 00:00:00,393.697916666667,2025-04-25,350.0,5.0,ok,43.69791666666703,2x6 #2
East,"West Fraser Mills Ltd. (Newberry, SC)",2X6-8 #2 SYP KD-HT,2x6,8,2,2025-04-09 00:00:00,324.999985988451,2025-04-04,325.0,5.0,ok,-1.4011549012593605e-05,2x6 #2
East,"West Fraser Mills Ltd. (Newberry, SC)",2X6-8 #2 SYP KD-HT,2x6,8,2,2025-04-09 00:00:00,324.999985988451,2025-04-04,325.0,5.0,ok,-1.4011549012593605e-05,2x6 #2
East,"West Fraser Mills Ltd. (Newberry, SC)",2X6-8 #2 SYP KD-HT,2x6,8,2,2025-04-09 00:00:00,324.999985988451,2025-04-04,325.0,5.0,ok,-1.4011549012593605e-05,2x6 #2
East,"West Fraser Mills Ltd. (Newberry, SC)",2X6-10 #2 SYP KD-HT,2x6,10,2,2025-04-09 00:00:00,360.000043402778,2025-04-04,350.0,5.0,ok,10.000043402777976,2x6 #2
West,"Bienville Lumber Company, LLC (Taylor, LA)",2X10-8 #2 SYP KD-HT,2x10,8,2,2025-07-07 00:00:00,270.007670672462,2025-07-03,285.0,4.0,ok,-14.992329327538016,2x10 #2
West,"Bienville Lumber Company, LLC (Taylor, LA)",2X10-18 #2 SYP KD-HT,2x10,18,2,2025-05-28 00:00:00,305.0,2025-05-23,340.0,5.0,ok,-35.0,2x10 #2
West,"Bienville Lumber Company, LLC (Taylor, LA)",2X4-8 #1 SYP KD-HT,2x4,8,1,2025-01-08 00:00:00,435.131048993087,2025-01-03,430.0,5.0,ok,5.131048993087006,2x4 #1
West,"Bienville Lumber Company, LLC (Taylor, LA)",2X4-8 #1 SYP KD-HT,2x4,8,1,2025-05-13 00:00:00,540.01945248375,2025-05-09,495.0,4.0,ok,45.01945248375,2x4 #1
West,"Bienville Lumber Company, LLC (Taylor, LA)",2X4-10 #1 SYP KD-HT,2x4,10,1,2025-01-23 00:00:00,355.043454742156,2025-01-17,365.0,6.0,ok,-9.956545257844027,2x4 #1
West,"Bienville Lumber Company, LLC (Taylor, LA)",2X4-10 #1 SYP KD-HT,2x4,10,1,2025-06-17 00:00:00,375.460187502651,2025-06-13,335.0,4.0,ok,40.460187502651024,2x4 #1
West,"Bienville Lumber Company, LLC (Taylor, LA)",2X4-12 #1 SYP KD-HT,2x4,12,1,2025-01-08 00:00:00,380.000400641026,2025-01-03,395.0,5.0,ok,-14.999599358974024,2x4 #1
West,"Bienville Lumber Company, LLC (Taylor, LA)",2X4-12 #1 SYP KD-HT,2x4,12,1,2025-03-12 00:00:00,410.0,2025-03-07,415.0,5.0,ok,-5.0,2x4 #1
West,"Bienville Lumber Company, LLC (Taylor, LA)",2X4-12 #1 SYP KD-HT,2x4,12,1,2025-07-15 00:00:00,429.74109375,2025-07-11,345.0,4.0,ok,84.74109375,2x4 #1
West,"Bienville Lumber Company, LLC (Taylor, LA)",2X4-14 #1 SYP KD-HT,2x4,14,1,2025-01-08 00:00:00,333.362067485189,2025-01-03,415.0,5.0,ok,-81.63793251481098,2x4 #1
West,"Bienville Lumber Company, LLC (Taylor, LA)",2X4-14 #1 SYP KD-HT,2x4,14,1,2025-03-12 00:00:00,425.07298643311,2025-03-07,430.0,5.0,ok,-4.927013566890025,2x4 #1
West,"Bienville Lumber Company, LLC (Taylor, LA)",2X4-14 #1 SYP KD-HT,2x4,14,1,2025-05-13 00:00:00,505.317475853187,2025-05-09,470.0,4.0,ok,35.31747585318698,2x4 #1
West,"Bienville Lumber Company, LLC (Taylor, LA)",2X4-14 #1 SYP KD-HT,2x4,14,1,2025-05-20 00:00:00,515.105923063713,2025-05-16,460.0,4.0,ok,55.10592306371302,2x4 #1
West,"Bienville Lumber Company, LLC (Taylor, LA)",2X4-14 #1 SYP KD-HT,2x4,14,1,2025-06-17 00:00:00,392.202257188349,2025-06-13,370.0,4.0,ok,22.202257188348995,2x4 #1
West,"Bienville Lumber Company, LLC (Taylor, LA)",2X4-16 #1 SYP KD-HT,2x4,16,1,2025-01-23 00:00:00,475.035947712418,2025-01-17,500.0,6.0,ok,-24.96405228758198,2x4 #1
West,"Bienville Lumber Company, LLC (Taylor, LA)",2X4-16 #1 SYP KD-HT,2x4,16,1,2025-03-12 00:00:00,500.0,2025-03-07,505.0,5.0,ok,-5.0,2x4 #1
West,"Bienville Lumber Company, LLC (Taylor, LA)",2X4-16 #1 SYP KD-HT,2x4,16,1,2025-06-17 00:00:00,513.311128639683,2025-06-13,485.0,4.0,ok,28.311128639683034,2x4 #1
West,"Bienville Lumber Company, LLC (Taylor, LA)",2X4-18 #1 SYP KD-HT,2x4,18,1,2025-01-23 00:00:00,390.000384615385,2025-01-17,415.0,6.0,ok,-24.999615384615026,2x4 #1
West,"Bienville Lumber Company, LLC (Taylor, LA)",2X4-20 #1 SYP KD-HT,2x4,20,1,2025-05-20 00:00:00,529.049281807801,2025-05-16,490.0,4.0,ok,39.04928180780098,2x4 #1
West,"Bienville Lumber Company, LLC (Taylor, LA)",2X4-20 #1 SYP KD-HT,2x4,20,1,2025-06-03 00:00:00,537.933104940498,2025-05-30,440.0,4.0,ok,97.93310494049797,2x4 #1
West,"Bienville Lumber Company, LLC (Taylor, LA)",2X4-8 #2 SYP KD-HT,2x4,8,2,2025-06-11 00:00:00,435.529122129212,2025-06-06,430.0,5.0,ok,5.5291221292119985,2x4 #2
West,"Bienville Lumber Company, LLC (Taylor, LA)",2X4-10 #2 SYP KD-HT,2x4,10,2,2024-12-26 00:00:00,305.0,2024-12-20,305.0,6.0,ok,0.0,2x4 #2
West,"Bienville Lumber Company, LLC (Taylor, LA)",2X4-10 #2 Prime SYP KD-HT,2x4,10,2,2025-01-06 00:00:00,300.00824198467,2025-01-03,330.0,3.0,ok,-29.991758015329992,2x4 #2
West,"Bienville Lumber Company, LLC (Taylor, LA)",2X4-10 #2 Prime SYP KD-HT,2x4,10,2,2025-01-09 00:00:00,300.008200774747,2025-01-03,330.0,6.0,ok,-29.991799225252976,2x4 #2
West,"Bienville Lumber Company, LLC (Taylor, LA)",2X4-10 #2 SYP KD-HT,2x4,10,2,2025-02-14 00:00:00,324.995673136358,2025-02-14,345.0,0.0,ok,-20.004326863642007,2x4 #2
West,"Bienville Lumber Company, LLC (Taylor, LA)",2X4-10 #2 SYP KD-HT,2x4,10,2,2025-02-17 00:00:00,324.995673136358,2025-02-14,345.0,3.0,ok,-20.004326863642007,2x4 #2
West,"Bienville Lumber Company, LLC (Taylor, LA)",2X4-10 #2 Prime SYP KD-HT,2x4,10,2,2025-02-20 00:00:00,325.009189812907,2025-02-14,345.0,6.0,ok,-19.990810187093018,2x4 #2
West,"Bienville Lumber Company, LLC (Taylor, LA)",2X4-10 #2 Prime SYP KD-HT,2x4,10,2,2025-02-24 00:00:00,350.009437072447,2025-02-21,350.0,3.0,ok,0.00943707244698544,2x4 #2
West,"Bienville Lumber Company, LLC (Taylor, LA)",2X4-10 #2 Prime SYP KD-HT,2x4,10,2,2025-02-24 00:00:00,350.009437072447,2025-02-21,350.0,3.0,ok,0.00943707244698544,2x4 #2
West,"Bienville Lumber Company, LLC (Taylor, LA)",2X4-10 #2 Prime SYP KD-HT,2x4,10,2,2025-03-06 00:00:00,350.009272232754,2025-02-28,355.0,6.0,ok,-4.990727767246028,2x4 #2
West,"Bienville Lumber Company, LLC (Taylor, LA)",2X4-10 #2 Prime SYP KD-HT,2x4,10,2,2025-03-10 00:00:00,350.009272232754,2025-03-07,360.0,3.0,ok,-9.990727767246028,2x4 #2
West,"Bienville Lumber Company, LLC (Taylor, LA)",2X4-10 #2 Prime SYP KD-HT,2x4,10,2,2025-03-10 00:00:00,350.009437072447,2025-03-07,360.0,3.0,ok,-9.990562927553015,2x4 #2
West,"Bienville Lumber Company, LLC (Taylor, LA)",2X4-10 #2 SYP KD-HT,2x4,10,2,2025-03-21 00:00:00,350.005005726891,2025-03-21,380.0,0.0,ok,-29.994994273109,2x4 #2
West,"Bienville Lumber Company, LLC (Taylor, LA)",2X4-10 #2 Prime SYP KD-HT,2x4,10,2,2025-03-26 00:00:00,375.010261270914,2025-03-21,380.0,5.0,ok,-4.989738729086014,2x4 #2
West,"Bienville Lumber Company, LLC (Taylor, LA)",2X4-10 #2 Prime SYP KD-HT,2x4,10,2,2025-04-04 00:00:00,375.010261270914,2025-04-04,405.0,0.0,ok,-29.989738729086014,2x4 #2
West,"Bienville Lumber Company, LLC (Taylor, LA)",2X4-10 #2 Prime SYP KD-HT,2x4,10,2,2025-04-14 00:00:00,375.010261270914,2025-04-11,410.0,3.0,ok,-34.989738729086014,2x4 #2
West,"Bienville Lumber Company, LLC (Taylor, LA)",2X4-10 #2 Prime SYP KD-HT,2x4,10,2,2025-04-14 00:00:00,375.010467320531,2025-04-11,410.0,3.0,ok,-34.989532679468994,2x4 #2
West,"Bienville Lumber Company, LLC (Taylor, LA)",2X4-10 #2 Prime SYP KD-HT,2x4,10,2,2025-04-15 00:00:00,375.010467320531,2025-04-11,410.0,4.0,ok,-34.989532679468994,2x4 #2
West,"Bienville Lumber Company, LLC (Taylor, LA)",2X4-10 #2 SYP KD-HT,2x4,10,2,2025-04-16 00:00:00,375.00509056972,2025-04-11,410.0,5.0,ok,-34.99490943028002,2x4 #2
West,"Bienville Lumber Company, LLC (Taylor, LA)",2X4-10 #2 Prime SYP KD-HT,2x4,10,2,2025-04-17 00:00:00,375.010467320531,2025-04-11,410.0,6.0,ok,-34.989532679468994,2x4 #2
West,"Bienville Lumber Company, LLC (Taylor, LA)",2X4-10 #2 SYP KD-HT,2x4,10,2,2025-04-26 00:00:00,375.00509056972,2025-04-25,430.0,1.0,ok,-54.99490943028002,2x4 #2
West,"Bienville Lumber Company, LLC (Taylor, LA)",2X4-10 #2 SYP KD-HT,2x4,10,2,2025-04-28 00:00:00,375.00509056972,2025-04-25,430.0,3.0,ok,-54.99490943028002,2x4 #2
West,"Bienville Lumber Company, LLC (Taylor, LA)",2X4-10 #2 Prime SYP KD-HT,2x4,10,2,2025-05-02 00:00:00,410.010932992665,2025-05-02,435.0,0.0,ok,-24.989067007334995,2x4 #2
West,"Bienville Lumber Company, LLC (Taylor, LA)",2X4-10 #2 SYP KD-HT,2x4,10,2,2025-05-08 00:00:00,380.005514783863,2025-05-02,435.0,6.0,ok,-54.99448521613698,2x4 #2
West,"Bienville Lumber Company, LLC (Taylor, LA)",2X4-10 #2 SYP KD-HT,2x4,10,2,2025-05-08 00:00:00,380.005514783863,2025-05-02,435.0,6.0,ok,-54.99448521613698,2x4 #2
West,"Bienville Lumber Company, LLC (Taylor, LA)",2X4-10 #2 Prime SYP KD-HT,2x4,10,2,2025-05-14 00:00:00,410.010327206791,2025-05-09,425.0,5.0,ok,-14.989672793209024,2x4 #2
West,"Bienville Lumber Company, LLC (Taylor, LA)",2X4-10 #2 SYP KD-HT,2x4,10,2,2025-05-15 00:00:00,380.005514783863,2025-05-09,425.0,6.0,ok,-44.99448521613698,2x4 #2
West,"Bienville Lumber Company, LLC (Taylor, LA)",2X4-10 #2 SYP KD-HT,2x4,10,2,2025-05-16 00:00:00,380.005514783863,2025-05-16,410.0,0.0,ok,-29.99448521613698,2x4 #2
West,"Bienville Lumber Company, LLC (Taylor, LA)",2X4-10 #2 Prime SYP KD-HT,2x4,10,2,2025-05-21 00:00:00,365.005557205277,2025-05-16,410.0,5.0,ok,-44.994442794723,2x4 #2
West,"Bienville Lumber Company, LLC (Taylor, LA)",2X4-10 #2 Prime SYP KD-HT,2x4,10,2,2025-05-21 00:00:00,365.005557205277,2025-05-16,410.0,5.0,ok,-44.994442794723,2x4 #2
West,"Bienville Lumber Company, LLC (Taylor, LA)",2X4-10 #2 Prime SYP KD-HT,2x4,10,2,2025-05-22 00:00:00,410.010932992665,2025-05-16,410.0,6.0,ok,0.010932992665004804,2x4 #2
West,"Bienville Lumber Company, LLC (Taylor, LA)",2X4-10 #2 SYP KD-HT,2x4,10,2,2025-05-22 00:00:00,360.005005726891,2025-05-16,410.0,6.0,ok,-49.994994273109,2x4 #2
West,"Bienville Lumber Company, LLC (Taylor, LA)",2X4-10 #2 Prime SYP KD-HT,2x4,10,2,2025-05-23 00:00:00,365.009437072447,2025-05-23,385.0,0.0,ok,-19.990562927553015,2x4 #2
West,"Bienville Lumber Company, LLC (Taylor, LA)",2X4-10 #2 Prime SYP KD-HT,2x4,10,2,2025-05-23 00:00:00,365.009643122064,2025-05-23,385.0,0.0,ok,-19.990356877935994,2x4 #2
West,"Bienville Lumber Company, LLC (Taylor, LA)",2X4-10 #2 SYP KD-HT,2x4,10,2,2025-05-29 00:00:00,342.005514783863,2025-05-23,385.0,6.0,ok,-42.99448521613698,2x4 #2
West,"Bienville Lumber Company, LLC (Taylor, LA)",2X4-10 #2 Prime SYP KD-HT,2x4,10,2,2025-07-02 00:00:00,275.007335366356,2025-06-27,285.0,5.0,ok,-9.992664633643983,2x4 #2
West,"Bienville Lumber Company, LLC (Taylor, LA)",2X4-10 #2 Prime SYP KD-HT,2x4,10,2,2025-07-02 00:00:00,275.007335366356,2025-06-27,285.0,5.0,ok,-9.992664633643983,2x4 #2
West,"Bienville Lumber Company, LLC (Taylor, LA)",2X4-10 #2 Prime SYP KD-HT,2x4,10,2,2025-07-03 00:00:00,275.007222863266,2025-07-03,285.0,0.0,ok,-9.992777136733991,2x4 #2
West,"Bienville Lumber Company, LLC (Taylor, LA)",2X4-10 #2 SYP KD-HT,2x4,10,2,2025-07-07 00:00:00,270.003803928223,2025-07-03,285.0,4.0,ok,-14.996196071776978,2x4 #2
West,"Bienville Lumber Company, LLC (Taylor, LA)",2X4-10 #2 SYP KD-HT,2x4,10,2,2025-07-07 00:00:00,270.003803928223,2025-07-03,285.0,4.0,ok,-14.996196071776978,2x4 #2
West,"Bienville Lumber Company, LLC (Taylor, LA)",2X4-10 #2 Prime SYP KD-HT,2x4,10,2,2025-07-10 00:00:00,275.007222863266,2025-07-03,285.0,7.0,ok,-9.992777136733991,2x4 #2
West,"Bienville Lumber Company, LLC (Taylor, LA)",2X4-10 #2 Prime SYP KD-HT,2x4,10,2,2025-07-11 00:00:00,275.007222863266,2025-07-11,300.0,0.0,ok,-24.99277713673399,2x4 #2
West,"Bienville Lumber Company, LLC (Taylor, LA)",2X4-10 #2 SYP KD-HT,2x4,10,2,2025-07-11 00:00:00,274.996497300861,2025-07-11,300.0,0.0,ok,-25.003502699139005,2x4 #2
West,"Bienville Lumber Company, LLC (Taylor, LA)",2X4-10 #2 SYP KD-HT,2x4,10,2,2025-07-16 00:00:00,280.004242141433,2025-07-11,300.0,5.0,ok,-19.995757858567003,2x4 #2
West,"Bienville Lumber Company, LLC (Taylor, LA)",2X4-10 #2 Prime SYP KD-HT,2x4,10,2,2025-07-17 00:00:00,280.007829885436,2025-07-11,300.0,6.0,ok,-19.992170114563976,2x4 #2
West,"Bienville Lumber Company, LLC (Taylor, LA)",2X4-10 #2 SYP KD-HT,2x4,10,2,2025-07-17 00:00:00,279.996291259735,2025-07-11,300.0,6.0,ok,-20.003708740264983,2x4 #2
West,"Bienville Lumber Company, LLC (Taylor, LA)",2X4-10 #2 SYP KD-HT,2x4,10,2,2025-07-17 00:00:00,280.004242141433,2025-07-11,300.0,6.0,ok,-19.995757858567003,2x4 #2
West,"Bienville Lumber Company, LLC (Taylor, LA)",2X4-12 #2 Prime SYP KD-HT,2x4,12,2,2024-12-16 06:00:00,300.357153588599,2024-12-13,290.0,3.0,ok,10.357153588598976,2x4 #2
West,"Bienville Lumber Company, LLC (Taylor, LA)",2X4-12 #2 SYP KD-HT,2x4,12,2,2024-12-19 00:00:00,290.000012848143,2024-12-13,290.0,6.0,ok,1.2848143001065182e-05,2x4 #2
West,"Bienville Lumber Company, LLC (Taylor, LA)",2X4-12 #2 Prime SYP KD-HT,2x4,12,2,2025-01-23 00:00:00,357.321428571429,2025-01-17,335.0,6.0,ok,22.32142857142901,2x4 #2
West,"Bienville Lumber Company, LLC (Taylor, LA)",2X4-12 #2 Prime SYP KD-HT,2x4,12,2,2025-01-24 00:00:00,357.321428571429,2025-01-24,340.0,0.0,ok,17.32142857142901,2x4 #2
West,"Bienville Lumber Company, LLC (Taylor, LA)",2X4-12 #2 Prime SYP KD-HT,2x4,12,2,2025-01-24 00:00:00,357.321428571429,2025-01-24,340.0,0.0,ok,17.32142857142901,2x4 #2
West,"Bienville Lumber Company, LLC (Taylor, LA)",2X4-12 #2 Prime SYP KD-HT,2x4,12,2,2025-03-06 00:00:00,355.0,2025-02-28,360.0,6.0,ok,-5.0,2x4 #2
West,"Bienville Lumber Company, LLC (Taylor, LA)",2X4-12 #2 Prime SYP KD-HT,2x4,12,2,2025-03-07 00:00:00,355.0,2025-03-07,365.0,0.0,ok,-10.0,2x4 #2
West,"Bienville Lumber Company, LLC (Taylor, LA)",2X4-12 #2 Prime SYP KD-HT,2x4,12,2,2025-03-07 00:00:00,355.0,2025-03-07,365.0,0.0,ok,-10.0,2x4 #2
West,"Bienville Lumber Company, LLC (Taylor, LA)",2X4-12 #2 Prime SYP KD-HT,2x4,12,2,2025-03-10 00:00:00,355.0,2025-03-07,365.0,3.0,ok,-10.0,2x4 #2
West,"Bienville Lumber Company, LLC (Taylor, LA)",2X4-12 #2 Prime SYP KD-HT,2x4,12,2,2025-03-10 00:00:00,355.0,2025-03-07,365.0,3.0,ok,-10.0,2x4 #2
West,"Bienville Lumber Company, LLC (Taylor, LA)",2X4-12 #2 Prime SYP KD-HT,2x4,12,2,2025-03-13 00:00:00,360.0,2025-03-07,365.0,6.0,ok,-5.0,2x4 #2
West,"Bienville Lumber Company, LLC (Taylor, LA)",2X4-12 #2 Prime SYP KD-HT,2x4,12,2,2025-03-14 00:00:00,360.0,2025-03-14,375.0,0.0,ok,-15.0,2x4 #2
West,"Bienville Lumber Company, LLC (Taylor, LA)",2X4-12 #2 Prime SYP KD-HT,2x4,12,2,2025-03-14 00:00:00,360.0,2025-03-14,375.0,0.0,ok,-15.0,2x4 #2
West,"Bienville Lumber Company, LLC (Taylor, LA)",2X4-12 #2 Prime SYP KD-HT,2x4,12,2,2025-03-14 00:00:00,360.0,2025-03-14,375.0,0.0,ok,-15.0,2x4 #2
West,"Bienville Lumber Company, LLC (Taylor, LA)",2X4-12 #2 Prime SYP KD-HT,2x4,12,2,2025-04-04 00:00:00,388.392857142857,2025-04-04,405.0,0.0,ok,-16.607142857143003,2x4 #2
West,"Bienville Lumber Company, LLC (Taylor, LA)",2X4-12 #2 Prime SYP KD-HT,2x4,12,2,2025-04-04 00:00:00,375.0,2025-04-04,405.0,0.0,ok,-30.0,2x4 #2
West,"Bienville Lumber Company, LLC (Taylor, LA)",2X4-12 #2 Prime SYP KD-HT,2x4,12,2,2025-04-07 00:00:00,388.392857142857,2025-04-04,405.0,3.0,ok,-16.607142857143003,2x4 #2
West,"Bienville Lumber Company, LLC (Taylor, LA)",2X4-12 #2 Prime SYP KD-HT,2x4,12,2,2025-04-11 00:00:00,388.392857142857,2025-04-11,410.0,0.0,ok,-21.607142857143003,2x4 #2
West,"Bienville Lumber Company, LLC (Taylor, LA)",2X4-12 #2 Prime SYP KD-HT,2x4,12,2,2025-04-14 00:00:00,375.0,2025-04-11,410.0,3.0,ok,-35.0,2x4 #2
West,"Bienville Lumber Company, LLC (Taylor, LA)",2X4-12 #2 Prime SYP KD-HT,2x4,12,2,2025-04-25 00:00:00,385.0,2025-04-25,430.0,0.0,ok,-45.0,2x4 #2
West,"Bienville Lumber Company, LLC (Taylor, LA)",2X4-12 #2 Prime SYP KD-HT,2x4,12,2,2025-04-25 00:00:00,385.0,2025-04-25,430.0,0.0,ok,-45.0,2x4 #2
West,"Bienville Lumber Company, LLC (Taylor, LA)",2X4-12 #2 Prime SYP KD-HT,2x4,12,2,2025-04-25 00:00:00,385.0,2025-04-25,430.0,0.0,ok,-45.0,2x4 #2
West,"Bienville Lumber Company, LLC (Taylor, LA)",2X4-12 #2 SYP KD-HT,2x4,12,2,2025-04-25 00:00:00,359.333333333333,2025-04-25,430.0,0.0,ok,-70.66666666666703,2x4 #2
West,"Bienville Lumber Company, LLC (Taylor, LA)",2X4-12 #2 Prime SYP KD-HT,2x4,12,2,2025-04-28 00:00:00,394.999958554377,2025-04-25,430.0,3.0,ok,-35.000041445623026,2x4 #2
West,"Bienville Lumber Company, LLC (Taylor, LA)",2X4-12 #2 Prime SYP KD-HT,2x4,12,2,2025-04-29 00:00:00,394.999958554377,2025-04-25,430.0,4.0,ok,-35.000041445623026,2x4 #2
West,"Bienville Lumber Company, LLC (Taylor, LA)",2X4-12 #2 Prime SYP KD-HT,2x4,12,2,2025-04-30 00:00:00,385.0,2025-04-25,430.0,5.0,ok,-45.0,2x4 #2
West,"Bienville Lumber Company, LLC (Taylor, LA)",2X4-12 #2 Prime SYP KD-HT,2x4,12,2,2025-04-30 00:00:00,398.75,2025-04-25,430.0,5.0,ok,-31.25,2x4 #2
West,"Bienville Lumber Company, LLC (Taylor, LA)",2X4-12 #2 Prime SYP KD-HT,2x4,12,2,2025-05-01 00:00:00,398.75,2025-04-25,430.0,6.0,ok,-31.25,2x4 #2
West,"Bienville Lumber Company, LLC (Taylor, LA)",2X4-12 #2 Prime SYP KD-HT,2x4,12,2,2025-05-02 00:00:00,394.999958554377,2025-05-02,435.0,0.0,ok,-40.000041445623026,2x4 #2
West,"Bienville Lumber Company, LLC (Taylor, LA)",2X4-12 #2 Prime SYP KD-HT,2x4,12,2,2025-05-02 00:00:00,394.999958554377,2025-05-02,435.0,0.0,ok,-40.000041445623026,2x4 #2
West,"Bienville Lumber Company, LLC (Taylor, LA)",2X4-12 #2 Prime SYP KD-HT,2x4,12,2,2025-05-05 00:00:00,410.0,2025-05-02,435.0,3.0,ok,-25.0,2x4 #2
West,"Bienville Lumber Company, LLC (Taylor, LA)",2X4-12 #2 Prime SYP KD-HT,2x4,12,2,2025-05-08 00:00:00,410.0,2025-05-02,435.0,6.0,ok,-25.0,2x4 #2
West,"Bienville Lumber Company, LLC (Taylor, LA)",2X4-12 #2 Prime SYP KD-HT,2x4,12,2,2025-05-08 00:00:00,410.0,2025-05-02,435.0,6.0,ok,-25.0,2x4 #2
West,"Bienville Lumber Company, LLC (Taylor, LA)",2X4-12 #2 Prime SYP KD-HT,2x4,12,2,2025-05-14 00:00:00,410.0,2025-05-09,425.0,5.0,ok,-15.0,2x4 #2
West,"Bienville Lumber Company, LLC (Taylor, LA)",2X4-12 #2 Prime SYP KD-HT,2x4,12,2,2025-05-14 00:00:00,410.0,2025-05-09,425.0,5.0,ok,-15.0,2x4 #2
West,"Bienville Lumber Company, LLC (Taylor, LA)",2X4-12 #2 Prime SYP KD-HT,2x4,12,2,2025-05-15 00:00:00,410.0,2025-05-09,425.0,6.0,ok,-15.0,2x4 #2
West,"Bienville Lumber Company, LLC (Taylor, LA)",2X4-12 #2 Prime SYP KD-HT,2x4,12,2,2025-05-15 00:00:00,410.0,2025-05-09,425.0,6.0,ok,-15.0,2x4 #2
West,"Bienville Lumber Company, LLC (Taylor, LA)",2X4-12 #2 Prime SYP KD-HT,2x4,12,2,2025-05-16 00:00:00,410.0,2025-05-16,410.0,0.0,ok,0.0,2x4 #2
West,"Bienville Lumber Company, LLC (Taylor, LA)",2X4-12 #2 SYP KD-HT,2x4,12,2,2025-05-16 00:00:00,395.0,2025-05-16,410.0,0.0,ok,-15.0,2x4 #2
West,"Bienville Lumber Company, LLC (Taylor, LA)",2X4-12 #2 Prime SYP KD-HT,2x4,12,2,2025-05-21 00:00:00,410.0,2025-05-16,410.0,5.0,ok,0.0,2x4 #2
West,"Bienville Lumber Company, LLC (Taylor, LA)",2X4-12 #2 Prime SYP KD-HT,2x4,12,2,2025-05-21 00:00:00,410.0,2025-05-16,410.0,5.0,ok,0.0,2x4 #2
West,"Bienville Lumber Company, LLC (Taylor, LA)",2X4-12 #2 Prime SYP KD-HT,2x4,12,2,2025-05-22 00:00:00,472.560096153846,2025-05-16,410.0,6.0,ok,62.56009615384602,2x4 #2
West,"Bienville Lumber Company, LLC (Taylor, LA)",2X4-12 #2 Prime SYP KD-HT,2x4,12,2,2025-05-22 00:00:00,410.0,2025-05-16,410.0,6.0,ok,0.0,2x4 #2
West,"Bienville Lumber Company, LLC (Taylor, LA)",2X4-12 #2 Prime SYP KD-HT,2x4,12,2,2025-05-23 00:00:00,410.0,2025-05-23,380.0,0.0,ok,30.0,2x4 #2
West,"Bienville Lumber Company, LLC (Taylor, LA)",2X4-12 #2 Prime SYP KD-HT,2x4,12,2,2025-05-28 00:00:00,410.0,2025-05-23,380.0,5.0,ok,30.0,2x4 #2
West,"Bienville Lumber Company, LLC (Taylor, LA)",2X4-12 #2 SYP KD-HT,2x4,12,2,2025-05-28 00:00:00,395.0,2025-05-23,380.0,5.0,ok,15.0,2x4 #2
West,"Bienville Lumber Company, LLC (Taylor, LA)",2X4-12 #2 SYP KD-HT,2x4,12,2,2025-05-28 00:00:00,395.0,2025-05-23,380.0,5.0,ok,15.0,2x4 #2
West,"Bienville Lumber Company, LLC (Taylor, LA)",2X4-12 #2 SYP KD-HT,2x4,12,2,2025-05-29 00:00:00,395.720349801061,2025-05-23,380.0,6.0,ok,15.72034980106099,2x4 #2
West,"Bienville Lumber Company, LLC (Taylor, LA)",2X4-12 #2 Prime SYP KD-HT,2x4,12,2,2025-05-29 00:00:00,410.0,2025-05-23,380.0,6.0,ok,30.0,2x4 #2
West,"Bienville Lumber Company, LLC (Taylor, LA)",2X4-12 #2 SYP KD-HT,2x4,12,2,2025-06-12 00:00:00,325.0,2025-06-06,335.0,6.0,ok,-10.0,2x4 #2
West,"Bienville Lumber Company, LLC (Taylor, LA)",2X4-12 #2 SYP KD-HT,2x4,12,2,2025-06-12 00:00:00,325.0,2025-06-06,335.0,6.0,ok,-10.0,2x4 #2
West,"Bienville Lumber Company, LLC (Taylor, LA)",2X4-12 #2 SYP KD-HT,2x4,12,2,2025-06-16 00:00:00,322.96978021978,2025-06-13,315.0,3.0,ok,7.969780219779977,2x4 #2
West,"Bienville Lumber Company, LLC (Taylor, LA)",2X4-12 #2 SYP KD-HT,2x4,12,2,2025-06-16 00:00:00,323.005317473475,2025-06-13,315.0,3.0,ok,8.005317473474975,2x4 #2
West,"Bienville Lumber Company, LLC (Taylor, LA)",2X4-12 #2 SYP KD-HT,2x4,12,2,2025-06-16 00:00:00,322.96978021978,2025-06-13,315.0,3.0,ok,7.969780219779977,2x4 #2
West,"Bienville Lumber Company, LLC (Taylor, LA)",2X4-12 #2 SYP KD-HT,2x4,12,2,2025-06-16 00:00:00,322.96978021978,2025-06-13,315.0,3.0,ok,7.969780219779977,2x4 #2
West,"Bienville Lumber Company, LLC (Taylor, LA)",2X4-12 #2 SYP KD-HT,2x4,12,2,2025-06-16 00:00:00,323.005317473475,2025-06-13,315.0,3.0,ok,8.005317473474975,2x4 #2
West,"Bienville Lumber Company, LLC (Taylor, LA)",2X4-12 #2 Prime SYP KD-HT,2x4,12,2,2025-07-16 00:00:00,285.0,2025-07-11,300.0,5.0,ok,-15.0,2x4 #2
West,"Bienville Lumber Company, LLC (Taylor, LA)",2X4-12 #2 Prime SYP KD-HT,2x4,12,2,2025-07-16 00:00:00,285.0,2025-07-11,300.0,5.0,ok,-15.0,2x4 #2
West,"Bienville Lumber Company, LLC (Taylor, LA)",2X4-12 #2 SYP KD-HT,2x4,12,2,2025-07-17 00:00:00,285.0,2025-07-11,300.0,6.0,ok,-15.0,2x4 #2
West,"Bienville Lumber Company, LLC (Taylor, LA)",2X4-12 #2 Prime SYP KD-HT,2x4,12,2,2025-07-17 00:00:00,285.0,2025-07-11,300.0,6.0,ok,-15.0,2x4 #2
West,"Bienville Lumber Company, LLC (Taylor, LA)",2X4-12 #2 SYP KD-HT,2x4,12,2,2025-07-17 00:00:00,285.0,2025-07-11,300.0,6.0,ok,-15.0,2x4 #2
West,"Bienville Lumber Company, LLC (Taylor, LA)",2X4-12 #2 SYP KD-HT,2x4,12,2,2025-07-22 00:00:00,285.0,2025-07-18,310.0,4.0,ok,-25.0,2x4 #2
West,"Bienville Lumber Company, LLC (Taylor, LA)",2X4-14 #2 SYP KD-HT,2x4,14,2,2025-05-15 00:00:00,445.019102811762,2025-05-09,460.0,6.0,ok,-14.980897188237975,2x4 #2
West,"Bienville Lumber Company, LLC (Taylor, LA)",2X4-14 #2 SYP KD-HT,2x4,14,2,2025-05-15 00:00:00,445.019102811762,2025-05-09,460.0,6.0,ok,-14.980897188237975,2x4 #2
West,"Bienville Lumber Company, LLC (Taylor, LA)",2X4-14 #2 SYP KD-HT,2x4,14,2,2025-07-22 00:00:00,330.014166130071,2025-07-18,340.0,4.0,ok,-9.985833869929024,2x4 #2
West,"Bienville Lumber Company, LLC (Taylor, LA)",2X4-14 #2 SYP KD-HT,2x4,14,2,2025-07-22 00:00:00,330.014166130071,2025-07-18,340.0,4.0,ok,-9.985833869929024,2x4 #2
West,"Bienville Lumber Company, LLC (Taylor, LA)",2X4-14 #2 SYP KD-HT,2x4,14,2,2025-07-31 00:00:00,330.014166130071,2025-07-25,340.0,6.0,ok,-9.985833869929024,2x4 #2
West,"Bienville Lumber Company, LLC (Taylor, LA)",2X4-16 #2 Prime SYP KD-HT,2x4,16,2,2025-01-23 00:00:00,455.71431146978,2025-01-17,435.0,6.0,ok,20.71431146978,2x4 #2
West,"Bienville Lumber Company, LLC (Taylor, LA)",2X4-16 #2 Prime SYP KD-HT,2x4,16,2,2025-01-23 00:00:00,455.714714972527,2025-01-17,435.0,6.0,ok,20.71471497252702,2x4 #2
West,"Bienville Lumber Company, LLC (Taylor, LA)",2X4-16 #2 SYP KD-HT,2x4,16,2,2025-01-23 00:00:00,435.00594140545,2025-01-17,435.0,6.0,ok,0.005941405450016646,2x4 #2
West,"Bienville Lumber Company, LLC (Taylor, LA)",2X4-16 #2 SYP KD-HT,2x4,16,2,2025-01-23 00:00:00,435.00594140545,2025-01-17,435.0,6.0,ok,0.005941405450016646,2x4 #2
West,"Bienville Lumber Company, LLC (Taylor, LA)",2X4-16 #2 SYP KD-HT,2x4,16,2,2025-03-13 00:00:00,420.005757017005,2025-03-07,425.0,6.0,ok,-4.99424298299499,2x4 #2
West,"Bienville Lumber Company, LLC (Taylor, LA)",2X4-16 #2 SYP KD-HT,2x4,16,2,2025-03-13 00:00:00,420.005757017005,2025-03-07,425.0,6.0,ok,-4.99424298299499,2x4 #2
West,"Bienville Lumber Company, LLC (Taylor, LA)",2X4-16 #2 SYP KD-HT,2x4,16,2,2025-03-13 00:00:00,420.005757017005,2025-03-07,425.0,6.0,ok,-4.99424298299499,2x4 #2
West,"Bienville Lumber Company, LLC (Taylor, LA)",2X4-16 #2 SYP KD-HT,2x4,16,2,2025-05-01 00:00:00,564.876894079082,2025-04-25,505.0,6.0,ok,59.876894079082035,2x4 #2
West,"Bienville Lumber Company, LLC (Taylor, LA)",2X4-16 #2 Prime SYP KD-HT,2x4,16,2,2025-05-15 00:00:00,515.00717066175,2025-05-09,525.0,6.0,ok,-9.992829338249976,2x4 #2
West,"Bienville Lumber Company, LLC (Taylor, LA)",2X4-16 #2 Prime SYP KD-HT,2x4,16,2,2025-05-15 00:00:00,491.597660315509,2025-05-09,525.0,6.0,ok,-33.40233968449098,2x4 #2
West,"Bienville Lumber Company, LLC (Taylor, LA)",2X4-16 #2 SYP KD-HT,2x4,16,2,2025-06-03 00:00:00,497.836229434302,2025-05-30,490.0,4.0,ok,7.836229434302027,2x4 #2
West,"Bienville Lumber Company, LLC (Taylor, LA)",2X4-16 #2 SYP KD-HT,2x4,16,2,2025-06-10 00:00:00,514.909264494981,2025-06-06,475.0,4.0,ok,39.90926449498102,2x4 #2
West,"Bienville Lumber Company, LLC (Taylor, LA)",2X4-16 #2 SYP KD-HT,2x4,16,2,2025-07-10 00:00:00,425.00594140545,2025-07-03,425.0,7.0,ok,0.005941405450016646,2x4 #2
West,"Bienville Lumber Company, LLC (Taylor, LA)",2X4-18 #2 Prime SYP KD-HT,2x4,18,2,2025-02-21 00:00:00,350.0,2025-02-21,350.0,0.0,ok,0.0,2x4 #2
West,"Bienville Lumber Company, LLC (Taylor, LA)",2X4-18 #2 Prime SYP KD-HT,2x4,18,2,2025-03-03 00:00:00,349.999987980769,2025-02-28,355.0,3.0,ok,-5.000012019231008,2x4 #2
West,"Bienville Lumber Company, LLC (Taylor, LA)",2X4-18 #2 Prime SYP KD-HT,2x4,18,2,2025-03-04 00:00:00,360.0,2025-02-28,355.0,4.0,ok,5.0,2x4 #2
West,"Bienville Lumber Company, LLC (Taylor, LA)",2X4-18 #2 Prime SYP KD-HT,2x4,18,2,2025-03-06 00:00:00,350.0,2025-02-28,355.0,6.0,ok,-5.0,2x4 #2
West,"Bienville Lumber Company, LLC (Taylor, LA)",2X4-18 #2 Prime SYP KD-HT,2x4,18,2,2025-03-07 00:00:00,350.0,2025-03-07,360.0,0.0,ok,-10.0,2x4 #2
West,"Bienville Lumber Company, LLC (Taylor, LA)",2X4-18 #2 Prime SYP KD-HT,2x4,18,2,2025-03-12 00:00:00,354.99995782726,2025-03-07,360.0,5.0,ok,-5.000042172739995,2x4 #2
West,"Bienville Lumber Company, LLC (Taylor, LA)",2X4-18 #2 Prime SYP KD-HT,2x4,18,2,2025-03-13 00:00:00,354.99995782726,2025-03-07,360.0,6.0,ok,-5.000042172739995,2x4 #2
West,"Bienville Lumber Company, LLC (Taylor, LA)",2X4-18 #2 Prime SYP KD-HT,2x4,18,2,2025-03-13 00:00:00,354.99995782726,2025-03-07,360.0,6.0,ok,-5.000042172739995,2x4 #2
West,"Bienville Lumber Company, LLC (Taylor, LA)",2X4-18 #2 Prime SYP KD-HT,2x4,18,2,2025-03-14 00:00:00,354.99995782726,2025-03-14,370.0,0.0,ok,-15.000042172739995,2x4 #2
West,"Bienville Lumber Company, LLC (Taylor, LA)",2X4-18 #2 SYP KD-HT,2x4,18,2,2025-03-19 00:00:00,360.0,2025-03-14,370.0,5.0,ok,-10.0,2x4 #2
West,"Bienville Lumber Company, LLC (Taylor, LA)",2X4-18 #2 SYP KD-HT,2x4,18,2,2025-05-01 00:00:00,435.0,2025-04-25,440.0,6.0,ok,-5.0,2x4 #2
West,"Bienville Lumber Company, LLC (Taylor, LA)",2X4-18 #2 Prime SYP KD-HT,2x4,18,2,2025-05-08 00:00:00,434.999970479082,2025-05-02,445.0,6.0,ok,-10.00002952091802,2x4 #2
West,"Bienville Lumber Company, LLC (Taylor, LA)",2X4-18 #2 Prime SYP KD-HT,2x4,18,2,2025-05-08 00:00:00,413.249971955128,2025-05-02,445.0,6.0,ok,-31.75002804487201,2x4 #2
West,"Bienville Lumber Company, LLC (Taylor, LA)",2X4-18 #2 Prime SYP KD-HT,2x4,18,2,2025-05-08 00:00:00,434.999970479082,2025-05-02,445.0,6.0,ok,-10.00002952091802,2x4 #2
West,"Bienville Lumber Company, LLC (Taylor, LA)",2X4-18 #2 Prime SYP KD-HT,2x4,18,2,2025-05-14 00:00:00,455.0,2025-05-09,445.0,5.0,ok,10.0,2x4 #2
West,"Bienville Lumber Company, LLC (Taylor, LA)",2X4-18 #2 Prime SYP KD-HT,2x4,18,2,2025-05-21 00:00:00,455.0,2025-05-16,435.0,5.0,ok,20.0,2x4 #2
West,"Bienville Lumber Company, LLC (Taylor, LA)",2X4-18 #2 Prime SYP KD-HT,2x4,18,2,2025-05-28 00:00:00,370.0,2025-05-23,415.0,5.0,ok,-45.0,2x4 #2
West,"Bienville Lumber Company, LLC (Taylor, LA)",2X4-18 #2 Prime SYP KD-HT,2x4,18,2,2025-05-28 00:00:00,370.0,2025-05-23,415.0,5.0,ok,-45.0,2x4 #2
West,"Bienville Lumber Company, LLC (Taylor, LA)",2X4-20 #2 Prime SYP KD-HT,2x4,20,2,2025-01-31 00:00:00,330.004666355576,2025-01-31,365.0,0.0,ok,-34.99533364442402,2x4 #2
West,"Bienville Lumber Company, LLC (Taylor, LA)",2X4-20 #2 Prime SYP KD-HT,2x4,20,2,2025-02-04 00:00:00,330.005414669325,2025-01-31,365.0,4.0,ok,-34.99458533067502,2x4 #2
West,"Bienville Lumber Company, LLC (Taylor, LA)",2X4-20 #2 Prime SYP KD-HT,2x4,20,2,2025-02-04 00:00:00,311.679153812252,2025-01-31,365.0,4.0,ok,-53.320846187747975,2x4 #2
West,"Bienville Lumber Company, LLC (Taylor, LA)",2X4-20 #2 SYP KD-HT,2x4,20,2,2025-05-28 00:00:00,450.027044894525,2025-05-23,430.0,5.0,ok,20.027044894524977,2x4 #2
West,"Bienville Lumber Company, LLC (Taylor, LA)",2X4-20 #2 Prime SYP KD-HT,2x4,20,2,2025-07-07 00:00:00,374.58753658847,2025-07-03,325.0,4.0,ok,49.587536588470016,2x4 #2
West,"Bienville Lumber Company, LLC (Taylor, LA)",2X4-20 #2 Prime SYP KD-HT,2x4,20,2,2025-07-15 00:00:00,297.51171921952,2025-07-11,330.0,4.0,ok,-32.48828078048001,2x4 #2
West,"Bienville Lumber Company, LLC (Taylor, LA)",2X4-20 #2 Prime SYP KD-HT,2x4,20,2,2025-07-15 00:00:00,315.004242141433,2025-07-11,330.0,4.0,ok,-14.995757858567003,2x4 #2
West,"Bienville Lumber Company, LLC (Taylor, LA)",2X4-20 #2 Prime SYP KD-HT,2x4,20,2,2025-07-15 00:00:00,315.004242141433,2025-07-11,330.0,4.0,ok,-14.995757858567003,2x4 #2
West,"Bienville Lumber Company, LLC (Taylor, LA)",2X6-12 #1 SYP KD-HT,2x6,12,1,2025-05-12 00:00:00,487.527777777778,2025-05-09,405.0,3.0,ok,82.527777777778,2x6 #1
West,"Bienville Lumber Company, LLC (Taylor, LA)",2X6-14 #1 SYP KD-HT,2x6,14,1,2024-12-11 00:00:00,433.181535993304,2024-12-06,340.0,5.0,ok,93.18153599330401,2x6 #1
West,"Bienville Lumber Company, LLC (Taylor, LA)",2X6-14 #1 SYP KD-HT,2x6,14,1,2025-05-12 00:00:00,497.527781808036,2025-05-09,395.0,3.0,ok,102.52778180803602,2x6 #1
West,"Bienville Lumber Company, LLC (Taylor, LA)",2X6-16 #1 SYP KD-HT,2x6,16,1,2024-12-11 00:00:00,458.18154296875,2024-12-06,365.0,5.0,ok,93.18154296875002,2x6 #1
West,"Bienville Lumber Company, LLC (Taylor, LA)",2X6-18 #1 SYP KD-HT,2x6,18,1,2025-05-12 00:00:00,462.527777777778,2025-05-09,360.0,3.0,ok,102.527777777778,2x6 #1
West,"Bienville Lumber Company, LLC (Taylor, LA)",2X6-20 #1 SYP KD-HT,2x6,20,1,2025-05-12 00:00:00,482.527799804688,2025-05-09,380.0,3.0,ok,102.52779980468802,2x6 #1
West,"Bienville Lumber Company, LLC (Taylor, LA)",2X6-14 #2 SYP KD-HT,2x6,14,2,2025-07-25 00:00:00,315.0,2025-07-25,315.0,0.0,ok,0.0,2x6 #2
West,"Bienville Lumber Company, LLC (Taylor, LA)",2X6-14 #2 SYP KD-HT,2x6,14,2,2025-07-25 00:00:00,315.0,2025-07-25,315.0,0.0,ok,0.0,2x6 #2
West,"Bienville Lumber Company, LLC (Taylor, LA)",2X6-18 #2 Prime SYP KD-HT S4S,2x6,18,2,2024-12-23 00:00:00,310.0,2024-12-20,320.0,3.0,ok,-10.0,2x6 #2
West,"Bienville Lumber Company, LLC (Taylor, LA)",2X6-18 #2 Prime SYP KD-HT S4S,2x6,18,2,2025-03-10 00:00:00,390.0,2025-03-07,385.0,3.0,ok,5.0,2x6 #2
West,"Bienville Lumber Company, LLC (Taylor, LA)",2X6-20 #2 Prime SYP KD-HT S4S,2x6,20,2,2024-12-23 00:00:00,325.0,2024-12-20,335.0,3.0,ok,-10.0,2x6 #2
West,"Bienville Lumber Company, LLC (Taylor, LA)",2X6-20 #2 Prime SYP KD-HT S4S,2x6,20,2,2024-12-23 00:00:00,369.861842105263,2024-12-20,335.0,3.0,ok,34.86184210526301,2x6 #2
West,"Bienville Lumber Company, LLC (Taylor, LA)",2X6-20 #2 SYP KD-HT,2x6,20,2,2025-07-18 00:00:00,293.046875,2025-07-18,275.0,0.0,ok,18.046875,2x6 #2
West,"Bienville Lumber Company, LLC (Taylor, LA)",2X6-20 #2 SYP KD-HT,2x6,20,2,2025-07-25 00:00:00,314.63808046875,2025-07-25,280.0,0.0,ok,34.63808046874999,2x6 #2
West,"Bienville Lumber Company, LLC (Taylor, LA)",2X8-8 #1 SYP KD-HT,2x8,8,1,2025-08-21 00:00:00,254.999980044158,2025-08-15,345.0,6.0,ok,-90.00001995584199,2x8 #1
West,"Bienville Lumber Company, LLC (Taylor, LA)",2X8-8 #1 SYP KD-HT,2x8,8,1,2025-08-21 00:00:00,254.999980044158,2025-08-15,345.0,6.0,ok,-90.00001995584199,2x8 #1
West,"Bienville Lumber Company, LLC (Taylor, LA)",2X8-8 #1 SYP KD-HT,2x8,8,1,2025-08-21 00:00:00,254.999980044158,2025-08-15,345.0,6.0,ok,-90.00001995584199,2x8 #1
West,"Bienville Lumber Company, LLC (Taylor, LA)",2X8-8 #1 SYP KD-HT,2x8,8,1,2025-08-21 00:00:00,255.000014648438,2025-08-15,345.0,6.0,ok,-89.999985351562,2x8 #1
West,"Bienville Lumber Company, LLC (Taylor, LA)",2X8-12 #1 SYP KD-HT,2x8,12,1,2025-08-28 00:00:00,260.0,2025-08-22,350.0,6.0,ok,-90.0,2x8 #1
West,"Bienville Lumber Company, LLC (Taylor, LA)",2X8-12 #1 SYP KD-HT,2x8,12,1,2025-08-29 00:00:00,260.0,2025-08-29,340.0,0.0,ok,-80.0,2x8 #1
West,"Bienville Lumber Company, LLC (Taylor, LA)",2X8-16 #1 SYP KD-HT,2x8,16,1,2025-08-28 00:00:00,270.011985617259,2025-08-22,350.0,6.0,ok,-79.98801438274103,2x8 #1
West,"Bienville Lumber Company, LLC (Taylor, LA)",2X8-16 #1 SYP KD-HT,2x8,16,1,2025-08-28 00:00:00,270.010986775178,2025-08-22,350.0,6.0,ok,-79.98901322482197,2x8 #1
West,"Bienville Lumber Company, LLC (Taylor, LA)",2X8-16 #1 SYP KD-HT,2x8,16,1,2025-09-03 00:00:00,270.011985617259,2025-08-29,340.0,5.0,ok,-69.98801438274103,2x8 #1
West,"Bienville Lumber Company, LLC (Taylor, LA)",2X8-8 #2 SYP KD-HT,2x8,8,2,2025-01-03 00:00:00,284.999982591712,2025-01-03,325.0,0.0,ok,-40.00001740828799,2x8 #2
West,"Bienville Lumber Company, LLC (Taylor, LA)",2X8-8 #2 SYP KD-HT,2x8,8,2,2025-05-14 00:00:00,345.0,2025-05-09,350.0,5.0,ok,-5.0,2x8 #2
West,"Bienville Lumber Company, LLC (Taylor, LA)",2X8-8 #2 Prime SYP KD-HT,2x8,8,2,2025-05-20 00:00:00,324.999984624335,2025-05-16,345.0,4.0,ok,-20.000015375664987,2x8 #2
West,"Bienville Lumber Company, LLC (Taylor, LA)",2X8-8 #2 SYP KD-HT,2x8,8,2,2025-05-29 00:00:00,280.0,2025-05-23,325.0,6.0,ok,-45.0,2x8 #2
West,"Bienville Lumber Company, LLC (Taylor, LA)",2X8-8 #2 SYP KD-HT,2x8,8,2,2025-07-02 00:00:00,284.999982591712,2025-06-27,290.0,5.0,ok,-5.000017408287988,2x8 #2
West,"Bienville Lumber Company, LLC (Taylor, LA)",2X8-8 #2 SYP KD-HT,2x8,8,2,2025-07-02 00:00:00,285.00037400266,2025-06-27,290.0,5.0,ok,-4.99962599733999,2x8 #2
West,"Bienville Lumber Company, LLC (Taylor, LA)",2X8-8 #2 SYP KD-HT,2x8,8,2,2025-07-09 00:00:00,284.999982591712,2025-07-03,295.0,6.0,ok,-10.000017408287988,2x8 #2
West,"Bienville Lumber Company, LLC (Taylor, LA)",2X8-8 #2 SYP KD-HT,2x8,8,2,2025-07-21 00:00:00,284.999982591712,2025-07-18,310.0,3.0,ok,-25.000017408287988,2x8 #2
West,"Bienville Lumber Company, LLC (Taylor, LA)",2X8-8 #2 SYP KD-HT,2x8,8,2,2025-08-21 00:00:00,254.999980044158,2025-08-15,305.0,6.0,ok,-50.00001995584199,2x8 #2
West,"Bienville Lumber Company, LLC (Taylor, LA)",2X8-8 #2 SYP KD-HT,2x8,8,2,2025-08-21 00:00:00,254.999980044158,2025-08-15,305.0,6.0,ok,-50.00001995584199,2x8 #2
West,"Bienville Lumber Company, LLC (Taylor, LA)",2X8-10 #2 SYP KD-HT,2x8,10,2,2025-03-13 00:00:00,325.01410651504,2025-03-07,315.0,6.0,ok,10.014106515039998,2x8 #2
West,"Bienville Lumber Company, LLC (Taylor, LA)",2X8-10 #2 SYP KD-HT,2x8,10,2,2025-03-17 00:00:00,325.01336403635,2025-03-14,315.0,3.0,ok,10.013364036350026,2x8 #2
West,"Bienville Lumber Company, LLC (Taylor, LA)",2X8-12 #2 SYP KD-HT,2x8,12,2,2025-02-19 00:00:00,330.000016927083,2025-02-14,325.0,5.0,ok,5.0000169270829815,2x8 #2
West,"Bienville Lumber Company, LLC (Taylor, LA)",2X8-12 #2 SYP KD-HT,2x8,12,2,2025-02-27 00:00:00,330.000016927083,2025-02-21,325.0,6.0,ok,5.0000169270829815,2x8 #2
West,"Bienville Lumber Company, LLC (Taylor, LA)",2X8-12 #2 SYP KD-HT,2x8,12,2,2025-02-27 00:00:00,330.000016927083,2025-02-21,325.0,6.0,ok,5.0000169270829815,2x8 #2
West,"Bienville Lumber Company, LLC (Taylor, LA)",2X8-12 #2 SYP KD-HT,2x8,12,2,2025-03-07 00:00:00,325.0,2025-03-07,325.0,0.0,ok,0.0,2x8 #2
West,"Bienville Lumber Company, LLC (Taylor, LA)",2X8-12 #2 SYP KD-HT,2x8,12,2,2025-03-20 00:00:00,335.0,2025-03-14,325.0,6.0,ok,10.0,2x8 #2
West,"Bienville Lumber Company, LLC (Taylor, LA)",2X8-12 #2 SYP KD-HT,2x8,12,2,2025-03-26 00:00:00,335.0,2025-03-21,325.0,5.0,ok,10.0,2x8 #2
West,"Bienville Lumber Company, LLC (Taylor, LA)",2X8-12 #2 SYP KD-HT,2x8,12,2,2025-04-08 00:00:00,314.0625,2025-04-04,325.0,4.0,ok,-10.9375,2x8 #2
West,"Bienville Lumber Company, LLC (Taylor, LA)",2X8-12 #2 SYP KD-HT,2x8,12,2,2025-04-08 00:00:00,332.382853190104,2025-04-04,325.0,4.0,ok,7.382853190104015,2x8 #2
West,"Bienville Lumber Company, LLC (Taylor, LA)",2X8-12 #2 SYP KD-HT,2x8,12,2,2025-05-13 00:00:00,345.0,2025-05-09,345.0,4.0,ok,0.0,2x8 #2
West,"Bienville Lumber Company, LLC (Taylor, LA)",2X8-12 #2 SYP KD-HT,2x8,12,2,2025-05-30 00:00:00,285.0,2025-05-30,300.0,0.0,ok,-15.0,2x8 #2
West,"Bienville Lumber Company, LLC (Taylor, LA)",2X8-12 #2 SYP KD-HT,2x8,12,2,2025-06-04 00:00:00,285.0,2025-05-30,300.0,5.0,ok,-15.0,2x8 #2
West,"Bienville Lumber Company, LLC (Taylor, LA)",2X8-12 #2 SYP KD-HT,2x8,12,2,2025-08-28 00:00:00,250.0,2025-08-22,300.0,6.0,ok,-50.0,2x8 #2
West,"Bienville Lumber Company, LLC (Taylor, LA)",2X8-14 #2 Prime SYP KD-HT,2x8,14,2,2025-07-09 00:00:00,295.0,2025-07-03,290.0,6.0,ok,5.0,2x8 #2
West,"Bienville Lumber Company, LLC (Taylor, LA)",2X8-16 #2 Prime SYP KD-HT,2x8,16,2,2025-05-29 00:00:00,325.013785826504,2025-05-23,360.0,6.0,ok,-34.98621417349602,2x8 #2
West,"Bienville Lumber Company, LLC (Taylor, LA)",2X8-16 #2 SYP KD-HT,2x8,16,2,2025-06-02 00:00:00,300.01331735251,2025-05-30,345.0,3.0,ok,-44.98668264749,2x8 #2
West,"Bienville Lumber Company, LLC (Taylor, LA)",2X8-16 #2 SYP KD-HT,2x8,16,2,2025-06-04 00:00:00,287.511698880977,2025-05-30,345.0,5.0,ok,-57.48830111902299,2x8 #2
West,"Bienville Lumber Company, LLC (Taylor, LA)",2X8-18 #2 SYP KD-HT,2x8,18,2,2025-07-25 00:00:00,349.638100043403,2025-07-25,305.0,0.0,ok,44.63810004340303,2x8 #2
West,"Bienville Lumber Company, LLC (Taylor, LA)",2X8-20 #2 SYP KD-HT,2x8,20,2,2025-07-18 00:00:00,353.046875,2025-07-18,330.0,0.0,ok,23.046875,2x8 #2
West,"Binderholz Timber, LLC (Lake Charles, LA)",2X4-16 #2BTR SPF KD-HT,2x4,16,2,2025-06-27 00:00:00,646.931689342404,2025-06-27,425.0,0.0,ok,221.93168934240396,2x4 #2
West,"Binderholz Timber, LLC (Lake Charles, LA)",2X4-16 #2BTR SPF KD-HT,2x4,16,2,2025-07-09 00:00:00,633.787202380952,2025-07-03,425.0,6.0,ok,208.78720238095195,2x4 #2
West,"Boise Building Solutions/Distribution (Tulsa, OK)",2X4-10 #2 SYP KD-HT,2x4,10,2,2025-04-15 00:00:00,506.09632034632,2025-04-11,410.0,4.0,ok,96.09632034632,2x4 #2
West,"Cal-Tex Lumber Co. (Nacogdoches, TX)",2X4-16 #2 SYP KD-HT,2x4,16,2,2025-05-05 00:00:00,575.00020487605,2025-05-02,515.0,3.0,ok,60.00020487605002,2x4 #2
West,"Cal-Tex Lumber Co. (Pollok, TX)",4X4-8 #2 SYP,4x4,8,2,2025-07-22 00:00:00,380.0,,,,no_series,,4x4 #2
West,"Cal-Tex Lumber Co. (Pollok, TX)",4X4-8 #2 SYP,4x4,8,2,2025-07-22 00:00:00,380.0,,,,no_series,,4x4 #2
West,"Cal-Tex Lumber Co. (Pollok, TX)",4X4-8 #2 SYP,4x4,8,2,2025-07-22 00:00:00,380.0,,,,no_series,,4x4 #2
West,"Cal-Tex Lumber Co. (Pollok, TX)",4X4-8 #2 SYP,4x4,8,2,2025-07-22 00:00:00,380.0,,,,no_series,,4x4 #2
West,"Cal-Tex Lumber Co. (Pollok, TX)",4X4-8 #2 SYP,4x4,8,2,2025-08-13 00:00:00,390.0,,,,no_series,,4x4 #2
West,"Cal-Tex Lumber Co. (Pollok, TX)",4X4-8 #2 SYP,4x4,8,2,2025-08-19 00:00:00,377.00625,,,,no_series,,4x4 #2
West,"Cal-Tex Lumber Co. (Pollok, TX)",4X4-8 #2 SYP,4x4,8,2,2025-08-21 00:00:00,390.0,,,,no_series,,4x4 #2
West,"Cal-Tex Lumber Co. (Pollok, TX)",4X4-8 #2 SYP,4x4,8,2,2025-08-25 00:00:00,390.0,,,,no_series,,4x4 #2
West,"Cal-Tex Lumber Co. (Pollok, TX)",4X4-12 #2 SYP,4x4,12,2,2025-07-18 00:00:00,345.0,,,,no_series,,4x4 #2
West,"Cal-Tex Lumber Co. (Pollok, TX)",4X4-12 #2 SYP,4x4,12,2,2025-07-21 00:00:00,345.0,,,,no_series,,4x4 #2
West,"Callaway Lumber Co Inc (Bryan, TX)",2X6-8 #2 SYP KD-HT,2x6,8,2,2025-01-23 00:00:00,224.739583333333,2025-01-17,370.0,6.0,ok,-145.260416666667,2x6 #2
West,"Canfor Southern Pine (Deridder, LA)",2X4-12 #1 SYP KD-HT,2x4,12,1,2025-05-13 00:00:00,471.252575549451,2025-05-09,445.0,4.0,ok,26.252575549451024,2x4 #1
West,"Canfor Southern Pine (Deridder, LA)",2X4-18 #1 SYP KD-HT,2x4,18,1,2025-07-28 00:00:00,458.442435897436,2025-07-25,390.0,3.0,ok,68.44243589743598,2x4 #1
West,"Canfor Southern Pine (Deridder, LA)",2X4-20 #1 SYP KD-HT,2x4,20,1,2025-01-29 00:00:00,477.821626250789,2025-01-24,435.0,5.0,ok,42.821626250788995,2x4 #1
West,"Canfor Southern Pine (Deridder, LA)",2X4-20 #1 SYP KD-HT,2x4,20,1,2025-07-28 00:00:00,458.475551709217,2025-07-25,405.0,3.0,ok,53.47555170921697,2x4 #1
West,"Canfor Southern Pine (Deridder, LA)",2X4-20 #2 SYP KD-HT,2x4,20,2,2025-04-29 00:00:00,440.019877400162,2025-04-25,455.0,4.0,ok,-14.980122599838012,2x4 #2
West,"Canfor Southern Pine (Deridder, LA)",2X4-20 #2 SYP KD-HT,2x4,20,2,2025-04-29 00:00:00,440.019877400162,2025-04-25,455.0,4.0,ok,-14.980122599838012,2x4 #2
West,"Canfor Southern Pine (Deridder, LA)",2X8-8 #2 SYP KD-HT,2x8,8,2,2025-03-25 00:00:00,340.0,2025-03-21,335.0,4.0,ok,5.0,2x8 #2
West,"Canfor Southern Pine (El Dorado, AR)",2X10-18 #1 SYP KD-HT,2x10,18,1,2024-12-20 00:00:00,290.0,2024-12-20,290.0,0.0,ok,0.0,2x10 #1
West,"Canfor Southern Pine (El Dorado, AR)",2X4-10 #2 SYP KD-HT,2x4,10,2,2025-07-31 00:00:00,295.0,2025-07-25,310.0,6.0,ok,-15.0,2x4 #2
West,"Canfor Southern Pine (El Dorado, AR)",2X4-14 #2 SYP KD-HT,2x4,14,2,2025-07-10 00:00:00,330.014166130071,2025-07-03,320.0,7.0,ok,10.014166130070976,2x4 #2
West,"Canfor Southern Pine (El Dorado, AR)",2X6-10 #1 SYP KD-HT,2x6,10,1,2025-08-04 00:00:00,398.519736842105,2025-08-01,310.0,3.0,ok,88.51973684210498,2x6 #1
West,"Canfor Southern Pine (Strong, AR)",2X10-14 #1 SYP KD-HT,2x10,14,1,2025-04-07 00:00:00,479.724987722666,2025-04-04,370.0,3.0,ok,109.72498772266601,2x10 #1
West,"Canfor Southern Pine (Strong, AR)",2X10-18 #1 SYP KD-HT,2x10,18,1,2025-02-18 00:00:00,288.0,2025-02-14,290.0,4.0,ok,-2.0,2x10 #1
West,"Canfor Southern Pine (Strong, AR)",2X10-8 #2 SYP KD-HT,2x10,8,2,2025-06-19 00:00:00,347.783383186749,2025-06-19,310.0,0.0,ok,37.783383186749006,2x10 #2
West,"Canfor Southern Pine (Strong, AR)",2X10-14 #2 SYP KD-HT,2x10,14,2,2025-07-29 00:00:00,407.446761016117,2025-07-25,290.0,4.0,ok,117.44676101611702,2x10 #2
West,"Canfor Southern Pine (Strong, AR)",2X12-20 #2 SYP KD-HT,2x12,20,2,2025-06-25 00:00:00,410.0,2025-06-19,550.0,6.0,ok,-140.0,2x12 #2
West,"Canfor Southern Pine (Strong, AR)",2X12-20 #2 SYP KD-HT,2x12,20,2,2025-06-25 00:00:00,410.0,2025-06-19,550.0,6.0,ok,-140.0,2x12 #2
West,"Canfor Southern Pine (Strong, AR)",2X12-20 #2 SYP KD-HT,2x12,20,2,2025-06-30 00:00:00,477.0703125,2025-06-27,470.0,3.0,ok,7.0703125,2x12 #2
West,"Canfor Southern Pine (Strong, AR)",2X12-20 #2 SYP KD-HT,2x12,20,2,2025-06-30 00:00:00,477.0703125,2025-06-27,470.0,3.0,ok,7.0703125,2x12 #2
West,"Canfor Southern Pine (Strong, AR)",2X12-20 #2 SYP KD-HT,2x12,20,2,2025-07-01 00:00:00,477.0703125,2025-06-27,470.0,4.0,ok,7.0703125,2x12 #2
West,"Canfor Southern Pine (Strong, AR)",2X8-8 #2 SYP KD-HT,2x8,8,2,2025-02-19 00:00:00,330.0,2025-02-14,335.0,5.0,ok,-5.0,2x8 #2
West,"Canfor Southern Pine (Strong, AR)",2X8-10 #2 SYP KD-HT,2x8,10,2,2025-02-19 00:00:00,330.0,2025-02-14,315.0,5.0,ok,15.0,2x8 #2
West,"Canfor Southern Pine (Strong, AR)",2X8-12 #2 SYP KD-HT,2x8,12,2,2025-02-03 00:00:00,325.0,2025-01-31,320.0,3.0,ok,5.0,2x8 #2
West,"Canfor Southern Pine (Strong, AR)",2X8-12 #2 SYP KD-HT,2x8,12,2,2025-02-19 00:00:00,330.0,2025-02-14,325.0,5.0,ok,5.0,2x8 #2
West,"Coushatta Forest Products, LLC (Coushatta, LA)",2X4-10 #2 SYP KD-HT,2x4,10,2,2025-03-03 00:00:00,365.0,2025-02-28,355.0,3.0,ok,10.0,2x4 #2
West,"Coushatta Forest Products, LLC (Coushatta, LA)",2X8-10 #2 SYP KD-HT,2x8,10,2,2025-03-11 00:00:00,325.025392608798,2025-03-07,315.0,4.0,ok,10.025392608797972,2x8 #2
West,"Coushatta Forest Products, LLC (Coushatta, LA)",2X8-12 #2 SYP KD-HT,2x8,12,2,2025-03-11 00:00:00,335.0,2025-03-07,325.0,4.0,ok,10.0,2x8 #2
West,"Coushatta Forest Products, LLC (Coushatta, LA)",4X4-8 #2 SYP,4x4,8,2,2025-03-24 00:00:00,574.723557692308,,,,no_series,,4x4 #2
West,"Coushatta Forest Products, LLC (Coushatta, LA)",4X6-8 #2 SYP KD-HT,4x6,8,2,2025-04-03 00:00:00,534.9999765625,,,,no_series,,4x6 #2
West,"Coushatta Forest Products, LLC (Coushatta, LA)",4X6-14 #2 SYP,4x6,14,2,2025-02-24 00:00:00,485.0,,,,no_series,,4x6 #2
West,"Doman Lumber (Caddo Mills, TX)",1X4-8 #2 SYP Treated,1x4,8,2,2025-02-21 00:00:00,870.0,,,,no_series,,1x4 #2
West,"Doman Lumber (Caddo Mills, TX)",1X4-8 #2 SYP Treated,1x4,8,2,2025-08-21 00:00:00,915.0,,,,no_series,,1x4 #2
West,"Doman Lumber (Caddo Mills, TX)",2X12-10 #2 SYP Treated,2x12,10,2,2025-02-21 00:00:00,600.0,2025-02-21,375.0,0.0,ok,225.0,2x12 #2
West,"Doman Lumber (Caddo Mills, TX)",2X12-10 #2 SYP Treated,2x12,10,2,2025-08-21 00:00:00,530.0,2025-08-15,335.0,6.0,ok,195.0,2x12 #2
West,"Doman Lumber (Caddo Mills, TX)",2X4-8 #1 SYP INT FIRE RATED,2x4,8,1,2025-06-03 00:00:00,805.240396753832,2025-05-30,450.0,4.0,ok,355.240396753832,2x4 #1
West,"Doman Lumber (Caddo Mills, TX)",2X4-10 #1 SYP Fire Retardant,2x4,10,1,2025-05-14 00:00:00,785.000036057692,2025-05-09,430.0,5.0,ok,355.000036057692,2x4 #1
West,"Doman Lumber (Caddo Mills, TX)",2X4-10 #1 SYP Fire Retardant,2x4,10,1,2025-06-03 00:00:00,730.090695997115,2025-05-30,375.0,4.0,ok,355.09069599711495,2x4 #1
West,"Doman Lumber (Caddo Mills, TX)",2X4-10 #1 SYP Fire Retardant,2x4,10,1,2025-06-30 00:00:00,730.0,2025-06-27,320.0,3.0,ok,410.0,2x4 #1
West,"Doman Lumber (Caddo Mills, TX)",2X4-12 #1 SYP Interior Fire Rated,2x4,12,1,2025-06-03 00:00:00,739.99859775641,2025-05-30,385.0,4.0,ok,354.99859775641005,2x4 #1
West,"Doman Lumber (Caddo Mills, TX)",2X4-16 #1 SYP Interior Fire Rated,2x4,16,1,2025-06-30 00:00:00,880.064870407933,2025-06-27,475.0,3.0,ok,405.064870407933,2x4 #1
West,"Doman Lumber (Caddo Mills, TX)",2X4-12 #2 SYP Treated,2x4,12,2,2025-08-21 00:00:00,500.0,2025-08-15,305.0,6.0,ok,195.0,2x4 #2
West,"Doman Lumber (Caddo Mills, TX)",2X8-12 #2 SYP Treated,2x8,12,2,2025-08-21 00:00:00,495.0,2025-08-15,305.0,6.0,ok,190.0,2x8 #2
West,"Doman Lumber (Gilmer, TX)",4X4-10 #2 SYP KD-HT,4x4,10,2,2025-01-16 00:00:00,535.102904404693,,,,no_series,,4x4 #2
West,"Doman Lumber (Gilmer, TX)",4X4-10 #2 SYP Treated,4x4,10,2,2025-07-29 00:00:00,645.121177149452,,,,no_series,,4x4 #2
West,"Doman Lumber (Magnolia, AR)",1X6-14 #2 SYP KD-HT S4S,1x6,14,2,2025-02-04 00:00:00,500.751201923077,,,,no_series,,1x6 #2
West,"Doman Lumber (Rison, AR)",1X6-12 #2 SYP KD-HT S4S,1x6,12,2,2025-02-20 00:00:00,630.0,,,,no_series,,1x6 #2
West,"Doman Lumber (Rison, AR)",1X6-14 #2 SYP KD-HT S4S,1x6,14,2,2025-03-04 00:00:00,530.0,,,,no_series,,1x6 #2
West,"Doman Lumber (Russellville, AR)",1X6-14 #2 SYP KD-HT S4S,1x6,14,2,2025-02-12 00:00:00,510.0,,,,no_series,,1x6 #2
West,"Doman Lumber (Russellville, AR)",1X6-14 #2 SYP KD-HT S4S,1x6,14,2,2025-02-14 00:00:00,520.0,,,,no_series,,1x6 #2
West,"Doman Lumber (Russellville, AR)",1X6-14 #2 SYP KD-HT S4S,1x6,14,2,2025-02-24 00:00:00,530.0,,,,no_series,,1x6 #2
West,"Doman Lumber (Russellville, AR)",1X6-14 #2 SYP KD-HT S4S,1x6,14,2,2025-04-16 00:00:00,590.0,,,,no_series,,1x6 #2
West,"Doman Lumber (Russellville, AR)",1X6-14 #2 SYP KD-HT S4S,1x6,14,2,2025-05-13 00:00:00,645.0,,,,no_series,,1x6 #2
West,"Eastex Forest Products (Houston, TX)",1X4-12 #2 SYP KD-HT,1x4,12,2,2025-01-15 00:00:00,610.0,,,,no_series,,1x4 #2
West,"Eastex Forest Products (Houston, TX)",2X4-12 #2 SYP KD-HT,2x4,12,2,2025-01-15 00:00:00,400.0,2025-01-10,335.0,5.0,ok,65.0,2x4 #2
West,"Eastex Forest Products (Houston, TX)",2X6-16 #2 SYP KD-HT,2x6,16,2,2025-01-16 00:00:00,580.0,2025-01-10,415.0,6.0,ok,165.0,2x6 #2
West,"Eastex Forest Products (Houston, TX)",2X8-10 #2 SYP Treated,2x8,10,2,2025-07-15 00:00:00,620.242282141461,2025-07-11,285.0,4.0,ok,335.24228214146103,2x8 #2
West,"Eastex Forest Products (Houston, TX)",4X4-8 #2 SYP Treated,4x4,8,2,2025-07-09 00:00:00,820.585216450216,,,,no_series,,4x4 #2
West,"Eastex Forest Products (Houston, TX)",4X4-10 #2 SYP KD-HT,4x4,10,2,2025-03-19 00:00:00,660.253943824548,,,,no_series,,4x4 #2
West,"Eastex Forest Products (Houston, TX)",4X4-10 #2 SYP KD-HT,4x4,10,2,2025-05-08 00:00:00,675.259715275106,,,,no_series,,4x4 #2
West,"Eastex Forest Products (Houston, TX)",4X4-10 #2 SYP KD-HT,4x4,10,2,2025-06-19 00:00:00,650.250096190843,,,,no_series,,4x4 #2
West,"Eastex Forest Products (Houston, TX)",4X4-10 #2 SYP Treated,4x4,10,2,2025-07-09 00:00:00,749.993652625505,,,,no_series,,4x4 #2
West,"Eastex Forest Products (Houston, TX)",4X4-10 #2 SYP KD-HT,4x4,10,2,2025-08-08 00:00:00,555.213543670642,,,,no_series,,4x4 #2
West,"Eastex Forest Products (Houston, TX)",4X4-12 #2 SYP KD-HT,4x4,12,2,2025-01-15 00:00:00,495.0,,,,no_series,,4x4 #2
West,"Eastex Forest Products (Houston, TX)",4X4-16 #2 SYP,4x4,16,2,2025-01-16 00:00:00,600.111627906977,,,,no_series,,4x4 #2
West,"Georgia-Pacific Corp. (Diboll, TX)",2X4-10 #1 SYP KD-HT,2x4,10,1,2025-03-12 00:00:00,491.59453125,2025-03-07,375.0,5.0,ok,116.59453124999999,2x4 #1
West,"Georgia-Pacific Corp. (Diboll, TX)",2X4-10 #1 SYP KD-HT,2x4,10,1,2025-07-15 00:00:00,407.704407051282,2025-07-11,335.0,4.0,ok,72.70440705128198,2x4 #1
West,"Georgia-Pacific Corp. (Diboll, TX)",2X4-12 #1 SYP KD-HT,2x4,12,1,2025-01-06 00:00:00,405.93447265625,2025-01-03,395.0,3.0,ok,10.934472656250023,2x4 #1
West,"Georgia-Pacific Corp. (Diboll, TX)",2X4-12 #1 SYP KD-HT,2x4,12,1,2025-03-12 00:00:00,516.59453125,2025-03-07,415.0,5.0,ok,101.59453125000005,2x4 #1
West,"Georgia-Pacific Corp. (Diboll, TX)",2X4-12 #1 SYP KD-HT,2x4,12,1,2025-07-15 00:00:00,422.704402043269,2025-07-11,345.0,4.0,ok,77.704402043269,2x4 #1
West,"Georgia-Pacific Corp. (Diboll, TX)",2X4-14 #1 SYP KD-HT,2x4,14,1,2025-03-10 00:00:00,552.287615368105,2025-03-07,430.0,3.0,ok,122.28761536810498,2x4 #1
West,"Georgia-Pacific Corp. (Diboll, TX)",2X4-14 #1 SYP KD-HT,2x4,14,1,2025-03-12 00:00:00,546.688445818307,2025-03-07,430.0,5.0,ok,116.68844581830695,2x4 #1
West,"Georgia-Pacific Corp. (Diboll, TX)",2X4-14 #1 SYP KD-HT,2x4,14,1,2025-05-20 00:00:00,480.424376906922,2025-05-16,460.0,4.0,ok,20.42437690692202,2x4 #1
West,"Georgia-Pacific Corp. (Diboll, TX)",2X4-14 #1 SYP KD-HT,2x4,14,1,2025-05-20 00:00:00,477.424416531284,2025-05-16,460.0,4.0,ok,17.42441653128401,2x4 #1
West,"Georgia-Pacific Corp. (Diboll, TX)",2X4-14 #1 SYP KD-HT,2x4,14,1,2025-06-04 00:00:00,414.392788151964,2025-05-30,410.0,5.0,ok,4.392788151963998,2x4 #1
West,"Georgia-Pacific Corp. (Diboll, TX)",2X4-14 #1 SYP KD-HT,2x4,14,1,2025-08-13 00:00:00,438.018809684194,2025-08-08,380.0,5.0,ok,58.018809684194025,2x4 #1
West,"Georgia-Pacific Corp. (Diboll, TX)",2X4-16 #1 SYP KD-HT,2x4,16,1,2025-02-03 00:00:00,444.99979512395,2025-01-31,485.0,3.0,ok,-40.00020487605002,2x4 #1
West,"Georgia-Pacific Corp. (Diboll, TX)",2X4-16 #1 SYP KD-HT,2x4,16,1,2025-03-12 00:00:00,611.594501201923,2025-03-07,505.0,5.0,ok,106.59450120192298,2x4 #1
West,"Georgia-Pacific Corp. (Diboll, TX)",2X4-18 #1 SYP KD-HT,2x4,18,1,2025-01-28 00:00:00,443.597756410256,2025-01-24,410.0,4.0,ok,33.59775641025601,2x4 #1
West,"Georgia-Pacific Corp. (Diboll, TX)",2X4-18 #1 SYP KD-HT,2x4,18,1,2025-07-11 00:00:00,503.608253205128,2025-07-11,380.0,0.0,ok,123.608253205128,2x4 #1
West,"Georgia-Pacific Corp. (Diboll, TX)",2X4-20 #1 SYP KD-HT,2x4,20,1,2025-01-06 00:00:00,473.01574582315,2025-01-03,430.0,3.0,ok,43.015745823149985,2x4 #1
West,"Georgia-Pacific Corp. (Diboll, TX)",2X4-20 #1 SYP KD-HT,2x4,20,1,2025-01-28 00:00:00,421.743049796272,2025-01-24,435.0,4.0,ok,-13.256950203728024,2x4 #1
West,"Georgia-Pacific Corp. (Diboll, TX)",2X4-20 #1 SYP KD-HT,2x4,20,1,2025-07-11 00:00:00,493.332665571537,2025-07-11,395.0,0.0,ok,98.332665571537,2x4 #1
West,"Georgia-Pacific Corp. (Diboll, TX)",2X4-20 #1 SYP KD-HT,2x4,20,1,2025-07-11 00:00:00,457.858719169191,2025-07-11,395.0,0.0,ok,62.85871916919098,2x4 #1
West,"Georgia-Pacific Corp. (Diboll, TX)",2X4-14 #2 SYP KD-HT,2x4,14,2,2025-04-23 00:00:00,505.00023378373,2025-04-18,440.0,5.0,ok,65.00023378372998,2x4 #2
West,"Georgia-Pacific Corp. (Diboll, TX)",2X4-14 #2 SYP KD-HT,2x4,14,2,2025-04-25 00:00:00,505.01879461329,2025-04-25,455.0,0.0,ok,50.01879461329003,2x4 #2
West,"Georgia-Pacific Corp. (Diboll, TX)",2X4-14 #2 SYP KD-HT,2x4,14,2,2025-04-29 00:00:00,505.00023378373,2025-04-25,455.0,4.0,ok,50.00023378372998,2x4 #2
West,"Georgia-Pacific Corp. (Diboll, TX)",2X4-18 #2 SYP KD-HT,2x4,18,2,2025-05-01 00:00:00,484.999975961539,2025-04-25,440.0,6.0,ok,44.99997596153901,2x4 #2
West,"Georgia-Pacific Corp. (Diboll, TX)",2X4-18 #2 SYP KD-HT,2x4,18,2,2025-05-02 00:00:00,484.999975961539,2025-05-02,445.0,0.0,ok,39.99997596153901,2x4 #2
West,"Georgia-Pacific Corp. (Diboll, TX)",2X4-20 #2 SYP KD-HT,2x4,20,2,2025-03-31 00:00:00,476.813974918867,2025-03-28,415.0,3.0,ok,61.81397491886702,2x4 #2
West,"Georgia-Pacific Corp. (Diboll, TX)",2X4-20 #2 SYP KD-HT,2x4,20,2,2025-04-28 00:00:00,460.018406186145,2025-04-25,455.0,3.0,ok,5.0184061861450004,2x4 #2
West,"Georgia-Pacific Corp. (Diboll, TX)",2X4-20 #2 SYP KD-HT,2x4,20,2,2025-04-28 00:00:00,465.018630554109,2025-04-25,455.0,3.0,ok,10.018630554108995,2x4 #2
West,"Georgia-Pacific Corp. (Diboll, TX)",2X6-16 #1 SYP KD-HT,2x6,16,1,2025-02-10 00:00:00,421.666666666667,2025-02-07,445.0,3.0,ok,-23.333333333332973,2x6 #1
West,"Georgia-Pacific Corp. (Diboll, TX)",2X6-16 #1 SYP KD-HT,2x6,16,1,2025-02-10 00:00:00,421.666666666667,2025-02-07,445.0,3.0,ok,-23.333333333332973,2x6 #1
West,"Georgia-Pacific Corp. (Diboll, TX)",2X6-12 #2 SYP KD-HT,2x6,12,2,2025-03-19 00:00:00,405.0,2025-03-14,425.0,5.0,ok,-20.0,2x6 #2
West,"Georgia-Pacific Corp. (Diboll, TX)",2X6-16 #2 SYP KD-HT,2x6,16,2,2025-08-25 00:00:00,283.958333333333,2025-08-22,315.0,3.0,ok,-31.041666666667027,2x6 #2
West,"Georgia-Pacific Corp. (Diboll, TX)",2X8-8 #2 SYP KD-HT,2x8,8,2,2025-07-03 00:00:00,341.545557617187,2025-07-03,295.0,0.0,ok,46.545557617187,2x8 #2
West,"Georgia-Pacific Corp. (Diboll, TX)",2X8-12 #2 SYP KD-HT,2x8,12,2,2025-07-03 00:00:00,331.545428240741,2025-07-03,290.0,0.0,ok,41.54542824074099,2x8 #2
West,"Georgia-Pacific Corp. (Gurdon, AR)",2X4-8 #1 SYP KD-HT,2x4,8,1,2025-02-28 00:00:00,470.141568981064,2025-02-28,440.0,0.0,ok,30.141568981063983,2x4 #1
West,"Georgia-Pacific Corp. (Gurdon, AR)",2X4-8 #1 SYP KD-HT,2x4,8,1,2025-03-12 00:00:00,470.141268409979,2025-03-07,440.0,5.0,ok,30.141268409978977,2x4 #1
West,"Georgia-Pacific Corp. (Gurdon, AR)",2X4-10 #1 SYP KD-HT,2x4,10,1,2025-01-08 00:00:00,435.620122610891,2025-01-03,355.0,5.0,ok,80.62012261089097,2x4 #1
West,"Georgia-Pacific Corp. (Gurdon, AR)",2X4-10 #1 SYP KD-HT,2x4,10,1,2025-01-14 00:00:00,458.217569419401,2025-01-10,365.0,4.0,ok,93.217569419401,2x4 #1
West,"Georgia-Pacific Corp. (Gurdon, AR)",2X4-10 #1 SYP KD-HT,2x4,10,1,2025-02-28 00:00:00,400.072484673639,2025-02-28,375.0,0.0,ok,25.072484673638996,2x4 #1
West,"Georgia-Pacific Corp. (Gurdon, AR)",2X4-10 #1 SYP KD-HT,2x4,10,1,2025-03-12 00:00:00,405.000024038462,2025-03-07,375.0,5.0,ok,30.000024038462016,2x4 #1
West,"Georgia-Pacific Corp. (Gurdon, AR)",2X4-12 #1 SYP KD-HT,2x4,12,1,2025-01-14 00:00:00,488.134962940705,2025-01-10,405.0,4.0,ok,83.13496294070501,2x4 #1
West,"Georgia-Pacific Corp. (Gurdon, AR)",2X4-12 #1 SYP KD-HT,2x4,12,1,2025-06-11 00:00:00,365.00002189217,2025-06-06,365.0,5.0,ok,2.1892170025239466e-05,2x4 #1
West,"Georgia-Pacific Corp. (Gurdon, AR)",2X4-14 #1 SYP KD-HT,2x4,14,1,2025-01-06 00:00:00,434.225844432997,2025-01-03,415.0,3.0,ok,19.225844432997008,2x4 #1
West,"Georgia-Pacific Corp. (Gurdon, AR)",2X4-14 #1 SYP KD-HT,2x4,14,1,2025-01-06 00:00:00,434.59378909412,2025-01-03,415.0,3.0,ok,19.593789094119984,2x4 #1
West,"Georgia-Pacific Corp. (Gurdon, AR)",2X4-14 #1 SYP KD-HT,2x4,14,1,2025-01-14 00:00:00,508.134950540958,2025-01-10,425.0,4.0,ok,83.13495054095802,2x4 #1
West,"Georgia-Pacific Corp. (Gurdon, AR)",2X4-14 #1 SYP KD-HT,2x4,14,1,2025-01-28 00:00:00,449.936224590879,2025-01-24,420.0,4.0,ok,29.93622459087902,2x4 #1
West,"Georgia-Pacific Corp. (Gurdon, AR)",2X4-14 #1 SYP KD-HT,2x4,14,1,2025-01-28 00:00:00,487.622538336569,2025-01-24,420.0,4.0,ok,67.622538336569,2x4 #1
West,"Georgia-Pacific Corp. (Gurdon, AR)",2X4-14 #1 SYP KD-HT,2x4,14,1,2025-02-28 00:00:00,455.000386349002,2025-02-28,430.0,0.0,ok,25.000386349001985,2x4 #1
West,"Georgia-Pacific Corp. (Gurdon, AR)",2X4-14 #1 SYP KD-HT,2x4,14,1,2025-03-12 00:00:00,460.11851880474,2025-03-07,430.0,5.0,ok,30.118518804740006,2x4 #1
West,"Georgia-Pacific Corp. (Gurdon, AR)",2X4-14 #1 SYP KD-HT,2x4,14,1,2025-03-25 00:00:00,527.240806216193,2025-03-21,440.0,4.0,ok,87.24080621619305,2x4 #1
West,"Georgia-Pacific Corp. (Gurdon, AR)",2X4-14 #1 SYP KD-HT,2x4,14,1,2025-05-01 00:00:00,505.021717106675,2025-04-25,485.0,6.0,ok,20.021717106675,2x4 #1
West,"Georgia-Pacific Corp. (Gurdon, AR)",2X4-16 #1 SYP KD-HT,2x4,16,1,2025-01-08 00:00:00,495.597421681316,2025-01-03,490.0,5.0,ok,5.597421681316007,2x4 #1
West,"Georgia-Pacific Corp. (Gurdon, AR)",2X4-16 #1 SYP KD-HT,2x4,16,1,2025-01-14 00:00:00,533.13494140625,2025-01-10,500.0,4.0,ok,33.13494140625005,2x4 #1
West,"Georgia-Pacific Corp. (Gurdon, AR)",2X4-16 #1 SYP KD-HT,2x4,16,1,2025-02-28 00:00:00,460.052287581699,2025-02-28,505.0,0.0,ok,-44.94771241830102,2x4 #1
West,"Georgia-Pacific Corp. (Gurdon, AR)",2X4-16 #1 SYP KD-HT,2x4,16,1,2025-03-12 00:00:00,450.000018030201,2025-03-07,505.0,5.0,ok,-54.99998196979902,2x4 #1
West,"Georgia-Pacific Corp. (Gurdon, AR)",2X4-16 #1 SYP KD-HT,2x4,16,1,2025-03-25 00:00:00,597.195537860577,2025-03-21,515.0,4.0,ok,82.19553786057702,2x4 #1
West,"Georgia-Pacific Corp. (Gurdon, AR)",2X4-16 #1 SYP KD-HT,2x4,16,1,2025-05-07 00:00:00,512.951444376152,2025-05-02,570.0,5.0,ok,-57.04855562384796,2x4 #1
West,"Georgia-Pacific Corp. (Gurdon, AR)",2X4-16 #1 SYP KD-HT,2x4,16,1,2025-08-07 00:00:00,480.558082360172,2025-08-01,505.0,6.0,ok,-24.441917639827977,2x4 #1
West,"Georgia-Pacific Corp. (Gurdon, AR)",2X4-16 #1 SYP KD-HT,2x4,16,1,2025-08-20 00:00:00,343.745304987981,2025-08-15,495.0,5.0,ok,-151.254695012019,2x4 #1
West,"Georgia-Pacific Corp. (Gurdon, AR)",2X4-16 #1 SYP KD-HT,2x4,16,1,2025-08-20 00:00:00,375.0,2025-08-15,495.0,5.0,ok,-120.0,2x4 #1
West,"Georgia-Pacific Corp. (Gurdon, AR)",2X4-16 #1 SYP KD-HT,2x4,16,1,2025-08-20 00:00:00,343.745304987981,2025-08-15,495.0,5.0,ok,-151.254695012019,2x4 #1
West,"Georgia-Pacific Corp. (Gurdon, AR)",2X4-16 #1 SYP KD-HT,2x4,16,1,2025-08-20 00:00:00,375.00512190125,2025-08-15,495.0,5.0,ok,-119.99487809875001,2x4 #1
West,"Georgia-Pacific Corp. (Gurdon, AR)",2X4-18 #1 SYP KD-HT,2x4,18,1,2025-01-08 00:00:00,384.433253205128,2025-01-03,405.0,5.0,ok,-20.566746794872017,2x4 #1
West,"Georgia-Pacific Corp. (Gurdon, AR)",2X4-18 #1 SYP KD-HT,2x4,18,1,2025-01-28 00:00:00,411.596181891026,2025-01-24,410.0,4.0,ok,1.5961818910259922,2x4 #1
West,"Georgia-Pacific Corp. (Gurdon, AR)",2X4-18 #1 SYP KD-HT,2x4,18,1,2025-01-28 00:00:00,457.596129807692,2025-01-24,410.0,4.0,ok,47.59612980769202,2x4 #1
West,"Georgia-Pacific Corp. (Gurdon, AR)",2X4-18 #1 SYP KD-HT,2x4,18,1,2025-03-12 00:00:00,424.999978632479,2025-03-07,420.0,5.0,ok,4.999978632478985,2x4 #1
West,"Georgia-Pacific Corp. (Gurdon, AR)",2X4-18 #1 SYP KD-HT,2x4,18,1,2025-08-19 00:00:00,510.592948717949,2025-08-15,390.0,4.0,ok,120.59294871794901,2x4 #1
West,"Georgia-Pacific Corp. (Gurdon, AR)",2X4-20 #1 SYP KD-HT,2x4,20,1,2025-03-12 00:00:00,460.0,2025-03-07,445.0,5.0,ok,15.0,2x4 #1
West,"Georgia-Pacific Corp. (Gurdon, AR)",2X4-8 #2 SYP KD-HT,2x4,8,2,2025-08-22 00:00:00,380.865601311207,2025-08-22,355.0,0.0,ok,25.865601311207,2x4 #2
West,"Georgia-Pacific Corp. (Gurdon, AR)",2X4-10 #2 SYP KD-HT,2x4,10,2,2025-01-20 00:00:00,393.353070674865,2025-01-17,340.0,3.0,ok,53.35307067486502,2x4 #2
West,"Georgia-Pacific Corp. (Gurdon, AR)",2X4-10 #2 SYP KD-HT,2x4,10,2,2025-02-05 00:00:00,340.00509056972,2025-01-31,325.0,5.0,ok,15.005090569719982,2x4 #2
West,"Georgia-Pacific Corp. (Gurdon, AR)",2X4-10 #2 SYP KD-HT,2x4,10,2,2025-08-22 00:00:00,342.112259615385,2025-08-22,295.0,0.0,ok,47.11225961538503,2x4 #2
West,"Georgia-Pacific Corp. (Gurdon, AR)",2X4-12 #2 SYP KD-HT,2x4,12,2,2025-02-05 00:00:00,337.499962439904,2025-01-31,330.0,5.0,ok,7.499962439903982,2x4 #2
West,"Georgia-Pacific Corp. (Gurdon, AR)",2X4-12 #2 SYP KD-HT,2x4,12,2,2025-08-22 00:00:00,347.863461538461,2025-08-22,295.0,0.0,ok,52.863461538461024,2x4 #2
West,"Georgia-Pacific Corp. (Gurdon, AR)",2X4-16 #2 SYP KD-HT,2x4,16,2,2025-03-25 00:00:00,539.005784254808,2025-03-21,440.0,4.0,ok,99.00578425480796,2x4 #2
West,"Georgia-Pacific Corp. (Gurdon, AR)",2X4-16 #2 SYP KD-HT,2x4,16,2,2025-08-12 00:00:00,481.619591346154,2025-08-08,430.0,4.0,ok,51.61959134615398,2x4 #2
West,"Georgia-Pacific Corp. (Gurdon, AR)",2X4-16 #2 SYP KD-HT,2x4,16,2,2025-08-22 00:00:00,348.283879206731,2025-08-22,400.0,0.0,ok,-51.716120793269,2x4 #2
West,"Georgia-Pacific Corp. (Gurdon, AR)",2X6-10 #1 SYP KD-HT,2x6,10,1,2025-08-04 00:00:00,430.888157894737,2025-08-01,310.0,3.0,ok,120.88815789473699,2x6 #1
West,"Georgia-Pacific Corp. (Gurdon, AR)",2X6-14 #1 SYP KD-HT,2x6,14,1,2025-06-10 00:00:00,352.209821428571,2025-06-06,300.0,4.0,ok,52.20982142857099,2x6 #1
West,"Georgia-Pacific Corp. (Gurdon, AR)",2X6-14 #2 SYP KD-HT,2x6,14,2,2025-05-12 00:00:00,383.167067307692,2025-05-09,365.0,3.0,ok,18.16706730769198,2x6 #2
West,"Georgia-Pacific Corp. (Gurdon, AR)",2X6-14 #2 SYP KD-HT,2x6,14,2,2025-08-01 00:00:00,442.626631181319,2025-08-01,320.0,0.0,ok,122.626631181319,2x6 #2
West,"Georgia-Pacific Corp. (Gurdon, AR)",2X6-14 #2 SYP KD-HT,2x6,14,2,2025-08-19 00:00:00,391.308379120879,2025-08-15,315.0,4.0,ok,76.30837912087901,2x6 #2
West,"Georgia-Pacific Corp. (Gurdon, AR)",2X6-14 #2 SYP KD-HT,2x6,14,2,2025-08-28 00:00:00,361.956153104708,2025-08-22,305.0,6.0,ok,56.956153104707994,2x6 #2
West,"Georgia-Pacific Corp. (Gurdon, AR)",2X8-8 #2 SYP KD-HT,2x8,8,2,2025-01-27 00:00:00,325.0,2025-01-24,335.0,3.0,ok,-10.0,2x8 #2
West,"Georgia-Pacific Corp. (Gurdon, AR)",2X8-8 #2 SYP KD-HT,2x8,8,2,2025-01-27 00:00:00,325.000040690104,2025-01-24,335.0,3.0,ok,-9.999959309895985,2x8 #2
West,"Georgia-Pacific Corp. (Gurdon, AR)",2X8-8 #2 SYP KD-HT,2x8,8,2,2025-01-27 00:00:00,325.000040690104,2025-01-24,335.0,3.0,ok,-9.999959309895985,2x8 #2
West,"Georgia-Pacific Corp. (Gurdon, AR)",2X8-10 #2 SYP KD-HT,2x8,10,2,2025-02-24 00:00:00,325.018137172833,2025-02-21,315.0,3.0,ok,10.018137172833008,2x8 #2
West,"Georgia-Pacific Corp. (Gurdon, AR)",4X4-8 #2 SYP,4x4,8,2,2025-08-25 00:00:00,380.017127918507,,,,no_series,,4x4 #2
West,"Georgia-Pacific Corp. (Pineland, TX)",2X4-16 #1 SYP KD-HT,2x4,16,1,2025-01-27 00:00:00,394.161309344952,2025-01-24,495.0,3.0,ok,-100.83869065504803,2x4 #1
West,"Georgia-Pacific Corp. (Pineland, TX)",2X4-16 #1 SYP KD-HT,2x4,16,1,2025-01-27 00:00:00,394.161309344952,2025-01-24,495.0,3.0,ok,-100.83869065504803,2x4 #1
West,"Georgia-Pacific Corp. (Pineland, TX)",2X4-16 #1 SYP KD-HT,2x4,16,1,2025-01-27 00:00:00,430.0,2025-01-24,495.0,3.0,ok,-65.0,2x4 #1
West,"Georgia-Pacific Corp. (Pineland, TX)",2X4-16 #1 SYP KD-HT,2x4,16,1,2025-01-27 00:00:00,394.161309344952,2025-01-24,495.0,3.0,ok,-100.83869065504803,2x4 #1
West,"Georgia-Pacific Corp. (Pineland, TX)",2X4-8 #2 SYP KD-HT,2x4,8,2,2025-06-16 00:00:00,370.0,2025-06-13,410.0,3.0,ok,-40.0,2x4 #2
West,"Georgia-Pacific Corp. (Pineland, TX)",2X4-8 #2 SYP KD-HT,2x4,8,2,2025-06-16 00:00:00,370.0,2025-06-13,410.0,3.0,ok,-40.0,2x4 #2
West,"Georgia-Pacific Corp. (Pineland, TX)",2X4-8 #2 SYP KD-HT,2x4,8,2,2025-08-22 00:00:00,336.699851062162,2025-08-22,355.0,0.0,ok,-18.300148937838003,2x4 #2
West,"Georgia-Pacific Corp. (Pineland, TX)",2X4-8 #2 SYP KD-HT,2x4,8,2,2025-08-22 00:00:00,336.699851062162,2025-08-22,355.0,0.0,ok,-18.300148937838003,2x4 #2
West,"Georgia-Pacific Corp. (Pineland, TX)",2X4-10 #2 SYP KD-HT,2x4,10,2,2025-01-31 00:00:00,330.0,2025-01-31,325.0,0.0,ok,5.0,2x4 #2
West,"Georgia-Pacific Corp. (Pineland, TX)",2X4-10 #2 SYP KD-HT,2x4,10,2,2025-01-31 00:00:00,325.0,2025-01-31,325.0,0.0,ok,0.0,2x4 #2
West,"Georgia-Pacific Corp. (Pineland, TX)",2X4-10 #2 SYP KD-HT,2x4,10,2,2025-01-31 00:00:00,334.999959935897,2025-01-31,325.0,0.0,ok,9.999959935896982,2x4 #2
West,"Georgia-Pacific Corp. (Pineland, TX)",2X4-10 #2 SYP KD-HT,2x4,10,2,2025-01-31 00:00:00,334.999959935897,2025-01-31,325.0,0.0,ok,9.999959935896982,2x4 #2
West,"Georgia-Pacific Corp. (Pineland, TX)",2X4-10 #2 SYP KD-HT,2x4,10,2,2025-01-31 00:00:00,325.0,2025-01-31,325.0,0.0,ok,0.0,2x4 #2
West,"Georgia-Pacific Corp. (Pineland, TX)",2X4-10 #2 Prime SYP KD-HT,2x4,10,2,2025-01-31 00:00:00,334.999959935897,2025-01-31,325.0,0.0,ok,9.999959935896982,2x4 #2
West,"Georgia-Pacific Corp. (Pineland, TX)",2X4-10 #2 Prime SYP KD-HT,2x4,10,2,2025-01-31 00:00:00,334.999959935897,2025-01-31,325.0,0.0,ok,9.999959935896982,2x4 #2
West,"Georgia-Pacific Corp. (Pineland, TX)",2X4-10 #2 SYP KD-HT,2x4,10,2,2025-01-31 00:00:00,306.940104166667,2025-01-31,325.0,0.0,ok,-18.059895833332973,2x4 #2
West,"Georgia-Pacific Corp. (Pineland, TX)",2X4-10 #2 SYP KD-HT,2x4,10,2,2025-02-03 00:00:00,340.0,2025-01-31,325.0,3.0,ok,15.0,2x4 #2
West,"Georgia-Pacific Corp. (Pineland, TX)",2X4-10 #2 SYP KD-HT,2x4,10,2,2025-03-27 00:00:00,390.0,2025-03-21,380.0,6.0,ok,10.0,2x4 #2
West,"Georgia-Pacific Corp. (Pineland, TX)",2X4-10 #2 SYP KD-HT,2x4,10,2,2025-03-27 00:00:00,390.0,2025-03-21,380.0,6.0,ok,10.0,2x4 #2
West,"Georgia-Pacific Corp. (Pineland, TX)",2X4-10 #2 SYP KD-HT,2x4,10,2,2025-03-28 00:00:00,390.0,2025-03-28,390.0,0.0,ok,0.0,2x4 #2
West,"Georgia-Pacific Corp. (Pineland, TX)",2X4-10 #2 SYP KD-HT,2x4,10,2,2025-04-25 00:00:00,445.0,2025-04-25,430.0,0.0,ok,15.0,2x4 #2
West,"Georgia-Pacific Corp. (Pineland, TX)",2X4-10 #2 SYP KD-HT,2x4,10,2,2025-04-28 00:00:00,445.0,2025-04-25,430.0,3.0,ok,15.0,2x4 #2
West,"Georgia-Pacific Corp. (Pineland, TX)",2X4-10 #2 SYP KD-HT,2x4,10,2,2025-04-28 00:00:00,450.0,2025-04-25,430.0,3.0,ok,20.0,2x4 #2
West,"Georgia-Pacific Corp. (Pineland, TX)",2X4-10 #2 SYP KD-HT,2x4,10,2,2025-05-06 00:00:00,486.995192307692,2025-05-02,435.0,4.0,ok,51.99519230769198,2x4 #2
West,"Georgia-Pacific Corp. (Pineland, TX)",2X4-10 #2 SYP KD-HT,2x4,10,2,2025-06-16 00:00:00,285.0,2025-06-13,320.0,3.0,ok,-35.0,2x4 #2
West,"Georgia-Pacific Corp. (Pineland, TX)",2X4-10 #2 SYP KD-HT,2x4,10,2,2025-06-16 00:00:00,285.0,2025-06-13,320.0,3.0,ok,-35.0,2x4 #2
West,"Georgia-Pacific Corp. (Pineland, TX)",2X4-10 #2 SYP KD-HT,2x4,10,2,2025-06-16 00:00:00,285.0,2025-06-13,320.0,3.0,ok,-35.0,2x4 #2
West,"Georgia-Pacific Corp. (Pineland, TX)",2X4-10 #2 SYP KD-HT,2x4,10,2,2025-06-16 00:00:00,285.0,2025-06-13,320.0,3.0,ok,-35.0,2x4 #2
West,"Georgia-Pacific Corp. (Pineland, TX)",2X4-10 #2 SYP KD-HT,2x4,10,2,2025-08-01 00:00:00,320.0,2025-08-01,320.0,0.0,ok,0.0,2x4 #2
West,"Georgia-Pacific Corp. (Pineland, TX)",2X4-12 #2 SYP KD-HT,2x4,12,2,2025-01-06 00:00:00,430.794871794872,2025-01-03,325.0,3.0,ok,105.794871794872,2x4 #2
West,"Georgia-Pacific Corp. (Pineland, TX)",2X4-12 #2 SYP KD-HT,2x4,12,2,2025-05-01 00:00:00,445.0,2025-04-25,430.0,6.0,ok,15.0,2x4 #2
West,"Georgia-Pacific Corp. (Pineland, TX)",2X4-14 #2 SYP KD-HT,2x4,14,2,2025-07-03 00:00:00,364.99964338075,2025-07-03,320.0,0.0,ok,44.99964338075,2x4 #2
West,"Georgia-Pacific Corp. (Pineland, TX)",2X4-14 #2 SYP KD-HT,2x4,14,2,2025-07-03 00:00:00,364.99964338075,2025-07-03,320.0,0.0,ok,44.99964338075,2x4 #2
West,"Georgia-Pacific Corp. (Pineland, TX)",2X4-14 #2 SYP KD-HT,2x4,14,2,2025-07-03 00:00:00,364.99964338075,2025-07-03,320.0,0.0,ok,44.99964338075,2x4 #2
West,"Georgia-Pacific Corp. (Pineland, TX)",2X4-16 #2 SYP KD-HT,2x4,16,2,2025-06-19 00:00:00,515.902479000205,2025-06-19,435.0,0.0,ok,80.90247900020495,2x4 #2
West,"Georgia-Pacific Corp. (Pineland, TX)",2X4-16 #2 SYP KD-HT,2x4,16,2,2025-07-10 00:00:00,458.777299733661,2025-07-03,425.0,7.0,ok,33.77729973366098,2x4 #2
West,"Georgia-Pacific Corp. (Pineland, TX)",2X4-16 #2 SYP KD-HT,2x4,16,2,2025-07-11 00:00:00,430.000028682647,2025-07-11,435.0,0.0,ok,-4.999971317353015,2x4 #2
West,"Georgia-Pacific Corp. (Pineland, TX)",2X4-16 #2 SYP KD-HT,2x4,16,2,2025-08-11 00:00:00,474.551956566277,2025-08-08,430.0,3.0,ok,44.551956566277,2x4 #2
West,"Georgia-Pacific Corp. (Pineland, TX)",2X4-16 #2 SYP KD-HT,2x4,16,2,2025-08-27 00:00:00,345.0,2025-08-22,400.0,5.0,ok,-55.0,2x4 #2
West,"Georgia-Pacific Corp. (Pineland, TX)",2X4-20 #2 SYP KD-HT,2x4,20,2,2025-02-11 00:00:00,497.015104771826,2025-02-07,370.0,4.0,ok,127.01510477182597,2x4 #2
West,"Georgia-Pacific Corp. (Pineland, TX)",2X6-14 #2 SYP KD-HT,2x6,14,2,2025-04-09 00:00:00,433.411744505495,2025-04-04,370.0,5.0,ok,63.411744505494994,2x6 #2
West,"Georgia-Pacific Corp. (Pineland, TX)",2X6-14 #2 SYP KD-HT,2x6,14,2,2025-07-24 00:00:00,398.49763907967,2025-07-18,310.0,6.0,ok,88.49763907967002,2x6 #2
West,"Georgia-Pacific Corp. (Pineland, TX)",2X6-14 #2 SYP KD-HT,2x6,14,2,2025-08-28 00:00:00,320.0,2025-08-22,305.0,6.0,ok,15.0,2x6 #2
West,"Georgia-Pacific Corp. (Pineland, TX)",2X6-16 #2 SYP KD-HT,2x6,16,2,2025-06-23 00:00:00,320.0,2025-06-19,280.0,4.0,ok,40.0,2x6 #2
West,"Georgia-Pacific Corp. (Pineland, TX)",2X6-20 #2 SYP KD-HT,2x6,20,2,2025-01-27 00:00:00,428.263888888889,2025-01-24,385.0,3.0,ok,43.26388888888903,2x6 #2
West,"Georgia-Pacific Corp. (Pineland, TX)",2X8-20 #1 SYP KD-HT,2x8,20,1,2025-01-02 00:00:00,346.666666666667,2024-12-20,380.0,13.0,ok,-33.33333333333297,2x8 #1
West,"Georgia-Pacific Corp. (Pineland, TX)",2X8-20 #1 SYP KD-HT,2x8,20,1,2025-03-11 00:00:00,360.000043402778,2025-03-07,400.0,4.0,ok,-39.999956597222024,2x8 #1
West,"Georgia-Pacific Corp. (Pineland, TX)",2X8-18 #2 SYP KD-HT,2x8,18,2,2025-02-24 00:00:00,310.0,2025-02-21,320.0,3.0,ok,-10.0,2x8 #2
West,"Georgia-Pacific Corp. (Pineland, TX)",2X8-18 #2 SYP KD-HT,2x8,18,2,2025-02-24 00:00:00,310.0,2025-02-21,320.0,3.0,ok,-10.0,2x8 #2
West,"Georgia-Pacific Corp. (Pineland, TX)",2X8-18 #2 SYP KD-HT,2x8,18,2,2025-02-24 00:00:00,310.0,2025-02-21,320.0,3.0,ok,-10.0,2x8 #2
West,"Georgia-Pacific Corp. (Pineland, TX)",2X8-18 #2 SYP KD-HT,2x8,18,2,2025-02-24 00:00:00,310.0,2025-02-21,320.0,3.0,ok,-10.0,2x8 #2
West,"Georgia-Pacific Corp. (Pineland, TX)",2X8-18 #2 SYP KD-HT,2x8,18,2,2025-03-03 00:00:00,320.0,2025-02-28,320.0,3.0,ok,0.0,2x8 #2
West,"Georgia-Pacific Corp. (Pineland, TX)",2X8-18 #2 SYP KD-HT,2x8,18,2,2025-03-03 00:00:00,320.0,2025-02-28,320.0,3.0,ok,0.0,2x8 #2
West,"Georgia-Pacific Corp. (Pineland, TX)",2X8-18 #2 SYP KD-HT,2x8,18,2,2025-03-03 00:00:00,320.0,2025-02-28,320.0,3.0,ok,0.0,2x8 #2
West,"Georgia-Pacific Corp. (Pineland, TX)",2X8-18 #2 SYP KD-HT,2x8,18,2,2025-03-03 00:00:00,320.0,2025-02-28,320.0,3.0,ok,0.0,2x8 #2
West,"Georgia-Pacific Corp. (Pineland, TX)",2X8-18 #2 SYP KD-HT,2x8,18,2,2025-03-13 00:00:00,310.0,2025-03-07,320.0,6.0,ok,-10.0,2x8 #2
West,"Georgia-Pacific Corp. (Pineland, TX)",2X8-18 #2 SYP KD-HT,2x8,18,2,2025-03-13 00:00:00,310.0,2025-03-07,320.0,6.0,ok,-10.0,2x8 #2
West,"Georgia-Pacific Corp. (Pineland, TX)",2X8-20 #2 SYP KD-HT,2x8,20,2,2025-02-24 00:00:00,330.000016927083,2025-02-21,355.0,3.0,ok,-24.99998307291702,2x8 #2
West,"Georgia-Pacific Corp. (Pineland, TX)",2X8-20 #2 SYP KD-HT,2x8,20,2,2025-02-24 00:00:00,330.000016927083,2025-02-21,355.0,3.0,ok,-24.99998307291702,2x8 #2
West,"Georgia-Pacific Corp. (Pineland, TX)",2X8-20 #2 SYP KD-HT,2x8,20,2,2025-02-24 00:00:00,330.000016927083,2025-02-21,355.0,3.0,ok,-24.99998307291702,2x8 #2
West,"Georgia-Pacific Corp. (Pineland, TX)",2X8-20 #2 SYP KD-HT,2x8,20,2,2025-02-24 00:00:00,330.000016927083,2025-02-21,355.0,3.0,ok,-24.99998307291702,2x8 #2
West,"Hatfield Lumber Co (Hatfield, AR)",2X4-12 #2 SYP Treated,2x4,12,2,2025-02-13 00:00:00,578.653004807692,2025-02-07,340.0,6.0,ok,238.653004807692,2x4 #2
West,"Hatfield Lumber Co (Hatfield, AR)",2X4-12 #2 SYP KD-HT,2x4,12,2,2025-02-13 00:00:00,458.653004807692,2025-02-07,340.0,6.0,ok,118.65300480769201,2x4 #2
West,"Hatfield Lumber Co (Hatfield, AR)",2X4-16 #2 SYP Treated,2x4,16,2,2025-04-15 00:00:00,708.665221996845,2025-04-11,475.0,4.0,ok,233.66522199684505,2x4 #2
West,"Hatfield Lumber Co (Hatfield, AR)",2X4-18 #2 SYP Treated,2x4,18,2,2025-04-15 00:00:00,648.665249198718,2025-04-11,415.0,4.0,ok,233.66524919871802,2x4 #2
West,"Hatfield Lumber Co (Hatfield, AR)",2X4-18 #2 SYP Treated,2x4,18,2,2025-04-15 00:00:00,648.665224358974,2025-04-11,415.0,4.0,ok,233.665224358974,2x4 #2
West,"Hatfield Lumber Co (Hatfield, AR)",2X4-18 #2 SYP Treated,2x4,18,2,2025-04-15 00:00:00,648.665248397436,2025-04-11,415.0,4.0,ok,233.66524839743602,2x4 #2
West,"Hatfield Lumber Co (Hatfield, AR)",2X4-18 #2 SYP Treated,2x4,18,2,2025-04-15 00:00:00,648.665252403846,2025-04-11,415.0,4.0,ok,233.665252403846,2x4 #2
West,"Hatfield Lumber Co (Hatfield, AR)",2X6-12 #2 SYP KD-HT,2x6,12,2,2025-02-13 00:00:00,528.653046875,2025-02-07,410.0,6.0,ok,118.65304687499997,2x6 #2
West,"Hatfield Lumber Co (Hatfield, AR)",2X6-12 #2 SYP Treated,2x6,12,2,2025-02-13 00:00:00,648.65302734375,2025-02-07,410.0,6.0,ok,238.65302734374995,2x6 #2
West,"Hatfield Lumber Co (Hatfield, AR)",2X6-12 #2 SYP KD-HT,2x6,12,2,2025-03-31 00:00:00,508.867734375,2025-03-28,395.0,3.0,ok,113.867734375,2x6 #2
West,"Hatfield Lumber Co (Hatfield, AR)",2X6-12 #2 SYP Treated,2x6,12,2,2025-04-14 00:00:00,613.546526692708,2025-04-11,390.0,3.0,ok,223.54652669270797,2x6 #2
West,"Hatfield Lumber Co (Hatfield, AR)",2X6-12 #2 SYP KD-HT,2x6,12,2,2025-05-01 00:00:00,518.867727864583,2025-04-25,400.0,6.0,ok,118.867727864583,2x6 #2
West,"Hatfield Lumber Co (Hatfield, AR)",2X6-12 #2 SYP KD-HT,2x6,12,2,2025-06-18 00:00:00,398.579554036458,2025-06-13,280.0,5.0,ok,118.57955403645798,2x6 #2
West,"Hatfield Lumber Co (Hatfield, AR)",2X6-12 #2 SYP Treated,2x6,12,2,2025-08-18 00:00:00,553.652994791667,2025-08-15,325.0,3.0,ok,228.65299479166697,2x6 #2
West,"Hatfield Lumber Co (Hatfield, AR)",2X6-12 #2 SYP KD-HT,2x6,12,2,2025-08-18 00:00:00,453.652994791667,2025-08-15,325.0,3.0,ok,128.65299479166703,2x6 #2
West,"Hatfield Lumber Co (Hatfield, AR)",2X6-16 #2 SYP Treated,2x6,16,2,2025-04-15 00:00:00,628.665205078125,2025-04-11,385.0,4.0,ok,243.66520507812504,2x6 #2
West,"Hatfield Lumber Co (Hatfield, AR)",2X6-18 #2 SYP Treated,2x6,18,2,2025-04-15 00:00:00,593.665238715278,2025-04-11,350.0,4.0,ok,243.66523871527795,2x6 #2
West,"Hatfield Lumber Co (Hatfield, AR)",2X6-18 #2 SYP Treated,2x6,18,2,2025-04-15 00:00:00,593.665234375,2025-04-11,350.0,4.0,ok,243.66523437499995,2x6 #2
West,"Hatfield Lumber Co (Hatfield, AR)",2X6-18 #2 SYP Treated,2x6,18,2,2025-04-15 00:00:00,593.665245659722,2025-04-11,350.0,4.0,ok,243.66524565972202,2x6 #2
West,"Hatfield Lumber Co (Hatfield, AR)",2X6-18 #2 SYP Treated,2x6,18,2,2025-04-15 00:00:00,593.665237847222,2025-04-11,350.0,4.0,ok,243.665237847222,2x6 #2
West,"Hatfield Lumber Co (Hatfield, AR)",2X6-20 #2 SYP KD-HT,2x6,20,2,2025-01-08 00:00:00,523.617255208333,2025-01-03,375.0,5.0,ok,148.61725520833295,2x6 #2
West,"Hatfield Lumber Co (Hatfield, AR)",2X6-20 #2 SYP Treated,2x6,20,2,2025-01-08 00:00:00,653.6173046875,2025-01-03,375.0,5.0,ok,278.6173046875,2x6 #2
West,"Hatfield Lumber Co (Hatfield, AR)",2X6-20 #2 SYP Treated,2x6,20,2,2025-02-03 00:00:00,608.4300234375,2025-01-31,375.0,3.0,ok,233.43002343750004,2x6 #2
West,"Hatfield Lumber Co (Hatfield, AR)",2X6-20 #2 SYP KD-HT,2x6,20,2,2025-02-13 00:00:00,498.653046875,2025-02-07,380.0,6.0,ok,118.65304687499997,2x6 #2
West,"Hatfield Lumber Co (Hatfield, AR)",2X6-20 #2 SYP Treated,2x6,20,2,2025-03-05 00:00:00,627.788943359375,2025-02-28,390.0,5.0,ok,237.78894335937503,2x6 #2
West,"Hatfield Lumber Co (Hatfield, AR)",2X6-20 #2 SYP KD-HT,2x6,20,2,2025-03-31 00:00:00,478.867740885417,2025-03-28,365.0,3.0,ok,113.86774088541699,2x6 #2
West,"Hatfield Lumber Co (Hatfield, AR)",2X6-20 #2 SYP Treated,2x6,20,2,2025-04-14 00:00:00,578.54654296875,2025-04-11,355.0,3.0,ok,223.54654296875003,2x6 #2
West,"Hatfield Lumber Co (Hatfield, AR)",2X6-20 #2 SYP KD-HT,2x6,20,2,2025-05-01 00:00:00,483.867759114583,2025-04-25,365.0,6.0,ok,118.86775911458301,2x6 #2
West,"Hatfield Lumber Co (Hatfield, AR)",2X6-20 #2 SYP KD-HT,2x6,20,2,2025-05-15 00:00:00,468.922421875,2025-05-09,350.0,6.0,ok,118.922421875,2x6 #2
West,"Hatfield Lumber Co (Hatfield, AR)",2X6-20 #2 SYP Treated,2x6,20,2,2025-06-18 00:00:00,463.579578125,2025-06-13,235.0,5.0,ok,228.579578125,2x6 #2
West,"Hatfield Lumber Co (Hatfield, AR)",2X6-20 #2 SYP Treated,2x6,20,2,2025-06-27 00:00:00,483.35525390625,2025-06-27,250.0,0.0,ok,233.35525390625003,2x6 #2
West,"Hatfield Lumber Co (Hatfield, AR)",2X6-20 #2 SYP Treated,2x6,20,2,2025-07-29 00:00:00,523.4681796875,2025-07-25,280.0,4.0,ok,243.46817968749997,2x6 #2
West,"Hatfield Lumber Co (Hatfield, AR)",2X6-20 #2 SYP Treated,2x6,20,2,2025-07-29 00:00:00,523.468171875,2025-07-25,280.0,4.0,ok,243.46817187500005,2x6 #2
West,"Hatfield Lumber Co (Hatfield, AR)",2X6-20 #2 SYP Treated,2x6,20,2,2025-07-29 00:00:00,523.46815078125,2025-07-25,280.0,4.0,ok,243.46815078124996,2x6 #2
West,"Hatfield Lumber Co (Hatfield, AR)",2X6-20 #2 SYP Treated,2x6,20,2,2025-07-29 00:00:00,523.468203125,2025-07-25,280.0,4.0,ok,243.46820312499995,2x6 #2
West,"Hatfield Lumber Co (Hatfield, AR)",2X6-20 #2 SYP Treated,2x6,20,2,2025-08-18 00:00:00,503.6530703125,2025-08-15,275.0,3.0,ok,228.6530703125,2x6 #2
West,"Hatfield Lumber Co (Hatfield, AR)",6X6-10 #2 SYP Treated,6x6,10,2,2025-05-06 00:00:00,1033.18836458333,,,,no_series,,6x6 #2
West,"Hatfield Lumber Co (Hatfield, AR)",6X6-10 #2 SYP Treated,6x6,10,2,2025-05-06 00:00:00,1033.18838541667,,,,no_series,,6x6 #2
West,"Hatfield Lumber Co (Hatfield, AR)",6X6-10 #2 SYP Treated,6x6,10,2,2025-05-06 00:00:00,1033.1883875,,,,no_series,,6x6 #2
West,"Hatfield Lumber Co (Hatfield, AR)",6X6-10 #2 SYP Treated,6x6,10,2,2025-05-06 00:00:00,1033.18833333333,,,,no_series,,6x6 #2
West,"Hatfield Lumber Co (Hatfield, AR)",6X6-14 #2 SYP Treated,6x6,14,2,2025-01-08 00:00:00,768.617243303571,,,,no_series,,6x6 #2
West,"Hatfield Lumber Co (Hatfield, AR)",6X6-14 #2 SYP Treated,6x6,14,2,2025-02-03 00:00:00,778.429918154762,,,,no_series,,6x6 #2
West,"Hatfield Lumber Co (Hatfield, AR)",6X6-14 #2 SYP Treated,6x6,14,2,2025-03-05 00:00:00,792.788876488095,,,,no_series,,6x6 #2
West,"Hatfield Lumber Co (Hatfield, AR)",6X6-14 #2 SYP Treated,6x6,14,2,2025-04-14 00:00:00,848.546505456349,,,,no_series,,6x6 #2
West,"Hatfield Lumber Co (Hatfield, AR)",6X6-14 #2 SYP Treated,6x6,14,2,2025-06-18 00:00:00,788.579555431548,,,,no_series,,6x6 #2
West,"Hatfield Lumber Co (Hatfield, AR)",6X6-14 #2 SYP Treated,6x6,14,2,2025-06-27 00:00:00,778.355167410714,,,,no_series,,6x6 #2
West,"Hatfield Lumber Co (Hatfield, AR)",6X6-14 #2 SYP Treated,6x6,14,2,2025-07-29 00:00:00,728.468102678571,,,,no_series,,6x6 #2
West,"Hatfield Lumber Co (Hatfield, AR)",6X6-14 #2 SYP Treated,6x6,14,2,2025-08-18 00:00:00,728.652976190476,,,,no_series,,6x6 #2
West,"Hatfield Lumber Co (Hatfield, AR)",6X6-16 #2 SYP Treated,6x6,16,2,2025-01-08 00:00:00,793.61728515625,,,,no_series,,6x6 #2
West,"Hatfield Lumber Co (Hatfield, AR)",6X6-16 #2 SYP Treated,6x6,16,2,2025-02-03 00:00:00,818.430061848958,,,,no_series,,6x6 #2
West,"Hatfield Lumber Co (Hatfield, AR)",6X6-16 #2 SYP Treated,6x6,16,2,2025-03-05 00:00:00,857.788916015625,,,,no_series,,6x6 #2
West,"Hatfield Lumber Co (Hatfield, AR)",6X6-16 #2 SYP Treated,6x6,16,2,2025-03-31 00:00:00,898.867838541667,,,,no_series,,6x6 #2
West,"Hatfield Lumber Co (Hatfield, AR)",6X6-16 #2 SYP Treated,6x6,16,2,2025-04-14 00:00:00,943.546569010417,,,,no_series,,6x6 #2
West,"Hatfield Lumber Co (Hatfield, AR)",6X6-16 #2 SYP Treated,6x6,16,2,2025-05-01 00:00:00,958.867838541667,,,,no_series,,6x6 #2
West,"Hatfield Lumber Co (Hatfield, AR)",6X6-16 #2 SYP Treated,6x6,16,2,2025-06-18 00:00:00,893.579596354167,,,,no_series,,6x6 #2
West,"Hatfield Lumber Co (Hatfield, AR)",6X6-16 #2 SYP Treated,6x6,16,2,2025-06-27 00:00:00,863.3552734375,,,,no_series,,6x6 #2
West,"Hatfield Lumber Co (Hatfield, AR)",6X6-16 #2 SYP Treated,6x6,16,2,2025-07-29 00:00:00,803.468129340278,,,,no_series,,6x6 #2
West,"Hatfield Lumber Co (Hatfield, AR)",6X6-16 #2 SYP Treated,6x6,16,2,2025-08-18 00:00:00,808.653072916667,,,,no_series,,6x6 #2
West,"Hatfield Lumber Co (Hatfield, AR)",6X6-20 #2 SYP Treated,6x6,20,2,2025-01-08 00:00:00,1018.61723697917,,,,no_series,,6x6 #2
West,"Hatfield Lumber Co (Hatfield, AR)",6X6-20 #2 SYP Treated,6x6,20,2,2025-01-14 00:00:00,1032.39583333333,,,,no_series,,6x6 #2
West,"Hatfield Lumber Co (Hatfield, AR)",6X6-20 #2 SYP Treated,6x6,20,2,2025-02-03 00:00:00,1018.42999739583,,,,no_series,,6x6 #2
West,"Hatfield Lumber Co (Hatfield, AR)",6X6-20 #2 SYP Treated,6x6,20,2,2025-03-31 00:00:00,1008.86770833333,,,,no_series,,6x6 #2
West,"Hatfield Lumber Co (Hatfield, AR)",6X6-20 #2 SYP Treated,6x6,20,2,2025-05-01 00:00:00,1013.86774739583,,,,no_series,,6x6 #2
West,"Hatfield Lumber Co (Hatfield, AR)",6X6-20 #2 SYP Treated,6x6,20,2,2025-05-06 00:00:00,1179.21197916667,,,,no_series,,6x6 #2
West,"Hatfield Lumber Co (Hatfield, AR)",6X6-20 #2 SYP Treated,6x6,20,2,2025-05-15 00:00:00,1083.92239583333,,,,no_series,,6x6 #2
West,"Hatfield Lumber Co (Hatfield, AR)",6X6-20 #2 SYP Treated,6x6,20,2,2025-06-27 00:00:00,1058.35525520833,,,,no_series,,6x6 #2
West,"Hatfield Lumber Co (Hatfield, AR)",6X6-20 #2 SYP Treated,6x6,20,2,2025-07-29 00:00:00,1068.46814583333,,,,no_series,,6x6 #2
West,"Hatfield Lumber Co (Hatfield, AR)",6X6-20 #2 SYP Treated,6x6,20,2,2025-08-18 00:00:00,1078.653125,,,,no_series,,6x6 #2
West,"Hood Industries, Inc. (Bogalusa, LA)",2X4-20 #1 SYP KD-HT,2x4,20,1,2025-05-20 00:00:00,434.960650860903,2025-05-16,490.0,4.0,ok,-55.039349139097,2x4 #1
West,"Hood Industries, Inc. (Bogalusa, LA)",2X4-12 #2 SYP KD-HT,2x4,12,2,2025-02-05 00:00:00,335.0,2025-01-31,330.0,5.0,ok,5.0,2x4 #2
West,"Hood Industries, Inc. (Bogalusa, LA)",2X4-12 #2 SYP KD-HT,2x4,12,2,2025-04-11 00:00:00,433.928571428572,2025-04-11,410.0,0.0,ok,23.928571428572013,2x4 #2
West,"Hood Industries, Inc. (Bogalusa, LA)",2X4-12 #2 SYP KD-HT,2x4,12,2,2025-04-11 00:00:00,433.928571428572,2025-04-11,410.0,0.0,ok,23.928571428572013,2x4 #2
West,"Hood Industries, Inc. (Bogalusa, LA)",2X4-12 #2 SYP KD-HT,2x4,12,2,2025-07-01 00:00:00,310.714273265797,2025-06-27,285.0,4.0,ok,25.714273265796976,2x4 #2
West,"Hood Industries, Inc. (Bogalusa, LA)",2X4-12 #2 SYP KD-HT,2x4,12,2,2025-07-07 00:00:00,289.99998838141,2025-07-03,285.0,4.0,ok,4.999988381409992,2x4 #2
West,"Hood Industries, Inc. (Bogalusa, LA)",2X4-12 #2 SYP KD-HT,2x4,12,2,2025-08-11 00:00:00,277.0,2025-08-08,325.0,3.0,ok,-48.0,2x4 #2
West,"Hood Industries, Inc. (Bogalusa, LA)",2X4-12 #2 SYP KD-HT,2x4,12,2,2025-08-12 00:00:00,296.785714285714,2025-08-08,325.0,4.0,ok,-28.214285714286007,2x4 #2
West,"Hood Industries, Inc. (Bogalusa, LA)",2X4-14 #2 SYP KD-HT,2x4,14,2,2025-07-01 00:00:00,329.957587465121,2025-06-27,320.0,4.0,ok,9.95758746512098,2x4 #2
West,"Hood Industries, Inc. (Bogalusa, LA)",2X4-14 #2 SYP KD-HT,2x4,14,2,2025-07-07 00:00:00,330.0,2025-07-03,320.0,4.0,ok,10.0,2x4 #2
West,"Hood Industries, Inc. (Bogalusa, LA)",2X4-18 #2 SYP KD-HT,2x4,18,2,2025-04-15 00:00:00,410.00004451567,2025-04-11,415.0,4.0,ok,-4.999955484329973,2x4 #2
West,"Hood Industries, Inc. (Bogalusa, LA)",2X6-12 #1 SYP KD-HT,2x6,12,1,2025-07-10 00:00:00,340.0,2025-07-03,330.0,7.0,ok,10.0,2x6 #1
West,"Hood Industries, Inc. (Bogalusa, LA)",2X6-16 #1 SYP KD-HT,2x6,16,1,2025-07-10 00:00:00,340.0,2025-07-03,345.0,7.0,ok,-5.0,2x6 #1
West,"Hood Industries, Inc. (Bogalusa, LA)",2X6-20 #1 SYP KD-HT,2x6,20,1,2025-07-10 00:00:00,350.0,2025-07-03,305.0,7.0,ok,45.0,2x6 #1
West,"Hood Industries, Inc. (Bogalusa, LA)",2X6-10 #2 SYP KD-HT,2x6,10,2,2025-04-09 00:00:00,345.0,2025-04-04,355.0,5.0,ok,-10.0,2x6 #2
West,"Hood Industries, Inc. (Bogalusa, LA)",2X6-20 #2 SYP KD-HT,2x6,20,2,2025-04-09 00:00:00,330.000016927083,2025-04-04,355.0,5.0,ok,-24.99998307291702,2x6 #2
West,"Hood Industries, Inc. (Bogalusa, LA)",2X8-8 #2 SYP KD-HT,2x8,8,2,2025-02-27 00:00:00,320.0,2025-02-21,335.0,6.0,ok,-15.0,2x8 #2
West,"Hood Industries, Inc. (Bogalusa, LA)",2X8-8 #2 SYP KD-HT,2x8,8,2,2025-02-28 00:00:00,320.0,2025-02-28,335.0,0.0,ok,-15.0,2x8 #2
West,"Hood Industries, Inc. (Bogalusa, LA)",2X8-8 #2 SYP KD-HT,2x8,8,2,2025-04-03 00:00:00,325.000024414063,2025-03-28,335.0,6.0,ok,-9.999975585937023,2x8 #2
West,"Hood Industries, Inc. (Bogalusa, LA)",2X8-8 #2 SYP KD-HT,2x8,8,2,2025-05-23 00:00:00,292.499984130859,2025-05-23,325.0,0.0,ok,-32.50001586914101,2x8 #2
West,"Hood Industries, Inc. (Bogalusa, LA)",2X8-8 #2 SYP KD-HT,2x8,8,2,2025-07-07 00:00:00,285.0,2025-07-03,295.0,4.0,ok,-10.0,2x8 #2
West,"Hood Industries, Inc. (Bogalusa, LA)",2X8-10 #2 SYP KD-HT,2x8,10,2,2025-02-27 00:00:00,325.05078918581,2025-02-21,315.0,6.0,ok,10.050789185810004,2x8 #2
West,"Hood Industries, Inc. (Bogalusa, LA)",2X8-10 #2 SYP KD-HT,2x8,10,2,2025-02-28 00:00:00,325.0,2025-02-28,315.0,0.0,ok,10.0,2x8 #2
West,"Hood Industries, Inc. (Bogalusa, LA)",2X8-10 #2 SYP KD-HT,2x8,10,2,2025-03-17 00:00:00,325.05078918581,2025-03-14,315.0,3.0,ok,10.050789185810004,2x8 #2
West,"Hood Industries, Inc. (Bogalusa, LA)",2X8-10 #2 SYP KD-HT,2x8,10,2,2025-03-31 00:00:00,330.128956623681,2025-03-28,315.0,3.0,ok,15.128956623681006,2x8 #2
West,"Hood Industries, Inc. (Bogalusa, LA)",2X8-10 #2 SYP KD-HT,2x8,10,2,2025-04-03 00:00:00,330.0,2025-03-28,315.0,6.0,ok,15.0,2x8 #2
West,"Hood Industries, Inc. (Bogalusa, LA)",2X8-10 #2 SYP KD-HT,2x8,10,2,2025-05-23 00:00:00,295.0,2025-05-23,300.0,0.0,ok,-5.0,2x8 #2
West,"Hood Industries, Inc. (Bogalusa, LA)",2X8-10 #2 SYP KD-HT,2x8,10,2,2025-07-07 00:00:00,280.03646308113,2025-07-03,275.0,4.0,ok,5.036463081130023,2x8 #2
West,"Hood Industries, Inc. (Bogalusa, LA)",2X8-12 #2 SYP KD-HT,2x8,12,2,2025-02-27 00:00:00,325.0,2025-02-21,325.0,6.0,ok,0.0,2x8 #2
West,"Hood Industries, Inc. (Bogalusa, LA)",2X8-12 #2 SYP KD-HT,2x8,12,2,2025-02-27 00:00:00,325.0,2025-02-21,325.0,6.0,ok,0.0,2x8 #2
West,"Hood Industries, Inc. (Bogalusa, LA)",2X8-12 #2 SYP KD-HT,2x8,12,2,2025-02-28 00:00:00,325.000024414063,2025-02-28,325.0,0.0,ok,2.441406297748472e-05,2x8 #2
West,"Hood Industries, Inc. (Bogalusa, LA)",2X8-12 #2 SYP KD-HT,2x8,12,2,2025-03-31 00:00:00,330.0,2025-03-28,325.0,3.0,ok,5.0,2x8 #2
West,"Hood Industries, Inc. (Bogalusa, LA)",2X8-12 #2 SYP KD-HT,2x8,12,2,2025-04-03 00:00:00,330.0,2025-03-28,325.0,6.0,ok,5.0,2x8 #2
West,"Hood Industries, Inc. (Bogalusa, LA)",2X8-12 #2 SYP KD-HT,2x8,12,2,2025-07-07 00:00:00,289.999977213542,2025-07-03,290.0,4.0,ok,-2.278645797559875e-05,2x8 #2
West,"Hood Industries, Inc. (Bogalusa, LA)",2X8-12 #2 SYP KD-HT,2x8,12,2,2025-08-27 00:00:00,240.000012586806,2025-08-22,300.0,5.0,ok,-59.99998741319399,2x8 #2
West,"Hood Industries, Inc. (Bogalusa, LA)",2X8-16 #2 SYP KD-HT,2x8,16,2,2025-02-27 00:00:00,345.0,2025-02-21,365.0,6.0,ok,-20.0,2x8 #2
West,"Hood Industries, Inc. (Bogalusa, LA)",2X8-16 #2 SYP KD-HT,2x8,16,2,2025-09-01 00:00:00,235.010431926133,2025-08-29,320.0,3.0,ok,-84.98956807386699,2x8 #2
West,"Interfor US, Inc (Dequincy, LA)",2X4-12 #1 SYP KD-HT,2x4,12,1,2025-07-28 00:00:00,412.424450549451,2025-07-25,360.0,3.0,ok,52.424450549451024,2x4 #1
West,"Interfor US, Inc (Dequincy, LA)",2X4-16 #1 SYP KD-HT,2x4,16,1,2025-07-28 00:00:00,532.392085098711,2025-07-25,505.0,3.0,ok,27.39208509871105,2x4 #1
West,"LaSalle Lumber Company, LLC (Olla, LA)",2X4-10 #1 SYP KD-HT,2x4,10,1,2025-03-10 00:00:00,439.672952106223,2025-03-07,375.0,3.0,ok,64.67295210622302,2x4 #1
West,"LaSalle Lumber Company, LLC (Olla, LA)",2X4-12 #1 SYP KD-HT,2x4,12,1,2025-01-16 00:00:00,498.890368088942,2025-01-10,405.0,6.0,ok,93.89036808894201,2x4 #1
West,"LaSalle Lumber Company, LLC (Olla, LA)",2X4-12 #1 SYP KD-HT,2x4,12,1,2025-03-07 00:00:00,469.55314217033,2025-03-07,415.0,0.0,ok,54.55314217032998,2x4 #1
West,"LaSalle Lumber Company, LLC (Olla, LA)",2X4-14 #1 SYP KD-HT,2x4,14,1,2025-01-16 00:00:00,518.890426271732,2025-01-10,425.0,6.0,ok,93.89042627173205,2x4 #1
West,"LaSalle Lumber Company, LLC (Olla, LA)",2X4-16 #1 SYP KD-HT,2x4,16,1,2025-01-16 00:00:00,594.157971145176,2025-01-10,500.0,6.0,ok,94.15797114517602,2x4 #1
West,"LaSalle Lumber Company, LLC (Olla, LA)",2X4-18 #1 SYP KD-HT,2x4,18,1,2025-01-16 00:00:00,508.890357905983,2025-01-10,415.0,6.0,ok,93.89035790598302,2x4 #1
West,"LaSalle Lumber Company, LLC (Olla, LA)",2X4-18 #1 SYP KD-HT,2x4,18,1,2025-06-17 00:00:00,512.499402669271,2025-06-13,380.0,4.0,ok,132.49940266927103,2x4 #1
West,"LaSalle Lumber Company, LLC (Olla, LA)",2X4-18 #1 SYP KD-HT,2x4,18,1,2025-08-13 00:00:00,355.500040064103,2025-08-08,390.0,5.0,ok,-34.49995993589698,2x4 #1
West,"LaSalle Lumber Company, LLC (Olla, LA)",2X4-20 #1 SYP KD-HT,2x4,20,1,2025-02-12 00:00:00,544.884204832311,2025-02-07,430.0,5.0,ok,114.88420483231096,2x4 #1
West,"LaSalle Lumber Company, LLC (Olla, LA)",2X4-20 #1 SYP KD-HT,2x4,20,1,2025-04-17 00:00:00,565.005408816371,2025-04-11,475.0,6.0,ok,90.00540881637096,2x4 #1
West,"LaSalle Lumber Company, LLC (Olla, LA)",2X4-20 #1 SYP KD-HT,2x4,20,1,2025-06-17 00:00:00,450.540340164673,2025-06-13,400.0,4.0,ok,50.54034016467301,2x4 #1
West,"LaSalle Lumber Company, LLC (Olla, LA)",2X4-10 #2 SYP KD-HT,2x4,10,2,2024-12-23 00:00:00,330.004666355576,2024-12-20,305.0,3.0,ok,25.004666355575978,2x4 #2
West,"LaSalle Lumber Company, LLC (Olla, LA)",2X4-10 #2 SYP KD-HT,2x4,10,2,2024-12-23 00:00:00,330.004666355576,2024-12-20,305.0,3.0,ok,25.004666355575978,2x4 #2
West,"LaSalle Lumber Company, LLC (Olla, LA)",2X4-10 #2 SYP KD-HT,2x4,10,2,2025-01-14 00:00:00,330.004836041234,2025-01-10,340.0,4.0,ok,-9.995163958766,2x4 #2
West,"LaSalle Lumber Company, LLC (Olla, LA)",2X4-10 #2 Prime SYP KD-HT,2x4,10,2,2025-02-10 00:00:00,325.009189812907,2025-02-07,335.0,3.0,ok,-9.990810187093018,2x4 #2
West,"LaSalle Lumber Company, LLC (Olla, LA)",2X4-10 #2 SYP KD-HT,2x4,10,2,2025-02-15 00:00:00,324.995673136358,2025-02-14,345.0,1.0,ok,-20.004326863642007,2x4 #2
West,"LaSalle Lumber Company, LLC (Olla, LA)",2X4-10 #2 SYP KD-HT,2x4,10,2,2025-02-24 00:00:00,324.008901343443,2025-02-21,350.0,3.0,ok,-25.99109865655703,2x4 #2
West,"LaSalle Lumber Company, LLC (Olla, LA)",2X4-10 #2 SYP KD-HT,2x4,10,2,2025-02-26 00:00:00,324.995673136358,2025-02-21,350.0,5.0,ok,-25.004326863642007,2x4 #2
West,"LaSalle Lumber Company, LLC (Olla, LA)",2X4-10 #2 SYP KD-HT,2x4,10,2,2025-02-27 00:00:00,324.995673136358,2025-02-21,350.0,6.0,ok,-25.004326863642007,2x4 #2
West,"LaSalle Lumber Company, LLC (Olla, LA)",2X4-10 #2 Prime SYP KD-HT,2x4,10,2,2025-03-07 00:00:00,360.009849171681,2025-03-07,360.0,0.0,ok,0.009849171681025837,2x4 #2
West,"LaSalle Lumber Company, LLC (Olla, LA)",2X4-10 #2 Prime SYP KD-HT,2x4,10,2,2025-03-14 00:00:00,360.009849171681,2025-03-14,370.0,0.0,ok,-9.990150828318974,2x4 #2
West,"LaSalle Lumber Company, LLC (Olla, LA)",2X4-10 #2 Prime SYP KD-HT,2x4,10,2,2025-03-14 00:00:00,360.009849171681,2025-03-14,370.0,0.0,ok,-9.990150828318974,2x4 #2
West,"LaSalle Lumber Company, LLC (Olla, LA)",2X4-10 #2 Prime SYP KD-HT,2x4,10,2,2025-04-04 00:00:00,375.00509056972,2025-04-04,405.0,0.0,ok,-29.994909430280018,2x4 #2
West,"LaSalle Lumber Company, LLC (Olla, LA)",2X4-10 #2 Prime SYP KD-HT,2x4,10,2,2025-04-04 00:00:00,375.010261270914,2025-04-04,405.0,0.0,ok,-29.989738729086014,2x4 #2
West,"LaSalle Lumber Company, LLC (Olla, LA)",2X4-10 #2 Prime SYP KD-HT,2x4,10,2,2025-04-16 00:00:00,395.010714580071,2025-04-11,410.0,5.0,ok,-14.98928541992899,2x4 #2
West,"LaSalle Lumber Company, LLC (Olla, LA)",2X4-10 #2 Prime SYP KD-HT,2x4,10,2,2025-04-17 00:00:00,375.010467320531,2025-04-11,410.0,6.0,ok,-34.989532679468994,2x4 #2
West,"LaSalle Lumber Company, LLC (Olla, LA)",2X4-10 #2 Prime SYP KD-HT,2x4,10,2,2025-05-14 00:00:00,410.009927470535,2025-05-09,425.0,5.0,ok,-14.99007252946501,2x4 #2
West,"LaSalle Lumber Company, LLC (Olla, LA)",2X4-10 #2 Prime SYP KD-HT,2x4,10,2,2025-05-22 00:00:00,360.009890381604,2025-05-16,410.0,6.0,ok,-49.99010961839599,2x4 #2
West,"LaSalle Lumber Company, LLC (Olla, LA)",2X4-10 #2 Prime SYP KD-HT,2x4,10,2,2025-05-23 00:00:00,359.885642462705,2025-05-23,385.0,0.0,ok,-25.114357537295007,2x4 #2
West,"LaSalle Lumber Company, LLC (Olla, LA)",2X4-10 #2 Prime SYP KD-HT,2x4,10,2,2025-05-26 00:00:00,360.009890381604,2025-05-23,385.0,3.0,ok,-24.99010961839599,2x4 #2
West,"LaSalle Lumber Company, LLC (Olla, LA)",2X4-10 #2 Prime SYP KD-HT,2x4,10,2,2025-05-28 00:00:00,360.009890381604,2025-05-23,385.0,5.0,ok,-24.99010961839599,2x4 #2
West,"LaSalle Lumber Company, LLC (Olla, LA)",2X4-10 #2 Prime SYP KD-HT,2x4,10,2,2025-06-13 00:00:00,262.29294650952,2025-06-13,320.0,0.0,ok,-57.70705349048001,2x4 #2
West,"LaSalle Lumber Company, LLC (Olla, LA)",2X4-10 #2 Prime SYP KD-HT,2x4,10,2,2025-06-13 00:00:00,262.29294650952,2025-06-13,320.0,0.0,ok,-57.70705349048001,2x4 #2
West,"LaSalle Lumber Company, LLC (Olla, LA)",2X4-10 #2 Prime SYP KD-HT,2x4,10,2,2025-06-23 00:00:00,270.004242141433,2025-06-19,300.0,4.0,ok,-29.995757858567003,2x4 #2
West,"LaSalle Lumber Company, LLC (Olla, LA)",2X4-10 #2 Prime SYP KD-HT,2x4,10,2,2025-06-23 00:00:00,270.00441182709,2025-06-19,300.0,4.0,ok,-29.995588172910004,2x4 #2
West,"LaSalle Lumber Company, LLC (Olla, LA)",2X4-10 #2 Prime SYP KD-HT,2x4,10,2,2025-06-24 00:00:00,270.004242141433,2025-06-19,300.0,5.0,ok,-29.995757858567003,2x4 #2
West,"LaSalle Lumber Company, LLC (Olla, LA)",2X4-10 #2 Prime SYP KD-HT,2x4,10,2,2025-06-27 00:00:00,270.004242141433,2025-06-27,285.0,0.0,ok,-14.995757858567003,2x4 #2
West,"LaSalle Lumber Company, LLC (Olla, LA)",2X4-10 #2 SYP KD-HT,2x4,10,2,2025-07-16 00:00:00,265.00337971408,2025-07-11,300.0,5.0,ok,-34.99662028592002,2x4 #2
West,"LaSalle Lumber Company, LLC (Olla, LA)",2X4-12 #2 SYP KD-HT,2x4,12,2,2025-01-13 00:00:00,330.0,2025-01-10,335.0,3.0,ok,-5.0,2x4 #2
West,"LaSalle Lumber Company, LLC (Olla, LA)",2X4-12 #2 SYP KD-HT,2x4,12,2,2025-01-16 00:00:00,330.0,2025-01-10,335.0,6.0,ok,-5.0,2x4 #2
West,"LaSalle Lumber Company, LLC (Olla, LA)",2X4-12 #2 Prime SYP KD-HT,2x4,12,2,2025-02-27 00:00:00,355.0,2025-02-21,355.0,6.0,ok,0.0,2x4 #2
West,"LaSalle Lumber Company, LLC (Olla, LA)",2X4-12 #2 Prime SYP KD-HT,2x4,12,2,2025-03-12 00:00:00,360.0,2025-03-07,365.0,5.0,ok,-5.0,2x4 #2
West,"LaSalle Lumber Company, LLC (Olla, LA)",2X4-12 #2 Prime SYP KD-HT,2x4,12,2,2025-03-13 00:00:00,360.0,2025-03-07,365.0,6.0,ok,-5.0,2x4 #2
West,"LaSalle Lumber Company, LLC (Olla, LA)",2X4-12 #2 Prime SYP KD-HT,2x4,12,2,2025-03-13 00:00:00,360.0,2025-03-07,365.0,6.0,ok,-5.0,2x4 #2
West,"LaSalle Lumber Company, LLC (Olla, LA)",2X4-12 #2 Prime SYP KD-HT,2x4,12,2,2025-04-04 00:00:00,398.75,2025-04-04,405.0,0.0,ok,-6.25,2x4 #2
West,"LaSalle Lumber Company, LLC (Olla, LA)",2X4-12 #2 Prime SYP KD-HT,2x4,12,2,2025-04-07 00:00:00,398.75,2025-04-04,405.0,3.0,ok,-6.25,2x4 #2
West,"LaSalle Lumber Company, LLC (Olla, LA)",2X4-12 #2 Prime SYP KD-HT,2x4,12,2,2025-04-07 00:00:00,385.0,2025-04-04,405.0,3.0,ok,-20.0,2x4 #2
West,"LaSalle Lumber Company, LLC (Olla, LA)",2X4-12 #2 Prime SYP KD-HT,2x4,12,2,2025-04-11 00:00:00,398.75,2025-04-11,410.0,0.0,ok,-11.25,2x4 #2
West,"LaSalle Lumber Company, LLC (Olla, LA)",2X4-12 #2 Prime SYP KD-HT,2x4,12,2,2025-04-11 00:00:00,394.999958554377,2025-04-11,410.0,0.0,ok,-15.000041445623026,2x4 #2
West,"LaSalle Lumber Company, LLC (Olla, LA)",2X4-12 #2 Prime SYP KD-HT,2x4,12,2,2025-04-11 00:00:00,394.999958554377,2025-04-11,410.0,0.0,ok,-15.000041445623026,2x4 #2
West,"LaSalle Lumber Company, LLC (Olla, LA)",2X4-12 #2 Prime SYP KD-HT,2x4,12,2,2025-04-17 00:00:00,394.999958554377,2025-04-11,410.0,6.0,ok,-15.000041445623026,2x4 #2
West,"LaSalle Lumber Company, LLC (Olla, LA)",2X4-12 #2 Prime SYP KD-HT,2x4,12,2,2025-04-18 00:00:00,394.999958554377,2025-04-18,425.0,0.0,ok,-30.000041445623026,2x4 #2
West,"LaSalle Lumber Company, LLC (Olla, LA)",2X4-12 #2 Prime SYP KD-HT,2x4,12,2,2025-04-21 00:00:00,398.75,2025-04-18,425.0,3.0,ok,-26.25,2x4 #2
West,"LaSalle Lumber Company, LLC (Olla, LA)",2X4-12 #2 Prime SYP KD-HT,2x4,12,2,2025-04-25 00:00:00,394.999958554377,2025-04-25,430.0,0.0,ok,-35.000041445623026,2x4 #2
West,"LaSalle Lumber Company, LLC (Olla, LA)",2X4-12 #2 Prime SYP KD-HT,2x4,12,2,2025-04-25 00:00:00,394.999958554377,2025-04-25,430.0,0.0,ok,-35.000041445623026,2x4 #2
West,"LaSalle Lumber Company, LLC (Olla, LA)",2X4-12 #2 Prime SYP KD-HT,2x4,12,2,2025-04-25 00:00:00,394.999958554377,2025-04-25,430.0,0.0,ok,-35.000041445623026,2x4 #2
West,"LaSalle Lumber Company, LLC (Olla, LA)",2X4-12 #2 Prime SYP KD-HT,2x4,12,2,2025-05-09 00:00:00,404.999978862732,2025-05-09,425.0,0.0,ok,-20.000021137267993,2x4 #2
West,"LaSalle Lumber Company, LLC (Olla, LA)",2X4-12 #2 Prime SYP KD-HT,2x4,12,2,2025-05-15 00:00:00,404.999978862732,2025-05-09,425.0,6.0,ok,-20.000021137267993,2x4 #2
West,"LaSalle Lumber Company, LLC (Olla, LA)",2X4-12 #2 Prime SYP KD-HT,2x4,12,2,2025-05-15 00:00:00,404.999978862732,2025-05-09,425.0,6.0,ok,-20.000021137267993,2x4 #2
West,"LaSalle Lumber Company, LLC (Olla, LA)",2X4-12 #2 SYP KD-HT,2x4,12,2,2025-05-15 00:00:00,380.000042925824,2025-05-09,425.0,6.0,ok,-44.999957074175995,2x4 #2
West,"LaSalle Lumber Company, LLC (Olla, LA)",2X4-12 #2 Prime SYP KD-HT,2x4,12,2,2025-05-15 00:00:00,404.999978862732,2025-05-09,425.0,6.0,ok,-20.000021137267993,2x4 #2
West,"LaSalle Lumber Company, LLC (Olla, LA)",2X4-12 #2 Prime SYP KD-HT,2x4,12,2,2025-05-23 00:00:00,404.999978862732,2025-05-23,380.0,0.0,ok,24.999978862732007,2x4 #2
West,"LaSalle Lumber Company, LLC (Olla, LA)",2X4-12 #2 Prime SYP KD-HT,2x4,12,2,2025-05-28 00:00:00,404.999978862732,2025-05-23,380.0,5.0,ok,24.999978862732007,2x4 #2
West,"LaSalle Lumber Company, LLC (Olla, LA)",2X4-12 #2 Prime SYP KD-HT,2x4,12,2,2025-05-28 00:00:00,404.999978862732,2025-05-23,380.0,5.0,ok,24.999978862732007,2x4 #2
West,"LaSalle Lumber Company, LLC (Olla, LA)",2X4-12 #2 SYP KD-HT,2x4,12,2,2025-05-29 00:00:00,380.000042925824,2025-05-23,380.0,6.0,ok,4.2925824004669266e-05,2x4 #2
West,"LaSalle Lumber Company, LLC (Olla, LA)",2X4-12 #2 SYP KD-HT,2x4,12,2,2025-06-06 00:00:00,325.0,2025-06-06,335.0,0.0,ok,-10.0,2x4 #2
West,"LaSalle Lumber Company, LLC (Olla, LA)",2X4-12 #2 SYP KD-HT,2x4,12,2,2025-06-06 00:00:00,325.0,2025-06-06,335.0,0.0,ok,-10.0,2x4 #2
West,"LaSalle Lumber Company, LLC (Olla, LA)",2X4-12 #2 SYP KD-HT,2x4,12,2,2025-06-13 00:00:00,325.0,2025-06-13,315.0,0.0,ok,10.0,2x4 #2
West,"LaSalle Lumber Company, LLC (Olla, LA)",2X4-12 #2 SYP KD-HT,2x4,12,2,2025-06-13 00:00:00,325.0,2025-06-13,315.0,0.0,ok,10.0,2x4 #2
West,"LaSalle Lumber Company, LLC (Olla, LA)",2X4-12 #2 Prime SYP KD-HT,2x4,12,2,2025-07-12 00:00:00,280.0,2025-07-11,300.0,1.0,ok,-20.0,2x4 #2
West,"LaSalle Lumber Company, LLC (Olla, LA)",2X4-12 #2 Prime SYP KD-HT,2x4,12,2,2025-07-17 00:00:00,280.0,2025-07-11,300.0,6.0,ok,-20.0,2x4 #2
West,"LaSalle Lumber Company, LLC (Olla, LA)",2X4-12 #2 SYP KD-HT,2x4,12,2,2025-07-17 00:00:00,280.0,2025-07-11,300.0,6.0,ok,-20.0,2x4 #2
West,"LaSalle Lumber Company, LLC (Olla, LA)",2X4-12 #2 SYP KD-HT,2x4,12,2,2025-07-17 00:00:00,280.0,2025-07-11,300.0,6.0,ok,-20.0,2x4 #2
West,"LaSalle Lumber Company, LLC (Olla, LA)",2X4-16 #2 SYP KD-HT,2x4,16,2,2025-01-17 00:00:00,435.007604998976,2025-01-17,435.0,0.0,ok,0.007604998975978106,2x4 #2
West,"LaSalle Lumber Company, LLC (Olla, LA)",2X4-16 #2 SYP KD-HT,2x4,16,2,2025-03-05 00:00:00,420.005757017005,2025-02-28,420.0,5.0,ok,0.005757017005009857,2x4 #2
West,"LaSalle Lumber Company, LLC (Olla, LA)",2X4-16 #2 SYP KD-HT,2x4,16,2,2025-05-01 00:00:00,537.957820118828,2025-04-25,505.0,6.0,ok,32.957820118827954,2x4 #2
West,"LaSalle Lumber Company, LLC (Olla, LA)",2X4-18 #2 Prime SYP KD-HT,2x4,18,2,2025-03-12 06:00:00,354.99995782726,2025-03-07,360.0,5.0,ok,-5.000042172739995,2x4 #2
West,"LaSalle Lumber Company, LLC (Olla, LA)",2X4-18 #2 Prime SYP KD-HT,2x4,18,2,2025-04-10 00:00:00,395.0,2025-04-04,405.0,6.0,ok,-10.0,2x4 #2
West,"LaSalle Lumber Company, LLC (Olla, LA)",2X4-18 #2 Prime SYP KD-HT,2x4,18,2,2025-04-10 00:00:00,395.0,2025-04-04,405.0,6.0,ok,-10.0,2x4 #2
West,"LaSalle Lumber Company, LLC (Olla, LA)",2X4-18 #2 Prime SYP KD-HT,2x4,18,2,2025-07-03 00:00:00,300.0,2025-07-03,315.0,0.0,ok,-15.0,2x4 #2
West,"LaSalle Lumber Company, LLC (Olla, LA)",2X4-18 #2 Prime SYP KD-HT,2x4,18,2,2025-07-03 00:00:00,300.0,2025-07-03,315.0,0.0,ok,-15.0,2x4 #2
West,"LaSalle Lumber Company, LLC (Olla, LA)",2X4-20 #2 Prime SYP KD-HT,2x4,20,2,2025-07-03 00:00:00,355.004708776991,2025-07-03,325.0,0.0,ok,30.00470877699098,2x4 #2
West,"LaSalle Lumber Company, LLC (Olla, LA)",2X4-20 #2 Prime SYP KD-HT,2x4,20,2,2025-07-16 00:00:00,315.004242141433,2025-07-11,330.0,5.0,ok,-14.995757858567003,2x4 #2
West,"LaSalle Lumber Company, LLC (Olla, LA)",2X4-20 #2 Prime SYP KD-HT,2x4,20,2,2025-07-16 00:00:00,297.51171921952,2025-07-11,330.0,5.0,ok,-32.48828078048001,2x4 #2
West,"LaSalle Lumber Company, LLC (Olla, LA)",2X6-10 #1 SYP KD-HT,2x6,10,1,2025-07-01 00:00:00,380.65971875,2025-06-27,270.0,4.0,ok,110.65971875000002,2x6 #1
West,"LaSalle Lumber Company, LLC (Olla, LA)",2X6-12 #1 SYP KD-HT,2x6,12,1,2025-07-01 00:00:00,430.659722222222,2025-06-27,320.0,4.0,ok,110.659722222222,2x6 #1
West,"LaSalle Lumber Company, LLC (Olla, LA)",2X6-14 #1 SYP KD-HT,2x6,14,1,2025-05-21 00:00:00,301.999914148352,2025-05-16,375.0,5.0,ok,-73.00008585164801,2x6 #1
West,"LaSalle Lumber Company, LLC (Olla, LA)",2X6-14 #1 SYP KD-HT,2x6,14,1,2025-05-21 00:00:00,301.999914148352,2025-05-16,375.0,5.0,ok,-73.00008585164801,2x6 #1
West,"LaSalle Lumber Company, LLC (Olla, LA)",2X6-14 #1 SYP KD-HT,2x6,14,1,2025-05-21 00:00:00,301.999914148352,2025-05-16,375.0,5.0,ok,-73.00008585164801,2x6 #1
West,"LaSalle Lumber Company, LLC (Olla, LA)",2X6-14 #1 SYP KD-HT,2x6,14,1,2025-07-01 00:00:00,425.659737723214,2025-06-27,315.0,4.0,ok,110.659737723214,2x6 #1
West,"LaSalle Lumber Company, LLC (Olla, LA)",2X6-16 #1 SYP KD-HT,2x6,16,1,2025-07-01 00:00:00,445.659711914063,2025-06-27,335.0,4.0,ok,110.659711914063,2x6 #1
West,"LaSalle Lumber Company, LLC (Olla, LA)",2X6-20 #1 SYP KD-HT,2x6,20,1,2025-02-12 00:00:00,524.818725260417,2025-02-07,415.0,5.0,ok,109.81872526041695,2x6 #1
West,"LaSalle Lumber Company, LLC (Olla, LA)",2X6-8 #2 SYP KD-HT,2x6,8,2,2025-05-21 00:00:00,250.0,2025-05-16,320.0,5.0,ok,-70.0,2x6 #2
West,"LaSalle Lumber Company, LLC (Olla, LA)",2X6-8 #2 SYP KD-HT,2x6,8,2,2025-06-10 00:00:00,250.0,2025-06-06,245.0,4.0,ok,5.0,2x6 #2
West,"LaSalle Lumber Company, LLC (Olla, LA)",2X6-10 #2 SYP KD-HT,2x6,10,2,2025-05-28 00:00:00,250.0,2025-05-23,295.0,5.0,ok,-45.0,2x6 #2
West,"LaSalle Lumber Company, LLC (Olla, LA)",2X6-10 #2 SYP KD-HT,2x6,10,2,2025-06-04 00:00:00,250.0,2025-05-30,270.0,5.0,ok,-20.0,2x6 #2
West,"LaSalle Lumber Company, LLC (Olla, LA)",2X6-20 #2 Prime SYP KD-HT S4S,2x6,20,2,2025-04-15 00:00:00,407.944078947368,2025-04-11,355.0,4.0,ok,52.944078947367984,2x6 #2
West,"LaSalle Lumber Company, LLC (Olla, LA)",2X8-16 #1 SYP KD-HT,2x8,16,1,2025-05-21 00:00:00,325.052417385642,2025-05-16,395.0,5.0,ok,-69.947582614358,2x8 #1
West,"LaSalle Lumber Company, LLC (Olla, LA)",2X8-8 #2 Prime SYP KD-HT,2x8,8,2,2025-05-07 00:00:00,335.0,2025-05-02,355.0,5.0,ok,-20.0,2x8 #2
West,"LaSalle Lumber Company, LLC (Olla, LA)",2X8-8 #2 SYP KD-HT,2x8,8,2,2025-05-07 00:00:00,335.0,2025-05-02,355.0,5.0,ok,-20.0,2x8 #2
West,"LaSalle Lumber Company, LLC (Olla, LA)",2X8-12 #2 SYP KD-HT,2x8,12,2,2025-03-03 00:00:00,330.000016927083,2025-02-28,325.0,3.0,ok,5.0000169270829815,2x8 #2
West,"LaSalle Lumber Company, LLC (Olla, LA)",2X8-12 #2 Prime SYP KD-HT,2x8,12,2,2025-05-07 00:00:00,335.0,2025-05-02,350.0,5.0,ok,-15.0,2x8 #2
West,"LaSalle Lumber Company, LLC (Olla, LA)",2X8-16 #2 Prime SYP KD-HT,2x8,16,2,2025-05-21 00:00:00,325.018211064514,2025-05-16,380.0,5.0,ok,-54.98178893548601,2x8 #2
West,"Martco Limited Partnership - Plywood Div (Chopin, LA)",6X6-8 #2 SYP KD-HT S4S,6x6,8,2,2025-07-23 00:00:00,380.000016818576,,,,no_series,,6x6 #2
West,"Martco Limited Partnership - Plywood Div (Chopin, LA)",6X6-8 #2 SYP KD-HT S4S,6x6,8,2,2025-07-23 00:00:00,380.000016818576,,,,no_series,,6x6 #2
West,"Martco Limited Partnership - Plywood Div (Chopin, LA)",6X6-8 #2 SYP KD-HT S4S,6x6,8,2,2025-07-23 00:00:00,380.000016818576,,,,no_series,,6x6 #2
West,"Pinecrest Lbr / Green Bay Packaging (Plumerville, AR)",2X4-8 #2 SYP KD-HT,2x4,8,2,2025-06-30 00:00:00,309.323715058611,2025-06-27,380.0,3.0,ok,-70.67628494138899,2x4 #2
West,"Pinecrest Lbr / Green Bay Packaging (Plumerville, AR)",2X4-8 #2 SYP KD-HT,2x4,8,2,2025-06-30 00:00:00,309.323715058611,2025-06-27,380.0,3.0,ok,-70.67628494138899,2x4 #2
West,"Pinecrest Lbr / Green Bay Packaging (Plumerville, AR)",2X4-10 #2 SYP KD-HT,2x4,10,2,2025-06-30 00:00:00,309.267928236567,2025-06-27,285.0,3.0,ok,24.267928236567002,2x4 #2
West,"Pinecrest Lbr / Green Bay Packaging (Plumerville, AR)",2X4-10 #2 SYP KD-HT,2x4,10,2,2025-06-30 00:00:00,309.267928236567,2025-06-27,285.0,3.0,ok,24.267928236567002,2x4 #2
West,"Pinecrest Lbr / Green Bay Packaging (Plumerville, AR)",2X4-12 #2 SYP KD-HT,2x4,12,2,2025-06-30 00:00:00,309.230787259615,2025-06-27,285.0,3.0,ok,24.230787259615,2x4 #2
West,"Pinecrest Lbr / Green Bay Packaging (Plumerville, AR)",2X4-12 #2 SYP KD-HT,2x4,12,2,2025-06-30 00:00:00,309.230787259615,2025-06-27,285.0,3.0,ok,24.230787259615,2x4 #2
West,"Pinecrest Lbr / Green Bay Packaging (Plumerville, AR)",2X4-14 #2 SYP KD-HT,2x4,14,2,2025-06-30 00:00:00,208.843277091668,2025-06-27,320.0,3.0,ok,-111.156722908332,2x4 #2
West,"Pinecrest Lbr / Green Bay Packaging (Plumerville, AR)",2X4-14 #2 SYP KD-HT,2x4,14,2,2025-06-30 00:00:00,208.843277091668,2025-06-27,320.0,3.0,ok,-111.156722908332,2x4 #2
West,"Pinecrest Lbr / Green Bay Packaging (Plumerville, AR)",2X4-16 #2 SYP KD-HT,2x4,16,2,2025-06-30 00:00:00,309.254000450755,2025-06-27,425.0,3.0,ok,-115.74599954924503,2x4 #2
West,"Pinecrest Lbr / Green Bay Packaging (Plumerville, AR)",2X4-16 #2 SYP KD-HT,2x4,16,2,2025-06-30 00:00:00,309.254000450755,2025-06-27,425.0,3.0,ok,-115.74599954924503,2x4 #2
West,"Pinecrest Lbr / Green Bay Packaging (Plumerville, AR)",4X4-8 #2 SYP,4x4,8,2,2025-03-05 00:00:00,540.0,,,,no_series,,4x4 #2
West,"Pinecrest Lbr / Green Bay Packaging (Plumerville, AR)",4X4-8 #2 SYP,4x4,8,2,2025-07-17 00:00:00,390.0,,,,no_series,,4x4 #2
West,"Pinecrest Lbr / Green Bay Packaging (Plumerville, AR)",4X4-12 #2 SYP KD-HT,4x4,12,2,2025-04-17 00:00:00,524.999958147321,,,,no_series,,4x4 #2
West,"Pinecrest Lbr / Green Bay Packaging (Plumerville, AR)",4X4-12 #2 SYP KD-HT,4x4,12,2,2025-07-17 00:00:00,350.0,,,,no_series,,4x4 #2
West,"Pinecrest Lbr / Green Bay Packaging (Plumerville, AR)",4X4-12 #2 SYP KD-HT,4x4,12,2,2025-08-04 00:00:00,350.0,,,,no_series,,4x4 #2
West,"Pinecrest Lbr / Green Bay Packaging (Plumerville, AR)",4X4-14 #2 SYP KD-HT,4x4,14,2,2025-08-04 06:00:00,315.714285714286,,,,no_series,,4x4 #2
West,"Pinecrest Lbr / Green Bay Packaging (Plumerville, AR)",4X4-16 #2 SYP KD-HT,4x4,16,2,2025-06-10 00:00:00,475.022089940938,,,,no_series,,4x4 #2
West,"Pinecrest Lbr / Green Bay Packaging (Plumerville, AR)",4X4-16 #2 SYP KD-HT,4x4,16,2,2025-07-17 00:00:00,415.046322134167,,,,no_series,,4x4 #2
West,"Pinecrest Lbr / Green Bay Packaging (Plumerville, AR)",4X6-8 #2 SYP KD-HT,4x6,8,2,2025-02-25 00:00:00,530.0,,,,no_series,,4x6 #2
West,"Pinecrest Lbr / Green Bay Packaging (Plumerville, AR)",4X6-8 #2 SYP KD-HT,4x6,8,2,2025-04-08 00:00:00,534.999967447917,,,,no_series,,4x6 #2
West,"Pinecrest Lbr / Green Bay Packaging (Plumerville, AR)",4X6-8 #2 SYP KD-HT,4x6,8,2,2025-04-08 00:00:00,535.0,,,,no_series,,4x6 #2
West,"Pinecrest Lbr / Green Bay Packaging (Plumerville, AR)",4X6-8 #2 SYP KD-HT,4x6,8,2,2025-04-08 00:00:00,534.999967447917,,,,no_series,,4x6 #2
West,"Pinecrest Lbr / Green Bay Packaging (Plumerville, AR)",4X6-8 #2 SYP KD-HT,4x6,8,2,2025-05-01 00:00:00,524.999962797619,,,,no_series,,4x6 #2
West,"Pinecrest Lbr / Green Bay Packaging (Plumerville, AR)",4X6-8 #2 SYP KD-HT,4x6,8,2,2025-05-01 00:00:00,525.0,,,,no_series,,4x6 #2
West,"Pinecrest Lbr / Green Bay Packaging (Plumerville, AR)",4X6-8 #2 SYP KD-HT,4x6,8,2,2025-09-02 00:00:00,470.0,,,,no_series,,4x6 #2
West,"Pinecrest Lbr / Green Bay Packaging (Plumerville, AR)",4X6-10 #2 SYP HT,4x6,10,2,2025-03-03 00:00:00,520.0,,,,no_series,,4x6 #2
West,"Pinecrest Lbr / Green Bay Packaging (Plumerville, AR)",4X6-10 #2 SYP HT,4x6,10,2,2025-04-08 00:00:00,500.0,,,,no_series,,4x6 #2
West,"Pinecrest Lbr / Green Bay Packaging (Plumerville, AR)",4X6-10 #2 SYP HT,4x6,10,2,2025-04-08 00:00:00,500.0,,,,no_series,,4x6 #2
West,"Pinecrest Lbr / Green Bay Packaging (Plumerville, AR)",4X6-10 #2 SYP HT,4x6,10,2,2025-05-05 00:00:00,475.0,,,,no_series,,4x6 #2
West,"Pinecrest Lbr / Green Bay Packaging (Plumerville, AR)",4X6-10 #2 SYP HT,4x6,10,2,2025-05-05 00:00:00,475.0,,,,no_series,,4x6 #2
West,"Pinecrest Lbr / Green Bay Packaging (Plumerville, AR)",4X6-10 #2 SYP HT,4x6,10,2,2025-05-29 00:00:00,435.0,,,,no_series,,4x6 #2
West,"Pinecrest Lbr / Green Bay Packaging (Plumerville, AR)",4X6-10 #2 SYP HT,4x6,10,2,2025-08-18 00:00:00,470.0,,,,no_series,,4x6 #2
West,"Pinecrest Lbr / Green Bay Packaging (Plumerville, AR)",4X6-10 #2 SYP HT,4x6,10,2,2025-09-02 00:00:00,470.0,,,,no_series,,4x6 #2
West,"Pinecrest Lbr / Green Bay Packaging (Plumerville, AR)",4X6-12 #2 SYP KD-HT,4x6,12,2,2025-04-08 00:00:00,560.0,,,,no_series,,4x6 #2
West,"Pinecrest Lbr / Green Bay Packaging (Plumerville, AR)",4X6-14 #2 SYP,4x6,14,2,2025-02-25 00:00:00,475.0,,,,no_series,,4x6 #2
West,"Pinecrest Lbr / Green Bay Packaging (Plumerville, AR)",4X6-14 #2 SYP,4x6,14,2,2025-03-18 00:00:00,495.0,,,,no_series,,4x6 #2
West,"Pinecrest Lbr / Green Bay Packaging (Plumerville, AR)",4X6-14 #2 SYP,4x6,14,2,2025-04-08 00:00:00,495.0,,,,no_series,,4x6 #2
West,"Pinecrest Lbr / Green Bay Packaging (Plumerville, AR)",4X6-16 #2 SYP,4x6,16,2,2025-04-08 00:00:00,514.999958147321,,,,no_series,,4x6 #2
West,"Pinecrest Lbr / Green Bay Packaging (Plumerville, AR)",4X6-16 #2 SYP,4x6,16,2,2025-04-08 00:00:00,514.999958147321,,,,no_series,,4x6 #2
West,"Pinecrest Lbr / Green Bay Packaging (Plumerville, AR)",4X6-16 #2 SYP,4x6,16,2,2025-04-08 00:00:00,514.999962797619,,,,no_series,,4x6 #2
West,"Pinecrest Lbr / Green Bay Packaging (Plumerville, AR)",4X6-16 #2 SYP,4x6,16,2,2025-08-25 00:00:00,444.583333333333,,,,no_series,,4x6 #2
West,"Potlatch Land & Lumber, LLC (Waldo, AR)",2X10-12 #2 SYP KD-HT,2x10,12,2,2025-01-28 00:00:00,266.0,2025-01-24,285.0,4.0,ok,-19.0,2x10 #2
West,"Potlatch Land & Lumber, LLC (Waldo, AR)",2X10-14 #2 SYP KD-HT,2x10,14,2,2025-06-16 00:00:00,350.093892311814,2025-06-13,340.0,3.0,ok,10.093892311813988,2x10 #2
West,"Potlatch Land & Lumber, LLC (Waldo, AR)",2X10-16 #2 SYP KD-HT,2x10,16,2,2025-06-16 00:00:00,349.952990022099,2025-06-13,350.0,3.0,ok,-0.04700997790098427,2x10 #2
West,"Potlatch Land & Lumber, LLC (Waldo, AR)",2X6-14 #1 SYP KD-HT,2x6,14,1,2025-06-12 00:00:00,417.209864354396,2025-06-06,300.0,6.0,ok,117.20986435439602,2x6 #1
West,"Potlatch Land & Lumber, LLC (Waldo, AR)",2X8-10 #2 SYP KD-HT,2x8,10,2,2025-03-14 00:00:00,325.01410651504,2025-03-14,315.0,0.0,ok,10.014106515039998,2x8 #2
West,"Potlatch Land & Lumber, LLC (Warren, AR)",2X10-14 #2 SYP KD-HT,2x10,14,2,2025-07-29 00:00:00,314.236783338542,2025-07-25,290.0,4.0,ok,24.23678333854201,2x10 #2
West,"Potlatch Land & Lumber, LLC (Warren, AR)",2X10-14 #2 SYP KD-HT,2x10,14,2,2025-07-29 00:00:00,405.62681369704,2025-07-25,290.0,4.0,ok,115.62681369704,2x10 #2
West,"Potlatch Land & Lumber, LLC (Warren, AR)",2X4-18 #2 SYP KD-HT,2x4,18,2,2025-01-08 00:00:00,349.999987980769,2025-01-03,330.0,5.0,ok,19.999987980768992,2x4 #2
West,"Potlatch Land & Lumber, LLC (Warren, AR)",2X4-20 #2 SYP KD-HT,2x4,20,2,2025-03-10 00:00:00,414.962724240512,2025-03-07,390.0,3.0,ok,24.96272424051199,2x4 #2
West,"Potlatch Land & Lumber, LLC (Warren, AR)",2X4-20 #2 SYP KD-HT,2x4,20,2,2025-03-10 00:00:00,414.962634093572,2025-03-07,390.0,3.0,ok,24.962634093571978,2x4 #2
West,"Resolute FP US, Inc (Glenwood, AR)",2X10-14 #2 SYP KD-HT,2x10,14,2,2025-08-11 00:00:00,407.553908656636,2025-08-08,290.0,3.0,ok,117.553908656636,2x10 #2
West,"Snider Industries, LLP (Marshall, TX)",1X4-14 #2 SYP KD-HT S4S,1x4,14,2,2025-02-13 00:00:00,621.428571428571,,,,no_series,,1x4 #2
West,"Snider Industries, LLP (Marshall, TX)",1X4-14 #2 SYP KD-HT S4S,1x4,14,2,2025-05-27 00:00:00,620.0,,,,no_series,,1x4 #2
West,"Snider Industries, LLP (Marshall, TX)",1X4-14 #2 SYP KD-HT S4S,1x4,14,2,2025-08-25 00:00:00,616.071428571429,,,,no_series,,1x4 #2
West,"West Fraser Mills Ltd (Joyce, LA)",2X8-8 #2 SYP KD-HT,2x8,8,2,2025-04-08 00:00:00,330.000012313179,2025-04-04,335.0,4.0,ok,-4.999987686820987,2x8 #2
West,"West Fraser Mills Ltd (Joyce, LA)",2X8-10 #2 SYP KD-HT,2x8,10,2,2025-04-02 00:00:00,325.01410651504,2025-03-28,315.0,5.0,ok,10.014106515039998,2x8 #2
West,"West Fraser Mills Ltd (Joyce, LA)",2X8-10 #2 SYP KD-HT,2x8,10,2,2025-04-02 00:00:00,325.01410651504,2025-03-28,315.0,5.0,ok,10.014106515039998,2x8 #2
West,"West Fraser Mills Ltd (Joyce, LA)",2X8-10 #2 SYP KD-HT,2x8,10,2,2025-05-23 00:00:00,311.013498849776,2025-05-23,300.0,0.0,ok,11.013498849776,2x8 #2
West,"West Fraser Mills Ltd (Joyce, LA)",2X8-10 #2 SYP KD-HT,2x8,10,2,2025-05-23 00:00:00,311.013498849776,2025-05-23,300.0,0.0,ok,11.013498849776,2x8 #2
West,"West Fraser Mills Ltd (Joyce, LA)",2X8-12 #2 SYP KD-HT,2x8,12,2,2025-04-02 00:00:00,335.0,2025-03-28,325.0,5.0,ok,10.0,2x8 #2
West,"West Fraser Mills Ltd (New Boston, TX)",2X10-18 #1 SYP KD-HT,2x10,18,1,2025-01-31 00:00:00,274.5,2025-01-31,290.0,0.0,ok,-15.5,2x10 #1
West,"West Fraser Mills Ltd (New Boston, TX)",2X10-18 #1 SYP KD-HT,2x10,18,1,2025-09-02 00:00:00,300.0,2025-08-29,300.0,4.0,ok,0.0,2x10 #1
West,"West Fraser Mills Ltd (New Boston, TX)",2X8-8 #2 SYP KD-HT,2x8,8,2,2025-07-03 00:00:00,310.000016867898,2025-07-03,295.0,0.0,ok,15.000016867898012,2x8 #2
West,"West Fraser Mills Ltd (New Boston, TX)",2X8-10 #2 SYP KD-HT,2x8,10,2,2025-07-03 00:00:00,290.02517579651,2025-07-03,275.0,0.0,ok,15.025175796509984,2x8 #2
West,"West Fraser Mills Ltd. (Henderson, TX)",2X4-14 #2 SYP KD-HT,2x4,14,2,2025-07-03 00:00:00,350.015024683408,2025-07-03,320.0,0.0,ok,30.015024683408,2x4 #2
West,"West Fraser Mills Ltd. (Mansfield, AR)",2X10-14 #2 SYP KD-HT,2x10,14,2,2025-01-09 00:00:00,305.013616679316,2025-01-03,290.0,6.0,ok,15.013616679315987,2x10 #2
West,"West Fraser Mills Ltd. (Mansfield, AR)",2X10-14 #2 SYP KD-HT,2x10,14,2,2025-01-09 00:00:00,305.013616679316,2025-01-03,290.0,6.0,ok,15.013616679315987,2x10 #2
West,"West Fraser Mills Ltd. (Mansfield, AR)",2X8-8 #2 SYP KD-HT,2x8,8,2,2025-01-24 00:00:00,313.043465098505,2025-01-24,335.0,0.0,ok,-21.95653490149499,2x8 #2
West,"West Fraser Mills Ltd. (Mansfield, AR)",4X4-12 #2 SYP,4x4,12,2,2025-05-27 00:00:00,475.0,,,,no_series,,4x4 #2
West,"West Fraser Mills Ltd. (Mansfield, AR)",4X6-14 #1 SYP HT,4x6,14,1,2025-01-24 00:00:00,455.0,,,,no_series,,4x6 #1
West,"West Fraser Mills Ltd. (Mansfield, AR)",4X6-14 #2 SYP,4x6,14,2,2025-01-23 00:00:00,450.0,,,,no_series,,4x6 #2
West,"West Fraser Mills Ltd. (Mansfield, AR)",4X6-14 #2 SYP,4x6,14,2,2025-02-11 00:00:00,475.0,,,,no_series,,4x6 #2
West,"West Fraser Mills Ltd. (Mansfield, AR)",4X6-14 #2 SYP,4x6,14,2,2025-02-20 00:00:00,475.0,,,,no_series,,4x6 #2
West,"West Fraser Mills Ltd. (Mansfield, AR)",4X6-14 #2 SYP,4x6,14,2,2025-05-01 00:00:00,468.928571428571,,,,no_series,,4x6 #2
West,"West Fraser Mills Ltd. (Mansfield, AR)",4X6-14 #2 SYP,4x6,14,2,2025-07-07 00:00:00,400.000025019623,,,,no_series,,4x6 #2
West,"West Fraser Mills Ltd. (Mansfield, AR)",4X6-14 #2 SYP,4x6,14,2,2025-07-07 00:00:00,400.000025019623,,,,no_series,,4x6 #2
West,"West Fraser Mills Ltd. (Mansfield, AR)",4X6-14 #2 SYP,4x6,14,2,2025-07-25 00:00:00,445.0,,,,no_series,,4x6 #2
West,"West Fraser Mills Ltd. (Mansfield, AR)",4X6-16 #2 SYP,4x6,16,2,2025-01-03 00:00:00,479.999949269481,,,,no_series,,4x6 #2
West,"West Fraser Mills Ltd. (Mansfield, AR)",4X6-16 #2 SYP,4x6,16,2,2025-01-03 00:00:00,479.999949269481,,,,no_series,,4x6 #2
West,"West Fraser Mills Ltd. (Russellville, AR)",4X4-12 #2 SYP KD-HT,4x4,12,2,2025-02-24 00:00:00,430.0,,,,no_series,,4x4 #2
West,"West Fraser Mills Ltd. (Russellville, AR)",4X4-12 #2 SYP KD-HT,4x4,12,2,2025-02-26 00:00:00,430.0,,,,no_series,,4x4 #2
West,"West Fraser Mills Ltd. (Russellville, AR)",4X4-12 #2 SYP KD-HT,4x4,12,2,2025-08-15 00:00:00,350.0,,,,no_series,,4x4 #2
West,"West Fraser Mills Ltd. (Russellville, AR)",4X4-14 #2 SYP KD-HT,4x4,14,2,2025-08-15 00:00:00,312.666653486395,,,,no_series,,4x4 #2
West,"West Fraser Mills Ltd. (Russellville, AR)",4X4-16 #2 SYP KD-HT,4x4,16,2,2025-03-18 00:00:00,500.093023255814,,,,no_series,,4x4 #2
West,"West Fraser Mills Ltd. (Russellville, AR)",4X4-18 #2 SYP KD-HT,4x4,18,2,2025-03-18 00:00:00,485.0,,,,no_series,,4x4 #2
West,"West Fraser Mills Ltd. (Russellville, AR)",4X4-20 #2 SYP KD-HT,4x4,20,2,2025-03-18 00:00:00,585.0,,,,no_series,,4x4 #2
West,"West Fraser Mills Ltd. (Russellville, AR)",4X6-14 #1 SYP HT,4x6,14,1,2025-06-10 00:00:00,435.0,,,,no_series,,4x6 #1
West,"West Fraser Mills Ltd. (Russellville, AR)",4X6-8 #2 SYP KD-HT,4x6,8,2,2025-03-18 00:00:00,540.0,,,,no_series,,4x6 #2
West,"West Fraser Mills Ltd. (Russellville, AR)",4X6-10 #2 SYP HT,4x6,10,2,2025-03-18 00:00:00,539.999967633928,,,,no_series,,4x6 #2
West,"West Fraser Mills Ltd. (Russellville, AR)",4X6-10 #2 SYP HT,4x6,10,2,2025-06-03 00:00:00,459.999981505102,,,,no_series,,4x6 #2
West,"West Fraser Mills Ltd. (Russellville, AR)",4X6-14 #2 SYP,4x6,14,2,2025-03-18 00:00:00,510.0,,,,no_series,,4x6 #2
West,"West Fraser Mills Ltd. (Russellville, AR)",4X6-14 #2 SYP,4x6,14,2,2025-06-03 00:00:00,450.0,,,,no_series,,4x6 #2
West,"West Fraser Mills Ltd. (Russellville, AR)",4X6-16 #2 SYP,4x6,16,2,2025-03-18 00:00:00,555.0,,,,no_series,,4x6 #2
West,"West Fraser Mills Ltd. (Russellville, AR)",4X6-16 #2 SYP,4x6,16,2,2025-07-03 00:00:00,415.0,,,,no_series,,4x6 #2
West,"West Fraser Mills Ltd. (Russellville, AR)",4X6-16 #2 SYP,4x6,16,2,2025-07-03 00:00:00,415.0,,,,no_series,,4x6 #2
West,"West Fraser Mills Ltd. (Russellville, AR)",4X6-16 #2 SYP,4x6,16,2,2025-07-03 00:00:00,415.0,,,,no_series,,4x6 #2
West,"West Fraser Mills Ltd. (Russellville, AR)",4X6-16 #2 SYP,4x6,16,2,2025-07-03 00:00:00,415.0,,,,no_series,,4x6 #2
West,"Weyerhaeuser NR Company (Dierks, AR)",2X10-16 #1 SYP KD-HT,2x10,16,1,2025-07-15 00:00:00,438.845563794426,2025-07-11,400.0,4.0,ok,38.84556379442603,2x10 #1
West,"Weyerhaeuser NR Company (Dierks, AR)",2X6-18 #1 SYP KD-HT,2x6,18,1,2025-08-15 00:00:00,362.532899305556,2025-08-15,320.0,0.0,ok,42.532899305555986,2x6 #1
West,"Weyerhaeuser NR Company (Dierks, AR)",2X6-20 #1 SYP KD-HT,2x6,20,1,2025-08-15 00:00:00,372.532890625,2025-08-15,330.0,0.0,ok,42.53289062499999,2x6 #1
West,"Weyerhaeuser NR Company (Dierks, AR)",2X6-14 #2 SYP KD-HT,2x6,14,2,2025-08-12 00:00:00,382.424450549451,2025-08-08,320.0,4.0,ok,62.424450549451024,2x6 #2
West,"Weyerhaeuser NR Company (Dierks, AR)",2X6-16 #2 SYP KD-HT,2x6,16,2,2025-03-14 00:00:00,467.780539772727,2025-03-14,420.0,0.0,ok,47.780539772727025,2x6 #2
West,"Weyerhaeuser NR Company (Dierks, AR)",2X8-10 #2 SYP KD-HT,2x8,10,2,2025-05-19 00:00:00,362.958962128377,2025-05-16,320.0,3.0,ok,42.95896212837698,2x8 #2
West,"Weyerhaeuser NR Company (Dierks, AR)",2X8-10 #2 SYP KD-HT,2x8,10,2,2025-05-19 00:00:00,362.958962128377,2025-05-16,320.0,3.0,ok,42.95896212837698,2x8 #2
West,"Weyerhaeuser NR Company (Dierks, AR)",2X8-12 #2 SYP KD-HT,2x8,12,2,2025-05-08 00:00:00,397.965494791667,2025-05-02,350.0,6.0,ok,47.96549479166703,2x8 #2
West,"Weyerhaeuser NR Company (Dierks, AR)",2X8-12 #2 SYP KD-HT,2x8,12,2,2025-05-08 00:00:00,397.965494791667,2025-05-02,350.0,6.0,ok,47.96549479166703,2x8 #2
West,"Weyerhaeuser NR Company (Holden, LA)",2X4-12 #2 SYP KD-HT,2x4,12,2,2024-12-18 00:00:00,363.424622252747,2024-12-13,290.0,5.0,ok,73.42462225274699,2x4 #2
