region,grade,dimension,length,transaction_date,price
Central,1,2x10,8,2024-01-12,355.0
Central,1,2x10,8,2024-01-18,350.0
Central,1,2x10,8,2024-01-25,350.0
Central,1,2x10,8,2024-02-08,325.0
Central,1,2x10,8,2024-02-15,320.0
Central,1,2x10,8,2024-02-22,315.0
Central,1,2x10,8,2024-02-29,315.0
Central,1,2x10,8,2024-03-07,315.0
Central,1,2x10,8,2024-03-14,325.0
Central,1,2x10,8,2024-03-21,325.0
Central,1,2x10,8,2024-03-28,325.0
Central,1,2x10,8,2024-04-04,325.0
Central,1,2x10,8,2024-04-11,325.0
Central,1,2x10,8,2024-04-18,325.0
Central,1,2x10,8,2024-04-25,325.0
Central,1,2x10,8,2024-05-02,340.0
Central,1,2x10,8,2024-05-09,360.0
Central,1,2x10,8,2024-05-16,370.0
Central,1,2x10,8,2024-05-30,405.0
Central,1,2x10,8,2024-06-06,415.0
Central,1,2x10,8,2024-06-13,415.0
Central,1,2x10,8,2024-06-20,410.0
Central,1,2x10,8,2024-06-27,410.0
Central,1,2x10,8,2024-07-04,410.0
Central,1,2x10,8,2024-07-11,410.0
Central,1,2x10,8,2024-07-18,410.0
Central,1,2x10,8,2024-07-25,415.0
Central,1,2x10,8,2024-08-01,420.0
Central,1,2x10,8,2024-08-08,420.0
Central,1,2x10,8,2024-08-15,420.0
Central,1,2x10,8,2024-08-22,420.0
Central,1,2x10,8,2024-08-29,415.0
Central,1,2x10,8,2024-09-05,420.0
Central,1,2x10,8,2024-09-12,420.0
Central,1,2x10,8,2024-09-20,410.0
Central,1,2x10,8,2024-09-27,410.0
Central,1,2x10,8,2024-10-04,395.0
Central,1,2x10,8,2024-10-11,390.0
Central,1,2x10,8,2024-10-18,390.0
Central,1,2x10,8,2024-10-25,390.0
Central,1,2x10,8,2024-11-01,390.0
Central,1,2x10,8,2024-11-08,380.0
Central,1,2x10,8,2024-11-15,370.0
Central,1,2x10,8,2024-11-22,360.0
Central,1,2x10,8,2024-11-27,350.0
Central,1,2x10,8,2024-12-06,345.0
Central,1,2x10,8,2024-12-13,345.0
Central,1,2x10,8,2024-12-20,355.0
Central,1,2x10,8,2025-01-03,370.0
Central,1,2x10,8,2025-01-10,350.0
Central,1,2x10,8,2025-01-17,350.0
Central,1,2x10,8,2025-01-24,350.0
Central,1,2x10,8,2025-01-31,350.0
Central,1,2x10,8,2025-02-07,355.0
Central,1,2x10,8,2025-02-14,360.0
Central,1,2x10,8,2025-02-21,360.0
Central,1,2x10,8,2025-02-28,360.0
Central,1,2x10,8,2025-03-07,360.0
Central,1,2x10,8,2025-03-14,360.0
Central,1,2x10,8,2025-03-21,355.0
Central,1,2x10,8,2025-03-28,360.0
Central,1,2x10,8,2025-04-04,370.0
Central,1,2x10,8,2025-04-11,380.0
Central,1,2x10,8,2025-04-18,405.0
Central,1,2x10,8,2025-04-25,425.0
Central,1,2x10,8,2025-05-02,440.0
Central,1,2x10,8,2025-05-09,440.0
Central,1,2x10,8,2025-05-16,440.0
Central,1,2x10,8,2025-05-23,430.0
Central,1,2x10,8,2025-05-30,415.0
Central,1,2x10,8,2025-06-06,405.0
Central,1,2x10,8,2025-06-13,400.0
Central,1,2x10,8,2025-06-19,385.0
Central,1,2x10,8,2025-06-27,365.0
Central,1,2x10,8,2025-07-03,365.0
Central,1,2x10,8,2025-07-11,365.0
Central,1,2x10,8,2025-07-18,370.0
Central,1,2x10,8,2025-07-25,375.0
Central,1,2x10,8,2025-08-01,375.0
Central,1,2x10,8,2025-08-08,370.0
Central,1,2x10,8,2025-08-15,350.0
Central,1,2x10,8,2025-08-22,340.0
Central,1,2x10,8,2025-08-29,320.0
Central,1,2x10,8,2025-09-05,310.0
Central,1,2x10,8,2025-09-12,315.0
Central,1,2x10,8,2025-09-19,325.0
Central,1,2x10,8,2025-09-26,330.0
Central,1,2x10,8,2025-10-03,335.0
Central,1,2x10,8,2025-10-10,340.0
Central,1,2x10,8,2025-10-17,345.0
Central,1,2x10,10,2024-01-12,510.0
Central,1,2x10,10,2024-01-18,505.0
Central,1,2x10,10,2024-01-25,510.0
Central,1,2x10,10,2024-02-08,520.0
Central,1,2x10,10,2024-02-15,520.0
Central,1,2x10,10,2024-02-22,500.0
Central,1,2x10,10,2024-02-29,500.0
Central,1,2x10,10,2024-03-07,500.0
Central,1,2x10,10,2024-03-14,500.0
Central,1,2x10,10,2024-03-21,485.0
Central,1,2x10,10,2024-03-28,485.0
Central,1,2x10,10,2024-04-04,470.0
Central,1,2x10,10,2024-04-11,455.0
Central,1,2x10,10,2024-04-18,445.0
Central,1,2x10,10,2024-04-25,445.0
Central,1,2x10,10,2024-05-02,450.0
Central,1,2x10,10,2024-05-09,470.0
Central,1,2x10,10,2024-05-16,470.0
Central,1,2x10,10,2024-05-30,505.0
Central,1,2x10,10,2024-06-06,515.0
Central,1,2x10,10,2024-06-13,505.0
Central,1,2x10,10,2024-06-20,500.0
Central,1,2x10,10,2024-06-27,500.0
Central,1,2x10,10,2024-07-04,495.0
Central,1,2x10,10,2024-07-11,495.0
Central,1,2x10,10,2024-07-18,495.0
Central,1,2x10,10,2024-07-25,500.0
Central,1,2x10,10,2024-08-01,505.0
Central,1,2x10,10,2024-08-08,505.0
Central,1,2x10,10,2024-08-15,505.0
Central,1,2x10,10,2024-08-22,500.0
Central,1,2x10,10,2024-08-29,495.0
Central,1,2x10,10,2024-09-05,500.0
Central,1,2x10,10,2024-09-12,500.0
Central,1,2x10,10,2024-09-20,480.0
Central,1,2x10,10,2024-09-27,480.0
Central,1,2x10,10,2024-10-04,470.0
Central,1,2x10,10,2024-10-11,465.0
Central,1,2x10,10,2024-10-18,465.0
Central,1,2x10,10,2024-10-25,465.0
Central,1,2x10,10,2024-11-01,470.0
Central,1,2x10,10,2024-11-08,460.0
Central,1,2x10,10,2024-11-15,450.0
Central,1,2x10,10,2024-11-22,440.0
Central,1,2x10,10,2024-11-27,430.0
Central,1,2x10,10,2024-12-06,425.0
Central,1,2x10,10,2024-12-13,425.0
Central,1,2x10,10,2024-12-20,435.0
Central,1,2x10,10,2025-01-03,450.0
Central,1,2x10,10,2025-01-10,425.0
Central,1,2x10,10,2025-01-17,425.0
Central,1,2x10,10,2025-01-24,425.0
Central,1,2x10,10,2025-01-31,425.0
Central,1,2x10,10,2025-02-07,430.0
Central,1,2x10,10,2025-02-14,440.0
Central,1,2x10,10,2025-02-21,440.0
Central,1,2x10,10,2025-02-28,440.0
Central,1,2x10,10,2025-03-07,445.0
Central,1,2x10,10,2025-03-14,445.0
Central,1,2x10,10,2025-03-21,435.0
Central,1,2x10,10,2025-03-28,440.0
Central,1,2x10,10,2025-04-04,450.0
Central,1,2x10,10,2025-04-11,460.0
Central,1,2x10,10,2025-04-18,480.0
Central,1,2x10,10,2025-04-25,495.0
Central,1,2x10,10,2025-05-02,510.0
Central,1,2x10,10,2025-05-09,510.0
Central,1,2x10,10,2025-05-16,510.0
Central,1,2x10,10,2025-05-23,500.0
Central,1,2x10,10,2025-05-30,485.0
Central,1,2x10,10,2025-06-06,480.0
Central,1,2x10,10,2025-06-13,470.0
Central,1,2x10,10,2025-06-19,455.0
Central,1,2x10,10,2025-06-27,445.0
Central,1,2x10,10,2025-07-03,440.0
Central,1,2x10,10,2025-07-11,440.0
Central,1,2x10,10,2025-07-18,440.0
Central,1,2x10,10,2025-07-25,445.0
Central,1,2x10,10,2025-08-01,445.0
Central,1,2x10,10,2025-08-08,430.0
Central,1,2x10,10,2025-08-15,410.0
Central,1,2x10,10,2025-08-22,395.0
Central,1,2x10,10,2025-08-29,375.0
Central,1,2x10,10,2025-09-05,365.0
Central,1,2x10,10,2025-09-12,350.0
Central,1,2x10,10,2025-09-19,350.0
Central,1,2x10,10,2025-09-26,360.0
Central,1,2x10,10,2025-10-03,365.0
Central,1,2x10,10,2025-10-10,375.0
Central,1,2x10,10,2025-10-17,380.0
Central,1,2x10,12,2024-01-12,450.0
Central,1,2x10,12,2024-01-18,450.0
Central,1,2x10,12,2024-01-25,450.0
Central,1,2x10,12,2024-02-08,450.0
Central,1,2x10,12,2024-02-15,450.0
Central,1,2x10,12,2024-02-22,450.0
Central,1,2x10,12,2024-02-29,450.0
Central,1,2x10,12,2024-03-07,420.0
Central,1,2x10,12,2024-03-14,395.0
Central,1,2x10,12,2024-03-21,400.0
Central,1,2x10,12,2024-03-28,400.0
Central,1,2x10,12,2024-04-04,390.0
Central,1,2x10,12,2024-04-11,370.0
Central,1,2x10,12,2024-04-18,360.0
Central,1,2x10,12,2024-04-25,360.0
Central,1,2x10,12,2024-05-02,370.0
Central,1,2x10,12,2024-05-09,395.0
Central,1,2x10,12,2024-05-16,410.0
Central,1,2x10,12,2024-05-30,450.0
Central,1,2x10,12,2024-06-06,460.0
Central,1,2x10,12,2024-06-13,445.0
Central,1,2x10,12,2024-06-20,440.0
Central,1,2x10,12,2024-06-27,440.0
Central,1,2x10,12,2024-07-04,440.0
Central,1,2x10,12,2024-07-11,440.0
Central,1,2x10,12,2024-07-18,440.0
Central,1,2x10,12,2024-07-25,445.0
Central,1,2x10,12,2024-08-01,450.0
Central,1,2x10,12,2024-08-08,450.0
Central,1,2x10,12,2024-08-15,450.0
Central,1,2x10,12,2024-08-22,445.0
Central,1,2x10,12,2024-08-29,440.0
Central,1,2x10,12,2024-09-05,445.0
Central,1,2x10,12,2024-09-12,445.0
Central,1,2x10,12,2024-09-20,435.0
Central,1,2x10,12,2024-09-27,435.0
Central,1,2x10,12,2024-10-04,425.0
Central,1,2x10,12,2024-10-11,420.0
Central,1,2x10,12,2024-10-18,420.0
Central,1,2x10,12,2024-10-25,415.0
Central,1,2x10,12,2024-11-01,415.0
Central,1,2x10,12,2024-11-08,410.0
Central,1,2x10,12,2024-11-15,400.0
Central,1,2x10,12,2024-11-22,390.0
Central,1,2x10,12,2024-11-27,380.0
Central,1,2x10,12,2024-12-06,375.0
Central,1,2x10,12,2024-12-13,375.0
Central,1,2x10,12,2024-12-20,385.0
Central,1,2x10,12,2025-01-03,400.0
Central,1,2x10,12,2025-01-10,375.0
Central,1,2x10,12,2025-01-17,380.0
Central,1,2x10,12,2025-01-24,380.0
Central,1,2x10,12,2025-01-31,380.0
Central,1,2x10,12,2025-02-07,385.0
Central,1,2x10,12,2025-02-14,390.0
Central,1,2x10,12,2025-02-21,395.0
Central,1,2x10,12,2025-02-28,400.0
Central,1,2x10,12,2025-03-07,405.0
Central,1,2x10,12,2025-03-14,405.0
Central,1,2x10,12,2025-03-21,405.0
Central,1,2x10,12,2025-03-28,410.0
Central,1,2x10,12,2025-04-04,425.0
Central,1,2x10,12,2025-04-11,440.0
Central,1,2x10,12,2025-04-18,465.0
Central,1,2x10,12,2025-04-25,485.0
Central,1,2x10,12,2025-05-02,495.0
Central,1,2x10,12,2025-05-09,500.0
Central,1,2x10,12,2025-05-16,495.0
Central,1,2x10,12,2025-05-23,490.0
Central,1,2x10,12,2025-05-30,475.0
Central,1,2x10,12,2025-06-06,465.0
Central,1,2x10,12,2025-06-13,455.0
Central,1,2x10,12,2025-06-19,440.0
Central,1,2x10,12,2025-06-27,425.0
Central,1,2x10,12,2025-07-03,420.0
Central,1,2x10,12,2025-07-11,420.0
Central,1,2x10,12,2025-07-18,425.0
Central,1,2x10,12,2025-07-25,430.0
Central,1,2x10,12,2025-08-01,430.0
Central,1,2x10,12,2025-08-08,425.0
Central,1,2x10,12,2025-08-15,410.0
Central,1,2x10,12,2025-08-22,400.0
Central,1,2x10,12,2025-08-29,380.0
Central,1,2x10,12,2025-09-05,370.0
Central,1,2x10,12,2025-09-12,370.0
Central,1,2x10,12,2025-09-19,370.0
Central,1,2x10,12,2025-09-26,375.0
Central,1,2x10,12,2025-10-03,385.0
Central,1,2x10,12,2025-10-10,395.0
Central,1,2x10,12,2025-10-17,400.0
Central,1,2x10,14,2024-01-12,330.0
Central,1,2x10,14,2024-01-18,330.0
Central,1,2x10,14,2024-01-25,330.0
Central,1,2x10,14,2024-02-08,335.0
Central,1,2x10,14,2024-02-15,335.0
Central,1,2x10,14,2024-02-22,330.0
Central,1,2x10,14,2024-02-29,335.0
Central,1,2x10,14,2024-03-07,345.0
Central,1,2x10,14,2024-03-14,345.0
Central,1,2x10,14,2024-03-21,345.0
Central,1,2x10,14,2024-03-28,345.0
Central,1,2x10,14,2024-04-04,345.0
Central,1,2x10,14,2024-04-11,345.0
Central,1,2x10,14,2024-04-18,325.0
Central,1,2x10,14,2024-04-25,325.0
Central,1,2x10,14,2024-05-02,340.0
Central,1,2x10,14,2024-05-09,365.0
Central,1,2x10,14,2024-05-16,365.0
Central,1,2x10,14,2024-05-30,400.0
Central,1,2x10,14,2024-06-06,410.0
Central,1,2x10,14,2024-06-13,415.0
Central,1,2x10,14,2024-06-20,410.0
Central,1,2x10,14,2024-06-27,410.0
Central,1,2x10,14,2024-07-04,410.0
Central,1,2x10,14,2024-07-11,410.0
Central,1,2x10,14,2024-07-18,410.0
Central,1,2x10,14,2024-07-25,415.0
Central,1,2x10,14,2024-08-01,420.0
Central,1,2x10,14,2024-08-08,420.0
Central,1,2x10,14,2024-08-15,420.0
Central,1,2x10,14,2024-08-22,420.0
Central,1,2x10,14,2024-08-29,415.0
Central,1,2x10,14,2024-09-05,420.0
Central,1,2x10,14,2024-09-12,420.0
Central,1,2x10,14,2024-09-20,410.0
Central,1,2x10,14,2024-09-27,410.0
Central,1,2x10,14,2024-10-04,395.0
Central,1,2x10,14,2024-10-11,395.0
Central,1,2x10,14,2024-10-18,390.0
Central,1,2x10,14,2024-10-25,390.0
Central,1,2x10,14,2024-11-01,390.0
Central,1,2x10,14,2024-11-08,385.0
Central,1,2x10,14,2024-11-15,375.0
Central,1,2x10,14,2024-11-22,360.0
Central,1,2x10,14,2024-11-27,350.0
Central,1,2x10,14,2024-12-06,345.0
Central,1,2x10,14,2024-12-13,345.0
Central,1,2x10,14,2024-12-20,355.0
Central,1,2x10,14,2025-01-03,370.0
Central,1,2x10,14,2025-01-10,345.0
Central,1,2x10,14,2025-01-17,350.0
Central,1,2x10,14,2025-01-24,350.0
Central,1,2x10,14,2025-01-31,350.0
Central,1,2x10,14,2025-02-07,355.0
Central,1,2x10,14,2025-02-14,365.0
Central,1,2x10,14,2025-02-21,365.0
Central,1,2x10,14,2025-02-28,365.0
Central,1,2x10,14,2025-03-07,370.0
Central,1,2x10,14,2025-03-14,370.0
Central,1,2x10,14,2025-03-21,380.0
Central,1,2x10,14,2025-03-28,385.0
Central,1,2x10,14,2025-04-04,400.0
Central,1,2x10,14,2025-04-11,420.0
Central,1,2x10,14,2025-04-18,445.0
Central,1,2x10,14,2025-04-25,465.0
Central,1,2x10,14,2025-05-02,475.0
Central,1,2x10,14,2025-05-09,480.0
Central,1,2x10,14,2025-05-16,480.0
Central,1,2x10,14,2025-05-23,465.0
Central,1,2x10,14,2025-05-30,450.0
Central,1,2x10,14,2025-06-06,440.0
Central,1,2x10,14,2025-06-13,430.0
Central,1,2x10,14,2025-06-19,410.0
Central,1,2x10,14,2025-06-27,390.0
Central,1,2x10,14,2025-07-03,385.0
Central,1,2x10,14,2025-07-11,385.0
Central,1,2x10,14,2025-07-18,390.0
Central,1,2x10,14,2025-07-25,395.0
Central,1,2x10,14,2025-08-01,390.0
Central,1,2x10,14,2025-08-08,385.0
Central,1,2x10,14,2025-08-15,370.0
Central,1,2x10,14,2025-08-22,360.0
Central,1,2x10,14,2025-08-29,340.0
Central,1,2x10,14,2025-09-05,325.0
Central,1,2x10,14,2025-09-12,330.0
Central,1,2x10,14,2025-09-19,335.0
Central,1,2x10,14,2025-09-26,340.0
Central,1,2x10,14,2025-10-03,350.0
Central,1,2x10,14,2025-10-10,360.0
Central,1,2x10,14,2025-10-17,360.0
Central,1,2x10,16,2024-01-12,385.0
Central,1,2x10,16,2024-01-18,375.0
Central,1,2x10,16,2024-01-25,355.0
Central,1,2x10,16,2024-02-08,335.0
Central,1,2x10,16,2024-02-15,345.0
Central,1,2x10,16,2024-02-22,355.0
Central,1,2x10,16,2024-02-29,355.0
Central,1,2x10,16,2024-03-07,365.0
Central,1,2x10,16,2024-03-14,365.0
Central,1,2x10,16,2024-03-21,365.0
Central,1,2x10,16,2024-03-28,365.0
Central,1,2x10,16,2024-04-04,365.0
Central,1,2x10,16,2024-04-11,360.0
Central,1,2x10,16,2024-04-18,350.0
Central,1,2x10,16,2024-04-25,355.0
Central,1,2x10,16,2024-05-02,365.0
Central,1,2x10,16,2024-05-09,380.0
Central,1,2x10,16,2024-05-16,395.0
Central,1,2x10,16,2024-05-30,430.0
Central,1,2x10,16,2024-06-06,440.0
Central,1,2x10,16,2024-06-13,440.0
Central,1,2x10,16,2024-06-20,435.0
Central,1,2x10,16,2024-06-27,435.0
Central,1,2x10,16,2024-07-04,445.0
Central,1,2x10,16,2024-07-11,455.0
Central,1,2x10,16,2024-07-18,460.0
Central,1,2x10,16,2024-07-25,470.0
Central,1,2x10,16,2024-08-01,480.0
Central,1,2x10,16,2024-08-08,480.0
Central,1,2x10,16,2024-08-15,470.0
Central,1,2x10,16,2024-08-22,465.0
Central,1,2x10,16,2024-08-29,460.0
Central,1,2x10,16,2024-09-05,465.0
Central,1,2x10,16,2024-09-12,465.0
Central,1,2x10,16,2024-09-20,465.0
Central,1,2x10,16,2024-09-27,465.0
Central,1,2x10,16,2024-10-04,445.0
Central,1,2x10,16,2024-10-11,445.0
Central,1,2x10,16,2024-10-18,440.0
Central,1,2x10,16,2024-10-25,435.0
Central,1,2x10,16,2024-11-01,435.0
Central,1,2x10,16,2024-11-08,430.0
Central,1,2x10,16,2024-11-15,420.0
Central,1,2x10,16,2024-11-22,410.0
Central,1,2x10,16,2024-11-27,400.0
Central,1,2x10,16,2024-12-06,395.0
Central,1,2x10,16,2024-12-13,395.0
Central,1,2x10,16,2024-12-20,405.0
Central,1,2x10,16,2025-01-03,420.0
Central,1,2x10,16,2025-01-10,395.0
Central,1,2x10,16,2025-01-17,400.0
Central,1,2x10,16,2025-01-24,400.0
Central,1,2x10,16,2025-01-31,400.0
Central,1,2x10,16,2025-02-07,405.0
Central,1,2x10,16,2025-02-14,410.0
Central,1,2x10,16,2025-02-21,410.0
Central,1,2x10,16,2025-02-28,410.0
Central,1,2x10,16,2025-03-07,415.0
Central,1,2x10,16,2025-03-14,415.0
Central,1,2x10,16,2025-03-21,415.0
Central,1,2x10,16,2025-03-28,420.0
Central,1,2x10,16,2025-04-04,430.0
Central,1,2x10,16,2025-04-11,450.0
Central,1,2x10,16,2025-04-18,470.0
Central,1,2x10,16,2025-04-25,475.0
Central,1,2x10,16,2025-05-02,485.0
Central,1,2x10,16,2025-05-09,485.0
Central,1,2x10,16,2025-05-16,480.0
Central,1,2x10,16,2025-05-23,465.0
Central,1,2x10,16,2025-05-30,450.0
Central,1,2x10,16,2025-06-06,440.0
Central,1,2x10,16,2025-06-13,430.0
Central,1,2x10,16,2025-06-19,410.0
Central,1,2x10,16,2025-06-27,395.0
Central,1,2x10,16,2025-07-03,385.0
Central,1,2x10,16,2025-07-11,385.0
Central,1,2x10,16,2025-07-18,395.0
Central,1,2x10,16,2025-07-25,400.0
Central,1,2x10,16,2025-08-01,395.0
Central,1,2x10,16,2025-08-08,395.0
Central,1,2x10,16,2025-08-15,380.0
Central,1,2x10,16,2025-08-22,370.0
Central,1,2x10,16,2025-08-29,350.0
Central,1,2x10,16,2025-09-05,340.0
Central,1,2x10,16,2025-09-12,335.0
Central,1,2x10,16,2025-09-19,340.0
Central,1,2x10,16,2025-09-26,345.0
Central,1,2x10,16,2025-10-03,350.0
Central,1,2x10,16,2025-10-10,360.0
Central,1,2x10,16,2025-10-17,370.0
Central,1,2x10,18,2024-01-12,385.0
Central,1,2x10,18,2024-01-18,385.0
Central,1,2x10,18,2024-01-25,385.0
Central,1,2x10,18,2024-02-08,385.0
Central,1,2x10,18,2024-02-15,385.0
Central,1,2x10,18,2024-02-22,385.0
Central,1,2x10,18,2024-02-29,385.0
Central,1,2x10,18,2024-03-07,385.0
Central,1,2x10,18,2024-03-14,385.0
Central,1,2x10,18,2024-03-21,380.0
Central,1,2x10,18,2024-03-28,380.0
Central,1,2x10,18,2024-04-04,380.0
Central,1,2x10,18,2024-04-11,375.0
Central,1,2x10,18,2024-04-18,375.0
Central,1,2x10,18,2024-04-25,365.0
Central,1,2x10,18,2024-05-02,370.0
Central,1,2x10,18,2024-05-09,380.0
Central,1,2x10,18,2024-05-16,395.0
Central,1,2x10,18,2024-05-30,430.0
Central,1,2x10,18,2024-06-06,440.0
Central,1,2x10,18,2024-06-13,440.0
Central,1,2x10,18,2024-06-20,435.0
Central,1,2x10,18,2024-06-27,415.0
Central,1,2x10,18,2024-07-04,400.0
Central,1,2x10,18,2024-07-11,400.0
Central,1,2x10,18,2024-07-18,400.0
Central,1,2x10,18,2024-07-25,405.0
Central,1,2x10,18,2024-08-01,410.0
Central,1,2x10,18,2024-08-08,410.0
Central,1,2x10,18,2024-08-15,400.0
Central,1,2x10,18,2024-08-22,390.0
Central,1,2x10,18,2024-08-29,385.0
Central,1,2x10,18,2024-09-05,390.0
Central,1,2x10,18,2024-09-12,385.0
Central,1,2x10,18,2024-09-20,385.0
Central,1,2x10,18,2024-09-27,385.0
Central,1,2x10,18,2024-10-04,365.0
Central,1,2x10,18,2024-10-11,365.0
Central,1,2x10,18,2024-10-18,360.0
Central,1,2x10,18,2024-10-25,360.0
Central,1,2x10,18,2024-11-01,355.0
Central,1,2x10,18,2024-11-08,350.0
Central,1,2x10,18,2024-11-15,340.0
Central,1,2x10,18,2024-11-22,330.0
Central,1,2x10,18,2024-11-27,320.0
Central,1,2x10,18,2024-12-06,315.0
Central,1,2x10,18,2024-12-13,315.0
Central,1,2x10,18,2024-12-20,325.0
Central,1,2x10,18,2025-01-03,340.0
Central,1,2x10,18,2025-01-10,315.0
Central,1,2x10,18,2025-01-17,320.0
Central,1,2x10,18,2025-01-24,320.0
Central,1,2x10,18,2025-01-31,310.0
Central,1,2x10,18,2025-02-07,315.0
Central,1,2x10,18,2025-02-14,320.0
Central,1,2x10,18,2025-02-21,325.0
Central,1,2x10,18,2025-02-28,325.0
Central,1,2x10,18,2025-03-07,330.0
Central,1,2x10,18,2025-03-14,325.0
Central,1,2x10,18,2025-03-21,325.0
Central,1,2x10,18,2025-03-28,330.0
Central,1,2x10,18,2025-04-04,350.0
Central,1,2x10,18,2025-04-11,370.0
Central,1,2x10,18,2025-04-18,390.0
Central,1,2x10,18,2025-04-25,400.0
Central,1,2x10,18,2025-05-02,410.0
Central,1,2x10,18,2025-05-09,415.0
Central,1,2x10,18,2025-05-16,410.0
Central,1,2x10,18,2025-05-23,400.0
Central,1,2x10,18,2025-05-30,385.0
Central,1,2x10,18,2025-06-06,380.0
Central,1,2x10,18,2025-06-13,380.0
Central,1,2x10,18,2025-06-19,360.0
Central,1,2x10,18,2025-06-27,345.0
Central,1,2x10,18,2025-07-03,335.0
Central,1,2x10,18,2025-07-11,335.0
Central,1,2x10,18,2025-07-18,335.0
Central,1,2x10,18,2025-07-25,340.0
Central,1,2x10,18,2025-08-01,340.0
Central,1,2x10,18,2025-08-08,340.0
Central,1,2x10,18,2025-08-15,330.0
Central,1,2x10,18,2025-08-22,325.0
Central,1,2x10,18,2025-08-29,300.0
Central,1,2x10,18,2025-09-05,290.0
Central,1,2x10,18,2025-09-12,290.0
Central,1,2x10,18,2025-09-19,300.0
Central,1,2x10,18,2025-09-26,305.0
Central,1,2x10,18,2025-10-03,315.0
Central,1,2x10,18,2025-10-10,325.0
Central,1,2x10,18,2025-10-17,330.0
Central,1,2x10,20,2024-01-12,770.0
Central,1,2x10,20,2024-01-18,750.0
Central,1,2x10,20,2024-01-25,730.0
Central,1,2x10,20,2024-02-08,730.0
Central,1,2x10,20,2024-02-15,690.0
Central,1,2x10,20,2024-02-22,670.0
Central,1,2x10,20,2024-02-29,670.0
Central,1,2x10,20,2024-03-07,670.0
Central,1,2x10,20,2024-03-14,660.0
Central,1,2x10,20,2024-03-21,650.0
Central,1,2x10,20,2024-03-28,650.0
Central,1,2x10,20,2024-04-04,610.0
Central,1,2x10,20,2024-04-11,595.0
Central,1,2x10,20,2024-04-18,595.0
Central,1,2x10,20,2024-04-25,580.0
Central,1,2x10,20,2024-05-02,580.0
Central,1,2x10,20,2024-05-09,590.0
Central,1,2x10,20,2024-05-16,600.0
Central,1,2x10,20,2024-05-30,630.0
Central,1,2x10,20,2024-06-06,640.0
Central,1,2x10,20,2024-06-13,635.0
Central,1,2x10,20,2024-06-20,630.0
Central,1,2x10,20,2024-06-27,605.0
Central,1,2x10,20,2024-07-04,600.0
Central,1,2x10,20,2024-07-11,600.0
Central,1,2x10,20,2024-07-18,600.0
Central,1,2x10,20,2024-07-25,610.0
Central,1,2x10,20,2024-08-01,610.0
Central,1,2x10,20,2024-08-08,610.0
Central,1,2x10,20,2024-08-15,620.0
Central,1,2x10,20,2024-08-22,630.0
Central,1,2x10,20,2024-08-29,635.0
Central,1,2x10,20,2024-09-05,640.0
Central,1,2x10,20,2024-09-12,640.0
Central,1,2x10,20,2024-09-20,645.0
Central,1,2x10,20,2024-09-27,645.0
Central,1,2x10,20,2024-10-04,625.0
Central,1,2x10,20,2024-10-11,625.0
Central,1,2x10,20,2024-10-18,625.0
Central,1,2x10,20,2024-10-25,625.0
Central,1,2x10,20,2024-11-01,620.0
Central,1,2x10,20,2024-11-08,610.0
Central,1,2x10,20,2024-11-15,600.0
Central,1,2x10,20,2024-11-22,590.0
Central,1,2x10,20,2024-11-27,580.0
Central,1,2x10,20,2024-12-06,575.0
Central,1,2x10,20,2024-12-13,560.0
Central,1,2x10,20,2024-12-20,570.0
Central,1,2x10,20,2025-01-03,585.0
Central,1,2x10,20,2025-01-10,560.0
Central,1,2x10,20,2025-01-17,565.0
Central,1,2x10,20,2025-01-24,565.0
Central,1,2x10,20,2025-01-31,555.0
Central,1,2x10,20,2025-02-07,560.0
Central,1,2x10,20,2025-02-14,550.0
Central,1,2x10,20,2025-02-21,550.0
Central,1,2x10,20,2025-02-28,550.0
Central,1,2x10,20,2025-03-07,555.0
Central,1,2x10,20,2025-03-14,535.0
Central,1,2x10,20,2025-03-21,535.0
Central,1,2x10,20,2025-03-28,540.0
Central,1,2x10,20,2025-04-04,555.0
Central,1,2x10,20,2025-04-11,565.0
Central,1,2x10,20,2025-04-18,585.0
Central,1,2x10,20,2025-04-25,595.0
Central,1,2x10,20,2025-05-02,595.0
Central,1,2x10,20,2025-05-09,585.0
Central,1,2x10,20,2025-05-16,565.0
Central,1,2x10,20,2025-05-23,525.0
Central,1,2x10,20,2025-05-30,500.0
Central,1,2x10,20,2025-06-06,475.0
Central,1,2x10,20,2025-06-13,465.0
Central,1,2x10,20,2025-06-19,450.0
Central,1,2x10,20,2025-06-27,435.0
Central,1,2x10,20,2025-07-03,425.0
Central,1,2x10,20,2025-07-11,435.0
Central,1,2x10,20,2025-07-18,440.0
Central,1,2x10,20,2025-07-25,445.0
Central,1,2x10,20,2025-08-01,445.0
Central,1,2x10,20,2025-08-08,440.0
Central,1,2x10,20,2025-08-15,430.0
Central,1,2x10,20,2025-08-22,415.0
Central,1,2x10,20,2025-08-29,395.0
Central,1,2x10,20,2025-09-05,380.0
Central,1,2x10,20,2025-09-12,370.0
Central,1,2x10,20,2025-09-19,370.0
Central,1,2x10,20,2025-09-26,370.0
Central,1,2x10,20,2025-10-03,360.0
Central,1,2x10,20,2025-10-10,360.0
Central,1,2x10,20,2025-10-17,365.0
Central,1,2x12,8,2024-01-12,555.0
Central,1,2x12,8,2024-01-18,555.0
Central,1,2x12,8,2024-01-25,565.0
Central,1,2x12,8,2024-02-08,585.0
Central,1,2x12,8,2024-02-15,610.0
Central,1,2x12,8,2024-02-22,625.0
Central,1,2x12,8,2024-02-29,645.0
Central,1,2x12,8,2024-03-07,645.0
Central,1,2x12,8,2024-03-14,645.0
Central,1,2x12,8,2024-03-21,645.0
Central,1,2x12,8,2024-03-28,645.0
Central,1,2x12,8,2024-04-04,620.0
Central,1,2x12,8,2024-04-11,580.0
Central,1,2x12,8,2024-04-18,580.0
Central,1,2x12,8,2024-04-25,550.0
Central,1,2x12,8,2024-05-02,540.0
Central,1,2x12,8,2024-05-09,525.0
Central,1,2x12,8,2024-05-16,515.0
Central,1,2x12,8,2024-05-30,515.0
Central,1,2x12,8,2024-06-06,515.0
Central,1,2x12,8,2024-06-13,505.0
Central,1,2x12,8,2024-06-20,500.0
Central,1,2x12,8,2024-06-27,500.0
Central,1,2x12,8,2024-07-04,500.0
Central,1,2x12,8,2024-07-11,500.0
Central,1,2x12,8,2024-07-18,500.0
Central,1,2x12,8,2024-07-25,505.0
Central,1,2x12,8,2024-08-01,510.0
Central,1,2x12,8,2024-08-08,515.0
Central,1,2x12,8,2024-08-15,515.0
Central,1,2x12,8,2024-08-22,515.0
Central,1,2x12,8,2024-08-29,515.0
Central,1,2x12,8,2024-09-05,520.0
Central,1,2x12,8,2024-09-12,525.0
Central,1,2x12,8,2024-09-20,530.0
Central,1,2x12,8,2024-09-27,535.0
Central,1,2x12,8,2024-10-04,545.0
Central,1,2x12,8,2024-10-11,560.0
Central,1,2x12,8,2024-10-18,580.0
Central,1,2x12,8,2024-10-25,590.0
Central,1,2x12,8,2024-11-01,590.0
Central,1,2x12,8,2024-11-08,585.0
Central,1,2x12,8,2024-11-15,570.0
Central,1,2x12,8,2024-11-22,555.0
Central,1,2x12,8,2024-11-27,540.0
Central,1,2x12,8,2024-12-06,525.0
Central,1,2x12,8,2024-12-13,525.0
Central,1,2x12,8,2024-12-20,525.0
Central,1,2x12,8,2025-01-03,525.0
Central,1,2x12,8,2025-01-10,525.0
Central,1,2x12,8,2025-01-17,525.0
Central,1,2x12,8,2025-01-24,510.0
Central,1,2x12,8,2025-01-31,475.0
Central,1,2x12,8,2025-02-07,475.0
Central,1,2x12,8,2025-02-14,475.0
Central,1,2x12,8,2025-02-21,475.0
Central,1,2x12,8,2025-02-28,475.0
Central,1,2x12,8,2025-03-07,480.0
Central,1,2x12,8,2025-03-14,490.0
Central,1,2x12,8,2025-03-21,500.0
Central,1,2x12,8,2025-03-28,500.0
Central,1,2x12,8,2025-04-04,490.0
Central,1,2x12,8,2025-04-11,490.0
Central,1,2x12,8,2025-04-18,500.0
Central,1,2x12,8,2025-04-25,515.0
Central,1,2x12,8,2025-05-02,525.0
Central,1,2x12,8,2025-05-09,520.0
Central,1,2x12,8,2025-05-16,500.0
Central,1,2x12,8,2025-05-23,485.0
Central,1,2x12,8,2025-05-30,470.0
Central,1,2x12,8,2025-06-06,455.0
Central,1,2x12,8,2025-06-13,445.0
Central,1,2x12,8,2025-06-19,435.0
Central,1,2x12,8,2025-06-27,430.0
Central,1,2x12,8,2025-07-03,425.0
Central,1,2x12,8,2025-07-11,425.0
Central,1,2x12,8,2025-07-18,425.0
Central,1,2x12,8,2025-07-25,425.0
Central,1,2x12,8,2025-08-01,425.0
Central,1,2x12,8,2025-08-08,425.0
Central,1,2x12,8,2025-08-15,425.0
Central,1,2x12,8,2025-08-22,425.0
Central,1,2x12,8,2025-08-29,425.0
Central,1,2x12,8,2025-09-05,425.0
Central,1,2x12,8,2025-09-12,425.0
Central,1,2x12,8,2025-09-19,425.0
Central,1,2x12,8,2025-09-26,430.0
Central,1,2x12,8,2025-10-03,435.0
Central,1,2x12,8,2025-10-10,440.0
Central,1,2x12,8,2025-10-17,445.0
Central,1,2x12,10,2024-01-12,605.0
Central,1,2x12,10,2024-01-18,615.0
Central,1,2x12,10,2024-01-25,615.0
Central,1,2x12,10,2024-02-08,635.0
Central,1,2x12,10,2024-02-15,660.0
Central,1,2x12,10,2024-02-22,670.0
Central,1,2x12,10,2024-02-29,685.0
Central,1,2x12,10,2024-03-07,685.0
Central,1,2x12,10,2024-03-14,685.0
Central,1,2x12,10,2024-03-21,685.0
Central,1,2x12,10,2024-03-28,685.0
Central,1,2x12,10,2024-04-04,660.0
Central,1,2x12,10,2024-04-11,620.0
Central,1,2x12,10,2024-04-18,580.0
Central,1,2x12,10,2024-04-25,545.0
Central,1,2x12,10,2024-05-02,520.0
Central,1,2x12,10,2024-05-09,510.0
Central,1,2x12,10,2024-05-16,500.0
Central,1,2x12,10,2024-05-30,500.0
Central,1,2x12,10,2024-06-06,500.0
Central,1,2x12,10,2024-06-13,475.0
Central,1,2x12,10,2024-06-20,470.0
Central,1,2x12,10,2024-06-27,470.0
Central,1,2x12,10,2024-07-04,470.0
Central,1,2x12,10,2024-07-11,470.0
Central,1,2x12,10,2024-07-18,470.0
Central,1,2x12,10,2024-07-25,475.0
Central,1,2x12,10,2024-08-01,480.0
Central,1,2x12,10,2024-08-08,485.0
Central,1,2x12,10,2024-08-15,485.0
Central,1,2x12,10,2024-08-22,485.0
Central,1,2x12,10,2024-08-29,485.0
Central,1,2x12,10,2024-09-05,490.0
Central,1,2x12,10,2024-09-12,495.0
Central,1,2x12,10,2024-09-20,500.0
Central,1,2x12,10,2024-09-27,505.0
Central,1,2x12,10,2024-10-04,515.0
Central,1,2x12,10,2024-10-11,530.0
Central,1,2x12,10,2024-10-18,545.0
Central,1,2x12,10,2024-10-25,555.0
Central,1,2x12,10,2024-11-01,555.0
Central,1,2x12,10,2024-11-08,550.0
Central,1,2x12,10,2024-11-15,540.0
Central,1,2x12,10,2024-11-22,525.0
Central,1,2x12,10,2024-11-27,510.0
Central,1,2x12,10,2024-12-06,495.0
Central,1,2x12,10,2024-12-13,495.0
Central,1,2x12,10,2024-12-20,495.0
Central,1,2x12,10,2025-01-03,495.0
Central,1,2x12,10,2025-01-10,495.0
Central,1,2x12,10,2025-01-17,495.0
Central,1,2x12,10,2025-01-24,495.0
Central,1,2x12,10,2025-01-31,495.0
Central,1,2x12,10,2025-02-07,495.0
Central,1,2x12,10,2025-02-14,495.0
Central,1,2x12,10,2025-02-21,495.0
Central,1,2x12,10,2025-02-28,495.0
Central,1,2x12,10,2025-03-07,500.0
Central,1,2x12,10,2025-03-14,510.0
Central,1,2x12,10,2025-03-21,520.0
Central,1,2x12,10,2025-03-28,520.0
Central,1,2x12,10,2025-04-04,520.0
Central,1,2x12,10,2025-04-11,520.0
Central,1,2x12,10,2025-04-18,535.0
Central,1,2x12,10,2025-04-25,545.0
Central,1,2x12,10,2025-05-02,545.0
Central,1,2x12,10,2025-05-09,545.0
Central,1,2x12,10,2025-05-16,530.0
Central,1,2x12,10,2025-05-23,515.0
Central,1,2x12,10,2025-05-30,500.0
Central,1,2x12,10,2025-06-06,485.0
Central,1,2x12,10,2025-06-13,465.0
Central,1,2x12,10,2025-06-19,460.0
Central,1,2x12,10,2025-06-27,455.0
Central,1,2x12,10,2025-07-03,450.0
Central,1,2x12,10,2025-07-11,450.0
Central,1,2x12,10,2025-07-18,450.0
Central,1,2x12,10,2025-07-25,450.0
Central,1,2x12,10,2025-08-01,450.0
Central,1,2x12,10,2025-08-08,450.0
Central,1,2x12,10,2025-08-15,445.0
Central,1,2x12,10,2025-08-22,435.0
Central,1,2x12,10,2025-08-29,430.0
Central,1,2x12,10,2025-09-05,420.0
Central,1,2x12,10,2025-09-12,410.0
Central,1,2x12,10,2025-09-19,410.0
Central,1,2x12,10,2025-09-26,415.0
Central,1,2x12,10,2025-10-03,425.0
Central,1,2x12,10,2025-10-10,435.0
Central,1,2x12,10,2025-10-17,435.0
Central,1,2x12,12,2024-01-12,550.0
Central,1,2x12,12,2024-01-18,555.0
Central,1,2x12,12,2024-01-25,560.0
Central,1,2x12,12,2024-02-08,580.0
Central,1,2x12,12,2024-02-15,605.0
Central,1,2x12,12,2024-02-22,615.0
Central,1,2x12,12,2024-02-29,630.0
Central,1,2x12,12,2024-03-07,630.0
Central,1,2x12,12,2024-03-14,630.0
Central,1,2x12,12,2024-03-21,630.0
Central,1,2x12,12,2024-03-28,630.0
Central,1,2x12,12,2024-04-04,605.0
Central,1,2x12,12,2024-04-11,585.0
Central,1,2x12,12,2024-04-18,570.0
Central,1,2x12,12,2024-04-25,545.0
Central,1,2x12,12,2024-05-02,515.0
Central,1,2x12,12,2024-05-09,510.0
Central,1,2x12,12,2024-05-16,510.0
Central,1,2x12,12,2024-05-30,510.0
Central,1,2x12,12,2024-06-06,510.0
Central,1,2x12,12,2024-06-13,510.0
Central,1,2x12,12,2024-06-20,505.0
Central,1,2x12,12,2024-06-27,505.0
Central,1,2x12,12,2024-07-04,505.0
Central,1,2x12,12,2024-07-11,505.0
Central,1,2x12,12,2024-07-18,505.0
Central,1,2x12,12,2024-07-25,510.0
Central,1,2x12,12,2024-08-01,520.0
Central,1,2x12,12,2024-08-08,525.0
Central,1,2x12,12,2024-08-15,525.0
Central,1,2x12,12,2024-08-22,525.0
Central,1,2x12,12,2024-08-29,520.0
Central,1,2x12,12,2024-09-05,525.0
Central,1,2x12,12,2024-09-12,535.0
Central,1,2x12,12,2024-09-20,540.0
Central,1,2x12,12,2024-09-27,555.0
Central,1,2x12,12,2024-10-04,565.0
Central,1,2x12,12,2024-10-11,580.0
Central,1,2x12,12,2024-10-18,590.0
Central,1,2x12,12,2024-10-25,595.0
Central,1,2x12,12,2024-11-01,595.0
Central,1,2x12,12,2024-11-08,590.0
Central,1,2x12,12,2024-11-15,580.0
Central,1,2x12,12,2024-11-22,565.0
Central,1,2x12,12,2024-11-27,550.0
Central,1,2x12,12,2024-12-06,535.0
Central,1,2x12,12,2024-12-13,525.0
Central,1,2x12,12,2024-12-20,530.0
Central,1,2x12,12,2025-01-03,530.0
Central,1,2x12,12,2025-01-10,535.0
Central,1,2x12,12,2025-01-17,535.0
Central,1,2x12,12,2025-01-24,535.0
Central,1,2x12,12,2025-01-31,515.0
Central,1,2x12,12,2025-02-07,520.0
Central,1,2x12,12,2025-02-14,515.0
Central,1,2x12,12,2025-02-21,515.0
Central,1,2x12,12,2025-02-28,520.0
Central,1,2x12,12,2025-03-07,510.0
Central,1,2x12,12,2025-03-14,485.0
Central,1,2x12,12,2025-03-21,475.0
Central,1,2x12,12,2025-03-28,475.0
Central,1,2x12,12,2025-04-04,485.0
Central,1,2x12,12,2025-04-11,495.0
Central,1,2x12,12,2025-04-18,495.0
Central,1,2x12,12,2025-04-25,495.0
Central,1,2x12,12,2025-05-02,495.0
Central,1,2x12,12,2025-05-09,490.0
Central,1,2x12,12,2025-05-16,480.0
Central,1,2x12,12,2025-05-23,465.0
Central,1,2x12,12,2025-05-30,445.0
Central,1,2x12,12,2025-06-06,430.0
Central,1,2x12,12,2025-06-13,425.0
Central,1,2x12,12,2025-06-19,415.0
Central,1,2x12,12,2025-06-27,415.0
Central,1,2x12,12,2025-07-03,405.0
Central,1,2x12,12,2025-07-11,405.0
Central,1,2x12,12,2025-07-18,415.0
Central,1,2x12,12,2025-07-25,415.0
Central,1,2x12,12,2025-08-01,425.0
Central,1,2x12,12,2025-08-08,425.0
Central,1,2x12,12,2025-08-15,425.0
Central,1,2x12,12,2025-08-22,425.0
Central,1,2x12,12,2025-08-29,425.0
Central,1,2x12,12,2025-09-05,425.0
Central,1,2x12,12,2025-09-12,425.0
Central,1,2x12,12,2025-09-19,435.0
Central,1,2x12,12,2025-09-26,430.0
Central,1,2x12,12,2025-10-03,435.0
Central,1,2x12,12,2025-10-10,440.0
Central,1,2x12,12,2025-10-17,445.0
Central,1,2x12,14,2024-01-12,485.0
Central,1,2x12,14,2024-01-18,495.0
Central,1,2x12,14,2024-01-25,500.0
Central,1,2x12,14,2024-02-08,520.0
Central,1,2x12,14,2024-02-15,545.0
Central,1,2x12,14,2024-02-22,555.0
Central,1,2x12,14,2024-02-29,575.0
Central,1,2x12,14,2024-03-07,575.0
Central,1,2x12,14,2024-03-14,565.0
Central,1,2x12,14,2024-03-21,565.0
Central,1,2x12,14,2024-03-28,565.0
Central,1,2x12,14,2024-04-04,545.0
Central,1,2x12,14,2024-04-11,520.0
Central,1,2x12,14,2024-04-18,500.0
Central,1,2x12,14,2024-04-25,465.0
Central,1,2x12,14,2024-05-02,445.0
Central,1,2x12,14,2024-05-09,445.0
Central,1,2x12,14,2024-05-16,440.0
Central,1,2x12,14,2024-05-30,440.0
Central,1,2x12,14,2024-06-06,440.0
Central,1,2x12,14,2024-06-13,440.0
Central,1,2x12,14,2024-06-20,435.0
Central,1,2x12,14,2024-06-27,435.0
Central,1,2x12,14,2024-07-04,435.0
Central,1,2x12,14,2024-07-11,430.0
Central,1,2x12,14,2024-07-18,430.0
Central,1,2x12,14,2024-07-25,435.0
Central,1,2x12,14,2024-08-01,450.0
Central,1,2x12,14,2024-08-08,455.0
Central,1,2x12,14,2024-08-15,455.0
Central,1,2x12,14,2024-08-22,455.0
Central,1,2x12,14,2024-08-29,455.0
Central,1,2x12,14,2024-09-05,460.0
Central,1,2x12,14,2024-09-12,470.0
Central,1,2x12,14,2024-09-20,475.0
Central,1,2x12,14,2024-09-27,495.0
Central,1,2x12,14,2024-10-04,505.0
Central,1,2x12,14,2024-10-11,520.0
Central,1,2x12,14,2024-10-18,530.0
Central,1,2x12,14,2024-10-25,535.0
Central,1,2x12,14,2024-11-01,535.0
Central,1,2x12,14,2024-11-08,525.0
Central,1,2x12,14,2024-11-15,515.0
Central,1,2x12,14,2024-11-22,505.0
Central,1,2x12,14,2024-11-27,485.0
Central,1,2x12,14,2024-12-06,470.0
Central,1,2x12,14,2024-12-13,470.0
Central,1,2x12,14,2024-12-20,470.0
Central,1,2x12,14,2025-01-03,470.0
Central,1,2x12,14,2025-01-10,470.0
Central,1,2x12,14,2025-01-17,470.0
Central,1,2x12,14,2025-01-24,470.0
Central,1,2x12,14,2025-01-31,470.0
Central,1,2x12,14,2025-02-07,460.0
Central,1,2x12,14,2025-02-14,460.0
Central,1,2x12,14,2025-02-21,460.0
Central,1,2x12,14,2025-02-28,465.0
Central,1,2x12,14,2025-03-07,470.0
Central,1,2x12,14,2025-03-14,450.0
Central,1,2x12,14,2025-03-21,440.0
Central,1,2x12,14,2025-03-28,440.0
Central,1,2x12,14,2025-04-04,445.0
Central,1,2x12,14,2025-04-11,455.0
Central,1,2x12,14,2025-04-18,455.0
Central,1,2x12,14,2025-04-25,455.0
Central,1,2x12,14,2025-05-02,440.0
Central,1,2x12,14,2025-05-09,430.0
Central,1,2x12,14,2025-05-16,415.0
Central,1,2x12,14,2025-05-23,395.0
Central,1,2x12,14,2025-05-30,375.0
Central,1,2x12,14,2025-06-06,365.0
Central,1,2x12,14,2025-06-13,365.0
Central,1,2x12,14,2025-06-19,350.0
Central,1,2x12,14,2025-06-27,330.0
Central,1,2x12,14,2025-07-03,320.0
Central,1,2x12,14,2025-07-11,320.0
Central,1,2x12,14,2025-07-18,325.0
Central,1,2x12,14,2025-07-25,325.0
Central,1,2x12,14,2025-08-01,325.0
Central,1,2x12,14,2025-08-08,325.0
Central,1,2x12,14,2025-08-15,325.0
Central,1,2x12,14,2025-08-22,325.0
Central,1,2x12,14,2025-08-29,315.0
Central,1,2x12,14,2025-09-05,315.0
Central,1,2x12,14,2025-09-12,320.0
Central,1,2x12,14,2025-09-19,330.0
Central,1,2x12,14,2025-09-26,340.0
Central,1,2x12,14,2025-10-03,350.0
Central,1,2x12,14,2025-10-10,365.0
Central,1,2x12,14,2025-10-17,370.0
Central,1,2x12,16,2024-01-12,545.0
Central,1,2x12,16,2024-01-18,560.0
Central,1,2x12,16,2024-01-25,560.0
Central,1,2x12,16,2024-02-08,585.0
Central,1,2x12,16,2024-02-15,615.0
Central,1,2x12,16,2024-02-22,630.0
Central,1,2x12,16,2024-02-29,645.0
Central,1,2x12,16,2024-03-07,645.0
Central,1,2x12,16,2024-03-14,655.0
Central,1,2x12,16,2024-03-21,645.0
Central,1,2x12,16,2024-03-28,645.0
Central,1,2x12,16,2024-04-04,620.0
Central,1,2x12,16,2024-04-11,580.0
Central,1,2x12,16,2024-04-18,565.0
Central,1,2x12,16,2024-04-25,535.0
Central,1,2x12,16,2024-05-02,510.0
Central,1,2x12,16,2024-05-09,505.0
Central,1,2x12,16,2024-05-16,505.0
Central,1,2x12,16,2024-05-30,505.0
Central,1,2x12,16,2024-06-06,505.0
Central,1,2x12,16,2024-06-13,505.0
Central,1,2x12,16,2024-06-20,500.0
Central,1,2x12,16,2024-06-27,500.0
Central,1,2x12,16,2024-07-04,500.0
Central,1,2x12,16,2024-07-11,505.0
Central,1,2x12,16,2024-07-18,510.0
Central,1,2x12,16,2024-07-25,515.0
Central,1,2x12,16,2024-08-01,535.0
Central,1,2x12,16,2024-08-08,540.0
Central,1,2x12,16,2024-08-15,540.0
Central,1,2x12,16,2024-08-22,540.0
Central,1,2x12,16,2024-08-29,540.0
Central,1,2x12,16,2024-09-05,550.0
Central,1,2x12,16,2024-09-12,565.0
Central,1,2x12,16,2024-09-20,575.0
Central,1,2x12,16,2024-09-27,595.0
Central,1,2x12,16,2024-10-04,605.0
Central,1,2x12,16,2024-10-11,620.0
Central,1,2x12,16,2024-10-18,635.0
Central,1,2x12,16,2024-10-25,640.0
Central,1,2x12,16,2024-11-01,640.0
Central,1,2x12,16,2024-11-08,630.0
Central,1,2x12,16,2024-11-15,620.0
Central,1,2x12,16,2024-11-22,610.0
Central,1,2x12,16,2024-11-27,590.0
Central,1,2x12,16,2024-12-06,575.0
Central,1,2x12,16,2024-12-13,565.0
Central,1,2x12,16,2024-12-20,570.0
Central,1,2x12,16,2025-01-03,570.0
Central,1,2x12,16,2025-01-10,570.0
Central,1,2x12,16,2025-01-17,570.0
Central,1,2x12,16,2025-01-24,555.0
Central,1,2x12,16,2025-01-31,545.0
Central,1,2x12,16,2025-02-07,545.0
Central,1,2x12,16,2025-02-14,545.0
Central,1,2x12,16,2025-02-21,540.0
Central,1,2x12,16,2025-02-28,530.0
Central,1,2x12,16,2025-03-07,525.0
Central,1,2x12,16,2025-03-14,525.0
Central,1,2x12,16,2025-03-21,515.0
Central,1,2x12,16,2025-03-28,515.0
Central,1,2x12,16,2025-04-04,500.0
Central,1,2x12,16,2025-04-11,510.0
Central,1,2x12,16,2025-04-18,510.0
Central,1,2x12,16,2025-04-25,510.0
Central,1,2x12,16,2025-05-02,500.0
Central,1,2x12,16,2025-05-09,490.0
Central,1,2x12,16,2025-05-16,475.0
Central,1,2x12,16,2025-05-23,460.0
Central,1,2x12,16,2025-05-30,445.0
Central,1,2x12,16,2025-06-06,435.0
Central,1,2x12,16,2025-06-13,430.0
Central,1,2x12,16,2025-06-19,415.0
Central,1,2x12,16,2025-06-27,395.0
Central,1,2x12,16,2025-07-03,385.0
Central,1,2x12,16,2025-07-11,385.0
Central,1,2x12,16,2025-07-18,390.0
Central,1,2x12,16,2025-07-25,390.0
Central,1,2x12,16,2025-08-01,395.0
Central,1,2x12,16,2025-08-08,395.0
Central,1,2x12,16,2025-08-15,395.0
Central,1,2x12,16,2025-08-22,395.0
Central,1,2x12,16,2025-08-29,380.0
Central,1,2x12,16,2025-09-05,375.0
Central,1,2x12,16,2025-09-12,365.0
Central,1,2x12,16,2025-09-19,370.0
Central,1,2x12,16,2025-09-26,370.0
Central,1,2x12,16,2025-10-03,375.0
Central,1,2x12,16,2025-10-10,385.0
Central,1,2x12,16,2025-10-17,395.0
Central,1,2x12,18,2024-01-12,565.0
Central,1,2x12,18,2024-01-18,575.0
Central,1,2x12,18,2024-01-25,575.0
Central,1,2x12,18,2024-02-08,600.0
Central,1,2x12,18,2024-02-15,625.0
Central,1,2x12,18,2024-02-22,635.0
Central,1,2x12,18,2024-02-29,650.0
Central,1,2x12,18,2024-03-07,650.0
Central,1,2x12,18,2024-03-14,650.0
Central,1,2x12,18,2024-03-21,660.0
Central,1,2x12,18,2024-03-28,660.0
Central,1,2x12,18,2024-04-04,660.0
Central,1,2x12,18,2024-04-11,650.0
Central,1,2x12,18,2024-04-18,630.0
Central,1,2x12,18,2024-04-25,595.0
Central,1,2x12,18,2024-05-02,560.0
Central,1,2x12,18,2024-05-09,545.0
Central,1,2x12,18,2024-05-16,545.0
Central,1,2x12,18,2024-05-30,545.0
Central,1,2x12,18,2024-06-06,545.0
Central,1,2x12,18,2024-06-13,520.0
Central,1,2x12,18,2024-06-20,515.0
Central,1,2x12,18,2024-06-27,515.0
Central,1,2x12,18,2024-07-04,515.0
Central,1,2x12,18,2024-07-11,515.0
Central,1,2x12,18,2024-07-18,515.0
Central,1,2x12,18,2024-07-25,520.0
Central,1,2x12,18,2024-08-01,535.0
Central,1,2x12,18,2024-08-08,540.0
Central,1,2x12,18,2024-08-15,540.0
Central,1,2x12,18,2024-08-22,540.0
Central,1,2x12,18,2024-08-29,540.0
Central,1,2x12,18,2024-09-05,550.0
Central,1,2x12,18,2024-09-12,565.0
Central,1,2x12,18,2024-09-20,575.0
Central,1,2x12,18,2024-09-27,595.0
Central,1,2x12,18,2024-10-04,605.0
Central,1,2x12,18,2024-10-11,620.0
Central,1,2x12,18,2024-10-18,635.0
Central,1,2x12,18,2024-10-25,640.0
Central,1,2x12,18,2024-11-01,630.0
Central,1,2x12,18,2024-11-08,630.0
Central,1,2x12,18,2024-11-15,620.0
Central,1,2x12,18,2024-11-22,605.0
Central,1,2x12,18,2024-11-27,590.0
Central,1,2x12,18,2024-12-06,575.0
Central,1,2x12,18,2024-12-13,565.0
Central,1,2x12,18,2024-12-20,570.0
Central,1,2x12,18,2025-01-03,570.0
Central,1,2x12,18,2025-01-10,575.0
Central,1,2x12,18,2025-01-17,575.0
Central,1,2x12,18,2025-01-24,570.0
Central,1,2x12,18,2025-01-31,570.0
Central,1,2x12,18,2025-02-07,575.0
Central,1,2x12,18,2025-02-14,575.0
Central,1,2x12,18,2025-02-21,585.0
Central,1,2x12,18,2025-02-28,590.0
Central,1,2x12,18,2025-03-07,595.0
Central,1,2x12,18,2025-03-14,595.0
Central,1,2x12,18,2025-03-21,595.0
Central,1,2x12,18,2025-03-28,595.0
Central,1,2x12,18,2025-04-04,605.0
Central,1,2x12,18,2025-04-11,615.0
Central,1,2x12,18,2025-04-18,615.0
Central,1,2x12,18,2025-04-25,615.0
Central,1,2x12,18,2025-05-02,615.0
Central,1,2x12,18,2025-05-09,585.0
Central,1,2x12,18,2025-05-16,565.0
Central,1,2x12,18,2025-05-23,540.0
Central,1,2x12,18,2025-05-30,510.0
Central,1,2x12,18,2025-06-06,480.0
Central,1,2x12,18,2025-06-13,475.0
Central,1,2x12,18,2025-06-19,435.0
Central,1,2x12,18,2025-06-27,415.0
Central,1,2x12,18,2025-07-03,405.0
Central,1,2x12,18,2025-07-11,405.0
Central,1,2x12,18,2025-07-18,405.0
Central,1,2x12,18,2025-07-25,405.0
Central,1,2x12,18,2025-08-01,390.0
Central,1,2x12,18,2025-08-08,390.0
Central,1,2x12,18,2025-08-15,385.0
Central,1,2x12,18,2025-08-22,380.0
Central,1,2x12,18,2025-08-29,380.0
Central,1,2x12,18,2025-09-05,380.0
Central,1,2x12,18,2025-09-12,375.0
Central,1,2x12,18,2025-09-19,375.0
Central,1,2x12,18,2025-09-26,380.0
Central,1,2x12,18,2025-10-03,380.0
Central,1,2x12,18,2025-10-10,390.0
Central,1,2x12,18,2025-10-17,390.0
Central,1,2x12,20,2024-01-12,750.0
Central,1,2x12,20,2024-01-18,750.0
Central,1,2x12,20,2024-01-25,730.0
Central,1,2x12,20,2024-02-08,750.0
Central,1,2x12,20,2024-02-15,775.0
Central,1,2x12,20,2024-02-22,785.0
Central,1,2x12,20,2024-02-29,800.0
Central,1,2x12,20,2024-03-07,800.0
Central,1,2x12,20,2024-03-14,800.0
Central,1,2x12,20,2024-03-21,800.0
Central,1,2x12,20,2024-03-28,800.0
Central,1,2x12,20,2024-04-04,800.0
Central,1,2x12,20,2024-04-11,800.0
Central,1,2x12,20,2024-04-18,785.0
Central,1,2x12,20,2024-04-25,755.0
Central,1,2x12,20,2024-05-02,745.0
Central,1,2x12,20,2024-05-09,730.0
Central,1,2x12,20,2024-05-16,720.0
Central,1,2x12,20,2024-05-30,720.0
Central,1,2x12,20,2024-06-06,720.0
Central,1,2x12,20,2024-06-13,725.0
Central,1,2x12,20,2024-06-20,720.0
Central,1,2x12,20,2024-06-27,720.0
Central,1,2x12,20,2024-07-04,720.0
Central,1,2x12,20,2024-07-11,720.0
Central,1,2x12,20,2024-07-18,720.0
Central,1,2x12,20,2024-07-25,730.0
Central,1,2x12,20,2024-08-01,745.0
Central,1,2x12,20,2024-08-08,750.0
Central,1,2x12,20,2024-08-15,760.0
Central,1,2x12,20,2024-08-22,770.0
Central,1,2x12,20,2024-08-29,790.0
Central,1,2x12,20,2024-09-05,800.0
Central,1,2x12,20,2024-09-12,800.0
Central,1,2x12,20,2024-09-20,800.0
Central,1,2x12,20,2024-09-27,820.0
Central,1,2x12,20,2024-10-04,845.0
Central,1,2x12,20,2024-10-11,860.0
Central,1,2x12,20,2024-10-18,885.0
Central,1,2x12,20,2024-10-25,905.0
Central,1,2x12,20,2024-11-01,905.0
Central,1,2x12,20,2024-11-08,915.0
Central,1,2x12,20,2024-11-15,925.0
Central,1,2x12,20,2024-11-22,925.0
Central,1,2x12,20,2024-11-27,925.0
Central,1,2x12,20,2024-12-06,915.0
Central,1,2x12,20,2024-12-13,915.0
Central,1,2x12,20,2024-12-20,920.0
Central,1,2x12,20,2025-01-03,920.0
Central,1,2x12,20,2025-01-10,925.0
Central,1,2x12,20,2025-01-17,925.0
Central,1,2x12,20,2025-01-24,925.0
Central,1,2x12,20,2025-01-31,925.0
Central,1,2x12,20,2025-02-07,930.0
Central,1,2x12,20,2025-02-14,935.0
Central,1,2x12,20,2025-02-21,935.0
Central,1,2x12,20,2025-02-28,935.0
Central,1,2x12,20,2025-03-07,920.0
Central,1,2x12,20,2025-03-14,930.0
Central,1,2x12,20,2025-03-21,945.0
Central,1,2x12,20,2025-03-28,945.0
Central,1,2x12,20,2025-04-04,945.0
Central,1,2x12,20,2025-04-11,955.0
Central,1,2x12,20,2025-04-18,955.0
Central,1,2x12,20,2025-04-25,965.0
Central,1,2x12,20,2025-05-02,945.0
Central,1,2x12,20,2025-05-09,920.0
Central,1,2x12,20,2025-05-16,900.0
Central,1,2x12,20,2025-05-23,875.0
Central,1,2x12,20,2025-05-30,845.0
Central,1,2x12,20,2025-06-06,830.0
Central,1,2x12,20,2025-06-13,820.0
Central,1,2x12,20,2025-06-19,750.0
Central,1,2x12,20,2025-06-27,690.0
Central,1,2x12,20,2025-07-03,660.0
Central,1,2x12,20,2025-07-11,645.0
Central,1,2x12,20,2025-07-18,640.0
Central,1,2x12,20,2025-07-25,640.0
Central,1,2x12,20,2025-08-01,625.0
Central,1,2x12,20,2025-08-08,610.0
Central,1,2x12,20,2025-08-15,605.0
Central,1,2x12,20,2025-08-22,595.0
Central,1,2x12,20,2025-08-29,585.0
Central,1,2x12,20,2025-09-05,565.0
Central,1,2x12,20,2025-09-12,550.0
Central,1,2x12,20,2025-09-19,550.0
Central,1,2x12,20,2025-09-26,550.0
Central,1,2x12,20,2025-10-03,550.0
Central,1,2x12,20,2025-10-10,560.0
Central,1,2x12,20,2025-10-17,560.0
Central,1,2x4,8,2024-01-12,395.0
Central,1,2x4,8,2024-01-18,395.0
Central,1,2x4,8,2024-01-25,380.0
Central,1,2x4,8,2024-02-08,385.0
Central,1,2x4,8,2024-02-15,400.0
Central,1,2x4,8,2024-02-22,400.0
Central,1,2x4,8,2024-02-29,400.0
Central,1,2x4,8,2024-03-07,415.0
Central,1,2x4,8,2024-03-14,425.0
Central,1,2x4,8,2024-03-21,425.0
Central,1,2x4,8,2024-03-28,415.0
Central,1,2x4,8,2024-04-04,415.0
Central,1,2x4,8,2024-04-11,400.0
Central,1,2x4,8,2024-04-18,385.0
Central,1,2x4,8,2024-04-25,385.0
Central,1,2x4,8,2024-05-02,385.0
Central,1,2x4,8,2024-05-09,395.0
Central,1,2x4,8,2024-05-16,400.0
Central,1,2x4,8,2024-05-30,400.0
Central,1,2x4,8,2024-06-06,400.0
Central,1,2x4,8,2024-06-13,390.0
Central,1,2x4,8,2024-06-20,385.0
Central,1,2x4,8,2024-06-27,375.0
Central,1,2x4,8,2024-07-04,370.0
Central,1,2x4,8,2024-07-11,370.0
Central,1,2x4,8,2024-07-18,375.0
Central,1,2x4,8,2024-07-25,380.0
Central,1,2x4,8,2024-08-01,395.0
Central,1,2x4,8,2024-08-08,400.0
Central,1,2x4,8,2024-08-15,400.0
Central,1,2x4,8,2024-08-22,400.0
Central,1,2x4,8,2024-08-29,400.0
Central,1,2x4,8,2024-09-05,400.0
Central,1,2x4,8,2024-09-12,400.0
Central,1,2x4,8,2024-09-20,405.0
Central,1,2x4,8,2024-09-27,420.0
Central,1,2x4,8,2024-10-04,435.0
Central,1,2x4,8,2024-10-11,460.0
Central,1,2x4,8,2024-10-18,475.0
Central,1,2x4,8,2024-10-25,485.0
Central,1,2x4,8,2024-11-01,485.0
Central,1,2x4,8,2024-11-08,470.0
Central,1,2x4,8,2024-11-15,450.0
Central,1,2x4,8,2024-11-22,425.0
Central,1,2x4,8,2024-11-27,410.0
Central,1,2x4,8,2024-12-06,395.0
Central,1,2x4,8,2024-12-13,395.0
Central,1,2x4,8,2024-12-20,395.0
Central,1,2x4,8,2025-01-03,415.0
Central,1,2x4,8,2025-01-10,425.0
Central,1,2x4,8,2025-01-17,425.0
Central,1,2x4,8,2025-01-24,425.0
Central,1,2x4,8,2025-01-31,425.0
Central,1,2x4,8,2025-02-07,440.0
Central,1,2x4,8,2025-02-14,450.0
Central,1,2x4,8,2025-02-21,460.0
Central,1,2x4,8,2025-02-28,460.0
Central,1,2x4,8,2025-03-07,470.0
Central,1,2x4,8,2025-03-14,475.0
Central,1,2x4,8,2025-03-21,475.0
Central,1,2x4,8,2025-03-28,480.0
Central,1,2x4,8,2025-04-04,495.0
Central,1,2x4,8,2025-04-11,510.0
Central,1,2x4,8,2025-04-18,525.0
Central,1,2x4,8,2025-04-25,545.0
Central,1,2x4,8,2025-05-02,550.0
Central,1,2x4,8,2025-05-09,540.0
Central,1,2x4,8,2025-05-16,525.0
Central,1,2x4,8,2025-05-23,495.0
Central,1,2x4,8,2025-05-30,475.0
Central,1,2x4,8,2025-06-06,460.0
Central,1,2x4,8,2025-06-13,435.0
Central,1,2x4,8,2025-06-19,425.0
Central,1,2x4,8,2025-06-27,425.0
Central,1,2x4,8,2025-07-03,425.0
Central,1,2x4,8,2025-07-11,425.0
Central,1,2x4,8,2025-07-18,425.0
Central,1,2x4,8,2025-07-25,425.0
Central,1,2x4,8,2025-08-01,425.0
Central,1,2x4,8,2025-08-08,410.0
Central,1,2x4,8,2025-08-15,395.0
Central,1,2x4,8,2025-08-22,375.0
Central,1,2x4,8,2025-08-29,355.0
Central,1,2x4,8,2025-09-05,335.0
Central,1,2x4,8,2025-09-12,325.0
Central,1,2x4,8,2025-09-19,325.0
Central,1,2x4,8,2025-09-26,315.0
Central,1,2x4,8,2025-10-03,325.0
Central,1,2x4,8,2025-10-10,325.0
Central,1,2x4,8,2025-10-17,330.0
Central,1,2x4,10,2024-01-12,400.0
Central,1,2x4,10,2024-01-18,395.0
Central,1,2x4,10,2024-01-25,375.0
Central,1,2x4,10,2024-02-08,375.0
Central,1,2x4,10,2024-02-15,385.0
Central,1,2x4,10,2024-02-22,375.0
Central,1,2x4,10,2024-02-29,375.0
Central,1,2x4,10,2024-03-07,375.0
Central,1,2x4,10,2024-03-14,375.0
Central,1,2x4,10,2024-03-21,385.0
Central,1,2x4,10,2024-03-28,375.0
Central,1,2x4,10,2024-04-04,365.0
Central,1,2x4,10,2024-04-11,350.0
Central,1,2x4,10,2024-04-18,330.0
Central,1,2x4,10,2024-04-25,330.0
Central,1,2x4,10,2024-05-02,330.0
Central,1,2x4,10,2024-05-09,330.0
Central,1,2x4,10,2024-05-16,330.0
Central,1,2x4,10,2024-05-30,310.0
Central,1,2x4,10,2024-06-06,310.0
Central,1,2x4,10,2024-06-13,310.0
Central,1,2x4,10,2024-06-20,305.0
Central,1,2x4,10,2024-06-27,290.0
Central,1,2x4,10,2024-07-04,285.0
Central,1,2x4,10,2024-07-11,280.0
Central,1,2x4,10,2024-07-18,280.0
Central,1,2x4,10,2024-07-25,290.0
Central,1,2x4,10,2024-08-01,300.0
Central,1,2x4,10,2024-08-08,305.0
Central,1,2x4,10,2024-08-15,305.0
Central,1,2x4,10,2024-08-22,305.0
Central,1,2x4,10,2024-08-29,300.0
Central,1,2x4,10,2024-09-05,300.0
Central,1,2x4,10,2024-09-12,300.0
Central,1,2x4,10,2024-09-20,305.0
Central,1,2x4,10,2024-09-27,325.0
Central,1,2x4,10,2024-10-04,340.0
Central,1,2x4,10,2024-10-11,365.0
Central,1,2x4,10,2024-10-18,380.0
Central,1,2x4,10,2024-10-25,400.0
Central,1,2x4,10,2024-11-01,405.0
Central,1,2x4,10,2024-11-08,390.0
Central,1,2x4,10,2024-11-15,370.0
Central,1,2x4,10,2024-11-22,345.0
Central,1,2x4,10,2024-11-27,340.0
Central,1,2x4,10,2024-12-06,325.0
Central,1,2x4,10,2024-12-13,320.0
Central,1,2x4,10,2024-12-20,340.0
Central,1,2x4,10,2025-01-03,365.0
Central,1,2x4,10,2025-01-10,380.0
Central,1,2x4,10,2025-01-17,395.0
Central,1,2x4,10,2025-01-24,395.0
Central,1,2x4,10,2025-01-31,395.0
Central,1,2x4,10,2025-02-07,405.0
Central,1,2x4,10,2025-02-14,415.0
Central,1,2x4,10,2025-02-21,425.0
Central,1,2x4,10,2025-02-28,435.0
Central,1,2x4,10,2025-03-07,435.0
Central,1,2x4,10,2025-03-14,440.0
Central,1,2x4,10,2025-03-21,445.0
Central,1,2x4,10,2025-03-28,450.0
Central,1,2x4,10,2025-04-04,460.0
Central,1,2x4,10,2025-04-11,475.0
Central,1,2x4,10,2025-04-18,485.0
Central,1,2x4,10,2025-04-25,500.0
Central,1,2x4,10,2025-05-02,500.0
Central,1,2x4,10,2025-05-09,490.0
Central,1,2x4,10,2025-05-16,470.0
Central,1,2x4,10,2025-05-23,445.0
Central,1,2x4,10,2025-05-30,425.0
Central,1,2x4,10,2025-06-06,405.0
Central,1,2x4,10,2025-06-13,385.0
Central,1,2x4,10,2025-06-19,380.0
Central,1,2x4,10,2025-06-27,375.0
Central,1,2x4,10,2025-07-03,375.0
Central,1,2x4,10,2025-07-11,375.0
Central,1,2x4,10,2025-07-18,375.0
Central,1,2x4,10,2025-07-25,375.0
Central,1,2x4,10,2025-08-01,375.0
Central,1,2x4,10,2025-08-08,370.0
Central,1,2x4,10,2025-08-15,365.0
Central,1,2x4,10,2025-08-22,355.0
Central,1,2x4,10,2025-08-29,330.0
Central,1,2x4,10,2025-09-05,325.0
Central,1,2x4,10,2025-09-12,325.0
Central,1,2x4,10,2025-09-19,325.0
Central,1,2x4,10,2025-09-26,315.0
Central,1,2x4,10,2025-10-03,325.0
Central,1,2x4,10,2025-10-10,330.0
Central,1,2x4,10,2025-10-17,335.0
Central,1,2x4,12,2024-01-12,440.0
Central,1,2x4,12,2024-01-18,430.0
Central,1,2x4,12,2024-01-25,415.0
Central,1,2x4,12,2024-02-08,410.0
Central,1,2x4,12,2024-02-15,420.0
Central,1,2x4,12,2024-02-22,410.0
Central,1,2x4,12,2024-02-29,410.0
Central,1,2x4,12,2024-03-07,395.0
Central,1,2x4,12,2024-03-14,400.0
Central,1,2x4,12,2024-03-21,400.0
Central,1,2x4,12,2024-03-28,390.0
Central,1,2x4,12,2024-04-04,380.0
Central,1,2x4,12,2024-04-11,360.0
Central,1,2x4,12,2024-04-18,340.0
Central,1,2x4,12,2024-04-25,340.0
Central,1,2x4,12,2024-05-02,340.0
Central,1,2x4,12,2024-05-09,340.0
Central,1,2x4,12,2024-05-16,350.0
Central,1,2x4,12,2024-05-30,340.0
Central,1,2x4,12,2024-06-06,340.0
Central,1,2x4,12,2024-06-13,330.0
Central,1,2x4,12,2024-06-20,325.0
Central,1,2x4,12,2024-06-27,310.0
Central,1,2x4,12,2024-07-04,305.0
Central,1,2x4,12,2024-07-11,305.0
Central,1,2x4,12,2024-07-18,305.0
Central,1,2x4,12,2024-07-25,305.0
Central,1,2x4,12,2024-08-01,315.0
Central,1,2x4,12,2024-08-08,320.0
Central,1,2x4,12,2024-08-15,325.0
Central,1,2x4,12,2024-08-22,325.0
Central,1,2x4,12,2024-08-29,320.0
Central,1,2x4,12,2024-09-05,320.0
Central,1,2x4,12,2024-09-12,320.0
Central,1,2x4,12,2024-09-20,320.0
Central,1,2x4,12,2024-09-27,335.0
Central,1,2x4,12,2024-10-04,355.0
Central,1,2x4,12,2024-10-11,380.0
Central,1,2x4,12,2024-10-18,405.0
Central,1,2x4,12,2024-10-25,420.0
Central,1,2x4,12,2024-11-01,420.0
Central,1,2x4,12,2024-11-08,405.0
Central,1,2x4,12,2024-11-15,385.0
Central,1,2x4,12,2024-11-22,365.0
Central,1,2x4,12,2024-11-27,355.0
Central,1,2x4,12,2024-12-06,345.0
Central,1,2x4,12,2024-12-13,340.0
Central,1,2x4,12,2024-12-20,355.0
Central,1,2x4,12,2025-01-03,375.0
Central,1,2x4,12,2025-01-10,390.0
Central,1,2x4,12,2025-01-17,400.0
Central,1,2x4,12,2025-01-24,400.0
Central,1,2x4,12,2025-01-31,395.0
Central,1,2x4,12,2025-02-07,410.0
Central,1,2x4,12,2025-02-14,420.0
Central,1,2x4,12,2025-02-21,430.0
Central,1,2x4,12,2025-02-28,430.0
Central,1,2x4,12,2025-03-07,440.0
Central,1,2x4,12,2025-03-14,445.0
Central,1,2x4,12,2025-03-21,450.0
Central,1,2x4,12,2025-03-28,455.0
Central,1,2x4,12,2025-04-04,465.0
Central,1,2x4,12,2025-04-11,480.0
Central,1,2x4,12,2025-04-18,490.0
Central,1,2x4,12,2025-04-25,505.0
Central,1,2x4,12,2025-05-02,505.0
Central,1,2x4,12,2025-05-09,495.0
Central,1,2x4,12,2025-05-16,470.0
Central,1,2x4,12,2025-05-23,450.0
Central,1,2x4,12,2025-05-30,425.0
Central,1,2x4,12,2025-06-06,405.0
Central,1,2x4,12,2025-06-13,385.0
Central,1,2x4,12,2025-06-19,380.0
Central,1,2x4,12,2025-06-27,375.0
Central,1,2x4,12,2025-07-03,375.0
Central,1,2x4,12,2025-07-11,375.0
Central,1,2x4,12,2025-07-18,375.0
Central,1,2x4,12,2025-07-25,375.0
Central,1,2x4,12,2025-08-01,375.0
Central,1,2x4,12,2025-08-08,370.0
Central,1,2x4,12,2025-08-15,365.0
Central,1,2x4,12,2025-08-22,350.0
Central,1,2x4,12,2025-08-29,335.0
Central,1,2x4,12,2025-09-05,325.0
Central,1,2x4,12,2025-09-12,325.0
Central,1,2x4,12,2025-09-19,325.0
Central,1,2x4,12,2025-09-26,325.0
Central,1,2x4,12,2025-10-03,330.0
Central,1,2x4,12,2025-10-10,340.0
Central,1,2x4,12,2025-10-17,345.0
Central,1,2x4,14,2024-01-12,460.0
Central,1,2x4,14,2024-01-18,460.0
Central,1,2x4,14,2024-01-25,445.0
Central,1,2x4,14,2024-02-08,430.0
Central,1,2x4,14,2024-02-15,440.0
Central,1,2x4,14,2024-02-22,435.0
Central,1,2x4,14,2024-02-29,435.0
Central,1,2x4,14,2024-03-07,435.0
Central,1,2x4,14,2024-03-14,435.0
Central,1,2x4,14,2024-03-21,435.0
Central,1,2x4,14,2024-03-28,425.0
Central,1,2x4,14,2024-04-04,410.0
Central,1,2x4,14,2024-04-11,390.0
Central,1,2x4,14,2024-04-18,375.0
Central,1,2x4,14,2024-04-25,375.0
Central,1,2x4,14,2024-05-02,375.0
Central,1,2x4,14,2024-05-09,375.0
Central,1,2x4,14,2024-05-16,365.0
Central,1,2x4,14,2024-05-30,350.0
Central,1,2x4,14,2024-06-06,350.0
Central,1,2x4,14,2024-06-13,345.0
Central,1,2x4,14,2024-06-20,340.0
Central,1,2x4,14,2024-06-27,340.0
Central,1,2x4,14,2024-07-04,335.0
Central,1,2x4,14,2024-07-11,335.0
Central,1,2x4,14,2024-07-18,340.0
Central,1,2x4,14,2024-07-25,345.0
Central,1,2x4,14,2024-08-01,355.0
Central,1,2x4,14,2024-08-08,360.0
Central,1,2x4,14,2024-08-15,365.0
Central,1,2x4,14,2024-08-22,370.0
Central,1,2x4,14,2024-08-29,375.0
Central,1,2x4,14,2024-09-05,375.0
Central,1,2x4,14,2024-09-12,375.0
Central,1,2x4,14,2024-09-20,380.0
Central,1,2x4,14,2024-09-27,395.0
Central,1,2x4,14,2024-10-04,405.0
Central,1,2x4,14,2024-10-11,430.0
Central,1,2x4,14,2024-10-18,450.0
Central,1,2x4,14,2024-10-25,470.0
Central,1,2x4,14,2024-11-01,480.0
Central,1,2x4,14,2024-11-08,460.0
Central,1,2x4,14,2024-11-15,435.0
Central,1,2x4,14,2024-11-22,410.0
Central,1,2x4,14,2024-11-27,395.0
Central,1,2x4,14,2024-12-06,380.0
Central,1,2x4,14,2024-12-13,380.0
Central,1,2x4,14,2024-12-20,390.0
Central,1,2x4,14,2025-01-03,410.0
Central,1,2x4,14,2025-01-10,420.0
Central,1,2x4,14,2025-01-17,430.0
Central,1,2x4,14,2025-01-24,430.0
Central,1,2x4,14,2025-01-31,425.0
Central,1,2x4,14,2025-02-07,435.0
Central,1,2x4,14,2025-02-14,450.0
Central,1,2x4,14,2025-02-21,460.0
Central,1,2x4,14,2025-02-28,470.0
Central,1,2x4,14,2025-03-07,470.0
Central,1,2x4,14,2025-03-14,475.0
Central,1,2x4,14,2025-03-21,480.0
Central,1,2x4,14,2025-03-28,485.0
Central,1,2x4,14,2025-04-04,500.0
Central,1,2x4,14,2025-04-11,515.0
Central,1,2x4,14,2025-04-18,530.0
Central,1,2x4,14,2025-04-25,545.0
Central,1,2x4,14,2025-05-02,550.0
Central,1,2x4,14,2025-05-09,540.0
Central,1,2x4,14,2025-05-16,520.0
Central,1,2x4,14,2025-05-23,495.0
Central,1,2x4,14,2025-05-30,470.0
Central,1,2x4,14,2025-06-06,445.0
Central,1,2x4,14,2025-06-13,420.0
Central,1,2x4,14,2025-06-19,410.0
Central,1,2x4,14,2025-06-27,405.0
Central,1,2x4,14,2025-07-03,405.0
Central,1,2x4,14,2025-07-11,395.0
Central,1,2x4,14,2025-07-18,395.0
Central,1,2x4,14,2025-07-25,395.0
Central,1,2x4,14,2025-08-01,400.0
Central,1,2x4,14,2025-08-08,400.0
Central,1,2x4,14,2025-08-15,395.0
Central,1,2x4,14,2025-08-22,385.0
Central,1,2x4,14,2025-08-29,370.0
Central,1,2x4,14,2025-09-05,360.0
Central,1,2x4,14,2025-09-12,360.0
Central,1,2x4,14,2025-09-19,360.0
Central,1,2x4,14,2025-09-26,360.0
Central,1,2x4,14,2025-10-03,370.0
Central,1,2x4,14,2025-10-10,375.0
Central,1,2x4,14,2025-10-17,380.0
Central,1,2x4,16,2024-01-12,515.0
Central,1,2x4,16,2024-01-18,510.0
Central,1,2x4,16,2024-01-25,485.0
Central,1,2x4,16,2024-02-08,470.0
Central,1,2x4,16,2024-02-15,475.0
Central,1,2x4,16,2024-02-22,470.0
Central,1,2x4,16,2024-02-29,470.0
Central,1,2x4,16,2024-03-07,465.0
Central,1,2x4,16,2024-03-14,455.0
Central,1,2x4,16,2024-03-21,465.0
Central,1,2x4,16,2024-03-28,455.0
Central,1,2x4,16,2024-04-04,445.0
Central,1,2x4,16,2024-04-11,410.0
Central,1,2x4,16,2024-04-18,400.0
Central,1,2x4,16,2024-04-25,400.0
Central,1,2x4,16,2024-05-02,400.0
Central,1,2x4,16,2024-05-09,410.0
Central,1,2x4,16,2024-05-16,410.0
Central,1,2x4,16,2024-05-30,390.0
Central,1,2x4,16,2024-06-06,390.0
Central,1,2x4,16,2024-06-13,385.0
Central,1,2x4,16,2024-06-20,380.0
Central,1,2x4,16,2024-06-27,375.0
Central,1,2x4,16,2024-07-04,375.0
Central,1,2x4,16,2024-07-11,375.0
Central,1,2x4,16,2024-07-18,380.0
Central,1,2x4,16,2024-07-25,385.0
Central,1,2x4,16,2024-08-01,405.0
Central,1,2x4,16,2024-08-08,410.0
Central,1,2x4,16,2024-08-15,420.0
Central,1,2x4,16,2024-08-22,430.0
Central,1,2x4,16,2024-08-29,435.0
Central,1,2x4,16,2024-09-05,435.0
Central,1,2x4,16,2024-09-12,445.0
Central,1,2x4,16,2024-09-20,445.0
Central,1,2x4,16,2024-09-27,460.0
Central,1,2x4,16,2024-10-04,480.0
Central,1,2x4,16,2024-10-11,505.0
Central,1,2x4,16,2024-10-18,525.0
Central,1,2x4,16,2024-10-25,535.0
Central,1,2x4,16,2024-11-01,535.0
Central,1,2x4,16,2024-11-08,515.0
Central,1,2x4,16,2024-11-15,490.0
Central,1,2x4,16,2024-11-22,450.0
Central,1,2x4,16,2024-11-27,430.0
Central,1,2x4,16,2024-12-06,410.0
Central,1,2x4,16,2024-12-13,410.0
Central,1,2x4,16,2024-12-20,420.0
Central,1,2x4,16,2025-01-03,435.0
Central,1,2x4,16,2025-01-10,440.0
Central,1,2x4,16,2025-01-17,440.0
Central,1,2x4,16,2025-01-24,440.0
Central,1,2x4,16,2025-01-31,435.0
Central,1,2x4,16,2025-02-07,445.0
Central,1,2x4,16,2025-02-14,460.0
Central,1,2x4,16,2025-02-21,470.0
Central,1,2x4,16,2025-02-28,470.0
Central,1,2x4,16,2025-03-07,475.0
Central,1,2x4,16,2025-03-14,475.0
Central,1,2x4,16,2025-03-21,480.0
Central,1,2x4,16,2025-03-28,485.0
Central,1,2x4,16,2025-04-04,500.0
Central,1,2x4,16,2025-04-11,525.0
Central,1,2x4,16,2025-04-18,550.0
Central,1,2x4,16,2025-04-25,565.0
Central,1,2x4,16,2025-05-02,575.0
Central,1,2x4,16,2025-05-09,575.0
Central,1,2x4,16,2025-05-16,565.0
Central,1,2x4,16,2025-05-23,535.0
Central,1,2x4,16,2025-05-30,515.0
Central,1,2x4,16,2025-06-06,495.0
Central,1,2x4,16,2025-06-13,470.0
Central,1,2x4,16,2025-06-19,460.0
Central,1,2x4,16,2025-06-27,450.0
Central,1,2x4,16,2025-07-03,445.0
Central,1,2x4,16,2025-07-11,445.0
Central,1,2x4,16,2025-07-18,445.0
Central,1,2x4,16,2025-07-25,445.0
Central,1,2x4,16,2025-08-01,450.0
Central,1,2x4,16,2025-08-08,450.0
Central,1,2x4,16,2025-08-15,440.0
Central,1,2x4,16,2025-08-22,420.0
Central,1,2x4,16,2025-08-29,400.0
Central,1,2x4,16,2025-09-05,385.0
Central,1,2x4,16,2025-09-12,370.0
Central,1,2x4,16,2025-09-19,370.0
Central,1,2x4,16,2025-09-26,370.0
Central,1,2x4,16,2025-10-03,375.0
Central,1,2x4,16,2025-10-10,380.0
Central,1,2x4,16,2025-10-17,380.0
Central,1,2x4,18,2024-01-12,450.0
Central,1,2x4,18,2024-01-18,450.0
Central,1,2x4,18,2024-01-25,430.0
Central,1,2x4,18,2024-02-08,415.0
Central,1,2x4,18,2024-02-15,420.0
Central,1,2x4,18,2024-02-22,420.0
Central,1,2x4,18,2024-02-29,420.0
Central,1,2x4,18,2024-03-07,420.0
Central,1,2x4,18,2024-03-14,420.0
Central,1,2x4,18,2024-03-21,420.0
Central,1,2x4,18,2024-03-28,410.0
Central,1,2x4,18,2024-04-04,395.0
Central,1,2x4,18,2024-04-11,375.0
Central,1,2x4,18,2024-04-18,370.0
Central,1,2x4,18,2024-04-25,370.0
Central,1,2x4,18,2024-05-02,370.0
Central,1,2x4,18,2024-05-09,370.0
Central,1,2x4,18,2024-05-16,370.0
Central,1,2x4,18,2024-05-30,360.0
Central,1,2x4,18,2024-06-06,360.0
Central,1,2x4,18,2024-06-13,350.0
Central,1,2x4,18,2024-06-20,345.0
Central,1,2x4,18,2024-06-27,330.0
Central,1,2x4,18,2024-07-04,330.0
Central,1,2x4,18,2024-07-11,330.0
Central,1,2x4,18,2024-07-18,330.0
Central,1,2x4,18,2024-07-25,330.0
Central,1,2x4,18,2024-08-01,335.0
Central,1,2x4,18,2024-08-08,340.0
Central,1,2x4,18,2024-08-15,345.0
Central,1,2x4,18,2024-08-22,350.0
Central,1,2x4,18,2024-08-29,350.0
Central,1,2x4,18,2024-09-05,335.0
Central,1,2x4,18,2024-09-12,335.0
Central,1,2x4,18,2024-09-20,345.0
Central,1,2x4,18,2024-09-27,365.0
Central,1,2x4,18,2024-10-04,390.0
Central,1,2x4,18,2024-10-11,415.0
Central,1,2x4,18,2024-10-18,430.0
Central,1,2x4,18,2024-10-25,440.0
Central,1,2x4,18,2024-11-01,440.0
Central,1,2x4,18,2024-11-08,425.0
Central,1,2x4,18,2024-11-15,405.0
Central,1,2x4,18,2024-11-22,385.0
Central,1,2x4,18,2024-11-27,370.0
Central,1,2x4,18,2024-12-06,360.0
Central,1,2x4,18,2024-12-13,350.0
Central,1,2x4,18,2024-12-20,365.0
Central,1,2x4,18,2025-01-03,385.0
Central,1,2x4,18,2025-01-10,400.0
Central,1,2x4,18,2025-01-17,410.0
Central,1,2x4,18,2025-01-24,410.0
Central,1,2x4,18,2025-01-31,405.0
Central,1,2x4,18,2025-02-07,420.0
Central,1,2x4,18,2025-02-14,420.0
Central,1,2x4,18,2025-02-21,420.0
Central,1,2x4,18,2025-02-28,420.0
Central,1,2x4,18,2025-03-07,420.0
Central,1,2x4,18,2025-03-14,430.0
Central,1,2x4,18,2025-03-21,435.0
Central,1,2x4,18,2025-03-28,440.0
Central,1,2x4,18,2025-04-04,450.0
Central,1,2x4,18,2025-04-11,465.0
Central,1,2x4,18,2025-04-18,480.0
Central,1,2x4,18,2025-04-25,505.0
Central,1,2x4,18,2025-05-02,515.0
Central,1,2x4,18,2025-05-09,510.0
Central,1,2x4,18,2025-05-16,495.0
Central,1,2x4,18,2025-05-23,475.0
Central,1,2x4,18,2025-05-30,455.0
Central,1,2x4,18,2025-06-06,435.0
Central,1,2x4,18,2025-06-13,415.0
Central,1,2x4,18,2025-06-19,405.0
Central,1,2x4,18,2025-06-27,405.0
Central,1,2x4,18,2025-07-03,400.0
Central,1,2x4,18,2025-07-11,400.0
Central,1,2x4,18,2025-07-18,415.0
Central,1,2x4,18,2025-07-25,415.0
Central,1,2x4,18,2025-08-01,415.0
Central,1,2x4,18,2025-08-08,415.0
Central,1,2x4,18,2025-08-15,415.0
Central,1,2x4,18,2025-08-22,405.0
Central,1,2x4,18,2025-08-29,390.0
Central,1,2x4,18,2025-09-05,390.0
Central,1,2x4,18,2025-09-12,390.0
Central,1,2x4,18,2025-09-19,395.0
Central,1,2x4,18,2025-09-26,395.0
Central,1,2x4,18,2025-10-03,405.0
Central,1,2x4,18,2025-10-10,415.0
Central,1,2x4,18,2025-10-17,415.0
Central,1,2x4,20,2024-01-12,460.0
Central,1,2x4,20,2024-01-18,460.0
Central,1,2x4,20,2024-01-25,445.0
Central,1,2x4,20,2024-02-08,435.0
Central,1,2x4,20,2024-02-15,445.0
Central,1,2x4,20,2024-02-22,440.0
Central,1,2x4,20,2024-02-29,440.0
Central,1,2x4,20,2024-03-07,440.0
Central,1,2x4,20,2024-03-14,440.0
Central,1,2x4,20,2024-03-21,440.0
Central,1,2x4,20,2024-03-28,430.0
Central,1,2x4,20,2024-04-04,425.0
Central,1,2x4,20,2024-04-11,410.0
Central,1,2x4,20,2024-04-18,400.0
Central,1,2x4,20,2024-04-25,400.0
Central,1,2x4,20,2024-05-02,400.0
Central,1,2x4,20,2024-05-09,405.0
Central,1,2x4,20,2024-05-16,405.0
Central,1,2x4,20,2024-05-30,385.0
Central,1,2x4,20,2024-06-06,385.0
Central,1,2x4,20,2024-06-13,375.0
Central,1,2x4,20,2024-06-20,370.0
Central,1,2x4,20,2024-06-27,360.0
Central,1,2x4,20,2024-07-04,360.0
Central,1,2x4,20,2024-07-11,360.0
Central,1,2x4,20,2024-07-18,360.0
Central,1,2x4,20,2024-07-25,360.0
Central,1,2x4,20,2024-08-01,370.0
Central,1,2x4,20,2024-08-08,375.0
Central,1,2x4,20,2024-08-15,375.0
Central,1,2x4,20,2024-08-22,375.0
Central,1,2x4,20,2024-08-29,375.0
Central,1,2x4,20,2024-09-05,360.0
Central,1,2x4,20,2024-09-12,360.0
Central,1,2x4,20,2024-09-20,370.0
Central,1,2x4,20,2024-09-27,390.0
Central,1,2x4,20,2024-10-04,410.0
Central,1,2x4,20,2024-10-11,435.0
Central,1,2x4,20,2024-10-18,455.0
Central,1,2x4,20,2024-10-25,470.0
Central,1,2x4,20,2024-11-01,470.0
Central,1,2x4,20,2024-11-08,455.0
Central,1,2x4,20,2024-11-15,435.0
Central,1,2x4,20,2024-11-22,415.0
Central,1,2x4,20,2024-11-27,400.0
Central,1,2x4,20,2024-12-06,385.0
Central,1,2x4,20,2024-12-13,375.0
Central,1,2x4,20,2024-12-20,390.0
Central,1,2x4,20,2025-01-03,410.0
Central,1,2x4,20,2025-01-10,410.0
Central,1,2x4,20,2025-01-17,410.0
Central,1,2x4,20,2025-01-24,405.0
Central,1,2x4,20,2025-01-31,395.0
Central,1,2x4,20,2025-02-07,395.0
Central,1,2x4,20,2025-02-14,405.0
Central,1,2x4,20,2025-02-21,415.0
Central,1,2x4,20,2025-02-28,415.0
Central,1,2x4,20,2025-03-07,415.0
Central,1,2x4,20,2025-03-14,425.0
Central,1,2x4,20,2025-03-21,425.0
Central,1,2x4,20,2025-03-28,430.0
Central,1,2x4,20,2025-04-04,445.0
Central,1,2x4,20,2025-04-11,460.0
Central,1,2x4,20,2025-04-18,475.0
Central,1,2x4,20,2025-04-25,500.0
Central,1,2x4,20,2025-05-02,510.0
Central,1,2x4,20,2025-05-09,510.0
Central,1,2x4,20,2025-05-16,490.0
Central,1,2x4,20,2025-05-23,470.0
Central,1,2x4,20,2025-05-30,445.0
Central,1,2x4,20,2025-06-06,425.0
Central,1,2x4,20,2025-06-13,405.0
Central,1,2x4,20,2025-06-19,395.0
Central,1,2x4,20,2025-06-27,395.0
Central,1,2x4,20,2025-07-03,395.0
Central,1,2x4,20,2025-07-11,400.0
Central,1,2x4,20,2025-07-18,415.0
Central,1,2x4,20,2025-07-25,415.0
Central,1,2x4,20,2025-08-01,420.0
Central,1,2x4,20,2025-08-08,415.0
Central,1,2x4,20,2025-08-15,410.0
Central,1,2x4,20,2025-08-22,400.0
Central,1,2x4,20,2025-08-29,380.0
Central,1,2x4,20,2025-09-05,380.0
Central,1,2x4,20,2025-09-12,390.0
Central,1,2x4,20,2025-09-19,395.0
Central,1,2x4,20,2025-09-26,395.0
Central,1,2x4,20,2025-10-03,405.0
Central,1,2x4,20,2025-10-10,410.0
Central,1,2x4,20,2025-10-17,415.0
Central,1,2x6,8,2024-01-12,285.0
Central,1,2x6,8,2024-01-18,290.0
Central,1,2x6,8,2024-01-25,295.0
Central,1,2x6,8,2024-02-08,300.0
Central,1,2x6,8,2024-02-15,310.0
Central,1,2x6,8,2024-02-22,310.0
Central,1,2x6,8,2024-02-29,320.0
Central,1,2x6,8,2024-03-07,320.0
Central,1,2x6,8,2024-03-14,325.0
Central,1,2x6,8,2024-03-21,325.0
Central,1,2x6,8,2024-03-28,315.0
Central,1,2x6,8,2024-04-04,305.0
Central,1,2x6,8,2024-04-11,305.0
Central,1,2x6,8,2024-04-18,295.0
Central,1,2x6,8,2024-04-25,295.0
Central,1,2x6,8,2024-05-02,295.0
Central,1,2x6,8,2024-05-09,300.0
Central,1,2x6,8,2024-05-16,305.0
Central,1,2x6,8,2024-05-30,305.0
Central,1,2x6,8,2024-06-06,300.0
Central,1,2x6,8,2024-06-13,285.0
Central,1,2x6,8,2024-06-20,265.0
Central,1,2x6,8,2024-06-27,260.0
Central,1,2x6,8,2024-07-04,260.0
Central,1,2x6,8,2024-07-11,260.0
Central,1,2x6,8,2024-07-18,265.0
Central,1,2x6,8,2024-07-25,270.0
Central,1,2x6,8,2024-08-01,280.0
Central,1,2x6,8,2024-08-08,280.0
Central,1,2x6,8,2024-08-15,280.0
Central,1,2x6,8,2024-08-22,270.0
Central,1,2x6,8,2024-08-29,270.0
Central,1,2x6,8,2024-09-05,270.0
Central,1,2x6,8,2024-09-12,270.0
Central,1,2x6,8,2024-09-20,280.0
Central,1,2x6,8,2024-09-27,295.0
Central,1,2x6,8,2024-10-04,315.0
Central,1,2x6,8,2024-10-11,345.0
Central,1,2x6,8,2024-10-18,370.0
Central,1,2x6,8,2024-10-25,390.0
Central,1,2x6,8,2024-11-01,400.0
Central,1,2x6,8,2024-11-08,400.0
Central,1,2x6,8,2024-11-15,390.0
Central,1,2x6,8,2024-11-22,380.0
Central,1,2x6,8,2024-11-27,370.0
Central,1,2x6,8,2024-12-06,370.0
Central,1,2x6,8,2024-12-13,370.0
Central,1,2x6,8,2024-12-20,370.0
Central,1,2x6,8,2025-01-03,400.0
Central,1,2x6,8,2025-01-10,400.0
Central,1,2x6,8,2025-01-17,400.0
Central,1,2x6,8,2025-01-24,385.0
Central,1,2x6,8,2025-01-31,370.0
Central,1,2x6,8,2025-02-07,380.0
Central,1,2x6,8,2025-02-14,385.0
Central,1,2x6,8,2025-02-21,390.0
Central,1,2x6,8,2025-02-28,390.0
Central,1,2x6,8,2025-03-07,390.0
Central,1,2x6,8,2025-03-14,390.0
Central,1,2x6,8,2025-03-21,380.0
Central,1,2x6,8,2025-03-28,370.0
Central,1,2x6,8,2025-04-04,370.0
Central,1,2x6,8,2025-04-11,370.0
Central,1,2x6,8,2025-04-18,370.0
Central,1,2x6,8,2025-04-25,375.0
Central,1,2x6,8,2025-05-02,375.0
Central,1,2x6,8,2025-05-09,350.0
Central,1,2x6,8,2025-05-16,330.0
Central,1,2x6,8,2025-05-23,305.0
Central,1,2x6,8,2025-05-30,290.0
Central,1,2x6,8,2025-06-06,285.0
Central,1,2x6,8,2025-06-13,285.0
Central,1,2x6,8,2025-06-19,285.0
Central,1,2x6,8,2025-06-27,290.0
Central,1,2x6,8,2025-07-03,300.0
Central,1,2x6,8,2025-07-11,310.0
Central,1,2x6,8,2025-07-18,320.0
Central,1,2x6,8,2025-07-25,325.0
Central,1,2x6,8,2025-08-01,330.0
Central,1,2x6,8,2025-08-08,335.0
Central,1,2x6,8,2025-08-15,325.0
Central,1,2x6,8,2025-08-22,315.0
Central,1,2x6,8,2025-08-29,295.0
Central,1,2x6,8,2025-09-05,290.0
Central,1,2x6,8,2025-09-12,290.0
Central,1,2x6,8,2025-09-19,300.0
Central,1,2x6,8,2025-09-26,300.0
Central,1,2x6,8,2025-10-03,310.0
Central,1,2x6,8,2025-10-10,325.0
Central,1,2x6,8,2025-10-17,330.0
Central,1,2x6,10,2024-01-12,370.0
Central,1,2x6,10,2024-01-18,370.0
Central,1,2x6,10,2024-01-25,360.0
Central,1,2x6,10,2024-02-08,365.0
Central,1,2x6,10,2024-02-15,365.0
Central,1,2x6,10,2024-02-22,365.0
Central,1,2x6,10,2024-02-29,375.0
Central,1,2x6,10,2024-03-07,385.0
Central,1,2x6,10,2024-03-14,385.0
Central,1,2x6,10,2024-03-21,385.0
Central,1,2x6,10,2024-03-28,375.0
Central,1,2x6,10,2024-04-04,365.0
Central,1,2x6,10,2024-04-11,345.0
Central,1,2x6,10,2024-04-18,335.0
Central,1,2x6,10,2024-04-25,325.0
Central,1,2x6,10,2024-05-02,320.0
Central,1,2x6,10,2024-05-09,320.0
Central,1,2x6,10,2024-05-16,330.0
Central,1,2x6,10,2024-05-30,330.0
Central,1,2x6,10,2024-06-06,325.0
Central,1,2x6,10,2024-06-13,305.0
Central,1,2x6,10,2024-06-20,285.0
Central,1,2x6,10,2024-06-27,280.0
Central,1,2x6,10,2024-07-04,280.0
Central,1,2x6,10,2024-07-11,280.0
Central,1,2x6,10,2024-07-18,290.0
Central,1,2x6,10,2024-07-25,290.0
Central,1,2x6,10,2024-08-01,300.0
Central,1,2x6,10,2024-08-08,300.0
Central,1,2x6,10,2024-08-15,295.0
Central,1,2x6,10,2024-08-22,285.0
Central,1,2x6,10,2024-08-29,280.0
Central,1,2x6,10,2024-09-05,280.0
Central,1,2x6,10,2024-09-12,280.0
Central,1,2x6,10,2024-09-20,290.0
Central,1,2x6,10,2024-09-27,305.0
Central,1,2x6,10,2024-10-04,325.0
Central,1,2x6,10,2024-10-11,355.0
Central,1,2x6,10,2024-10-18,375.0
Central,1,2x6,10,2024-10-25,390.0
Central,1,2x6,10,2024-11-01,395.0
Central,1,2x6,10,2024-11-08,390.0
Central,1,2x6,10,2024-11-15,385.0
Central,1,2x6,10,2024-11-22,375.0
Central,1,2x6,10,2024-11-27,365.0
Central,1,2x6,10,2024-12-06,365.0
Central,1,2x6,10,2024-12-13,365.0
Central,1,2x6,10,2024-12-20,385.0
Central,1,2x6,10,2025-01-03,415.0
Central,1,2x6,10,2025-01-10,420.0
Central,1,2x6,10,2025-01-17,425.0
Central,1,2x6,10,2025-01-24,415.0
Central,1,2x6,10,2025-01-31,400.0
Central,1,2x6,10,2025-02-07,410.0
Central,1,2x6,10,2025-02-14,415.0
Central,1,2x6,10,2025-02-21,415.0
Central,1,2x6,10,2025-02-28,415.0
Central,1,2x6,10,2025-03-07,420.0
Central,1,2x6,10,2025-03-14,420.0
Central,1,2x6,10,2025-03-21,410.0
Central,1,2x6,10,2025-03-28,400.0
Central,1,2x6,10,2025-04-04,400.0
Central,1,2x6,10,2025-04-11,400.0
Central,1,2x6,10,2025-04-18,405.0
Central,1,2x6,10,2025-04-25,405.0
Central,1,2x6,10,2025-05-02,395.0
Central,1,2x6,10,2025-05-09,370.0
Central,1,2x6,10,2025-05-16,350.0
Central,1,2x6,10,2025-05-23,325.0
Central,1,2x6,10,2025-05-30,305.0
Central,1,2x6,10,2025-06-06,295.0
Central,1,2x6,10,2025-06-13,295.0
Central,1,2x6,10,2025-06-19,295.0
Central,1,2x6,10,2025-06-27,295.0
Central,1,2x6,10,2025-07-03,310.0
Central,1,2x6,10,2025-07-11,320.0
Central,1,2x6,10,2025-07-18,325.0
Central,1,2x6,10,2025-07-25,330.0
Central,1,2x6,10,2025-08-01,335.0
Central,1,2x6,10,2025-08-08,335.0
Central,1,2x6,10,2025-08-15,330.0
Central,1,2x6,10,2025-08-22,320.0
Central,1,2x6,10,2025-08-29,305.0
Central,1,2x6,10,2025-09-05,300.0
Central,1,2x6,10,2025-09-12,300.0
Central,1,2x6,10,2025-09-19,310.0
Central,1,2x6,10,2025-09-26,310.0
Central,1,2x6,10,2025-10-03,320.0
Central,1,2x6,10,2025-10-10,335.0
Central,1,2x6,10,2025-10-17,335.0
Central,1,2x6,12,2024-01-12,385.0
Central,1,2x6,12,2024-01-18,385.0
Central,1,2x6,12,2024-01-25,375.0
Central,1,2x6,12,2024-02-08,380.0
Central,1,2x6,12,2024-02-15,385.0
Central,1,2x6,12,2024-02-22,385.0
Central,1,2x6,12,2024-02-29,390.0
Central,1,2x6,12,2024-03-07,400.0
Central,1,2x6,12,2024-03-14,400.0
Central,1,2x6,12,2024-03-21,400.0
Central,1,2x6,12,2024-03-28,390.0
Central,1,2x6,12,2024-04-04,375.0
Central,1,2x6,12,2024-04-11,360.0
Central,1,2x6,12,2024-04-18,350.0
Central,1,2x6,12,2024-04-25,345.0
Central,1,2x6,12,2024-05-02,340.0
Central,1,2x6,12,2024-05-09,340.0
Central,1,2x6,12,2024-05-16,345.0
Central,1,2x6,12,2024-05-30,345.0
Central,1,2x6,12,2024-06-06,340.0
Central,1,2x6,12,2024-06-13,325.0
Central,1,2x6,12,2024-06-20,305.0
Central,1,2x6,12,2024-06-27,295.0
Central,1,2x6,12,2024-07-04,295.0
Central,1,2x6,12,2024-07-11,295.0
Central,1,2x6,12,2024-07-18,300.0
Central,1,2x6,12,2024-07-25,305.0
Central,1,2x6,12,2024-08-01,315.0
Central,1,2x6,12,2024-08-08,315.0
Central,1,2x6,12,2024-08-15,305.0
Central,1,2x6,12,2024-08-22,295.0
Central,1,2x6,12,2024-08-29,295.0
Central,1,2x6,12,2024-09-05,295.0
Central,1,2x6,12,2024-09-12,300.0
Central,1,2x6,12,2024-09-20,305.0
Central,1,2x6,12,2024-09-27,320.0
Central,1,2x6,12,2024-10-04,340.0
Central,1,2x6,12,2024-10-11,370.0
Central,1,2x6,12,2024-10-18,380.0
Central,1,2x6,12,2024-10-25,395.0
Central,1,2x6,12,2024-11-01,400.0
Central,1,2x6,12,2024-11-08,395.0
Central,1,2x6,12,2024-11-15,390.0
Central,1,2x6,12,2024-11-22,380.0
Central,1,2x6,12,2024-11-27,370.0
Central,1,2x6,12,2024-12-06,370.0
Central,1,2x6,12,2024-12-13,370.0
Central,1,2x6,12,2024-12-20,390.0
Central,1,2x6,12,2025-01-03,420.0
Central,1,2x6,12,2025-01-10,430.0
Central,1,2x6,12,2025-01-17,430.0
Central,1,2x6,12,2025-01-24,420.0
Central,1,2x6,12,2025-01-31,405.0
Central,1,2x6,12,2025-02-07,410.0
Central,1,2x6,12,2025-02-14,420.0
Central,1,2x6,12,2025-02-21,420.0
Central,1,2x6,12,2025-02-28,420.0
Central,1,2x6,12,2025-03-07,425.0
Central,1,2x6,12,2025-03-14,425.0
Central,1,2x6,12,2025-03-21,425.0
Central,1,2x6,12,2025-03-28,415.0
Central,1,2x6,12,2025-04-04,415.0
Central,1,2x6,12,2025-04-11,415.0
Central,1,2x6,12,2025-04-18,415.0
Central,1,2x6,12,2025-04-25,410.0
Central,1,2x6,12,2025-05-02,400.0
Central,1,2x6,12,2025-05-09,375.0
Central,1,2x6,12,2025-05-16,355.0
Central,1,2x6,12,2025-05-23,330.0
Central,1,2x6,12,2025-05-30,310.0
Central,1,2x6,12,2025-06-06,305.0
Central,1,2x6,12,2025-06-13,305.0
Central,1,2x6,12,2025-06-19,310.0
Central,1,2x6,12,2025-06-27,320.0
Central,1,2x6,12,2025-07-03,330.0
Central,1,2x6,12,2025-07-11,340.0
Central,1,2x6,12,2025-07-18,345.0
Central,1,2x6,12,2025-07-25,350.0
Central,1,2x6,12,2025-08-01,355.0
Central,1,2x6,12,2025-08-08,360.0
Central,1,2x6,12,2025-08-15,355.0
Central,1,2x6,12,2025-08-22,345.0
Central,1,2x6,12,2025-08-29,330.0
Central,1,2x6,12,2025-09-05,320.0
Central,1,2x6,12,2025-09-12,320.0
Central,1,2x6,12,2025-09-19,330.0
Central,1,2x6,12,2025-09-26,330.0
Central,1,2x6,12,2025-10-03,340.0
Central,1,2x6,12,2025-10-10,345.0
Central,1,2x6,12,2025-10-17,350.0
Central,1,2x6,14,2024-01-12,370.0
Central,1,2x6,14,2024-01-18,370.0
Central,1,2x6,14,2024-01-25,360.0
Central,1,2x6,14,2024-02-08,365.0
Central,1,2x6,14,2024-02-15,375.0
Central,1,2x6,14,2024-02-22,380.0
Central,1,2x6,14,2024-02-29,390.0
Central,1,2x6,14,2024-03-07,400.0
Central,1,2x6,14,2024-03-14,400.0
Central,1,2x6,14,2024-03-21,400.0
Central,1,2x6,14,2024-03-28,390.0
Central,1,2x6,14,2024-04-04,370.0
Central,1,2x6,14,2024-04-11,355.0
Central,1,2x6,14,2024-04-18,345.0
Central,1,2x6,14,2024-04-25,330.0
Central,1,2x6,14,2024-05-02,320.0
Central,1,2x6,14,2024-05-09,320.0
Central,1,2x6,14,2024-05-16,325.0
Central,1,2x6,14,2024-05-30,325.0
Central,1,2x6,14,2024-06-06,320.0
Central,1,2x6,14,2024-06-13,305.0
Central,1,2x6,14,2024-06-20,285.0
Central,1,2x6,14,2024-06-27,275.0
Central,1,2x6,14,2024-07-04,275.0
Central,1,2x6,14,2024-07-11,275.0
Central,1,2x6,14,2024-07-18,285.0
Central,1,2x6,14,2024-07-25,290.0
Central,1,2x6,14,2024-08-01,300.0
Central,1,2x6,14,2024-08-08,300.0
Central,1,2x6,14,2024-08-15,300.0
Central,1,2x6,14,2024-08-22,290.0
Central,1,2x6,14,2024-08-29,285.0
Central,1,2x6,14,2024-09-05,285.0
Central,1,2x6,14,2024-09-12,290.0
Central,1,2x6,14,2024-09-20,295.0
Central,1,2x6,14,2024-09-27,310.0
Central,1,2x6,14,2024-10-04,330.0
Central,1,2x6,14,2024-10-11,360.0
Central,1,2x6,14,2024-10-18,380.0
Central,1,2x6,14,2024-10-25,400.0
Central,1,2x6,14,2024-11-01,400.0
Central,1,2x6,14,2024-11-08,395.0
Central,1,2x6,14,2024-11-15,390.0
Central,1,2x6,14,2024-11-22,380.0
Central,1,2x6,14,2024-11-27,370.0
Central,1,2x6,14,2024-12-06,370.0
Central,1,2x6,14,2024-12-13,370.0
Central,1,2x6,14,2024-12-20,390.0
Central,1,2x6,14,2025-01-03,420.0
Central,1,2x6,14,2025-01-10,430.0
Central,1,2x6,14,2025-01-17,430.0
Central,1,2x6,14,2025-01-24,420.0
Central,1,2x6,14,2025-01-31,405.0
Central,1,2x6,14,2025-02-07,410.0
Central,1,2x6,14,2025-02-14,420.0
Central,1,2x6,14,2025-02-21,420.0
Central,1,2x6,14,2025-02-28,420.0
Central,1,2x6,14,2025-03-07,410.0
Central,1,2x6,14,2025-03-14,420.0
Central,1,2x6,14,2025-03-21,420.0
Central,1,2x6,14,2025-03-28,410.0
Central,1,2x6,14,2025-04-04,405.0
Central,1,2x6,14,2025-04-11,410.0
Central,1,2x6,14,2025-04-18,410.0
Central,1,2x6,14,2025-04-25,410.0
Central,1,2x6,14,2025-05-02,410.0
Central,1,2x6,14,2025-05-09,380.0
Central,1,2x6,14,2025-05-16,350.0
Central,1,2x6,14,2025-05-23,325.0
Central,1,2x6,14,2025-05-30,310.0
Central,1,2x6,14,2025-06-06,300.0
Central,1,2x6,14,2025-06-13,300.0
Central,1,2x6,14,2025-06-19,305.0
Central,1,2x6,14,2025-06-27,315.0
Central,1,2x6,14,2025-07-03,325.0
Central,1,2x6,14,2025-07-11,335.0
Central,1,2x6,14,2025-07-18,340.0
Central,1,2x6,14,2025-07-25,345.0
Central,1,2x6,14,2025-08-01,350.0
Central,1,2x6,14,2025-08-08,350.0
Central,1,2x6,14,2025-08-15,345.0
Central,1,2x6,14,2025-08-22,335.0
Central,1,2x6,14,2025-08-29,320.0
Central,1,2x6,14,2025-09-05,310.0
Central,1,2x6,14,2025-09-12,310.0
Central,1,2x6,14,2025-09-19,320.0
Central,1,2x6,14,2025-09-26,320.0
Central,1,2x6,14,2025-10-03,330.0
Central,1,2x6,14,2025-10-10,340.0
Central,1,2x6,14,2025-10-17,345.0
Central,1,2x6,16,2024-01-12,380.0
Central,1,2x6,16,2024-01-18,380.0
Central,1,2x6,16,2024-01-25,370.0
Central,1,2x6,16,2024-02-08,380.0
Central,1,2x6,16,2024-02-15,390.0
Central,1,2x6,16,2024-02-22,390.0
Central,1,2x6,16,2024-02-29,400.0
Central,1,2x6,16,2024-03-07,400.0
Central,1,2x6,16,2024-03-14,410.0
Central,1,2x6,16,2024-03-21,410.0
Central,1,2x6,16,2024-03-28,400.0
Central,1,2x6,16,2024-04-04,385.0
Central,1,2x6,16,2024-04-11,370.0
Central,1,2x6,16,2024-04-18,360.0
Central,1,2x6,16,2024-04-25,350.0
Central,1,2x6,16,2024-05-02,345.0
Central,1,2x6,16,2024-05-09,350.0
Central,1,2x6,16,2024-05-16,360.0
Central,1,2x6,16,2024-05-30,360.0
Central,1,2x6,16,2024-06-06,355.0
Central,1,2x6,16,2024-06-13,340.0
Central,1,2x6,16,2024-06-20,320.0
Central,1,2x6,16,2024-06-27,310.0
Central,1,2x6,16,2024-07-04,310.0
Central,1,2x6,16,2024-07-11,310.0
Central,1,2x6,16,2024-07-18,315.0
Central,1,2x6,16,2024-07-25,320.0
Central,1,2x6,16,2024-08-01,330.0
Central,1,2x6,16,2024-08-08,330.0
Central,1,2x6,16,2024-08-15,320.0
Central,1,2x6,16,2024-08-22,310.0
Central,1,2x6,16,2024-08-29,305.0
Central,1,2x6,16,2024-09-05,305.0
Central,1,2x6,16,2024-09-12,310.0
Central,1,2x6,16,2024-09-20,320.0
Central,1,2x6,16,2024-09-27,335.0
Central,1,2x6,16,2024-10-04,355.0
Central,1,2x6,16,2024-10-11,385.0
Central,1,2x6,16,2024-10-18,410.0
Central,1,2x6,16,2024-10-25,430.0
Central,1,2x6,16,2024-11-01,440.0
Central,1,2x6,16,2024-11-08,445.0
Central,1,2x6,16,2024-11-15,440.0
Central,1,2x6,16,2024-11-22,425.0
Central,1,2x6,16,2024-11-27,415.0
Central,1,2x6,16,2024-12-06,415.0
Central,1,2x6,16,2024-12-13,415.0
Central,1,2x6,16,2024-12-20,415.0
Central,1,2x6,16,2025-01-03,445.0
Central,1,2x6,16,2025-01-10,450.0
Central,1,2x6,16,2025-01-17,455.0
Central,1,2x6,16,2025-01-24,445.0
Central,1,2x6,16,2025-01-31,430.0
Central,1,2x6,16,2025-02-07,435.0
Central,1,2x6,16,2025-02-14,445.0
Central,1,2x6,16,2025-02-21,445.0
Central,1,2x6,16,2025-02-28,445.0
Central,1,2x6,16,2025-03-07,450.0
Central,1,2x6,16,2025-03-14,440.0
Central,1,2x6,16,2025-03-21,430.0
Central,1,2x6,16,2025-03-28,420.0
Central,1,2x6,16,2025-04-04,420.0
Central,1,2x6,16,2025-04-11,420.0
Central,1,2x6,16,2025-04-18,420.0
Central,1,2x6,16,2025-04-25,420.0
Central,1,2x6,16,2025-05-02,410.0
Central,1,2x6,16,2025-05-09,385.0
Central,1,2x6,16,2025-05-16,360.0
Central,1,2x6,16,2025-05-23,335.0
Central,1,2x6,16,2025-05-30,325.0
Central,1,2x6,16,2025-06-06,310.0
Central,1,2x6,16,2025-06-13,310.0
Central,1,2x6,16,2025-06-19,315.0
Central,1,2x6,16,2025-06-27,315.0
Central,1,2x6,16,2025-07-03,330.0
Central,1,2x6,16,2025-07-11,340.0
Central,1,2x6,16,2025-07-18,345.0
Central,1,2x6,16,2025-07-25,350.0
Central,1,2x6,16,2025-08-01,355.0
Central,1,2x6,16,2025-08-08,360.0
Central,1,2x6,16,2025-08-15,350.0
Central,1,2x6,16,2025-08-22,340.0
Central,1,2x6,16,2025-08-29,325.0
Central,1,2x6,16,2025-09-05,320.0
Central,1,2x6,16,2025-09-12,320.0
Central,1,2x6,16,2025-09-19,330.0
Central,1,2x6,16,2025-09-26,330.0
Central,1,2x6,16,2025-10-03,340.0
Central,1,2x6,16,2025-10-10,345.0
Central,1,2x6,16,2025-10-17,355.0
Central,1,2x6,18,2024-01-12,360.0
Central,1,2x6,18,2024-01-18,360.0
Central,1,2x6,18,2024-01-25,355.0
Central,1,2x6,18,2024-02-08,355.0
Central,1,2x6,18,2024-02-15,360.0
Central,1,2x6,18,2024-02-22,365.0
Central,1,2x6,18,2024-02-29,380.0
Central,1,2x6,18,2024-03-07,385.0
Central,1,2x6,18,2024-03-14,385.0
Central,1,2x6,18,2024-03-21,385.0
Central,1,2x6,18,2024-03-28,375.0
Central,1,2x6,18,2024-04-04,360.0
Central,1,2x6,18,2024-04-11,355.0
Central,1,2x6,18,2024-04-18,355.0
Central,1,2x6,18,2024-04-25,340.0
Central,1,2x6,18,2024-05-02,330.0
Central,1,2x6,18,2024-05-09,330.0
Central,1,2x6,18,2024-05-16,340.0
Central,1,2x6,18,2024-05-30,340.0
Central,1,2x6,18,2024-06-06,335.0
Central,1,2x6,18,2024-06-13,320.0
Central,1,2x6,18,2024-06-20,300.0
Central,1,2x6,18,2024-06-27,290.0
Central,1,2x6,18,2024-07-04,290.0
Central,1,2x6,18,2024-07-11,290.0
Central,1,2x6,18,2024-07-18,295.0
Central,1,2x6,18,2024-07-25,300.0
Central,1,2x6,18,2024-08-01,310.0
Central,1,2x6,18,2024-08-08,310.0
Central,1,2x6,18,2024-08-15,300.0
Central,1,2x6,18,2024-08-22,295.0
Central,1,2x6,18,2024-08-29,290.0
Central,1,2x6,18,2024-09-05,290.0
Central,1,2x6,18,2024-09-12,290.0
Central,1,2x6,18,2024-09-20,295.0
Central,1,2x6,18,2024-09-27,310.0
Central,1,2x6,18,2024-10-04,330.0
Central,1,2x6,18,2024-10-11,360.0
Central,1,2x6,18,2024-10-18,370.0
Central,1,2x6,18,2024-10-25,380.0
Central,1,2x6,18,2024-11-01,385.0
Central,1,2x6,18,2024-11-08,385.0
Central,1,2x6,18,2024-11-15,380.0
Central,1,2x6,18,2024-11-22,365.0
Central,1,2x6,18,2024-11-27,355.0
Central,1,2x6,18,2024-12-06,355.0
Central,1,2x6,18,2024-12-13,355.0
Central,1,2x6,18,2024-12-20,375.0
Central,1,2x6,18,2025-01-03,405.0
Central,1,2x6,18,2025-01-10,415.0
Central,1,2x6,18,2025-01-17,415.0
Central,1,2x6,18,2025-01-24,405.0
Central,1,2x6,18,2025-01-31,390.0
Central,1,2x6,18,2025-02-07,400.0
Central,1,2x6,18,2025-02-14,410.0
Central,1,2x6,18,2025-02-21,410.0
Central,1,2x6,18,2025-02-28,410.0
Central,1,2x6,18,2025-03-07,415.0
Central,1,2x6,18,2025-03-14,410.0
Central,1,2x6,18,2025-03-21,405.0
Central,1,2x6,18,2025-03-28,400.0
Central,1,2x6,18,2025-04-04,400.0
Central,1,2x6,18,2025-04-11,400.0
Central,1,2x6,18,2025-04-18,400.0
Central,1,2x6,18,2025-04-25,400.0
Central,1,2x6,18,2025-05-02,390.0
Central,1,2x6,18,2025-05-09,365.0
Central,1,2x6,18,2025-05-16,335.0
Central,1,2x6,18,2025-05-23,310.0
Central,1,2x6,18,2025-05-30,290.0
Central,1,2x6,18,2025-06-06,290.0
Central,1,2x6,18,2025-06-13,290.0
Central,1,2x6,18,2025-06-19,290.0
Central,1,2x6,18,2025-06-27,300.0
Central,1,2x6,18,2025-07-03,310.0
Central,1,2x6,18,2025-07-11,320.0
Central,1,2x6,18,2025-07-18,325.0
Central,1,2x6,18,2025-07-25,330.0
Central,1,2x6,18,2025-08-01,340.0
Central,1,2x6,18,2025-08-08,340.0
Central,1,2x6,18,2025-08-15,335.0
Central,1,2x6,18,2025-08-22,325.0
Central,1,2x6,18,2025-08-29,315.0
Central,1,2x6,18,2025-09-05,315.0
Central,1,2x6,18,2025-09-12,320.0
Central,1,2x6,18,2025-09-19,325.0
Central,1,2x6,18,2025-09-26,325.0
Central,1,2x6,18,2025-10-03,330.0
Central,1,2x6,18,2025-10-10,340.0
Central,1,2x6,18,2025-10-17,340.0
Central,1,2x6,20,2024-01-12,375.0
Central,1,2x6,20,2024-01-18,375.0
Central,1,2x6,20,2024-01-25,370.0
Central,1,2x6,20,2024-02-08,370.0
Central,1,2x6,20,2024-02-15,380.0
Central,1,2x6,20,2024-02-22,380.0
Central,1,2x6,20,2024-02-29,385.0
Central,1,2x6,20,2024-03-07,385.0
Central,1,2x6,20,2024-03-14,385.0
Central,1,2x6,20,2024-03-21,385.0
Central,1,2x6,20,2024-03-28,375.0
Central,1,2x6,20,2024-04-04,365.0
Central,1,2x6,20,2024-04-11,355.0
Central,1,2x6,20,2024-04-18,355.0
Central,1,2x6,20,2024-04-25,355.0
Central,1,2x6,20,2024-05-02,355.0
Central,1,2x6,20,2024-05-09,355.0
Central,1,2x6,20,2024-05-16,365.0
Central,1,2x6,20,2024-05-30,365.0
Central,1,2x6,20,2024-06-06,360.0
Central,1,2x6,20,2024-06-13,345.0
Central,1,2x6,20,2024-06-20,325.0
Central,1,2x6,20,2024-06-27,315.0
Central,1,2x6,20,2024-07-04,315.0
Central,1,2x6,20,2024-07-11,320.0
Central,1,2x6,20,2024-07-18,320.0
Central,1,2x6,20,2024-07-25,320.0
Central,1,2x6,20,2024-08-01,330.0
Central,1,2x6,20,2024-08-08,330.0
Central,1,2x6,20,2024-08-15,320.0
Central,1,2x6,20,2024-08-22,315.0
Central,1,2x6,20,2024-08-29,310.0
Central,1,2x6,20,2024-09-05,310.0
Central,1,2x6,20,2024-09-12,310.0
Central,1,2x6,20,2024-09-20,320.0
Central,1,2x6,20,2024-09-27,335.0
Central,1,2x6,20,2024-10-04,355.0
Central,1,2x6,20,2024-10-11,385.0
Central,1,2x6,20,2024-10-18,400.0
Central,1,2x6,20,2024-10-25,410.0
Central,1,2x6,20,2024-11-01,410.0
Central,1,2x6,20,2024-11-08,410.0
Central,1,2x6,20,2024-11-15,405.0
Central,1,2x6,20,2024-11-22,395.0
Central,1,2x6,20,2024-11-27,385.0
Central,1,2x6,20,2024-12-06,385.0
Central,1,2x6,20,2024-12-13,385.0
Central,1,2x6,20,2024-12-20,395.0
Central,1,2x6,20,2025-01-03,425.0
Central,1,2x6,20,2025-01-10,430.0
Central,1,2x6,20,2025-01-17,435.0
Central,1,2x6,20,2025-01-24,425.0
Central,1,2x6,20,2025-01-31,410.0
Central,1,2x6,20,2025-02-07,420.0
Central,1,2x6,20,2025-02-14,425.0
Central,1,2x6,20,2025-02-21,430.0
Central,1,2x6,20,2025-02-28,430.0
Central,1,2x6,20,2025-03-07,435.0
Central,1,2x6,20,2025-03-14,430.0
Central,1,2x6,20,2025-03-21,425.0
Central,1,2x6,20,2025-03-28,420.0
Central,1,2x6,20,2025-04-04,420.0
Central,1,2x6,20,2025-04-11,420.0
Central,1,2x6,20,2025-04-18,420.0
Central,1,2x6,20,2025-04-25,420.0
Central,1,2x6,20,2025-05-02,410.0
Central,1,2x6,20,2025-05-09,385.0
Central,1,2x6,20,2025-05-16,360.0
Central,1,2x6,20,2025-05-23,340.0
Central,1,2x6,20,2025-05-30,325.0
Central,1,2x6,20,2025-06-06,315.0
Central,1,2x6,20,2025-06-13,315.0
Central,1,2x6,20,2025-06-19,315.0
Central,1,2x6,20,2025-06-27,325.0
Central,1,2x6,20,2025-07-03,335.0
Central,1,2x6,20,2025-07-11,345.0
Central,1,2x6,20,2025-07-18,350.0
Central,1,2x6,20,2025-07-25,355.0
Central,1,2x6,20,2025-08-01,355.0
Central,1,2x6,20,2025-08-08,360.0
Central,1,2x6,20,2025-08-15,355.0
Central,1,2x6,20,2025-08-22,345.0
Central,1,2x6,20,2025-08-29,335.0
Central,1,2x6,20,2025-09-05,335.0
Central,1,2x6,20,2025-09-12,340.0
Central,1,2x6,20,2025-09-19,340.0
Central,1,2x6,20,2025-09-26,340.0
Central,1,2x6,20,2025-10-03,350.0
Central,1,2x6,20,2025-10-10,365.0
Central,1,2x6,20,2025-10-17,370.0
Central,1,2x8,8,2024-01-12,365.0
Central,1,2x8,8,2024-01-18,360.0
Central,1,2x8,8,2024-01-25,360.0
Central,1,2x8,8,2024-02-08,365.0
Central,1,2x8,8,2024-02-15,370.0
Central,1,2x8,8,2024-02-22,375.0
Central,1,2x8,8,2024-02-29,375.0
Central,1,2x8,8,2024-03-07,380.0
Central,1,2x8,8,2024-03-14,370.0
Central,1,2x8,8,2024-03-21,375.0
Central,1,2x8,8,2024-03-28,370.0
Central,1,2x8,8,2024-04-04,355.0
Central,1,2x8,8,2024-04-11,345.0
Central,1,2x8,8,2024-04-18,335.0
Central,1,2x8,8,2024-04-25,330.0
Central,1,2x8,8,2024-05-02,335.0
Central,1,2x8,8,2024-05-09,340.0
Central,1,2x8,8,2024-05-16,350.0
Central,1,2x8,8,2024-05-30,350.0
Central,1,2x8,8,2024-06-06,350.0
Central,1,2x8,8,2024-06-13,325.0
Central,1,2x8,8,2024-06-20,310.0
Central,1,2x8,8,2024-06-27,300.0
Central,1,2x8,8,2024-07-04,295.0
Central,1,2x8,8,2024-07-11,300.0
Central,1,2x8,8,2024-07-18,300.0
Central,1,2x8,8,2024-07-25,300.0
Central,1,2x8,8,2024-08-01,305.0
Central,1,2x8,8,2024-08-08,305.0
Central,1,2x8,8,2024-08-15,300.0
Central,1,2x8,8,2024-08-22,295.0
Central,1,2x8,8,2024-08-29,290.0
Central,1,2x8,8,2024-09-05,290.0
Central,1,2x8,8,2024-09-12,290.0
Central,1,2x8,8,2024-09-20,290.0
Central,1,2x8,8,2024-09-27,305.0
Central,1,2x8,8,2024-10-04,325.0
Central,1,2x8,8,2024-10-11,345.0
Central,1,2x8,8,2024-10-18,365.0
Central,1,2x8,8,2024-10-25,385.0
Central,1,2x8,8,2024-11-01,395.0
Central,1,2x8,8,2024-11-08,400.0
Central,1,2x8,8,2024-11-15,380.0
Central,1,2x8,8,2024-11-22,355.0
Central,1,2x8,8,2024-11-27,345.0
Central,1,2x8,8,2024-12-06,340.0
Central,1,2x8,8,2024-12-13,340.0
Central,1,2x8,8,2024-12-20,355.0
Central,1,2x8,8,2025-01-03,380.0
Central,1,2x8,8,2025-01-10,380.0
Central,1,2x8,8,2025-01-17,380.0
Central,1,2x8,8,2025-01-24,370.0
Central,1,2x8,8,2025-01-31,355.0
Central,1,2x8,8,2025-02-07,355.0
Central,1,2x8,8,2025-02-14,355.0
Central,1,2x8,8,2025-02-21,360.0
Central,1,2x8,8,2025-02-28,365.0
Central,1,2x8,8,2025-03-07,370.0
Central,1,2x8,8,2025-03-14,370.0
Central,1,2x8,8,2025-03-21,370.0
Central,1,2x8,8,2025-03-28,370.0
Central,1,2x8,8,2025-04-04,375.0
Central,1,2x8,8,2025-04-11,380.0
Central,1,2x8,8,2025-04-18,390.0
Central,1,2x8,8,2025-04-25,400.0
Central,1,2x8,8,2025-05-02,400.0
Central,1,2x8,8,2025-05-09,385.0
Central,1,2x8,8,2025-05-16,370.0
Central,1,2x8,8,2025-05-23,350.0
Central,1,2x8,8,2025-05-30,330.0
Central,1,2x8,8,2025-06-06,315.0
Central,1,2x8,8,2025-06-13,310.0
Central,1,2x8,8,2025-06-19,310.0
Central,1,2x8,8,2025-06-27,315.0
Central,1,2x8,8,2025-07-03,325.0
Central,1,2x8,8,2025-07-11,335.0
Central,1,2x8,8,2025-07-18,345.0
Central,1,2x8,8,2025-07-25,350.0
Central,1,2x8,8,2025-08-01,360.0
Central,1,2x8,8,2025-08-08,360.0
Central,1,2x8,8,2025-08-15,350.0
Central,1,2x8,8,2025-08-22,340.0
Central,1,2x8,8,2025-08-29,330.0
Central,1,2x8,8,2025-09-05,315.0
Central,1,2x8,8,2025-09-12,315.0
Central,1,2x8,8,2025-09-19,315.0
Central,1,2x8,8,2025-09-26,325.0
Central,1,2x8,8,2025-10-03,335.0
Central,1,2x8,8,2025-10-10,345.0
Central,1,2x8,8,2025-10-17,350.0
Central,1,2x8,10,2024-01-12,445.0
Central,1,2x8,10,2024-01-18,440.0
Central,1,2x8,10,2024-01-25,440.0
Central,1,2x8,10,2024-02-08,440.0
Central,1,2x8,10,2024-02-15,445.0
Central,1,2x8,10,2024-02-22,445.0
Central,1,2x8,10,2024-02-29,445.0
Central,1,2x8,10,2024-03-07,450.0
Central,1,2x8,10,2024-03-14,440.0
Central,1,2x8,10,2024-03-21,435.0
Central,1,2x8,10,2024-03-28,430.0
Central,1,2x8,10,2024-04-04,415.0
Central,1,2x8,10,2024-04-11,390.0
Central,1,2x8,10,2024-04-18,380.0
Central,1,2x8,10,2024-04-25,380.0
Central,1,2x8,10,2024-05-02,380.0
Central,1,2x8,10,2024-05-09,380.0
Central,1,2x8,10,2024-05-16,385.0
Central,1,2x8,10,2024-05-30,385.0
Central,1,2x8,10,2024-06-06,385.0
Central,1,2x8,10,2024-06-13,365.0
Central,1,2x8,10,2024-06-20,350.0
Central,1,2x8,10,2024-06-27,340.0
Central,1,2x8,10,2024-07-04,335.0
Central,1,2x8,10,2024-07-11,335.0
Central,1,2x8,10,2024-07-18,340.0
Central,1,2x8,10,2024-07-25,340.0
Central,1,2x8,10,2024-08-01,340.0
Central,1,2x8,10,2024-08-08,340.0
Central,1,2x8,10,2024-08-15,335.0
Central,1,2x8,10,2024-08-22,330.0
Central,1,2x8,10,2024-08-29,325.0
Central,1,2x8,10,2024-09-05,325.0
Central,1,2x8,10,2024-09-12,325.0
Central,1,2x8,10,2024-09-20,325.0
Central,1,2x8,10,2024-09-27,340.0
Central,1,2x8,10,2024-10-04,360.0
Central,1,2x8,10,2024-10-11,380.0
Central,1,2x8,10,2024-10-18,400.0
Central,1,2x8,10,2024-10-25,415.0
Central,1,2x8,10,2024-11-01,430.0
Central,1,2x8,10,2024-11-08,430.0
Central,1,2x8,10,2024-11-15,410.0
Central,1,2x8,10,2024-11-22,385.0
Central,1,2x8,10,2024-11-27,375.0
Central,1,2x8,10,2024-12-06,370.0
Central,1,2x8,10,2024-12-13,370.0
Central,1,2x8,10,2024-12-20,385.0
Central,1,2x8,10,2025-01-03,410.0
Central,1,2x8,10,2025-01-10,410.0
Central,1,2x8,10,2025-01-17,410.0
Central,1,2x8,10,2025-01-24,400.0
Central,1,2x8,10,2025-01-31,385.0
Central,1,2x8,10,2025-02-07,390.0
Central,1,2x8,10,2025-02-14,395.0
Central,1,2x8,10,2025-02-21,395.0
Central,1,2x8,10,2025-02-28,395.0
Central,1,2x8,10,2025-03-07,395.0
Central,1,2x8,10,2025-03-14,395.0
Central,1,2x8,10,2025-03-21,395.0
Central,1,2x8,10,2025-03-28,395.0
Central,1,2x8,10,2025-04-04,395.0
Central,1,2x8,10,2025-04-11,395.0
Central,1,2x8,10,2025-04-18,405.0
Central,1,2x8,10,2025-04-25,410.0
Central,1,2x8,10,2025-05-02,410.0
Central,1,2x8,10,2025-05-09,395.0
Central,1,2x8,10,2025-05-16,380.0
Central,1,2x8,10,2025-05-23,360.0
Central,1,2x8,10,2025-05-30,340.0
Central,1,2x8,10,2025-06-06,325.0
Central,1,2x8,10,2025-06-13,320.0
Central,1,2x8,10,2025-06-19,320.0
Central,1,2x8,10,2025-06-27,325.0
Central,1,2x8,10,2025-07-03,335.0
Central,1,2x8,10,2025-07-11,345.0
Central,1,2x8,10,2025-07-18,360.0
Central,1,2x8,10,2025-07-25,365.0
Central,1,2x8,10,2025-08-01,365.0
Central,1,2x8,10,2025-08-08,365.0
Central,1,2x8,10,2025-08-15,355.0
Central,1,2x8,10,2025-08-22,340.0
Central,1,2x8,10,2025-08-29,330.0
Central,1,2x8,10,2025-09-05,325.0
Central,1,2x8,10,2025-09-12,325.0
Central,1,2x8,10,2025-09-19,335.0
Central,1,2x8,10,2025-09-26,335.0
Central,1,2x8,10,2025-10-03,345.0
Central,1,2x8,10,2025-10-10,355.0
Central,1,2x8,10,2025-10-17,360.0
Central,1,2x8,12,2024-01-12,455.0
Central,1,2x8,12,2024-01-18,450.0
Central,1,2x8,12,2024-01-25,450.0
Central,1,2x8,12,2024-02-08,445.0
Central,1,2x8,12,2024-02-15,445.0
Central,1,2x8,12,2024-02-22,445.0
Central,1,2x8,12,2024-02-29,445.0
Central,1,2x8,12,2024-03-07,450.0
Central,1,2x8,12,2024-03-14,435.0
Central,1,2x8,12,2024-03-21,420.0
Central,1,2x8,12,2024-03-28,415.0
Central,1,2x8,12,2024-04-04,395.0
Central,1,2x8,12,2024-04-11,380.0
Central,1,2x8,12,2024-04-18,370.0
Central,1,2x8,12,2024-04-25,370.0
Central,1,2x8,12,2024-05-02,370.0
Central,1,2x8,12,2024-05-09,370.0
Central,1,2x8,12,2024-05-16,385.0
Central,1,2x8,12,2024-05-30,385.0
Central,1,2x8,12,2024-06-06,385.0
Central,1,2x8,12,2024-06-13,360.0
Central,1,2x8,12,2024-06-20,345.0
Central,1,2x8,12,2024-06-27,335.0
Central,1,2x8,12,2024-07-04,330.0
Central,1,2x8,12,2024-07-11,335.0
Central,1,2x8,12,2024-07-18,335.0
Central,1,2x8,12,2024-07-25,335.0
Central,1,2x8,12,2024-08-01,335.0
Central,1,2x8,12,2024-08-08,335.0
Central,1,2x8,12,2024-08-15,330.0
Central,1,2x8,12,2024-08-22,325.0
Central,1,2x8,12,2024-08-29,320.0
Central,1,2x8,12,2024-09-05,320.0
Central,1,2x8,12,2024-09-12,320.0
Central,1,2x8,12,2024-09-20,320.0
Central,1,2x8,12,2024-09-27,335.0
Central,1,2x8,12,2024-10-04,355.0
Central,1,2x8,12,2024-10-11,375.0
Central,1,2x8,12,2024-10-18,395.0
Central,1,2x8,12,2024-10-25,410.0
Central,1,2x8,12,2024-11-01,425.0
Central,1,2x8,12,2024-11-08,415.0
Central,1,2x8,12,2024-11-15,395.0
Central,1,2x8,12,2024-11-22,370.0
Central,1,2x8,12,2024-11-27,360.0
Central,1,2x8,12,2024-12-06,360.0
Central,1,2x8,12,2024-12-13,360.0
Central,1,2x8,12,2024-12-20,375.0
Central,1,2x8,12,2025-01-03,400.0
Central,1,2x8,12,2025-01-10,400.0
Central,1,2x8,12,2025-01-17,400.0
Central,1,2x8,12,2025-01-24,390.0
Central,1,2x8,12,2025-01-31,375.0
Central,1,2x8,12,2025-02-07,380.0
Central,1,2x8,12,2025-02-14,380.0
Central,1,2x8,12,2025-02-21,380.0
Central,1,2x8,12,2025-02-28,385.0
Central,1,2x8,12,2025-03-07,390.0
Central,1,2x8,12,2025-03-14,390.0
Central,1,2x8,12,2025-03-21,390.0
Central,1,2x8,12,2025-03-28,390.0
Central,1,2x8,12,2025-04-04,395.0
Central,1,2x8,12,2025-04-11,400.0
Central,1,2x8,12,2025-04-18,405.0
Central,1,2x8,12,2025-04-25,415.0
Central,1,2x8,12,2025-05-02,415.0
Central,1,2x8,12,2025-05-09,405.0
Central,1,2x8,12,2025-05-16,385.0
Central,1,2x8,12,2025-05-23,360.0
Central,1,2x8,12,2025-05-30,340.0
Central,1,2x8,12,2025-06-06,325.0
Central,1,2x8,12,2025-06-13,325.0
Central,1,2x8,12,2025-06-19,325.0
Central,1,2x8,12,2025-06-27,330.0
Central,1,2x8,12,2025-07-03,340.0
Central,1,2x8,12,2025-07-11,350.0
Central,1,2x8,12,2025-07-18,365.0
Central,1,2x8,12,2025-07-25,370.0
Central,1,2x8,12,2025-08-01,375.0
Central,1,2x8,12,2025-08-08,380.0
Central,1,2x8,12,2025-08-15,370.0
Central,1,2x8,12,2025-08-22,365.0
Central,1,2x8,12,2025-08-29,355.0
Central,1,2x8,12,2025-09-05,350.0
Central,1,2x8,12,2025-09-12,345.0
Central,1,2x8,12,2025-09-19,350.0
Central,1,2x8,12,2025-09-26,350.0
Central,1,2x8,12,2025-10-03,355.0
Central,1,2x8,12,2025-10-10,365.0
Central,1,2x8,12,2025-10-17,370.0
Central,1,2x8,14,2024-01-12,365.0
Central,1,2x8,14,2024-01-18,360.0
Central,1,2x8,14,2024-01-25,360.0
Central,1,2x8,14,2024-02-08,365.0
Central,1,2x8,14,2024-02-15,365.0
Central,1,2x8,14,2024-02-22,365.0
Central,1,2x8,14,2024-02-29,370.0
Central,1,2x8,14,2024-03-07,375.0
Central,1,2x8,14,2024-03-14,370.0
Central,1,2x8,14,2024-03-21,370.0
Central,1,2x8,14,2024-03-28,365.0
Central,1,2x8,14,2024-04-04,340.0
Central,1,2x8,14,2024-04-11,325.0
Central,1,2x8,14,2024-04-18,315.0
Central,1,2x8,14,2024-04-25,320.0
Central,1,2x8,14,2024-05-02,320.0
Central,1,2x8,14,2024-05-09,320.0
Central,1,2x8,14,2024-05-16,325.0
Central,1,2x8,14,2024-05-30,330.0
Central,1,2x8,14,2024-06-06,330.0
Central,1,2x8,14,2024-06-13,315.0
Central,1,2x8,14,2024-06-20,300.0
Central,1,2x8,14,2024-06-27,290.0
Central,1,2x8,14,2024-07-04,285.0
Central,1,2x8,14,2024-07-11,290.0
Central,1,2x8,14,2024-07-18,290.0
Central,1,2x8,14,2024-07-25,290.0
Central,1,2x8,14,2024-08-01,290.0
Central,1,2x8,14,2024-08-08,290.0
Central,1,2x8,14,2024-08-15,285.0
Central,1,2x8,14,2024-08-22,280.0
Central,1,2x8,14,2024-08-29,275.0
Central,1,2x8,14,2024-09-05,275.0
Central,1,2x8,14,2024-09-12,275.0
Central,1,2x8,14,2024-09-20,280.0
Central,1,2x8,14,2024-09-27,295.0
Central,1,2x8,14,2024-10-04,315.0
Central,1,2x8,14,2024-10-11,335.0
Central,1,2x8,14,2024-10-18,355.0
Central,1,2x8,14,2024-10-25,375.0
Central,1,2x8,14,2024-11-01,385.0
Central,1,2x8,14,2024-11-08,385.0
Central,1,2x8,14,2024-11-15,370.0
Central,1,2x8,14,2024-11-22,360.0
Central,1,2x8,14,2024-11-27,340.0
Central,1,2x8,14,2024-12-06,330.0
Central,1,2x8,14,2024-12-13,330.0
Central,1,2x8,14,2024-12-20,345.0
Central,1,2x8,14,2025-01-03,370.0
Central,1,2x8,14,2025-01-10,370.0
Central,1,2x8,14,2025-01-17,370.0
Central,1,2x8,14,2025-01-24,365.0
Central,1,2x8,14,2025-01-31,355.0
Central,1,2x8,14,2025-02-07,365.0
Central,1,2x8,14,2025-02-14,370.0
Central,1,2x8,14,2025-02-21,375.0
Central,1,2x8,14,2025-02-28,380.0
Central,1,2x8,14,2025-03-07,385.0
Central,1,2x8,14,2025-03-14,385.0
Central,1,2x8,14,2025-03-21,390.0
Central,1,2x8,14,2025-03-28,390.0
Central,1,2x8,14,2025-04-04,400.0
Central,1,2x8,14,2025-04-11,410.0
Central,1,2x8,14,2025-04-18,400.0
Central,1,2x8,14,2025-04-25,400.0
Central,1,2x8,14,2025-05-02,400.0
Central,1,2x8,14,2025-05-09,380.0
Central,1,2x8,14,2025-05-16,360.0
Central,1,2x8,14,2025-05-23,335.0
Central,1,2x8,14,2025-05-30,315.0
Central,1,2x8,14,2025-06-06,310.0
Central,1,2x8,14,2025-06-13,310.0
Central,1,2x8,14,2025-06-19,310.0
Central,1,2x8,14,2025-06-27,315.0
Central,1,2x8,14,2025-07-03,325.0
Central,1,2x8,14,2025-07-11,335.0
Central,1,2x8,14,2025-07-18,350.0
Central,1,2x8,14,2025-07-25,355.0
Central,1,2x8,14,2025-08-01,355.0
Central,1,2x8,14,2025-08-08,355.0
Central,1,2x8,14,2025-08-15,345.0
Central,1,2x8,14,2025-08-22,335.0
Central,1,2x8,14,2025-08-29,325.0
Central,1,2x8,14,2025-09-05,325.0
Central,1,2x8,14,2025-09-12,325.0
Central,1,2x8,14,2025-09-19,330.0
Central,1,2x8,14,2025-09-26,330.0
Central,1,2x8,14,2025-10-03,340.0
Central,1,2x8,14,2025-10-10,350.0
Central,1,2x8,14,2025-10-17,350.0
Central,1,2x8,16,2024-01-12,385.0
Central,1,2x8,16,2024-01-18,380.0
Central,1,2x8,16,2024-01-25,375.0
Central,1,2x8,16,2024-02-08,380.0
Central,1,2x8,16,2024-02-15,385.0
Central,1,2x8,16,2024-02-22,385.0
Central,1,2x8,16,2024-02-29,390.0
Central,1,2x8,16,2024-03-07,395.0
Central,1,2x8,16,2024-03-14,400.0
Central,1,2x8,16,2024-03-21,395.0
Central,1,2x8,16,2024-03-28,390.0
Central,1,2x8,16,2024-04-04,360.0
Central,1,2x8,16,2024-04-11,345.0
Central,1,2x8,16,2024-04-18,335.0
Central,1,2x8,16,2024-04-25,325.0
Central,1,2x8,16,2024-05-02,335.0
Central,1,2x8,16,2024-05-09,335.0
Central,1,2x8,16,2024-05-16,340.0
Central,1,2x8,16,2024-05-30,350.0
Central,1,2x8,16,2024-06-06,350.0
Central,1,2x8,16,2024-06-13,340.0
Central,1,2x8,16,2024-06-20,325.0
Central,1,2x8,16,2024-06-27,315.0
Central,1,2x8,16,2024-07-04,310.0
Central,1,2x8,16,2024-07-11,315.0
Central,1,2x8,16,2024-07-18,315.0
Central,1,2x8,16,2024-07-25,315.0
Central,1,2x8,16,2024-08-01,315.0
Central,1,2x8,16,2024-08-08,315.0
Central,1,2x8,16,2024-08-15,310.0
Central,1,2x8,16,2024-08-22,305.0
Central,1,2x8,16,2024-08-29,300.0
Central,1,2x8,16,2024-09-05,300.0
Central,1,2x8,16,2024-09-12,300.0
Central,1,2x8,16,2024-09-20,300.0
Central,1,2x8,16,2024-09-27,315.0
Central,1,2x8,16,2024-10-04,340.0
Central,1,2x8,16,2024-10-11,360.0
Central,1,2x8,16,2024-10-18,380.0
Central,1,2x8,16,2024-10-25,405.0
Central,1,2x8,16,2024-11-01,420.0
Central,1,2x8,16,2024-11-08,425.0
Central,1,2x8,16,2024-11-15,405.0
Central,1,2x8,16,2024-11-22,380.0
Central,1,2x8,16,2024-11-27,370.0
Central,1,2x8,16,2024-12-06,370.0
Central,1,2x8,16,2024-12-13,370.0
Central,1,2x8,16,2024-12-20,390.0
Central,1,2x8,16,2025-01-03,415.0
Central,1,2x8,16,2025-01-10,405.0
Central,1,2x8,16,2025-01-17,405.0
Central,1,2x8,16,2025-01-24,400.0
Central,1,2x8,16,2025-01-31,380.0
Central,1,2x8,16,2025-02-07,380.0
Central,1,2x8,16,2025-02-14,380.0
Central,1,2x8,16,2025-02-21,375.0
Central,1,2x8,16,2025-02-28,375.0
Central,1,2x8,16,2025-03-07,380.0
Central,1,2x8,16,2025-03-14,380.0
Central,1,2x8,16,2025-03-21,380.0
Central,1,2x8,16,2025-03-28,380.0
Central,1,2x8,16,2025-04-04,380.0
Central,1,2x8,16,2025-04-11,380.0
Central,1,2x8,16,2025-04-18,390.0
Central,1,2x8,16,2025-04-25,400.0
Central,1,2x8,16,2025-05-02,400.0
Central,1,2x8,16,2025-05-09,385.0
Central,1,2x8,16,2025-05-16,375.0
Central,1,2x8,16,2025-05-23,350.0
Central,1,2x8,16,2025-05-30,330.0
Central,1,2x8,16,2025-06-06,315.0
Central,1,2x8,16,2025-06-13,315.0
Central,1,2x8,16,2025-06-19,320.0
Central,1,2x8,16,2025-06-27,320.0
Central,1,2x8,16,2025-07-03,330.0
Central,1,2x8,16,2025-07-11,345.0
Central,1,2x8,16,2025-07-18,355.0
Central,1,2x8,16,2025-07-25,360.0
Central,1,2x8,16,2025-08-01,365.0
Central,1,2x8,16,2025-08-08,365.0
Central,1,2x8,16,2025-08-15,355.0
Central,1,2x8,16,2025-08-22,345.0
Central,1,2x8,16,2025-08-29,330.0
Central,1,2x8,16,2025-09-05,330.0
Central,1,2x8,16,2025-09-12,325.0
Central,1,2x8,16,2025-09-19,330.0
Central,1,2x8,16,2025-09-26,330.0
Central,1,2x8,16,2025-10-03,335.0
Central,1,2x8,16,2025-10-10,340.0
Central,1,2x8,16,2025-10-17,345.0
Central,1,2x8,18,2024-01-12,375.0
Central,1,2x8,18,2024-01-18,365.0
Central,1,2x8,18,2024-01-25,365.0
Central,1,2x8,18,2024-02-08,365.0
Central,1,2x8,18,2024-02-15,370.0
Central,1,2x8,18,2024-02-22,370.0
Central,1,2x8,18,2024-02-29,370.0
Central,1,2x8,18,2024-03-07,375.0
Central,1,2x8,18,2024-03-14,380.0
Central,1,2x8,18,2024-03-21,375.0
Central,1,2x8,18,2024-03-28,370.0
Central,1,2x8,18,2024-04-04,350.0
Central,1,2x8,18,2024-04-11,340.0
Central,1,2x8,18,2024-04-18,340.0
Central,1,2x8,18,2024-04-25,340.0
Central,1,2x8,18,2024-05-02,340.0
Central,1,2x8,18,2024-05-09,335.0
Central,1,2x8,18,2024-05-16,345.0
Central,1,2x8,18,2024-05-30,340.0
Central,1,2x8,18,2024-06-06,340.0
Central,1,2x8,18,2024-06-13,325.0
Central,1,2x8,18,2024-06-20,305.0
Central,1,2x8,18,2024-06-27,295.0
Central,1,2x8,18,2024-07-04,295.0
Central,1,2x8,18,2024-07-11,295.0
Central,1,2x8,18,2024-07-18,300.0
Central,1,2x8,18,2024-07-25,300.0
Central,1,2x8,18,2024-08-01,305.0
Central,1,2x8,18,2024-08-08,305.0
Central,1,2x8,18,2024-08-15,300.0
Central,1,2x8,18,2024-08-22,290.0
Central,1,2x8,18,2024-08-29,290.0
Central,1,2x8,18,2024-09-05,290.0
Central,1,2x8,18,2024-09-12,295.0
Central,1,2x8,18,2024-09-20,290.0
Central,1,2x8,18,2024-09-27,310.0
Central,1,2x8,18,2024-10-04,325.0
Central,1,2x8,18,2024-10-11,355.0
Central,1,2x8,18,2024-10-18,360.0
Central,1,2x8,18,2024-10-25,375.0
Central,1,2x8,18,2024-11-01,385.0
Central,1,2x8,18,2024-11-08,385.0
Central,1,2x8,18,2024-11-15,365.0
Central,1,2x8,18,2024-11-22,345.0
Central,1,2x8,18,2024-11-27,335.0
Central,1,2x8,18,2024-12-06,330.0
Central,1,2x8,18,2024-12-13,330.0
Central,1,2x8,18,2024-12-20,345.0
Central,1,2x8,18,2025-01-03,365.0
Central,1,2x8,18,2025-01-10,365.0
Central,1,2x8,18,2025-01-17,365.0
Central,1,2x8,18,2025-01-24,360.0
Central,1,2x8,18,2025-01-31,350.0
Central,1,2x8,18,2025-02-07,350.0
Central,1,2x8,18,2025-02-14,360.0
Central,1,2x8,18,2025-02-21,365.0
Central,1,2x8,18,2025-02-28,365.0
Central,1,2x8,18,2025-03-07,365.0
Central,1,2x8,18,2025-03-14,360.0
Central,1,2x8,18,2025-03-21,360.0
Central,1,2x8,18,2025-03-28,360.0
Central,1,2x8,18,2025-04-04,370.0
Central,1,2x8,18,2025-04-11,380.0
Central,1,2x8,18,2025-04-18,390.0
Central,1,2x8,18,2025-04-25,390.0
Central,1,2x8,18,2025-05-02,390.0
Central,1,2x8,18,2025-05-09,380.0
Central,1,2x8,18,2025-05-16,360.0
Central,1,2x8,18,2025-05-23,340.0
Central,1,2x8,18,2025-05-30,320.0
Central,1,2x8,18,2025-06-06,310.0
Central,1,2x8,18,2025-06-13,310.0
Central,1,2x8,18,2025-06-19,310.0
Central,1,2x8,18,2025-06-27,310.0
Central,1,2x8,18,2025-07-03,315.0
Central,1,2x8,18,2025-07-11,335.0
Central,1,2x8,18,2025-07-18,350.0
Central,1,2x8,18,2025-07-25,355.0
Central,1,2x8,18,2025-08-01,355.0
Central,1,2x8,18,2025-08-08,355.0
Central,1,2x8,18,2025-08-15,345.0
Central,1,2x8,18,2025-08-22,340.0
Central,1,2x8,18,2025-08-29,325.0
Central,1,2x8,18,2025-09-05,315.0
Central,1,2x8,18,2025-09-12,315.0
Central,1,2x8,18,2025-09-19,320.0
Central,1,2x8,18,2025-09-26,325.0
Central,1,2x8,18,2025-10-03,330.0
Central,1,2x8,18,2025-10-10,340.0
Central,1,2x8,18,2025-10-17,340.0
Central,1,2x8,20,2024-01-12,415.0
Central,1,2x8,20,2024-01-18,415.0
Central,1,2x8,20,2024-01-25,415.0
Central,1,2x8,20,2024-02-08,425.0
Central,1,2x8,20,2024-02-15,425.0
Central,1,2x8,20,2024-02-22,435.0
Central,1,2x8,20,2024-02-29,435.0
Central,1,2x8,20,2024-03-07,440.0
Central,1,2x8,20,2024-03-14,445.0
Central,1,2x8,20,2024-03-21,445.0
Central,1,2x8,20,2024-03-28,440.0
Central,1,2x8,20,2024-04-04,435.0
Central,1,2x8,20,2024-04-11,430.0
Central,1,2x8,20,2024-04-18,430.0
Central,1,2x8,20,2024-04-25,420.0
Central,1,2x8,20,2024-05-02,420.0
Central,1,2x8,20,2024-05-09,425.0
Central,1,2x8,20,2024-05-16,430.0
Central,1,2x8,20,2024-05-30,435.0
Central,1,2x8,20,2024-06-06,440.0
Central,1,2x8,20,2024-06-13,420.0
Central,1,2x8,20,2024-06-20,405.0
Central,1,2x8,20,2024-06-27,400.0
Central,1,2x8,20,2024-07-04,390.0
Central,1,2x8,20,2024-07-11,395.0
Central,1,2x8,20,2024-07-18,405.0
Central,1,2x8,20,2024-07-25,405.0
Central,1,2x8,20,2024-08-01,410.0
Central,1,2x8,20,2024-08-08,410.0
Central,1,2x8,20,2024-08-15,405.0
Central,1,2x8,20,2024-08-22,400.0
Central,1,2x8,20,2024-08-29,395.0
Central,1,2x8,20,2024-09-05,395.0
Central,1,2x8,20,2024-09-12,400.0
Central,1,2x8,20,2024-09-20,400.0
Central,1,2x8,20,2024-09-27,420.0
Central,1,2x8,20,2024-10-04,435.0
Central,1,2x8,20,2024-10-11,455.0
Central,1,2x8,20,2024-10-18,470.0
Central,1,2x8,20,2024-10-25,490.0
Central,1,2x8,20,2024-11-01,500.0
Central,1,2x8,20,2024-11-08,485.0
Central,1,2x8,20,2024-11-15,470.0
Central,1,2x8,20,2024-11-22,450.0
Central,1,2x8,20,2024-11-27,435.0
Central,1,2x8,20,2024-12-06,425.0
Central,1,2x8,20,2024-12-13,425.0
Central,1,2x8,20,2024-12-20,425.0
Central,1,2x8,20,2025-01-03,440.0
Central,1,2x8,20,2025-01-10,410.0
Central,1,2x8,20,2025-01-17,395.0
Central,1,2x8,20,2025-01-24,385.0
Central,1,2x8,20,2025-01-31,370.0
Central,1,2x8,20,2025-02-07,370.0
Central,1,2x8,20,2025-02-14,380.0
Central,1,2x8,20,2025-02-21,380.0
Central,1,2x8,20,2025-02-28,375.0
Central,1,2x8,20,2025-03-07,370.0
Central,1,2x8,20,2025-03-14,370.0
Central,1,2x8,20,2025-03-21,375.0
Central,1,2x8,20,2025-03-28,375.0
Central,1,2x8,20,2025-04-04,380.0
Central,1,2x8,20,2025-04-11,390.0
Central,1,2x8,20,2025-04-18,390.0
Central,1,2x8,20,2025-04-25,400.0
Central,1,2x8,20,2025-05-02,400.0
Central,1,2x8,20,2025-05-09,370.0
Central,1,2x8,20,2025-05-16,355.0
Central,1,2x8,20,2025-05-23,335.0
Central,1,2x8,20,2025-05-30,315.0
Central,1,2x8,20,2025-06-06,300.0
Central,1,2x8,20,2025-06-13,300.0
Central,1,2x8,20,2025-06-19,300.0
Central,1,2x8,20,2025-06-27,310.0
Central,1,2x8,20,2025-07-03,315.0
Central,1,2x8,20,2025-07-11,330.0
Central,1,2x8,20,2025-07-18,345.0
Central,1,2x8,20,2025-07-25,350.0
Central,1,2x8,20,2025-08-01,355.0
Central,1,2x8,20,2025-08-08,355.0
Central,1,2x8,20,2025-08-15,345.0
Central,1,2x8,20,2025-08-22,335.0
Central,1,2x8,20,2025-08-29,330.0
Central,1,2x8,20,2025-09-05,325.0
Central,1,2x8,20,2025-09-12,325.0
Central,1,2x8,20,2025-09-19,330.0
Central,1,2x8,20,2025-09-26,335.0
Central,1,2x8,20,2025-10-03,345.0
Central,1,2x8,20,2025-10-10,350.0
Central,1,2x8,20,2025-10-17,350.0
Central,2,2x10,8,2024-01-12,230.0
Central,2,2x10,8,2024-01-18,225.0
Central,2,2x10,8,2024-01-25,225.0
Central,2,2x10,8,2024-02-08,230.0
Central,2,2x10,8,2024-02-15,235.0
Central,2,2x10,8,2024-02-22,235.0
Central,2,2x10,8,2024-02-29,240.0
Central,2,2x10,8,2024-03-07,240.0
Central,2,2x10,8,2024-03-14,245.0
Central,2,2x10,8,2024-03-21,240.0
Central,2,2x10,8,2024-03-28,240.0
Central,2,2x10,8,2024-04-04,240.0
Central,2,2x10,8,2024-04-11,240.0
Central,2,2x10,8,2024-04-18,240.0
Central,2,2x10,8,2024-04-25,245.0
Central,2,2x10,8,2024-05-02,265.0
Central,2,2x10,8,2024-05-09,280.0
Central,2,2x10,8,2024-05-16,305.0
Central,2,2x10,8,2024-05-30,340.0
Central,2,2x10,8,2024-06-06,340.0
Central,2,2x10,8,2024-06-13,340.0
Central,2,2x10,8,2024-06-20,330.0
Central,2,2x10,8,2024-06-27,315.0
Central,2,2x10,8,2024-07-04,310.0
Central,2,2x10,8,2024-07-11,305.0
Central,2,2x10,8,2024-07-18,310.0
Central,2,2x10,8,2024-07-25,315.0
Central,2,2x10,8,2024-08-01,315.0
Central,2,2x10,8,2024-08-08,315.0
Central,2,2x10,8,2024-08-15,310.0
Central,2,2x10,8,2024-08-22,300.0
Central,2,2x10,8,2024-08-29,290.0
Central,2,2x10,8,2024-09-05,280.0
Central,2,2x10,8,2024-09-12,275.0
Central,2,2x10,8,2024-09-20,265.0
Central,2,2x10,8,2024-09-27,260.0
Central,2,2x10,8,2024-10-04,255.0
Central,2,2x10,8,2024-10-11,255.0
Central,2,2x10,8,2024-10-18,255.0
Central,2,2x10,8,2024-10-25,260.0
Central,2,2x10,8,2024-11-01,265.0
Central,2,2x10,8,2024-11-08,265.0
Central,2,2x10,8,2024-11-15,260.0
Central,2,2x10,8,2024-11-22,255.0
Central,2,2x10,8,2024-11-27,250.0
Central,2,2x10,8,2024-12-06,245.0
Central,2,2x10,8,2024-12-13,245.0
Central,2,2x10,8,2024-12-20,255.0
Central,2,2x10,8,2025-01-03,275.0
Central,2,2x10,8,2025-01-10,280.0
Central,2,2x10,8,2025-01-17,280.0
Central,2,2x10,8,2025-01-24,280.0
Central,2,2x10,8,2025-01-31,275.0
Central,2,2x10,8,2025-02-07,275.0
Central,2,2x10,8,2025-02-14,280.0
Central,2,2x10,8,2025-02-21,280.0
Central,2,2x10,8,2025-02-28,280.0
Central,2,2x10,8,2025-03-07,285.0
Central,2,2x10,8,2025-03-14,295.0
Central,2,2x10,8,2025-03-21,305.0
Central,2,2x10,8,2025-03-28,320.0
Central,2,2x10,8,2025-04-04,335.0
Central,2,2x10,8,2025-04-11,350.0
Central,2,2x10,8,2025-04-18,365.0
Central,2,2x10,8,2025-04-25,385.0
Central,2,2x10,8,2025-05-02,390.0
Central,2,2x10,8,2025-05-09,380.0
Central,2,2x10,8,2025-05-16,360.0
Central,2,2x10,8,2025-05-23,340.0
Central,2,2x10,8,2025-05-30,320.0
Central,2,2x10,8,2025-06-06,295.0
Central,2,2x10,8,2025-06-13,275.0
Central,2,2x10,8,2025-06-19,255.0
Central,2,2x10,8,2025-06-27,250.0
Central,2,2x10,8,2025-07-03,250.0
Central,2,2x10,8,2025-07-11,250.0
Central,2,2x10,8,2025-07-18,250.0
Central,2,2x10,8,2025-07-25,250.0
Central,2,2x10,8,2025-08-01,250.0
Central,2,2x10,8,2025-08-08,250.0
Central,2,2x10,8,2025-08-15,245.0
Central,2,2x10,8,2025-08-22,235.0
Central,2,2x10,8,2025-08-29,215.0
Central,2,2x10,8,2025-09-05,215.0
Central,2,2x10,8,2025-09-12,215.0
Central,2,2x10,8,2025-09-19,225.0
Central,2,2x10,8,2025-09-26,225.0
Central,2,2x10,8,2025-10-03,225.0
Central,2,2x10,8,2025-10-10,240.0
Central,2,2x10,8,2025-10-17,245.0
Central,2,2x10,10,2024-01-12,290.0
Central,2,2x10,10,2024-01-18,280.0
Central,2,2x10,10,2024-01-25,275.0
Central,2,2x10,10,2024-02-08,275.0
Central,2,2x10,10,2024-02-15,280.0
Central,2,2x10,10,2024-02-22,285.0
Central,2,2x10,10,2024-02-29,290.0
Central,2,2x10,10,2024-03-07,290.0
Central,2,2x10,10,2024-03-14,295.0
Central,2,2x10,10,2024-03-21,300.0
Central,2,2x10,10,2024-03-28,300.0
Central,2,2x10,10,2024-04-04,300.0
Central,2,2x10,10,2024-04-11,300.0
Central,2,2x10,10,2024-04-18,290.0
Central,2,2x10,10,2024-04-25,300.0
Central,2,2x10,10,2024-05-02,310.0
Central,2,2x10,10,2024-05-09,325.0
Central,2,2x10,10,2024-05-16,345.0
Central,2,2x10,10,2024-05-30,370.0
Central,2,2x10,10,2024-06-06,380.0
Central,2,2x10,10,2024-06-13,380.0
Central,2,2x10,10,2024-06-20,370.0
Central,2,2x10,10,2024-06-27,355.0
Central,2,2x10,10,2024-07-04,350.0
Central,2,2x10,10,2024-07-11,345.0
Central,2,2x10,10,2024-07-18,350.0
Central,2,2x10,10,2024-07-25,350.0
Central,2,2x10,10,2024-08-01,355.0
Central,2,2x10,10,2024-08-08,355.0
Central,2,2x10,10,2024-08-15,350.0
Central,2,2x10,10,2024-08-22,345.0
Central,2,2x10,10,2024-08-29,335.0
Central,2,2x10,10,2024-09-05,325.0
Central,2,2x10,10,2024-09-12,315.0
Central,2,2x10,10,2024-09-20,300.0
Central,2,2x10,10,2024-09-27,290.0
Central,2,2x10,10,2024-10-04,290.0
Central,2,2x10,10,2024-10-11,290.0
Central,2,2x10,10,2024-10-18,290.0
Central,2,2x10,10,2024-10-25,290.0
Central,2,2x10,10,2024-11-01,295.0
Central,2,2x10,10,2024-11-08,290.0
Central,2,2x10,10,2024-11-15,285.0
Central,2,2x10,10,2024-11-22,275.0
Central,2,2x10,10,2024-11-27,270.0
Central,2,2x10,10,2024-12-06,270.0
Central,2,2x10,10,2024-12-13,270.0
Central,2,2x10,10,2024-12-20,280.0
Central,2,2x10,10,2025-01-03,295.0
Central,2,2x10,10,2025-01-10,295.0
Central,2,2x10,10,2025-01-17,295.0
Central,2,2x10,10,2025-01-24,295.0
Central,2,2x10,10,2025-01-31,290.0
Central,2,2x10,10,2025-02-07,295.0
Central,2,2x10,10,2025-02-14,295.0
Central,2,2x10,10,2025-02-21,295.0
Central,2,2x10,10,2025-02-28,295.0
Central,2,2x10,10,2025-03-07,295.0
Central,2,2x10,10,2025-03-14,295.0
Central,2,2x10,10,2025-03-21,305.0
Central,2,2x10,10,2025-03-28,320.0
Central,2,2x10,10,2025-04-04,340.0
Central,2,2x10,10,2025-04-11,360.0
Central,2,2x10,10,2025-04-18,385.0
Central,2,2x10,10,2025-04-25,405.0
Central,2,2x10,10,2025-05-02,415.0
Central,2,2x10,10,2025-05-09,410.0
Central,2,2x10,10,2025-05-16,395.0
Central,2,2x10,10,2025-05-23,380.0
Central,2,2x10,10,2025-05-30,365.0
Central,2,2x10,10,2025-06-06,340.0
Central,2,2x10,10,2025-06-13,320.0
Central,2,2x10,10,2025-06-19,305.0
Central,2,2x10,10,2025-06-27,300.0
Central,2,2x10,10,2025-07-03,300.0
Central,2,2x10,10,2025-07-11,300.0
Central,2,2x10,10,2025-07-18,300.0
Central,2,2x10,10,2025-07-25,300.0
Central,2,2x10,10,2025-08-01,300.0
Central,2,2x10,10,2025-08-08,300.0
Central,2,2x10,10,2025-08-15,290.0
Central,2,2x10,10,2025-08-22,275.0
Central,2,2x10,10,2025-08-29,260.0
Central,2,2x10,10,2025-09-05,260.0
Central,2,2x10,10,2025-09-12,260.0
Central,2,2x10,10,2025-09-19,260.0
Central,2,2x10,10,2025-09-26,260.0
Central,2,2x10,10,2025-10-03,260.0
Central,2,2x10,10,2025-10-10,260.0
Central,2,2x10,10,2025-10-17,265.0
Central,2,2x10,12,2024-01-12,315.0
Central,2,2x10,12,2024-01-18,305.0
Central,2,2x10,12,2024-01-25,300.0
Central,2,2x10,12,2024-02-08,290.0
Central,2,2x10,12,2024-02-15,300.0
Central,2,2x10,12,2024-02-22,305.0
Central,2,2x10,12,2024-02-29,305.0
Central,2,2x10,12,2024-03-07,305.0
Central,2,2x10,12,2024-03-14,305.0
Central,2,2x10,12,2024-03-21,305.0
Central,2,2x10,12,2024-03-28,305.0
Central,2,2x10,12,2024-04-04,305.0
Central,2,2x10,12,2024-04-11,305.0
Central,2,2x10,12,2024-04-18,300.0
Central,2,2x10,12,2024-04-25,305.0
Central,2,2x10,12,2024-05-02,320.0
Central,2,2x10,12,2024-05-09,340.0
Central,2,2x10,12,2024-05-16,360.0
Central,2,2x10,12,2024-05-30,390.0
Central,2,2x10,12,2024-06-06,400.0
Central,2,2x10,12,2024-06-13,395.0
Central,2,2x10,12,2024-06-20,385.0
Central,2,2x10,12,2024-06-27,360.0
Central,2,2x10,12,2024-07-04,350.0
Central,2,2x10,12,2024-07-11,350.0
Central,2,2x10,12,2024-07-18,350.0
Central,2,2x10,12,2024-07-25,350.0
Central,2,2x10,12,2024-08-01,355.0
Central,2,2x10,12,2024-08-08,355.0
Central,2,2x10,12,2024-08-15,350.0
Central,2,2x10,12,2024-08-22,345.0
Central,2,2x10,12,2024-08-29,335.0
Central,2,2x10,12,2024-09-05,330.0
Central,2,2x10,12,2024-09-12,325.0
Central,2,2x10,12,2024-09-20,310.0
Central,2,2x10,12,2024-09-27,305.0
Central,2,2x10,12,2024-10-04,300.0
Central,2,2x10,12,2024-10-11,300.0
Central,2,2x10,12,2024-10-18,300.0
Central,2,2x10,12,2024-10-25,305.0
Central,2,2x10,12,2024-11-01,305.0
Central,2,2x10,12,2024-11-08,305.0
Central,2,2x10,12,2024-11-15,295.0
Central,2,2x10,12,2024-11-22,285.0
Central,2,2x10,12,2024-11-27,280.0
Central,2,2x10,12,2024-12-06,275.0
Central,2,2x10,12,2024-12-13,275.0
Central,2,2x10,12,2024-12-20,285.0
Central,2,2x10,12,2025-01-03,300.0
Central,2,2x10,12,2025-01-10,305.0
Central,2,2x10,12,2025-01-17,305.0
Central,2,2x10,12,2025-01-24,305.0
Central,2,2x10,12,2025-01-31,300.0
Central,2,2x10,12,2025-02-07,305.0
Central,2,2x10,12,2025-02-14,305.0
Central,2,2x10,12,2025-02-21,305.0
Central,2,2x10,12,2025-02-28,305.0
Central,2,2x10,12,2025-03-07,305.0
Central,2,2x10,12,2025-03-14,310.0
Central,2,2x10,12,2025-03-21,315.0
Central,2,2x10,12,2025-03-28,330.0
Central,2,2x10,12,2025-04-04,350.0
Central,2,2x10,12,2025-04-11,375.0
Central,2,2x10,12,2025-04-18,395.0
Central,2,2x10,12,2025-04-25,415.0
Central,2,2x10,12,2025-05-02,420.0
Central,2,2x10,12,2025-05-09,420.0
Central,2,2x10,12,2025-05-16,410.0
Central,2,2x10,12,2025-05-23,390.0
Central,2,2x10,12,2025-05-30,375.0
Central,2,2x10,12,2025-06-06,350.0
Central,2,2x10,12,2025-06-13,330.0
Central,2,2x10,12,2025-06-19,310.0
Central,2,2x10,12,2025-06-27,295.0
Central,2,2x10,12,2025-07-03,295.0
Central,2,2x10,12,2025-07-11,295.0
Central,2,2x10,12,2025-07-18,295.0
Central,2,2x10,12,2025-07-25,295.0
Central,2,2x10,12,2025-08-01,295.0
Central,2,2x10,12,2025-08-08,295.0
Central,2,2x10,12,2025-08-15,290.0
Central,2,2x10,12,2025-08-22,275.0
Central,2,2x10,12,2025-08-29,260.0
Central,2,2x10,12,2025-09-05,250.0
Central,2,2x10,12,2025-09-12,250.0
Central,2,2x10,12,2025-09-19,255.0
Central,2,2x10,12,2025-09-26,255.0
Central,2,2x10,12,2025-10-03,255.0
Central,2,2x10,12,2025-10-10,255.0
Central,2,2x10,12,2025-10-17,260.0
Central,2,2x10,14,2024-01-12,310.0
Central,2,2x10,14,2024-01-18,300.0
Central,2,2x10,14,2024-01-25,285.0
Central,2,2x10,14,2024-02-08,285.0
Central,2,2x10,14,2024-02-15,295.0
Central,2,2x10,14,2024-02-22,300.0
Central,2,2x10,14,2024-02-29,305.0
Central,2,2x10,14,2024-03-07,305.0
Central,2,2x10,14,2024-03-14,305.0
Central,2,2x10,14,2024-03-21,305.0
Central,2,2x10,14,2024-03-28,305.0
Central,2,2x10,14,2024-04-04,305.0
Central,2,2x10,14,2024-04-11,300.0
Central,2,2x10,14,2024-04-18,295.0
Central,2,2x10,14,2024-04-25,300.0
Central,2,2x10,14,2024-05-02,315.0
Central,2,2x10,14,2024-05-09,335.0
Central,2,2x10,14,2024-05-16,360.0
Central,2,2x10,14,2024-05-30,390.0
Central,2,2x10,14,2024-06-06,400.0
Central,2,2x10,14,2024-06-13,400.0
Central,2,2x10,14,2024-06-20,390.0
Central,2,2x10,14,2024-06-27,370.0
Central,2,2x10,14,2024-07-04,355.0
Central,2,2x10,14,2024-07-11,350.0
Central,2,2x10,14,2024-07-18,350.0
Central,2,2x10,14,2024-07-25,350.0
Central,2,2x10,14,2024-08-01,355.0
Central,2,2x10,14,2024-08-08,355.0
Central,2,2x10,14,2024-08-15,350.0
Central,2,2x10,14,2024-08-22,345.0
Central,2,2x10,14,2024-08-29,335.0
Central,2,2x10,14,2024-09-05,325.0
Central,2,2x10,14,2024-09-12,315.0
Central,2,2x10,14,2024-09-20,305.0
Central,2,2x10,14,2024-09-27,300.0
Central,2,2x10,14,2024-10-04,295.0
Central,2,2x10,14,2024-10-11,295.0
Central,2,2x10,14,2024-10-18,295.0
Central,2,2x10,14,2024-10-25,300.0
Central,2,2x10,14,2024-11-01,300.0
Central,2,2x10,14,2024-11-08,295.0
Central,2,2x10,14,2024-11-15,290.0
Central,2,2x10,14,2024-11-22,280.0
Central,2,2x10,14,2024-11-27,275.0
Central,2,2x10,14,2024-12-06,270.0
Central,2,2x10,14,2024-12-13,270.0
Central,2,2x10,14,2024-12-20,280.0
Central,2,2x10,14,2025-01-03,300.0
Central,2,2x10,14,2025-01-10,300.0
Central,2,2x10,14,2025-01-17,300.0
Central,2,2x10,14,2025-01-24,300.0
Central,2,2x10,14,2025-01-31,295.0
Central,2,2x10,14,2025-02-07,300.0
Central,2,2x10,14,2025-02-14,300.0
Central,2,2x10,14,2025-02-21,300.0
Central,2,2x10,14,2025-02-28,300.0
Central,2,2x10,14,2025-03-07,300.0
Central,2,2x10,14,2025-03-14,310.0
Central,2,2x10,14,2025-03-21,320.0
Central,2,2x10,14,2025-03-28,335.0
Central,2,2x10,14,2025-04-04,355.0
Central,2,2x10,14,2025-04-11,375.0
Central,2,2x10,14,2025-04-18,400.0
Central,2,2x10,14,2025-04-25,420.0
Central,2,2x10,14,2025-05-02,425.0
Central,2,2x10,14,2025-05-09,420.0
Central,2,2x10,14,2025-05-16,410.0
Central,2,2x10,14,2025-05-23,390.0
Central,2,2x10,14,2025-05-30,375.0
Central,2,2x10,14,2025-06-06,350.0
Central,2,2x10,14,2025-06-13,330.0
Central,2,2x10,14,2025-06-19,315.0
Central,2,2x10,14,2025-06-27,300.0
Central,2,2x10,14,2025-07-03,300.0
Central,2,2x10,14,2025-07-11,300.0
Central,2,2x10,14,2025-07-18,300.0
Central,2,2x10,14,2025-07-25,300.0
Central,2,2x10,14,2025-08-01,300.0
Central,2,2x10,14,2025-08-08,300.0
Central,2,2x10,14,2025-08-15,290.0
Central,2,2x10,14,2025-08-22,275.0
Central,2,2x10,14,2025-08-29,260.0
Central,2,2x10,14,2025-09-05,250.0
Central,2,2x10,14,2025-09-12,250.0
Central,2,2x10,14,2025-09-19,250.0
Central,2,2x10,14,2025-09-26,250.0
Central,2,2x10,14,2025-10-03,250.0
Central,2,2x10,14,2025-10-10,250.0
Central,2,2x10,14,2025-10-17,255.0
Central,2,2x10,16,2024-01-12,300.0
Central,2,2x10,16,2024-01-18,290.0
Central,2,2x10,16,2024-01-25,280.0
Central,2,2x10,16,2024-02-08,280.0
Central,2,2x10,16,2024-02-15,290.0
Central,2,2x10,16,2024-02-22,295.0
Central,2,2x10,16,2024-02-29,305.0
Central,2,2x10,16,2024-03-07,310.0
Central,2,2x10,16,2024-03-14,310.0
Central,2,2x10,16,2024-03-21,310.0
Central,2,2x10,16,2024-03-28,310.0
Central,2,2x10,16,2024-04-04,305.0
Central,2,2x10,16,2024-04-11,300.0
Central,2,2x10,16,2024-04-18,295.0
Central,2,2x10,16,2024-04-25,300.0
Central,2,2x10,16,2024-05-02,315.0
Central,2,2x10,16,2024-05-09,330.0
Central,2,2x10,16,2024-05-16,350.0
Central,2,2x10,16,2024-05-30,380.0
Central,2,2x10,16,2024-06-06,390.0
Central,2,2x10,16,2024-06-13,395.0
Central,2,2x10,16,2024-06-20,385.0
Central,2,2x10,16,2024-06-27,365.0
Central,2,2x10,16,2024-07-04,355.0
Central,2,2x10,16,2024-07-11,350.0
Central,2,2x10,16,2024-07-18,350.0
Central,2,2x10,16,2024-07-25,355.0
Central,2,2x10,16,2024-08-01,355.0
Central,2,2x10,16,2024-08-08,355.0
Central,2,2x10,16,2024-08-15,350.0
Central,2,2x10,16,2024-08-22,345.0
Central,2,2x10,16,2024-08-29,335.0
Central,2,2x10,16,2024-09-05,330.0
Central,2,2x10,16,2024-09-12,320.0
Central,2,2x10,16,2024-09-20,310.0
Central,2,2x10,16,2024-09-27,305.0
Central,2,2x10,16,2024-10-04,300.0
Central,2,2x10,16,2024-10-11,300.0
Central,2,2x10,16,2024-10-18,300.0
Central,2,2x10,16,2024-10-25,300.0
Central,2,2x10,16,2024-11-01,305.0
Central,2,2x10,16,2024-11-08,300.0
Central,2,2x10,16,2024-11-15,290.0
Central,2,2x10,16,2024-11-22,280.0
Central,2,2x10,16,2024-11-27,275.0
Central,2,2x10,16,2024-12-06,270.0
Central,2,2x10,16,2024-12-13,270.0
Central,2,2x10,16,2024-12-20,280.0
Central,2,2x10,16,2025-01-03,300.0
Central,2,2x10,16,2025-01-10,305.0
Central,2,2x10,16,2025-01-17,305.0
Central,2,2x10,16,2025-01-24,305.0
Central,2,2x10,16,2025-01-31,300.0
Central,2,2x10,16,2025-02-07,305.0
Central,2,2x10,16,2025-02-14,305.0
Central,2,2x10,16,2025-02-21,305.0
Central,2,2x10,16,2025-02-28,305.0
Central,2,2x10,16,2025-03-07,310.0
Central,2,2x10,16,2025-03-14,310.0
Central,2,2x10,16,2025-03-21,320.0
Central,2,2x10,16,2025-03-28,335.0
Central,2,2x10,16,2025-04-04,355.0
Central,2,2x10,16,2025-04-11,375.0
Central,2,2x10,16,2025-04-18,400.0
Central,2,2x10,16,2025-04-25,415.0
Central,2,2x10,16,2025-05-02,420.0
Central,2,2x10,16,2025-05-09,415.0
Central,2,2x10,16,2025-05-16,395.0
Central,2,2x10,16,2025-05-23,375.0
Central,2,2x10,16,2025-05-30,360.0
Central,2,2x10,16,2025-06-06,335.0
Central,2,2x10,16,2025-06-13,320.0
Central,2,2x10,16,2025-06-19,300.0
Central,2,2x10,16,2025-06-27,290.0
Central,2,2x10,16,2025-07-03,290.0
Central,2,2x10,16,2025-07-11,290.0
Central,2,2x10,16,2025-07-18,290.0
Central,2,2x10,16,2025-07-25,290.0
Central,2,2x10,16,2025-08-01,290.0
Central,2,2x10,16,2025-08-08,290.0
Central,2,2x10,16,2025-08-15,280.0
Central,2,2x10,16,2025-08-22,265.0
Central,2,2x10,16,2025-08-29,250.0
Central,2,2x10,16,2025-09-05,245.0
Central,2,2x10,16,2025-09-12,245.0
Central,2,2x10,16,2025-09-19,245.0
Central,2,2x10,16,2025-09-26,245.0
Central,2,2x10,16,2025-10-03,250.0
Central,2,2x10,16,2025-10-10,250.0
Central,2,2x10,16,2025-10-17,255.0
Central,2,2x10,18,2024-01-12,235.0
Central,2,2x10,18,2024-01-18,235.0
Central,2,2x10,18,2024-01-25,230.0
Central,2,2x10,18,2024-02-08,235.0
Central,2,2x10,18,2024-02-15,240.0
Central,2,2x10,18,2024-02-22,245.0
Central,2,2x10,18,2024-02-29,250.0
Central,2,2x10,18,2024-03-07,250.0
Central,2,2x10,18,2024-03-14,250.0
Central,2,2x10,18,2024-03-21,255.0
Central,2,2x10,18,2024-03-28,255.0
Central,2,2x10,18,2024-04-04,255.0
Central,2,2x10,18,2024-04-11,245.0
Central,2,2x10,18,2024-04-18,240.0
Central,2,2x10,18,2024-04-25,250.0
Central,2,2x10,18,2024-05-02,265.0
Central,2,2x10,18,2024-05-09,275.0
Central,2,2x10,18,2024-05-16,300.0
Central,2,2x10,18,2024-05-30,330.0
Central,2,2x10,18,2024-06-06,340.0
Central,2,2x10,18,2024-06-13,340.0
Central,2,2x10,18,2024-06-20,330.0
Central,2,2x10,18,2024-06-27,315.0
Central,2,2x10,18,2024-07-04,300.0
Central,2,2x10,18,2024-07-11,300.0
Central,2,2x10,18,2024-07-18,305.0
Central,2,2x10,18,2024-07-25,305.0
Central,2,2x10,18,2024-08-01,305.0
Central,2,2x10,18,2024-08-08,305.0
Central,2,2x10,18,2024-08-15,305.0
Central,2,2x10,18,2024-08-22,295.0
Central,2,2x10,18,2024-08-29,285.0
Central,2,2x10,18,2024-09-05,280.0
Central,2,2x10,18,2024-09-12,280.0
Central,2,2x10,18,2024-09-20,265.0
Central,2,2x10,18,2024-09-27,260.0
Central,2,2x10,18,2024-10-04,255.0
Central,2,2x10,18,2024-10-11,255.0
Central,2,2x10,18,2024-10-18,255.0
Central,2,2x10,18,2024-10-25,255.0
Central,2,2x10,18,2024-11-01,255.0
Central,2,2x10,18,2024-11-08,250.0
Central,2,2x10,18,2024-11-15,245.0
Central,2,2x10,18,2024-11-22,235.0
Central,2,2x10,18,2024-11-27,235.0
Central,2,2x10,18,2024-12-06,230.0
Central,2,2x10,18,2024-12-13,235.0
Central,2,2x10,18,2024-12-20,240.0
Central,2,2x10,18,2025-01-03,255.0
Central,2,2x10,18,2025-01-10,260.0
Central,2,2x10,18,2025-01-17,260.0
Central,2,2x10,18,2025-01-24,260.0
Central,2,2x10,18,2025-01-31,260.0
Central,2,2x10,18,2025-02-07,265.0
Central,2,2x10,18,2025-02-14,265.0
Central,2,2x10,18,2025-02-21,265.0
Central,2,2x10,18,2025-02-28,275.0
Central,2,2x10,18,2025-03-07,275.0
Central,2,2x10,18,2025-03-14,275.0
Central,2,2x10,18,2025-03-21,280.0
Central,2,2x10,18,2025-03-28,295.0
Central,2,2x10,18,2025-04-04,320.0
Central,2,2x10,18,2025-04-11,340.0
Central,2,2x10,18,2025-04-18,360.0
Central,2,2x10,18,2025-04-25,375.0
Central,2,2x10,18,2025-05-02,380.0
Central,2,2x10,18,2025-05-09,375.0
Central,2,2x10,18,2025-05-16,355.0
Central,2,2x10,18,2025-05-23,340.0
Central,2,2x10,18,2025-05-30,330.0
Central,2,2x10,18,2025-06-06,305.0
Central,2,2x10,18,2025-06-13,285.0
Central,2,2x10,18,2025-06-19,270.0
Central,2,2x10,18,2025-06-27,265.0
Central,2,2x10,18,2025-07-03,260.0
Central,2,2x10,18,2025-07-11,260.0
Central,2,2x10,18,2025-07-18,260.0
Central,2,2x10,18,2025-07-25,260.0
Central,2,2x10,18,2025-08-01,260.0
Central,2,2x10,18,2025-08-08,260.0
Central,2,2x10,18,2025-08-15,250.0
Central,2,2x10,18,2025-08-22,235.0
Central,2,2x10,18,2025-08-29,220.0
Central,2,2x10,18,2025-09-05,215.0
Central,2,2x10,18,2025-09-12,215.0
Central,2,2x10,18,2025-09-19,220.0
Central,2,2x10,18,2025-09-26,220.0
Central,2,2x10,18,2025-10-03,220.0
Central,2,2x10,18,2025-10-10,220.0
Central,2,2x10,18,2025-10-17,230.0
Central,2,2x10,20,2024-01-12,265.0
Central,2,2x10,20,2024-01-18,265.0
Central,2,2x10,20,2024-01-25,255.0
Central,2,2x10,20,2024-02-08,260.0
Central,2,2x10,20,2024-02-15,270.0
Central,2,2x10,20,2024-02-22,275.0
Central,2,2x10,20,2024-02-29,280.0
Central,2,2x10,20,2024-03-07,280.0
Central,2,2x10,20,2024-03-14,285.0
Central,2,2x10,20,2024-03-21,285.0
Central,2,2x10,20,2024-03-28,285.0
Central,2,2x10,20,2024-04-04,285.0
Central,2,2x10,20,2024-04-11,275.0
Central,2,2x10,20,2024-04-18,270.0
Central,2,2x10,20,2024-04-25,270.0
Central,2,2x10,20,2024-05-02,285.0
Central,2,2x10,20,2024-05-09,305.0
Central,2,2x10,20,2024-05-16,330.0
Central,2,2x10,20,2024-05-30,360.0
Central,2,2x10,20,2024-06-06,370.0
Central,2,2x10,20,2024-06-13,370.0
Central,2,2x10,20,2024-06-20,360.0
Central,2,2x10,20,2024-06-27,345.0
Central,2,2x10,20,2024-07-04,335.0
Central,2,2x10,20,2024-07-11,330.0
Central,2,2x10,20,2024-07-18,335.0
Central,2,2x10,20,2024-07-25,340.0
Central,2,2x10,20,2024-08-01,345.0
Central,2,2x10,20,2024-08-08,345.0
Central,2,2x10,20,2024-08-15,340.0
Central,2,2x10,20,2024-08-22,335.0
Central,2,2x10,20,2024-08-29,325.0
Central,2,2x10,20,2024-09-05,320.0
Central,2,2x10,20,2024-09-12,320.0
Central,2,2x10,20,2024-09-20,305.0
Central,2,2x10,20,2024-09-27,300.0
Central,2,2x10,20,2024-10-04,295.0
Central,2,2x10,20,2024-10-11,295.0
Central,2,2x10,20,2024-10-18,295.0
Central,2,2x10,20,2024-10-25,295.0
Central,2,2x10,20,2024-11-01,295.0
Central,2,2x10,20,2024-11-08,295.0
Central,2,2x10,20,2024-11-15,290.0
Central,2,2x10,20,2024-11-22,280.0
Central,2,2x10,20,2024-11-27,275.0
Central,2,2x10,20,2024-12-06,265.0
Central,2,2x10,20,2024-12-13,265.0
Central,2,2x10,20,2024-12-20,270.0
Central,2,2x10,20,2025-01-03,285.0
Central,2,2x10,20,2025-01-10,295.0
Central,2,2x10,20,2025-01-17,295.0
Central,2,2x10,20,2025-01-24,295.0
Central,2,2x10,20,2025-01-31,290.0
Central,2,2x10,20,2025-02-07,295.0
Central,2,2x10,20,2025-02-14,295.0
Central,2,2x10,20,2025-02-21,295.0
Central,2,2x10,20,2025-02-28,295.0
Central,2,2x10,20,2025-03-07,295.0
Central,2,2x10,20,2025-03-14,295.0
Central,2,2x10,20,2025-03-21,300.0
Central,2,2x10,20,2025-03-28,315.0
Central,2,2x10,20,2025-04-04,335.0
Central,2,2x10,20,2025-04-11,355.0
Central,2,2x10,20,2025-04-18,375.0
Central,2,2x10,20,2025-04-25,390.0
Central,2,2x10,20,2025-05-02,390.0
Central,2,2x10,20,2025-05-09,390.0
Central,2,2x10,20,2025-05-16,380.0
Central,2,2x10,20,2025-05-23,365.0
Central,2,2x10,20,2025-05-30,350.0
Central,2,2x10,20,2025-06-06,325.0
Central,2,2x10,20,2025-06-13,305.0
Central,2,2x10,20,2025-06-19,285.0
Central,2,2x10,20,2025-06-27,270.0
Central,2,2x10,20,2025-07-03,270.0
Central,2,2x10,20,2025-07-11,270.0
Central,2,2x10,20,2025-07-18,270.0
Central,2,2x10,20,2025-07-25,270.0
Central,2,2x10,20,2025-08-01,270.0
Central,2,2x10,20,2025-08-08,270.0
Central,2,2x10,20,2025-08-15,265.0
Central,2,2x10,20,2025-08-22,255.0
Central,2,2x10,20,2025-08-29,235.0
Central,2,2x10,20,2025-09-05,225.0
Central,2,2x10,20,2025-09-12,225.0
Central,2,2x10,20,2025-09-19,225.0
Central,2,2x10,20,2025-09-26,225.0
Central,2,2x10,20,2025-10-03,225.0
Central,2,2x10,20,2025-10-10,225.0
Central,2,2x10,20,2025-10-17,230.0
Central,2,2x12,8,2024-01-12,325.0
Central,2,2x12,8,2024-01-18,325.0
Central,2,2x12,8,2024-01-25,325.0
Central,2,2x12,8,2024-02-08,350.0
Central,2,2x12,8,2024-02-15,370.0
Central,2,2x12,8,2024-02-22,380.0
Central,2,2x12,8,2024-02-29,395.0
Central,2,2x12,8,2024-03-07,410.0
Central,2,2x12,8,2024-03-14,410.0
Central,2,2x12,8,2024-03-21,410.0
Central,2,2x12,8,2024-03-28,410.0
Central,2,2x12,8,2024-04-04,390.0
Central,2,2x12,8,2024-04-11,365.0
Central,2,2x12,8,2024-04-18,330.0
Central,2,2x12,8,2024-04-25,310.0
Central,2,2x12,8,2024-05-02,295.0
Central,2,2x12,8,2024-05-09,285.0
Central,2,2x12,8,2024-05-16,285.0
Central,2,2x12,8,2024-05-30,290.0
Central,2,2x12,8,2024-06-06,295.0
Central,2,2x12,8,2024-06-13,295.0
Central,2,2x12,8,2024-06-20,290.0
Central,2,2x12,8,2024-06-27,290.0
Central,2,2x12,8,2024-07-04,290.0
Central,2,2x12,8,2024-07-11,290.0
Central,2,2x12,8,2024-07-18,290.0
Central,2,2x12,8,2024-07-25,305.0
Central,2,2x12,8,2024-08-01,310.0
Central,2,2x12,8,2024-08-08,310.0
Central,2,2x12,8,2024-08-15,310.0
Central,2,2x12,8,2024-08-22,310.0
Central,2,2x12,8,2024-08-29,310.0
Central,2,2x12,8,2024-09-05,310.0
Central,2,2x12,8,2024-09-12,310.0
Central,2,2x12,8,2024-09-20,310.0
Central,2,2x12,8,2024-09-27,310.0
Central,2,2x12,8,2024-10-04,315.0
Central,2,2x12,8,2024-10-11,330.0
Central,2,2x12,8,2024-10-18,340.0
Central,2,2x12,8,2024-10-25,345.0
Central,2,2x12,8,2024-11-01,345.0
Central,2,2x12,8,2024-11-08,345.0
Central,2,2x12,8,2024-11-15,335.0
Central,2,2x12,8,2024-11-22,315.0
Central,2,2x12,8,2024-11-27,295.0
Central,2,2x12,8,2024-12-06,280.0
Central,2,2x12,8,2024-12-13,270.0
Central,2,2x12,8,2024-12-20,270.0
Central,2,2x12,8,2025-01-03,270.0
Central,2,2x12,8,2025-01-10,270.0
Central,2,2x12,8,2025-01-17,270.0
Central,2,2x12,8,2025-01-24,270.0
Central,2,2x12,8,2025-01-31,265.0
Central,2,2x12,8,2025-02-07,265.0
Central,2,2x12,8,2025-02-14,275.0
Central,2,2x12,8,2025-02-21,285.0
Central,2,2x12,8,2025-02-28,295.0
Central,2,2x12,8,2025-03-07,305.0
Central,2,2x12,8,2025-03-14,305.0
Central,2,2x12,8,2025-03-21,310.0
Central,2,2x12,8,2025-03-28,310.0
Central,2,2x12,8,2025-04-04,325.0
Central,2,2x12,8,2025-04-11,335.0
Central,2,2x12,8,2025-04-18,335.0
Central,2,2x12,8,2025-04-25,340.0
Central,2,2x12,8,2025-05-02,340.0
Central,2,2x12,8,2025-05-09,340.0
Central,2,2x12,8,2025-05-16,325.0
Central,2,2x12,8,2025-05-23,310.0
Central,2,2x12,8,2025-05-30,305.0
Central,2,2x12,8,2025-06-06,295.0
Central,2,2x12,8,2025-06-13,290.0
Central,2,2x12,8,2025-06-19,285.0
Central,2,2x12,8,2025-06-27,275.0
Central,2,2x12,8,2025-07-03,270.0
Central,2,2x12,8,2025-07-11,275.0
Central,2,2x12,8,2025-07-18,280.0
Central,2,2x12,8,2025-07-25,280.0
Central,2,2x12,8,2025-08-01,290.0
Central,2,2x12,8,2025-08-08,290.0
Central,2,2x12,8,2025-08-15,290.0
Central,2,2x12,8,2025-08-22,290.0
Central,2,2x12,8,2025-08-29,290.0
Central,2,2x12,8,2025-09-05,290.0
Central,2,2x12,8,2025-09-12,290.0
Central,2,2x12,8,2025-09-19,300.0
Central,2,2x12,8,2025-09-26,310.0
Central,2,2x12,8,2025-10-03,310.0
Central,2,2x12,8,2025-10-10,315.0
Central,2,2x12,8,2025-10-17,315.0
Central,2,2x12,10,2024-01-12,425.0
Central,2,2x12,10,2024-01-18,425.0
Central,2,2x12,10,2024-01-25,430.0
Central,2,2x12,10,2024-02-08,465.0
Central,2,2x12,10,2024-02-15,485.0
Central,2,2x12,10,2024-02-22,500.0
Central,2,2x12,10,2024-02-29,515.0
Central,2,2x12,10,2024-03-07,530.0
Central,2,2x12,10,2024-03-14,530.0
Central,2,2x12,10,2024-03-21,530.0
Central,2,2x12,10,2024-03-28,530.0
Central,2,2x12,10,2024-04-04,505.0
Central,2,2x12,10,2024-04-11,480.0
Central,2,2x12,10,2024-04-18,445.0
Central,2,2x12,10,2024-04-25,415.0
Central,2,2x12,10,2024-05-02,395.0
Central,2,2x12,10,2024-05-09,385.0
Central,2,2x12,10,2024-05-16,375.0
Central,2,2x12,10,2024-05-30,375.0
Central,2,2x12,10,2024-06-06,375.0
Central,2,2x12,10,2024-06-13,375.0
Central,2,2x12,10,2024-06-20,370.0
Central,2,2x12,10,2024-06-27,365.0
Central,2,2x12,10,2024-07-04,360.0
Central,2,2x12,10,2024-07-11,355.0
Central,2,2x12,10,2024-07-18,355.0
Central,2,2x12,10,2024-07-25,365.0
Central,2,2x12,10,2024-08-01,370.0
Central,2,2x12,10,2024-08-08,370.0
Central,2,2x12,10,2024-08-15,370.0
Central,2,2x12,10,2024-08-22,370.0
Central,2,2x12,10,2024-08-29,370.0
Central,2,2x12,10,2024-09-05,370.0
Central,2,2x12,10,2024-09-12,370.0
Central,2,2x12,10,2024-09-20,370.0
Central,2,2x12,10,2024-09-27,370.0
Central,2,2x12,10,2024-10-04,375.0
Central,2,2x12,10,2024-10-11,390.0
Central,2,2x12,10,2024-10-18,400.0
Central,2,2x12,10,2024-10-25,410.0
Central,2,2x12,10,2024-11-01,410.0
Central,2,2x12,10,2024-11-08,410.0
Central,2,2x12,10,2024-11-15,400.0
Central,2,2x12,10,2024-11-22,380.0
Central,2,2x12,10,2024-11-27,370.0
Central,2,2x12,10,2024-12-06,355.0
Central,2,2x12,10,2024-12-13,340.0
Central,2,2x12,10,2024-12-20,340.0
Central,2,2x12,10,2025-01-03,340.0
Central,2,2x12,10,2025-01-10,340.0
Central,2,2x12,10,2025-01-17,340.0
Central,2,2x12,10,2025-01-24,335.0
Central,2,2x12,10,2025-01-31,325.0
Central,2,2x12,10,2025-02-07,325.0
Central,2,2x12,10,2025-02-14,325.0
Central,2,2x12,10,2025-02-21,325.0
Central,2,2x12,10,2025-02-28,325.0
Central,2,2x12,10,2025-03-07,325.0
Central,2,2x12,10,2025-03-14,325.0
Central,2,2x12,10,2025-03-21,325.0
Central,2,2x12,10,2025-03-28,325.0
Central,2,2x12,10,2025-04-04,325.0
Central,2,2x12,10,2025-04-11,325.0
Central,2,2x12,10,2025-04-18,335.0
Central,2,2x12,10,2025-04-25,340.0
Central,2,2x12,10,2025-05-02,345.0
Central,2,2x12,10,2025-05-09,345.0
Central,2,2x12,10,2025-05-16,335.0
Central,2,2x12,10,2025-05-23,325.0
Central,2,2x12,10,2025-05-30,320.0
Central,2,2x12,10,2025-06-06,310.0
Central,2,2x12,10,2025-06-13,300.0
Central,2,2x12,10,2025-06-19,300.0
Central,2,2x12,10,2025-06-27,300.0
Central,2,2x12,10,2025-07-03,300.0
Central,2,2x12,10,2025-07-11,300.0
Central,2,2x12,10,2025-07-18,300.0
Central,2,2x12,10,2025-07-25,300.0
Central,2,2x12,10,2025-08-01,310.0
Central,2,2x12,10,2025-08-08,310.0
Central,2,2x12,10,2025-08-15,310.0
Central,2,2x12,10,2025-08-22,310.0
Central,2,2x12,10,2025-08-29,310.0
Central,2,2x12,10,2025-09-05,310.0
Central,2,2x12,10,2025-09-12,310.0
Central,2,2x12,10,2025-09-19,320.0
Central,2,2x12,10,2025-09-26,330.0
Central,2,2x12,10,2025-10-03,340.0
Central,2,2x12,10,2025-10-10,345.0
Central,2,2x12,10,2025-10-17,350.0
Central,2,2x12,12,2024-01-12,470.0
Central,2,2x12,12,2024-01-18,480.0
Central,2,2x12,12,2024-01-25,490.0
Central,2,2x12,12,2024-02-08,530.0
Central,2,2x12,12,2024-02-15,550.0
Central,2,2x12,12,2024-02-22,565.0
Central,2,2x12,12,2024-02-29,580.0
Central,2,2x12,12,2024-03-07,595.0
Central,2,2x12,12,2024-03-14,600.0
Central,2,2x12,12,2024-03-21,600.0
Central,2,2x12,12,2024-03-28,600.0
Central,2,2x12,12,2024-04-04,570.0
Central,2,2x12,12,2024-04-11,545.0
Central,2,2x12,12,2024-04-18,515.0
Central,2,2x12,12,2024-04-25,485.0
Central,2,2x12,12,2024-05-02,455.0
Central,2,2x12,12,2024-05-09,435.0
Central,2,2x12,12,2024-05-16,420.0
Central,2,2x12,12,2024-05-30,415.0
Central,2,2x12,12,2024-06-06,415.0
Central,2,2x12,12,2024-06-13,415.0
Central,2,2x12,12,2024-06-20,410.0
Central,2,2x12,12,2024-06-27,395.0
Central,2,2x12,12,2024-07-04,385.0
Central,2,2x12,12,2024-07-11,375.0
Central,2,2x12,12,2024-07-18,380.0
Central,2,2x12,12,2024-07-25,390.0
Central,2,2x12,12,2024-08-01,400.0
Central,2,2x12,12,2024-08-08,400.0
Central,2,2x12,12,2024-08-15,405.0
Central,2,2x12,12,2024-08-22,405.0
Central,2,2x12,12,2024-08-29,405.0
Central,2,2x12,12,2024-09-05,405.0
Central,2,2x12,12,2024-09-12,405.0
Central,2,2x12,12,2024-09-20,405.0
Central,2,2x12,12,2024-09-27,405.0
Central,2,2x12,12,2024-10-04,405.0
Central,2,2x12,12,2024-10-11,420.0
Central,2,2x12,12,2024-10-18,430.0
Central,2,2x12,12,2024-10-25,435.0
Central,2,2x12,12,2024-11-01,435.0
Central,2,2x12,12,2024-11-08,435.0
Central,2,2x12,12,2024-11-15,425.0
Central,2,2x12,12,2024-11-22,405.0
Central,2,2x12,12,2024-11-27,390.0
Central,2,2x12,12,2024-12-06,375.0
Central,2,2x12,12,2024-12-13,360.0
Central,2,2x12,12,2024-12-20,360.0
Central,2,2x12,12,2025-01-03,360.0
Central,2,2x12,12,2025-01-10,360.0
Central,2,2x12,12,2025-01-17,360.0
Central,2,2x12,12,2025-01-24,350.0
Central,2,2x12,12,2025-01-31,335.0
Central,2,2x12,12,2025-02-07,335.0
Central,2,2x12,12,2025-02-14,335.0
Central,2,2x12,12,2025-02-21,335.0
Central,2,2x12,12,2025-02-28,335.0
Central,2,2x12,12,2025-03-07,335.0
Central,2,2x12,12,2025-03-14,345.0
Central,2,2x12,12,2025-03-21,350.0
Central,2,2x12,12,2025-03-28,350.0
Central,2,2x12,12,2025-04-04,350.0
Central,2,2x12,12,2025-04-11,360.0
Central,2,2x12,12,2025-04-18,370.0
Central,2,2x12,12,2025-04-25,375.0
Central,2,2x12,12,2025-05-02,375.0
Central,2,2x12,12,2025-05-09,375.0
Central,2,2x12,12,2025-05-16,370.0
Central,2,2x12,12,2025-05-23,360.0
Central,2,2x12,12,2025-05-30,350.0
Central,2,2x12,12,2025-06-06,340.0
Central,2,2x12,12,2025-06-13,335.0
Central,2,2x12,12,2025-06-19,330.0
Central,2,2x12,12,2025-06-27,325.0
Central,2,2x12,12,2025-07-03,325.0
Central,2,2x12,12,2025-07-11,330.0
Central,2,2x12,12,2025-07-18,335.0
Central,2,2x12,12,2025-07-25,335.0
Central,2,2x12,12,2025-08-01,345.0
Central,2,2x12,12,2025-08-08,350.0
Central,2,2x12,12,2025-08-15,350.0
Central,2,2x12,12,2025-08-22,350.0
Central,2,2x12,12,2025-08-29,350.0
Central,2,2x12,12,2025-09-05,350.0
Central,2,2x12,12,2025-09-12,360.0
Central,2,2x12,12,2025-09-19,375.0
Central,2,2x12,12,2025-09-26,385.0
Central,2,2x12,12,2025-10-03,395.0
Central,2,2x12,12,2025-10-10,400.0
Central,2,2x12,12,2025-10-17,410.0
Central,2,2x12,14,2024-01-12,425.0
Central,2,2x12,14,2024-01-18,430.0
Central,2,2x12,14,2024-01-25,440.0
Central,2,2x12,14,2024-02-08,475.0
Central,2,2x12,14,2024-02-15,495.0
Central,2,2x12,14,2024-02-22,505.0
Central,2,2x12,14,2024-02-29,520.0
Central,2,2x12,14,2024-03-07,535.0
Central,2,2x12,14,2024-03-14,540.0
Central,2,2x12,14,2024-03-21,540.0
Central,2,2x12,14,2024-03-28,540.0
Central,2,2x12,14,2024-04-04,515.0
Central,2,2x12,14,2024-04-11,485.0
Central,2,2x12,14,2024-04-18,450.0
Central,2,2x12,14,2024-04-25,425.0
Central,2,2x12,14,2024-05-02,400.0
Central,2,2x12,14,2024-05-09,390.0
Central,2,2x12,14,2024-05-16,385.0
Central,2,2x12,14,2024-05-30,385.0
Central,2,2x12,14,2024-06-06,385.0
Central,2,2x12,14,2024-06-13,385.0
Central,2,2x12,14,2024-06-20,380.0
Central,2,2x12,14,2024-06-27,375.0
Central,2,2x12,14,2024-07-04,370.0
Central,2,2x12,14,2024-07-11,370.0
Central,2,2x12,14,2024-07-18,370.0
Central,2,2x12,14,2024-07-25,380.0
Central,2,2x12,14,2024-08-01,390.0
Central,2,2x12,14,2024-08-08,395.0
Central,2,2x12,14,2024-08-15,395.0
Central,2,2x12,14,2024-08-22,405.0
Central,2,2x12,14,2024-08-29,415.0
Central,2,2x12,14,2024-09-05,420.0
Central,2,2x12,14,2024-09-12,430.0
Central,2,2x12,14,2024-09-20,435.0
Central,2,2x12,14,2024-09-27,440.0
Central,2,2x12,14,2024-10-04,450.0
Central,2,2x12,14,2024-10-11,265.0
Central,2,2x12,14,2024-10-18,470.0
Central,2,2x12,14,2024-10-25,475.0
Central,2,2x12,14,2024-11-01,475.0
Central,2,2x12,14,2024-11-08,475.0
Central,2,2x12,14,2024-11-15,465.0
Central,2,2x12,14,2024-11-22,435.0
Central,2,2x12,14,2024-11-27,420.0
Central,2,2x12,14,2024-12-06,395.0
Central,2,2x12,14,2024-12-13,375.0
Central,2,2x12,14,2024-12-20,365.0
Central,2,2x12,14,2025-01-03,360.0
Central,2,2x12,14,2025-01-10,360.0
Central,2,2x12,14,2025-01-17,360.0
Central,2,2x12,14,2025-01-24,350.0
Central,2,2x12,14,2025-01-31,340.0
Central,2,2x12,14,2025-02-07,340.0
Central,2,2x12,14,2025-02-14,340.0
Central,2,2x12,14,2025-02-21,340.0
Central,2,2x12,14,2025-02-28,340.0
Central,2,2x12,14,2025-03-07,340.0
Central,2,2x12,14,2025-03-14,340.0
Central,2,2x12,14,2025-03-21,340.0
Central,2,2x12,14,2025-03-28,340.0
Central,2,2x12,14,2025-04-04,340.0
Central,2,2x12,14,2025-04-11,345.0
Central,2,2x12,14,2025-04-18,360.0
Central,2,2x12,14,2025-04-25,370.0
Central,2,2x12,14,2025-05-02,365.0
Central,2,2x12,14,2025-05-09,360.0
Central,2,2x12,14,2025-05-16,350.0
Central,2,2x12,14,2025-05-23,335.0
Central,2,2x12,14,2025-05-30,325.0
Central,2,2x12,14,2025-06-06,310.0
Central,2,2x12,14,2025-06-13,310.0
Central,2,2x12,14,2025-06-19,300.0
Central,2,2x12,14,2025-06-27,295.0
Central,2,2x12,14,2025-07-03,295.0
Central,2,2x12,14,2025-07-11,295.0
Central,2,2x12,14,2025-07-18,305.0
Central,2,2x12,14,2025-07-25,305.0
Central,2,2x12,14,2025-08-01,305.0
Central,2,2x12,14,2025-08-08,305.0
Central,2,2x12,14,2025-08-15,305.0
Central,2,2x12,14,2025-08-22,305.0
Central,2,2x12,14,2025-08-29,300.0
Central,2,2x12,14,2025-09-05,300.0
Central,2,2x12,14,2025-09-12,305.0
Central,2,2x12,14,2025-09-19,320.0
Central,2,2x12,14,2025-09-26,330.0
Central,2,2x12,14,2025-10-03,340.0
Central,2,2x12,14,2025-10-10,350.0
Central,2,2x12,14,2025-10-17,355.0
Central,2,2x12,16,2024-01-12,440.0
Central,2,2x12,16,2024-01-18,450.0
Central,2,2x12,16,2024-01-25,455.0
Central,2,2x12,16,2024-02-08,485.0
Central,2,2x12,16,2024-02-15,505.0
Central,2,2x12,16,2024-02-22,515.0
Central,2,2x12,16,2024-02-29,530.0
Central,2,2x12,16,2024-03-07,545.0
Central,2,2x12,16,2024-03-14,545.0
Central,2,2x12,16,2024-03-21,545.0
Central,2,2x12,16,2024-03-28,545.0
Central,2,2x12,16,2024-04-04,525.0
Central,2,2x12,16,2024-04-11,495.0
Central,2,2x12,16,2024-04-18,460.0
Central,2,2x12,16,2024-04-25,435.0
Central,2,2x12,16,2024-05-02,410.0
Central,2,2x12,16,2024-05-09,405.0
Central,2,2x12,16,2024-05-16,400.0
Central,2,2x12,16,2024-05-30,405.0
Central,2,2x12,16,2024-06-06,405.0
Central,2,2x12,16,2024-06-13,405.0
Central,2,2x12,16,2024-06-20,400.0
Central,2,2x12,16,2024-06-27,395.0
Central,2,2x12,16,2024-07-04,395.0
Central,2,2x12,16,2024-07-11,395.0
Central,2,2x12,16,2024-07-18,400.0
Central,2,2x12,16,2024-07-25,420.0
Central,2,2x12,16,2024-08-01,440.0
Central,2,2x12,16,2024-08-08,450.0
Central,2,2x12,16,2024-08-15,460.0
Central,2,2x12,16,2024-08-22,470.0
Central,2,2x12,16,2024-08-29,475.0
Central,2,2x12,16,2024-09-05,485.0
Central,2,2x12,16,2024-09-12,500.0
Central,2,2x12,16,2024-09-20,510.0
Central,2,2x12,16,2024-09-27,525.0
Central,2,2x12,16,2024-10-04,540.0
Central,2,2x12,16,2024-10-11,555.0
Central,2,2x12,16,2024-10-18,560.0
Central,2,2x12,16,2024-10-25,570.0
Central,2,2x12,16,2024-11-01,570.0
Central,2,2x12,16,2024-11-08,570.0
Central,2,2x12,16,2024-11-15,560.0
Central,2,2x12,16,2024-11-22,530.0
Central,2,2x12,16,2024-11-27,515.0
Central,2,2x12,16,2024-12-06,495.0
Central,2,2x12,16,2024-12-13,480.0
Central,2,2x12,16,2024-12-20,470.0
Central,2,2x12,16,2025-01-03,465.0
Central,2,2x12,16,2025-01-10,465.0
Central,2,2x12,16,2025-01-17,455.0
Central,2,2x12,16,2025-01-24,450.0
Central,2,2x12,16,2025-01-31,445.0
Central,2,2x12,16,2025-02-07,440.0
Central,2,2x12,16,2025-02-14,440.0
Central,2,2x12,16,2025-02-21,430.0
Central,2,2x12,16,2025-02-28,430.0
Central,2,2x12,16,2025-03-07,430.0
Central,2,2x12,16,2025-03-14,430.0
Central,2,2x12,16,2025-03-21,430.0
Central,2,2x12,16,2025-03-28,430.0
Central,2,2x12,16,2025-04-04,435.0
Central,2,2x12,16,2025-04-11,440.0
Central,2,2x12,16,2025-04-18,455.0
Central,2,2x12,16,2025-04-25,455.0
Central,2,2x12,16,2025-05-02,455.0
Central,2,2x12,16,2025-05-09,455.0
Central,2,2x12,16,2025-05-16,450.0
Central,2,2x12,16,2025-05-23,440.0
Central,2,2x12,16,2025-05-30,430.0
Central,2,2x12,16,2025-06-06,410.0
Central,2,2x12,16,2025-06-13,390.0
Central,2,2x12,16,2025-06-19,370.0
Central,2,2x12,16,2025-06-27,355.0
Central,2,2x12,16,2025-07-03,350.0
Central,2,2x12,16,2025-07-11,350.0
Central,2,2x12,16,2025-07-18,350.0
Central,2,2x12,16,2025-07-25,350.0
Central,2,2x12,16,2025-08-01,350.0
Central,2,2x12,16,2025-08-08,350.0
Central,2,2x12,16,2025-08-15,340.0
Central,2,2x12,16,2025-08-22,325.0
Central,2,2x12,16,2025-08-29,315.0
Central,2,2x12,16,2025-09-05,310.0
Central,2,2x12,16,2025-09-12,315.0
Central,2,2x12,16,2025-09-19,325.0
Central,2,2x12,16,2025-09-26,335.0
Central,2,2x12,16,2025-10-03,335.0
Central,2,2x12,16,2025-10-10,340.0
Central,2,2x12,16,2025-10-17,345.0
Central,2,2x12,18,2024-01-12,420.0
Central,2,2x12,18,2024-01-18,430.0
Central,2,2x12,18,2024-01-25,440.0
Central,2,2x12,18,2024-02-08,465.0
Central,2,2x12,18,2024-02-15,480.0
Central,2,2x12,18,2024-02-22,490.0
Central,2,2x12,18,2024-02-29,505.0
Central,2,2x12,18,2024-03-07,520.0
Central,2,2x12,18,2024-03-14,530.0
Central,2,2x12,18,2024-03-21,535.0
Central,2,2x12,18,2024-03-28,535.0
Central,2,2x12,18,2024-04-04,515.0
Central,2,2x12,18,2024-04-11,490.0
Central,2,2x12,18,2024-04-18,460.0
Central,2,2x12,18,2024-04-25,445.0
Central,2,2x12,18,2024-05-02,420.0
Central,2,2x12,18,2024-05-09,405.0
Central,2,2x12,18,2024-05-16,395.0
Central,2,2x12,18,2024-05-30,395.0
Central,2,2x12,18,2024-06-06,395.0
Central,2,2x12,18,2024-06-13,395.0
Central,2,2x12,18,2024-06-20,390.0
Central,2,2x12,18,2024-06-27,385.0
Central,2,2x12,18,2024-07-04,380.0
Central,2,2x12,18,2024-07-11,375.0
Central,2,2x12,18,2024-07-18,375.0
Central,2,2x12,18,2024-07-25,385.0
Central,2,2x12,18,2024-08-01,400.0
Central,2,2x12,18,2024-08-08,405.0
Central,2,2x12,18,2024-08-15,410.0
Central,2,2x12,18,2024-08-22,420.0
Central,2,2x12,18,2024-08-29,425.0
Central,2,2x12,18,2024-09-05,430.0
Central,2,2x12,18,2024-09-12,440.0
Central,2,2x12,18,2024-09-20,450.0
Central,2,2x12,18,2024-09-27,465.0
Central,2,2x12,18,2024-10-04,480.0
Central,2,2x12,18,2024-10-11,495.0
Central,2,2x12,18,2024-10-18,505.0
Central,2,2x12,18,2024-10-25,510.0
Central,2,2x12,18,2024-11-01,510.0
Central,2,2x12,18,2024-11-08,510.0
Central,2,2x12,18,2024-11-15,505.0
Central,2,2x12,18,2024-11-22,485.0
Central,2,2x12,18,2024-11-27,470.0
Central,2,2x12,18,2024-12-06,450.0
Central,2,2x12,18,2024-12-13,440.0
Central,2,2x12,18,2024-12-20,435.0
Central,2,2x12,18,2025-01-03,430.0
Central,2,2x12,18,2025-01-10,430.0
Central,2,2x12,18,2025-01-17,430.0
Central,2,2x12,18,2025-01-24,420.0
Central,2,2x12,18,2025-01-31,410.0
Central,2,2x12,18,2025-02-07,400.0
Central,2,2x12,18,2025-02-14,400.0
Central,2,2x12,18,2025-02-21,400.0
Central,2,2x12,18,2025-02-28,400.0
Central,2,2x12,18,2025-03-07,405.0
Central,2,2x12,18,2025-03-14,405.0
Central,2,2x12,18,2025-03-21,405.0
Central,2,2x12,18,2025-03-28,405.0
Central,2,2x12,18,2025-04-04,405.0
Central,2,2x12,18,2025-04-11,405.0
Central,2,2x12,18,2025-04-18,420.0
Central,2,2x12,18,2025-04-25,430.0
Central,2,2x12,18,2025-05-02,435.0
Central,2,2x12,18,2025-05-09,435.0
Central,2,2x12,18,2025-05-16,430.0
Central,2,2x12,18,2025-05-23,420.0
Central,2,2x12,18,2025-05-30,410.0
Central,2,2x12,18,2025-06-06,390.0
Central,2,2x12,18,2025-06-13,370.0
Central,2,2x12,18,2025-06-19,355.0
Central,2,2x12,18,2025-06-27,345.0
Central,2,2x12,18,2025-07-03,330.0
Central,2,2x12,18,2025-07-11,330.0
Central,2,2x12,18,2025-07-18,320.0
Central,2,2x12,18,2025-07-25,320.0
Central,2,2x12,18,2025-08-01,320.0
Central,2,2x12,18,2025-08-08,320.0
Central,2,2x12,18,2025-08-15,305.0
Central,2,2x12,18,2025-08-22,295.0
Central,2,2x12,18,2025-08-29,280.0
Central,2,2x12,18,2025-09-05,275.0
Central,2,2x12,18,2025-09-12,280.0
Central,2,2x12,18,2025-09-19,290.0
Central,2,2x12,18,2025-09-26,300.0
Central,2,2x12,18,2025-10-03,300.0
Central,2,2x12,18,2025-10-10,290.0
Central,2,2x12,18,2025-10-17,290.0
Central,2,2x12,20,2024-01-12,635.0
Central,2,2x12,20,2024-01-18,640.0
Central,2,2x12,20,2024-01-25,650.0
Central,2,2x12,20,2024-02-08,690.0
Central,2,2x12,20,2024-02-15,710.0
Central,2,2x12,20,2024-02-22,725.0
Central,2,2x12,20,2024-02-29,740.0
Central,2,2x12,20,2024-03-07,755.0
Central,2,2x12,20,2024-03-14,775.0
Central,2,2x12,20,2024-03-21,785.0
Central,2,2x12,20,2024-03-28,785.0
Central,2,2x12,20,2024-04-04,775.0
Central,2,2x12,20,2024-04-11,760.0
Central,2,2x12,20,2024-04-18,730.0
Central,2,2x12,20,2024-04-25,705.0
Central,2,2x12,20,2024-05-02,680.0
Central,2,2x12,20,2024-05-09,655.0
Central,2,2x12,20,2024-05-16,640.0
Central,2,2x12,20,2024-05-30,635.0
Central,2,2x12,20,2024-06-06,635.0
Central,2,2x12,20,2024-06-13,635.0
Central,2,2x12,20,2024-06-20,630.0
Central,2,2x12,20,2024-06-27,625.0
Central,2,2x12,20,2024-07-04,600.0
Central,2,2x12,20,2024-07-11,575.0
Central,2,2x12,20,2024-07-18,580.0
Central,2,2x12,20,2024-07-25,590.0
Central,2,2x12,20,2024-08-01,610.0
Central,2,2x12,20,2024-08-08,615.0
Central,2,2x12,20,2024-08-15,620.0
Central,2,2x12,20,2024-08-22,630.0
Central,2,2x12,20,2024-08-29,640.0
Central,2,2x12,20,2024-09-05,655.0
Central,2,2x12,20,2024-09-12,665.0
Central,2,2x12,20,2024-09-20,675.0
Central,2,2x12,20,2024-09-27,690.0
Central,2,2x12,20,2024-10-04,690.0
Central,2,2x12,20,2024-10-11,705.0
Central,2,2x12,20,2024-10-18,720.0
Central,2,2x12,20,2024-10-25,740.0
Central,2,2x12,20,2024-11-01,750.0
Central,2,2x12,20,2024-11-08,755.0
Central,2,2x12,20,2024-11-15,750.0
Central,2,2x12,20,2024-11-22,735.0
Central,2,2x12,20,2024-11-27,725.0
Central,2,2x12,20,2024-12-06,710.0
Central,2,2x12,20,2024-12-13,695.0
Central,2,2x12,20,2024-12-20,690.0
Central,2,2x12,20,2025-01-03,680.0
Central,2,2x12,20,2025-01-10,680.0
Central,2,2x12,20,2025-01-17,665.0
Central,2,2x12,20,2025-01-24,655.0
Central,2,2x12,20,2025-01-31,650.0
Central,2,2x12,20,2025-02-07,645.0
Central,2,2x12,20,2025-02-14,645.0
Central,2,2x12,20,2025-02-21,645.0
Central,2,2x12,20,2025-02-28,645.0
Central,2,2x12,20,2025-03-07,650.0
Central,2,2x12,20,2025-03-14,650.0
Central,2,2x12,20,2025-03-21,650.0
Central,2,2x12,20,2025-03-28,650.0
Central,2,2x12,20,2025-04-04,650.0
Central,2,2x12,20,2025-04-11,650.0
Central,2,2x12,20,2025-04-18,665.0
Central,2,2x12,20,2025-04-25,670.0
Central,2,2x12,20,2025-05-02,665.0
Central,2,2x12,20,2025-05-09,655.0
Central,2,2x12,20,2025-05-16,640.0
Central,2,2x12,20,2025-05-23,610.0
Central,2,2x12,20,2025-05-30,600.0
Central,2,2x12,20,2025-06-06,570.0
Central,2,2x12,20,2025-06-13,535.0
Central,2,2x12,20,2025-06-19,510.0
Central,2,2x12,20,2025-06-27,500.0
Central,2,2x12,20,2025-07-03,480.0
Central,2,2x12,20,2025-07-11,450.0
Central,2,2x12,20,2025-07-18,440.0
Central,2,2x12,20,2025-07-25,440.0
Central,2,2x12,20,2025-08-01,425.0
Central,2,2x12,20,2025-08-08,425.0
Central,2,2x12,20,2025-08-15,410.0
Central,2,2x12,20,2025-08-22,385.0
Central,2,2x12,20,2025-08-29,370.0
Central,2,2x12,20,2025-09-05,360.0
Central,2,2x12,20,2025-09-12,360.0
Central,2,2x12,20,2025-09-19,365.0
Central,2,2x12,20,2025-09-26,375.0
Central,2,2x12,20,2025-10-03,360.0
Central,2,2x12,20,2025-10-10,350.0
Central,2,2x12,20,2025-10-17,350.0
Central,2,2x4,8,2024-01-12,380.0
Central,2,2x4,8,2024-01-18,370.0
Central,2,2x4,8,2024-01-25,360.0
Central,2,2x4,8,2024-02-08,340.0
Central,2,2x4,8,2024-02-15,355.0
Central,2,2x4,8,2024-02-22,370.0
Central,2,2x4,8,2024-02-29,385.0
Central,2,2x4,8,2024-03-07,400.0
Central,2,2x4,8,2024-03-14,410.0
Central,2,2x4,8,2024-03-21,410.0
Central,2,2x4,8,2024-03-28,400.0
Central,2,2x4,8,2024-04-04,390.0
Central,2,2x4,8,2024-04-11,370.0
Central,2,2x4,8,2024-04-18,350.0
Central,2,2x4,8,2024-04-25,335.0
Central,2,2x4,8,2024-05-02,335.0
Central,2,2x4,8,2024-05-09,335.0
Central,2,2x4,8,2024-05-16,345.0
Central,2,2x4,8,2024-05-30,350.0
Central,2,2x4,8,2024-06-06,350.0
Central,2,2x4,8,2024-06-13,340.0
Central,2,2x4,8,2024-06-20,335.0
Central,2,2x4,8,2024-06-27,325.0
Central,2,2x4,8,2024-07-04,315.0
Central,2,2x4,8,2024-07-11,310.0
Central,2,2x4,8,2024-07-18,325.0
Central,2,2x4,8,2024-07-25,340.0
Central,2,2x4,8,2024-08-01,350.0
Central,2,2x4,8,2024-08-08,355.0
Central,2,2x4,8,2024-08-15,360.0
Central,2,2x4,8,2024-08-22,365.0
Central,2,2x4,8,2024-08-29,365.0
Central,2,2x4,8,2024-09-05,365.0
Central,2,2x4,8,2024-09-12,365.0
Central,2,2x4,8,2024-09-20,370.0
Central,2,2x4,8,2024-09-27,385.0
Central,2,2x4,8,2024-10-04,405.0
Central,2,2x4,8,2024-10-11,430.0
Central,2,2x4,8,2024-10-18,450.0
Central,2,2x4,8,2024-10-25,465.0
Central,2,2x4,8,2024-11-01,470.0
Central,2,2x4,8,2024-11-08,450.0
Central,2,2x4,8,2024-11-15,430.0
Central,2,2x4,8,2024-11-22,400.0
Central,2,2x4,8,2024-11-27,380.0
Central,2,2x4,8,2024-12-06,355.0
Central,2,2x4,8,2024-12-13,345.0
Central,2,2x4,8,2024-12-20,355.0
Central,2,2x4,8,2025-01-03,385.0
Central,2,2x4,8,2025-01-10,400.0
Central,2,2x4,8,2025-01-17,405.0
Central,2,2x4,8,2025-01-24,400.0
Central,2,2x4,8,2025-01-31,395.0
Central,2,2x4,8,2025-02-07,400.0
Central,2,2x4,8,2025-02-14,405.0
Central,2,2x4,8,2025-02-21,410.0
Central,2,2x4,8,2025-02-28,410.0
Central,2,2x4,8,2025-03-07,415.0
Central,2,2x4,8,2025-03-14,425.0
Central,2,2x4,8,2025-03-21,435.0
Central,2,2x4,8,2025-03-28,440.0
Central,2,2x4,8,2025-04-04,455.0
Central,2,2x4,8,2025-04-11,470.0
Central,2,2x4,8,2025-04-18,490.0
Central,2,2x4,8,2025-04-25,500.0
Central,2,2x4,8,2025-05-02,510.0
Central,2,2x4,8,2025-05-09,510.0
Central,2,2x4,8,2025-05-16,495.0
Central,2,2x4,8,2025-05-23,460.0
Central,2,2x4,8,2025-05-30,435.0
Central,2,2x4,8,2025-06-06,410.0
Central,2,2x4,8,2025-06-13,390.0
Central,2,2x4,8,2025-06-19,380.0
Central,2,2x4,8,2025-06-27,375.0
Central,2,2x4,8,2025-07-03,370.0
Central,2,2x4,8,2025-07-11,370.0
Central,2,2x4,8,2025-07-18,375.0
Central,2,2x4,8,2025-07-25,380.0
Central,2,2x4,8,2025-08-01,380.0
Central,2,2x4,8,2025-08-08,365.0
Central,2,2x4,8,2025-08-15,350.0
Central,2,2x4,8,2025-08-22,330.0
Central,2,2x4,8,2025-08-29,305.0
Central,2,2x4,8,2025-09-05,290.0
Central,2,2x4,8,2025-09-12,285.0
Central,2,2x4,8,2025-09-19,285.0
Central,2,2x4,8,2025-09-26,285.0
Central,2,2x4,8,2025-10-03,295.0
Central,2,2x4,8,2025-10-10,305.0
Central,2,2x4,8,2025-10-17,310.0
Central,2,2x4,10,2024-01-12,385.0
Central,2,2x4,10,2024-01-18,375.0
Central,2,2x4,10,2024-01-25,355.0
Central,2,2x4,10,2024-02-08,330.0
Central,2,2x4,10,2024-02-15,335.0
Central,2,2x4,10,2024-02-22,340.0
Central,2,2x4,10,2024-02-29,345.0
Central,2,2x4,10,2024-03-07,345.0
Central,2,2x4,10,2024-03-14,340.0
Central,2,2x4,10,2024-03-21,330.0
Central,2,2x4,10,2024-03-28,320.0
Central,2,2x4,10,2024-04-04,300.0
Central,2,2x4,10,2024-04-11,275.0
Central,2,2x4,10,2024-04-18,270.0
Central,2,2x4,10,2024-04-25,270.0
Central,2,2x4,10,2024-05-02,270.0
Central,2,2x4,10,2024-05-09,280.0
Central,2,2x4,10,2024-05-16,290.0
Central,2,2x4,10,2024-05-30,295.0
Central,2,2x4,10,2024-06-06,290.0
Central,2,2x4,10,2024-06-13,285.0
Central,2,2x4,10,2024-06-20,280.0
Central,2,2x4,10,2024-06-27,270.0
Central,2,2x4,10,2024-07-04,265.0
Central,2,2x4,10,2024-07-11,260.0
Central,2,2x4,10,2024-07-18,260.0
Central,2,2x4,10,2024-07-25,265.0
Central,2,2x4,10,2024-08-01,270.0
Central,2,2x4,10,2024-08-08,275.0
Central,2,2x4,10,2024-08-15,275.0
Central,2,2x4,10,2024-08-22,275.0
Central,2,2x4,10,2024-08-29,275.0
Central,2,2x4,10,2024-09-05,275.0
Central,2,2x4,10,2024-09-12,275.0
Central,2,2x4,10,2024-09-20,275.0
Central,2,2x4,10,2024-09-27,285.0
Central,2,2x4,10,2024-10-04,300.0
Central,2,2x4,10,2024-10-11,325.0
Central,2,2x4,10,2024-10-18,350.0
Central,2,2x4,10,2024-10-25,370.0
Central,2,2x4,10,2024-11-01,370.0
Central,2,2x4,10,2024-11-08,355.0
Central,2,2x4,10,2024-11-15,335.0
Central,2,2x4,10,2024-11-22,315.0
Central,2,2x4,10,2024-11-27,300.0
Central,2,2x4,10,2024-12-06,285.0
Central,2,2x4,10,2024-12-13,280.0
Central,2,2x4,10,2024-12-20,300.0
Central,2,2x4,10,2025-01-03,325.0
Central,2,2x4,10,2025-01-10,340.0
Central,2,2x4,10,2025-01-17,350.0
Central,2,2x4,10,2025-01-24,350.0
Central,2,2x4,10,2025-01-31,340.0
Central,2,2x4,10,2025-02-07,355.0
Central,2,2x4,10,2025-02-14,365.0
Central,2,2x4,10,2025-02-21,375.0
Central,2,2x4,10,2025-02-28,375.0
Central,2,2x4,10,2025-03-07,385.0
Central,2,2x4,10,2025-03-14,390.0
Central,2,2x4,10,2025-03-21,400.0
Central,2,2x4,10,2025-03-28,405.0
Central,2,2x4,10,2025-04-04,410.0
Central,2,2x4,10,2025-04-11,420.0
Central,2,2x4,10,2025-04-18,430.0
Central,2,2x4,10,2025-04-25,440.0
Central,2,2x4,10,2025-05-02,445.0
Central,2,2x4,10,2025-05-09,435.0
Central,2,2x4,10,2025-05-16,420.0
Central,2,2x4,10,2025-05-23,385.0
Central,2,2x4,10,2025-05-30,360.0
Central,2,2x4,10,2025-06-06,335.0
Central,2,2x4,10,2025-06-13,310.0
Central,2,2x4,10,2025-06-19,300.0
Central,2,2x4,10,2025-06-27,295.0
Central,2,2x4,10,2025-07-03,290.0
Central,2,2x4,10,2025-07-11,295.0
Central,2,2x4,10,2025-07-18,300.0
Central,2,2x4,10,2025-07-25,305.0
Central,2,2x4,10,2025-08-01,310.0
Central,2,2x4,10,2025-08-08,310.0
Central,2,2x4,10,2025-08-15,305.0
Central,2,2x4,10,2025-08-22,290.0
Central,2,2x4,10,2025-08-29,270.0
Central,2,2x4,10,2025-09-05,270.0
Central,2,2x4,10,2025-09-12,270.0
Central,2,2x4,10,2025-09-19,270.0
Central,2,2x4,10,2025-09-26,270.0
Central,2,2x4,10,2025-10-03,275.0
Central,2,2x4,10,2025-10-10,285.0
Central,2,2x4,10,2025-10-17,295.0
Central,2,2x4,12,2024-01-12,420.0
Central,2,2x4,12,2024-01-18,405.0
Central,2,2x4,12,2024-01-25,385.0
Central,2,2x4,12,2024-02-08,345.0
Central,2,2x4,12,2024-02-15,345.0
Central,2,2x4,12,2024-02-22,345.0
Central,2,2x4,12,2024-02-29,350.0
Central,2,2x4,12,2024-03-07,350.0
Central,2,2x4,12,2024-03-14,345.0
Central,2,2x4,12,2024-03-21,335.0
Central,2,2x4,12,2024-03-28,325.0
Central,2,2x4,12,2024-04-04,300.0
Central,2,2x4,12,2024-04-11,285.0
Central,2,2x4,12,2024-04-18,270.0
Central,2,2x4,12,2024-04-25,270.0
Central,2,2x4,12,2024-05-02,275.0
Central,2,2x4,12,2024-05-09,280.0
Central,2,2x4,12,2024-05-16,295.0
Central,2,2x4,12,2024-05-30,300.0
Central,2,2x4,12,2024-06-06,295.0
Central,2,2x4,12,2024-06-13,290.0
Central,2,2x4,12,2024-06-20,285.0
Central,2,2x4,12,2024-06-27,275.0
Central,2,2x4,12,2024-07-04,270.0
Central,2,2x4,12,2024-07-11,265.0
Central,2,2x4,12,2024-07-18,270.0
Central,2,2x4,12,2024-07-25,275.0
Central,2,2x4,12,2024-08-01,280.0
Central,2,2x4,12,2024-08-08,285.0
Central,2,2x4,12,2024-08-15,285.0
Central,2,2x4,12,2024-08-22,285.0
Central,2,2x4,12,2024-08-29,285.0
Central,2,2x4,12,2024-09-05,285.0
Central,2,2x4,12,2024-09-12,285.0
Central,2,2x4,12,2024-09-20,285.0
Central,2,2x4,12,2024-09-27,300.0
Central,2,2x4,12,2024-10-04,320.0
Central,2,2x4,12,2024-10-11,345.0
Central,2,2x4,12,2024-10-18,360.0
Central,2,2x4,12,2024-10-25,375.0
Central,2,2x4,12,2024-11-01,375.0
Central,2,2x4,12,2024-11-08,360.0
Central,2,2x4,12,2024-11-15,340.0
Central,2,2x4,12,2024-11-22,315.0
Central,2,2x4,12,2024-11-27,300.0
Central,2,2x4,12,2024-12-06,285.0
Central,2,2x4,12,2024-12-13,280.0
Central,2,2x4,12,2024-12-20,295.0
Central,2,2x4,12,2025-01-03,325.0
Central,2,2x4,12,2025-01-10,340.0
Central,2,2x4,12,2025-01-17,350.0
Central,2,2x4,12,2025-01-24,345.0
Central,2,2x4,12,2025-01-31,345.0
Central,2,2x4,12,2025-02-07,350.0
Central,2,2x4,12,2025-02-14,360.0
Central,2,2x4,12,2025-02-21,365.0
Central,2,2x4,12,2025-02-28,370.0
Central,2,2x4,12,2025-03-07,385.0
Central,2,2x4,12,2025-03-14,395.0
Central,2,2x4,12,2025-03-21,400.0
Central,2,2x4,12,2025-03-28,405.0
Central,2,2x4,12,2025-04-04,415.0
Central,2,2x4,12,2025-04-11,425.0
Central,2,2x4,12,2025-04-18,440.0
Central,2,2x4,12,2025-04-25,450.0
Central,2,2x4,12,2025-05-02,440.0
Central,2,2x4,12,2025-05-09,430.0
Central,2,2x4,12,2025-05-16,415.0
Central,2,2x4,12,2025-05-23,390.0
Central,2,2x4,12,2025-05-30,365.0
Central,2,2x4,12,2025-06-06,335.0
Central,2,2x4,12,2025-06-13,310.0
Central,2,2x4,12,2025-06-19,300.0
Central,2,2x4,12,2025-06-27,290.0
Central,2,2x4,12,2025-07-03,290.0
Central,2,2x4,12,2025-07-11,295.0
Central,2,2x4,12,2025-07-18,305.0
Central,2,2x4,12,2025-07-25,310.0
Central,2,2x4,12,2025-08-01,310.0
Central,2,2x4,12,2025-08-08,310.0
Central,2,2x4,12,2025-08-15,310.0
Central,2,2x4,12,2025-08-22,300.0
Central,2,2x4,12,2025-08-29,280.0
Central,2,2x4,12,2025-09-05,275.0
Central,2,2x4,12,2025-09-12,270.0
Central,2,2x4,12,2025-09-19,275.0
Central,2,2x4,12,2025-09-26,275.0
Central,2,2x4,12,2025-10-03,280.0
Central,2,2x4,12,2025-10-10,285.0
Central,2,2x4,12,2025-10-17,290.0
Central,2,2x4,14,2024-01-12,435.0
Central,2,2x4,14,2024-01-18,420.0
Central,2,2x4,14,2024-01-25,400.0
Central,2,2x4,14,2024-02-08,370.0
Central,2,2x4,14,2024-02-15,375.0
Central,2,2x4,14,2024-02-22,380.0
Central,2,2x4,14,2024-02-29,380.0
Central,2,2x4,14,2024-03-07,380.0
Central,2,2x4,14,2024-03-14,380.0
Central,2,2x4,14,2024-03-21,365.0
Central,2,2x4,14,2024-03-28,355.0
Central,2,2x4,14,2024-04-04,335.0
Central,2,2x4,14,2024-04-11,310.0
Central,2,2x4,14,2024-04-18,295.0
Central,2,2x4,14,2024-04-25,295.0
Central,2,2x4,14,2024-05-02,300.0
Central,2,2x4,14,2024-05-09,310.0
Central,2,2x4,14,2024-05-16,320.0
Central,2,2x4,14,2024-05-30,330.0
Central,2,2x4,14,2024-06-06,330.0
Central,2,2x4,14,2024-06-13,325.0
Central,2,2x4,14,2024-06-20,320.0
Central,2,2x4,14,2024-06-27,315.0
Central,2,2x4,14,2024-07-04,310.0
Central,2,2x4,14,2024-07-11,310.0
Central,2,2x4,14,2024-07-18,320.0
Central,2,2x4,14,2024-07-25,330.0
Central,2,2x4,14,2024-08-01,335.0
Central,2,2x4,14,2024-08-08,340.0
Central,2,2x4,14,2024-08-15,340.0
Central,2,2x4,14,2024-08-22,345.0
Central,2,2x4,14,2024-08-29,350.0
Central,2,2x4,14,2024-09-05,350.0
Central,2,2x4,14,2024-09-12,350.0
Central,2,2x4,14,2024-09-20,355.0
Central,2,2x4,14,2024-09-27,365.0
Central,2,2x4,14,2024-10-04,385.0
Central,2,2x4,14,2024-10-11,410.0
Central,2,2x4,14,2024-10-18,430.0
Central,2,2x4,14,2024-10-25,450.0
Central,2,2x4,14,2024-11-01,455.0
Central,2,2x4,14,2024-11-08,445.0
Central,2,2x4,14,2024-11-15,425.0
Central,2,2x4,14,2024-11-22,395.0
Central,2,2x4,14,2024-11-27,375.0
Central,2,2x4,14,2024-12-06,360.0
Central,2,2x4,14,2024-12-13,350.0
Central,2,2x4,14,2024-12-20,355.0
Central,2,2x4,14,2025-01-03,380.0
Central,2,2x4,14,2025-01-10,390.0
Central,2,2x4,14,2025-01-17,390.0
Central,2,2x4,14,2025-01-24,380.0
Central,2,2x4,14,2025-01-31,370.0
Central,2,2x4,14,2025-02-07,380.0
Central,2,2x4,14,2025-02-14,390.0
Central,2,2x4,14,2025-02-21,400.0
Central,2,2x4,14,2025-02-28,405.0
Central,2,2x4,14,2025-03-07,410.0
Central,2,2x4,14,2025-03-14,415.0
Central,2,2x4,14,2025-03-21,425.0
Central,2,2x4,14,2025-03-28,430.0
Central,2,2x4,14,2025-04-04,445.0
Central,2,2x4,14,2025-04-11,455.0
Central,2,2x4,14,2025-04-18,470.0
Central,2,2x4,14,2025-04-25,480.0
Central,2,2x4,14,2025-05-02,480.0
Central,2,2x4,14,2025-05-09,470.0
Central,2,2x4,14,2025-05-16,455.0
Central,2,2x4,14,2025-05-23,430.0
Central,2,2x4,14,2025-05-30,410.0
Central,2,2x4,14,2025-06-06,385.0
Central,2,2x4,14,2025-06-13,365.0
Central,2,2x4,14,2025-06-19,350.0
Central,2,2x4,14,2025-06-27,340.0
Central,2,2x4,14,2025-07-03,330.0
Central,2,2x4,14,2025-07-11,340.0
Central,2,2x4,14,2025-07-18,345.0
Central,2,2x4,14,2025-07-25,350.0
Central,2,2x4,14,2025-08-01,355.0
Central,2,2x4,14,2025-08-08,355.0
Central,2,2x4,14,2025-08-15,350.0
Central,2,2x4,14,2025-08-22,330.0
Central,2,2x4,14,2025-08-29,315.0
Central,2,2x4,14,2025-09-05,305.0
Central,2,2x4,14,2025-09-12,300.0
Central,2,2x4,14,2025-09-19,300.0
Central,2,2x4,14,2025-09-26,300.0
Central,2,2x4,14,2025-10-03,305.0
Central,2,2x4,14,2025-10-10,315.0
Central,2,2x4,14,2025-10-17,325.0
Central,2,2x4,16,2024-01-12,475.0
Central,2,2x4,16,2024-01-18,460.0
Central,2,2x4,16,2024-01-25,435.0
Central,2,2x4,16,2024-02-08,395.0
Central,2,2x4,16,2024-02-15,400.0
Central,2,2x4,16,2024-02-22,405.0
Central,2,2x4,16,2024-02-29,405.0
Central,2,2x4,16,2024-03-07,400.0
Central,2,2x4,16,2024-03-14,400.0
Central,2,2x4,16,2024-03-21,390.0
Central,2,2x4,16,2024-03-28,380.0
Central,2,2x4,16,2024-04-04,355.0
Central,2,2x4,16,2024-04-11,335.0
Central,2,2x4,16,2024-04-18,320.0
Central,2,2x4,16,2024-04-25,320.0
Central,2,2x4,16,2024-05-02,320.0
Central,2,2x4,16,2024-05-09,330.0
Central,2,2x4,16,2024-05-16,340.0
Central,2,2x4,16,2024-05-30,350.0
Central,2,2x4,16,2024-06-06,360.0
Central,2,2x4,16,2024-06-13,355.0
Central,2,2x4,16,2024-06-20,350.0
Central,2,2x4,16,2024-06-27,345.0
Central,2,2x4,16,2024-07-04,345.0
Central,2,2x4,16,2024-07-11,345.0
Central,2,2x4,16,2024-07-18,350.0
Central,2,2x4,16,2024-07-25,365.0
Central,2,2x4,16,2024-08-01,375.0
Central,2,2x4,16,2024-08-08,380.0
Central,2,2x4,16,2024-08-15,385.0
Central,2,2x4,16,2024-08-22,395.0
Central,2,2x4,16,2024-08-29,400.0
Central,2,2x4,16,2024-09-05,405.0
Central,2,2x4,16,2024-09-12,410.0
Central,2,2x4,16,2024-09-20,415.0
Central,2,2x4,16,2024-09-27,430.0
Central,2,2x4,16,2024-10-04,450.0
Central,2,2x4,16,2024-10-11,475.0
Central,2,2x4,16,2024-10-18,495.0
Central,2,2x4,16,2024-10-25,505.0
Central,2,2x4,16,2024-11-01,505.0
Central,2,2x4,16,2024-11-08,485.0
Central,2,2x4,16,2024-11-15,460.0
Central,2,2x4,16,2024-11-22,425.0
Central,2,2x4,16,2024-11-27,405.0
Central,2,2x4,16,2024-12-06,380.0
Central,2,2x4,16,2024-12-13,370.0
Central,2,2x4,16,2024-12-20,380.0
Central,2,2x4,16,2025-01-03,405.0
Central,2,2x4,16,2025-01-10,410.0
Central,2,2x4,16,2025-01-17,410.0
Central,2,2x4,16,2025-01-24,405.0
Central,2,2x4,16,2025-01-31,400.0
Central,2,2x4,16,2025-02-07,410.0
Central,2,2x4,16,2025-02-14,420.0
Central,2,2x4,16,2025-02-21,420.0
Central,2,2x4,16,2025-02-28,410.0
Central,2,2x4,16,2025-03-07,420.0
Central,2,2x4,16,2025-03-14,430.0
Central,2,2x4,16,2025-03-21,435.0
Central,2,2x4,16,2025-03-28,440.0
Central,2,2x4,16,2025-04-04,460.0
Central,2,2x4,16,2025-04-11,470.0
Central,2,2x4,16,2025-04-18,485.0
Central,2,2x4,16,2025-04-25,500.0
Central,2,2x4,16,2025-05-02,510.0
Central,2,2x4,16,2025-05-09,510.0
Central,2,2x4,16,2025-05-16,495.0
Central,2,2x4,16,2025-05-23,475.0
Central,2,2x4,16,2025-05-30,450.0
Central,2,2x4,16,2025-06-06,425.0
Central,2,2x4,16,2025-06-13,400.0
Central,2,2x4,16,2025-06-19,385.0
Central,2,2x4,16,2025-06-27,375.0
Central,2,2x4,16,2025-07-03,370.0
Central,2,2x4,16,2025-07-11,375.0
Central,2,2x4,16,2025-07-18,380.0
Central,2,2x4,16,2025-07-25,385.0
Central,2,2x4,16,2025-08-01,390.0
Central,2,2x4,16,2025-08-08,385.0
Central,2,2x4,16,2025-08-15,375.0
Central,2,2x4,16,2025-08-22,355.0
Central,2,2x4,16,2025-08-29,330.0
Central,2,2x4,16,2025-09-05,315.0
Central,2,2x4,16,2025-09-12,305.0
Central,2,2x4,16,2025-09-19,310.0
Central,2,2x4,16,2025-09-26,315.0
Central,2,2x4,16,2025-10-03,325.0
Central,2,2x4,16,2025-10-10,335.0
Central,2,2x4,16,2025-10-17,340.0
Central,2,2x4,18,2024-01-12,400.0
Central,2,2x4,18,2024-01-18,385.0
Central,2,2x4,18,2024-01-25,370.0
Central,2,2x4,18,2024-02-08,340.0
Central,2,2x4,18,2024-02-15,350.0
Central,2,2x4,18,2024-02-22,360.0
Central,2,2x4,18,2024-02-29,370.0
Central,2,2x4,18,2024-03-07,370.0
Central,2,2x4,18,2024-03-14,365.0
Central,2,2x4,18,2024-03-21,350.0
Central,2,2x4,18,2024-03-28,340.0
Central,2,2x4,18,2024-04-04,320.0
Central,2,2x4,18,2024-04-11,295.0
Central,2,2x4,18,2024-04-18,280.0
Central,2,2x4,18,2024-04-25,280.0
Central,2,2x4,18,2024-05-02,280.0
Central,2,2x4,18,2024-05-09,285.0
Central,2,2x4,18,2024-05-16,295.0
Central,2,2x4,18,2024-05-30,305.0
Central,2,2x4,18,2024-06-06,305.0
Central,2,2x4,18,2024-06-13,300.0
Central,2,2x4,18,2024-06-20,295.0
Central,2,2x4,18,2024-06-27,285.0
Central,2,2x4,18,2024-07-04,285.0
Central,2,2x4,18,2024-07-11,285.0
Central,2,2x4,18,2024-07-18,290.0
Central,2,2x4,18,2024-07-25,295.0
Central,2,2x4,18,2024-08-01,295.0
Central,2,2x4,18,2024-08-08,300.0
Central,2,2x4,18,2024-08-15,300.0
Central,2,2x4,18,2024-08-22,300.0
Central,2,2x4,18,2024-08-29,300.0
Central,2,2x4,18,2024-09-05,300.0
Central,2,2x4,18,2024-09-12,305.0
Central,2,2x4,18,2024-09-20,305.0
Central,2,2x4,18,2024-09-27,315.0
Central,2,2x4,18,2024-10-04,335.0
Central,2,2x4,18,2024-10-11,360.0
Central,2,2x4,18,2024-10-18,385.0
Central,2,2x4,18,2024-10-25,400.0
Central,2,2x4,18,2024-11-01,400.0
Central,2,2x4,18,2024-11-08,385.0
Central,2,2x4,18,2024-11-15,370.0
Central,2,2x4,18,2024-11-22,345.0
Central,2,2x4,18,2024-11-27,330.0
Central,2,2x4,18,2024-12-06,315.0
Central,2,2x4,18,2024-12-13,305.0
Central,2,2x4,18,2024-12-20,315.0
Central,2,2x4,18,2025-01-03,335.0
Central,2,2x4,18,2025-01-10,340.0
Central,2,2x4,18,2025-01-17,345.0
Central,2,2x4,18,2025-01-24,345.0
Central,2,2x4,18,2025-01-31,340.0
Central,2,2x4,18,2025-02-07,350.0
Central,2,2x4,18,2025-02-14,360.0
Central,2,2x4,18,2025-02-21,365.0
Central,2,2x4,18,2025-02-28,370.0
Central,2,2x4,18,2025-03-07,375.0
Central,2,2x4,18,2025-03-14,380.0
Central,2,2x4,18,2025-03-21,385.0
Central,2,2x4,18,2025-03-28,390.0
Central,2,2x4,18,2025-04-04,400.0
Central,2,2x4,18,2025-04-11,410.0
Central,2,2x4,18,2025-04-18,425.0
Central,2,2x4,18,2025-04-25,435.0
Central,2,2x4,18,2025-05-02,440.0
Central,2,2x4,18,2025-05-09,435.0
Central,2,2x4,18,2025-05-16,420.0
Central,2,2x4,18,2025-05-23,395.0
Central,2,2x4,18,2025-05-30,365.0
Central,2,2x4,18,2025-06-06,345.0
Central,2,2x4,18,2025-06-13,335.0
Central,2,2x4,18,2025-06-19,325.0
Central,2,2x4,18,2025-06-27,315.0
Central,2,2x4,18,2025-07-03,310.0
Central,2,2x4,18,2025-07-11,320.0
Central,2,2x4,18,2025-07-18,330.0
Central,2,2x4,18,2025-07-25,335.0
Central,2,2x4,18,2025-08-01,340.0
Central,2,2x4,18,2025-08-08,340.0
Central,2,2x4,18,2025-08-15,335.0
Central,2,2x4,18,2025-08-22,330.0
Central,2,2x4,18,2025-08-29,310.0
Central,2,2x4,18,2025-09-05,310.0
Central,2,2x4,18,2025-09-12,310.0
Central,2,2x4,18,2025-09-19,310.0
Central,2,2x4,18,2025-09-26,315.0
Central,2,2x4,18,2025-10-03,325.0
Central,2,2x4,18,2025-10-10,335.0
Central,2,2x4,18,2025-10-17,335.0
Central,2,2x4,20,2024-01-12,430.0
Central,2,2x4,20,2024-01-18,415.0
Central,2,2x4,20,2024-01-25,400.0
Central,2,2x4,20,2024-02-08,375.0
Central,2,2x4,20,2024-02-15,375.0
Central,2,2x4,20,2024-02-22,375.0
Central,2,2x4,20,2024-02-29,375.0
Central,2,2x4,20,2024-03-07,375.0
Central,2,2x4,20,2024-03-14,375.0
Central,2,2x4,20,2024-03-21,365.0
Central,2,2x4,20,2024-03-28,355.0
Central,2,2x4,20,2024-04-04,335.0
Central,2,2x4,20,2024-04-11,315.0
Central,2,2x4,20,2024-04-18,300.0
Central,2,2x4,20,2024-04-25,300.0
Central,2,2x4,20,2024-05-02,310.0
Central,2,2x4,20,2024-05-09,315.0
Central,2,2x4,20,2024-05-16,330.0
Central,2,2x4,20,2024-05-30,340.0
Central,2,2x4,20,2024-06-06,340.0
Central,2,2x4,20,2024-06-13,335.0
Central,2,2x4,20,2024-06-20,330.0
Central,2,2x4,20,2024-06-27,320.0
Central,2,2x4,20,2024-07-04,315.0
Central,2,2x4,20,2024-07-11,315.0
Central,2,2x4,20,2024-07-18,320.0
Central,2,2x4,20,2024-07-25,325.0
Central,2,2x4,20,2024-08-01,325.0
Central,2,2x4,20,2024-08-08,330.0
Central,2,2x4,20,2024-08-15,330.0
Central,2,2x4,20,2024-08-22,330.0
Central,2,2x4,20,2024-08-29,330.0
Central,2,2x4,20,2024-09-05,330.0
Central,2,2x4,20,2024-09-12,330.0
Central,2,2x4,20,2024-09-20,335.0
Central,2,2x4,20,2024-09-27,340.0
Central,2,2x4,20,2024-10-04,355.0
Central,2,2x4,20,2024-10-11,380.0
Central,2,2x4,20,2024-10-18,400.0
Central,2,2x4,20,2024-10-25,415.0
Central,2,2x4,20,2024-11-01,415.0
Central,2,2x4,20,2024-11-08,410.0
Central,2,2x4,20,2024-11-15,385.0
Central,2,2x4,20,2024-11-22,360.0
Central,2,2x4,20,2024-11-27,340.0
Central,2,2x4,20,2024-12-06,315.0
Central,2,2x4,20,2024-12-13,305.0
Central,2,2x4,20,2024-12-20,320.0
Central,2,2x4,20,2025-01-03,340.0
Central,2,2x4,20,2025-01-10,350.0
Central,2,2x4,20,2025-01-17,355.0
Central,2,2x4,20,2025-01-24,355.0
Central,2,2x4,20,2025-01-31,345.0
Central,2,2x4,20,2025-02-07,355.0
Central,2,2x4,20,2025-02-14,360.0
Central,2,2x4,20,2025-02-21,365.0
Central,2,2x4,20,2025-02-28,375.0
Central,2,2x4,20,2025-03-07,390.0
Central,2,2x4,20,2025-03-14,395.0
Central,2,2x4,20,2025-03-21,400.0
Central,2,2x4,20,2025-03-28,405.0
Central,2,2x4,20,2025-04-04,420.0
Central,2,2x4,20,2025-04-11,430.0
Central,2,2x4,20,2025-04-18,435.0
Central,2,2x4,20,2025-04-25,445.0
Central,2,2x4,20,2025-05-02,445.0
Central,2,2x4,20,2025-05-09,440.0
Central,2,2x4,20,2025-05-16,425.0
Central,2,2x4,20,2025-05-23,400.0
Central,2,2x4,20,2025-05-30,380.0
Central,2,2x4,20,2025-06-06,360.0
Central,2,2x4,20,2025-06-13,345.0
Central,2,2x4,20,2025-06-19,335.0
Central,2,2x4,20,2025-06-27,325.0
Central,2,2x4,20,2025-07-03,325.0
Central,2,2x4,20,2025-07-11,330.0
Central,2,2x4,20,2025-07-18,335.0
Central,2,2x4,20,2025-07-25,340.0
Central,2,2x4,20,2025-08-01,350.0
Central,2,2x4,20,2025-08-08,350.0
Central,2,2x4,20,2025-08-15,340.0
Central,2,2x4,20,2025-08-22,330.0
Central,2,2x4,20,2025-08-29,310.0
Central,2,2x4,20,2025-09-05,310.0
Central,2,2x4,20,2025-09-12,305.0
Central,2,2x4,20,2025-09-19,305.0
Central,2,2x4,20,2025-09-26,310.0
Central,2,2x4,20,2025-10-03,325.0
Central,2,2x4,20,2025-10-10,330.0
Central,2,2x4,20,2025-10-17,335.0
Central,2,2x6,8,2024-01-12,275.0
Central,2,2x6,8,2024-01-18,275.0
Central,2,2x6,8,2024-01-25,265.0
Central,2,2x6,8,2024-02-08,265.0
Central,2,2x6,8,2024-02-15,285.0
Central,2,2x6,8,2024-02-22,295.0
Central,2,2x6,8,2024-02-29,300.0
Central,2,2x6,8,2024-03-07,300.0
Central,2,2x6,8,2024-03-14,290.0
Central,2,2x6,8,2024-03-21,275.0
Central,2,2x6,8,2024-03-28,265.0
Central,2,2x6,8,2024-04-04,250.0
Central,2,2x6,8,2024-04-11,235.0
Central,2,2x6,8,2024-04-18,225.0
Central,2,2x6,8,2024-04-25,225.0
Central,2,2x6,8,2024-05-02,235.0
Central,2,2x6,8,2024-05-09,240.0
Central,2,2x6,8,2024-05-16,250.0
Central,2,2x6,8,2024-05-30,265.0
Central,2,2x6,8,2024-06-06,255.0
Central,2,2x6,8,2024-06-13,240.0
Central,2,2x6,8,2024-06-20,220.0
Central,2,2x6,8,2024-06-27,220.0
Central,2,2x6,8,2024-07-04,220.0
Central,2,2x6,8,2024-07-11,225.0
Central,2,2x6,8,2024-07-18,240.0
Central,2,2x6,8,2024-07-25,250.0
Central,2,2x6,8,2024-08-01,260.0
Central,2,2x6,8,2024-08-08,260.0
Central,2,2x6,8,2024-08-15,255.0
Central,2,2x6,8,2024-08-22,245.0
Central,2,2x6,8,2024-08-29,235.0
Central,2,2x6,8,2024-09-05,225.0
Central,2,2x6,8,2024-09-12,230.0
Central,2,2x6,8,2024-09-20,240.0
Central,2,2x6,8,2024-09-27,250.0
Central,2,2x6,8,2024-10-04,270.0
Central,2,2x6,8,2024-10-11,300.0
Central,2,2x6,8,2024-10-18,320.0
Central,2,2x6,8,2024-10-25,340.0
Central,2,2x6,8,2024-11-01,340.0
Central,2,2x6,8,2024-11-08,340.0
Central,2,2x6,8,2024-11-15,335.0
Central,2,2x6,8,2024-11-22,325.0
Central,2,2x6,8,2024-11-27,310.0
Central,2,2x6,8,2024-12-06,305.0
Central,2,2x6,8,2024-12-13,315.0
Central,2,2x6,8,2024-12-20,330.0
Central,2,2x6,8,2025-01-03,360.0
Central,2,2x6,8,2025-01-10,370.0
Central,2,2x6,8,2025-01-17,370.0
Central,2,2x6,8,2025-01-24,355.0
Central,2,2x6,8,2025-01-31,345.0
Central,2,2x6,8,2025-02-07,350.0
Central,2,2x6,8,2025-02-14,355.0
Central,2,2x6,8,2025-02-21,355.0
Central,2,2x6,8,2025-02-28,355.0
Central,2,2x6,8,2025-03-07,355.0
Central,2,2x6,8,2025-03-14,355.0
Central,2,2x6,8,2025-03-21,355.0
Central,2,2x6,8,2025-03-28,345.0
Central,2,2x6,8,2025-04-04,340.0
Central,2,2x6,8,2025-04-11,340.0
Central,2,2x6,8,2025-04-18,340.0
Central,2,2x6,8,2025-04-25,345.0
Central,2,2x6,8,2025-05-02,335.0
Central,2,2x6,8,2025-05-09,315.0
Central,2,2x6,8,2025-05-16,290.0
Central,2,2x6,8,2025-05-23,270.0
Central,2,2x6,8,2025-05-30,260.0
Central,2,2x6,8,2025-06-06,250.0
Central,2,2x6,8,2025-06-13,250.0
Central,2,2x6,8,2025-06-19,255.0
Central,2,2x6,8,2025-06-27,265.0
Central,2,2x6,8,2025-07-03,275.0
Central,2,2x6,8,2025-07-11,280.0
Central,2,2x6,8,2025-07-18,290.0
Central,2,2x6,8,2025-07-25,295.0
Central,2,2x6,8,2025-08-01,300.0
Central,2,2x6,8,2025-08-08,300.0
Central,2,2x6,8,2025-08-15,290.0
Central,2,2x6,8,2025-08-22,275.0
Central,2,2x6,8,2025-08-29,255.0
Central,2,2x6,8,2025-09-05,240.0
Central,2,2x6,8,2025-09-12,240.0
Central,2,2x6,8,2025-09-19,250.0
Central,2,2x6,8,2025-09-26,255.0
Central,2,2x6,8,2025-10-03,260.0
Central,2,2x6,8,2025-10-10,270.0
Central,2,2x6,8,2025-10-17,280.0
Central,2,2x6,10,2024-01-12,365.0
Central,2,2x6,10,2024-01-18,355.0
Central,2,2x6,10,2024-01-25,345.0
Central,2,2x6,10,2024-02-08,345.0
Central,2,2x6,10,2024-02-15,355.0
Central,2,2x6,10,2024-02-22,355.0
Central,2,2x6,10,2024-02-29,360.0
Central,2,2x6,10,2024-03-07,360.0
Central,2,2x6,10,2024-03-14,360.0
Central,2,2x6,10,2024-03-21,350.0
Central,2,2x6,10,2024-03-28,340.0
Central,2,2x6,10,2024-04-04,315.0
Central,2,2x6,10,2024-04-11,295.0
Central,2,2x6,10,2024-04-18,280.0
Central,2,2x6,10,2024-04-25,280.0
Central,2,2x6,10,2024-05-02,280.0
Central,2,2x6,10,2024-05-09,280.0
Central,2,2x6,10,2024-05-16,285.0
Central,2,2x6,10,2024-05-30,295.0
Central,2,2x6,10,2024-06-06,285.0
Central,2,2x6,10,2024-06-13,270.0
Central,2,2x6,10,2024-06-20,250.0
Central,2,2x6,10,2024-06-27,240.0
Central,2,2x6,10,2024-07-04,240.0
Central,2,2x6,10,2024-07-11,240.0
Central,2,2x6,10,2024-07-18,255.0
Central,2,2x6,10,2024-07-25,265.0
Central,2,2x6,10,2024-08-01,270.0
Central,2,2x6,10,2024-08-08,270.0
Central,2,2x6,10,2024-08-15,260.0
Central,2,2x6,10,2024-08-22,255.0
Central,2,2x6,10,2024-08-29,245.0
Central,2,2x6,10,2024-09-05,245.0
Central,2,2x6,10,2024-09-12,245.0
Central,2,2x6,10,2024-09-20,250.0
Central,2,2x6,10,2024-09-27,260.0
Central,2,2x6,10,2024-10-04,280.0
Central,2,2x6,10,2024-10-11,310.0
Central,2,2x6,10,2024-10-18,335.0
Central,2,2x6,10,2024-10-25,355.0
Central,2,2x6,10,2024-11-01,355.0
Central,2,2x6,10,2024-11-08,350.0
Central,2,2x6,10,2024-11-15,345.0
Central,2,2x6,10,2024-11-22,335.0
Central,2,2x6,10,2024-11-27,325.0
Central,2,2x6,10,2024-12-06,315.0
Central,2,2x6,10,2024-12-13,325.0
Central,2,2x6,10,2024-12-20,345.0
Central,2,2x6,10,2025-01-03,380.0
Central,2,2x6,10,2025-01-10,395.0
Central,2,2x6,10,2025-01-17,395.0
Central,2,2x6,10,2025-01-24,380.0
Central,2,2x6,10,2025-01-31,365.0
Central,2,2x6,10,2025-02-07,375.0
Central,2,2x6,10,2025-02-14,380.0
Central,2,2x6,10,2025-02-21,385.0
Central,2,2x6,10,2025-02-28,385.0
Central,2,2x6,10,2025-03-07,385.0
Central,2,2x6,10,2025-03-14,380.0
Central,2,2x6,10,2025-03-21,375.0
Central,2,2x6,10,2025-03-28,365.0
Central,2,2x6,10,2025-04-04,355.0
Central,2,2x6,10,2025-04-11,355.0
Central,2,2x6,10,2025-04-18,355.0
Central,2,2x6,10,2025-04-25,360.0
Central,2,2x6,10,2025-05-02,355.0
Central,2,2x6,10,2025-05-09,335.0
Central,2,2x6,10,2025-05-16,300.0
Central,2,2x6,10,2025-05-23,275.0
Central,2,2x6,10,2025-05-30,265.0
Central,2,2x6,10,2025-06-06,255.0
Central,2,2x6,10,2025-06-13,255.0
Central,2,2x6,10,2025-06-19,255.0
Central,2,2x6,10,2025-06-27,265.0
Central,2,2x6,10,2025-07-03,280.0
Central,2,2x6,10,2025-07-11,290.0
Central,2,2x6,10,2025-07-18,300.0
Central,2,2x6,10,2025-07-25,305.0
Central,2,2x6,10,2025-08-01,305.0
Central,2,2x6,10,2025-08-08,305.0
Central,2,2x6,10,2025-08-15,300.0
Central,2,2x6,10,2025-08-22,285.0
Central,2,2x6,10,2025-08-29,270.0
Central,2,2x6,10,2025-09-05,260.0
Central,2,2x6,10,2025-09-12,260.0
Central,2,2x6,10,2025-09-19,260.0
Central,2,2x6,10,2025-09-26,260.0
Central,2,2x6,10,2025-10-03,265.0
Central,2,2x6,10,2025-10-10,275.0
Central,2,2x6,10,2025-10-17,285.0
Central,2,2x6,12,2024-01-12,375.0
Central,2,2x6,12,2024-01-18,365.0
Central,2,2x6,12,2024-01-25,350.0
Central,2,2x6,12,2024-02-08,355.0
Central,2,2x6,12,2024-02-15,365.0
Central,2,2x6,12,2024-02-22,375.0
Central,2,2x6,12,2024-02-29,375.0
Central,2,2x6,12,2024-03-07,375.0
Central,2,2x6,12,2024-03-14,375.0
Central,2,2x6,12,2024-03-21,370.0
Central,2,2x6,12,2024-03-28,360.0
Central,2,2x6,12,2024-04-04,340.0
Central,2,2x6,12,2024-04-11,320.0
Central,2,2x6,12,2024-04-18,305.0
Central,2,2x6,12,2024-04-25,305.0
Central,2,2x6,12,2024-05-02,305.0
Central,2,2x6,12,2024-05-09,305.0
Central,2,2x6,12,2024-05-16,310.0
Central,2,2x6,12,2024-05-30,310.0
Central,2,2x6,12,2024-06-06,300.0
Central,2,2x6,12,2024-06-13,275.0
Central,2,2x6,12,2024-06-20,255.0
Central,2,2x6,12,2024-06-27,240.0
Central,2,2x6,12,2024-07-04,240.0
Central,2,2x6,12,2024-07-11,240.0
Central,2,2x6,12,2024-07-18,260.0
Central,2,2x6,12,2024-07-25,270.0
Central,2,2x6,12,2024-08-01,280.0
Central,2,2x6,12,2024-08-08,280.0
Central,2,2x6,12,2024-08-15,270.0
Central,2,2x6,12,2024-08-22,260.0
Central,2,2x6,12,2024-08-29,255.0
Central,2,2x6,12,2024-09-05,255.0
Central,2,2x6,12,2024-09-12,255.0
Central,2,2x6,12,2024-09-20,260.0
Central,2,2x6,12,2024-09-27,275.0
Central,2,2x6,12,2024-10-04,295.0
Central,2,2x6,12,2024-10-11,325.0
Central,2,2x6,12,2024-10-18,350.0
Central,2,2x6,12,2024-10-25,370.0
Central,2,2x6,12,2024-11-01,380.0
Central,2,2x6,12,2024-11-08,375.0
Central,2,2x6,12,2024-11-15,365.0
Central,2,2x6,12,2024-11-22,350.0
Central,2,2x6,12,2024-11-27,335.0
Central,2,2x6,12,2024-12-06,325.0
Central,2,2x6,12,2024-12-13,335.0
Central,2,2x6,12,2024-12-20,355.0
Central,2,2x6,12,2025-01-03,390.0
Central,2,2x6,12,2025-01-10,400.0
Central,2,2x6,12,2025-01-17,390.0
Central,2,2x6,12,2025-01-24,375.0
Central,2,2x6,12,2025-01-31,360.0
Central,2,2x6,12,2025-02-07,365.0
Central,2,2x6,12,2025-02-14,370.0
Central,2,2x6,12,2025-02-21,375.0
Central,2,2x6,12,2025-02-28,375.0
Central,2,2x6,12,2025-03-07,375.0
Central,2,2x6,12,2025-03-14,370.0
Central,2,2x6,12,2025-03-21,365.0
Central,2,2x6,12,2025-03-28,355.0
Central,2,2x6,12,2025-04-04,345.0
Central,2,2x6,12,2025-04-11,345.0
Central,2,2x6,12,2025-04-18,350.0
Central,2,2x6,12,2025-04-25,355.0
Central,2,2x6,12,2025-05-02,350.0
Central,2,2x6,12,2025-05-09,325.0
Central,2,2x6,12,2025-05-16,295.0
Central,2,2x6,12,2025-05-23,275.0
Central,2,2x6,12,2025-05-30,265.0
Central,2,2x6,12,2025-06-06,255.0
Central,2,2x6,12,2025-06-13,255.0
Central,2,2x6,12,2025-06-19,260.0
Central,2,2x6,12,2025-06-27,275.0
Central,2,2x6,12,2025-07-03,290.0
Central,2,2x6,12,2025-07-11,300.0
Central,2,2x6,12,2025-07-18,310.0
Central,2,2x6,12,2025-07-25,315.0
Central,2,2x6,12,2025-08-01,320.0
Central,2,2x6,12,2025-08-08,320.0
Central,2,2x6,12,2025-08-15,310.0
Central,2,2x6,12,2025-08-22,295.0
Central,2,2x6,12,2025-08-29,275.0
Central,2,2x6,12,2025-09-05,265.0
Central,2,2x6,12,2025-09-12,265.0
Central,2,2x6,12,2025-09-19,265.0
Central,2,2x6,12,2025-09-26,270.0
Central,2,2x6,12,2025-10-03,275.0
Central,2,2x6,12,2025-10-10,280.0
Central,2,2x6,12,2025-10-17,290.0
Central,2,2x6,14,2024-01-12,365.0
Central,2,2x6,14,2024-01-18,350.0
Central,2,2x6,14,2024-01-25,335.0
Central,2,2x6,14,2024-02-08,345.0
Central,2,2x6,14,2024-02-15,360.0
Central,2,2x6,14,2024-02-22,370.0
Central,2,2x6,14,2024-02-29,380.0
Central,2,2x6,14,2024-03-07,380.0
Central,2,2x6,14,2024-03-14,380.0
Central,2,2x6,14,2024-03-21,375.0
Central,2,2x6,14,2024-03-28,365.0
Central,2,2x6,14,2024-04-04,345.0
Central,2,2x6,14,2024-04-11,325.0
Central,2,2x6,14,2024-04-18,310.0
Central,2,2x6,14,2024-04-25,310.0
Central,2,2x6,14,2024-05-02,310.0
Central,2,2x6,14,2024-05-09,310.0
Central,2,2x6,14,2024-05-16,315.0
Central,2,2x6,14,2024-05-30,315.0
Central,2,2x6,14,2024-06-06,305.0
Central,2,2x6,14,2024-06-13,280.0
Central,2,2x6,14,2024-06-20,260.0
Central,2,2x6,14,2024-06-27,245.0
Central,2,2x6,14,2024-07-04,240.0
Central,2,2x6,14,2024-07-11,240.0
Central,2,2x6,14,2024-07-18,255.0
Central,2,2x6,14,2024-07-25,265.0
Central,2,2x6,14,2024-08-01,270.0
Central,2,2x6,14,2024-08-08,270.0
Central,2,2x6,14,2024-08-15,260.0
Central,2,2x6,14,2024-08-22,250.0
Central,2,2x6,14,2024-08-29,245.0
Central,2,2x6,14,2024-09-05,245.0
Central,2,2x6,14,2024-09-12,245.0
Central,2,2x6,14,2024-09-20,250.0
Central,2,2x6,14,2024-09-27,260.0
Central,2,2x6,14,2024-10-04,275.0
Central,2,2x6,14,2024-10-11,305.0
Central,2,2x6,14,2024-10-18,325.0
Central,2,2x6,14,2024-10-25,345.0
Central,2,2x6,14,2024-11-01,350.0
Central,2,2x6,14,2024-11-08,350.0
Central,2,2x6,14,2024-11-15,350.0
Central,2,2x6,14,2024-11-22,340.0
Central,2,2x6,14,2024-11-27,335.0
Central,2,2x6,14,2024-12-06,330.0
Central,2,2x6,14,2024-12-13,340.0
Central,2,2x6,14,2024-12-20,360.0
Central,2,2x6,14,2025-01-03,395.0
Central,2,2x6,14,2025-01-10,405.0
Central,2,2x6,14,2025-01-17,405.0
Central,2,2x6,14,2025-01-24,385.0
Central,2,2x6,14,2025-01-31,370.0
Central,2,2x6,14,2025-02-07,370.0
Central,2,2x6,14,2025-02-14,375.0
Central,2,2x6,14,2025-02-21,375.0
Central,2,2x6,14,2025-02-28,375.0
Central,2,2x6,14,2025-03-07,375.0
Central,2,2x6,14,2025-03-14,370.0
Central,2,2x6,14,2025-03-21,365.0
Central,2,2x6,14,2025-03-28,355.0
Central,2,2x6,14,2025-04-04,345.0
Central,2,2x6,14,2025-04-11,345.0
Central,2,2x6,14,2025-04-18,350.0
Central,2,2x6,14,2025-04-25,355.0
Central,2,2x6,14,2025-05-02,350.0
Central,2,2x6,14,2025-05-09,330.0
Central,2,2x6,14,2025-05-16,295.0
Central,2,2x6,14,2025-05-23,275.0
Central,2,2x6,14,2025-05-30,265.0
Central,2,2x6,14,2025-06-06,255.0
Central,2,2x6,14,2025-06-13,255.0
Central,2,2x6,14,2025-06-19,265.0
Central,2,2x6,14,2025-06-27,275.0
Central,2,2x6,14,2025-07-03,285.0
Central,2,2x6,14,2025-07-11,295.0
Central,2,2x6,14,2025-07-18,300.0
Central,2,2x6,14,2025-07-25,305.0
Central,2,2x6,14,2025-08-01,315.0
Central,2,2x6,14,2025-08-08,315.0
Central,2,2x6,14,2025-08-15,310.0
Central,2,2x6,14,2025-08-22,295.0
Central,2,2x6,14,2025-08-29,275.0
Central,2,2x6,14,2025-09-05,265.0
Central,2,2x6,14,2025-09-12,265.0
Central,2,2x6,14,2025-09-19,265.0
Central,2,2x6,14,2025-09-26,270.0
Central,2,2x6,14,2025-10-03,280.0
Central,2,2x6,14,2025-10-10,285.0
Central,2,2x6,14,2025-10-17,295.0
Central,2,2x6,16,2024-01-12,370.0
Central,2,2x6,16,2024-01-18,360.0
Central,2,2x6,16,2024-01-25,340.0
Central,2,2x6,16,2024-02-08,350.0
Central,2,2x6,16,2024-02-15,360.0
Central,2,2x6,16,2024-02-22,370.0
Central,2,2x6,16,2024-02-29,375.0
Central,2,2x6,16,2024-03-07,375.0
Central,2,2x6,16,2024-03-14,375.0
Central,2,2x6,16,2024-03-21,365.0
Central,2,2x6,16,2024-03-28,355.0
Central,2,2x6,16,2024-04-04,330.0
Central,2,2x6,16,2024-04-11,310.0
Central,2,2x6,16,2024-04-18,300.0
Central,2,2x6,16,2024-04-25,300.0
Central,2,2x6,16,2024-05-02,300.0
Central,2,2x6,16,2024-05-09,300.0
Central,2,2x6,16,2024-05-16,310.0
Central,2,2x6,16,2024-05-30,310.0
Central,2,2x6,16,2024-06-06,300.0
Central,2,2x6,16,2024-06-13,280.0
Central,2,2x6,16,2024-06-20,260.0
Central,2,2x6,16,2024-06-27,250.0
Central,2,2x6,16,2024-07-04,240.0
Central,2,2x6,16,2024-07-11,240.0
Central,2,2x6,16,2024-07-18,255.0
Central,2,2x6,16,2024-07-25,265.0
Central,2,2x6,16,2024-08-01,275.0
Central,2,2x6,16,2024-08-08,275.0
Central,2,2x6,16,2024-08-15,265.0
Central,2,2x6,16,2024-08-22,250.0
Central,2,2x6,16,2024-08-29,245.0
Central,2,2x6,16,2024-09-05,245.0
Central,2,2x6,16,2024-09-12,245.0
Central,2,2x6,16,2024-09-20,255.0
Central,2,2x6,16,2024-09-27,270.0
Central,2,2x6,16,2024-10-04,295.0
Central,2,2x6,16,2024-10-11,325.0
Central,2,2x6,16,2024-10-18,350.0
Central,2,2x6,16,2024-10-25,370.0
Central,2,2x6,16,2024-11-01,375.0
Central,2,2x6,16,2024-11-08,375.0
Central,2,2x6,16,2024-11-15,370.0
Central,2,2x6,16,2024-11-22,355.0
Central,2,2x6,16,2024-11-27,345.0
Central,2,2x6,16,2024-12-06,330.0
Central,2,2x6,16,2024-12-13,340.0
Central,2,2x6,16,2024-12-20,360.0
Central,2,2x6,16,2025-01-03,395.0
Central,2,2x6,16,2025-01-10,410.0
Central,2,2x6,16,2025-01-17,400.0
Central,2,2x6,16,2025-01-24,385.0
Central,2,2x6,16,2025-01-31,365.0
Central,2,2x6,16,2025-02-07,370.0
Central,2,2x6,16,2025-02-14,375.0
Central,2,2x6,16,2025-02-21,375.0
Central,2,2x6,16,2025-02-28,375.0
Central,2,2x6,16,2025-03-07,375.0
Central,2,2x6,16,2025-03-14,370.0
Central,2,2x6,16,2025-03-21,365.0
Central,2,2x6,16,2025-03-28,355.0
Central,2,2x6,16,2025-04-04,350.0
Central,2,2x6,16,2025-04-11,350.0
Central,2,2x6,16,2025-04-18,355.0
Central,2,2x6,16,2025-04-25,360.0
Central,2,2x6,16,2025-05-02,355.0
Central,2,2x6,16,2025-05-09,335.0
Central,2,2x6,16,2025-05-16,305.0
Central,2,2x6,16,2025-05-23,285.0
Central,2,2x6,16,2025-05-30,275.0
Central,2,2x6,16,2025-06-06,260.0
Central,2,2x6,16,2025-06-13,260.0
Central,2,2x6,16,2025-06-19,270.0
Central,2,2x6,16,2025-06-27,280.0
Central,2,2x6,16,2025-07-03,290.0
Central,2,2x6,16,2025-07-11,300.0
Central,2,2x6,16,2025-07-18,310.0
Central,2,2x6,16,2025-07-25,315.0
Central,2,2x6,16,2025-08-01,315.0
Central,2,2x6,16,2025-08-08,315.0
Central,2,2x6,16,2025-08-15,310.0
Central,2,2x6,16,2025-08-22,295.0
Central,2,2x6,16,2025-08-29,275.0
Central,2,2x6,16,2025-09-05,265.0
Central,2,2x6,16,2025-09-12,265.0
Central,2,2x6,16,2025-09-19,270.0
Central,2,2x6,16,2025-09-26,275.0
Central,2,2x6,16,2025-10-03,280.0
Central,2,2x6,16,2025-10-10,290.0
Central,2,2x6,16,2025-10-17,300.0
Central,2,2x6,18,2024-01-12,355.0
Central,2,2x6,18,2024-01-18,345.0
Central,2,2x6,18,2024-01-25,335.0
Central,2,2x6,18,2024-02-08,340.0
Central,2,2x6,18,2024-02-15,350.0
Central,2,2x6,18,2024-02-22,360.0
Central,2,2x6,18,2024-02-29,370.0
Central,2,2x6,18,2024-03-07,375.0
Central,2,2x6,18,2024-03-14,370.0
Central,2,2x6,18,2024-03-21,360.0
Central,2,2x6,18,2024-03-28,350.0
Central,2,2x6,18,2024-04-04,325.0
Central,2,2x6,18,2024-04-11,305.0
Central,2,2x6,18,2024-04-18,290.0
Central,2,2x6,18,2024-04-25,290.0
Central,2,2x6,18,2024-05-02,290.0
Central,2,2x6,18,2024-05-09,290.0
Central,2,2x6,18,2024-05-16,295.0
Central,2,2x6,18,2024-05-30,295.0
Central,2,2x6,18,2024-06-06,285.0
Central,2,2x6,18,2024-06-13,265.0
Central,2,2x6,18,2024-06-20,245.0
Central,2,2x6,18,2024-06-27,240.0
Central,2,2x6,18,2024-07-04,235.0
Central,2,2x6,18,2024-07-11,235.0
Central,2,2x6,18,2024-07-18,245.0
Central,2,2x6,18,2024-07-25,255.0
Central,2,2x6,18,2024-08-01,265.0
Central,2,2x6,18,2024-08-08,265.0
Central,2,2x6,18,2024-08-15,260.0
Central,2,2x6,18,2024-08-22,250.0
Central,2,2x6,18,2024-08-29,245.0
Central,2,2x6,18,2024-09-05,245.0
Central,2,2x6,18,2024-09-12,245.0
Central,2,2x6,18,2024-09-20,250.0
Central,2,2x6,18,2024-09-27,260.0
Central,2,2x6,18,2024-10-04,275.0
Central,2,2x6,18,2024-10-11,305.0
Central,2,2x6,18,2024-10-18,325.0
Central,2,2x6,18,2024-10-25,345.0
Central,2,2x6,18,2024-11-01,350.0
Central,2,2x6,18,2024-11-08,340.0
Central,2,2x6,18,2024-11-15,335.0
Central,2,2x6,18,2024-11-22,320.0
Central,2,2x6,18,2024-11-27,310.0
Central,2,2x6,18,2024-12-06,305.0
Central,2,2x6,18,2024-12-13,310.0
Central,2,2x6,18,2024-12-20,330.0
Central,2,2x6,18,2025-01-03,365.0
Central,2,2x6,18,2025-01-10,375.0
Central,2,2x6,18,2025-01-17,375.0
Central,2,2x6,18,2025-01-24,365.0
Central,2,2x6,18,2025-01-31,350.0
Central,2,2x6,18,2025-02-07,355.0
Central,2,2x6,18,2025-02-14,360.0
Central,2,2x6,18,2025-02-21,370.0
Central,2,2x6,18,2025-02-28,370.0
Central,2,2x6,18,2025-03-07,370.0
Central,2,2x6,18,2025-03-14,370.0
Central,2,2x6,18,2025-03-21,370.0
Central,2,2x6,18,2025-03-28,360.0
Central,2,2x6,18,2025-04-04,350.0
Central,2,2x6,18,2025-04-11,350.0
Central,2,2x6,18,2025-04-18,355.0
Central,2,2x6,18,2025-04-25,355.0
Central,2,2x6,18,2025-05-02,350.0
Central,2,2x6,18,2025-05-09,335.0
Central,2,2x6,18,2025-05-16,305.0
Central,2,2x6,18,2025-05-23,280.0
Central,2,2x6,18,2025-05-30,265.0
Central,2,2x6,18,2025-06-06,255.0
Central,2,2x6,18,2025-06-13,255.0
Central,2,2x6,18,2025-06-19,265.0
Central,2,2x6,18,2025-06-27,275.0
Central,2,2x6,18,2025-07-03,285.0
Central,2,2x6,18,2025-07-11,295.0
Central,2,2x6,18,2025-07-18,300.0
Central,2,2x6,18,2025-07-25,305.0
Central,2,2x6,18,2025-08-01,310.0
Central,2,2x6,18,2025-08-08,310.0
Central,2,2x6,18,2025-08-15,300.0
Central,2,2x6,18,2025-08-22,285.0
Central,2,2x6,18,2025-08-29,270.0
Central,2,2x6,18,2025-09-05,260.0
Central,2,2x6,18,2025-09-12,260.0
Central,2,2x6,18,2025-09-19,265.0
Central,2,2x6,18,2025-09-26,270.0
Central,2,2x6,18,2025-10-03,280.0
Central,2,2x6,18,2025-10-10,290.0
Central,2,2x6,18,2025-10-17,290.0
Central,2,2x6,20,2024-01-12,355.0
Central,2,2x6,20,2024-01-18,340.0
Central,2,2x6,20,2024-01-25,325.0
Central,2,2x6,20,2024-02-08,330.0
Central,2,2x6,20,2024-02-15,375.0
Central,2,2x6,20,2024-02-22,350.0
Central,2,2x6,20,2024-02-29,360.0
Central,2,2x6,20,2024-03-07,365.0
Central,2,2x6,20,2024-03-14,365.0
Central,2,2x6,20,2024-03-21,355.0
Central,2,2x6,20,2024-03-28,345.0
Central,2,2x6,20,2024-04-04,320.0
Central,2,2x6,20,2024-04-11,300.0
Central,2,2x6,20,2024-04-18,290.0
Central,2,2x6,20,2024-04-25,290.0
Central,2,2x6,20,2024-05-02,290.0
Central,2,2x6,20,2024-05-09,290.0
Central,2,2x6,20,2024-05-16,295.0
Central,2,2x6,20,2024-05-30,295.0
Central,2,2x6,20,2024-06-06,285.0
Central,2,2x6,20,2024-06-13,265.0
Central,2,2x6,20,2024-06-20,245.0
Central,2,2x6,20,2024-06-27,240.0
Central,2,2x6,20,2024-07-04,240.0
Central,2,2x6,20,2024-07-11,240.0
Central,2,2x6,20,2024-07-18,250.0
Central,2,2x6,20,2024-07-25,260.0
Central,2,2x6,20,2024-08-01,265.0
Central,2,2x6,20,2024-08-08,265.0
Central,2,2x6,20,2024-08-15,260.0
Central,2,2x6,20,2024-08-22,255.0
Central,2,2x6,20,2024-08-29,245.0
Central,2,2x6,20,2024-09-05,245.0
Central,2,2x6,20,2024-09-12,245.0
Central,2,2x6,20,2024-09-20,250.0
Central,2,2x6,20,2024-09-27,260.0
Central,2,2x6,20,2024-10-04,275.0
Central,2,2x6,20,2024-10-11,305.0
Central,2,2x6,20,2024-10-18,325.0
Central,2,2x6,20,2024-10-25,345.0
Central,2,2x6,20,2024-11-01,350.0
Central,2,2x6,20,2024-11-08,350.0
Central,2,2x6,20,2024-11-15,340.0
Central,2,2x6,20,2024-11-22,320.0
Central,2,2x6,20,2024-11-27,315.0
Central,2,2x6,20,2024-12-06,315.0
Central,2,2x6,20,2024-12-13,325.0
Central,2,2x6,20,2024-12-20,345.0
Central,2,2x6,20,2025-01-03,375.0
Central,2,2x6,20,2025-01-10,385.0
Central,2,2x6,20,2025-01-17,385.0
Central,2,2x6,20,2025-01-24,375.0
Central,2,2x6,20,2025-01-31,355.0
Central,2,2x6,20,2025-02-07,365.0
Central,2,2x6,20,2025-02-14,365.0
Central,2,2x6,20,2025-02-21,365.0
Central,2,2x6,20,2025-02-28,365.0
Central,2,2x6,20,2025-03-07,370.0
Central,2,2x6,20,2025-03-14,370.0
Central,2,2x6,20,2025-03-21,365.0
Central,2,2x6,20,2025-03-28,355.0
Central,2,2x6,20,2025-04-04,345.0
Central,2,2x6,20,2025-04-11,345.0
Central,2,2x6,20,2025-04-18,345.0
Central,2,2x6,20,2025-04-25,350.0
Central,2,2x6,20,2025-05-02,350.0
Central,2,2x6,20,2025-05-09,330.0
Central,2,2x6,20,2025-05-16,305.0
Central,2,2x6,20,2025-05-23,285.0
Central,2,2x6,20,2025-05-30,275.0
Central,2,2x6,20,2025-06-06,260.0
Central,2,2x6,20,2025-06-13,260.0
Central,2,2x6,20,2025-06-19,265.0
Central,2,2x6,20,2025-06-27,280.0
Central,2,2x6,20,2025-07-03,290.0
Central,2,2x6,20,2025-07-11,295.0
Central,2,2x6,20,2025-07-18,300.0
Central,2,2x6,20,2025-07-25,305.0
Central,2,2x6,20,2025-08-01,305.0
Central,2,2x6,20,2025-08-08,305.0
Central,2,2x6,20,2025-08-15,300.0
Central,2,2x6,20,2025-08-22,290.0
Central,2,2x6,20,2025-08-29,270.0
Central,2,2x6,20,2025-09-05,260.0
Central,2,2x6,20,2025-09-12,255.0
Central,2,2x6,20,2025-09-19,255.0
Central,2,2x6,20,2025-09-26,260.0
Central,2,2x6,20,2025-10-03,265.0
Central,2,2x6,20,2025-10-10,275.0
Central,2,2x6,20,2025-10-17,285.0
Central,2,2x8,8,2024-01-12,310.0
Central,2,2x8,8,2024-01-18,300.0
Central,2,2x8,8,2024-01-25,285.0
Central,2,2x8,8,2024-02-08,290.0
Central,2,2x8,8,2024-02-15,305.0
Central,2,2x8,8,2024-02-22,310.0
Central,2,2x8,8,2024-02-29,315.0
Central,2,2x8,8,2024-03-07,320.0
Central,2,2x8,8,2024-03-14,310.0
Central,2,2x8,8,2024-03-21,305.0
Central,2,2x8,8,2024-03-28,300.0
Central,2,2x8,8,2024-04-04,285.0
Central,2,2x8,8,2024-04-11,265.0
Central,2,2x8,8,2024-04-18,250.0
Central,2,2x8,8,2024-04-25,260.0
Central,2,2x8,8,2024-05-02,265.0
Central,2,2x8,8,2024-05-09,270.0
Central,2,2x8,8,2024-05-16,270.0
Central,2,2x8,8,2024-05-30,275.0
Central,2,2x8,8,2024-06-06,270.0
Central,2,2x8,8,2024-06-13,260.0
Central,2,2x8,8,2024-06-20,245.0
Central,2,2x8,8,2024-06-27,235.0
Central,2,2x8,8,2024-07-04,230.0
Central,2,2x8,8,2024-07-11,235.0
Central,2,2x8,8,2024-07-18,240.0
Central,2,2x8,8,2024-07-25,250.0
Central,2,2x8,8,2024-08-01,255.0
Central,2,2x8,8,2024-08-08,255.0
Central,2,2x8,8,2024-08-15,250.0
Central,2,2x8,8,2024-08-22,245.0
Central,2,2x8,8,2024-08-29,235.0
Central,2,2x8,8,2024-09-05,230.0
Central,2,2x8,8,2024-09-12,235.0
Central,2,2x8,8,2024-09-20,240.0
Central,2,2x8,8,2024-09-27,250.0
Central,2,2x8,8,2024-10-04,270.0
Central,2,2x8,8,2024-10-11,295.0
Central,2,2x8,8,2024-10-18,315.0
Central,2,2x8,8,2024-10-25,330.0
Central,2,2x8,8,2024-11-01,335.0
Central,2,2x8,8,2024-11-08,330.0
Central,2,2x8,8,2024-11-15,320.0
Central,2,2x8,8,2024-11-22,310.0
Central,2,2x8,8,2024-11-27,305.0
Central,2,2x8,8,2024-12-06,300.0
Central,2,2x8,8,2024-12-13,300.0
Central,2,2x8,8,2024-12-20,315.0
Central,2,2x8,8,2025-01-03,340.0
Central,2,2x8,8,2025-01-10,350.0
Central,2,2x8,8,2025-01-17,345.0
Central,2,2x8,8,2025-01-24,335.0
Central,2,2x8,8,2025-01-31,315.0
Central,2,2x8,8,2025-02-07,315.0
Central,2,2x8,8,2025-02-14,320.0
Central,2,2x8,8,2025-02-21,320.0
Central,2,2x8,8,2025-02-28,320.0
Central,2,2x8,8,2025-03-07,320.0
Central,2,2x8,8,2025-03-14,325.0
Central,2,2x8,8,2025-03-21,325.0
Central,2,2x8,8,2025-03-28,325.0
Central,2,2x8,8,2025-04-04,325.0
Central,2,2x8,8,2025-04-11,330.0
Central,2,2x8,8,2025-04-18,340.0
Central,2,2x8,8,2025-04-25,345.0
Central,2,2x8,8,2025-05-02,350.0
Central,2,2x8,8,2025-05-09,340.0
Central,2,2x8,8,2025-05-16,320.0
Central,2,2x8,8,2025-05-23,295.0
Central,2,2x8,8,2025-05-30,275.0
Central,2,2x8,8,2025-06-06,260.0
Central,2,2x8,8,2025-06-13,260.0
Central,2,2x8,8,2025-06-19,260.0
Central,2,2x8,8,2025-06-27,265.0
Central,2,2x8,8,2025-07-03,275.0
Central,2,2x8,8,2025-07-11,285.0
Central,2,2x8,8,2025-07-18,295.0
Central,2,2x8,8,2025-07-25,300.0
Central,2,2x8,8,2025-08-01,300.0
Central,2,2x8,8,2025-08-08,300.0
Central,2,2x8,8,2025-08-15,295.0
Central,2,2x8,8,2025-08-22,285.0
Central,2,2x8,8,2025-08-29,270.0
Central,2,2x8,8,2025-09-05,260.0
Central,2,2x8,8,2025-09-12,260.0
Central,2,2x8,8,2025-09-19,260.0
Central,2,2x8,8,2025-09-26,260.0
Central,2,2x8,8,2025-10-03,265.0
Central,2,2x8,8,2025-10-10,275.0
Central,2,2x8,8,2025-10-17,280.0
Central,2,2x8,10,2024-01-12,310.0
Central,2,2x8,10,2024-01-18,300.0
Central,2,2x8,10,2024-01-25,290.0
Central,2,2x8,10,2024-02-08,295.0
Central,2,2x8,10,2024-02-15,310.0
Central,2,2x8,10,2024-02-22,320.0
Central,2,2x8,10,2024-02-29,325.0
Central,2,2x8,10,2024-03-07,330.0
Central,2,2x8,10,2024-03-14,320.0
Central,2,2x8,10,2024-03-21,315.0
Central,2,2x8,10,2024-03-28,310.0
Central,2,2x8,10,2024-04-04,295.0
Central,2,2x8,10,2024-04-11,285.0
Central,2,2x8,10,2024-04-18,270.0
Central,2,2x8,10,2024-04-25,270.0
Central,2,2x8,10,2024-05-02,270.0
Central,2,2x8,10,2024-05-09,280.0
Central,2,2x8,10,2024-05-16,280.0
Central,2,2x8,10,2024-05-30,285.0
Central,2,2x8,10,2024-06-06,280.0
Central,2,2x8,10,2024-06-13,270.0
Central,2,2x8,10,2024-06-20,255.0
Central,2,2x8,10,2024-06-27,245.0
Central,2,2x8,10,2024-07-04,240.0
Central,2,2x8,10,2024-07-11,240.0
Central,2,2x8,10,2024-07-18,250.0
Central,2,2x8,10,2024-07-25,255.0
Central,2,2x8,10,2024-08-01,260.0
Central,2,2x8,10,2024-08-08,260.0
Central,2,2x8,10,2024-08-15,255.0
Central,2,2x8,10,2024-08-22,245.0
Central,2,2x8,10,2024-08-29,235.0
Central,2,2x8,10,2024-09-05,230.0
Central,2,2x8,10,2024-09-12,235.0
Central,2,2x8,10,2024-09-20,235.0
Central,2,2x8,10,2024-09-27,245.0
Central,2,2x8,10,2024-10-04,260.0
Central,2,2x8,10,2024-10-11,285.0
Central,2,2x8,10,2024-10-18,305.0
Central,2,2x8,10,2024-10-25,320.0
Central,2,2x8,10,2024-11-01,325.0
Central,2,2x8,10,2024-11-08,320.0
Central,2,2x8,10,2024-11-15,310.0
Central,2,2x8,10,2024-11-22,305.0
Central,2,2x8,10,2024-11-27,300.0
Central,2,2x8,10,2024-12-06,300.0
Central,2,2x8,10,2024-12-13,300.0
Central,2,2x8,10,2024-12-20,315.0
Central,2,2x8,10,2025-01-03,345.0
Central,2,2x8,10,2025-01-10,350.0
Central,2,2x8,10,2025-01-17,345.0
Central,2,2x8,10,2025-01-24,335.0
Central,2,2x8,10,2025-01-31,320.0
Central,2,2x8,10,2025-02-07,320.0
Central,2,2x8,10,2025-02-14,320.0
Central,2,2x8,10,2025-02-21,325.0
Central,2,2x8,10,2025-02-28,325.0
Central,2,2x8,10,2025-03-07,325.0
Central,2,2x8,10,2025-03-14,325.0
Central,2,2x8,10,2025-03-21,330.0
Central,2,2x8,10,2025-03-28,330.0
Central,2,2x8,10,2025-04-04,330.0
Central,2,2x8,10,2025-04-11,330.0
Central,2,2x8,10,2025-04-18,340.0
Central,2,2x8,10,2025-04-25,345.0
Central,2,2x8,10,2025-05-02,345.0
Central,2,2x8,10,2025-05-09,335.0
Central,2,2x8,10,2025-05-16,320.0
Central,2,2x8,10,2025-05-23,295.0
Central,2,2x8,10,2025-05-30,275.0
Central,2,2x8,10,2025-06-06,265.0
Central,2,2x8,10,2025-06-13,255.0
Central,2,2x8,10,2025-06-19,255.0
Central,2,2x8,10,2025-06-27,260.0
Central,2,2x8,10,2025-07-03,270.0
Central,2,2x8,10,2025-07-11,280.0
Central,2,2x8,10,2025-07-18,290.0
Central,2,2x8,10,2025-07-25,295.0
Central,2,2x8,10,2025-08-01,295.0
Central,2,2x8,10,2025-08-08,295.0
Central,2,2x8,10,2025-08-15,285.0
Central,2,2x8,10,2025-08-22,275.0
Central,2,2x8,10,2025-08-29,260.0
Central,2,2x8,10,2025-09-05,260.0
Central,2,2x8,10,2025-09-12,260.0
Central,2,2x8,10,2025-09-19,260.0
Central,2,2x8,10,2025-09-26,260.0
Central,2,2x8,10,2025-10-03,265.0
Central,2,2x8,10,2025-10-10,270.0
Central,2,2x8,10,2025-10-17,275.0
Central,2,2x8,12,2024-01-12,325.0
Central,2,2x8,12,2024-01-18,320.0
Central,2,2x8,12,2024-01-25,315.0
Central,2,2x8,12,2024-02-08,325.0
Central,2,2x8,12,2024-02-15,340.0
Central,2,2x8,12,2024-02-22,350.0
Central,2,2x8,12,2024-02-29,355.0
Central,2,2x8,12,2024-03-07,360.0
Central,2,2x8,12,2024-03-14,360.0
Central,2,2x8,12,2024-03-21,350.0
Central,2,2x8,12,2024-03-28,345.0
Central,2,2x8,12,2024-04-04,330.0
Central,2,2x8,12,2024-04-11,315.0
Central,2,2x8,12,2024-04-18,300.0
Central,2,2x8,12,2024-04-25,300.0
Central,2,2x8,12,2024-05-02,300.0
Central,2,2x8,12,2024-05-09,305.0
Central,2,2x8,12,2024-05-16,310.0
Central,2,2x8,12,2024-05-30,315.0
Central,2,2x8,12,2024-06-06,310.0
Central,2,2x8,12,2024-06-13,295.0
Central,2,2x8,12,2024-06-20,280.0
Central,2,2x8,12,2024-06-27,265.0
Central,2,2x8,12,2024-07-04,255.0
Central,2,2x8,12,2024-07-11,255.0
Central,2,2x8,12,2024-07-18,260.0
Central,2,2x8,12,2024-07-25,260.0
Central,2,2x8,12,2024-08-01,265.0
Central,2,2x8,12,2024-08-08,265.0
Central,2,2x8,12,2024-08-15,260.0
Central,2,2x8,12,2024-08-22,250.0
Central,2,2x8,12,2024-08-29,245.0
Central,2,2x8,12,2024-09-05,240.0
Central,2,2x8,12,2024-09-12,240.0
Central,2,2x8,12,2024-09-20,245.0
Central,2,2x8,12,2024-09-27,255.0
Central,2,2x8,12,2024-10-04,270.0
Central,2,2x8,12,2024-10-11,295.0
Central,2,2x8,12,2024-10-18,315.0
Central,2,2x8,12,2024-10-25,330.0
Central,2,2x8,12,2024-11-01,335.0
Central,2,2x8,12,2024-11-08,330.0
Central,2,2x8,12,2024-11-15,320.0
Central,2,2x8,12,2024-11-22,310.0
Central,2,2x8,12,2024-11-27,305.0
Central,2,2x8,12,2024-12-06,305.0
Central,2,2x8,12,2024-12-13,310.0
Central,2,2x8,12,2024-12-20,325.0
Central,2,2x8,12,2025-01-03,355.0
Central,2,2x8,12,2025-01-10,360.0
Central,2,2x8,12,2025-01-17,355.0
Central,2,2x8,12,2025-01-24,345.0
Central,2,2x8,12,2025-01-31,325.0
Central,2,2x8,12,2025-02-07,325.0
Central,2,2x8,12,2025-02-14,325.0
Central,2,2x8,12,2025-02-21,325.0
Central,2,2x8,12,2025-02-28,325.0
Central,2,2x8,12,2025-03-07,325.0
Central,2,2x8,12,2025-03-14,325.0
Central,2,2x8,12,2025-03-21,330.0
Central,2,2x8,12,2025-03-28,330.0
Central,2,2x8,12,2025-04-04,330.0
Central,2,2x8,12,2025-04-11,335.0
Central,2,2x8,12,2025-04-18,345.0
Central,2,2x8,12,2025-04-25,350.0
Central,2,2x8,12,2025-05-02,350.0
Central,2,2x8,12,2025-05-09,340.0
Central,2,2x8,12,2025-05-16,325.0
Central,2,2x8,12,2025-05-23,305.0
Central,2,2x8,12,2025-05-30,290.0
Central,2,2x8,12,2025-06-06,275.0
Central,2,2x8,12,2025-06-13,265.0
Central,2,2x8,12,2025-06-19,265.0
Central,2,2x8,12,2025-06-27,270.0
Central,2,2x8,12,2025-07-03,280.0
Central,2,2x8,12,2025-07-11,285.0
Central,2,2x8,12,2025-07-18,290.0
Central,2,2x8,12,2025-07-25,295.0
Central,2,2x8,12,2025-08-01,295.0
Central,2,2x8,12,2025-08-08,295.0
Central,2,2x8,12,2025-08-15,290.0
Central,2,2x8,12,2025-08-22,280.0
Central,2,2x8,12,2025-08-29,265.0
Central,2,2x8,12,2025-09-05,260.0
Central,2,2x8,12,2025-09-12,260.0
Central,2,2x8,12,2025-09-19,260.0
Central,2,2x8,12,2025-09-26,260.0
Central,2,2x8,12,2025-10-03,265.0
Central,2,2x8,12,2025-10-10,275.0
Central,2,2x8,12,2025-10-17,280.0
Central,2,2x8,14,2024-01-12,340.0
Central,2,2x8,14,2024-01-18,330.0
Central,2,2x8,14,2024-01-25,320.0
Central,2,2x8,14,2024-02-08,325.0
Central,2,2x8,14,2024-02-15,345.0
Central,2,2x8,14,2024-02-22,355.0
Central,2,2x8,14,2024-02-29,360.0
Central,2,2x8,14,2024-03-07,365.0
Central,2,2x8,14,2024-03-14,365.0
Central,2,2x8,14,2024-03-21,360.0
Central,2,2x8,14,2024-03-28,355.0
Central,2,2x8,14,2024-04-04,335.0
Central,2,2x8,14,2024-04-11,320.0
Central,2,2x8,14,2024-04-18,305.0
Central,2,2x8,14,2024-04-25,305.0
Central,2,2x8,14,2024-05-02,305.0
Central,2,2x8,14,2024-05-09,310.0
Central,2,2x8,14,2024-05-16,315.0
Central,2,2x8,14,2024-05-30,320.0
Central,2,2x8,14,2024-06-06,315.0
Central,2,2x8,14,2024-06-13,295.0
Central,2,2x8,14,2024-06-20,280.0
Central,2,2x8,14,2024-06-27,265.0
Central,2,2x8,14,2024-07-04,260.0
Central,2,2x8,14,2024-07-11,260.0
Central,2,2x8,14,2024-07-18,265.0
Central,2,2x8,14,2024-07-25,270.0
Central,2,2x8,14,2024-08-01,275.0
Central,2,2x8,14,2024-08-08,275.0
Central,2,2x8,14,2024-08-15,270.0
Central,2,2x8,14,2024-08-22,265.0
Central,2,2x8,14,2024-08-29,255.0
Central,2,2x8,14,2024-09-05,250.0
Central,2,2x8,14,2024-09-12,250.0
Central,2,2x8,14,2024-09-20,255.0
Central,2,2x8,14,2024-09-27,265.0
Central,2,2x8,14,2024-10-04,280.0
Central,2,2x8,14,2024-10-11,305.0
Central,2,2x8,14,2024-10-18,325.0
Central,2,2x8,14,2024-10-25,340.0
Central,2,2x8,14,2024-11-01,345.0
Central,2,2x8,14,2024-11-08,340.0
Central,2,2x8,14,2024-11-15,335.0
Central,2,2x8,14,2024-11-22,325.0
Central,2,2x8,14,2024-11-27,315.0
Central,2,2x8,14,2024-12-06,305.0
Central,2,2x8,14,2024-12-13,310.0
Central,2,2x8,14,2024-12-20,325.0
Central,2,2x8,14,2025-01-03,350.0
Central,2,2x8,14,2025-01-10,360.0
Central,2,2x8,14,2025-01-17,360.0
Central,2,2x8,14,2025-01-24,350.0
Central,2,2x8,14,2025-01-31,335.0
Central,2,2x8,14,2025-02-07,345.0
Central,2,2x8,14,2025-02-14,345.0
Central,2,2x8,14,2025-02-21,350.0
Central,2,2x8,14,2025-02-28,350.0
Central,2,2x8,14,2025-03-07,350.0
Central,2,2x8,14,2025-03-14,350.0
Central,2,2x8,14,2025-03-21,350.0
Central,2,2x8,14,2025-03-28,350.0
Central,2,2x8,14,2025-04-04,350.0
Central,2,2x8,14,2025-04-11,355.0
Central,2,2x8,14,2025-04-18,365.0
Central,2,2x8,14,2025-04-25,370.0
Central,2,2x8,14,2025-05-02,370.0
Central,2,2x8,14,2025-05-09,355.0
Central,2,2x8,14,2025-05-16,340.0
Central,2,2x8,14,2025-05-23,320.0
Central,2,2x8,14,2025-05-30,300.0
Central,2,2x8,14,2025-06-06,285.0
Central,2,2x8,14,2025-06-13,275.0
Central,2,2x8,14,2025-06-19,275.0
Central,2,2x8,14,2025-06-27,275.0
Central,2,2x8,14,2025-07-03,280.0
Central,2,2x8,14,2025-07-11,285.0
Central,2,2x8,14,2025-07-18,295.0
Central,2,2x8,14,2025-07-25,300.0
Central,2,2x8,14,2025-08-01,300.0
Central,2,2x8,14,2025-08-08,300.0
Central,2,2x8,14,2025-08-15,290.0
Central,2,2x8,14,2025-08-22,280.0
Central,2,2x8,14,2025-08-29,265.0
Central,2,2x8,14,2025-09-05,255.0
Central,2,2x8,14,2025-09-12,255.0
Central,2,2x8,14,2025-09-19,255.0
Central,2,2x8,14,2025-09-26,260.0
Central,2,2x8,14,2025-10-03,275.0
Central,2,2x8,14,2025-10-10,285.0
Central,2,2x8,14,2025-10-17,290.0
Central,2,2x8,16,2024-01-12,335.0
Central,2,2x8,16,2024-01-18,325.0
Central,2,2x8,16,2024-01-25,315.0
Central,2,2x8,16,2024-02-08,325.0
Central,2,2x8,16,2024-02-15,345.0
Central,2,2x8,16,2024-02-22,355.0
Central,2,2x8,16,2024-02-29,360.0
Central,2,2x8,16,2024-03-07,365.0
Central,2,2x8,16,2024-03-14,365.0
Central,2,2x8,16,2024-03-21,360.0
Central,2,2x8,16,2024-03-28,355.0
Central,2,2x8,16,2024-04-04,340.0
Central,2,2x8,16,2024-04-11,325.0
Central,2,2x8,16,2024-04-18,310.0
Central,2,2x8,16,2024-04-25,305.0
Central,2,2x8,16,2024-05-02,305.0
Central,2,2x8,16,2024-05-09,310.0
Central,2,2x8,16,2024-05-16,315.0
Central,2,2x8,16,2024-05-30,325.0
Central,2,2x8,16,2024-06-06,320.0
Central,2,2x8,16,2024-06-13,305.0
Central,2,2x8,16,2024-06-20,290.0
Central,2,2x8,16,2024-06-27,280.0
Central,2,2x8,16,2024-07-04,270.0
Central,2,2x8,16,2024-07-11,270.0
Central,2,2x8,16,2024-07-18,275.0
Central,2,2x8,16,2024-07-25,280.0
Central,2,2x8,16,2024-08-01,285.0
Central,2,2x8,16,2024-08-08,285.0
Central,2,2x8,16,2024-08-15,280.0
Central,2,2x8,16,2024-08-22,275.0
Central,2,2x8,16,2024-08-29,265.0
Central,2,2x8,16,2024-09-05,260.0
Central,2,2x8,16,2024-09-12,260.0
Central,2,2x8,16,2024-09-20,260.0
Central,2,2x8,16,2024-09-27,270.0
Central,2,2x8,16,2024-10-04,290.0
Central,2,2x8,16,2024-10-11,315.0
Central,2,2x8,16,2024-10-18,340.0
Central,2,2x8,16,2024-10-25,355.0
Central,2,2x8,16,2024-11-01,355.0
Central,2,2x8,16,2024-11-08,355.0
Central,2,2x8,16,2024-11-15,350.0
Central,2,2x8,16,2024-11-22,340.0
Central,2,2x8,16,2024-11-27,330.0
Central,2,2x8,16,2024-12-06,320.0
Central,2,2x8,16,2024-12-13,325.0
Central,2,2x8,16,2024-12-20,340.0
Central,2,2x8,16,2025-01-03,370.0
Central,2,2x8,16,2025-01-10,375.0
Central,2,2x8,16,2025-01-17,370.0
Central,2,2x8,16,2025-01-24,360.0
Central,2,2x8,16,2025-01-31,345.0
Central,2,2x8,16,2025-02-07,345.0
Central,2,2x8,16,2025-02-14,345.0
Central,2,2x8,16,2025-02-21,345.0
Central,2,2x8,16,2025-02-28,345.0
Central,2,2x8,16,2025-03-07,335.0
Central,2,2x8,16,2025-03-14,335.0
Central,2,2x8,16,2025-03-21,335.0
Central,2,2x8,16,2025-03-28,335.0
Central,2,2x8,16,2025-04-04,335.0
Central,2,2x8,16,2025-04-11,335.0
Central,2,2x8,16,2025-04-18,345.0
Central,2,2x8,16,2025-04-25,350.0
Central,2,2x8,16,2025-05-02,350.0
Central,2,2x8,16,2025-05-09,350.0
Central,2,2x8,16,2025-05-16,340.0
Central,2,2x8,16,2025-05-23,320.0
Central,2,2x8,16,2025-05-30,305.0
Central,2,2x8,16,2025-06-06,290.0
Central,2,2x8,16,2025-06-13,290.0
Central,2,2x8,16,2025-06-19,290.0
Central,2,2x8,16,2025-06-27,290.0
Central,2,2x8,16,2025-07-03,300.0
Central,2,2x8,16,2025-07-11,310.0
Central,2,2x8,16,2025-07-18,320.0
Central,2,2x8,16,2025-07-25,325.0
Central,2,2x8,16,2025-08-01,325.0
Central,2,2x8,16,2025-08-08,325.0
Central,2,2x8,16,2025-08-15,315.0
Central,2,2x8,16,2025-08-22,305.0
Central,2,2x8,16,2025-08-29,285.0
Central,2,2x8,16,2025-09-05,275.0
Central,2,2x8,16,2025-09-12,275.0
Central,2,2x8,16,2025-09-19,280.0
Central,2,2x8,16,2025-09-26,280.0
Central,2,2x8,16,2025-10-03,285.0
Central,2,2x8,16,2025-10-10,285.0
Central,2,2x8,16,2025-10-17,290.0
Central,2,2x8,18,2024-01-12,290.0
Central,2,2x8,18,2024-01-18,285.0
Central,2,2x8,18,2024-01-25,275.0
Central,2,2x8,18,2024-02-08,285.0
Central,2,2x8,18,2024-02-15,300.0
Central,2,2x8,18,2024-02-22,310.0
Central,2,2x8,18,2024-02-29,315.0
Central,2,2x8,18,2024-03-07,320.0
Central,2,2x8,18,2024-03-14,330.0
Central,2,2x8,18,2024-03-21,325.0
Central,2,2x8,18,2024-03-28,320.0
Central,2,2x8,18,2024-04-04,305.0
Central,2,2x8,18,2024-04-11,290.0
Central,2,2x8,18,2024-04-18,280.0
Central,2,2x8,18,2024-04-25,285.0
Central,2,2x8,18,2024-05-02,290.0
Central,2,2x8,18,2024-05-09,295.0
Central,2,2x8,18,2024-05-16,295.0
Central,2,2x8,18,2024-05-30,300.0
Central,2,2x8,18,2024-06-06,295.0
Central,2,2x8,18,2024-06-13,280.0
Central,2,2x8,18,2024-06-20,265.0
Central,2,2x8,18,2024-06-27,255.0
Central,2,2x8,18,2024-07-04,250.0
Central,2,2x8,18,2024-07-11,250.0
Central,2,2x8,18,2024-07-18,260.0
Central,2,2x8,18,2024-07-25,265.0
Central,2,2x8,18,2024-08-01,270.0
Central,2,2x8,18,2024-08-08,270.0
Central,2,2x8,18,2024-08-15,260.0
Central,2,2x8,18,2024-08-22,255.0
Central,2,2x8,18,2024-08-29,250.0
Central,2,2x8,18,2024-09-05,240.0
Central,2,2x8,18,2024-09-12,245.0
Central,2,2x8,18,2024-09-20,250.0
Central,2,2x8,18,2024-09-27,260.0
Central,2,2x8,18,2024-10-04,275.0
Central,2,2x8,18,2024-10-11,300.0
Central,2,2x8,18,2024-10-18,315.0
Central,2,2x8,18,2024-10-25,330.0
Central,2,2x8,18,2024-11-01,330.0
Central,2,2x8,18,2024-11-08,325.0
Central,2,2x8,18,2024-11-15,315.0
Central,2,2x8,18,2024-11-22,305.0
Central,2,2x8,18,2024-11-27,305.0
Central,2,2x8,18,2024-12-06,295.0
Central,2,2x8,18,2024-12-13,295.0
Central,2,2x8,18,2024-12-20,310.0
Central,2,2x8,18,2025-01-03,335.0
Central,2,2x8,18,2025-01-10,335.0
Central,2,2x8,18,2025-01-17,330.0
Central,2,2x8,18,2025-01-24,315.0
Central,2,2x8,18,2025-01-31,300.0
Central,2,2x8,18,2025-02-07,300.0
Central,2,2x8,18,2025-02-14,305.0
Central,2,2x8,18,2025-02-21,305.0
Central,2,2x8,18,2025-02-28,310.0
Central,2,2x8,18,2025-03-07,310.0
Central,2,2x8,18,2025-03-14,310.0
Central,2,2x8,18,2025-03-21,310.0
Central,2,2x8,18,2025-03-28,310.0
Central,2,2x8,18,2025-04-04,315.0
Central,2,2x8,18,2025-04-11,320.0
Central,2,2x8,18,2025-04-18,330.0
Central,2,2x8,18,2025-04-25,340.0
Central,2,2x8,18,2025-05-02,345.0
Central,2,2x8,18,2025-05-09,335.0
Central,2,2x8,18,2025-05-16,320.0
Central,2,2x8,18,2025-05-23,305.0
Central,2,2x8,18,2025-05-30,295.0
Central,2,2x8,18,2025-06-06,280.0
Central,2,2x8,18,2025-06-13,270.0
Central,2,2x8,18,2025-06-19,270.0
Central,2,2x8,18,2025-06-27,275.0
Central,2,2x8,18,2025-07-03,280.0
Central,2,2x8,18,2025-07-11,285.0
Central,2,2x8,18,2025-07-18,295.0
Central,2,2x8,18,2025-07-25,300.0
Central,2,2x8,18,2025-08-01,300.0
Central,2,2x8,18,2025-08-08,300.0
Central,2,2x8,18,2025-08-15,290.0
Central,2,2x8,18,2025-08-22,280.0
Central,2,2x8,18,2025-08-29,265.0
Central,2,2x8,18,2025-09-05,260.0
Central,2,2x8,18,2025-09-12,260.0
Central,2,2x8,18,2025-09-19,260.0
Central,2,2x8,18,2025-09-26,260.0
Central,2,2x8,18,2025-10-03,270.0
Central,2,2x8,18,2025-10-10,280.0
Central,2,2x8,18,2025-10-17,285.0
Central,2,2x8,20,2024-01-12,320.0
Central,2,2x8,20,2024-01-18,310.0
Central,2,2x8,20,2024-01-25,300.0
Central,2,2x8,20,2024-02-08,310.0
Central,2,2x8,20,2024-02-15,330.0
Central,2,2x8,20,2024-02-22,340.0
Central,2,2x8,20,2024-02-29,345.0
Central,2,2x8,20,2024-03-07,350.0
Central,2,2x8,20,2024-03-14,350.0
Central,2,2x8,20,2024-03-21,345.0
Central,2,2x8,20,2024-03-28,340.0
Central,2,2x8,20,2024-04-04,325.0
Central,2,2x8,20,2024-04-11,310.0
Central,2,2x8,20,2024-04-18,295.0
Central,2,2x8,20,2024-04-25,295.0
Central,2,2x8,20,2024-05-02,300.0
Central,2,2x8,20,2024-05-09,305.0
Central,2,2x8,20,2024-05-16,305.0
Central,2,2x8,20,2024-05-30,310.0
Central,2,2x8,20,2024-06-06,305.0
Central,2,2x8,20,2024-06-13,290.0
Central,2,2x8,20,2024-06-20,275.0
Central,2,2x8,20,2024-06-27,265.0
Central,2,2x8,20,2024-07-04,260.0
Central,2,2x8,20,2024-07-11,260.0
Central,2,2x8,20,2024-07-18,265.0
Central,2,2x8,20,2024-07-25,270.0
Central,2,2x8,20,2024-08-01,275.0
Central,2,2x8,20,2024-08-08,275.0
Central,2,2x8,20,2024-08-15,275.0
Central,2,2x8,20,2024-08-22,270.0
Central,2,2x8,20,2024-08-29,265.0
Central,2,2x8,20,2024-09-05,265.0
Central,2,2x8,20,2024-09-12,265.0
Central,2,2x8,20,2024-09-20,265.0
Central,2,2x8,20,2024-09-27,270.0
Central,2,2x8,20,2024-10-04,285.0
Central,2,2x8,20,2024-10-11,310.0
Central,2,2x8,20,2024-10-18,320.0
Central,2,2x8,20,2024-10-25,335.0
Central,2,2x8,20,2024-11-01,340.0
Central,2,2x8,20,2024-11-08,335.0
Central,2,2x8,20,2024-11-15,325.0
Central,2,2x8,20,2024-11-22,315.0
Central,2,2x8,20,2024-11-27,310.0
Central,2,2x8,20,2024-12-06,310.0
Central,2,2x8,20,2024-12-13,315.0
Central,2,2x8,20,2024-12-20,330.0
Central,2,2x8,20,2025-01-03,355.0
Central,2,2x8,20,2025-01-10,355.0
Central,2,2x8,20,2025-01-17,355.0
Central,2,2x8,20,2025-01-24,345.0
Central,2,2x8,20,2025-01-31,330.0
Central,2,2x8,20,2025-02-07,330.0
Central,2,2x8,20,2025-02-14,330.0
Central,2,2x8,20,2025-02-21,330.0
Central,2,2x8,20,2025-02-28,330.0
Central,2,2x8,20,2025-03-07,330.0
Central,2,2x8,20,2025-03-14,335.0
Central,2,2x8,20,2025-03-21,340.0
Central,2,2x8,20,2025-03-28,340.0
Central,2,2x8,20,2025-04-04,340.0
Central,2,2x8,20,2025-04-11,340.0
Central,2,2x8,20,2025-04-18,350.0
Central,2,2x8,20,2025-04-25,355.0
Central,2,2x8,20,2025-05-02,355.0
Central,2,2x8,20,2025-05-09,345.0
Central,2,2x8,20,2025-05-16,325.0
Central,2,2x8,20,2025-05-23,300.0
Central,2,2x8,20,2025-05-30,290.0
Central,2,2x8,20,2025-06-06,280.0
Central,2,2x8,20,2025-06-13,270.0
Central,2,2x8,20,2025-06-19,270.0
Central,2,2x8,20,2025-06-27,275.0
Central,2,2x8,20,2025-07-03,285.0
Central,2,2x8,20,2025-07-11,290.0
Central,2,2x8,20,2025-07-18,300.0
Central,2,2x8,20,2025-07-25,305.0
Central,2,2x8,20,2025-08-01,305.0
Central,2,2x8,20,2025-08-08,305.0
Central,2,2x8,20,2025-08-15,300.0
Central,2,2x8,20,2025-08-22,295.0
Central,2,2x8,20,2025-08-29,275.0
Central,2,2x8,20,2025-09-05,275.0
Central,2,2x8,20,2025-09-12,275.0
Central,2,2x8,20,2025-09-19,275.0
Central,2,2x8,20,2025-09-26,280.0
Central,2,2x8,20,2025-10-03,285.0
Central,2,2x8,20,2025-10-10,295.0
Central,2,2x8,20,2025-10-17,300.0
East,1,2x10,8,2024-01-12,425.0
East,1,2x10,8,2024-01-18,405.0
East,1,2x10,8,2024-01-25,395.0
East,1,2x10,8,2024-02-08,380.0
East,1,2x10,8,2024-02-15,385.0
East,1,2x10,8,2024-02-22,390.0
East,1,2x10,8,2024-02-29,395.0
East,1,2x10,8,2024-03-07,400.0
East,1,2x10,8,2024-03-14,400.0
East,1,2x10,8,2024-03-21,400.0
East,1,2x10,8,2024-03-28,400.0
East,1,2x10,8,2024-04-04,390.0
East,1,2x10,8,2024-04-11,380.0
East,1,2x10,8,2024-04-18,370.0
East,1,2x10,8,2024-04-25,370.0
East,1,2x10,8,2024-05-02,380.0
East,1,2x10,8,2024-05-09,395.0
East,1,2x10,8,2024-05-16,405.0
East,1,2x10,8,2024-05-30,440.0
East,1,2x10,8,2024-06-06,450.0
East,1,2x10,8,2024-06-13,450.0
East,1,2x10,8,2024-06-20,445.0
East,1,2x10,8,2024-06-27,435.0
East,1,2x10,8,2024-07-04,425.0
East,1,2x10,8,2024-07-11,425.0
East,1,2x10,8,2024-07-18,425.0
East,1,2x10,8,2024-07-25,425.0
East,1,2x10,8,2024-08-01,425.0
East,1,2x10,8,2024-08-08,425.0
East,1,2x10,8,2024-08-15,425.0
East,1,2x10,8,2024-08-22,425.0
East,1,2x10,8,2024-08-29,425.0
East,1,2x10,8,2024-09-05,425.0
East,1,2x10,8,2024-09-12,425.0
East,1,2x10,8,2024-09-20,410.0
East,1,2x10,8,2024-09-27,410.0
East,1,2x10,8,2024-10-04,410.0
East,1,2x10,8,2024-10-11,410.0
East,1,2x10,8,2024-10-18,410.0
East,1,2x10,8,2024-10-25,410.0
East,1,2x10,8,2024-11-01,410.0
East,1,2x10,8,2024-11-08,400.0
East,1,2x10,8,2024-11-15,400.0
East,1,2x10,8,2024-11-22,380.0
East,1,2x10,8,2024-11-27,380.0
East,1,2x10,8,2024-12-06,380.0
East,1,2x10,8,2024-12-13,380.0
East,1,2x10,8,2024-12-20,380.0
East,1,2x10,8,2025-01-03,390.0
East,1,2x10,8,2025-01-10,395.0
East,1,2x10,8,2025-01-17,385.0
East,1,2x10,8,2025-01-24,375.0
East,1,2x10,8,2025-01-31,375.0
East,1,2x10,8,2025-02-07,380.0
East,1,2x10,8,2025-02-14,385.0
East,1,2x10,8,2025-02-21,390.0
East,1,2x10,8,2025-02-28,390.0
East,1,2x10,8,2025-03-07,385.0
East,1,2x10,8,2025-03-14,390.0
East,1,2x10,8,2025-03-21,395.0
East,1,2x10,8,2025-03-28,405.0
East,1,2x10,8,2025-04-04,410.0
East,1,2x10,8,2025-04-11,420.0
East,1,2x10,8,2025-04-18,435.0
East,1,2x10,8,2025-04-25,445.0
East,1,2x10,8,2025-05-02,445.0
East,1,2x10,8,2025-05-09,440.0
East,1,2x10,8,2025-05-16,420.0
East,1,2x10,8,2025-05-23,400.0
East,1,2x10,8,2025-05-30,385.0
East,1,2x10,8,2025-06-06,370.0
East,1,2x10,8,2025-06-13,360.0
East,1,2x10,8,2025-06-19,360.0
East,1,2x10,8,2025-06-27,345.0
East,1,2x10,8,2025-07-03,345.0
East,1,2x10,8,2025-07-11,350.0
East,1,2x10,8,2025-07-18,355.0
East,1,2x10,8,2025-07-25,350.0
East,1,2x10,8,2025-08-01,365.0
East,1,2x10,8,2025-08-08,365.0
East,1,2x10,8,2025-08-15,350.0
East,1,2x10,8,2025-08-22,340.0
East,1,2x10,8,2025-08-29,325.0
East,1,2x10,8,2025-09-05,320.0
East,1,2x10,8,2025-09-12,310.0
East,1,2x10,8,2025-09-19,315.0
East,1,2x10,8,2025-09-26,320.0
East,1,2x10,8,2025-10-03,330.0
East,1,2x10,8,2025-10-10,340.0
East,1,2x10,8,2025-10-17,340.0
East,1,2x10,10,2024-01-12,505.0
East,1,2x10,10,2024-01-18,485.0
East,1,2x10,10,2024-01-25,470.0
East,1,2x10,10,2024-02-08,455.0
East,1,2x10,10,2024-02-15,455.0
East,1,2x10,10,2024-02-22,460.0
East,1,2x10,10,2024-02-29,460.0
East,1,2x10,10,2024-03-07,460.0
East,1,2x10,10,2024-03-14,455.0
East,1,2x10,10,2024-03-21,450.0
East,1,2x10,10,2024-03-28,450.0
East,1,2x10,10,2024-04-04,440.0
East,1,2x10,10,2024-04-11,430.0
East,1,2x10,10,2024-04-18,420.0
East,1,2x10,10,2024-04-25,420.0
East,1,2x10,10,2024-05-02,420.0
East,1,2x10,10,2024-05-09,425.0
East,1,2x10,10,2024-05-16,425.0
East,1,2x10,10,2024-05-30,460.0
East,1,2x10,10,2024-06-06,460.0
East,1,2x10,10,2024-06-13,460.0
East,1,2x10,10,2024-06-20,455.0
East,1,2x10,10,2024-06-27,445.0
East,1,2x10,10,2024-07-04,435.0
East,1,2x10,10,2024-07-11,435.0
East,1,2x10,10,2024-07-18,435.0
East,1,2x10,10,2024-07-25,440.0
East,1,2x10,10,2024-08-01,440.0
East,1,2x10,10,2024-08-08,440.0
East,1,2x10,10,2024-08-15,440.0
East,1,2x10,10,2024-08-22,440.0
East,1,2x10,10,2024-08-29,440.0
East,1,2x10,10,2024-09-05,440.0
East,1,2x10,10,2024-09-12,440.0
East,1,2x10,10,2024-09-20,420.0
East,1,2x10,10,2024-09-27,415.0
East,1,2x10,10,2024-10-04,415.0
East,1,2x10,10,2024-10-11,415.0
East,1,2x10,10,2024-10-18,415.0
East,1,2x10,10,2024-10-25,415.0
East,1,2x10,10,2024-11-01,415.0
East,1,2x10,10,2024-11-08,410.0
East,1,2x10,10,2024-11-15,400.0
East,1,2x10,10,2024-11-22,385.0
East,1,2x10,10,2024-11-27,385.0
East,1,2x10,10,2024-12-06,385.0
East,1,2x10,10,2024-12-13,385.0
East,1,2x10,10,2024-12-20,390.0
East,1,2x10,10,2025-01-03,400.0
East,1,2x10,10,2025-01-10,405.0
East,1,2x10,10,2025-01-17,405.0
East,1,2x10,10,2025-01-24,395.0
East,1,2x10,10,2025-01-31,385.0
East,1,2x10,10,2025-02-07,395.0
East,1,2x10,10,2025-02-14,395.0
East,1,2x10,10,2025-02-21,395.0
East,1,2x10,10,2025-02-28,385.0
East,1,2x10,10,2025-03-07,390.0
East,1,2x10,10,2025-03-14,400.0
East,1,2x10,10,2025-03-21,405.0
East,1,2x10,10,2025-03-28,415.0
East,1,2x10,10,2025-04-04,425.0
East,1,2x10,10,2025-04-11,440.0
East,1,2x10,10,2025-04-18,460.0
East,1,2x10,10,2025-04-25,470.0
East,1,2x10,10,2025-05-02,470.0
East,1,2x10,10,2025-05-09,460.0
East,1,2x10,10,2025-05-16,445.0
East,1,2x10,10,2025-05-23,425.0
East,1,2x10,10,2025-05-30,405.0
East,1,2x10,10,2025-06-06,395.0
East,1,2x10,10,2025-06-13,385.0
East,1,2x10,10,2025-06-19,375.0
East,1,2x10,10,2025-06-27,375.0
East,1,2x10,10,2025-07-03,375.0
East,1,2x10,10,2025-07-11,375.0
East,1,2x10,10,2025-07-18,380.0
East,1,2x10,10,2025-07-25,405.0
East,1,2x10,10,2025-08-01,385.0
East,1,2x10,10,2025-08-08,385.0
East,1,2x10,10,2025-08-15,380.0
East,1,2x10,10,2025-08-22,370.0
East,1,2x10,10,2025-08-29,355.0
East,1,2x10,10,2025-09-05,345.0
East,1,2x10,10,2025-09-12,345.0
East,1,2x10,10,2025-09-19,345.0
East,1,2x10,10,2025-09-26,350.0
East,1,2x10,10,2025-10-03,360.0
East,1,2x10,10,2025-10-10,370.0
East,1,2x10,10,2025-10-17,375.0
East,1,2x10,12,2024-01-12,460.0
East,1,2x10,12,2024-01-18,440.0
East,1,2x10,12,2024-01-25,425.0
East,1,2x10,12,2024-02-08,410.0
East,1,2x10,12,2024-02-15,410.0
East,1,2x10,12,2024-02-22,420.0
East,1,2x10,12,2024-02-29,425.0
East,1,2x10,12,2024-03-07,425.0
East,1,2x10,12,2024-03-14,410.0
East,1,2x10,12,2024-03-21,400.0
East,1,2x10,12,2024-03-28,400.0
East,1,2x10,12,2024-04-04,395.0
East,1,2x10,12,2024-04-11,385.0
East,1,2x10,12,2024-04-18,365.0
East,1,2x10,12,2024-04-25,365.0
East,1,2x10,12,2024-05-02,375.0
East,1,2x10,12,2024-05-09,395.0
East,1,2x10,12,2024-05-16,410.0
East,1,2x10,12,2024-05-30,450.0
East,1,2x10,12,2024-06-06,460.0
East,1,2x10,12,2024-06-13,465.0
East,1,2x10,12,2024-06-20,460.0
East,1,2x10,12,2024-06-27,450.0
East,1,2x10,12,2024-07-04,440.0
East,1,2x10,12,2024-07-11,440.0
East,1,2x10,12,2024-07-18,440.0
East,1,2x10,12,2024-07-25,440.0
East,1,2x10,12,2024-08-01,445.0
East,1,2x10,12,2024-08-08,445.0
East,1,2x10,12,2024-08-15,445.0
East,1,2x10,12,2024-08-22,445.0
East,1,2x10,12,2024-08-29,445.0
East,1,2x10,12,2024-09-05,450.0
East,1,2x10,12,2024-09-12,455.0
East,1,2x10,12,2024-09-20,435.0
East,1,2x10,12,2024-09-27,435.0
East,1,2x10,12,2024-10-04,435.0
East,1,2x10,12,2024-10-11,445.0
East,1,2x10,12,2024-10-18,450.0
East,1,2x10,12,2024-10-25,450.0
East,1,2x10,12,2024-11-01,450.0
East,1,2x10,12,2024-11-08,445.0
East,1,2x10,12,2024-11-15,435.0
East,1,2x10,12,2024-11-22,415.0
East,1,2x10,12,2024-11-27,415.0
East,1,2x10,12,2024-12-06,415.0
East,1,2x10,12,2024-12-13,415.0
East,1,2x10,12,2024-12-20,415.0
East,1,2x10,12,2025-01-03,425.0
East,1,2x10,12,2025-01-10,435.0
East,1,2x10,12,2025-01-17,440.0
East,1,2x10,12,2025-01-24,430.0
East,1,2x10,12,2025-01-31,430.0
East,1,2x10,12,2025-02-07,445.0
East,1,2x10,12,2025-02-14,450.0
East,1,2x10,12,2025-02-21,460.0
East,1,2x10,12,2025-02-28,450.0
East,1,2x10,12,2025-03-07,460.0
East,1,2x10,12,2025-03-14,460.0
East,1,2x10,12,2025-03-21,460.0
East,1,2x10,12,2025-03-28,470.0
East,1,2x10,12,2025-04-04,480.0
East,1,2x10,12,2025-04-11,495.0
East,1,2x10,12,2025-04-18,500.0
East,1,2x10,12,2025-04-25,510.0
East,1,2x10,12,2025-05-02,510.0
East,1,2x10,12,2025-05-09,505.0
East,1,2x10,12,2025-05-16,485.0
East,1,2x10,12,2025-05-23,460.0
East,1,2x10,12,2025-05-30,440.0
East,1,2x10,12,2025-06-06,425.0
East,1,2x10,12,2025-06-13,415.0
East,1,2x10,12,2025-06-19,415.0
East,1,2x10,12,2025-06-27,405.0
East,1,2x10,12,2025-07-03,405.0
East,1,2x10,12,2025-07-11,410.0
East,1,2x10,12,2025-07-18,415.0
East,1,2x10,12,2025-07-25,410.0
East,1,2x10,12,2025-08-01,425.0
East,1,2x10,12,2025-08-08,430.0
East,1,2x10,12,2025-08-15,420.0
East,1,2x10,12,2025-08-22,410.0
East,1,2x10,12,2025-08-29,400.0
East,1,2x10,12,2025-09-05,390.0
East,1,2x10,12,2025-09-12,385.0
East,1,2x10,12,2025-09-19,390.0
East,1,2x10,12,2025-09-26,385.0
East,1,2x10,12,2025-10-03,395.0
East,1,2x10,12,2025-10-10,400.0
East,1,2x10,12,2025-10-17,400.0
East,1,2x10,14,2024-01-12,375.0
East,1,2x10,14,2024-01-18,360.0
East,1,2x10,14,2024-01-25,345.0
East,1,2x10,14,2024-02-08,340.0
East,1,2x10,14,2024-02-15,350.0
East,1,2x10,14,2024-02-22,360.0
East,1,2x10,14,2024-02-29,370.0
East,1,2x10,14,2024-03-07,375.0
East,1,2x10,14,2024-03-14,380.0
East,1,2x10,14,2024-03-21,380.0
East,1,2x10,14,2024-03-28,380.0
East,1,2x10,14,2024-04-04,380.0
East,1,2x10,14,2024-04-11,380.0
East,1,2x10,14,2024-04-18,380.0
East,1,2x10,14,2024-04-25,380.0
East,1,2x10,14,2024-05-02,395.0
East,1,2x10,14,2024-05-09,410.0
East,1,2x10,14,2024-05-16,420.0
East,1,2x10,14,2024-05-30,450.0
East,1,2x10,14,2024-06-06,460.0
East,1,2x10,14,2024-06-13,460.0
East,1,2x10,14,2024-06-20,455.0
East,1,2x10,14,2024-06-27,445.0
East,1,2x10,14,2024-07-04,435.0
East,1,2x10,14,2024-07-11,435.0
East,1,2x10,14,2024-07-18,435.0
East,1,2x10,14,2024-07-25,435.0
East,1,2x10,14,2024-08-01,435.0
East,1,2x10,14,2024-08-08,435.0
East,1,2x10,14,2024-08-15,435.0
East,1,2x10,14,2024-08-22,435.0
East,1,2x10,14,2024-08-29,435.0
East,1,2x10,14,2024-09-05,435.0
East,1,2x10,14,2024-09-12,435.0
East,1,2x10,14,2024-09-20,415.0
East,1,2x10,14,2024-09-27,415.0
East,1,2x10,14,2024-10-04,415.0
East,1,2x10,14,2024-10-11,415.0
East,1,2x10,14,2024-10-18,415.0
East,1,2x10,14,2024-10-25,415.0
East,1,2x10,14,2024-11-01,415.0
East,1,2x10,14,2024-11-08,410.0
East,1,2x10,14,2024-11-15,395.0
East,1,2x10,14,2024-11-22,375.0
East,1,2x10,14,2024-11-27,370.0
East,1,2x10,14,2024-12-06,365.0
East,1,2x10,14,2024-12-13,370.0
East,1,2x10,14,2024-12-20,370.0
East,1,2x10,14,2025-01-03,380.0
East,1,2x10,14,2025-01-10,390.0
East,1,2x10,14,2025-01-17,390.0
East,1,2x10,14,2025-01-24,390.0
East,1,2x10,14,2025-01-31,390.0
East,1,2x10,14,2025-02-07,400.0
East,1,2x10,14,2025-02-14,405.0
East,1,2x10,14,2025-02-21,410.0
East,1,2x10,14,2025-02-28,410.0
East,1,2x10,14,2025-03-07,410.0
East,1,2x10,14,2025-03-14,415.0
East,1,2x10,14,2025-03-21,420.0
East,1,2x10,14,2025-03-28,430.0
East,1,2x10,14,2025-04-04,440.0
East,1,2x10,14,2025-04-11,460.0
East,1,2x10,14,2025-04-18,485.0
East,1,2x10,14,2025-04-25,500.0
East,1,2x10,14,2025-05-02,500.0
East,1,2x10,14,2025-05-09,490.0
East,1,2x10,14,2025-05-16,480.0
East,1,2x10,14,2025-05-23,460.0
East,1,2x10,14,2025-05-30,445.0
East,1,2x10,14,2025-06-06,435.0
East,1,2x10,14,2025-06-13,430.0
East,1,2x10,14,2025-06-19,425.0
East,1,2x10,14,2025-06-27,415.0
East,1,2x10,14,2025-07-03,415.0
East,1,2x10,14,2025-07-11,420.0
East,1,2x10,14,2025-07-18,420.0
East,1,2x10,14,2025-07-25,350.0
East,1,2x10,14,2025-08-01,415.0
East,1,2x10,14,2025-08-08,415.0
East,1,2x10,14,2025-08-15,405.0
East,1,2x10,14,2025-08-22,395.0
East,1,2x10,14,2025-08-29,375.0
East,1,2x10,14,2025-09-05,365.0
East,1,2x10,14,2025-09-12,365.0
East,1,2x10,14,2025-09-19,365.0
East,1,2x10,14,2025-09-26,355.0
East,1,2x10,14,2025-10-03,355.0
East,1,2x10,14,2025-10-10,355.0
East,1,2x10,14,2025-10-17,360.0
East,1,2x10,16,2024-01-12,390.0
East,1,2x10,16,2024-01-18,370.0
East,1,2x10,16,2024-01-25,355.0
East,1,2x10,16,2024-02-08,355.0
East,1,2x10,16,2024-02-15,370.0
East,1,2x10,16,2024-02-22,380.0
East,1,2x10,16,2024-02-29,385.0
East,1,2x10,16,2024-03-07,390.0
East,1,2x10,16,2024-03-14,390.0
East,1,2x10,16,2024-03-21,390.0
East,1,2x10,16,2024-03-28,390.0
East,1,2x10,16,2024-04-04,390.0
East,1,2x10,16,2024-04-11,385.0
East,1,2x10,16,2024-04-18,375.0
East,1,2x10,16,2024-04-25,375.0
East,1,2x10,16,2024-05-02,385.0
East,1,2x10,16,2024-05-09,405.0
East,1,2x10,16,2024-05-16,420.0
East,1,2x10,16,2024-05-30,460.0
East,1,2x10,16,2024-06-06,470.0
East,1,2x10,16,2024-06-13,455.0
East,1,2x10,16,2024-06-20,450.0
East,1,2x10,16,2024-06-27,445.0
East,1,2x10,16,2024-07-04,440.0
East,1,2x10,16,2024-07-11,440.0
East,1,2x10,16,2024-07-18,440.0
East,1,2x10,16,2024-07-25,445.0
East,1,2x10,16,2024-08-01,450.0
East,1,2x10,16,2024-08-08,450.0
East,1,2x10,16,2024-08-15,450.0
East,1,2x10,16,2024-08-22,450.0
East,1,2x10,16,2024-08-29,450.0
East,1,2x10,16,2024-09-05,450.0
East,1,2x10,16,2024-09-12,455.0
East,1,2x10,16,2024-09-20,435.0
East,1,2x10,16,2024-09-27,440.0
East,1,2x10,16,2024-10-04,455.0
East,1,2x10,16,2024-10-11,465.0
East,1,2x10,16,2024-10-18,470.0
East,1,2x10,16,2024-10-25,475.0
East,1,2x10,16,2024-11-01,475.0
East,1,2x10,16,2024-11-08,475.0
East,1,2x10,16,2024-11-15,460.0
East,1,2x10,16,2024-11-22,445.0
East,1,2x10,16,2024-11-27,445.0
East,1,2x10,16,2024-12-06,430.0
East,1,2x10,16,2024-12-13,420.0
East,1,2x10,16,2024-12-20,420.0
East,1,2x10,16,2025-01-03,430.0
East,1,2x10,16,2025-01-10,430.0
East,1,2x10,16,2025-01-17,420.0
East,1,2x10,16,2025-01-24,420.0
East,1,2x10,16,2025-01-31,420.0
East,1,2x10,16,2025-02-07,435.0
East,1,2x10,16,2025-02-14,440.0
East,1,2x10,16,2025-02-21,450.0
East,1,2x10,16,2025-02-28,450.0
East,1,2x10,16,2025-03-07,450.0
East,1,2x10,16,2025-03-14,440.0
East,1,2x10,16,2025-03-21,440.0
East,1,2x10,16,2025-03-28,450.0
East,1,2x10,16,2025-04-04,460.0
East,1,2x10,16,2025-04-11,475.0
East,1,2x10,16,2025-04-18,485.0
East,1,2x10,16,2025-04-25,500.0
East,1,2x10,16,2025-05-02,500.0
East,1,2x10,16,2025-05-09,500.0
East,1,2x10,16,2025-05-16,485.0
East,1,2x10,16,2025-05-23,465.0
East,1,2x10,16,2025-05-30,445.0
East,1,2x10,16,2025-06-06,425.0
East,1,2x10,16,2025-06-13,415.0
East,1,2x10,16,2025-06-19,410.0
East,1,2x10,16,2025-06-27,400.0
East,1,2x10,16,2025-07-03,400.0
East,1,2x10,16,2025-07-11,400.0
East,1,2x10,16,2025-07-18,400.0
East,1,2x10,16,2025-07-25,400.0
East,1,2x10,16,2025-08-01,405.0
East,1,2x10,16,2025-08-08,405.0
East,1,2x10,16,2025-08-15,400.0
East,1,2x10,16,2025-08-22,385.0
East,1,2x10,16,2025-08-29,365.0
East,1,2x10,16,2025-09-05,360.0
East,1,2x10,16,2025-09-12,360.0
East,1,2x10,16,2025-09-19,360.0
East,1,2x10,16,2025-09-26,360.0
East,1,2x10,16,2025-10-03,370.0
East,1,2x10,16,2025-10-10,370.0
East,1,2x10,16,2025-10-17,375.0
East,1,2x10,18,2024-01-12,410.0
East,1,2x10,18,2024-01-18,395.0
East,1,2x10,18,2024-01-25,380.0
East,1,2x10,18,2024-02-08,370.0
East,1,2x10,18,2024-02-15,370.0
East,1,2x10,18,2024-02-22,375.0
East,1,2x10,18,2024-02-29,375.0
East,1,2x10,18,2024-03-07,380.0
East,1,2x10,18,2024-03-14,390.0
East,1,2x10,18,2024-03-21,385.0
East,1,2x10,18,2024-03-28,385.0
East,1,2x10,18,2024-04-04,375.0
East,1,2x10,18,2024-04-11,360.0
East,1,2x10,18,2024-04-18,360.0
East,1,2x10,18,2024-04-25,340.0
East,1,2x10,18,2024-05-02,340.0
East,1,2x10,18,2024-05-09,340.0
East,1,2x10,18,2024-05-16,350.0
East,1,2x10,18,2024-05-30,385.0
East,1,2x10,18,2024-06-06,400.0
East,1,2x10,18,2024-06-13,395.0
East,1,2x10,18,2024-06-20,390.0
East,1,2x10,18,2024-06-27,385.0
East,1,2x10,18,2024-07-04,380.0
East,1,2x10,18,2024-07-11,380.0
East,1,2x10,18,2024-07-18,380.0
East,1,2x10,18,2024-07-25,380.0
East,1,2x10,18,2024-08-01,380.0
East,1,2x10,18,2024-08-08,380.0
East,1,2x10,18,2024-08-15,380.0
East,1,2x10,18,2024-08-22,380.0
East,1,2x10,18,2024-08-29,375.0
East,1,2x10,18,2024-09-05,375.0
East,1,2x10,18,2024-09-12,375.0
East,1,2x10,18,2024-09-20,355.0
East,1,2x10,18,2024-09-27,355.0
East,1,2x10,18,2024-10-04,370.0
East,1,2x10,18,2024-10-11,380.0
East,1,2x10,18,2024-10-18,385.0
East,1,2x10,18,2024-10-25,385.0
East,1,2x10,18,2024-11-01,385.0
East,1,2x10,18,2024-11-08,375.0
East,1,2x10,18,2024-11-15,355.0
East,1,2x10,18,2024-11-22,325.0
East,1,2x10,18,2024-11-27,315.0
East,1,2x10,18,2024-12-06,315.0
East,1,2x10,18,2024-12-13,315.0
East,1,2x10,18,2024-12-20,315.0
East,1,2x10,18,2025-01-03,325.0
East,1,2x10,18,2025-01-10,330.0
East,1,2x10,18,2025-01-17,330.0
East,1,2x10,18,2025-01-24,325.0
East,1,2x10,18,2025-01-31,315.0
East,1,2x10,18,2025-02-07,320.0
East,1,2x10,18,2025-02-14,330.0
East,1,2x10,18,2025-02-21,335.0
East,1,2x10,18,2025-02-28,335.0
East,1,2x10,18,2025-03-07,335.0
East,1,2x10,18,2025-03-14,335.0
East,1,2x10,18,2025-03-21,345.0
East,1,2x10,18,2025-03-28,355.0
East,1,2x10,18,2025-04-04,355.0
East,1,2x10,18,2025-04-11,365.0
East,1,2x10,18,2025-04-18,375.0
East,1,2x10,18,2025-04-25,380.0
East,1,2x10,18,2025-05-02,380.0
East,1,2x10,18,2025-05-09,380.0
East,1,2x10,18,2025-05-16,380.0
East,1,2x10,18,2025-05-23,370.0
East,1,2x10,18,2025-05-30,360.0
East,1,2x10,18,2025-06-06,350.0
East,1,2x10,18,2025-06-13,350.0
East,1,2x10,18,2025-06-19,350.0
East,1,2x10,18,2025-06-27,350.0
East,1,2x10,18,2025-07-03,350.0
East,1,2x10,18,2025-07-11,355.0
East,1,2x10,18,2025-07-18,365.0
East,1,2x10,18,2025-07-25,305.0
East,1,2x10,18,2025-08-01,370.0
East,1,2x10,18,2025-08-08,375.0
East,1,2x10,18,2025-08-15,375.0
East,1,2x10,18,2025-08-22,365.0
East,1,2x10,18,2025-08-29,355.0
East,1,2x10,18,2025-09-05,350.0
East,1,2x10,18,2025-09-12,350.0
East,1,2x10,18,2025-09-19,350.0
East,1,2x10,18,2025-09-26,340.0
East,1,2x10,18,2025-10-03,340.0
East,1,2x10,18,2025-10-10,350.0
East,1,2x10,18,2025-10-17,350.0
East,1,2x10,20,2024-01-12,800.0
East,1,2x10,20,2024-01-18,775.0
East,1,2x10,20,2024-01-25,750.0
East,1,2x10,20,2024-02-08,685.0
East,1,2x10,20,2024-02-15,670.0
East,1,2x10,20,2024-02-22,660.0
East,1,2x10,20,2024-02-29,660.0
East,1,2x10,20,2024-03-07,675.0
East,1,2x10,20,2024-03-14,675.0
East,1,2x10,20,2024-03-21,670.0
East,1,2x10,20,2024-03-28,670.0
East,1,2x10,20,2024-04-04,670.0
East,1,2x10,20,2024-04-11,670.0
East,1,2x10,20,2024-04-18,660.0
East,1,2x10,20,2024-04-25,655.0
East,1,2x10,20,2024-05-02,655.0
East,1,2x10,20,2024-05-09,655.0
East,1,2x10,20,2024-05-16,665.0
East,1,2x10,20,2024-05-30,690.0
East,1,2x10,20,2024-06-06,705.0
East,1,2x10,20,2024-06-13,705.0
East,1,2x10,20,2024-06-20,700.0
East,1,2x10,20,2024-06-27,685.0
East,1,2x10,20,2024-07-04,680.0
East,1,2x10,20,2024-07-11,680.0
East,1,2x10,20,2024-07-18,680.0
East,1,2x10,20,2024-07-25,690.0
East,1,2x10,20,2024-08-01,690.0
East,1,2x10,20,2024-08-08,690.0
East,1,2x10,20,2024-08-15,690.0
East,1,2x10,20,2024-08-22,690.0
East,1,2x10,20,2024-08-29,685.0
East,1,2x10,20,2024-09-05,685.0
East,1,2x10,20,2024-09-12,685.0
East,1,2x10,20,2024-09-20,685.0
East,1,2x10,20,2024-09-27,685.0
East,1,2x10,20,2024-10-04,700.0
East,1,2x10,20,2024-10-11,705.0
East,1,2x10,20,2024-10-18,705.0
East,1,2x10,20,2024-10-25,705.0
East,1,2x10,20,2024-11-01,705.0
East,1,2x10,20,2024-11-08,695.0
East,1,2x10,20,2024-11-15,685.0
East,1,2x10,20,2024-11-22,685.0
East,1,2x10,20,2024-11-27,685.0
East,1,2x10,20,2024-12-06,670.0
East,1,2x10,20,2024-12-13,660.0
East,1,2x10,20,2024-12-20,635.0
East,1,2x10,20,2025-01-03,645.0
East,1,2x10,20,2025-01-10,645.0
East,1,2x10,20,2025-01-17,645.0
East,1,2x10,20,2025-01-24,630.0
East,1,2x10,20,2025-01-31,620.0
East,1,2x10,20,2025-02-07,620.0
East,1,2x10,20,2025-02-14,600.0
East,1,2x10,20,2025-02-21,585.0
East,1,2x10,20,2025-02-28,580.0
East,1,2x10,20,2025-03-07,580.0
East,1,2x10,20,2025-03-14,570.0
East,1,2x10,20,2025-03-21,580.0
East,1,2x10,20,2025-03-28,590.0
East,1,2x10,20,2025-04-04,590.0
East,1,2x10,20,2025-04-11,560.0
East,1,2x10,20,2025-04-18,560.0
East,1,2x10,20,2025-04-25,560.0
East,1,2x10,20,2025-05-02,540.0
East,1,2x10,20,2025-05-09,520.0
East,1,2x10,20,2025-05-16,495.0
East,1,2x10,20,2025-05-23,475.0
East,1,2x10,20,2025-05-30,455.0
East,1,2x10,20,2025-06-06,435.0
East,1,2x10,20,2025-06-13,420.0
East,1,2x10,20,2025-06-19,420.0
East,1,2x10,20,2025-06-27,410.0
East,1,2x10,20,2025-07-03,410.0
East,1,2x10,20,2025-07-11,415.0
East,1,2x10,20,2025-07-18,420.0
East,1,2x10,20,2025-07-25,445.0
East,1,2x10,20,2025-08-01,425.0
East,1,2x10,20,2025-08-08,425.0
East,1,2x10,20,2025-08-15,415.0
East,1,2x10,20,2025-08-22,395.0
East,1,2x10,20,2025-08-29,380.0
East,1,2x10,20,2025-09-05,360.0
East,1,2x10,20,2025-09-12,360.0
East,1,2x10,20,2025-09-19,360.0
East,1,2x10,20,2025-09-26,360.0
East,1,2x10,20,2025-10-03,360.0
East,1,2x10,20,2025-10-10,360.0
East,1,2x10,20,2025-10-17,360.0
East,1,2x12,8,2024-01-12,585.0
East,1,2x12,8,2024-01-18,585.0
East,1,2x12,8,2024-01-25,585.0
East,1,2x12,8,2024-02-08,590.0
East,1,2x12,8,2024-02-15,590.0
East,1,2x12,8,2024-02-22,595.0
East,1,2x12,8,2024-02-29,595.0
East,1,2x12,8,2024-03-07,595.0
East,1,2x12,8,2024-03-14,605.0
East,1,2x12,8,2024-03-21,605.0
East,1,2x12,8,2024-03-28,605.0
East,1,2x12,8,2024-04-04,605.0
East,1,2x12,8,2024-04-11,605.0
East,1,2x12,8,2024-04-18,590.0
East,1,2x12,8,2024-04-25,580.0
East,1,2x12,8,2024-05-02,580.0
East,1,2x12,8,2024-05-09,580.0
East,1,2x12,8,2024-05-16,570.0
East,1,2x12,8,2024-05-30,570.0
East,1,2x12,8,2024-06-06,570.0
East,1,2x12,8,2024-06-13,570.0
East,1,2x12,8,2024-06-20,565.0
East,1,2x12,8,2024-06-27,550.0
East,1,2x12,8,2024-07-04,540.0
East,1,2x12,8,2024-07-11,540.0
East,1,2x12,8,2024-07-18,540.0
East,1,2x12,8,2024-07-25,540.0
East,1,2x12,8,2024-08-01,540.0
East,1,2x12,8,2024-08-08,540.0
East,1,2x12,8,2024-08-15,540.0
East,1,2x12,8,2024-08-22,540.0
East,1,2x12,8,2024-08-29,545.0
East,1,2x12,8,2024-09-05,545.0
East,1,2x12,8,2024-09-12,545.0
East,1,2x12,8,2024-09-20,520.0
East,1,2x12,8,2024-09-27,520.0
East,1,2x12,8,2024-10-04,545.0
East,1,2x12,8,2024-10-11,565.0
East,1,2x12,8,2024-10-18,585.0
East,1,2x12,8,2024-10-25,585.0
East,1,2x12,8,2024-11-01,585.0
East,1,2x12,8,2024-11-08,575.0
East,1,2x12,8,2024-11-15,565.0
East,1,2x12,8,2024-11-22,555.0
East,1,2x12,8,2024-11-27,555.0
East,1,2x12,8,2024-12-06,555.0
East,1,2x12,8,2024-12-13,555.0
East,1,2x12,8,2024-12-20,555.0
East,1,2x12,8,2025-01-03,555.0
East,1,2x12,8,2025-01-10,555.0
East,1,2x12,8,2025-01-17,555.0
East,1,2x12,8,2025-01-24,555.0
East,1,2x12,8,2025-01-31,545.0
East,1,2x12,8,2025-02-07,545.0
East,1,2x12,8,2025-02-14,545.0
East,1,2x12,8,2025-02-21,545.0
East,1,2x12,8,2025-02-28,535.0
East,1,2x12,8,2025-03-07,535.0
East,1,2x12,8,2025-03-14,535.0
East,1,2x12,8,2025-03-21,535.0
East,1,2x12,8,2025-03-28,535.0
East,1,2x12,8,2025-04-04,535.0
East,1,2x12,8,2025-04-11,525.0
East,1,2x12,8,2025-04-18,525.0
East,1,2x12,8,2025-04-25,525.0
East,1,2x12,8,2025-05-02,525.0
East,1,2x12,8,2025-05-09,525.0
East,1,2x12,8,2025-05-16,515.0
East,1,2x12,8,2025-05-23,500.0
East,1,2x12,8,2025-05-30,485.0
East,1,2x12,8,2025-06-06,475.0
East,1,2x12,8,2025-06-13,460.0
East,1,2x12,8,2025-06-19,460.0
East,1,2x12,8,2025-06-27,450.0
East,1,2x12,8,2025-07-03,450.0
East,1,2x12,8,2025-07-11,450.0
East,1,2x12,8,2025-07-18,450.0
East,1,2x12,8,2025-07-25,450.0
East,1,2x12,8,2025-08-01,465.0
East,1,2x12,8,2025-08-08,465.0
East,1,2x12,8,2025-08-15,455.0
East,1,2x12,8,2025-08-22,445.0
East,1,2x12,8,2025-08-29,430.0
East,1,2x12,8,2025-09-05,420.0
East,1,2x12,8,2025-09-12,410.0
East,1,2x12,8,2025-09-19,420.0
East,1,2x12,8,2025-09-26,435.0
East,1,2x12,8,2025-10-03,450.0
East,1,2x12,8,2025-10-10,465.0
East,1,2x12,8,2025-10-17,470.0
East,1,2x12,10,2024-01-12,620.0
East,1,2x12,10,2024-01-18,620.0
East,1,2x12,10,2024-01-25,610.0
East,1,2x12,10,2024-02-08,610.0
East,1,2x12,10,2024-02-15,610.0
East,1,2x12,10,2024-02-22,610.0
East,1,2x12,10,2024-02-29,610.0
East,1,2x12,10,2024-03-07,610.0
East,1,2x12,10,2024-03-14,605.0
East,1,2x12,10,2024-03-21,605.0
East,1,2x12,10,2024-03-28,605.0
East,1,2x12,10,2024-04-04,590.0
East,1,2x12,10,2024-04-11,575.0
East,1,2x12,10,2024-04-18,535.0
East,1,2x12,10,2024-04-25,510.0
East,1,2x12,10,2024-05-02,495.0
East,1,2x12,10,2024-05-09,495.0
East,1,2x12,10,2024-05-16,495.0
East,1,2x12,10,2024-05-30,495.0
East,1,2x12,10,2024-06-06,495.0
East,1,2x12,10,2024-06-13,495.0
East,1,2x12,10,2024-06-20,490.0
East,1,2x12,10,2024-06-27,470.0
East,1,2x12,10,2024-07-04,455.0
East,1,2x12,10,2024-07-11,455.0
East,1,2x12,10,2024-07-18,455.0
East,1,2x12,10,2024-07-25,455.0
East,1,2x12,10,2024-08-01,455.0
East,1,2x12,10,2024-08-08,455.0
East,1,2x12,10,2024-08-15,455.0
East,1,2x12,10,2024-08-22,455.0
East,1,2x12,10,2024-08-29,460.0
East,1,2x12,10,2024-09-05,460.0
East,1,2x12,10,2024-09-12,460.0
East,1,2x12,10,2024-09-20,440.0
East,1,2x12,10,2024-09-27,440.0
East,1,2x12,10,2024-10-04,460.0
East,1,2x12,10,2024-10-11,480.0
East,1,2x12,10,2024-10-18,500.0
East,1,2x12,10,2024-10-25,505.0
East,1,2x12,10,2024-11-01,505.0
East,1,2x12,10,2024-11-08,495.0
East,1,2x12,10,2024-11-15,485.0
East,1,2x12,10,2024-11-22,475.0
East,1,2x12,10,2024-11-27,465.0
East,1,2x12,10,2024-12-06,455.0
East,1,2x12,10,2024-12-13,455.0
East,1,2x12,10,2024-12-20,455.0
East,1,2x12,10,2025-01-03,455.0
East,1,2x12,10,2025-01-10,455.0
East,1,2x12,10,2025-01-17,455.0
East,1,2x12,10,2025-01-24,455.0
East,1,2x12,10,2025-01-31,445.0
East,1,2x12,10,2025-02-07,450.0
East,1,2x12,10,2025-02-14,450.0
East,1,2x12,10,2025-02-21,450.0
East,1,2x12,10,2025-02-28,440.0
East,1,2x12,10,2025-03-07,440.0
East,1,2x12,10,2025-03-14,440.0
East,1,2x12,10,2025-03-21,440.0
East,1,2x12,10,2025-03-28,440.0
East,1,2x12,10,2025-04-04,445.0
East,1,2x12,10,2025-04-11,445.0
East,1,2x12,10,2025-04-18,435.0
East,1,2x12,10,2025-04-25,435.0
East,1,2x12,10,2025-05-02,445.0
East,1,2x12,10,2025-05-09,445.0
East,1,2x12,10,2025-05-16,445.0
East,1,2x12,10,2025-05-23,440.0
East,1,2x12,10,2025-05-30,435.0
East,1,2x12,10,2025-06-06,435.0
East,1,2x12,10,2025-06-13,435.0
East,1,2x12,10,2025-06-19,435.0
East,1,2x12,10,2025-06-27,435.0
East,1,2x12,10,2025-07-03,435.0
East,1,2x12,10,2025-07-11,435.0
East,1,2x12,10,2025-07-18,435.0
East,1,2x12,10,2025-07-25,420.0
East,1,2x12,10,2025-08-01,445.0
East,1,2x12,10,2025-08-08,445.0
East,1,2x12,10,2025-08-15,440.0
East,1,2x12,10,2025-08-22,440.0
East,1,2x12,10,2025-08-29,430.0
East,1,2x12,10,2025-09-05,420.0
East,1,2x12,10,2025-09-12,420.0
East,1,2x12,10,2025-09-19,430.0
East,1,2x12,10,2025-09-26,430.0
East,1,2x12,10,2025-10-03,440.0
East,1,2x12,10,2025-10-10,460.0
East,1,2x12,10,2025-10-17,470.0
East,1,2x12,12,2024-01-12,580.0
East,1,2x12,12,2024-01-18,580.0
East,1,2x12,12,2024-01-25,580.0
East,1,2x12,12,2024-02-08,580.0
East,1,2x12,12,2024-02-15,590.0
East,1,2x12,12,2024-02-22,595.0
East,1,2x12,12,2024-02-29,600.0
East,1,2x12,12,2024-03-07,600.0
East,1,2x12,12,2024-03-14,600.0
East,1,2x12,12,2024-03-21,600.0
East,1,2x12,12,2024-03-28,600.0
East,1,2x12,12,2024-04-04,590.0
East,1,2x12,12,2024-04-11,580.0
East,1,2x12,12,2024-04-18,540.0
East,1,2x12,12,2024-04-25,520.0
East,1,2x12,12,2024-05-02,520.0
East,1,2x12,12,2024-05-09,520.0
East,1,2x12,12,2024-05-16,520.0
East,1,2x12,12,2024-05-30,520.0
East,1,2x12,12,2024-06-06,520.0
East,1,2x12,12,2024-06-13,510.0
East,1,2x12,12,2024-06-20,505.0
East,1,2x12,12,2024-06-27,490.0
East,1,2x12,12,2024-07-04,490.0
East,1,2x12,12,2024-07-11,490.0
East,1,2x12,12,2024-07-18,490.0
East,1,2x12,12,2024-07-25,490.0
East,1,2x12,12,2024-08-01,490.0
East,1,2x12,12,2024-08-08,490.0
East,1,2x12,12,2024-08-15,490.0
East,1,2x12,12,2024-08-22,475.0
East,1,2x12,12,2024-08-29,465.0
East,1,2x12,12,2024-09-05,465.0
East,1,2x12,12,2024-09-12,475.0
East,1,2x12,12,2024-09-20,455.0
East,1,2x12,12,2024-09-27,465.0
East,1,2x12,12,2024-10-04,490.0
East,1,2x12,12,2024-10-11,510.0
East,1,2x12,12,2024-10-18,530.0
East,1,2x12,12,2024-10-25,540.0
East,1,2x12,12,2024-11-01,535.0
East,1,2x12,12,2024-11-08,525.0
East,1,2x12,12,2024-11-15,510.0
East,1,2x12,12,2024-11-22,495.0
East,1,2x12,12,2024-11-27,485.0
East,1,2x12,12,2024-12-06,475.0
East,1,2x12,12,2024-12-13,485.0
East,1,2x12,12,2024-12-20,485.0
East,1,2x12,12,2025-01-03,485.0
East,1,2x12,12,2025-01-10,480.0
East,1,2x12,12,2025-01-17,465.0
East,1,2x12,12,2025-01-24,450.0
East,1,2x12,12,2025-01-31,440.0
East,1,2x12,12,2025-02-07,450.0
East,1,2x12,12,2025-02-14,450.0
East,1,2x12,12,2025-02-21,450.0
East,1,2x12,12,2025-02-28,440.0
East,1,2x12,12,2025-03-07,440.0
East,1,2x12,12,2025-03-14,440.0
East,1,2x12,12,2025-03-21,440.0
East,1,2x12,12,2025-03-28,440.0
East,1,2x12,12,2025-04-04,435.0
East,1,2x12,12,2025-04-11,425.0
East,1,2x12,12,2025-04-18,425.0
East,1,2x12,12,2025-04-25,425.0
East,1,2x12,12,2025-05-02,430.0
East,1,2x12,12,2025-05-09,430.0
East,1,2x12,12,2025-05-16,425.0
East,1,2x12,12,2025-05-23,425.0
East,1,2x12,12,2025-05-30,415.0
East,1,2x12,12,2025-06-06,415.0
East,1,2x12,12,2025-06-13,415.0
East,1,2x12,12,2025-06-19,415.0
East,1,2x12,12,2025-06-27,415.0
East,1,2x12,12,2025-07-03,420.0
East,1,2x12,12,2025-07-11,430.0
East,1,2x12,12,2025-07-18,435.0
East,1,2x12,12,2025-07-25,360.0
East,1,2x12,12,2025-08-01,445.0
East,1,2x12,12,2025-08-08,450.0
East,1,2x12,12,2025-08-15,450.0
East,1,2x12,12,2025-08-22,445.0
East,1,2x12,12,2025-08-29,435.0
East,1,2x12,12,2025-09-05,435.0
East,1,2x12,12,2025-09-12,440.0
East,1,2x12,12,2025-09-19,450.0
East,1,2x12,12,2025-09-26,460.0
East,1,2x12,12,2025-10-03,475.0
East,1,2x12,12,2025-10-10,490.0
East,1,2x12,12,2025-10-17,500.0
East,1,2x12,14,2024-01-12,555.0
East,1,2x12,14,2024-01-18,565.0
East,1,2x12,14,2024-01-25,555.0
East,1,2x12,14,2024-02-08,555.0
East,1,2x12,14,2024-02-15,565.0
East,1,2x12,14,2024-02-22,575.0
East,1,2x12,14,2024-02-29,575.0
East,1,2x12,14,2024-03-07,575.0
East,1,2x12,14,2024-03-14,575.0
East,1,2x12,14,2024-03-21,575.0
East,1,2x12,14,2024-03-28,575.0
East,1,2x12,14,2024-04-04,575.0
East,1,2x12,14,2024-04-11,565.0
East,1,2x12,14,2024-04-18,525.0
East,1,2x12,14,2024-04-25,500.0
East,1,2x12,14,2024-05-02,500.0
East,1,2x12,14,2024-05-09,515.0
East,1,2x12,14,2024-05-16,515.0
East,1,2x12,14,2024-05-30,515.0
East,1,2x12,14,2024-06-06,515.0
East,1,2x12,14,2024-06-13,500.0
East,1,2x12,14,2024-06-20,495.0
East,1,2x12,14,2024-06-27,480.0
East,1,2x12,14,2024-07-04,470.0
East,1,2x12,14,2024-07-11,465.0
East,1,2x12,14,2024-07-18,465.0
East,1,2x12,14,2024-07-25,465.0
East,1,2x12,14,2024-08-01,465.0
East,1,2x12,14,2024-08-08,465.0
East,1,2x12,14,2024-08-15,465.0
East,1,2x12,14,2024-08-22,465.0
East,1,2x12,14,2024-08-29,465.0
East,1,2x12,14,2024-09-05,465.0
East,1,2x12,14,2024-09-12,465.0
East,1,2x12,14,2024-09-20,445.0
East,1,2x12,14,2024-09-27,445.0
East,1,2x12,14,2024-10-04,460.0
East,1,2x12,14,2024-10-11,480.0
East,1,2x12,14,2024-10-18,500.0
East,1,2x12,14,2024-10-25,510.0
East,1,2x12,14,2024-11-01,510.0
East,1,2x12,14,2024-11-08,510.0
East,1,2x12,14,2024-11-15,495.0
East,1,2x12,14,2024-11-22,480.0
East,1,2x12,14,2024-11-27,470.0
East,1,2x12,14,2024-12-06,460.0
East,1,2x12,14,2024-12-13,460.0
East,1,2x12,14,2024-12-20,460.0
East,1,2x12,14,2025-01-03,460.0
East,1,2x12,14,2025-01-10,460.0
East,1,2x12,14,2025-01-17,450.0
East,1,2x12,14,2025-01-24,430.0
East,1,2x12,14,2025-01-31,420.0
East,1,2x12,14,2025-02-07,420.0
East,1,2x12,14,2025-02-14,420.0
East,1,2x12,14,2025-02-21,420.0
East,1,2x12,14,2025-02-28,420.0
East,1,2x12,14,2025-03-07,420.0
East,1,2x12,14,2025-03-14,415.0
East,1,2x12,14,2025-03-21,415.0
East,1,2x12,14,2025-03-28,415.0
East,1,2x12,14,2025-04-04,405.0
East,1,2x12,14,2025-04-11,405.0
East,1,2x12,14,2025-04-18,395.0
East,1,2x12,14,2025-04-25,395.0
East,1,2x12,14,2025-05-02,400.0
East,1,2x12,14,2025-05-09,400.0
East,1,2x12,14,2025-05-16,395.0
East,1,2x12,14,2025-05-23,385.0
East,1,2x12,14,2025-05-30,380.0
East,1,2x12,14,2025-06-06,370.0
East,1,2x12,14,2025-06-13,370.0
East,1,2x12,14,2025-06-19,370.0
East,1,2x12,14,2025-06-27,370.0
East,1,2x12,14,2025-07-03,370.0
East,1,2x12,14,2025-07-11,375.0
East,1,2x12,14,2025-07-18,375.0
East,1,2x12,14,2025-07-25,320.0
East,1,2x12,14,2025-08-01,385.0
East,1,2x12,14,2025-08-08,385.0
East,1,2x12,14,2025-08-15,380.0
East,1,2x12,14,2025-08-22,370.0
East,1,2x12,14,2025-08-29,350.0
East,1,2x12,14,2025-09-05,345.0
East,1,2x12,14,2025-09-12,345.0
East,1,2x12,14,2025-09-19,345.0
East,1,2x12,14,2025-09-26,350.0
East,1,2x12,14,2025-10-03,360.0
East,1,2x12,14,2025-10-10,375.0
East,1,2x12,14,2025-10-17,390.0
East,1,2x12,16,2024-01-12,570.0
East,1,2x12,16,2024-01-18,570.0
East,1,2x12,16,2024-01-25,570.0
East,1,2x12,16,2024-02-08,580.0
East,1,2x12,16,2024-02-15,590.0
East,1,2x12,16,2024-02-22,600.0
East,1,2x12,16,2024-02-29,600.0
East,1,2x12,16,2024-03-07,615.0
East,1,2x12,16,2024-03-14,620.0
East,1,2x12,16,2024-03-21,620.0
East,1,2x12,16,2024-03-28,620.0
East,1,2x12,16,2024-04-04,610.0
East,1,2x12,16,2024-04-11,600.0
East,1,2x12,16,2024-04-18,575.0
East,1,2x12,16,2024-04-25,550.0
East,1,2x12,16,2024-05-02,550.0
East,1,2x12,16,2024-05-09,550.0
East,1,2x12,16,2024-05-16,550.0
East,1,2x12,16,2024-05-30,560.0
East,1,2x12,16,2024-06-06,560.0
East,1,2x12,16,2024-06-13,550.0
East,1,2x12,16,2024-06-20,545.0
East,1,2x12,16,2024-06-27,530.0
East,1,2x12,16,2024-07-04,520.0
East,1,2x12,16,2024-07-11,520.0
East,1,2x12,16,2024-07-18,520.0
East,1,2x12,16,2024-07-25,520.0
East,1,2x12,16,2024-08-01,520.0
East,1,2x12,16,2024-08-08,520.0
East,1,2x12,16,2024-08-15,525.0
East,1,2x12,16,2024-08-22,525.0
East,1,2x12,16,2024-08-29,535.0
East,1,2x12,16,2024-09-05,535.0
East,1,2x12,16,2024-09-12,550.0
East,1,2x12,16,2024-09-20,530.0
East,1,2x12,16,2024-09-27,550.0
East,1,2x12,16,2024-10-04,565.0
East,1,2x12,16,2024-10-11,585.0
East,1,2x12,16,2024-10-18,605.0
East,1,2x12,16,2024-10-25,620.0
East,1,2x12,16,2024-11-01,625.0
East,1,2x12,16,2024-11-08,615.0
East,1,2x12,16,2024-11-15,600.0
East,1,2x12,16,2024-11-22,590.0
East,1,2x12,16,2024-11-27,585.0
East,1,2x12,16,2024-12-06,580.0
East,1,2x12,16,2024-12-13,580.0
East,1,2x12,16,2024-12-20,580.0
East,1,2x12,16,2025-01-03,580.0
East,1,2x12,16,2025-01-10,570.0
East,1,2x12,16,2025-01-17,555.0
East,1,2x12,16,2025-01-24,530.0
East,1,2x12,16,2025-01-31,515.0
East,1,2x12,16,2025-02-07,520.0
East,1,2x12,16,2025-02-14,510.0
East,1,2x12,16,2025-02-21,510.0
East,1,2x12,16,2025-02-28,500.0
East,1,2x12,16,2025-03-07,500.0
East,1,2x12,16,2025-03-14,495.0
East,1,2x12,16,2025-03-21,485.0
East,1,2x12,16,2025-03-28,485.0
East,1,2x12,16,2025-04-04,485.0
East,1,2x12,16,2025-04-11,475.0
East,1,2x12,16,2025-04-18,450.0
East,1,2x12,16,2025-04-25,460.0
East,1,2x12,16,2025-05-02,465.0
East,1,2x12,16,2025-05-09,470.0
East,1,2x12,16,2025-05-16,470.0
East,1,2x12,16,2025-05-23,455.0
East,1,2x12,16,2025-05-30,440.0
East,1,2x12,16,2025-06-06,430.0
East,1,2x12,16,2025-06-13,430.0
East,1,2x12,16,2025-06-19,430.0
East,1,2x12,16,2025-06-27,430.0
East,1,2x12,16,2025-07-03,430.0
East,1,2x12,16,2025-07-11,430.0
East,1,2x12,16,2025-07-18,430.0
East,1,2x12,16,2025-07-25,395.0
East,1,2x12,16,2025-08-01,425.0
East,1,2x12,16,2025-08-08,415.0
East,1,2x12,16,2025-08-15,405.0
East,1,2x12,16,2025-08-22,395.0
East,1,2x12,16,2025-08-29,375.0
East,1,2x12,16,2025-09-05,360.0
East,1,2x12,16,2025-09-12,355.0
East,1,2x12,16,2025-09-19,365.0
East,1,2x12,16,2025-09-26,375.0
East,1,2x12,16,2025-10-03,390.0
East,1,2x12,16,2025-10-10,410.0
East,1,2x12,16,2025-10-17,420.0
East,1,2x12,18,2024-01-12,620.0
East,1,2x12,18,2024-01-18,620.0
East,1,2x12,18,2024-01-25,620.0
East,1,2x12,18,2024-02-08,635.0
East,1,2x12,18,2024-02-15,635.0
East,1,2x12,18,2024-02-22,635.0
East,1,2x12,18,2024-02-29,635.0
East,1,2x12,18,2024-03-07,650.0
East,1,2x12,18,2024-03-14,650.0
East,1,2x12,18,2024-03-21,650.0
East,1,2x12,18,2024-03-28,650.0
East,1,2x12,18,2024-04-04,635.0
East,1,2x12,18,2024-04-11,625.0
East,1,2x12,18,2024-04-18,625.0
East,1,2x12,18,2024-04-25,620.0
East,1,2x12,18,2024-05-02,610.0
East,1,2x12,18,2024-05-09,610.0
East,1,2x12,18,2024-05-16,610.0
East,1,2x12,18,2024-05-30,610.0
East,1,2x12,18,2024-06-06,615.0
East,1,2x12,18,2024-06-13,600.0
East,1,2x12,18,2024-06-20,595.0
East,1,2x12,18,2024-06-27,575.0
East,1,2x12,18,2024-07-04,560.0
East,1,2x12,18,2024-07-11,560.0
East,1,2x12,18,2024-07-18,560.0
East,1,2x12,18,2024-07-25,560.0
East,1,2x12,18,2024-08-01,560.0
East,1,2x12,18,2024-08-08,560.0
East,1,2x12,18,2024-08-15,560.0
East,1,2x12,18,2024-08-22,570.0
East,1,2x12,18,2024-08-29,575.0
East,1,2x12,18,2024-09-05,575.0
East,1,2x12,18,2024-09-12,595.0
East,1,2x12,18,2024-09-20,580.0
East,1,2x12,18,2024-09-27,600.0
East,1,2x12,18,2024-10-04,615.0
East,1,2x12,18,2024-10-11,635.0
East,1,2x12,18,2024-10-18,645.0
East,1,2x12,18,2024-10-25,645.0
East,1,2x12,18,2024-11-01,640.0
East,1,2x12,18,2024-11-08,620.0
East,1,2x12,18,2024-11-15,605.0
East,1,2x12,18,2024-11-22,575.0
East,1,2x12,18,2024-11-27,555.0
East,1,2x12,18,2024-12-06,530.0
East,1,2x12,18,2024-12-13,520.0
East,1,2x12,18,2024-12-20,505.0
East,1,2x12,18,2025-01-03,505.0
East,1,2x12,18,2025-01-10,505.0
East,1,2x12,18,2025-01-17,505.0
East,1,2x12,18,2025-01-24,490.0
East,1,2x12,18,2025-01-31,475.0
East,1,2x12,18,2025-02-07,475.0
East,1,2x12,18,2025-02-14,470.0
East,1,2x12,18,2025-02-21,470.0
East,1,2x12,18,2025-02-28,470.0
East,1,2x12,18,2025-03-07,470.0
East,1,2x12,18,2025-03-14,470.0
East,1,2x12,18,2025-03-21,470.0
East,1,2x12,18,2025-03-28,470.0
East,1,2x12,18,2025-04-04,470.0
East,1,2x12,18,2025-04-11,470.0
East,1,2x12,18,2025-04-18,470.0
East,1,2x12,18,2025-04-25,470.0
East,1,2x12,18,2025-05-02,480.0
East,1,2x12,18,2025-05-09,490.0
East,1,2x12,18,2025-05-16,495.0
East,1,2x12,18,2025-05-23,495.0
East,1,2x12,18,2025-05-30,490.0
East,1,2x12,18,2025-06-06,480.0
East,1,2x12,18,2025-06-13,480.0
East,1,2x12,18,2025-06-19,480.0
East,1,2x12,18,2025-06-27,490.0
East,1,2x12,18,2025-07-03,495.0
East,1,2x12,18,2025-07-11,505.0
East,1,2x12,18,2025-07-18,515.0
East,1,2x12,18,2025-07-25,340.0
East,1,2x12,18,2025-08-01,520.0
East,1,2x12,18,2025-08-08,520.0
East,1,2x12,18,2025-08-15,520.0
East,1,2x12,18,2025-08-22,510.0
East,1,2x12,18,2025-08-29,495.0
East,1,2x12,18,2025-09-05,490.0
East,1,2x12,18,2025-09-12,490.0
East,1,2x12,18,2025-09-19,490.0
East,1,2x12,18,2025-09-26,490.0
East,1,2x12,18,2025-10-03,490.0
East,1,2x12,18,2025-10-10,490.0
East,1,2x12,18,2025-10-17,495.0
East,1,2x12,20,2024-01-12,865.0
East,1,2x12,20,2024-01-18,850.0
East,1,2x12,20,2024-01-25,840.0
East,1,2x12,20,2024-02-08,830.0
East,1,2x12,20,2024-02-15,830.0
East,1,2x12,20,2024-02-22,830.0
East,1,2x12,20,2024-02-29,830.0
East,1,2x12,20,2024-03-07,840.0
East,1,2x12,20,2024-03-14,860.0
East,1,2x12,20,2024-03-21,860.0
East,1,2x12,20,2024-03-28,860.0
East,1,2x12,20,2024-04-04,860.0
East,1,2x12,20,2024-04-11,860.0
East,1,2x12,20,2024-04-18,845.0
East,1,2x12,20,2024-04-25,845.0
East,1,2x12,20,2024-05-02,845.0
East,1,2x12,20,2024-05-09,845.0
East,1,2x12,20,2024-05-16,855.0
East,1,2x12,20,2024-05-30,865.0
East,1,2x12,20,2024-06-06,875.0
East,1,2x12,20,2024-06-13,885.0
East,1,2x12,20,2024-06-20,880.0
East,1,2x12,20,2024-06-27,880.0
East,1,2x12,20,2024-07-04,880.0
East,1,2x12,20,2024-07-11,880.0
East,1,2x12,20,2024-07-18,880.0
East,1,2x12,20,2024-07-25,880.0
East,1,2x12,20,2024-08-01,880.0
East,1,2x12,20,2024-08-08,880.0
East,1,2x12,20,2024-08-15,880.0
East,1,2x12,20,2024-08-22,880.0
East,1,2x12,20,2024-08-29,890.0
East,1,2x12,20,2024-09-05,890.0
East,1,2x12,20,2024-09-12,920.0
East,1,2x12,20,2024-09-20,900.0
East,1,2x12,20,2024-09-27,925.0
East,1,2x12,20,2024-10-04,955.0
East,1,2x12,20,2024-10-11,975.0
East,1,2x12,20,2024-10-18,1000.0
East,1,2x12,20,2024-10-25,1000.0
East,1,2x12,20,2024-11-01,1020.0
East,1,2x12,20,2024-11-08,1035.0
East,1,2x12,20,2024-11-15,1045.0
East,1,2x12,20,2024-11-22,1055.0
East,1,2x12,20,2024-11-27,1055.0
East,1,2x12,20,2024-12-06,1055.0
East,1,2x12,20,2024-12-13,1065.0
East,1,2x12,20,2024-12-20,1065.0
East,1,2x12,20,2025-01-03,1065.0
East,1,2x12,20,2025-01-10,1065.0
East,1,2x12,20,2025-01-17,1065.0
East,1,2x12,20,2025-01-24,1060.0
East,1,2x12,20,2025-01-31,1060.0
East,1,2x12,20,2025-02-07,1060.0
East,1,2x12,20,2025-02-14,1060.0
East,1,2x12,20,2025-02-21,1060.0
East,1,2x12,20,2025-02-28,1055.0
East,1,2x12,20,2025-03-07,1055.0
East,1,2x12,20,2025-03-14,1045.0
East,1,2x12,20,2025-03-21,1045.0
East,1,2x12,20,2025-03-28,1045.0
East,1,2x12,20,2025-04-04,1045.0
East,1,2x12,20,2025-04-11,1025.0
East,1,2x12,20,2025-04-18,1015.0
East,1,2x12,20,2025-04-25,1015.0
East,1,2x12,20,2025-05-02,990.0
East,1,2x12,20,2025-05-09,960.0
East,1,2x12,20,2025-05-16,910.0
East,1,2x12,20,2025-05-23,895.0
East,1,2x12,20,2025-05-30,875.0
East,1,2x12,20,2025-06-06,850.0
East,1,2x12,20,2025-06-13,850.0
East,1,2x12,20,2025-06-19,850.0
East,1,2x12,20,2025-06-27,835.0
East,1,2x12,20,2025-07-03,820.0
East,1,2x12,20,2025-07-11,795.0
East,1,2x12,20,2025-07-18,795.0
East,1,2x12,20,2025-07-25,620.0
East,1,2x12,20,2025-08-01,780.0
East,1,2x12,20,2025-08-08,765.0
East,1,2x12,20,2025-08-15,750.0
East,1,2x12,20,2025-08-22,715.0
East,1,2x12,20,2025-08-29,680.0
East,1,2x12,20,2025-09-05,650.0
East,1,2x12,20,2025-09-12,630.0
East,1,2x12,20,2025-09-19,630.0
East,1,2x12,20,2025-09-26,615.0
East,1,2x12,20,2025-10-03,600.0
East,1,2x12,20,2025-10-10,600.0
East,1,2x12,20,2025-10-17,610.0
East,1,2x4,8,2024-01-12,445.0
East,1,2x4,8,2024-01-18,425.0
East,1,2x4,8,2024-01-25,405.0
East,1,2x4,8,2024-02-08,395.0
East,1,2x4,8,2024-02-15,405.0
East,1,2x4,8,2024-02-22,420.0
East,1,2x4,8,2024-02-29,425.0
East,1,2x4,8,2024-03-07,435.0
East,1,2x4,8,2024-03-14,450.0
East,1,2x4,8,2024-03-21,455.0
East,1,2x4,8,2024-03-28,450.0
East,1,2x4,8,2024-04-04,440.0
East,1,2x4,8,2024-04-11,440.0
East,1,2x4,8,2024-04-18,425.0
East,1,2x4,8,2024-04-25,415.0
East,1,2x4,8,2024-05-02,415.0
East,1,2x4,8,2024-05-09,420.0
East,1,2x4,8,2024-05-16,425.0
East,1,2x4,8,2024-05-30,430.0
East,1,2x4,8,2024-06-06,430.0
East,1,2x4,8,2024-06-13,415.0
East,1,2x4,8,2024-06-20,410.0
East,1,2x4,8,2024-06-27,390.0
East,1,2x4,8,2024-07-04,380.0
East,1,2x4,8,2024-07-11,380.0
East,1,2x4,8,2024-07-18,380.0
East,1,2x4,8,2024-07-25,395.0
East,1,2x4,8,2024-08-01,405.0
East,1,2x4,8,2024-08-08,410.0
East,1,2x4,8,2024-08-15,415.0
East,1,2x4,8,2024-08-22,415.0
East,1,2x4,8,2024-08-29,415.0
East,1,2x4,8,2024-09-05,415.0
East,1,2x4,8,2024-09-12,415.0
East,1,2x4,8,2024-09-20,415.0
East,1,2x4,8,2024-09-27,430.0
East,1,2x4,8,2024-10-04,450.0
East,1,2x4,8,2024-10-11,475.0
East,1,2x4,8,2024-10-18,490.0
East,1,2x4,8,2024-10-25,505.0
East,1,2x4,8,2024-11-01,500.0
East,1,2x4,8,2024-11-08,480.0
East,1,2x4,8,2024-11-15,465.0
East,1,2x4,8,2024-11-22,445.0
East,1,2x4,8,2024-11-27,430.0
East,1,2x4,8,2024-12-06,415.0
East,1,2x4,8,2024-12-13,415.0
East,1,2x4,8,2024-12-20,425.0
East,1,2x4,8,2025-01-03,455.0
East,1,2x4,8,2025-01-10,470.0
East,1,2x4,8,2025-01-17,480.0
East,1,2x4,8,2025-01-24,480.0
East,1,2x4,8,2025-01-31,470.0
East,1,2x4,8,2025-02-07,480.0
East,1,2x4,8,2025-02-14,490.0
East,1,2x4,8,2025-02-21,505.0
East,1,2x4,8,2025-02-28,505.0
East,1,2x4,8,2025-03-07,510.0
East,1,2x4,8,2025-03-14,525.0
East,1,2x4,8,2025-03-21,525.0
East,1,2x4,8,2025-03-28,535.0
East,1,2x4,8,2025-04-04,550.0
East,1,2x4,8,2025-04-11,565.0
East,1,2x4,8,2025-04-18,580.0
East,1,2x4,8,2025-04-25,595.0
East,1,2x4,8,2025-05-02,605.0
East,1,2x4,8,2025-05-09,605.0
East,1,2x4,8,2025-05-16,585.0
East,1,2x4,8,2025-05-23,555.0
East,1,2x4,8,2025-05-30,535.0
East,1,2x4,8,2025-06-06,510.0
East,1,2x4,8,2025-06-13,480.0
East,1,2x4,8,2025-06-19,465.0
East,1,2x4,8,2025-06-27,455.0
East,1,2x4,8,2025-07-03,440.0
East,1,2x4,8,2025-07-11,435.0
East,1,2x4,8,2025-07-18,430.0
East,1,2x4,8,2025-07-25,430.0
East,1,2x4,8,2025-08-01,430.0
East,1,2x4,8,2025-08-08,415.0
East,1,2x4,8,2025-08-15,405.0
East,1,2x4,8,2025-08-22,390.0
East,1,2x4,8,2025-08-29,370.0
East,1,2x4,8,2025-09-05,355.0
East,1,2x4,8,2025-09-12,340.0
East,1,2x4,8,2025-09-19,340.0
East,1,2x4,8,2025-09-26,340.0
East,1,2x4,8,2025-10-03,340.0
East,1,2x4,8,2025-10-10,345.0
East,1,2x4,8,2025-10-17,345.0
East,1,2x4,10,2024-01-12,455.0
East,1,2x4,10,2024-01-18,435.0
East,1,2x4,10,2024-01-25,415.0
East,1,2x4,10,2024-02-08,400.0
East,1,2x4,10,2024-02-15,410.0
East,1,2x4,10,2024-02-22,415.0
East,1,2x4,10,2024-02-29,415.0
East,1,2x4,10,2024-03-07,415.0
East,1,2x4,10,2024-03-14,405.0
East,1,2x4,10,2024-03-21,395.0
East,1,2x4,10,2024-03-28,385.0
East,1,2x4,10,2024-04-04,370.0
East,1,2x4,10,2024-04-11,360.0
East,1,2x4,10,2024-04-18,345.0
East,1,2x4,10,2024-04-25,330.0
East,1,2x4,10,2024-05-02,330.0
East,1,2x4,10,2024-05-09,350.0
East,1,2x4,10,2024-05-16,350.0
East,1,2x4,10,2024-05-30,350.0
East,1,2x4,10,2024-06-06,345.0
East,1,2x4,10,2024-06-13,330.0
East,1,2x4,10,2024-06-20,325.0
East,1,2x4,10,2024-06-27,325.0
East,1,2x4,10,2024-07-04,320.0
East,1,2x4,10,2024-07-11,325.0
East,1,2x4,10,2024-07-18,335.0
East,1,2x4,10,2024-07-25,345.0
East,1,2x4,10,2024-08-01,355.0
East,1,2x4,10,2024-08-08,360.0
East,1,2x4,10,2024-08-15,365.0
East,1,2x4,10,2024-08-22,365.0
East,1,2x4,10,2024-08-29,365.0
East,1,2x4,10,2024-09-05,370.0
East,1,2x4,10,2024-09-12,370.0
East,1,2x4,10,2024-09-20,375.0
East,1,2x4,10,2024-09-27,390.0
East,1,2x4,10,2024-10-04,415.0
East,1,2x4,10,2024-10-11,440.0
East,1,2x4,10,2024-10-18,455.0
East,1,2x4,10,2024-10-25,465.0
East,1,2x4,10,2024-11-01,455.0
East,1,2x4,10,2024-11-08,435.0
East,1,2x4,10,2024-11-15,415.0
East,1,2x4,10,2024-11-22,395.0
East,1,2x4,10,2024-11-27,380.0
East,1,2x4,10,2024-12-06,370.0
East,1,2x4,10,2024-12-13,370.0
East,1,2x4,10,2024-12-20,385.0
East,1,2x4,10,2025-01-03,415.0
East,1,2x4,10,2025-01-10,435.0
East,1,2x4,10,2025-01-17,445.0
East,1,2x4,10,2025-01-24,445.0
East,1,2x4,10,2025-01-31,435.0
East,1,2x4,10,2025-02-07,450.0
East,1,2x4,10,2025-02-14,465.0
East,1,2x4,10,2025-02-21,480.0
East,1,2x4,10,2025-02-28,480.0
East,1,2x4,10,2025-03-07,490.0
East,1,2x4,10,2025-03-14,500.0
East,1,2x4,10,2025-03-21,500.0
East,1,2x4,10,2025-03-28,510.0
East,1,2x4,10,2025-04-04,525.0
East,1,2x4,10,2025-04-11,530.0
East,1,2x4,10,2025-04-18,540.0
East,1,2x4,10,2025-04-25,550.0
East,1,2x4,10,2025-05-02,550.0
East,1,2x4,10,2025-05-09,535.0
East,1,2x4,10,2025-05-16,510.0
East,1,2x4,10,2025-05-23,475.0
East,1,2x4,10,2025-05-30,450.0
East,1,2x4,10,2025-06-06,430.0
East,1,2x4,10,2025-06-13,415.0
East,1,2x4,10,2025-06-19,405.0
East,1,2x4,10,2025-06-27,400.0
East,1,2x4,10,2025-07-03,395.0
East,1,2x4,10,2025-07-11,390.0
East,1,2x4,10,2025-07-18,390.0
East,1,2x4,10,2025-07-25,345.0
East,1,2x4,10,2025-08-01,395.0
East,1,2x4,10,2025-08-08,395.0
East,1,2x4,10,2025-08-15,390.0
East,1,2x4,10,2025-08-22,380.0
East,1,2x4,10,2025-08-29,365.0
East,1,2x4,10,2025-09-05,355.0
East,1,2x4,10,2025-09-12,350.0
East,1,2x4,10,2025-09-19,355.0
East,1,2x4,10,2025-09-26,360.0
East,1,2x4,10,2025-10-03,370.0
East,1,2x4,10,2025-10-10,380.0
East,1,2x4,10,2025-10-17,380.0
East,1,2x4,12,2024-01-12,455.0
East,1,2x4,12,2024-01-18,440.0
East,1,2x4,12,2024-01-25,420.0
East,1,2x4,12,2024-02-08,405.0
East,1,2x4,12,2024-02-15,410.0
East,1,2x4,12,2024-02-22,415.0
East,1,2x4,12,2024-02-29,415.0
East,1,2x4,12,2024-03-07,405.0
East,1,2x4,12,2024-03-14,395.0
East,1,2x4,12,2024-03-21,385.0
East,1,2x4,12,2024-03-28,375.0
East,1,2x4,12,2024-04-04,360.0
East,1,2x4,12,2024-04-11,350.0
East,1,2x4,12,2024-04-18,330.0
East,1,2x4,12,2024-04-25,320.0
East,1,2x4,12,2024-05-02,320.0
East,1,2x4,12,2024-05-09,340.0
East,1,2x4,12,2024-05-16,350.0
East,1,2x4,12,2024-05-30,355.0
East,1,2x4,12,2024-06-06,350.0
East,1,2x4,12,2024-06-13,340.0
East,1,2x4,12,2024-06-20,335.0
East,1,2x4,12,2024-06-27,320.0
East,1,2x4,12,2024-07-04,315.0
East,1,2x4,12,2024-07-11,320.0
East,1,2x4,12,2024-07-18,325.0
East,1,2x4,12,2024-07-25,335.0
East,1,2x4,12,2024-08-01,340.0
East,1,2x4,12,2024-08-08,345.0
East,1,2x4,12,2024-08-15,355.0
East,1,2x4,12,2024-08-22,355.0
East,1,2x4,12,2024-08-29,355.0
East,1,2x4,12,2024-09-05,355.0
East,1,2x4,12,2024-09-12,355.0
East,1,2x4,12,2024-09-20,355.0
East,1,2x4,12,2024-09-27,370.0
East,1,2x4,12,2024-10-04,390.0
East,1,2x4,12,2024-10-11,415.0
East,1,2x4,12,2024-10-18,435.0
East,1,2x4,12,2024-10-25,450.0
East,1,2x4,12,2024-11-01,440.0
East,1,2x4,12,2024-11-08,425.0
East,1,2x4,12,2024-11-15,410.0
East,1,2x4,12,2024-11-22,390.0
East,1,2x4,12,2024-11-27,370.0
East,1,2x4,12,2024-12-06,360.0
East,1,2x4,12,2024-12-13,360.0
East,1,2x4,12,2024-12-20,375.0
East,1,2x4,12,2025-01-03,405.0
East,1,2x4,12,2025-01-10,425.0
East,1,2x4,12,2025-01-17,440.0
East,1,2x4,12,2025-01-24,430.0
East,1,2x4,12,2025-01-31,430.0
East,1,2x4,12,2025-02-07,440.0
East,1,2x4,12,2025-02-14,450.0
East,1,2x4,12,2025-02-21,460.0
East,1,2x4,12,2025-02-28,460.0
East,1,2x4,12,2025-03-07,465.0
East,1,2x4,12,2025-03-14,470.0
East,1,2x4,12,2025-03-21,480.0
East,1,2x4,12,2025-03-28,490.0
East,1,2x4,12,2025-04-04,505.0
East,1,2x4,12,2025-04-11,515.0
East,1,2x4,12,2025-04-18,525.0
East,1,2x4,12,2025-04-25,530.0
East,1,2x4,12,2025-05-02,530.0
East,1,2x4,12,2025-05-09,515.0
East,1,2x4,12,2025-05-16,485.0
East,1,2x4,12,2025-05-23,460.0
East,1,2x4,12,2025-05-30,440.0
East,1,2x4,12,2025-06-06,425.0
East,1,2x4,12,2025-06-13,410.0
East,1,2x4,12,2025-06-19,400.0
East,1,2x4,12,2025-06-27,385.0
East,1,2x4,12,2025-07-03,385.0
East,1,2x4,12,2025-07-11,380.0
East,1,2x4,12,2025-07-18,375.0
East,1,2x4,12,2025-07-25,360.0
East,1,2x4,12,2025-08-01,385.0
East,1,2x4,12,2025-08-08,385.0
East,1,2x4,12,2025-08-15,385.0
East,1,2x4,12,2025-08-22,380.0
East,1,2x4,12,2025-08-29,365.0
East,1,2x4,12,2025-09-05,355.0
East,1,2x4,12,2025-09-12,350.0
East,1,2x4,12,2025-09-19,355.0
East,1,2x4,12,2025-09-26,360.0
East,1,2x4,12,2025-10-03,365.0
East,1,2x4,12,2025-10-10,375.0
East,1,2x4,12,2025-10-17,370.0
East,1,2x4,14,2024-01-12,515.0
East,1,2x4,14,2024-01-18,495.0
East,1,2x4,14,2024-01-25,465.0
East,1,2x4,14,2024-02-08,450.0
East,1,2x4,14,2024-02-15,455.0
East,1,2x4,14,2024-02-22,465.0
East,1,2x4,14,2024-02-29,470.0
East,1,2x4,14,2024-03-07,460.0
East,1,2x4,14,2024-03-14,455.0
East,1,2x4,14,2024-03-21,445.0
East,1,2x4,14,2024-03-28,435.0
East,1,2x4,14,2024-04-04,425.0
East,1,2x4,14,2024-04-11,415.0
East,1,2x4,14,2024-04-18,400.0
East,1,2x4,14,2024-04-25,375.0
East,1,2x4,14,2024-05-02,385.0
East,1,2x4,14,2024-05-09,405.0
East,1,2x4,14,2024-05-16,425.0
East,1,2x4,14,2024-05-30,445.0
East,1,2x4,14,2024-06-06,445.0
East,1,2x4,14,2024-06-13,435.0
East,1,2x4,14,2024-06-20,430.0
East,1,2x4,14,2024-06-27,415.0
East,1,2x4,14,2024-07-04,405.0
East,1,2x4,14,2024-07-11,405.0
East,1,2x4,14,2024-07-18,415.0
East,1,2x4,14,2024-07-25,425.0
East,1,2x4,14,2024-08-01,435.0
East,1,2x4,14,2024-08-08,440.0
East,1,2x4,14,2024-08-15,445.0
East,1,2x4,14,2024-08-22,450.0
East,1,2x4,14,2024-08-29,450.0
East,1,2x4,14,2024-09-05,455.0
East,1,2x4,14,2024-09-12,460.0
East,1,2x4,14,2024-09-20,465.0
East,1,2x4,14,2024-09-27,480.0
East,1,2x4,14,2024-10-04,500.0
East,1,2x4,14,2024-10-11,530.0
East,1,2x4,14,2024-10-18,545.0
East,1,2x4,14,2024-10-25,555.0
East,1,2x4,14,2024-11-01,545.0
East,1,2x4,14,2024-11-08,520.0
East,1,2x4,14,2024-11-15,490.0
East,1,2x4,14,2024-11-22,460.0
East,1,2x4,14,2024-11-27,435.0
East,1,2x4,14,2024-12-06,410.0
East,1,2x4,14,2024-12-13,410.0
East,1,2x4,14,2024-12-20,420.0
East,1,2x4,14,2025-01-03,450.0
East,1,2x4,14,2025-01-10,470.0
East,1,2x4,14,2025-01-17,485.0
East,1,2x4,14,2025-01-24,480.0
East,1,2x4,14,2025-01-31,475.0
East,1,2x4,14,2025-02-07,490.0
East,1,2x4,14,2025-02-14,505.0
East,1,2x4,14,2025-02-21,515.0
East,1,2x4,14,2025-02-28,515.0
East,1,2x4,14,2025-03-07,525.0
East,1,2x4,14,2025-03-14,530.0
East,1,2x4,14,2025-03-21,535.0
East,1,2x4,14,2025-03-28,545.0
East,1,2x4,14,2025-04-04,550.0
East,1,2x4,14,2025-04-11,560.0
East,1,2x4,14,2025-04-18,575.0
East,1,2x4,14,2025-04-25,580.0
East,1,2x4,14,2025-05-02,580.0
East,1,2x4,14,2025-05-09,565.0
East,1,2x4,14,2025-05-16,540.0
East,1,2x4,14,2025-05-23,510.0
East,1,2x4,14,2025-05-30,485.0
East,1,2x4,14,2025-06-06,470.0
East,1,2x4,14,2025-06-13,450.0
East,1,2x4,14,2025-06-19,440.0
East,1,2x4,14,2025-06-27,430.0
East,1,2x4,14,2025-07-03,420.0
East,1,2x4,14,2025-07-11,420.0
East,1,2x4,14,2025-07-18,420.0
East,1,2x4,14,2025-07-25,380.0
East,1,2x4,14,2025-08-01,430.0
East,1,2x4,14,2025-08-08,435.0
East,1,2x4,14,2025-08-15,430.0
East,1,2x4,14,2025-08-22,425.0
East,1,2x4,14,2025-08-29,410.0
East,1,2x4,14,2025-09-05,390.0
East,1,2x4,14,2025-09-12,385.0
East,1,2x4,14,2025-09-19,385.0
East,1,2x4,14,2025-09-26,385.0
East,1,2x4,14,2025-10-03,395.0
East,1,2x4,14,2025-10-10,405.0
East,1,2x4,14,2025-10-17,400.0
East,1,2x4,16,2024-01-12,520.0
East,1,2x4,16,2024-01-18,505.0
East,1,2x4,16,2024-01-25,470.0
East,1,2x4,16,2024-02-08,450.0
East,1,2x4,16,2024-02-15,455.0
East,1,2x4,16,2024-02-22,465.0
East,1,2x4,16,2024-02-29,465.0
East,1,2x4,16,2024-03-07,455.0
East,1,2x4,16,2024-03-14,445.0
East,1,2x4,16,2024-03-21,430.0
East,1,2x4,16,2024-03-28,420.0
East,1,2x4,16,2024-04-04,405.0
East,1,2x4,16,2024-04-11,390.0
East,1,2x4,16,2024-04-18,375.0
East,1,2x4,16,2024-04-25,365.0
East,1,2x4,16,2024-05-02,375.0
East,1,2x4,16,2024-05-09,395.0
East,1,2x4,16,2024-05-16,415.0
East,1,2x4,16,2024-05-30,435.0
East,1,2x4,16,2024-06-06,435.0
East,1,2x4,16,2024-06-13,430.0
East,1,2x4,16,2024-06-20,425.0
East,1,2x4,16,2024-06-27,425.0
East,1,2x4,16,2024-07-04,420.0
East,1,2x4,16,2024-07-11,430.0
East,1,2x4,16,2024-07-18,440.0
East,1,2x4,16,2024-07-25,455.0
East,1,2x4,16,2024-08-01,470.0
East,1,2x4,16,2024-08-08,475.0
East,1,2x4,16,2024-08-15,485.0
East,1,2x4,16,2024-08-22,485.0
East,1,2x4,16,2024-08-29,485.0
East,1,2x4,16,2024-09-05,485.0
East,1,2x4,16,2024-09-12,485.0
East,1,2x4,16,2024-09-20,490.0
East,1,2x4,16,2024-09-27,500.0
East,1,2x4,16,2024-10-04,520.0
East,1,2x4,16,2024-10-11,550.0
East,1,2x4,16,2024-10-18,570.0
East,1,2x4,16,2024-10-25,570.0
East,1,2x4,16,2024-11-01,570.0
East,1,2x4,16,2024-11-08,545.0
East,1,2x4,16,2024-11-15,505.0
East,1,2x4,16,2024-11-22,470.0
East,1,2x4,16,2024-11-27,450.0
East,1,2x4,16,2024-12-06,435.0
East,1,2x4,16,2024-12-13,430.0
East,1,2x4,16,2024-12-20,435.0
East,1,2x4,16,2025-01-03,460.0
East,1,2x4,16,2025-01-10,470.0
East,1,2x4,16,2025-01-17,475.0
East,1,2x4,16,2025-01-24,465.0
East,1,2x4,16,2025-01-31,450.0
East,1,2x4,16,2025-02-07,460.0
East,1,2x4,16,2025-02-14,475.0
East,1,2x4,16,2025-02-21,485.0
East,1,2x4,16,2025-02-28,485.0
East,1,2x4,16,2025-03-07,490.0
East,1,2x4,16,2025-03-14,500.0
East,1,2x4,16,2025-03-21,515.0
East,1,2x4,16,2025-03-28,525.0
East,1,2x4,16,2025-04-04,545.0
East,1,2x4,16,2025-04-11,560.0
East,1,2x4,16,2025-04-18,580.0
East,1,2x4,16,2025-04-25,595.0
East,1,2x4,16,2025-05-02,605.0
East,1,2x4,16,2025-05-09,605.0
East,1,2x4,16,2025-05-16,590.0
East,1,2x4,16,2025-05-23,565.0
East,1,2x4,16,2025-05-30,545.0
East,1,2x4,16,2025-06-06,525.0
East,1,2x4,16,2025-06-13,495.0
East,1,2x4,16,2025-06-19,480.0
East,1,2x4,16,2025-06-27,465.0
East,1,2x4,16,2025-07-03,450.0
East,1,2x4,16,2025-07-11,445.0
East,1,2x4,16,2025-07-18,435.0
East,1,2x4,16,2025-07-25,505.0
East,1,2x4,16,2025-08-01,440.0
East,1,2x4,16,2025-08-08,440.0
East,1,2x4,16,2025-08-15,430.0
East,1,2x4,16,2025-08-22,420.0
East,1,2x4,16,2025-08-29,405.0
East,1,2x4,16,2025-09-05,390.0
East,1,2x4,16,2025-09-12,385.0
East,1,2x4,16,2025-09-19,385.0
East,1,2x4,16,2025-09-26,390.0
East,1,2x4,16,2025-10-03,395.0
East,1,2x4,16,2025-10-10,405.0
East,1,2x4,16,2025-10-17,405.0
East,1,2x4,18,2024-01-12,435.0
East,1,2x4,18,2024-01-18,415.0
East,1,2x4,18,2024-01-25,390.0
East,1,2x4,18,2024-02-08,375.0
East,1,2x4,18,2024-02-15,385.0
East,1,2x4,18,2024-02-22,395.0
East,1,2x4,18,2024-02-29,395.0
East,1,2x4,18,2024-03-07,405.0
East,1,2x4,18,2024-03-14,405.0
East,1,2x4,18,2024-03-21,405.0
East,1,2x4,18,2024-03-28,395.0
East,1,2x4,18,2024-04-04,380.0
East,1,2x4,18,2024-04-11,365.0
East,1,2x4,18,2024-04-18,355.0
East,1,2x4,18,2024-04-25,345.0
East,1,2x4,18,2024-05-02,335.0
East,1,2x4,18,2024-05-09,335.0
East,1,2x4,18,2024-05-16,350.0
East,1,2x4,18,2024-05-30,350.0
East,1,2x4,18,2024-06-06,350.0
East,1,2x4,18,2024-06-13,345.0
East,1,2x4,18,2024-06-20,340.0
East,1,2x4,18,2024-06-27,330.0
East,1,2x4,18,2024-07-04,325.0
East,1,2x4,18,2024-07-11,325.0
East,1,2x4,18,2024-07-18,330.0
East,1,2x4,18,2024-07-25,345.0
East,1,2x4,18,2024-08-01,355.0
East,1,2x4,18,2024-08-08,360.0
East,1,2x4,18,2024-08-15,360.0
East,1,2x4,18,2024-08-22,360.0
East,1,2x4,18,2024-08-29,365.0
East,1,2x4,18,2024-09-05,365.0
East,1,2x4,18,2024-09-12,370.0
East,1,2x4,18,2024-09-20,375.0
East,1,2x4,18,2024-09-27,385.0
East,1,2x4,18,2024-10-04,410.0
East,1,2x4,18,2024-10-11,440.0
East,1,2x4,18,2024-10-18,460.0
East,1,2x4,18,2024-10-25,465.0
East,1,2x4,18,2024-11-01,460.0
East,1,2x4,18,2024-11-08,460.0
East,1,2x4,18,2024-11-15,450.0
East,1,2x4,18,2024-11-22,435.0
East,1,2x4,18,2024-11-27,420.0
East,1,2x4,18,2024-12-06,400.0
East,1,2x4,18,2024-12-13,400.0
East,1,2x4,18,2024-12-20,405.0
East,1,2x4,18,2025-01-03,430.0
East,1,2x4,18,2025-01-10,440.0
East,1,2x4,18,2025-01-17,445.0
East,1,2x4,18,2025-01-24,435.0
East,1,2x4,18,2025-01-31,430.0
East,1,2x4,18,2025-02-07,430.0
East,1,2x4,18,2025-02-14,440.0
East,1,2x4,18,2025-02-21,450.0
East,1,2x4,18,2025-02-28,450.0
East,1,2x4,18,2025-03-07,455.0
East,1,2x4,18,2025-03-14,460.0
East,1,2x4,18,2025-03-21,465.0
East,1,2x4,18,2025-03-28,475.0
East,1,2x4,18,2025-04-04,490.0
East,1,2x4,18,2025-04-11,505.0
East,1,2x4,18,2025-04-18,525.0
East,1,2x4,18,2025-04-25,535.0
East,1,2x4,18,2025-05-02,535.0
East,1,2x4,18,2025-05-09,530.0
East,1,2x4,18,2025-05-16,515.0
East,1,2x4,18,2025-05-23,495.0
East,1,2x4,18,2025-05-30,475.0
East,1,2x4,18,2025-06-06,460.0
East,1,2x4,18,2025-06-13,455.0
East,1,2x4,18,2025-06-19,440.0
East,1,2x4,18,2025-06-27,435.0
East,1,2x4,18,2025-07-03,425.0
East,1,2x4,18,2025-07-11,420.0
East,1,2x4,18,2025-07-18,420.0
East,1,2x4,18,2025-07-25,390.0
East,1,2x4,18,2025-08-01,430.0
East,1,2x4,18,2025-08-08,430.0
East,1,2x4,18,2025-08-15,430.0
East,1,2x4,18,2025-08-22,420.0
East,1,2x4,18,2025-08-29,410.0
East,1,2x4,18,2025-09-05,405.0
East,1,2x4,18,2025-09-12,405.0
East,1,2x4,18,2025-09-19,405.0
East,1,2x4,18,2025-09-26,405.0
East,1,2x4,18,2025-10-03,410.0
East,1,2x4,18,2025-10-10,415.0
East,1,2x4,18,2025-10-17,415.0
East,1,2x4,20,2024-01-12,435.0
East,1,2x4,20,2024-01-18,420.0
East,1,2x4,20,2024-01-25,400.0
East,1,2x4,20,2024-02-08,400.0
East,1,2x4,20,2024-02-15,405.0
East,1,2x4,20,2024-02-22,415.0
East,1,2x4,20,2024-02-29,415.0
East,1,2x4,20,2024-03-07,425.0
East,1,2x4,20,2024-03-14,430.0
East,1,2x4,20,2024-03-21,430.0
East,1,2x4,20,2024-03-28,420.0
East,1,2x4,20,2024-04-04,410.0
East,1,2x4,20,2024-04-11,390.0
East,1,2x4,20,2024-04-18,380.0
East,1,2x4,20,2024-04-25,360.0
East,1,2x4,20,2024-05-02,345.0
East,1,2x4,20,2024-05-09,330.0
East,1,2x4,20,2024-05-16,340.0
East,1,2x4,20,2024-05-30,340.0
East,1,2x4,20,2024-06-06,340.0
East,1,2x4,20,2024-06-13,340.0
East,1,2x4,20,2024-06-20,335.0
East,1,2x4,20,2024-06-27,325.0
East,1,2x4,20,2024-07-04,315.0
East,1,2x4,20,2024-07-11,315.0
East,1,2x4,20,2024-07-18,320.0
East,1,2x4,20,2024-07-25,335.0
East,1,2x4,20,2024-08-01,345.0
East,1,2x4,20,2024-08-08,350.0
East,1,2x4,20,2024-08-15,350.0
East,1,2x4,20,2024-08-22,350.0
East,1,2x4,20,2024-08-29,350.0
East,1,2x4,20,2024-09-05,350.0
East,1,2x4,20,2024-09-12,355.0
East,1,2x4,20,2024-09-20,370.0
East,1,2x4,20,2024-09-27,385.0
East,1,2x4,20,2024-10-04,395.0
East,1,2x4,20,2024-10-11,425.0
East,1,2x4,20,2024-10-18,445.0
East,1,2x4,20,2024-10-25,460.0
East,1,2x4,20,2024-11-01,455.0
East,1,2x4,20,2024-11-08,455.0
East,1,2x4,20,2024-11-15,445.0
East,1,2x4,20,2024-11-22,430.0
East,1,2x4,20,2024-11-27,415.0
East,1,2x4,20,2024-12-06,395.0
East,1,2x4,20,2024-12-13,385.0
East,1,2x4,20,2024-12-20,385.0
East,1,2x4,20,2025-01-03,410.0
East,1,2x4,20,2025-01-10,410.0
East,1,2x4,20,2025-01-17,410.0
East,1,2x4,20,2025-01-24,400.0
East,1,2x4,20,2025-01-31,390.0
East,1,2x4,20,2025-02-07,395.0
East,1,2x4,20,2025-02-14,405.0
East,1,2x4,20,2025-02-21,415.0
East,1,2x4,20,2025-02-28,420.0
East,1,2x4,20,2025-03-07,425.0
East,1,2x4,20,2025-03-14,435.0
East,1,2x4,20,2025-03-21,445.0
East,1,2x4,20,2025-03-28,455.0
East,1,2x4,20,2025-04-04,475.0
East,1,2x4,20,2025-04-11,490.0
East,1,2x4,20,2025-04-18,505.0
East,1,2x4,20,2025-04-25,515.0
East,1,2x4,20,2025-05-02,515.0
East,1,2x4,20,2025-05-09,515.0
East,1,2x4,20,2025-05-16,505.0
East,1,2x4,20,2025-05-23,490.0
East,1,2x4,20,2025-05-30,475.0
East,1,2x4,20,2025-06-06,465.0
East,1,2x4,20,2025-06-13,465.0
East,1,2x4,20,2025-06-19,445.0
East,1,2x4,20,2025-06-27,430.0
East,1,2x4,20,2025-07-03,415.0
East,1,2x4,20,2025-07-11,420.0
East,1,2x4,20,2025-07-18,425.0
East,1,2x4,20,2025-07-25,405.0
East,1,2x4,20,2025-08-01,440.0
East,1,2x4,20,2025-08-08,450.0
East,1,2x4,20,2025-08-15,450.0
East,1,2x4,20,2025-08-22,440.0
East,1,2x4,20,2025-08-29,440.0
East,1,2x4,20,2025-09-05,425.0
East,1,2x4,20,2025-09-12,425.0
East,1,2x4,20,2025-09-19,435.0
East,1,2x4,20,2025-09-26,440.0
East,1,2x4,20,2025-10-03,455.0
East,1,2x4,20,2025-10-10,460.0
East,1,2x4,20,2025-10-17,460.0
East,1,2x6,8,2024-01-12,335.0
East,1,2x6,8,2024-01-18,325.0
East,1,2x6,8,2024-01-25,310.0
East,1,2x6,8,2024-02-08,320.0
East,1,2x6,8,2024-02-15,335.0
East,1,2x6,8,2024-02-22,345.0
East,1,2x6,8,2024-02-29,355.0
East,1,2x6,8,2024-03-07,360.0
East,1,2x6,8,2024-03-14,375.0
East,1,2x6,8,2024-03-21,375.0
East,1,2x6,8,2024-03-28,365.0
East,1,2x6,8,2024-04-04,360.0
East,1,2x6,8,2024-04-11,360.0
East,1,2x6,8,2024-04-18,360.0
East,1,2x6,8,2024-04-25,360.0
East,1,2x6,8,2024-05-02,360.0
East,1,2x6,8,2024-05-09,370.0
East,1,2x6,8,2024-05-16,380.0
East,1,2x6,8,2024-05-30,385.0
East,1,2x6,8,2024-06-06,385.0
East,1,2x6,8,2024-06-13,375.0
East,1,2x6,8,2024-06-20,365.0
East,1,2x6,8,2024-06-27,350.0
East,1,2x6,8,2024-07-04,340.0
East,1,2x6,8,2024-07-11,340.0
East,1,2x6,8,2024-07-18,345.0
East,1,2x6,8,2024-07-25,355.0
East,1,2x6,8,2024-08-01,360.0
East,1,2x6,8,2024-08-08,360.0
East,1,2x6,8,2024-08-15,360.0
East,1,2x6,8,2024-08-22,360.0
East,1,2x6,8,2024-08-29,355.0
East,1,2x6,8,2024-09-05,355.0
East,1,2x6,8,2024-09-12,355.0
East,1,2x6,8,2024-09-20,355.0
East,1,2x6,8,2024-09-27,365.0
East,1,2x6,8,2024-10-04,390.0
East,1,2x6,8,2024-10-11,420.0
East,1,2x6,8,2024-10-18,450.0
East,1,2x6,8,2024-10-25,450.0
East,1,2x6,8,2024-11-01,450.0
East,1,2x6,8,2024-11-08,440.0
East,1,2x6,8,2024-11-15,430.0
East,1,2x6,8,2024-11-22,425.0
East,1,2x6,8,2024-11-27,425.0
East,1,2x6,8,2024-12-06,420.0
East,1,2x6,8,2024-12-13,420.0
East,1,2x6,8,2024-12-20,435.0
East,1,2x6,8,2025-01-03,460.0
East,1,2x6,8,2025-01-10,470.0
East,1,2x6,8,2025-01-17,480.0
East,1,2x6,8,2025-01-24,470.0
East,1,2x6,8,2025-01-31,460.0
East,1,2x6,8,2025-02-07,465.0
East,1,2x6,8,2025-02-14,475.0
East,1,2x6,8,2025-02-21,475.0
East,1,2x6,8,2025-02-28,475.0
East,1,2x6,8,2025-03-07,475.0
East,1,2x6,8,2025-03-14,465.0
East,1,2x6,8,2025-03-21,450.0
East,1,2x6,8,2025-03-28,435.0
East,1,2x6,8,2025-04-04,425.0
East,1,2x6,8,2025-04-11,425.0
East,1,2x6,8,2025-04-18,425.0
East,1,2x6,8,2025-04-25,425.0
East,1,2x6,8,2025-05-02,415.0
East,1,2x6,8,2025-05-09,400.0
East,1,2x6,8,2025-05-16,375.0
East,1,2x6,8,2025-05-23,345.0
East,1,2x6,8,2025-05-30,330.0
East,1,2x6,8,2025-06-06,315.0
East,1,2x6,8,2025-06-13,315.0
East,1,2x6,8,2025-06-19,316.0
East,1,2x6,8,2025-06-27,325.0
East,1,2x6,8,2025-07-03,335.0
East,1,2x6,8,2025-07-11,345.0
East,1,2x6,8,2025-07-18,350.0
East,1,2x6,8,2025-07-25,310.0
East,1,2x6,8,2025-08-01,360.0
East,1,2x6,8,2025-08-08,360.0
East,1,2x6,8,2025-08-15,360.0
East,1,2x6,8,2025-08-22,350.0
East,1,2x6,8,2025-08-29,340.0
East,1,2x6,8,2025-09-05,330.0
East,1,2x6,8,2025-09-12,330.0
East,1,2x6,8,2025-09-19,330.0
East,1,2x6,8,2025-09-26,340.0
East,1,2x6,8,2025-10-03,350.0
East,1,2x6,8,2025-10-10,365.0
East,1,2x6,8,2025-10-17,365.0
East,1,2x6,10,2024-01-12,390.0
East,1,2x6,10,2024-01-18,380.0
East,1,2x6,10,2024-01-25,365.0
East,1,2x6,10,2024-02-08,360.0
East,1,2x6,10,2024-02-15,370.0
East,1,2x6,10,2024-02-22,380.0
East,1,2x6,10,2024-02-29,390.0
East,1,2x6,10,2024-03-07,390.0
East,1,2x6,10,2024-03-14,390.0
East,1,2x6,10,2024-03-21,375.0
East,1,2x6,10,2024-03-28,365.0
East,1,2x6,10,2024-04-04,355.0
East,1,2x6,10,2024-04-11,345.0
East,1,2x6,10,2024-04-18,330.0
East,1,2x6,10,2024-04-25,330.0
East,1,2x6,10,2024-05-02,330.0
East,1,2x6,10,2024-05-09,340.0
East,1,2x6,10,2024-05-16,345.0
East,1,2x6,10,2024-05-30,345.0
East,1,2x6,10,2024-06-06,345.0
East,1,2x6,10,2024-06-13,325.0
East,1,2x6,10,2024-06-20,315.0
East,1,2x6,10,2024-06-27,305.0
East,1,2x6,10,2024-07-04,300.0
East,1,2x6,10,2024-07-11,300.0
East,1,2x6,10,2024-07-18,315.0
East,1,2x6,10,2024-07-25,325.0
East,1,2x6,10,2024-08-01,330.0
East,1,2x6,10,2024-08-08,330.0
East,1,2x6,10,2024-08-15,330.0
East,1,2x6,10,2024-08-22,325.0
East,1,2x6,10,2024-08-29,320.0
East,1,2x6,10,2024-09-05,325.0
East,1,2x6,10,2024-09-12,325.0
East,1,2x6,10,2024-09-20,330.0
East,1,2x6,10,2024-09-27,345.0
East,1,2x6,10,2024-10-04,370.0
East,1,2x6,10,2024-10-11,400.0
East,1,2x6,10,2024-10-18,430.0
East,1,2x6,10,2024-10-25,445.0
East,1,2x6,10,2024-11-01,450.0
East,1,2x6,10,2024-11-08,440.0
East,1,2x6,10,2024-11-15,420.0
East,1,2x6,10,2024-11-22,410.0
East,1,2x6,10,2024-11-27,400.0
East,1,2x6,10,2024-12-06,390.0
East,1,2x6,10,2024-12-13,400.0
East,1,2x6,10,2024-12-20,400.0
East,1,2x6,10,2025-01-03,425.0
East,1,2x6,10,2025-01-10,430.0
East,1,2x6,10,2025-01-17,435.0
East,1,2x6,10,2025-01-24,430.0
East,1,2x6,10,2025-01-31,420.0
East,1,2x6,10,2025-02-07,425.0
East,1,2x6,10,2025-02-14,430.0
East,1,2x6,10,2025-02-21,430.0
East,1,2x6,10,2025-02-28,430.0
East,1,2x6,10,2025-03-07,430.0
East,1,2x6,10,2025-03-14,420.0
East,1,2x6,10,2025-03-21,405.0
East,1,2x6,10,2025-03-28,390.0
East,1,2x6,10,2025-04-04,380.0
East,1,2x6,10,2025-04-11,380.0
East,1,2x6,10,2025-04-18,385.0
East,1,2x6,10,2025-04-25,385.0
East,1,2x6,10,2025-05-02,385.0
East,1,2x6,10,2025-05-09,375.0
East,1,2x6,10,2025-05-16,355.0
East,1,2x6,10,2025-05-23,335.0
East,1,2x6,10,2025-05-30,325.0
East,1,2x6,10,2025-06-06,315.0
East,1,2x6,10,2025-06-13,315.0
East,1,2x6,10,2025-06-19,316.0
East,1,2x6,10,2025-06-27,325.0
East,1,2x6,10,2025-07-03,335.0
East,1,2x6,10,2025-07-11,345.0
East,1,2x6,10,2025-07-18,355.0
East,1,2x6,10,2025-07-25,310.0
East,1,2x6,10,2025-08-01,365.0
East,1,2x6,10,2025-08-08,365.0
East,1,2x6,10,2025-08-15,355.0
East,1,2x6,10,2025-08-22,350.0
East,1,2x6,10,2025-08-29,340.0
East,1,2x6,10,2025-09-05,330.0
East,1,2x6,10,2025-09-12,330.0
East,1,2x6,10,2025-09-19,335.0
East,1,2x6,10,2025-09-26,345.0
East,1,2x6,10,2025-10-03,355.0
East,1,2x6,10,2025-10-10,365.0
East,1,2x6,10,2025-10-17,365.0
East,1,2x6,12,2024-01-12,395.0
East,1,2x6,12,2024-01-18,380.0
East,1,2x6,12,2024-01-25,360.0
East,1,2x6,12,2024-02-08,355.0
East,1,2x6,12,2024-02-15,365.0
East,1,2x6,12,2024-02-22,375.0
East,1,2x6,12,2024-02-29,390.0
East,1,2x6,12,2024-03-07,395.0
East,1,2x6,12,2024-03-14,395.0
East,1,2x6,12,2024-03-21,390.0
East,1,2x6,12,2024-03-28,380.0
East,1,2x6,12,2024-04-04,365.0
East,1,2x6,12,2024-04-11,350.0
East,1,2x6,12,2024-04-18,335.0
East,1,2x6,12,2024-04-25,335.0
East,1,2x6,12,2024-05-02,335.0
East,1,2x6,12,2024-05-09,340.0
East,1,2x6,12,2024-05-16,345.0
East,1,2x6,12,2024-05-30,345.0
East,1,2x6,12,2024-06-06,345.0
East,1,2x6,12,2024-06-13,325.0
East,1,2x6,12,2024-06-20,315.0
East,1,2x6,12,2024-06-27,300.0
East,1,2x6,12,2024-07-04,295.0
East,1,2x6,12,2024-07-11,295.0
East,1,2x6,12,2024-07-18,300.0
East,1,2x6,12,2024-07-25,305.0
East,1,2x6,12,2024-08-01,310.0
East,1,2x6,12,2024-08-08,310.0
East,1,2x6,12,2024-08-15,310.0
East,1,2x6,12,2024-08-22,305.0
East,1,2x6,12,2024-08-29,295.0
East,1,2x6,12,2024-09-05,300.0
East,1,2x6,12,2024-09-12,300.0
East,1,2x6,12,2024-09-20,305.0
East,1,2x6,12,2024-09-27,320.0
East,1,2x6,12,2024-10-04,340.0
East,1,2x6,12,2024-10-11,370.0
East,1,2x6,12,2024-10-18,405.0
East,1,2x6,12,2024-10-25,425.0
East,1,2x6,12,2024-11-01,425.0
East,1,2x6,12,2024-11-08,425.0
East,1,2x6,12,2024-11-15,410.0
East,1,2x6,12,2024-11-22,400.0
East,1,2x6,12,2024-11-27,395.0
East,1,2x6,12,2024-12-06,390.0
East,1,2x6,12,2024-12-13,400.0
East,1,2x6,12,2024-12-20,415.0
East,1,2x6,12,2025-01-03,445.0
East,1,2x6,12,2025-01-10,455.0
East,1,2x6,12,2025-01-17,465.0
East,1,2x6,12,2025-01-24,460.0
East,1,2x6,12,2025-01-31,455.0
East,1,2x6,12,2025-02-07,470.0
East,1,2x6,12,2025-02-14,475.0
East,1,2x6,12,2025-02-21,475.0
East,1,2x6,12,2025-02-28,475.0
East,1,2x6,12,2025-03-07,475.0
East,1,2x6,12,2025-03-14,465.0
East,1,2x6,12,2025-03-21,455.0
East,1,2x6,12,2025-03-28,440.0
East,1,2x6,12,2025-04-04,420.0
East,1,2x6,12,2025-04-11,420.0
East,1,2x6,12,2025-04-18,420.0
East,1,2x6,12,2025-04-25,420.0
East,1,2x6,12,2025-05-02,415.0
East,1,2x6,12,2025-05-09,405.0
East,1,2x6,12,2025-05-16,390.0
East,1,2x6,12,2025-05-23,370.0
East,1,2x6,12,2025-05-30,355.0
East,1,2x6,12,2025-06-06,345.0
East,1,2x6,12,2025-06-13,345.0
East,1,2x6,12,2025-06-19,345.0
East,1,2x6,12,2025-06-27,360.0
East,1,2x6,12,2025-07-03,370.0
East,1,2x6,12,2025-07-11,380.0
East,1,2x6,12,2025-07-18,385.0
East,1,2x6,12,2025-07-25,355.0
East,1,2x6,12,2025-08-01,395.0
East,1,2x6,12,2025-08-08,395.0
East,1,2x6,12,2025-08-15,390.0
East,1,2x6,12,2025-08-22,380.0
East,1,2x6,12,2025-08-29,370.0
East,1,2x6,12,2025-09-05,360.0
East,1,2x6,12,2025-09-12,355.0
East,1,2x6,12,2025-09-19,360.0
East,1,2x6,12,2025-09-26,365.0
East,1,2x6,12,2025-10-03,375.0
East,1,2x6,12,2025-10-10,385.0
East,1,2x6,12,2025-10-17,380.0
East,1,2x6,14,2024-01-12,370.0
East,1,2x6,14,2024-01-18,360.0
East,1,2x6,14,2024-01-25,345.0
East,1,2x6,14,2024-02-08,345.0
East,1,2x6,14,2024-02-15,365.0
East,1,2x6,14,2024-02-22,375.0
East,1,2x6,14,2024-02-29,390.0
East,1,2x6,14,2024-03-07,395.0
East,1,2x6,14,2024-03-14,385.0
East,1,2x6,14,2024-03-21,380.0
East,1,2x6,14,2024-03-28,370.0
East,1,2x6,14,2024-04-04,355.0
East,1,2x6,14,2024-04-11,340.0
East,1,2x6,14,2024-04-18,325.0
East,1,2x6,14,2024-04-25,325.0
East,1,2x6,14,2024-05-02,330.0
East,1,2x6,14,2024-05-09,340.0
East,1,2x6,14,2024-05-16,345.0
East,1,2x6,14,2024-05-30,350.0
East,1,2x6,14,2024-06-06,340.0
East,1,2x6,14,2024-06-13,325.0
East,1,2x6,14,2024-06-20,315.0
East,1,2x6,14,2024-06-27,295.0
East,1,2x6,14,2024-07-04,285.0
East,1,2x6,14,2024-07-11,285.0
East,1,2x6,14,2024-07-18,300.0
East,1,2x6,14,2024-07-25,305.0
East,1,2x6,14,2024-08-01,310.0
East,1,2x6,14,2024-08-08,310.0
East,1,2x6,14,2024-08-15,310.0
East,1,2x6,14,2024-08-22,310.0
East,1,2x6,14,2024-08-29,300.0
East,1,2x6,14,2024-09-05,305.0
East,1,2x6,14,2024-09-12,305.0
East,1,2x6,14,2024-09-20,310.0
East,1,2x6,14,2024-09-27,325.0
East,1,2x6,14,2024-10-04,350.0
East,1,2x6,14,2024-10-11,380.0
East,1,2x6,14,2024-10-18,410.0
East,1,2x6,14,2024-10-25,430.0
East,1,2x6,14,2024-11-01,435.0
East,1,2x6,14,2024-11-08,425.0
East,1,2x6,14,2024-11-15,410.0
East,1,2x6,14,2024-11-22,400.0
East,1,2x6,14,2024-11-27,395.0
East,1,2x6,14,2024-12-06,390.0
East,1,2x6,14,2024-12-13,390.0
East,1,2x6,14,2024-12-20,405.0
East,1,2x6,14,2025-01-03,435.0
East,1,2x6,14,2025-01-10,450.0
East,1,2x6,14,2025-01-17,455.0
East,1,2x6,14,2025-01-24,440.0
East,1,2x6,14,2025-01-31,425.0
East,1,2x6,14,2025-02-07,435.0
East,1,2x6,14,2025-02-14,445.0
East,1,2x6,14,2025-02-21,450.0
East,1,2x6,14,2025-02-28,450.0
East,1,2x6,14,2025-03-07,455.0
East,1,2x6,14,2025-03-14,445.0
East,1,2x6,14,2025-03-21,435.0
East,1,2x6,14,2025-03-28,420.0
East,1,2x6,14,2025-04-04,410.0
East,1,2x6,14,2025-04-11,400.0
East,1,2x6,14,2025-04-18,400.0
East,1,2x6,14,2025-04-25,400.0
East,1,2x6,14,2025-05-02,400.0
East,1,2x6,14,2025-05-09,385.0
East,1,2x6,14,2025-05-16,360.0
East,1,2x6,14,2025-05-23,335.0
East,1,2x6,14,2025-05-30,325.0
East,1,2x6,14,2025-06-06,315.0
East,1,2x6,14,2025-06-13,320.0
East,1,2x6,14,2025-06-19,330.0
East,1,2x6,14,2025-06-27,340.0
East,1,2x6,14,2025-07-03,350.0
East,1,2x6,14,2025-07-11,360.0
East,1,2x6,14,2025-07-18,365.0
East,1,2x6,14,2025-07-25,350.0
East,1,2x6,14,2025-08-01,370.0
East,1,2x6,14,2025-08-08,370.0
East,1,2x6,14,2025-08-15,360.0
East,1,2x6,14,2025-08-22,355.0
East,1,2x6,14,2025-08-29,345.0
East,1,2x6,14,2025-09-05,335.0
East,1,2x6,14,2025-09-12,335.0
East,1,2x6,14,2025-09-19,335.0
East,1,2x6,14,2025-09-26,345.0
East,1,2x6,14,2025-10-03,355.0
East,1,2x6,14,2025-10-10,370.0
East,1,2x6,14,2025-10-17,370.0
East,1,2x6,16,2024-01-12,395.0
East,1,2x6,16,2024-01-18,380.0
East,1,2x6,16,2024-01-25,360.0
East,1,2x6,16,2024-02-08,360.0
East,1,2x6,16,2024-02-15,375.0
East,1,2x6,16,2024-02-22,390.0
East,1,2x6,16,2024-02-29,410.0
East,1,2x6,16,2024-03-07,420.0
East,1,2x6,16,2024-03-14,420.0
East,1,2x6,16,2024-03-21,420.0
East,1,2x6,16,2024-03-28,410.0
East,1,2x6,16,2024-04-04,410.0
East,1,2x6,16,2024-04-11,395.0
East,1,2x6,16,2024-04-18,380.0
East,1,2x6,16,2024-04-25,370.0
East,1,2x6,16,2024-05-02,370.0
East,1,2x6,16,2024-05-09,385.0
East,1,2x6,16,2024-05-16,400.0
East,1,2x6,16,2024-05-30,415.0
East,1,2x6,16,2024-06-06,415.0
East,1,2x6,16,2024-06-13,390.0
East,1,2x6,16,2024-06-20,375.0
East,1,2x6,16,2024-06-27,350.0
East,1,2x6,16,2024-07-04,325.0
East,1,2x6,16,2024-07-11,325.0
East,1,2x6,16,2024-07-18,325.0
East,1,2x6,16,2024-07-25,330.0
East,1,2x6,16,2024-08-01,335.0
East,1,2x6,16,2024-08-08,335.0
East,1,2x6,16,2024-08-15,330.0
East,1,2x6,16,2024-08-22,325.0
East,1,2x6,16,2024-08-29,315.0
East,1,2x6,16,2024-09-05,320.0
East,1,2x6,16,2024-09-12,330.0
East,1,2x6,16,2024-09-20,335.0
East,1,2x6,16,2024-09-27,350.0
East,1,2x6,16,2024-10-04,370.0
East,1,2x6,16,2024-10-11,400.0
East,1,2x6,16,2024-10-18,435.0
East,1,2x6,16,2024-10-25,450.0
East,1,2x6,16,2024-11-01,455.0
East,1,2x6,16,2024-11-08,450.0
East,1,2x6,16,2024-11-15,435.0
East,1,2x6,16,2024-11-22,425.0
East,1,2x6,16,2024-11-27,420.0
East,1,2x6,16,2024-12-06,420.0
East,1,2x6,16,2024-12-13,430.0
East,1,2x6,16,2024-12-20,440.0
East,1,2x6,16,2025-01-03,470.0
East,1,2x6,16,2025-01-10,485.0
East,1,2x6,16,2025-01-17,495.0
East,1,2x6,16,2025-01-24,495.0
East,1,2x6,16,2025-01-31,480.0
East,1,2x6,16,2025-02-07,490.0
East,1,2x6,16,2025-02-14,490.0
East,1,2x6,16,2025-02-21,490.0
East,1,2x6,16,2025-02-28,485.0
East,1,2x6,16,2025-03-07,485.0
East,1,2x6,16,2025-03-14,475.0
East,1,2x6,16,2025-03-21,460.0
East,1,2x6,16,2025-03-28,445.0
East,1,2x6,16,2025-04-04,430.0
East,1,2x6,16,2025-04-11,430.0
East,1,2x6,16,2025-04-18,430.0
East,1,2x6,16,2025-04-25,430.0
East,1,2x6,16,2025-05-02,430.0
East,1,2x6,16,2025-05-09,415.0
East,1,2x6,16,2025-05-16,385.0
East,1,2x6,16,2025-05-23,360.0
East,1,2x6,16,2025-05-30,345.0
East,1,2x6,16,2025-06-06,335.0
East,1,2x6,16,2025-06-13,335.0
East,1,2x6,16,2025-06-19,335.0
East,1,2x6,16,2025-06-27,340.0
East,1,2x6,16,2025-07-03,345.0
East,1,2x6,16,2025-07-11,350.0
East,1,2x6,16,2025-07-18,355.0
East,1,2x6,16,2025-07-25,370.0
East,1,2x6,16,2025-08-01,360.0
East,1,2x6,16,2025-08-08,355.0
East,1,2x6,16,2025-08-15,350.0
East,1,2x6,16,2025-08-22,345.0
East,1,2x6,16,2025-08-29,335.0
East,1,2x6,16,2025-09-05,325.0
East,1,2x6,16,2025-09-12,325.0
East,1,2x6,16,2025-09-19,330.0
East,1,2x6,16,2025-09-26,340.0
East,1,2x6,16,2025-10-03,355.0
East,1,2x6,16,2025-10-10,370.0
East,1,2x6,16,2025-10-17,370.0
East,1,2x6,18,2024-01-12,370.0
East,1,2x6,18,2024-01-18,360.0
East,1,2x6,18,2024-01-25,345.0
East,1,2x6,18,2024-02-08,345.0
East,1,2x6,18,2024-02-15,360.0
East,1,2x6,18,2024-02-22,365.0
East,1,2x6,18,2024-02-29,370.0
East,1,2x6,18,2024-03-07,380.0
East,1,2x6,18,2024-03-14,380.0
East,1,2x6,18,2024-03-21,365.0
East,1,2x6,18,2024-03-28,355.0
East,1,2x6,18,2024-04-04,345.0
East,1,2x6,18,2024-04-11,345.0
East,1,2x6,18,2024-04-18,335.0
East,1,2x6,18,2024-04-25,325.0
East,1,2x6,18,2024-05-02,320.0
East,1,2x6,18,2024-05-09,320.0
East,1,2x6,18,2024-05-16,330.0
East,1,2x6,18,2024-05-30,330.0
East,1,2x6,18,2024-06-06,330.0
East,1,2x6,18,2024-06-13,310.0
East,1,2x6,18,2024-06-20,295.0
East,1,2x6,18,2024-06-27,285.0
East,1,2x6,18,2024-07-04,275.0
East,1,2x6,18,2024-07-11,275.0
East,1,2x6,18,2024-07-18,275.0
East,1,2x6,18,2024-07-25,280.0
East,1,2x6,18,2024-08-01,285.0
East,1,2x6,18,2024-08-08,285.0
East,1,2x6,18,2024-08-15,285.0
East,1,2x6,18,2024-08-22,275.0
East,1,2x6,18,2024-08-29,270.0
East,1,2x6,18,2024-09-05,270.0
East,1,2x6,18,2024-09-12,265.0
East,1,2x6,18,2024-09-20,270.0
East,1,2x6,18,2024-09-27,280.0
East,1,2x6,18,2024-10-04,300.0
East,1,2x6,18,2024-10-11,330.0
East,1,2x6,18,2024-10-18,365.0
East,1,2x6,18,2024-10-25,380.0
East,1,2x6,18,2024-11-01,385.0
East,1,2x6,18,2024-11-08,385.0
East,1,2x6,18,2024-11-15,370.0
East,1,2x6,18,2024-11-22,355.0
East,1,2x6,18,2024-11-27,345.0
East,1,2x6,18,2024-12-06,345.0
East,1,2x6,18,2024-12-13,345.0
East,1,2x6,18,2024-12-20,355.0
East,1,2x6,18,2025-01-03,390.0
East,1,2x6,18,2025-01-10,405.0
East,1,2x6,18,2025-01-17,420.0
East,1,2x6,18,2025-01-24,415.0
East,1,2x6,18,2025-01-31,415.0
East,1,2x6,18,2025-02-07,420.0
East,1,2x6,18,2025-02-14,420.0
East,1,2x6,18,2025-02-21,420.0
East,1,2x6,18,2025-02-28,420.0
East,1,2x6,18,2025-03-07,420.0
East,1,2x6,18,2025-03-14,410.0
East,1,2x6,18,2025-03-21,410.0
East,1,2x6,18,2025-03-28,395.0
East,1,2x6,18,2025-04-04,375.0
East,1,2x6,18,2025-04-11,375.0
East,1,2x6,18,2025-04-18,375.0
East,1,2x6,18,2025-04-25,375.0
East,1,2x6,18,2025-05-02,370.0
East,1,2x6,18,2025-05-09,355.0
East,1,2x6,18,2025-05-16,345.0
East,1,2x6,18,2025-05-23,330.0
East,1,2x6,18,2025-05-30,320.0
East,1,2x6,18,2025-06-06,320.0
East,1,2x6,18,2025-06-13,320.0
East,1,2x6,18,2025-06-19,320.0
East,1,2x6,18,2025-06-27,320.0
East,1,2x6,18,2025-07-03,330.0
East,1,2x6,18,2025-07-11,335.0
East,1,2x6,18,2025-07-18,345.0
East,1,2x6,18,2025-07-25,320.0
East,1,2x6,18,2025-08-01,355.0
East,1,2x6,18,2025-08-08,360.0
East,1,2x6,18,2025-08-15,360.0
East,1,2x6,18,2025-08-22,350.0
East,1,2x6,18,2025-08-29,335.0
East,1,2x6,18,2025-09-05,335.0
East,1,2x6,18,2025-09-12,335.0
East,1,2x6,18,2025-09-19,335.0
East,1,2x6,18,2025-09-26,335.0
East,1,2x6,18,2025-10-03,335.0
East,1,2x6,18,2025-10-10,345.0
East,1,2x6,18,2025-10-17,350.0
East,1,2x6,20,2024-01-12,350.0
East,1,2x6,20,2024-01-18,340.0
East,1,2x6,20,2024-01-25,325.0
East,1,2x6,20,2024-02-08,320.0
East,1,2x6,20,2024-02-15,335.0
East,1,2x6,20,2024-02-22,345.0
East,1,2x6,20,2024-02-29,345.0
East,1,2x6,20,2024-03-07,360.0
East,1,2x6,20,2024-03-14,360.0
East,1,2x6,20,2024-03-21,355.0
East,1,2x6,20,2024-03-28,345.0
East,1,2x6,20,2024-04-04,345.0
East,1,2x6,20,2024-04-11,345.0
East,1,2x6,20,2024-04-18,345.0
East,1,2x6,20,2024-04-25,345.0
East,1,2x6,20,2024-05-02,350.0
East,1,2x6,20,2024-05-09,350.0
East,1,2x6,20,2024-05-16,360.0
East,1,2x6,20,2024-05-30,380.0
East,1,2x6,20,2024-06-06,380.0
East,1,2x6,20,2024-06-13,360.0
East,1,2x6,20,2024-06-20,350.0
East,1,2x6,20,2024-06-27,340.0
East,1,2x6,20,2024-07-04,335.0
East,1,2x6,20,2024-07-11,335.0
East,1,2x6,20,2024-07-18,340.0
East,1,2x6,20,2024-07-25,345.0
East,1,2x6,20,2024-08-01,350.0
East,1,2x6,20,2024-08-08,350.0
East,1,2x6,20,2024-08-15,345.0
East,1,2x6,20,2024-08-22,335.0
East,1,2x6,20,2024-08-29,320.0
East,1,2x6,20,2024-09-05,320.0
East,1,2x6,20,2024-09-12,310.0
East,1,2x6,20,2024-09-20,310.0
East,1,2x6,20,2024-09-27,320.0
East,1,2x6,20,2024-10-04,340.0
East,1,2x6,20,2024-10-11,370.0
East,1,2x6,20,2024-10-18,400.0
East,1,2x6,20,2024-10-25,415.0
East,1,2x6,20,2024-11-01,425.0
East,1,2x6,20,2024-11-08,435.0
East,1,2x6,20,2024-11-15,435.0
East,1,2x6,20,2024-11-22,415.0
East,1,2x6,20,2024-11-27,405.0
East,1,2x6,20,2024-12-06,400.0
East,1,2x6,20,2024-12-13,390.0
East,1,2x6,20,2024-12-20,375.0
East,1,2x6,20,2025-01-03,395.0
East,1,2x6,20,2025-01-10,420.0
East,1,2x6,20,2025-01-17,430.0
East,1,2x6,20,2025-01-24,440.0
East,1,2x6,20,2025-01-31,440.0
East,1,2x6,20,2025-02-07,450.0
East,1,2x6,20,2025-02-14,460.0
East,1,2x6,20,2025-02-21,460.0
East,1,2x6,20,2025-02-28,460.0
East,1,2x6,20,2025-03-07,460.0
East,1,2x6,20,2025-03-14,460.0
East,1,2x6,20,2025-03-21,460.0
East,1,2x6,20,2025-03-28,445.0
East,1,2x6,20,2025-04-04,445.0
East,1,2x6,20,2025-04-11,445.0
East,1,2x6,20,2025-04-18,445.0
East,1,2x6,20,2025-04-25,445.0
East,1,2x6,20,2025-05-02,435.0
East,1,2x6,20,2025-05-09,420.0
East,1,2x6,20,2025-05-16,400.0
East,1,2x6,20,2025-05-23,385.0
East,1,2x6,20,2025-05-30,370.0
East,1,2x6,20,2025-06-06,370.0
East,1,2x6,20,2025-06-13,370.0
East,1,2x6,20,2025-06-19,370.0
East,1,2x6,20,2025-06-27,375.0
East,1,2x6,20,2025-07-03,375.0
East,1,2x6,20,2025-07-11,375.0
East,1,2x6,20,2025-07-18,375.0
East,1,2x6,20,2025-07-25,330.0
East,1,2x6,20,2025-08-01,390.0
East,1,2x6,20,2025-08-08,395.0
East,1,2x6,20,2025-08-15,395.0
East,1,2x6,20,2025-08-22,390.0
East,1,2x6,20,2025-08-29,370.0
East,1,2x6,20,2025-09-05,360.0
East,1,2x6,20,2025-09-12,355.0
East,1,2x6,20,2025-09-19,355.0
East,1,2x6,20,2025-09-26,355.0
East,1,2x6,20,2025-10-03,355.0
East,1,2x6,20,2025-10-10,365.0
East,1,2x6,20,2025-10-17,365.0
East,1,2x8,8,2024-01-12,470.0
East,1,2x8,8,2024-01-18,460.0
East,1,2x8,8,2024-01-25,445.0
East,1,2x8,8,2024-02-08,440.0
East,1,2x8,8,2024-02-15,440.0
East,1,2x8,8,2024-02-22,440.0
East,1,2x8,8,2024-02-29,445.0
East,1,2x8,8,2024-03-07,445.0
East,1,2x8,8,2024-03-14,445.0
East,1,2x8,8,2024-03-21,445.0
East,1,2x8,8,2024-03-28,440.0
East,1,2x8,8,2024-04-04,425.0
East,1,2x8,8,2024-04-11,415.0
East,1,2x8,8,2024-04-18,400.0
East,1,2x8,8,2024-04-25,380.0
East,1,2x8,8,2024-05-02,380.0
East,1,2x8,8,2024-05-09,390.0
East,1,2x8,8,2024-05-16,385.0
East,1,2x8,8,2024-05-30,385.0
East,1,2x8,8,2024-06-06,380.0
East,1,2x8,8,2024-06-13,370.0
East,1,2x8,8,2024-06-20,360.0
East,1,2x8,8,2024-06-27,355.0
East,1,2x8,8,2024-07-04,345.0
East,1,2x8,8,2024-07-11,345.0
East,1,2x8,8,2024-07-18,345.0
East,1,2x8,8,2024-07-25,350.0
East,1,2x8,8,2024-08-01,355.0
East,1,2x8,8,2024-08-08,355.0
East,1,2x8,8,2024-08-15,350.0
East,1,2x8,8,2024-08-22,345.0
East,1,2x8,8,2024-08-29,340.0
East,1,2x8,8,2024-09-05,340.0
East,1,2x8,8,2024-09-12,340.0
East,1,2x8,8,2024-09-20,345.0
East,1,2x8,8,2024-09-27,350.0
East,1,2x8,8,2024-10-04,375.0
East,1,2x8,8,2024-10-11,400.0
East,1,2x8,8,2024-10-18,430.0
East,1,2x8,8,2024-10-25,445.0
East,1,2x8,8,2024-11-01,455.0
East,1,2x8,8,2024-11-08,450.0
East,1,2x8,8,2024-11-15,450.0
East,1,2x8,8,2024-11-22,440.0
East,1,2x8,8,2024-11-27,435.0
East,1,2x8,8,2024-12-06,420.0
East,1,2x8,8,2024-12-13,420.0
East,1,2x8,8,2024-12-20,430.0
East,1,2x8,8,2025-01-03,445.0
East,1,2x8,8,2025-01-10,455.0
East,1,2x8,8,2025-01-17,455.0
East,1,2x8,8,2025-01-24,450.0
East,1,2x8,8,2025-01-31,440.0
East,1,2x8,8,2025-02-07,450.0
East,1,2x8,8,2025-02-14,450.0
East,1,2x8,8,2025-02-21,450.0
East,1,2x8,8,2025-02-28,445.0
East,1,2x8,8,2025-03-07,445.0
East,1,2x8,8,2025-03-14,445.0
East,1,2x8,8,2025-03-21,435.0
East,1,2x8,8,2025-03-28,435.0
East,1,2x8,8,2025-04-04,435.0
East,1,2x8,8,2025-04-11,435.0
East,1,2x8,8,2025-04-18,440.0
East,1,2x8,8,2025-04-25,445.0
East,1,2x8,8,2025-05-02,445.0
East,1,2x8,8,2025-05-09,440.0
East,1,2x8,8,2025-05-16,430.0
East,1,2x8,8,2025-05-23,405.0
East,1,2x8,8,2025-05-30,385.0
East,1,2x8,8,2025-06-06,370.0
East,1,2x8,8,2025-06-13,365.0
East,1,2x8,8,2025-06-19,370.0
East,1,2x8,8,2025-06-27,370.0
East,1,2x8,8,2025-07-03,380.0
East,1,2x8,8,2025-07-11,390.0
East,1,2x8,8,2025-07-18,390.0
East,1,2x8,8,2025-07-25,345.0
East,1,2x8,8,2025-08-01,395.0
East,1,2x8,8,2025-08-08,395.0
East,1,2x8,8,2025-08-15,390.0
East,1,2x8,8,2025-08-22,380.0
East,1,2x8,8,2025-08-29,360.0
East,1,2x8,8,2025-09-05,340.0
East,1,2x8,8,2025-09-12,340.0
East,1,2x8,8,2025-09-19,345.0
East,1,2x8,8,2025-09-26,355.0
East,1,2x8,8,2025-10-03,365.0
East,1,2x8,8,2025-10-10,375.0
East,1,2x8,8,2025-10-17,380.0
East,1,2x8,10,2024-01-12,470.0
East,1,2x8,10,2024-01-18,460.0
East,1,2x8,10,2024-01-25,450.0
East,1,2x8,10,2024-02-08,440.0
East,1,2x8,10,2024-02-15,440.0
East,1,2x8,10,2024-02-22,445.0
East,1,2x8,10,2024-02-29,450.0
East,1,2x8,10,2024-03-07,455.0
East,1,2x8,10,2024-03-14,455.0
East,1,2x8,10,2024-03-21,450.0
East,1,2x8,10,2024-03-28,445.0
East,1,2x8,10,2024-04-04,440.0
East,1,2x8,10,2024-04-11,425.0
East,1,2x8,10,2024-04-18,410.0
East,1,2x8,10,2024-04-25,400.0
East,1,2x8,10,2024-05-02,400.0
East,1,2x8,10,2024-05-09,400.0
East,1,2x8,10,2024-05-16,400.0
East,1,2x8,10,2024-05-30,400.0
East,1,2x8,10,2024-06-06,395.0
East,1,2x8,10,2024-06-13,380.0
East,1,2x8,10,2024-06-20,370.0
East,1,2x8,10,2024-06-27,360.0
East,1,2x8,10,2024-07-04,350.0
East,1,2x8,10,2024-07-11,350.0
East,1,2x8,10,2024-07-18,350.0
East,1,2x8,10,2024-07-25,355.0
East,1,2x8,10,2024-08-01,360.0
East,1,2x8,10,2024-08-08,360.0
East,1,2x8,10,2024-08-15,360.0
East,1,2x8,10,2024-08-22,350.0
East,1,2x8,10,2024-08-29,345.0
East,1,2x8,10,2024-09-05,345.0
East,1,2x8,10,2024-09-12,345.0
East,1,2x8,10,2024-09-20,345.0
East,1,2x8,10,2024-09-27,355.0
East,1,2x8,10,2024-10-04,375.0
East,1,2x8,10,2024-10-11,400.0
East,1,2x8,10,2024-10-18,425.0
East,1,2x8,10,2024-10-25,440.0
East,1,2x8,10,2024-11-01,450.0
East,1,2x8,10,2024-11-08,450.0
East,1,2x8,10,2024-11-15,440.0
East,1,2x8,10,2024-11-22,430.0
East,1,2x8,10,2024-11-27,420.0
East,1,2x8,10,2024-12-06,405.0
East,1,2x8,10,2024-12-13,400.0
East,1,2x8,10,2024-12-20,400.0
East,1,2x8,10,2025-01-03,415.0
East,1,2x8,10,2025-01-10,415.0
East,1,2x8,10,2025-01-17,405.0
East,1,2x8,10,2025-01-24,385.0
East,1,2x8,10,2025-01-31,375.0
East,1,2x8,10,2025-02-07,380.0
East,1,2x8,10,2025-02-14,380.0
East,1,2x8,10,2025-02-21,380.0
East,1,2x8,10,2025-02-28,370.0
East,1,2x8,10,2025-03-07,370.0
East,1,2x8,10,2025-03-14,360.0
East,1,2x8,10,2025-03-21,355.0
East,1,2x8,10,2025-03-28,355.0
East,1,2x8,10,2025-04-04,355.0
East,1,2x8,10,2025-04-11,355.0
East,1,2x8,10,2025-04-18,360.0
East,1,2x8,10,2025-04-25,360.0
East,1,2x8,10,2025-05-02,360.0
East,1,2x8,10,2025-05-09,355.0
East,1,2x8,10,2025-05-16,340.0
East,1,2x8,10,2025-05-23,325.0
East,1,2x8,10,2025-05-30,315.0
East,1,2x8,10,2025-06-06,315.0
East,1,2x8,10,2025-06-13,315.0
East,1,2x8,10,2025-06-19,315.0
East,1,2x8,10,2025-06-27,325.0
East,1,2x8,10,2025-07-03,335.0
East,1,2x8,10,2025-07-11,350.0
East,1,2x8,10,2025-07-18,360.0
East,1,2x8,10,2025-07-25,350.0
East,1,2x8,10,2025-08-01,375.0
East,1,2x8,10,2025-08-08,375.0
East,1,2x8,10,2025-08-15,370.0
East,1,2x8,10,2025-08-22,365.0
East,1,2x8,10,2025-08-29,355.0
East,1,2x8,10,2025-09-05,340.0
East,1,2x8,10,2025-09-12,340.0
East,1,2x8,10,2025-09-19,345.0
East,1,2x8,10,2025-09-26,355.0
East,1,2x8,10,2025-10-03,365.0
East,1,2x8,10,2025-10-10,375.0
East,1,2x8,10,2025-10-17,380.0
East,1,2x8,12,2024-01-12,475.0
East,1,2x8,12,2024-01-18,460.0
East,1,2x8,12,2024-01-25,450.0
East,1,2x8,12,2024-02-08,445.0
East,1,2x8,12,2024-02-15,445.0
East,1,2x8,12,2024-02-22,450.0
East,1,2x8,12,2024-02-29,455.0
East,1,2x8,12,2024-03-07,460.0
East,1,2x8,12,2024-03-14,465.0
East,1,2x8,12,2024-03-21,465.0
East,1,2x8,12,2024-03-28,460.0
East,1,2x8,12,2024-04-04,435.0
East,1,2x8,12,2024-04-11,405.0
East,1,2x8,12,2024-04-18,375.0
East,1,2x8,12,2024-04-25,360.0
East,1,2x8,12,2024-05-02,360.0
East,1,2x8,12,2024-05-09,360.0
East,1,2x8,12,2024-05-16,365.0
East,1,2x8,12,2024-05-30,375.0
East,1,2x8,12,2024-06-06,370.0
East,1,2x8,12,2024-06-13,360.0
East,1,2x8,12,2024-06-20,350.0
East,1,2x8,12,2024-06-27,350.0
East,1,2x8,12,2024-07-04,350.0
East,1,2x8,12,2024-07-11,350.0
East,1,2x8,12,2024-07-18,350.0
East,1,2x8,12,2024-07-25,355.0
East,1,2x8,12,2024-08-01,360.0
East,1,2x8,12,2024-08-08,360.0
East,1,2x8,12,2024-08-15,360.0
East,1,2x8,12,2024-08-22,355.0
East,1,2x8,12,2024-08-29,350.0
East,1,2x8,12,2024-09-05,350.0
East,1,2x8,12,2024-09-12,350.0
East,1,2x8,12,2024-09-20,350.0
East,1,2x8,12,2024-09-27,355.0
East,1,2x8,12,2024-10-04,375.0
East,1,2x8,12,2024-10-11,400.0
East,1,2x8,12,2024-10-18,430.0
East,1,2x8,12,2024-10-25,445.0
East,1,2x8,12,2024-11-01,455.0
East,1,2x8,12,2024-11-08,455.0
East,1,2x8,12,2024-11-15,450.0
East,1,2x8,12,2024-11-22,440.0
East,1,2x8,12,2024-11-27,430.0
East,1,2x8,12,2024-12-06,410.0
East,1,2x8,12,2024-12-13,410.0
East,1,2x8,12,2024-12-20,410.0
East,1,2x8,12,2025-01-03,425.0
East,1,2x8,12,2025-01-10,435.0
East,1,2x8,12,2025-01-17,435.0
East,1,2x8,12,2025-01-24,425.0
East,1,2x8,12,2025-01-31,415.0
East,1,2x8,12,2025-02-07,425.0
East,1,2x8,12,2025-02-14,430.0
East,1,2x8,12,2025-02-21,430.0
East,1,2x8,12,2025-02-28,430.0
East,1,2x8,12,2025-03-07,430.0
East,1,2x8,12,2025-03-14,430.0
East,1,2x8,12,2025-03-21,430.0
East,1,2x8,12,2025-03-28,430.0
East,1,2x8,12,2025-04-04,430.0
East,1,2x8,12,2025-04-11,430.0
East,1,2x8,12,2025-04-18,435.0
East,1,2x8,12,2025-04-25,435.0
East,1,2x8,12,2025-05-02,425.0
East,1,2x8,12,2025-05-09,415.0
East,1,2x8,12,2025-05-16,385.0
East,1,2x8,12,2025-05-23,370.0
East,1,2x8,12,2025-05-30,355.0
East,1,2x8,12,2025-06-06,340.0
East,1,2x8,12,2025-06-13,340.0
East,1,2x8,12,2025-06-19,345.0
East,1,2x8,12,2025-06-27,355.0
East,1,2x8,12,2025-07-03,365.0
East,1,2x8,12,2025-07-11,375.0
East,1,2x8,12,2025-07-18,385.0
East,1,2x8,12,2025-07-25,360.0
East,1,2x8,12,2025-08-01,395.0
East,1,2x8,12,2025-08-08,500.0
East,1,2x8,12,2025-08-15,400.0
East,1,2x8,12,2025-08-22,395.0
East,1,2x8,12,2025-08-29,390.0
East,1,2x8,12,2025-09-05,375.0
East,1,2x8,12,2025-09-12,380.0
East,1,2x8,12,2025-09-19,380.0
East,1,2x8,12,2025-09-26,390.0
East,1,2x8,12,2025-10-03,400.0
East,1,2x8,12,2025-10-10,405.0
East,1,2x8,12,2025-10-17,405.0
East,1,2x8,14,2024-01-12,380.0
East,1,2x8,14,2024-01-18,375.0
East,1,2x8,14,2024-01-25,360.0
East,1,2x8,14,2024-02-08,350.0
East,1,2x8,14,2024-02-15,365.0
East,1,2x8,14,2024-02-22,375.0
East,1,2x8,14,2024-02-29,385.0
East,1,2x8,14,2024-03-07,390.0
East,1,2x8,14,2024-03-14,390.0
East,1,2x8,14,2024-03-21,380.0
East,1,2x8,14,2024-03-28,375.0
East,1,2x8,14,2024-04-04,360.0
East,1,2x8,14,2024-04-11,345.0
East,1,2x8,14,2024-04-18,330.0
East,1,2x8,14,2024-04-25,320.0
East,1,2x8,14,2024-05-02,320.0
East,1,2x8,14,2024-05-09,330.0
East,1,2x8,14,2024-05-16,340.0
East,1,2x8,14,2024-05-30,345.0
East,1,2x8,14,2024-06-06,335.0
East,1,2x8,14,2024-06-13,325.0
East,1,2x8,14,2024-06-20,315.0
East,1,2x8,14,2024-06-27,300.0
East,1,2x8,14,2024-07-04,290.0
East,1,2x8,14,2024-07-11,290.0
East,1,2x8,14,2024-07-18,290.0
East,1,2x8,14,2024-07-25,295.0
East,1,2x8,14,2024-08-01,300.0
East,1,2x8,14,2024-08-08,300.0
East,1,2x8,14,2024-08-15,300.0
East,1,2x8,14,2024-08-22,300.0
East,1,2x8,14,2024-08-29,295.0
East,1,2x8,14,2024-09-05,300.0
East,1,2x8,14,2024-09-12,300.0
East,1,2x8,14,2024-09-20,300.0
East,1,2x8,14,2024-09-27,310.0
East,1,2x8,14,2024-10-04,330.0
East,1,2x8,14,2024-10-11,355.0
East,1,2x8,14,2024-10-18,385.0
East,1,2x8,14,2024-10-25,400.0
East,1,2x8,14,2024-11-01,410.0
East,1,2x8,14,2024-11-08,410.0
East,1,2x8,14,2024-11-15,400.0
East,1,2x8,14,2024-11-22,380.0
East,1,2x8,14,2024-11-27,370.0
East,1,2x8,14,2024-12-06,355.0
East,1,2x8,14,2024-12-13,355.0
East,1,2x8,14,2024-12-20,355.0
East,1,2x8,14,2025-01-03,380.0
East,1,2x8,14,2025-01-10,390.0
East,1,2x8,14,2025-01-17,390.0
East,1,2x8,14,2025-01-24,390.0
East,1,2x8,14,2025-01-31,385.0
East,1,2x8,14,2025-02-07,395.0
East,1,2x8,14,2025-02-14,395.0
East,1,2x8,14,2025-02-21,395.0
East,1,2x8,14,2025-02-28,395.0
East,1,2x8,14,2025-03-07,395.0
East,1,2x8,14,2025-03-14,395.0
East,1,2x8,14,2025-03-21,390.0
East,1,2x8,14,2025-03-28,390.0
East,1,2x8,14,2025-04-04,390.0
East,1,2x8,14,2025-04-11,390.0
East,1,2x8,14,2025-04-18,395.0
East,1,2x8,14,2025-04-25,395.0
East,1,2x8,14,2025-05-02,385.0
East,1,2x8,14,2025-05-09,370.0
East,1,2x8,14,2025-05-16,350.0
East,1,2x8,14,2025-05-23,335.0
East,1,2x8,14,2025-05-30,325.0
East,1,2x8,14,2025-06-06,320.0
East,1,2x8,14,2025-06-13,320.0
East,1,2x8,14,2025-06-19,320.0
East,1,2x8,14,2025-06-27,325.0
East,1,2x8,14,2025-07-03,335.0
East,1,2x8,14,2025-07-11,340.0
East,1,2x8,14,2025-07-18,350.0
East,1,2x8,14,2025-07-25,330.0
East,1,2x8,14,2025-08-01,360.0
East,1,2x8,14,2025-08-08,360.0
East,1,2x8,14,2025-08-15,355.0
East,1,2x8,14,2025-08-22,345.0
East,1,2x8,14,2025-08-29,335.0
East,1,2x8,14,2025-09-05,330.0
East,1,2x8,14,2025-09-12,330.0
East,1,2x8,14,2025-09-19,330.0
East,1,2x8,14,2025-09-26,335.0
East,1,2x8,14,2025-10-03,335.0
East,1,2x8,14,2025-10-10,340.0
East,1,2x8,14,2025-10-17,340.0
East,1,2x8,16,2024-01-12,400.0
East,1,2x8,16,2024-01-18,390.0
East,1,2x8,16,2024-01-25,375.0
East,1,2x8,16,2024-02-08,370.0
East,1,2x8,16,2024-02-15,380.0
East,1,2x8,16,2024-02-22,390.0
East,1,2x8,16,2024-02-29,400.0
East,1,2x8,16,2024-03-07,410.0
East,1,2x8,16,2024-03-14,410.0
East,1,2x8,16,2024-03-21,400.0
East,1,2x8,16,2024-03-28,395.0
East,1,2x8,16,2024-04-04,390.0
East,1,2x8,16,2024-04-11,380.0
East,1,2x8,16,2024-04-18,360.0
East,1,2x8,16,2024-04-25,355.0
East,1,2x8,16,2024-05-02,355.0
East,1,2x8,16,2024-05-09,355.0
East,1,2x8,16,2024-05-16,360.0
East,1,2x8,16,2024-05-30,355.0
East,1,2x8,16,2024-06-06,350.0
East,1,2x8,16,2024-06-13,340.0
East,1,2x8,16,2024-06-20,330.0
East,1,2x8,16,2024-06-27,315.0
East,1,2x8,16,2024-07-04,315.0
East,1,2x8,16,2024-07-11,315.0
East,1,2x8,16,2024-07-18,315.0
East,1,2x8,16,2024-07-25,320.0
East,1,2x8,16,2024-08-01,320.0
East,1,2x8,16,2024-08-08,320.0
East,1,2x8,16,2024-08-15,320.0
East,1,2x8,16,2024-08-22,325.0
East,1,2x8,16,2024-08-29,320.0
East,1,2x8,16,2024-09-05,325.0
East,1,2x8,16,2024-09-12,325.0
East,1,2x8,16,2024-09-20,325.0
East,1,2x8,16,2024-09-27,340.0
East,1,2x8,16,2024-10-04,350.0
East,1,2x8,16,2024-10-11,375.0
East,1,2x8,16,2024-10-18,405.0
East,1,2x8,16,2024-10-25,425.0
East,1,2x8,16,2024-11-01,435.0
East,1,2x8,16,2024-11-08,435.0
East,1,2x8,16,2024-11-15,425.0
East,1,2x8,16,2024-11-22,405.0
East,1,2x8,16,2024-11-27,390.0
East,1,2x8,16,2024-12-06,380.0
East,1,2x8,16,2024-12-13,370.0
East,1,2x8,16,2024-12-20,380.0
East,1,2x8,16,2025-01-03,410.0
East,1,2x8,16,2025-01-10,420.0
East,1,2x8,16,2025-01-17,420.0
East,1,2x8,16,2025-01-24,415.0
East,1,2x8,16,2025-01-31,405.0
East,1,2x8,16,2025-02-07,420.0
East,1,2x8,16,2025-02-14,425.0
East,1,2x8,16,2025-02-21,430.0
East,1,2x8,16,2025-02-28,430.0
East,1,2x8,16,2025-03-07,430.0
East,1,2x8,16,2025-03-14,420.0
East,1,2x8,16,2025-03-21,410.0
East,1,2x8,16,2025-03-28,410.0
East,1,2x8,16,2025-04-04,415.0
East,1,2x8,16,2025-04-11,415.0
East,1,2x8,16,2025-04-18,420.0
East,1,2x8,16,2025-04-25,415.0
East,1,2x8,16,2025-05-02,405.0
East,1,2x8,16,2025-05-09,390.0
East,1,2x8,16,2025-05-16,370.0
East,1,2x8,16,2025-05-23,350.0
East,1,2x8,16,2025-05-30,340.0
East,1,2x8,16,2025-06-06,330.0
East,1,2x8,16,2025-06-13,330.0
East,1,2x8,16,2025-06-19,330.0
East,1,2x8,16,2025-06-27,330.0
East,1,2x8,16,2025-07-03,340.0
East,1,2x8,16,2025-07-11,350.0
East,1,2x8,16,2025-07-18,365.0
East,1,2x8,16,2025-07-25,360.0
East,1,2x8,16,2025-08-01,365.0
East,1,2x8,16,2025-08-08,365.0
East,1,2x8,16,2025-08-15,360.0
East,1,2x8,16,2025-08-22,345.0
East,1,2x8,16,2025-08-29,330.0
East,1,2x8,16,2025-09-05,315.0
East,1,2x8,16,2025-09-12,315.0
East,1,2x8,16,2025-09-19,320.0
East,1,2x8,16,2025-09-26,330.0
East,1,2x8,16,2025-10-03,340.0
East,1,2x8,16,2025-10-10,350.0
East,1,2x8,16,2025-10-17,350.0
East,1,2x8,18,2024-01-12,375.0
East,1,2x8,18,2024-01-18,370.0
East,1,2x8,18,2024-01-25,360.0
East,1,2x8,18,2024-02-08,370.0
East,1,2x8,18,2024-02-15,380.0
East,1,2x8,18,2024-02-22,385.0
East,1,2x8,18,2024-02-29,390.0
East,1,2x8,18,2024-03-07,395.0
East,1,2x8,18,2024-03-14,405.0
East,1,2x8,18,2024-03-21,400.0
East,1,2x8,18,2024-03-28,395.0
East,1,2x8,18,2024-04-04,385.0
East,1,2x8,18,2024-04-11,375.0
East,1,2x8,18,2024-04-18,360.0
East,1,2x8,18,2024-04-25,345.0
East,1,2x8,18,2024-05-02,335.0
East,1,2x8,18,2024-05-09,335.0
East,1,2x8,18,2024-05-16,335.0
East,1,2x8,18,2024-05-30,335.0
East,1,2x8,18,2024-06-06,325.0
East,1,2x8,18,2024-06-13,315.0
East,1,2x8,18,2024-06-20,305.0
East,1,2x8,18,2024-06-27,300.0
East,1,2x8,18,2024-07-04,300.0
East,1,2x8,18,2024-07-11,300.0
East,1,2x8,18,2024-07-18,300.0
East,1,2x8,18,2024-07-25,305.0
East,1,2x8,18,2024-08-01,305.0
East,1,2x8,18,2024-08-08,305.0
East,1,2x8,18,2024-08-15,305.0
East,1,2x8,18,2024-08-22,305.0
East,1,2x8,18,2024-08-29,300.0
East,1,2x8,18,2024-09-05,300.0
East,1,2x8,18,2024-09-12,300.0
East,1,2x8,18,2024-09-20,300.0
East,1,2x8,18,2024-09-27,310.0
East,1,2x8,18,2024-10-04,325.0
East,1,2x8,18,2024-10-11,350.0
East,1,2x8,18,2024-10-18,375.0
East,1,2x8,18,2024-10-25,395.0
East,1,2x8,18,2024-11-01,395.0
East,1,2x8,18,2024-11-08,390.0
East,1,2x8,18,2024-11-15,375.0
East,1,2x8,18,2024-11-22,350.0
East,1,2x8,18,2024-11-27,345.0
East,1,2x8,18,2024-12-06,345.0
East,1,2x8,18,2024-12-13,345.0
East,1,2x8,18,2024-12-20,340.0
East,1,2x8,18,2025-01-03,360.0
East,1,2x8,18,2025-01-10,370.0
East,1,2x8,18,2025-01-17,375.0
East,1,2x8,18,2025-01-24,370.0
East,1,2x8,18,2025-01-31,365.0
East,1,2x8,18,2025-02-07,370.0
East,1,2x8,18,2025-02-14,370.0
East,1,2x8,18,2025-02-21,370.0
East,1,2x8,18,2025-02-28,365.0
East,1,2x8,18,2025-03-07,365.0
East,1,2x8,18,2025-03-14,360.0
East,1,2x8,18,2025-03-21,360.0
East,1,2x8,18,2025-03-28,360.0
East,1,2x8,18,2025-04-04,360.0
East,1,2x8,18,2025-04-11,360.0
East,1,2x8,18,2025-04-18,360.0
East,1,2x8,18,2025-04-25,360.0
East,1,2x8,18,2025-05-02,355.0
East,1,2x8,18,2025-05-09,345.0
East,1,2x8,18,2025-05-16,335.0
East,1,2x8,18,2025-05-23,320.0
East,1,2x8,18,2025-05-30,310.0
East,1,2x8,18,2025-06-06,310.0
East,1,2x8,18,2025-06-13,310.0
East,1,2x8,18,2025-06-19,315.0
East,1,2x8,18,2025-06-27,325.0
East,1,2x8,18,2025-07-03,340.0
East,1,2x8,18,2025-07-11,350.0
East,1,2x8,18,2025-07-18,365.0
East,1,2x8,18,2025-07-25,325.0
East,1,2x8,18,2025-08-01,365.0
East,1,2x8,18,2025-08-08,365.0
East,1,2x8,18,2025-08-15,365.0
East,1,2x8,18,2025-08-22,355.0
East,1,2x8,18,2025-08-29,350.0
East,1,2x8,18,2025-09-05,350.0
East,1,2x8,18,2025-09-12,350.0
East,1,2x8,18,2025-09-19,350.0
East,1,2x8,18,2025-09-26,360.0
East,1,2x8,18,2025-10-03,370.0
East,1,2x8,18,2025-10-10,375.0
East,1,2x8,18,2025-10-17,375.0
East,1,2x8,20,2024-01-12,430.0
East,1,2x8,20,2024-01-18,425.0
East,1,2x8,20,2024-01-25,415.0
East,1,2x8,20,2024-02-08,420.0
East,1,2x8,20,2024-02-15,430.0
East,1,2x8,20,2024-02-22,435.0
East,1,2x8,20,2024-02-29,435.0
East,1,2x8,20,2024-03-07,440.0
East,1,2x8,20,2024-03-14,455.0
East,1,2x8,20,2024-03-21,465.0
East,1,2x8,20,2024-03-28,460.0
East,1,2x8,20,2024-04-04,460.0
East,1,2x8,20,2024-04-11,445.0
East,1,2x8,20,2024-04-18,430.0
East,1,2x8,20,2024-04-25,425.0
East,1,2x8,20,2024-05-02,425.0
East,1,2x8,20,2024-05-09,430.0
East,1,2x8,20,2024-05-16,430.0
East,1,2x8,20,2024-05-30,445.0
East,1,2x8,20,2024-06-06,440.0
East,1,2x8,20,2024-06-13,430.0
East,1,2x8,20,2024-06-20,420.0
East,1,2x8,20,2024-06-27,410.0
East,1,2x8,20,2024-07-04,410.0
East,1,2x8,20,2024-07-11,410.0
East,1,2x8,20,2024-07-18,410.0
East,1,2x8,20,2024-07-25,415.0
East,1,2x8,20,2024-08-01,420.0
East,1,2x8,20,2024-08-08,420.0
East,1,2x8,20,2024-08-15,420.0
East,1,2x8,20,2024-08-22,420.0
East,1,2x8,20,2024-08-29,405.0
East,1,2x8,20,2024-09-05,410.0
East,1,2x8,20,2024-09-12,410.0
East,1,2x8,20,2024-09-20,410.0
East,1,2x8,20,2024-09-27,420.0
East,1,2x8,20,2024-10-04,430.0
East,1,2x8,20,2024-10-11,455.0
East,1,2x8,20,2024-10-18,470.0
East,1,2x8,20,2024-10-25,485.0
East,1,2x8,20,2024-11-01,470.0
East,1,2x8,20,2024-11-08,455.0
East,1,2x8,20,2024-11-15,435.0
East,1,2x8,20,2024-11-22,420.0
East,1,2x8,20,2024-11-27,415.0
East,1,2x8,20,2024-12-06,400.0
East,1,2x8,20,2024-12-13,400.0
East,1,2x8,20,2024-12-20,385.0
East,1,2x8,20,2025-01-03,400.0
East,1,2x8,20,2025-01-10,405.0
East,1,2x8,20,2025-01-17,405.0
East,1,2x8,20,2025-01-24,395.0
East,1,2x8,20,2025-01-31,385.0
East,1,2x8,20,2025-02-07,385.0
East,1,2x8,20,2025-02-14,390.0
East,1,2x8,20,2025-02-21,390.0
East,1,2x8,20,2025-02-28,390.0
East,1,2x8,20,2025-03-07,390.0
East,1,2x8,20,2025-03-14,385.0
East,1,2x8,20,2025-03-21,375.0
East,1,2x8,20,2025-03-28,375.0
East,1,2x8,20,2025-04-04,375.0
East,1,2x8,20,2025-04-11,375.0
East,1,2x8,20,2025-04-18,375.0
East,1,2x8,20,2025-04-25,375.0
East,1,2x8,20,2025-05-02,370.0
East,1,2x8,20,2025-05-09,365.0
East,1,2x8,20,2025-05-16,350.0
East,1,2x8,20,2025-05-23,335.0
East,1,2x8,20,2025-05-30,325.0
East,1,2x8,20,2025-06-06,325.0
East,1,2x8,20,2025-06-13,325.0
East,1,2x8,20,2025-06-19,320.0
East,1,2x8,20,2025-06-27,320.0
East,1,2x8,20,2025-07-03,335.0
East,1,2x8,20,2025-07-11,345.0
East,1,2x8,20,2025-07-18,350.0
East,1,2x8,20,2025-07-25,345.0
East,1,2x8,20,2025-08-01,355.0
East,1,2x8,20,2025-08-08,360.0
East,1,2x8,20,2025-08-15,360.0
East,1,2x8,20,2025-08-22,355.0
East,1,2x8,20,2025-08-29,355.0
East,1,2x8,20,2025-09-05,355.0
East,1,2x8,20,2025-09-12,355.0
East,1,2x8,20,2025-09-19,355.0
East,1,2x8,20,2025-09-26,365.0
East,1,2x8,20,2025-10-03,375.0
East,1,2x8,20,2025-10-10,385.0
East,1,2x8,20,2025-10-17,385.0
East,2,2x10,8,2024-01-12,245.0
East,2,2x10,8,2024-01-18,240.0
East,2,2x10,8,2024-01-25,230.0
East,2,2x10,8,2024-02-08,220.0
East,2,2x10,8,2024-02-15,230.0
East,2,2x10,8,2024-02-22,240.0
East,2,2x10,8,2024-02-29,245.0
East,2,2x10,8,2024-03-07,250.0
East,2,2x10,8,2024-03-14,250.0
East,2,2x10,8,2024-03-21,250.0
East,2,2x10,8,2024-03-28,250.0
East,2,2x10,8,2024-04-04,250.0
East,2,2x10,8,2024-04-11,250.0
East,2,2x10,8,2024-04-18,250.0
East,2,2x10,8,2024-04-25,250.0
East,2,2x10,8,2024-05-02,260.0
East,2,2x10,8,2024-05-09,275.0
East,2,2x10,8,2024-05-16,290.0
East,2,2x10,8,2024-05-30,325.0
East,2,2x10,8,2024-06-06,335.0
East,2,2x10,8,2024-06-13,340.0
East,2,2x10,8,2024-06-20,340.0
East,2,2x10,8,2024-06-27,330.0
East,2,2x10,8,2024-07-04,320.0
East,2,2x10,8,2024-07-11,315.0
East,2,2x10,8,2024-07-18,315.0
East,2,2x10,8,2024-07-25,315.0
East,2,2x10,8,2024-08-01,315.0
East,2,2x10,8,2024-08-08,315.0
East,2,2x10,8,2024-08-15,315.0
East,2,2x10,8,2024-08-22,315.0
East,2,2x10,8,2024-08-29,305.0
East,2,2x10,8,2024-09-05,300.0
East,2,2x10,8,2024-09-12,300.0
East,2,2x10,8,2024-09-20,290.0
East,2,2x10,8,2024-09-27,285.0
East,2,2x10,8,2024-10-04,285.0
East,2,2x10,8,2024-10-11,310.0
East,2,2x10,8,2024-10-18,310.0
East,2,2x10,8,2024-10-25,310.0
East,2,2x10,8,2024-11-01,310.0
East,2,2x10,8,2024-11-08,300.0
East,2,2x10,8,2024-11-15,290.0
East,2,2x10,8,2024-11-22,275.0
East,2,2x10,8,2024-11-27,265.0
East,2,2x10,8,2024-12-06,260.0
East,2,2x10,8,2024-12-13,260.0
East,2,2x10,8,2024-12-20,265.0
East,2,2x10,8,2025-01-03,280.0
East,2,2x10,8,2025-01-10,285.0
East,2,2x10,8,2025-01-17,290.0
East,2,2x10,8,2025-01-24,290.0
East,2,2x10,8,2025-01-31,290.0
East,2,2x10,8,2025-02-07,300.0
East,2,2x10,8,2025-02-14,305.0
East,2,2x10,8,2025-02-21,315.0
East,2,2x10,8,2025-02-28,315.0
East,2,2x10,8,2025-03-07,315.0
East,2,2x10,8,2025-03-14,320.0
East,2,2x10,8,2025-03-21,330.0
East,2,2x10,8,2025-03-28,345.0
East,2,2x10,8,2025-04-04,360.0
East,2,2x10,8,2025-04-11,375.0
East,2,2x10,8,2025-04-18,390.0
East,2,2x10,8,2025-04-25,405.0
East,2,2x10,8,2025-05-02,405.0
East,2,2x10,8,2025-05-09,405.0
East,2,2x10,8,2025-05-16,385.0
East,2,2x10,8,2025-05-23,365.0
East,2,2x10,8,2025-05-30,345.0
East,2,2x10,8,2025-06-06,320.0
East,2,2x10,8,2025-06-13,305.0
East,2,2x10,8,2025-06-19,295.0
East,2,2x10,8,2025-06-27,280.0
East,2,2x10,8,2025-07-03,275.0
East,2,2x10,8,2025-07-11,275.0
East,2,2x10,8,2025-07-18,275.0
East,2,2x10,8,2025-07-25,285.0
East,2,2x10,8,2025-08-01,275.0
East,2,2x10,8,2025-08-08,265.0
East,2,2x10,8,2025-08-15,255.0
East,2,2x10,8,2025-08-22,245.0
East,2,2x10,8,2025-08-29,235.0
East,2,2x10,8,2025-09-05,225.0
East,2,2x10,8,2025-09-12,220.0
East,2,2x10,8,2025-09-19,220.0
East,2,2x10,8,2025-09-26,220.0
East,2,2x10,8,2025-10-03,225.0
East,2,2x10,8,2025-10-10,230.0
East,2,2x10,8,2025-10-17,235.0
East,2,2x10,10,2024-01-12,345.0
East,2,2x10,10,2024-01-18,340.0
East,2,2x10,10,2024-01-25,330.0
East,2,2x10,10,2024-02-08,320.0
East,2,2x10,10,2024-02-15,325.0
East,2,2x10,10,2024-02-22,335.0
East,2,2x10,10,2024-02-29,340.0
East,2,2x10,10,2024-03-07,340.0
East,2,2x10,10,2024-03-14,340.0
East,2,2x10,10,2024-03-21,340.0
East,2,2x10,10,2024-03-28,340.0
East,2,2x10,10,2024-04-04,335.0
East,2,2x10,10,2024-04-11,325.0
East,2,2x10,10,2024-04-18,320.0
East,2,2x10,10,2024-04-25,320.0
East,2,2x10,10,2024-05-02,330.0
East,2,2x10,10,2024-05-09,345.0
East,2,2x10,10,2024-05-16,365.0
East,2,2x10,10,2024-05-30,410.0
East,2,2x10,10,2024-06-06,425.0
East,2,2x10,10,2024-06-13,425.0
East,2,2x10,10,2024-06-20,425.0
East,2,2x10,10,2024-06-27,415.0
East,2,2x10,10,2024-07-04,400.0
East,2,2x10,10,2024-07-11,390.0
East,2,2x10,10,2024-07-18,390.0
East,2,2x10,10,2024-07-25,390.0
East,2,2x10,10,2024-08-01,390.0
East,2,2x10,10,2024-08-08,390.0
East,2,2x10,10,2024-08-15,390.0
East,2,2x10,10,2024-08-22,385.0
East,2,2x10,10,2024-08-29,375.0
East,2,2x10,10,2024-09-05,370.0
East,2,2x10,10,2024-09-12,365.0
East,2,2x10,10,2024-09-20,355.0
East,2,2x10,10,2024-09-27,350.0
East,2,2x10,10,2024-10-04,350.0
East,2,2x10,10,2024-10-11,350.0
East,2,2x10,10,2024-10-18,350.0
East,2,2x10,10,2024-10-25,350.0
East,2,2x10,10,2024-11-01,340.0
East,2,2x10,10,2024-11-08,330.0
East,2,2x10,10,2024-11-15,320.0
East,2,2x10,10,2024-11-22,305.0
East,2,2x10,10,2024-11-27,295.0
East,2,2x10,10,2024-12-06,295.0
East,2,2x10,10,2024-12-13,295.0
East,2,2x10,10,2024-12-20,300.0
East,2,2x10,10,2025-01-03,320.0
East,2,2x10,10,2025-01-10,325.0
East,2,2x10,10,2025-01-17,325.0
East,2,2x10,10,2025-01-24,315.0
East,2,2x10,10,2025-01-31,315.0
East,2,2x10,10,2025-02-07,325.0
East,2,2x10,10,2025-02-14,335.0
East,2,2x10,10,2025-02-21,335.0
East,2,2x10,10,2025-02-28,330.0
East,2,2x10,10,2025-03-07,325.0
East,2,2x10,10,2025-03-14,330.0
East,2,2x10,10,2025-03-21,345.0
East,2,2x10,10,2025-03-28,360.0
East,2,2x10,10,2025-04-04,375.0
East,2,2x10,10,2025-04-11,395.0
East,2,2x10,10,2025-04-18,415.0
East,2,2x10,10,2025-04-25,430.0
East,2,2x10,10,2025-05-02,425.0
East,2,2x10,10,2025-05-09,425.0
East,2,2x10,10,2025-05-16,415.0
East,2,2x10,10,2025-05-23,395.0
East,2,2x10,10,2025-05-30,380.0
East,2,2x10,10,2025-06-06,365.0
East,2,2x10,10,2025-06-13,350.0
East,2,2x10,10,2025-06-19,340.0
East,2,2x10,10,2025-06-27,330.0
East,2,2x10,10,2025-07-03,325.0
East,2,2x10,10,2025-07-11,325.0
East,2,2x10,10,2025-07-18,325.0
East,2,2x10,10,2025-07-25,290.0
East,2,2x10,10,2025-08-01,325.0
East,2,2x10,10,2025-08-08,320.0
East,2,2x10,10,2025-08-15,305.0
East,2,2x10,10,2025-08-22,290.0
East,2,2x10,10,2025-08-29,275.0
East,2,2x10,10,2025-09-05,270.0
East,2,2x10,10,2025-09-12,270.0
East,2,2x10,10,2025-09-19,270.0
East,2,2x10,10,2025-09-26,270.0
East,2,2x10,10,2025-10-03,275.0
East,2,2x10,10,2025-10-10,275.0
East,2,2x10,10,2025-10-17,280.0
East,2,2x10,12,2024-01-12,360.0
East,2,2x10,12,2024-01-18,350.0
East,2,2x10,12,2024-01-25,340.0
East,2,2x10,12,2024-02-08,330.0
East,2,2x10,12,2024-02-15,335.0
East,2,2x10,12,2024-02-22,345.0
East,2,2x10,12,2024-02-29,350.0
East,2,2x10,12,2024-03-07,350.0
East,2,2x10,12,2024-03-14,345.0
East,2,2x10,12,2024-03-21,345.0
East,2,2x10,12,2024-03-28,345.0
East,2,2x10,12,2024-04-04,340.0
East,2,2x10,12,2024-04-11,330.0
East,2,2x10,12,2024-04-18,325.0
East,2,2x10,12,2024-04-25,330.0
East,2,2x10,12,2024-05-02,335.0
East,2,2x10,12,2024-05-09,355.0
East,2,2x10,12,2024-05-16,375.0
East,2,2x10,12,2024-05-30,415.0
East,2,2x10,12,2024-06-06,425.0
East,2,2x10,12,2024-06-13,430.0
East,2,2x10,12,2024-06-20,430.0
East,2,2x10,12,2024-06-27,420.0
East,2,2x10,12,2024-07-04,410.0
East,2,2x10,12,2024-07-11,400.0
East,2,2x10,12,2024-07-18,400.0
East,2,2x10,12,2024-07-25,400.0
East,2,2x10,12,2024-08-01,400.0
East,2,2x10,12,2024-08-08,400.0
East,2,2x10,12,2024-08-15,400.0
East,2,2x10,12,2024-08-22,400.0
East,2,2x10,12,2024-08-29,395.0
East,2,2x10,12,2024-09-05,385.0
East,2,2x10,12,2024-09-12,380.0
East,2,2x10,12,2024-09-20,370.0
East,2,2x10,12,2024-09-27,360.0
East,2,2x10,12,2024-10-04,360.0
East,2,2x10,12,2024-10-11,360.0
East,2,2x10,12,2024-10-18,360.0
East,2,2x10,12,2024-10-25,360.0
East,2,2x10,12,2024-11-01,350.0
East,2,2x10,12,2024-11-08,340.0
East,2,2x10,12,2024-11-15,330.0
East,2,2x10,12,2024-11-22,315.0
East,2,2x10,12,2024-11-27,305.0
East,2,2x10,12,2024-12-06,300.0
East,2,2x10,12,2024-12-13,300.0
East,2,2x10,12,2024-12-20,305.0
East,2,2x10,12,2025-01-03,320.0
East,2,2x10,12,2025-01-10,330.0
East,2,2x10,12,2025-01-17,335.0
East,2,2x10,12,2025-01-24,325.0
East,2,2x10,12,2025-01-31,325.0
East,2,2x10,12,2025-02-07,335.0
East,2,2x10,12,2025-02-14,345.0
East,2,2x10,12,2025-02-21,345.0
East,2,2x10,12,2025-02-28,345.0
East,2,2x10,12,2025-03-07,345.0
East,2,2x10,12,2025-03-14,350.0
East,2,2x10,12,2025-03-21,365.0
East,2,2x10,12,2025-03-28,380.0
East,2,2x10,12,2025-04-04,400.0
East,2,2x10,12,2025-04-11,420.0
East,2,2x10,12,2025-04-18,435.0
East,2,2x10,12,2025-04-25,450.0
East,2,2x10,12,2025-05-02,450.0
East,2,2x10,12,2025-05-09,440.0
East,2,2x10,12,2025-05-16,425.0
East,2,2x10,12,2025-05-23,405.0
East,2,2x10,12,2025-05-30,395.0
East,2,2x10,12,2025-06-06,375.0
East,2,2x10,12,2025-06-13,365.0
East,2,2x10,12,2025-06-19,355.0
East,2,2x10,12,2025-06-27,340.0
East,2,2x10,12,2025-07-03,340.0
East,2,2x10,12,2025-07-11,340.0
East,2,2x10,12,2025-07-18,340.0
East,2,2x10,12,2025-07-25,290.0
East,2,2x10,12,2025-08-01,340.0
East,2,2x10,12,2025-08-08,330.0
East,2,2x10,12,2025-08-15,320.0
East,2,2x10,12,2025-08-22,310.0
East,2,2x10,12,2025-08-29,300.0
East,2,2x10,12,2025-09-05,290.0
East,2,2x10,12,2025-09-12,285.0
East,2,2x10,12,2025-09-19,285.0
East,2,2x10,12,2025-09-26,285.0
East,2,2x10,12,2025-10-03,290.0
East,2,2x10,12,2025-10-10,290.0
East,2,2x10,12,2025-10-17,290.0
East,2,2x10,14,2024-01-12,345.0
East,2,2x10,14,2024-01-18,340.0
East,2,2x10,14,2024-01-25,335.0
East,2,2x10,14,2024-02-08,335.0
East,2,2x10,14,2024-02-15,340.0
East,2,2x10,14,2024-02-22,350.0
East,2,2x10,14,2024-02-29,360.0
East,2,2x10,14,2024-03-07,365.0
East,2,2x10,14,2024-03-14,365.0
East,2,2x10,14,2024-03-21,365.0
East,2,2x10,14,2024-03-28,365.0
East,2,2x10,14,2024-04-04,360.0
East,2,2x10,14,2024-04-11,350.0
East,2,2x10,14,2024-04-18,340.0
East,2,2x10,14,2024-04-25,340.0
East,2,2x10,14,2024-05-02,350.0
East,2,2x10,14,2024-05-09,365.0
East,2,2x10,14,2024-05-16,385.0
East,2,2x10,14,2024-05-30,430.0
East,2,2x10,14,2024-06-06,440.0
East,2,2x10,14,2024-06-13,440.0
East,2,2x10,14,2024-06-20,440.0
East,2,2x10,14,2024-06-27,430.0
East,2,2x10,14,2024-07-04,415.0
East,2,2x10,14,2024-07-11,405.0
East,2,2x10,14,2024-07-18,405.0
East,2,2x10,14,2024-07-25,400.0
East,2,2x10,14,2024-08-01,400.0
East,2,2x10,14,2024-08-08,400.0
East,2,2x10,14,2024-08-15,400.0
East,2,2x10,14,2024-08-22,395.0
East,2,2x10,14,2024-08-29,390.0
East,2,2x10,14,2024-09-05,385.0
East,2,2x10,14,2024-09-12,375.0
East,2,2x10,14,2024-09-20,365.0
East,2,2x10,14,2024-09-27,360.0
East,2,2x10,14,2024-10-04,360.0
East,2,2x10,14,2024-10-11,360.0
East,2,2x10,14,2024-10-18,360.0
East,2,2x10,14,2024-10-25,360.0
East,2,2x10,14,2024-11-01,355.0
East,2,2x10,14,2024-11-08,345.0
East,2,2x10,14,2024-11-15,335.0
East,2,2x10,14,2024-11-22,315.0
East,2,2x10,14,2024-11-27,305.0
East,2,2x10,14,2024-12-06,300.0
East,2,2x10,14,2024-12-13,300.0
East,2,2x10,14,2024-12-20,305.0
East,2,2x10,14,2025-01-03,320.0
East,2,2x10,14,2025-01-10,330.0
East,2,2x10,14,2025-01-17,335.0
East,2,2x10,14,2025-01-24,330.0
East,2,2x10,14,2025-01-31,330.0
East,2,2x10,14,2025-02-07,340.0
East,2,2x10,14,2025-02-14,350.0
East,2,2x10,14,2025-02-21,355.0
East,2,2x10,14,2025-02-28,355.0
East,2,2x10,14,2025-03-07,355.0
East,2,2x10,14,2025-03-14,360.0
East,2,2x10,14,2025-03-21,370.0
East,2,2x10,14,2025-03-28,385.0
East,2,2x10,14,2025-04-04,400.0
East,2,2x10,14,2025-04-11,415.0
East,2,2x10,14,2025-04-18,435.0
East,2,2x10,14,2025-04-25,450.0
East,2,2x10,14,2025-05-02,450.0
East,2,2x10,14,2025-05-09,450.0
East,2,2x10,14,2025-05-16,440.0
East,2,2x10,14,2025-05-23,420.0
East,2,2x10,14,2025-05-30,405.0
East,2,2x10,14,2025-06-06,390.0
East,2,2x10,14,2025-06-13,380.0
East,2,2x10,14,2025-06-19,375.0
East,2,2x10,14,2025-06-27,360.0
East,2,2x10,14,2025-07-03,360.0
East,2,2x10,14,2025-07-11,360.0
East,2,2x10,14,2025-07-18,360.0
East,2,2x10,14,2025-07-25,290.0
East,2,2x10,14,2025-08-01,360.0
East,2,2x10,14,2025-08-08,350.0
East,2,2x10,14,2025-08-15,340.0
East,2,2x10,14,2025-08-22,325.0
East,2,2x10,14,2025-08-29,315.0
East,2,2x10,14,2025-09-05,305.0
East,2,2x10,14,2025-09-12,300.0
East,2,2x10,14,2025-09-19,300.0
East,2,2x10,14,2025-09-26,300.0
East,2,2x10,14,2025-10-03,305.0
East,2,2x10,14,2025-10-10,305.0
East,2,2x10,14,2025-10-17,305.0
East,2,2x10,16,2024-01-12,320.0
East,2,2x10,16,2024-01-18,315.0
East,2,2x10,16,2024-01-25,305.0
East,2,2x10,16,2024-02-08,300.0
East,2,2x10,16,2024-02-15,310.0
East,2,2x10,16,2024-02-22,320.0
East,2,2x10,16,2024-02-29,330.0
East,2,2x10,16,2024-03-07,340.0
East,2,2x10,16,2024-03-14,340.0
East,2,2x10,16,2024-03-21,340.0
East,2,2x10,16,2024-03-28,340.0
East,2,2x10,16,2024-04-04,335.0
East,2,2x10,16,2024-04-11,325.0
East,2,2x10,16,2024-04-18,315.0
East,2,2x10,16,2024-04-25,315.0
East,2,2x10,16,2024-05-02,325.0
East,2,2x10,16,2024-05-09,345.0
East,2,2x10,16,2024-05-16,370.0
East,2,2x10,16,2024-05-30,410.0
East,2,2x10,16,2024-06-06,420.0
East,2,2x10,16,2024-06-13,420.0
East,2,2x10,16,2024-06-20,420.0
East,2,2x10,16,2024-06-27,410.0
East,2,2x10,16,2024-07-04,400.0
East,2,2x10,16,2024-07-11,390.0
East,2,2x10,16,2024-07-18,390.0
East,2,2x10,16,2024-07-25,390.0
East,2,2x10,16,2024-08-01,390.0
East,2,2x10,16,2024-08-08,390.0
East,2,2x10,16,2024-08-15,390.0
East,2,2x10,16,2024-08-22,390.0
East,2,2x10,16,2024-08-29,380.0
East,2,2x10,16,2024-09-05,375.0
East,2,2x10,16,2024-09-12,370.0
East,2,2x10,16,2024-09-20,360.0
East,2,2x10,16,2024-09-27,355.0
East,2,2x10,16,2024-10-04,355.0
East,2,2x10,16,2024-10-11,355.0
East,2,2x10,16,2024-10-18,355.0
East,2,2x10,16,2024-10-25,355.0
East,2,2x10,16,2024-11-01,345.0
East,2,2x10,16,2024-11-08,335.0
East,2,2x10,16,2024-11-15,320.0
East,2,2x10,16,2024-11-22,300.0
East,2,2x10,16,2024-11-27,290.0
East,2,2x10,16,2024-12-06,285.0
East,2,2x10,16,2024-12-13,285.0
East,2,2x10,16,2024-12-20,290.0
East,2,2x10,16,2025-01-03,310.0
East,2,2x10,16,2025-01-10,320.0
East,2,2x10,16,2025-01-17,325.0
East,2,2x10,16,2025-01-24,325.0
East,2,2x10,16,2025-01-31,325.0
East,2,2x10,16,2025-02-07,335.0
East,2,2x10,16,2025-02-14,345.0
East,2,2x10,16,2025-02-21,345.0
East,2,2x10,16,2025-02-28,345.0
East,2,2x10,16,2025-03-07,345.0
East,2,2x10,16,2025-03-14,350.0
East,2,2x10,16,2025-03-21,365.0
East,2,2x10,16,2025-03-28,380.0
East,2,2x10,16,2025-04-04,400.0
East,2,2x10,16,2025-04-11,420.0
East,2,2x10,16,2025-04-18,440.0
East,2,2x10,16,2025-04-25,460.0
East,2,2x10,16,2025-05-02,475.0
East,2,2x10,16,2025-05-09,480.0
East,2,2x10,16,2025-05-16,470.0
East,2,2x10,16,2025-05-23,450.0
East,2,2x10,16,2025-05-30,435.0
East,2,2x10,16,2025-06-06,415.0
East,2,2x10,16,2025-06-13,395.0
East,2,2x10,16,2025-06-19,385.0
East,2,2x10,16,2025-06-27,365.0
East,2,2x10,16,2025-07-03,365.0
East,2,2x10,16,2025-07-11,365.0
East,2,2x10,16,2025-07-18,360.0
East,2,2x10,16,2025-07-25,310.0
East,2,2x10,16,2025-08-01,350.0
East,2,2x10,16,2025-08-08,340.0
East,2,2x10,16,2025-08-15,325.0
East,2,2x10,16,2025-08-22,305.0
East,2,2x10,16,2025-08-29,285.0
East,2,2x10,16,2025-09-05,280.0
East,2,2x10,16,2025-09-12,280.0
East,2,2x10,16,2025-09-19,280.0
East,2,2x10,16,2025-09-26,285.0
East,2,2x10,16,2025-10-03,290.0
East,2,2x10,16,2025-10-10,290.0
East,2,2x10,16,2025-10-17,295.0
East,2,2x10,18,2024-01-12,275.0
East,2,2x10,18,2024-01-18,275.0
East,2,2x10,18,2024-01-25,275.0
East,2,2x10,18,2024-02-08,270.0
East,2,2x10,18,2024-02-15,275.0
East,2,2x10,18,2024-02-22,285.0
East,2,2x10,18,2024-02-29,290.0
East,2,2x10,18,2024-03-07,300.0
East,2,2x10,18,2024-03-14,310.0
East,2,2x10,18,2024-03-21,310.0
East,2,2x10,18,2024-03-28,310.0
East,2,2x10,18,2024-04-04,305.0
East,2,2x10,18,2024-04-11,295.0
East,2,2x10,18,2024-04-18,290.0
East,2,2x10,18,2024-04-25,290.0
East,2,2x10,18,2024-05-02,290.0
East,2,2x10,18,2024-05-09,305.0
East,2,2x10,18,2024-05-16,325.0
East,2,2x10,18,2024-05-30,360.0
East,2,2x10,18,2024-06-06,365.0
East,2,2x10,18,2024-06-13,365.0
East,2,2x10,18,2024-06-20,365.0
East,2,2x10,18,2024-06-27,350.0
East,2,2x10,18,2024-07-04,335.0
East,2,2x10,18,2024-07-11,320.0
East,2,2x10,18,2024-07-18,320.0
East,2,2x10,18,2024-07-25,320.0
East,2,2x10,18,2024-08-01,320.0
East,2,2x10,18,2024-08-08,320.0
East,2,2x10,18,2024-08-15,320.0
East,2,2x10,18,2024-08-22,310.0
East,2,2x10,18,2024-08-29,300.0
East,2,2x10,18,2024-09-05,290.0
East,2,2x10,18,2024-09-12,285.0
East,2,2x10,18,2024-09-20,280.0
East,2,2x10,18,2024-09-27,275.0
East,2,2x10,18,2024-10-04,275.0
East,2,2x10,18,2024-10-11,275.0
East,2,2x10,18,2024-10-18,275.0
East,2,2x10,18,2024-10-25,275.0
East,2,2x10,18,2024-11-01,275.0
East,2,2x10,18,2024-11-08,265.0
East,2,2x10,18,2024-11-15,260.0
East,2,2x10,18,2024-11-22,250.0
East,2,2x10,18,2024-11-27,240.0
East,2,2x10,18,2024-12-06,230.0
East,2,2x10,18,2024-12-13,230.0
East,2,2x10,18,2024-12-20,240.0
East,2,2x10,18,2025-01-03,255.0
East,2,2x10,18,2025-01-10,265.0
East,2,2x10,18,2025-01-17,275.0
East,2,2x10,18,2025-01-24,270.0
East,2,2x10,18,2025-01-31,270.0
East,2,2x10,18,2025-02-07,280.0
East,2,2x10,18,2025-02-14,290.0
East,2,2x10,18,2025-02-21,290.0
East,2,2x10,18,2025-02-28,295.0
East,2,2x10,18,2025-03-07,295.0
East,2,2x10,18,2025-03-14,300.0
East,2,2x10,18,2025-03-21,310.0
East,2,2x10,18,2025-03-28,325.0
East,2,2x10,18,2025-04-04,340.0
East,2,2x10,18,2025-04-11,350.0
East,2,2x10,18,2025-04-18,360.0
East,2,2x10,18,2025-04-25,370.0
East,2,2x10,18,2025-05-02,365.0
East,2,2x10,18,2025-05-09,360.0
East,2,2x10,18,2025-05-16,350.0
East,2,2x10,18,2025-05-23,340.0
East,2,2x10,18,2025-05-30,330.0
East,2,2x10,18,2025-06-06,320.0
East,2,2x10,18,2025-06-13,310.0
East,2,2x10,18,2025-06-19,300.0
East,2,2x10,18,2025-06-27,290.0
East,2,2x10,18,2025-07-03,290.0
East,2,2x10,18,2025-07-11,290.0
East,2,2x10,18,2025-07-18,290.0
East,2,2x10,18,2025-07-25,250.0
East,2,2x10,18,2025-08-01,290.0
East,2,2x10,18,2025-08-08,280.0
East,2,2x10,18,2025-08-15,275.0
East,2,2x10,18,2025-08-22,265.0
East,2,2x10,18,2025-08-29,250.0
East,2,2x10,18,2025-09-05,245.0
East,2,2x10,18,2025-09-12,245.0
East,2,2x10,18,2025-09-19,245.0
East,2,2x10,18,2025-09-26,250.0
East,2,2x10,18,2025-10-03,255.0
East,2,2x10,18,2025-10-10,260.0
East,2,2x10,18,2025-10-17,270.0
East,2,2x10,20,2024-01-12,315.0
East,2,2x10,20,2024-01-18,315.0
East,2,2x10,20,2024-01-25,310.0
East,2,2x10,20,2024-02-08,300.0
East,2,2x10,20,2024-02-15,305.0
East,2,2x10,20,2024-02-22,315.0
East,2,2x10,20,2024-02-29,320.0
East,2,2x10,20,2024-03-07,330.0
East,2,2x10,20,2024-03-14,330.0
East,2,2x10,20,2024-03-21,330.0
East,2,2x10,20,2024-03-28,330.0
East,2,2x10,20,2024-04-04,325.0
East,2,2x10,20,2024-04-11,315.0
East,2,2x10,20,2024-04-18,315.0
East,2,2x10,20,2024-04-25,315.0
East,2,2x10,20,2024-05-02,325.0
East,2,2x10,20,2024-05-09,340.0
East,2,2x10,20,2024-05-16,370.0
East,2,2x10,20,2024-05-30,415.0
East,2,2x10,20,2024-06-06,420.0
East,2,2x10,20,2024-06-13,420.0
East,2,2x10,20,2024-06-20,420.0
East,2,2x10,20,2024-06-27,420.0
East,2,2x10,20,2024-07-04,415.0
East,2,2x10,20,2024-07-11,410.0
East,2,2x10,20,2024-07-18,410.0
East,2,2x10,20,2024-07-25,410.0
East,2,2x10,20,2024-08-01,410.0
East,2,2x10,20,2024-08-08,410.0
East,2,2x10,20,2024-08-15,410.0
East,2,2x10,20,2024-08-22,400.0
East,2,2x10,20,2024-08-29,390.0
East,2,2x10,20,2024-09-05,380.0
East,2,2x10,20,2024-09-12,375.0
East,2,2x10,20,2024-09-20,365.0
East,2,2x10,20,2024-09-27,360.0
East,2,2x10,20,2024-10-04,360.0
East,2,2x10,20,2024-10-11,360.0
East,2,2x10,20,2024-10-18,360.0
East,2,2x10,20,2024-10-25,360.0
East,2,2x10,20,2024-11-01,355.0
East,2,2x10,20,2024-11-08,340.0
East,2,2x10,20,2024-11-15,330.0
East,2,2x10,20,2024-11-22,310.0
East,2,2x10,20,2024-11-27,300.0
East,2,2x10,20,2024-12-06,290.0
East,2,2x10,20,2024-12-13,290.0
East,2,2x10,20,2024-12-20,295.0
East,2,2x10,20,2025-01-03,310.0
East,2,2x10,20,2025-01-10,315.0
East,2,2x10,20,2025-01-17,315.0
East,2,2x10,20,2025-01-24,310.0
East,2,2x10,20,2025-01-31,310.0
East,2,2x10,20,2025-02-07,320.0
East,2,2x10,20,2025-02-14,330.0
East,2,2x10,20,2025-02-21,330.0
East,2,2x10,20,2025-02-28,330.0
East,2,2x10,20,2025-03-07,330.0
East,2,2x10,20,2025-03-14,335.0
East,2,2x10,20,2025-03-21,345.0
East,2,2x10,20,2025-03-28,360.0
East,2,2x10,20,2025-04-04,370.0
East,2,2x10,20,2025-04-11,380.0
East,2,2x10,20,2025-04-18,400.0
East,2,2x10,20,2025-04-25,420.0
East,2,2x10,20,2025-05-02,420.0
East,2,2x10,20,2025-05-09,420.0
East,2,2x10,20,2025-05-16,410.0
East,2,2x10,20,2025-05-23,395.0
East,2,2x10,20,2025-05-30,385.0
East,2,2x10,20,2025-06-06,375.0
East,2,2x10,20,2025-06-13,360.0
East,2,2x10,20,2025-06-19,355.0
East,2,2x10,20,2025-06-27,350.0
East,2,2x10,20,2025-07-03,350.0
East,2,2x10,20,2025-07-11,350.0
East,2,2x10,20,2025-07-18,350.0
East,2,2x10,20,2025-07-25,275.0
East,2,2x10,20,2025-08-01,350.0
East,2,2x10,20,2025-08-08,345.0
East,2,2x10,20,2025-08-15,335.0
East,2,2x10,20,2025-08-22,315.0
East,2,2x10,20,2025-08-29,295.0
East,2,2x10,20,2025-09-05,290.0
East,2,2x10,20,2025-09-12,290.0
East,2,2x10,20,2025-09-19,290.0
East,2,2x10,20,2025-09-26,290.0
East,2,2x10,20,2025-10-03,295.0
East,2,2x10,20,2025-10-10,300.0
East,2,2x10,20,2025-10-17,300.0
East,2,2x12,8,2024-01-12,330.0
East,2,2x12,8,2024-01-18,340.0
East,2,2x12,8,2024-01-25,350.0
East,2,2x12,8,2024-02-08,370.0
East,2,2x12,8,2024-02-15,385.0
East,2,2x12,8,2024-02-22,390.0
East,2,2x12,8,2024-02-29,400.0
East,2,2x12,8,2024-03-07,400.0
East,2,2x12,8,2024-03-14,400.0
East,2,2x12,8,2024-03-21,395.0
East,2,2x12,8,2024-03-28,395.0
East,2,2x12,8,2024-04-04,375.0
East,2,2x12,8,2024-04-11,350.0
East,2,2x12,8,2024-04-18,325.0
East,2,2x12,8,2024-04-25,305.0
East,2,2x12,8,2024-05-02,295.0
East,2,2x12,8,2024-05-09,295.0
East,2,2x12,8,2024-05-16,300.0
East,2,2x12,8,2024-05-30,300.0
East,2,2x12,8,2024-06-06,300.0
East,2,2x12,8,2024-06-13,300.0
East,2,2x12,8,2024-06-20,290.0
East,2,2x12,8,2024-06-27,285.0
East,2,2x12,8,2024-07-04,280.0
East,2,2x12,8,2024-07-11,280.0
East,2,2x12,8,2024-07-18,280.0
East,2,2x12,8,2024-07-25,280.0
East,2,2x12,8,2024-08-01,285.0
East,2,2x12,8,2024-08-08,290.0
East,2,2x12,8,2024-08-15,290.0
East,2,2x12,8,2024-08-22,290.0
East,2,2x12,8,2024-08-29,290.0
East,2,2x12,8,2024-09-05,290.0
East,2,2x12,8,2024-09-12,295.0
East,2,2x12,8,2024-09-20,295.0
East,2,2x12,8,2024-09-27,305.0
East,2,2x12,8,2024-10-04,320.0
East,2,2x12,8,2024-10-11,340.0
East,2,2x12,8,2024-10-18,360.0
East,2,2x12,8,2024-10-25,370.0
East,2,2x12,8,2024-11-01,370.0
East,2,2x12,8,2024-11-08,360.0
East,2,2x12,8,2024-11-15,350.0
East,2,2x12,8,2024-11-22,340.0
East,2,2x12,8,2024-11-27,330.0
East,2,2x12,8,2024-12-06,315.0
East,2,2x12,8,2024-12-13,305.0
East,2,2x12,8,2024-12-20,305.0
East,2,2x12,8,2025-01-03,305.0
East,2,2x12,8,2025-01-10,305.0
East,2,2x12,8,2025-01-17,305.0
East,2,2x12,8,2025-01-24,295.0
East,2,2x12,8,2025-01-31,290.0
East,2,2x12,8,2025-02-07,290.0
East,2,2x12,8,2025-02-14,290.0
East,2,2x12,8,2025-02-21,290.0
East,2,2x12,8,2025-02-28,290.0
East,2,2x12,8,2025-03-07,290.0
East,2,2x12,8,2025-03-14,290.0
East,2,2x12,8,2025-03-21,290.0
East,2,2x12,8,2025-03-28,290.0
East,2,2x12,8,2025-04-04,295.0
East,2,2x12,8,2025-04-11,295.0
East,2,2x12,8,2025-04-18,300.0
East,2,2x12,8,2025-04-25,305.0
East,2,2x12,8,2025-05-02,305.0
East,2,2x12,8,2025-05-09,305.0
East,2,2x12,8,2025-05-16,305.0
East,2,2x12,8,2025-05-23,305.0
East,2,2x12,8,2025-05-30,300.0
East,2,2x12,8,2025-06-06,300.0
East,2,2x12,8,2025-06-13,300.0
East,2,2x12,8,2025-06-19,300.0
East,2,2x12,8,2025-06-27,300.0
East,2,2x12,8,2025-07-03,305.0
East,2,2x12,8,2025-07-11,310.0
East,2,2x12,8,2025-07-18,315.0
East,2,2x12,8,2025-07-25,290.0
East,2,2x12,8,2025-08-01,325.0
East,2,2x12,8,2025-08-08,325.0
East,2,2x12,8,2025-08-15,320.0
East,2,2x12,8,2025-08-22,315.0
East,2,2x12,8,2025-08-29,305.0
East,2,2x12,8,2025-09-05,305.0
East,2,2x12,8,2025-09-12,305.0
East,2,2x12,8,2025-09-19,315.0
East,2,2x12,8,2025-09-26,325.0
East,2,2x12,8,2025-10-03,335.0
East,2,2x12,8,2025-10-10,350.0
East,2,2x12,8,2025-10-17,350.0
East,2,2x12,10,2024-01-12,435.0
East,2,2x12,10,2024-01-18,445.0
East,2,2x12,10,2024-01-25,450.0
East,2,2x12,10,2024-02-08,460.0
East,2,2x12,10,2024-02-15,475.0
East,2,2x12,10,2024-02-22,490.0
East,2,2x12,10,2024-02-29,500.0
East,2,2x12,10,2024-03-07,505.0
East,2,2x12,10,2024-03-14,505.0
East,2,2x12,10,2024-03-21,510.0
East,2,2x12,10,2024-03-28,510.0
East,2,2x12,10,2024-04-04,490.0
East,2,2x12,10,2024-04-11,465.0
East,2,2x12,10,2024-04-18,420.0
East,2,2x12,10,2024-04-25,395.0
East,2,2x12,10,2024-05-02,385.0
East,2,2x12,10,2024-05-09,375.0
East,2,2x12,10,2024-05-16,375.0
East,2,2x12,10,2024-05-30,375.0
East,2,2x12,10,2024-06-06,375.0
East,2,2x12,10,2024-06-13,375.0
East,2,2x12,10,2024-06-20,365.0
East,2,2x12,10,2024-06-27,355.0
East,2,2x12,10,2024-07-04,350.0
East,2,2x12,10,2024-07-11,350.0
East,2,2x12,10,2024-07-18,350.0
East,2,2x12,10,2024-07-25,350.0
East,2,2x12,10,2024-08-01,355.0
East,2,2x12,10,2024-08-08,360.0
East,2,2x12,10,2024-08-15,360.0
East,2,2x12,10,2024-08-22,360.0
East,2,2x12,10,2024-08-29,365.0
East,2,2x12,10,2024-09-05,365.0
East,2,2x12,10,2024-09-12,365.0
East,2,2x12,10,2024-09-20,365.0
East,2,2x12,10,2024-09-27,370.0
East,2,2x12,10,2024-10-04,385.0
East,2,2x12,10,2024-10-11,405.0
East,2,2x12,10,2024-10-18,425.0
East,2,2x12,10,2024-10-25,435.0
East,2,2x12,10,2024-11-01,435.0
East,2,2x12,10,2024-11-08,425.0
East,2,2x12,10,2024-11-15,415.0
East,2,2x12,10,2024-11-22,400.0
East,2,2x12,10,2024-11-27,385.0
East,2,2x12,10,2024-12-06,365.0
East,2,2x12,10,2024-12-13,355.0
East,2,2x12,10,2024-12-20,355.0
East,2,2x12,10,2025-01-03,355.0
East,2,2x12,10,2025-01-10,355.0
East,2,2x12,10,2025-01-17,350.0
East,2,2x12,10,2025-01-24,335.0
East,2,2x12,10,2025-01-31,320.0
East,2,2x12,10,2025-02-07,320.0
East,2,2x12,10,2025-02-14,325.0
East,2,2x12,10,2025-02-21,325.0
East,2,2x12,10,2025-02-28,325.0
East,2,2x12,10,2025-03-07,325.0
East,2,2x12,10,2025-03-14,325.0
East,2,2x12,10,2025-03-21,325.0
East,2,2x12,10,2025-03-28,325.0
East,2,2x12,10,2025-04-04,325.0
East,2,2x12,10,2025-04-11,325.0
East,2,2x12,10,2025-04-18,325.0
East,2,2x12,10,2025-04-25,330.0
East,2,2x12,10,2025-05-02,330.0
East,2,2x12,10,2025-05-09,330.0
East,2,2x12,10,2025-05-16,325.0
East,2,2x12,10,2025-05-23,320.0
East,2,2x12,10,2025-05-30,310.0
East,2,2x12,10,2025-06-06,305.0
East,2,2x12,10,2025-06-13,305.0
East,2,2x12,10,2025-06-19,305.0
East,2,2x12,10,2025-06-27,305.0
East,2,2x12,10,2025-07-03,305.0
East,2,2x12,10,2025-07-11,310.0
East,2,2x12,10,2025-07-18,315.0
East,2,2x12,10,2025-07-25,325.0
East,2,2x12,10,2025-08-01,325.0
East,2,2x12,10,2025-08-08,325.0
East,2,2x12,10,2025-08-15,320.0
East,2,2x12,10,2025-08-22,315.0
East,2,2x12,10,2025-08-29,310.0
East,2,2x12,10,2025-09-05,310.0
East,2,2x12,10,2025-09-12,310.0
East,2,2x12,10,2025-09-19,320.0
East,2,2x12,10,2025-09-26,335.0
East,2,2x12,10,2025-10-03,350.0
East,2,2x12,10,2025-10-10,365.0
East,2,2x12,10,2025-10-17,375.0
East,2,2x12,12,2024-01-12,515.0
East,2,2x12,12,2024-01-18,525.0
East,2,2x12,12,2024-01-25,535.0
East,2,2x12,12,2024-02-08,555.0
East,2,2x12,12,2024-02-15,565.0
East,2,2x12,12,2024-02-22,580.0
East,2,2x12,12,2024-02-29,595.0
East,2,2x12,12,2024-03-07,595.0
East,2,2x12,12,2024-03-14,595.0
East,2,2x12,12,2024-03-21,585.0
East,2,2x12,12,2024-03-28,585.0
East,2,2x12,12,2024-04-04,560.0
East,2,2x12,12,2024-04-11,520.0
East,2,2x12,12,2024-04-18,480.0
East,2,2x12,12,2024-04-25,450.0
East,2,2x12,12,2024-05-02,425.0
East,2,2x12,12,2024-05-09,415.0
East,2,2x12,12,2024-05-16,410.0
East,2,2x12,12,2024-05-30,410.0
East,2,2x12,12,2024-06-06,410.0
East,2,2x12,12,2024-06-13,405.0
East,2,2x12,12,2024-06-20,395.0
East,2,2x12,12,2024-06-27,380.0
East,2,2x12,12,2024-07-04,375.0
East,2,2x12,12,2024-07-11,375.0
East,2,2x12,12,2024-07-18,375.0
East,2,2x12,12,2024-07-25,375.0
East,2,2x12,12,2024-08-01,380.0
East,2,2x12,12,2024-08-08,385.0
East,2,2x12,12,2024-08-15,385.0
East,2,2x12,12,2024-08-22,385.0
East,2,2x12,12,2024-08-29,385.0
East,2,2x12,12,2024-09-05,385.0
East,2,2x12,12,2024-09-12,380.0
East,2,2x12,12,2024-09-20,380.0
East,2,2x12,12,2024-09-27,390.0
East,2,2x12,12,2024-10-04,410.0
East,2,2x12,12,2024-10-11,430.0
East,2,2x12,12,2024-10-18,450.0
East,2,2x12,12,2024-10-25,460.0
East,2,2x12,12,2024-11-01,460.0
East,2,2x12,12,2024-11-08,455.0
East,2,2x12,12,2024-11-15,450.0
East,2,2x12,12,2024-11-22,440.0
East,2,2x12,12,2024-11-27,425.0
East,2,2x12,12,2024-12-06,410.0
East,2,2x12,12,2024-12-13,400.0
East,2,2x12,12,2024-12-20,400.0
East,2,2x12,12,2025-01-03,405.0
East,2,2x12,12,2025-01-10,405.0
East,2,2x12,12,2025-01-17,395.0
East,2,2x12,12,2025-01-24,375.0
East,2,2x12,12,2025-01-31,355.0
East,2,2x12,12,2025-02-07,355.0
East,2,2x12,12,2025-02-14,355.0
East,2,2x12,12,2025-02-21,355.0
East,2,2x12,12,2025-02-28,350.0
East,2,2x12,12,2025-03-07,350.0
East,2,2x12,12,2025-03-14,350.0
East,2,2x12,12,2025-03-21,350.0
East,2,2x12,12,2025-03-28,350.0
East,2,2x12,12,2025-04-04,350.0
East,2,2x12,12,2025-04-11,355.0
East,2,2x12,12,2025-04-18,360.0
East,2,2x12,12,2025-04-25,375.0
East,2,2x12,12,2025-05-02,375.0
East,2,2x12,12,2025-05-09,375.0
East,2,2x12,12,2025-05-16,365.0
East,2,2x12,12,2025-05-23,360.0
East,2,2x12,12,2025-05-30,350.0
East,2,2x12,12,2025-06-06,340.0
East,2,2x12,12,2025-06-13,340.0
East,2,2x12,12,2025-06-19,340.0
East,2,2x12,12,2025-06-27,340.0
East,2,2x12,12,2025-07-03,345.0
East,2,2x12,12,2025-07-11,355.0
East,2,2x12,12,2025-07-18,365.0
East,2,2x12,12,2025-07-25,315.0
East,2,2x12,12,2025-08-01,380.0
East,2,2x12,12,2025-08-08,380.0
East,2,2x12,12,2025-08-15,375.0
East,2,2x12,12,2025-08-22,365.0
East,2,2x12,12,2025-08-29,355.0
East,2,2x12,12,2025-09-05,355.0
East,2,2x12,12,2025-09-12,355.0
East,2,2x12,12,2025-09-19,365.0
East,2,2x12,12,2025-09-26,385.0
East,2,2x12,12,2025-10-03,400.0
East,2,2x12,12,2025-10-10,415.0
East,2,2x12,12,2025-10-17,425.0
East,2,2x12,14,2024-01-12,435.0
East,2,2x12,14,2024-01-18,450.0
East,2,2x12,14,2024-01-25,460.0
East,2,2x12,14,2024-02-08,480.0
East,2,2x12,14,2024-02-15,495.0
East,2,2x12,14,2024-02-22,510.0
East,2,2x12,14,2024-02-29,525.0
East,2,2x12,14,2024-03-07,540.0
East,2,2x12,14,2024-03-14,540.0
East,2,2x12,14,2024-03-21,535.0
East,2,2x12,14,2024-03-28,535.0
East,2,2x12,14,2024-04-04,515.0
East,2,2x12,14,2024-04-11,490.0
East,2,2x12,14,2024-04-18,450.0
East,2,2x12,14,2024-04-25,425.0
East,2,2x12,14,2024-05-02,405.0
East,2,2x12,14,2024-05-09,395.0
East,2,2x12,14,2024-05-16,400.0
East,2,2x12,14,2024-05-30,400.0
East,2,2x12,14,2024-06-06,400.0
East,2,2x12,14,2024-06-13,400.0
East,2,2x12,14,2024-06-20,390.0
East,2,2x12,14,2024-06-27,380.0
East,2,2x12,14,2024-07-04,375.0
East,2,2x12,14,2024-07-11,370.0
East,2,2x12,14,2024-07-18,370.0
East,2,2x12,14,2024-07-25,370.0
East,2,2x12,14,2024-08-01,370.0
East,2,2x12,14,2024-08-08,375.0
East,2,2x12,14,2024-08-15,375.0
East,2,2x12,14,2024-08-22,375.0
East,2,2x12,14,2024-08-29,375.0
East,2,2x12,14,2024-09-05,375.0
East,2,2x12,14,2024-09-12,375.0
East,2,2x12,14,2024-09-20,375.0
East,2,2x12,14,2024-09-27,380.0
East,2,2x12,14,2024-10-04,390.0
East,2,2x12,14,2024-10-11,410.0
East,2,2x12,14,2024-10-18,420.0
East,2,2x12,14,2024-10-25,425.0
East,2,2x12,14,2024-11-01,415.0
East,2,2x12,14,2024-11-08,405.0
East,2,2x12,14,2024-11-15,390.0
East,2,2x12,14,2024-11-22,365.0
East,2,2x12,14,2024-11-27,345.0
East,2,2x12,14,2024-12-06,335.0
East,2,2x12,14,2024-12-13,320.0
East,2,2x12,14,2024-12-20,320.0
East,2,2x12,14,2025-01-03,320.0
East,2,2x12,14,2025-01-10,320.0
East,2,2x12,14,2025-01-17,320.0
East,2,2x12,14,2025-01-24,310.0
East,2,2x12,14,2025-01-31,300.0
East,2,2x12,14,2025-02-07,310.0
East,2,2x12,14,2025-02-14,310.0
East,2,2x12,14,2025-02-21,310.0
East,2,2x12,14,2025-02-28,310.0
East,2,2x12,14,2025-03-07,310.0
East,2,2x12,14,2025-03-14,310.0
East,2,2x12,14,2025-03-21,310.0
East,2,2x12,14,2025-03-28,310.0
East,2,2x12,14,2025-04-04,315.0
East,2,2x12,14,2025-04-11,320.0
East,2,2x12,14,2025-04-18,325.0
East,2,2x12,14,2025-04-25,335.0
East,2,2x12,14,2025-05-02,335.0
East,2,2x12,14,2025-05-09,335.0
East,2,2x12,14,2025-05-16,325.0
East,2,2x12,14,2025-05-23,320.0
East,2,2x12,14,2025-05-30,315.0
East,2,2x12,14,2025-06-06,310.0
East,2,2x12,14,2025-06-13,305.0
East,2,2x12,14,2025-06-19,305.0
East,2,2x12,14,2025-06-27,305.0
East,2,2x12,14,2025-07-03,305.0
East,2,2x12,14,2025-07-11,305.0
East,2,2x12,14,2025-07-18,305.0
East,2,2x12,14,2025-07-25,305.0
East,2,2x12,14,2025-08-01,320.0
East,2,2x12,14,2025-08-08,320.0
East,2,2x12,14,2025-08-15,320.0
East,2,2x12,14,2025-08-22,310.0
East,2,2x12,14,2025-08-29,300.0
East,2,2x12,14,2025-09-05,300.0
East,2,2x12,14,2025-09-12,300.0
East,2,2x12,14,2025-09-19,310.0
East,2,2x12,14,2025-09-26,320.0
East,2,2x12,14,2025-10-03,330.0
East,2,2x12,14,2025-10-10,340.0
East,2,2x12,14,2025-10-17,340.0
East,2,2x12,16,2024-01-12,415.0
East,2,2x12,16,2024-01-18,430.0
East,2,2x12,16,2024-01-25,445.0
East,2,2x12,16,2024-02-08,465.0
East,2,2x12,16,2024-02-15,480.0
East,2,2x12,16,2024-02-22,495.0
East,2,2x12,16,2024-02-29,510.0
East,2,2x12,16,2024-03-07,525.0
East,2,2x12,16,2024-03-14,525.0
East,2,2x12,16,2024-03-21,515.0
East,2,2x12,16,2024-03-28,515.0
East,2,2x12,16,2024-04-04,490.0
East,2,2x12,16,2024-04-11,465.0
East,2,2x12,16,2024-04-18,430.0
East,2,2x12,16,2024-04-25,405.0
East,2,2x12,16,2024-05-02,405.0
East,2,2x12,16,2024-05-09,405.0
East,2,2x12,16,2024-05-16,405.0
East,2,2x12,16,2024-05-30,420.0
East,2,2x12,16,2024-06-06,435.0
East,2,2x12,16,2024-06-13,435.0
East,2,2x12,16,2024-06-20,425.0
East,2,2x12,16,2024-06-27,425.0
East,2,2x12,16,2024-07-04,415.0
East,2,2x12,16,2024-07-11,415.0
East,2,2x12,16,2024-07-18,420.0
East,2,2x12,16,2024-07-25,420.0
East,2,2x12,16,2024-08-01,435.0
East,2,2x12,16,2024-08-08,445.0
East,2,2x12,16,2024-08-15,455.0
East,2,2x12,16,2024-08-22,465.0
East,2,2x12,16,2024-08-29,465.0
East,2,2x12,16,2024-09-05,470.0
East,2,2x12,16,2024-09-12,480.0
East,2,2x12,16,2024-09-20,485.0
East,2,2x12,16,2024-09-27,500.0
East,2,2x12,16,2024-10-04,520.0
East,2,2x12,16,2024-10-11,540.0
East,2,2x12,16,2024-10-18,560.0
East,2,2x12,16,2024-10-25,580.0
East,2,2x12,16,2024-11-01,580.0
East,2,2x12,16,2024-11-08,580.0
East,2,2x12,16,2024-11-15,580.0
East,2,2x12,16,2024-11-22,565.0
East,2,2x12,16,2024-11-27,550.0
East,2,2x12,16,2024-12-06,525.0
East,2,2x12,16,2024-12-13,510.0
East,2,2x12,16,2024-12-20,500.0
East,2,2x12,16,2025-01-03,500.0
East,2,2x12,16,2025-01-10,490.0
East,2,2x12,16,2025-01-17,475.0
East,2,2x12,16,2025-01-24,450.0
East,2,2x12,16,2025-01-31,425.0
East,2,2x12,16,2025-02-07,425.0
East,2,2x12,16,2025-02-14,425.0
East,2,2x12,16,2025-02-21,425.0
East,2,2x12,16,2025-02-28,420.0
East,2,2x12,16,2025-03-07,415.0
East,2,2x12,16,2025-03-14,415.0
East,2,2x12,16,2025-03-21,415.0
East,2,2x12,16,2025-03-28,415.0
East,2,2x12,16,2025-04-04,415.0
East,2,2x12,16,2025-04-11,415.0
East,2,2x12,16,2025-04-18,420.0
East,2,2x12,16,2025-04-25,425.0
East,2,2x12,16,2025-05-02,425.0
East,2,2x12,16,2025-05-09,430.0
East,2,2x12,16,2025-05-16,425.0
East,2,2x12,16,2025-05-23,415.0
East,2,2x12,16,2025-05-30,405.0
East,2,2x12,16,2025-06-06,390.0
East,2,2x12,16,2025-06-13,380.0
East,2,2x12,16,2025-06-19,365.0
East,2,2x12,16,2025-06-27,360.0
East,2,2x12,16,2025-07-03,360.0
East,2,2x12,16,2025-07-11,360.0
East,2,2x12,16,2025-07-18,360.0
East,2,2x12,16,2025-07-25,380.0
East,2,2x12,16,2025-08-01,365.0
East,2,2x12,16,2025-08-08,365.0
East,2,2x12,16,2025-08-15,360.0
East,2,2x12,16,2025-08-22,345.0
East,2,2x12,16,2025-08-29,325.0
East,2,2x12,16,2025-09-05,305.0
East,2,2x12,16,2025-09-12,305.0
East,2,2x12,16,2025-09-19,315.0
East,2,2x12,16,2025-09-26,330.0
East,2,2x12,16,2025-10-03,350.0
East,2,2x12,16,2025-10-10,370.0
East,2,2x12,16,2025-10-17,385.0
East,2,2x12,18,2024-01-12,390.0
East,2,2x12,18,2024-01-18,390.0
East,2,2x12,18,2024-01-25,405.0
East,2,2x12,18,2024-02-08,425.0
East,2,2x12,18,2024-02-15,440.0
East,2,2x12,18,2024-02-22,450.0
East,2,2x12,18,2024-02-29,460.0
East,2,2x12,18,2024-03-07,485.0
East,2,2x12,18,2024-03-14,500.0
East,2,2x12,18,2024-03-21,500.0
East,2,2x12,18,2024-03-28,500.0
East,2,2x12,18,2024-04-04,495.0
East,2,2x12,18,2024-04-11,485.0
East,2,2x12,18,2024-04-18,450.0
East,2,2x12,18,2024-04-25,430.0
East,2,2x12,18,2024-05-02,420.0
East,2,2x12,18,2024-05-09,405.0
East,2,2x12,18,2024-05-16,420.0
East,2,2x12,18,2024-05-30,420.0
East,2,2x12,18,2024-06-06,430.0
East,2,2x12,18,2024-06-13,430.0
East,2,2x12,18,2024-06-20,420.0
East,2,2x12,18,2024-06-27,410.0
East,2,2x12,18,2024-07-04,400.0
East,2,2x12,18,2024-07-11,395.0
East,2,2x12,18,2024-07-18,395.0
East,2,2x12,18,2024-07-25,395.0
East,2,2x12,18,2024-08-01,400.0
East,2,2x12,18,2024-08-08,405.0
East,2,2x12,18,2024-08-15,405.0
East,2,2x12,18,2024-08-22,405.0
East,2,2x12,18,2024-08-29,405.0
East,2,2x12,18,2024-09-05,405.0
East,2,2x12,18,2024-09-12,410.0
East,2,2x12,18,2024-09-20,420.0
East,2,2x12,18,2024-09-27,435.0
East,2,2x12,18,2024-10-04,455.0
East,2,2x12,18,2024-10-11,475.0
East,2,2x12,18,2024-10-18,495.0
East,2,2x12,18,2024-10-25,505.0
East,2,2x12,18,2024-11-01,515.0
East,2,2x12,18,2024-11-08,515.0
East,2,2x12,18,2024-11-15,510.0
East,2,2x12,18,2024-11-22,500.0
East,2,2x12,18,2024-11-27,500.0
East,2,2x12,18,2024-12-06,490.0
East,2,2x12,18,2024-12-13,480.0
East,2,2x12,18,2024-12-20,480.0
East,2,2x12,18,2025-01-03,480.0
East,2,2x12,18,2025-01-10,480.0
East,2,2x12,18,2025-01-17,465.0
East,2,2x12,18,2025-01-24,450.0
East,2,2x12,18,2025-01-31,435.0
East,2,2x12,18,2025-02-07,430.0
East,2,2x12,18,2025-02-14,425.0
East,2,2x12,18,2025-02-21,425.0
East,2,2x12,18,2025-02-28,420.0
East,2,2x12,18,2025-03-07,415.0
East,2,2x12,18,2025-03-14,405.0
East,2,2x12,18,2025-03-21,395.0
East,2,2x12,18,2025-03-28,395.0
East,2,2x12,18,2025-04-04,390.0
East,2,2x12,18,2025-04-11,390.0
East,2,2x12,18,2025-04-18,380.0
East,2,2x12,18,2025-04-25,380.0
East,2,2x12,18,2025-05-02,380.0
East,2,2x12,18,2025-05-09,380.0
East,2,2x12,18,2025-05-16,380.0
East,2,2x12,18,2025-05-23,380.0
East,2,2x12,18,2025-05-30,375.0
East,2,2x12,18,2025-06-06,375.0
East,2,2x12,18,2025-06-13,370.0
East,2,2x12,18,2025-06-19,370.0
East,2,2x12,18,2025-06-27,370.0
East,2,2x12,18,2025-07-03,370.0
East,2,2x12,18,2025-07-11,370.0
East,2,2x12,18,2025-07-18,370.0
East,2,2x12,18,2025-07-25,320.0
East,2,2x12,18,2025-08-01,370.0
East,2,2x12,18,2025-08-08,370.0
East,2,2x12,18,2025-08-15,370.0
East,2,2x12,18,2025-08-22,365.0
East,2,2x12,18,2025-08-29,345.0
East,2,2x12,18,2025-09-05,335.0
East,2,2x12,18,2025-09-12,325.0
East,2,2x12,18,2025-09-19,325.0
East,2,2x12,18,2025-09-26,335.0
East,2,2x12,18,2025-10-03,335.0
East,2,2x12,18,2025-10-10,335.0
East,2,2x12,18,2025-10-17,340.0
East,2,2x12,20,2024-01-12,640.0
East,2,2x12,20,2024-01-18,655.0
East,2,2x12,20,2024-01-25,665.0
East,2,2x12,20,2024-02-08,685.0
East,2,2x12,20,2024-02-15,700.0
East,2,2x12,20,2024-02-22,720.0
East,2,2x12,20,2024-02-29,730.0
East,2,2x12,20,2024-03-07,755.0
East,2,2x12,20,2024-03-14,775.0
East,2,2x12,20,2024-03-21,785.0
East,2,2x12,20,2024-03-28,785.0
East,2,2x12,20,2024-04-04,785.0
East,2,2x12,20,2024-04-11,785.0
East,2,2x12,20,2024-04-18,750.0
East,2,2x12,20,2024-04-25,740.0
East,2,2x12,20,2024-05-02,740.0
East,2,2x12,20,2024-05-09,740.0
East,2,2x12,20,2024-05-16,740.0
East,2,2x12,20,2024-05-30,740.0
East,2,2x12,20,2024-06-06,740.0
East,2,2x12,20,2024-06-13,725.0
East,2,2x12,20,2024-06-20,715.0
East,2,2x12,20,2024-06-27,695.0
East,2,2x12,20,2024-07-04,685.0
East,2,2x12,20,2024-07-11,680.0
East,2,2x12,20,2024-07-18,675.0
East,2,2x12,20,2024-07-25,675.0
East,2,2x12,20,2024-08-01,675.0
East,2,2x12,20,2024-08-08,675.0
East,2,2x12,20,2024-08-15,675.0
East,2,2x12,20,2024-08-22,675.0
East,2,2x12,20,2024-08-29,675.0
East,2,2x12,20,2024-09-05,690.0
East,2,2x12,20,2024-09-12,690.0
East,2,2x12,20,2024-09-20,700.0
East,2,2x12,20,2024-09-27,715.0
East,2,2x12,20,2024-10-04,740.0
East,2,2x12,20,2024-10-11,760.0
East,2,2x12,20,2024-10-18,790.0
East,2,2x12,20,2024-10-25,815.0
East,2,2x12,20,2024-11-01,825.0
East,2,2x12,20,2024-11-08,835.0
East,2,2x12,20,2024-11-15,835.0
East,2,2x12,20,2024-11-22,835.0
East,2,2x12,20,2024-11-27,835.0
East,2,2x12,20,2024-12-06,830.0
East,2,2x12,20,2024-12-13,820.0
East,2,2x12,20,2024-12-20,820.0
East,2,2x12,20,2025-01-03,820.0
East,2,2x12,20,2025-01-10,820.0
East,2,2x12,20,2025-01-17,805.0
East,2,2x12,20,2025-01-24,785.0
East,2,2x12,20,2025-01-31,760.0
East,2,2x12,20,2025-02-07,755.0
East,2,2x12,20,2025-02-14,745.0
East,2,2x12,20,2025-02-21,730.0
East,2,2x12,20,2025-02-28,710.0
East,2,2x12,20,2025-03-07,700.0
East,2,2x12,20,2025-03-14,680.0
East,2,2x12,20,2025-03-21,680.0
East,2,2x12,20,2025-03-28,680.0
East,2,2x12,20,2025-04-04,670.0
East,2,2x12,20,2025-04-11,670.0
East,2,2x12,20,2025-04-18,645.0
East,2,2x12,20,2025-04-25,645.0
East,2,2x12,20,2025-05-02,630.0
East,2,2x12,20,2025-05-09,615.0
East,2,2x12,20,2025-05-16,585.0
East,2,2x12,20,2025-05-23,570.0
East,2,2x12,20,2025-05-30,550.0
East,2,2x12,20,2025-06-06,530.0
East,2,2x12,20,2025-06-13,525.0
East,2,2x12,20,2025-06-19,505.0
East,2,2x12,20,2025-06-27,485.0
East,2,2x12,20,2025-07-03,485.0
East,2,2x12,20,2025-07-11,480.0
East,2,2x12,20,2025-07-18,480.0
East,2,2x12,20,2025-07-25,465.0
East,2,2x12,20,2025-08-01,480.0
East,2,2x12,20,2025-08-08,465.0
East,2,2x12,20,2025-08-15,450.0
East,2,2x12,20,2025-08-22,430.0
East,2,2x12,20,2025-08-29,405.0
East,2,2x12,20,2025-09-05,390.0
East,2,2x12,20,2025-09-12,380.0
East,2,2x12,20,2025-09-19,375.0
East,2,2x12,20,2025-09-26,375.0
East,2,2x12,20,2025-10-03,360.0
East,2,2x12,20,2025-10-10,365.0
East,2,2x12,20,2025-10-17,375.0
East,2,2x4,8,2024-01-12,420.0
East,2,2x4,8,2024-01-18,405.0
East,2,2x4,8,2024-01-25,385.0
East,2,2x4,8,2024-02-08,370.0
East,2,2x4,8,2024-02-15,380.0
East,2,2x4,8,2024-02-22,400.0
East,2,2x4,8,2024-02-29,410.0
East,2,2x4,8,2024-03-07,425.0
East,2,2x4,8,2024-03-14,435.0
East,2,2x4,8,2024-03-21,440.0
East,2,2x4,8,2024-03-28,435.0
East,2,2x4,8,2024-04-04,430.0
East,2,2x4,8,2024-04-11,430.0
East,2,2x4,8,2024-04-18,415.0
East,2,2x4,8,2024-04-25,400.0
East,2,2x4,8,2024-05-02,400.0
East,2,2x4,8,2024-05-09,405.0
East,2,2x4,8,2024-05-16,415.0
East,2,2x4,8,2024-05-30,425.0
East,2,2x4,8,2024-06-06,410.0
East,2,2x4,8,2024-06-13,390.0
East,2,2x4,8,2024-06-20,385.0
East,2,2x4,8,2024-06-27,370.0
East,2,2x4,8,2024-07-04,365.0
East,2,2x4,8,2024-07-11,365.0
East,2,2x4,8,2024-07-18,370.0
East,2,2x4,8,2024-07-25,385.0
East,2,2x4,8,2024-08-01,395.0
East,2,2x4,8,2024-08-08,400.0
East,2,2x4,8,2024-08-15,400.0
East,2,2x4,8,2024-08-22,400.0
East,2,2x4,8,2024-08-29,395.0
East,2,2x4,8,2024-09-05,395.0
East,2,2x4,8,2024-09-12,395.0
East,2,2x4,8,2024-09-20,395.0
East,2,2x4,8,2024-09-27,405.0
East,2,2x4,8,2024-10-04,425.0
East,2,2x4,8,2024-10-11,455.0
East,2,2x4,8,2024-10-18,470.0
East,2,2x4,8,2024-10-25,485.0
East,2,2x4,8,2024-11-01,485.0
East,2,2x4,8,2024-11-08,470.0
East,2,2x4,8,2024-11-15,455.0
East,2,2x4,8,2024-11-22,435.0
East,2,2x4,8,2024-11-27,420.0
East,2,2x4,8,2024-12-06,405.0
East,2,2x4,8,2024-12-13,400.0
East,2,2x4,8,2024-12-20,410.0
East,2,2x4,8,2025-01-03,440.0
East,2,2x4,8,2025-01-10,455.0
East,2,2x4,8,2025-01-17,465.0
East,2,2x4,8,2025-01-24,465.0
East,2,2x4,8,2025-01-31,455.0
East,2,2x4,8,2025-02-07,465.0
East,2,2x4,8,2025-02-14,475.0
East,2,2x4,8,2025-02-21,485.0
East,2,2x4,8,2025-02-28,485.0
East,2,2x4,8,2025-03-07,495.0
East,2,2x4,8,2025-03-14,505.0
East,2,2x4,8,2025-03-21,505.0
East,2,2x4,8,2025-03-28,520.0
East,2,2x4,8,2025-04-04,535.0
East,2,2x4,8,2025-04-11,550.0
East,2,2x4,8,2025-04-18,565.0
East,2,2x4,8,2025-04-25,580.0
East,2,2x4,8,2025-05-02,590.0
East,2,2x4,8,2025-05-09,590.0
East,2,2x4,8,2025-05-16,565.0
East,2,2x4,8,2025-05-23,530.0
East,2,2x4,8,2025-05-30,500.0
East,2,2x4,8,2025-06-06,465.0
East,2,2x4,8,2025-06-13,440.0
East,2,2x4,8,2025-06-19,425.0
East,2,2x4,8,2025-06-27,410.0
East,2,2x4,8,2025-07-03,400.0
East,2,2x4,8,2025-07-11,390.0
East,2,2x4,8,2025-07-18,385.0
East,2,2x4,8,2025-07-25,390.0
East,2,2x4,8,2025-08-01,385.0
East,2,2x4,8,2025-08-08,380.0
East,2,2x4,8,2025-08-15,370.0
East,2,2x4,8,2025-08-22,355.0
East,2,2x4,8,2025-08-29,340.0
East,2,2x4,8,2025-09-05,325.0
East,2,2x4,8,2025-09-12,315.0
East,2,2x4,8,2025-09-19,315.0
East,2,2x4,8,2025-09-26,315.0
East,2,2x4,8,2025-10-03,325.0
East,2,2x4,8,2025-10-10,335.0
East,2,2x4,8,2025-10-17,340.0
East,2,2x4,10,2024-01-12,440.0
East,2,2x4,10,2024-01-18,425.0
East,2,2x4,10,2024-01-25,400.0
East,2,2x4,10,2024-02-08,380.0
East,2,2x4,10,2024-02-15,380.0
East,2,2x4,10,2024-02-22,390.0
East,2,2x4,10,2024-02-29,395.0
East,2,2x4,10,2024-03-07,395.0
East,2,2x4,10,2024-03-14,385.0
East,2,2x4,10,2024-03-21,375.0
East,2,2x4,10,2024-03-28,370.0
East,2,2x4,10,2024-04-04,355.0
East,2,2x4,10,2024-04-11,335.0
East,2,2x4,10,2024-04-18,310.0
East,2,2x4,10,2024-04-25,300.0
East,2,2x4,10,2024-05-02,305.0
East,2,2x4,10,2024-05-09,315.0
East,2,2x4,10,2024-05-16,330.0
East,2,2x4,10,2024-05-30,335.0
East,2,2x4,10,2024-06-06,320.0
East,2,2x4,10,2024-06-13,300.0
East,2,2x4,10,2024-06-20,295.0
East,2,2x4,10,2024-06-27,285.0
East,2,2x4,10,2024-07-04,275.0
East,2,2x4,10,2024-07-11,275.0
East,2,2x4,10,2024-07-18,290.0
East,2,2x4,10,2024-07-25,305.0
East,2,2x4,10,2024-08-01,315.0
East,2,2x4,10,2024-08-08,325.0
East,2,2x4,10,2024-08-15,330.0
East,2,2x4,10,2024-08-22,330.0
East,2,2x4,10,2024-08-29,325.0
East,2,2x4,10,2024-09-05,325.0
East,2,2x4,10,2024-09-12,330.0
East,2,2x4,10,2024-09-20,335.0
East,2,2x4,10,2024-09-27,350.0
East,2,2x4,10,2024-10-04,370.0
East,2,2x4,10,2024-10-11,400.0
East,2,2x4,10,2024-10-18,420.0
East,2,2x4,10,2024-10-25,425.0
East,2,2x4,10,2024-11-01,425.0
East,2,2x4,10,2024-11-08,405.0
East,2,2x4,10,2024-11-15,390.0
East,2,2x4,10,2024-11-22,370.0
East,2,2x4,10,2024-11-27,360.0
East,2,2x4,10,2024-12-06,350.0
East,2,2x4,10,2024-12-13,355.0
East,2,2x4,10,2024-12-20,365.0
East,2,2x4,10,2025-01-03,395.0
East,2,2x4,10,2025-01-10,415.0
East,2,2x4,10,2025-01-17,425.0
East,2,2x4,10,2025-01-24,425.0
East,2,2x4,10,2025-01-31,415.0
East,2,2x4,10,2025-02-07,430.0
East,2,2x4,10,2025-02-14,440.0
East,2,2x4,10,2025-02-21,450.0
East,2,2x4,10,2025-02-28,450.0
East,2,2x4,10,2025-03-07,460.0
East,2,2x4,10,2025-03-14,460.0
East,2,2x4,10,2025-03-21,460.0
East,2,2x4,10,2025-03-28,475.0
East,2,2x4,10,2025-04-04,490.0
East,2,2x4,10,2025-04-11,500.0
East,2,2x4,10,2025-04-18,515.0
East,2,2x4,10,2025-04-25,525.0
East,2,2x4,10,2025-05-02,525.0
East,2,2x4,10,2025-05-09,515.0
East,2,2x4,10,2025-05-16,480.0
East,2,2x4,10,2025-05-23,450.0
East,2,2x4,10,2025-05-30,425.0
East,2,2x4,10,2025-06-06,400.0
East,2,2x4,10,2025-06-13,385.0
East,2,2x4,10,2025-06-19,370.0
East,2,2x4,10,2025-06-27,355.0
East,2,2x4,10,2025-07-03,345.0
East,2,2x4,10,2025-07-11,340.0
East,2,2x4,10,2025-07-18,340.0
East,2,2x4,10,2025-07-25,310.0
East,2,2x4,10,2025-08-01,350.0
East,2,2x4,10,2025-08-08,350.0
East,2,2x4,10,2025-08-15,345.0
East,2,2x4,10,2025-08-22,335.0
East,2,2x4,10,2025-08-29,325.0
East,2,2x4,10,2025-09-05,315.0
East,2,2x4,10,2025-09-12,310.0
East,2,2x4,10,2025-09-19,315.0
East,2,2x4,10,2025-09-26,325.0
East,2,2x4,10,2025-10-03,330.0
East,2,2x4,10,2025-10-10,340.0
East,2,2x4,10,2025-10-17,340.0
East,2,2x4,12,2024-01-12,445.0
East,2,2x4,12,2024-01-18,430.0
East,2,2x4,12,2024-01-25,410.0
East,2,2x4,12,2024-02-08,390.0
East,2,2x4,12,2024-02-15,390.0
East,2,2x4,12,2024-02-22,395.0
East,2,2x4,12,2024-02-29,400.0
East,2,2x4,12,2024-03-07,395.0
East,2,2x4,12,2024-03-14,385.0
East,2,2x4,12,2024-03-21,375.0
East,2,2x4,12,2024-03-28,365.0
East,2,2x4,12,2024-04-04,350.0
East,2,2x4,12,2024-04-11,330.0
East,2,2x4,12,2024-04-18,310.0
East,2,2x4,12,2024-04-25,300.0
East,2,2x4,12,2024-05-02,300.0
East,2,2x4,12,2024-05-09,315.0
East,2,2x4,12,2024-05-16,330.0
East,2,2x4,12,2024-05-30,340.0
East,2,2x4,12,2024-06-06,335.0
East,2,2x4,12,2024-06-13,315.0
East,2,2x4,12,2024-06-20,310.0
East,2,2x4,12,2024-06-27,300.0
East,2,2x4,12,2024-07-04,295.0
East,2,2x4,12,2024-07-11,295.0
East,2,2x4,12,2024-07-18,300.0
East,2,2x4,12,2024-07-25,315.0
East,2,2x4,12,2024-08-01,325.0
East,2,2x4,12,2024-08-08,335.0
East,2,2x4,12,2024-08-15,340.0
East,2,2x4,12,2024-08-22,340.0
East,2,2x4,12,2024-08-29,335.0
East,2,2x4,12,2024-09-05,335.0
East,2,2x4,12,2024-09-12,335.0
East,2,2x4,12,2024-09-20,340.0
East,2,2x4,12,2024-09-27,350.0
East,2,2x4,12,2024-10-04,370.0
East,2,2x4,12,2024-10-11,400.0
East,2,2x4,12,2024-10-18,420.0
East,2,2x4,12,2024-10-25,430.0
East,2,2x4,12,2024-11-01,425.0
East,2,2x4,12,2024-11-08,410.0
East,2,2x4,12,2024-11-15,390.0
East,2,2x4,12,2024-11-22,370.0
East,2,2x4,12,2024-11-27,360.0
East,2,2x4,12,2024-12-06,345.0
East,2,2x4,12,2024-12-13,345.0
East,2,2x4,12,2024-12-20,365.0
East,2,2x4,12,2025-01-03,400.0
East,2,2x4,12,2025-01-10,415.0
East,2,2x4,12,2025-01-17,425.0
East,2,2x4,12,2025-01-24,415.0
East,2,2x4,12,2025-01-31,405.0
East,2,2x4,12,2025-02-07,415.0
East,2,2x4,12,2025-02-14,425.0
East,2,2x4,12,2025-02-21,435.0
East,2,2x4,12,2025-02-28,435.0
East,2,2x4,12,2025-03-07,440.0
East,2,2x4,12,2025-03-14,445.0
East,2,2x4,12,2025-03-21,445.0
East,2,2x4,12,2025-03-28,455.0
East,2,2x4,12,2025-04-04,465.0
East,2,2x4,12,2025-04-11,480.0
East,2,2x4,12,2025-04-18,500.0
East,2,2x4,12,2025-04-25,510.0
East,2,2x4,12,2025-05-02,510.0
East,2,2x4,12,2025-05-09,500.0
East,2,2x4,12,2025-05-16,470.0
East,2,2x4,12,2025-05-23,440.0
East,2,2x4,12,2025-05-30,420.0
East,2,2x4,12,2025-06-06,395.0
East,2,2x4,12,2025-06-13,380.0
East,2,2x4,12,2025-06-19,370.0
East,2,2x4,12,2025-06-27,360.0
East,2,2x4,12,2025-07-03,350.0
East,2,2x4,12,2025-07-11,345.0
East,2,2x4,12,2025-07-18,345.0
East,2,2x4,12,2025-07-25,315.0
East,2,2x4,12,2025-08-01,360.0
East,2,2x4,12,2025-08-08,360.0
East,2,2x4,12,2025-08-15,360.0
East,2,2x4,12,2025-08-22,345.0
East,2,2x4,12,2025-08-29,330.0
East,2,2x4,12,2025-09-05,315.0
East,2,2x4,12,2025-09-12,310.0
East,2,2x4,12,2025-09-19,310.0
East,2,2x4,12,2025-09-26,315.0
East,2,2x4,12,2025-10-03,325.0
East,2,2x4,12,2025-10-10,330.0
East,2,2x4,12,2025-10-17,330.0
East,2,2x4,14,2024-01-12,490.0
East,2,2x4,14,2024-01-18,470.0
East,2,2x4,14,2024-01-25,435.0
East,2,2x4,14,2024-02-08,415.0
East,2,2x4,14,2024-02-15,420.0
East,2,2x4,14,2024-02-22,425.0
East,2,2x4,14,2024-02-29,435.0
East,2,2x4,14,2024-03-07,435.0
East,2,2x4,14,2024-03-14,435.0
East,2,2x4,14,2024-03-21,425.0
East,2,2x4,14,2024-03-28,415.0
East,2,2x4,14,2024-04-04,400.0
East,2,2x4,14,2024-04-11,375.0
East,2,2x4,14,2024-04-18,350.0
East,2,2x4,14,2024-04-25,340.0
East,2,2x4,14,2024-05-02,340.0
East,2,2x4,14,2024-05-09,355.0
East,2,2x4,14,2024-05-16,370.0
East,2,2x4,14,2024-05-30,390.0
East,2,2x4,14,2024-06-06,400.0
East,2,2x4,14,2024-06-13,395.0
East,2,2x4,14,2024-06-20,390.0
East,2,2x4,14,2024-06-27,385.0
East,2,2x4,14,2024-07-04,380.0
East,2,2x4,14,2024-07-11,380.0
East,2,2x4,14,2024-07-18,390.0
East,2,2x4,14,2024-07-25,405.0
East,2,2x4,14,2024-08-01,420.0
East,2,2x4,14,2024-08-08,430.0
East,2,2x4,14,2024-08-15,435.0
East,2,2x4,14,2024-08-22,440.0
East,2,2x4,14,2024-08-29,440.0
East,2,2x4,14,2024-09-05,440.0
East,2,2x4,14,2024-09-12,450.0
East,2,2x4,14,2024-09-20,455.0
East,2,2x4,14,2024-09-27,465.0
East,2,2x4,14,2024-10-04,490.0
East,2,2x4,14,2024-10-11,515.0
East,2,2x4,14,2024-10-18,530.0
East,2,2x4,14,2024-10-25,540.0
East,2,2x4,14,2024-11-01,525.0
East,2,2x4,14,2024-11-08,500.0
East,2,2x4,14,2024-11-15,470.0
East,2,2x4,14,2024-11-22,440.0
East,2,2x4,14,2024-11-27,410.0
East,2,2x4,14,2024-12-06,395.0
East,2,2x4,14,2024-12-13,395.0
East,2,2x4,14,2024-12-20,410.0
East,2,2x4,14,2025-01-03,445.0
East,2,2x4,14,2025-01-10,465.0
East,2,2x4,14,2025-01-17,480.0
East,2,2x4,14,2025-01-24,470.0
East,2,2x4,14,2025-01-31,460.0
East,2,2x4,14,2025-02-07,475.0
East,2,2x4,14,2025-02-14,490.0
East,2,2x4,14,2025-02-21,500.0
East,2,2x4,14,2025-02-28,500.0
East,2,2x4,14,2025-03-07,505.0
East,2,2x4,14,2025-03-14,495.0
East,2,2x4,14,2025-03-21,495.0
East,2,2x4,14,2025-03-28,500.0
East,2,2x4,14,2025-04-04,505.0
East,2,2x4,14,2025-04-11,520.0
East,2,2x4,14,2025-04-18,535.0
East,2,2x4,14,2025-04-25,545.0
East,2,2x4,14,2025-05-02,545.0
East,2,2x4,14,2025-05-09,535.0
East,2,2x4,14,2025-05-16,520.0
East,2,2x4,14,2025-05-23,495.0
East,2,2x4,14,2025-05-30,475.0
East,2,2x4,14,2025-06-06,450.0
East,2,2x4,14,2025-06-13,430.0
East,2,2x4,14,2025-06-19,420.0
East,2,2x4,14,2025-06-27,405.0
East,2,2x4,14,2025-07-03,395.0
East,2,2x4,14,2025-07-11,390.0
East,2,2x4,14,2025-07-18,390.0
East,2,2x4,14,2025-07-25,340.0
East,2,2x4,14,2025-08-01,410.0
East,2,2x4,14,2025-08-08,415.0
East,2,2x4,14,2025-08-15,415.0
East,2,2x4,14,2025-08-22,405.0
East,2,2x4,14,2025-08-29,390.0
East,2,2x4,14,2025-09-05,375.0
East,2,2x4,14,2025-09-12,365.0
East,2,2x4,14,2025-09-19,360.0
East,2,2x4,14,2025-09-26,365.0
East,2,2x4,14,2025-10-03,370.0
East,2,2x4,14,2025-10-10,370.0
East,2,2x4,14,2025-10-17,370.0
East,2,2x4,16,2024-01-12,495.0
East,2,2x4,16,2024-01-18,480.0
East,2,2x4,16,2024-01-25,450.0
East,2,2x4,16,2024-02-08,430.0
East,2,2x4,16,2024-02-15,435.0
East,2,2x4,16,2024-02-22,445.0
East,2,2x4,16,2024-02-29,445.0
East,2,2x4,16,2024-03-07,435.0
East,2,2x4,16,2024-03-14,430.0
East,2,2x4,16,2024-03-21,420.0
East,2,2x4,16,2024-03-28,410.0
East,2,2x4,16,2024-04-04,395.0
East,2,2x4,16,2024-04-11,375.0
East,2,2x4,16,2024-04-18,355.0
East,2,2x4,16,2024-04-25,350.0
East,2,2x4,16,2024-05-02,350.0
East,2,2x4,16,2024-05-09,365.0
East,2,2x4,16,2024-05-16,385.0
East,2,2x4,16,2024-05-30,415.0
East,2,2x4,16,2024-06-06,420.0
East,2,2x4,16,2024-06-13,415.0
East,2,2x4,16,2024-06-20,410.0
East,2,2x4,16,2024-06-27,400.0
East,2,2x4,16,2024-07-04,395.0
East,2,2x4,16,2024-07-11,395.0
East,2,2x4,16,2024-07-18,405.0
East,2,2x4,16,2024-07-25,425.0
East,2,2x4,16,2024-08-01,445.0
East,2,2x4,16,2024-08-08,460.0
East,2,2x4,16,2024-08-15,470.0
East,2,2x4,16,2024-08-22,470.0
East,2,2x4,16,2024-08-29,470.0
East,2,2x4,16,2024-09-05,470.0
East,2,2x4,16,2024-09-12,470.0
East,2,2x4,16,2024-09-20,470.0
East,2,2x4,16,2024-09-27,480.0
East,2,2x4,16,2024-10-04,495.0
East,2,2x4,16,2024-10-11,520.0
East,2,2x4,16,2024-10-18,535.0
East,2,2x4,16,2024-10-25,535.0
East,2,2x4,16,2024-11-01,525.0
East,2,2x4,16,2024-11-08,500.0
East,2,2x4,16,2024-11-15,470.0
East,2,2x4,16,2024-11-22,440.0
East,2,2x4,16,2024-11-27,410.0
East,2,2x4,16,2024-12-06,390.0
East,2,2x4,16,2024-12-13,380.0
East,2,2x4,16,2024-12-20,395.0
East,2,2x4,16,2025-01-03,425.0
East,2,2x4,16,2025-01-10,440.0
East,2,2x4,16,2025-01-17,445.0
East,2,2x4,16,2025-01-24,440.0
East,2,2x4,16,2025-01-31,430.0
East,2,2x4,16,2025-02-07,440.0
East,2,2x4,16,2025-02-14,450.0
East,2,2x4,16,2025-02-21,460.0
East,2,2x4,16,2025-02-28,460.0
East,2,2x4,16,2025-03-07,470.0
East,2,2x4,16,2025-03-14,480.0
East,2,2x4,16,2025-03-21,490.0
East,2,2x4,16,2025-03-28,500.0
East,2,2x4,16,2025-04-04,520.0
East,2,2x4,16,2025-04-11,540.0
East,2,2x4,16,2025-04-18,560.0
East,2,2x4,16,2025-04-25,575.0
East,2,2x4,16,2025-05-02,585.0
East,2,2x4,16,2025-05-09,590.0
East,2,2x4,16,2025-05-16,575.0
East,2,2x4,16,2025-05-23,545.0
East,2,2x4,16,2025-05-30,525.0
East,2,2x4,16,2025-06-06,495.0
East,2,2x4,16,2025-06-13,460.0
East,2,2x4,16,2025-06-19,445.0
East,2,2x4,16,2025-06-27,430.0
East,2,2x4,16,2025-07-03,415.0
East,2,2x4,16,2025-07-11,415.0
East,2,2x4,16,2025-07-18,410.0
East,2,2x4,16,2025-07-25,440.0
East,2,2x4,16,2025-08-01,420.0
East,2,2x4,16,2025-08-08,420.0
East,2,2x4,16,2025-08-15,415.0
East,2,2x4,16,2025-08-22,405.0
East,2,2x4,16,2025-08-29,390.0
East,2,2x4,16,2025-09-05,375.0
East,2,2x4,16,2025-09-12,365.0
East,2,2x4,16,2025-09-19,365.0
East,2,2x4,16,2025-09-26,370.0
East,2,2x4,16,2025-10-03,370.0
East,2,2x4,16,2025-10-10,370.0
East,2,2x4,16,2025-10-17,370.0
East,2,2x4,18,2024-01-12,390.0
East,2,2x4,18,2024-01-18,380.0
East,2,2x4,18,2024-01-25,360.0
East,2,2x4,18,2024-02-08,350.0
East,2,2x4,18,2024-02-15,355.0
East,2,2x4,18,2024-02-22,370.0
East,2,2x4,18,2024-02-29,375.0
East,2,2x4,18,2024-03-07,375.0
East,2,2x4,18,2024-03-14,385.0
East,2,2x4,18,2024-03-21,385.0
East,2,2x4,18,2024-03-28,380.0
East,2,2x4,18,2024-04-04,370.0
East,2,2x4,18,2024-04-11,355.0
East,2,2x4,18,2024-04-18,340.0
East,2,2x4,18,2024-04-25,325.0
East,2,2x4,18,2024-05-02,325.0
East,2,2x4,18,2024-05-09,325.0
East,2,2x4,18,2024-05-16,335.0
East,2,2x4,18,2024-05-30,340.0
East,2,2x4,18,2024-06-06,340.0
East,2,2x4,18,2024-06-13,330.0
East,2,2x4,18,2024-06-20,325.0
East,2,2x4,18,2024-06-27,315.0
East,2,2x4,18,2024-07-04,310.0
East,2,2x4,18,2024-07-11,310.0
East,2,2x4,18,2024-07-18,315.0
East,2,2x4,18,2024-07-25,330.0
East,2,2x4,18,2024-08-01,340.0
East,2,2x4,18,2024-08-08,345.0
East,2,2x4,18,2024-08-15,345.0
East,2,2x4,18,2024-08-22,340.0
East,2,2x4,18,2024-08-29,340.0
East,2,2x4,18,2024-09-05,335.0
East,2,2x4,18,2024-09-12,335.0
East,2,2x4,18,2024-09-20,345.0
East,2,2x4,18,2024-09-27,355.0
East,2,2x4,18,2024-10-04,370.0
East,2,2x4,18,2024-10-11,395.0
East,2,2x4,18,2024-10-18,410.0
East,2,2x4,18,2024-10-25,420.0
East,2,2x4,18,2024-11-01,420.0
East,2,2x4,18,2024-11-08,420.0
East,2,2x4,18,2024-11-15,405.0
East,2,2x4,18,2024-11-22,385.0
East,2,2x4,18,2024-11-27,370.0
East,2,2x4,18,2024-12-06,360.0
East,2,2x4,18,2024-12-13,355.0
East,2,2x4,18,2024-12-20,370.0
East,2,2x4,18,2025-01-03,405.0
East,2,2x4,18,2025-01-10,420.0
East,2,2x4,18,2025-01-17,425.0
East,2,2x4,18,2025-01-24,425.0
East,2,2x4,18,2025-01-31,415.0
East,2,2x4,18,2025-02-07,415.0
East,2,2x4,18,2025-02-14,420.0
East,2,2x4,18,2025-02-21,425.0
East,2,2x4,18,2025-02-28,425.0
East,2,2x4,18,2025-03-07,425.0
East,2,2x4,18,2025-03-14,430.0
East,2,2x4,18,2025-03-21,435.0
East,2,2x4,18,2025-03-28,445.0
East,2,2x4,18,2025-04-04,455.0
East,2,2x4,18,2025-04-11,465.0
East,2,2x4,18,2025-04-18,475.0
East,2,2x4,18,2025-04-25,485.0
East,2,2x4,18,2025-05-02,490.0
East,2,2x4,18,2025-05-09,490.0
East,2,2x4,18,2025-05-16,485.0
East,2,2x4,18,2025-05-23,475.0
East,2,2x4,18,2025-05-30,455.0
East,2,2x4,18,2025-06-06,435.0
East,2,2x4,18,2025-06-13,425.0
East,2,2x4,18,2025-06-19,415.0
East,2,2x4,18,2025-06-27,405.0
East,2,2x4,18,2025-07-03,395.0
East,2,2x4,18,2025-07-11,390.0
East,2,2x4,18,2025-07-18,390.0
East,2,2x4,18,2025-07-25,330.0
East,2,2x4,18,2025-08-01,395.0
East,2,2x4,18,2025-08-08,395.0
East,2,2x4,18,2025-08-15,390.0
East,2,2x4,18,2025-08-22,375.0
East,2,2x4,18,2025-08-29,360.0
East,2,2x4,18,2025-09-05,350.0
East,2,2x4,18,2025-09-12,350.0
East,2,2x4,18,2025-09-19,350.0
East,2,2x4,18,2025-09-26,355.0
East,2,2x4,18,2025-10-03,365.0
East,2,2x4,18,2025-10-10,375.0
East,2,2x4,18,2025-10-17,380.0
East,2,2x4,20,2024-01-12,425.0
East,2,2x4,20,2024-01-18,410.0
East,2,2x4,20,2024-01-25,390.0
East,2,2x4,20,2024-02-08,365.0
East,2,2x4,20,2024-02-15,370.0
East,2,2x4,20,2024-02-22,375.0
East,2,2x4,20,2024-02-29,380.0
East,2,2x4,20,2024-03-07,380.0
East,2,2x4,20,2024-03-14,380.0
East,2,2x4,20,2024-03-21,380.0
East,2,2x4,20,2024-03-28,375.0
East,2,2x4,20,2024-04-04,365.0
East,2,2x4,20,2024-04-11,350.0
East,2,2x4,20,2024-04-18,335.0
East,2,2x4,20,2024-04-25,320.0
East,2,2x4,20,2024-05-02,320.0
East,2,2x4,20,2024-05-09,310.0
East,2,2x4,20,2024-05-16,320.0
East,2,2x4,20,2024-05-30,320.0
East,2,2x4,20,2024-06-06,320.0
East,2,2x4,20,2024-06-13,305.0
East,2,2x4,20,2024-06-20,300.0
East,2,2x4,20,2024-06-27,290.0
East,2,2x4,20,2024-07-04,290.0
East,2,2x4,20,2024-07-11,290.0
East,2,2x4,20,2024-07-18,295.0
East,2,2x4,20,2024-07-25,310.0
East,2,2x4,20,2024-08-01,320.0
East,2,2x4,20,2024-08-08,325.0
East,2,2x4,20,2024-08-15,325.0
East,2,2x4,20,2024-08-22,325.0
East,2,2x4,20,2024-08-29,325.0
East,2,2x4,20,2024-09-05,320.0
East,2,2x4,20,2024-09-12,320.0
East,2,2x4,20,2024-09-20,325.0
East,2,2x4,20,2024-09-27,335.0
East,2,2x4,20,2024-10-04,360.0
East,2,2x4,20,2024-10-11,390.0
East,2,2x4,20,2024-10-18,405.0
East,2,2x4,20,2024-10-25,415.0
East,2,2x4,20,2024-11-01,415.0
East,2,2x4,20,2024-11-08,415.0
East,2,2x4,20,2024-11-15,405.0
East,2,2x4,20,2024-11-22,390.0
East,2,2x4,20,2024-11-27,375.0
East,2,2x4,20,2024-12-06,365.0
East,2,2x4,20,2024-12-13,360.0
East,2,2x4,20,2024-12-20,360.0
East,2,2x4,20,2025-01-03,390.0
East,2,2x4,20,2025-01-10,400.0
East,2,2x4,20,2025-01-17,400.0
East,2,2x4,20,2025-01-24,390.0
East,2,2x4,20,2025-01-31,380.0
East,2,2x4,20,2025-02-07,380.0
East,2,2x4,20,2025-02-14,385.0
East,2,2x4,20,2025-02-21,395.0
East,2,2x4,20,2025-02-28,395.0
East,2,2x4,20,2025-03-07,395.0
East,2,2x4,20,2025-03-14,405.0
East,2,2x4,20,2025-03-21,410.0
East,2,2x4,20,2025-03-28,425.0
East,2,2x4,20,2025-04-04,435.0
East,2,2x4,20,2025-04-11,445.0
East,2,2x4,20,2025-04-18,455.0
East,2,2x4,20,2025-04-25,465.0
East,2,2x4,20,2025-05-02,470.0
East,2,2x4,20,2025-05-09,475.0
East,2,2x4,20,2025-05-16,465.0
East,2,2x4,20,2025-05-23,460.0
East,2,2x4,20,2025-05-30,445.0
East,2,2x4,20,2025-06-06,435.0
East,2,2x4,20,2025-06-13,425.0
East,2,2x4,20,2025-06-19,415.0
East,2,2x4,20,2025-06-27,410.0
East,2,2x4,20,2025-07-03,400.0
East,2,2x4,20,2025-07-11,400.0
East,2,2x4,20,2025-07-18,400.0
East,2,2x4,20,2025-07-25,335.0
East,2,2x4,20,2025-08-01,400.0
East,2,2x4,20,2025-08-08,400.0
East,2,2x4,20,2025-08-15,395.0
East,2,2x4,20,2025-08-22,380.0
East,2,2x4,20,2025-08-29,370.0
East,2,2x4,20,2025-09-05,360.0
East,2,2x4,20,2025-09-12,360.0
East,2,2x4,20,2025-09-19,360.0
East,2,2x4,20,2025-09-26,365.0
East,2,2x4,20,2025-10-03,380.0
East,2,2x4,20,2025-10-10,385.0
East,2,2x4,20,2025-10-17,395.0
East,2,2x6,8,2024-01-12,270.0
East,2,2x6,8,2024-01-18,260.0
East,2,2x6,8,2024-01-25,240.0
East,2,2x6,8,2024-02-08,255.0
East,2,2x6,8,2024-02-15,270.0
East,2,2x6,8,2024-02-22,285.0
East,2,2x6,8,2024-02-29,295.0
East,2,2x6,8,2024-03-07,295.0
East,2,2x6,8,2024-03-14,300.0
East,2,2x6,8,2024-03-21,300.0
East,2,2x6,8,2024-03-28,295.0
East,2,2x6,8,2024-04-04,285.0
East,2,2x6,8,2024-04-11,270.0
East,2,2x6,8,2024-04-18,250.0
East,2,2x6,8,2024-04-25,250.0
East,2,2x6,8,2024-05-02,250.0
East,2,2x6,8,2024-05-09,260.0
East,2,2x6,8,2024-05-16,270.0
East,2,2x6,8,2024-05-30,290.0
East,2,2x6,8,2024-06-06,290.0
East,2,2x6,8,2024-06-13,270.0
East,2,2x6,8,2024-06-20,255.0
East,2,2x6,8,2024-06-27,245.0
East,2,2x6,8,2024-07-04,240.0
East,2,2x6,8,2024-07-11,240.0
East,2,2x6,8,2024-07-18,250.0
East,2,2x6,8,2024-07-25,255.0
East,2,2x6,8,2024-08-01,265.0
East,2,2x6,8,2024-08-08,265.0
East,2,2x6,8,2024-08-15,265.0
East,2,2x6,8,2024-08-22,260.0
East,2,2x6,8,2024-08-29,250.0
East,2,2x6,8,2024-09-05,250.0
East,2,2x6,8,2024-09-12,250.0
East,2,2x6,8,2024-09-20,260.0
East,2,2x6,8,2024-09-27,275.0
East,2,2x6,8,2024-10-04,295.0
East,2,2x6,8,2024-10-11,325.0
East,2,2x6,8,2024-10-18,350.0
East,2,2x6,8,2024-10-25,370.0
East,2,2x6,8,2024-11-01,375.0
East,2,2x6,8,2024-11-08,370.0
East,2,2x6,8,2024-11-15,360.0
East,2,2x6,8,2024-11-22,340.0
East,2,2x6,8,2024-11-27,335.0
East,2,2x6,8,2024-12-06,330.0
East,2,2x6,8,2024-12-13,330.0
East,2,2x6,8,2024-12-20,340.0
East,2,2x6,8,2025-01-03,370.0
East,2,2x6,8,2025-01-10,385.0
East,2,2x6,8,2025-01-17,390.0
East,2,2x6,8,2025-01-24,375.0
East,2,2x6,8,2025-01-31,365.0
East,2,2x6,8,2025-02-07,375.0
East,2,2x6,8,2025-02-14,375.0
East,2,2x6,8,2025-02-21,375.0
East,2,2x6,8,2025-02-28,370.0
East,2,2x6,8,2025-03-07,370.0
East,2,2x6,8,2025-03-14,360.0
East,2,2x6,8,2025-03-21,350.0
East,2,2x6,8,2025-03-28,335.0
East,2,2x6,8,2025-04-04,325.0
East,2,2x6,8,2025-04-11,325.0
East,2,2x6,8,2025-04-18,325.0
East,2,2x6,8,2025-04-25,325.0
East,2,2x6,8,2025-05-02,325.0
East,2,2x6,8,2025-05-09,315.0
East,2,2x6,8,2025-05-16,290.0
East,2,2x6,8,2025-05-23,275.0
East,2,2x6,8,2025-05-30,265.0
East,2,2x6,8,2025-06-06,255.0
East,2,2x6,8,2025-06-13,255.0
East,2,2x6,8,2025-06-19,260.0
East,2,2x6,8,2025-06-27,270.0
East,2,2x6,8,2025-07-03,280.0
East,2,2x6,8,2025-07-11,285.0
East,2,2x6,8,2025-07-18,285.0
East,2,2x6,8,2025-07-25,290.0
East,2,2x6,8,2025-08-01,295.0
East,2,2x6,8,2025-08-08,295.0
East,2,2x6,8,2025-08-15,285.0
East,2,2x6,8,2025-08-22,280.0
East,2,2x6,8,2025-08-29,270.0
East,2,2x6,8,2025-09-05,260.0
East,2,2x6,8,2025-09-12,255.0
East,2,2x6,8,2025-09-19,255.0
East,2,2x6,8,2025-09-26,265.0
East,2,2x6,8,2025-10-03,275.0
East,2,2x6,8,2025-10-10,285.0
East,2,2x6,8,2025-10-17,290.0
East,2,2x6,10,2024-01-12,375.0
East,2,2x6,10,2024-01-18,365.0
East,2,2x6,10,2024-01-25,345.0
East,2,2x6,10,2024-02-08,345.0
East,2,2x6,10,2024-02-15,350.0
East,2,2x6,10,2024-02-22,355.0
East,2,2x6,10,2024-02-29,365.0
East,2,2x6,10,2024-03-07,365.0
East,2,2x6,10,2024-03-14,365.0
East,2,2x6,10,2024-03-21,360.0
East,2,2x6,10,2024-03-28,355.0
East,2,2x6,10,2024-04-04,340.0
East,2,2x6,10,2024-04-11,320.0
East,2,2x6,10,2024-04-18,300.0
East,2,2x6,10,2024-04-25,300.0
East,2,2x6,10,2024-05-02,300.0
East,2,2x6,10,2024-05-09,310.0
East,2,2x6,10,2024-05-16,315.0
East,2,2x6,10,2024-05-30,320.0
East,2,2x6,10,2024-06-06,310.0
East,2,2x6,10,2024-06-13,285.0
East,2,2x6,10,2024-06-20,270.0
East,2,2x6,10,2024-06-27,260.0
East,2,2x6,10,2024-07-04,255.0
East,2,2x6,10,2024-07-11,255.0
East,2,2x6,10,2024-07-18,270.0
East,2,2x6,10,2024-07-25,285.0
East,2,2x6,10,2024-08-01,295.0
East,2,2x6,10,2024-08-08,295.0
East,2,2x6,10,2024-08-15,295.0
East,2,2x6,10,2024-08-22,285.0
East,2,2x6,10,2024-08-29,280.0
East,2,2x6,10,2024-09-05,280.0
East,2,2x6,10,2024-09-12,280.0
East,2,2x6,10,2024-09-20,290.0
East,2,2x6,10,2024-09-27,305.0
East,2,2x6,10,2024-10-04,325.0
East,2,2x6,10,2024-10-11,355.0
East,2,2x6,10,2024-10-18,380.0
East,2,2x6,10,2024-10-25,400.0
East,2,2x6,10,2024-11-01,400.0
East,2,2x6,10,2024-11-08,390.0
East,2,2x6,10,2024-11-15,375.0
East,2,2x6,10,2024-11-22,365.0
East,2,2x6,10,2024-11-27,360.0
East,2,2x6,10,2024-12-06,350.0
East,2,2x6,10,2024-12-13,355.0
East,2,2x6,10,2024-12-20,365.0
East,2,2x6,10,2025-01-03,395.0
East,2,2x6,10,2025-01-10,410.0
East,2,2x6,10,2025-01-17,415.0
East,2,2x6,10,2025-01-24,405.0
East,2,2x6,10,2025-01-31,390.0
East,2,2x6,10,2025-02-07,400.0
East,2,2x6,10,2025-02-14,405.0
East,2,2x6,10,2025-02-21,405.0
East,2,2x6,10,2025-02-28,405.0
East,2,2x6,10,2025-03-07,405.0
East,2,2x6,10,2025-03-14,390.0
East,2,2x6,10,2025-03-21,370.0
East,2,2x6,10,2025-03-28,355.0
East,2,2x6,10,2025-04-04,350.0
East,2,2x6,10,2025-04-11,350.0
East,2,2x6,10,2025-04-18,350.0
East,2,2x6,10,2025-04-25,350.0
East,2,2x6,10,2025-05-02,350.0
East,2,2x6,10,2025-05-09,340.0
East,2,2x6,10,2025-05-16,310.0
East,2,2x6,10,2025-05-23,290.0
East,2,2x6,10,2025-05-30,285.0
East,2,2x6,10,2025-06-06,275.0
East,2,2x6,10,2025-06-13,275.0
East,2,2x6,10,2025-06-19,280.0
East,2,2x6,10,2025-06-27,290.0
East,2,2x6,10,2025-07-03,300.0
East,2,2x6,10,2025-07-11,310.0
East,2,2x6,10,2025-07-18,315.0
East,2,2x6,10,2025-07-25,295.0
East,2,2x6,10,2025-08-01,325.0
East,2,2x6,10,2025-08-08,335.0
East,2,2x6,10,2025-08-15,335.0
East,2,2x6,10,2025-08-22,330.0
East,2,2x6,10,2025-08-29,320.0
East,2,2x6,10,2025-09-05,310.0
East,2,2x6,10,2025-09-12,305.0
East,2,2x6,10,2025-09-19,310.0
East,2,2x6,10,2025-09-26,315.0
East,2,2x6,10,2025-10-03,325.0
East,2,2x6,10,2025-10-10,330.0
East,2,2x6,10,2025-10-17,330.0
East,2,2x6,12,2024-01-12,380.0
East,2,2x6,12,2024-01-18,365.0
East,2,2x6,12,2024-01-25,345.0
East,2,2x6,12,2024-02-08,345.0
East,2,2x6,12,2024-02-15,355.0
East,2,2x6,12,2024-02-22,365.0
East,2,2x6,12,2024-02-29,375.0
East,2,2x6,12,2024-03-07,380.0
East,2,2x6,12,2024-03-14,380.0
East,2,2x6,12,2024-03-21,375.0
East,2,2x6,12,2024-03-28,370.0
East,2,2x6,12,2024-04-04,360.0
East,2,2x6,12,2024-04-11,340.0
East,2,2x6,12,2024-04-18,315.0
East,2,2x6,12,2024-04-25,305.0
East,2,2x6,12,2024-05-02,300.0
East,2,2x6,12,2024-05-09,305.0
East,2,2x6,12,2024-05-16,315.0
East,2,2x6,12,2024-05-30,315.0
East,2,2x6,12,2024-06-06,305.0
East,2,2x6,12,2024-06-13,280.0
East,2,2x6,12,2024-06-20,265.0
East,2,2x6,12,2024-06-27,250.0
East,2,2x6,12,2024-07-04,240.0
East,2,2x6,12,2024-07-11,240.0
East,2,2x6,12,2024-07-18,250.0
East,2,2x6,12,2024-07-25,260.0
East,2,2x6,12,2024-08-01,270.0
East,2,2x6,12,2024-08-08,270.0
East,2,2x6,12,2024-08-15,270.0
East,2,2x6,12,2024-08-22,265.0
East,2,2x6,12,2024-08-29,260.0
East,2,2x6,12,2024-09-05,260.0
East,2,2x6,12,2024-09-12,260.0
East,2,2x6,12,2024-09-20,270.0
East,2,2x6,12,2024-09-27,285.0
East,2,2x6,12,2024-10-04,310.0
East,2,2x6,12,2024-10-11,340.0
East,2,2x6,12,2024-10-18,365.0
East,2,2x6,12,2024-10-25,385.0
East,2,2x6,12,2024-11-01,385.0
East,2,2x6,12,2024-11-08,375.0
East,2,2x6,12,2024-11-15,365.0
East,2,2x6,12,2024-11-22,355.0
East,2,2x6,12,2024-11-27,350.0
East,2,2x6,12,2024-12-06,340.0
East,2,2x6,12,2024-12-13,345.0
East,2,2x6,12,2024-12-20,360.0
East,2,2x6,12,2025-01-03,395.0
East,2,2x6,12,2025-01-10,410.0
East,2,2x6,12,2025-01-17,415.0
East,2,2x6,12,2025-01-24,405.0
East,2,2x6,12,2025-01-31,395.0
East,2,2x6,12,2025-02-07,405.0
East,2,2x6,12,2025-02-14,410.0
East,2,2x6,12,2025-02-21,410.0
East,2,2x6,12,2025-02-28,410.0
East,2,2x6,12,2025-03-07,410.0
East,2,2x6,12,2025-03-14,395.0
East,2,2x6,12,2025-03-21,380.0
East,2,2x6,12,2025-03-28,365.0
East,2,2x6,12,2025-04-04,360.0
East,2,2x6,12,2025-04-11,360.0
East,2,2x6,12,2025-04-18,365.0
East,2,2x6,12,2025-04-25,370.0
East,2,2x6,12,2025-05-02,370.0
East,2,2x6,12,2025-05-09,350.0
East,2,2x6,12,2025-05-16,320.0
East,2,2x6,12,2025-05-23,300.0
East,2,2x6,12,2025-05-30,290.0
East,2,2x6,12,2025-06-06,275.0
East,2,2x6,12,2025-06-13,280.0
East,2,2x6,12,2025-06-19,290.0
East,2,2x6,12,2025-06-27,300.0
East,2,2x6,12,2025-07-03,310.0
East,2,2x6,12,2025-07-11,320.0
East,2,2x6,12,2025-07-18,320.0
East,2,2x6,12,2025-07-25,325.0
East,2,2x6,12,2025-08-01,330.0
East,2,2x6,12,2025-08-08,330.0
East,2,2x6,12,2025-08-15,330.0
East,2,2x6,12,2025-08-22,320.0
East,2,2x6,12,2025-08-29,310.0
East,2,2x6,12,2025-09-05,300.0
East,2,2x6,12,2025-09-12,300.0
East,2,2x6,12,2025-09-19,300.0
East,2,2x6,12,2025-09-26,310.0
East,2,2x6,12,2025-10-03,320.0
East,2,2x6,12,2025-10-10,325.0
East,2,2x6,12,2025-10-17,330.0
East,2,2x6,14,2024-01-12,350.0
East,2,2x6,14,2024-01-18,340.0
East,2,2x6,14,2024-01-25,325.0
East,2,2x6,14,2024-02-08,335.0
East,2,2x6,14,2024-02-15,345.0
East,2,2x6,14,2024-02-22,360.0
East,2,2x6,14,2024-02-29,370.0
East,2,2x6,14,2024-03-07,375.0
East,2,2x6,14,2024-03-14,370.0
East,2,2x6,14,2024-03-21,365.0
East,2,2x6,14,2024-03-28,355.0
East,2,2x6,14,2024-04-04,345.0
East,2,2x6,14,2024-04-11,325.0
East,2,2x6,14,2024-04-18,315.0
East,2,2x6,14,2024-04-25,310.0
East,2,2x6,14,2024-05-02,310.0
East,2,2x6,14,2024-05-09,320.0
East,2,2x6,14,2024-05-16,325.0
East,2,2x6,14,2024-05-30,330.0
East,2,2x6,14,2024-06-06,320.0
East,2,2x6,14,2024-06-13,295.0
East,2,2x6,14,2024-06-20,280.0
East,2,2x6,14,2024-06-27,265.0
East,2,2x6,14,2024-07-04,255.0
East,2,2x6,14,2024-07-11,255.0
East,2,2x6,14,2024-07-18,265.0
East,2,2x6,14,2024-07-25,275.0
East,2,2x6,14,2024-08-01,285.0
East,2,2x6,14,2024-08-08,285.0
East,2,2x6,14,2024-08-15,285.0
East,2,2x6,14,2024-08-22,280.0
East,2,2x6,14,2024-08-29,275.0
East,2,2x6,14,2024-09-05,275.0
East,2,2x6,14,2024-09-12,275.0
East,2,2x6,14,2024-09-20,290.0
East,2,2x6,14,2024-09-27,300.0
East,2,2x6,14,2024-10-04,320.0
East,2,2x6,14,2024-10-11,350.0
East,2,2x6,14,2024-10-18,375.0
East,2,2x6,14,2024-10-25,395.0
East,2,2x6,14,2024-11-01,400.0
East,2,2x6,14,2024-11-08,390.0
East,2,2x6,14,2024-11-15,380.0
East,2,2x6,14,2024-11-22,375.0
East,2,2x6,14,2024-11-27,375.0
East,2,2x6,14,2024-12-06,370.0
East,2,2x6,14,2024-12-13,370.0
East,2,2x6,14,2024-12-20,390.0
East,2,2x6,14,2025-01-03,420.0
East,2,2x6,14,2025-01-10,435.0
East,2,2x6,14,2025-01-17,440.0
East,2,2x6,14,2025-01-24,430.0
East,2,2x6,14,2025-01-31,415.0
East,2,2x6,14,2025-02-07,430.0
East,2,2x6,14,2025-02-14,435.0
East,2,2x6,14,2025-02-21,435.0
East,2,2x6,14,2025-02-28,435.0
East,2,2x6,14,2025-03-07,435.0
East,2,2x6,14,2025-03-14,420.0
East,2,2x6,14,2025-03-21,400.0
East,2,2x6,14,2025-03-28,385.0
East,2,2x6,14,2025-04-04,380.0
East,2,2x6,14,2025-04-11,380.0
East,2,2x6,14,2025-04-18,380.0
East,2,2x6,14,2025-04-25,380.0
East,2,2x6,14,2025-05-02,380.0
East,2,2x6,14,2025-05-09,360.0
East,2,2x6,14,2025-05-16,330.0
East,2,2x6,14,2025-05-23,305.0
East,2,2x6,14,2025-05-30,295.0
East,2,2x6,14,2025-06-06,285.0
East,2,2x6,14,2025-06-13,285.0
East,2,2x6,14,2025-06-19,295.0
East,2,2x6,14,2025-06-27,305.0
East,2,2x6,14,2025-07-03,315.0
East,2,2x6,14,2025-07-11,320.0
East,2,2x6,14,2025-07-18,330.0
East,2,2x6,14,2025-07-25,315.0
East,2,2x6,14,2025-08-01,345.0
East,2,2x6,14,2025-08-08,350.0
East,2,2x6,14,2025-08-15,350.0
East,2,2x6,14,2025-08-22,340.0
East,2,2x6,14,2025-08-29,330.0
East,2,2x6,14,2025-09-05,320.0
East,2,2x6,14,2025-09-12,315.0
East,2,2x6,14,2025-09-19,315.0
East,2,2x6,14,2025-09-26,320.0
East,2,2x6,14,2025-10-03,330.0
East,2,2x6,14,2025-10-10,335.0
East,2,2x6,14,2025-10-17,335.0
East,2,2x6,16,2024-01-12,380.0
East,2,2x6,16,2024-01-18,370.0
East,2,2x6,16,2024-01-25,350.0
East,2,2x6,16,2024-02-08,350.0
East,2,2x6,16,2024-02-15,360.0
East,2,2x6,16,2024-02-22,375.0
East,2,2x6,16,2024-02-29,385.0
East,2,2x6,16,2024-03-07,390.0
East,2,2x6,16,2024-03-14,390.0
East,2,2x6,16,2024-03-21,390.0
East,2,2x6,16,2024-03-28,385.0
East,2,2x6,16,2024-04-04,370.0
East,2,2x6,16,2024-04-11,345.0
East,2,2x6,16,2024-04-18,320.0
East,2,2x6,16,2024-04-25,315.0
East,2,2x6,16,2024-05-02,315.0
East,2,2x6,16,2024-05-09,325.0
East,2,2x6,16,2024-05-16,335.0
East,2,2x6,16,2024-05-30,345.0
East,2,2x6,16,2024-06-06,335.0
East,2,2x6,16,2024-06-13,305.0
East,2,2x6,16,2024-06-20,290.0
East,2,2x6,16,2024-06-27,275.0
East,2,2x6,16,2024-07-04,265.0
East,2,2x6,16,2024-07-11,265.0
East,2,2x6,16,2024-07-18,275.0
East,2,2x6,16,2024-07-25,280.0
East,2,2x6,16,2024-08-01,290.0
East,2,2x6,16,2024-08-08,290.0
East,2,2x6,16,2024-08-15,290.0
East,2,2x6,16,2024-08-22,280.0
East,2,2x6,16,2024-08-29,275.0
East,2,2x6,16,2024-09-05,275.0
East,2,2x6,16,2024-09-12,275.0
East,2,2x6,16,2024-09-20,290.0
East,2,2x6,16,2024-09-27,305.0
East,2,2x6,16,2024-10-04,330.0
East,2,2x6,16,2024-10-11,360.0
East,2,2x6,16,2024-10-18,395.0
East,2,2x6,16,2024-10-25,415.0
East,2,2x6,16,2024-11-01,420.0
East,2,2x6,16,2024-11-08,405.0
East,2,2x6,16,2024-11-15,395.0
East,2,2x6,16,2024-11-22,385.0
East,2,2x6,16,2024-11-27,380.0
East,2,2x6,16,2024-12-06,375.0
East,2,2x6,16,2024-12-13,380.0
East,2,2x6,16,2024-12-20,400.0
East,2,2x6,16,2025-01-03,430.0
East,2,2x6,16,2025-01-10,445.0
East,2,2x6,16,2025-01-17,445.0
East,2,2x6,16,2025-01-24,430.0
East,2,2x6,16,2025-01-31,415.0
East,2,2x6,16,2025-02-07,425.0
East,2,2x6,16,2025-02-14,430.0
East,2,2x6,16,2025-02-21,430.0
East,2,2x6,16,2025-02-28,425.0
East,2,2x6,16,2025-03-07,425.0
East,2,2x6,16,2025-03-14,410.0
East,2,2x6,16,2025-03-21,395.0
East,2,2x6,16,2025-03-28,380.0
East,2,2x6,16,2025-04-04,370.0
East,2,2x6,16,2025-04-11,370.0
East,2,2x6,16,2025-04-18,375.0
East,2,2x6,16,2025-04-25,385.0
East,2,2x6,16,2025-05-02,380.0
East,2,2x6,16,2025-05-09,365.0
East,2,2x6,16,2025-05-16,330.0
East,2,2x6,16,2025-05-23,305.0
East,2,2x6,16,2025-05-30,295.0
East,2,2x6,16,2025-06-06,280.0
East,2,2x6,16,2025-06-13,280.0
East,2,2x6,16,2025-06-19,290.0
East,2,2x6,16,2025-06-27,300.0
East,2,2x6,16,2025-07-03,310.0
East,2,2x6,16,2025-07-11,320.0
East,2,2x6,16,2025-07-18,320.0
East,2,2x6,16,2025-07-25,325.0
East,2,2x6,16,2025-08-01,335.0
East,2,2x6,16,2025-08-08,325.0
East,2,2x6,16,2025-08-15,325.0
East,2,2x6,16,2025-08-22,310.0
East,2,2x6,16,2025-08-29,300.0
East,2,2x6,16,2025-09-05,290.0
East,2,2x6,16,2025-09-12,290.0
East,2,2x6,16,2025-09-19,290.0
East,2,2x6,16,2025-09-26,300.0
East,2,2x6,16,2025-10-03,310.0
East,2,2x6,16,2025-10-10,320.0
East,2,2x6,16,2025-10-17,325.0
East,2,2x6,18,2024-01-12,360.0
East,2,2x6,18,2024-01-18,350.0
East,2,2x6,18,2024-01-25,335.0
East,2,2x6,18,2024-02-08,340.0
East,2,2x6,18,2024-02-15,350.0
East,2,2x6,18,2024-02-22,355.0
East,2,2x6,18,2024-02-29,365.0
East,2,2x6,18,2024-03-07,355.0
East,2,2x6,18,2024-03-14,370.0
East,2,2x6,18,2024-03-21,360.0
East,2,2x6,18,2024-03-28,350.0
East,2,2x6,18,2024-04-04,340.0
East,2,2x6,18,2024-04-11,330.0
East,2,2x6,18,2024-04-18,315.0
East,2,2x6,18,2024-04-25,305.0
East,2,2x6,18,2024-05-02,305.0
East,2,2x6,18,2024-05-09,310.0
East,2,2x6,18,2024-05-16,315.0
East,2,2x6,18,2024-05-30,325.0
East,2,2x6,18,2024-06-06,315.0
East,2,2x6,18,2024-06-13,295.0
East,2,2x6,18,2024-06-20,280.0
East,2,2x6,18,2024-06-27,270.0
East,2,2x6,18,2024-07-04,265.0
East,2,2x6,18,2024-07-11,265.0
East,2,2x6,18,2024-07-18,265.0
East,2,2x6,18,2024-07-25,270.0
East,2,2x6,18,2024-08-01,280.0
East,2,2x6,18,2024-08-08,280.0
East,2,2x6,18,2024-08-15,275.0
East,2,2x6,18,2024-08-22,265.0
East,2,2x6,18,2024-08-29,260.0
East,2,2x6,18,2024-09-05,255.0
East,2,2x6,18,2024-09-12,255.0
East,2,2x6,18,2024-09-20,265.0
East,2,2x6,18,2024-09-27,275.0
East,2,2x6,18,2024-10-04,295.0
East,2,2x6,18,2024-10-11,325.0
East,2,2x6,18,2024-10-18,350.0
East,2,2x6,18,2024-10-25,365.0
East,2,2x6,18,2024-11-01,370.0
East,2,2x6,18,2024-11-08,365.0
East,2,2x6,18,2024-11-15,355.0
East,2,2x6,18,2024-11-22,345.0
East,2,2x6,18,2024-11-27,335.0
East,2,2x6,18,2024-12-06,335.0
East,2,2x6,18,2024-12-13,335.0
East,2,2x6,18,2024-12-20,345.0
East,2,2x6,18,2025-01-03,375.0
East,2,2x6,18,2025-01-10,390.0
East,2,2x6,18,2025-01-17,400.0
East,2,2x6,18,2025-01-24,395.0
East,2,2x6,18,2025-01-31,385.0
East,2,2x6,18,2025-02-07,385.0
East,2,2x6,18,2025-02-14,390.0
East,2,2x6,18,2025-02-21,390.0
East,2,2x6,18,2025-02-28,390.0
East,2,2x6,18,2025-03-07,390.0
East,2,2x6,18,2025-03-14,375.0
East,2,2x6,18,2025-03-21,365.0
East,2,2x6,18,2025-03-28,355.0
East,2,2x6,18,2025-04-04,355.0
East,2,2x6,18,2025-04-11,355.0
East,2,2x6,18,2025-04-18,355.0
East,2,2x6,18,2025-04-25,355.0
East,2,2x6,18,2025-05-02,350.0
East,2,2x6,18,2025-05-09,340.0
East,2,2x6,18,2025-05-16,320.0
East,2,2x6,18,2025-05-23,305.0
East,2,2x6,18,2025-05-30,295.0
East,2,2x6,18,2025-06-06,295.0
East,2,2x6,18,2025-06-13,295.0
East,2,2x6,18,2025-06-19,300.0
East,2,2x6,18,2025-06-27,310.0
East,2,2x6,18,2025-07-03,315.0
East,2,2x6,18,2025-07-11,320.0
East,2,2x6,18,2025-07-18,320.0
East,2,2x6,18,2025-07-25,290.0
East,2,2x6,18,2025-08-01,335.0
East,2,2x6,18,2025-08-08,340.0
East,2,2x6,18,2025-08-15,340.0
East,2,2x6,18,2025-08-22,335.0
East,2,2x6,18,2025-08-29,325.0
East,2,2x6,18,2025-09-05,315.0
East,2,2x6,18,2025-09-12,310.0
East,2,2x6,18,2025-09-19,310.0
East,2,2x6,18,2025-09-26,315.0
East,2,2x6,18,2025-10-03,325.0
East,2,2x6,18,2025-10-10,335.0
East,2,2x6,18,2025-10-17,340.0
East,2,2x6,20,2024-01-12,325.0
East,2,2x6,20,2024-01-18,315.0
East,2,2x6,20,2024-01-25,295.0
East,2,2x6,20,2024-02-08,305.0
East,2,2x6,20,2024-02-15,315.0
East,2,2x6,20,2024-02-22,325.0
East,2,2x6,20,2024-02-29,335.0
East,2,2x6,20,2024-03-07,365.0
East,2,2x6,20,2024-03-14,340.0
East,2,2x6,20,2024-03-21,325.0
East,2,2x6,20,2024-03-28,315.0
East,2,2x6,20,2024-04-04,305.0
East,2,2x6,20,2024-04-11,305.0
East,2,2x6,20,2024-04-18,290.0
East,2,2x6,20,2024-04-25,285.0
East,2,2x6,20,2024-05-02,285.0
East,2,2x6,20,2024-05-09,285.0
East,2,2x6,20,2024-05-16,295.0
East,2,2x6,20,2024-05-30,300.0
East,2,2x6,20,2024-06-06,290.0
East,2,2x6,20,2024-06-13,270.0
East,2,2x6,20,2024-06-20,255.0
East,2,2x6,20,2024-06-27,250.0
East,2,2x6,20,2024-07-04,245.0
East,2,2x6,20,2024-07-11,245.0
East,2,2x6,20,2024-07-18,250.0
East,2,2x6,20,2024-07-25,250.0
East,2,2x6,20,2024-08-01,255.0
East,2,2x6,20,2024-08-08,255.0
East,2,2x6,20,2024-08-15,255.0
East,2,2x6,20,2024-08-22,245.0
East,2,2x6,20,2024-08-29,240.0
East,2,2x6,20,2024-09-05,240.0
East,2,2x6,20,2024-09-12,240.0
East,2,2x6,20,2024-09-20,250.0
East,2,2x6,20,2024-09-27,265.0
East,2,2x6,20,2024-10-04,285.0
East,2,2x6,20,2024-10-11,315.0
East,2,2x6,20,2024-10-18,345.0
East,2,2x6,20,2024-10-25,365.0
East,2,2x6,20,2024-11-01,365.0
East,2,2x6,20,2024-11-08,360.0
East,2,2x6,20,2024-11-15,350.0
East,2,2x6,20,2024-11-22,335.0
East,2,2x6,20,2024-11-27,325.0
East,2,2x6,20,2024-12-06,320.0
East,2,2x6,20,2024-12-13,320.0
East,2,2x6,20,2024-12-20,330.0
East,2,2x6,20,2025-01-03,360.0
East,2,2x6,20,2025-01-10,375.0
East,2,2x6,20,2025-01-17,385.0
East,2,2x6,20,2025-01-24,380.0
East,2,2x6,20,2025-01-31,370.0
East,2,2x6,20,2025-02-07,375.0
East,2,2x6,20,2025-02-14,380.0
East,2,2x6,20,2025-02-21,380.0
East,2,2x6,20,2025-02-28,380.0
East,2,2x6,20,2025-03-07,380.0
East,2,2x6,20,2025-03-14,365.0
East,2,2x6,20,2025-03-21,355.0
East,2,2x6,20,2025-03-28,345.0
East,2,2x6,20,2025-04-04,335.0
East,2,2x6,20,2025-04-11,335.0
East,2,2x6,20,2025-04-18,335.0
East,2,2x6,20,2025-04-25,335.0
East,2,2x6,20,2025-05-02,335.0
East,2,2x6,20,2025-05-09,325.0
East,2,2x6,20,2025-05-16,300.0
East,2,2x6,20,2025-05-23,300.0
East,2,2x6,20,2025-05-30,290.0
East,2,2x6,20,2025-06-06,290.0
East,2,2x6,20,2025-06-13,290.0
East,2,2x6,20,2025-06-19,290.0
East,2,2x6,20,2025-06-27,295.0
East,2,2x6,20,2025-07-03,300.0
East,2,2x6,20,2025-07-11,305.0
East,2,2x6,20,2025-07-18,305.0
East,2,2x6,20,2025-07-25,280.0
East,2,2x6,20,2025-08-01,315.0
East,2,2x6,20,2025-08-08,325.0
East,2,2x6,20,2025-08-15,325.0
East,2,2x6,20,2025-08-22,315.0
East,2,2x6,20,2025-08-29,305.0
East,2,2x6,20,2025-09-05,300.0
East,2,2x6,20,2025-09-12,300.0
East,2,2x6,20,2025-09-19,300.0
East,2,2x6,20,2025-09-26,305.0
East,2,2x6,20,2025-10-03,315.0
East,2,2x6,20,2025-10-10,320.0
East,2,2x6,20,2025-10-17,330.0
East,2,2x8,8,2024-01-12,350.0
East,2,2x8,8,2024-01-18,340.0
East,2,2x8,8,2024-01-25,330.0
East,2,2x8,8,2024-02-08,340.0
East,2,2x8,8,2024-02-15,350.0
East,2,2x8,8,2024-02-22,360.0
East,2,2x8,8,2024-02-29,370.0
East,2,2x8,8,2024-03-07,370.0
East,2,2x8,8,2024-03-14,360.0
East,2,2x8,8,2024-03-21,360.0
East,2,2x8,8,2024-03-28,355.0
East,2,2x8,8,2024-04-04,345.0
East,2,2x8,8,2024-04-11,330.0
East,2,2x8,8,2024-04-18,310.0
East,2,2x8,8,2024-04-25,305.0
East,2,2x8,8,2024-05-02,305.0
East,2,2x8,8,2024-05-09,305.0
East,2,2x8,8,2024-05-16,310.0
East,2,2x8,8,2024-05-30,315.0
East,2,2x8,8,2024-06-06,315.0
East,2,2x8,8,2024-06-13,300.0
East,2,2x8,8,2024-06-20,290.0
East,2,2x8,8,2024-06-27,280.0
East,2,2x8,8,2024-07-04,270.0
East,2,2x8,8,2024-07-11,270.0
East,2,2x8,8,2024-07-18,275.0
East,2,2x8,8,2024-07-25,280.0
East,2,2x8,8,2024-08-01,285.0
East,2,2x8,8,2024-08-08,285.0
East,2,2x8,8,2024-08-15,285.0
East,2,2x8,8,2024-08-22,285.0
East,2,2x8,8,2024-08-29,280.0
East,2,2x8,8,2024-09-05,280.0
East,2,2x8,8,2024-09-12,280.0
East,2,2x8,8,2024-09-20,285.0
East,2,2x8,8,2024-09-27,295.0
East,2,2x8,8,2024-10-04,315.0
East,2,2x8,8,2024-10-11,340.0
East,2,2x8,8,2024-10-18,365.0
East,2,2x8,8,2024-10-25,380.0
East,2,2x8,8,2024-11-01,380.0
East,2,2x8,8,2024-11-08,370.0
East,2,2x8,8,2024-11-15,365.0
East,2,2x8,8,2024-11-22,330.0
East,2,2x8,8,2024-11-27,325.0
East,2,2x8,8,2024-12-06,320.0
East,2,2x8,8,2024-12-13,320.0
East,2,2x8,8,2024-12-20,325.0
East,2,2x8,8,2025-01-03,350.0
East,2,2x8,8,2025-01-10,355.0
East,2,2x8,8,2025-01-17,355.0
East,2,2x8,8,2025-01-24,345.0
East,2,2x8,8,2025-01-31,335.0
East,2,2x8,8,2025-02-07,345.0
East,2,2x8,8,2025-02-14,350.0
East,2,2x8,8,2025-02-21,350.0
East,2,2x8,8,2025-02-28,350.0
East,2,2x8,8,2025-03-07,350.0
East,2,2x8,8,2025-03-14,350.0
East,2,2x8,8,2025-03-21,350.0
East,2,2x8,8,2025-03-28,350.0
East,2,2x8,8,2025-04-04,350.0
East,2,2x8,8,2025-04-11,355.0
East,2,2x8,8,2025-04-18,360.0
East,2,2x8,8,2025-04-25,365.0
East,2,2x8,8,2025-05-02,365.0
East,2,2x8,8,2025-05-09,355.0
East,2,2x8,8,2025-05-16,340.0
East,2,2x8,8,2025-05-23,325.0
East,2,2x8,8,2025-05-30,310.0
East,2,2x8,8,2025-06-06,300.0
East,2,2x8,8,2025-06-13,300.0
East,2,2x8,8,2025-06-19,300.0
East,2,2x8,8,2025-06-27,300.0
East,2,2x8,8,2025-07-03,310.0
East,2,2x8,8,2025-07-11,315.0
East,2,2x8,8,2025-07-18,315.0
East,2,2x8,8,2025-07-25,315.0
East,2,2x8,8,2025-08-01,325.0
East,2,2x8,8,2025-08-08,325.0
East,2,2x8,8,2025-08-15,315.0
East,2,2x8,8,2025-08-22,305.0
East,2,2x8,8,2025-08-29,295.0
East,2,2x8,8,2025-09-05,285.0
East,2,2x8,8,2025-09-12,285.0
East,2,2x8,8,2025-09-19,285.0
East,2,2x8,8,2025-09-26,290.0
East,2,2x8,8,2025-10-03,300.0
East,2,2x8,8,2025-10-10,305.0
East,2,2x8,8,2025-10-17,310.0
East,2,2x8,10,2024-01-12,360.0
East,2,2x8,10,2024-01-18,350.0
East,2,2x8,10,2024-01-25,335.0
East,2,2x8,10,2024-02-08,340.0
East,2,2x8,10,2024-02-15,355.0
East,2,2x8,10,2024-02-22,370.0
East,2,2x8,10,2024-02-29,380.0
East,2,2x8,10,2024-03-07,380.0
East,2,2x8,10,2024-03-14,375.0
East,2,2x8,10,2024-03-21,370.0
East,2,2x8,10,2024-03-28,365.0
East,2,2x8,10,2024-04-04,350.0
East,2,2x8,10,2024-04-11,340.0
East,2,2x8,10,2024-04-18,320.0
East,2,2x8,10,2024-04-25,320.0
East,2,2x8,10,2024-05-02,320.0
East,2,2x8,10,2024-05-09,320.0
East,2,2x8,10,2024-05-16,325.0
East,2,2x8,10,2024-05-30,330.0
East,2,2x8,10,2024-06-06,325.0
East,2,2x8,10,2024-06-13,310.0
East,2,2x8,10,2024-06-20,300.0
East,2,2x8,10,2024-06-27,285.0
East,2,2x8,10,2024-07-04,275.0
East,2,2x8,10,2024-07-11,275.0
East,2,2x8,10,2024-07-18,280.0
East,2,2x8,10,2024-07-25,285.0
East,2,2x8,10,2024-08-01,290.0
East,2,2x8,10,2024-08-08,290.0
East,2,2x8,10,2024-08-15,290.0
East,2,2x8,10,2024-08-22,285.0
East,2,2x8,10,2024-08-29,280.0
East,2,2x8,10,2024-09-05,280.0
East,2,2x8,10,2024-09-12,280.0
East,2,2x8,10,2024-09-20,285.0
East,2,2x8,10,2024-09-27,295.0
East,2,2x8,10,2024-10-04,315.0
East,2,2x8,10,2024-10-11,340.0
East,2,2x8,10,2024-10-18,365.0
East,2,2x8,10,2024-10-25,380.0
East,2,2x8,10,2024-11-01,385.0
East,2,2x8,10,2024-11-08,375.0
East,2,2x8,10,2024-11-15,370.0
East,2,2x8,10,2024-11-22,360.0
East,2,2x8,10,2024-11-27,355.0
East,2,2x8,10,2024-12-06,350.0
East,2,2x8,10,2024-12-13,345.0
East,2,2x8,10,2024-12-20,350.0
East,2,2x8,10,2025-01-03,375.0
East,2,2x8,10,2025-01-10,380.0
East,2,2x8,10,2025-01-17,380.0
East,2,2x8,10,2025-01-24,365.0
East,2,2x8,10,2025-01-31,355.0
East,2,2x8,10,2025-02-07,360.0
East,2,2x8,10,2025-02-14,365.0
East,2,2x8,10,2025-02-21,365.0
East,2,2x8,10,2025-02-28,360.0
East,2,2x8,10,2025-03-07,355.0
East,2,2x8,10,2025-03-14,350.0
East,2,2x8,10,2025-03-21,345.0
East,2,2x8,10,2025-03-28,345.0
East,2,2x8,10,2025-04-04,345.0
East,2,2x8,10,2025-04-11,345.0
East,2,2x8,10,2025-04-18,350.0
East,2,2x8,10,2025-04-25,355.0
East,2,2x8,10,2025-05-02,355.0
East,2,2x8,10,2025-05-09,345.0
East,2,2x8,10,2025-05-16,330.0
East,2,2x8,10,2025-05-23,310.0
East,2,2x8,10,2025-05-30,300.0
East,2,2x8,10,2025-06-06,295.0
East,2,2x8,10,2025-06-13,295.0
East,2,2x8,10,2025-06-19,295.0
East,2,2x8,10,2025-06-27,300.0
East,2,2x8,10,2025-07-03,300.0
East,2,2x8,10,2025-07-11,305.0
East,2,2x8,10,2025-07-18,315.0
East,2,2x8,10,2025-07-25,295.0
East,2,2x8,10,2025-08-01,325.0
East,2,2x8,10,2025-08-08,325.0
East,2,2x8,10,2025-08-15,315.0
East,2,2x8,10,2025-08-22,305.0
East,2,2x8,10,2025-08-29,295.0
East,2,2x8,10,2025-09-05,290.0
East,2,2x8,10,2025-09-12,290.0
East,2,2x8,10,2025-09-19,290.0
East,2,2x8,10,2025-09-26,290.0
East,2,2x8,10,2025-10-03,300.0
East,2,2x8,10,2025-10-10,305.0
East,2,2x8,10,2025-10-17,310.0
East,2,2x8,12,2024-01-12,365.0
East,2,2x8,12,2024-01-18,355.0
East,2,2x8,12,2024-01-25,340.0
East,2,2x8,12,2024-02-08,350.0
East,2,2x8,12,2024-02-15,365.0
East,2,2x8,12,2024-02-22,380.0
East,2,2x8,12,2024-02-29,390.0
East,2,2x8,12,2024-03-07,390.0
East,2,2x8,12,2024-03-14,390.0
East,2,2x8,12,2024-03-21,385.0
East,2,2x8,12,2024-03-28,380.0
East,2,2x8,12,2024-04-04,360.0
East,2,2x8,12,2024-04-11,335.0
East,2,2x8,12,2024-04-18,315.0
East,2,2x8,12,2024-04-25,305.0
East,2,2x8,12,2024-05-02,305.0
East,2,2x8,12,2024-05-09,305.0
East,2,2x8,12,2024-05-16,310.0
East,2,2x8,12,2024-05-30,310.0
East,2,2x8,12,2024-06-06,305.0
East,2,2x8,12,2024-06-13,285.0
East,2,2x8,12,2024-06-20,275.0
East,2,2x8,12,2024-06-27,265.0
East,2,2x8,12,2024-07-04,255.0
East,2,2x8,12,2024-07-11,255.0
East,2,2x8,12,2024-07-18,260.0
East,2,2x8,12,2024-07-25,265.0
East,2,2x8,12,2024-08-01,270.0
East,2,2x8,12,2024-08-08,270.0
East,2,2x8,12,2024-08-15,270.0
East,2,2x8,12,2024-08-22,260.0
East,2,2x8,12,2024-08-29,255.0
East,2,2x8,12,2024-09-05,255.0
East,2,2x8,12,2024-09-12,255.0
East,2,2x8,12,2024-09-20,260.0
East,2,2x8,12,2024-09-27,270.0
East,2,2x8,12,2024-10-04,290.0
East,2,2x8,12,2024-10-11,315.0
East,2,2x8,12,2024-10-18,335.0
East,2,2x8,12,2024-10-25,350.0
East,2,2x8,12,2024-11-01,355.0
East,2,2x8,12,2024-11-08,350.0
East,2,2x8,12,2024-11-15,345.0
East,2,2x8,12,2024-11-22,335.0
East,2,2x8,12,2024-11-27,330.0
East,2,2x8,12,2024-12-06,330.0
East,2,2x8,12,2024-12-13,330.0
East,2,2x8,12,2024-12-20,340.0
East,2,2x8,12,2025-01-03,365.0
East,2,2x8,12,2025-01-10,375.0
East,2,2x8,12,2025-01-17,375.0
East,2,2x8,12,2025-01-24,365.0
East,2,2x8,12,2025-01-31,355.0
East,2,2x8,12,2025-02-07,365.0
East,2,2x8,12,2025-02-14,370.0
East,2,2x8,12,2025-02-21,370.0
East,2,2x8,12,2025-02-28,370.0
East,2,2x8,12,2025-03-07,370.0
East,2,2x8,12,2025-03-14,365.0
East,2,2x8,12,2025-03-21,365.0
East,2,2x8,12,2025-03-28,365.0
East,2,2x8,12,2025-04-04,365.0
East,2,2x8,12,2025-04-11,365.0
East,2,2x8,12,2025-04-18,365.0
East,2,2x8,12,2025-04-25,365.0
East,2,2x8,12,2025-05-02,365.0
East,2,2x8,12,2025-05-09,350.0
East,2,2x8,12,2025-05-16,335.0
East,2,2x8,12,2025-05-23,320.0
East,2,2x8,12,2025-05-30,310.0
East,2,2x8,12,2025-06-06,300.0
East,2,2x8,12,2025-06-13,300.0
East,2,2x8,12,2025-06-19,300.0
East,2,2x8,12,2025-06-27,305.0
East,2,2x8,12,2025-07-03,310.0
East,2,2x8,12,2025-07-11,320.0
East,2,2x8,12,2025-07-18,320.0
East,2,2x8,12,2025-07-25,315.0
East,2,2x8,12,2025-08-01,335.0
East,2,2x8,12,2025-08-08,340.0
East,2,2x8,12,2025-08-15,330.0
East,2,2x8,12,2025-08-22,320.0
East,2,2x8,12,2025-08-29,310.0
East,2,2x8,12,2025-09-05,300.0
East,2,2x8,12,2025-09-12,300.0
East,2,2x8,12,2025-09-19,300.0
East,2,2x8,12,2025-09-26,300.0
East,2,2x8,12,2025-10-03,310.0
East,2,2x8,12,2025-10-10,315.0
East,2,2x8,12,2025-10-17,315.0
East,2,2x8,14,2024-01-12,355.0
East,2,2x8,14,2024-01-18,345.0
East,2,2x8,14,2024-01-25,330.0
East,2,2x8,14,2024-02-08,340.0
East,2,2x8,14,2024-02-15,355.0
East,2,2x8,14,2024-02-22,365.0
East,2,2x8,14,2024-02-29,375.0
East,2,2x8,14,2024-03-07,375.0
East,2,2x8,14,2024-03-14,375.0
East,2,2x8,14,2024-03-21,370.0
East,2,2x8,14,2024-03-28,365.0
East,2,2x8,14,2024-04-04,350.0
East,2,2x8,14,2024-04-11,325.0
East,2,2x8,14,2024-04-18,310.0
East,2,2x8,14,2024-04-25,310.0
East,2,2x8,14,2024-05-02,310.0
East,2,2x8,14,2024-05-09,320.0
East,2,2x8,14,2024-05-16,330.0
East,2,2x8,14,2024-05-30,330.0
East,2,2x8,14,2024-06-06,320.0
East,2,2x8,14,2024-06-13,300.0
East,2,2x8,14,2024-06-20,290.0
East,2,2x8,14,2024-06-27,275.0
East,2,2x8,14,2024-07-04,265.0
East,2,2x8,14,2024-07-11,265.0
East,2,2x8,14,2024-07-18,270.0
East,2,2x8,14,2024-07-25,270.0
East,2,2x8,14,2024-08-01,270.0
East,2,2x8,14,2024-08-08,270.0
East,2,2x8,14,2024-08-15,270.0
East,2,2x8,14,2024-08-22,270.0
East,2,2x8,14,2024-08-29,265.0
East,2,2x8,14,2024-09-05,265.0
East,2,2x8,14,2024-09-12,270.0
East,2,2x8,14,2024-09-20,270.0
East,2,2x8,14,2024-09-27,280.0
East,2,2x8,14,2024-10-04,295.0
East,2,2x8,14,2024-10-11,320.0
East,2,2x8,14,2024-10-18,345.0
East,2,2x8,14,2024-10-25,360.0
East,2,2x8,14,2024-11-01,360.0
East,2,2x8,14,2024-11-08,350.0
East,2,2x8,14,2024-11-15,345.0
East,2,2x8,14,2024-11-22,335.0
East,2,2x8,14,2024-11-27,335.0
East,2,2x8,14,2024-12-06,330.0
East,2,2x8,14,2024-12-13,330.0
East,2,2x8,14,2024-12-20,335.0
East,2,2x8,14,2025-01-03,360.0
East,2,2x8,14,2025-01-10,370.0
East,2,2x8,14,2025-01-17,370.0
East,2,2x8,14,2025-01-24,365.0
East,2,2x8,14,2025-01-31,355.0
East,2,2x8,14,2025-02-07,365.0
East,2,2x8,14,2025-02-14,370.0
East,2,2x8,14,2025-02-21,370.0
East,2,2x8,14,2025-02-28,370.0
East,2,2x8,14,2025-03-07,370.0
East,2,2x8,14,2025-03-14,365.0
East,2,2x8,14,2025-03-21,365.0
East,2,2x8,14,2025-03-28,365.0
East,2,2x8,14,2025-04-04,370.0
East,2,2x8,14,2025-04-11,370.0
East,2,2x8,14,2025-04-18,370.0
East,2,2x8,14,2025-04-25,375.0
East,2,2x8,14,2025-05-02,370.0
East,2,2x8,14,2025-05-09,360.0
East,2,2x8,14,2025-05-16,340.0
East,2,2x8,14,2025-05-23,325.0
East,2,2x8,14,2025-05-30,315.0
East,2,2x8,14,2025-06-06,305.0
East,2,2x8,14,2025-06-13,305.0
East,2,2x8,14,2025-06-19,305.0
East,2,2x8,14,2025-06-27,305.0
East,2,2x8,14,2025-07-03,310.0
East,2,2x8,14,2025-07-11,320.0
East,2,2x8,14,2025-07-18,320.0
East,2,2x8,14,2025-07-25,315.0
East,2,2x8,14,2025-08-01,330.0
East,2,2x8,14,2025-08-08,340.0
East,2,2x8,14,2025-08-15,330.0
East,2,2x8,14,2025-08-22,320.0
East,2,2x8,14,2025-08-29,305.0
East,2,2x8,14,2025-09-05,295.0
East,2,2x8,14,2025-09-12,295.0
East,2,2x8,14,2025-09-19,295.0
East,2,2x8,14,2025-09-26,300.0
East,2,2x8,14,2025-10-03,310.0
East,2,2x8,14,2025-10-10,315.0
East,2,2x8,14,2025-10-17,320.0
East,2,2x8,16,2024-01-12,370.0
East,2,2x8,16,2024-01-18,360.0
East,2,2x8,16,2024-01-25,345.0
East,2,2x8,16,2024-02-08,350.0
East,2,2x8,16,2024-02-15,365.0
East,2,2x8,16,2024-02-22,375.0
East,2,2x8,16,2024-02-29,385.0
East,2,2x8,16,2024-03-07,390.0
East,2,2x8,16,2024-03-14,390.0
East,2,2x8,16,2024-03-21,380.0
East,2,2x8,16,2024-03-28,375.0
East,2,2x8,16,2024-04-04,360.0
East,2,2x8,16,2024-04-11,350.0
East,2,2x8,16,2024-04-18,325.0
East,2,2x8,16,2024-04-25,325.0
East,2,2x8,16,2024-05-02,330.0
East,2,2x8,16,2024-05-09,340.0
East,2,2x8,16,2024-05-16,345.0
East,2,2x8,16,2024-05-30,350.0
East,2,2x8,16,2024-06-06,340.0
East,2,2x8,16,2024-06-13,315.0
East,2,2x8,16,2024-06-20,305.0
East,2,2x8,16,2024-06-27,290.0
East,2,2x8,16,2024-07-04,280.0
East,2,2x8,16,2024-07-11,280.0
East,2,2x8,16,2024-07-18,285.0
East,2,2x8,16,2024-07-25,290.0
East,2,2x8,16,2024-08-01,290.0
East,2,2x8,16,2024-08-08,290.0
East,2,2x8,16,2024-08-15,290.0
East,2,2x8,16,2024-08-22,290.0
East,2,2x8,16,2024-08-29,285.0
East,2,2x8,16,2024-09-05,285.0
East,2,2x8,16,2024-09-12,290.0
East,2,2x8,16,2024-09-20,295.0
East,2,2x8,16,2024-09-27,305.0
East,2,2x8,16,2024-10-04,320.0
East,2,2x8,16,2024-10-11,345.0
East,2,2x8,16,2024-10-18,370.0
East,2,2x8,16,2024-10-25,380.0
East,2,2x8,16,2024-11-01,380.0
East,2,2x8,16,2024-11-08,375.0
East,2,2x8,16,2024-11-15,375.0
East,2,2x8,16,2024-11-22,365.0
East,2,2x8,16,2024-11-27,365.0
East,2,2x8,16,2024-12-06,360.0
East,2,2x8,16,2024-12-13,360.0
East,2,2x8,16,2024-12-20,370.0
East,2,2x8,16,2025-01-03,400.0
East,2,2x8,16,2025-01-10,410.0
East,2,2x8,16,2025-01-17,410.0
East,2,2x8,16,2025-01-24,400.0
East,2,2x8,16,2025-01-31,385.0
East,2,2x8,16,2025-02-07,395.0
East,2,2x8,16,2025-02-14,400.0
East,2,2x8,16,2025-02-21,400.0
East,2,2x8,16,2025-02-28,395.0
East,2,2x8,16,2025-03-07,390.0
East,2,2x8,16,2025-03-14,380.0
East,2,2x8,16,2025-03-21,375.0
East,2,2x8,16,2025-03-28,375.0
East,2,2x8,16,2025-04-04,375.0
East,2,2x8,16,2025-04-11,380.0
East,2,2x8,16,2025-04-18,390.0
East,2,2x8,16,2025-04-25,400.0
East,2,2x8,16,2025-05-02,385.0
East,2,2x8,16,2025-05-09,375.0
East,2,2x8,16,2025-05-16,355.0
East,2,2x8,16,2025-05-23,335.0
East,2,2x8,16,2025-05-30,325.0
East,2,2x8,16,2025-06-06,315.0
East,2,2x8,16,2025-06-13,315.0
East,2,2x8,16,2025-06-19,315.0
East,2,2x8,16,2025-06-27,315.0
East,2,2x8,16,2025-07-03,320.0
East,2,2x8,16,2025-07-11,325.0
East,2,2x8,16,2025-07-18,330.0
East,2,2x8,16,2025-07-25,355.0
East,2,2x8,16,2025-08-01,335.0
East,2,2x8,16,2025-08-08,335.0
East,2,2x8,16,2025-08-15,325.0
East,2,2x8,16,2025-08-22,310.0
East,2,2x8,16,2025-08-29,295.0
East,2,2x8,16,2025-09-05,290.0
East,2,2x8,16,2025-09-12,290.0
East,2,2x8,16,2025-09-19,290.0
East,2,2x8,16,2025-09-26,295.0
East,2,2x8,16,2025-10-03,305.0
East,2,2x8,16,2025-10-10,315.0
East,2,2x8,16,2025-10-17,320.0
East,2,2x8,18,2024-01-12,320.0
East,2,2x8,18,2024-01-18,315.0
East,2,2x8,18,2024-01-25,310.0
East,2,2x8,18,2024-02-08,320.0
East,2,2x8,18,2024-02-15,335.0
East,2,2x8,18,2024-02-22,350.0
East,2,2x8,18,2024-02-29,360.0
East,2,2x8,18,2024-03-07,355.0
East,2,2x8,18,2024-03-14,345.0
East,2,2x8,18,2024-03-21,340.0
East,2,2x8,18,2024-03-28,335.0
East,2,2x8,18,2024-04-04,320.0
East,2,2x8,18,2024-04-11,305.0
East,2,2x8,18,2024-04-18,285.0
East,2,2x8,18,2024-04-25,280.0
East,2,2x8,18,2024-05-02,280.0
East,2,2x8,18,2024-05-09,280.0
East,2,2x8,18,2024-05-16,290.0
East,2,2x8,18,2024-05-30,300.0
East,2,2x8,18,2024-06-06,300.0
East,2,2x8,18,2024-06-13,285.0
East,2,2x8,18,2024-06-20,275.0
East,2,2x8,18,2024-06-27,270.0
East,2,2x8,18,2024-07-04,265.0
East,2,2x8,18,2024-07-11,265.0
East,2,2x8,18,2024-07-18,270.0
East,2,2x8,18,2024-07-25,270.0
East,2,2x8,18,2024-08-01,270.0
East,2,2x8,18,2024-08-08,270.0
East,2,2x8,18,2024-08-15,270.0
East,2,2x8,18,2024-08-22,260.0
East,2,2x8,18,2024-08-29,255.0
East,2,2x8,18,2024-09-05,250.0
East,2,2x8,18,2024-09-12,250.0
East,2,2x8,18,2024-09-20,255.0
East,2,2x8,18,2024-09-27,265.0
East,2,2x8,18,2024-10-04,285.0
East,2,2x8,18,2024-10-11,310.0
East,2,2x8,18,2024-10-18,335.0
East,2,2x8,18,2024-10-25,350.0
East,2,2x8,18,2024-11-01,350.0
East,2,2x8,18,2024-11-08,350.0
East,2,2x8,18,2024-11-15,340.0
East,2,2x8,18,2024-11-22,330.0
East,2,2x8,18,2024-11-27,325.0
East,2,2x8,18,2024-12-06,320.0
East,2,2x8,18,2024-12-13,315.0
East,2,2x8,18,2024-12-20,325.0
East,2,2x8,18,2025-01-03,350.0
East,2,2x8,18,2025-01-10,360.0
East,2,2x8,18,2025-01-17,360.0
East,2,2x8,18,2025-01-24,360.0
East,2,2x8,18,2025-01-31,350.0
East,2,2x8,18,2025-02-07,355.0
East,2,2x8,18,2025-02-14,355.0
East,2,2x8,18,2025-02-21,355.0
East,2,2x8,18,2025-02-28,350.0
East,2,2x8,18,2025-03-07,340.0
East,2,2x8,18,2025-03-14,340.0
East,2,2x8,18,2025-03-21,335.0
East,2,2x8,18,2025-03-28,335.0
East,2,2x8,18,2025-04-04,335.0
East,2,2x8,18,2025-04-11,335.0
East,2,2x8,18,2025-04-18,335.0
East,2,2x8,18,2025-04-25,335.0
East,2,2x8,18,2025-05-02,330.0
East,2,2x8,18,2025-05-09,320.0
East,2,2x8,18,2025-05-16,305.0
East,2,2x8,18,2025-05-23,295.0
East,2,2x8,18,2025-05-30,285.0
East,2,2x8,18,2025-06-06,280.0
East,2,2x8,18,2025-06-13,280.0
East,2,2x8,18,2025-06-19,280.0
East,2,2x8,18,2025-06-27,280.0
East,2,2x8,18,2025-07-03,290.0
East,2,2x8,18,2025-07-11,295.0
East,2,2x8,18,2025-07-18,295.0
East,2,2x8,18,2025-07-25,305.0
East,2,2x8,18,2025-08-01,305.0
East,2,2x8,18,2025-08-08,305.0
East,2,2x8,18,2025-08-15,300.0
East,2,2x8,18,2025-08-22,290.0
East,2,2x8,18,2025-08-29,280.0
East,2,2x8,18,2025-09-05,270.0
East,2,2x8,18,2025-09-12,270.0
East,2,2x8,18,2025-09-19,270.0
East,2,2x8,18,2025-09-26,275.0
East,2,2x8,18,2025-10-03,285.0
East,2,2x8,18,2025-10-10,295.0
East,2,2x8,18,2025-10-17,310.0
East,2,2x8,20,2024-01-12,335.0
East,2,2x8,20,2024-01-18,325.0
East,2,2x8,20,2024-01-25,315.0
East,2,2x8,20,2024-02-08,325.0
East,2,2x8,20,2024-02-15,340.0
East,2,2x8,20,2024-02-22,355.0
East,2,2x8,20,2024-02-29,365.0
East,2,2x8,20,2024-03-07,365.0
East,2,2x8,20,2024-03-14,370.0
East,2,2x8,20,2024-03-21,360.0
East,2,2x8,20,2024-03-28,355.0
East,2,2x8,20,2024-04-04,340.0
East,2,2x8,20,2024-04-11,320.0
East,2,2x8,20,2024-04-18,300.0
East,2,2x8,20,2024-04-25,295.0
East,2,2x8,20,2024-05-02,295.0
East,2,2x8,20,2024-05-09,305.0
East,2,2x8,20,2024-05-16,315.0
East,2,2x8,20,2024-05-30,325.0
East,2,2x8,20,2024-06-06,325.0
East,2,2x8,20,2024-06-13,310.0
East,2,2x8,20,2024-06-20,300.0
East,2,2x8,20,2024-06-27,290.0
East,2,2x8,20,2024-07-04,290.0
East,2,2x8,20,2024-07-11,290.0
East,2,2x8,20,2024-07-18,290.0
East,2,2x8,20,2024-07-25,290.0
East,2,2x8,20,2024-08-01,290.0
East,2,2x8,20,2024-08-08,290.0
East,2,2x8,20,2024-08-15,290.0
East,2,2x8,20,2024-08-22,280.0
East,2,2x8,20,2024-08-29,275.0
East,2,2x8,20,2024-09-05,270.0
East,2,2x8,20,2024-09-12,270.0
East,2,2x8,20,2024-09-20,275.0
East,2,2x8,20,2024-09-27,285.0
East,2,2x8,20,2024-10-04,305.0
East,2,2x8,20,2024-10-11,330.0
East,2,2x8,20,2024-10-18,355.0
East,2,2x8,20,2024-10-25,370.0
East,2,2x8,20,2024-11-01,370.0
East,2,2x8,20,2024-11-08,365.0
East,2,2x8,20,2024-11-15,355.0
East,2,2x8,20,2024-11-22,350.0
East,2,2x8,20,2024-11-27,345.0
East,2,2x8,20,2024-12-06,340.0
East,2,2x8,20,2024-12-13,335.0
East,2,2x8,20,2024-12-20,345.0
East,2,2x8,20,2025-01-03,370.0
East,2,2x8,20,2025-01-10,375.0
East,2,2x8,20,2025-01-17,380.0
East,2,2x8,20,2025-01-24,375.0
East,2,2x8,20,2025-01-31,365.0
East,2,2x8,20,2025-02-07,370.0
East,2,2x8,20,2025-02-14,375.0
East,2,2x8,20,2025-02-21,375.0
East,2,2x8,20,2025-02-28,370.0
East,2,2x8,20,2025-03-07,360.0
East,2,2x8,20,2025-03-14,360.0
East,2,2x8,20,2025-03-21,355.0
East,2,2x8,20,2025-03-28,355.0
East,2,2x8,20,2025-04-04,355.0
East,2,2x8,20,2025-04-11,355.0
East,2,2x8,20,2025-04-18,355.0
East,2,2x8,20,2025-04-25,350.0
East,2,2x8,20,2025-05-02,345.0
East,2,2x8,20,2025-05-09,330.0
East,2,2x8,20,2025-05-16,315.0
East,2,2x8,20,2025-05-23,295.0
East,2,2x8,20,2025-05-30,285.0
East,2,2x8,20,2025-06-06,280.0
East,2,2x8,20,2025-06-13,280.0
East,2,2x8,20,2025-06-19,275.0
East,2,2x8,20,2025-06-27,285.0
East,2,2x8,20,2025-07-03,295.0
East,2,2x8,20,2025-07-11,300.0
East,2,2x8,20,2025-07-18,300.0
East,2,2x8,20,2025-07-25,335.0
East,2,2x8,20,2025-08-01,315.0
East,2,2x8,20,2025-08-08,320.0
East,2,2x8,20,2025-08-15,320.0
East,2,2x8,20,2025-08-22,310.0
East,2,2x8,20,2025-08-29,295.0
East,2,2x8,20,2025-09-05,285.0
East,2,2x8,20,2025-09-12,285.0
East,2,2x8,20,2025-09-19,285.0
East,2,2x8,20,2025-09-26,290.0
East,2,2x8,20,2025-10-03,295.0
East,2,2x8,20,2025-10-10,300.0
East,2,2x8,20,2025-10-17,310.0
West,1,2x10,8,2024-01-12,355.0
West,1,2x10,8,2024-01-18,340.0
West,1,2x10,8,2024-01-25,325.0
West,1,2x10,8,2024-02-08,310.0
West,1,2x10,8,2024-02-15,310.0
West,1,2x10,8,2024-02-22,310.0
West,1,2x10,8,2024-02-29,315.0
West,1,2x10,8,2024-03-07,320.0
West,1,2x10,8,2024-03-14,315.0
West,1,2x10,8,2024-03-21,320.0
West,1,2x10,8,2024-03-28,320.0
West,1,2x10,8,2024-04-04,320.0
West,1,2x10,8,2024-04-11,320.0
West,1,2x10,8,2024-04-18,320.0
West,1,2x10,8,2024-04-25,330.0
West,1,2x10,8,2024-05-02,330.0
West,1,2x10,8,2024-05-09,335.0
West,1,2x10,8,2024-05-16,340.0
West,1,2x10,8,2024-05-30,370.0
West,1,2x10,8,2024-06-06,380.0
West,1,2x10,8,2024-06-13,390.0
West,1,2x10,8,2024-06-20,390.0
West,1,2x10,8,2024-06-27,385.0
West,1,2x10,8,2024-07-04,380.0
West,1,2x10,8,2024-07-11,375.0
West,1,2x10,8,2024-07-18,375.0
West,1,2x10,8,2024-07-25,385.0
West,1,2x10,8,2024-08-01,385.0
West,1,2x10,8,2024-08-08,385.0
West,1,2x10,8,2024-08-15,380.0
West,1,2x10,8,2024-08-22,370.0
West,1,2x10,8,2024-08-29,355.0
West,1,2x10,8,2024-09-05,345.0
West,1,2x10,8,2024-09-12,340.0
West,1,2x10,8,2024-09-20,345.0
West,1,2x10,8,2024-09-26,345.0
West,1,2x10,8,2024-09-27,340.0
West,1,2x10,8,2024-10-04,335.0
West,1,2x10,8,2024-10-11,335.0
West,1,2x10,8,2024-10-18,340.0
West,1,2x10,8,2024-10-25,350.0
West,1,2x10,8,2024-11-01,350.0
West,1,2x10,8,2024-11-08,350.0
West,1,2x10,8,2024-11-15,350.0
West,1,2x10,8,2024-11-22,345.0
West,1,2x10,8,2024-11-27,340.0
West,1,2x10,8,2024-12-06,335.0
West,1,2x10,8,2024-12-13,335.0
West,1,2x10,8,2024-12-20,345.0
West,1,2x10,8,2025-01-03,355.0
West,1,2x10,8,2025-01-10,360.0
West,1,2x10,8,2025-01-17,360.0
West,1,2x10,8,2025-01-24,350.0
West,1,2x10,8,2025-01-31,340.0
West,1,2x10,8,2025-02-07,340.0
West,1,2x10,8,2025-02-14,340.0
West,1,2x10,8,2025-02-21,340.0
West,1,2x10,8,2025-02-28,340.0
West,1,2x10,8,2025-03-07,340.0
West,1,2x10,8,2025-03-14,340.0
West,1,2x10,8,2025-03-21,345.0
West,1,2x10,8,2025-03-28,360.0
West,1,2x10,8,2025-04-04,380.0
West,1,2x10,8,2025-04-11,400.0
West,1,2x10,8,2025-04-18,440.0
West,1,2x10,8,2025-04-25,465.0
West,1,2x10,8,2025-05-02,475.0
West,1,2x10,8,2025-05-09,475.0
West,1,2x10,8,2025-05-16,470.0
West,1,2x10,8,2025-05-23,455.0
West,1,2x10,8,2025-05-30,445.0
West,1,2x10,8,2025-06-06,425.0
West,1,2x10,8,2025-06-13,410.0
West,1,2x10,8,2025-06-19,390.0
West,1,2x10,8,2025-06-27,375.0
West,1,2x10,8,2025-07-03,365.0
West,1,2x10,8,2025-07-11,355.0
West,1,2x10,8,2025-07-18,355.0
West,1,2x10,8,2025-07-25,350.0
West,1,2x10,8,2025-08-01,350.0
West,1,2x10,8,2025-08-08,350.0
West,1,2x10,8,2025-08-15,347.0
West,1,2x10,8,2025-08-22,335.0
West,1,2x10,8,2025-08-29,325.0
West,1,2x10,8,2025-09-05,315.0
West,1,2x10,8,2025-09-12,310.0
West,1,2x10,8,2025-09-19,305.0
West,1,2x10,8,2025-09-26,300.0
West,1,2x10,8,2025-10-03,300.0
West,1,2x10,8,2025-10-10,300.0
West,1,2x10,8,2025-10-17,300.0
West,1,2x10,10,2024-01-12,445.0
West,1,2x10,10,2024-01-18,430.0
West,1,2x10,10,2024-01-25,415.0
West,1,2x10,10,2024-02-08,400.0
West,1,2x10,10,2024-02-15,395.0
West,1,2x10,10,2024-02-22,395.0
West,1,2x10,10,2024-02-29,400.0
West,1,2x10,10,2024-03-07,405.0
West,1,2x10,10,2024-03-14,400.0
West,1,2x10,10,2024-03-21,400.0
West,1,2x10,10,2024-03-28,400.0
West,1,2x10,10,2024-04-04,400.0
West,1,2x10,10,2024-04-11,400.0
West,1,2x10,10,2024-04-18,390.0
West,1,2x10,10,2024-04-25,400.0
West,1,2x10,10,2024-05-02,400.0
West,1,2x10,10,2024-05-09,405.0
West,1,2x10,10,2024-05-16,410.0
West,1,2x10,10,2024-05-30,440.0
West,1,2x10,10,2024-06-06,445.0
West,1,2x10,10,2024-06-13,455.0
West,1,2x10,10,2024-06-20,455.0
West,1,2x10,10,2024-06-27,450.0
West,1,2x10,10,2024-07-04,450.0
West,1,2x10,10,2024-07-11,445.0
West,1,2x10,10,2024-07-18,445.0
West,1,2x10,10,2024-07-25,445.0
West,1,2x10,10,2024-08-01,445.0
West,1,2x10,10,2024-08-08,445.0
West,1,2x10,10,2024-08-15,440.0
West,1,2x10,10,2024-08-22,430.0
West,1,2x10,10,2024-08-29,415.0
West,1,2x10,10,2024-09-05,405.0
West,1,2x10,10,2024-09-12,400.0
West,1,2x10,10,2024-09-20,405.0
West,1,2x10,10,2024-09-26,405.0
West,1,2x10,10,2024-09-27,400.0
West,1,2x10,10,2024-10-04,395.0
West,1,2x10,10,2024-10-11,395.0
West,1,2x10,10,2024-10-18,400.0
West,1,2x10,10,2024-10-25,400.0
West,1,2x10,10,2024-11-01,400.0
West,1,2x10,10,2024-11-08,400.0
West,1,2x10,10,2024-11-15,400.0
West,1,2x10,10,2024-11-22,395.0
West,1,2x10,10,2024-11-27,390.0
West,1,2x10,10,2024-12-06,385.0
West,1,2x10,10,2024-12-13,385.0
West,1,2x10,10,2024-12-20,395.0
West,1,2x10,10,2025-01-03,405.0
West,1,2x10,10,2025-01-10,410.0
West,1,2x10,10,2025-01-17,410.0
West,1,2x10,10,2025-01-24,400.0
West,1,2x10,10,2025-01-31,390.0
West,1,2x10,10,2025-02-07,390.0
West,1,2x10,10,2025-02-14,390.0
West,1,2x10,10,2025-02-21,390.0
West,1,2x10,10,2025-02-28,390.0
West,1,2x10,10,2025-03-07,390.0
West,1,2x10,10,2025-03-14,390.0
West,1,2x10,10,2025-03-21,395.0
West,1,2x10,10,2025-03-28,410.0
West,1,2x10,10,2025-04-04,430.0
West,1,2x10,10,2025-04-11,450.0
West,1,2x10,10,2025-04-18,490.0
West,1,2x10,10,2025-04-25,515.0
West,1,2x10,10,2025-05-02,525.0
West,1,2x10,10,2025-05-09,525.0
West,1,2x10,10,2025-05-16,520.0
West,1,2x10,10,2025-05-23,505.0
West,1,2x10,10,2025-05-30,495.0
West,1,2x10,10,2025-06-06,475.0
West,1,2x10,10,2025-06-13,460.0
West,1,2x10,10,2025-06-19,440.0
West,1,2x10,10,2025-06-27,430.0
West,1,2x10,10,2025-07-03,420.0
West,1,2x10,10,2025-07-11,410.0
West,1,2x10,10,2025-07-18,410.0
West,1,2x10,10,2025-07-25,405.0
West,1,2x10,10,2025-08-01,405.0
West,1,2x10,10,2025-08-08,395.0
West,1,2x10,10,2025-08-15,382.0
West,1,2x10,10,2025-08-22,370.0
West,1,2x10,10,2025-08-29,345.0
West,1,2x10,10,2025-09-05,335.0
West,1,2x10,10,2025-09-12,330.0
West,1,2x10,10,2025-09-19,325.0
West,1,2x10,10,2025-09-26,320.0
West,1,2x10,10,2025-10-03,320.0
West,1,2x10,10,2025-10-10,320.0
West,1,2x10,10,2025-10-17,320.0
West,1,2x10,12,2024-01-12,420.0
West,1,2x10,12,2024-01-18,405.0
West,1,2x10,12,2024-01-25,390.0
West,1,2x10,12,2024-02-08,375.0
West,1,2x10,12,2024-02-15,370.0
West,1,2x10,12,2024-02-22,370.0
West,1,2x10,12,2024-02-29,375.0
West,1,2x10,12,2024-03-07,380.0
West,1,2x10,12,2024-03-14,375.0
West,1,2x10,12,2024-03-21,380.0
West,1,2x10,12,2024-03-28,380.0
West,1,2x10,12,2024-04-04,380.0
West,1,2x10,12,2024-04-11,380.0
West,1,2x10,12,2024-04-18,370.0
West,1,2x10,12,2024-04-25,380.0
West,1,2x10,12,2024-05-02,380.0
West,1,2x10,12,2024-05-09,385.0
West,1,2x10,12,2024-05-16,390.0
West,1,2x10,12,2024-05-30,420.0
West,1,2x10,12,2024-06-06,430.0
West,1,2x10,12,2024-06-13,440.0
West,1,2x10,12,2024-06-20,440.0
West,1,2x10,12,2024-06-27,435.0
West,1,2x10,12,2024-07-04,435.0
West,1,2x10,12,2024-07-11,430.0
West,1,2x10,12,2024-07-18,430.0
West,1,2x10,12,2024-07-25,440.0
West,1,2x10,12,2024-08-01,440.0
West,1,2x10,12,2024-08-08,440.0
West,1,2x10,12,2024-08-15,435.0
West,1,2x10,12,2024-08-22,425.0
West,1,2x10,12,2024-08-29,410.0
West,1,2x10,12,2024-09-05,400.0
West,1,2x10,12,2024-09-12,395.0
West,1,2x10,12,2024-09-20,400.0
West,1,2x10,12,2024-09-26,400.0
West,1,2x10,12,2024-09-27,395.0
West,1,2x10,12,2024-10-04,390.0
West,1,2x10,12,2024-10-11,395.0
West,1,2x10,12,2024-10-18,400.0
West,1,2x10,12,2024-10-25,400.0
West,1,2x10,12,2024-11-01,400.0
West,1,2x10,12,2024-11-08,400.0
West,1,2x10,12,2024-11-15,400.0
West,1,2x10,12,2024-11-22,395.0
West,1,2x10,12,2024-11-27,390.0
West,1,2x10,12,2024-12-06,385.0
West,1,2x10,12,2024-12-13,385.0
West,1,2x10,12,2024-12-20,395.0
West,1,2x10,12,2025-01-03,405.0
West,1,2x10,12,2025-01-10,410.0
West,1,2x10,12,2025-01-17,410.0
West,1,2x10,12,2025-01-24,400.0
West,1,2x10,12,2025-01-31,390.0
West,1,2x10,12,2025-02-07,390.0
West,1,2x10,12,2025-02-14,390.0
West,1,2x10,12,2025-02-21,390.0
West,1,2x10,12,2025-02-28,390.0
West,1,2x10,12,2025-03-07,390.0
West,1,2x10,12,2025-03-14,390.0
West,1,2x10,12,2025-03-21,395.0
West,1,2x10,12,2025-03-28,410.0
West,1,2x10,12,2025-04-04,430.0
West,1,2x10,12,2025-04-11,450.0
West,1,2x10,12,2025-04-18,490.0
West,1,2x10,12,2025-04-25,515.0
West,1,2x10,12,2025-05-02,525.0
West,1,2x10,12,2025-05-09,525.0
West,1,2x10,12,2025-05-16,520.0
West,1,2x10,12,2025-05-23,505.0
West,1,2x10,12,2025-05-30,495.0
West,1,2x10,12,2025-06-06,475.0
West,1,2x10,12,2025-06-13,460.0
West,1,2x10,12,2025-06-19,440.0
West,1,2x10,12,2025-06-27,430.0
West,1,2x10,12,2025-07-03,420.0
West,1,2x10,12,2025-07-11,410.0
West,1,2x10,12,2025-07-18,410.0
West,1,2x10,12,2025-07-25,410.0
West,1,2x10,12,2025-08-01,410.0
West,1,2x10,12,2025-08-08,410.0
West,1,2x10,12,2025-08-15,395.0
West,1,2x10,12,2025-08-22,380.0
West,1,2x10,12,2025-08-29,355.0
West,1,2x10,12,2025-09-05,345.0
West,1,2x10,12,2025-09-12,340.0
West,1,2x10,12,2025-09-19,335.0
West,1,2x10,12,2025-09-26,330.0
West,1,2x10,12,2025-10-03,330.0
West,1,2x10,12,2025-10-10,330.0
West,1,2x10,12,2025-10-17,330.0
West,1,2x10,14,2024-01-12,345.0
West,1,2x10,14,2024-01-18,330.0
West,1,2x10,14,2024-01-25,315.0
West,1,2x10,14,2024-02-08,300.0
West,1,2x10,14,2024-02-15,295.0
West,1,2x10,14,2024-02-22,290.0
West,1,2x10,14,2024-02-29,295.0
West,1,2x10,14,2024-03-07,300.0
West,1,2x10,14,2024-03-14,300.0
West,1,2x10,14,2024-03-21,310.0
West,1,2x10,14,2024-03-28,310.0
West,1,2x10,14,2024-04-04,310.0
West,1,2x10,14,2024-04-11,310.0
West,1,2x10,14,2024-04-18,310.0
West,1,2x10,14,2024-04-25,315.0
West,1,2x10,14,2024-05-02,315.0
West,1,2x10,14,2024-05-09,320.0
West,1,2x10,14,2024-05-16,325.0
West,1,2x10,14,2024-05-30,355.0
West,1,2x10,14,2024-06-06,375.0
West,1,2x10,14,2024-06-13,385.0
West,1,2x10,14,2024-06-20,385.0
West,1,2x10,14,2024-06-27,380.0
West,1,2x10,14,2024-07-04,380.0
West,1,2x10,14,2024-07-11,375.0
West,1,2x10,14,2024-07-18,375.0
West,1,2x10,14,2024-07-25,380.0
West,1,2x10,14,2024-08-01,380.0
West,1,2x10,14,2024-08-08,380.0
West,1,2x10,14,2024-08-15,375.0
West,1,2x10,14,2024-08-22,365.0
West,1,2x10,14,2024-08-29,350.0
West,1,2x10,14,2024-09-05,340.0
West,1,2x10,14,2024-09-12,335.0
West,1,2x10,14,2024-09-20,340.0
West,1,2x10,14,2024-09-26,340.0
West,1,2x10,14,2024-09-27,335.0
West,1,2x10,14,2024-10-04,330.0
West,1,2x10,14,2024-10-11,335.0
West,1,2x10,14,2024-10-18,340.0
West,1,2x10,14,2024-10-25,340.0
West,1,2x10,14,2024-11-01,340.0
West,1,2x10,14,2024-11-08,340.0
West,1,2x10,14,2024-11-15,340.0
West,1,2x10,14,2024-11-22,335.0
West,1,2x10,14,2024-11-27,330.0
West,1,2x10,14,2024-12-06,325.0
West,1,2x10,14,2024-12-13,325.0
West,1,2x10,14,2024-12-20,335.0
West,1,2x10,14,2025-01-03,345.0
West,1,2x10,14,2025-01-10,350.0
West,1,2x10,14,2025-01-17,350.0
West,1,2x10,14,2025-01-24,340.0
West,1,2x10,14,2025-01-31,330.0
West,1,2x10,14,2025-02-07,330.0
West,1,2x10,14,2025-02-14,330.0
West,1,2x10,14,2025-02-21,330.0
West,1,2x10,14,2025-02-28,330.0
West,1,2x10,14,2025-03-07,330.0
West,1,2x10,14,2025-03-14,330.0
West,1,2x10,14,2025-03-21,335.0
West,1,2x10,14,2025-03-28,350.0
West,1,2x10,14,2025-04-04,370.0
West,1,2x10,14,2025-04-11,390.0
West,1,2x10,14,2025-04-18,430.0
West,1,2x10,14,2025-04-25,455.0
West,1,2x10,14,2025-05-02,465.0
West,1,2x10,14,2025-05-09,465.0
West,1,2x10,14,2025-05-16,460.0
West,1,2x10,14,2025-05-23,445.0
West,1,2x10,14,2025-05-30,435.0
West,1,2x10,14,2025-06-06,415.0
West,1,2x10,14,2025-06-13,400.0
West,1,2x10,14,2025-06-19,380.0
West,1,2x10,14,2025-06-27,365.0
West,1,2x10,14,2025-07-03,355.0
West,1,2x10,14,2025-07-11,355.0
West,1,2x10,14,2025-07-18,355.0
West,1,2x10,14,2025-07-25,350.0
West,1,2x10,14,2025-08-01,350.0
West,1,2x10,14,2025-08-08,350.0
West,1,2x10,14,2025-08-15,350.0
West,1,2x10,14,2025-08-22,340.0
West,1,2x10,14,2025-08-29,330.0
West,1,2x10,14,2025-09-05,320.0
West,1,2x10,14,2025-09-12,315.0
West,1,2x10,14,2025-09-19,310.0
West,1,2x10,14,2025-09-26,305.0
West,1,2x10,14,2025-10-03,305.0
West,1,2x10,14,2025-10-10,305.0
West,1,2x10,14,2025-10-17,305.0
West,1,2x10,16,2024-01-12,410.0
West,1,2x10,16,2024-01-18,395.0
West,1,2x10,16,2024-01-25,380.0
West,1,2x10,16,2024-02-08,365.0
West,1,2x10,16,2024-02-15,355.0
West,1,2x10,16,2024-02-22,350.0
West,1,2x10,16,2024-02-29,355.0
West,1,2x10,16,2024-03-07,360.0
West,1,2x10,16,2024-03-14,360.0
West,1,2x10,16,2024-03-21,365.0
West,1,2x10,16,2024-03-28,365.0
West,1,2x10,16,2024-04-04,365.0
West,1,2x10,16,2024-04-11,365.0
West,1,2x10,16,2024-04-18,365.0
West,1,2x10,16,2024-04-25,365.0
West,1,2x10,16,2024-05-02,365.0
West,1,2x10,16,2024-05-09,370.0
West,1,2x10,16,2024-05-16,375.0
West,1,2x10,16,2024-05-30,405.0
West,1,2x10,16,2024-06-06,410.0
West,1,2x10,16,2024-06-13,420.0
West,1,2x10,16,2024-06-20,420.0
West,1,2x10,16,2024-06-27,415.0
West,1,2x10,16,2024-07-04,415.0
West,1,2x10,16,2024-07-11,410.0
West,1,2x10,16,2024-07-18,410.0
West,1,2x10,16,2024-07-25,425.0
West,1,2x10,16,2024-08-01,425.0
West,1,2x10,16,2024-08-08,425.0
West,1,2x10,16,2024-08-15,420.0
West,1,2x10,16,2024-08-22,410.0
West,1,2x10,16,2024-08-29,395.0
West,1,2x10,16,2024-09-05,385.0
West,1,2x10,16,2024-09-12,380.0
West,1,2x10,16,2024-09-20,385.0
West,1,2x10,16,2024-09-26,385.0
West,1,2x10,16,2024-09-27,380.0
West,1,2x10,16,2024-10-04,375.0
West,1,2x10,16,2024-10-11,385.0
West,1,2x10,16,2024-10-18,390.0
West,1,2x10,16,2024-10-25,390.0
West,1,2x10,16,2024-11-01,390.0
West,1,2x10,16,2024-11-08,390.0
West,1,2x10,16,2024-11-15,390.0
West,1,2x10,16,2024-11-22,385.0
West,1,2x10,16,2024-11-27,380.0
West,1,2x10,16,2024-12-06,375.0
West,1,2x10,16,2024-12-13,375.0
West,1,2x10,16,2024-12-20,385.0
West,1,2x10,16,2025-01-03,395.0
West,1,2x10,16,2025-01-10,400.0
West,1,2x10,16,2025-01-17,400.0
West,1,2x10,16,2025-01-24,390.0
West,1,2x10,16,2025-01-31,380.0
West,1,2x10,16,2025-02-07,380.0
West,1,2x10,16,2025-02-14,380.0
West,1,2x10,16,2025-02-21,380.0
West,1,2x10,16,2025-02-28,380.0
West,1,2x10,16,2025-03-07,380.0
West,1,2x10,16,2025-03-14,380.0
West,1,2x10,16,2025-03-21,385.0
West,1,2x10,16,2025-03-28,400.0
West,1,2x10,16,2025-04-04,420.0
West,1,2x10,16,2025-04-11,440.0
West,1,2x10,16,2025-04-18,480.0
West,1,2x10,16,2025-04-25,505.0
West,1,2x10,16,2025-05-02,515.0
West,1,2x10,16,2025-05-09,515.0
West,1,2x10,16,2025-05-16,510.0
West,1,2x10,16,2025-05-23,495.0
West,1,2x10,16,2025-05-30,485.0
West,1,2x10,16,2025-06-06,460.0
West,1,2x10,16,2025-06-13,445.0
West,1,2x10,16,2025-06-19,425.0
West,1,2x10,16,2025-06-27,415.0
West,1,2x10,16,2025-07-03,405.0
West,1,2x10,16,2025-07-11,400.0
West,1,2x10,16,2025-07-18,400.0
West,1,2x10,16,2025-07-25,400.0
West,1,2x10,16,2025-08-01,400.0
West,1,2x10,16,2025-08-08,390.0
West,1,2x10,16,2025-08-15,380.0
West,1,2x10,16,2025-08-22,360.0
West,1,2x10,16,2025-08-29,340.0
West,1,2x10,16,2025-09-05,330.0
West,1,2x10,16,2025-09-12,325.0
West,1,2x10,16,2025-09-19,320.0
West,1,2x10,16,2025-09-26,315.0
West,1,2x10,16,2025-10-03,315.0
West,1,2x10,16,2025-10-10,315.0
West,1,2x10,16,2025-10-17,315.0
West,1,2x10,18,2024-01-12,345.0
West,1,2x10,18,2024-01-18,330.0
West,1,2x10,18,2024-01-25,315.0
West,1,2x10,18,2024-02-08,300.0
West,1,2x10,18,2024-02-15,295.0
West,1,2x10,18,2024-02-22,295.0
West,1,2x10,18,2024-02-29,295.0
West,1,2x10,18,2024-03-07,300.0
West,1,2x10,18,2024-03-14,295.0
West,1,2x10,18,2024-03-21,295.0
West,1,2x10,18,2024-03-28,295.0
West,1,2x10,18,2024-04-04,285.0
West,1,2x10,18,2024-04-11,285.0
West,1,2x10,18,2024-04-18,285.0
West,1,2x10,18,2024-04-25,285.0
West,1,2x10,18,2024-05-02,285.0
West,1,2x10,18,2024-05-09,290.0
West,1,2x10,18,2024-05-16,295.0
West,1,2x10,18,2024-05-30,325.0
West,1,2x10,18,2024-06-06,330.0
West,1,2x10,18,2024-06-13,340.0
West,1,2x10,18,2024-06-20,340.0
West,1,2x10,18,2024-06-27,335.0
West,1,2x10,18,2024-07-04,335.0
West,1,2x10,18,2024-07-11,330.0
West,1,2x10,18,2024-07-18,330.0
West,1,2x10,18,2024-07-25,340.0
West,1,2x10,18,2024-08-01,340.0
West,1,2x10,18,2024-08-08,340.0
West,1,2x10,18,2024-08-15,335.0
West,1,2x10,18,2024-08-22,325.0
West,1,2x10,18,2024-08-29,310.0
West,1,2x10,18,2024-09-05,300.0
West,1,2x10,18,2024-09-12,295.0
West,1,2x10,18,2024-09-20,300.0
West,1,2x10,18,2024-09-26,300.0
West,1,2x10,18,2024-09-27,295.0
West,1,2x10,18,2024-10-04,290.0
West,1,2x10,18,2024-10-11,295.0
West,1,2x10,18,2024-10-18,295.0
West,1,2x10,18,2024-10-25,295.0
West,1,2x10,18,2024-11-01,295.0
West,1,2x10,18,2024-11-08,295.0
West,1,2x10,18,2024-11-15,295.0
West,1,2x10,18,2024-11-22,290.0
West,1,2x10,18,2024-11-27,285.0
West,1,2x10,18,2024-12-06,280.0
West,1,2x10,18,2024-12-13,280.0
West,1,2x10,18,2024-12-20,290.0
West,1,2x10,18,2025-01-03,300.0
West,1,2x10,18,2025-01-10,305.0
West,1,2x10,18,2025-01-17,305.0
West,1,2x10,18,2025-01-24,295.0
West,1,2x10,18,2025-01-31,290.0
West,1,2x10,18,2025-02-07,290.0
West,1,2x10,18,2025-02-14,290.0
West,1,2x10,18,2025-02-21,290.0
West,1,2x10,18,2025-02-28,290.0
West,1,2x10,18,2025-03-07,290.0
West,1,2x10,18,2025-03-14,290.0
West,1,2x10,18,2025-03-21,295.0
West,1,2x10,18,2025-03-28,310.0
West,1,2x10,18,2025-04-04,330.0
West,1,2x10,18,2025-04-11,350.0
West,1,2x10,18,2025-04-18,390.0
West,1,2x10,18,2025-04-25,415.0
West,1,2x10,18,2025-05-02,425.0
West,1,2x10,18,2025-05-09,425.0
West,1,2x10,18,2025-05-16,420.0
West,1,2x10,18,2025-05-23,405.0
West,1,2x10,18,2025-05-30,395.0
West,1,2x10,18,2025-06-06,370.0
West,1,2x10,18,2025-06-13,355.0
West,1,2x10,18,2025-06-19,335.0
West,1,2x10,18,2025-06-27,320.0
West,1,2x10,18,2025-07-03,310.0
West,1,2x10,18,2025-07-11,305.0
West,1,2x10,18,2025-07-18,305.0
West,1,2x10,18,2025-07-25,305.0
West,1,2x10,18,2025-08-01,305.0
West,1,2x10,18,2025-08-08,305.0
West,1,2x10,18,2025-08-15,305.0
West,1,2x10,18,2025-08-22,305.0
West,1,2x10,18,2025-08-29,300.0
West,1,2x10,18,2025-09-05,290.0
West,1,2x10,18,2025-09-12,285.0
West,1,2x10,18,2025-09-19,280.0
West,1,2x10,18,2025-09-26,275.0
West,1,2x10,18,2025-10-03,275.0
West,1,2x10,18,2025-10-10,275.0
West,1,2x10,18,2025-10-17,275.0
West,1,2x10,20,2024-01-12,730.0
West,1,2x10,20,2024-01-18,715.0
West,1,2x10,20,2024-01-25,700.0
West,1,2x10,20,2024-02-08,685.0
West,1,2x10,20,2024-02-15,675.0
West,1,2x10,20,2024-02-22,655.0
West,1,2x10,20,2024-02-29,655.0
West,1,2x10,20,2024-03-07,660.0
West,1,2x10,20,2024-03-14,640.0
West,1,2x10,20,2024-03-21,635.0
West,1,2x10,20,2024-03-28,635.0
West,1,2x10,20,2024-04-04,610.0
West,1,2x10,20,2024-04-11,590.0
West,1,2x10,20,2024-04-18,580.0
West,1,2x10,20,2024-04-25,560.0
West,1,2x10,20,2024-05-02,560.0
West,1,2x10,20,2024-05-09,565.0
West,1,2x10,20,2024-05-16,570.0
West,1,2x10,20,2024-05-30,600.0
West,1,2x10,20,2024-06-06,600.0
West,1,2x10,20,2024-06-13,605.0
West,1,2x10,20,2024-06-20,605.0
West,1,2x10,20,2024-06-27,600.0
West,1,2x10,20,2024-07-04,600.0
West,1,2x10,20,2024-07-11,595.0
West,1,2x10,20,2024-07-18,595.0
West,1,2x10,20,2024-07-25,600.0
West,1,2x10,20,2024-08-01,600.0
West,1,2x10,20,2024-08-08,600.0
West,1,2x10,20,2024-08-15,595.0
West,1,2x10,20,2024-08-22,585.0
West,1,2x10,20,2024-08-29,570.0
West,1,2x10,20,2024-09-05,560.0
West,1,2x10,20,2024-09-12,555.0
West,1,2x10,20,2024-09-20,560.0
West,1,2x10,20,2024-09-26,560.0
West,1,2x10,20,2024-09-27,555.0
West,1,2x10,20,2024-10-04,550.0
West,1,2x10,20,2024-10-11,550.0
West,1,2x10,20,2024-10-18,550.0
West,1,2x10,20,2024-10-25,550.0
West,1,2x10,20,2024-11-01,550.0
West,1,2x10,20,2024-11-08,550.0
West,1,2x10,20,2024-11-15,550.0
West,1,2x10,20,2024-11-22,545.0
West,1,2x10,20,2024-11-27,540.0
West,1,2x10,20,2024-12-06,535.0
West,1,2x10,20,2024-12-13,520.0
West,1,2x10,20,2024-12-20,510.0
West,1,2x10,20,2025-01-03,520.0
West,1,2x10,20,2025-01-10,525.0
West,1,2x10,20,2025-01-17,525.0
West,1,2x10,20,2025-01-24,515.0
West,1,2x10,20,2025-01-31,510.0
West,1,2x10,20,2025-02-07,510.0
West,1,2x10,20,2025-02-14,510.0
West,1,2x10,20,2025-02-21,510.0
West,1,2x10,20,2025-02-28,510.0
West,1,2x10,20,2025-03-07,510.0
West,1,2x10,20,2025-03-14,510.0
West,1,2x10,20,2025-03-21,515.0
West,1,2x10,20,2025-03-28,525.0
West,1,2x10,20,2025-04-04,525.0
West,1,2x10,20,2025-04-11,545.0
West,1,2x10,20,2025-04-18,585.0
West,1,2x10,20,2025-04-25,585.0
West,1,2x10,20,2025-05-02,595.0
West,1,2x10,20,2025-05-09,595.0
West,1,2x10,20,2025-05-16,590.0
West,1,2x10,20,2025-05-23,575.0
West,1,2x10,20,2025-05-30,565.0
West,1,2x10,20,2025-06-06,530.0
West,1,2x10,20,2025-06-13,515.0
West,1,2x10,20,2025-06-19,495.0
West,1,2x10,20,2025-06-27,470.0
West,1,2x10,20,2025-07-03,460.0
West,1,2x10,20,2025-07-11,450.0
West,1,2x10,20,2025-07-18,450.0
West,1,2x10,20,2025-07-25,445.0
West,1,2x10,20,2025-08-01,445.0
West,1,2x10,20,2025-08-08,435.0
West,1,2x10,20,2025-08-15,415.0
West,1,2x10,20,2025-08-22,400.0
West,1,2x10,20,2025-08-29,380.0
West,1,2x10,20,2025-09-05,370.0
West,1,2x10,20,2025-09-12,365.0
West,1,2x10,20,2025-09-19,360.0
West,1,2x10,20,2025-09-26,355.0
West,1,2x10,20,2025-10-03,355.0
West,1,2x10,20,2025-10-10,355.0
West,1,2x10,20,2025-10-17,355.0
West,1,2x12,8,2024-01-12,590.0
West,1,2x12,8,2024-01-18,590.0
West,1,2x12,8,2024-01-25,595.0
West,1,2x12,8,2024-02-08,620.0
West,1,2x12,8,2024-02-15,640.0
West,1,2x12,8,2024-02-22,660.0
West,1,2x12,8,2024-02-29,680.0
West,1,2x12,8,2024-03-07,690.0
West,1,2x12,8,2024-03-14,710.0
West,1,2x12,8,2024-03-21,710.0
West,1,2x12,8,2024-03-28,710.0
West,1,2x12,8,2024-04-04,690.0
West,1,2x12,8,2024-04-11,670.0
West,1,2x12,8,2024-04-18,640.0
West,1,2x12,8,2024-04-25,610.0
West,1,2x12,8,2024-05-02,570.0
West,1,2x12,8,2024-05-09,550.0
West,1,2x12,8,2024-05-16,540.0
West,1,2x12,8,2024-05-30,540.0
West,1,2x12,8,2024-06-06,540.0
West,1,2x12,8,2024-06-13,545.0
West,1,2x12,8,2024-06-20,545.0
West,1,2x12,8,2024-06-27,540.0
West,1,2x12,8,2024-07-04,540.0
West,1,2x12,8,2024-07-11,540.0
West,1,2x12,8,2024-07-18,545.0
West,1,2x12,8,2024-07-25,560.0
West,1,2x12,8,2024-08-01,570.0
West,1,2x12,8,2024-08-08,580.0
West,1,2x12,8,2024-08-15,580.0
West,1,2x12,8,2024-08-22,580.0
West,1,2x12,8,2024-08-29,590.0
West,1,2x12,8,2024-09-05,600.0
West,1,2x12,8,2024-09-12,615.0
West,1,2x12,8,2024-09-20,635.0
West,1,2x12,8,2024-09-26,635.0
West,1,2x12,8,2024-09-27,640.0
West,1,2x12,8,2024-10-04,640.0
West,1,2x12,8,2024-10-11,665.0
West,1,2x12,8,2024-10-18,675.0
West,1,2x12,8,2024-10-25,685.0
West,1,2x12,8,2024-11-01,685.0
West,1,2x12,8,2024-11-08,680.0
West,1,2x12,8,2024-11-15,660.0
West,1,2x12,8,2024-11-22,630.0
West,1,2x12,8,2024-11-27,610.0
West,1,2x12,8,2024-12-06,590.0
West,1,2x12,8,2024-12-13,580.0
West,1,2x12,8,2024-12-20,565.0
West,1,2x12,8,2025-01-03,555.0
West,1,2x12,8,2025-01-10,545.0
West,1,2x12,8,2025-01-17,530.0
West,1,2x12,8,2025-01-24,525.0
West,1,2x12,8,2025-01-31,520.0
West,1,2x12,8,2025-02-07,515.0
West,1,2x12,8,2025-02-14,515.0
West,1,2x12,8,2025-02-21,515.0
West,1,2x12,8,2025-02-28,515.0
West,1,2x12,8,2025-03-07,515.0
West,1,2x12,8,2025-03-14,515.0
West,1,2x12,8,2025-03-21,515.0
West,1,2x12,8,2025-03-28,530.0
West,1,2x12,8,2025-04-04,535.0
West,1,2x12,8,2025-04-11,540.0
West,1,2x12,8,2025-04-18,545.0
West,1,2x12,8,2025-04-25,550.0
West,1,2x12,8,2025-05-02,550.0
West,1,2x12,8,2025-05-09,550.0
West,1,2x12,8,2025-05-16,540.0
West,1,2x12,8,2025-05-23,520.0
West,1,2x12,8,2025-05-30,505.0
West,1,2x12,8,2025-06-06,490.0
West,1,2x12,8,2025-06-13,470.0
West,1,2x12,8,2025-06-19,440.0
West,1,2x12,8,2025-06-27,440.0
West,1,2x12,8,2025-07-03,440.0
West,1,2x12,8,2025-07-11,440.0
West,1,2x12,8,2025-07-18,450.0
West,1,2x12,8,2025-07-25,450.0
West,1,2x12,8,2025-08-01,450.0
West,1,2x12,8,2025-08-08,450.0
West,1,2x12,8,2025-08-15,450.0
West,1,2x12,8,2025-08-22,440.0
West,1,2x12,8,2025-08-29,440.0
West,1,2x12,8,2025-09-05,435.0
West,1,2x12,8,2025-09-12,435.0
West,1,2x12,8,2025-09-19,440.0
West,1,2x12,8,2025-09-26,440.0
West,1,2x12,8,2025-10-03,440.0
West,1,2x12,8,2025-10-10,445.0
West,1,2x12,8,2025-10-17,445.0
West,1,2x12,10,2024-01-12,585.0
West,1,2x12,10,2024-01-18,585.0
West,1,2x12,10,2024-01-25,590.0
West,1,2x12,10,2024-02-08,615.0
West,1,2x12,10,2024-02-15,635.0
West,1,2x12,10,2024-02-22,660.0
West,1,2x12,10,2024-02-29,680.0
West,1,2x12,10,2024-03-07,685.0
West,1,2x12,10,2024-03-14,690.0
West,1,2x12,10,2024-03-21,695.0
West,1,2x12,10,2024-03-28,685.0
West,1,2x12,10,2024-04-04,665.0
West,1,2x12,10,2024-04-11,645.0
West,1,2x12,10,2024-04-18,615.0
West,1,2x12,10,2024-04-25,585.0
West,1,2x12,10,2024-05-02,545.0
West,1,2x12,10,2024-05-09,525.0
West,1,2x12,10,2024-05-16,515.0
West,1,2x12,10,2024-05-30,515.0
West,1,2x12,10,2024-06-06,515.0
West,1,2x12,10,2024-06-13,515.0
West,1,2x12,10,2024-06-20,515.0
West,1,2x12,10,2024-06-27,510.0
West,1,2x12,10,2024-07-04,510.0
West,1,2x12,10,2024-07-11,510.0
West,1,2x12,10,2024-07-18,515.0
West,1,2x12,10,2024-07-25,530.0
West,1,2x12,10,2024-08-01,540.0
West,1,2x12,10,2024-08-08,550.0
West,1,2x12,10,2024-08-15,560.0
West,1,2x12,10,2024-08-22,560.0
West,1,2x12,10,2024-08-29,570.0
West,1,2x12,10,2024-09-05,580.0
West,1,2x12,10,2024-09-12,595.0
West,1,2x12,10,2024-09-20,610.0
West,1,2x12,10,2024-09-26,610.0
West,1,2x12,10,2024-09-27,615.0
West,1,2x12,10,2024-10-04,615.0
West,1,2x12,10,2024-10-11,645.0
West,1,2x12,10,2024-10-18,655.0
West,1,2x12,10,2024-10-25,665.0
West,1,2x12,10,2024-11-01,665.0
West,1,2x12,10,2024-11-08,660.0
West,1,2x12,10,2024-11-15,640.0
West,1,2x12,10,2024-11-22,610.0
West,1,2x12,10,2024-11-27,590.0
West,1,2x12,10,2024-12-06,570.0
West,1,2x12,10,2024-12-13,560.0
West,1,2x12,10,2024-12-20,545.0
West,1,2x12,10,2025-01-03,535.0
West,1,2x12,10,2025-01-10,525.0
West,1,2x12,10,2025-01-17,510.0
West,1,2x12,10,2025-01-24,505.0
West,1,2x12,10,2025-01-31,500.0
West,1,2x12,10,2025-02-07,510.0
West,1,2x12,10,2025-02-14,510.0
West,1,2x12,10,2025-02-21,510.0
West,1,2x12,10,2025-02-28,510.0
West,1,2x12,10,2025-03-07,510.0
West,1,2x12,10,2025-03-14,510.0
West,1,2x12,10,2025-03-21,510.0
West,1,2x12,10,2025-03-28,525.0
West,1,2x12,10,2025-04-04,530.0
West,1,2x12,10,2025-04-11,535.0
West,1,2x12,10,2025-04-18,540.0
West,1,2x12,10,2025-04-25,545.0
West,1,2x12,10,2025-05-02,545.0
West,1,2x12,10,2025-05-09,545.0
West,1,2x12,10,2025-05-16,535.0
West,1,2x12,10,2025-05-23,515.0
West,1,2x12,10,2025-05-30,500.0
West,1,2x12,10,2025-06-06,470.0
West,1,2x12,10,2025-06-13,455.0
West,1,2x12,10,2025-06-19,425.0
West,1,2x12,10,2025-06-27,420.0
West,1,2x12,10,2025-07-03,420.0
West,1,2x12,10,2025-07-11,420.0
West,1,2x12,10,2025-07-18,420.0
West,1,2x12,10,2025-07-25,420.0
West,1,2x12,10,2025-08-01,420.0
West,1,2x12,10,2025-08-08,420.0
West,1,2x12,10,2025-08-15,425.0
West,1,2x12,10,2025-08-22,415.0
West,1,2x12,10,2025-08-29,415.0
West,1,2x12,10,2025-09-05,410.0
West,1,2x12,10,2025-09-12,410.0
West,1,2x12,10,2025-09-19,415.0
West,1,2x12,10,2025-09-26,415.0
West,1,2x12,10,2025-10-03,415.0
West,1,2x12,10,2025-10-10,420.0
West,1,2x12,10,2025-10-17,425.0
West,1,2x12,12,2024-01-12,545.0
West,1,2x12,12,2024-01-18,545.0
West,1,2x12,12,2024-01-25,550.0
West,1,2x12,12,2024-02-08,575.0
West,1,2x12,12,2024-02-15,595.0
West,1,2x12,12,2024-02-22,610.0
West,1,2x12,12,2024-02-29,625.0
West,1,2x12,12,2024-03-07,630.0
West,1,2x12,12,2024-03-14,630.0
West,1,2x12,12,2024-03-21,630.0
West,1,2x12,12,2024-03-28,630.0
West,1,2x12,12,2024-04-04,610.0
West,1,2x12,12,2024-04-11,590.0
West,1,2x12,12,2024-04-18,560.0
West,1,2x12,12,2024-04-25,530.0
West,1,2x12,12,2024-05-02,490.0
West,1,2x12,12,2024-05-09,470.0
West,1,2x12,12,2024-05-16,460.0
West,1,2x12,12,2024-05-30,460.0
West,1,2x12,12,2024-06-06,460.0
West,1,2x12,12,2024-06-13,445.0
West,1,2x12,12,2024-06-20,445.0
West,1,2x12,12,2024-06-27,440.0
West,1,2x12,12,2024-07-04,430.0
West,1,2x12,12,2024-07-11,430.0
West,1,2x12,12,2024-07-18,435.0
West,1,2x12,12,2024-07-25,435.0
West,1,2x12,12,2024-08-01,445.0
West,1,2x12,12,2024-08-08,450.0
West,1,2x12,12,2024-08-15,455.0
West,1,2x12,12,2024-08-22,455.0
West,1,2x12,12,2024-08-29,465.0
West,1,2x12,12,2024-09-05,475.0
West,1,2x12,12,2024-09-12,490.0
West,1,2x12,12,2024-09-20,495.0
West,1,2x12,12,2024-09-26,495.0
West,1,2x12,12,2024-09-27,500.0
West,1,2x12,12,2024-10-04,500.0
West,1,2x12,12,2024-10-11,535.0
West,1,2x12,12,2024-10-18,545.0
West,1,2x12,12,2024-10-25,555.0
West,1,2x12,12,2024-11-01,555.0
West,1,2x12,12,2024-11-08,550.0
West,1,2x12,12,2024-11-15,530.0
West,1,2x12,12,2024-11-22,500.0
West,1,2x12,12,2024-11-27,480.0
West,1,2x12,12,2024-12-06,460.0
West,1,2x12,12,2024-12-13,450.0
West,1,2x12,12,2024-12-20,435.0
West,1,2x12,12,2025-01-03,425.0
West,1,2x12,12,2025-01-10,415.0
West,1,2x12,12,2025-01-17,415.0
West,1,2x12,12,2025-01-24,410.0
West,1,2x12,12,2025-01-31,405.0
West,1,2x12,12,2025-02-07,400.0
West,1,2x12,12,2025-02-14,400.0
West,1,2x12,12,2025-02-21,400.0
West,1,2x12,12,2025-02-28,400.0
West,1,2x12,12,2025-03-07,400.0
West,1,2x12,12,2025-03-14,400.0
West,1,2x12,12,2025-03-21,400.0
West,1,2x12,12,2025-03-28,415.0
West,1,2x12,12,2025-04-04,420.0
West,1,2x12,12,2025-04-11,425.0
West,1,2x12,12,2025-04-18,430.0
West,1,2x12,12,2025-04-25,435.0
West,1,2x12,12,2025-05-02,435.0
West,1,2x12,12,2025-05-09,435.0
West,1,2x12,12,2025-05-16,425.0
West,1,2x12,12,2025-05-23,405.0
West,1,2x12,12,2025-05-30,390.0
West,1,2x12,12,2025-06-06,370.0
West,1,2x12,12,2025-06-13,355.0
West,1,2x12,12,2025-06-19,325.0
West,1,2x12,12,2025-06-27,325.0
West,1,2x12,12,2025-07-03,325.0
West,1,2x12,12,2025-07-11,335.0
West,1,2x12,12,2025-07-18,345.0
West,1,2x12,12,2025-07-25,360.0
West,1,2x12,12,2025-08-01,410.0
West,1,2x12,12,2025-08-08,360.0
West,1,2x12,12,2025-08-15,365.0
West,1,2x12,12,2025-08-22,365.0
West,1,2x12,12,2025-08-29,365.0
West,1,2x12,12,2025-09-05,360.0
West,1,2x12,12,2025-09-12,360.0
West,1,2x12,12,2025-09-19,365.0
West,1,2x12,12,2025-09-26,365.0
West,1,2x12,12,2025-10-03,380.0
West,1,2x12,12,2025-10-10,385.0
West,1,2x12,12,2025-10-17,395.0
West,1,2x12,14,2024-01-12,515.0
West,1,2x12,14,2024-01-18,515.0
West,1,2x12,14,2024-01-25,520.0
West,1,2x12,14,2024-02-08,545.0
West,1,2x12,14,2024-02-15,565.0
West,1,2x12,14,2024-02-22,580.0
West,1,2x12,14,2024-02-29,590.0
West,1,2x12,14,2024-03-07,600.0
West,1,2x12,14,2024-03-14,600.0
West,1,2x12,14,2024-03-21,600.0
West,1,2x12,14,2024-03-28,600.0
West,1,2x12,14,2024-04-04,580.0
West,1,2x12,14,2024-04-11,560.0
West,1,2x12,14,2024-04-18,530.0
West,1,2x12,14,2024-04-25,500.0
West,1,2x12,14,2024-05-02,460.0
West,1,2x12,14,2024-05-09,440.0
West,1,2x12,14,2024-05-16,430.0
West,1,2x12,14,2024-05-30,430.0
West,1,2x12,14,2024-06-06,430.0
West,1,2x12,14,2024-06-13,425.0
West,1,2x12,14,2024-06-20,425.0
West,1,2x12,14,2024-06-27,420.0
West,1,2x12,14,2024-07-04,410.0
West,1,2x12,14,2024-07-11,410.0
West,1,2x12,14,2024-07-18,415.0
West,1,2x12,14,2024-07-25,425.0
West,1,2x12,14,2024-08-01,435.0
West,1,2x12,14,2024-08-08,440.0
West,1,2x12,14,2024-08-15,450.0
West,1,2x12,14,2024-08-22,450.0
West,1,2x12,14,2024-08-29,460.0
West,1,2x12,14,2024-09-05,470.0
West,1,2x12,14,2024-09-12,485.0
West,1,2x12,14,2024-09-20,510.0
West,1,2x12,14,2024-09-26,510.0
West,1,2x12,14,2024-09-27,515.0
West,1,2x12,14,2024-10-04,515.0
West,1,2x12,14,2024-10-11,545.0
West,1,2x12,14,2024-10-18,555.0
West,1,2x12,14,2024-10-25,565.0
West,1,2x12,14,2024-11-01,565.0
West,1,2x12,14,2024-11-08,560.0
West,1,2x12,14,2024-11-15,540.0
West,1,2x12,14,2024-11-22,510.0
West,1,2x12,14,2024-11-27,490.0
West,1,2x12,14,2024-12-06,470.0
West,1,2x12,14,2024-12-13,460.0
West,1,2x12,14,2024-12-20,445.0
West,1,2x12,14,2025-01-03,445.0
West,1,2x12,14,2025-01-10,435.0
West,1,2x12,14,2025-01-17,425.0
West,1,2x12,14,2025-01-24,420.0
West,1,2x12,14,2025-01-31,415.0
West,1,2x12,14,2025-02-07,420.0
West,1,2x12,14,2025-02-14,420.0
West,1,2x12,14,2025-02-21,420.0
West,1,2x12,14,2025-02-28,420.0
West,1,2x12,14,2025-03-07,420.0
West,1,2x12,14,2025-03-14,420.0
West,1,2x12,14,2025-03-21,420.0
West,1,2x12,14,2025-03-28,435.0
West,1,2x12,14,2025-04-04,440.0
West,1,2x12,14,2025-04-11,445.0
West,1,2x12,14,2025-04-18,450.0
West,1,2x12,14,2025-04-25,455.0
West,1,2x12,14,2025-05-02,455.0
West,1,2x12,14,2025-05-09,455.0
West,1,2x12,14,2025-05-16,445.0
West,1,2x12,14,2025-05-23,415.0
West,1,2x12,14,2025-05-30,400.0
West,1,2x12,14,2025-06-06,375.0
West,1,2x12,14,2025-06-13,360.0
West,1,2x12,14,2025-06-19,330.0
West,1,2x12,14,2025-06-27,320.0
West,1,2x12,14,2025-07-03,320.0
West,1,2x12,14,2025-07-11,320.0
West,1,2x12,14,2025-07-18,320.0
West,1,2x12,14,2025-07-25,320.0
West,1,2x12,14,2025-08-01,350.0
West,1,2x12,14,2025-08-08,320.0
West,1,2x12,14,2025-08-15,320.0
West,1,2x12,14,2025-08-22,320.0
West,1,2x12,14,2025-08-29,310.0
West,1,2x12,14,2025-09-05,305.0
West,1,2x12,14,2025-09-12,305.0
West,1,2x12,14,2025-09-19,310.0
West,1,2x12,14,2025-09-26,310.0
West,1,2x12,14,2025-10-03,320.0
West,1,2x12,14,2025-10-10,325.0
West,1,2x12,14,2025-10-17,335.0
West,1,2x12,16,2024-01-12,605.0
West,1,2x12,16,2024-01-18,605.0
West,1,2x12,16,2024-01-25,610.0
West,1,2x12,16,2024-02-08,635.0
West,1,2x12,16,2024-02-15,655.0
West,1,2x12,16,2024-02-22,670.0
West,1,2x12,16,2024-02-29,685.0
West,1,2x12,16,2024-03-07,700.0
West,1,2x12,16,2024-03-14,700.0
West,1,2x12,16,2024-03-21,700.0
West,1,2x12,16,2024-03-28,665.0
West,1,2x12,16,2024-04-04,645.0
West,1,2x12,16,2024-04-11,625.0
West,1,2x12,16,2024-04-18,595.0
West,1,2x12,16,2024-04-25,545.0
West,1,2x12,16,2024-05-02,505.0
West,1,2x12,16,2024-05-09,485.0
West,1,2x12,16,2024-05-16,475.0
West,1,2x12,16,2024-05-30,475.0
West,1,2x12,16,2024-06-06,475.0
West,1,2x12,16,2024-06-13,480.0
West,1,2x12,16,2024-06-20,480.0
West,1,2x12,16,2024-06-27,475.0
West,1,2x12,16,2024-07-04,475.0
West,1,2x12,16,2024-07-11,475.0
West,1,2x12,16,2024-07-18,480.0
West,1,2x12,16,2024-07-25,495.0
West,1,2x12,16,2024-08-01,505.0
West,1,2x12,16,2024-08-08,510.0
West,1,2x12,16,2024-08-15,515.0
West,1,2x12,16,2024-08-22,515.0
West,1,2x12,16,2024-08-29,525.0
West,1,2x12,16,2024-09-05,535.0
West,1,2x12,16,2024-09-12,550.0
West,1,2x12,16,2024-09-20,570.0
West,1,2x12,16,2024-09-26,570.0
West,1,2x12,16,2024-09-27,575.0
West,1,2x12,16,2024-10-04,580.0
West,1,2x12,16,2024-10-11,610.0
West,1,2x12,16,2024-10-18,620.0
West,1,2x12,16,2024-10-25,630.0
West,1,2x12,16,2024-11-01,635.0
West,1,2x12,16,2024-11-08,630.0
West,1,2x12,16,2024-11-15,610.0
West,1,2x12,16,2024-11-22,580.0
West,1,2x12,16,2024-11-27,560.0
West,1,2x12,16,2024-12-06,540.0
West,1,2x12,16,2024-12-13,530.0
West,1,2x12,16,2024-12-20,515.0
West,1,2x12,16,2025-01-03,515.0
West,1,2x12,16,2025-01-10,515.0
West,1,2x12,16,2025-01-17,505.0
West,1,2x12,16,2025-01-24,500.0
West,1,2x12,16,2025-01-31,490.0
West,1,2x12,16,2025-02-07,490.0
West,1,2x12,16,2025-02-14,490.0
West,1,2x12,16,2025-02-21,490.0
West,1,2x12,16,2025-02-28,490.0
West,1,2x12,16,2025-03-07,490.0
West,1,2x12,16,2025-03-14,490.0
West,1,2x12,16,2025-03-21,490.0
West,1,2x12,16,2025-03-28,505.0
West,1,2x12,16,2025-04-04,510.0
West,1,2x12,16,2025-04-11,515.0
West,1,2x12,16,2025-04-18,520.0
West,1,2x12,16,2025-04-25,525.0
West,1,2x12,16,2025-05-02,525.0
West,1,2x12,16,2025-05-09,525.0
West,1,2x12,16,2025-05-16,515.0
West,1,2x12,16,2025-05-23,490.0
West,1,2x12,16,2025-05-30,475.0
West,1,2x12,16,2025-06-06,450.0
West,1,2x12,16,2025-06-13,435.0
West,1,2x12,16,2025-06-19,405.0
West,1,2x12,16,2025-06-27,395.0
West,1,2x12,16,2025-07-03,395.0
West,1,2x12,16,2025-07-11,395.0
West,1,2x12,16,2025-07-18,395.0
West,1,2x12,16,2025-07-25,395.0
West,1,2x12,16,2025-08-01,400.0
West,1,2x12,16,2025-08-08,380.0
West,1,2x12,16,2025-08-15,380.0
West,1,2x12,16,2025-08-22,360.0
West,1,2x12,16,2025-08-29,345.0
West,1,2x12,16,2025-09-05,340.0
West,1,2x12,16,2025-09-12,340.0
West,1,2x12,16,2025-09-19,345.0
West,1,2x12,16,2025-09-26,345.0
West,1,2x12,16,2025-10-03,355.0
West,1,2x12,16,2025-10-10,360.0
West,1,2x12,16,2025-10-17,370.0
West,1,2x12,18,2024-01-12,595.0
West,1,2x12,18,2024-01-18,595.0
West,1,2x12,18,2024-01-25,600.0
West,1,2x12,18,2024-02-08,625.0
West,1,2x12,18,2024-02-15,645.0
West,1,2x12,18,2024-02-22,660.0
West,1,2x12,18,2024-02-29,670.0
West,1,2x12,18,2024-03-07,680.0
West,1,2x12,18,2024-03-14,680.0
West,1,2x12,18,2024-03-21,680.0
West,1,2x12,18,2024-03-28,665.0
West,1,2x12,18,2024-04-04,645.0
West,1,2x12,18,2024-04-11,625.0
West,1,2x12,18,2024-04-18,595.0
West,1,2x12,18,2024-04-25,545.0
West,1,2x12,18,2024-05-02,505.0
West,1,2x12,18,2024-05-09,485.0
West,1,2x12,18,2024-05-16,475.0
West,1,2x12,18,2024-05-30,475.0
West,1,2x12,18,2024-06-06,475.0
West,1,2x12,18,2024-06-13,450.0
West,1,2x12,18,2024-06-20,450.0
West,1,2x12,18,2024-06-27,445.0
West,1,2x12,18,2024-07-04,435.0
West,1,2x12,18,2024-07-11,435.0
West,1,2x12,18,2024-07-18,440.0
West,1,2x12,18,2024-07-25,450.0
West,1,2x12,18,2024-08-01,460.0
West,1,2x12,18,2024-08-08,465.0
West,1,2x12,18,2024-08-15,470.0
West,1,2x12,18,2024-08-22,470.0
West,1,2x12,18,2024-08-29,480.0
West,1,2x12,18,2024-09-05,490.0
West,1,2x12,18,2024-09-12,505.0
West,1,2x12,18,2024-09-20,510.0
West,1,2x12,18,2024-09-26,510.0
West,1,2x12,18,2024-09-27,515.0
West,1,2x12,18,2024-10-04,520.0
West,1,2x12,18,2024-10-11,550.0
West,1,2x12,18,2024-10-18,560.0
West,1,2x12,18,2024-10-25,570.0
West,1,2x12,18,2024-11-01,575.0
West,1,2x12,18,2024-11-08,570.0
West,1,2x12,18,2024-11-15,550.0
West,1,2x12,18,2024-11-22,520.0
West,1,2x12,18,2024-11-27,500.0
West,1,2x12,18,2024-12-06,480.0
West,1,2x12,18,2024-12-13,470.0
West,1,2x12,18,2024-12-20,460.0
West,1,2x12,18,2025-01-03,460.0
West,1,2x12,18,2025-01-10,460.0
West,1,2x12,18,2025-01-17,460.0
West,1,2x12,18,2025-01-24,455.0
West,1,2x12,18,2025-01-31,445.0
West,1,2x12,18,2025-02-07,440.0
West,1,2x12,18,2025-02-14,440.0
West,1,2x12,18,2025-02-21,440.0
West,1,2x12,18,2025-02-28,440.0
West,1,2x12,18,2025-03-07,440.0
West,1,2x12,18,2025-03-14,440.0
West,1,2x12,18,2025-03-21,440.0
West,1,2x12,18,2025-03-28,455.0
West,1,2x12,18,2025-04-04,460.0
West,1,2x12,18,2025-04-11,465.0
West,1,2x12,18,2025-04-18,470.0
West,1,2x12,18,2025-04-25,475.0
West,1,2x12,18,2025-05-02,475.0
West,1,2x12,18,2025-05-09,475.0
West,1,2x12,18,2025-05-16,465.0
West,1,2x12,18,2025-05-23,435.0
West,1,2x12,18,2025-05-30,420.0
West,1,2x12,18,2025-06-06,395.0
West,1,2x12,18,2025-06-13,380.0
West,1,2x12,18,2025-06-19,350.0
West,1,2x12,18,2025-06-27,340.0
West,1,2x12,18,2025-07-03,340.0
West,1,2x12,18,2025-07-11,340.0
West,1,2x12,18,2025-07-18,340.0
West,1,2x12,18,2025-07-25,340.0
West,1,2x12,18,2025-08-01,305.0
West,1,2x12,18,2025-08-08,340.0
West,1,2x12,18,2025-08-15,340.0
West,1,2x12,18,2025-08-22,330.0
West,1,2x12,18,2025-08-29,315.0
West,1,2x12,18,2025-09-05,310.0
West,1,2x12,18,2025-09-12,310.0
West,1,2x12,18,2025-09-19,315.0
West,1,2x12,18,2025-09-26,315.0
West,1,2x12,18,2025-10-03,325.0
West,1,2x12,18,2025-10-10,330.0
West,1,2x12,18,2025-10-17,340.0
West,1,2x12,20,2024-01-12,825.0
West,1,2x12,20,2024-01-18,825.0
West,1,2x12,20,2024-01-25,830.0
West,1,2x12,20,2024-02-08,855.0
West,1,2x12,20,2024-02-15,875.0
West,1,2x12,20,2024-02-22,875.0
West,1,2x12,20,2024-02-29,885.0
West,1,2x12,20,2024-03-07,890.0
West,1,2x12,20,2024-03-14,890.0
West,1,2x12,20,2024-03-21,890.0
West,1,2x12,20,2024-03-28,860.0
West,1,2x12,20,2024-04-04,840.0
West,1,2x12,20,2024-04-11,820.0
West,1,2x12,20,2024-04-18,790.0
West,1,2x12,20,2024-04-25,740.0
West,1,2x12,20,2024-05-02,700.0
West,1,2x12,20,2024-05-09,680.0
West,1,2x12,20,2024-05-16,670.0
West,1,2x12,20,2024-05-30,670.0
West,1,2x12,20,2024-06-06,670.0
West,1,2x12,20,2024-06-13,675.0
West,1,2x12,20,2024-06-20,675.0
West,1,2x12,20,2024-06-27,670.0
West,1,2x12,20,2024-07-04,670.0
West,1,2x12,20,2024-07-11,670.0
West,1,2x12,20,2024-07-18,675.0
West,1,2x12,20,2024-07-25,685.0
West,1,2x12,20,2024-08-01,695.0
West,1,2x12,20,2024-08-08,700.0
West,1,2x12,20,2024-08-15,715.0
West,1,2x12,20,2024-08-22,715.0
West,1,2x12,20,2024-08-29,725.0
West,1,2x12,20,2024-09-05,735.0
West,1,2x12,20,2024-09-12,750.0
West,1,2x12,20,2024-09-20,800.0
West,1,2x12,20,2024-09-26,800.0
West,1,2x12,20,2024-09-27,805.0
West,1,2x12,20,2024-10-04,810.0
West,1,2x12,20,2024-10-11,860.0
West,1,2x12,20,2024-10-18,870.0
West,1,2x12,20,2024-10-25,880.0
West,1,2x12,20,2024-11-01,885.0
West,1,2x12,20,2024-11-08,880.0
West,1,2x12,20,2024-11-15,860.0
West,1,2x12,20,2024-11-22,830.0
West,1,2x12,20,2024-11-27,810.0
West,1,2x12,20,2024-12-06,790.0
West,1,2x12,20,2024-12-13,790.0
West,1,2x12,20,2024-12-20,780.0
West,1,2x12,20,2025-01-03,780.0
West,1,2x12,20,2025-01-10,780.0
West,1,2x12,20,2025-01-17,780.0
West,1,2x12,20,2025-01-24,775.0
West,1,2x12,20,2025-01-31,765.0
West,1,2x12,20,2025-02-07,770.0
West,1,2x12,20,2025-02-14,770.0
West,1,2x12,20,2025-02-21,770.0
West,1,2x12,20,2025-02-28,770.0
West,1,2x12,20,2025-03-07,770.0
West,1,2x12,20,2025-03-14,770.0
West,1,2x12,20,2025-03-21,770.0
West,1,2x12,20,2025-03-28,785.0
West,1,2x12,20,2025-04-04,790.0
West,1,2x12,20,2025-04-11,795.0
West,1,2x12,20,2025-04-18,800.0
West,1,2x12,20,2025-04-25,805.0
West,1,2x12,20,2025-05-02,805.0
West,1,2x12,20,2025-05-09,805.0
West,1,2x12,20,2025-05-16,795.0
West,1,2x12,20,2025-05-23,760.0
West,1,2x12,20,2025-05-30,730.0
West,1,2x12,20,2025-06-06,680.0
West,1,2x12,20,2025-06-13,660.0
West,1,2x12,20,2025-06-19,630.0
West,1,2x12,20,2025-06-27,620.0
West,1,2x12,20,2025-07-03,620.0
West,1,2x12,20,2025-07-11,620.0
West,1,2x12,20,2025-07-18,620.0
West,1,2x12,20,2025-07-25,620.0
West,1,2x12,20,2025-08-01,445.0
West,1,2x12,20,2025-08-08,600.0
West,1,2x12,20,2025-08-15,600.0
West,1,2x12,20,2025-08-22,580.0
West,1,2x12,20,2025-08-29,560.0
West,1,2x12,20,2025-09-05,555.0
West,1,2x12,20,2025-09-12,555.0
West,1,2x12,20,2025-09-19,555.0
West,1,2x12,20,2025-09-26,555.0
West,1,2x12,20,2025-10-03,555.0
West,1,2x12,20,2025-10-10,555.0
West,1,2x12,20,2025-10-17,555.0
West,1,2x4,8,2024-01-12,435.0
West,1,2x4,8,2024-01-18,430.0
West,1,2x4,8,2024-01-25,410.0
West,1,2x4,8,2024-02-08,385.0
West,1,2x4,8,2024-02-15,385.0
West,1,2x4,8,2024-02-22,385.0
West,1,2x4,8,2024-02-29,410.0
West,1,2x4,8,2024-03-07,425.0
West,1,2x4,8,2024-03-14,430.0
West,1,2x4,8,2024-03-21,430.0
West,1,2x4,8,2024-03-28,430.0
West,1,2x4,8,2024-04-04,410.0
West,1,2x4,8,2024-04-11,385.0
West,1,2x4,8,2024-04-18,365.0
West,1,2x4,8,2024-04-25,355.0
West,1,2x4,8,2024-05-02,355.0
West,1,2x4,8,2024-05-09,365.0
West,1,2x4,8,2024-05-16,365.0
West,1,2x4,8,2024-05-30,385.0
West,1,2x4,8,2024-06-06,375.0
West,1,2x4,8,2024-06-13,375.0
West,1,2x4,8,2024-06-20,370.0
West,1,2x4,8,2024-06-27,360.0
West,1,2x4,8,2024-07-04,360.0
West,1,2x4,8,2024-07-11,360.0
West,1,2x4,8,2024-07-18,370.0
West,1,2x4,8,2024-07-25,390.0
West,1,2x4,8,2024-08-01,395.0
West,1,2x4,8,2024-08-08,400.0
West,1,2x4,8,2024-08-15,400.0
West,1,2x4,8,2024-08-22,400.0
West,1,2x4,8,2024-08-29,400.0
West,1,2x4,8,2024-09-05,400.0
West,1,2x4,8,2024-09-12,400.0
West,1,2x4,8,2024-09-20,415.0
West,1,2x4,8,2024-09-26,415.0
West,1,2x4,8,2024-09-27,425.0
West,1,2x4,8,2024-10-04,440.0
West,1,2x4,8,2024-10-11,460.0
West,1,2x4,8,2024-10-18,480.0
West,1,2x4,8,2024-10-25,490.0
West,1,2x4,8,2024-11-01,495.0
West,1,2x4,8,2024-11-08,490.0
West,1,2x4,8,2024-11-15,480.0
West,1,2x4,8,2024-11-22,455.0
West,1,2x4,8,2024-11-27,435.0
West,1,2x4,8,2024-12-06,415.0
West,1,2x4,8,2024-12-13,400.0
West,1,2x4,8,2024-12-20,405.0
West,1,2x4,8,2025-01-03,430.0
West,1,2x4,8,2025-01-10,440.0
West,1,2x4,8,2025-01-17,440.0
West,1,2x4,8,2025-01-24,435.0
West,1,2x4,8,2025-01-31,425.0
West,1,2x4,8,2025-02-07,425.0
West,1,2x4,8,2025-02-14,430.0
West,1,2x4,8,2025-02-21,435.0
West,1,2x4,8,2025-02-28,440.0
West,1,2x4,8,2025-03-07,440.0
West,1,2x4,8,2025-03-14,440.0
West,1,2x4,8,2025-03-21,445.0
West,1,2x4,8,2025-03-28,455.0
West,1,2x4,8,2025-04-04,470.0
West,1,2x4,8,2025-04-11,475.0
West,1,2x4,8,2025-04-18,495.0
West,1,2x4,8,2025-04-25,495.0
West,1,2x4,8,2025-05-02,500.0
West,1,2x4,8,2025-05-09,495.0
West,1,2x4,8,2025-05-16,485.0
West,1,2x4,8,2025-05-23,470.0
West,1,2x4,8,2025-05-30,450.0
West,1,2x4,8,2025-06-06,435.0
West,1,2x4,8,2025-06-13,415.0
West,1,2x4,8,2025-06-19,395.0
West,1,2x4,8,2025-06-27,400.0
West,1,2x4,8,2025-07-03,400.0
West,1,2x4,8,2025-07-11,415.0
West,1,2x4,8,2025-07-18,425.0
West,1,2x4,8,2025-07-25,430.0
West,1,2x4,8,2025-08-01,430.0
West,1,2x4,8,2025-08-08,430.0
West,1,2x4,8,2025-08-15,425.0
West,1,2x4,8,2025-08-22,415.0
West,1,2x4,8,2025-08-29,400.0
West,1,2x4,8,2025-09-05,385.0
West,1,2x4,8,2025-09-12,375.0
West,1,2x4,8,2025-09-19,370.0
West,1,2x4,8,2025-09-26,360.0
West,1,2x4,8,2025-10-03,360.0
West,1,2x4,8,2025-10-10,360.0
West,1,2x4,8,2025-10-17,360.0
West,1,2x4,10,2024-01-12,385.0
West,1,2x4,10,2024-01-18,380.0
West,1,2x4,10,2024-01-25,360.0
West,1,2x4,10,2024-02-08,335.0
West,1,2x4,10,2024-02-15,335.0
West,1,2x4,10,2024-02-22,335.0
West,1,2x4,10,2024-02-29,355.0
West,1,2x4,10,2024-03-07,360.0
West,1,2x4,10,2024-03-14,360.0
West,1,2x4,10,2024-03-21,360.0
West,1,2x4,10,2024-03-28,350.0
West,1,2x4,10,2024-04-04,330.0
West,1,2x4,10,2024-04-11,305.0
West,1,2x4,10,2024-04-18,285.0
West,1,2x4,10,2024-04-25,275.0
West,1,2x4,10,2024-05-02,275.0
West,1,2x4,10,2024-05-09,285.0
West,1,2x4,10,2024-05-16,285.0
West,1,2x4,10,2024-05-30,305.0
West,1,2x4,10,2024-06-06,295.0
West,1,2x4,10,2024-06-13,295.0
West,1,2x4,10,2024-06-20,290.0
West,1,2x4,10,2024-06-27,280.0
West,1,2x4,10,2024-07-04,280.0
West,1,2x4,10,2024-07-11,280.0
West,1,2x4,10,2024-07-18,290.0
West,1,2x4,10,2024-07-25,300.0
West,1,2x4,10,2024-08-01,305.0
West,1,2x4,10,2024-08-08,310.0
West,1,2x4,10,2024-08-15,310.0
West,1,2x4,10,2024-08-22,310.0
West,1,2x4,10,2024-08-29,310.0
West,1,2x4,10,2024-09-05,310.0
West,1,2x4,10,2024-09-12,310.0
West,1,2x4,10,2024-09-20,325.0
West,1,2x4,10,2024-09-26,325.0
West,1,2x4,10,2024-09-27,335.0
West,1,2x4,10,2024-10-04,350.0
West,1,2x4,10,2024-10-11,380.0
West,1,2x4,10,2024-10-18,400.0
West,1,2x4,10,2024-10-25,410.0
West,1,2x4,10,2024-11-01,415.0
West,1,2x4,10,2024-11-08,410.0
West,1,2x4,10,2024-11-15,400.0
West,1,2x4,10,2024-11-22,375.0
West,1,2x4,10,2024-11-27,355.0
West,1,2x4,10,2024-12-06,335.0
West,1,2x4,10,2024-12-13,325.0
West,1,2x4,10,2024-12-20,330.0
West,1,2x4,10,2025-01-03,355.0
West,1,2x4,10,2025-01-10,365.0
West,1,2x4,10,2025-01-17,365.0
West,1,2x4,10,2025-01-24,360.0
West,1,2x4,10,2025-01-31,350.0
West,1,2x4,10,2025-02-07,360.0
West,1,2x4,10,2025-02-14,365.0
West,1,2x4,10,2025-02-21,370.0
West,1,2x4,10,2025-02-28,375.0
West,1,2x4,10,2025-03-07,375.0
West,1,2x4,10,2025-03-14,390.0
West,1,2x4,10,2025-03-21,405.0
West,1,2x4,10,2025-03-28,415.0
West,1,2x4,10,2025-04-04,425.0
West,1,2x4,10,2025-04-11,430.0
West,1,2x4,10,2025-04-18,450.0
West,1,2x4,10,2025-04-25,450.0
West,1,2x4,10,2025-05-02,450.0
West,1,2x4,10,2025-05-09,430.0
West,1,2x4,10,2025-05-16,420.0
West,1,2x4,10,2025-05-23,395.0
West,1,2x4,10,2025-05-30,375.0
West,1,2x4,10,2025-06-06,355.0
West,1,2x4,10,2025-06-13,335.0
West,1,2x4,10,2025-06-19,315.0
West,1,2x4,10,2025-06-27,320.0
West,1,2x4,10,2025-07-03,320.0
West,1,2x4,10,2025-07-11,335.0
West,1,2x4,10,2025-07-18,345.0
West,1,2x4,10,2025-07-25,345.0
West,1,2x4,10,2025-08-01,345.0
West,1,2x4,10,2025-08-08,345.0
West,1,2x4,10,2025-08-15,340.0
West,1,2x4,10,2025-08-22,330.0
West,1,2x4,10,2025-08-29,310.0
West,1,2x4,10,2025-09-05,295.0
West,1,2x4,10,2025-09-12,285.0
West,1,2x4,10,2025-09-19,285.0
West,1,2x4,10,2025-09-26,280.0
West,1,2x4,10,2025-10-03,280.0
West,1,2x4,10,2025-10-10,285.0
West,1,2x4,10,2025-10-17,295.0
West,1,2x4,12,2024-01-12,450.0
West,1,2x4,12,2024-01-18,445.0
West,1,2x4,12,2024-01-25,425.0
West,1,2x4,12,2024-02-08,400.0
West,1,2x4,12,2024-02-15,400.0
West,1,2x4,12,2024-02-22,395.0
West,1,2x4,12,2024-02-29,420.0
West,1,2x4,12,2024-03-07,425.0
West,1,2x4,12,2024-03-14,425.0
West,1,2x4,12,2024-03-21,425.0
West,1,2x4,12,2024-03-28,420.0
West,1,2x4,12,2024-04-04,400.0
West,1,2x4,12,2024-04-11,375.0
West,1,2x4,12,2024-04-18,355.0
West,1,2x4,12,2024-04-25,345.0
West,1,2x4,12,2024-05-02,345.0
West,1,2x4,12,2024-05-09,355.0
West,1,2x4,12,2024-05-16,360.0
West,1,2x4,12,2024-05-30,380.0
West,1,2x4,12,2024-06-06,370.0
West,1,2x4,12,2024-06-13,360.0
West,1,2x4,12,2024-06-20,355.0
West,1,2x4,12,2024-06-27,345.0
West,1,2x4,12,2024-07-04,340.0
West,1,2x4,12,2024-07-11,340.0
West,1,2x4,12,2024-07-18,350.0
West,1,2x4,12,2024-07-25,360.0
West,1,2x4,12,2024-08-01,365.0
West,1,2x4,12,2024-08-08,370.0
West,1,2x4,12,2024-08-15,370.0
West,1,2x4,12,2024-08-22,370.0
West,1,2x4,12,2024-08-29,370.0
West,1,2x4,12,2024-09-05,370.0
West,1,2x4,12,2024-09-12,370.0
West,1,2x4,12,2024-09-20,375.0
West,1,2x4,12,2024-09-26,375.0
West,1,2x4,12,2024-09-27,385.0
West,1,2x4,12,2024-10-04,400.0
West,1,2x4,12,2024-10-11,420.0
West,1,2x4,12,2024-10-18,440.0
West,1,2x4,12,2024-10-25,450.0
West,1,2x4,12,2024-11-01,455.0
West,1,2x4,12,2024-11-08,450.0
West,1,2x4,12,2024-11-15,440.0
West,1,2x4,12,2024-11-22,415.0
West,1,2x4,12,2024-11-27,395.0
West,1,2x4,12,2024-12-06,375.0
West,1,2x4,12,2024-12-13,365.0
West,1,2x4,12,2024-12-20,370.0
West,1,2x4,12,2025-01-03,395.0
West,1,2x4,12,2025-01-10,405.0
West,1,2x4,12,2025-01-17,405.0
West,1,2x4,12,2025-01-24,400.0
West,1,2x4,12,2025-01-31,390.0
West,1,2x4,12,2025-02-07,400.0
West,1,2x4,12,2025-02-14,405.0
West,1,2x4,12,2025-02-21,410.0
West,1,2x4,12,2025-02-28,415.0
West,1,2x4,12,2025-03-07,415.0
West,1,2x4,12,2025-03-14,420.0
West,1,2x4,12,2025-03-21,425.0
West,1,2x4,12,2025-03-28,435.0
West,1,2x4,12,2025-04-04,440.0
West,1,2x4,12,2025-04-11,445.0
West,1,2x4,12,2025-04-18,465.0
West,1,2x4,12,2025-04-25,465.0
West,1,2x4,12,2025-05-02,465.0
West,1,2x4,12,2025-05-09,445.0
West,1,2x4,12,2025-05-16,435.0
West,1,2x4,12,2025-05-23,405.0
West,1,2x4,12,2025-05-30,385.0
West,1,2x4,12,2025-06-06,365.0
West,1,2x4,12,2025-06-13,345.0
West,1,2x4,12,2025-06-19,325.0
West,1,2x4,12,2025-06-27,330.0
West,1,2x4,12,2025-07-03,330.0
West,1,2x4,12,2025-07-11,345.0
West,1,2x4,12,2025-07-18,355.0
West,1,2x4,12,2025-07-25,360.0
West,1,2x4,12,2025-08-01,360.0
West,1,2x4,12,2025-08-08,360.0
West,1,2x4,12,2025-08-15,355.0
West,1,2x4,12,2025-08-22,345.0
West,1,2x4,12,2025-08-29,325.0
West,1,2x4,12,2025-09-05,310.0
West,1,2x4,12,2025-09-12,300.0
West,1,2x4,12,2025-09-19,295.0
West,1,2x4,12,2025-09-26,295.0
West,1,2x4,12,2025-10-03,295.0
West,1,2x4,12,2025-10-10,295.0
West,1,2x4,12,2025-10-17,300.0
West,1,2x4,14,2024-01-12,450.0
West,1,2x4,14,2024-01-18,445.0
West,1,2x4,14,2024-01-25,425.0
West,1,2x4,14,2024-02-08,400.0
West,1,2x4,14,2024-02-15,400.0
West,1,2x4,14,2024-02-22,395.0
West,1,2x4,14,2024-02-29,415.0
West,1,2x4,14,2024-03-07,420.0
West,1,2x4,14,2024-03-14,420.0
West,1,2x4,14,2024-03-21,420.0
West,1,2x4,14,2024-03-28,420.0
West,1,2x4,14,2024-04-04,400.0
West,1,2x4,14,2024-04-11,375.0
West,1,2x4,14,2024-04-18,355.0
West,1,2x4,14,2024-04-25,345.0
West,1,2x4,14,2024-05-02,345.0
West,1,2x4,14,2024-05-09,355.0
West,1,2x4,14,2024-05-16,365.0
West,1,2x4,14,2024-05-30,385.0
West,1,2x4,14,2024-06-06,375.0
West,1,2x4,14,2024-06-13,365.0
West,1,2x4,14,2024-06-20,360.0
West,1,2x4,14,2024-06-27,350.0
West,1,2x4,14,2024-07-04,345.0
West,1,2x4,14,2024-07-11,345.0
West,1,2x4,14,2024-07-18,355.0
West,1,2x4,14,2024-07-25,365.0
West,1,2x4,14,2024-08-01,370.0
West,1,2x4,14,2024-08-08,380.0
West,1,2x4,14,2024-08-15,380.0
West,1,2x4,14,2024-08-22,380.0
West,1,2x4,14,2024-08-29,380.0
West,1,2x4,14,2024-09-05,380.0
West,1,2x4,14,2024-09-12,380.0
West,1,2x4,14,2024-09-20,395.0
West,1,2x4,14,2024-09-26,395.0
West,1,2x4,14,2024-09-27,405.0
West,1,2x4,14,2024-10-04,420.0
West,1,2x4,14,2024-10-11,440.0
West,1,2x4,14,2024-10-18,460.0
West,1,2x4,14,2024-10-25,470.0
West,1,2x4,14,2024-11-01,475.0
West,1,2x4,14,2024-11-08,470.0
West,1,2x4,14,2024-11-15,460.0
West,1,2x4,14,2024-11-22,435.0
West,1,2x4,14,2024-11-27,415.0
West,1,2x4,14,2024-12-06,395.0
West,1,2x4,14,2024-12-13,385.0
West,1,2x4,14,2024-12-20,390.0
West,1,2x4,14,2025-01-03,415.0
West,1,2x4,14,2025-01-10,425.0
West,1,2x4,14,2025-01-17,425.0
West,1,2x4,14,2025-01-24,420.0
West,1,2x4,14,2025-01-31,410.0
West,1,2x4,14,2025-02-07,415.0
West,1,2x4,14,2025-02-14,420.0
West,1,2x4,14,2025-02-21,425.0
West,1,2x4,14,2025-02-28,430.0
West,1,2x4,14,2025-03-07,430.0
West,1,2x4,14,2025-03-14,435.0
West,1,2x4,14,2025-03-21,440.0
West,1,2x4,14,2025-03-28,450.0
West,1,2x4,14,2025-04-04,455.0
West,1,2x4,14,2025-04-11,460.0
West,1,2x4,14,2025-04-18,480.0
West,1,2x4,14,2025-04-25,485.0
West,1,2x4,14,2025-05-02,490.0
West,1,2x4,14,2025-05-09,470.0
West,1,2x4,14,2025-05-16,460.0
West,1,2x4,14,2025-05-23,430.0
West,1,2x4,14,2025-05-30,410.0
West,1,2x4,14,2025-06-06,390.0
West,1,2x4,14,2025-06-13,370.0
West,1,2x4,14,2025-06-19,350.0
West,1,2x4,14,2025-06-27,355.0
West,1,2x4,14,2025-07-03,355.0
West,1,2x4,14,2025-07-11,370.0
West,1,2x4,14,2025-07-18,380.0
West,1,2x4,14,2025-07-25,380.0
West,1,2x4,14,2025-08-01,380.0
West,1,2x4,14,2025-08-08,380.0
West,1,2x4,14,2025-08-15,380.0
West,1,2x4,14,2025-08-22,370.0
West,1,2x4,14,2025-08-29,350.0
West,1,2x4,14,2025-09-05,335.0
West,1,2x4,14,2025-09-12,325.0
West,1,2x4,14,2025-09-19,320.0
West,1,2x4,14,2025-09-26,320.0
West,1,2x4,14,2025-10-03,320.0
West,1,2x4,14,2025-10-10,320.0
West,1,2x4,14,2025-10-17,320.0
West,1,2x4,16,2024-01-12,525.0
West,1,2x4,16,2024-01-18,520.0
West,1,2x4,16,2024-01-25,500.0
West,1,2x4,16,2024-02-08,475.0
West,1,2x4,16,2024-02-15,475.0
West,1,2x4,16,2024-02-22,470.0
West,1,2x4,16,2024-02-29,485.0
West,1,2x4,16,2024-03-07,490.0
West,1,2x4,16,2024-03-14,490.0
West,1,2x4,16,2024-03-21,490.0
West,1,2x4,16,2024-03-28,485.0
West,1,2x4,16,2024-04-04,465.0
West,1,2x4,16,2024-04-11,440.0
West,1,2x4,16,2024-04-18,420.0
West,1,2x4,16,2024-04-25,410.0
West,1,2x4,16,2024-05-02,410.0
West,1,2x4,16,2024-05-09,420.0
West,1,2x4,16,2024-05-16,430.0
West,1,2x4,16,2024-05-30,450.0
West,1,2x4,16,2024-06-06,440.0
West,1,2x4,16,2024-06-13,430.0
West,1,2x4,16,2024-06-20,425.0
West,1,2x4,16,2024-06-27,415.0
West,1,2x4,16,2024-07-04,410.0
West,1,2x4,16,2024-07-11,410.0
West,1,2x4,16,2024-07-18,420.0
West,1,2x4,16,2024-07-25,440.0
West,1,2x4,16,2024-08-01,445.0
West,1,2x4,16,2024-08-08,455.0
West,1,2x4,16,2024-08-15,455.0
West,1,2x4,16,2024-08-22,455.0
West,1,2x4,16,2024-08-29,455.0
West,1,2x4,16,2024-09-05,455.0
West,1,2x4,16,2024-09-12,455.0
West,1,2x4,16,2024-09-20,470.0
West,1,2x4,16,2024-09-26,470.0
West,1,2x4,16,2024-09-27,480.0
West,1,2x4,16,2024-10-04,495.0
West,1,2x4,16,2024-10-11,515.0
West,1,2x4,16,2024-10-18,535.0
West,1,2x4,16,2024-10-25,545.0
West,1,2x4,16,2024-11-01,550.0
West,1,2x4,16,2024-11-08,545.0
West,1,2x4,16,2024-11-15,535.0
West,1,2x4,16,2024-11-22,510.0
West,1,2x4,16,2024-11-27,490.0
West,1,2x4,16,2024-12-06,470.0
West,1,2x4,16,2024-12-13,460.0
West,1,2x4,16,2024-12-20,465.0
West,1,2x4,16,2025-01-03,490.0
West,1,2x4,16,2025-01-10,500.0
West,1,2x4,16,2025-01-17,500.0
West,1,2x4,16,2025-01-24,495.0
West,1,2x4,16,2025-01-31,485.0
West,1,2x4,16,2025-02-07,490.0
West,1,2x4,16,2025-02-14,495.0
West,1,2x4,16,2025-02-21,500.0
West,1,2x4,16,2025-02-28,505.0
West,1,2x4,16,2025-03-07,505.0
West,1,2x4,16,2025-03-14,505.0
West,1,2x4,16,2025-03-21,515.0
West,1,2x4,16,2025-03-28,525.0
West,1,2x4,16,2025-04-04,535.0
West,1,2x4,16,2025-04-11,540.0
West,1,2x4,16,2025-04-18,560.0
West,1,2x4,16,2025-04-25,565.0
West,1,2x4,16,2025-05-02,570.0
West,1,2x4,16,2025-05-09,570.0
West,1,2x4,16,2025-05-16,560.0
West,1,2x4,16,2025-05-23,545.0
West,1,2x4,16,2025-05-30,525.0
West,1,2x4,16,2025-06-06,505.0
West,1,2x4,16,2025-06-13,485.0
West,1,2x4,16,2025-06-19,465.0
West,1,2x4,16,2025-06-27,475.0
West,1,2x4,16,2025-07-03,475.0
West,1,2x4,16,2025-07-11,490.0
West,1,2x4,16,2025-07-18,500.0
West,1,2x4,16,2025-07-25,505.0
West,1,2x4,16,2025-08-01,505.0
West,1,2x4,16,2025-08-08,505.0
West,1,2x4,16,2025-08-15,495.0
West,1,2x4,16,2025-08-22,460.0
West,1,2x4,16,2025-08-29,430.0
West,1,2x4,16,2025-09-05,415.0
West,1,2x4,16,2025-09-12,405.0
West,1,2x4,16,2025-09-19,400.0
West,1,2x4,16,2025-09-26,390.0
West,1,2x4,16,2025-10-03,390.0
West,1,2x4,16,2025-10-10,390.0
West,1,2x4,16,2025-10-17,390.0
West,1,2x4,18,2024-01-12,455.0
West,1,2x4,18,2024-01-18,450.0
West,1,2x4,18,2024-01-25,430.0
West,1,2x4,18,2024-02-08,405.0
West,1,2x4,18,2024-02-15,405.0
West,1,2x4,18,2024-02-22,405.0
West,1,2x4,18,2024-02-29,415.0
West,1,2x4,18,2024-03-07,420.0
West,1,2x4,18,2024-03-14,415.0
West,1,2x4,18,2024-03-21,405.0
West,1,2x4,18,2024-03-28,390.0
West,1,2x4,18,2024-04-04,370.0
West,1,2x4,18,2024-04-11,345.0
West,1,2x4,18,2024-04-18,325.0
West,1,2x4,18,2024-04-25,315.0
West,1,2x4,18,2024-05-02,315.0
West,1,2x4,18,2024-05-09,325.0
West,1,2x4,18,2024-05-16,335.0
West,1,2x4,18,2024-05-30,355.0
West,1,2x4,18,2024-06-06,345.0
West,1,2x4,18,2024-06-13,345.0
West,1,2x4,18,2024-06-20,340.0
West,1,2x4,18,2024-06-27,330.0
West,1,2x4,18,2024-07-04,325.0
West,1,2x4,18,2024-07-11,325.0
West,1,2x4,18,2024-07-18,335.0
West,1,2x4,18,2024-07-25,350.0
West,1,2x4,18,2024-08-01,355.0
West,1,2x4,18,2024-08-08,365.0
West,1,2x4,18,2024-08-15,365.0
West,1,2x4,18,2024-08-22,365.0
West,1,2x4,18,2024-08-29,365.0
West,1,2x4,18,2024-09-05,365.0
West,1,2x4,18,2024-09-12,365.0
West,1,2x4,18,2024-09-20,375.0
West,1,2x4,18,2024-09-26,375.0
West,1,2x4,18,2024-09-27,385.0
West,1,2x4,18,2024-10-04,400.0
West,1,2x4,18,2024-10-11,420.0
West,1,2x4,18,2024-10-18,440.0
West,1,2x4,18,2024-10-25,450.0
West,1,2x4,18,2024-11-01,455.0
West,1,2x4,18,2024-11-08,450.0
West,1,2x4,18,2024-11-15,440.0
West,1,2x4,18,2024-11-22,415.0
West,1,2x4,18,2024-11-27,395.0
West,1,2x4,18,2024-12-06,375.0
West,1,2x4,18,2024-12-13,375.0
West,1,2x4,18,2024-12-20,380.0
West,1,2x4,18,2025-01-03,405.0
West,1,2x4,18,2025-01-10,415.0
West,1,2x4,18,2025-01-17,415.0
West,1,2x4,18,2025-01-24,410.0
West,1,2x4,18,2025-01-31,400.0
West,1,2x4,18,2025-02-07,405.0
West,1,2x4,18,2025-02-14,410.0
West,1,2x4,18,2025-02-21,415.0
West,1,2x4,18,2025-02-28,420.0
West,1,2x4,18,2025-03-07,420.0
West,1,2x4,18,2025-03-14,425.0
West,1,2x4,18,2025-03-21,435.0
West,1,2x4,18,2025-03-28,445.0
West,1,2x4,18,2025-04-04,450.0
West,1,2x4,18,2025-04-11,455.0
West,1,2x4,18,2025-04-18,475.0
West,1,2x4,18,2025-04-25,480.0
West,1,2x4,18,2025-05-02,480.0
West,1,2x4,18,2025-05-09,480.0
West,1,2x4,18,2025-05-16,470.0
West,1,2x4,18,2025-05-23,440.0
West,1,2x4,18,2025-05-30,420.0
West,1,2x4,18,2025-06-06,400.0
West,1,2x4,18,2025-06-13,380.0
West,1,2x4,18,2025-06-19,360.0
West,1,2x4,18,2025-06-27,365.0
West,1,2x4,18,2025-07-03,365.0
West,1,2x4,18,2025-07-11,380.0
West,1,2x4,18,2025-07-18,390.0
West,1,2x4,18,2025-07-25,390.0
West,1,2x4,18,2025-08-01,390.0
West,1,2x4,18,2025-08-08,390.0
West,1,2x4,18,2025-08-15,390.0
West,1,2x4,18,2025-08-22,390.0
West,1,2x4,18,2025-08-29,370.0
West,1,2x4,18,2025-09-05,355.0
West,1,2x4,18,2025-09-12,345.0
West,1,2x4,18,2025-09-19,340.0
West,1,2x4,18,2025-09-26,355.0
West,1,2x4,18,2025-10-03,355.0
West,1,2x4,18,2025-10-10,360.0
West,1,2x4,18,2025-10-17,365.0
West,1,2x4,20,2024-01-12,495.0
West,1,2x4,20,2024-01-18,490.0
West,1,2x4,20,2024-01-25,470.0
West,1,2x4,20,2024-02-08,445.0
West,1,2x4,20,2024-02-15,445.0
West,1,2x4,20,2024-02-22,445.0
West,1,2x4,20,2024-02-29,460.0
West,1,2x4,20,2024-03-07,465.0
West,1,2x4,20,2024-03-14,465.0
West,1,2x4,20,2024-03-21,460.0
West,1,2x4,20,2024-03-28,450.0
West,1,2x4,20,2024-04-04,430.0
West,1,2x4,20,2024-04-11,405.0
West,1,2x4,20,2024-04-18,385.0
West,1,2x4,20,2024-04-25,375.0
West,1,2x4,20,2024-05-02,375.0
West,1,2x4,20,2024-05-09,385.0
West,1,2x4,20,2024-05-16,390.0
West,1,2x4,20,2024-05-30,410.0
West,1,2x4,20,2024-06-06,400.0
West,1,2x4,20,2024-06-13,390.0
West,1,2x4,20,2024-06-20,385.0
West,1,2x4,20,2024-06-27,375.0
West,1,2x4,20,2024-07-04,365.0
West,1,2x4,20,2024-07-11,365.0
West,1,2x4,20,2024-07-18,375.0
West,1,2x4,20,2024-07-25,385.0
West,1,2x4,20,2024-08-01,390.0
West,1,2x4,20,2024-08-08,395.0
West,1,2x4,20,2024-08-15,395.0
West,1,2x4,20,2024-08-22,395.0
West,1,2x4,20,2024-08-29,395.0
West,1,2x4,20,2024-09-05,395.0
West,1,2x4,20,2024-09-12,395.0
West,1,2x4,20,2024-09-20,400.0
West,1,2x4,20,2024-09-26,400.0
West,1,2x4,20,2024-09-27,410.0
West,1,2x4,20,2024-10-04,425.0
West,1,2x4,20,2024-10-11,445.0
West,1,2x4,20,2024-10-18,465.0
West,1,2x4,20,2024-10-25,475.0
West,1,2x4,20,2024-11-01,480.0
West,1,2x4,20,2024-11-08,475.0
West,1,2x4,20,2024-11-15,465.0
West,1,2x4,20,2024-11-22,440.0
West,1,2x4,20,2024-11-27,420.0
West,1,2x4,20,2024-12-06,400.0
West,1,2x4,20,2024-12-13,400.0
West,1,2x4,20,2024-12-20,405.0
West,1,2x4,20,2025-01-03,430.0
West,1,2x4,20,2025-01-10,440.0
West,1,2x4,20,2025-01-17,440.0
West,1,2x4,20,2025-01-24,435.0
West,1,2x4,20,2025-01-31,425.0
West,1,2x4,20,2025-02-07,430.0
West,1,2x4,20,2025-02-14,435.0
West,1,2x4,20,2025-02-21,440.0
West,1,2x4,20,2025-02-28,445.0
West,1,2x4,20,2025-03-07,445.0
West,1,2x4,20,2025-03-14,450.0
West,1,2x4,20,2025-03-21,455.0
West,1,2x4,20,2025-03-28,465.0
West,1,2x4,20,2025-04-04,470.0
West,1,2x4,20,2025-04-11,475.0
West,1,2x4,20,2025-04-18,495.0
West,1,2x4,20,2025-04-25,500.0
West,1,2x4,20,2025-05-02,500.0
West,1,2x4,20,2025-05-09,500.0
West,1,2x4,20,2025-05-16,490.0
West,1,2x4,20,2025-05-23,460.0
West,1,2x4,20,2025-05-30,440.0
West,1,2x4,20,2025-06-06,420.0
West,1,2x4,20,2025-06-13,400.0
West,1,2x4,20,2025-06-19,380.0
West,1,2x4,20,2025-06-27,380.0
West,1,2x4,20,2025-07-03,380.0
West,1,2x4,20,2025-07-11,395.0
West,1,2x4,20,2025-07-18,405.0
West,1,2x4,20,2025-07-25,405.0
West,1,2x4,20,2025-08-01,405.0
West,1,2x4,20,2025-08-08,405.0
West,1,2x4,20,2025-08-15,407.0
West,1,2x4,20,2025-08-22,400.0
West,1,2x4,20,2025-08-29,380.0
West,1,2x4,20,2025-09-05,365.0
West,1,2x4,20,2025-09-12,355.0
West,1,2x4,20,2025-09-19,350.0
West,1,2x4,20,2025-09-26,355.0
West,1,2x4,20,2025-10-03,355.0
West,1,2x4,20,2025-10-10,360.0
West,1,2x4,20,2025-10-17,365.0
West,1,2x6,8,2024-01-12,320.0
West,1,2x6,8,2024-01-18,315.0
West,1,2x6,8,2024-01-25,295.0
West,1,2x6,8,2024-02-08,285.0
West,1,2x6,8,2024-02-15,295.0
West,1,2x6,8,2024-02-22,310.0
West,1,2x6,8,2024-02-29,330.0
West,1,2x6,8,2024-03-07,340.0
West,1,2x6,8,2024-03-14,345.0
West,1,2x6,8,2024-03-21,345.0
West,1,2x6,8,2024-03-28,340.0
West,1,2x6,8,2024-04-04,320.0
West,1,2x6,8,2024-04-11,300.0
West,1,2x6,8,2024-04-18,290.0
West,1,2x6,8,2024-04-25,285.0
West,1,2x6,8,2024-05-02,285.0
West,1,2x6,8,2024-05-09,290.0
West,1,2x6,8,2024-05-16,295.0
West,1,2x6,8,2024-05-30,310.0
West,1,2x6,8,2024-06-06,295.0
West,1,2x6,8,2024-06-13,280.0
West,1,2x6,8,2024-06-20,260.0
West,1,2x6,8,2024-06-27,245.0
West,1,2x6,8,2024-07-04,240.0
West,1,2x6,8,2024-07-11,240.0
West,1,2x6,8,2024-07-18,250.0
West,1,2x6,8,2024-07-25,265.0
West,1,2x6,8,2024-08-01,270.0
West,1,2x6,8,2024-08-08,270.0
West,1,2x6,8,2024-08-15,260.0
West,1,2x6,8,2024-08-22,255.0
West,1,2x6,8,2024-08-29,245.0
West,1,2x6,8,2024-09-05,245.0
West,1,2x6,8,2024-09-12,245.0
West,1,2x6,8,2024-09-20,250.0
West,1,2x6,8,2024-09-26,250.0
West,1,2x6,8,2024-09-27,260.0
West,1,2x6,8,2024-10-04,275.0
West,1,2x6,8,2024-10-11,295.0
West,1,2x6,8,2024-10-18,315.0
West,1,2x6,8,2024-10-25,330.0
West,1,2x6,8,2024-11-01,335.0
West,1,2x6,8,2024-11-08,330.0
West,1,2x6,8,2024-11-15,320.0
West,1,2x6,8,2024-11-22,305.0
West,1,2x6,8,2024-11-27,295.0
West,1,2x6,8,2024-12-06,290.0
West,1,2x6,8,2024-12-13,295.0
West,1,2x6,8,2024-12-20,315.0
West,1,2x6,8,2025-01-03,350.0
West,1,2x6,8,2025-01-10,370.0
West,1,2x6,8,2025-01-17,375.0
West,1,2x6,8,2025-01-24,370.0
West,1,2x6,8,2025-01-31,365.0
West,1,2x6,8,2025-02-07,370.0
West,1,2x6,8,2025-02-14,375.0
West,1,2x6,8,2025-02-21,385.0
West,1,2x6,8,2025-02-28,385.0
West,1,2x6,8,2025-03-07,385.0
West,1,2x6,8,2025-03-14,385.0
West,1,2x6,8,2025-03-21,380.0
West,1,2x6,8,2025-03-28,375.0
West,1,2x6,8,2025-04-04,365.0
West,1,2x6,8,2025-04-11,365.0
West,1,2x6,8,2025-04-18,365.0
West,1,2x6,8,2025-04-25,370.0
West,1,2x6,8,2025-05-02,370.0
West,1,2x6,8,2025-05-09,350.0
West,1,2x6,8,2025-05-16,330.0
West,1,2x6,8,2025-05-23,300.0
West,1,2x6,8,2025-05-30,275.0
West,1,2x6,8,2025-06-06,255.0
West,1,2x6,8,2025-06-13,255.0
West,1,2x6,8,2025-06-19,255.0
West,1,2x6,8,2025-06-27,275.0
West,1,2x6,8,2025-07-03,285.0
West,1,2x6,8,2025-07-11,300.0
West,1,2x6,8,2025-07-18,305.0
West,1,2x6,8,2025-07-25,310.0
West,1,2x6,8,2025-08-01,310.0
West,1,2x6,8,2025-08-08,310.0
West,1,2x6,8,2025-08-15,310.0
West,1,2x6,8,2025-08-22,300.0
West,1,2x6,8,2025-08-29,285.0
West,1,2x6,8,2025-09-05,275.0
West,1,2x6,8,2025-09-12,275.0
West,1,2x6,8,2025-09-19,275.0
West,1,2x6,8,2025-09-26,280.0
West,1,2x6,8,2025-10-03,285.0
West,1,2x6,8,2025-10-10,290.0
West,1,2x6,8,2025-10-17,295.0
West,1,2x6,10,2024-01-12,390.0
West,1,2x6,10,2024-01-18,385.0
West,1,2x6,10,2024-01-25,365.0
West,1,2x6,10,2024-02-08,355.0
West,1,2x6,10,2024-02-15,365.0
West,1,2x6,10,2024-02-22,375.0
West,1,2x6,10,2024-02-29,390.0
West,1,2x6,10,2024-03-07,400.0
West,1,2x6,10,2024-03-14,400.0
West,1,2x6,10,2024-03-21,395.0
West,1,2x6,10,2024-03-28,385.0
West,1,2x6,10,2024-04-04,365.0
West,1,2x6,10,2024-04-11,345.0
West,1,2x6,10,2024-04-18,335.0
West,1,2x6,10,2024-04-25,330.0
West,1,2x6,10,2024-05-02,330.0
West,1,2x6,10,2024-05-09,335.0
West,1,2x6,10,2024-05-16,340.0
West,1,2x6,10,2024-05-30,355.0
West,1,2x6,10,2024-06-06,340.0
West,1,2x6,10,2024-06-13,320.0
West,1,2x6,10,2024-06-20,300.0
West,1,2x6,10,2024-06-27,285.0
West,1,2x6,10,2024-07-04,280.0
West,1,2x6,10,2024-07-11,280.0
West,1,2x6,10,2024-07-18,290.0
West,1,2x6,10,2024-07-25,300.0
West,1,2x6,10,2024-08-01,305.0
West,1,2x6,10,2024-08-08,305.0
West,1,2x6,10,2024-08-15,295.0
West,1,2x6,10,2024-08-22,290.0
West,1,2x6,10,2024-08-29,280.0
West,1,2x6,10,2024-09-05,280.0
West,1,2x6,10,2024-09-12,280.0
West,1,2x6,10,2024-09-20,285.0
West,1,2x6,10,2024-09-26,285.0
West,1,2x6,10,2024-09-27,295.0
West,1,2x6,10,2024-10-04,310.0
West,1,2x6,10,2024-10-11,330.0
West,1,2x6,10,2024-10-18,350.0
West,1,2x6,10,2024-10-25,365.0
West,1,2x6,10,2024-11-01,370.0
West,1,2x6,10,2024-11-08,365.0
West,1,2x6,10,2024-11-15,355.0
West,1,2x6,10,2024-11-22,340.0
West,1,2x6,10,2024-11-27,330.0
West,1,2x6,10,2024-12-06,325.0
West,1,2x6,10,2024-12-13,330.0
West,1,2x6,10,2024-12-20,350.0
West,1,2x6,10,2025-01-03,385.0
West,1,2x6,10,2025-01-10,400.0
West,1,2x6,10,2025-01-17,405.0
West,1,2x6,10,2025-01-24,400.0
West,1,2x6,10,2025-01-31,395.0
West,1,2x6,10,2025-02-07,400.0
West,1,2x6,10,2025-02-14,405.0
West,1,2x6,10,2025-02-21,405.0
West,1,2x6,10,2025-02-28,405.0
West,1,2x6,10,2025-03-07,405.0
West,1,2x6,10,2025-03-14,405.0
West,1,2x6,10,2025-03-21,400.0
West,1,2x6,10,2025-03-28,395.0
West,1,2x6,10,2025-04-04,385.0
West,1,2x6,10,2025-04-11,385.0
West,1,2x6,10,2025-04-18,385.0
West,1,2x6,10,2025-04-25,390.0
West,1,2x6,10,2025-05-02,390.0
West,1,2x6,10,2025-05-09,370.0
West,1,2x6,10,2025-05-16,350.0
West,1,2x6,10,2025-05-23,315.0
West,1,2x6,10,2025-05-30,290.0
West,1,2x6,10,2025-06-06,270.0
West,1,2x6,10,2025-06-13,270.0
West,1,2x6,10,2025-06-19,270.0
West,1,2x6,10,2025-06-27,270.0
West,1,2x6,10,2025-07-03,280.0
West,1,2x6,10,2025-07-11,300.0
West,1,2x6,10,2025-07-18,305.0
West,1,2x6,10,2025-07-25,310.0
West,1,2x6,10,2025-08-01,310.0
West,1,2x6,10,2025-08-08,310.0
West,1,2x6,10,2025-08-15,310.0
West,1,2x6,10,2025-08-22,300.0
West,1,2x6,10,2025-08-29,285.0
West,1,2x6,10,2025-09-05,275.0
West,1,2x6,10,2025-09-12,275.0
West,1,2x6,10,2025-09-19,275.0
West,1,2x6,10,2025-09-26,280.0
West,1,2x6,10,2025-10-03,285.0
West,1,2x6,10,2025-10-10,290.0
West,1,2x6,10,2025-10-17,295.0
West,1,2x6,12,2024-01-12,410.0
West,1,2x6,12,2024-01-18,405.0
West,1,2x6,12,2024-01-25,380.0
West,1,2x6,12,2024-02-08,370.0
West,1,2x6,12,2024-02-15,380.0
West,1,2x6,12,2024-02-22,395.0
West,1,2x6,12,2024-02-29,410.0
West,1,2x6,12,2024-03-07,420.0
West,1,2x6,12,2024-03-14,425.0
West,1,2x6,12,2024-03-21,425.0
West,1,2x6,12,2024-03-28,415.0
West,1,2x6,12,2024-04-04,395.0
West,1,2x6,12,2024-04-11,375.0
West,1,2x6,12,2024-04-18,365.0
West,1,2x6,12,2024-04-25,360.0
West,1,2x6,12,2024-05-02,360.0
West,1,2x6,12,2024-05-09,365.0
West,1,2x6,12,2024-05-16,370.0
West,1,2x6,12,2024-05-30,385.0
West,1,2x6,12,2024-06-06,370.0
West,1,2x6,12,2024-06-13,355.0
West,1,2x6,12,2024-06-20,335.0
West,1,2x6,12,2024-06-27,320.0
West,1,2x6,12,2024-07-04,315.0
West,1,2x6,12,2024-07-11,315.0
West,1,2x6,12,2024-07-18,325.0
West,1,2x6,12,2024-07-25,335.0
West,1,2x6,12,2024-08-01,340.0
West,1,2x6,12,2024-08-08,340.0
West,1,2x6,12,2024-08-15,330.0
West,1,2x6,12,2024-08-22,325.0
West,1,2x6,12,2024-08-29,315.0
West,1,2x6,12,2024-09-05,315.0
West,1,2x6,12,2024-09-12,315.0
West,1,2x6,12,2024-09-20,320.0
West,1,2x6,12,2024-09-26,320.0
West,1,2x6,12,2024-09-27,330.0
West,1,2x6,12,2024-10-04,345.0
West,1,2x6,12,2024-10-11,355.0
West,1,2x6,12,2024-10-18,375.0
West,1,2x6,12,2024-10-25,390.0
West,1,2x6,12,2024-11-01,395.0
West,1,2x6,12,2024-11-08,390.0
West,1,2x6,12,2024-11-15,380.0
West,1,2x6,12,2024-11-22,365.0
West,1,2x6,12,2024-11-27,355.0
West,1,2x6,12,2024-12-06,350.0
West,1,2x6,12,2024-12-13,355.0
West,1,2x6,12,2024-12-20,375.0
West,1,2x6,12,2025-01-03,410.0
West,1,2x6,12,2025-01-10,425.0
West,1,2x6,12,2025-01-17,430.0
West,1,2x6,12,2025-01-24,425.0
West,1,2x6,12,2025-01-31,420.0
West,1,2x6,12,2025-02-07,425.0
West,1,2x6,12,2025-02-14,430.0
West,1,2x6,12,2025-02-21,435.0
West,1,2x6,12,2025-02-28,435.0
West,1,2x6,12,2025-03-07,435.0
West,1,2x6,12,2025-03-14,435.0
West,1,2x6,12,2025-03-21,430.0
West,1,2x6,12,2025-03-28,430.0
West,1,2x6,12,2025-04-04,420.0
West,1,2x6,12,2025-04-11,420.0
West,1,2x6,12,2025-04-18,420.0
West,1,2x6,12,2025-04-25,425.0
West,1,2x6,12,2025-05-02,425.0
West,1,2x6,12,2025-05-09,405.0
West,1,2x6,12,2025-05-16,385.0
West,1,2x6,12,2025-05-23,350.0
West,1,2x6,12,2025-05-30,325.0
West,1,2x6,12,2025-06-06,305.0
West,1,2x6,12,2025-06-13,305.0
West,1,2x6,12,2025-06-19,305.0
West,1,2x6,12,2025-06-27,320.0
West,1,2x6,12,2025-07-03,330.0
West,1,2x6,12,2025-07-11,345.0
West,1,2x6,12,2025-07-18,350.0
West,1,2x6,12,2025-07-25,355.0
West,1,2x6,12,2025-08-01,360.0
West,1,2x6,12,2025-08-08,360.0
West,1,2x6,12,2025-08-15,360.0
West,1,2x6,12,2025-08-22,350.0
West,1,2x6,12,2025-08-29,335.0
West,1,2x6,12,2025-09-05,325.0
West,1,2x6,12,2025-09-12,325.0
West,1,2x6,12,2025-09-19,325.0
West,1,2x6,12,2025-09-26,330.0
West,1,2x6,12,2025-10-03,335.0
West,1,2x6,12,2025-10-10,340.0
West,1,2x6,12,2025-10-17,345.0
West,1,2x6,14,2024-01-12,380.0
West,1,2x6,14,2024-01-18,375.0
West,1,2x6,14,2024-01-25,360.0
West,1,2x6,14,2024-02-08,350.0
West,1,2x6,14,2024-02-15,360.0
West,1,2x6,14,2024-02-22,375.0
West,1,2x6,14,2024-02-29,395.0
West,1,2x6,14,2024-03-07,405.0
West,1,2x6,14,2024-03-14,405.0
West,1,2x6,14,2024-03-21,405.0
West,1,2x6,14,2024-03-28,400.0
West,1,2x6,14,2024-04-04,380.0
West,1,2x6,14,2024-04-11,360.0
West,1,2x6,14,2024-04-18,350.0
West,1,2x6,14,2024-04-25,345.0
West,1,2x6,14,2024-05-02,345.0
West,1,2x6,14,2024-05-09,350.0
West,1,2x6,14,2024-05-16,355.0
West,1,2x6,14,2024-05-30,370.0
West,1,2x6,14,2024-06-06,355.0
West,1,2x6,14,2024-06-13,340.0
West,1,2x6,14,2024-06-20,320.0
West,1,2x6,14,2024-06-27,305.0
West,1,2x6,14,2024-07-04,300.0
West,1,2x6,14,2024-07-11,300.0
West,1,2x6,14,2024-07-18,310.0
West,1,2x6,14,2024-07-25,315.0
West,1,2x6,14,2024-08-01,320.0
West,1,2x6,14,2024-08-08,320.0
West,1,2x6,14,2024-08-15,310.0
West,1,2x6,14,2024-08-22,305.0
West,1,2x6,14,2024-08-29,295.0
West,1,2x6,14,2024-09-05,295.0
West,1,2x6,14,2024-09-12,295.0
West,1,2x6,14,2024-09-20,300.0
West,1,2x6,14,2024-09-26,300.0
West,1,2x6,14,2024-09-27,310.0
West,1,2x6,14,2024-10-04,325.0
West,1,2x6,14,2024-10-11,345.0
West,1,2x6,14,2024-10-18,365.0
West,1,2x6,14,2024-10-25,380.0
West,1,2x6,14,2024-11-01,385.0
West,1,2x6,14,2024-11-08,380.0
West,1,2x6,14,2024-11-15,370.0
West,1,2x6,14,2024-11-22,355.0
West,1,2x6,14,2024-11-27,345.0
West,1,2x6,14,2024-12-06,340.0
West,1,2x6,14,2024-12-13,345.0
West,1,2x6,14,2024-12-20,365.0
West,1,2x6,14,2025-01-03,400.0
West,1,2x6,14,2025-01-10,420.0
West,1,2x6,14,2025-01-17,425.0
West,1,2x6,14,2025-01-24,420.0
West,1,2x6,14,2025-01-31,415.0
West,1,2x6,14,2025-02-07,420.0
West,1,2x6,14,2025-02-14,425.0
West,1,2x6,14,2025-02-21,425.0
West,1,2x6,14,2025-02-28,425.0
West,1,2x6,14,2025-03-07,425.0
West,1,2x6,14,2025-03-14,425.0
West,1,2x6,14,2025-03-21,420.0
West,1,2x6,14,2025-03-28,420.0
West,1,2x6,14,2025-04-04,410.0
West,1,2x6,14,2025-04-11,410.0
West,1,2x6,14,2025-04-18,410.0
West,1,2x6,14,2025-04-25,415.0
West,1,2x6,14,2025-05-02,415.0
West,1,2x6,14,2025-05-09,395.0
West,1,2x6,14,2025-05-16,375.0
West,1,2x6,14,2025-05-23,345.0
West,1,2x6,14,2025-05-30,320.0
West,1,2x6,14,2025-06-06,300.0
West,1,2x6,14,2025-06-13,300.0
West,1,2x6,14,2025-06-19,300.0
West,1,2x6,14,2025-06-27,315.0
West,1,2x6,14,2025-07-03,325.0
West,1,2x6,14,2025-07-11,340.0
West,1,2x6,14,2025-07-18,345.0
West,1,2x6,14,2025-07-25,350.0
West,1,2x6,14,2025-08-01,355.0
West,1,2x6,14,2025-08-08,355.0
West,1,2x6,14,2025-08-15,355.0
West,1,2x6,14,2025-08-22,345.0
West,1,2x6,14,2025-08-29,330.0
West,1,2x6,14,2025-09-05,320.0
West,1,2x6,14,2025-09-12,320.0
West,1,2x6,14,2025-09-19,320.0
West,1,2x6,14,2025-09-26,325.0
West,1,2x6,14,2025-10-03,330.0
West,1,2x6,14,2025-10-10,335.0
West,1,2x6,14,2025-10-17,340.0
West,1,2x6,16,2024-01-12,395.0
West,1,2x6,16,2024-01-18,390.0
West,1,2x6,16,2024-01-25,370.0
West,1,2x6,16,2024-02-08,360.0
West,1,2x6,16,2024-02-15,370.0
West,1,2x6,16,2024-02-22,390.0
West,1,2x6,16,2024-02-29,410.0
West,1,2x6,16,2024-03-07,420.0
West,1,2x6,16,2024-03-14,420.0
West,1,2x6,16,2024-03-21,420.0
West,1,2x6,16,2024-03-28,415.0
West,1,2x6,16,2024-04-04,395.0
West,1,2x6,16,2024-04-11,375.0
West,1,2x6,16,2024-04-18,365.0
West,1,2x6,16,2024-04-25,360.0
West,1,2x6,16,2024-05-02,360.0
West,1,2x6,16,2024-05-09,365.0
West,1,2x6,16,2024-05-16,370.0
West,1,2x6,16,2024-05-30,385.0
West,1,2x6,16,2024-06-06,370.0
West,1,2x6,16,2024-06-13,355.0
West,1,2x6,16,2024-06-20,335.0
West,1,2x6,16,2024-06-27,320.0
West,1,2x6,16,2024-07-04,315.0
West,1,2x6,16,2024-07-11,315.0
West,1,2x6,16,2024-07-18,325.0
West,1,2x6,16,2024-07-25,335.0
West,1,2x6,16,2024-08-01,340.0
West,1,2x6,16,2024-08-08,340.0
West,1,2x6,16,2024-08-15,330.0
West,1,2x6,16,2024-08-22,325.0
West,1,2x6,16,2024-08-29,315.0
West,1,2x6,16,2024-09-05,315.0
West,1,2x6,16,2024-09-12,315.0
West,1,2x6,16,2024-09-20,320.0
West,1,2x6,16,2024-09-26,320.0
West,1,2x6,16,2024-09-27,330.0
West,1,2x6,16,2024-10-04,345.0
West,1,2x6,16,2024-10-11,370.0
West,1,2x6,16,2024-10-18,390.0
West,1,2x6,16,2024-10-25,405.0
West,1,2x6,16,2024-11-01,410.0
West,1,2x6,16,2024-11-08,405.0
West,1,2x6,16,2024-11-15,395.0
West,1,2x6,16,2024-11-22,380.0
West,1,2x6,16,2024-11-27,370.0
West,1,2x6,16,2024-12-06,365.0
West,1,2x6,16,2024-12-13,370.0
West,1,2x6,16,2024-12-20,390.0
West,1,2x6,16,2025-01-03,425.0
West,1,2x6,16,2025-01-10,445.0
West,1,2x6,16,2025-01-17,450.0
West,1,2x6,16,2025-01-24,445.0
West,1,2x6,16,2025-01-31,440.0
West,1,2x6,16,2025-02-07,445.0
West,1,2x6,16,2025-02-14,450.0
West,1,2x6,16,2025-02-21,450.0
West,1,2x6,16,2025-02-28,450.0
West,1,2x6,16,2025-03-07,450.0
West,1,2x6,16,2025-03-14,450.0
West,1,2x6,16,2025-03-21,445.0
West,1,2x6,16,2025-03-28,445.0
West,1,2x6,16,2025-04-04,435.0
West,1,2x6,16,2025-04-11,435.0
West,1,2x6,16,2025-04-18,435.0
West,1,2x6,16,2025-04-25,440.0
West,1,2x6,16,2025-05-02,435.0
West,1,2x6,16,2025-05-09,415.0
West,1,2x6,16,2025-05-16,395.0
West,1,2x6,16,2025-05-23,365.0
West,1,2x6,16,2025-05-30,340.0
West,1,2x6,16,2025-06-06,320.0
West,1,2x6,16,2025-06-13,320.0
West,1,2x6,16,2025-06-19,320.0
West,1,2x6,16,2025-06-27,335.0
West,1,2x6,16,2025-07-03,345.0
West,1,2x6,16,2025-07-11,360.0
West,1,2x6,16,2025-07-18,365.0
West,1,2x6,16,2025-07-25,370.0
West,1,2x6,16,2025-08-01,375.0
West,1,2x6,16,2025-08-08,375.0
West,1,2x6,16,2025-08-15,370.0
West,1,2x6,16,2025-08-22,360.0
West,1,2x6,16,2025-08-29,345.0
West,1,2x6,16,2025-09-05,335.0
West,1,2x6,16,2025-09-12,335.0
West,1,2x6,16,2025-09-19,335.0
West,1,2x6,16,2025-09-26,340.0
West,1,2x6,16,2025-10-03,345.0
West,1,2x6,16,2025-10-10,350.0
West,1,2x6,16,2025-10-17,355.0
West,1,2x6,18,2024-01-12,385.0
West,1,2x6,18,2024-01-18,380.0
West,1,2x6,18,2024-01-25,360.0
West,1,2x6,18,2024-02-08,350.0
West,1,2x6,18,2024-02-15,360.0
West,1,2x6,18,2024-02-22,365.0
West,1,2x6,18,2024-02-29,375.0
West,1,2x6,18,2024-03-07,385.0
West,1,2x6,18,2024-03-14,380.0
West,1,2x6,18,2024-03-21,375.0
West,1,2x6,18,2024-03-28,360.0
West,1,2x6,18,2024-04-04,340.0
West,1,2x6,18,2024-04-11,320.0
West,1,2x6,18,2024-04-18,310.0
West,1,2x6,18,2024-04-25,305.0
West,1,2x6,18,2024-05-02,305.0
West,1,2x6,18,2024-05-09,310.0
West,1,2x6,18,2024-05-16,315.0
West,1,2x6,18,2024-05-30,330.0
West,1,2x6,18,2024-06-06,315.0
West,1,2x6,18,2024-06-13,300.0
West,1,2x6,18,2024-06-20,280.0
West,1,2x6,18,2024-06-27,265.0
West,1,2x6,18,2024-07-04,260.0
West,1,2x6,18,2024-07-11,260.0
West,1,2x6,18,2024-07-18,270.0
West,1,2x6,18,2024-07-25,280.0
West,1,2x6,18,2024-08-01,285.0
West,1,2x6,18,2024-08-08,285.0
West,1,2x6,18,2024-08-15,275.0
West,1,2x6,18,2024-08-22,270.0
West,1,2x6,18,2024-08-29,260.0
West,1,2x6,18,2024-09-05,260.0
West,1,2x6,18,2024-09-12,260.0
West,1,2x6,18,2024-09-20,270.0
West,1,2x6,18,2024-09-26,270.0
West,1,2x6,18,2024-09-27,280.0
West,1,2x6,18,2024-10-04,295.0
West,1,2x6,18,2024-10-11,310.0
West,1,2x6,18,2024-10-18,330.0
West,1,2x6,18,2024-10-25,345.0
West,1,2x6,18,2024-11-01,350.0
West,1,2x6,18,2024-11-08,345.0
West,1,2x6,18,2024-11-15,335.0
West,1,2x6,18,2024-11-22,320.0
West,1,2x6,18,2024-11-27,310.0
West,1,2x6,18,2024-12-06,305.0
West,1,2x6,18,2024-12-13,310.0
West,1,2x6,18,2024-12-20,330.0
West,1,2x6,18,2025-01-03,365.0
West,1,2x6,18,2025-01-10,385.0
West,1,2x6,18,2025-01-17,390.0
West,1,2x6,18,2025-01-24,385.0
West,1,2x6,18,2025-01-31,380.0
West,1,2x6,18,2025-02-07,385.0
West,1,2x6,18,2025-02-14,390.0
West,1,2x6,18,2025-02-21,395.0
West,1,2x6,18,2025-02-28,395.0
West,1,2x6,18,2025-03-07,395.0
West,1,2x6,18,2025-03-14,395.0
West,1,2x6,18,2025-03-21,390.0
West,1,2x6,18,2025-03-28,390.0
West,1,2x6,18,2025-04-04,380.0
West,1,2x6,18,2025-04-11,380.0
West,1,2x6,18,2025-04-18,380.0
West,1,2x6,18,2025-04-25,385.0
West,1,2x6,18,2025-05-02,380.0
West,1,2x6,18,2025-05-09,360.0
West,1,2x6,18,2025-05-16,340.0
West,1,2x6,18,2025-05-23,310.0
West,1,2x6,18,2025-05-30,285.0
West,1,2x6,18,2025-06-06,265.0
West,1,2x6,18,2025-06-13,265.0
West,1,2x6,18,2025-06-19,265.0
West,1,2x6,18,2025-06-27,285.0
West,1,2x6,18,2025-07-03,295.0
West,1,2x6,18,2025-07-11,310.0
West,1,2x6,18,2025-07-18,315.0
West,1,2x6,18,2025-07-25,320.0
West,1,2x6,18,2025-08-01,320.0
West,1,2x6,18,2025-08-08,320.0
West,1,2x6,18,2025-08-15,320.0
West,1,2x6,18,2025-08-22,310.0
West,1,2x6,18,2025-08-29,300.0
West,1,2x6,18,2025-09-05,290.0
West,1,2x6,18,2025-09-12,290.0
West,1,2x6,18,2025-09-19,290.0
West,1,2x6,18,2025-09-26,295.0
West,1,2x6,18,2025-10-03,300.0
West,1,2x6,18,2025-10-10,305.0
West,1,2x6,18,2025-10-17,310.0
West,1,2x6,20,2024-01-12,415.0
West,1,2x6,20,2024-01-18,410.0
West,1,2x6,20,2024-01-25,390.0
West,1,2x6,20,2024-02-08,380.0
West,1,2x6,20,2024-02-15,390.0
West,1,2x6,20,2024-02-22,395.0
West,1,2x6,20,2024-02-29,405.0
West,1,2x6,20,2024-03-07,410.0
West,1,2x6,20,2024-03-14,410.0
West,1,2x6,20,2024-03-21,410.0
West,1,2x6,20,2024-03-28,400.0
West,1,2x6,20,2024-04-04,380.0
West,1,2x6,20,2024-04-11,360.0
West,1,2x6,20,2024-04-18,350.0
West,1,2x6,20,2024-04-25,345.0
West,1,2x6,20,2024-05-02,345.0
West,1,2x6,20,2024-05-09,350.0
West,1,2x6,20,2024-05-16,355.0
West,1,2x6,20,2024-05-30,370.0
West,1,2x6,20,2024-06-06,355.0
West,1,2x6,20,2024-06-13,330.0
West,1,2x6,20,2024-06-20,310.0
West,1,2x6,20,2024-06-27,295.0
West,1,2x6,20,2024-07-04,290.0
West,1,2x6,20,2024-07-11,290.0
West,1,2x6,20,2024-07-18,300.0
West,1,2x6,20,2024-07-25,310.0
West,1,2x6,20,2024-08-01,315.0
West,1,2x6,20,2024-08-08,315.0
West,1,2x6,20,2024-08-15,305.0
West,1,2x6,20,2024-08-22,300.0
West,1,2x6,20,2024-08-29,290.0
West,1,2x6,20,2024-09-05,290.0
West,1,2x6,20,2024-09-12,290.0
West,1,2x6,20,2024-09-20,295.0
West,1,2x6,20,2024-09-26,295.0
West,1,2x6,20,2024-09-27,305.0
West,1,2x6,20,2024-10-04,320.0
West,1,2x6,20,2024-10-11,345.0
West,1,2x6,20,2024-10-18,365.0
West,1,2x6,20,2024-10-25,380.0
West,1,2x6,20,2024-11-01,385.0
West,1,2x6,20,2024-11-08,380.0
West,1,2x6,20,2024-11-15,370.0
West,1,2x6,20,2024-11-22,355.0
West,1,2x6,20,2024-11-27,345.0
West,1,2x6,20,2024-12-06,340.0
West,1,2x6,20,2024-12-13,345.0
West,1,2x6,20,2024-12-20,365.0
West,1,2x6,20,2025-01-03,400.0
West,1,2x6,20,2025-01-10,415.0
West,1,2x6,20,2025-01-17,420.0
West,1,2x6,20,2025-01-24,415.0
West,1,2x6,20,2025-01-31,410.0
West,1,2x6,20,2025-02-07,415.0
West,1,2x6,20,2025-02-14,420.0
West,1,2x6,20,2025-02-21,420.0
West,1,2x6,20,2025-02-28,420.0
West,1,2x6,20,2025-03-07,420.0
West,1,2x6,20,2025-03-14,420.0
West,1,2x6,20,2025-03-21,415.0
West,1,2x6,20,2025-03-28,415.0
West,1,2x6,20,2025-04-04,405.0
West,1,2x6,20,2025-04-11,405.0
West,1,2x6,20,2025-04-18,405.0
West,1,2x6,20,2025-04-25,410.0
West,1,2x6,20,2025-05-02,400.0
West,1,2x6,20,2025-05-09,380.0
West,1,2x6,20,2025-05-16,360.0
West,1,2x6,20,2025-05-23,325.0
West,1,2x6,20,2025-05-30,300.0
West,1,2x6,20,2025-06-06,280.0
West,1,2x6,20,2025-06-13,280.0
West,1,2x6,20,2025-06-19,280.0
West,1,2x6,20,2025-06-27,295.0
West,1,2x6,20,2025-07-03,305.0
West,1,2x6,20,2025-07-11,320.0
West,1,2x6,20,2025-07-18,325.0
West,1,2x6,20,2025-07-25,330.0
West,1,2x6,20,2025-08-01,330.0
West,1,2x6,20,2025-08-08,330.0
West,1,2x6,20,2025-08-15,330.0
West,1,2x6,20,2025-08-22,320.0
West,1,2x6,20,2025-08-29,310.0
West,1,2x6,20,2025-09-05,300.0
West,1,2x6,20,2025-09-12,300.0
West,1,2x6,20,2025-09-19,300.0
West,1,2x6,20,2025-09-26,305.0
West,1,2x6,20,2025-10-03,310.0
West,1,2x6,20,2025-10-10,315.0
West,1,2x6,20,2025-10-17,320.0
West,1,2x8,8,2024-01-12,400.0
West,1,2x8,8,2024-01-18,395.0
West,1,2x8,8,2024-01-25,380.0
West,1,2x8,8,2024-02-08,370.0
West,1,2x8,8,2024-02-15,375.0
West,1,2x8,8,2024-02-22,385.0
West,1,2x8,8,2024-02-29,390.0
West,1,2x8,8,2024-03-07,395.0
West,1,2x8,8,2024-03-14,395.0
West,1,2x8,8,2024-03-21,390.0
West,1,2x8,8,2024-03-28,380.0
West,1,2x8,8,2024-04-04,370.0
West,1,2x8,8,2024-04-11,355.0
West,1,2x8,8,2024-04-18,345.0
West,1,2x8,8,2024-04-25,340.0
West,1,2x8,8,2024-05-02,340.0
West,1,2x8,8,2024-05-09,340.0
West,1,2x8,8,2024-05-16,345.0
West,1,2x8,8,2024-05-30,350.0
West,1,2x8,8,2024-06-06,335.0
West,1,2x8,8,2024-06-13,325.0
West,1,2x8,8,2024-06-20,310.0
West,1,2x8,8,2024-06-27,295.0
West,1,2x8,8,2024-07-04,290.0
West,1,2x8,8,2024-07-11,285.0
West,1,2x8,8,2024-07-18,290.0
West,1,2x8,8,2024-07-25,300.0
West,1,2x8,8,2024-08-01,305.0
West,1,2x8,8,2024-08-08,305.0
West,1,2x8,8,2024-08-15,290.0
West,1,2x8,8,2024-08-22,280.0
West,1,2x8,8,2024-08-29,270.0
West,1,2x8,8,2024-09-05,270.0
West,1,2x8,8,2024-09-12,270.0
West,1,2x8,8,2024-09-20,275.0
West,1,2x8,8,2024-09-26,275.0
West,1,2x8,8,2024-09-27,285.0
West,1,2x8,8,2024-10-04,295.0
West,1,2x8,8,2024-10-11,320.0
West,1,2x8,8,2024-10-18,335.0
West,1,2x8,8,2024-10-25,345.0
West,1,2x8,8,2024-11-01,350.0
West,1,2x8,8,2024-11-08,350.0
West,1,2x8,8,2024-11-15,340.0
West,1,2x8,8,2024-11-22,330.0
West,1,2x8,8,2024-11-27,320.0
West,1,2x8,8,2024-12-06,315.0
West,1,2x8,8,2024-12-13,320.0
West,1,2x8,8,2024-12-20,335.0
West,1,2x8,8,2025-01-03,360.0
West,1,2x8,8,2025-01-10,370.0
West,1,2x8,8,2025-01-17,370.0
West,1,2x8,8,2025-01-24,360.0
West,1,2x8,8,2025-01-31,355.0
West,1,2x8,8,2025-02-07,355.0
West,1,2x8,8,2025-02-14,355.0
West,1,2x8,8,2025-02-21,355.0
West,1,2x8,8,2025-02-28,355.0
West,1,2x8,8,2025-03-07,355.0
West,1,2x8,8,2025-03-14,355.0
West,1,2x8,8,2025-03-21,355.0
West,1,2x8,8,2025-03-28,365.0
West,1,2x8,8,2025-04-04,365.0
West,1,2x8,8,2025-04-11,370.0
West,1,2x8,8,2025-04-18,375.0
West,1,2x8,8,2025-04-25,380.0
West,1,2x8,8,2025-05-02,380.0
West,1,2x8,8,2025-05-09,375.0
West,1,2x8,8,2025-05-16,365.0
West,1,2x8,8,2025-05-23,345.0
West,1,2x8,8,2025-05-30,330.0
West,1,2x8,8,2025-06-06,310.0
West,1,2x8,8,2025-06-13,305.0
West,1,2x8,8,2025-06-19,300.0
West,1,2x8,8,2025-06-27,320.0
West,1,2x8,8,2025-07-03,325.0
West,1,2x8,8,2025-07-11,335.0
West,1,2x8,8,2025-07-18,340.0
West,1,2x8,8,2025-07-25,345.0
West,1,2x8,8,2025-08-01,345.0
West,1,2x8,8,2025-08-08,345.0
West,1,2x8,8,2025-08-15,345.0
West,1,2x8,8,2025-08-22,335.0
West,1,2x8,8,2025-08-29,325.0
West,1,2x8,8,2025-09-05,315.0
West,1,2x8,8,2025-09-12,305.0
West,1,2x8,8,2025-09-19,305.0
West,1,2x8,8,2025-09-26,310.0
West,1,2x8,8,2025-10-03,315.0
West,1,2x8,8,2025-10-10,320.0
West,1,2x8,8,2025-10-17,325.0
West,1,2x8,10,2024-01-12,415.0
West,1,2x8,10,2024-01-18,410.0
West,1,2x8,10,2024-01-25,395.0
West,1,2x8,10,2024-02-08,385.0
West,1,2x8,10,2024-02-15,390.0
West,1,2x8,10,2024-02-22,400.0
West,1,2x8,10,2024-02-29,410.0
West,1,2x8,10,2024-03-07,420.0
West,1,2x8,10,2024-03-14,420.0
West,1,2x8,10,2024-03-21,420.0
West,1,2x8,10,2024-03-28,410.0
West,1,2x8,10,2024-04-04,400.0
West,1,2x8,10,2024-04-11,385.0
West,1,2x8,10,2024-04-18,375.0
West,1,2x8,10,2024-04-25,370.0
West,1,2x8,10,2024-05-02,370.0
West,1,2x8,10,2024-05-09,370.0
West,1,2x8,10,2024-05-16,375.0
West,1,2x8,10,2024-05-30,380.0
West,1,2x8,10,2024-06-06,370.0
West,1,2x8,10,2024-06-13,350.0
West,1,2x8,10,2024-06-20,335.0
West,1,2x8,10,2024-06-27,320.0
West,1,2x8,10,2024-07-04,315.0
West,1,2x8,10,2024-07-11,310.0
West,1,2x8,10,2024-07-18,315.0
West,1,2x8,10,2024-07-25,315.0
West,1,2x8,10,2024-08-01,320.0
West,1,2x8,10,2024-08-08,320.0
West,1,2x8,10,2024-08-15,305.0
West,1,2x8,10,2024-08-22,295.0
West,1,2x8,10,2024-08-29,285.0
West,1,2x8,10,2024-09-05,285.0
West,1,2x8,10,2024-09-12,285.0
West,1,2x8,10,2024-09-20,290.0
West,1,2x8,10,2024-09-26,290.0
West,1,2x8,10,2024-09-27,300.0
West,1,2x8,10,2024-10-04,310.0
West,1,2x8,10,2024-10-11,325.0
West,1,2x8,10,2024-10-18,340.0
West,1,2x8,10,2024-10-25,350.0
West,1,2x8,10,2024-11-01,355.0
West,1,2x8,10,2024-11-08,355.0
West,1,2x8,10,2024-11-15,345.0
West,1,2x8,10,2024-11-22,335.0
West,1,2x8,10,2024-11-27,325.0
West,1,2x8,10,2024-12-06,320.0
West,1,2x8,10,2024-12-13,325.0
West,1,2x8,10,2024-12-20,340.0
West,1,2x8,10,2025-01-03,365.0
West,1,2x8,10,2025-01-10,375.0
West,1,2x8,10,2025-01-17,375.0
West,1,2x8,10,2025-01-24,365.0
West,1,2x8,10,2025-01-31,360.0
West,1,2x8,10,2025-02-07,360.0
West,1,2x8,10,2025-02-14,360.0
West,1,2x8,10,2025-02-21,360.0
West,1,2x8,10,2025-02-28,360.0
West,1,2x8,10,2025-03-07,360.0
West,1,2x8,10,2025-03-14,360.0
West,1,2x8,10,2025-03-21,360.0
West,1,2x8,10,2025-03-28,370.0
West,1,2x8,10,2025-04-04,370.0
West,1,2x8,10,2025-04-11,375.0
West,1,2x8,10,2025-04-18,380.0
West,1,2x8,10,2025-04-25,385.0
West,1,2x8,10,2025-05-02,385.0
West,1,2x8,10,2025-05-09,380.0
West,1,2x8,10,2025-05-16,370.0
West,1,2x8,10,2025-05-23,350.0
West,1,2x8,10,2025-05-30,335.0
West,1,2x8,10,2025-06-06,315.0
West,1,2x8,10,2025-06-13,310.0
West,1,2x8,10,2025-06-19,305.0
West,1,2x8,10,2025-06-27,325.0
West,1,2x8,10,2025-07-03,330.0
West,1,2x8,10,2025-07-11,340.0
West,1,2x8,10,2025-07-18,345.0
West,1,2x8,10,2025-07-25,350.0
West,1,2x8,10,2025-08-01,350.0
West,1,2x8,10,2025-08-08,350.0
West,1,2x8,10,2025-08-15,350.0
West,1,2x8,10,2025-08-22,340.0
West,1,2x8,10,2025-08-29,330.0
West,1,2x8,10,2025-09-05,320.0
West,1,2x8,10,2025-09-12,310.0
West,1,2x8,10,2025-09-19,310.0
West,1,2x8,10,2025-09-26,315.0
West,1,2x8,10,2025-10-03,320.0
West,1,2x8,10,2025-10-10,325.0
West,1,2x8,10,2025-10-17,330.0
West,1,2x8,12,2024-01-12,435.0
West,1,2x8,12,2024-01-18,430.0
West,1,2x8,12,2024-01-25,415.0
West,1,2x8,12,2024-02-08,405.0
West,1,2x8,12,2024-02-15,410.0
West,1,2x8,12,2024-02-22,410.0
West,1,2x8,12,2024-02-29,420.0
West,1,2x8,12,2024-03-07,430.0
West,1,2x8,12,2024-03-14,430.0
West,1,2x8,12,2024-03-21,430.0
West,1,2x8,12,2024-03-28,420.0
West,1,2x8,12,2024-04-04,410.0
West,1,2x8,12,2024-04-11,395.0
West,1,2x8,12,2024-04-18,385.0
West,1,2x8,12,2024-04-25,380.0
West,1,2x8,12,2024-05-02,380.0
West,1,2x8,12,2024-05-09,380.0
West,1,2x8,12,2024-05-16,385.0
West,1,2x8,12,2024-05-30,390.0
West,1,2x8,12,2024-06-06,380.0
West,1,2x8,12,2024-06-13,365.0
West,1,2x8,12,2024-06-20,350.0
West,1,2x8,12,2024-06-27,335.0
West,1,2x8,12,2024-07-04,330.0
West,1,2x8,12,2024-07-11,325.0
West,1,2x8,12,2024-07-18,330.0
West,1,2x8,12,2024-07-25,335.0
West,1,2x8,12,2024-08-01,340.0
West,1,2x8,12,2024-08-08,340.0
West,1,2x8,12,2024-08-15,330.0
West,1,2x8,12,2024-08-22,320.0
West,1,2x8,12,2024-08-29,310.0
West,1,2x8,12,2024-09-05,310.0
West,1,2x8,12,2024-09-12,310.0
West,1,2x8,12,2024-09-20,315.0
West,1,2x8,12,2024-09-26,315.0
West,1,2x8,12,2024-09-27,325.0
West,1,2x8,12,2024-10-04,335.0
West,1,2x8,12,2024-10-11,355.0
West,1,2x8,12,2024-10-18,370.0
West,1,2x8,12,2024-10-25,380.0
West,1,2x8,12,2024-11-01,385.0
West,1,2x8,12,2024-11-08,385.0
West,1,2x8,12,2024-11-15,375.0
West,1,2x8,12,2024-11-22,365.0
West,1,2x8,12,2024-11-27,355.0
West,1,2x8,12,2024-12-06,350.0
West,1,2x8,12,2024-12-13,355.0
West,1,2x8,12,2024-12-20,370.0
West,1,2x8,12,2025-01-03,395.0
West,1,2x8,12,2025-01-10,405.0
West,1,2x8,12,2025-01-17,405.0
West,1,2x8,12,2025-01-24,395.0
West,1,2x8,12,2025-01-31,390.0
West,1,2x8,12,2025-02-07,390.0
West,1,2x8,12,2025-02-14,390.0
West,1,2x8,12,2025-02-21,390.0
West,1,2x8,12,2025-02-28,390.0
West,1,2x8,12,2025-03-07,390.0
West,1,2x8,12,2025-03-14,390.0
West,1,2x8,12,2025-03-21,390.0
West,1,2x8,12,2025-03-28,400.0
West,1,2x8,12,2025-04-04,400.0
West,1,2x8,12,2025-04-11,405.0
West,1,2x8,12,2025-04-18,410.0
West,1,2x8,12,2025-04-25,415.0
West,1,2x8,12,2025-05-02,415.0
West,1,2x8,12,2025-05-09,410.0
West,1,2x8,12,2025-05-16,400.0
West,1,2x8,12,2025-05-23,380.0
West,1,2x8,12,2025-05-30,365.0
West,1,2x8,12,2025-06-06,345.0
West,1,2x8,12,2025-06-13,340.0
West,1,2x8,12,2025-06-19,335.0
West,1,2x8,12,2025-06-27,335.0
West,1,2x8,12,2025-07-03,340.0
West,1,2x8,12,2025-07-11,350.0
West,1,2x8,12,2025-07-18,355.0
West,1,2x8,12,2025-07-25,360.0
West,1,2x8,12,2025-08-01,360.0
West,1,2x8,12,2025-08-08,360.0
West,1,2x8,12,2025-08-15,360.0
West,1,2x8,12,2025-08-22,350.0
West,1,2x8,12,2025-08-29,340.0
West,1,2x8,12,2025-09-05,330.0
West,1,2x8,12,2025-09-12,320.0
West,1,2x8,12,2025-09-19,320.0
West,1,2x8,12,2025-09-26,325.0
West,1,2x8,12,2025-10-03,330.0
West,1,2x8,12,2025-10-10,335.0
West,1,2x8,12,2025-10-17,340.0
West,1,2x8,14,2024-01-12,395.0
West,1,2x8,14,2024-01-18,390.0
West,1,2x8,14,2024-01-25,375.0
West,1,2x8,14,2024-02-08,365.0
West,1,2x8,14,2024-02-15,370.0
West,1,2x8,14,2024-02-22,375.0
West,1,2x8,14,2024-02-29,385.0
West,1,2x8,14,2024-03-07,390.0
West,1,2x8,14,2024-03-14,390.0
West,1,2x8,14,2024-03-21,385.0
West,1,2x8,14,2024-03-28,375.0
West,1,2x8,14,2024-04-04,365.0
West,1,2x8,14,2024-04-11,350.0
West,1,2x8,14,2024-04-18,340.0
West,1,2x8,14,2024-04-25,335.0
West,1,2x8,14,2024-05-02,335.0
West,1,2x8,14,2024-05-09,335.0
West,1,2x8,14,2024-05-16,340.0
West,1,2x8,14,2024-05-30,345.0
West,1,2x8,14,2024-06-06,340.0
West,1,2x8,14,2024-06-13,320.0
West,1,2x8,14,2024-06-20,305.0
West,1,2x8,14,2024-06-27,290.0
West,1,2x8,14,2024-07-04,285.0
West,1,2x8,14,2024-07-11,280.0
West,1,2x8,14,2024-07-18,285.0
West,1,2x8,14,2024-07-25,290.0
West,1,2x8,14,2024-08-01,295.0
West,1,2x8,14,2024-08-08,295.0
West,1,2x8,14,2024-08-15,280.0
West,1,2x8,14,2024-08-22,270.0
West,1,2x8,14,2024-08-29,260.0
West,1,2x8,14,2024-09-05,260.0
West,1,2x8,14,2024-09-12,260.0
West,1,2x8,14,2024-09-20,265.0
West,1,2x8,14,2024-09-26,265.0
West,1,2x8,14,2024-09-27,275.0
West,1,2x8,14,2024-10-04,285.0
West,1,2x8,14,2024-10-11,310.0
West,1,2x8,14,2024-10-18,325.0
West,1,2x8,14,2024-10-25,335.0
West,1,2x8,14,2024-11-01,340.0
West,1,2x8,14,2024-11-08,340.0
West,1,2x8,14,2024-11-15,330.0
West,1,2x8,14,2024-11-22,320.0
West,1,2x8,14,2024-11-27,310.0
West,1,2x8,14,2024-12-06,305.0
West,1,2x8,14,2024-12-13,310.0
West,1,2x8,14,2024-12-20,325.0
West,1,2x8,14,2025-01-03,350.0
West,1,2x8,14,2025-01-10,360.0
West,1,2x8,14,2025-01-17,360.0
West,1,2x8,14,2025-01-24,350.0
West,1,2x8,14,2025-01-31,345.0
West,1,2x8,14,2025-02-07,345.0
West,1,2x8,14,2025-02-14,345.0
West,1,2x8,14,2025-02-21,345.0
West,1,2x8,14,2025-02-28,345.0
West,1,2x8,14,2025-03-07,345.0
West,1,2x8,14,2025-03-14,345.0
West,1,2x8,14,2025-03-21,345.0
West,1,2x8,14,2025-03-28,355.0
West,1,2x8,14,2025-04-04,355.0
West,1,2x8,14,2025-04-11,360.0
West,1,2x8,14,2025-04-18,365.0
West,1,2x8,14,2025-04-25,370.0
West,1,2x8,14,2025-05-02,370.0
West,1,2x8,14,2025-05-09,365.0
West,1,2x8,14,2025-05-16,355.0
West,1,2x8,14,2025-05-23,335.0
West,1,2x8,14,2025-05-30,320.0
West,1,2x8,14,2025-06-06,300.0
West,1,2x8,14,2025-06-13,295.0
West,1,2x8,14,2025-06-19,290.0
West,1,2x8,14,2025-06-27,295.0
West,1,2x8,14,2025-07-03,300.0
West,1,2x8,14,2025-07-11,320.0
West,1,2x8,14,2025-07-18,325.0
West,1,2x8,14,2025-07-25,330.0
West,1,2x8,14,2025-08-01,330.0
West,1,2x8,14,2025-08-08,330.0
West,1,2x8,14,2025-08-15,330.0
West,1,2x8,14,2025-08-22,320.0
West,1,2x8,14,2025-08-29,310.0
West,1,2x8,14,2025-09-05,300.0
West,1,2x8,14,2025-09-12,290.0
West,1,2x8,14,2025-09-19,290.0
West,1,2x8,14,2025-09-26,295.0
West,1,2x8,14,2025-10-03,300.0
West,1,2x8,14,2025-10-10,305.0
West,1,2x8,14,2025-10-17,310.0
West,1,2x8,16,2024-01-12,420.0
West,1,2x8,16,2024-01-18,415.0
West,1,2x8,16,2024-01-25,400.0
West,1,2x8,16,2024-02-08,390.0
West,1,2x8,16,2024-02-15,395.0
West,1,2x8,16,2024-02-22,395.0
West,1,2x8,16,2024-02-29,400.0
West,1,2x8,16,2024-03-07,410.0
West,1,2x8,16,2024-03-14,410.0
West,1,2x8,16,2024-03-21,400.0
West,1,2x8,16,2024-03-28,390.0
West,1,2x8,16,2024-04-04,380.0
West,1,2x8,16,2024-04-11,365.0
West,1,2x8,16,2024-04-18,355.0
West,1,2x8,16,2024-04-25,350.0
West,1,2x8,16,2024-05-02,350.0
West,1,2x8,16,2024-05-09,350.0
West,1,2x8,16,2024-05-16,355.0
West,1,2x8,16,2024-05-30,360.0
West,1,2x8,16,2024-06-06,350.0
West,1,2x8,16,2024-06-13,330.0
West,1,2x8,16,2024-06-20,315.0
West,1,2x8,16,2024-06-27,300.0
West,1,2x8,16,2024-07-04,295.0
West,1,2x8,16,2024-07-11,290.0
West,1,2x8,16,2024-07-18,295.0
West,1,2x8,16,2024-07-25,305.0
West,1,2x8,16,2024-08-01,310.0
West,1,2x8,16,2024-08-08,310.0
West,1,2x8,16,2024-08-15,300.0
West,1,2x8,16,2024-08-22,290.0
West,1,2x8,16,2024-08-29,280.0
West,1,2x8,16,2024-09-05,280.0
West,1,2x8,16,2024-09-12,280.0
West,1,2x8,16,2024-09-20,300.0
West,1,2x8,16,2024-09-26,300.0
West,1,2x8,16,2024-09-27,310.0
West,1,2x8,16,2024-10-04,320.0
West,1,2x8,16,2024-10-11,350.0
West,1,2x8,16,2024-10-18,365.0
West,1,2x8,16,2024-10-25,375.0
West,1,2x8,16,2024-11-01,380.0
West,1,2x8,16,2024-11-08,380.0
West,1,2x8,16,2024-11-15,370.0
West,1,2x8,16,2024-11-22,360.0
West,1,2x8,16,2024-11-27,350.0
West,1,2x8,16,2024-12-06,345.0
West,1,2x8,16,2024-12-13,350.0
West,1,2x8,16,2024-12-20,365.0
West,1,2x8,16,2025-01-03,390.0
West,1,2x8,16,2025-01-10,400.0
West,1,2x8,16,2025-01-17,400.0
West,1,2x8,16,2025-01-24,390.0
West,1,2x8,16,2025-01-31,385.0
West,1,2x8,16,2025-02-07,385.0
West,1,2x8,16,2025-02-14,385.0
West,1,2x8,16,2025-02-21,385.0
West,1,2x8,16,2025-02-28,385.0
West,1,2x8,16,2025-03-07,385.0
West,1,2x8,16,2025-03-14,385.0
West,1,2x8,16,2025-03-21,385.0
West,1,2x8,16,2025-03-28,395.0
West,1,2x8,16,2025-04-04,395.0
West,1,2x8,16,2025-04-11,400.0
West,1,2x8,16,2025-04-18,405.0
West,1,2x8,16,2025-04-25,410.0
West,1,2x8,16,2025-05-02,410.0
West,1,2x8,16,2025-05-09,405.0
West,1,2x8,16,2025-05-16,395.0
West,1,2x8,16,2025-05-23,375.0
West,1,2x8,16,2025-05-30,360.0
West,1,2x8,16,2025-06-06,340.0
West,1,2x8,16,2025-06-13,335.0
West,1,2x8,16,2025-06-19,330.0
West,1,2x8,16,2025-06-27,335.0
West,1,2x8,16,2025-07-03,340.0
West,1,2x8,16,2025-07-11,350.0
West,1,2x8,16,2025-07-18,355.0
West,1,2x8,16,2025-07-25,360.0
West,1,2x8,16,2025-08-01,360.0
West,1,2x8,16,2025-08-08,360.0
West,1,2x8,16,2025-08-15,360.0
West,1,2x8,16,2025-08-22,350.0
West,1,2x8,16,2025-08-29,340.0
West,1,2x8,16,2025-09-05,330.0
West,1,2x8,16,2025-09-12,320.0
West,1,2x8,16,2025-09-19,320.0
West,1,2x8,16,2025-09-26,325.0
West,1,2x8,16,2025-10-03,330.0
West,1,2x8,16,2025-10-10,335.0
West,1,2x8,16,2025-10-17,340.0
West,1,2x8,18,2024-01-12,415.0
West,1,2x8,18,2024-01-18,410.0
West,1,2x8,18,2024-01-25,395.0
West,1,2x8,18,2024-02-08,385.0
West,1,2x8,18,2024-02-15,390.0
West,1,2x8,18,2024-02-22,375.0
West,1,2x8,18,2024-02-29,375.0
West,1,2x8,18,2024-03-07,385.0
West,1,2x8,18,2024-03-14,385.0
West,1,2x8,18,2024-03-21,380.0
West,1,2x8,18,2024-03-28,370.0
West,1,2x8,18,2024-04-04,360.0
West,1,2x8,18,2024-04-11,345.0
West,1,2x8,18,2024-04-18,335.0
West,1,2x8,18,2024-04-25,330.0
West,1,2x8,18,2024-05-02,330.0
West,1,2x8,18,2024-05-09,330.0
West,1,2x8,18,2024-05-16,335.0
West,1,2x8,18,2024-05-30,340.0
West,1,2x8,18,2024-06-06,330.0
West,1,2x8,18,2024-06-13,310.0
West,1,2x8,18,2024-06-20,295.0
West,1,2x8,18,2024-06-27,280.0
West,1,2x8,18,2024-07-04,275.0
West,1,2x8,18,2024-07-11,270.0
West,1,2x8,18,2024-07-18,275.0
West,1,2x8,18,2024-07-25,275.0
West,1,2x8,18,2024-08-01,280.0
West,1,2x8,18,2024-08-08,280.0
West,1,2x8,18,2024-08-15,270.0
West,1,2x8,18,2024-08-22,260.0
West,1,2x8,18,2024-08-29,250.0
West,1,2x8,18,2024-09-05,250.0
West,1,2x8,18,2024-09-12,250.0
West,1,2x8,18,2024-09-20,255.0
West,1,2x8,18,2024-09-26,255.0
West,1,2x8,18,2024-09-27,265.0
West,1,2x8,18,2024-10-04,275.0
West,1,2x8,18,2024-10-11,300.0
West,1,2x8,18,2024-10-18,315.0
West,1,2x8,18,2024-10-25,325.0
West,1,2x8,18,2024-11-01,330.0
West,1,2x8,18,2024-11-08,330.0
West,1,2x8,18,2024-11-15,320.0
West,1,2x8,18,2024-11-22,310.0
West,1,2x8,18,2024-11-27,300.0
West,1,2x8,18,2024-12-06,295.0
West,1,2x8,18,2024-12-13,300.0
West,1,2x8,18,2024-12-20,315.0
West,1,2x8,18,2025-01-03,340.0
West,1,2x8,18,2025-01-10,350.0
West,1,2x8,18,2025-01-17,350.0
West,1,2x8,18,2025-01-24,340.0
West,1,2x8,18,2025-01-31,335.0
West,1,2x8,18,2025-02-07,335.0
West,1,2x8,18,2025-02-14,335.0
West,1,2x8,18,2025-02-21,335.0
West,1,2x8,18,2025-02-28,335.0
West,1,2x8,18,2025-03-07,335.0
West,1,2x8,18,2025-03-14,335.0
West,1,2x8,18,2025-03-21,335.0
West,1,2x8,18,2025-03-28,345.0
West,1,2x8,18,2025-04-04,345.0
West,1,2x8,18,2025-04-11,350.0
West,1,2x8,18,2025-04-18,355.0
West,1,2x8,18,2025-04-25,360.0
West,1,2x8,18,2025-05-02,360.0
West,1,2x8,18,2025-05-09,355.0
West,1,2x8,18,2025-05-16,345.0
West,1,2x8,18,2025-05-23,325.0
West,1,2x8,18,2025-05-30,310.0
West,1,2x8,18,2025-06-06,290.0
West,1,2x8,18,2025-06-13,285.0
West,1,2x8,18,2025-06-19,280.0
West,1,2x8,18,2025-06-27,300.0
West,1,2x8,18,2025-07-03,305.0
West,1,2x8,18,2025-07-11,320.0
West,1,2x8,18,2025-07-18,325.0
West,1,2x8,18,2025-07-25,325.0
West,1,2x8,18,2025-08-01,325.0
West,1,2x8,18,2025-08-08,325.0
West,1,2x8,18,2025-08-15,325.0
West,1,2x8,18,2025-08-22,315.0
West,1,2x8,18,2025-08-29,305.0
West,1,2x8,18,2025-09-05,295.0
West,1,2x8,18,2025-09-12,285.0
West,1,2x8,18,2025-09-19,285.0
West,1,2x8,18,2025-09-26,290.0
West,1,2x8,18,2025-10-03,295.0
West,1,2x8,18,2025-10-10,300.0
West,1,2x8,18,2025-10-17,305.0
West,1,2x8,20,2024-01-12,485.0
West,1,2x8,20,2024-01-18,480.0
West,1,2x8,20,2024-01-25,465.0
West,1,2x8,20,2024-02-08,455.0
West,1,2x8,20,2024-02-15,460.0
West,1,2x8,20,2024-02-22,460.0
West,1,2x8,20,2024-02-29,465.0
West,1,2x8,20,2024-03-07,475.0
West,1,2x8,20,2024-03-14,470.0
West,1,2x8,20,2024-03-21,465.0
West,1,2x8,20,2024-03-28,450.0
West,1,2x8,20,2024-04-04,440.0
West,1,2x8,20,2024-04-11,425.0
West,1,2x8,20,2024-04-18,415.0
West,1,2x8,20,2024-04-25,410.0
West,1,2x8,20,2024-05-02,410.0
West,1,2x8,20,2024-05-09,410.0
West,1,2x8,20,2024-05-16,415.0
West,1,2x8,20,2024-05-30,420.0
West,1,2x8,20,2024-06-06,410.0
West,1,2x8,20,2024-06-13,390.0
West,1,2x8,20,2024-06-20,375.0
West,1,2x8,20,2024-06-27,360.0
West,1,2x8,20,2024-07-04,355.0
West,1,2x8,20,2024-07-11,350.0
West,1,2x8,20,2024-07-18,355.0
West,1,2x8,20,2024-07-25,355.0
West,1,2x8,20,2024-08-01,360.0
West,1,2x8,20,2024-08-08,360.0
West,1,2x8,20,2024-08-15,345.0
West,1,2x8,20,2024-08-22,335.0
West,1,2x8,20,2024-08-29,325.0
West,1,2x8,20,2024-09-05,325.0
West,1,2x8,20,2024-09-12,325.0
West,1,2x8,20,2024-09-20,330.0
West,1,2x8,20,2024-09-26,330.0
West,1,2x8,20,2024-09-27,340.0
West,1,2x8,20,2024-10-04,350.0
West,1,2x8,20,2024-10-11,365.0
West,1,2x8,20,2024-10-18,380.0
West,1,2x8,20,2024-10-25,390.0
West,1,2x8,20,2024-11-01,395.0
West,1,2x8,20,2024-11-08,395.0
West,1,2x8,20,2024-11-15,385.0
West,1,2x8,20,2024-11-22,375.0
West,1,2x8,20,2024-11-27,365.0
West,1,2x8,20,2024-12-06,360.0
West,1,2x8,20,2024-12-13,365.0
West,1,2x8,20,2024-12-20,380.0
West,1,2x8,20,2025-01-03,405.0
West,1,2x8,20,2025-01-10,415.0
West,1,2x8,20,2025-01-17,415.0
West,1,2x8,20,2025-01-24,405.0
West,1,2x8,20,2025-01-31,400.0
West,1,2x8,20,2025-02-07,400.0
West,1,2x8,20,2025-02-14,400.0
West,1,2x8,20,2025-02-21,400.0
West,1,2x8,20,2025-02-28,400.0
West,1,2x8,20,2025-03-07,400.0
West,1,2x8,20,2025-03-14,400.0
West,1,2x8,20,2025-03-21,400.0
West,1,2x8,20,2025-03-28,410.0
West,1,2x8,20,2025-04-04,410.0
West,1,2x8,20,2025-04-11,415.0
West,1,2x8,20,2025-04-18,420.0
West,1,2x8,20,2025-04-25,425.0
West,1,2x8,20,2025-05-02,425.0
West,1,2x8,20,2025-05-09,420.0
West,1,2x8,20,2025-05-16,410.0
West,1,2x8,20,2025-05-23,390.0
West,1,2x8,20,2025-05-30,375.0
West,1,2x8,20,2025-06-06,355.0
West,1,2x8,20,2025-06-13,350.0
West,1,2x8,20,2025-06-19,345.0
West,1,2x8,20,2025-06-27,330.0
West,1,2x8,20,2025-07-03,335.0
West,1,2x8,20,2025-07-11,340.0
West,1,2x8,20,2025-07-18,345.0
West,1,2x8,20,2025-07-25,345.0
West,1,2x8,20,2025-08-01,345.0
West,1,2x8,20,2025-08-08,345.0
West,1,2x8,20,2025-08-15,340.0
West,1,2x8,20,2025-08-22,330.0
West,1,2x8,20,2025-08-29,320.0
West,1,2x8,20,2025-09-05,310.0
West,1,2x8,20,2025-09-12,300.0
West,1,2x8,20,2025-09-19,300.0
West,1,2x8,20,2025-09-26,305.0
West,1,2x8,20,2025-10-03,310.0
West,1,2x8,20,2025-10-10,315.0
West,1,2x8,20,2025-10-17,320.0
West,2,2x10,8,2024-01-12,275.0
West,2,2x10,8,2024-01-18,265.0
West,2,2x10,8,2024-01-25,255.0
West,2,2x10,8,2024-02-08,240.0
West,2,2x10,8,2024-02-15,240.0
West,2,2x10,8,2024-02-22,240.0
West,2,2x10,8,2024-02-29,245.0
West,2,2x10,8,2024-03-07,250.0
West,2,2x10,8,2024-03-14,250.0
West,2,2x10,8,2024-03-21,250.0
West,2,2x10,8,2024-03-28,250.0
West,2,2x10,8,2024-04-04,250.0
West,2,2x10,8,2024-04-11,250.0
West,2,2x10,8,2024-04-18,250.0
West,2,2x10,8,2024-04-25,260.0
West,2,2x10,8,2024-05-02,270.0
West,2,2x10,8,2024-05-09,280.0
West,2,2x10,8,2024-05-16,295.0
West,2,2x10,8,2024-05-30,330.0
West,2,2x10,8,2024-06-06,340.0
West,2,2x10,8,2024-06-13,350.0
West,2,2x10,8,2024-06-20,350.0
West,2,2x10,8,2024-06-27,345.0
West,2,2x10,8,2024-07-04,345.0
West,2,2x10,8,2024-07-11,340.0
West,2,2x10,8,2024-07-18,340.0
West,2,2x10,8,2024-07-25,345.0
West,2,2x10,8,2024-08-01,345.0
West,2,2x10,8,2024-08-08,345.0
West,2,2x10,8,2024-08-15,340.0
West,2,2x10,8,2024-08-22,330.0
West,2,2x10,8,2024-08-29,320.0
West,2,2x10,8,2024-09-05,305.0
West,2,2x10,8,2024-09-12,295.0
West,2,2x10,8,2024-09-20,285.0
West,2,2x10,8,2024-09-26,285.0
West,2,2x10,8,2024-09-27,275.0
West,2,2x10,8,2024-10-04,270.0
West,2,2x10,8,2024-10-11,270.0
West,2,2x10,8,2024-10-18,270.0
West,2,2x10,8,2024-10-25,275.0
West,2,2x10,8,2024-11-01,280.0
West,2,2x10,8,2024-11-08,280.0
West,2,2x10,8,2024-11-15,275.0
West,2,2x10,8,2024-11-22,270.0
West,2,2x10,8,2024-11-27,265.0
West,2,2x10,8,2024-12-06,255.0
West,2,2x10,8,2024-12-13,255.0
West,2,2x10,8,2024-12-20,265.0
West,2,2x10,8,2025-01-03,280.0
West,2,2x10,8,2025-01-10,285.0
West,2,2x10,8,2025-01-17,285.0
West,2,2x10,8,2025-01-24,280.0
West,2,2x10,8,2025-01-31,275.0
West,2,2x10,8,2025-02-07,275.0
West,2,2x10,8,2025-02-14,275.0
West,2,2x10,8,2025-02-21,275.0
West,2,2x10,8,2025-02-28,275.0
West,2,2x10,8,2025-03-07,275.0
West,2,2x10,8,2025-03-14,275.0
West,2,2x10,8,2025-03-21,285.0
West,2,2x10,8,2025-03-28,295.0
West,2,2x10,8,2025-04-04,315.0
West,2,2x10,8,2025-04-11,335.0
West,2,2x10,8,2025-04-18,365.0
West,2,2x10,8,2025-04-25,390.0
West,2,2x10,8,2025-05-02,400.0
West,2,2x10,8,2025-05-09,400.0
West,2,2x10,8,2025-05-16,395.0
West,2,2x10,8,2025-05-23,380.0
West,2,2x10,8,2025-05-30,370.0
West,2,2x10,8,2025-06-06,345.0
West,2,2x10,8,2025-06-13,330.0
West,2,2x10,8,2025-06-19,310.0
West,2,2x10,8,2025-06-27,285.0
West,2,2x10,8,2025-07-03,285.0
West,2,2x10,8,2025-07-11,285.0
West,2,2x10,8,2025-07-18,285.0
West,2,2x10,8,2025-07-25,285.0
West,2,2x10,8,2025-08-01,285.0
West,2,2x10,8,2025-08-08,285.0
West,2,2x10,8,2025-08-15,275.0
West,2,2x10,8,2025-08-22,265.0
West,2,2x10,8,2025-08-29,250.0
West,2,2x10,8,2025-09-05,245.0
West,2,2x10,8,2025-09-12,240.0
West,2,2x10,8,2025-09-19,235.0
West,2,2x10,8,2025-09-26,235.0
West,2,2x10,8,2025-10-03,235.0
West,2,2x10,8,2025-10-10,235.0
West,2,2x10,8,2025-10-17,235.0
West,2,2x10,10,2024-01-12,295.0
West,2,2x10,10,2024-01-18,285.0
West,2,2x10,10,2024-01-25,275.0
West,2,2x10,10,2024-02-08,260.0
West,2,2x10,10,2024-02-15,260.0
West,2,2x10,10,2024-02-22,260.0
West,2,2x10,10,2024-02-29,270.0
West,2,2x10,10,2024-03-07,275.0
West,2,2x10,10,2024-03-14,275.0
West,2,2x10,10,2024-03-21,275.0
West,2,2x10,10,2024-03-28,275.0
West,2,2x10,10,2024-04-04,275.0
West,2,2x10,10,2024-04-11,275.0
West,2,2x10,10,2024-04-18,275.0
West,2,2x10,10,2024-04-25,285.0
West,2,2x10,10,2024-05-02,295.0
West,2,2x10,10,2024-05-09,305.0
West,2,2x10,10,2024-05-16,320.0
West,2,2x10,10,2024-05-30,355.0
West,2,2x10,10,2024-06-06,365.0
West,2,2x10,10,2024-06-13,370.0
West,2,2x10,10,2024-06-20,370.0
West,2,2x10,10,2024-06-27,365.0
West,2,2x10,10,2024-07-04,365.0
West,2,2x10,10,2024-07-11,360.0
West,2,2x10,10,2024-07-18,360.0
West,2,2x10,10,2024-07-25,365.0
West,2,2x10,10,2024-08-01,365.0
West,2,2x10,10,2024-08-08,365.0
West,2,2x10,10,2024-08-15,360.0
West,2,2x10,10,2024-08-22,350.0
West,2,2x10,10,2024-08-29,335.0
West,2,2x10,10,2024-09-05,320.0
West,2,2x10,10,2024-09-12,310.0
West,2,2x10,10,2024-09-20,300.0
West,2,2x10,10,2024-09-26,300.0
West,2,2x10,10,2024-09-27,290.0
West,2,2x10,10,2024-10-04,285.0
West,2,2x10,10,2024-10-11,280.0
West,2,2x10,10,2024-10-18,280.0
West,2,2x10,10,2024-10-25,280.0
West,2,2x10,10,2024-11-01,285.0
West,2,2x10,10,2024-11-08,285.0
West,2,2x10,10,2024-11-15,280.0
West,2,2x10,10,2024-11-22,275.0
West,2,2x10,10,2024-11-27,270.0
West,2,2x10,10,2024-12-06,260.0
West,2,2x10,10,2024-12-13,260.0
West,2,2x10,10,2024-12-20,270.0
West,2,2x10,10,2025-01-03,285.0
West,2,2x10,10,2025-01-10,290.0
West,2,2x10,10,2025-01-17,290.0
West,2,2x10,10,2025-01-24,285.0
West,2,2x10,10,2025-01-31,280.0
West,2,2x10,10,2025-02-07,280.0
West,2,2x10,10,2025-02-14,280.0
West,2,2x10,10,2025-02-21,280.0
West,2,2x10,10,2025-02-28,280.0
West,2,2x10,10,2025-03-07,280.0
West,2,2x10,10,2025-03-14,280.0
West,2,2x10,10,2025-03-21,290.0
West,2,2x10,10,2025-03-28,300.0
West,2,2x10,10,2025-04-04,320.0
West,2,2x10,10,2025-04-11,340.0
West,2,2x10,10,2025-04-18,370.0
West,2,2x10,10,2025-04-25,395.0
West,2,2x10,10,2025-05-02,405.0
West,2,2x10,10,2025-05-09,405.0
West,2,2x10,10,2025-05-16,400.0
West,2,2x10,10,2025-05-23,385.0
West,2,2x10,10,2025-05-30,375.0
West,2,2x10,10,2025-06-06,350.0
West,2,2x10,10,2025-06-13,335.0
West,2,2x10,10,2025-06-19,315.0
West,2,2x10,10,2025-06-27,290.0
West,2,2x10,10,2025-07-03,290.0
West,2,2x10,10,2025-07-11,290.0
West,2,2x10,10,2025-07-18,290.0
West,2,2x10,10,2025-07-25,290.0
West,2,2x10,10,2025-08-01,290.0
West,2,2x10,10,2025-08-08,290.0
West,2,2x10,10,2025-08-15,280.0
West,2,2x10,10,2025-08-22,270.0
West,2,2x10,10,2025-08-29,255.0
West,2,2x10,10,2025-09-05,250.0
West,2,2x10,10,2025-09-12,245.0
West,2,2x10,10,2025-09-19,240.0
West,2,2x10,10,2025-09-26,240.0
West,2,2x10,10,2025-10-03,240.0
West,2,2x10,10,2025-10-10,240.0
West,2,2x10,10,2025-10-17,240.0
West,2,2x10,12,2024-01-12,300.0
West,2,2x10,12,2024-01-18,290.0
West,2,2x10,12,2024-01-25,280.0
West,2,2x10,12,2024-02-08,265.0
West,2,2x10,12,2024-02-15,265.0
West,2,2x10,12,2024-02-22,270.0
West,2,2x10,12,2024-02-29,280.0
West,2,2x10,12,2024-03-07,285.0
West,2,2x10,12,2024-03-14,285.0
West,2,2x10,12,2024-03-21,285.0
West,2,2x10,12,2024-03-28,285.0
West,2,2x10,12,2024-04-04,285.0
West,2,2x10,12,2024-04-11,285.0
West,2,2x10,12,2024-04-18,285.0
West,2,2x10,12,2024-04-25,295.0
West,2,2x10,12,2024-05-02,305.0
West,2,2x10,12,2024-05-09,315.0
West,2,2x10,12,2024-05-16,330.0
West,2,2x10,12,2024-05-30,365.0
West,2,2x10,12,2024-06-06,370.0
West,2,2x10,12,2024-06-13,375.0
West,2,2x10,12,2024-06-20,375.0
West,2,2x10,12,2024-06-27,370.0
West,2,2x10,12,2024-07-04,370.0
West,2,2x10,12,2024-07-11,365.0
West,2,2x10,12,2024-07-18,365.0
West,2,2x10,12,2024-07-25,370.0
West,2,2x10,12,2024-08-01,370.0
West,2,2x10,12,2024-08-08,370.0
West,2,2x10,12,2024-08-15,365.0
West,2,2x10,12,2024-08-22,355.0
West,2,2x10,12,2024-08-29,340.0
West,2,2x10,12,2024-09-05,325.0
West,2,2x10,12,2024-09-12,315.0
West,2,2x10,12,2024-09-20,305.0
West,2,2x10,12,2024-09-26,305.0
West,2,2x10,12,2024-09-27,295.0
West,2,2x10,12,2024-10-04,290.0
West,2,2x10,12,2024-10-11,285.0
West,2,2x10,12,2024-10-18,285.0
West,2,2x10,12,2024-10-25,285.0
West,2,2x10,12,2024-11-01,285.0
West,2,2x10,12,2024-11-08,285.0
West,2,2x10,12,2024-11-15,280.0
West,2,2x10,12,2024-11-22,275.0
West,2,2x10,12,2024-11-27,270.0
West,2,2x10,12,2024-12-06,260.0
West,2,2x10,12,2024-12-13,260.0
West,2,2x10,12,2024-12-20,270.0
West,2,2x10,12,2025-01-03,285.0
West,2,2x10,12,2025-01-10,290.0
West,2,2x10,12,2025-01-17,290.0
West,2,2x10,12,2025-01-24,285.0
West,2,2x10,12,2025-01-31,280.0
West,2,2x10,12,2025-02-07,280.0
West,2,2x10,12,2025-02-14,280.0
West,2,2x10,12,2025-02-21,280.0
West,2,2x10,12,2025-02-28,280.0
West,2,2x10,12,2025-03-07,280.0
West,2,2x10,12,2025-03-14,280.0
West,2,2x10,12,2025-03-21,290.0
West,2,2x10,12,2025-03-28,300.0
West,2,2x10,12,2025-04-04,320.0
West,2,2x10,12,2025-04-11,340.0
West,2,2x10,12,2025-04-18,370.0
West,2,2x10,12,2025-04-25,395.0
West,2,2x10,12,2025-05-02,405.0
West,2,2x10,12,2025-05-09,405.0
West,2,2x10,12,2025-05-16,400.0
West,2,2x10,12,2025-05-23,385.0
West,2,2x10,12,2025-05-30,375.0
West,2,2x10,12,2025-06-06,350.0
West,2,2x10,12,2025-06-13,335.0
West,2,2x10,12,2025-06-19,315.0
West,2,2x10,12,2025-06-27,290.0
West,2,2x10,12,2025-07-03,290.0
West,2,2x10,12,2025-07-11,290.0
West,2,2x10,12,2025-07-18,290.0
West,2,2x10,12,2025-07-25,290.0
West,2,2x10,12,2025-08-01,290.0
West,2,2x10,12,2025-08-08,290.0
West,2,2x10,12,2025-08-15,280.0
West,2,2x10,12,2025-08-22,270.0
West,2,2x10,12,2025-08-29,255.0
West,2,2x10,12,2025-09-05,250.0
West,2,2x10,12,2025-09-12,245.0
West,2,2x10,12,2025-09-19,240.0
West,2,2x10,12,2025-09-26,245.0
West,2,2x10,12,2025-10-03,245.0
West,2,2x10,12,2025-10-10,245.0
West,2,2x10,12,2025-10-17,245.0
West,2,2x10,14,2024-01-12,310.0
West,2,2x10,14,2024-01-18,300.0
West,2,2x10,14,2024-01-25,290.0
West,2,2x10,14,2024-02-08,275.0
West,2,2x10,14,2024-02-15,275.0
West,2,2x10,14,2024-02-22,275.0
West,2,2x10,14,2024-02-29,285.0
West,2,2x10,14,2024-03-07,290.0
West,2,2x10,14,2024-03-14,290.0
West,2,2x10,14,2024-03-21,290.0
West,2,2x10,14,2024-03-28,290.0
West,2,2x10,14,2024-04-04,290.0
West,2,2x10,14,2024-04-11,290.0
West,2,2x10,14,2024-04-18,290.0
West,2,2x10,14,2024-04-25,300.0
West,2,2x10,14,2024-05-02,310.0
West,2,2x10,14,2024-05-09,320.0
West,2,2x10,14,2024-05-16,335.0
West,2,2x10,14,2024-05-30,370.0
West,2,2x10,14,2024-06-06,370.0
West,2,2x10,14,2024-06-13,370.0
West,2,2x10,14,2024-06-20,370.0
West,2,2x10,14,2024-06-27,365.0
West,2,2x10,14,2024-07-04,365.0
West,2,2x10,14,2024-07-11,360.0
West,2,2x10,14,2024-07-18,360.0
West,2,2x10,14,2024-07-25,365.0
West,2,2x10,14,2024-08-01,365.0
West,2,2x10,14,2024-08-08,365.0
West,2,2x10,14,2024-08-15,360.0
West,2,2x10,14,2024-08-22,350.0
West,2,2x10,14,2024-08-29,335.0
West,2,2x10,14,2024-09-05,320.0
West,2,2x10,14,2024-09-12,310.0
West,2,2x10,14,2024-09-20,300.0
West,2,2x10,14,2024-09-26,300.0
West,2,2x10,14,2024-09-27,290.0
West,2,2x10,14,2024-10-04,285.0
West,2,2x10,14,2024-10-11,280.0
West,2,2x10,14,2024-10-18,280.0
West,2,2x10,14,2024-10-25,285.0
West,2,2x10,14,2024-11-01,290.0
West,2,2x10,14,2024-11-08,290.0
West,2,2x10,14,2024-11-15,285.0
West,2,2x10,14,2024-11-22,280.0
West,2,2x10,14,2024-11-27,275.0
West,2,2x10,14,2024-12-06,265.0
West,2,2x10,14,2024-12-13,265.0
West,2,2x10,14,2024-12-20,275.0
West,2,2x10,14,2025-01-03,290.0
West,2,2x10,14,2025-01-10,295.0
West,2,2x10,14,2025-01-17,295.0
West,2,2x10,14,2025-01-24,290.0
West,2,2x10,14,2025-01-31,285.0
West,2,2x10,14,2025-02-07,285.0
West,2,2x10,14,2025-02-14,285.0
West,2,2x10,14,2025-02-21,285.0
West,2,2x10,14,2025-02-28,285.0
West,2,2x10,14,2025-03-07,285.0
West,2,2x10,14,2025-03-14,285.0
West,2,2x10,14,2025-03-21,295.0
West,2,2x10,14,2025-03-28,305.0
West,2,2x10,14,2025-04-04,325.0
West,2,2x10,14,2025-04-11,345.0
West,2,2x10,14,2025-04-18,375.0
West,2,2x10,14,2025-04-25,400.0
West,2,2x10,14,2025-05-02,410.0
West,2,2x10,14,2025-05-09,410.0
West,2,2x10,14,2025-05-16,405.0
West,2,2x10,14,2025-05-23,390.0
West,2,2x10,14,2025-05-30,380.0
West,2,2x10,14,2025-06-06,350.0
West,2,2x10,14,2025-06-13,340.0
West,2,2x10,14,2025-06-19,320.0
West,2,2x10,14,2025-06-27,290.0
West,2,2x10,14,2025-07-03,290.0
West,2,2x10,14,2025-07-11,290.0
West,2,2x10,14,2025-07-18,290.0
West,2,2x10,14,2025-07-25,290.0
West,2,2x10,14,2025-08-01,290.0
West,2,2x10,14,2025-08-08,290.0
West,2,2x10,14,2025-08-15,280.0
West,2,2x10,14,2025-08-22,270.0
West,2,2x10,14,2025-08-29,250.0
West,2,2x10,14,2025-09-05,245.0
West,2,2x10,14,2025-09-12,240.0
West,2,2x10,14,2025-09-19,240.0
West,2,2x10,14,2025-09-26,240.0
West,2,2x10,14,2025-10-03,245.0
West,2,2x10,14,2025-10-10,240.0
West,2,2x10,14,2025-10-17,240.0
West,2,2x10,16,2024-01-12,310.0
West,2,2x10,16,2024-01-18,300.0
West,2,2x10,16,2024-01-25,290.0
West,2,2x10,16,2024-02-08,275.0
West,2,2x10,16,2024-02-15,275.0
West,2,2x10,16,2024-02-22,275.0
West,2,2x10,16,2024-02-29,285.0
West,2,2x10,16,2024-03-07,290.0
West,2,2x10,16,2024-03-14,290.0
West,2,2x10,16,2024-03-21,290.0
West,2,2x10,16,2024-03-28,290.0
West,2,2x10,16,2024-04-04,290.0
West,2,2x10,16,2024-04-11,290.0
West,2,2x10,16,2024-04-18,290.0
West,2,2x10,16,2024-04-25,300.0
West,2,2x10,16,2024-05-02,310.0
West,2,2x10,16,2024-05-09,320.0
West,2,2x10,16,2024-05-16,335.0
West,2,2x10,16,2024-05-30,370.0
West,2,2x10,16,2024-06-06,375.0
West,2,2x10,16,2024-06-13,380.0
West,2,2x10,16,2024-06-20,380.0
West,2,2x10,16,2024-06-27,375.0
West,2,2x10,16,2024-07-04,375.0
West,2,2x10,16,2024-07-11,370.0
West,2,2x10,16,2024-07-18,370.0
West,2,2x10,16,2024-07-25,375.0
West,2,2x10,16,2024-08-01,375.0
West,2,2x10,16,2024-08-08,375.0
West,2,2x10,16,2024-08-15,370.0
West,2,2x10,16,2024-08-22,360.0
West,2,2x10,16,2024-08-29,350.0
West,2,2x10,16,2024-09-05,335.0
West,2,2x10,16,2024-09-12,325.0
West,2,2x10,16,2024-09-20,315.0
West,2,2x10,16,2024-09-26,315.0
West,2,2x10,16,2024-09-27,305.0
West,2,2x10,16,2024-10-04,300.0
West,2,2x10,16,2024-10-11,295.0
West,2,2x10,16,2024-10-18,295.0
West,2,2x10,16,2024-10-25,300.0
West,2,2x10,16,2024-11-01,305.0
West,2,2x10,16,2024-11-08,305.0
West,2,2x10,16,2024-11-15,300.0
West,2,2x10,16,2024-11-22,295.0
West,2,2x10,16,2024-11-27,290.0
West,2,2x10,16,2024-12-06,280.0
West,2,2x10,16,2024-12-13,280.0
West,2,2x10,16,2024-12-20,290.0
West,2,2x10,16,2025-01-03,305.0
West,2,2x10,16,2025-01-10,310.0
West,2,2x10,16,2025-01-17,310.0
West,2,2x10,16,2025-01-24,305.0
West,2,2x10,16,2025-01-31,300.0
West,2,2x10,16,2025-02-07,300.0
West,2,2x10,16,2025-02-14,300.0
West,2,2x10,16,2025-02-21,300.0
West,2,2x10,16,2025-02-28,300.0
West,2,2x10,16,2025-03-07,300.0
West,2,2x10,16,2025-03-14,300.0
West,2,2x10,16,2025-03-21,310.0
West,2,2x10,16,2025-03-28,320.0
West,2,2x10,16,2025-04-04,340.0
West,2,2x10,16,2025-04-11,360.0
West,2,2x10,16,2025-04-18,390.0
West,2,2x10,16,2025-04-25,415.0
West,2,2x10,16,2025-05-02,425.0
West,2,2x10,16,2025-05-09,425.0
West,2,2x10,16,2025-05-16,420.0
West,2,2x10,16,2025-05-23,405.0
West,2,2x10,16,2025-05-30,395.0
West,2,2x10,16,2025-06-06,365.0
West,2,2x10,16,2025-06-13,350.0
West,2,2x10,16,2025-06-19,330.0
West,2,2x10,16,2025-06-27,310.0
West,2,2x10,16,2025-07-03,310.0
West,2,2x10,16,2025-07-11,310.0
West,2,2x10,16,2025-07-18,310.0
West,2,2x10,16,2025-07-25,310.0
West,2,2x10,16,2025-08-01,310.0
West,2,2x10,16,2025-08-08,310.0
West,2,2x10,16,2025-08-15,300.0
West,2,2x10,16,2025-08-22,290.0
West,2,2x10,16,2025-08-29,270.0
West,2,2x10,16,2025-09-05,265.0
West,2,2x10,16,2025-09-12,260.0
West,2,2x10,16,2025-09-19,260.0
West,2,2x10,16,2025-09-26,260.0
West,2,2x10,16,2025-10-03,260.0
West,2,2x10,16,2025-10-10,260.0
West,2,2x10,16,2025-10-17,260.0
West,2,2x10,18,2024-01-12,245.0
West,2,2x10,18,2024-01-18,235.0
West,2,2x10,18,2024-01-25,225.0
West,2,2x10,18,2024-02-08,210.0
West,2,2x10,18,2024-02-15,210.0
West,2,2x10,18,2024-02-22,210.0
West,2,2x10,18,2024-02-29,220.0
West,2,2x10,18,2024-03-07,225.0
West,2,2x10,18,2024-03-14,225.0
West,2,2x10,18,2024-03-21,225.0
West,2,2x10,18,2024-03-28,225.0
West,2,2x10,18,2024-04-04,225.0
West,2,2x10,18,2024-04-11,225.0
West,2,2x10,18,2024-04-18,225.0
West,2,2x10,18,2024-04-25,235.0
West,2,2x10,18,2024-05-02,245.0
West,2,2x10,18,2024-05-09,255.0
West,2,2x10,18,2024-05-16,270.0
West,2,2x10,18,2024-05-30,305.0
West,2,2x10,18,2024-06-06,310.0
West,2,2x10,18,2024-06-13,310.0
West,2,2x10,18,2024-06-20,310.0
West,2,2x10,18,2024-06-27,305.0
West,2,2x10,18,2024-07-04,305.0
West,2,2x10,18,2024-07-11,300.0
West,2,2x10,18,2024-07-18,300.0
West,2,2x10,18,2024-07-25,305.0
West,2,2x10,18,2024-08-01,305.0
West,2,2x10,18,2024-08-08,305.0
West,2,2x10,18,2024-08-15,300.0
West,2,2x10,18,2024-08-22,290.0
West,2,2x10,18,2024-08-29,280.0
West,2,2x10,18,2024-09-05,265.0
West,2,2x10,18,2024-09-12,255.0
West,2,2x10,18,2024-09-20,245.0
West,2,2x10,18,2024-09-26,245.0
West,2,2x10,18,2024-09-27,235.0
West,2,2x10,18,2024-10-04,230.0
West,2,2x10,18,2024-10-11,225.0
West,2,2x10,18,2024-10-18,225.0
West,2,2x10,18,2024-10-25,230.0
West,2,2x10,18,2024-11-01,230.0
West,2,2x10,18,2024-11-08,230.0
West,2,2x10,18,2024-11-15,225.0
West,2,2x10,18,2024-11-22,220.0
West,2,2x10,18,2024-11-27,215.0
West,2,2x10,18,2024-12-06,205.0
West,2,2x10,18,2024-12-13,205.0
West,2,2x10,18,2024-12-20,215.0
West,2,2x10,18,2025-01-03,230.0
West,2,2x10,18,2025-01-10,235.0
West,2,2x10,18,2025-01-17,235.0
West,2,2x10,18,2025-01-24,230.0
West,2,2x10,18,2025-01-31,225.0
West,2,2x10,18,2025-02-07,235.0
West,2,2x10,18,2025-02-14,235.0
West,2,2x10,18,2025-02-21,235.0
West,2,2x10,18,2025-02-28,235.0
West,2,2x10,18,2025-03-07,235.0
West,2,2x10,18,2025-03-14,235.0
West,2,2x10,18,2025-03-21,245.0
West,2,2x10,18,2025-03-28,255.0
West,2,2x10,18,2025-04-04,275.0
West,2,2x10,18,2025-04-11,295.0
West,2,2x10,18,2025-04-18,325.0
West,2,2x10,18,2025-04-25,350.0
West,2,2x10,18,2025-05-02,360.0
West,2,2x10,18,2025-05-09,360.0
West,2,2x10,18,2025-05-16,355.0
West,2,2x10,18,2025-05-23,340.0
West,2,2x10,18,2025-05-30,330.0
West,2,2x10,18,2025-06-06,305.0
West,2,2x10,18,2025-06-13,295.0
West,2,2x10,18,2025-06-19,275.0
West,2,2x10,18,2025-06-27,250.0
West,2,2x10,18,2025-07-03,250.0
West,2,2x10,18,2025-07-11,250.0
West,2,2x10,18,2025-07-18,250.0
West,2,2x10,18,2025-07-25,250.0
West,2,2x10,18,2025-08-01,250.0
West,2,2x10,18,2025-08-08,250.0
West,2,2x10,18,2025-08-15,240.0
West,2,2x10,18,2025-08-22,230.0
West,2,2x10,18,2025-08-29,215.0
West,2,2x10,18,2025-09-05,210.0
West,2,2x10,18,2025-09-12,205.0
West,2,2x10,18,2025-09-19,205.0
West,2,2x10,18,2025-09-26,205.0
West,2,2x10,18,2025-10-03,205.0
West,2,2x10,18,2025-10-10,205.0
West,2,2x10,18,2025-10-17,205.0
West,2,2x10,20,2024-01-12,285.0
West,2,2x10,20,2024-01-18,275.0
West,2,2x10,20,2024-01-25,265.0
West,2,2x10,20,2024-02-08,250.0
West,2,2x10,20,2024-02-15,250.0
West,2,2x10,20,2024-02-22,250.0
West,2,2x10,20,2024-02-29,260.0
West,2,2x10,20,2024-03-07,265.0
West,2,2x10,20,2024-03-14,265.0
West,2,2x10,20,2024-03-21,265.0
West,2,2x10,20,2024-03-28,265.0
West,2,2x10,20,2024-04-04,265.0
West,2,2x10,20,2024-04-11,265.0
West,2,2x10,20,2024-04-18,265.0
West,2,2x10,20,2024-04-25,275.0
West,2,2x10,20,2024-05-02,285.0
West,2,2x10,20,2024-05-09,295.0
West,2,2x10,20,2024-05-16,310.0
West,2,2x10,20,2024-05-30,345.0
West,2,2x10,20,2024-06-06,350.0
West,2,2x10,20,2024-06-13,360.0
West,2,2x10,20,2024-06-20,360.0
West,2,2x10,20,2024-06-27,355.0
West,2,2x10,20,2024-07-04,355.0
West,2,2x10,20,2024-07-11,350.0
West,2,2x10,20,2024-07-18,350.0
West,2,2x10,20,2024-07-25,355.0
West,2,2x10,20,2024-08-01,355.0
West,2,2x10,20,2024-08-08,355.0
West,2,2x10,20,2024-08-15,350.0
West,2,2x10,20,2024-08-22,340.0
West,2,2x10,20,2024-08-29,325.0
West,2,2x10,20,2024-09-05,310.0
West,2,2x10,20,2024-09-12,300.0
West,2,2x10,20,2024-09-20,290.0
West,2,2x10,20,2024-09-26,290.0
West,2,2x10,20,2024-09-27,280.0
West,2,2x10,20,2024-10-04,275.0
West,2,2x10,20,2024-10-11,270.0
West,2,2x10,20,2024-10-18,270.0
West,2,2x10,20,2024-10-25,275.0
West,2,2x10,20,2024-11-01,275.0
West,2,2x10,20,2024-11-08,275.0
West,2,2x10,20,2024-11-15,270.0
West,2,2x10,20,2024-11-22,265.0
West,2,2x10,20,2024-11-27,260.0
West,2,2x10,20,2024-12-06,250.0
West,2,2x10,20,2024-12-13,250.0
West,2,2x10,20,2024-12-20,260.0
West,2,2x10,20,2025-01-03,275.0
West,2,2x10,20,2025-01-10,280.0
West,2,2x10,20,2025-01-17,280.0
West,2,2x10,20,2025-01-24,275.0
West,2,2x10,20,2025-01-31,270.0
West,2,2x10,20,2025-02-07,270.0
West,2,2x10,20,2025-02-14,270.0
West,2,2x10,20,2025-02-21,270.0
West,2,2x10,20,2025-02-28,270.0
West,2,2x10,20,2025-03-07,270.0
West,2,2x10,20,2025-03-14,270.0
West,2,2x10,20,2025-03-21,280.0
West,2,2x10,20,2025-03-28,290.0
West,2,2x10,20,2025-04-04,310.0
West,2,2x10,20,2025-04-11,330.0
West,2,2x10,20,2025-04-18,360.0
West,2,2x10,20,2025-04-25,385.0
West,2,2x10,20,2025-05-02,395.0
West,2,2x10,20,2025-05-09,395.0
West,2,2x10,20,2025-05-16,390.0
West,2,2x10,20,2025-05-23,375.0
West,2,2x10,20,2025-05-30,365.0
West,2,2x10,20,2025-06-06,335.0
West,2,2x10,20,2025-06-13,325.0
West,2,2x10,20,2025-06-19,305.0
West,2,2x10,20,2025-06-27,275.0
West,2,2x10,20,2025-07-03,275.0
West,2,2x10,20,2025-07-11,275.0
West,2,2x10,20,2025-07-18,275.0
West,2,2x10,20,2025-07-25,275.0
West,2,2x10,20,2025-08-01,275.0
West,2,2x10,20,2025-08-08,275.0
West,2,2x10,20,2025-08-15,265.0
West,2,2x10,20,2025-08-22,255.0
West,2,2x10,20,2025-08-29,240.0
West,2,2x10,20,2025-09-05,235.0
West,2,2x10,20,2025-09-12,230.0
West,2,2x10,20,2025-09-19,225.0
West,2,2x10,20,2025-09-26,225.0
West,2,2x10,20,2025-10-03,225.0
West,2,2x10,20,2025-10-10,225.0
West,2,2x10,20,2025-10-17,225.0
West,2,2x12,8,2024-01-12,410.0
West,2,2x12,8,2024-01-18,420.0
West,2,2x12,8,2024-01-25,425.0
West,2,2x12,8,2024-02-08,450.0
West,2,2x12,8,2024-02-15,470.0
West,2,2x12,8,2024-02-22,490.0
West,2,2x12,8,2024-02-29,515.0
West,2,2x12,8,2024-03-07,530.0
West,2,2x12,8,2024-03-14,540.0
West,2,2x12,8,2024-03-21,545.0
West,2,2x12,8,2024-03-28,545.0
West,2,2x12,8,2024-04-04,525.0
West,2,2x12,8,2024-04-11,500.0
West,2,2x12,8,2024-04-18,470.0
West,2,2x12,8,2024-04-25,440.0
West,2,2x12,8,2024-05-02,410.0
West,2,2x12,8,2024-05-09,380.0
West,2,2x12,8,2024-05-16,370.0
West,2,2x12,8,2024-05-30,370.0
West,2,2x12,8,2024-06-06,370.0
West,2,2x12,8,2024-06-13,380.0
West,2,2x12,8,2024-06-20,375.0
West,2,2x12,8,2024-06-27,365.0
West,2,2x12,8,2024-07-04,365.0
West,2,2x12,8,2024-07-11,360.0
West,2,2x12,8,2024-07-18,365.0
West,2,2x12,8,2024-07-25,365.0
West,2,2x12,8,2024-08-01,370.0
West,2,2x12,8,2024-08-08,375.0
West,2,2x12,8,2024-08-15,385.0
West,2,2x12,8,2024-08-22,395.0
West,2,2x12,8,2024-08-29,405.0
West,2,2x12,8,2024-09-05,415.0
West,2,2x12,8,2024-09-12,425.0
West,2,2x12,8,2024-09-20,425.0
West,2,2x12,8,2024-09-26,425.0
West,2,2x12,8,2024-09-27,235.0
West,2,2x12,8,2024-10-04,440.0
West,2,2x12,8,2024-10-11,470.0
West,2,2x12,8,2024-10-18,490.0
West,2,2x12,8,2024-10-25,500.0
West,2,2x12,8,2024-11-01,505.0
West,2,2x12,8,2024-11-08,500.0
West,2,2x12,8,2024-11-15,480.0
West,2,2x12,8,2024-11-22,450.0
West,2,2x12,8,2024-11-27,430.0
West,2,2x12,8,2024-12-06,410.0
West,2,2x12,8,2024-12-13,390.0
West,2,2x12,8,2024-12-20,370.0
West,2,2x12,8,2025-01-03,360.0
West,2,2x12,8,2025-01-10,350.0
West,2,2x12,8,2025-01-17,340.0
West,2,2x12,8,2025-01-24,335.0
West,2,2x12,8,2025-01-31,330.0
West,2,2x12,8,2025-02-07,325.0
West,2,2x12,8,2025-02-14,325.0
West,2,2x12,8,2025-02-21,325.0
West,2,2x12,8,2025-02-28,325.0
West,2,2x12,8,2025-03-07,325.0
West,2,2x12,8,2025-03-14,325.0
West,2,2x12,8,2025-03-21,325.0
West,2,2x12,8,2025-03-28,330.0
West,2,2x12,8,2025-04-04,335.0
West,2,2x12,8,2025-04-11,340.0
West,2,2x12,8,2025-04-18,350.0
West,2,2x12,8,2025-04-25,355.0
West,2,2x12,8,2025-05-02,355.0
West,2,2x12,8,2025-05-09,355.0
West,2,2x12,8,2025-05-16,345.0
West,2,2x12,8,2025-05-23,330.0
West,2,2x12,8,2025-05-30,315.0
West,2,2x12,8,2025-06-06,305.0
West,2,2x12,8,2025-06-13,290.0
West,2,2x12,8,2025-06-19,270.0
West,2,2x12,8,2025-06-27,260.0
West,2,2x12,8,2025-07-03,260.0
West,2,2x12,8,2025-07-11,275.0
West,2,2x12,8,2025-07-18,280.0
West,2,2x12,8,2025-07-25,290.0
West,2,2x12,8,2025-08-01,300.0
West,2,2x12,8,2025-08-08,300.0
West,2,2x12,8,2025-08-15,295.0
West,2,2x12,8,2025-08-22,295.0
West,2,2x12,8,2025-08-29,290.0
West,2,2x12,8,2025-09-05,285.0
West,2,2x12,8,2025-09-12,285.0
West,2,2x12,8,2025-09-19,295.0
West,2,2x12,8,2025-09-26,300.0
West,2,2x12,8,2025-10-03,315.0
West,2,2x12,8,2025-10-10,315.0
West,2,2x12,8,2025-10-17,325.0
West,2,2x12,10,2024-01-12,465.0
West,2,2x12,10,2024-01-18,475.0
West,2,2x12,10,2024-01-25,480.0
West,2,2x12,10,2024-02-08,505.0
West,2,2x12,10,2024-02-15,525.0
West,2,2x12,10,2024-02-22,540.0
West,2,2x12,10,2024-02-29,565.0
West,2,2x12,10,2024-03-07,585.0
West,2,2x12,10,2024-03-14,605.0
West,2,2x12,10,2024-03-21,610.0
West,2,2x12,10,2024-03-28,610.0
West,2,2x12,10,2024-04-04,590.0
West,2,2x12,10,2024-04-11,565.0
West,2,2x12,10,2024-04-18,535.0
West,2,2x12,10,2024-04-25,505.0
West,2,2x12,10,2024-05-02,475.0
West,2,2x12,10,2024-05-09,445.0
West,2,2x12,10,2024-05-16,435.0
West,2,2x12,10,2024-05-30,435.0
West,2,2x12,10,2024-06-06,435.0
West,2,2x12,10,2024-06-13,435.0
West,2,2x12,10,2024-06-20,430.0
West,2,2x12,10,2024-06-27,420.0
West,2,2x12,10,2024-07-04,420.0
West,2,2x12,10,2024-07-11,415.0
West,2,2x12,10,2024-07-18,420.0
West,2,2x12,10,2024-07-25,420.0
West,2,2x12,10,2024-08-01,425.0
West,2,2x12,10,2024-08-08,430.0
West,2,2x12,10,2024-08-15,440.0
West,2,2x12,10,2024-08-22,450.0
West,2,2x12,10,2024-08-29,460.0
West,2,2x12,10,2024-09-05,470.0
West,2,2x12,10,2024-09-12,480.0
West,2,2x12,10,2024-09-20,480.0
West,2,2x12,10,2024-09-26,480.0
West,2,2x12,10,2024-09-27,490.0
West,2,2x12,10,2024-10-04,495.0
West,2,2x12,10,2024-10-11,510.0
West,2,2x12,10,2024-10-18,530.0
West,2,2x12,10,2024-10-25,540.0
West,2,2x12,10,2024-11-01,545.0
West,2,2x12,10,2024-11-08,540.0
West,2,2x12,10,2024-11-15,520.0
West,2,2x12,10,2024-11-22,500.0
West,2,2x12,10,2024-11-27,480.0
West,2,2x12,10,2024-12-06,460.0
West,2,2x12,10,2024-12-13,440.0
West,2,2x12,10,2024-12-20,420.0
West,2,2x12,10,2025-01-03,410.0
West,2,2x12,10,2025-01-10,400.0
West,2,2x12,10,2025-01-17,390.0
West,2,2x12,10,2025-01-24,385.0
West,2,2x12,10,2025-01-31,380.0
West,2,2x12,10,2025-02-07,375.0
West,2,2x12,10,2025-02-14,375.0
West,2,2x12,10,2025-02-21,375.0
West,2,2x12,10,2025-02-28,375.0
West,2,2x12,10,2025-03-07,375.0
West,2,2x12,10,2025-03-14,375.0
West,2,2x12,10,2025-03-21,375.0
West,2,2x12,10,2025-03-28,380.0
West,2,2x12,10,2025-04-04,385.0
West,2,2x12,10,2025-04-11,390.0
West,2,2x12,10,2025-04-18,400.0
West,2,2x12,10,2025-04-25,405.0
West,2,2x12,10,2025-05-02,405.0
West,2,2x12,10,2025-05-09,405.0
West,2,2x12,10,2025-05-16,395.0
West,2,2x12,10,2025-05-23,380.0
West,2,2x12,10,2025-05-30,365.0
West,2,2x12,10,2025-06-06,355.0
West,2,2x12,10,2025-06-13,340.0
West,2,2x12,10,2025-06-19,310.0
West,2,2x12,10,2025-06-27,300.0
West,2,2x12,10,2025-07-03,300.0
West,2,2x12,10,2025-07-11,310.0
West,2,2x12,10,2025-07-18,315.0
West,2,2x12,10,2025-07-25,325.0
West,2,2x12,10,2025-08-01,335.0
West,2,2x12,10,2025-08-08,340.0
West,2,2x12,10,2025-08-15,335.0
West,2,2x12,10,2025-08-22,335.0
West,2,2x12,10,2025-08-29,325.0
West,2,2x12,10,2025-09-05,310.0
West,2,2x12,10,2025-09-12,310.0
West,2,2x12,10,2025-09-19,320.0
West,2,2x12,10,2025-09-26,330.0
West,2,2x12,10,2025-10-03,345.0
West,2,2x12,10,2025-10-10,345.0
West,2,2x12,10,2025-10-17,355.0
West,2,2x12,12,2024-01-12,470.0
West,2,2x12,12,2024-01-18,480.0
West,2,2x12,12,2024-01-25,485.0
West,2,2x12,12,2024-02-08,510.0
West,2,2x12,12,2024-02-15,530.0
West,2,2x12,12,2024-02-22,545.0
West,2,2x12,12,2024-02-29,570.0
West,2,2x12,12,2024-03-07,590.0
West,2,2x12,12,2024-03-14,610.0
West,2,2x12,12,2024-03-21,615.0
West,2,2x12,12,2024-03-28,615.0
West,2,2x12,12,2024-04-04,595.0
West,2,2x12,12,2024-04-11,570.0
West,2,2x12,12,2024-04-18,540.0
West,2,2x12,12,2024-04-25,510.0
West,2,2x12,12,2024-05-02,480.0
West,2,2x12,12,2024-05-09,450.0
West,2,2x12,12,2024-05-16,440.0
West,2,2x12,12,2024-05-30,440.0
West,2,2x12,12,2024-06-06,440.0
West,2,2x12,12,2024-06-13,420.0
West,2,2x12,12,2024-06-20,415.0
West,2,2x12,12,2024-06-27,405.0
West,2,2x12,12,2024-07-04,395.0
West,2,2x12,12,2024-07-11,390.0
West,2,2x12,12,2024-07-18,395.0
West,2,2x12,12,2024-07-25,400.0
West,2,2x12,12,2024-08-01,405.0
West,2,2x12,12,2024-08-08,410.0
West,2,2x12,12,2024-08-15,420.0
West,2,2x12,12,2024-08-22,430.0
West,2,2x12,12,2024-08-29,440.0
West,2,2x12,12,2024-09-05,450.0
West,2,2x12,12,2024-09-12,460.0
West,2,2x12,12,2024-09-20,460.0
West,2,2x12,12,2024-09-26,460.0
West,2,2x12,12,2024-09-27,470.0
West,2,2x12,12,2024-10-04,475.0
West,2,2x12,12,2024-10-11,495.0
West,2,2x12,12,2024-10-18,515.0
West,2,2x12,12,2024-10-25,525.0
West,2,2x12,12,2024-11-01,525.0
West,2,2x12,12,2024-11-08,520.0
West,2,2x12,12,2024-11-15,500.0
West,2,2x12,12,2024-11-22,475.0
West,2,2x12,12,2024-11-27,455.0
West,2,2x12,12,2024-12-06,435.0
West,2,2x12,12,2024-12-13,425.0
West,2,2x12,12,2024-12-20,405.0
West,2,2x12,12,2025-01-03,395.0
West,2,2x12,12,2025-01-10,385.0
West,2,2x12,12,2025-01-17,375.0
West,2,2x12,12,2025-01-24,370.0
West,2,2x12,12,2025-01-31,365.0
West,2,2x12,12,2025-02-07,360.0
West,2,2x12,12,2025-02-14,360.0
West,2,2x12,12,2025-02-21,360.0
West,2,2x12,12,2025-02-28,360.0
West,2,2x12,12,2025-03-07,360.0
West,2,2x12,12,2025-03-14,360.0
West,2,2x12,12,2025-03-21,360.0
West,2,2x12,12,2025-03-28,365.0
West,2,2x12,12,2025-04-04,370.0
West,2,2x12,12,2025-04-11,375.0
West,2,2x12,12,2025-04-18,385.0
West,2,2x12,12,2025-04-25,390.0
West,2,2x12,12,2025-05-02,390.0
West,2,2x12,12,2025-05-09,390.0
West,2,2x12,12,2025-05-16,375.0
West,2,2x12,12,2025-05-23,360.0
West,2,2x12,12,2025-05-30,345.0
West,2,2x12,12,2025-06-06,320.0
West,2,2x12,12,2025-06-13,305.0
West,2,2x12,12,2025-06-19,285.0
West,2,2x12,12,2025-06-27,275.0
West,2,2x12,12,2025-07-03,275.0
West,2,2x12,12,2025-07-11,295.0
West,2,2x12,12,2025-07-18,300.0
West,2,2x12,12,2025-07-25,315.0
West,2,2x12,12,2025-08-01,325.0
West,2,2x12,12,2025-08-08,325.0
West,2,2x12,12,2025-08-15,320.0
West,2,2x12,12,2025-08-22,320.0
West,2,2x12,12,2025-08-29,310.0
West,2,2x12,12,2025-09-05,305.0
West,2,2x12,12,2025-09-12,305.0
West,2,2x12,12,2025-09-19,290.0
West,2,2x12,12,2025-09-26,325.0
West,2,2x12,12,2025-10-03,340.0
West,2,2x12,12,2025-10-10,355.0
West,2,2x12,12,2025-10-17,365.0
West,2,2x12,14,2024-01-12,445.0
West,2,2x12,14,2024-01-18,455.0
West,2,2x12,14,2024-01-25,460.0
West,2,2x12,14,2024-02-08,485.0
West,2,2x12,14,2024-02-15,505.0
West,2,2x12,14,2024-02-22,525.0
West,2,2x12,14,2024-02-29,550.0
West,2,2x12,14,2024-03-07,570.0
West,2,2x12,14,2024-03-14,585.0
West,2,2x12,14,2024-03-21,590.0
West,2,2x12,14,2024-03-28,590.0
West,2,2x12,14,2024-04-04,570.0
West,2,2x12,14,2024-04-11,545.0
West,2,2x12,14,2024-04-18,515.0
West,2,2x12,14,2024-04-25,485.0
West,2,2x12,14,2024-05-02,455.0
West,2,2x12,14,2024-05-09,425.0
West,2,2x12,14,2024-05-16,415.0
West,2,2x12,14,2024-05-30,415.0
West,2,2x12,14,2024-06-06,415.0
West,2,2x12,14,2024-06-13,410.0
West,2,2x12,14,2024-06-20,405.0
West,2,2x12,14,2024-06-27,395.0
West,2,2x12,14,2024-07-04,395.0
West,2,2x12,14,2024-07-11,390.0
West,2,2x12,14,2024-07-18,395.0
West,2,2x12,14,2024-07-25,400.0
West,2,2x12,14,2024-08-01,410.0
West,2,2x12,14,2024-08-08,420.0
West,2,2x12,14,2024-08-15,430.0
West,2,2x12,14,2024-08-22,440.0
West,2,2x12,14,2024-08-29,450.0
West,2,2x12,14,2024-09-05,460.0
West,2,2x12,14,2024-09-12,470.0
West,2,2x12,14,2024-09-20,470.0
West,2,2x12,14,2024-09-26,470.0
West,2,2x12,14,2024-09-27,480.0
West,2,2x12,14,2024-10-04,485.0
West,2,2x12,14,2024-10-11,505.0
West,2,2x12,14,2024-10-18,525.0
West,2,2x12,14,2024-10-25,535.0
West,2,2x12,14,2024-11-01,535.0
West,2,2x12,14,2024-11-08,530.0
West,2,2x12,14,2024-11-15,510.0
West,2,2x12,14,2024-11-22,480.0
West,2,2x12,14,2024-11-27,460.0
West,2,2x12,14,2024-12-06,440.0
West,2,2x12,14,2024-12-13,430.0
West,2,2x12,14,2024-12-20,410.0
West,2,2x12,14,2025-01-03,410.0
West,2,2x12,14,2025-01-10,410.0
West,2,2x12,14,2025-01-17,410.0
West,2,2x12,14,2025-01-24,405.0
West,2,2x12,14,2025-01-31,400.0
West,2,2x12,14,2025-02-07,405.0
West,2,2x12,14,2025-02-14,405.0
West,2,2x12,14,2025-02-21,405.0
West,2,2x12,14,2025-02-28,405.0
West,2,2x12,14,2025-03-07,405.0
West,2,2x12,14,2025-03-14,405.0
West,2,2x12,14,2025-03-21,405.0
West,2,2x12,14,2025-03-28,410.0
West,2,2x12,14,2025-04-04,415.0
West,2,2x12,14,2025-04-11,425.0
West,2,2x12,14,2025-04-18,435.0
West,2,2x12,14,2025-04-25,440.0
West,2,2x12,14,2025-05-02,440.0
West,2,2x12,14,2025-05-09,440.0
West,2,2x12,14,2025-05-16,425.0
West,2,2x12,14,2025-05-23,410.0
West,2,2x12,14,2025-05-30,395.0
West,2,2x12,14,2025-06-06,365.0
West,2,2x12,14,2025-06-13,350.0
West,2,2x12,14,2025-06-19,320.0
West,2,2x12,14,2025-06-27,310.0
West,2,2x12,14,2025-07-03,305.0
West,2,2x12,14,2025-07-11,300.0
West,2,2x12,14,2025-07-18,305.0
West,2,2x12,14,2025-07-25,305.0
West,2,2x12,14,2025-08-01,305.0
West,2,2x12,14,2025-08-08,300.0
West,2,2x12,14,2025-08-15,295.0
West,2,2x12,14,2025-08-22,295.0
West,2,2x12,14,2025-08-29,285.0
West,2,2x12,14,2025-09-05,280.0
West,2,2x12,14,2025-09-12,280.0
West,2,2x12,14,2025-09-19,290.0
West,2,2x12,14,2025-09-26,295.0
West,2,2x12,14,2025-10-03,340.0
West,2,2x12,14,2025-10-10,325.0
West,2,2x12,14,2025-10-17,335.0
West,2,2x12,16,2024-01-12,450.0
West,2,2x12,16,2024-01-18,460.0
West,2,2x12,16,2024-01-25,465.0
West,2,2x12,16,2024-02-08,490.0
West,2,2x12,16,2024-02-15,510.0
West,2,2x12,16,2024-02-22,525.0
West,2,2x12,16,2024-02-29,550.0
West,2,2x12,16,2024-03-07,570.0
West,2,2x12,16,2024-03-14,585.0
West,2,2x12,16,2024-03-21,590.0
West,2,2x12,16,2024-03-28,590.0
West,2,2x12,16,2024-04-04,565.0
West,2,2x12,16,2024-04-11,540.0
West,2,2x12,16,2024-04-18,510.0
West,2,2x12,16,2024-04-25,480.0
West,2,2x12,16,2024-05-02,440.0
West,2,2x12,16,2024-05-09,410.0
West,2,2x12,16,2024-05-16,400.0
West,2,2x12,16,2024-05-30,400.0
West,2,2x12,16,2024-06-06,400.0
West,2,2x12,16,2024-06-13,410.0
West,2,2x12,16,2024-06-20,405.0
West,2,2x12,16,2024-06-27,395.0
West,2,2x12,16,2024-07-04,395.0
West,2,2x12,16,2024-07-11,390.0
West,2,2x12,16,2024-07-18,395.0
West,2,2x12,16,2024-07-25,405.0
West,2,2x12,16,2024-08-01,420.0
West,2,2x12,16,2024-08-08,425.0
West,2,2x12,16,2024-08-15,435.0
West,2,2x12,16,2024-08-22,445.0
West,2,2x12,16,2024-08-29,455.0
West,2,2x12,16,2024-09-05,465.0
West,2,2x12,16,2024-09-12,475.0
West,2,2x12,16,2024-09-20,495.0
West,2,2x12,16,2024-09-26,495.0
West,2,2x12,16,2024-09-27,505.0
West,2,2x12,16,2024-10-04,510.0
West,2,2x12,16,2024-10-11,540.0
West,2,2x12,16,2024-10-18,560.0
West,2,2x12,16,2024-10-25,570.0
West,2,2x12,16,2024-11-01,575.0
West,2,2x12,16,2024-11-08,570.0
West,2,2x12,16,2024-11-15,550.0
West,2,2x12,16,2024-11-22,540.0
West,2,2x12,16,2024-11-27,520.0
West,2,2x12,16,2024-12-06,500.0
West,2,2x12,16,2024-12-13,490.0
West,2,2x12,16,2024-12-20,470.0
West,2,2x12,16,2025-01-03,470.0
West,2,2x12,16,2025-01-10,480.0
West,2,2x12,16,2025-01-17,490.0
West,2,2x12,16,2025-01-24,485.0
West,2,2x12,16,2025-01-31,480.0
West,2,2x12,16,2025-02-07,485.0
West,2,2x12,16,2025-02-14,485.0
West,2,2x12,16,2025-02-21,485.0
West,2,2x12,16,2025-02-28,485.0
West,2,2x12,16,2025-03-07,485.0
West,2,2x12,16,2025-03-14,485.0
West,2,2x12,16,2025-03-21,485.0
West,2,2x12,16,2025-03-28,490.0
West,2,2x12,16,2025-04-04,495.0
West,2,2x12,16,2025-04-11,500.0
West,2,2x12,16,2025-04-18,510.0
West,2,2x12,16,2025-04-25,515.0
West,2,2x12,16,2025-05-02,515.0
West,2,2x12,16,2025-05-09,515.0
West,2,2x12,16,2025-05-16,500.0
West,2,2x12,16,2025-05-23,480.0
West,2,2x12,16,2025-05-30,465.0
West,2,2x12,16,2025-06-06,435.0
West,2,2x12,16,2025-06-13,420.0
West,2,2x12,16,2025-06-19,390.0
West,2,2x12,16,2025-06-27,370.0
West,2,2x12,16,2025-07-03,365.0
West,2,2x12,16,2025-07-11,375.0
West,2,2x12,16,2025-07-18,380.0
West,2,2x12,16,2025-07-25,380.0
West,2,2x12,16,2025-08-01,380.0
West,2,2x12,16,2025-08-08,375.0
West,2,2x12,16,2025-08-15,370.0
West,2,2x12,16,2025-08-22,350.0
West,2,2x12,16,2025-08-29,330.0
West,2,2x12,16,2025-09-05,315.0
West,2,2x12,16,2025-09-12,315.0
West,2,2x12,16,2025-09-19,325.0
West,2,2x12,16,2025-09-26,335.0
West,2,2x12,16,2025-10-03,350.0
West,2,2x12,16,2025-10-10,365.0
West,2,2x12,16,2025-10-17,370.0
West,2,2x12,18,2024-01-12,475.0
West,2,2x12,18,2024-01-18,485.0
West,2,2x12,18,2024-01-25,490.0
West,2,2x12,18,2024-02-08,515.0
West,2,2x12,18,2024-02-15,535.0
West,2,2x12,18,2024-02-22,555.0
West,2,2x12,18,2024-02-29,580.0
West,2,2x12,18,2024-03-07,590.0
West,2,2x12,18,2024-03-14,590.0
West,2,2x12,18,2024-03-21,595.0
West,2,2x12,18,2024-03-28,595.0
West,2,2x12,18,2024-04-04,570.0
West,2,2x12,18,2024-04-11,545.0
West,2,2x12,18,2024-04-18,515.0
West,2,2x12,18,2024-04-25,485.0
West,2,2x12,18,2024-05-02,445.0
West,2,2x12,18,2024-05-09,415.0
West,2,2x12,18,2024-05-16,405.0
West,2,2x12,18,2024-05-30,405.0
West,2,2x12,18,2024-06-06,405.0
West,2,2x12,18,2024-06-13,390.0
West,2,2x12,18,2024-06-20,385.0
West,2,2x12,18,2024-06-27,375.0
West,2,2x12,18,2024-07-04,365.0
West,2,2x12,18,2024-07-11,360.0
West,2,2x12,18,2024-07-18,365.0
West,2,2x12,18,2024-07-25,370.0
West,2,2x12,18,2024-08-01,375.0
West,2,2x12,18,2024-08-08,380.0
West,2,2x12,18,2024-08-15,390.0
West,2,2x12,18,2024-08-22,400.0
West,2,2x12,18,2024-08-29,410.0
West,2,2x12,18,2024-09-05,420.0
West,2,2x12,18,2024-09-12,430.0
West,2,2x12,18,2024-09-20,445.0
West,2,2x12,18,2024-09-26,445.0
West,2,2x12,18,2024-09-27,455.0
West,2,2x12,18,2024-10-04,460.0
West,2,2x12,18,2024-10-11,485.0
West,2,2x12,18,2024-10-18,505.0
West,2,2x12,18,2024-10-25,515.0
West,2,2x12,18,2024-11-01,520.0
West,2,2x12,18,2024-11-08,515.0
West,2,2x12,18,2024-11-15,495.0
West,2,2x12,18,2024-11-22,485.0
West,2,2x12,18,2024-11-27,465.0
West,2,2x12,18,2024-12-06,445.0
West,2,2x12,18,2024-12-13,435.0
West,2,2x12,18,2024-12-20,415.0
West,2,2x12,18,2025-01-03,415.0
West,2,2x12,18,2025-01-10,425.0
West,2,2x12,18,2025-01-17,435.0
West,2,2x12,18,2025-01-24,430.0
West,2,2x12,18,2025-01-31,425.0
West,2,2x12,18,2025-02-07,435.0
West,2,2x12,18,2025-02-14,435.0
West,2,2x12,18,2025-02-21,435.0
West,2,2x12,18,2025-02-28,435.0
West,2,2x12,18,2025-03-07,435.0
West,2,2x12,18,2025-03-14,435.0
West,2,2x12,18,2025-03-21,435.0
West,2,2x12,18,2025-03-28,440.0
West,2,2x12,18,2025-04-04,445.0
West,2,2x12,18,2025-04-11,445.0
West,2,2x12,18,2025-04-18,455.0
West,2,2x12,18,2025-04-25,460.0
West,2,2x12,18,2025-05-02,460.0
West,2,2x12,18,2025-05-09,460.0
West,2,2x12,18,2025-05-16,450.0
West,2,2x12,18,2025-05-23,430.0
West,2,2x12,18,2025-05-30,415.0
West,2,2x12,18,2025-06-06,390.0
West,2,2x12,18,2025-06-13,375.0
West,2,2x12,18,2025-06-19,345.0
West,2,2x12,18,2025-06-27,325.0
West,2,2x12,18,2025-07-03,315.0
West,2,2x12,18,2025-07-11,315.0
West,2,2x12,18,2025-07-18,320.0
West,2,2x12,18,2025-07-25,320.0
West,2,2x12,18,2025-08-01,320.0
West,2,2x12,18,2025-08-08,315.0
West,2,2x12,18,2025-08-15,310.0
West,2,2x12,18,2025-08-22,290.0
West,2,2x12,18,2025-08-29,270.0
West,2,2x12,18,2025-09-05,260.0
West,2,2x12,18,2025-09-12,260.0
West,2,2x12,18,2025-09-19,265.0
West,2,2x12,18,2025-09-26,275.0
West,2,2x12,18,2025-10-03,290.0
West,2,2x12,18,2025-10-10,300.0
West,2,2x12,18,2025-10-17,305.0
West,2,2x12,20,2024-01-12,685.0
West,2,2x12,20,2024-01-18,695.0
West,2,2x12,20,2024-01-25,700.0
West,2,2x12,20,2024-02-08,725.0
West,2,2x12,20,2024-02-15,745.0
West,2,2x12,20,2024-02-22,760.0
West,2,2x12,20,2024-02-29,780.0
West,2,2x12,20,2024-03-07,790.0
West,2,2x12,20,2024-03-14,810.0
West,2,2x12,20,2024-03-21,815.0
West,2,2x12,20,2024-03-28,815.0
West,2,2x12,20,2024-04-04,780.0
West,2,2x12,20,2024-04-11,755.0
West,2,2x12,20,2024-04-18,725.0
West,2,2x12,20,2024-04-25,675.0
West,2,2x12,20,2024-05-02,635.0
West,2,2x12,20,2024-05-09,605.0
West,2,2x12,20,2024-05-16,595.0
West,2,2x12,20,2024-05-30,595.0
West,2,2x12,20,2024-06-06,595.0
West,2,2x12,20,2024-06-13,585.0
West,2,2x12,20,2024-06-20,580.0
West,2,2x12,20,2024-06-27,570.0
West,2,2x12,20,2024-07-04,560.0
West,2,2x12,20,2024-07-11,555.0
West,2,2x12,20,2024-07-18,560.0
West,2,2x12,20,2024-07-25,565.0
West,2,2x12,20,2024-08-01,570.0
West,2,2x12,20,2024-08-08,580.0
West,2,2x12,20,2024-08-15,590.0
West,2,2x12,20,2024-08-22,600.0
West,2,2x12,20,2024-08-29,610.0
West,2,2x12,20,2024-09-05,620.0
West,2,2x12,20,2024-09-12,630.0
West,2,2x12,20,2024-09-20,660.0
West,2,2x12,20,2024-09-26,660.0
West,2,2x12,20,2024-09-27,670.0
West,2,2x12,20,2024-10-04,675.0
West,2,2x12,20,2024-10-11,705.0
West,2,2x12,20,2024-10-18,725.0
West,2,2x12,20,2024-10-25,735.0
West,2,2x12,20,2024-11-01,740.0
West,2,2x12,20,2024-11-08,735.0
West,2,2x12,20,2024-11-15,715.0
West,2,2x12,20,2024-11-22,705.0
West,2,2x12,20,2024-11-27,685.0
West,2,2x12,20,2024-12-06,665.0
West,2,2x12,20,2024-12-13,655.0
West,2,2x12,20,2024-12-20,635.0
West,2,2x12,20,2025-01-03,635.0
West,2,2x12,20,2025-01-10,645.0
West,2,2x12,20,2025-01-17,645.0
West,2,2x12,20,2025-01-24,640.0
West,2,2x12,20,2025-01-31,635.0
West,2,2x12,20,2025-02-07,640.0
West,2,2x12,20,2025-02-14,640.0
West,2,2x12,20,2025-02-21,640.0
West,2,2x12,20,2025-02-28,640.0
West,2,2x12,20,2025-03-07,640.0
West,2,2x12,20,2025-03-14,640.0
West,2,2x12,20,2025-03-21,640.0
West,2,2x12,20,2025-03-28,645.0
West,2,2x12,20,2025-04-04,650.0
West,2,2x12,20,2025-04-11,650.0
West,2,2x12,20,2025-04-18,660.0
West,2,2x12,20,2025-04-25,665.0
West,2,2x12,20,2025-05-02,665.0
West,2,2x12,20,2025-05-09,665.0
West,2,2x12,20,2025-05-16,655.0
West,2,2x12,20,2025-05-23,635.0
West,2,2x12,20,2025-05-30,610.0
West,2,2x12,20,2025-06-06,580.0
West,2,2x12,20,2025-06-13,560.0
West,2,2x12,20,2025-06-19,550.0
West,2,2x12,20,2025-06-27,470.0
West,2,2x12,20,2025-07-03,460.0
West,2,2x12,20,2025-07-11,460.0
West,2,2x12,20,2025-07-18,465.0
West,2,2x12,20,2025-07-25,465.0
West,2,2x12,20,2025-08-01,465.0
West,2,2x12,20,2025-08-08,460.0
West,2,2x12,20,2025-08-15,455.0
West,2,2x12,20,2025-08-22,435.0
West,2,2x12,20,2025-08-29,410.0
West,2,2x12,20,2025-09-05,395.0
West,2,2x12,20,2025-09-12,395.0
West,2,2x12,20,2025-09-19,395.0
West,2,2x12,20,2025-09-26,395.0
West,2,2x12,20,2025-10-03,410.0
West,2,2x12,20,2025-10-10,400.0
West,2,2x12,20,2025-10-17,400.0
West,2,2x4,8,2024-01-12,395.0
West,2,2x4,8,2024-01-18,390.0
West,2,2x4,8,2024-01-25,370.0
West,2,2x4,8,2024-02-08,340.0
West,2,2x4,8,2024-02-15,350.0
West,2,2x4,8,2024-02-22,365.0
West,2,2x4,8,2024-02-29,395.0
West,2,2x4,8,2024-03-07,420.0
West,2,2x4,8,2024-03-14,415.0
West,2,2x4,8,2024-03-21,415.0
West,2,2x4,8,2024-03-28,415.0
West,2,2x4,8,2024-04-04,390.0
West,2,2x4,8,2024-04-11,370.0
West,2,2x4,8,2024-04-18,350.0
West,2,2x4,8,2024-04-25,340.0
West,2,2x4,8,2024-05-02,340.0
West,2,2x4,8,2024-05-09,350.0
West,2,2x4,8,2024-05-16,350.0
West,2,2x4,8,2024-05-30,370.0
West,2,2x4,8,2024-06-06,370.0
West,2,2x4,8,2024-06-13,365.0
West,2,2x4,8,2024-06-20,360.0
West,2,2x4,8,2024-06-27,350.0
West,2,2x4,8,2024-07-04,345.0
West,2,2x4,8,2024-07-11,345.0
West,2,2x4,8,2024-07-18,355.0
West,2,2x4,8,2024-07-25,375.0
West,2,2x4,8,2024-08-01,380.0
West,2,2x4,8,2024-08-08,385.0
West,2,2x4,8,2024-08-15,385.0
West,2,2x4,8,2024-08-22,385.0
West,2,2x4,8,2024-08-29,385.0
West,2,2x4,8,2024-09-05,385.0
West,2,2x4,8,2024-09-12,385.0
West,2,2x4,8,2024-09-20,395.0
West,2,2x4,8,2024-09-26,395.0
West,2,2x4,8,2024-09-27,405.0
West,2,2x4,8,2024-10-04,425.0
West,2,2x4,8,2024-10-11,450.0
West,2,2x4,8,2024-10-18,470.0
West,2,2x4,8,2024-10-25,485.0
West,2,2x4,8,2024-11-01,485.0
West,2,2x4,8,2024-11-08,475.0
West,2,2x4,8,2024-11-15,460.0
West,2,2x4,8,2024-11-22,435.0
West,2,2x4,8,2024-11-27,415.0
West,2,2x4,8,2024-12-06,395.0
West,2,2x4,8,2024-12-13,380.0
West,2,2x4,8,2024-12-20,385.0
West,2,2x4,8,2025-01-03,410.0
West,2,2x4,8,2025-01-10,420.0
West,2,2x4,8,2025-01-17,420.0
West,2,2x4,8,2025-01-24,415.0
West,2,2x4,8,2025-01-31,400.0
West,2,2x4,8,2025-02-07,395.0
West,2,2x4,8,2025-02-14,400.0
West,2,2x4,8,2025-02-21,405.0
West,2,2x4,8,2025-02-28,410.0
West,2,2x4,8,2025-03-07,415.0
West,2,2x4,8,2025-03-14,420.0
West,2,2x4,8,2025-03-21,430.0
West,2,2x4,8,2025-03-28,440.0
West,2,2x4,8,2025-04-04,455.0
West,2,2x4,8,2025-04-11,465.0
West,2,2x4,8,2025-04-18,480.0
West,2,2x4,8,2025-04-25,480.0
West,2,2x4,8,2025-05-02,490.0
West,2,2x4,8,2025-05-09,490.0
West,2,2x4,8,2025-05-16,480.0
West,2,2x4,8,2025-05-23,465.0
West,2,2x4,8,2025-05-30,445.0
West,2,2x4,8,2025-06-06,430.0
West,2,2x4,8,2025-06-13,410.0
West,2,2x4,8,2025-06-19,390.0
West,2,2x4,8,2025-06-27,380.0
West,2,2x4,8,2025-07-03,380.0
West,2,2x4,8,2025-07-11,385.0
West,2,2x4,8,2025-07-18,390.0
West,2,2x4,8,2025-07-25,390.0
West,2,2x4,8,2025-08-01,390.0
West,2,2x4,8,2025-08-08,380.0
West,2,2x4,8,2025-08-15,365.0
West,2,2x4,8,2025-08-22,355.0
West,2,2x4,8,2025-08-29,340.0
West,2,2x4,8,2025-09-05,320.0
West,2,2x4,8,2025-09-12,310.0
West,2,2x4,8,2025-09-19,300.0
West,2,2x4,8,2025-09-26,290.0
West,2,2x4,8,2025-10-03,290.0
West,2,2x4,8,2025-10-10,290.0
West,2,2x4,8,2025-10-17,290.0
West,2,2x4,10,2024-01-12,375.0
West,2,2x4,10,2024-01-18,370.0
West,2,2x4,10,2024-01-25,355.0
West,2,2x4,10,2024-02-08,325.0
West,2,2x4,10,2024-02-15,330.0
West,2,2x4,10,2024-02-22,330.0
West,2,2x4,10,2024-02-29,345.0
West,2,2x4,10,2024-03-07,360.0
West,2,2x4,10,2024-03-14,355.0
West,2,2x4,10,2024-03-21,340.0
West,2,2x4,10,2024-03-28,325.0
West,2,2x4,10,2024-04-04,300.0
West,2,2x4,10,2024-04-11,270.0
West,2,2x4,10,2024-04-18,250.0
West,2,2x4,10,2024-04-25,250.0
West,2,2x4,10,2024-05-02,250.0
West,2,2x4,10,2024-05-09,260.0
West,2,2x4,10,2024-05-16,260.0
West,2,2x4,10,2024-05-30,280.0
West,2,2x4,10,2024-06-06,280.0
West,2,2x4,10,2024-06-13,275.0
West,2,2x4,10,2024-06-20,270.0
West,2,2x4,10,2024-06-27,260.0
West,2,2x4,10,2024-07-04,255.0
West,2,2x4,10,2024-07-11,255.0
West,2,2x4,10,2024-07-18,265.0
West,2,2x4,10,2024-07-25,275.0
West,2,2x4,10,2024-08-01,280.0
West,2,2x4,10,2024-08-08,285.0
West,2,2x4,10,2024-08-15,285.0
West,2,2x4,10,2024-08-22,285.0
West,2,2x4,10,2024-08-29,285.0
West,2,2x4,10,2024-09-05,285.0
West,2,2x4,10,2024-09-12,285.0
West,2,2x4,10,2024-09-20,290.0
West,2,2x4,10,2024-09-26,290.0
West,2,2x4,10,2024-09-27,300.0
West,2,2x4,10,2024-10-04,315.0
West,2,2x4,10,2024-10-11,355.0
West,2,2x4,10,2024-10-18,375.0
West,2,2x4,10,2024-10-25,390.0
West,2,2x4,10,2024-11-01,400.0
West,2,2x4,10,2024-11-08,390.0
West,2,2x4,10,2024-11-15,375.0
West,2,2x4,10,2024-11-22,345.0
West,2,2x4,10,2024-11-27,325.0
West,2,2x4,10,2024-12-06,305.0
West,2,2x4,10,2024-12-13,295.0
West,2,2x4,10,2024-12-20,305.0
West,2,2x4,10,2025-01-03,330.0
West,2,2x4,10,2025-01-10,340.0
West,2,2x4,10,2025-01-17,340.0
West,2,2x4,10,2025-01-24,335.0
West,2,2x4,10,2025-01-31,325.0
West,2,2x4,10,2025-02-07,335.0
West,2,2x4,10,2025-02-14,345.0
West,2,2x4,10,2025-02-21,350.0
West,2,2x4,10,2025-02-28,355.0
West,2,2x4,10,2025-03-07,360.0
West,2,2x4,10,2025-03-14,370.0
West,2,2x4,10,2025-03-21,380.0
West,2,2x4,10,2025-03-28,390.0
West,2,2x4,10,2025-04-04,405.0
West,2,2x4,10,2025-04-11,410.0
West,2,2x4,10,2025-04-18,425.0
West,2,2x4,10,2025-04-25,430.0
West,2,2x4,10,2025-05-02,435.0
West,2,2x4,10,2025-05-09,425.0
West,2,2x4,10,2025-05-16,410.0
West,2,2x4,10,2025-05-23,385.0
West,2,2x4,10,2025-05-30,365.0
West,2,2x4,10,2025-06-06,340.0
West,2,2x4,10,2025-06-13,320.0
West,2,2x4,10,2025-06-19,300.0
West,2,2x4,10,2025-06-27,285.0
West,2,2x4,10,2025-07-03,285.0
West,2,2x4,10,2025-07-11,300.0
West,2,2x4,10,2025-07-18,310.0
West,2,2x4,10,2025-07-25,310.0
West,2,2x4,10,2025-08-01,320.0
West,2,2x4,10,2025-08-08,325.0
West,2,2x4,10,2025-08-15,305.0
West,2,2x4,10,2025-08-22,295.0
West,2,2x4,10,2025-08-29,280.0
West,2,2x4,10,2025-09-05,270.0
West,2,2x4,10,2025-09-12,260.0
West,2,2x4,10,2025-09-19,255.0
West,2,2x4,10,2025-09-26,265.0
West,2,2x4,10,2025-10-03,270.0
West,2,2x4,10,2025-10-10,280.0
West,2,2x4,10,2025-10-17,290.0
West,2,2x4,12,2024-01-12,395.0
West,2,2x4,12,2024-01-18,390.0
West,2,2x4,12,2024-01-25,375.0
West,2,2x4,12,2024-02-08,345.0
West,2,2x4,12,2024-02-15,345.0
West,2,2x4,12,2024-02-22,350.0
West,2,2x4,12,2024-02-29,360.0
West,2,2x4,12,2024-03-07,370.0
West,2,2x4,12,2024-03-14,365.0
West,2,2x4,12,2024-03-21,350.0
West,2,2x4,12,2024-03-28,335.0
West,2,2x4,12,2024-04-04,310.0
West,2,2x4,12,2024-04-11,280.0
West,2,2x4,12,2024-04-18,260.0
West,2,2x4,12,2024-04-25,260.0
West,2,2x4,12,2024-05-02,260.0
West,2,2x4,12,2024-05-09,270.0
West,2,2x4,12,2024-05-16,275.0
West,2,2x4,12,2024-05-30,300.0
West,2,2x4,12,2024-06-06,300.0
West,2,2x4,12,2024-06-13,290.0
West,2,2x4,12,2024-06-20,285.0
West,2,2x4,12,2024-06-27,275.0
West,2,2x4,12,2024-07-04,270.0
West,2,2x4,12,2024-07-11,270.0
West,2,2x4,12,2024-07-18,280.0
West,2,2x4,12,2024-07-25,290.0
West,2,2x4,12,2024-08-01,295.0
West,2,2x4,12,2024-08-08,300.0
West,2,2x4,12,2024-08-15,300.0
West,2,2x4,12,2024-08-22,300.0
West,2,2x4,12,2024-08-29,300.0
West,2,2x4,12,2024-09-05,300.0
West,2,2x4,12,2024-09-12,300.0
West,2,2x4,12,2024-09-20,300.0
West,2,2x4,12,2024-09-26,300.0
West,2,2x4,12,2024-09-27,310.0
West,2,2x4,12,2024-10-04,325.0
West,2,2x4,12,2024-10-11,350.0
West,2,2x4,12,2024-10-18,370.0
West,2,2x4,12,2024-10-25,385.0
West,2,2x4,12,2024-11-01,390.0
West,2,2x4,12,2024-11-08,380.0
West,2,2x4,12,2024-11-15,365.0
West,2,2x4,12,2024-11-22,335.0
West,2,2x4,12,2024-11-27,315.0
West,2,2x4,12,2024-12-06,295.0
West,2,2x4,12,2024-12-13,290.0
West,2,2x4,12,2024-12-20,300.0
West,2,2x4,12,2025-01-03,325.0
West,2,2x4,12,2025-01-10,335.0
West,2,2x4,12,2025-01-17,335.0
West,2,2x4,12,2025-01-24,340.0
West,2,2x4,12,2025-01-31,330.0
West,2,2x4,12,2025-02-07,340.0
West,2,2x4,12,2025-02-14,350.0
West,2,2x4,12,2025-02-21,355.0
West,2,2x4,12,2025-02-28,360.0
West,2,2x4,12,2025-03-07,365.0
West,2,2x4,12,2025-03-14,375.0
West,2,2x4,12,2025-03-21,390.0
West,2,2x4,12,2025-03-28,400.0
West,2,2x4,12,2025-04-04,405.0
West,2,2x4,12,2025-04-11,410.0
West,2,2x4,12,2025-04-18,425.0
West,2,2x4,12,2025-04-25,430.0
West,2,2x4,12,2025-05-02,435.0
West,2,2x4,12,2025-05-09,425.0
West,2,2x4,12,2025-05-16,410.0
West,2,2x4,12,2025-05-23,380.0
West,2,2x4,12,2025-05-30,360.0
West,2,2x4,12,2025-06-06,335.0
West,2,2x4,12,2025-06-13,315.0
West,2,2x4,12,2025-06-19,295.0
West,2,2x4,12,2025-06-27,285.0
West,2,2x4,12,2025-07-03,285.0
West,2,2x4,12,2025-07-11,300.0
West,2,2x4,12,2025-07-18,310.0
West,2,2x4,12,2025-07-25,315.0
West,2,2x4,12,2025-08-01,320.0
West,2,2x4,12,2025-08-08,325.0
West,2,2x4,12,2025-08-15,305.0
West,2,2x4,12,2025-08-22,295.0
West,2,2x4,12,2025-08-29,280.0
West,2,2x4,12,2025-09-05,270.0
West,2,2x4,12,2025-09-12,260.0
West,2,2x4,12,2025-09-19,255.0
West,2,2x4,12,2025-09-26,265.0
West,2,2x4,12,2025-10-03,270.0
West,2,2x4,12,2025-10-10,280.0
West,2,2x4,12,2025-10-17,290.0
West,2,2x4,14,2024-01-12,415.0
West,2,2x4,14,2024-01-18,410.0
West,2,2x4,14,2024-01-25,390.0
West,2,2x4,14,2024-02-08,360.0
West,2,2x4,14,2024-02-15,365.0
West,2,2x4,14,2024-02-22,375.0
West,2,2x4,14,2024-02-29,385.0
West,2,2x4,14,2024-03-07,390.0
West,2,2x4,14,2024-03-14,385.0
West,2,2x4,14,2024-03-21,370.0
West,2,2x4,14,2024-03-28,355.0
West,2,2x4,14,2024-04-04,330.0
West,2,2x4,14,2024-04-11,305.0
West,2,2x4,14,2024-04-18,285.0
West,2,2x4,14,2024-04-25,280.0
West,2,2x4,14,2024-05-02,280.0
West,2,2x4,14,2024-05-09,290.0
West,2,2x4,14,2024-05-16,305.0
West,2,2x4,14,2024-05-30,330.0
West,2,2x4,14,2024-06-06,330.0
West,2,2x4,14,2024-06-13,320.0
West,2,2x4,14,2024-06-20,315.0
West,2,2x4,14,2024-06-27,305.0
West,2,2x4,14,2024-07-04,295.0
West,2,2x4,14,2024-07-11,295.0
West,2,2x4,14,2024-07-18,305.0
West,2,2x4,14,2024-07-25,315.0
West,2,2x4,14,2024-08-01,320.0
West,2,2x4,14,2024-08-08,325.0
West,2,2x4,14,2024-08-15,325.0
West,2,2x4,14,2024-08-22,325.0
West,2,2x4,14,2024-08-29,325.0
West,2,2x4,14,2024-09-05,325.0
West,2,2x4,14,2024-09-12,325.0
West,2,2x4,14,2024-09-20,325.0
West,2,2x4,14,2024-09-26,325.0
West,2,2x4,14,2024-09-27,335.0
West,2,2x4,14,2024-10-04,355.0
West,2,2x4,14,2024-10-11,385.0
West,2,2x4,14,2024-10-18,405.0
West,2,2x4,14,2024-10-25,420.0
West,2,2x4,14,2024-11-01,430.0
West,2,2x4,14,2024-11-08,420.0
West,2,2x4,14,2024-11-15,405.0
West,2,2x4,14,2024-11-22,375.0
West,2,2x4,14,2024-11-27,355.0
West,2,2x4,14,2024-12-06,335.0
West,2,2x4,14,2024-12-13,330.0
West,2,2x4,14,2024-12-20,340.0
West,2,2x4,14,2025-01-03,365.0
West,2,2x4,14,2025-01-10,375.0
West,2,2x4,14,2025-01-17,375.0
West,2,2x4,14,2025-01-24,370.0
West,2,2x4,14,2025-01-31,365.0
West,2,2x4,14,2025-02-07,375.0
West,2,2x4,14,2025-02-14,380.0
West,2,2x4,14,2025-02-21,385.0
West,2,2x4,14,2025-02-28,390.0
West,2,2x4,14,2025-03-07,395.0
West,2,2x4,14,2025-03-14,400.0
West,2,2x4,14,2025-03-21,410.0
West,2,2x4,14,2025-03-28,420.0
West,2,2x4,14,2025-04-04,425.0
West,2,2x4,14,2025-04-11,425.0
West,2,2x4,14,2025-04-18,440.0
West,2,2x4,14,2025-04-25,455.0
West,2,2x4,14,2025-05-02,460.0
West,2,2x4,14,2025-05-09,460.0
West,2,2x4,14,2025-05-16,450.0
West,2,2x4,14,2025-05-23,420.0
West,2,2x4,14,2025-05-30,400.0
West,2,2x4,14,2025-06-06,375.0
West,2,2x4,14,2025-06-13,350.0
West,2,2x4,14,2025-06-19,330.0
West,2,2x4,14,2025-06-27,320.0
West,2,2x4,14,2025-07-03,320.0
West,2,2x4,14,2025-07-11,335.0
West,2,2x4,14,2025-07-18,340.0
West,2,2x4,14,2025-07-25,340.0
West,2,2x4,14,2025-08-01,350.0
West,2,2x4,14,2025-08-08,355.0
West,2,2x4,14,2025-08-15,345.0
West,2,2x4,14,2025-08-22,335.0
West,2,2x4,14,2025-08-29,315.0
West,2,2x4,14,2025-09-05,300.0
West,2,2x4,14,2025-09-12,290.0
West,2,2x4,14,2025-09-19,285.0
West,2,2x4,14,2025-09-26,285.0
West,2,2x4,14,2025-10-03,290.0
West,2,2x4,14,2025-10-10,290.0
West,2,2x4,14,2025-10-17,295.0
West,2,2x4,16,2024-01-12,475.0
West,2,2x4,16,2024-01-18,470.0
West,2,2x4,16,2024-01-25,450.0
West,2,2x4,16,2024-02-08,415.0
West,2,2x4,16,2024-02-15,410.0
West,2,2x4,16,2024-02-22,410.0
West,2,2x4,16,2024-02-29,425.0
West,2,2x4,16,2024-03-07,430.0
West,2,2x4,16,2024-03-14,430.0
West,2,2x4,16,2024-03-21,415.0
West,2,2x4,16,2024-03-28,400.0
West,2,2x4,16,2024-04-04,375.0
West,2,2x4,16,2024-04-11,350.0
West,2,2x4,16,2024-04-18,330.0
West,2,2x4,16,2024-04-25,320.0
West,2,2x4,16,2024-05-02,320.0
West,2,2x4,16,2024-05-09,330.0
West,2,2x4,16,2024-05-16,345.0
West,2,2x4,16,2024-05-30,370.0
West,2,2x4,16,2024-06-06,370.0
West,2,2x4,16,2024-06-13,360.0
West,2,2x4,16,2024-06-20,355.0
West,2,2x4,16,2024-06-27,345.0
West,2,2x4,16,2024-07-04,345.0
West,2,2x4,16,2024-07-11,345.0
West,2,2x4,16,2024-07-18,355.0
West,2,2x4,16,2024-07-25,365.0
West,2,2x4,16,2024-08-01,370.0
West,2,2x4,16,2024-08-08,375.0
West,2,2x4,16,2024-08-15,375.0
West,2,2x4,16,2024-08-22,375.0
West,2,2x4,16,2024-08-29,375.0
West,2,2x4,16,2024-09-05,375.0
West,2,2x4,16,2024-09-12,375.0
West,2,2x4,16,2024-09-20,390.0
West,2,2x4,16,2024-09-26,390.0
West,2,2x4,16,2024-09-27,400.0
West,2,2x4,16,2024-10-04,420.0
West,2,2x4,16,2024-10-11,450.0
West,2,2x4,16,2024-10-18,470.0
West,2,2x4,16,2024-10-25,480.0
West,2,2x4,16,2024-11-01,485.0
West,2,2x4,16,2024-11-08,475.0
West,2,2x4,16,2024-11-15,460.0
West,2,2x4,16,2024-11-22,430.0
West,2,2x4,16,2024-11-27,410.0
West,2,2x4,16,2024-12-06,390.0
West,2,2x4,16,2024-12-13,385.0
West,2,2x4,16,2024-12-20,400.0
West,2,2x4,16,2025-01-03,425.0
West,2,2x4,16,2025-01-10,435.0
West,2,2x4,16,2025-01-17,435.0
West,2,2x4,16,2025-01-24,430.0
West,2,2x4,16,2025-01-31,415.0
West,2,2x4,16,2025-02-07,405.0
West,2,2x4,16,2025-02-14,410.0
West,2,2x4,16,2025-02-21,415.0
West,2,2x4,16,2025-02-28,420.0
West,2,2x4,16,2025-03-07,425.0
West,2,2x4,16,2025-03-14,430.0
West,2,2x4,16,2025-03-21,440.0
West,2,2x4,16,2025-03-28,450.0
West,2,2x4,16,2025-04-04,465.0
West,2,2x4,16,2025-04-11,475.0
West,2,2x4,16,2025-04-18,490.0
West,2,2x4,16,2025-04-25,505.0
West,2,2x4,16,2025-05-02,515.0
West,2,2x4,16,2025-05-09,525.0
West,2,2x4,16,2025-05-16,525.0
West,2,2x4,16,2025-05-23,515.0
West,2,2x4,16,2025-05-30,490.0
West,2,2x4,16,2025-06-06,475.0
West,2,2x4,16,2025-06-13,455.0
West,2,2x4,16,2025-06-19,435.0
West,2,2x4,16,2025-06-27,425.0
West,2,2x4,16,2025-07-03,425.0
West,2,2x4,16,2025-07-11,435.0
West,2,2x4,16,2025-07-18,440.0
West,2,2x4,16,2025-07-25,440.0
West,2,2x4,16,2025-08-01,440.0
West,2,2x4,16,2025-08-08,430.0
West,2,2x4,16,2025-08-15,420.0
West,2,2x4,16,2025-08-22,400.0
West,2,2x4,16,2025-08-29,370.0
West,2,2x4,16,2025-09-05,350.0
West,2,2x4,16,2025-09-12,340.0
West,2,2x4,16,2025-09-19,330.0
West,2,2x4,16,2025-09-26,320.0
West,2,2x4,16,2025-10-03,320.0
West,2,2x4,16,2025-10-10,320.0
West,2,2x4,16,2025-10-17,320.0
West,2,2x4,18,2024-01-12,385.0
West,2,2x4,18,2024-01-18,380.0
West,2,2x4,18,2024-01-25,360.0
West,2,2x4,18,2024-02-08,325.0
West,2,2x4,18,2024-02-15,325.0
West,2,2x4,18,2024-02-22,325.0
West,2,2x4,18,2024-02-29,330.0
West,2,2x4,18,2024-03-07,335.0
West,2,2x4,18,2024-03-14,335.0
West,2,2x4,18,2024-03-21,325.0
West,2,2x4,18,2024-03-28,310.0
West,2,2x4,18,2024-04-04,285.0
West,2,2x4,18,2024-04-11,265.0
West,2,2x4,18,2024-04-18,250.0
West,2,2x4,18,2024-04-25,250.0
West,2,2x4,18,2024-05-02,250.0
West,2,2x4,18,2024-05-09,260.0
West,2,2x4,18,2024-05-16,270.0
West,2,2x4,18,2024-05-30,285.0
West,2,2x4,18,2024-06-06,285.0
West,2,2x4,18,2024-06-13,285.0
West,2,2x4,18,2024-06-20,280.0
West,2,2x4,18,2024-06-27,270.0
West,2,2x4,18,2024-07-04,265.0
West,2,2x4,18,2024-07-11,265.0
West,2,2x4,18,2024-07-18,275.0
West,2,2x4,18,2024-07-25,280.0
West,2,2x4,18,2024-08-01,285.0
West,2,2x4,18,2024-08-08,300.0
West,2,2x4,18,2024-08-15,290.0
West,2,2x4,18,2024-08-22,290.0
West,2,2x4,18,2024-08-29,290.0
West,2,2x4,18,2024-09-05,290.0
West,2,2x4,18,2024-09-12,290.0
West,2,2x4,18,2024-09-20,290.0
West,2,2x4,18,2024-09-26,290.0
West,2,2x4,18,2024-09-27,300.0
West,2,2x4,18,2024-10-04,315.0
West,2,2x4,18,2024-10-11,350.0
West,2,2x4,18,2024-10-18,370.0
West,2,2x4,18,2024-10-25,380.0
West,2,2x4,18,2024-11-01,390.0
West,2,2x4,18,2024-11-08,380.0
West,2,2x4,18,2024-11-15,365.0
West,2,2x4,18,2024-11-22,335.0
West,2,2x4,18,2024-11-27,315.0
West,2,2x4,18,2024-12-06,295.0
West,2,2x4,18,2024-12-13,295.0
West,2,2x4,18,2024-12-20,305.0
West,2,2x4,18,2025-01-03,330.0
West,2,2x4,18,2025-01-10,340.0
West,2,2x4,18,2025-01-17,340.0
West,2,2x4,18,2025-01-24,335.0
West,2,2x4,18,2025-01-31,325.0
West,2,2x4,18,2025-02-07,335.0
West,2,2x4,18,2025-02-14,345.0
West,2,2x4,18,2025-02-21,350.0
West,2,2x4,18,2025-02-28,355.0
West,2,2x4,18,2025-03-07,360.0
West,2,2x4,18,2025-03-14,370.0
West,2,2x4,18,2025-03-21,380.0
West,2,2x4,18,2025-03-28,390.0
West,2,2x4,18,2025-04-04,405.0
West,2,2x4,18,2025-04-11,415.0
West,2,2x4,18,2025-04-18,430.0
West,2,2x4,18,2025-04-25,440.0
West,2,2x4,18,2025-05-02,445.0
West,2,2x4,18,2025-05-09,445.0
West,2,2x4,18,2025-05-16,435.0
West,2,2x4,18,2025-05-23,415.0
West,2,2x4,18,2025-05-30,395.0
West,2,2x4,18,2025-06-06,375.0
West,2,2x4,18,2025-06-13,350.0
West,2,2x4,18,2025-06-19,330.0
West,2,2x4,18,2025-06-27,315.0
West,2,2x4,18,2025-07-03,315.0
West,2,2x4,18,2025-07-11,325.0
West,2,2x4,18,2025-07-18,330.0
West,2,2x4,18,2025-07-25,330.0
West,2,2x4,18,2025-08-01,335.0
West,2,2x4,18,2025-08-08,335.0
West,2,2x4,18,2025-08-15,335.0
West,2,2x4,18,2025-08-22,325.0
West,2,2x4,18,2025-08-29,315.0
West,2,2x4,18,2025-09-05,300.0
West,2,2x4,18,2025-09-12,290.0
West,2,2x4,18,2025-09-19,290.0
West,2,2x4,18,2025-09-26,290.0
West,2,2x4,18,2025-10-03,295.0
West,2,2x4,18,2025-10-10,300.0
West,2,2x4,18,2025-10-17,305.0
West,2,2x4,20,2024-01-12,455.0
West,2,2x4,20,2024-01-18,450.0
West,2,2x4,20,2024-01-25,430.0
West,2,2x4,20,2024-02-08,395.0
West,2,2x4,20,2024-02-15,390.0
West,2,2x4,20,2024-02-22,390.0
West,2,2x4,20,2024-02-29,395.0
West,2,2x4,20,2024-03-07,400.0
West,2,2x4,20,2024-03-14,400.0
West,2,2x4,20,2024-03-21,390.0
West,2,2x4,20,2024-03-28,375.0
West,2,2x4,20,2024-04-04,350.0
West,2,2x4,20,2024-04-11,325.0
West,2,2x4,20,2024-04-18,310.0
West,2,2x4,20,2024-04-25,300.0
West,2,2x4,20,2024-05-02,300.0
West,2,2x4,20,2024-05-09,310.0
West,2,2x4,20,2024-05-16,320.0
West,2,2x4,20,2024-05-30,340.0
West,2,2x4,20,2024-06-06,340.0
West,2,2x4,20,2024-06-13,340.0
West,2,2x4,20,2024-06-20,335.0
West,2,2x4,20,2024-06-27,325.0
West,2,2x4,20,2024-07-04,320.0
West,2,2x4,20,2024-07-11,320.0
West,2,2x4,20,2024-07-18,330.0
West,2,2x4,20,2024-07-25,340.0
West,2,2x4,20,2024-08-01,345.0
West,2,2x4,20,2024-08-08,350.0
West,2,2x4,20,2024-08-15,355.0
West,2,2x4,20,2024-08-22,355.0
West,2,2x4,20,2024-08-29,355.0
West,2,2x4,20,2024-09-05,355.0
West,2,2x4,20,2024-09-12,355.0
West,2,2x4,20,2024-09-20,355.0
West,2,2x4,20,2024-09-26,355.0
West,2,2x4,20,2024-09-27,365.0
West,2,2x4,20,2024-10-04,380.0
West,2,2x4,20,2024-10-11,400.0
West,2,2x4,20,2024-10-18,420.0
West,2,2x4,20,2024-10-25,430.0
West,2,2x4,20,2024-11-01,435.0
West,2,2x4,20,2024-11-08,425.0
West,2,2x4,20,2024-11-15,410.0
West,2,2x4,20,2024-11-22,380.0
West,2,2x4,20,2024-11-27,360.0
West,2,2x4,20,2024-12-06,340.0
West,2,2x4,20,2024-12-13,340.0
West,2,2x4,20,2024-12-20,350.0
West,2,2x4,20,2025-01-03,375.0
West,2,2x4,20,2025-01-10,385.0
West,2,2x4,20,2025-01-17,385.0
West,2,2x4,20,2025-01-24,380.0
West,2,2x4,20,2025-01-31,365.0
West,2,2x4,20,2025-02-07,370.0
West,2,2x4,20,2025-02-14,375.0
West,2,2x4,20,2025-02-21,380.0
West,2,2x4,20,2025-02-28,385.0
West,2,2x4,20,2025-03-07,390.0
West,2,2x4,20,2025-03-14,395.0
West,2,2x4,20,2025-03-21,405.0
West,2,2x4,20,2025-03-28,415.0
West,2,2x4,20,2025-04-04,420.0
West,2,2x4,20,2025-04-11,425.0
West,2,2x4,20,2025-04-18,440.0
West,2,2x4,20,2025-04-25,455.0
West,2,2x4,20,2025-05-02,460.0
West,2,2x4,20,2025-05-09,460.0
West,2,2x4,20,2025-05-16,450.0
West,2,2x4,20,2025-05-23,430.0
West,2,2x4,20,2025-05-30,410.0
West,2,2x4,20,2025-06-06,390.0
West,2,2x4,20,2025-06-13,365.0
West,2,2x4,20,2025-06-19,345.0
West,2,2x4,20,2025-06-27,325.0
West,2,2x4,20,2025-07-03,325.0
West,2,2x4,20,2025-07-11,330.0
West,2,2x4,20,2025-07-18,335.0
West,2,2x4,20,2025-07-25,335.0
West,2,2x4,20,2025-08-01,340.0
West,2,2x4,20,2025-08-08,340.0
West,2,2x4,20,2025-08-15,335.0
West,2,2x4,20,2025-08-22,325.0
West,2,2x4,20,2025-08-29,315.0
West,2,2x4,20,2025-09-05,300.0
West,2,2x4,20,2025-09-12,290.0
West,2,2x4,20,2025-09-19,290.0
West,2,2x4,20,2025-09-26,290.0
West,2,2x4,20,2025-10-03,295.0
West,2,2x4,20,2025-10-10,300.0
West,2,2x4,20,2025-10-17,305.0
West,2,2x6,8,2024-01-12,305.0
West,2,2x6,8,2024-01-18,300.0
West,2,2x6,8,2024-01-25,280.0
West,2,2x6,8,2024-02-08,270.0
West,2,2x6,8,2024-02-15,285.0
West,2,2x6,8,2024-02-22,300.0
West,2,2x6,8,2024-02-29,320.0
West,2,2x6,8,2024-03-07,330.0
West,2,2x6,8,2024-03-14,335.0
West,2,2x6,8,2024-03-21,320.0
West,2,2x6,8,2024-03-28,320.0
West,2,2x6,8,2024-04-04,300.0
West,2,2x6,8,2024-04-11,280.0
West,2,2x6,8,2024-04-18,265.0
West,2,2x6,8,2024-04-25,260.0
West,2,2x6,8,2024-05-02,260.0
West,2,2x6,8,2024-05-09,265.0
West,2,2x6,8,2024-05-16,270.0
West,2,2x6,8,2024-05-30,285.0
West,2,2x6,8,2024-06-06,275.0
West,2,2x6,8,2024-06-13,260.0
West,2,2x6,8,2024-06-20,240.0
West,2,2x6,8,2024-06-27,225.0
West,2,2x6,8,2024-07-04,225.0
West,2,2x6,8,2024-07-11,225.0
West,2,2x6,8,2024-07-18,235.0
West,2,2x6,8,2024-07-25,245.0
West,2,2x6,8,2024-08-01,250.0
West,2,2x6,8,2024-08-08,250.0
West,2,2x6,8,2024-08-15,240.0
West,2,2x6,8,2024-08-22,230.0
West,2,2x6,8,2024-08-29,225.0
West,2,2x6,8,2024-09-05,225.0
West,2,2x6,8,2024-09-12,225.0
West,2,2x6,8,2024-09-20,245.0
West,2,2x6,8,2024-09-26,245.0
West,2,2x6,8,2024-09-27,255.0
West,2,2x6,8,2024-10-04,270.0
West,2,2x6,8,2024-10-11,300.0
West,2,2x6,8,2024-10-18,320.0
West,2,2x6,8,2024-10-25,340.0
West,2,2x6,8,2024-11-01,345.0
West,2,2x6,8,2024-11-08,340.0
West,2,2x6,8,2024-11-15,330.0
West,2,2x6,8,2024-11-22,315.0
West,2,2x6,8,2024-11-27,305.0
West,2,2x6,8,2024-12-06,300.0
West,2,2x6,8,2024-12-13,305.0
West,2,2x6,8,2024-12-20,325.0
West,2,2x6,8,2025-01-03,365.0
West,2,2x6,8,2025-01-10,365.0
West,2,2x6,8,2025-01-17,370.0
West,2,2x6,8,2025-01-24,365.0
West,2,2x6,8,2025-01-31,360.0
West,2,2x6,8,2025-02-07,365.0
West,2,2x6,8,2025-02-14,375.0
West,2,2x6,8,2025-02-21,380.0
West,2,2x6,8,2025-02-28,380.0
West,2,2x6,8,2025-03-07,380.0
West,2,2x6,8,2025-03-14,380.0
West,2,2x6,8,2025-03-21,375.0
West,2,2x6,8,2025-03-28,355.0
West,2,2x6,8,2025-04-04,350.0
West,2,2x6,8,2025-04-11,350.0
West,2,2x6,8,2025-04-18,355.0
West,2,2x6,8,2025-04-25,360.0
West,2,2x6,8,2025-05-02,360.0
West,2,2x6,8,2025-05-09,345.0
West,2,2x6,8,2025-05-16,320.0
West,2,2x6,8,2025-05-23,290.0
West,2,2x6,8,2025-05-30,265.0
West,2,2x6,8,2025-06-06,245.0
West,2,2x6,8,2025-06-13,245.0
West,2,2x6,8,2025-06-19,245.0
West,2,2x6,8,2025-06-27,260.0
West,2,2x6,8,2025-07-03,270.0
West,2,2x6,8,2025-07-11,280.0
West,2,2x6,8,2025-07-18,285.0
West,2,2x6,8,2025-07-25,290.0
West,2,2x6,8,2025-08-01,295.0
West,2,2x6,8,2025-08-08,295.0
West,2,2x6,8,2025-08-15,285.0
West,2,2x6,8,2025-08-22,280.0
West,2,2x6,8,2025-08-29,270.0
West,2,2x6,8,2025-09-05,260.0
West,2,2x6,8,2025-09-12,260.0
West,2,2x6,8,2025-09-19,260.0
West,2,2x6,8,2025-09-26,270.0
West,2,2x6,8,2025-10-03,280.0
West,2,2x6,8,2025-10-10,290.0
West,2,2x6,8,2025-10-17,295.0
West,2,2x6,10,2024-01-12,385.0
West,2,2x6,10,2024-01-18,380.0
West,2,2x6,10,2024-01-25,360.0
West,2,2x6,10,2024-02-08,350.0
West,2,2x6,10,2024-02-15,360.0
West,2,2x6,10,2024-02-22,370.0
West,2,2x6,10,2024-02-29,385.0
West,2,2x6,10,2024-03-07,395.0
West,2,2x6,10,2024-03-14,395.0
West,2,2x6,10,2024-03-21,375.0
West,2,2x6,10,2024-03-28,360.0
West,2,2x6,10,2024-04-04,340.0
West,2,2x6,10,2024-04-11,320.0
West,2,2x6,10,2024-04-18,305.0
West,2,2x6,10,2024-04-25,300.0
West,2,2x6,10,2024-05-02,300.0
West,2,2x6,10,2024-05-09,305.0
West,2,2x6,10,2024-05-16,310.0
West,2,2x6,10,2024-05-30,325.0
West,2,2x6,10,2024-06-06,315.0
West,2,2x6,10,2024-06-13,290.0
West,2,2x6,10,2024-06-20,270.0
West,2,2x6,10,2024-06-27,255.0
West,2,2x6,10,2024-07-04,245.0
West,2,2x6,10,2024-07-11,245.0
West,2,2x6,10,2024-07-18,255.0
West,2,2x6,10,2024-07-25,265.0
West,2,2x6,10,2024-08-01,270.0
West,2,2x6,10,2024-08-08,270.0
West,2,2x6,10,2024-08-15,260.0
West,2,2x6,10,2024-08-22,250.0
West,2,2x6,10,2024-08-29,245.0
West,2,2x6,10,2024-09-05,245.0
West,2,2x6,10,2024-09-12,245.0
West,2,2x6,10,2024-09-20,250.0
West,2,2x6,10,2024-09-26,250.0
West,2,2x6,10,2024-09-27,260.0
West,2,2x6,10,2024-10-04,275.0
West,2,2x6,10,2024-10-11,305.0
West,2,2x6,10,2024-10-18,325.0
West,2,2x6,10,2024-10-25,345.0
West,2,2x6,10,2024-11-01,350.0
West,2,2x6,10,2024-11-08,345.0
West,2,2x6,10,2024-11-15,335.0
West,2,2x6,10,2024-11-22,320.0
West,2,2x6,10,2024-11-27,310.0
West,2,2x6,10,2024-12-06,305.0
West,2,2x6,10,2024-12-13,310.0
West,2,2x6,10,2024-12-20,330.0
West,2,2x6,10,2025-01-03,370.0
West,2,2x6,10,2025-01-10,385.0
West,2,2x6,10,2025-01-17,390.0
West,2,2x6,10,2025-01-24,380.0
West,2,2x6,10,2025-01-31,370.0
West,2,2x6,10,2025-02-07,375.0
West,2,2x6,10,2025-02-14,385.0
West,2,2x6,10,2025-02-21,390.0
West,2,2x6,10,2025-02-28,390.0
West,2,2x6,10,2025-03-07,390.0
West,2,2x6,10,2025-03-14,390.0
West,2,2x6,10,2025-03-21,380.0
West,2,2x6,10,2025-03-28,360.0
West,2,2x6,10,2025-04-04,355.0
West,2,2x6,10,2025-04-11,355.0
West,2,2x6,10,2025-04-18,360.0
West,2,2x6,10,2025-04-25,365.0
West,2,2x6,10,2025-05-02,365.0
West,2,2x6,10,2025-05-09,350.0
West,2,2x6,10,2025-05-16,330.0
West,2,2x6,10,2025-05-23,295.0
West,2,2x6,10,2025-05-30,270.0
West,2,2x6,10,2025-06-06,250.0
West,2,2x6,10,2025-06-13,250.0
West,2,2x6,10,2025-06-19,250.0
West,2,2x6,10,2025-06-27,265.0
West,2,2x6,10,2025-07-03,275.0
West,2,2x6,10,2025-07-11,285.0
West,2,2x6,10,2025-07-18,290.0
West,2,2x6,10,2025-07-25,295.0
West,2,2x6,10,2025-08-01,295.0
West,2,2x6,10,2025-08-08,295.0
West,2,2x6,10,2025-08-15,290.0
West,2,2x6,10,2025-08-22,285.0
West,2,2x6,10,2025-08-29,275.0
West,2,2x6,10,2025-09-05,265.0
West,2,2x6,10,2025-09-12,265.0
West,2,2x6,10,2025-09-19,265.0
West,2,2x6,10,2025-09-26,275.0
West,2,2x6,10,2025-10-03,285.0
West,2,2x6,10,2025-10-10,295.0
West,2,2x6,10,2025-10-17,300.0
West,2,2x6,12,2024-01-12,390.0
West,2,2x6,12,2024-01-18,385.0
West,2,2x6,12,2024-01-25,370.0
West,2,2x6,12,2024-02-08,360.0
West,2,2x6,12,2024-02-15,375.0
West,2,2x6,12,2024-02-22,390.0
West,2,2x6,12,2024-02-29,410.0
West,2,2x6,12,2024-03-07,420.0
West,2,2x6,12,2024-03-14,420.0
West,2,2x6,12,2024-03-21,405.0
West,2,2x6,12,2024-03-28,390.0
West,2,2x6,12,2024-04-04,370.0
West,2,2x6,12,2024-04-11,350.0
West,2,2x6,12,2024-04-18,335.0
West,2,2x6,12,2024-04-25,330.0
West,2,2x6,12,2024-05-02,330.0
West,2,2x6,12,2024-05-09,335.0
West,2,2x6,12,2024-05-16,340.0
West,2,2x6,12,2024-05-30,355.0
West,2,2x6,12,2024-06-06,345.0
West,2,2x6,12,2024-06-13,315.0
West,2,2x6,12,2024-06-20,295.0
West,2,2x6,12,2024-06-27,280.0
West,2,2x6,12,2024-07-04,270.0
West,2,2x6,12,2024-07-11,270.0
West,2,2x6,12,2024-07-18,280.0
West,2,2x6,12,2024-07-25,290.0
West,2,2x6,12,2024-08-01,295.0
West,2,2x6,12,2024-08-08,295.0
West,2,2x6,12,2024-08-15,285.0
West,2,2x6,12,2024-08-22,275.0
West,2,2x6,12,2024-08-29,270.0
West,2,2x6,12,2024-09-05,270.0
West,2,2x6,12,2024-09-12,270.0
West,2,2x6,12,2024-09-20,275.0
West,2,2x6,12,2024-09-26,275.0
West,2,2x6,12,2024-09-27,285.0
West,2,2x6,12,2024-10-04,300.0
West,2,2x6,12,2024-10-11,330.0
West,2,2x6,12,2024-10-18,350.0
West,2,2x6,12,2024-10-25,365.0
West,2,2x6,12,2024-11-01,370.0
West,2,2x6,12,2024-11-08,365.0
West,2,2x6,12,2024-11-15,355.0
West,2,2x6,12,2024-11-22,340.0
West,2,2x6,12,2024-11-27,330.0
West,2,2x6,12,2024-12-06,325.0
West,2,2x6,12,2024-12-13,330.0
West,2,2x6,12,2024-12-20,350.0
West,2,2x6,12,2025-01-03,390.0
West,2,2x6,12,2025-01-10,410.0
West,2,2x6,12,2025-01-17,415.0
West,2,2x6,12,2025-01-24,410.0
West,2,2x6,12,2025-01-31,405.0
West,2,2x6,12,2025-02-07,410.0
West,2,2x6,12,2025-02-14,420.0
West,2,2x6,12,2025-02-21,425.0
West,2,2x6,12,2025-02-28,425.0
West,2,2x6,12,2025-03-07,425.0
West,2,2x6,12,2025-03-14,425.0
West,2,2x6,12,2025-03-21,415.0
West,2,2x6,12,2025-03-28,395.0
West,2,2x6,12,2025-04-04,390.0
West,2,2x6,12,2025-04-11,390.0
West,2,2x6,12,2025-04-18,395.0
West,2,2x6,12,2025-04-25,400.0
West,2,2x6,12,2025-05-02,400.0
West,2,2x6,12,2025-05-09,385.0
West,2,2x6,12,2025-05-16,365.0
West,2,2x6,12,2025-05-23,325.0
West,2,2x6,12,2025-05-30,300.0
West,2,2x6,12,2025-06-06,280.0
West,2,2x6,12,2025-06-13,280.0
West,2,2x6,12,2025-06-19,280.0
West,2,2x6,12,2025-06-27,295.0
West,2,2x6,12,2025-07-03,305.0
West,2,2x6,12,2025-07-11,315.0
West,2,2x6,12,2025-07-18,320.0
West,2,2x6,12,2025-07-25,325.0
West,2,2x6,12,2025-08-01,330.0
West,2,2x6,12,2025-08-08,330.0
West,2,2x6,12,2025-08-15,325.0
West,2,2x6,12,2025-08-22,315.0
West,2,2x6,12,2025-08-29,295.0
West,2,2x6,12,2025-09-05,280.0
West,2,2x6,12,2025-09-12,280.0
West,2,2x6,12,2025-09-19,280.0
West,2,2x6,12,2025-09-26,290.0
West,2,2x6,12,2025-10-03,300.0
West,2,2x6,12,2025-10-10,310.0
West,2,2x6,12,2025-10-17,315.0
West,2,2x6,14,2024-01-12,375.0
West,2,2x6,14,2024-01-18,370.0
West,2,2x6,14,2024-01-25,355.0
West,2,2x6,14,2024-02-08,345.0
West,2,2x6,14,2024-02-15,355.0
West,2,2x6,14,2024-02-22,370.0
West,2,2x6,14,2024-02-29,390.0
West,2,2x6,14,2024-03-07,400.0
West,2,2x6,14,2024-03-14,400.0
West,2,2x6,14,2024-03-21,385.0
West,2,2x6,14,2024-03-28,370.0
West,2,2x6,14,2024-04-04,350.0
West,2,2x6,14,2024-04-11,330.0
West,2,2x6,14,2024-04-18,315.0
West,2,2x6,14,2024-04-25,305.0
West,2,2x6,14,2024-05-02,305.0
West,2,2x6,14,2024-05-09,310.0
West,2,2x6,14,2024-05-16,315.0
West,2,2x6,14,2024-05-30,330.0
West,2,2x6,14,2024-06-06,320.0
West,2,2x6,14,2024-06-13,300.0
West,2,2x6,14,2024-06-20,280.0
West,2,2x6,14,2024-06-27,265.0
West,2,2x6,14,2024-07-04,255.0
West,2,2x6,14,2024-07-11,255.0
West,2,2x6,14,2024-07-18,265.0
West,2,2x6,14,2024-07-25,275.0
West,2,2x6,14,2024-08-01,280.0
West,2,2x6,14,2024-08-08,280.0
West,2,2x6,14,2024-08-15,270.0
West,2,2x6,14,2024-08-22,260.0
West,2,2x6,14,2024-08-29,255.0
West,2,2x6,14,2024-09-05,255.0
West,2,2x6,14,2024-09-12,255.0
West,2,2x6,14,2024-09-20,260.0
West,2,2x6,14,2024-09-26,260.0
West,2,2x6,14,2024-09-27,270.0
West,2,2x6,14,2024-10-04,285.0
West,2,2x6,14,2024-10-11,315.0
West,2,2x6,14,2024-10-18,335.0
West,2,2x6,14,2024-10-25,350.0
West,2,2x6,14,2024-11-01,355.0
West,2,2x6,14,2024-11-08,350.0
West,2,2x6,14,2024-11-15,340.0
West,2,2x6,14,2024-11-22,325.0
West,2,2x6,14,2024-11-27,315.0
West,2,2x6,14,2024-12-06,310.0
West,2,2x6,14,2024-12-13,315.0
West,2,2x6,14,2024-12-20,335.0
West,2,2x6,14,2025-01-03,375.0
West,2,2x6,14,2025-01-10,395.0
West,2,2x6,14,2025-01-17,400.0
West,2,2x6,14,2025-01-24,390.0
West,2,2x6,14,2025-01-31,385.0
West,2,2x6,14,2025-02-07,390.0
West,2,2x6,14,2025-02-14,400.0
West,2,2x6,14,2025-02-21,405.0
West,2,2x6,14,2025-02-28,405.0
West,2,2x6,14,2025-03-07,405.0
West,2,2x6,14,2025-03-14,405.0
West,2,2x6,14,2025-03-21,400.0
West,2,2x6,14,2025-03-28,380.0
West,2,2x6,14,2025-04-04,370.0
West,2,2x6,14,2025-04-11,370.0
West,2,2x6,14,2025-04-18,375.0
West,2,2x6,14,2025-04-25,380.0
West,2,2x6,14,2025-05-02,380.0
West,2,2x6,14,2025-05-09,365.0
West,2,2x6,14,2025-05-16,345.0
West,2,2x6,14,2025-05-23,315.0
West,2,2x6,14,2025-05-30,290.0
West,2,2x6,14,2025-06-06,270.0
West,2,2x6,14,2025-06-13,270.0
West,2,2x6,14,2025-06-19,270.0
West,2,2x6,14,2025-06-27,285.0
West,2,2x6,14,2025-07-03,295.0
West,2,2x6,14,2025-07-11,305.0
West,2,2x6,14,2025-07-18,310.0
West,2,2x6,14,2025-07-25,315.0
West,2,2x6,14,2025-08-01,320.0
West,2,2x6,14,2025-08-08,320.0
West,2,2x6,14,2025-08-15,315.0
West,2,2x6,14,2025-08-22,305.0
West,2,2x6,14,2025-08-29,290.0
West,2,2x6,14,2025-09-05,275.0
West,2,2x6,14,2025-09-12,275.0
West,2,2x6,14,2025-09-19,275.0
West,2,2x6,14,2025-09-26,285.0
West,2,2x6,14,2025-10-03,295.0
West,2,2x6,14,2025-10-10,305.0
West,2,2x6,14,2025-10-17,310.0
West,2,2x6,16,2024-01-12,390.0
West,2,2x6,16,2024-01-18,385.0
West,2,2x6,16,2024-01-25,365.0
West,2,2x6,16,2024-02-08,355.0
West,2,2x6,16,2024-02-15,370.0
West,2,2x6,16,2024-02-22,385.0
West,2,2x6,16,2024-02-29,405.0
West,2,2x6,16,2024-03-07,415.0
West,2,2x6,16,2024-03-14,415.0
West,2,2x6,16,2024-03-21,400.0
West,2,2x6,16,2024-03-28,385.0
West,2,2x6,16,2024-04-04,365.0
West,2,2x6,16,2024-04-11,345.0
West,2,2x6,16,2024-04-18,330.0
West,2,2x6,16,2024-04-25,320.0
West,2,2x6,16,2024-05-02,320.0
West,2,2x6,16,2024-05-09,325.0
West,2,2x6,16,2024-05-16,330.0
West,2,2x6,16,2024-05-30,345.0
West,2,2x6,16,2024-06-06,335.0
West,2,2x6,16,2024-06-13,310.0
West,2,2x6,16,2024-06-20,290.0
West,2,2x6,16,2024-06-27,275.0
West,2,2x6,16,2024-07-04,265.0
West,2,2x6,16,2024-07-11,265.0
West,2,2x6,16,2024-07-18,275.0
West,2,2x6,16,2024-07-25,285.0
West,2,2x6,16,2024-08-01,290.0
West,2,2x6,16,2024-08-08,290.0
West,2,2x6,16,2024-08-15,280.0
West,2,2x6,16,2024-08-22,270.0
West,2,2x6,16,2024-08-29,265.0
West,2,2x6,16,2024-09-05,265.0
West,2,2x6,16,2024-09-12,265.0
West,2,2x6,16,2024-09-20,270.0
West,2,2x6,16,2024-09-26,270.0
West,2,2x6,16,2024-09-27,280.0
West,2,2x6,16,2024-10-04,300.0
West,2,2x6,16,2024-10-11,340.0
West,2,2x6,16,2024-10-18,360.0
West,2,2x6,16,2024-10-25,375.0
West,2,2x6,16,2024-11-01,380.0
West,2,2x6,16,2024-11-08,375.0
West,2,2x6,16,2024-11-15,365.0
West,2,2x6,16,2024-11-22,350.0
West,2,2x6,16,2024-11-27,340.0
West,2,2x6,16,2024-12-06,335.0
West,2,2x6,16,2024-12-13,340.0
West,2,2x6,16,2024-12-20,360.0
West,2,2x6,16,2025-01-03,400.0
West,2,2x6,16,2025-01-10,415.0
West,2,2x6,16,2025-01-17,420.0
West,2,2x6,16,2025-01-24,410.0
West,2,2x6,16,2025-01-31,405.0
West,2,2x6,16,2025-02-07,410.0
West,2,2x6,16,2025-02-14,415.0
West,2,2x6,16,2025-02-21,420.0
West,2,2x6,16,2025-02-28,420.0
West,2,2x6,16,2025-03-07,420.0
West,2,2x6,16,2025-03-14,420.0
West,2,2x6,16,2025-03-21,415.0
West,2,2x6,16,2025-03-28,395.0
West,2,2x6,16,2025-04-04,385.0
West,2,2x6,16,2025-04-11,385.0
West,2,2x6,16,2025-04-18,390.0
West,2,2x6,16,2025-04-25,395.0
West,2,2x6,16,2025-05-02,395.0
West,2,2x6,16,2025-05-09,380.0
West,2,2x6,16,2025-05-16,360.0
West,2,2x6,16,2025-05-23,325.0
West,2,2x6,16,2025-05-30,300.0
West,2,2x6,16,2025-06-06,280.0
West,2,2x6,16,2025-06-13,280.0
West,2,2x6,16,2025-06-19,280.0
West,2,2x6,16,2025-06-27,295.0
West,2,2x6,16,2025-07-03,305.0
West,2,2x6,16,2025-07-11,315.0
West,2,2x6,16,2025-07-18,320.0
West,2,2x6,16,2025-07-25,325.0
West,2,2x6,16,2025-08-01,330.0
West,2,2x6,16,2025-08-08,330.0
West,2,2x6,16,2025-08-15,325.0
West,2,2x6,16,2025-08-22,315.0
West,2,2x6,16,2025-08-29,300.0
West,2,2x6,16,2025-09-05,285.0
West,2,2x6,16,2025-09-12,285.0
West,2,2x6,16,2025-09-19,285.0
West,2,2x6,16,2025-09-26,295.0
West,2,2x6,16,2025-10-03,305.0
West,2,2x6,16,2025-10-10,315.0
West,2,2x6,16,2025-10-17,320.0
West,2,2x6,18,2024-01-12,375.0
West,2,2x6,18,2024-01-18,370.0
West,2,2x6,18,2024-01-25,350.0
West,2,2x6,18,2024-02-08,340.0
West,2,2x6,18,2024-02-15,350.0
West,2,2x6,18,2024-02-22,360.0
West,2,2x6,18,2024-02-29,375.0
West,2,2x6,18,2024-03-07,380.0
West,2,2x6,18,2024-03-14,375.0
West,2,2x6,18,2024-03-21,360.0
West,2,2x6,18,2024-03-28,345.0
West,2,2x6,18,2024-04-04,325.0
West,2,2x6,18,2024-04-11,305.0
West,2,2x6,18,2024-04-18,290.0
West,2,2x6,18,2024-04-25,285.0
West,2,2x6,18,2024-05-02,285.0
West,2,2x6,18,2024-05-09,290.0
West,2,2x6,18,2024-05-16,295.0
West,2,2x6,18,2024-05-30,310.0
West,2,2x6,18,2024-06-06,300.0
West,2,2x6,18,2024-06-13,280.0
West,2,2x6,18,2024-06-20,260.0
West,2,2x6,18,2024-06-27,245.0
West,2,2x6,18,2024-07-04,235.0
West,2,2x6,18,2024-07-11,235.0
West,2,2x6,18,2024-07-18,245.0
West,2,2x6,18,2024-07-25,255.0
West,2,2x6,18,2024-08-01,260.0
West,2,2x6,18,2024-08-08,260.0
West,2,2x6,18,2024-08-15,250.0
West,2,2x6,18,2024-08-22,240.0
West,2,2x6,18,2024-08-29,235.0
West,2,2x6,18,2024-09-05,235.0
West,2,2x6,18,2024-09-12,235.0
West,2,2x6,18,2024-09-20,240.0
West,2,2x6,18,2024-09-26,240.0
West,2,2x6,18,2024-09-27,250.0
West,2,2x6,18,2024-10-04,265.0
West,2,2x6,18,2024-10-11,295.0
West,2,2x6,18,2024-10-18,315.0
West,2,2x6,18,2024-10-25,335.0
West,2,2x6,18,2024-11-01,340.0
West,2,2x6,18,2024-11-08,335.0
West,2,2x6,18,2024-11-15,325.0
West,2,2x6,18,2024-11-22,310.0
West,2,2x6,18,2024-11-27,300.0
West,2,2x6,18,2024-12-06,295.0
West,2,2x6,18,2024-12-13,300.0
West,2,2x6,18,2024-12-20,320.0
West,2,2x6,18,2025-01-03,360.0
West,2,2x6,18,2025-01-10,380.0
West,2,2x6,18,2025-01-17,385.0
West,2,2x6,18,2025-01-24,380.0
West,2,2x6,18,2025-01-31,370.0
West,2,2x6,18,2025-02-07,375.0
West,2,2x6,18,2025-02-14,380.0
West,2,2x6,18,2025-02-21,385.0
West,2,2x6,18,2025-02-28,385.0
West,2,2x6,18,2025-03-07,385.0
West,2,2x6,18,2025-03-14,385.0
West,2,2x6,18,2025-03-21,380.0
West,2,2x6,18,2025-03-28,360.0
West,2,2x6,18,2025-04-04,350.0
West,2,2x6,18,2025-04-11,350.0
West,2,2x6,18,2025-04-18,355.0
West,2,2x6,18,2025-04-25,360.0
West,2,2x6,18,2025-05-02,360.0
West,2,2x6,18,2025-05-09,345.0
West,2,2x6,18,2025-05-16,320.0
West,2,2x6,18,2025-05-23,285.0
West,2,2x6,18,2025-05-30,255.0
West,2,2x6,18,2025-06-06,245.0
West,2,2x6,18,2025-06-13,245.0
West,2,2x6,18,2025-06-19,245.0
West,2,2x6,18,2025-06-27,260.0
West,2,2x6,18,2025-07-03,270.0
West,2,2x6,18,2025-07-11,280.0
West,2,2x6,18,2025-07-18,285.0
West,2,2x6,18,2025-07-25,290.0
West,2,2x6,18,2025-08-01,290.0
West,2,2x6,18,2025-08-08,290.0
West,2,2x6,18,2025-08-15,285.0
West,2,2x6,18,2025-08-22,280.0
West,2,2x6,18,2025-08-29,265.0
West,2,2x6,18,2025-09-05,255.0
West,2,2x6,18,2025-09-12,255.0
West,2,2x6,18,2025-09-19,255.0
West,2,2x6,18,2025-09-26,265.0
West,2,2x6,18,2025-10-03,275.0
West,2,2x6,18,2025-10-10,280.0
West,2,2x6,18,2025-10-17,285.0
West,2,2x6,20,2024-01-12,385.0
West,2,2x6,20,2024-01-18,380.0
West,2,2x6,20,2024-01-25,360.0
West,2,2x6,20,2024-02-08,350.0
West,2,2x6,20,2024-02-15,360.0
West,2,2x6,20,2024-02-22,375.0
West,2,2x6,20,2024-02-29,390.0
West,2,2x6,20,2024-03-07,400.0
West,2,2x6,20,2024-03-14,400.0
West,2,2x6,20,2024-03-21,385.0
West,2,2x6,20,2024-03-28,370.0
West,2,2x6,20,2024-04-04,350.0
West,2,2x6,20,2024-04-11,330.0
West,2,2x6,20,2024-04-18,315.0
West,2,2x6,20,2024-04-25,310.0
West,2,2x6,20,2024-05-02,310.0
West,2,2x6,20,2024-05-09,315.0
West,2,2x6,20,2024-05-16,320.0
West,2,2x6,20,2024-05-30,330.0
West,2,2x6,20,2024-06-06,320.0
West,2,2x6,20,2024-06-13,295.0
West,2,2x6,20,2024-06-20,275.0
West,2,2x6,20,2024-06-27,260.0
West,2,2x6,20,2024-07-04,250.0
West,2,2x6,20,2024-07-11,250.0
West,2,2x6,20,2024-07-18,260.0
West,2,2x6,20,2024-07-25,265.0
West,2,2x6,20,2024-08-01,270.0
West,2,2x6,20,2024-08-08,270.0
West,2,2x6,20,2024-08-15,260.0
West,2,2x6,20,2024-08-22,250.0
West,2,2x6,20,2024-08-29,245.0
West,2,2x6,20,2024-09-05,245.0
West,2,2x6,20,2024-09-12,245.0
West,2,2x6,20,2024-09-20,250.0
West,2,2x6,20,2024-09-26,250.0
West,2,2x6,20,2024-09-27,260.0
West,2,2x6,20,2024-10-04,280.0
West,2,2x6,20,2024-10-11,310.0
West,2,2x6,20,2024-10-18,330.0
West,2,2x6,20,2024-10-25,350.0
West,2,2x6,20,2024-11-01,355.0
West,2,2x6,20,2024-11-08,350.0
West,2,2x6,20,2024-11-15,340.0
West,2,2x6,20,2024-11-22,325.0
West,2,2x6,20,2024-11-27,315.0
West,2,2x6,20,2024-12-06,310.0
West,2,2x6,20,2024-12-13,315.0
West,2,2x6,20,2024-12-20,335.0
West,2,2x6,20,2025-01-03,375.0
West,2,2x6,20,2025-01-10,390.0
West,2,2x6,20,2025-01-17,395.0
West,2,2x6,20,2025-01-24,385.0
West,2,2x6,20,2025-01-31,375.0
West,2,2x6,20,2025-02-07,380.0
West,2,2x6,20,2025-02-14,385.0
West,2,2x6,20,2025-02-21,390.0
West,2,2x6,20,2025-02-28,390.0
West,2,2x6,20,2025-03-07,390.0
West,2,2x6,20,2025-03-14,390.0
West,2,2x6,20,2025-03-21,385.0
West,2,2x6,20,2025-03-28,365.0
West,2,2x6,20,2025-04-04,355.0
West,2,2x6,20,2025-04-11,355.0
West,2,2x6,20,2025-04-18,360.0
West,2,2x6,20,2025-04-25,365.0
West,2,2x6,20,2025-05-02,365.0
West,2,2x6,20,2025-05-09,350.0
West,2,2x6,20,2025-05-16,325.0
West,2,2x6,20,2025-05-23,285.0
West,2,2x6,20,2025-05-30,255.0
West,2,2x6,20,2025-06-06,235.0
West,2,2x6,20,2025-06-13,235.0
West,2,2x6,20,2025-06-19,235.0
West,2,2x6,20,2025-06-27,250.0
West,2,2x6,20,2025-07-03,260.0
West,2,2x6,20,2025-07-11,270.0
West,2,2x6,20,2025-07-18,275.0
West,2,2x6,20,2025-07-25,280.0
West,2,2x6,20,2025-08-01,280.0
West,2,2x6,20,2025-08-08,280.0
West,2,2x6,20,2025-08-15,275.0
West,2,2x6,20,2025-08-22,270.0
West,2,2x6,20,2025-08-29,255.0
West,2,2x6,20,2025-09-05,245.0
West,2,2x6,20,2025-09-12,245.0
West,2,2x6,20,2025-09-19,245.0
West,2,2x6,20,2025-09-26,255.0
West,2,2x6,20,2025-10-03,265.0
West,2,2x6,20,2025-10-10,270.0
West,2,2x6,20,2025-10-17,275.0
West,2,2x8,8,2024-01-12,320.0
West,2,2x8,8,2024-01-18,315.0
West,2,2x8,8,2024-01-25,300.0
West,2,2x8,8,2024-02-08,290.0
West,2,2x8,8,2024-02-15,300.0
West,2,2x8,8,2024-02-22,315.0
West,2,2x8,8,2024-02-29,330.0
West,2,2x8,8,2024-03-07,340.0
West,2,2x8,8,2024-03-14,340.0
West,2,2x8,8,2024-03-21,335.0
West,2,2x8,8,2024-03-28,330.0
West,2,2x8,8,2024-04-04,320.0
West,2,2x8,8,2024-04-11,305.0
West,2,2x8,8,2024-04-18,295.0
West,2,2x8,8,2024-04-25,290.0
West,2,2x8,8,2024-05-02,290.0
West,2,2x8,8,2024-05-09,290.0
West,2,2x8,8,2024-05-16,295.0
West,2,2x8,8,2024-05-30,305.0
West,2,2x8,8,2024-06-06,295.0
West,2,2x8,8,2024-06-13,285.0
West,2,2x8,8,2024-06-20,270.0
West,2,2x8,8,2024-06-27,255.0
West,2,2x8,8,2024-07-04,250.0
West,2,2x8,8,2024-07-11,245.0
West,2,2x8,8,2024-07-18,255.0
West,2,2x8,8,2024-07-25,265.0
West,2,2x8,8,2024-08-01,270.0
West,2,2x8,8,2024-08-08,270.0
West,2,2x8,8,2024-08-15,260.0
West,2,2x8,8,2024-08-22,250.0
West,2,2x8,8,2024-08-29,245.0
West,2,2x8,8,2024-09-05,240.0
West,2,2x8,8,2024-09-12,240.0
West,2,2x8,8,2024-09-20,240.0
West,2,2x8,8,2024-09-26,240.0
West,2,2x8,8,2024-09-27,245.0
West,2,2x8,8,2024-10-04,255.0
West,2,2x8,8,2024-10-11,285.0
West,2,2x8,8,2024-10-18,300.0
West,2,2x8,8,2024-10-25,310.0
West,2,2x8,8,2024-11-01,315.0
West,2,2x8,8,2024-11-08,315.0
West,2,2x8,8,2024-11-15,305.0
West,2,2x8,8,2024-11-22,295.0
West,2,2x8,8,2024-11-27,285.0
West,2,2x8,8,2024-12-06,275.0
West,2,2x8,8,2024-12-13,280.0
West,2,2x8,8,2024-12-20,295.0
West,2,2x8,8,2025-01-03,325.0
West,2,2x8,8,2025-01-10,340.0
West,2,2x8,8,2025-01-17,340.0
West,2,2x8,8,2025-01-24,335.0
West,2,2x8,8,2025-01-31,330.0
West,2,2x8,8,2025-02-07,330.0
West,2,2x8,8,2025-02-14,335.0
West,2,2x8,8,2025-02-21,335.0
West,2,2x8,8,2025-02-28,335.0
West,2,2x8,8,2025-03-07,335.0
West,2,2x8,8,2025-03-14,335.0
West,2,2x8,8,2025-03-21,335.0
West,2,2x8,8,2025-03-28,335.0
West,2,2x8,8,2025-04-04,335.0
West,2,2x8,8,2025-04-11,340.0
West,2,2x8,8,2025-04-18,350.0
West,2,2x8,8,2025-04-25,355.0
West,2,2x8,8,2025-05-02,355.0
West,2,2x8,8,2025-05-09,350.0
West,2,2x8,8,2025-05-16,345.0
West,2,2x8,8,2025-05-23,325.0
West,2,2x8,8,2025-05-30,310.0
West,2,2x8,8,2025-06-06,290.0
West,2,2x8,8,2025-06-13,285.0
West,2,2x8,8,2025-06-19,280.0
West,2,2x8,8,2025-06-27,290.0
West,2,2x8,8,2025-07-03,295.0
West,2,2x8,8,2025-07-11,305.0
West,2,2x8,8,2025-07-18,310.0
West,2,2x8,8,2025-07-25,315.0
West,2,2x8,8,2025-08-01,315.0
West,2,2x8,8,2025-08-08,315.0
West,2,2x8,8,2025-08-15,305.0
West,2,2x8,8,2025-08-22,295.0
West,2,2x8,8,2025-08-29,285.0
West,2,2x8,8,2025-09-05,275.0
West,2,2x8,8,2025-09-12,265.0
West,2,2x8,8,2025-09-19,265.0
West,2,2x8,8,2025-09-26,270.0
West,2,2x8,8,2025-10-03,275.0
West,2,2x8,8,2025-10-10,280.0
West,2,2x8,8,2025-10-17,280.0
West,2,2x8,10,2024-01-12,325.0
West,2,2x8,10,2024-01-18,320.0
West,2,2x8,10,2024-01-25,305.0
West,2,2x8,10,2024-02-08,295.0
West,2,2x8,10,2024-02-15,305.0
West,2,2x8,10,2024-02-22,320.0
West,2,2x8,10,2024-02-29,330.0
West,2,2x8,10,2024-03-07,340.0
West,2,2x8,10,2024-03-14,340.0
West,2,2x8,10,2024-03-21,335.0
West,2,2x8,10,2024-03-28,330.0
West,2,2x8,10,2024-04-04,320.0
West,2,2x8,10,2024-04-11,305.0
West,2,2x8,10,2024-04-18,295.0
West,2,2x8,10,2024-04-25,290.0
West,2,2x8,10,2024-05-02,290.0
West,2,2x8,10,2024-05-09,290.0
West,2,2x8,10,2024-05-16,295.0
West,2,2x8,10,2024-05-30,305.0
West,2,2x8,10,2024-06-06,295.0
West,2,2x8,10,2024-06-13,280.0
West,2,2x8,10,2024-06-20,265.0
West,2,2x8,10,2024-06-27,250.0
West,2,2x8,10,2024-07-04,245.0
West,2,2x8,10,2024-07-11,240.0
West,2,2x8,10,2024-07-18,250.0
West,2,2x8,10,2024-07-25,260.0
West,2,2x8,10,2024-08-01,260.0
West,2,2x8,10,2024-08-08,255.0
West,2,2x8,10,2024-08-15,245.0
West,2,2x8,10,2024-08-22,235.0
West,2,2x8,10,2024-08-29,230.0
West,2,2x8,10,2024-09-05,225.0
West,2,2x8,10,2024-09-12,225.0
West,2,2x8,10,2024-09-20,225.0
West,2,2x8,10,2024-09-26,225.0
West,2,2x8,10,2024-09-27,230.0
West,2,2x8,10,2024-10-04,240.0
West,2,2x8,10,2024-10-11,270.0
West,2,2x8,10,2024-10-18,285.0
West,2,2x8,10,2024-10-25,295.0
West,2,2x8,10,2024-11-01,300.0
West,2,2x8,10,2024-11-08,300.0
West,2,2x8,10,2024-11-15,290.0
West,2,2x8,10,2024-11-22,280.0
West,2,2x8,10,2024-11-27,270.0
West,2,2x8,10,2024-12-06,260.0
West,2,2x8,10,2024-12-13,265.0
West,2,2x8,10,2024-12-20,280.0
West,2,2x8,10,2025-01-03,310.0
West,2,2x8,10,2025-01-10,325.0
West,2,2x8,10,2025-01-17,325.0
West,2,2x8,10,2025-01-24,320.0
West,2,2x8,10,2025-01-31,315.0
West,2,2x8,10,2025-02-07,315.0
West,2,2x8,10,2025-02-14,315.0
West,2,2x8,10,2025-02-21,315.0
West,2,2x8,10,2025-02-28,315.0
West,2,2x8,10,2025-03-07,315.0
West,2,2x8,10,2025-03-14,315.0
West,2,2x8,10,2025-03-21,315.0
West,2,2x8,10,2025-03-28,315.0
West,2,2x8,10,2025-04-04,315.0
West,2,2x8,10,2025-04-11,320.0
West,2,2x8,10,2025-04-18,330.0
West,2,2x8,10,2025-04-25,335.0
West,2,2x8,10,2025-05-02,335.0
West,2,2x8,10,2025-05-09,330.0
West,2,2x8,10,2025-05-16,320.0
West,2,2x8,10,2025-05-23,300.0
West,2,2x8,10,2025-05-30,285.0
West,2,2x8,10,2025-06-06,265.0
West,2,2x8,10,2025-06-13,260.0
West,2,2x8,10,2025-06-19,255.0
West,2,2x8,10,2025-06-27,270.0
West,2,2x8,10,2025-07-03,275.0
West,2,2x8,10,2025-07-11,285.0
West,2,2x8,10,2025-07-18,290.0
West,2,2x8,10,2025-07-25,295.0
West,2,2x8,10,2025-08-01,295.0
West,2,2x8,10,2025-08-08,295.0
West,2,2x8,10,2025-08-15,285.0
West,2,2x8,10,2025-08-22,275.0
West,2,2x8,10,2025-08-29,265.0
West,2,2x8,10,2025-09-05,255.0
West,2,2x8,10,2025-09-12,245.0
West,2,2x8,10,2025-09-19,245.0
West,2,2x8,10,2025-09-26,250.0
West,2,2x8,10,2025-10-03,255.0
West,2,2x8,10,2025-10-10,260.0
West,2,2x8,10,2025-10-17,260.0
West,2,2x8,12,2024-01-12,350.0
West,2,2x8,12,2024-01-18,345.0
West,2,2x8,12,2024-01-25,330.0
West,2,2x8,12,2024-02-08,320.0
West,2,2x8,12,2024-02-15,330.0
West,2,2x8,12,2024-02-22,345.0
West,2,2x8,12,2024-02-29,355.0
West,2,2x8,12,2024-03-07,365.0
West,2,2x8,12,2024-03-14,365.0
West,2,2x8,12,2024-03-21,360.0
West,2,2x8,12,2024-03-28,355.0
West,2,2x8,12,2024-04-04,345.0
West,2,2x8,12,2024-04-11,330.0
West,2,2x8,12,2024-04-18,320.0
West,2,2x8,12,2024-04-25,315.0
West,2,2x8,12,2024-05-02,315.0
West,2,2x8,12,2024-05-09,315.0
West,2,2x8,12,2024-05-16,320.0
West,2,2x8,12,2024-05-30,330.0
West,2,2x8,12,2024-06-06,320.0
West,2,2x8,12,2024-06-13,305.0
West,2,2x8,12,2024-06-20,290.0
West,2,2x8,12,2024-06-27,275.0
West,2,2x8,12,2024-07-04,270.0
West,2,2x8,12,2024-07-11,265.0
West,2,2x8,12,2024-07-18,275.0
West,2,2x8,12,2024-07-25,280.0
West,2,2x8,12,2024-08-01,280.0
West,2,2x8,12,2024-08-08,275.0
West,2,2x8,12,2024-08-15,265.0
West,2,2x8,12,2024-08-22,255.0
West,2,2x8,12,2024-08-29,245.0
West,2,2x8,12,2024-09-05,240.0
West,2,2x8,12,2024-09-12,240.0
West,2,2x8,12,2024-09-20,240.0
West,2,2x8,12,2024-09-26,240.0
West,2,2x8,12,2024-09-27,245.0
West,2,2x8,12,2024-10-04,255.0
West,2,2x8,12,2024-10-11,280.0
West,2,2x8,12,2024-10-18,295.0
West,2,2x8,12,2024-10-25,305.0
West,2,2x8,12,2024-11-01,310.0
West,2,2x8,12,2024-11-08,310.0
West,2,2x8,12,2024-11-15,300.0
West,2,2x8,12,2024-11-22,290.0
West,2,2x8,12,2024-11-27,280.0
West,2,2x8,12,2024-12-06,270.0
West,2,2x8,12,2024-12-13,275.0
West,2,2x8,12,2024-12-20,290.0
West,2,2x8,12,2025-01-03,320.0
West,2,2x8,12,2025-01-10,335.0
West,2,2x8,12,2025-01-17,335.0
West,2,2x8,12,2025-01-24,325.0
West,2,2x8,12,2025-01-31,320.0
West,2,2x8,12,2025-02-07,320.0
West,2,2x8,12,2025-02-14,325.0
West,2,2x8,12,2025-02-21,325.0
West,2,2x8,12,2025-02-28,325.0
West,2,2x8,12,2025-03-07,325.0
West,2,2x8,12,2025-03-14,325.0
West,2,2x8,12,2025-03-21,325.0
West,2,2x8,12,2025-03-28,325.0
West,2,2x8,12,2025-04-04,325.0
West,2,2x8,12,2025-04-11,330.0
West,2,2x8,12,2025-04-18,345.0
West,2,2x8,12,2025-04-25,350.0
West,2,2x8,12,2025-05-02,350.0
West,2,2x8,12,2025-05-09,345.0
West,2,2x8,12,2025-05-16,335.0
West,2,2x8,12,2025-05-23,315.0
West,2,2x8,12,2025-05-30,300.0
West,2,2x8,12,2025-06-06,280.0
West,2,2x8,12,2025-06-13,275.0
West,2,2x8,12,2025-06-19,270.0
West,2,2x8,12,2025-06-27,285.0
West,2,2x8,12,2025-07-03,290.0
West,2,2x8,12,2025-07-11,305.0
West,2,2x8,12,2025-07-18,310.0
West,2,2x8,12,2025-07-25,315.0
West,2,2x8,12,2025-08-01,315.0
West,2,2x8,12,2025-08-08,315.0
West,2,2x8,12,2025-08-15,305.0
West,2,2x8,12,2025-08-22,300.0
West,2,2x8,12,2025-08-29,290.0
West,2,2x8,12,2025-09-05,280.0
West,2,2x8,12,2025-09-12,270.0
West,2,2x8,12,2025-09-19,270.0
West,2,2x8,12,2025-09-26,275.0
West,2,2x8,12,2025-10-03,280.0
West,2,2x8,12,2025-10-10,290.0
West,2,2x8,12,2025-10-17,295.0
West,2,2x8,14,2024-01-12,375.0
West,2,2x8,14,2024-01-18,370.0
West,2,2x8,14,2024-01-25,355.0
West,2,2x8,14,2024-02-08,345.0
West,2,2x8,14,2024-02-15,355.0
West,2,2x8,14,2024-02-22,365.0
West,2,2x8,14,2024-02-29,375.0
West,2,2x8,14,2024-03-07,385.0
West,2,2x8,14,2024-03-14,385.0
West,2,2x8,14,2024-03-21,375.0
West,2,2x8,14,2024-03-28,370.0
West,2,2x8,14,2024-04-04,360.0
West,2,2x8,14,2024-04-11,345.0
West,2,2x8,14,2024-04-18,335.0
West,2,2x8,14,2024-04-25,330.0
West,2,2x8,14,2024-05-02,330.0
West,2,2x8,14,2024-05-09,330.0
West,2,2x8,14,2024-05-16,335.0
West,2,2x8,14,2024-05-30,345.0
West,2,2x8,14,2024-06-06,335.0
West,2,2x8,14,2024-06-13,315.0
West,2,2x8,14,2024-06-20,300.0
West,2,2x8,14,2024-06-27,285.0
West,2,2x8,14,2024-07-04,280.0
West,2,2x8,14,2024-07-11,275.0
West,2,2x8,14,2024-07-18,285.0
West,2,2x8,14,2024-07-25,290.0
West,2,2x8,14,2024-08-01,295.0
West,2,2x8,14,2024-08-08,290.0
West,2,2x8,14,2024-08-15,280.0
West,2,2x8,14,2024-08-22,270.0
West,2,2x8,14,2024-08-29,260.0
West,2,2x8,14,2024-09-05,255.0
West,2,2x8,14,2024-09-12,255.0
West,2,2x8,14,2024-09-20,255.0
West,2,2x8,14,2024-09-26,255.0
West,2,2x8,14,2024-09-27,260.0
West,2,2x8,14,2024-10-04,270.0
West,2,2x8,14,2024-10-11,295.0
West,2,2x8,14,2024-10-18,310.0
West,2,2x8,14,2024-10-25,320.0
West,2,2x8,14,2024-11-01,325.0
West,2,2x8,14,2024-11-08,325.0
West,2,2x8,14,2024-11-15,315.0
West,2,2x8,14,2024-11-22,305.0
West,2,2x8,14,2024-11-27,295.0
West,2,2x8,14,2024-12-06,285.0
West,2,2x8,14,2024-12-13,290.0
West,2,2x8,14,2024-12-20,305.0
West,2,2x8,14,2025-01-03,335.0
West,2,2x8,14,2025-01-10,350.0
West,2,2x8,14,2025-01-17,350.0
West,2,2x8,14,2025-01-24,340.0
West,2,2x8,14,2025-01-31,335.0
West,2,2x8,14,2025-02-07,335.0
West,2,2x8,14,2025-02-14,340.0
West,2,2x8,14,2025-02-21,340.0
West,2,2x8,14,2025-02-28,340.0
West,2,2x8,14,2025-03-07,340.0
West,2,2x8,14,2025-03-14,340.0
West,2,2x8,14,2025-03-21,340.0
West,2,2x8,14,2025-03-28,340.0
West,2,2x8,14,2025-04-04,340.0
West,2,2x8,14,2025-04-11,345.0
West,2,2x8,14,2025-04-18,360.0
West,2,2x8,14,2025-04-25,365.0
West,2,2x8,14,2025-05-02,365.0
West,2,2x8,14,2025-05-09,360.0
West,2,2x8,14,2025-05-16,350.0
West,2,2x8,14,2025-05-23,330.0
West,2,2x8,14,2025-05-30,315.0
West,2,2x8,14,2025-06-06,295.0
West,2,2x8,14,2025-06-13,290.0
West,2,2x8,14,2025-06-19,285.0
West,2,2x8,14,2025-06-27,285.0
West,2,2x8,14,2025-07-03,290.0
West,2,2x8,14,2025-07-11,305.0
West,2,2x8,14,2025-07-18,310.0
West,2,2x8,14,2025-07-25,315.0
West,2,2x8,14,2025-08-01,315.0
West,2,2x8,14,2025-08-08,315.0
West,2,2x8,14,2025-08-15,310.0
West,2,2x8,14,2025-08-22,305.0
West,2,2x8,14,2025-08-29,290.0
West,2,2x8,14,2025-09-05,280.0
West,2,2x8,14,2025-09-12,270.0
West,2,2x8,14,2025-09-19,270.0
West,2,2x8,14,2025-09-26,275.0
West,2,2x8,14,2025-10-03,280.0
West,2,2x8,14,2025-10-10,290.0
West,2,2x8,14,2025-10-17,295.0
West,2,2x8,16,2024-01-12,375.0
West,2,2x8,16,2024-01-18,370.0
West,2,2x8,16,2024-01-25,355.0
West,2,2x8,16,2024-02-08,345.0
West,2,2x8,16,2024-02-15,355.0
West,2,2x8,16,2024-02-22,365.0
West,2,2x8,16,2024-02-29,380.0
West,2,2x8,16,2024-03-07,390.0
West,2,2x8,16,2024-03-14,390.0
West,2,2x8,16,2024-03-21,385.0
West,2,2x8,16,2024-03-28,380.0
West,2,2x8,16,2024-04-04,370.0
West,2,2x8,16,2024-04-11,355.0
West,2,2x8,16,2024-04-18,345.0
West,2,2x8,16,2024-04-25,340.0
West,2,2x8,16,2024-05-02,340.0
West,2,2x8,16,2024-05-09,340.0
West,2,2x8,16,2024-05-16,345.0
West,2,2x8,16,2024-05-30,355.0
West,2,2x8,16,2024-06-06,345.0
West,2,2x8,16,2024-06-13,325.0
West,2,2x8,16,2024-06-20,310.0
West,2,2x8,16,2024-06-27,300.0
West,2,2x8,16,2024-07-04,295.0
West,2,2x8,16,2024-07-11,290.0
West,2,2x8,16,2024-07-18,300.0
West,2,2x8,16,2024-07-25,305.0
West,2,2x8,16,2024-08-01,310.0
West,2,2x8,16,2024-08-08,305.0
West,2,2x8,16,2024-08-15,295.0
West,2,2x8,16,2024-08-22,285.0
West,2,2x8,16,2024-08-29,280.0
West,2,2x8,16,2024-09-05,275.0
West,2,2x8,16,2024-09-12,265.0
West,2,2x8,16,2024-09-20,275.0
West,2,2x8,16,2024-09-26,275.0
West,2,2x8,16,2024-09-27,280.0
West,2,2x8,16,2024-10-04,290.0
West,2,2x8,16,2024-10-11,320.0
West,2,2x8,16,2024-10-18,335.0
West,2,2x8,16,2024-10-25,345.0
West,2,2x8,16,2024-11-01,350.0
West,2,2x8,16,2024-11-08,350.0
West,2,2x8,16,2024-11-15,340.0
West,2,2x8,16,2024-11-22,330.0
West,2,2x8,16,2024-11-27,320.0
West,2,2x8,16,2024-12-06,310.0
West,2,2x8,16,2024-12-13,315.0
West,2,2x8,16,2024-12-20,330.0
West,2,2x8,16,2025-01-03,360.0
West,2,2x8,16,2025-01-10,375.0
West,2,2x8,16,2025-01-17,375.0
West,2,2x8,16,2025-01-24,365.0
West,2,2x8,16,2025-01-31,360.0
West,2,2x8,16,2025-02-07,360.0
West,2,2x8,16,2025-02-14,365.0
West,2,2x8,16,2025-02-21,365.0
West,2,2x8,16,2025-02-28,365.0
West,2,2x8,16,2025-03-07,365.0
West,2,2x8,16,2025-03-14,365.0
West,2,2x8,16,2025-03-21,365.0
West,2,2x8,16,2025-03-28,365.0
West,2,2x8,16,2025-04-04,365.0
West,2,2x8,16,2025-04-11,370.0
West,2,2x8,16,2025-04-18,385.0
West,2,2x8,16,2025-04-25,390.0
West,2,2x8,16,2025-05-02,390.0
West,2,2x8,16,2025-05-09,385.0
West,2,2x8,16,2025-05-16,380.0
West,2,2x8,16,2025-05-23,360.0
West,2,2x8,16,2025-05-30,345.0
West,2,2x8,16,2025-06-06,325.0
West,2,2x8,16,2025-06-13,320.0
West,2,2x8,16,2025-06-19,315.0
West,2,2x8,16,2025-06-27,325.0
West,2,2x8,16,2025-07-03,330.0
West,2,2x8,16,2025-07-11,345.0
West,2,2x8,16,2025-07-18,350.0
West,2,2x8,16,2025-07-25,355.0
West,2,2x8,16,2025-08-01,355.0
West,2,2x8,16,2025-08-08,355.0
West,2,2x8,16,2025-08-15,345.0
West,2,2x8,16,2025-08-22,335.0
West,2,2x8,16,2025-08-29,320.0
West,2,2x8,16,2025-09-05,310.0
West,2,2x8,16,2025-09-12,300.0
West,2,2x8,16,2025-09-19,300.0
West,2,2x8,16,2025-09-26,305.0
West,2,2x8,16,2025-10-03,310.0
West,2,2x8,16,2025-10-10,320.0
West,2,2x8,16,2025-10-17,325.0
West,2,2x8,18,2024-01-12,355.0
West,2,2x8,18,2024-01-18,350.0
West,2,2x8,18,2024-01-25,335.0
West,2,2x8,18,2024-02-08,325.0
West,2,2x8,18,2024-02-15,335.0
West,2,2x8,18,2024-02-22,350.0
West,2,2x8,18,2024-02-29,360.0
West,2,2x8,18,2024-03-07,370.0
West,2,2x8,18,2024-03-14,370.0
West,2,2x8,18,2024-03-21,365.0
West,2,2x8,18,2024-03-28,355.0
West,2,2x8,18,2024-04-04,345.0
West,2,2x8,18,2024-04-11,330.0
West,2,2x8,18,2024-04-18,320.0
West,2,2x8,18,2024-04-25,315.0
West,2,2x8,18,2024-05-02,315.0
West,2,2x8,18,2024-05-09,315.0
West,2,2x8,18,2024-05-16,320.0
West,2,2x8,18,2024-05-30,330.0
West,2,2x8,18,2024-06-06,320.0
West,2,2x8,18,2024-06-13,300.0
West,2,2x8,18,2024-06-20,285.0
West,2,2x8,18,2024-06-27,270.0
West,2,2x8,18,2024-07-04,265.0
West,2,2x8,18,2024-07-11,260.0
West,2,2x8,18,2024-07-18,270.0
West,2,2x8,18,2024-07-25,270.0
West,2,2x8,18,2024-08-01,275.0
West,2,2x8,18,2024-08-08,270.0
West,2,2x8,18,2024-08-15,260.0
West,2,2x8,18,2024-08-22,250.0
West,2,2x8,18,2024-08-29,240.0
West,2,2x8,18,2024-09-05,235.0
West,2,2x8,18,2024-09-12,235.0
West,2,2x8,18,2024-09-20,235.0
West,2,2x8,18,2024-09-26,235.0
West,2,2x8,18,2024-09-27,240.0
West,2,2x8,18,2024-10-04,250.0
West,2,2x8,18,2024-10-11,275.0
West,2,2x8,18,2024-10-18,290.0
West,2,2x8,18,2024-10-25,300.0
West,2,2x8,18,2024-11-01,305.0
West,2,2x8,18,2024-11-08,305.0
West,2,2x8,18,2024-11-15,295.0
West,2,2x8,18,2024-11-22,285.0
West,2,2x8,18,2024-11-27,275.0
West,2,2x8,18,2024-12-06,265.0
West,2,2x8,18,2024-12-13,270.0
West,2,2x8,18,2024-12-20,285.0
West,2,2x8,18,2025-01-03,315.0
West,2,2x8,18,2025-01-10,330.0
West,2,2x8,18,2025-01-17,330.0
West,2,2x8,18,2025-01-24,325.0
West,2,2x8,18,2025-01-31,320.0
West,2,2x8,18,2025-02-07,320.0
West,2,2x8,18,2025-02-14,320.0
West,2,2x8,18,2025-02-21,320.0
West,2,2x8,18,2025-02-28,320.0
West,2,2x8,18,2025-03-07,320.0
West,2,2x8,18,2025-03-14,320.0
West,2,2x8,18,2025-03-21,320.0
West,2,2x8,18,2025-03-28,320.0
West,2,2x8,18,2025-04-04,320.0
West,2,2x8,18,2025-04-11,325.0
West,2,2x8,18,2025-04-18,340.0
West,2,2x8,18,2025-04-25,345.0
West,2,2x8,18,2025-05-02,345.0
West,2,2x8,18,2025-05-09,340.0
West,2,2x8,18,2025-05-16,330.0
West,2,2x8,18,2025-05-23,310.0
West,2,2x8,18,2025-05-30,295.0
West,2,2x8,18,2025-06-06,275.0
West,2,2x8,18,2025-06-13,265.0
West,2,2x8,18,2025-06-19,260.0
West,2,2x8,18,2025-06-27,275.0
West,2,2x8,18,2025-07-03,280.0
West,2,2x8,18,2025-07-11,295.0
West,2,2x8,18,2025-07-18,300.0
West,2,2x8,18,2025-07-25,305.0
West,2,2x8,18,2025-08-01,305.0
West,2,2x8,18,2025-08-08,305.0
West,2,2x8,18,2025-08-15,295.0
West,2,2x8,18,2025-08-22,290.0
West,2,2x8,18,2025-08-29,275.0
West,2,2x8,18,2025-09-05,265.0
West,2,2x8,18,2025-09-12,255.0
West,2,2x8,18,2025-09-19,255.0
West,2,2x8,18,2025-09-26,260.0
West,2,2x8,18,2025-10-03,265.0
West,2,2x8,18,2025-10-10,270.0
West,2,2x8,18,2025-10-17,275.0
West,2,2x8,20,2024-01-12,385.0
West,2,2x8,20,2024-01-18,380.0
West,2,2x8,20,2024-01-25,365.0
West,2,2x8,20,2024-02-08,355.0
West,2,2x8,20,2024-02-15,365.0
West,2,2x8,20,2024-02-22,380.0
West,2,2x8,20,2024-02-29,390.0
West,2,2x8,20,2024-03-07,400.0
West,2,2x8,20,2024-03-14,400.0
West,2,2x8,20,2024-03-21,395.0
West,2,2x8,20,2024-03-28,380.0
West,2,2x8,20,2024-04-04,370.0
West,2,2x8,20,2024-04-11,355.0
West,2,2x8,20,2024-04-18,345.0
West,2,2x8,20,2024-04-25,340.0
West,2,2x8,20,2024-05-02,340.0
West,2,2x8,20,2024-05-09,340.0
West,2,2x8,20,2024-05-16,345.0
West,2,2x8,20,2024-05-30,355.0
West,2,2x8,20,2024-06-06,345.0
West,2,2x8,20,2024-06-13,330.0
West,2,2x8,20,2024-06-20,315.0
West,2,2x8,20,2024-06-27,300.0
West,2,2x8,20,2024-07-04,295.0
West,2,2x8,20,2024-07-11,290.0
West,2,2x8,20,2024-07-18,300.0
West,2,2x8,20,2024-07-25,305.0
West,2,2x8,20,2024-08-01,310.0
West,2,2x8,20,2024-08-08,310.0
West,2,2x8,20,2024-08-15,300.0
West,2,2x8,20,2024-08-22,290.0
West,2,2x8,20,2024-08-29,280.0
West,2,2x8,20,2024-09-05,275.0
West,2,2x8,20,2024-09-12,275.0
West,2,2x8,20,2024-09-20,275.0
West,2,2x8,20,2024-09-26,275.0
West,2,2x8,20,2024-09-27,280.0
West,2,2x8,20,2024-10-04,290.0
West,2,2x8,20,2024-10-11,315.0
West,2,2x8,20,2024-10-18,330.0
West,2,2x8,20,2024-10-25,340.0
West,2,2x8,20,2024-11-01,345.0
West,2,2x8,20,2024-11-08,345.0
West,2,2x8,20,2024-11-15,335.0
West,2,2x8,20,2024-11-22,325.0
West,2,2x8,20,2024-11-27,315.0
West,2,2x8,20,2024-12-06,305.0
West,2,2x8,20,2024-12-13,310.0
West,2,2x8,20,2024-12-20,325.0
West,2,2x8,20,2025-01-03,355.0
West,2,2x8,20,2025-01-10,370.0
West,2,2x8,20,2025-01-17,370.0
West,2,2x8,20,2025-01-24,360.0
West,2,2x8,20,2025-01-31,355.0
West,2,2x8,20,2025-02-07,355.0
West,2,2x8,20,2025-02-14,355.0
West,2,2x8,20,2025-02-21,355.0
West,2,2x8,20,2025-02-28,355.0
West,2,2x8,20,2025-03-07,355.0
West,2,2x8,20,2025-03-14,355.0
West,2,2x8,20,2025-03-21,355.0
West,2,2x8,20,2025-03-28,355.0
West,2,2x8,20,2025-04-04,355.0
West,2,2x8,20,2025-04-11,360.0
West,2,2x8,20,2025-04-18,375.0
West,2,2x8,20,2025-04-25,380.0
West,2,2x8,20,2025-05-02,380.0
West,2,2x8,20,2025-05-09,375.0
West,2,2x8,20,2025-05-16,365.0
West,2,2x8,20,2025-05-23,345.0
West,2,2x8,20,2025-05-30,330.0
West,2,2x8,20,2025-06-06,310.0
West,2,2x8,20,2025-06-13,300.0
West,2,2x8,20,2025-06-19,295.0
West,2,2x8,20,2025-06-27,305.0
West,2,2x8,20,2025-07-03,310.0
West,2,2x8,20,2025-07-11,325.0
West,2,2x8,20,2025-07-18,330.0
West,2,2x8,20,2025-07-25,335.0
West,2,2x8,20,2025-08-01,335.0
West,2,2x8,20,2025-08-08,335.0
West,2,2x8,20,2025-08-15,325.0
West,2,2x8,20,2025-08-22,315.0
West,2,2x8,20,2025-08-29,300.0
West,2,2x8,20,2025-09-05,290.0
West,2,2x8,20,2025-09-12,280.0
West,2,2x8,20,2025-09-19,280.0
West,2,2x8,20,2025-09-26,285.0
West,2,2x8,20,2025-10-03,290.0
West,2,2x8,20,2025-10-10,295.0
West,2,2x8,20,2025-10-17,300.0
