region,grade,dimension,length,transaction_date,price,rolling_avg
Central,1,2x10,8,2024-01-12,355.0,355.0
Central,1,2x10,8,2024-01-18,350.0,352.5
Central,1,2x10,8,2024-01-25,350.0,351.6666666666667
Central,1,2x10,8,2024-02-08,325.0,345.0
Central,1,2x10,8,2024-02-15,320.0,336.25
Central,1,2x10,8,2024-02-22,315.0,327.5
Central,1,2x10,8,2024-02-29,315.0,318.75
Central,1,2x10,8,2024-03-07,315.0,316.25
Central,1,2x10,8,2024-03-14,325.0,317.5
Central,1,2x10,8,2024-03-21,325.0,320.0
Central,1,2x10,8,2024-03-28,325.0,322.5
Central,1,2x10,8,2024-04-04,325.0,325.0
Central,1,2x10,8,2024-04-11,325.0,325.0
Central,1,2x10,8,2024-04-18,325.0,325.0
Central,1,2x10,8,2024-04-25,325.0,325.0
Central,1,2x10,8,2024-05-02,340.0,328.75
Central,1,2x10,8,2024-05-09,360.0,337.5
Central,1,2x10,8,2024-05-16,370.0,348.75
Central,1,2x10,8,2024-05-30,405.0,368.75
Central,1,2x10,8,2024-06-06,415.0,387.5
Central,1,2x10,8,2024-06-13,415.0,401.25
Central,1,2x10,8,2024-06-20,410.0,411.25
Central,1,2x10,8,2024-06-27,410.0,412.5
Central,1,2x10,8,2024-07-04,410.0,411.25
Central,1,2x10,8,2024-07-11,410.0,410.0
Central,1,2x10,8,2024-07-18,410.0,410.0
Central,1,2x10,8,2024-07-25,415.0,411.25
Central,1,2x10,8,2024-08-01,420.0,413.75
Central,1,2x10,8,2024-08-08,420.0,416.25
Central,1,2x10,8,2024-08-15,420.0,418.75
Central,1,2x10,8,2024-08-22,420.0,420.0
Central,1,2x10,8,2024-08-29,415.0,418.75
Central,1,2x10,8,2024-09-05,420.0,418.75
Central,1,2x10,8,2024-09-12,420.0,418.75
Central,1,2x10,8,2024-09-20,410.0,416.25
Central,1,2x10,8,2024-09-27,410.0,415.0
Central,1,2x10,8,2024-10-04,395.0,408.75
Central,1,2x10,8,2024-10-11,390.0,401.25
Central,1,2x10,8,2024-10-18,390.0,396.25
Central,1,2x10,8,2024-10-25,390.0,391.25
Central,1,2x10,8,2024-11-01,390.0,390.0
Central,1,2x10,8,2024-11-08,380.0,387.5
Central,1,2x10,8,2024-11-15,370.0,382.5
Central,1,2x10,8,2024-11-22,360.0,375.0
Central,1,2x10,8,2024-11-27,350.0,365.0
Central,1,2x10,8,2024-12-06,345.0,356.25
Central,1,2x10,8,2024-12-13,345.0,350.0
Central,1,2x10,8,2024-12-20,355.0,348.75
Central,1,2x10,8,2025-01-03,370.0,353.75
Central,1,2x10,8,2025-01-10,350.0,355.0
Central,1,2x10,8,2025-01-17,350.0,356.25
Central,1,2x10,8,2025-01-24,350.0,355.0
Central,1,2x10,8,2025-01-31,350.0,350.0
Central,1,2x10,8,2025-02-07,355.0,351.25
Central,1,2x10,8,2025-02-14,360.0,353.75
Central,1,2x10,8,2025-02-21,360.0,356.25
Central,1,2x10,8,2025-02-28,360.0,358.75
Central,1,2x10,8,2025-03-07,360.0,360.0
Central,1,2x10,8,2025-03-14,360.0,360.0
Central,1,2x10,8,2025-03-21,355.0,358.75
Central,1,2x10,8,2025-03-28,360.0,358.75
Central,1,2x10,8,2025-04-04,370.0,361.25
Central,1,2x10,8,2025-04-11,380.0,366.25
Central,1,2x10,8,2025-04-18,405.0,378.75
Central,1,2x10,8,2025-04-25,425.0,395.0
Central,1,2x10,8,2025-05-02,440.0,412.5
Central,1,2x10,8,2025-05-09,440.0,427.5
Central,1,2x10,8,2025-05-16,440.0,436.25
Central,1,2x10,8,2025-05-23,430.0,437.5
Central,1,2x10,8,2025-05-30,415.0,431.25
Central,1,2x10,8,2025-06-06,405.0,422.5
Central,1,2x10,8,2025-06-13,400.0,412.5
Central,1,2x10,8,2025-06-19,385.0,401.25
Central,1,2x10,8,2025-06-27,365.0,388.75
Central,1,2x10,8,2025-07-03,365.0,378.75
Central,1,2x10,8,2025-07-11,365.0,370.0
Central,1,2x10,8,2025-07-18,370.0,366.25
Central,1,2x10,8,2025-07-25,375.0,368.75
Central,1,2x10,8,2025-08-01,375.0,371.25
Central,1,2x10,8,2025-08-08,370.0,372.5
Central,1,2x10,8,2025-08-15,350.0,367.5
Central,1,2x10,8,2025-08-22,340.0,358.75
Central,1,2x10,8,2025-08-29,320.0,345.0
Central,1,2x10,8,2025-09-05,310.0,330.0
Central,1,2x10,8,2025-09-12,315.0,321.25
Central,1,2x10,8,2025-09-19,325.0,317.5
Central,1,2x10,8,2025-09-26,330.0,320.0
Central,1,2x10,8,2025-10-03,335.0,326.25
Central,1,2x10,8,2025-10-10,340.0,332.5
Central,1,2x10,8,2025-10-17,345.0,337.5
Central,1,2x10,10,2024-01-12,510.0,510.0
Central,1,2x10,10,2024-01-18,505.0,507.5
Central,1,2x10,10,2024-01-25,510.0,508.3333333333333
Central,1,2x10,10,2024-02-08,520.0,511.25
Central,1,2x10,10,2024-02-15,520.0,513.75
Central,1,2x10,10,2024-02-22,500.0,512.5
Central,1,2x10,10,2024-02-29,500.0,510.0
Central,1,2x10,10,2024-03-07,500.0,505.0
Central,1,2x10,10,2024-03-14,500.0,500.0
Central,1,2x10,10,2024-03-21,485.0,496.25
Central,1,2x10,10,2024-03-28,485.0,492.5
Central,1,2x10,10,2024-04-04,470.0,485.0
Central,1,2x10,10,2024-04-11,455.0,473.75
Central,1,2x10,10,2024-04-18,445.0,463.75
Central,1,2x10,10,2024-04-25,445.0,453.75
Central,1,2x10,10,2024-05-02,450.0,448.75
Central,1,2x10,10,2024-05-09,470.0,452.5
Central,1,2x10,10,2024-05-16,470.0,458.75
Central,1,2x10,10,2024-05-30,505.0,473.75
Central,1,2x10,10,2024-06-06,515.0,490.0
Central,1,2x10,10,2024-06-13,505.0,498.75
Central,1,2x10,10,2024-06-20,500.0,506.25
Central,1,2x10,10,2024-06-27,500.0,505.0
Central,1,2x10,10,2024-07-04,495.0,500.0
Central,1,2x10,10,2024-07-11,495.0,497.5
Central,1,2x10,10,2024-07-18,495.0,496.25
Central,1,2x10,10,2024-07-25,500.0,496.25
Central,1,2x10,10,2024-08-01,505.0,498.75
Central,1,2x10,10,2024-08-08,505.0,501.25
Central,1,2x10,10,2024-08-15,505.0,503.75
Central,1,2x10,10,2024-08-22,500.0,503.75
Central,1,2x10,10,2024-08-29,495.0,501.25
Central,1,2x10,10,2024-09-05,500.0,500.0
Central,1,2x10,10,2024-09-12,500.0,498.75
Central,1,2x10,10,2024-09-20,480.0,493.75
Central,1,2x10,10,2024-09-27,480.0,490.0
Central,1,2x10,10,2024-10-04,470.0,482.5
Central,1,2x10,10,2024-10-11,465.0,473.75
Central,1,2x10,10,2024-10-18,465.0,470.0
Central,1,2x10,10,2024-10-25,465.0,466.25
Central,1,2x10,10,2024-11-01,470.0,466.25
Central,1,2x10,10,2024-11-08,460.0,465.0
Central,1,2x10,10,2024-11-15,450.0,461.25
Central,1,2x10,10,2024-11-22,440.0,455.0
Central,1,2x10,10,2024-11-27,430.0,445.0
Central,1,2x10,10,2024-12-06,425.0,436.25
Central,1,2x10,10,2024-12-13,425.0,430.0
Central,1,2x10,10,2024-12-20,435.0,428.75
Central,1,2x10,10,2025-01-03,450.0,433.75
Central,1,2x10,10,2025-01-10,425.0,433.75
Central,1,2x10,10,2025-01-17,425.0,433.75
Central,1,2x10,10,2025-01-24,425.0,431.25
Central,1,2x10,10,2025-01-31,425.0,425.0
Central,1,2x10,10,2025-02-07,430.0,426.25
Central,1,2x10,10,2025-02-14,440.0,430.0
Central,1,2x10,10,2025-02-21,440.0,433.75
Central,1,2x10,10,2025-02-28,440.0,437.5
Central,1,2x10,10,2025-03-07,445.0,441.25
Central,1,2x10,10,2025-03-14,445.0,442.5
Central,1,2x10,10,2025-03-21,435.0,441.25
Central,1,2x10,10,2025-03-28,440.0,441.25
Central,1,2x10,10,2025-04-04,450.0,442.5
Central,1,2x10,10,2025-04-11,460.0,446.25
Central,1,2x10,10,2025-04-18,480.0,457.5
Central,1,2x10,10,2025-04-25,495.0,471.25
Central,1,2x10,10,2025-05-02,510.0,486.25
Central,1,2x10,10,2025-05-09,510.0,498.75
Central,1,2x10,10,2025-05-16,510.0,506.25
Central,1,2x10,10,2025-05-23,500.0,507.5
Central,1,2x10,10,2025-05-30,485.0,501.25
Central,1,2x10,10,2025-06-06,480.0,493.75
Central,1,2x10,10,2025-06-13,470.0,483.75
Central,1,2x10,10,2025-06-19,455.0,472.5
Central,1,2x10,10,2025-06-27,445.0,462.5
Central,1,2x10,10,2025-07-03,440.0,452.5
Central,1,2x10,10,2025-07-11,440.0,445.0
Central,1,2x10,10,2025-07-18,440.0,441.25
Central,1,2x10,10,2025-07-25,445.0,441.25
Central,1,2x10,10,2025-08-01,445.0,442.5
Central,1,2x10,10,2025-08-08,430.0,440.0
Central,1,2x10,10,2025-08-15,410.0,432.5
Central,1,2x10,10,2025-08-22,395.0,420.0
Central,1,2x10,10,2025-08-29,375.0,402.5
Central,1,2x10,10,2025-09-05,365.0,386.25
Central,1,2x10,10,2025-09-12,350.0,371.25
Central,1,2x10,10,2025-09-19,350.0,360.0
Central,1,2x10,10,2025-09-26,360.0,356.25
Central,1,2x10,10,2025-10-03,365.0,356.25
Central,1,2x10,10,2025-10-10,375.0,362.5
Central,1,2x10,10,2025-10-17,380.0,370.0
Central,1,2x10,12,2024-01-12,450.0,450.0
Central,1,2x10,12,2024-01-18,450.0,450.0
Central,1,2x10,12,2024-01-25,450.0,450.0
Central,1,2x10,12,2024-02-08,450.0,450.0
Central,1,2x10,12,2024-02-15,450.0,450.0
Central,1,2x10,12,2024-02-22,450.0,450.0
Central,1,2x10,12,2024-02-29,450.0,450.0
Central,1,2x10,12,2024-03-07,420.0,442.5
Central,1,2x10,12,2024-03-14,395.0,428.75
Central,1,2x10,12,2024-03-21,400.0,416.25
Central,1,2x10,12,2024-03-28,400.0,403.75
Central,1,2x10,12,2024-04-04,390.0,396.25
Central,1,2x10,12,2024-04-11,370.0,390.0
Central,1,2x10,12,2024-04-18,360.0,380.0
Central,1,2x10,12,2024-04-25,360.0,370.0
Central,1,2x10,12,2024-05-02,370.0,365.0
Central,1,2x10,12,2024-05-09,395.0,371.25
Central,1,2x10,12,2024-05-16,410.0,383.75
Central,1,2x10,12,2024-05-30,450.0,406.25
Central,1,2x10,12,2024-06-06,460.0,428.75
Central,1,2x10,12,2024-06-13,445.0,441.25
Central,1,2x10,12,2024-06-20,440.0,448.75
Central,1,2x10,12,2024-06-27,440.0,446.25
Central,1,2x10,12,2024-07-04,440.0,441.25
Central,1,2x10,12,2024-07-11,440.0,440.0
Central,1,2x10,12,2024-07-18,440.0,440.0
Central,1,2x10,12,2024-07-25,445.0,441.25
Central,1,2x10,12,2024-08-01,450.0,443.75
Central,1,2x10,12,2024-08-08,450.0,446.25
Central,1,2x10,12,2024-08-15,450.0,448.75
Central,1,2x10,12,2024-08-22,445.0,448.75
Central,1,2x10,12,2024-08-29,440.0,446.25
Central,1,2x10,12,2024-09-05,445.0,445.0
Central,1,2x10,12,2024-09-12,445.0,443.75
Central,1,2x10,12,2024-09-20,435.0,441.25
Central,1,2x10,12,2024-09-27,435.0,440.0
Central,1,2x10,12,2024-10-04,425.0,435.0
Central,1,2x10,12,2024-10-11,420.0,428.75
Central,1,2x10,12,2024-10-18,420.0,425.0
Central,1,2x10,12,2024-10-25,415.0,420.0
Central,1,2x10,12,2024-11-01,415.0,417.5
Central,1,2x10,12,2024-11-08,410.0,415.0
Central,1,2x10,12,2024-11-15,400.0,410.0
Central,1,2x10,12,2024-11-22,390.0,403.75
Central,1,2x10,12,2024-11-27,380.0,395.0
Central,1,2x10,12,2024-12-06,375.0,386.25
Central,1,2x10,12,2024-12-13,375.0,380.0
Central,1,2x10,12,2024-12-20,385.0,378.75
Central,1,2x10,12,2025-01-03,400.0,383.75
Central,1,2x10,12,2025-01-10,375.0,383.75
Central,1,2x10,12,2025-01-17,380.0,385.0
Central,1,2x10,12,2025-01-24,380.0,383.75
Central,1,2x10,12,2025-01-31,380.0,378.75
Central,1,2x10,12,2025-02-07,385.0,381.25
Central,1,2x10,12,2025-02-14,390.0,383.75
Central,1,2x10,12,2025-02-21,395.0,387.5
Central,1,2x10,12,2025-02-28,400.0,392.5
Central,1,2x10,12,2025-03-07,405.0,397.5
Central,1,2x10,12,2025-03-14,405.0,401.25
Central,1,2x10,12,2025-03-21,405.0,403.75
Central,1,2x10,12,2025-03-28,410.0,406.25
Central,1,2x10,12,2025-04-04,425.0,411.25
Central,1,2x10,12,2025-04-11,440.0,420.0
Central,1,2x10,12,2025-04-18,465.0,435.0
Central,1,2x10,12,2025-04-25,485.0,453.75
Central,1,2x10,12,2025-05-02,495.0,471.25
Central,1,2x10,12,2025-05-09,500.0,486.25
Central,1,2x10,12,2025-05-16,495.0,493.75
Central,1,2x10,12,2025-05-23,490.0,495.0
Central,1,2x10,12,2025-05-30,475.0,490.0
Central,1,2x10,12,2025-06-06,465.0,481.25
Central,1,2x10,12,2025-06-13,455.0,471.25
Central,1,2x10,12,2025-06-19,440.0,458.75
Central,1,2x10,12,2025-06-27,425.0,446.25
Central,1,2x10,12,2025-07-03,420.0,435.0
Central,1,2x10,12,2025-07-11,420.0,426.25
Central,1,2x10,12,2025-07-18,425.0,422.5
Central,1,2x10,12,2025-07-25,430.0,423.75
Central,1,2x10,12,2025-08-01,430.0,426.25
Central,1,2x10,12,2025-08-08,425.0,427.5
Central,1,2x10,12,2025-08-15,410.0,423.75
Central,1,2x10,12,2025-08-22,400.0,416.25
Central,1,2x10,12,2025-08-29,380.0,403.75
Central,1,2x10,12,2025-09-05,370.0,390.0
Central,1,2x10,12,2025-09-12,370.0,380.0
Central,1,2x10,12,2025-09-19,370.0,372.5
Central,1,2x10,12,2025-09-26,375.0,371.25
Central,1,2x10,12,2025-10-03,385.0,375.0
Central,1,2x10,12,2025-10-10,395.0,381.25
Central,1,2x10,12,2025-10-17,400.0,388.75
Central,1,2x10,14,2024-01-12,330.0,330.0
Central,1,2x10,14,2024-01-18,330.0,330.0
Central,1,2x10,14,2024-01-25,330.0,330.0
Central,1,2x10,14,2024-02-08,335.0,331.25
Central,1,2x10,14,2024-02-15,335.0,332.5
Central,1,2x10,14,2024-02-22,330.0,332.5
Central,1,2x10,14,2024-02-29,335.0,333.75
Central,1,2x10,14,2024-03-07,345.0,336.25
Central,1,2x10,14,2024-03-14,345.0,338.75
Central,1,2x10,14,2024-03-21,345.0,342.5
Central,1,2x10,14,2024-03-28,345.0,345.0
Central,1,2x10,14,2024-04-04,345.0,345.0
Central,1,2x10,14,2024-04-11,345.0,345.0
Central,1,2x10,14,2024-04-18,325.0,340.0
Central,1,2x10,14,2024-04-25,325.0,335.0
Central,1,2x10,14,2024-05-02,340.0,333.75
Central,1,2x10,14,2024-05-09,365.0,338.75
Central,1,2x10,14,2024-05-16,365.0,348.75
Central,1,2x10,14,2024-05-30,400.0,367.5
Central,1,2x10,14,2024-06-06,410.0,385.0
Central,1,2x10,14,2024-06-13,415.0,397.5
Central,1,2x10,14,2024-06-20,410.0,408.75
Central,1,2x10,14,2024-06-27,410.0,411.25
Central,1,2x10,14,2024-07-04,410.0,411.25
Central,1,2x10,14,2024-07-11,410.0,410.0
Central,1,2x10,14,2024-07-18,410.0,410.0
Central,1,2x10,14,2024-07-25,415.0,411.25
Central,1,2x10,14,2024-08-01,420.0,413.75
Central,1,2x10,14,2024-08-08,420.0,416.25
Central,1,2x10,14,2024-08-15,420.0,418.75
Central,1,2x10,14,2024-08-22,420.0,420.0
Central,1,2x10,14,2024-08-29,415.0,418.75
Central,1,2x10,14,2024-09-05,420.0,418.75
Central,1,2x10,14,2024-09-12,420.0,418.75
Central,1,2x10,14,2024-09-20,410.0,416.25
Central,1,2x10,14,2024-09-27,410.0,415.0
Central,1,2x10,14,2024-10-04,395.0,408.75
Central,1,2x10,14,2024-10-11,395.0,402.5
Central,1,2x10,14,2024-10-18,390.0,397.5
Central,1,2x10,14,2024-10-25,390.0,392.5
Central,1,2x10,14,2024-11-01,390.0,391.25
Central,1,2x10,14,2024-11-08,385.0,388.75
Central,1,2x10,14,2024-11-15,375.0,385.0
Central,1,2x10,14,2024-11-22,360.0,377.5
Central,1,2x10,14,2024-11-27,350.0,367.5
Central,1,2x10,14,2024-12-06,345.0,357.5
Central,1,2x10,14,2024-12-13,345.0,350.0
Central,1,2x10,14,2024-12-20,355.0,348.75
Central,1,2x10,14,2025-01-03,370.0,353.75
Central,1,2x10,14,2025-01-10,345.0,353.75
Central,1,2x10,14,2025-01-17,350.0,355.0
Central,1,2x10,14,2025-01-24,350.0,353.75
Central,1,2x10,14,2025-01-31,350.0,348.75
Central,1,2x10,14,2025-02-07,355.0,351.25
Central,1,2x10,14,2025-02-14,365.0,355.0
Central,1,2x10,14,2025-02-21,365.0,358.75
Central,1,2x10,14,2025-02-28,365.0,362.5
Central,1,2x10,14,2025-03-07,370.0,366.25
Central,1,2x10,14,2025-03-14,370.0,367.5
Central,1,2x10,14,2025-03-21,380.0,371.25
Central,1,2x10,14,2025-03-28,385.0,376.25
Central,1,2x10,14,2025-04-04,400.0,383.75
Central,1,2x10,14,2025-04-11,420.0,396.25
Central,1,2x10,14,2025-04-18,445.0,412.5
Central,1,2x10,14,2025-04-25,465.0,432.5
Central,1,2x10,14,2025-05-02,475.0,451.25
Central,1,2x10,14,2025-05-09,480.0,466.25
Central,1,2x10,14,2025-05-16,480.0,475.0
Central,1,2x10,14,2025-05-23,465.0,475.0
Central,1,2x10,14,2025-05-30,450.0,468.75
Central,1,2x10,14,2025-06-06,440.0,458.75
Central,1,2x10,14,2025-06-13,430.0,446.25
Central,1,2x10,14,2025-06-19,410.0,432.5
Central,1,2x10,14,2025-06-27,390.0,417.5
Central,1,2x10,14,2025-07-03,385.0,403.75
Central,1,2x10,14,2025-07-11,385.0,392.5
Central,1,2x10,14,2025-07-18,390.0,387.5
Central,1,2x10,14,2025-07-25,395.0,388.75
Central,1,2x10,14,2025-08-01,390.0,390.0
Central,1,2x10,14,2025-08-08,385.0,390.0
Central,1,2x10,14,2025-08-15,370.0,385.0
Central,1,2x10,14,2025-08-22,360.0,376.25
Central,1,2x10,14,2025-08-29,340.0,363.75
Central,1,2x10,14,2025-09-05,325.0,348.75
Central,1,2x10,14,2025-09-12,330.0,338.75
Central,1,2x10,14,2025-09-19,335.0,332.5
Central,1,2x10,14,2025-09-26,340.0,332.5
Central,1,2x10,14,2025-10-03,350.0,338.75
Central,1,2x10,14,2025-10-10,360.0,346.25
Central,1,2x10,14,2025-10-17,360.0,352.5
Central,1,2x10,16,2024-01-12,385.0,385.0
Central,1,2x10,16,2024-01-18,375.0,380.0
Central,1,2x10,16,2024-01-25,355.0,371.6666666666667
Central,1,2x10,16,2024-02-08,335.0,362.5
Central,1,2x10,16,2024-02-15,345.0,352.5
Central,1,2x10,16,2024-02-22,355.0,347.5
Central,1,2x10,16,2024-02-29,355.0,347.5
Central,1,2x10,16,2024-03-07,365.0,355.0
Central,1,2x10,16,2024-03-14,365.0,360.0
Central,1,2x10,16,2024-03-21,365.0,362.5
Central,1,2x10,16,2024-03-28,365.0,365.0
Central,1,2x10,16,2024-04-04,365.0,365.0
Central,1,2x10,16,2024-04-11,360.0,363.75
Central,1,2x10,16,2024-04-18,350.0,360.0
Central,1,2x10,16,2024-04-25,355.0,357.5
Central,1,2x10,16,2024-05-02,365.0,357.5
Central,1,2x10,16,2024-05-09,380.0,362.5
Central,1,2x10,16,2024-05-16,395.0,373.75
Central,1,2x10,16,2024-05-30,430.0,392.5
Central,1,2x10,16,2024-06-06,440.0,411.25
Central,1,2x10,16,2024-06-13,440.0,426.25
Central,1,2x10,16,2024-06-20,435.0,436.25
Central,1,2x10,16,2024-06-27,435.0,437.5
Central,1,2x10,16,2024-07-04,445.0,438.75
Central,1,2x10,16,2024-07-11,455.0,442.5
Central,1,2x10,16,2024-07-18,460.0,448.75
Central,1,2x10,16,2024-07-25,470.0,457.5
Central,1,2x10,16,2024-08-01,480.0,466.25
Central,1,2x10,16,2024-08-08,480.0,472.5
Central,1,2x10,16,2024-08-15,470.0,475.0
Central,1,2x10,16,2024-08-22,465.0,473.75
Central,1,2x10,16,2024-08-29,460.0,468.75
Central,1,2x10,16,2024-09-05,465.0,465.0
Central,1,2x10,16,2024-09-12,465.0,463.75
Central,1,2x10,16,2024-09-20,465.0,463.75
Central,1,2x10,16,2024-09-27,465.0,465.0
Central,1,2x10,16,2024-10-04,445.0,460.0
Central,1,2x10,16,2024-10-11,445.0,455.0
Central,1,2x10,16,2024-10-18,440.0,448.75
Central,1,2x10,16,2024-10-25,435.0,441.25
Central,1,2x10,16,2024-11-01,435.0,438.75
Central,1,2x10,16,2024-11-08,430.0,435.0
Central,1,2x10,16,2024-11-15,420.0,430.0
Central,1,2x10,16,2024-11-22,410.0,423.75
Central,1,2x10,16,2024-11-27,400.0,415.0
Central,1,2x10,16,2024-12-06,395.0,406.25
Central,1,2x10,16,2024-12-13,395.0,400.0
Central,1,2x10,16,2024-12-20,405.0,398.75
Central,1,2x10,16,2025-01-03,420.0,403.75
Central,1,2x10,16,2025-01-10,395.0,403.75
Central,1,2x10,16,2025-01-17,400.0,405.0
Central,1,2x10,16,2025-01-24,400.0,403.75
Central,1,2x10,16,2025-01-31,400.0,398.75
Central,1,2x10,16,2025-02-07,405.0,401.25
Central,1,2x10,16,2025-02-14,410.0,403.75
Central,1,2x10,16,2025-02-21,410.0,406.25
Central,1,2x10,16,2025-02-28,410.0,408.75
Central,1,2x10,16,2025-03-07,415.0,411.25
Central,1,2x10,16,2025-03-14,415.0,412.5
Central,1,2x10,16,2025-03-21,415.0,413.75
Central,1,2x10,16,2025-03-28,420.0,416.25
Central,1,2x10,16,2025-04-04,430.0,420.0
Central,1,2x10,16,2025-04-11,450.0,428.75
Central,1,2x10,16,2025-04-18,470.0,442.5
Central,1,2x10,16,2025-04-25,475.0,456.25
Central,1,2x10,16,2025-05-02,485.0,470.0
Central,1,2x10,16,2025-05-09,485.0,478.75
Central,1,2x10,16,2025-05-16,480.0,481.25
Central,1,2x10,16,2025-05-23,465.0,478.75
Central,1,2x10,16,2025-05-30,450.0,470.0
Central,1,2x10,16,2025-06-06,440.0,458.75
Central,1,2x10,16,2025-06-13,430.0,446.25
Central,1,2x10,16,2025-06-19,410.0,432.5
Central,1,2x10,16,2025-06-27,395.0,418.75
Central,1,2x10,16,2025-07-03,385.0,405.0
Central,1,2x10,16,2025-07-11,385.0,393.75
Central,1,2x10,16,2025-07-18,395.0,390.0
Central,1,2x10,16,2025-07-25,400.0,391.25
Central,1,2x10,16,2025-08-01,395.0,393.75
Central,1,2x10,16,2025-08-08,395.0,396.25
Central,1,2x10,16,2025-08-15,380.0,392.5
Central,1,2x10,16,2025-08-22,370.0,385.0
Central,1,2x10,16,2025-08-29,350.0,373.75
Central,1,2x10,16,2025-09-05,340.0,360.0
Central,1,2x10,16,2025-09-12,335.0,348.75
Central,1,2x10,16,2025-09-19,340.0,341.25
Central,1,2x10,16,2025-09-26,345.0,340.0
Central,1,2x10,16,2025-10-03,350.0,342.5
Central,1,2x10,16,2025-10-10,360.0,348.75
Central,1,2x10,16,2025-10-17,370.0,356.25
Central,1,2x10,18,2024-01-12,385.0,385.0
Central,1,2x10,18,2024-01-18,385.0,385.0
Central,1,2x10,18,2024-01-25,385.0,385.0
Central,1,2x10,18,2024-02-08,385.0,385.0
Central,1,2x10,18,2024-02-15,385.0,385.0
Central,1,2x10,18,2024-02-22,385.0,385.0
Central,1,2x10,18,2024-02-29,385.0,385.0
Central,1,2x10,18,2024-03-07,385.0,385.0
Central,1,2x10,18,2024-03-14,385.0,385.0
Central,1,2x10,18,2024-03-21,380.0,383.75
Central,1,2x10,18,2024-03-28,380.0,382.5
Central,1,2x10,18,2024-04-04,380.0,381.25
Central,1,2x10,18,2024-04-11,375.0,378.75
Central,1,2x10,18,2024-04-18,375.0,377.5
Central,1,2x10,18,2024-04-25,365.0,373.75
Central,1,2x10,18,2024-05-02,370.0,371.25
Central,1,2x10,18,2024-05-09,380.0,372.5
Central,1,2x10,18,2024-05-16,395.0,377.5
Central,1,2x10,18,2024-05-30,430.0,393.75
Central,1,2x10,18,2024-06-06,440.0,411.25
Central,1,2x10,18,2024-06-13,440.0,426.25
Central,1,2x10,18,2024-06-20,435.0,436.25
Central,1,2x10,18,2024-06-27,415.0,432.5
Central,1,2x10,18,2024-07-04,400.0,422.5
Central,1,2x10,18,2024-07-11,400.0,412.5
Central,1,2x10,18,2024-07-18,400.0,403.75
Central,1,2x10,18,2024-07-25,405.0,401.25
Central,1,2x10,18,2024-08-01,410.0,403.75
Central,1,2x10,18,2024-08-08,410.0,406.25
Central,1,2x10,18,2024-08-15,400.0,406.25
Central,1,2x10,18,2024-08-22,390.0,402.5
Central,1,2x10,18,2024-08-29,385.0,396.25
Central,1,2x10,18,2024-09-05,390.0,391.25
Central,1,2x10,18,2024-09-12,385.0,387.5
Central,1,2x10,18,2024-09-20,385.0,386.25
Central,1,2x10,18,2024-09-27,385.0,386.25
Central,1,2x10,18,2024-10-04,365.0,380.0
Central,1,2x10,18,2024-10-11,365.0,375.0
Central,1,2x10,18,2024-10-18,360.0,368.75
Central,1,2x10,18,2024-10-25,360.0,362.5
Central,1,2x10,18,2024-11-01,355.0,360.0
Central,1,2x10,18,2024-11-08,350.0,356.25
Central,1,2x10,18,2024-11-15,340.0,351.25
Central,1,2x10,18,2024-11-22,330.0,343.75
Central,1,2x10,18,2024-11-27,320.0,335.0
Central,1,2x10,18,2024-12-06,315.0,326.25
Central,1,2x10,18,2024-12-13,315.0,320.0
Central,1,2x10,18,2024-12-20,325.0,318.75
Central,1,2x10,18,2025-01-03,340.0,323.75
Central,1,2x10,18,2025-01-10,315.0,323.75
Central,1,2x10,18,2025-01-17,320.0,325.0
Central,1,2x10,18,2025-01-24,320.0,323.75
Central,1,2x10,18,2025-01-31,310.0,316.25
Central,1,2x10,18,2025-02-07,315.0,316.25
Central,1,2x10,18,2025-02-14,320.0,316.25
Central,1,2x10,18,2025-02-21,325.0,317.5
Central,1,2x10,18,2025-02-28,325.0,321.25
Central,1,2x10,18,2025-03-07,330.0,325.0
Central,1,2x10,18,2025-03-14,325.0,326.25
Central,1,2x10,18,2025-03-21,325.0,326.25
Central,1,2x10,18,2025-03-28,330.0,327.5
Central,1,2x10,18,2025-04-04,350.0,332.5
Central,1,2x10,18,2025-04-11,370.0,343.75
Central,1,2x10,18,2025-04-18,390.0,360.0
Central,1,2x10,18,2025-04-25,400.0,377.5
Central,1,2x10,18,2025-05-02,410.0,392.5
Central,1,2x10,18,2025-05-09,415.0,403.75
Central,1,2x10,18,2025-05-16,410.0,408.75
Central,1,2x10,18,2025-05-23,400.0,408.75
Central,1,2x10,18,2025-05-30,385.0,402.5
Central,1,2x10,18,2025-06-06,380.0,393.75
Central,1,2x10,18,2025-06-13,380.0,386.25
Central,1,2x10,18,2025-06-19,360.0,376.25
Central,1,2x10,18,2025-06-27,345.0,366.25
Central,1,2x10,18,2025-07-03,335.0,355.0
Central,1,2x10,18,2025-07-11,335.0,343.75
Central,1,2x10,18,2025-07-18,335.0,337.5
Central,1,2x10,18,2025-07-25,340.0,336.25
Central,1,2x10,18,2025-08-01,340.0,337.5
Central,1,2x10,18,2025-08-08,340.0,338.75
Central,1,2x10,18,2025-08-15,330.0,337.5
Central,1,2x10,18,2025-08-22,325.0,333.75
Central,1,2x10,18,2025-08-29,300.0,323.75
Central,1,2x10,18,2025-09-05,290.0,311.25
Central,1,2x10,18,2025-09-12,290.0,301.25
Central,1,2x10,18,2025-09-19,300.0,295.0
Central,1,2x10,18,2025-09-26,305.0,296.25
Central,1,2x10,18,2025-10-03,315.0,302.5
Central,1,2x10,18,2025-10-10,325.0,311.25
Central,1,2x10,18,2025-10-17,330.0,318.75
Central,1,2x10,20,2024-01-12,770.0,770.0
Central,1,2x10,20,2024-01-18,750.0,760.0
Central,1,2x10,20,2024-01-25,730.0,750.0
Central,1,2x10,20,2024-02-08,730.0,745.0
Central,1,2x10,20,2024-02-15,690.0,725.0
Central,1,2x10,20,2024-02-22,670.0,705.0
Central,1,2x10,20,2024-02-29,670.0,690.0
Central,1,2x10,20,2024-03-07,670.0,675.0
Central,1,2x10,20,2024-03-14,660.0,667.5
Central,1,2x10,20,2024-03-21,650.0,662.5
Central,1,2x10,20,2024-03-28,650.0,657.5
Central,1,2x10,20,2024-04-04,610.0,642.5
Central,1,2x10,20,2024-04-11,595.0,626.25
Central,1,2x10,20,2024-04-18,595.0,612.5
Central,1,2x10,20,2024-04-25,580.0,595.0
Central,1,2x10,20,2024-05-02,580.0,587.5
Central,1,2x10,20,2024-05-09,590.0,586.25
Central,1,2x10,20,2024-05-16,600.0,587.5
Central,1,2x10,20,2024-05-30,630.0,600.0
Central,1,2x10,20,2024-06-06,640.0,615.0
Central,1,2x10,20,2024-06-13,635.0,626.25
Central,1,2x10,20,2024-06-20,630.0,633.75
Central,1,2x10,20,2024-06-27,605.0,627.5
Central,1,2x10,20,2024-07-04,600.0,617.5
Central,1,2x10,20,2024-07-11,600.0,608.75
Central,1,2x10,20,2024-07-18,600.0,601.25
Central,1,2x10,20,2024-07-25,610.0,602.5
Central,1,2x10,20,2024-08-01,610.0,605.0
Central,1,2x10,20,2024-08-08,610.0,607.5
Central,1,2x10,20,2024-08-15,620.0,612.5
Central,1,2x10,20,2024-08-22,630.0,617.5
Central,1,2x10,20,2024-08-29,635.0,623.75
Central,1,2x10,20,2024-09-05,640.0,631.25
Central,1,2x10,20,2024-09-12,640.0,636.25
Central,1,2x10,20,2024-09-20,645.0,640.0
Central,1,2x10,20,2024-09-27,645.0,642.5
Central,1,2x10,20,2024-10-04,625.0,638.75
Central,1,2x10,20,2024-10-11,625.0,635.0
Central,1,2x10,20,2024-10-18,625.0,630.0
Central,1,2x10,20,2024-10-25,625.0,625.0
Central,1,2x10,20,2024-11-01,620.0,623.75
Central,1,2x10,20,2024-11-08,610.0,620.0
Central,1,2x10,20,2024-11-15,600.0,613.75
Central,1,2x10,20,2024-11-22,590.0,605.0
Central,1,2x10,20,2024-11-27,580.0,595.0
Central,1,2x10,20,2024-12-06,575.0,586.25
Central,1,2x10,20,2024-12-13,560.0,576.25
Central,1,2x10,20,2024-12-20,570.0,571.25
Central,1,2x10,20,2025-01-03,585.0,572.5
Central,1,2x10,20,2025-01-10,560.0,568.75
Central,1,2x10,20,2025-01-17,565.0,570.0
Central,1,2x10,20,2025-01-24,565.0,568.75
Central,1,2x10,20,2025-01-31,555.0,561.25
Central,1,2x10,20,2025-02-07,560.0,561.25
Central,1,2x10,20,2025-02-14,550.0,557.5
Central,1,2x10,20,2025-02-21,550.0,553.75
Central,1,2x10,20,2025-02-28,550.0,552.5
Central,1,2x10,20,2025-03-07,555.0,551.25
Central,1,2x10,20,2025-03-14,535.0,547.5
Central,1,2x10,20,2025-03-21,535.0,543.75
Central,1,2x10,20,2025-03-28,540.0,541.25
Central,1,2x10,20,2025-04-04,555.0,541.25
Central,1,2x10,20,2025-04-11,565.0,548.75
Central,1,2x10,20,2025-04-18,585.0,561.25
Central,1,2x10,20,2025-04-25,595.0,575.0
Central,1,2x10,20,2025-05-02,595.0,585.0
Central,1,2x10,20,2025-05-09,585.0,590.0
Central,1,2x10,20,2025-05-16,565.0,585.0
Central,1,2x10,20,2025-05-23,525.0,567.5
Central,1,2x10,20,2025-05-30,500.0,543.75
Central,1,2x10,20,2025-06-06,475.0,516.25
Central,1,2x10,20,2025-06-13,465.0,491.25
Central,1,2x10,20,2025-06-19,450.0,472.5
Central,1,2x10,20,2025-06-27,435.0,456.25
Central,1,2x10,20,2025-07-03,425.0,443.75
Central,1,2x10,20,2025-07-11,435.0,436.25
Central,1,2x10,20,2025-07-18,440.0,433.75
Central,1,2x10,20,2025-07-25,445.0,436.25
Central,1,2x10,20,2025-08-01,445.0,441.25
Central,1,2x10,20,2025-08-08,440.0,442.5
Central,1,2x10,20,2025-08-15,430.0,440.0
Central,1,2x10,20,2025-08-22,415.0,432.5
Central,1,2x10,20,2025-08-29,395.0,420.0
Central,1,2x10,20,2025-09-05,380.0,405.0
Central,1,2x10,20,2025-09-12,370.0,390.0
Central,1,2x10,20,2025-09-19,370.0,378.75
Central,1,2x10,20,2025-09-26,370.0,372.5
Central,1,2x10,20,2025-10-03,360.0,367.5
Central,1,2x10,20,2025-10-10,360.0,365.0
Central,1,2x10,20,2025-10-17,365.0,363.75
Central,1,2x12,8,2024-01-12,555.0,555.0
Central,1,2x12,8,2024-01-18,555.0,555.0
Central,1,2x12,8,2024-01-25,565.0,558.3333333333334
Central,1,2x12,8,2024-02-08,585.0,565.0
Central,1,2x12,8,2024-02-15,610.0,578.75
Central,1,2x12,8,2024-02-22,625.0,596.25
Central,1,2x12,8,2024-02-29,645.0,616.25
Central,1,2x12,8,2024-03-07,645.0,631.25
Central,1,2x12,8,2024-03-14,645.0,640.0
Central,1,2x12,8,2024-03-21,645.0,645.0
Central,1,2x12,8,2024-03-28,645.0,645.0
Central,1,2x12,8,2024-04-04,620.0,638.75
Central,1,2x12,8,2024-04-11,580.0,622.5
Central,1,2x12,8,2024-04-18,580.0,606.25
Central,1,2x12,8,2024-04-25,550.0,582.5
Central,1,2x12,8,2024-05-02,540.0,562.5
Central,1,2x12,8,2024-05-09,525.0,548.75
Central,1,2x12,8,2024-05-16,515.0,532.5
Central,1,2x12,8,2024-05-30,515.0,523.75
Central,1,2x12,8,2024-06-06,515.0,517.5
Central,1,2x12,8,2024-06-13,505.0,512.5
Central,1,2x12,8,2024-06-20,500.0,508.75
Central,1,2x12,8,2024-06-27,500.0,505.0
Central,1,2x12,8,2024-07-04,500.0,501.25
Central,1,2x12,8,2024-07-11,500.0,500.0
Central,1,2x12,8,2024-07-18,500.0,500.0
Central,1,2x12,8,2024-07-25,505.0,501.25
Central,1,2x12,8,2024-08-01,510.0,503.75
Central,1,2x12,8,2024-08-08,515.0,507.5
Central,1,2x12,8,2024-08-15,515.0,511.25
Central,1,2x12,8,2024-08-22,515.0,513.75
Central,1,2x12,8,2024-08-29,515.0,515.0
Central,1,2x12,8,2024-09-05,520.0,516.25
Central,1,2x12,8,2024-09-12,525.0,518.75
Central,1,2x12,8,2024-09-20,530.0,522.5
Central,1,2x12,8,2024-09-27,535.0,527.5
Central,1,2x12,8,2024-10-04,545.0,533.75
Central,1,2x12,8,2024-10-11,560.0,542.5
Central,1,2x12,8,2024-10-18,580.0,555.0
Central,1,2x12,8,2024-10-25,590.0,568.75
Central,1,2x12,8,2024-11-01,590.0,580.0
Central,1,2x12,8,2024-11-08,585.0,586.25
Central,1,2x12,8,2024-11-15,570.0,583.75
Central,1,2x12,8,2024-11-22,555.0,575.0
Central,1,2x12,8,2024-11-27,540.0,562.5
Central,1,2x12,8,2024-12-06,525.0,547.5
Central,1,2x12,8,2024-12-13,525.0,536.25
Central,1,2x12,8,2024-12-20,525.0,528.75
Central,1,2x12,8,2025-01-03,525.0,525.0
Central,1,2x12,8,2025-01-10,525.0,525.0
Central,1,2x12,8,2025-01-17,525.0,525.0
Central,1,2x12,8,2025-01-24,510.0,521.25
Central,1,2x12,8,2025-01-31,475.0,508.75
Central,1,2x12,8,2025-02-07,475.0,496.25
Central,1,2x12,8,2025-02-14,475.0,483.75
Central,1,2x12,8,2025-02-21,475.0,475.0
Central,1,2x12,8,2025-02-28,475.0,475.0
Central,1,2x12,8,2025-03-07,480.0,476.25
Central,1,2x12,8,2025-03-14,490.0,480.0
Central,1,2x12,8,2025-03-21,500.0,486.25
Central,1,2x12,8,2025-03-28,500.0,492.5
Central,1,2x12,8,2025-04-04,490.0,495.0
Central,1,2x12,8,2025-04-11,490.0,495.0
Central,1,2x12,8,2025-04-18,500.0,495.0
Central,1,2x12,8,2025-04-25,515.0,498.75
Central,1,2x12,8,2025-05-02,525.0,507.5
Central,1,2x12,8,2025-05-09,520.0,515.0
Central,1,2x12,8,2025-05-16,500.0,515.0
Central,1,2x12,8,2025-05-23,485.0,507.5
Central,1,2x12,8,2025-05-30,470.0,493.75
Central,1,2x12,8,2025-06-06,455.0,477.5
Central,1,2x12,8,2025-06-13,445.0,463.75
Central,1,2x12,8,2025-06-19,435.0,451.25
Central,1,2x12,8,2025-06-27,430.0,441.25
Central,1,2x12,8,2025-07-03,425.0,433.75
Central,1,2x12,8,2025-07-11,425.0,428.75
Central,1,2x12,8,2025-07-18,425.0,426.25
Central,1,2x12,8,2025-07-25,425.0,425.0
Central,1,2x12,8,2025-08-01,425.0,425.0
Central,1,2x12,8,2025-08-08,425.0,425.0
Central,1,2x12,8,2025-08-15,425.0,425.0
Central,1,2x12,8,2025-08-22,425.0,425.0
Central,1,2x12,8,2025-08-29,425.0,425.0
Central,1,2x12,8,2025-09-05,425.0,425.0
Central,1,2x12,8,2025-09-12,425.0,425.0
Central,1,2x12,8,2025-09-19,425.0,425.0
Central,1,2x12,8,2025-09-26,430.0,426.25
Central,1,2x12,8,2025-10-03,435.0,428.75
Central,1,2x12,8,2025-10-10,440.0,432.5
Central,1,2x12,8,2025-10-17,445.0,437.5
Central,1,2x12,10,2024-01-12,605.0,605.0
Central,1,2x12,10,2024-01-18,615.0,610.0
Central,1,2x12,10,2024-01-25,615.0,611.6666666666666
Central,1,2x12,10,2024-02-08,635.0,617.5
Central,1,2x12,10,2024-02-15,660.0,631.25
Central,1,2x12,10,2024-02-22,670.0,645.0
Central,1,2x12,10,2024-02-29,685.0,662.5
Central,1,2x12,10,2024-03-07,685.0,675.0
Central,1,2x12,10,2024-03-14,685.0,681.25
Central,1,2x12,10,2024-03-21,685.0,685.0
Central,1,2x12,10,2024-03-28,685.0,685.0
Central,1,2x12,10,2024-04-04,660.0,678.75
Central,1,2x12,10,2024-04-11,620.0,662.5
Central,1,2x12,10,2024-04-18,580.0,636.25
Central,1,2x12,10,2024-04-25,545.0,601.25
Central,1,2x12,10,2024-05-02,520.0,566.25
Central,1,2x12,10,2024-05-09,510.0,538.75
Central,1,2x12,10,2024-05-16,500.0,518.75
Central,1,2x12,10,2024-05-30,500.0,507.5
Central,1,2x12,10,2024-06-06,500.0,502.5
Central,1,2x12,10,2024-06-13,475.0,493.75
Central,1,2x12,10,2024-06-20,470.0,486.25
Central,1,2x12,10,2024-06-27,470.0,478.75
Central,1,2x12,10,2024-07-04,470.0,471.25
Central,1,2x12,10,2024-07-11,470.0,470.0
Central,1,2x12,10,2024-07-18,470.0,470.0
Central,1,2x12,10,2024-07-25,475.0,471.25
Central,1,2x12,10,2024-08-01,480.0,473.75
Central,1,2x12,10,2024-08-08,485.0,477.5
Central,1,2x12,10,2024-08-15,485.0,481.25
Central,1,2x12,10,2024-08-22,485.0,483.75
Central,1,2x12,10,2024-08-29,485.0,485.0
Central,1,2x12,10,2024-09-05,490.0,486.25
Central,1,2x12,10,2024-09-12,495.0,488.75
Central,1,2x12,10,2024-09-20,500.0,492.5
Central,1,2x12,10,2024-09-27,505.0,497.5
Central,1,2x12,10,2024-10-04,515.0,503.75
Central,1,2x12,10,2024-10-11,530.0,512.5
Central,1,2x12,10,2024-10-18,545.0,523.75
Central,1,2x12,10,2024-10-25,555.0,536.25
Central,1,2x12,10,2024-11-01,555.0,546.25
Central,1,2x12,10,2024-11-08,550.0,551.25
Central,1,2x12,10,2024-11-15,540.0,550.0
Central,1,2x12,10,2024-11-22,525.0,542.5
Central,1,2x12,10,2024-11-27,510.0,531.25
Central,1,2x12,10,2024-12-06,495.0,517.5
Central,1,2x12,10,2024-12-13,495.0,506.25
Central,1,2x12,10,2024-12-20,495.0,498.75
Central,1,2x12,10,2025-01-03,495.0,495.0
Central,1,2x12,10,2025-01-10,495.0,495.0
Central,1,2x12,10,2025-01-17,495.0,495.0
Central,1,2x12,10,2025-01-24,495.0,495.0
Central,1,2x12,10,2025-01-31,495.0,495.0
Central,1,2x12,10,2025-02-07,495.0,495.0
Central,1,2x12,10,2025-02-14,495.0,495.0
Central,1,2x12,10,2025-02-21,495.0,495.0
Central,1,2x12,10,2025-02-28,495.0,495.0
Central,1,2x12,10,2025-03-07,500.0,496.25
Central,1,2x12,10,2025-03-14,510.0,500.0
Central,1,2x12,10,2025-03-21,520.0,506.25
Central,1,2x12,10,2025-03-28,520.0,512.5
Central,1,2x12,10,2025-04-04,520.0,517.5
Central,1,2x12,10,2025-04-11,520.0,520.0
Central,1,2x12,10,2025-04-18,535.0,523.75
Central,1,2x12,10,2025-04-25,545.0,530.0
Central,1,2x12,10,2025-05-02,545.0,536.25
Central,1,2x12,10,2025-05-09,545.0,542.5
Central,1,2x12,10,2025-05-16,530.0,541.25
Central,1,2x12,10,2025-05-23,515.0,533.75
Central,1,2x12,10,2025-05-30,500.0,522.5
Central,1,2x12,10,2025-06-06,485.0,507.5
Central,1,2x12,10,2025-06-13,465.0,491.25
Central,1,2x12,10,2025-06-19,460.0,477.5
Central,1,2x12,10,2025-06-27,455.0,466.25
Central,1,2x12,10,2025-07-03,450.0,457.5
Central,1,2x12,10,2025-07-11,450.0,453.75
Central,1,2x12,10,2025-07-18,450.0,451.25
Central,1,2x12,10,2025-07-25,450.0,450.0
Central,1,2x12,10,2025-08-01,450.0,450.0
Central,1,2x12,10,2025-08-08,450.0,450.0
Central,1,2x12,10,2025-08-15,445.0,448.75
Central,1,2x12,10,2025-08-22,435.0,445.0
Central,1,2x12,10,2025-08-29,430.0,440.0
Central,1,2x12,10,2025-09-05,420.0,432.5
Central,1,2x12,10,2025-09-12,410.0,423.75
Central,1,2x12,10,2025-09-19,410.0,417.5
Central,1,2x12,10,2025-09-26,415.0,413.75
Central,1,2x12,10,2025-10-03,425.0,415.0
Central,1,2x12,10,2025-10-10,435.0,421.25
Central,1,2x12,10,2025-10-17,435.0,427.5
Central,1,2x12,12,2024-01-12,550.0,550.0
Central,1,2x12,12,2024-01-18,555.0,552.5
Central,1,2x12,12,2024-01-25,560.0,555.0
Central,1,2x12,12,2024-02-08,580.0,561.25
Central,1,2x12,12,2024-02-15,605.0,575.0
Central,1,2x12,12,2024-02-22,615.0,590.0
Central,1,2x12,12,2024-02-29,630.0,607.5
Central,1,2x12,12,2024-03-07,630.0,620.0
Central,1,2x12,12,2024-03-14,630.0,626.25
Central,1,2x12,12,2024-03-21,630.0,630.0
Central,1,2x12,12,2024-03-28,630.0,630.0
Central,1,2x12,12,2024-04-04,605.0,623.75
Central,1,2x12,12,2024-04-11,585.0,612.5
Central,1,2x12,12,2024-04-18,570.0,597.5
Central,1,2x12,12,2024-04-25,545.0,576.25
Central,1,2x12,12,2024-05-02,515.0,553.75
Central,1,2x12,12,2024-05-09,510.0,535.0
Central,1,2x12,12,2024-05-16,510.0,520.0
Central,1,2x12,12,2024-05-30,510.0,511.25
Central,1,2x12,12,2024-06-06,510.0,510.0
Central,1,2x12,12,2024-06-13,510.0,510.0
Central,1,2x12,12,2024-06-20,505.0,508.75
Central,1,2x12,12,2024-06-27,505.0,507.5
Central,1,2x12,12,2024-07-04,505.0,506.25
Central,1,2x12,12,2024-07-11,505.0,505.0
Central,1,2x12,12,2024-07-18,505.0,505.0
Central,1,2x12,12,2024-07-25,510.0,506.25
Central,1,2x12,12,2024-08-01,520.0,510.0
Central,1,2x12,12,2024-08-08,525.0,515.0
Central,1,2x12,12,2024-08-15,525.0,520.0
Central,1,2x12,12,2024-08-22,525.0,523.75
Central,1,2x12,12,2024-08-29,520.0,523.75
Central,1,2x12,12,2024-09-05,525.0,523.75
Central,1,2x12,12,2024-09-12,535.0,526.25
Central,1,2x12,12,2024-09-20,540.0,530.0
Central,1,2x12,12,2024-09-27,555.0,538.75
Central,1,2x12,12,2024-10-04,565.0,548.75
Central,1,2x12,12,2024-10-11,580.0,560.0
Central,1,2x12,12,2024-10-18,590.0,572.5
Central,1,2x12,12,2024-10-25,595.0,582.5
Central,1,2x12,12,2024-11-01,595.0,590.0
Central,1,2x12,12,2024-11-08,590.0,592.5
Central,1,2x12,12,2024-11-15,580.0,590.0
Central,1,2x12,12,2024-11-22,565.0,582.5
Central,1,2x12,12,2024-11-27,550.0,571.25
Central,1,2x12,12,2024-12-06,535.0,557.5
Central,1,2x12,12,2024-12-13,525.0,543.75
Central,1,2x12,12,2024-12-20,530.0,535.0
Central,1,2x12,12,2025-01-03,530.0,530.0
Central,1,2x12,12,2025-01-10,535.0,530.0
Central,1,2x12,12,2025-01-17,535.0,532.5
Central,1,2x12,12,2025-01-24,535.0,533.75
Central,1,2x12,12,2025-01-31,515.0,530.0
Central,1,2x12,12,2025-02-07,520.0,526.25
Central,1,2x12,12,2025-02-14,515.0,521.25
Central,1,2x12,12,2025-02-21,515.0,516.25
Central,1,2x12,12,2025-02-28,520.0,517.5
Central,1,2x12,12,2025-03-07,510.0,515.0
Central,1,2x12,12,2025-03-14,485.0,507.5
Central,1,2x12,12,2025-03-21,475.0,497.5
Central,1,2x12,12,2025-03-28,475.0,486.25
Central,1,2x12,12,2025-04-04,485.0,480.0
Central,1,2x12,12,2025-04-11,495.0,482.5
Central,1,2x12,12,2025-04-18,495.0,487.5
Central,1,2x12,12,2025-04-25,495.0,492.5
Central,1,2x12,12,2025-05-02,495.0,495.0
Central,1,2x12,12,2025-05-09,490.0,493.75
Central,1,2x12,12,2025-05-16,480.0,490.0
Central,1,2x12,12,2025-05-23,465.0,482.5
Central,1,2x12,12,2025-05-30,445.0,470.0
Central,1,2x12,12,2025-06-06,430.0,455.0
Central,1,2x12,12,2025-06-13,425.0,441.25
Central,1,2x12,12,2025-06-19,415.0,428.75
Central,1,2x12,12,2025-06-27,415.0,421.25
Central,1,2x12,12,2025-07-03,405.0,415.0
Central,1,2x12,12,2025-07-11,405.0,410.0
Central,1,2x12,12,2025-07-18,415.0,410.0
Central,1,2x12,12,2025-07-25,415.0,410.0
Central,1,2x12,12,2025-08-01,425.0,415.0
Central,1,2x12,12,2025-08-08,425.0,420.0
Central,1,2x12,12,2025-08-15,425.0,422.5
Central,1,2x12,12,2025-08-22,425.0,425.0
Central,1,2x12,12,2025-08-29,425.0,425.0
Central,1,2x12,12,2025-09-05,425.0,425.0
Central,1,2x12,12,2025-09-12,425.0,425.0
Central,1,2x12,12,2025-09-19,435.0,427.5
Central,1,2x12,12,2025-09-26,430.0,428.75
Central,1,2x12,12,2025-10-03,435.0,431.25
Central,1,2x12,12,2025-10-10,440.0,435.0
Central,1,2x12,12,2025-10-17,445.0,437.5
Central,1,2x12,14,2024-01-12,485.0,485.0
Central,1,2x12,14,2024-01-18,495.0,490.0
Central,1,2x12,14,2024-01-25,500.0,493.3333333333333
Central,1,2x12,14,2024-02-08,520.0,500.0
Central,1,2x12,14,2024-02-15,545.0,515.0
Central,1,2x12,14,2024-02-22,555.0,530.0
Central,1,2x12,14,2024-02-29,575.0,548.75
Central,1,2x12,14,2024-03-07,575.0,562.5
Central,1,2x12,14,2024-03-14,565.0,567.5
Central,1,2x12,14,2024-03-21,565.0,570.0
Central,1,2x12,14,2024-03-28,565.0,567.5
Central,1,2x12,14,2024-04-04,545.0,560.0
Central,1,2x12,14,2024-04-11,520.0,548.75
Central,1,2x12,14,2024-04-18,500.0,532.5
Central,1,2x12,14,2024-04-25,465.0,507.5
Central,1,2x12,14,2024-05-02,445.0,482.5
Central,1,2x12,14,2024-05-09,445.0,463.75
Central,1,2x12,14,2024-05-16,440.0,448.75
Central,1,2x12,14,2024-05-30,440.0,442.5
Central,1,2x12,14,2024-06-06,440.0,441.25
Central,1,2x12,14,2024-06-13,440.0,440.0
Central,1,2x12,14,2024-06-20,435.0,438.75
Central,1,2x12,14,2024-06-27,435.0,437.5
Central,1,2x12,14,2024-07-04,435.0,436.25
Central,1,2x12,14,2024-07-11,430.0,433.75
Central,1,2x12,14,2024-07-18,430.0,432.5
Central,1,2x12,14,2024-07-25,435.0,432.5
Central,1,2x12,14,2024-08-01,450.0,436.25
Central,1,2x12,14,2024-08-08,455.0,442.5
Central,1,2x12,14,2024-08-15,455.0,448.75
Central,1,2x12,14,2024-08-22,455.0,453.75
Central,1,2x12,14,2024-08-29,455.0,455.0
Central,1,2x12,14,2024-09-05,460.0,456.25
Central,1,2x12,14,2024-09-12,470.0,460.0
Central,1,2x12,14,2024-09-20,475.0,465.0
Central,1,2x12,14,2024-09-27,495.0,475.0
Central,1,2x12,14,2024-10-04,505.0,486.25
Central,1,2x12,14,2024-10-11,520.0,498.75
Central,1,2x12,14,2024-10-18,530.0,512.5
Central,1,2x12,14,2024-10-25,535.0,522.5
Central,1,2x12,14,2024-11-01,535.0,530.0
Central,1,2x12,14,2024-11-08,525.0,531.25
Central,1,2x12,14,2024-11-15,515.0,527.5
Central,1,2x12,14,2024-11-22,505.0,520.0
Central,1,2x12,14,2024-11-27,485.0,507.5
Central,1,2x12,14,2024-12-06,470.0,493.75
Central,1,2x12,14,2024-12-13,470.0,482.5
Central,1,2x12,14,2024-12-20,470.0,473.75
Central,1,2x12,14,2025-01-03,470.0,470.0
Central,1,2x12,14,2025-01-10,470.0,470.0
Central,1,2x12,14,2025-01-17,470.0,470.0
Central,1,2x12,14,2025-01-24,470.0,470.0
Central,1,2x12,14,2025-01-31,470.0,470.0
Central,1,2x12,14,2025-02-07,460.0,467.5
Central,1,2x12,14,2025-02-14,460.0,465.0
Central,1,2x12,14,2025-02-21,460.0,462.5
Central,1,2x12,14,2025-02-28,465.0,461.25
Central,1,2x12,14,2025-03-07,470.0,463.75
Central,1,2x12,14,2025-03-14,450.0,461.25
Central,1,2x12,14,2025-03-21,440.0,456.25
Central,1,2x12,14,2025-03-28,440.0,450.0
Central,1,2x12,14,2025-04-04,445.0,443.75
Central,1,2x12,14,2025-04-11,455.0,445.0
Central,1,2x12,14,2025-04-18,455.0,448.75
Central,1,2x12,14,2025-04-25,455.0,452.5
Central,1,2x12,14,2025-05-02,440.0,451.25
Central,1,2x12,14,2025-05-09,430.0,445.0
Central,1,2x12,14,2025-05-16,415.0,435.0
Central,1,2x12,14,2025-05-23,395.0,420.0
Central,1,2x12,14,2025-05-30,375.0,403.75
Central,1,2x12,14,2025-06-06,365.0,387.5
Central,1,2x12,14,2025-06-13,365.0,375.0
Central,1,2x12,14,2025-06-19,350.0,363.75
Central,1,2x12,14,2025-06-27,330.0,352.5
Central,1,2x12,14,2025-07-03,320.0,341.25
Central,1,2x12,14,2025-07-11,320.0,330.0
Central,1,2x12,14,2025-07-18,325.0,323.75
Central,1,2x12,14,2025-07-25,325.0,322.5
Central,1,2x12,14,2025-08-01,325.0,323.75
Central,1,2x12,14,2025-08-08,325.0,325.0
Central,1,2x12,14,2025-08-15,325.0,325.0
Central,1,2x12,14,2025-08-22,325.0,325.0
Central,1,2x12,14,2025-08-29,315.0,322.5
Central,1,2x12,14,2025-09-05,315.0,320.0
Central,1,2x12,14,2025-09-12,320.0,318.75
Central,1,2x12,14,2025-09-19,330.0,320.0
Central,1,2x12,14,2025-09-26,340.0,326.25
Central,1,2x12,14,2025-10-03,350.0,335.0
Central,1,2x12,14,2025-10-10,365.0,346.25
Central,1,2x12,14,2025-10-17,370.0,356.25
Central,1,2x12,16,2024-01-12,545.0,545.0
Central,1,2x12,16,2024-01-18,560.0,552.5
Central,1,2x12,16,2024-01-25,560.0,555.0
Central,1,2x12,16,2024-02-08,585.0,562.5
Central,1,2x12,16,2024-02-15,615.0,580.0
Central,1,2x12,16,2024-02-22,630.0,597.5
Central,1,2x12,16,2024-02-29,645.0,618.75
Central,1,2x12,16,2024-03-07,645.0,633.75
Central,1,2x12,16,2024-03-14,655.0,643.75
Central,1,2x12,16,2024-03-21,645.0,647.5
Central,1,2x12,16,2024-03-28,645.0,647.5
Central,1,2x12,16,2024-04-04,620.0,641.25
Central,1,2x12,16,2024-04-11,580.0,622.5
Central,1,2x12,16,2024-04-18,565.0,602.5
Central,1,2x12,16,2024-04-25,535.0,575.0
Central,1,2x12,16,2024-05-02,510.0,547.5
Central,1,2x12,16,2024-05-09,505.0,528.75
Central,1,2x12,16,2024-05-16,505.0,513.75
Central,1,2x12,16,2024-05-30,505.0,506.25
Central,1,2x12,16,2024-06-06,505.0,505.0
Central,1,2x12,16,2024-06-13,505.0,505.0
Central,1,2x12,16,2024-06-20,500.0,503.75
Central,1,2x12,16,2024-06-27,500.0,502.5
Central,1,2x12,16,2024-07-04,500.0,501.25
Central,1,2x12,16,2024-07-11,505.0,501.25
Central,1,2x12,16,2024-07-18,510.0,503.75
Central,1,2x12,16,2024-07-25,515.0,507.5
Central,1,2x12,16,2024-08-01,535.0,516.25
Central,1,2x12,16,2024-08-08,540.0,525.0
Central,1,2x12,16,2024-08-15,540.0,532.5
Central,1,2x12,16,2024-08-22,540.0,538.75
Central,1,2x12,16,2024-08-29,540.0,540.0
Central,1,2x12,16,2024-09-05,550.0,542.5
Central,1,2x12,16,2024-09-12,565.0,548.75
Central,1,2x12,16,2024-09-20,575.0,557.5
Central,1,2x12,16,2024-09-27,595.0,571.25
Central,1,2x12,16,2024-10-04,605.0,585.0
Central,1,2x12,16,2024-10-11,620.0,598.75
Central,1,2x12,16,2024-10-18,635.0,613.75
Central,1,2x12,16,2024-10-25,640.0,625.0
Central,1,2x12,16,2024-11-01,640.0,633.75
Central,1,2x12,16,2024-11-08,630.0,636.25
Central,1,2x12,16,2024-11-15,620.0,632.5
Central,1,2x12,16,2024-11-22,610.0,625.0
Central,1,2x12,16,2024-11-27,590.0,612.5
Central,1,2x12,16,2024-12-06,575.0,598.75
Central,1,2x12,16,2024-12-13,565.0,585.0
Central,1,2x12,16,2024-12-20,570.0,575.0
Central,1,2x12,16,2025-01-03,570.0,570.0
Central,1,2x12,16,2025-01-10,570.0,568.75
Central,1,2x12,16,2025-01-17,570.0,570.0
Central,1,2x12,16,2025-01-24,555.0,566.25
Central,1,2x12,16,2025-01-31,545.0,560.0
Central,1,2x12,16,2025-02-07,545.0,553.75
Central,1,2x12,16,2025-02-14,545.0,547.5
Central,1,2x12,16,2025-02-21,540.0,543.75
Central,1,2x12,16,2025-02-28,530.0,540.0
Central,1,2x12,16,2025-03-07,525.0,535.0
Central,1,2x12,16,2025-03-14,525.0,530.0
Central,1,2x12,16,2025-03-21,515.0,523.75
Central,1,2x12,16,2025-03-28,515.0,520.0
Central,1,2x12,16,2025-04-04,500.0,513.75
Central,1,2x12,16,2025-04-11,510.0,510.0
Central,1,2x12,16,2025-04-18,510.0,508.75
Central,1,2x12,16,2025-04-25,510.0,507.5
Central,1,2x12,16,2025-05-02,500.0,507.5
Central,1,2x12,16,2025-05-09,490.0,502.5
Central,1,2x12,16,2025-05-16,475.0,493.75
Central,1,2x12,16,2025-05-23,460.0,481.25
Central,1,2x12,16,2025-05-30,445.0,467.5
Central,1,2x12,16,2025-06-06,435.0,453.75
Central,1,2x12,16,2025-06-13,430.0,442.5
Central,1,2x12,16,2025-06-19,415.0,431.25
Central,1,2x12,16,2025-06-27,395.0,418.75
Central,1,2x12,16,2025-07-03,385.0,406.25
Central,1,2x12,16,2025-07-11,385.0,395.0
Central,1,2x12,16,2025-07-18,390.0,388.75
Central,1,2x12,16,2025-07-25,390.0,387.5
Central,1,2x12,16,2025-08-01,395.0,390.0
Central,1,2x12,16,2025-08-08,395.0,392.5
Central,1,2x12,16,2025-08-15,395.0,393.75
Central,1,2x12,16,2025-08-22,395.0,395.0
Central,1,2x12,16,2025-08-29,380.0,391.25
Central,1,2x12,16,2025-09-05,375.0,386.25
Central,1,2x12,16,2025-09-12,365.0,378.75
Central,1,2x12,16,2025-09-19,370.0,372.5
Central,1,2x12,16,2025-09-26,370.0,370.0
Central,1,2x12,16,2025-10-03,375.0,370.0
Central,1,2x12,16,2025-10-10,385.0,375.0
Central,1,2x12,16,2025-10-17,395.0,381.25
Central,1,2x12,18,2024-01-12,565.0,565.0
Central,1,2x12,18,2024-01-18,575.0,570.0
Central,1,2x12,18,2024-01-25,575.0,571.6666666666666
Central,1,2x12,18,2024-02-08,600.0,578.75
Central,1,2x12,18,2024-02-15,625.0,593.75
Central,1,2x12,18,2024-02-22,635.0,608.75
Central,1,2x12,18,2024-02-29,650.0,627.5
Central,1,2x12,18,2024-03-07,650.0,640.0
Central,1,2x12,18,2024-03-14,650.0,646.25
Central,1,2x12,18,2024-03-21,660.0,652.5
Central,1,2x12,18,2024-03-28,660.0,655.0
Central,1,2x12,18,2024-04-04,660.0,657.5
Central,1,2x12,18,2024-04-11,650.0,657.5
Central,1,2x12,18,2024-04-18,630.0,650.0
Central,1,2x12,18,2024-04-25,595.0,633.75
Central,1,2x12,18,2024-05-02,560.0,608.75
Central,1,2x12,18,2024-05-09,545.0,582.5
Central,1,2x12,18,2024-05-16,545.0,561.25
Central,1,2x12,18,2024-05-30,545.0,548.75
Central,1,2x12,18,2024-06-06,545.0,545.0
Central,1,2x12,18,2024-06-13,520.0,538.75
Central,1,2x12,18,2024-06-20,515.0,531.25
Central,1,2x12,18,2024-06-27,515.0,523.75
Central,1,2x12,18,2024-07-04,515.0,516.25
Central,1,2x12,18,2024-07-11,515.0,515.0
Central,1,2x12,18,2024-07-18,515.0,515.0
Central,1,2x12,18,2024-07-25,520.0,516.25
Central,1,2x12,18,2024-08-01,535.0,521.25
Central,1,2x12,18,2024-08-08,540.0,527.5
Central,1,2x12,18,2024-08-15,540.0,533.75
Central,1,2x12,18,2024-08-22,540.0,538.75
Central,1,2x12,18,2024-08-29,540.0,540.0
Central,1,2x12,18,2024-09-05,550.0,542.5
Central,1,2x12,18,2024-09-12,565.0,548.75
Central,1,2x12,18,2024-09-20,575.0,557.5
Central,1,2x12,18,2024-09-27,595.0,571.25
Central,1,2x12,18,2024-10-04,605.0,585.0
Central,1,2x12,18,2024-10-11,620.0,598.75
Central,1,2x12,18,2024-10-18,635.0,613.75
Central,1,2x12,18,2024-10-25,640.0,625.0
Central,1,2x12,18,2024-11-01,630.0,631.25
Central,1,2x12,18,2024-11-08,630.0,633.75
Central,1,2x12,18,2024-11-15,620.0,630.0
Central,1,2x12,18,2024-11-22,605.0,621.25
Central,1,2x12,18,2024-11-27,590.0,611.25
Central,1,2x12,18,2024-12-06,575.0,597.5
Central,1,2x12,18,2024-12-13,565.0,583.75
Central,1,2x12,18,2024-12-20,570.0,575.0
Central,1,2x12,18,2025-01-03,570.0,570.0
Central,1,2x12,18,2025-01-10,575.0,570.0
Central,1,2x12,18,2025-01-17,575.0,572.5
Central,1,2x12,18,2025-01-24,570.0,572.5
Central,1,2x12,18,2025-01-31,570.0,572.5
Central,1,2x12,18,2025-02-07,575.0,572.5
Central,1,2x12,18,2025-02-14,575.0,572.5
Central,1,2x12,18,2025-02-21,585.0,576.25
Central,1,2x12,18,2025-02-28,590.0,581.25
Central,1,2x12,18,2025-03-07,595.0,586.25
Central,1,2x12,18,2025-03-14,595.0,591.25
Central,1,2x12,18,2025-03-21,595.0,593.75
Central,1,2x12,18,2025-03-28,595.0,595.0
Central,1,2x12,18,2025-04-04,605.0,597.5
Central,1,2x12,18,2025-04-11,615.0,602.5
Central,1,2x12,18,2025-04-18,615.0,607.5
Central,1,2x12,18,2025-04-25,615.0,612.5
Central,1,2x12,18,2025-05-02,615.0,615.0
Central,1,2x12,18,2025-05-09,585.0,607.5
Central,1,2x12,18,2025-05-16,565.0,595.0
Central,1,2x12,18,2025-05-23,540.0,576.25
Central,1,2x12,18,2025-05-30,510.0,550.0
Central,1,2x12,18,2025-06-06,480.0,523.75
Central,1,2x12,18,2025-06-13,475.0,501.25
Central,1,2x12,18,2025-06-19,435.0,475.0
Central,1,2x12,18,2025-06-27,415.0,451.25
Central,1,2x12,18,2025-07-03,405.0,432.5
Central,1,2x12,18,2025-07-11,405.0,415.0
Central,1,2x12,18,2025-07-18,405.0,407.5
Central,1,2x12,18,2025-07-25,405.0,405.0
Central,1,2x12,18,2025-08-01,390.0,401.25
Central,1,2x12,18,2025-08-08,390.0,397.5
Central,1,2x12,18,2025-08-15,385.0,392.5
Central,1,2x12,18,2025-08-22,380.0,386.25
Central,1,2x12,18,2025-08-29,380.0,383.75
Central,1,2x12,18,2025-09-05,380.0,381.25
Central,1,2x12,18,2025-09-12,375.0,378.75
Central,1,2x12,18,2025-09-19,375.0,377.5
Central,1,2x12,18,2025-09-26,380.0,377.5
Central,1,2x12,18,2025-10-03,380.0,377.5
Central,1,2x12,18,2025-10-10,390.0,381.25
Central,1,2x12,18,2025-10-17,390.0,385.0
Central,1,2x12,20,2024-01-12,750.0,750.0
Central,1,2x12,20,2024-01-18,750.0,750.0
Central,1,2x12,20,2024-01-25,730.0,743.3333333333334
Central,1,2x12,20,2024-02-08,750.0,745.0
Central,1,2x12,20,2024-02-15,775.0,751.25
Central,1,2x12,20,2024-02-22,785.0,760.0
Central,1,2x12,20,2024-02-29,800.0,777.5
Central,1,2x12,20,2024-03-07,800.0,790.0
Central,1,2x12,20,2024-03-14,800.0,796.25
Central,1,2x12,20,2024-03-21,800.0,800.0
Central,1,2x12,20,2024-03-28,800.0,800.0
Central,1,2x12,20,2024-04-04,800.0,800.0
Central,1,2x12,20,2024-04-11,800.0,800.0
Central,1,2x12,20,2024-04-18,785.0,796.25
Central,1,2x12,20,2024-04-25,755.0,785.0
Central,1,2x12,20,2024-05-02,745.0,771.25
Central,1,2x12,20,2024-05-09,730.0,753.75
Central,1,2x12,20,2024-05-16,720.0,737.5
Central,1,2x12,20,2024-05-30,720.0,728.75
Central,1,2x12,20,2024-06-06,720.0,722.5
Central,1,2x12,20,2024-06-13,725.0,721.25
Central,1,2x12,20,2024-06-20,720.0,721.25
Central,1,2x12,20,2024-06-27,720.0,721.25
Central,1,2x12,20,2024-07-04,720.0,721.25
Central,1,2x12,20,2024-07-11,720.0,720.0
Central,1,2x12,20,2024-07-18,720.0,720.0
Central,1,2x12,20,2024-07-25,730.0,722.5
Central,1,2x12,20,2024-08-01,745.0,728.75
Central,1,2x12,20,2024-08-08,750.0,736.25
Central,1,2x12,20,2024-08-15,760.0,746.25
Central,1,2x12,20,2024-08-22,770.0,756.25
Central,1,2x12,20,2024-08-29,790.0,767.5
Central,1,2x12,20,2024-09-05,800.0,780.0
Central,1,2x12,20,2024-09-12,800.0,790.0
Central,1,2x12,20,2024-09-20,800.0,797.5
Central,1,2x12,20,2024-09-27,820.0,805.0
Central,1,2x12,20,2024-10-04,845.0,816.25
Central,1,2x12,20,2024-10-11,860.0,831.25
Central,1,2x12,20,2024-10-18,885.0,852.5
Central,1,2x12,20,2024-10-25,905.0,873.75
Central,1,2x12,20,2024-11-01,905.0,888.75
Central,1,2x12,20,2024-11-08,915.0,902.5
Central,1,2x12,20,2024-11-15,925.0,912.5
Central,1,2x12,20,2024-11-22,925.0,917.5
Central,1,2x12,20,2024-11-27,925.0,922.5
Central,1,2x12,20,2024-12-06,915.0,922.5
Central,1,2x12,20,2024-12-13,915.0,920.0
Central,1,2x12,20,2024-12-20,920.0,918.75
Central,1,2x12,20,2025-01-03,920.0,917.5
Central,1,2x12,20,2025-01-10,925.0,920.0
Central,1,2x12,20,2025-01-17,925.0,922.5
Central,1,2x12,20,2025-01-24,925.0,923.75
Central,1,2x12,20,2025-01-31,925.0,925.0
Central,1,2x12,20,2025-02-07,930.0,926.25
Central,1,2x12,20,2025-02-14,935.0,928.75
Central,1,2x12,20,2025-02-21,935.0,931.25
Central,1,2x12,20,2025-02-28,935.0,933.75
Central,1,2x12,20,2025-03-07,920.0,931.25
Central,1,2x12,20,2025-03-14,930.0,930.0
Central,1,2x12,20,2025-03-21,945.0,932.5
Central,1,2x12,20,2025-03-28,945.0,935.0
Central,1,2x12,20,2025-04-04,945.0,941.25
Central,1,2x12,20,2025-04-11,955.0,947.5
Central,1,2x12,20,2025-04-18,955.0,950.0
Central,1,2x12,20,2025-04-25,965.0,955.0
Central,1,2x12,20,2025-05-02,945.0,955.0
Central,1,2x12,20,2025-05-09,920.0,946.25
Central,1,2x12,20,2025-05-16,900.0,932.5
Central,1,2x12,20,2025-05-23,875.0,910.0
Central,1,2x12,20,2025-05-30,845.0,885.0
Central,1,2x12,20,2025-06-06,830.0,862.5
Central,1,2x12,20,2025-06-13,820.0,842.5
Central,1,2x12,20,2025-06-19,750.0,811.25
Central,1,2x12,20,2025-06-27,690.0,772.5
Central,1,2x12,20,2025-07-03,660.0,730.0
Central,1,2x12,20,2025-07-11,645.0,686.25
Central,1,2x12,20,2025-07-18,640.0,658.75
Central,1,2x12,20,2025-07-25,640.0,646.25
Central,1,2x12,20,2025-08-01,625.0,637.5
Central,1,2x12,20,2025-08-08,610.0,628.75
Central,1,2x12,20,2025-08-15,605.0,620.0
Central,1,2x12,20,2025-08-22,595.0,608.75
Central,1,2x12,20,2025-08-29,585.0,598.75
Central,1,2x12,20,2025-09-05,565.0,587.5
Central,1,2x12,20,2025-09-12,550.0,573.75
Central,1,2x12,20,2025-09-19,550.0,562.5
Central,1,2x12,20,2025-09-26,550.0,553.75
Central,1,2x12,20,2025-10-03,550.0,550.0
Central,1,2x12,20,2025-10-10,560.0,552.5
Central,1,2x12,20,2025-10-17,560.0,555.0
Central,1,2x4,8,2024-01-12,395.0,395.0
Central,1,2x4,8,2024-01-18,395.0,395.0
Central,1,2x4,8,2024-01-25,380.0,390.0
Central,1,2x4,8,2024-02-08,385.0,388.75
Central,1,2x4,8,2024-02-15,400.0,390.0
Central,1,2x4,8,2024-02-22,400.0,391.25
Central,1,2x4,8,2024-02-29,400.0,396.25
Central,1,2x4,8,2024-03-07,415.0,403.75
Central,1,2x4,8,2024-03-14,425.0,410.0
Central,1,2x4,8,2024-03-21,425.0,416.25
Central,1,2x4,8,2024-03-28,415.0,420.0
Central,1,2x4,8,2024-04-04,415.0,420.0
Central,1,2x4,8,2024-04-11,400.0,413.75
Central,1,2x4,8,2024-04-18,385.0,403.75
Central,1,2x4,8,2024-04-25,385.0,396.25
Central,1,2x4,8,2024-05-02,385.0,388.75
Central,1,2x4,8,2024-05-09,395.0,387.5
Central,1,2x4,8,2024-05-16,400.0,391.25
Central,1,2x4,8,2024-05-30,400.0,395.0
Central,1,2x4,8,2024-06-06,400.0,398.75
Central,1,2x4,8,2024-06-13,390.0,397.5
Central,1,2x4,8,2024-06-20,385.0,393.75
Central,1,2x4,8,2024-06-27,375.0,387.5
Central,1,2x4,8,2024-07-04,370.0,380.0
Central,1,2x4,8,2024-07-11,370.0,375.0
Central,1,2x4,8,2024-07-18,375.0,372.5
Central,1,2x4,8,2024-07-25,380.0,373.75
Central,1,2x4,8,2024-08-01,395.0,380.0
Central,1,2x4,8,2024-08-08,400.0,387.5
Central,1,2x4,8,2024-08-15,400.0,393.75
Central,1,2x4,8,2024-08-22,400.0,398.75
Central,1,2x4,8,2024-08-29,400.0,400.0
Central,1,2x4,8,2024-09-05,400.0,400.0
Central,1,2x4,8,2024-09-12,400.0,400.0
Central,1,2x4,8,2024-09-20,405.0,401.25
Central,1,2x4,8,2024-09-27,420.0,406.25
Central,1,2x4,8,2024-10-04,435.0,415.0
Central,1,2x4,8,2024-10-11,460.0,430.0
Central,1,2x4,8,2024-10-18,475.0,447.5
Central,1,2x4,8,2024-10-25,485.0,463.75
Central,1,2x4,8,2024-11-01,485.0,476.25
Central,1,2x4,8,2024-11-08,470.0,478.75
Central,1,2x4,8,2024-11-15,450.0,472.5
Central,1,2x4,8,2024-11-22,425.0,457.5
Central,1,2x4,8,2024-11-27,410.0,438.75
Central,1,2x4,8,2024-12-06,395.0,420.0
Central,1,2x4,8,2024-12-13,395.0,406.25
Central,1,2x4,8,2024-12-20,395.0,398.75
Central,1,2x4,8,2025-01-03,415.0,400.0
Central,1,2x4,8,2025-01-10,425.0,407.5
Central,1,2x4,8,2025-01-17,425.0,415.0
Central,1,2x4,8,2025-01-24,425.0,422.5
Central,1,2x4,8,2025-01-31,425.0,425.0
Central,1,2x4,8,2025-02-07,440.0,428.75
Central,1,2x4,8,2025-02-14,450.0,435.0
Central,1,2x4,8,2025-02-21,460.0,443.75
Central,1,2x4,8,2025-02-28,460.0,452.5
Central,1,2x4,8,2025-03-07,470.0,460.0
Central,1,2x4,8,2025-03-14,475.0,466.25
Central,1,2x4,8,2025-03-21,475.0,470.0
Central,1,2x4,8,2025-03-28,480.0,475.0
Central,1,2x4,8,2025-04-04,495.0,481.25
Central,1,2x4,8,2025-04-11,510.0,490.0
Central,1,2x4,8,2025-04-18,525.0,502.5
Central,1,2x4,8,2025-04-25,545.0,518.75
Central,1,2x4,8,2025-05-02,550.0,532.5
Central,1,2x4,8,2025-05-09,540.0,540.0
Central,1,2x4,8,2025-05-16,525.0,540.0
Central,1,2x4,8,2025-05-23,495.0,527.5
Central,1,2x4,8,2025-05-30,475.0,508.75
Central,1,2x4,8,2025-06-06,460.0,488.75
Central,1,2x4,8,2025-06-13,435.0,466.25
Central,1,2x4,8,2025-06-19,425.0,448.75
Central,1,2x4,8,2025-06-27,425.0,436.25
Central,1,2x4,8,2025-07-03,425.0,427.5
Central,1,2x4,8,2025-07-11,425.0,425.0
Central,1,2x4,8,2025-07-18,425.0,425.0
Central,1,2x4,8,2025-07-25,425.0,425.0
Central,1,2x4,8,2025-08-01,425.0,425.0
Central,1,2x4,8,2025-08-08,410.0,421.25
Central,1,2x4,8,2025-08-15,395.0,413.75
Central,1,2x4,8,2025-08-22,375.0,401.25
Central,1,2x4,8,2025-08-29,355.0,383.75
Central,1,2x4,8,2025-09-05,335.0,365.0
Central,1,2x4,8,2025-09-12,325.0,347.5
Central,1,2x4,8,2025-09-19,325.0,335.0
Central,1,2x4,8,2025-09-26,315.0,325.0
Central,1,2x4,8,2025-10-03,325.0,322.5
Central,1,2x4,8,2025-10-10,325.0,322.5
Central,1,2x4,8,2025-10-17,330.0,323.75
Central,1,2x4,10,2024-01-12,400.0,400.0
Central,1,2x4,10,2024-01-18,395.0,397.5
Central,1,2x4,10,2024-01-25,375.0,390.0
Central,1,2x4,10,2024-02-08,375.0,386.25
Central,1,2x4,10,2024-02-15,385.0,382.5
Central,1,2x4,10,2024-02-22,375.0,377.5
Central,1,2x4,10,2024-02-29,375.0,377.5
Central,1,2x4,10,2024-03-07,375.0,377.5
Central,1,2x4,10,2024-03-14,375.0,375.0
Central,1,2x4,10,2024-03-21,385.0,377.5
Central,1,2x4,10,2024-03-28,375.0,377.5
Central,1,2x4,10,2024-04-04,365.0,375.0
Central,1,2x4,10,2024-04-11,350.0,368.75
Central,1,2x4,10,2024-04-18,330.0,355.0
Central,1,2x4,10,2024-04-25,330.0,343.75
Central,1,2x4,10,2024-05-02,330.0,335.0
Central,1,2x4,10,2024-05-09,330.0,330.0
Central,1,2x4,10,2024-05-16,330.0,330.0
Central,1,2x4,10,2024-05-30,310.0,325.0
Central,1,2x4,10,2024-06-06,310.0,320.0
Central,1,2x4,10,2024-06-13,310.0,315.0
Central,1,2x4,10,2024-06-20,305.0,308.75
Central,1,2x4,10,2024-06-27,290.0,303.75
Central,1,2x4,10,2024-07-04,285.0,297.5
Central,1,2x4,10,2024-07-11,280.0,290.0
Central,1,2x4,10,2024-07-18,280.0,283.75
Central,1,2x4,10,2024-07-25,290.0,283.75
Central,1,2x4,10,2024-08-01,300.0,287.5
Central,1,2x4,10,2024-08-08,305.0,293.75
Central,1,2x4,10,2024-08-15,305.0,300.0
Central,1,2x4,10,2024-08-22,305.0,303.75
Central,1,2x4,10,2024-08-29,300.0,303.75
Central,1,2x4,10,2024-09-05,300.0,302.5
Central,1,2x4,10,2024-09-12,300.0,301.25
Central,1,2x4,10,2024-09-20,305.0,301.25
Central,1,2x4,10,2024-09-27,325.0,307.5
Central,1,2x4,10,2024-10-04,340.0,317.5
Central,1,2x4,10,2024-10-11,365.0,333.75
Central,1,2x4,10,2024-10-18,380.0,352.5
Central,1,2x4,10,2024-10-25,400.0,371.25
Central,1,2x4,10,2024-11-01,405.0,387.5
Central,1,2x4,10,2024-11-08,390.0,393.75
Central,1,2x4,10,2024-11-15,370.0,391.25
Central,1,2x4,10,2024-11-22,345.0,377.5
Central,1,2x4,10,2024-11-27,340.0,361.25
Central,1,2x4,10,2024-12-06,325.0,345.0
Central,1,2x4,10,2024-12-13,320.0,332.5
Central,1,2x4,10,2024-12-20,340.0,331.25
Central,1,2x4,10,2025-01-03,365.0,337.5
Central,1,2x4,10,2025-01-10,380.0,351.25
Central,1,2x4,10,2025-01-17,395.0,370.0
Central,1,2x4,10,2025-01-24,395.0,383.75
Central,1,2x4,10,2025-01-31,395.0,391.25
Central,1,2x4,10,2025-02-07,405.0,397.5
Central,1,2x4,10,2025-02-14,415.0,402.5
Central,1,2x4,10,2025-02-21,425.0,410.0
Central,1,2x4,10,2025-02-28,435.0,420.0
Central,1,2x4,10,2025-03-07,435.0,427.5
Central,1,2x4,10,2025-03-14,440.0,433.75
Central,1,2x4,10,2025-03-21,445.0,438.75
Central,1,2x4,10,2025-03-28,450.0,442.5
Central,1,2x4,10,2025-04-04,460.0,448.75
Central,1,2x4,10,2025-04-11,475.0,457.5
Central,1,2x4,10,2025-04-18,485.0,467.5
Central,1,2x4,10,2025-04-25,500.0,480.0
Central,1,2x4,10,2025-05-02,500.0,490.0
Central,1,2x4,10,2025-05-09,490.0,493.75
Central,1,2x4,10,2025-05-16,470.0,490.0
Central,1,2x4,10,2025-05-23,445.0,476.25
Central,1,2x4,10,2025-05-30,425.0,457.5
Central,1,2x4,10,2025-06-06,405.0,436.25
Central,1,2x4,10,2025-06-13,385.0,415.0
Central,1,2x4,10,2025-06-19,380.0,398.75
Central,1,2x4,10,2025-06-27,375.0,386.25
Central,1,2x4,10,2025-07-03,375.0,378.75
Central,1,2x4,10,2025-07-11,375.0,376.25
Central,1,2x4,10,2025-07-18,375.0,375.0
Central,1,2x4,10,2025-07-25,375.0,375.0
Central,1,2x4,10,2025-08-01,375.0,375.0
Central,1,2x4,10,2025-08-08,370.0,373.75
Central,1,2x4,10,2025-08-15,365.0,371.25
Central,1,2x4,10,2025-08-22,355.0,366.25
Central,1,2x4,10,2025-08-29,330.0,355.0
Central,1,2x4,10,2025-09-05,325.0,343.75
Central,1,2x4,10,2025-09-12,325.0,333.75
Central,1,2x4,10,2025-09-19,325.0,326.25
Central,1,2x4,10,2025-09-26,315.0,322.5
Central,1,2x4,10,2025-10-03,325.0,322.5
Central,1,2x4,10,2025-10-10,330.0,323.75
Central,1,2x4,10,2025-10-17,335.0,326.25
Central,1,2x4,12,2024-01-12,440.0,440.0
Central,1,2x4,12,2024-01-18,430.0,435.0
Central,1,2x4,12,2024-01-25,415.0,428.3333333333333
Central,1,2x4,12,2024-02-08,410.0,423.75
Central,1,2x4,12,2024-02-15,420.0,418.75
Central,1,2x4,12,2024-02-22,410.0,413.75
Central,1,2x4,12,2024-02-29,410.0,412.5
Central,1,2x4,12,2024-03-07,395.0,408.75
Central,1,2x4,12,2024-03-14,400.0,403.75
Central,1,2x4,12,2024-03-21,400.0,401.25
Central,1,2x4,12,2024-03-28,390.0,396.25
Central,1,2x4,12,2024-04-04,380.0,392.5
Central,1,2x4,12,2024-04-11,360.0,382.5
Central,1,2x4,12,2024-04-18,340.0,367.5
Central,1,2x4,12,2024-04-25,340.0,355.0
Central,1,2x4,12,2024-05-02,340.0,345.0
Central,1,2x4,12,2024-05-09,340.0,340.0
Central,1,2x4,12,2024-05-16,350.0,342.5
Central,1,2x4,12,2024-05-30,340.0,342.5
Central,1,2x4,12,2024-06-06,340.0,342.5
Central,1,2x4,12,2024-06-13,330.0,340.0
Central,1,2x4,12,2024-06-20,325.0,333.75
Central,1,2x4,12,2024-06-27,310.0,326.25
Central,1,2x4,12,2024-07-04,305.0,317.5
Central,1,2x4,12,2024-07-11,305.0,311.25
Central,1,2x4,12,2024-07-18,305.0,306.25
Central,1,2x4,12,2024-07-25,305.0,305.0
Central,1,2x4,12,2024-08-01,315.0,307.5
Central,1,2x4,12,2024-08-08,320.0,311.25
Central,1,2x4,12,2024-08-15,325.0,316.25
Central,1,2x4,12,2024-08-22,325.0,321.25
Central,1,2x4,12,2024-08-29,320.0,322.5
Central,1,2x4,12,2024-09-05,320.0,322.5
Central,1,2x4,12,2024-09-12,320.0,321.25
Central,1,2x4,12,2024-09-20,320.0,320.0
Central,1,2x4,12,2024-09-27,335.0,323.75
Central,1,2x4,12,2024-10-04,355.0,332.5
Central,1,2x4,12,2024-10-11,380.0,347.5
Central,1,2x4,12,2024-10-18,405.0,368.75
Central,1,2x4,12,2024-10-25,420.0,390.0
Central,1,2x4,12,2024-11-01,420.0,406.25
Central,1,2x4,12,2024-11-08,405.0,412.5
Central,1,2x4,12,2024-11-15,385.0,407.5
Central,1,2x4,12,2024-11-22,365.0,393.75
Central,1,2x4,12,2024-11-27,355.0,377.5
Central,1,2x4,12,2024-12-06,345.0,362.5
Central,1,2x4,12,2024-12-13,340.0,351.25
Central,1,2x4,12,2024-12-20,355.0,348.75
Central,1,2x4,12,2025-01-03,375.0,353.75
Central,1,2x4,12,2025-01-10,390.0,365.0
Central,1,2x4,12,2025-01-17,400.0,380.0
Central,1,2x4,12,2025-01-24,400.0,391.25
Central,1,2x4,12,2025-01-31,395.0,396.25
Central,1,2x4,12,2025-02-07,410.0,401.25
Central,1,2x4,12,2025-02-14,420.0,406.25
Central,1,2x4,12,2025-02-21,430.0,413.75
Central,1,2x4,12,2025-02-28,430.0,422.5
Central,1,2x4,12,2025-03-07,440.0,430.0
Central,1,2x4,12,2025-03-14,445.0,436.25
Central,1,2x4,12,2025-03-21,450.0,441.25
Central,1,2x4,12,2025-03-28,455.0,447.5
Central,1,2x4,12,2025-04-04,465.0,453.75
Central,1,2x4,12,2025-04-11,480.0,462.5
Central,1,2x4,12,2025-04-18,490.0,472.5
Central,1,2x4,12,2025-04-25,505.0,485.0
Central,1,2x4,12,2025-05-02,505.0,495.0
Central,1,2x4,12,2025-05-09,495.0,498.75
Central,1,2x4,12,2025-05-16,470.0,493.75
Central,1,2x4,12,2025-05-23,450.0,480.0
Central,1,2x4,12,2025-05-30,425.0,460.0
Central,1,2x4,12,2025-06-06,405.0,437.5
Central,1,2x4,12,2025-06-13,385.0,416.25
Central,1,2x4,12,2025-06-19,380.0,398.75
Central,1,2x4,12,2025-06-27,375.0,386.25
Central,1,2x4,12,2025-07-03,375.0,378.75
Central,1,2x4,12,2025-07-11,375.0,376.25
Central,1,2x4,12,2025-07-18,375.0,375.0
Central,1,2x4,12,2025-07-25,375.0,375.0
Central,1,2x4,12,2025-08-01,375.0,375.0
Central,1,2x4,12,2025-08-08,370.0,373.75
Central,1,2x4,12,2025-08-15,365.0,371.25
Central,1,2x4,12,2025-08-22,350.0,365.0
Central,1,2x4,12,2025-08-29,335.0,355.0
Central,1,2x4,12,2025-09-05,325.0,343.75
Central,1,2x4,12,2025-09-12,325.0,333.75
Central,1,2x4,12,2025-09-19,325.0,327.5
Central,1,2x4,12,2025-09-26,325.0,325.0
Central,1,2x4,12,2025-10-03,330.0,326.25
Central,1,2x4,12,2025-10-10,340.0,330.0
Central,1,2x4,12,2025-10-17,345.0,335.0
Central,1,2x4,14,2024-01-12,460.0,460.0
Central,1,2x4,14,2024-01-18,460.0,460.0
Central,1,2x4,14,2024-01-25,445.0,455.0
Central,1,2x4,14,2024-02-08,430.0,448.75
Central,1,2x4,14,2024-02-15,440.0,443.75
Central,1,2x4,14,2024-02-22,435.0,437.5
Central,1,2x4,14,2024-02-29,435.0,435.0
Central,1,2x4,14,2024-03-07,435.0,436.25
Central,1,2x4,14,2024-03-14,435.0,435.0
Central,1,2x4,14,2024-03-21,435.0,435.0
Central,1,2x4,14,2024-03-28,425.0,432.5
Central,1,2x4,14,2024-04-04,410.0,426.25
Central,1,2x4,14,2024-04-11,390.0,415.0
Central,1,2x4,14,2024-04-18,375.0,400.0
Central,1,2x4,14,2024-04-25,375.0,387.5
Central,1,2x4,14,2024-05-02,375.0,378.75
Central,1,2x4,14,2024-05-09,375.0,375.0
Central,1,2x4,14,2024-05-16,365.0,372.5
Central,1,2x4,14,2024-05-30,350.0,366.25
Central,1,2x4,14,2024-06-06,350.0,360.0
Central,1,2x4,14,2024-06-13,345.0,352.5
Central,1,2x4,14,2024-06-20,340.0,346.25
Central,1,2x4,14,2024-06-27,340.0,343.75
Central,1,2x4,14,2024-07-04,335.0,340.0
Central,1,2x4,14,2024-07-11,335.0,337.5
Central,1,2x4,14,2024-07-18,340.0,337.5
Central,1,2x4,14,2024-07-25,345.0,338.75
Central,1,2x4,14,2024-08-01,355.0,343.75
Central,1,2x4,14,2024-08-08,360.0,350.0
Central,1,2x4,14,2024-08-15,365.0,356.25
Central,1,2x4,14,2024-08-22,370.0,362.5
Central,1,2x4,14,2024-08-29,375.0,367.5
Central,1,2x4,14,2024-09-05,375.0,371.25
Central,1,2x4,14,2024-09-12,375.0,373.75
Central,1,2x4,14,2024-09-20,380.0,376.25
Central,1,2x4,14,2024-09-27,395.0,381.25
Central,1,2x4,14,2024-10-04,405.0,388.75
Central,1,2x4,14,2024-10-11,430.0,402.5
Central,1,2x4,14,2024-10-18,450.0,420.0
Central,1,2x4,14,2024-10-25,470.0,438.75
Central,1,2x4,14,2024-11-01,480.0,457.5
Central,1,2x4,14,2024-11-08,460.0,465.0
Central,1,2x4,14,2024-11-15,435.0,461.25
Central,1,2x4,14,2024-11-22,410.0,446.25
Central,1,2x4,14,2024-11-27,395.0,425.0
Central,1,2x4,14,2024-12-06,380.0,405.0
Central,1,2x4,14,2024-12-13,380.0,391.25
Central,1,2x4,14,2024-12-20,390.0,386.25
Central,1,2x4,14,2025-01-03,410.0,390.0
Central,1,2x4,14,2025-01-10,420.0,400.0
Central,1,2x4,14,2025-01-17,430.0,412.5
Central,1,2x4,14,2025-01-24,430.0,422.5
Central,1,2x4,14,2025-01-31,425.0,426.25
Central,1,2x4,14,2025-02-07,435.0,430.0
Central,1,2x4,14,2025-02-14,450.0,435.0
Central,1,2x4,14,2025-02-21,460.0,442.5
Central,1,2x4,14,2025-02-28,470.0,453.75
Central,1,2x4,14,2025-03-07,470.0,462.5
Central,1,2x4,14,2025-03-14,475.0,468.75
Central,1,2x4,14,2025-03-21,480.0,473.75
Central,1,2x4,14,2025-03-28,485.0,477.5
Central,1,2x4,14,2025-04-04,500.0,485.0
Central,1,2x4,14,2025-04-11,515.0,495.0
Central,1,2x4,14,2025-04-18,530.0,507.5
Central,1,2x4,14,2025-04-25,545.0,522.5
Central,1,2x4,14,2025-05-02,550.0,535.0
Central,1,2x4,14,2025-05-09,540.0,541.25
Central,1,2x4,14,2025-05-16,520.0,538.75
Central,1,2x4,14,2025-05-23,495.0,526.25
Central,1,2x4,14,2025-05-30,470.0,506.25
Central,1,2x4,14,2025-06-06,445.0,482.5
Central,1,2x4,14,2025-06-13,420.0,457.5
Central,1,2x4,14,2025-06-19,410.0,436.25
Central,1,2x4,14,2025-06-27,405.0,420.0
Central,1,2x4,14,2025-07-03,405.0,410.0
Central,1,2x4,14,2025-07-11,395.0,403.75
Central,1,2x4,14,2025-07-18,395.0,400.0
Central,1,2x4,14,2025-07-25,395.0,397.5
Central,1,2x4,14,2025-08-01,400.0,396.25
Central,1,2x4,14,2025-08-08,400.0,397.5
Central,1,2x4,14,2025-08-15,395.0,397.5
Central,1,2x4,14,2025-08-22,385.0,395.0
Central,1,2x4,14,2025-08-29,370.0,387.5
Central,1,2x4,14,2025-09-05,360.0,377.5
Central,1,2x4,14,2025-09-12,360.0,368.75
Central,1,2x4,14,2025-09-19,360.0,362.5
Central,1,2x4,14,2025-09-26,360.0,360.0
Central,1,2x4,14,2025-10-03,370.0,362.5
Central,1,2x4,14,2025-10-10,375.0,366.25
Central,1,2x4,14,2025-10-17,380.0,371.25
Central,1,2x4,16,2024-01-12,515.0,515.0
Central,1,2x4,16,2024-01-18,510.0,512.5
Central,1,2x4,16,2024-01-25,485.0,503.3333333333333
Central,1,2x4,16,2024-02-08,470.0,495.0
Central,1,2x4,16,2024-02-15,475.0,485.0
Central,1,2x4,16,2024-02-22,470.0,475.0
Central,1,2x4,16,2024-02-29,470.0,471.25
Central,1,2x4,16,2024-03-07,465.0,470.0
Central,1,2x4,16,2024-03-14,455.0,465.0
Central,1,2x4,16,2024-03-21,465.0,463.75
Central,1,2x4,16,2024-03-28,455.0,460.0
Central,1,2x4,16,2024-04-04,445.0,455.0
Central,1,2x4,16,2024-04-11,410.0,443.75
Central,1,2x4,16,2024-04-18,400.0,427.5
Central,1,2x4,16,2024-04-25,400.0,413.75
Central,1,2x4,16,2024-05-02,400.0,402.5
Central,1,2x4,16,2024-05-09,410.0,402.5
Central,1,2x4,16,2024-05-16,410.0,405.0
Central,1,2x4,16,2024-05-30,390.0,402.5
Central,1,2x4,16,2024-06-06,390.0,400.0
Central,1,2x4,16,2024-06-13,385.0,393.75
Central,1,2x4,16,2024-06-20,380.0,386.25
Central,1,2x4,16,2024-06-27,375.0,382.5
Central,1,2x4,16,2024-07-04,375.0,378.75
Central,1,2x4,16,2024-07-11,375.0,376.25
Central,1,2x4,16,2024-07-18,380.0,376.25
Central,1,2x4,16,2024-07-25,385.0,378.75
Central,1,2x4,16,2024-08-01,405.0,386.25
Central,1,2x4,16,2024-08-08,410.0,395.0
Central,1,2x4,16,2024-08-15,420.0,405.0
Central,1,2x4,16,2024-08-22,430.0,416.25
Central,1,2x4,16,2024-08-29,435.0,423.75
Central,1,2x4,16,2024-09-05,435.0,430.0
Central,1,2x4,16,2024-09-12,445.0,436.25
Central,1,2x4,16,2024-09-20,445.0,440.0
Central,1,2x4,16,2024-09-27,460.0,446.25
Central,1,2x4,16,2024-10-04,480.0,457.5
Central,1,2x4,16,2024-10-11,505.0,472.5
Central,1,2x4,16,2024-10-18,525.0,492.5
Central,1,2x4,16,2024-10-25,535.0,511.25
Central,1,2x4,16,2024-11-01,535.0,525.0
Central,1,2x4,16,2024-11-08,515.0,527.5
Central,1,2x4,16,2024-11-15,490.0,518.75
Central,1,2x4,16,2024-11-22,450.0,497.5
Central,1,2x4,16,2024-11-27,430.0,471.25
Central,1,2x4,16,2024-12-06,410.0,445.0
Central,1,2x4,16,2024-12-13,410.0,425.0
Central,1,2x4,16,2024-12-20,420.0,417.5
Central,1,2x4,16,2025-01-03,435.0,418.75
Central,1,2x4,16,2025-01-10,440.0,426.25
Central,1,2x4,16,2025-01-17,440.0,433.75
Central,1,2x4,16,2025-01-24,440.0,438.75
Central,1,2x4,16,2025-01-31,435.0,438.75
Central,1,2x4,16,2025-02-07,445.0,440.0
Central,1,2x4,16,2025-02-14,460.0,445.0
Central,1,2x4,16,2025-02-21,470.0,452.5
Central,1,2x4,16,2025-02-28,470.0,461.25
Central,1,2x4,16,2025-03-07,475.0,468.75
Central,1,2x4,16,2025-03-14,475.0,472.5
Central,1,2x4,16,2025-03-21,480.0,475.0
Central,1,2x4,16,2025-03-28,485.0,478.75
Central,1,2x4,16,2025-04-04,500.0,485.0
Central,1,2x4,16,2025-04-11,525.0,497.5
Central,1,2x4,16,2025-04-18,550.0,515.0
Central,1,2x4,16,2025-04-25,565.0,535.0
Central,1,2x4,16,2025-05-02,575.0,553.75
Central,1,2x4,16,2025-05-09,575.0,566.25
Central,1,2x4,16,2025-05-16,565.0,570.0
Central,1,2x4,16,2025-05-23,535.0,562.5
Central,1,2x4,16,2025-05-30,515.0,547.5
Central,1,2x4,16,2025-06-06,495.0,527.5
Central,1,2x4,16,2025-06-13,470.0,503.75
Central,1,2x4,16,2025-06-19,460.0,485.0
Central,1,2x4,16,2025-06-27,450.0,468.75
Central,1,2x4,16,2025-07-03,445.0,456.25
Central,1,2x4,16,2025-07-11,445.0,450.0
Central,1,2x4,16,2025-07-18,445.0,446.25
Central,1,2x4,16,2025-07-25,445.0,445.0
Central,1,2x4,16,2025-08-01,450.0,446.25
Central,1,2x4,16,2025-08-08,450.0,447.5
Central,1,2x4,16,2025-08-15,440.0,446.25
Central,1,2x4,16,2025-08-22,420.0,440.0
Central,1,2x4,16,2025-08-29,400.0,427.5
Central,1,2x4,16,2025-09-05,385.0,411.25
Central,1,2x4,16,2025-09-12,370.0,393.75
Central,1,2x4,16,2025-09-19,370.0,381.25
Central,1,2x4,16,2025-09-26,370.0,373.75
Central,1,2x4,16,2025-10-03,375.0,371.25
Central,1,2x4,16,2025-10-10,380.0,373.75
Central,1,2x4,16,2025-10-17,380.0,376.25
Central,1,2x4,18,2024-01-12,450.0,450.0
Central,1,2x4,18,2024-01-18,450.0,450.0
Central,1,2x4,18,2024-01-25,430.0,443.3333333333333
Central,1,2x4,18,2024-02-08,415.0,436.25
Central,1,2x4,18,2024-02-15,420.0,428.75
Central,1,2x4,18,2024-02-22,420.0,421.25
Central,1,2x4,18,2024-02-29,420.0,418.75
Central,1,2x4,18,2024-03-07,420.0,420.0
Central,1,2x4,18,2024-03-14,420.0,420.0
Central,1,2x4,18,2024-03-21,420.0,420.0
Central,1,2x4,18,2024-03-28,410.0,417.5
Central,1,2x4,18,2024-04-04,395.0,411.25
Central,1,2x4,18,2024-04-11,375.0,400.0
Central,1,2x4,18,2024-04-18,370.0,387.5
Central,1,2x4,18,2024-04-25,370.0,377.5
Central,1,2x4,18,2024-05-02,370.0,371.25
Central,1,2x4,18,2024-05-09,370.0,370.0
Central,1,2x4,18,2024-05-16,370.0,370.0
Central,1,2x4,18,2024-05-30,360.0,367.5
Central,1,2x4,18,2024-06-06,360.0,365.0
Central,1,2x4,18,2024-06-13,350.0,360.0
Central,1,2x4,18,2024-06-20,345.0,353.75
Central,1,2x4,18,2024-06-27,330.0,346.25
Central,1,2x4,18,2024-07-04,330.0,338.75
Central,1,2x4,18,2024-07-11,330.0,333.75
Central,1,2x4,18,2024-07-18,330.0,330.0
Central,1,2x4,18,2024-07-25,330.0,330.0
Central,1,2x4,18,2024-08-01,335.0,331.25
Central,1,2x4,18,2024-08-08,340.0,333.75
Central,1,2x4,18,2024-08-15,345.0,337.5
Central,1,2x4,18,2024-08-22,350.0,342.5
Central,1,2x4,18,2024-08-29,350.0,346.25
Central,1,2x4,18,2024-09-05,335.0,345.0
Central,1,2x4,18,2024-09-12,335.0,342.5
Central,1,2x4,18,2024-09-20,345.0,341.25
Central,1,2x4,18,2024-09-27,365.0,345.0
Central,1,2x4,18,2024-10-04,390.0,358.75
Central,1,2x4,18,2024-10-11,415.0,378.75
Central,1,2x4,18,2024-10-18,430.0,400.0
Central,1,2x4,18,2024-10-25,440.0,418.75
Central,1,2x4,18,2024-11-01,440.0,431.25
Central,1,2x4,18,2024-11-08,425.0,433.75
Central,1,2x4,18,2024-11-15,405.0,427.5
Central,1,2x4,18,2024-11-22,385.0,413.75
Central,1,2x4,18,2024-11-27,370.0,396.25
Central,1,2x4,18,2024-12-06,360.0,380.0
Central,1,2x4,18,2024-12-13,350.0,366.25
Central,1,2x4,18,2024-12-20,365.0,361.25
Central,1,2x4,18,2025-01-03,385.0,365.0
Central,1,2x4,18,2025-01-10,400.0,375.0
Central,1,2x4,18,2025-01-17,410.0,390.0
Central,1,2x4,18,2025-01-24,410.0,401.25
Central,1,2x4,18,2025-01-31,405.0,406.25
Central,1,2x4,18,2025-02-07,420.0,411.25
Central,1,2x4,18,2025-02-14,420.0,413.75
Central,1,2x4,18,2025-02-21,420.0,416.25
Central,1,2x4,18,2025-02-28,420.0,420.0
Central,1,2x4,18,2025-03-07,420.0,420.0
Central,1,2x4,18,2025-03-14,430.0,422.5
Central,1,2x4,18,2025-03-21,435.0,426.25
Central,1,2x4,18,2025-03-28,440.0,431.25
Central,1,2x4,18,2025-04-04,450.0,438.75
Central,1,2x4,18,2025-04-11,465.0,447.5
Central,1,2x4,18,2025-04-18,480.0,458.75
Central,1,2x4,18,2025-04-25,505.0,475.0
Central,1,2x4,18,2025-05-02,515.0,491.25
Central,1,2x4,18,2025-05-09,510.0,502.5
Central,1,2x4,18,2025-05-16,495.0,506.25
Central,1,2x4,18,2025-05-23,475.0,498.75
Central,1,2x4,18,2025-05-30,455.0,483.75
Central,1,2x4,18,2025-06-06,435.0,465.0
Central,1,2x4,18,2025-06-13,415.0,445.0
Central,1,2x4,18,2025-06-19,405.0,427.5
Central,1,2x4,18,2025-06-27,405.0,415.0
Central,1,2x4,18,2025-07-03,400.0,406.25
Central,1,2x4,18,2025-07-11,400.0,402.5
Central,1,2x4,18,2025-07-18,415.0,405.0
Central,1,2x4,18,2025-07-25,415.0,407.5
Central,1,2x4,18,2025-08-01,415.0,411.25
Central,1,2x4,18,2025-08-08,415.0,415.0
Central,1,2x4,18,2025-08-15,415.0,415.0
Central,1,2x4,18,2025-08-22,405.0,412.5
Central,1,2x4,18,2025-08-29,390.0,406.25
Central,1,2x4,18,2025-09-05,390.0,400.0
Central,1,2x4,18,2025-09-12,390.0,393.75
Central,1,2x4,18,2025-09-19,395.0,391.25
Central,1,2x4,18,2025-09-26,395.0,392.5
Central,1,2x4,18,2025-10-03,405.0,396.25
Central,1,2x4,18,2025-10-10,415.0,402.5
Central,1,2x4,18,2025-10-17,415.0,407.5
Central,1,2x4,20,2024-01-12,460.0,460.0
Central,1,2x4,20,2024-01-18,460.0,460.0
Central,1,2x4,20,2024-01-25,445.0,455.0
Central,1,2x4,20,2024-02-08,435.0,450.0
Central,1,2x4,20,2024-02-15,445.0,446.25
Central,1,2x4,20,2024-02-22,440.0,441.25
Central,1,2x4,20,2024-02-29,440.0,440.0
Central,1,2x4,20,2024-03-07,440.0,441.25
Central,1,2x4,20,2024-03-14,440.0,440.0
Central,1,2x4,20,2024-03-21,440.0,440.0
Central,1,2x4,20,2024-03-28,430.0,437.5
Central,1,2x4,20,2024-04-04,425.0,433.75
Central,1,2x4,20,2024-04-11,410.0,426.25
Central,1,2x4,20,2024-04-18,400.0,416.25
Central,1,2x4,20,2024-04-25,400.0,408.75
Central,1,2x4,20,2024-05-02,400.0,402.5
Central,1,2x4,20,2024-05-09,405.0,401.25
Central,1,2x4,20,2024-05-16,405.0,402.5
Central,1,2x4,20,2024-05-30,385.0,398.75
Central,1,2x4,20,2024-06-06,385.0,395.0
Central,1,2x4,20,2024-06-13,375.0,387.5
Central,1,2x4,20,2024-06-20,370.0,378.75
Central,1,2x4,20,2024-06-27,360.0,372.5
Central,1,2x4,20,2024-07-04,360.0,366.25
Central,1,2x4,20,2024-07-11,360.0,362.5
Central,1,2x4,20,2024-07-18,360.0,360.0
Central,1,2x4,20,2024-07-25,360.0,360.0
Central,1,2x4,20,2024-08-01,370.0,362.5
Central,1,2x4,20,2024-08-08,375.0,366.25
Central,1,2x4,20,2024-08-15,375.0,370.0
Central,1,2x4,20,2024-08-22,375.0,373.75
Central,1,2x4,20,2024-08-29,375.0,375.0
Central,1,2x4,20,2024-09-05,360.0,371.25
Central,1,2x4,20,2024-09-12,360.0,367.5
Central,1,2x4,20,2024-09-20,370.0,366.25
Central,1,2x4,20,2024-09-27,390.0,370.0
Central,1,2x4,20,2024-10-04,410.0,382.5
Central,1,2x4,20,2024-10-11,435.0,401.25
Central,1,2x4,20,2024-10-18,455.0,422.5
Central,1,2x4,20,2024-10-25,470.0,442.5
Central,1,2x4,20,2024-11-01,470.0,457.5
Central,1,2x4,20,2024-11-08,455.0,462.5
Central,1,2x4,20,2024-11-15,435.0,457.5
Central,1,2x4,20,2024-11-22,415.0,443.75
Central,1,2x4,20,2024-11-27,400.0,426.25
Central,1,2x4,20,2024-12-06,385.0,408.75
Central,1,2x4,20,2024-12-13,375.0,393.75
Central,1,2x4,20,2024-12-20,390.0,387.5
Central,1,2x4,20,2025-01-03,410.0,390.0
Central,1,2x4,20,2025-01-10,410.0,396.25
Central,1,2x4,20,2025-01-17,410.0,405.0
Central,1,2x4,20,2025-01-24,405.0,408.75
Central,1,2x4,20,2025-01-31,395.0,405.0
Central,1,2x4,20,2025-02-07,395.0,401.25
Central,1,2x4,20,2025-02-14,405.0,400.0
Central,1,2x4,20,2025-02-21,415.0,402.5
Central,1,2x4,20,2025-02-28,415.0,407.5
Central,1,2x4,20,2025-03-07,415.0,412.5
Central,1,2x4,20,2025-03-14,425.0,417.5
Central,1,2x4,20,2025-03-21,425.0,420.0
Central,1,2x4,20,2025-03-28,430.0,423.75
Central,1,2x4,20,2025-04-04,445.0,431.25
Central,1,2x4,20,2025-04-11,460.0,440.0
Central,1,2x4,20,2025-04-18,475.0,452.5
Central,1,2x4,20,2025-04-25,500.0,470.0
Central,1,2x4,20,2025-05-02,510.0,486.25
Central,1,2x4,20,2025-05-09,510.0,498.75
Central,1,2x4,20,2025-05-16,490.0,502.5
Central,1,2x4,20,2025-05-23,470.0,495.0
Central,1,2x4,20,2025-05-30,445.0,478.75
Central,1,2x4,20,2025-06-06,425.0,457.5
Central,1,2x4,20,2025-06-13,405.0,436.25
Central,1,2x4,20,2025-06-19,395.0,417.5
Central,1,2x4,20,2025-06-27,395.0,405.0
Central,1,2x4,20,2025-07-03,395.0,397.5
Central,1,2x4,20,2025-07-11,400.0,396.25
Central,1,2x4,20,2025-07-18,415.0,401.25
Central,1,2x4,20,2025-07-25,415.0,406.25
Central,1,2x4,20,2025-08-01,420.0,412.5
Central,1,2x4,20,2025-08-08,415.0,416.25
Central,1,2x4,20,2025-08-15,410.0,415.0
Central,1,2x4,20,2025-08-22,400.0,411.25
Central,1,2x4,20,2025-08-29,380.0,401.25
Central,1,2x4,20,2025-09-05,380.0,392.5
Central,1,2x4,20,2025-09-12,390.0,387.5
Central,1,2x4,20,2025-09-19,395.0,386.25
Central,1,2x4,20,2025-09-26,395.0,390.0
Central,1,2x4,20,2025-10-03,405.0,396.25
Central,1,2x4,20,2025-10-10,410.0,401.25
Central,1,2x4,20,2025-10-17,415.0,406.25
Central,1,2x6,8,2024-01-12,285.0,285.0
Central,1,2x6,8,2024-01-18,290.0,287.5
Central,1,2x6,8,2024-01-25,295.0,290.0
Central,1,2x6,8,2024-02-08,300.0,292.5
Central,1,2x6,8,2024-02-15,310.0,298.75
Central,1,2x6,8,2024-02-22,310.0,303.75
Central,1,2x6,8,2024-02-29,320.0,310.0
Central,1,2x6,8,2024-03-07,320.0,315.0
Central,1,2x6,8,2024-03-14,325.0,318.75
Central,1,2x6,8,2024-03-21,325.0,322.5
Central,1,2x6,8,2024-03-28,315.0,321.25
Central,1,2x6,8,2024-04-04,305.0,317.5
Central,1,2x6,8,2024-04-11,305.0,312.5
Central,1,2x6,8,2024-04-18,295.0,305.0
Central,1,2x6,8,2024-04-25,295.0,300.0
Central,1,2x6,8,2024-05-02,295.0,297.5
Central,1,2x6,8,2024-05-09,300.0,296.25
Central,1,2x6,8,2024-05-16,305.0,298.75
Central,1,2x6,8,2024-05-30,305.0,301.25
Central,1,2x6,8,2024-06-06,300.0,302.5
Central,1,2x6,8,2024-06-13,285.0,298.75
Central,1,2x6,8,2024-06-20,265.0,288.75
Central,1,2x6,8,2024-06-27,260.0,277.5
Central,1,2x6,8,2024-07-04,260.0,267.5
Central,1,2x6,8,2024-07-11,260.0,261.25
Central,1,2x6,8,2024-07-18,265.0,261.25
Central,1,2x6,8,2024-07-25,270.0,263.75
Central,1,2x6,8,2024-08-01,280.0,268.75
Central,1,2x6,8,2024-08-08,280.0,273.75
Central,1,2x6,8,2024-08-15,280.0,277.5
Central,1,2x6,8,2024-08-22,270.0,277.5
Central,1,2x6,8,2024-08-29,270.0,275.0
Central,1,2x6,8,2024-09-05,270.0,272.5
Central,1,2x6,8,2024-09-12,270.0,270.0
Central,1,2x6,8,2024-09-20,280.0,272.5
Central,1,2x6,8,2024-09-27,295.0,278.75
Central,1,2x6,8,2024-10-04,315.0,290.0
Central,1,2x6,8,2024-10-11,345.0,308.75
Central,1,2x6,8,2024-10-18,370.0,331.25
Central,1,2x6,8,2024-10-25,390.0,355.0
Central,1,2x6,8,2024-11-01,400.0,376.25
Central,1,2x6,8,2024-11-08,400.0,390.0
Central,1,2x6,8,2024-11-15,390.0,395.0
Central,1,2x6,8,2024-11-22,380.0,392.5
Central,1,2x6,8,2024-11-27,370.0,385.0
Central,1,2x6,8,2024-12-06,370.0,377.5
Central,1,2x6,8,2024-12-13,370.0,372.5
Central,1,2x6,8,2024-12-20,370.0,370.0
Central,1,2x6,8,2025-01-03,400.0,377.5
Central,1,2x6,8,2025-01-10,400.0,385.0
Central,1,2x6,8,2025-01-17,400.0,392.5
Central,1,2x6,8,2025-01-24,385.0,396.25
Central,1,2x6,8,2025-01-31,370.0,388.75
Central,1,2x6,8,2025-02-07,380.0,383.75
Central,1,2x6,8,2025-02-14,385.0,380.0
Central,1,2x6,8,2025-02-21,390.0,381.25
Central,1,2x6,8,2025-02-28,390.0,386.25
Central,1,2x6,8,2025-03-07,390.0,388.75
Central,1,2x6,8,2025-03-14,390.0,390.0
Central,1,2x6,8,2025-03-21,380.0,387.5
Central,1,2x6,8,2025-03-28,370.0,382.5
Central,1,2x6,8,2025-04-04,370.0,377.5
Central,1,2x6,8,2025-04-11,370.0,372.5
Central,1,2x6,8,2025-04-18,370.0,370.0
Central,1,2x6,8,2025-04-25,375.0,371.25
Central,1,2x6,8,2025-05-02,375.0,372.5
Central,1,2x6,8,2025-05-09,350.0,367.5
Central,1,2x6,8,2025-05-16,330.0,357.5
Central,1,2x6,8,2025-05-23,305.0,340.0
Central,1,2x6,8,2025-05-30,290.0,318.75
Central,1,2x6,8,2025-06-06,285.0,302.5
Central,1,2x6,8,2025-06-13,285.0,291.25
Central,1,2x6,8,2025-06-19,285.0,286.25
Central,1,2x6,8,2025-06-27,290.0,286.25
Central,1,2x6,8,2025-07-03,300.0,290.0
Central,1,2x6,8,2025-07-11,310.0,296.25
Central,1,2x6,8,2025-07-18,320.0,305.0
Central,1,2x6,8,2025-07-25,325.0,313.75
Central,1,2x6,8,2025-08-01,330.0,321.25
Central,1,2x6,8,2025-08-08,335.0,327.5
Central,1,2x6,8,2025-08-15,325.0,328.75
Central,1,2x6,8,2025-08-22,315.0,326.25
Central,1,2x6,8,2025-08-29,295.0,317.5
Central,1,2x6,8,2025-09-05,290.0,306.25
Central,1,2x6,8,2025-09-12,290.0,297.5
Central,1,2x6,8,2025-09-19,300.0,293.75
Central,1,2x6,8,2025-09-26,300.0,295.0
Central,1,2x6,8,2025-10-03,310.0,300.0
Central,1,2x6,8,2025-10-10,325.0,308.75
Central,1,2x6,8,2025-10-17,330.0,316.25
Central,1,2x6,10,2024-01-12,370.0,370.0
Central,1,2x6,10,2024-01-18,370.0,370.0
Central,1,2x6,10,2024-01-25,360.0,366.6666666666667
Central,1,2x6,10,2024-02-08,365.0,366.25
Central,1,2x6,10,2024-02-15,365.0,365.0
Central,1,2x6,10,2024-02-22,365.0,363.75
Central,1,2x6,10,2024-02-29,375.0,367.5
Central,1,2x6,10,2024-03-07,385.0,372.5
Central,1,2x6,10,2024-03-14,385.0,377.5
Central,1,2x6,10,2024-03-21,385.0,382.5
Central,1,2x6,10,2024-03-28,375.0,382.5
Central,1,2x6,10,2024-04-04,365.0,377.5
Central,1,2x6,10,2024-04-11,345.0,367.5
Central,1,2x6,10,2024-04-18,335.0,355.0
Central,1,2x6,10,2024-04-25,325.0,342.5
Central,1,2x6,10,2024-05-02,320.0,331.25
Central,1,2x6,10,2024-05-09,320.0,325.0
Central,1,2x6,10,2024-05-16,330.0,323.75
Central,1,2x6,10,2024-05-30,330.0,325.0
Central,1,2x6,10,2024-06-06,325.0,326.25
Central,1,2x6,10,2024-06-13,305.0,322.5
Central,1,2x6,10,2024-06-20,285.0,311.25
Central,1,2x6,10,2024-06-27,280.0,298.75
Central,1,2x6,10,2024-07-04,280.0,287.5
Central,1,2x6,10,2024-07-11,280.0,281.25
Central,1,2x6,10,2024-07-18,290.0,282.5
Central,1,2x6,10,2024-07-25,290.0,285.0
Central,1,2x6,10,2024-08-01,300.0,290.0
Central,1,2x6,10,2024-08-08,300.0,295.0
Central,1,2x6,10,2024-08-15,295.0,296.25
Central,1,2x6,10,2024-08-22,285.0,295.0
Central,1,2x6,10,2024-08-29,280.0,290.0
Central,1,2x6,10,2024-09-05,280.0,285.0
Central,1,2x6,10,2024-09-12,280.0,281.25
Central,1,2x6,10,2024-09-20,290.0,282.5
Central,1,2x6,10,2024-09-27,305.0,288.75
Central,1,2x6,10,2024-10-04,325.0,300.0
Central,1,2x6,10,2024-10-11,355.0,318.75
Central,1,2x6,10,2024-10-18,375.0,340.0
Central,1,2x6,10,2024-10-25,390.0,361.25
Central,1,2x6,10,2024-11-01,395.0,378.75
Central,1,2x6,10,2024-11-08,390.0,387.5
Central,1,2x6,10,2024-11-15,385.0,390.0
Central,1,2x6,10,2024-11-22,375.0,386.25
Central,1,2x6,10,2024-11-27,365.0,378.75
Central,1,2x6,10,2024-12-06,365.0,372.5
Central,1,2x6,10,2024-12-13,365.0,367.5
Central,1,2x6,10,2024-12-20,385.0,370.0
Central,1,2x6,10,2025-01-03,415.0,382.5
Central,1,2x6,10,2025-01-10,420.0,396.25
Central,1,2x6,10,2025-01-17,425.0,411.25
Central,1,2x6,10,2025-01-24,415.0,418.75
Central,1,2x6,10,2025-01-31,400.0,415.0
Central,1,2x6,10,2025-02-07,410.0,412.5
Central,1,2x6,10,2025-02-14,415.0,410.0
Central,1,2x6,10,2025-02-21,415.0,410.0
Central,1,2x6,10,2025-02-28,415.0,413.75
Central,1,2x6,10,2025-03-07,420.0,416.25
Central,1,2x6,10,2025-03-14,420.0,417.5
Central,1,2x6,10,2025-03-21,410.0,416.25
Central,1,2x6,10,2025-03-28,400.0,412.5
Central,1,2x6,10,2025-04-04,400.0,407.5
Central,1,2x6,10,2025-04-11,400.0,402.5
Central,1,2x6,10,2025-04-18,405.0,401.25
Central,1,2x6,10,2025-04-25,405.0,402.5
Central,1,2x6,10,2025-05-02,395.0,401.25
Central,1,2x6,10,2025-05-09,370.0,393.75
Central,1,2x6,10,2025-05-16,350.0,380.0
Central,1,2x6,10,2025-05-23,325.0,360.0
Central,1,2x6,10,2025-05-30,305.0,337.5
Central,1,2x6,10,2025-06-06,295.0,318.75
Central,1,2x6,10,2025-06-13,295.0,305.0
Central,1,2x6,10,2025-06-19,295.0,297.5
Central,1,2x6,10,2025-06-27,295.0,295.0
Central,1,2x6,10,2025-07-03,310.0,298.75
Central,1,2x6,10,2025-07-11,320.0,305.0
Central,1,2x6,10,2025-07-18,325.0,312.5
Central,1,2x6,10,2025-07-25,330.0,321.25
Central,1,2x6,10,2025-08-01,335.0,327.5
Central,1,2x6,10,2025-08-08,335.0,331.25
Central,1,2x6,10,2025-08-15,330.0,332.5
Central,1,2x6,10,2025-08-22,320.0,330.0
Central,1,2x6,10,2025-08-29,305.0,322.5
Central,1,2x6,10,2025-09-05,300.0,313.75
Central,1,2x6,10,2025-09-12,300.0,306.25
Central,1,2x6,10,2025-09-19,310.0,303.75
Central,1,2x6,10,2025-09-26,310.0,305.0
Central,1,2x6,10,2025-10-03,320.0,310.0
Central,1,2x6,10,2025-10-10,335.0,318.75
Central,1,2x6,10,2025-10-17,335.0,325.0
Central,1,2x6,12,2024-01-12,385.0,385.0
Central,1,2x6,12,2024-01-18,385.0,385.0
Central,1,2x6,12,2024-01-25,375.0,381.6666666666667
Central,1,2x6,12,2024-02-08,380.0,381.25
Central,1,2x6,12,2024-02-15,385.0,381.25
Central,1,2x6,12,2024-02-22,385.0,381.25
Central,1,2x6,12,2024-02-29,390.0,385.0
Central,1,2x6,12,2024-03-07,400.0,390.0
Central,1,2x6,12,2024-03-14,400.0,393.75
Central,1,2x6,12,2024-03-21,400.0,397.5
Central,1,2x6,12,2024-03-28,390.0,397.5
Central,1,2x6,12,2024-04-04,375.0,391.25
Central,1,2x6,12,2024-04-11,360.0,381.25
Central,1,2x6,12,2024-04-18,350.0,368.75
Central,1,2x6,12,2024-04-25,345.0,357.5
Central,1,2x6,12,2024-05-02,340.0,348.75
Central,1,2x6,12,2024-05-09,340.0,343.75
Central,1,2x6,12,2024-05-16,345.0,342.5
Central,1,2x6,12,2024-05-30,345.0,342.5
Central,1,2x6,12,2024-06-06,340.0,342.5
Central,1,2x6,12,2024-06-13,325.0,338.75
Central,1,2x6,12,2024-06-20,305.0,328.75
Central,1,2x6,12,2024-06-27,295.0,316.25
Central,1,2x6,12,2024-07-04,295.0,305.0
Central,1,2x6,12,2024-07-11,295.0,297.5
Central,1,2x6,12,2024-07-18,300.0,296.25
Central,1,2x6,12,2024-07-25,305.0,298.75
Central,1,2x6,12,2024-08-01,315.0,303.75
Central,1,2x6,12,2024-08-08,315.0,308.75
Central,1,2x6,12,2024-08-15,305.0,310.0
Central,1,2x6,12,2024-08-22,295.0,307.5
Central,1,2x6,12,2024-08-29,295.0,302.5
Central,1,2x6,12,2024-09-05,295.0,297.5
Central,1,2x6,12,2024-09-12,300.0,296.25
Central,1,2x6,12,2024-09-20,305.0,298.75
Central,1,2x6,12,2024-09-27,320.0,305.0
Central,1,2x6,12,2024-10-04,340.0,316.25
Central,1,2x6,12,2024-10-11,370.0,333.75
Central,1,2x6,12,2024-10-18,380.0,352.5
Central,1,2x6,12,2024-10-25,395.0,371.25
Central,1,2x6,12,2024-11-01,400.0,386.25
Central,1,2x6,12,2024-11-08,395.0,392.5
Central,1,2x6,12,2024-11-15,390.0,395.0
Central,1,2x6,12,2024-11-22,380.0,391.25
Central,1,2x6,12,2024-11-27,370.0,383.75
Central,1,2x6,12,2024-12-06,370.0,377.5
Central,1,2x6,12,2024-12-13,370.0,372.5
Central,1,2x6,12,2024-12-20,390.0,375.0
Central,1,2x6,12,2025-01-03,420.0,387.5
Central,1,2x6,12,2025-01-10,430.0,402.5
Central,1,2x6,12,2025-01-17,430.0,417.5
Central,1,2x6,12,2025-01-24,420.0,425.0
Central,1,2x6,12,2025-01-31,405.0,421.25
Central,1,2x6,12,2025-02-07,410.0,416.25
Central,1,2x6,12,2025-02-14,420.0,413.75
Central,1,2x6,12,2025-02-21,420.0,413.75
Central,1,2x6,12,2025-02-28,420.0,417.5
Central,1,2x6,12,2025-03-07,425.0,421.25
Central,1,2x6,12,2025-03-14,425.0,422.5
Central,1,2x6,12,2025-03-21,425.0,423.75
Central,1,2x6,12,2025-03-28,415.0,422.5
Central,1,2x6,12,2025-04-04,415.0,420.0
Central,1,2x6,12,2025-04-11,415.0,417.5
Central,1,2x6,12,2025-04-18,415.0,415.0
Central,1,2x6,12,2025-04-25,410.0,413.75
Central,1,2x6,12,2025-05-02,400.0,410.0
Central,1,2x6,12,2025-05-09,375.0,400.0
Central,1,2x6,12,2025-05-16,355.0,385.0
Central,1,2x6,12,2025-05-23,330.0,365.0
Central,1,2x6,12,2025-05-30,310.0,342.5
Central,1,2x6,12,2025-06-06,305.0,325.0
Central,1,2x6,12,2025-06-13,305.0,312.5
Central,1,2x6,12,2025-06-19,310.0,307.5
Central,1,2x6,12,2025-06-27,320.0,310.0
Central,1,2x6,12,2025-07-03,330.0,316.25
Central,1,2x6,12,2025-07-11,340.0,325.0
Central,1,2x6,12,2025-07-18,345.0,333.75
Central,1,2x6,12,2025-07-25,350.0,341.25
Central,1,2x6,12,2025-08-01,355.0,347.5
Central,1,2x6,12,2025-08-08,360.0,352.5
Central,1,2x6,12,2025-08-15,355.0,355.0
Central,1,2x6,12,2025-08-22,345.0,353.75
Central,1,2x6,12,2025-08-29,330.0,347.5
Central,1,2x6,12,2025-09-05,320.0,337.5
Central,1,2x6,12,2025-09-12,320.0,328.75
Central,1,2x6,12,2025-09-19,330.0,325.0
Central,1,2x6,12,2025-09-26,330.0,325.0
Central,1,2x6,12,2025-10-03,340.0,330.0
Central,1,2x6,12,2025-10-10,345.0,336.25
Central,1,2x6,12,2025-10-17,350.0,341.25
Central,1,2x6,14,2024-01-12,370.0,370.0
Central,1,2x6,14,2024-01-18,370.0,370.0
Central,1,2x6,14,2024-01-25,360.0,366.6666666666667
Central,1,2x6,14,2024-02-08,365.0,366.25
Central,1,2x6,14,2024-02-15,375.0,367.5
Central,1,2x6,14,2024-02-22,380.0,370.0
Central,1,2x6,14,2024-02-29,390.0,377.5
Central,1,2x6,14,2024-03-07,400.0,386.25
Central,1,2x6,14,2024-03-14,400.0,392.5
Central,1,2x6,14,2024-03-21,400.0,397.5
Central,1,2x6,14,2024-03-28,390.0,397.5
Central,1,2x6,14,2024-04-04,370.0,390.0
Central,1,2x6,14,2024-04-11,355.0,378.75
Central,1,2x6,14,2024-04-18,345.0,365.0
Central,1,2x6,14,2024-04-25,330.0,350.0
Central,1,2x6,14,2024-05-02,320.0,337.5
Central,1,2x6,14,2024-05-09,320.0,328.75
Central,1,2x6,14,2024-05-16,325.0,323.75
Central,1,2x6,14,2024-05-30,325.0,322.5
Central,1,2x6,14,2024-06-06,320.0,322.5
Central,1,2x6,14,2024-06-13,305.0,318.75
Central,1,2x6,14,2024-06-20,285.0,308.75
Central,1,2x6,14,2024-06-27,275.0,296.25
Central,1,2x6,14,2024-07-04,275.0,285.0
Central,1,2x6,14,2024-07-11,275.0,277.5
Central,1,2x6,14,2024-07-18,285.0,277.5
Central,1,2x6,14,2024-07-25,290.0,281.25
Central,1,2x6,14,2024-08-01,300.0,287.5
Central,1,2x6,14,2024-08-08,300.0,293.75
Central,1,2x6,14,2024-08-15,300.0,297.5
Central,1,2x6,14,2024-08-22,290.0,297.5
Central,1,2x6,14,2024-08-29,285.0,293.75
Central,1,2x6,14,2024-09-05,285.0,290.0
Central,1,2x6,14,2024-09-12,290.0,287.5
Central,1,2x6,14,2024-09-20,295.0,288.75
Central,1,2x6,14,2024-09-27,310.0,295.0
Central,1,2x6,14,2024-10-04,330.0,306.25
Central,1,2x6,14,2024-10-11,360.0,323.75
Central,1,2x6,14,2024-10-18,380.0,345.0
Central,1,2x6,14,2024-10-25,400.0,367.5
Central,1,2x6,14,2024-11-01,400.0,385.0
Central,1,2x6,14,2024-11-08,395.0,393.75
Central,1,2x6,14,2024-11-15,390.0,396.25
Central,1,2x6,14,2024-11-22,380.0,391.25
Central,1,2x6,14,2024-11-27,370.0,383.75
Central,1,2x6,14,2024-12-06,370.0,377.5
Central,1,2x6,14,2024-12-13,370.0,372.5
Central,1,2x6,14,2024-12-20,390.0,375.0
Central,1,2x6,14,2025-01-03,420.0,387.5
Central,1,2x6,14,2025-01-10,430.0,402.5
Central,1,2x6,14,2025-01-17,430.0,417.5
Central,1,2x6,14,2025-01-24,420.0,425.0
Central,1,2x6,14,2025-01-31,405.0,421.25
Central,1,2x6,14,2025-02-07,410.0,416.25
Central,1,2x6,14,2025-02-14,420.0,413.75
Central,1,2x6,14,2025-02-21,420.0,413.75
Central,1,2x6,14,2025-02-28,420.0,417.5
Central,1,2x6,14,2025-03-07,410.0,417.5
Central,1,2x6,14,2025-03-14,420.0,417.5
Central,1,2x6,14,2025-03-21,420.0,417.5
Central,1,2x6,14,2025-03-28,410.0,415.0
Central,1,2x6,14,2025-04-04,405.0,413.75
Central,1,2x6,14,2025-04-11,410.0,411.25
Central,1,2x6,14,2025-04-18,410.0,408.75
Central,1,2x6,14,2025-04-25,410.0,408.75
Central,1,2x6,14,2025-05-02,410.0,410.0
Central,1,2x6,14,2025-05-09,380.0,402.5
Central,1,2x6,14,2025-05-16,350.0,387.5
Central,1,2x6,14,2025-05-23,325.0,366.25
Central,1,2x6,14,2025-05-30,310.0,341.25
Central,1,2x6,14,2025-06-06,300.0,321.25
Central,1,2x6,14,2025-06-13,300.0,308.75
Central,1,2x6,14,2025-06-19,305.0,303.75
Central,1,2x6,14,2025-06-27,315.0,305.0
Central,1,2x6,14,2025-07-03,325.0,311.25
Central,1,2x6,14,2025-07-11,335.0,320.0
Central,1,2x6,14,2025-07-18,340.0,328.75
Central,1,2x6,14,2025-07-25,345.0,336.25
Central,1,2x6,14,2025-08-01,350.0,342.5
Central,1,2x6,14,2025-08-08,350.0,346.25
Central,1,2x6,14,2025-08-15,345.0,347.5
Central,1,2x6,14,2025-08-22,335.0,345.0
Central,1,2x6,14,2025-08-29,320.0,337.5
Central,1,2x6,14,2025-09-05,310.0,327.5
Central,1,2x6,14,2025-09-12,310.0,318.75
Central,1,2x6,14,2025-09-19,320.0,315.0
Central,1,2x6,14,2025-09-26,320.0,315.0
Central,1,2x6,14,2025-10-03,330.0,320.0
Central,1,2x6,14,2025-10-10,340.0,327.5
Central,1,2x6,14,2025-10-17,345.0,333.75
Central,1,2x6,16,2024-01-12,380.0,380.0
Central,1,2x6,16,2024-01-18,380.0,380.0
Central,1,2x6,16,2024-01-25,370.0,376.6666666666667
Central,1,2x6,16,2024-02-08,380.0,377.5
Central,1,2x6,16,2024-02-15,390.0,380.0
Central,1,2x6,16,2024-02-22,390.0,382.5
Central,1,2x6,16,2024-02-29,400.0,390.0
Central,1,2x6,16,2024-03-07,400.0,395.0
Central,1,2x6,16,2024-03-14,410.0,400.0
Central,1,2x6,16,2024-03-21,410.0,405.0
Central,1,2x6,16,2024-03-28,400.0,405.0
Central,1,2x6,16,2024-04-04,385.0,401.25
Central,1,2x6,16,2024-04-11,370.0,391.25
Central,1,2x6,16,2024-04-18,360.0,378.75
Central,1,2x6,16,2024-04-25,350.0,366.25
Central,1,2x6,16,2024-05-02,345.0,356.25
Central,1,2x6,16,2024-05-09,350.0,351.25
Central,1,2x6,16,2024-05-16,360.0,351.25
Central,1,2x6,16,2024-05-30,360.0,353.75
Central,1,2x6,16,2024-06-06,355.0,356.25
Central,1,2x6,16,2024-06-13,340.0,353.75
Central,1,2x6,16,2024-06-20,320.0,343.75
Central,1,2x6,16,2024-06-27,310.0,331.25
Central,1,2x6,16,2024-07-04,310.0,320.0
Central,1,2x6,16,2024-07-11,310.0,312.5
Central,1,2x6,16,2024-07-18,315.0,311.25
Central,1,2x6,16,2024-07-25,320.0,313.75
Central,1,2x6,16,2024-08-01,330.0,318.75
Central,1,2x6,16,2024-08-08,330.0,323.75
Central,1,2x6,16,2024-08-15,320.0,325.0
Central,1,2x6,16,2024-08-22,310.0,322.5
Central,1,2x6,16,2024-08-29,305.0,316.25
Central,1,2x6,16,2024-09-05,305.0,310.0
Central,1,2x6,16,2024-09-12,310.0,307.5
Central,1,2x6,16,2024-09-20,320.0,310.0
Central,1,2x6,16,2024-09-27,335.0,317.5
Central,1,2x6,16,2024-10-04,355.0,330.0
Central,1,2x6,16,2024-10-11,385.0,348.75
Central,1,2x6,16,2024-10-18,410.0,371.25
Central,1,2x6,16,2024-10-25,430.0,395.0
Central,1,2x6,16,2024-11-01,440.0,416.25
Central,1,2x6,16,2024-11-08,445.0,431.25
Central,1,2x6,16,2024-11-15,440.0,438.75
Central,1,2x6,16,2024-11-22,425.0,437.5
Central,1,2x6,16,2024-11-27,415.0,431.25
Central,1,2x6,16,2024-12-06,415.0,423.75
Central,1,2x6,16,2024-12-13,415.0,417.5
Central,1,2x6,16,2024-12-20,415.0,415.0
Central,1,2x6,16,2025-01-03,445.0,422.5
Central,1,2x6,16,2025-01-10,450.0,431.25
Central,1,2x6,16,2025-01-17,455.0,441.25
Central,1,2x6,16,2025-01-24,445.0,448.75
Central,1,2x6,16,2025-01-31,430.0,445.0
Central,1,2x6,16,2025-02-07,435.0,441.25
Central,1,2x6,16,2025-02-14,445.0,438.75
Central,1,2x6,16,2025-02-21,445.0,438.75
Central,1,2x6,16,2025-02-28,445.0,442.5
Central,1,2x6,16,2025-03-07,450.0,446.25
Central,1,2x6,16,2025-03-14,440.0,445.0
Central,1,2x6,16,2025-03-21,430.0,441.25
Central,1,2x6,16,2025-03-28,420.0,435.0
Central,1,2x6,16,2025-04-04,420.0,427.5
Central,1,2x6,16,2025-04-11,420.0,422.5
Central,1,2x6,16,2025-04-18,420.0,420.0
Central,1,2x6,16,2025-04-25,420.0,420.0
Central,1,2x6,16,2025-05-02,410.0,417.5
Central,1,2x6,16,2025-05-09,385.0,408.75
Central,1,2x6,16,2025-05-16,360.0,393.75
Central,1,2x6,16,2025-05-23,335.0,372.5
Central,1,2x6,16,2025-05-30,325.0,351.25
Central,1,2x6,16,2025-06-06,310.0,332.5
Central,1,2x6,16,2025-06-13,310.0,320.0
Central,1,2x6,16,2025-06-19,315.0,315.0
Central,1,2x6,16,2025-06-27,315.0,312.5
Central,1,2x6,16,2025-07-03,330.0,317.5
Central,1,2x6,16,2025-07-11,340.0,325.0
Central,1,2x6,16,2025-07-18,345.0,332.5
Central,1,2x6,16,2025-07-25,350.0,341.25
Central,1,2x6,16,2025-08-01,355.0,347.5
Central,1,2x6,16,2025-08-08,360.0,352.5
Central,1,2x6,16,2025-08-15,350.0,353.75
Central,1,2x6,16,2025-08-22,340.0,351.25
Central,1,2x6,16,2025-08-29,325.0,343.75
Central,1,2x6,16,2025-09-05,320.0,333.75
Central,1,2x6,16,2025-09-12,320.0,326.25
Central,1,2x6,16,2025-09-19,330.0,323.75
Central,1,2x6,16,2025-09-26,330.0,325.0
Central,1,2x6,16,2025-10-03,340.0,330.0
Central,1,2x6,16,2025-10-10,345.0,336.25
Central,1,2x6,16,2025-10-17,355.0,342.5
Central,1,2x6,18,2024-01-12,360.0,360.0
Central,1,2x6,18,2024-01-18,360.0,360.0
Central,1,2x6,18,2024-01-25,355.0,358.3333333333333
Central,1,2x6,18,2024-02-08,355.0,357.5
Central,1,2x6,18,2024-02-15,360.0,357.5
Central,1,2x6,18,2024-02-22,365.0,358.75
Central,1,2x6,18,2024-02-29,380.0,365.0
Central,1,2x6,18,2024-03-07,385.0,372.5
Central,1,2x6,18,2024-03-14,385.0,378.75
Central,1,2x6,18,2024-03-21,385.0,383.75
Central,1,2x6,18,2024-03-28,375.0,382.5
Central,1,2x6,18,2024-04-04,360.0,376.25
Central,1,2x6,18,2024-04-11,355.0,368.75
Central,1,2x6,18,2024-04-18,355.0,361.25
Central,1,2x6,18,2024-04-25,340.0,352.5
Central,1,2x6,18,2024-05-02,330.0,345.0
Central,1,2x6,18,2024-05-09,330.0,338.75
Central,1,2x6,18,2024-05-16,340.0,335.0
Central,1,2x6,18,2024-05-30,340.0,335.0
Central,1,2x6,18,2024-06-06,335.0,336.25
Central,1,2x6,18,2024-06-13,320.0,333.75
Central,1,2x6,18,2024-06-20,300.0,323.75
Central,1,2x6,18,2024-06-27,290.0,311.25
Central,1,2x6,18,2024-07-04,290.0,300.0
Central,1,2x6,18,2024-07-11,290.0,292.5
Central,1,2x6,18,2024-07-18,295.0,291.25
Central,1,2x6,18,2024-07-25,300.0,293.75
Central,1,2x6,18,2024-08-01,310.0,298.75
Central,1,2x6,18,2024-08-08,310.0,303.75
Central,1,2x6,18,2024-08-15,300.0,305.0
Central,1,2x6,18,2024-08-22,295.0,303.75
Central,1,2x6,18,2024-08-29,290.0,298.75
Central,1,2x6,18,2024-09-05,290.0,293.75
Central,1,2x6,18,2024-09-12,290.0,291.25
Central,1,2x6,18,2024-09-20,295.0,291.25
Central,1,2x6,18,2024-09-27,310.0,296.25
Central,1,2x6,18,2024-10-04,330.0,306.25
Central,1,2x6,18,2024-10-11,360.0,323.75
Central,1,2x6,18,2024-10-18,370.0,342.5
Central,1,2x6,18,2024-10-25,380.0,360.0
Central,1,2x6,18,2024-11-01,385.0,373.75
Central,1,2x6,18,2024-11-08,385.0,380.0
Central,1,2x6,18,2024-11-15,380.0,382.5
Central,1,2x6,18,2024-11-22,365.0,378.75
Central,1,2x6,18,2024-11-27,355.0,371.25
Central,1,2x6,18,2024-12-06,355.0,363.75
Central,1,2x6,18,2024-12-13,355.0,357.5
Central,1,2x6,18,2024-12-20,375.0,360.0
Central,1,2x6,18,2025-01-03,405.0,372.5
Central,1,2x6,18,2025-01-10,415.0,387.5
Central,1,2x6,18,2025-01-17,415.0,402.5
Central,1,2x6,18,2025-01-24,405.0,410.0
Central,1,2x6,18,2025-01-31,390.0,406.25
Central,1,2x6,18,2025-02-07,400.0,402.5
Central,1,2x6,18,2025-02-14,410.0,401.25
Central,1,2x6,18,2025-02-21,410.0,402.5
Central,1,2x6,18,2025-02-28,410.0,407.5
Central,1,2x6,18,2025-03-07,415.0,411.25
Central,1,2x6,18,2025-03-14,410.0,411.25
Central,1,2x6,18,2025-03-21,405.0,410.0
Central,1,2x6,18,2025-03-28,400.0,407.5
Central,1,2x6,18,2025-04-04,400.0,403.75
Central,1,2x6,18,2025-04-11,400.0,401.25
Central,1,2x6,18,2025-04-18,400.0,400.0
Central,1,2x6,18,2025-04-25,400.0,400.0
Central,1,2x6,18,2025-05-02,390.0,397.5
Central,1,2x6,18,2025-05-09,365.0,388.75
Central,1,2x6,18,2025-05-16,335.0,372.5
Central,1,2x6,18,2025-05-23,310.0,350.0
Central,1,2x6,18,2025-05-30,290.0,325.0
Central,1,2x6,18,2025-06-06,290.0,306.25
Central,1,2x6,18,2025-06-13,290.0,295.0
Central,1,2x6,18,2025-06-19,290.0,290.0
Central,1,2x6,18,2025-06-27,300.0,292.5
Central,1,2x6,18,2025-07-03,310.0,297.5
Central,1,2x6,18,2025-07-11,320.0,305.0
Central,1,2x6,18,2025-07-18,325.0,313.75
Central,1,2x6,18,2025-07-25,330.0,321.25
Central,1,2x6,18,2025-08-01,340.0,328.75
Central,1,2x6,18,2025-08-08,340.0,333.75
Central,1,2x6,18,2025-08-15,335.0,336.25
Central,1,2x6,18,2025-08-22,325.0,335.0
Central,1,2x6,18,2025-08-29,315.0,328.75
Central,1,2x6,18,2025-09-05,315.0,322.5
Central,1,2x6,18,2025-09-12,320.0,318.75
Central,1,2x6,18,2025-09-19,325.0,318.75
Central,1,2x6,18,2025-09-26,325.0,321.25
Central,1,2x6,18,2025-10-03,330.0,325.0
Central,1,2x6,18,2025-10-10,340.0,330.0
Central,1,2x6,18,2025-10-17,340.0,333.75
Central,1,2x6,20,2024-01-12,375.0,375.0
Central,1,2x6,20,2024-01-18,375.0,375.0
Central,1,2x6,20,2024-01-25,370.0,373.3333333333333
Central,1,2x6,20,2024-02-08,370.0,372.5
Central,1,2x6,20,2024-02-15,380.0,373.75
Central,1,2x6,20,2024-02-22,380.0,375.0
Central,1,2x6,20,2024-02-29,385.0,378.75
Central,1,2x6,20,2024-03-07,385.0,382.5
Central,1,2x6,20,2024-03-14,385.0,383.75
Central,1,2x6,20,2024-03-21,385.0,385.0
Central,1,2x6,20,2024-03-28,375.0,382.5
Central,1,2x6,20,2024-04-04,365.0,377.5
Central,1,2x6,20,2024-04-11,355.0,370.0
Central,1,2x6,20,2024-04-18,355.0,362.5
Central,1,2x6,20,2024-04-25,355.0,357.5
Central,1,2x6,20,2024-05-02,355.0,355.0
Central,1,2x6,20,2024-05-09,355.0,355.0
Central,1,2x6,20,2024-05-16,365.0,357.5
Central,1,2x6,20,2024-05-30,365.0,360.0
Central,1,2x6,20,2024-06-06,360.0,361.25
Central,1,2x6,20,2024-06-13,345.0,358.75
Central,1,2x6,20,2024-06-20,325.0,348.75
Central,1,2x6,20,2024-06-27,315.0,336.25
Central,1,2x6,20,2024-07-04,315.0,325.0
Central,1,2x6,20,2024-07-11,320.0,318.75
Central,1,2x6,20,2024-07-18,320.0,317.5
Central,1,2x6,20,2024-07-25,320.0,318.75
Central,1,2x6,20,2024-08-01,330.0,322.5
Central,1,2x6,20,2024-08-08,330.0,325.0
Central,1,2x6,20,2024-08-15,320.0,325.0
Central,1,2x6,20,2024-08-22,315.0,323.75
Central,1,2x6,20,2024-08-29,310.0,318.75
Central,1,2x6,20,2024-09-05,310.0,313.75
Central,1,2x6,20,2024-09-12,310.0,311.25
Central,1,2x6,20,2024-09-20,320.0,312.5
Central,1,2x6,20,2024-09-27,335.0,318.75
Central,1,2x6,20,2024-10-04,355.0,330.0
Central,1,2x6,20,2024-10-11,385.0,348.75
Central,1,2x6,20,2024-10-18,400.0,368.75
Central,1,2x6,20,2024-10-25,410.0,387.5
Central,1,2x6,20,2024-11-01,410.0,401.25
Central,1,2x6,20,2024-11-08,410.0,407.5
Central,1,2x6,20,2024-11-15,405.0,408.75
Central,1,2x6,20,2024-11-22,395.0,405.0
Central,1,2x6,20,2024-11-27,385.0,398.75
Central,1,2x6,20,2024-12-06,385.0,392.5
Central,1,2x6,20,2024-12-13,385.0,387.5
Central,1,2x6,20,2024-12-20,395.0,387.5
Central,1,2x6,20,2025-01-03,425.0,397.5
Central,1,2x6,20,2025-01-10,430.0,408.75
Central,1,2x6,20,2025-01-17,435.0,421.25
Central,1,2x6,20,2025-01-24,425.0,428.75
Central,1,2x6,20,2025-01-31,410.0,425.0
Central,1,2x6,20,2025-02-07,420.0,422.5
Central,1,2x6,20,2025-02-14,425.0,420.0
Central,1,2x6,20,2025-02-21,430.0,421.25
Central,1,2x6,20,2025-02-28,430.0,426.25
Central,1,2x6,20,2025-03-07,435.0,430.0
Central,1,2x6,20,2025-03-14,430.0,431.25
Central,1,2x6,20,2025-03-21,425.0,430.0
Central,1,2x6,20,2025-03-28,420.0,427.5
Central,1,2x6,20,2025-04-04,420.0,423.75
Central,1,2x6,20,2025-04-11,420.0,421.25
Central,1,2x6,20,2025-04-18,420.0,420.0
Central,1,2x6,20,2025-04-25,420.0,420.0
Central,1,2x6,20,2025-05-02,410.0,417.5
Central,1,2x6,20,2025-05-09,385.0,408.75
Central,1,2x6,20,2025-05-16,360.0,393.75
Central,1,2x6,20,2025-05-23,340.0,373.75
Central,1,2x6,20,2025-05-30,325.0,352.5
Central,1,2x6,20,2025-06-06,315.0,335.0
Central,1,2x6,20,2025-06-13,315.0,323.75
Central,1,2x6,20,2025-06-19,315.0,317.5
Central,1,2x6,20,2025-06-27,325.0,317.5
Central,1,2x6,20,2025-07-03,335.0,322.5
Central,1,2x6,20,2025-07-11,345.0,330.0
Central,1,2x6,20,2025-07-18,350.0,338.75
Central,1,2x6,20,2025-07-25,355.0,346.25
Central,1,2x6,20,2025-08-01,355.0,351.25
Central,1,2x6,20,2025-08-08,360.0,355.0
Central,1,2x6,20,2025-08-15,355.0,356.25
Central,1,2x6,20,2025-08-22,345.0,353.75
Central,1,2x6,20,2025-08-29,335.0,348.75
Central,1,2x6,20,2025-09-05,335.0,342.5
Central,1,2x6,20,2025-09-12,340.0,338.75
Central,1,2x6,20,2025-09-19,340.0,337.5
Central,1,2x6,20,2025-09-26,340.0,338.75
Central,1,2x6,20,2025-10-03,350.0,342.5
Central,1,2x6,20,2025-10-10,365.0,348.75
Central,1,2x6,20,2025-10-17,370.0,356.25
Central,1,2x8,8,2024-01-12,365.0,365.0
Central,1,2x8,8,2024-01-18,360.0,362.5
Central,1,2x8,8,2024-01-25,360.0,361.6666666666667
Central,1,2x8,8,2024-02-08,365.0,362.5
Central,1,2x8,8,2024-02-15,370.0,363.75
Central,1,2x8,8,2024-02-22,375.0,367.5
Central,1,2x8,8,2024-02-29,375.0,371.25
Central,1,2x8,8,2024-03-07,380.0,375.0
Central,1,2x8,8,2024-03-14,370.0,375.0
Central,1,2x8,8,2024-03-21,375.0,375.0
Central,1,2x8,8,2024-03-28,370.0,373.75
Central,1,2x8,8,2024-04-04,355.0,367.5
Central,1,2x8,8,2024-04-11,345.0,361.25
Central,1,2x8,8,2024-04-18,335.0,351.25
Central,1,2x8,8,2024-04-25,330.0,341.25
Central,1,2x8,8,2024-05-02,335.0,336.25
Central,1,2x8,8,2024-05-09,340.0,335.0
Central,1,2x8,8,2024-05-16,350.0,338.75
Central,1,2x8,8,2024-05-30,350.0,343.75
Central,1,2x8,8,2024-06-06,350.0,347.5
Central,1,2x8,8,2024-06-13,325.0,343.75
Central,1,2x8,8,2024-06-20,310.0,333.75
Central,1,2x8,8,2024-06-27,300.0,321.25
Central,1,2x8,8,2024-07-04,295.0,307.5
Central,1,2x8,8,2024-07-11,300.0,301.25
Central,1,2x8,8,2024-07-18,300.0,298.75
Central,1,2x8,8,2024-07-25,300.0,298.75
Central,1,2x8,8,2024-08-01,305.0,301.25
Central,1,2x8,8,2024-08-08,305.0,302.5
Central,1,2x8,8,2024-08-15,300.0,302.5
Central,1,2x8,8,2024-08-22,295.0,301.25
Central,1,2x8,8,2024-08-29,290.0,297.5
Central,1,2x8,8,2024-09-05,290.0,293.75
Central,1,2x8,8,2024-09-12,290.0,291.25
Central,1,2x8,8,2024-09-20,290.0,290.0
Central,1,2x8,8,2024-09-27,305.0,293.75
Central,1,2x8,8,2024-10-04,325.0,302.5
Central,1,2x8,8,2024-10-11,345.0,316.25
Central,1,2x8,8,2024-10-18,365.0,335.0
Central,1,2x8,8,2024-10-25,385.0,355.0
Central,1,2x8,8,2024-11-01,395.0,372.5
Central,1,2x8,8,2024-11-08,400.0,386.25
Central,1,2x8,8,2024-11-15,380.0,390.0
Central,1,2x8,8,2024-11-22,355.0,382.5
Central,1,2x8,8,2024-11-27,345.0,370.0
Central,1,2x8,8,2024-12-06,340.0,355.0
Central,1,2x8,8,2024-12-13,340.0,345.0
Central,1,2x8,8,2024-12-20,355.0,345.0
Central,1,2x8,8,2025-01-03,380.0,353.75
Central,1,2x8,8,2025-01-10,380.0,363.75
Central,1,2x8,8,2025-01-17,380.0,373.75
Central,1,2x8,8,2025-01-24,370.0,377.5
Central,1,2x8,8,2025-01-31,355.0,371.25
Central,1,2x8,8,2025-02-07,355.0,365.0
Central,1,2x8,8,2025-02-14,355.0,358.75
Central,1,2x8,8,2025-02-21,360.0,356.25
Central,1,2x8,8,2025-02-28,365.0,358.75
Central,1,2x8,8,2025-03-07,370.0,362.5
Central,1,2x8,8,2025-03-14,370.0,366.25
Central,1,2x8,8,2025-03-21,370.0,368.75
Central,1,2x8,8,2025-03-28,370.0,370.0
Central,1,2x8,8,2025-04-04,375.0,371.25
Central,1,2x8,8,2025-04-11,380.0,373.75
Central,1,2x8,8,2025-04-18,390.0,378.75
Central,1,2x8,8,2025-04-25,400.0,386.25
Central,1,2x8,8,2025-05-02,400.0,392.5
Central,1,2x8,8,2025-05-09,385.0,393.75
Central,1,2x8,8,2025-05-16,370.0,388.75
Central,1,2x8,8,2025-05-23,350.0,376.25
Central,1,2x8,8,2025-05-30,330.0,358.75
Central,1,2x8,8,2025-06-06,315.0,341.25
Central,1,2x8,8,2025-06-13,310.0,326.25
Central,1,2x8,8,2025-06-19,310.0,316.25
Central,1,2x8,8,2025-06-27,315.0,312.5
Central,1,2x8,8,2025-07-03,325.0,315.0
Central,1,2x8,8,2025-07-11,335.0,321.25
Central,1,2x8,8,2025-07-18,345.0,330.0
Central,1,2x8,8,2025-07-25,350.0,338.75
Central,1,2x8,8,2025-08-01,360.0,347.5
Central,1,2x8,8,2025-08-08,360.0,353.75
Central,1,2x8,8,2025-08-15,350.0,355.0
Central,1,2x8,8,2025-08-22,340.0,352.5
Central,1,2x8,8,2025-08-29,330.0,345.0
Central,1,2x8,8,2025-09-05,315.0,333.75
Central,1,2x8,8,2025-09-12,315.0,325.0
Central,1,2x8,8,2025-09-19,315.0,318.75
Central,1,2x8,8,2025-09-26,325.0,317.5
Central,1,2x8,8,2025-10-03,335.0,322.5
Central,1,2x8,8,2025-10-10,345.0,330.0
Central,1,2x8,8,2025-10-17,350.0,338.75
Central,1,2x8,10,2024-01-12,445.0,445.0
Central,1,2x8,10,2024-01-18,440.0,442.5
Central,1,2x8,10,2024-01-25,440.0,441.6666666666667
Central,1,2x8,10,2024-02-08,440.0,441.25
Central,1,2x8,10,2024-02-15,445.0,441.25
Central,1,2x8,10,2024-02-22,445.0,442.5
Central,1,2x8,10,2024-02-29,445.0,443.75
Central,1,2x8,10,2024-03-07,450.0,446.25
Central,1,2x8,10,2024-03-14,440.0,445.0
Central,1,2x8,10,2024-03-21,435.0,442.5
Central,1,2x8,10,2024-03-28,430.0,438.75
Central,1,2x8,10,2024-04-04,415.0,430.0
Central,1,2x8,10,2024-04-11,390.0,417.5
Central,1,2x8,10,2024-04-18,380.0,403.75
Central,1,2x8,10,2024-04-25,380.0,391.25
Central,1,2x8,10,2024-05-02,380.0,382.5
Central,1,2x8,10,2024-05-09,380.0,380.0
Central,1,2x8,10,2024-05-16,385.0,381.25
Central,1,2x8,10,2024-05-30,385.0,382.5
Central,1,2x8,10,2024-06-06,385.0,383.75
Central,1,2x8,10,2024-06-13,365.0,380.0
Central,1,2x8,10,2024-06-20,350.0,371.25
Central,1,2x8,10,2024-06-27,340.0,360.0
Central,1,2x8,10,2024-07-04,335.0,347.5
Central,1,2x8,10,2024-07-11,335.0,340.0
Central,1,2x8,10,2024-07-18,340.0,337.5
Central,1,2x8,10,2024-07-25,340.0,337.5
Central,1,2x8,10,2024-08-01,340.0,338.75
Central,1,2x8,10,2024-08-08,340.0,340.0
Central,1,2x8,10,2024-08-15,335.0,338.75
Central,1,2x8,10,2024-08-22,330.0,336.25
Central,1,2x8,10,2024-08-29,325.0,332.5
Central,1,2x8,10,2024-09-05,325.0,328.75
Central,1,2x8,10,2024-09-12,325.0,326.25
Central,1,2x8,10,2024-09-20,325.0,325.0
Central,1,2x8,10,2024-09-27,340.0,328.75
Central,1,2x8,10,2024-10-04,360.0,337.5
Central,1,2x8,10,2024-10-11,380.0,351.25
Central,1,2x8,10,2024-10-18,400.0,370.0
Central,1,2x8,10,2024-10-25,415.0,388.75
Central,1,2x8,10,2024-11-01,430.0,406.25
Central,1,2x8,10,2024-11-08,430.0,418.75
Central,1,2x8,10,2024-11-15,410.0,421.25
Central,1,2x8,10,2024-11-22,385.0,413.75
Central,1,2x8,10,2024-11-27,375.0,400.0
Central,1,2x8,10,2024-12-06,370.0,385.0
Central,1,2x8,10,2024-12-13,370.0,375.0
Central,1,2x8,10,2024-12-20,385.0,375.0
Central,1,2x8,10,2025-01-03,410.0,383.75
Central,1,2x8,10,2025-01-10,410.0,393.75
Central,1,2x8,10,2025-01-17,410.0,403.75
Central,1,2x8,10,2025-01-24,400.0,407.5
Central,1,2x8,10,2025-01-31,385.0,401.25
Central,1,2x8,10,2025-02-07,390.0,396.25
Central,1,2x8,10,2025-02-14,395.0,392.5
Central,1,2x8,10,2025-02-21,395.0,391.25
Central,1,2x8,10,2025-02-28,395.0,393.75
Central,1,2x8,10,2025-03-07,395.0,395.0
Central,1,2x8,10,2025-03-14,395.0,395.0
Central,1,2x8,10,2025-03-21,395.0,395.0
Central,1,2x8,10,2025-03-28,395.0,395.0
Central,1,2x8,10,2025-04-04,395.0,395.0
Central,1,2x8,10,2025-04-11,395.0,395.0
Central,1,2x8,10,2025-04-18,405.0,397.5
Central,1,2x8,10,2025-04-25,410.0,401.25
Central,1,2x8,10,2025-05-02,410.0,405.0
Central,1,2x8,10,2025-05-09,395.0,405.0
Central,1,2x8,10,2025-05-16,380.0,398.75
Central,1,2x8,10,2025-05-23,360.0,386.25
Central,1,2x8,10,2025-05-30,340.0,368.75
Central,1,2x8,10,2025-06-06,325.0,351.25
Central,1,2x8,10,2025-06-13,320.0,336.25
Central,1,2x8,10,2025-06-19,320.0,326.25
Central,1,2x8,10,2025-06-27,325.0,322.5
Central,1,2x8,10,2025-07-03,335.0,325.0
Central,1,2x8,10,2025-07-11,345.0,331.25
Central,1,2x8,10,2025-07-18,360.0,341.25
Central,1,2x8,10,2025-07-25,365.0,351.25
Central,1,2x8,10,2025-08-01,365.0,358.75
Central,1,2x8,10,2025-08-08,365.0,363.75
Central,1,2x8,10,2025-08-15,355.0,362.5
Central,1,2x8,10,2025-08-22,340.0,356.25
Central,1,2x8,10,2025-08-29,330.0,347.5
Central,1,2x8,10,2025-09-05,325.0,337.5
Central,1,2x8,10,2025-09-12,325.0,330.0
Central,1,2x8,10,2025-09-19,335.0,328.75
Central,1,2x8,10,2025-09-26,335.0,330.0
Central,1,2x8,10,2025-10-03,345.0,335.0
Central,1,2x8,10,2025-10-10,355.0,342.5
Central,1,2x8,10,2025-10-17,360.0,348.75
Central,1,2x8,12,2024-01-12,455.0,455.0
Central,1,2x8,12,2024-01-18,450.0,452.5
Central,1,2x8,12,2024-01-25,450.0,451.6666666666667
Central,1,2x8,12,2024-02-08,445.0,450.0
Central,1,2x8,12,2024-02-15,445.0,447.5
Central,1,2x8,12,2024-02-22,445.0,446.25
Central,1,2x8,12,2024-02-29,445.0,445.0
Central,1,2x8,12,2024-03-07,450.0,446.25
Central,1,2x8,12,2024-03-14,435.0,443.75
Central,1,2x8,12,2024-03-21,420.0,437.5
Central,1,2x8,12,2024-03-28,415.0,430.0
Central,1,2x8,12,2024-04-04,395.0,416.25
Central,1,2x8,12,2024-04-11,380.0,402.5
Central,1,2x8,12,2024-04-18,370.0,390.0
Central,1,2x8,12,2024-04-25,370.0,378.75
Central,1,2x8,12,2024-05-02,370.0,372.5
Central,1,2x8,12,2024-05-09,370.0,370.0
Central,1,2x8,12,2024-05-16,385.0,373.75
Central,1,2x8,12,2024-05-30,385.0,377.5
Central,1,2x8,12,2024-06-06,385.0,381.25
Central,1,2x8,12,2024-06-13,360.0,378.75
Central,1,2x8,12,2024-06-20,345.0,368.75
Central,1,2x8,12,2024-06-27,335.0,356.25
Central,1,2x8,12,2024-07-04,330.0,342.5
Central,1,2x8,12,2024-07-11,335.0,336.25
Central,1,2x8,12,2024-07-18,335.0,333.75
Central,1,2x8,12,2024-07-25,335.0,333.75
Central,1,2x8,12,2024-08-01,335.0,335.0
Central,1,2x8,12,2024-08-08,335.0,335.0
Central,1,2x8,12,2024-08-15,330.0,333.75
Central,1,2x8,12,2024-08-22,325.0,331.25
Central,1,2x8,12,2024-08-29,320.0,327.5
Central,1,2x8,12,2024-09-05,320.0,323.75
Central,1,2x8,12,2024-09-12,320.0,321.25
Central,1,2x8,12,2024-09-20,320.0,320.0
Central,1,2x8,12,2024-09-27,335.0,323.75
Central,1,2x8,12,2024-10-04,355.0,332.5
Central,1,2x8,12,2024-10-11,375.0,346.25
Central,1,2x8,12,2024-10-18,395.0,365.0
Central,1,2x8,12,2024-10-25,410.0,383.75
Central,1,2x8,12,2024-11-01,425.0,401.25
Central,1,2x8,12,2024-11-08,415.0,411.25
Central,1,2x8,12,2024-11-15,395.0,411.25
Central,1,2x8,12,2024-11-22,370.0,401.25
Central,1,2x8,12,2024-11-27,360.0,385.0
Central,1,2x8,12,2024-12-06,360.0,371.25
Central,1,2x8,12,2024-12-13,360.0,362.5
Central,1,2x8,12,2024-12-20,375.0,363.75
Central,1,2x8,12,2025-01-03,400.0,373.75
Central,1,2x8,12,2025-01-10,400.0,383.75
Central,1,2x8,12,2025-01-17,400.0,393.75
Central,1,2x8,12,2025-01-24,390.0,397.5
Central,1,2x8,12,2025-01-31,375.0,391.25
Central,1,2x8,12,2025-02-07,380.0,386.25
Central,1,2x8,12,2025-02-14,380.0,381.25
Central,1,2x8,12,2025-02-21,380.0,378.75
Central,1,2x8,12,2025-02-28,385.0,381.25
Central,1,2x8,12,2025-03-07,390.0,383.75
Central,1,2x8,12,2025-03-14,390.0,386.25
Central,1,2x8,12,2025-03-21,390.0,388.75
Central,1,2x8,12,2025-03-28,390.0,390.0
Central,1,2x8,12,2025-04-04,395.0,391.25
Central,1,2x8,12,2025-04-11,400.0,393.75
Central,1,2x8,12,2025-04-18,405.0,397.5
Central,1,2x8,12,2025-04-25,415.0,403.75
Central,1,2x8,12,2025-05-02,415.0,408.75
Central,1,2x8,12,2025-05-09,405.0,410.0
Central,1,2x8,12,2025-05-16,385.0,405.0
Central,1,2x8,12,2025-05-23,360.0,391.25
Central,1,2x8,12,2025-05-30,340.0,372.5
Central,1,2x8,12,2025-06-06,325.0,352.5
Central,1,2x8,12,2025-06-13,325.0,337.5
Central,1,2x8,12,2025-06-19,325.0,328.75
Central,1,2x8,12,2025-06-27,330.0,326.25
Central,1,2x8,12,2025-07-03,340.0,330.0
Central,1,2x8,12,2025-07-11,350.0,336.25
Central,1,2x8,12,2025-07-18,365.0,346.25
Central,1,2x8,12,2025-07-25,370.0,356.25
Central,1,2x8,12,2025-08-01,375.0,365.0
Central,1,2x8,12,2025-08-08,380.0,372.5
Central,1,2x8,12,2025-08-15,370.0,373.75
Central,1,2x8,12,2025-08-22,365.0,372.5
Central,1,2x8,12,2025-08-29,355.0,367.5
Central,1,2x8,12,2025-09-05,350.0,360.0
Central,1,2x8,12,2025-09-12,345.0,353.75
Central,1,2x8,12,2025-09-19,350.0,350.0
Central,1,2x8,12,2025-09-26,350.0,348.75
Central,1,2x8,12,2025-10-03,355.0,350.0
Central,1,2x8,12,2025-10-10,365.0,355.0
Central,1,2x8,12,2025-10-17,370.0,360.0
Central,1,2x8,14,2024-01-12,365.0,365.0
Central,1,2x8,14,2024-01-18,360.0,362.5
Central,1,2x8,14,2024-01-25,360.0,361.6666666666667
Central,1,2x8,14,2024-02-08,365.0,362.5
Central,1,2x8,14,2024-02-15,365.0,362.5
Central,1,2x8,14,2024-02-22,365.0,363.75
Central,1,2x8,14,2024-02-29,370.0,366.25
Central,1,2x8,14,2024-03-07,375.0,368.75
Central,1,2x8,14,2024-03-14,370.0,370.0
Central,1,2x8,14,2024-03-21,370.0,371.25
Central,1,2x8,14,2024-03-28,365.0,370.0
Central,1,2x8,14,2024-04-04,340.0,361.25
Central,1,2x8,14,2024-04-11,325.0,350.0
Central,1,2x8,14,2024-04-18,315.0,336.25
Central,1,2x8,14,2024-04-25,320.0,325.0
Central,1,2x8,14,2024-05-02,320.0,320.0
Central,1,2x8,14,2024-05-09,320.0,318.75
Central,1,2x8,14,2024-05-16,325.0,321.25
Central,1,2x8,14,2024-05-30,330.0,323.75
Central,1,2x8,14,2024-06-06,330.0,326.25
Central,1,2x8,14,2024-06-13,315.0,325.0
Central,1,2x8,14,2024-06-20,300.0,318.75
Central,1,2x8,14,2024-06-27,290.0,308.75
Central,1,2x8,14,2024-07-04,285.0,297.5
Central,1,2x8,14,2024-07-11,290.0,291.25
Central,1,2x8,14,2024-07-18,290.0,288.75
Central,1,2x8,14,2024-07-25,290.0,288.75
Central,1,2x8,14,2024-08-01,290.0,290.0
Central,1,2x8,14,2024-08-08,290.0,290.0
Central,1,2x8,14,2024-08-15,285.0,288.75
Central,1,2x8,14,2024-08-22,280.0,286.25
Central,1,2x8,14,2024-08-29,275.0,282.5
Central,1,2x8,14,2024-09-05,275.0,278.75
Central,1,2x8,14,2024-09-12,275.0,276.25
Central,1,2x8,14,2024-09-20,280.0,276.25
Central,1,2x8,14,2024-09-27,295.0,281.25
Central,1,2x8,14,2024-10-04,315.0,291.25
Central,1,2x8,14,2024-10-11,335.0,306.25
Central,1,2x8,14,2024-10-18,355.0,325.0
Central,1,2x8,14,2024-10-25,375.0,345.0
Central,1,2x8,14,2024-11-01,385.0,362.5
Central,1,2x8,14,2024-11-08,385.0,375.0
Central,1,2x8,14,2024-11-15,370.0,378.75
Central,1,2x8,14,2024-11-22,360.0,375.0
Central,1,2x8,14,2024-11-27,340.0,363.75
Central,1,2x8,14,2024-12-06,330.0,350.0
Central,1,2x8,14,2024-12-13,330.0,340.0
Central,1,2x8,14,2024-12-20,345.0,336.25
Central,1,2x8,14,2025-01-03,370.0,343.75
Central,1,2x8,14,2025-01-10,370.0,353.75
Central,1,2x8,14,2025-01-17,370.0,363.75
Central,1,2x8,14,2025-01-24,365.0,368.75
Central,1,2x8,14,2025-01-31,355.0,365.0
Central,1,2x8,14,2025-02-07,365.0,363.75
Central,1,2x8,14,2025-02-14,370.0,363.75
Central,1,2x8,14,2025-02-21,375.0,366.25
Central,1,2x8,14,2025-02-28,380.0,372.5
Central,1,2x8,14,2025-03-07,385.0,377.5
Central,1,2x8,14,2025-03-14,385.0,381.25
Central,1,2x8,14,2025-03-21,390.0,385.0
Central,1,2x8,14,2025-03-28,390.0,387.5
Central,1,2x8,14,2025-04-04,400.0,391.25
Central,1,2x8,14,2025-04-11,410.0,397.5
Central,1,2x8,14,2025-04-18,400.0,400.0
Central,1,2x8,14,2025-04-25,400.0,402.5
Central,1,2x8,14,2025-05-02,400.0,402.5
Central,1,2x8,14,2025-05-09,380.0,395.0
Central,1,2x8,14,2025-05-16,360.0,385.0
Central,1,2x8,14,2025-05-23,335.0,368.75
Central,1,2x8,14,2025-05-30,315.0,347.5
Central,1,2x8,14,2025-06-06,310.0,330.0
Central,1,2x8,14,2025-06-13,310.0,317.5
Central,1,2x8,14,2025-06-19,310.0,311.25
Central,1,2x8,14,2025-06-27,315.0,311.25
Central,1,2x8,14,2025-07-03,325.0,315.0
Central,1,2x8,14,2025-07-11,335.0,321.25
Central,1,2x8,14,2025-07-18,350.0,331.25
Central,1,2x8,14,2025-07-25,355.0,341.25
Central,1,2x8,14,2025-08-01,355.0,348.75
Central,1,2x8,14,2025-08-08,355.0,353.75
Central,1,2x8,14,2025-08-15,345.0,352.5
Central,1,2x8,14,2025-08-22,335.0,347.5
Central,1,2x8,14,2025-08-29,325.0,340.0
Central,1,2x8,14,2025-09-05,325.0,332.5
Central,1,2x8,14,2025-09-12,325.0,327.5
Central,1,2x8,14,2025-09-19,330.0,326.25
Central,1,2x8,14,2025-09-26,330.0,327.5
Central,1,2x8,14,2025-10-03,340.0,331.25
Central,1,2x8,14,2025-10-10,350.0,337.5
Central,1,2x8,14,2025-10-17,350.0,342.5
Central,1,2x8,16,2024-01-12,385.0,385.0
Central,1,2x8,16,2024-01-18,380.0,382.5
Central,1,2x8,16,2024-01-25,375.0,380.0
Central,1,2x8,16,2024-02-08,380.0,380.0
Central,1,2x8,16,2024-02-15,385.0,380.0
Central,1,2x8,16,2024-02-22,385.0,381.25
Central,1,2x8,16,2024-02-29,390.0,385.0
Central,1,2x8,16,2024-03-07,395.0,388.75
Central,1,2x8,16,2024-03-14,400.0,392.5
Central,1,2x8,16,2024-03-21,395.0,395.0
Central,1,2x8,16,2024-03-28,390.0,395.0
Central,1,2x8,16,2024-04-04,360.0,386.25
Central,1,2x8,16,2024-04-11,345.0,372.5
Central,1,2x8,16,2024-04-18,335.0,357.5
Central,1,2x8,16,2024-04-25,325.0,341.25
Central,1,2x8,16,2024-05-02,335.0,335.0
Central,1,2x8,16,2024-05-09,335.0,332.5
Central,1,2x8,16,2024-05-16,340.0,333.75
Central,1,2x8,16,2024-05-30,350.0,340.0
Central,1,2x8,16,2024-06-06,350.0,343.75
Central,1,2x8,16,2024-06-13,340.0,345.0
Central,1,2x8,16,2024-06-20,325.0,341.25
Central,1,2x8,16,2024-06-27,315.0,332.5
Central,1,2x8,16,2024-07-04,310.0,322.5
Central,1,2x8,16,2024-07-11,315.0,316.25
Central,1,2x8,16,2024-07-18,315.0,313.75
Central,1,2x8,16,2024-07-25,315.0,313.75
Central,1,2x8,16,2024-08-01,315.0,315.0
Central,1,2x8,16,2024-08-08,315.0,315.0
Central,1,2x8,16,2024-08-15,310.0,313.75
Central,1,2x8,16,2024-08-22,305.0,311.25
Central,1,2x8,16,2024-08-29,300.0,307.5
Central,1,2x8,16,2024-09-05,300.0,303.75
Central,1,2x8,16,2024-09-12,300.0,301.25
Central,1,2x8,16,2024-09-20,300.0,300.0
Central,1,2x8,16,2024-09-27,315.0,303.75
Central,1,2x8,16,2024-10-04,340.0,313.75
Central,1,2x8,16,2024-10-11,360.0,328.75
Central,1,2x8,16,2024-10-18,380.0,348.75
Central,1,2x8,16,2024-10-25,405.0,371.25
Central,1,2x8,16,2024-11-01,420.0,391.25
Central,1,2x8,16,2024-11-08,425.0,407.5
Central,1,2x8,16,2024-11-15,405.0,413.75
Central,1,2x8,16,2024-11-22,380.0,407.5
Central,1,2x8,16,2024-11-27,370.0,395.0
Central,1,2x8,16,2024-12-06,370.0,381.25
Central,1,2x8,16,2024-12-13,370.0,372.5
Central,1,2x8,16,2024-12-20,390.0,375.0
Central,1,2x8,16,2025-01-03,415.0,386.25
Central,1,2x8,16,2025-01-10,405.0,395.0
Central,1,2x8,16,2025-01-17,405.0,403.75
Central,1,2x8,16,2025-01-24,400.0,406.25
Central,1,2x8,16,2025-01-31,380.0,397.5
Central,1,2x8,16,2025-02-07,380.0,391.25
Central,1,2x8,16,2025-02-14,380.0,385.0
Central,1,2x8,16,2025-02-21,375.0,378.75
Central,1,2x8,16,2025-02-28,375.0,377.5
Central,1,2x8,16,2025-03-07,380.0,377.5
Central,1,2x8,16,2025-03-14,380.0,377.5
Central,1,2x8,16,2025-03-21,380.0,378.75
Central,1,2x8,16,2025-03-28,380.0,380.0
Central,1,2x8,16,2025-04-04,380.0,380.0
Central,1,2x8,16,2025-04-11,380.0,380.0
Central,1,2x8,16,2025-04-18,390.0,382.5
Central,1,2x8,16,2025-04-25,400.0,387.5
Central,1,2x8,16,2025-05-02,400.0,392.5
Central,1,2x8,16,2025-05-09,385.0,393.75
Central,1,2x8,16,2025-05-16,375.0,390.0
Central,1,2x8,16,2025-05-23,350.0,377.5
Central,1,2x8,16,2025-05-30,330.0,360.0
Central,1,2x8,16,2025-06-06,315.0,342.5
Central,1,2x8,16,2025-06-13,315.0,327.5
Central,1,2x8,16,2025-06-19,320.0,320.0
Central,1,2x8,16,2025-06-27,320.0,317.5
Central,1,2x8,16,2025-07-03,330.0,321.25
Central,1,2x8,16,2025-07-11,345.0,328.75
Central,1,2x8,16,2025-07-18,355.0,337.5
Central,1,2x8,16,2025-07-25,360.0,347.5
Central,1,2x8,16,2025-08-01,365.0,356.25
Central,1,2x8,16,2025-08-08,365.0,361.25
Central,1,2x8,16,2025-08-15,355.0,361.25
Central,1,2x8,16,2025-08-22,345.0,357.5
Central,1,2x8,16,2025-08-29,330.0,348.75
Central,1,2x8,16,2025-09-05,330.0,340.0
Central,1,2x8,16,2025-09-12,325.0,332.5
Central,1,2x8,16,2025-09-19,330.0,328.75
Central,1,2x8,16,2025-09-26,330.0,328.75
Central,1,2x8,16,2025-10-03,335.0,330.0
Central,1,2x8,16,2025-10-10,340.0,333.75
Central,1,2x8,16,2025-10-17,345.0,337.5
Central,1,2x8,18,2024-01-12,375.0,375.0
Central,1,2x8,18,2024-01-18,365.0,370.0
Central,1,2x8,18,2024-01-25,365.0,368.3333333333333
Central,1,2x8,18,2024-02-08,365.0,367.5
Central,1,2x8,18,2024-02-15,370.0,366.25
Central,1,2x8,18,2024-02-22,370.0,367.5
Central,1,2x8,18,2024-02-29,370.0,368.75
Central,1,2x8,18,2024-03-07,375.0,371.25
Central,1,2x8,18,2024-03-14,380.0,373.75
Central,1,2x8,18,2024-03-21,375.0,375.0
Central,1,2x8,18,2024-03-28,370.0,375.0
Central,1,2x8,18,2024-04-04,350.0,368.75
Central,1,2x8,18,2024-04-11,340.0,358.75
Central,1,2x8,18,2024-04-18,340.0,350.0
Central,1,2x8,18,2024-04-25,340.0,342.5
Central,1,2x8,18,2024-05-02,340.0,340.0
Central,1,2x8,18,2024-05-09,335.0,338.75
Central,1,2x8,18,2024-05-16,345.0,340.0
Central,1,2x8,18,2024-05-30,340.0,340.0
Central,1,2x8,18,2024-06-06,340.0,340.0
Central,1,2x8,18,2024-06-13,325.0,337.5
Central,1,2x8,18,2024-06-20,305.0,327.5
Central,1,2x8,18,2024-06-27,295.0,316.25
Central,1,2x8,18,2024-07-04,295.0,305.0
Central,1,2x8,18,2024-07-11,295.0,297.5
Central,1,2x8,18,2024-07-18,300.0,296.25
Central,1,2x8,18,2024-07-25,300.0,297.5
Central,1,2x8,18,2024-08-01,305.0,300.0
Central,1,2x8,18,2024-08-08,305.0,302.5
Central,1,2x8,18,2024-08-15,300.0,302.5
Central,1,2x8,18,2024-08-22,290.0,300.0
Central,1,2x8,18,2024-08-29,290.0,296.25
Central,1,2x8,18,2024-09-05,290.0,292.5
Central,1,2x8,18,2024-09-12,295.0,291.25
Central,1,2x8,18,2024-09-20,290.0,291.25
Central,1,2x8,18,2024-09-27,310.0,296.25
Central,1,2x8,18,2024-10-04,325.0,305.0
Central,1,2x8,18,2024-10-11,355.0,320.0
Central,1,2x8,18,2024-10-18,360.0,337.5
Central,1,2x8,18,2024-10-25,375.0,353.75
Central,1,2x8,18,2024-11-01,385.0,368.75
Central,1,2x8,18,2024-11-08,385.0,376.25
Central,1,2x8,18,2024-11-15,365.0,377.5
Central,1,2x8,18,2024-11-22,345.0,370.0
Central,1,2x8,18,2024-11-27,335.0,357.5
Central,1,2x8,18,2024-12-06,330.0,343.75
Central,1,2x8,18,2024-12-13,330.0,335.0
Central,1,2x8,18,2024-12-20,345.0,335.0
Central,1,2x8,18,2025-01-03,365.0,342.5
Central,1,2x8,18,2025-01-10,365.0,351.25
Central,1,2x8,18,2025-01-17,365.0,360.0
Central,1,2x8,18,2025-01-24,360.0,363.75
Central,1,2x8,18,2025-01-31,350.0,360.0
Central,1,2x8,18,2025-02-07,350.0,356.25
Central,1,2x8,18,2025-02-14,360.0,355.0
Central,1,2x8,18,2025-02-21,365.0,356.25
Central,1,2x8,18,2025-02-28,365.0,360.0
Central,1,2x8,18,2025-03-07,365.0,363.75
Central,1,2x8,18,2025-03-14,360.0,363.75
Central,1,2x8,18,2025-03-21,360.0,362.5
Central,1,2x8,18,2025-03-28,360.0,361.25
Central,1,2x8,18,2025-04-04,370.0,362.5
Central,1,2x8,18,2025-04-11,380.0,367.5
Central,1,2x8,18,2025-04-18,390.0,375.0
Central,1,2x8,18,2025-04-25,390.0,382.5
Central,1,2x8,18,2025-05-02,390.0,387.5
Central,1,2x8,18,2025-05-09,380.0,387.5
Central,1,2x8,18,2025-05-16,360.0,380.0
Central,1,2x8,18,2025-05-23,340.0,367.5
Central,1,2x8,18,2025-05-30,320.0,350.0
Central,1,2x8,18,2025-06-06,310.0,332.5
Central,1,2x8,18,2025-06-13,310.0,320.0
Central,1,2x8,18,2025-06-19,310.0,312.5
Central,1,2x8,18,2025-06-27,310.0,310.0
Central,1,2x8,18,2025-07-03,315.0,311.25
Central,1,2x8,18,2025-07-11,335.0,317.5
Central,1,2x8,18,2025-07-18,350.0,327.5
Central,1,2x8,18,2025-07-25,355.0,338.75
Central,1,2x8,18,2025-08-01,355.0,348.75
Central,1,2x8,18,2025-08-08,355.0,353.75
Central,1,2x8,18,2025-08-15,345.0,352.5
Central,1,2x8,18,2025-08-22,340.0,348.75
Central,1,2x8,18,2025-08-29,325.0,341.25
Central,1,2x8,18,2025-09-05,315.0,331.25
Central,1,2x8,18,2025-09-12,315.0,323.75
Central,1,2x8,18,2025-09-19,320.0,318.75
Central,1,2x8,18,2025-09-26,325.0,318.75
Central,1,2x8,18,2025-10-03,330.0,322.5
Central,1,2x8,18,2025-10-10,340.0,328.75
Central,1,2x8,18,2025-10-17,340.0,333.75
Central,1,2x8,20,2024-01-12,415.0,415.0
Central,1,2x8,20,2024-01-18,415.0,415.0
Central,1,2x8,20,2024-01-25,415.0,415.0
Central,1,2x8,20,2024-02-08,425.0,417.5
Central,1,2x8,20,2024-02-15,425.0,420.0
Central,1,2x8,20,2024-02-22,435.0,425.0
Central,1,2x8,20,2024-02-29,435.0,430.0
Central,1,2x8,20,2024-03-07,440.0,433.75
Central,1,2x8,20,2024-03-14,445.0,438.75
Central,1,2x8,20,2024-03-21,445.0,441.25
Central,1,2x8,20,2024-03-28,440.0,442.5
Central,1,2x8,20,2024-04-04,435.0,441.25
Central,1,2x8,20,2024-04-11,430.0,437.5
Central,1,2x8,20,2024-04-18,430.0,433.75
Central,1,2x8,20,2024-04-25,420.0,428.75
Central,1,2x8,20,2024-05-02,420.0,425.0
Central,1,2x8,20,2024-05-09,425.0,423.75
Central,1,2x8,20,2024-05-16,430.0,423.75
Central,1,2x8,20,2024-05-30,435.0,427.5
Central,1,2x8,20,2024-06-06,440.0,432.5
Central,1,2x8,20,2024-06-13,420.0,431.25
Central,1,2x8,20,2024-06-20,405.0,425.0
Central,1,2x8,20,2024-06-27,400.0,416.25
Central,1,2x8,20,2024-07-04,390.0,403.75
Central,1,2x8,20,2024-07-11,395.0,397.5
Central,1,2x8,20,2024-07-18,405.0,397.5
Central,1,2x8,20,2024-07-25,405.0,398.75
Central,1,2x8,20,2024-08-01,410.0,403.75
Central,1,2x8,20,2024-08-08,410.0,407.5
Central,1,2x8,20,2024-08-15,405.0,407.5
Central,1,2x8,20,2024-08-22,400.0,406.25
Central,1,2x8,20,2024-08-29,395.0,402.5
Central,1,2x8,20,2024-09-05,395.0,398.75
Central,1,2x8,20,2024-09-12,400.0,397.5
Central,1,2x8,20,2024-09-20,400.0,397.5
Central,1,2x8,20,2024-09-27,420.0,403.75
Central,1,2x8,20,2024-10-04,435.0,413.75
Central,1,2x8,20,2024-10-11,455.0,427.5
Central,1,2x8,20,2024-10-18,470.0,445.0
Central,1,2x8,20,2024-10-25,490.0,462.5
Central,1,2x8,20,2024-11-01,500.0,478.75
Central,1,2x8,20,2024-11-08,485.0,486.25
Central,1,2x8,20,2024-11-15,470.0,486.25
Central,1,2x8,20,2024-11-22,450.0,476.25
Central,1,2x8,20,2024-11-27,435.0,460.0
Central,1,2x8,20,2024-12-06,425.0,445.0
Central,1,2x8,20,2024-12-13,425.0,433.75
Central,1,2x8,20,2024-12-20,425.0,427.5
Central,1,2x8,20,2025-01-03,440.0,428.75
Central,1,2x8,20,2025-01-10,410.0,425.0
Central,1,2x8,20,2025-01-17,395.0,417.5
Central,1,2x8,20,2025-01-24,385.0,407.5
Central,1,2x8,20,2025-01-31,370.0,390.0
Central,1,2x8,20,2025-02-07,370.0,380.0
Central,1,2x8,20,2025-02-14,380.0,376.25
Central,1,2x8,20,2025-02-21,380.0,375.0
Central,1,2x8,20,2025-02-28,375.0,376.25
Central,1,2x8,20,2025-03-07,370.0,376.25
Central,1,2x8,20,2025-03-14,370.0,373.75
Central,1,2x8,20,2025-03-21,375.0,372.5
Central,1,2x8,20,2025-03-28,375.0,372.5
Central,1,2x8,20,2025-04-04,380.0,375.0
Central,1,2x8,20,2025-04-11,390.0,380.0
Central,1,2x8,20,2025-04-18,390.0,383.75
Central,1,2x8,20,2025-04-25,400.0,390.0
Central,1,2x8,20,2025-05-02,400.0,395.0
Central,1,2x8,20,2025-05-09,370.0,390.0
Central,1,2x8,20,2025-05-16,355.0,381.25
Central,1,2x8,20,2025-05-23,335.0,365.0
Central,1,2x8,20,2025-05-30,315.0,343.75
Central,1,2x8,20,2025-06-06,300.0,326.25
Central,1,2x8,20,2025-06-13,300.0,312.5
Central,1,2x8,20,2025-06-19,300.0,303.75
Central,1,2x8,20,2025-06-27,310.0,302.5
Central,1,2x8,20,2025-07-03,315.0,306.25
Central,1,2x8,20,2025-07-11,330.0,313.75
Central,1,2x8,20,2025-07-18,345.0,325.0
Central,1,2x8,20,2025-07-25,350.0,335.0
Central,1,2x8,20,2025-08-01,355.0,345.0
Central,1,2x8,20,2025-08-08,355.0,351.25
Central,1,2x8,20,2025-08-15,345.0,351.25
Central,1,2x8,20,2025-08-22,335.0,347.5
Central,1,2x8,20,2025-08-29,330.0,341.25
Central,1,2x8,20,2025-09-05,325.0,333.75
Central,1,2x8,20,2025-09-12,325.0,328.75
Central,1,2x8,20,2025-09-19,330.0,327.5
Central,1,2x8,20,2025-09-26,335.0,328.75
Central,1,2x8,20,2025-10-03,345.0,333.75
Central,1,2x8,20,2025-10-10,350.0,340.0
Central,1,2x8,20,2025-10-17,350.0,345.0
Central,2,2x10,8,2024-01-12,230.0,230.0
Central,2,2x10,8,2024-01-18,225.0,227.5
Central,2,2x10,8,2024-01-25,225.0,226.66666666666666
Central,2,2x10,8,2024-02-08,230.0,227.5
Central,2,2x10,8,2024-02-15,235.0,228.75
Central,2,2x10,8,2024-02-22,235.0,231.25
Central,2,2x10,8,2024-02-29,240.0,235.0
Central,2,2x10,8,2024-03-07,240.0,237.5
Central,2,2x10,8,2024-03-14,245.0,240.0
Central,2,2x10,8,2024-03-21,240.0,241.25
Central,2,2x10,8,2024-03-28,240.0,241.25
Central,2,2x10,8,2024-04-04,240.0,241.25
Central,2,2x10,8,2024-04-11,240.0,240.0
Central,2,2x10,8,2024-04-18,240.0,240.0
Central,2,2x10,8,2024-04-25,245.0,241.25
Central,2,2x10,8,2024-05-02,265.0,247.5
Central,2,2x10,8,2024-05-09,280.0,257.5
Central,2,2x10,8,2024-05-16,305.0,273.75
Central,2,2x10,8,2024-05-30,340.0,297.5
Central,2,2x10,8,2024-06-06,340.0,316.25
Central,2,2x10,8,2024-06-13,340.0,331.25
Central,2,2x10,8,2024-06-20,330.0,337.5
Central,2,2x10,8,2024-06-27,315.0,331.25
Central,2,2x10,8,2024-07-04,310.0,323.75
Central,2,2x10,8,2024-07-11,305.0,315.0
Central,2,2x10,8,2024-07-18,310.0,310.0
Central,2,2x10,8,2024-07-25,315.0,310.0
Central,2,2x10,8,2024-08-01,315.0,311.25
Central,2,2x10,8,2024-08-08,315.0,313.75
Central,2,2x10,8,2024-08-15,310.0,313.75
Central,2,2x10,8,2024-08-22,300.0,310.0
Central,2,2x10,8,2024-08-29,290.0,303.75
Central,2,2x10,8,2024-09-05,280.0,295.0
Central,2,2x10,8,2024-09-12,275.0,286.25
Central,2,2x10,8,2024-09-20,265.0,277.5
Central,2,2x10,8,2024-09-27,260.0,270.0
Central,2,2x10,8,2024-10-04,255.0,263.75
Central,2,2x10,8,2024-10-11,255.0,258.75
Central,2,2x10,8,2024-10-18,255.0,256.25
Central,2,2x10,8,2024-10-25,260.0,256.25
Central,2,2x10,8,2024-11-01,265.0,258.75
Central,2,2x10,8,2024-11-08,265.0,261.25
Central,2,2x10,8,2024-11-15,260.0,262.5
Central,2,2x10,8,2024-11-22,255.0,261.25
Central,2,2x10,8,2024-11-27,250.0,257.5
Central,2,2x10,8,2024-12-06,245.0,252.5
Central,2,2x10,8,2024-12-13,245.0,248.75
Central,2,2x10,8,2024-12-20,255.0,248.75
Central,2,2x10,8,2025-01-03,275.0,255.0
Central,2,2x10,8,2025-01-10,280.0,263.75
Central,2,2x10,8,2025-01-17,280.0,272.5
Central,2,2x10,8,2025-01-24,280.0,278.75
Central,2,2x10,8,2025-01-31,275.0,278.75
Central,2,2x10,8,2025-02-07,275.0,277.5
Central,2,2x10,8,2025-02-14,280.0,277.5
Central,2,2x10,8,2025-02-21,280.0,277.5
Central,2,2x10,8,2025-02-28,280.0,278.75
Central,2,2x10,8,2025-03-07,285.0,281.25
Central,2,2x10,8,2025-03-14,295.0,285.0
Central,2,2x10,8,2025-03-21,305.0,291.25
Central,2,2x10,8,2025-03-28,320.0,301.25
Central,2,2x10,8,2025-04-04,335.0,313.75
Central,2,2x10,8,2025-04-11,350.0,327.5
Central,2,2x10,8,2025-04-18,365.0,342.5
Central,2,2x10,8,2025-04-25,385.0,358.75
Central,2,2x10,8,2025-05-02,390.0,372.5
Central,2,2x10,8,2025-05-09,380.0,380.0
Central,2,2x10,8,2025-05-16,360.0,378.75
Central,2,2x10,8,2025-05-23,340.0,367.5
Central,2,2x10,8,2025-05-30,320.0,350.0
Central,2,2x10,8,2025-06-06,295.0,328.75
Central,2,2x10,8,2025-06-13,275.0,307.5
Central,2,2x10,8,2025-06-19,255.0,286.25
Central,2,2x10,8,2025-06-27,250.0,268.75
Central,2,2x10,8,2025-07-03,250.0,257.5
Central,2,2x10,8,2025-07-11,250.0,251.25
Central,2,2x10,8,2025-07-18,250.0,250.0
Central,2,2x10,8,2025-07-25,250.0,250.0
Central,2,2x10,8,2025-08-01,250.0,250.0
Central,2,2x10,8,2025-08-08,250.0,250.0
Central,2,2x10,8,2025-08-15,245.0,248.75
Central,2,2x10,8,2025-08-22,235.0,245.0
Central,2,2x10,8,2025-08-29,215.0,236.25
Central,2,2x10,8,2025-09-05,215.0,227.5
Central,2,2x10,8,2025-09-12,215.0,220.0
Central,2,2x10,8,2025-09-19,225.0,217.5
Central,2,2x10,8,2025-09-26,225.0,220.0
Central,2,2x10,8,2025-10-03,225.0,222.5
Central,2,2x10,8,2025-10-10,240.0,228.75
Central,2,2x10,8,2025-10-17,245.0,233.75
Central,2,2x10,10,2024-01-12,290.0,290.0
Central,2,2x10,10,2024-01-18,280.0,285.0
Central,2,2x10,10,2024-01-25,275.0,281.6666666666667
Central,2,2x10,10,2024-02-08,275.0,280.0
Central,2,2x10,10,2024-02-15,280.0,277.5
Central,2,2x10,10,2024-02-22,285.0,278.75
Central,2,2x10,10,2024-02-29,290.0,282.5
Central,2,2x10,10,2024-03-07,290.0,286.25
Central,2,2x10,10,2024-03-14,295.0,290.0
Central,2,2x10,10,2024-03-21,300.0,293.75
Central,2,2x10,10,2024-03-28,300.0,296.25
Central,2,2x10,10,2024-04-04,300.0,298.75
Central,2,2x10,10,2024-04-11,300.0,300.0
Central,2,2x10,10,2024-04-18,290.0,297.5
Central,2,2x10,10,2024-04-25,300.0,297.5
Central,2,2x10,10,2024-05-02,310.0,300.0
Central,2,2x10,10,2024-05-09,325.0,306.25
Central,2,2x10,10,2024-05-16,345.0,320.0
Central,2,2x10,10,2024-05-30,370.0,337.5
Central,2,2x10,10,2024-06-06,380.0,355.0
Central,2,2x10,10,2024-06-13,380.0,368.75
Central,2,2x10,10,2024-06-20,370.0,375.0
Central,2,2x10,10,2024-06-27,355.0,371.25
Central,2,2x10,10,2024-07-04,350.0,363.75
Central,2,2x10,10,2024-07-11,345.0,355.0
Central,2,2x10,10,2024-07-18,350.0,350.0
Central,2,2x10,10,2024-07-25,350.0,348.75
Central,2,2x10,10,2024-08-01,355.0,350.0
Central,2,2x10,10,2024-08-08,355.0,352.5
Central,2,2x10,10,2024-08-15,350.0,352.5
Central,2,2x10,10,2024-08-22,345.0,351.25
Central,2,2x10,10,2024-08-29,335.0,346.25
Central,2,2x10,10,2024-09-05,325.0,338.75
Central,2,2x10,10,2024-09-12,315.0,330.0
Central,2,2x10,10,2024-09-20,300.0,318.75
Central,2,2x10,10,2024-09-27,290.0,307.5
Central,2,2x10,10,2024-10-04,290.0,298.75
Central,2,2x10,10,2024-10-11,290.0,292.5
Central,2,2x10,10,2024-10-18,290.0,290.0
Central,2,2x10,10,2024-10-25,290.0,290.0
Central,2,2x10,10,2024-11-01,295.0,291.25
Central,2,2x10,10,2024-11-08,290.0,291.25
Central,2,2x10,10,2024-11-15,285.0,290.0
Central,2,2x10,10,2024-11-22,275.0,286.25
Central,2,2x10,10,2024-11-27,270.0,280.0
Central,2,2x10,10,2024-12-06,270.0,275.0
Central,2,2x10,10,2024-12-13,270.0,271.25
Central,2,2x10,10,2024-12-20,280.0,272.5
Central,2,2x10,10,2025-01-03,295.0,278.75
Central,2,2x10,10,2025-01-10,295.0,285.0
Central,2,2x10,10,2025-01-17,295.0,291.25
Central,2,2x10,10,2025-01-24,295.0,295.0
Central,2,2x10,10,2025-01-31,290.0,293.75
Central,2,2x10,10,2025-02-07,295.0,293.75
Central,2,2x10,10,2025-02-14,295.0,293.75
Central,2,2x10,10,2025-02-21,295.0,293.75
Central,2,2x10,10,2025-02-28,295.0,295.0
Central,2,2x10,10,2025-03-07,295.0,295.0
Central,2,2x10,10,2025-03-14,295.0,295.0
Central,2,2x10,10,2025-03-21,305.0,297.5
Central,2,2x10,10,2025-03-28,320.0,303.75
Central,2,2x10,10,2025-04-04,340.0,315.0
Central,2,2x10,10,2025-04-11,360.0,331.25
Central,2,2x10,10,2025-04-18,385.0,351.25
Central,2,2x10,10,2025-04-25,405.0,372.5
Central,2,2x10,10,2025-05-02,415.0,391.25
Central,2,2x10,10,2025-05-09,410.0,403.75
Central,2,2x10,10,2025-05-16,395.0,406.25
Central,2,2x10,10,2025-05-23,380.0,400.0
Central,2,2x10,10,2025-05-30,365.0,387.5
Central,2,2x10,10,2025-06-06,340.0,370.0
Central,2,2x10,10,2025-06-13,320.0,351.25
Central,2,2x10,10,2025-06-19,305.0,332.5
Central,2,2x10,10,2025-06-27,300.0,316.25
Central,2,2x10,10,2025-07-03,300.0,306.25
Central,2,2x10,10,2025-07-11,300.0,301.25
Central,2,2x10,10,2025-07-18,300.0,300.0
Central,2,2x10,10,2025-07-25,300.0,300.0
Central,2,2x10,10,2025-08-01,300.0,300.0
Central,2,2x10,10,2025-08-08,300.0,300.0
Central,2,2x10,10,2025-08-15,290.0,297.5
Central,2,2x10,10,2025-08-22,275.0,291.25
Central,2,2x10,10,2025-08-29,260.0,281.25
Central,2,2x10,10,2025-09-05,260.0,271.25
Central,2,2x10,10,2025-09-12,260.0,263.75
Central,2,2x10,10,2025-09-19,260.0,260.0
Central,2,2x10,10,2025-09-26,260.0,260.0
Central,2,2x10,10,2025-10-03,260.0,260.0
Central,2,2x10,10,2025-10-10,260.0,260.0
Central,2,2x10,10,2025-10-17,265.0,261.25
Central,2,2x10,12,2024-01-12,315.0,315.0
Central,2,2x10,12,2024-01-18,305.0,310.0
Central,2,2x10,12,2024-01-25,300.0,306.6666666666667
Central,2,2x10,12,2024-02-08,290.0,302.5
Central,2,2x10,12,2024-02-15,300.0,298.75
Central,2,2x10,12,2024-02-22,305.0,298.75
Central,2,2x10,12,2024-02-29,305.0,300.0
Central,2,2x10,12,2024-03-07,305.0,303.75
Central,2,2x10,12,2024-03-14,305.0,305.0
Central,2,2x10,12,2024-03-21,305.0,305.0
Central,2,2x10,12,2024-03-28,305.0,305.0
Central,2,2x10,12,2024-04-04,305.0,305.0
Central,2,2x10,12,2024-04-11,305.0,305.0
Central,2,2x10,12,2024-04-18,300.0,303.75
Central,2,2x10,12,2024-04-25,305.0,303.75
Central,2,2x10,12,2024-05-02,320.0,307.5
Central,2,2x10,12,2024-05-09,340.0,316.25
Central,2,2x10,12,2024-05-16,360.0,331.25
Central,2,2x10,12,2024-05-30,390.0,352.5
Central,2,2x10,12,2024-06-06,400.0,372.5
Central,2,2x10,12,2024-06-13,395.0,386.25
Central,2,2x10,12,2024-06-20,385.0,392.5
Central,2,2x10,12,2024-06-27,360.0,385.0
Central,2,2x10,12,2024-07-04,350.0,372.5
Central,2,2x10,12,2024-07-11,350.0,361.25
Central,2,2x10,12,2024-07-18,350.0,352.5
Central,2,2x10,12,2024-07-25,350.0,350.0
Central,2,2x10,12,2024-08-01,355.0,351.25
Central,2,2x10,12,2024-08-08,355.0,352.5
Central,2,2x10,12,2024-08-15,350.0,352.5
Central,2,2x10,12,2024-08-22,345.0,351.25
Central,2,2x10,12,2024-08-29,335.0,346.25
Central,2,2x10,12,2024-09-05,330.0,340.0
Central,2,2x10,12,2024-09-12,325.0,333.75
Central,2,2x10,12,2024-09-20,310.0,325.0
Central,2,2x10,12,2024-09-27,305.0,317.5
Central,2,2x10,12,2024-10-04,300.0,310.0
Central,2,2x10,12,2024-10-11,300.0,303.75
Central,2,2x10,12,2024-10-18,300.0,301.25
Central,2,2x10,12,2024-10-25,305.0,301.25
Central,2,2x10,12,2024-11-01,305.0,302.5
Central,2,2x10,12,2024-11-08,305.0,303.75
Central,2,2x10,12,2024-11-15,295.0,302.5
Central,2,2x10,12,2024-11-22,285.0,297.5
Central,2,2x10,12,2024-11-27,280.0,291.25
Central,2,2x10,12,2024-12-06,275.0,283.75
Central,2,2x10,12,2024-12-13,275.0,278.75
Central,2,2x10,12,2024-12-20,285.0,278.75
Central,2,2x10,12,2025-01-03,300.0,283.75
Central,2,2x10,12,2025-01-10,305.0,291.25
Central,2,2x10,12,2025-01-17,305.0,298.75
Central,2,2x10,12,2025-01-24,305.0,303.75
Central,2,2x10,12,2025-01-31,300.0,303.75
Central,2,2x10,12,2025-02-07,305.0,303.75
Central,2,2x10,12,2025-02-14,305.0,303.75
Central,2,2x10,12,2025-02-21,305.0,303.75
Central,2,2x10,12,2025-02-28,305.0,305.0
Central,2,2x10,12,2025-03-07,305.0,305.0
Central,2,2x10,12,2025-03-14,310.0,306.25
Central,2,2x10,12,2025-03-21,315.0,308.75
Central,2,2x10,12,2025-03-28,330.0,315.0
Central,2,2x10,12,2025-04-04,350.0,326.25
Central,2,2x10,12,2025-04-11,375.0,342.5
Central,2,2x10,12,2025-04-18,395.0,362.5
Central,2,2x10,12,2025-04-25,415.0,383.75
Central,2,2x10,12,2025-05-02,420.0,401.25
Central,2,2x10,12,2025-05-09,420.0,412.5
Central,2,2x10,12,2025-05-16,410.0,416.25
Central,2,2x10,12,2025-05-23,390.0,410.0
Central,2,2x10,12,2025-05-30,375.0,398.75
Central,2,2x10,12,2025-06-06,350.0,381.25
Central,2,2x10,12,2025-06-13,330.0,361.25
Central,2,2x10,12,2025-06-19,310.0,341.25
Central,2,2x10,12,2025-06-27,295.0,321.25
Central,2,2x10,12,2025-07-03,295.0,307.5
Central,2,2x10,12,2025-07-11,295.0,298.75
Central,2,2x10,12,2025-07-18,295.0,295.0
Central,2,2x10,12,2025-07-25,295.0,295.0
Central,2,2x10,12,2025-08-01,295.0,295.0
Central,2,2x10,12,2025-08-08,295.0,295.0
Central,2,2x10,12,2025-08-15,290.0,293.75
Central,2,2x10,12,2025-08-22,275.0,288.75
Central,2,2x10,12,2025-08-29,260.0,280.0
Central,2,2x10,12,2025-09-05,250.0,268.75
Central,2,2x10,12,2025-09-12,250.0,258.75
Central,2,2x10,12,2025-09-19,255.0,253.75
Central,2,2x10,12,2025-09-26,255.0,252.5
Central,2,2x10,12,2025-10-03,255.0,253.75
Central,2,2x10,12,2025-10-10,255.0,255.0
Central,2,2x10,12,2025-10-17,260.0,256.25
Central,2,2x10,14,2024-01-12,310.0,310.0
Central,2,2x10,14,2024-01-18,300.0,305.0
Central,2,2x10,14,2024-01-25,285.0,298.3333333333333
Central,2,2x10,14,2024-02-08,285.0,295.0
Central,2,2x10,14,2024-02-15,295.0,291.25
Central,2,2x10,14,2024-02-22,300.0,291.25
Central,2,2x10,14,2024-02-29,305.0,296.25
Central,2,2x10,14,2024-03-07,305.0,301.25
Central,2,2x10,14,2024-03-14,305.0,303.75
Central,2,2x10,14,2024-03-21,305.0,305.0
Central,2,2x10,14,2024-03-28,305.0,305.0
Central,2,2x10,14,2024-04-04,305.0,305.0
Central,2,2x10,14,2024-04-11,300.0,303.75
Central,2,2x10,14,2024-04-18,295.0,301.25
Central,2,2x10,14,2024-04-25,300.0,300.0
Central,2,2x10,14,2024-05-02,315.0,302.5
Central,2,2x10,14,2024-05-09,335.0,311.25
Central,2,2x10,14,2024-05-16,360.0,327.5
Central,2,2x10,14,2024-05-30,390.0,350.0
Central,2,2x10,14,2024-06-06,400.0,371.25
Central,2,2x10,14,2024-06-13,400.0,387.5
Central,2,2x10,14,2024-06-20,390.0,395.0
Central,2,2x10,14,2024-06-27,370.0,390.0
Central,2,2x10,14,2024-07-04,355.0,378.75
Central,2,2x10,14,2024-07-11,350.0,366.25
Central,2,2x10,14,2024-07-18,350.0,356.25
Central,2,2x10,14,2024-07-25,350.0,351.25
Central,2,2x10,14,2024-08-01,355.0,351.25
Central,2,2x10,14,2024-08-08,355.0,352.5
Central,2,2x10,14,2024-08-15,350.0,352.5
Central,2,2x10,14,2024-08-22,345.0,351.25
Central,2,2x10,14,2024-08-29,335.0,346.25
Central,2,2x10,14,2024-09-05,325.0,338.75
Central,2,2x10,14,2024-09-12,315.0,330.0
Central,2,2x10,14,2024-09-20,305.0,320.0
Central,2,2x10,14,2024-09-27,300.0,311.25
Central,2,2x10,14,2024-10-04,295.0,303.75
Central,2,2x10,14,2024-10-11,295.0,298.75
Central,2,2x10,14,2024-10-18,295.0,296.25
Central,2,2x10,14,2024-10-25,300.0,296.25
Central,2,2x10,14,2024-11-01,300.0,297.5
Central,2,2x10,14,2024-11-08,295.0,297.5
Central,2,2x10,14,2024-11-15,290.0,296.25
Central,2,2x10,14,2024-11-22,280.0,291.25
Central,2,2x10,14,2024-11-27,275.0,285.0
Central,2,2x10,14,2024-12-06,270.0,278.75
Central,2,2x10,14,2024-12-13,270.0,273.75
Central,2,2x10,14,2024-12-20,280.0,273.75
Central,2,2x10,14,2025-01-03,300.0,280.0
Central,2,2x10,14,2025-01-10,300.0,287.5
Central,2,2x10,14,2025-01-17,300.0,295.0
Central,2,2x10,14,2025-01-24,300.0,300.0
Central,2,2x10,14,2025-01-31,295.0,298.75
Central,2,2x10,14,2025-02-07,300.0,298.75
Central,2,2x10,14,2025-02-14,300.0,298.75
Central,2,2x10,14,2025-02-21,300.0,298.75
Central,2,2x10,14,2025-02-28,300.0,300.0
Central,2,2x10,14,2025-03-07,300.0,300.0
Central,2,2x10,14,2025-03-14,310.0,302.5
Central,2,2x10,14,2025-03-21,320.0,307.5
Central,2,2x10,14,2025-03-28,335.0,316.25
Central,2,2x10,14,2025-04-04,355.0,330.0
Central,2,2x10,14,2025-04-11,375.0,346.25
Central,2,2x10,14,2025-04-18,400.0,366.25
Central,2,2x10,14,2025-04-25,420.0,387.5
Central,2,2x10,14,2025-05-02,425.0,405.0
Central,2,2x10,14,2025-05-09,420.0,416.25
Central,2,2x10,14,2025-05-16,410.0,418.75
Central,2,2x10,14,2025-05-23,390.0,411.25
Central,2,2x10,14,2025-05-30,375.0,398.75
Central,2,2x10,14,2025-06-06,350.0,381.25
Central,2,2x10,14,2025-06-13,330.0,361.25
Central,2,2x10,14,2025-06-19,315.0,342.5
Central,2,2x10,14,2025-06-27,300.0,323.75
Central,2,2x10,14,2025-07-03,300.0,311.25
Central,2,2x10,14,2025-07-11,300.0,303.75
Central,2,2x10,14,2025-07-18,300.0,300.0
Central,2,2x10,14,2025-07-25,300.0,300.0
Central,2,2x10,14,2025-08-01,300.0,300.0
Central,2,2x10,14,2025-08-08,300.0,300.0
Central,2,2x10,14,2025-08-15,290.0,297.5
Central,2,2x10,14,2025-08-22,275.0,291.25
Central,2,2x10,14,2025-08-29,260.0,281.25
Central,2,2x10,14,2025-09-05,250.0,268.75
Central,2,2x10,14,2025-09-12,250.0,258.75
Central,2,2x10,14,2025-09-19,250.0,252.5
Central,2,2x10,14,2025-09-26,250.0,250.0
Central,2,2x10,14,2025-10-03,250.0,250.0
Central,2,2x10,14,2025-10-10,250.0,250.0
Central,2,2x10,14,2025-10-17,255.0,251.25
Central,2,2x10,16,2024-01-12,300.0,300.0
Central,2,2x10,16,2024-01-18,290.0,295.0
Central,2,2x10,16,2024-01-25,280.0,290.0
Central,2,2x10,16,2024-02-08,280.0,287.5
Central,2,2x10,16,2024-02-15,290.0,285.0
Central,2,2x10,16,2024-02-22,295.0,286.25
Central,2,2x10,16,2024-02-29,305.0,292.5
Central,2,2x10,16,2024-03-07,310.0,300.0
Central,2,2x10,16,2024-03-14,310.0,305.0
Central,2,2x10,16,2024-03-21,310.0,308.75
Central,2,2x10,16,2024-03-28,310.0,310.0
Central,2,2x10,16,2024-04-04,305.0,308.75
Central,2,2x10,16,2024-04-11,300.0,306.25
Central,2,2x10,16,2024-04-18,295.0,302.5
Central,2,2x10,16,2024-04-25,300.0,300.0
Central,2,2x10,16,2024-05-02,315.0,302.5
Central,2,2x10,16,2024-05-09,330.0,310.0
Central,2,2x10,16,2024-05-16,350.0,323.75
Central,2,2x10,16,2024-05-30,380.0,343.75
Central,2,2x10,16,2024-06-06,390.0,362.5
Central,2,2x10,16,2024-06-13,395.0,378.75
Central,2,2x10,16,2024-06-20,385.0,387.5
Central,2,2x10,16,2024-06-27,365.0,383.75
Central,2,2x10,16,2024-07-04,355.0,375.0
Central,2,2x10,16,2024-07-11,350.0,363.75
Central,2,2x10,16,2024-07-18,350.0,355.0
Central,2,2x10,16,2024-07-25,355.0,352.5
Central,2,2x10,16,2024-08-01,355.0,352.5
Central,2,2x10,16,2024-08-08,355.0,353.75
Central,2,2x10,16,2024-08-15,350.0,353.75
Central,2,2x10,16,2024-08-22,345.0,351.25
Central,2,2x10,16,2024-08-29,335.0,346.25
Central,2,2x10,16,2024-09-05,330.0,340.0
Central,2,2x10,16,2024-09-12,320.0,332.5
Central,2,2x10,16,2024-09-20,310.0,323.75
Central,2,2x10,16,2024-09-27,305.0,316.25
Central,2,2x10,16,2024-10-04,300.0,308.75
Central,2,2x10,16,2024-10-11,300.0,303.75
Central,2,2x10,16,2024-10-18,300.0,301.25
Central,2,2x10,16,2024-10-25,300.0,300.0
Central,2,2x10,16,2024-11-01,305.0,301.25
Central,2,2x10,16,2024-11-08,300.0,301.25
Central,2,2x10,16,2024-11-15,290.0,298.75
Central,2,2x10,16,2024-11-22,280.0,293.75
Central,2,2x10,16,2024-11-27,275.0,286.25
Central,2,2x10,16,2024-12-06,270.0,278.75
Central,2,2x10,16,2024-12-13,270.0,273.75
Central,2,2x10,16,2024-12-20,280.0,273.75
Central,2,2x10,16,2025-01-03,300.0,280.0
Central,2,2x10,16,2025-01-10,305.0,288.75
Central,2,2x10,16,2025-01-17,305.0,297.5
Central,2,2x10,16,2025-01-24,305.0,303.75
Central,2,2x10,16,2025-01-31,300.0,303.75
Central,2,2x10,16,2025-02-07,305.0,303.75
Central,2,2x10,16,2025-02-14,305.0,303.75
Central,2,2x10,16,2025-02-21,305.0,303.75
Central,2,2x10,16,2025-02-28,305.0,305.0
Central,2,2x10,16,2025-03-07,310.0,306.25
Central,2,2x10,16,2025-03-14,310.0,307.5
Central,2,2x10,16,2025-03-21,320.0,311.25
Central,2,2x10,16,2025-03-28,335.0,318.75
Central,2,2x10,16,2025-04-04,355.0,330.0
Central,2,2x10,16,2025-04-11,375.0,346.25
Central,2,2x10,16,2025-04-18,400.0,366.25
Central,2,2x10,16,2025-04-25,415.0,386.25
Central,2,2x10,16,2025-05-02,420.0,402.5
Central,2,2x10,16,2025-05-09,415.0,412.5
Central,2,2x10,16,2025-05-16,395.0,411.25
Central,2,2x10,16,2025-05-23,375.0,401.25
Central,2,2x10,16,2025-05-30,360.0,386.25
Central,2,2x10,16,2025-06-06,335.0,366.25
Central,2,2x10,16,2025-06-13,320.0,347.5
Central,2,2x10,16,2025-06-19,300.0,328.75
Central,2,2x10,16,2025-06-27,290.0,311.25
Central,2,2x10,16,2025-07-03,290.0,300.0
Central,2,2x10,16,2025-07-11,290.0,292.5
Central,2,2x10,16,2025-07-18,290.0,290.0
Central,2,2x10,16,2025-07-25,290.0,290.0
Central,2,2x10,16,2025-08-01,290.0,290.0
Central,2,2x10,16,2025-08-08,290.0,290.0
Central,2,2x10,16,2025-08-15,280.0,287.5
Central,2,2x10,16,2025-08-22,265.0,281.25
Central,2,2x10,16,2025-08-29,250.0,271.25
Central,2,2x10,16,2025-09-05,245.0,260.0
Central,2,2x10,16,2025-09-12,245.0,251.25
Central,2,2x10,16,2025-09-19,245.0,246.25
Central,2,2x10,16,2025-09-26,245.0,245.0
Central,2,2x10,16,2025-10-03,250.0,246.25
Central,2,2x10,16,2025-10-10,250.0,247.5
Central,2,2x10,16,2025-10-17,255.0,250.0
Central,2,2x10,18,2024-01-12,235.0,235.0
Central,2,2x10,18,2024-01-18,235.0,235.0
Central,2,2x10,18,2024-01-25,230.0,233.33333333333334
Central,2,2x10,18,2024-02-08,235.0,233.75
Central,2,2x10,18,2024-02-15,240.0,235.0
Central,2,2x10,18,2024-02-22,245.0,237.5
Central,2,2x10,18,2024-02-29,250.0,242.5
Central,2,2x10,18,2024-03-07,250.0,246.25
Central,2,2x10,18,2024-03-14,250.0,248.75
Central,2,2x10,18,2024-03-21,255.0,251.25
Central,2,2x10,18,2024-03-28,255.0,252.5
Central,2,2x10,18,2024-04-04,255.0,253.75
Central,2,2x10,18,2024-04-11,245.0,252.5
Central,2,2x10,18,2024-04-18,240.0,248.75
Central,2,2x10,18,2024-04-25,250.0,247.5
Central,2,2x10,18,2024-05-02,265.0,250.0
Central,2,2x10,18,2024-05-09,275.0,257.5
Central,2,2x10,18,2024-05-16,300.0,272.5
Central,2,2x10,18,2024-05-30,330.0,292.5
Central,2,2x10,18,2024-06-06,340.0,311.25
Central,2,2x10,18,2024-06-13,340.0,327.5
Central,2,2x10,18,2024-06-20,330.0,335.0
Central,2,2x10,18,2024-06-27,315.0,331.25
Central,2,2x10,18,2024-07-04,300.0,321.25
Central,2,2x10,18,2024-07-11,300.0,311.25
Central,2,2x10,18,2024-07-18,305.0,305.0
Central,2,2x10,18,2024-07-25,305.0,302.5
Central,2,2x10,18,2024-08-01,305.0,303.75
Central,2,2x10,18,2024-08-08,305.0,305.0
Central,2,2x10,18,2024-08-15,305.0,305.0
Central,2,2x10,18,2024-08-22,295.0,302.5
Central,2,2x10,18,2024-08-29,285.0,297.5
Central,2,2x10,18,2024-09-05,280.0,291.25
Central,2,2x10,18,2024-09-12,280.0,285.0
Central,2,2x10,18,2024-09-20,265.0,277.5
Central,2,2x10,18,2024-09-27,260.0,271.25
Central,2,2x10,18,2024-10-04,255.0,265.0
Central,2,2x10,18,2024-10-11,255.0,258.75
Central,2,2x10,18,2024-10-18,255.0,256.25
Central,2,2x10,18,2024-10-25,255.0,255.0
Central,2,2x10,18,2024-11-01,255.0,255.0
Central,2,2x10,18,2024-11-08,250.0,253.75
Central,2,2x10,18,2024-11-15,245.0,251.25
Central,2,2x10,18,2024-11-22,235.0,246.25
Central,2,2x10,18,2024-11-27,235.0,241.25
Central,2,2x10,18,2024-12-06,230.0,236.25
Central,2,2x10,18,2024-12-13,235.0,233.75
Central,2,2x10,18,2024-12-20,240.0,235.0
Central,2,2x10,18,2025-01-03,255.0,240.0
Central,2,2x10,18,2025-01-10,260.0,247.5
Central,2,2x10,18,2025-01-17,260.0,253.75
Central,2,2x10,18,2025-01-24,260.0,258.75
Central,2,2x10,18,2025-01-31,260.0,260.0
Central,2,2x10,18,2025-02-07,265.0,261.25
Central,2,2x10,18,2025-02-14,265.0,262.5
Central,2,2x10,18,2025-02-21,265.0,263.75
Central,2,2x10,18,2025-02-28,275.0,267.5
Central,2,2x10,18,2025-03-07,275.0,270.0
Central,2,2x10,18,2025-03-14,275.0,272.5
Central,2,2x10,18,2025-03-21,280.0,276.25
Central,2,2x10,18,2025-03-28,295.0,281.25
Central,2,2x10,18,2025-04-04,320.0,292.5
Central,2,2x10,18,2025-04-11,340.0,308.75
Central,2,2x10,18,2025-04-18,360.0,328.75
Central,2,2x10,18,2025-04-25,375.0,348.75
Central,2,2x10,18,2025-05-02,380.0,363.75
Central,2,2x10,18,2025-05-09,375.0,372.5
Central,2,2x10,18,2025-05-16,355.0,371.25
Central,2,2x10,18,2025-05-23,340.0,362.5
Central,2,2x10,18,2025-05-30,330.0,350.0
Central,2,2x10,18,2025-06-06,305.0,332.5
Central,2,2x10,18,2025-06-13,285.0,315.0
Central,2,2x10,18,2025-06-19,270.0,297.5
Central,2,2x10,18,2025-06-27,265.0,281.25
Central,2,2x10,18,2025-07-03,260.0,270.0
Central,2,2x10,18,2025-07-11,260.0,263.75
Central,2,2x10,18,2025-07-18,260.0,261.25
Central,2,2x10,18,2025-07-25,260.0,260.0
Central,2,2x10,18,2025-08-01,260.0,260.0
Central,2,2x10,18,2025-08-08,260.0,260.0
Central,2,2x10,18,2025-08-15,250.0,257.5
Central,2,2x10,18,2025-08-22,235.0,251.25
Central,2,2x10,18,2025-08-29,220.0,241.25
Central,2,2x10,18,2025-09-05,215.0,230.0
Central,2,2x10,18,2025-09-12,215.0,221.25
Central,2,2x10,18,2025-09-19,220.0,217.5
Central,2,2x10,18,2025-09-26,220.0,217.5
Central,2,2x10,18,2025-10-03,220.0,218.75
Central,2,2x10,18,2025-10-10,220.0,220.0
Central,2,2x10,18,2025-10-17,230.0,222.5
Central,2,2x10,20,2024-01-12,265.0,265.0
Central,2,2x10,20,2024-01-18,265.0,265.0
Central,2,2x10,20,2024-01-25,255.0,261.6666666666667
Central,2,2x10,20,2024-02-08,260.0,261.25
Central,2,2x10,20,2024-02-15,270.0,262.5
Central,2,2x10,20,2024-02-22,275.0,265.0
Central,2,2x10,20,2024-02-29,280.0,271.25
Central,2,2x10,20,2024-03-07,280.0,276.25
Central,2,2x10,20,2024-03-14,285.0,280.0
Central,2,2x10,20,2024-03-21,285.0,282.5
Central,2,2x10,20,2024-03-28,285.0,283.75
Central,2,2x10,20,2024-04-04,285.0,285.0
Central,2,2x10,20,2024-04-11,275.0,282.5
Central,2,2x10,20,2024-04-18,270.0,278.75
Central,2,2x10,20,2024-04-25,270.0,275.0
Central,2,2x10,20,2024-05-02,285.0,275.0
Central,2,2x10,20,2024-05-09,305.0,282.5
Central,2,2x10,20,2024-05-16,330.0,297.5
Central,2,2x10,20,2024-05-30,360.0,320.0
Central,2,2x10,20,2024-06-06,370.0,341.25
Central,2,2x10,20,2024-06-13,370.0,357.5
Central,2,2x10,20,2024-06-20,360.0,365.0
Central,2,2x10,20,2024-06-27,345.0,361.25
Central,2,2x10,20,2024-07-04,335.0,352.5
Central,2,2x10,20,2024-07-11,330.0,342.5
Central,2,2x10,20,2024-07-18,335.0,336.25
Central,2,2x10,20,2024-07-25,340.0,335.0
Central,2,2x10,20,2024-08-01,345.0,337.5
Central,2,2x10,20,2024-08-08,345.0,341.25
Central,2,2x10,20,2024-08-15,340.0,342.5
Central,2,2x10,20,2024-08-22,335.0,341.25
Central,2,2x10,20,2024-08-29,325.0,336.25
Central,2,2x10,20,2024-09-05,320.0,330.0
Central,2,2x10,20,2024-09-12,320.0,325.0
Central,2,2x10,20,2024-09-20,305.0,317.5
Central,2,2x10,20,2024-09-27,300.0,311.25
Central,2,2x10,20,2024-10-04,295.0,305.0
Central,2,2x10,20,2024-10-11,295.0,298.75
Central,2,2x10,20,2024-10-18,295.0,296.25
Central,2,2x10,20,2024-10-25,295.0,295.0
Central,2,2x10,20,2024-11-01,295.0,295.0
Central,2,2x10,20,2024-11-08,295.0,295.0
Central,2,2x10,20,2024-11-15,290.0,293.75
Central,2,2x10,20,2024-11-22,280.0,290.0
Central,2,2x10,20,2024-11-27,275.0,285.0
Central,2,2x10,20,2024-12-06,265.0,277.5
Central,2,2x10,20,2024-12-13,265.0,271.25
Central,2,2x10,20,2024-12-20,270.0,268.75
Central,2,2x10,20,2025-01-03,285.0,271.25
Central,2,2x10,20,2025-01-10,295.0,278.75
Central,2,2x10,20,2025-01-17,295.0,286.25
Central,2,2x10,20,2025-01-24,295.0,292.5
Central,2,2x10,20,2025-01-31,290.0,293.75
Central,2,2x10,20,2025-02-07,295.0,293.75
Central,2,2x10,20,2025-02-14,295.0,293.75
Central,2,2x10,20,2025-02-21,295.0,293.75
Central,2,2x10,20,2025-02-28,295.0,295.0
Central,2,2x10,20,2025-03-07,295.0,295.0
Central,2,2x10,20,2025-03-14,295.0,295.0
Central,2,2x10,20,2025-03-21,300.0,296.25
Central,2,2x10,20,2025-03-28,315.0,301.25
Central,2,2x10,20,2025-04-04,335.0,311.25
Central,2,2x10,20,2025-04-11,355.0,326.25
Central,2,2x10,20,2025-04-18,375.0,345.0
Central,2,2x10,20,2025-04-25,390.0,363.75
Central,2,2x10,20,2025-05-02,390.0,377.5
Central,2,2x10,20,2025-05-09,390.0,386.25
Central,2,2x10,20,2025-05-16,380.0,387.5
Central,2,2x10,20,2025-05-23,365.0,381.25
Central,2,2x10,20,2025-05-30,350.0,371.25
Central,2,2x10,20,2025-06-06,325.0,355.0
Central,2,2x10,20,2025-06-13,305.0,336.25
Central,2,2x10,20,2025-06-19,285.0,316.25
Central,2,2x10,20,2025-06-27,270.0,296.25
Central,2,2x10,20,2025-07-03,270.0,282.5
Central,2,2x10,20,2025-07-11,270.0,273.75
Central,2,2x10,20,2025-07-18,270.0,270.0
Central,2,2x10,20,2025-07-25,270.0,270.0
Central,2,2x10,20,2025-08-01,270.0,270.0
Central,2,2x10,20,2025-08-08,270.0,270.0
Central,2,2x10,20,2025-08-15,265.0,268.75
Central,2,2x10,20,2025-08-22,255.0,265.0
Central,2,2x10,20,2025-08-29,235.0,256.25
Central,2,2x10,20,2025-09-05,225.0,245.0
Central,2,2x10,20,2025-09-12,225.0,235.0
Central,2,2x10,20,2025-09-19,225.0,227.5
Central,2,2x10,20,2025-09-26,225.0,225.0
Central,2,2x10,20,2025-10-03,225.0,225.0
Central,2,2x10,20,2025-10-10,225.0,225.0
Central,2,2x10,20,2025-10-17,230.0,226.25
Central,2,2x12,8,2024-01-12,325.0,325.0
Central,2,2x12,8,2024-01-18,325.0,325.0
Central,2,2x12,8,2024-01-25,325.0,325.0
Central,2,2x12,8,2024-02-08,350.0,331.25
Central,2,2x12,8,2024-02-15,370.0,342.5
Central,2,2x12,8,2024-02-22,380.0,356.25
Central,2,2x12,8,2024-02-29,395.0,373.75
Central,2,2x12,8,2024-03-07,410.0,388.75
Central,2,2x12,8,2024-03-14,410.0,398.75
Central,2,2x12,8,2024-03-21,410.0,406.25
Central,2,2x12,8,2024-03-28,410.0,410.0
Central,2,2x12,8,2024-04-04,390.0,405.0
Central,2,2x12,8,2024-04-11,365.0,393.75
Central,2,2x12,8,2024-04-18,330.0,373.75
Central,2,2x12,8,2024-04-25,310.0,348.75
Central,2,2x12,8,2024-05-02,295.0,325.0
Central,2,2x12,8,2024-05-09,285.0,305.0
Central,2,2x12,8,2024-05-16,285.0,293.75
Central,2,2x12,8,2024-05-30,290.0,288.75
Central,2,2x12,8,2024-06-06,295.0,288.75
Central,2,2x12,8,2024-06-13,295.0,291.25
Central,2,2x12,8,2024-06-20,290.0,292.5
Central,2,2x12,8,2024-06-27,290.0,292.5
Central,2,2x12,8,2024-07-04,290.0,291.25
Central,2,2x12,8,2024-07-11,290.0,290.0
Central,2,2x12,8,2024-07-18,290.0,290.0
Central,2,2x12,8,2024-07-25,305.0,293.75
Central,2,2x12,8,2024-08-01,310.0,298.75
Central,2,2x12,8,2024-08-08,310.0,303.75
Central,2,2x12,8,2024-08-15,310.0,308.75
Central,2,2x12,8,2024-08-22,310.0,310.0
Central,2,2x12,8,2024-08-29,310.0,310.0
Central,2,2x12,8,2024-09-05,310.0,310.0
Central,2,2x12,8,2024-09-12,310.0,310.0
Central,2,2x12,8,2024-09-20,310.0,310.0
Central,2,2x12,8,2024-09-27,310.0,310.0
Central,2,2x12,8,2024-10-04,315.0,311.25
Central,2,2x12,8,2024-10-11,330.0,316.25
Central,2,2x12,8,2024-10-18,340.0,323.75
Central,2,2x12,8,2024-10-25,345.0,332.5
Central,2,2x12,8,2024-11-01,345.0,340.0
Central,2,2x12,8,2024-11-08,345.0,343.75
Central,2,2x12,8,2024-11-15,335.0,342.5
Central,2,2x12,8,2024-11-22,315.0,335.0
Central,2,2x12,8,2024-11-27,295.0,322.5
Central,2,2x12,8,2024-12-06,280.0,306.25
Central,2,2x12,8,2024-12-13,270.0,290.0
Central,2,2x12,8,2024-12-20,270.0,278.75
Central,2,2x12,8,2025-01-03,270.0,272.5
Central,2,2x12,8,2025-01-10,270.0,270.0
Central,2,2x12,8,2025-01-17,270.0,270.0
Central,2,2x12,8,2025-01-24,270.0,270.0
Central,2,2x12,8,2025-01-31,265.0,268.75
Central,2,2x12,8,2025-02-07,265.0,267.5
Central,2,2x12,8,2025-02-14,275.0,268.75
Central,2,2x12,8,2025-02-21,285.0,272.5
Central,2,2x12,8,2025-02-28,295.0,280.0
Central,2,2x12,8,2025-03-07,305.0,290.0
Central,2,2x12,8,2025-03-14,305.0,297.5
Central,2,2x12,8,2025-03-21,310.0,303.75
Central,2,2x12,8,2025-03-28,310.0,307.5
Central,2,2x12,8,2025-04-04,325.0,312.5
Central,2,2x12,8,2025-04-11,335.0,320.0
Central,2,2x12,8,2025-04-18,335.0,326.25
Central,2,2x12,8,2025-04-25,340.0,333.75
Central,2,2x12,8,2025-05-02,340.0,337.5
Central,2,2x12,8,2025-05-09,340.0,338.75
Central,2,2x12,8,2025-05-16,325.0,336.25
Central,2,2x12,8,2025-05-23,310.0,328.75
Central,2,2x12,8,2025-05-30,305.0,320.0
Central,2,2x12,8,2025-06-06,295.0,308.75
Central,2,2x12,8,2025-06-13,290.0,300.0
Central,2,2x12,8,2025-06-19,285.0,293.75
Central,2,2x12,8,2025-06-27,275.0,286.25
Central,2,2x12,8,2025-07-03,270.0,280.0
Central,2,2x12,8,2025-07-11,275.0,276.25
Central,2,2x12,8,2025-07-18,280.0,275.0
Central,2,2x12,8,2025-07-25,280.0,276.25
Central,2,2x12,8,2025-08-01,290.0,281.25
Central,2,2x12,8,2025-08-08,290.0,285.0
Central,2,2x12,8,2025-08-15,290.0,287.5
Central,2,2x12,8,2025-08-22,290.0,290.0
Central,2,2x12,8,2025-08-29,290.0,290.0
Central,2,2x12,8,2025-09-05,290.0,290.0
Central,2,2x12,8,2025-09-12,290.0,290.0
Central,2,2x12,8,2025-09-19,300.0,292.5
Central,2,2x12,8,2025-09-26,310.0,297.5
Central,2,2x12,8,2025-10-03,310.0,302.5
Central,2,2x12,8,2025-10-10,315.0,308.75
Central,2,2x12,8,2025-10-17,315.0,312.5
Central,2,2x12,10,2024-01-12,425.0,425.0
Central,2,2x12,10,2024-01-18,425.0,425.0
Central,2,2x12,10,2024-01-25,430.0,426.6666666666667
Central,2,2x12,10,2024-02-08,465.0,436.25
Central,2,2x12,10,2024-02-15,485.0,451.25
Central,2,2x12,10,2024-02-22,500.0,470.0
Central,2,2x12,10,2024-02-29,515.0,491.25
Central,2,2x12,10,2024-03-07,530.0,507.5
Central,2,2x12,10,2024-03-14,530.0,518.75
Central,2,2x12,10,2024-03-21,530.0,526.25
Central,2,2x12,10,2024-03-28,530.0,530.0
Central,2,2x12,10,2024-04-04,505.0,523.75
Central,2,2x12,10,2024-04-11,480.0,511.25
Central,2,2x12,10,2024-04-18,445.0,490.0
Central,2,2x12,10,2024-04-25,415.0,461.25
Central,2,2x12,10,2024-05-02,395.0,433.75
Central,2,2x12,10,2024-05-09,385.0,410.0
Central,2,2x12,10,2024-05-16,375.0,392.5
Central,2,2x12,10,2024-05-30,375.0,382.5
Central,2,2x12,10,2024-06-06,375.0,377.5
Central,2,2x12,10,2024-06-13,375.0,375.0
Central,2,2x12,10,2024-06-20,370.0,373.75
Central,2,2x12,10,2024-06-27,365.0,371.25
Central,2,2x12,10,2024-07-04,360.0,367.5
Central,2,2x12,10,2024-07-11,355.0,362.5
Central,2,2x12,10,2024-07-18,355.0,358.75
Central,2,2x12,10,2024-07-25,365.0,358.75
Central,2,2x12,10,2024-08-01,370.0,361.25
Central,2,2x12,10,2024-08-08,370.0,365.0
Central,2,2x12,10,2024-08-15,370.0,368.75
Central,2,2x12,10,2024-08-22,370.0,370.0
Central,2,2x12,10,2024-08-29,370.0,370.0
Central,2,2x12,10,2024-09-05,370.0,370.0
Central,2,2x12,10,2024-09-12,370.0,370.0
Central,2,2x12,10,2024-09-20,370.0,370.0
Central,2,2x12,10,2024-09-27,370.0,370.0
Central,2,2x12,10,2024-10-04,375.0,371.25
Central,2,2x12,10,2024-10-11,390.0,376.25
Central,2,2x12,10,2024-10-18,400.0,383.75
Central,2,2x12,10,2024-10-25,410.0,393.75
Central,2,2x12,10,2024-11-01,410.0,402.5
Central,2,2x12,10,2024-11-08,410.0,407.5
Central,2,2x12,10,2024-11-15,400.0,407.5
Central,2,2x12,10,2024-11-22,380.0,400.0
Central,2,2x12,10,2024-11-27,370.0,390.0
Central,2,2x12,10,2024-12-06,355.0,376.25
Central,2,2x12,10,2024-12-13,340.0,361.25
Central,2,2x12,10,2024-12-20,340.0,351.25
Central,2,2x12,10,2025-01-03,340.0,343.75
Central,2,2x12,10,2025-01-10,340.0,340.0
Central,2,2x12,10,2025-01-17,340.0,340.0
Central,2,2x12,10,2025-01-24,335.0,338.75
Central,2,2x12,10,2025-01-31,325.0,335.0
Central,2,2x12,10,2025-02-07,325.0,331.25
Central,2,2x12,10,2025-02-14,325.0,327.5
Central,2,2x12,10,2025-02-21,325.0,325.0
Central,2,2x12,10,2025-02-28,325.0,325.0
Central,2,2x12,10,2025-03-07,325.0,325.0
Central,2,2x12,10,2025-03-14,325.0,325.0
Central,2,2x12,10,2025-03-21,325.0,325.0
Central,2,2x12,10,2025-03-28,325.0,325.0
Central,2,2x12,10,2025-04-04,325.0,325.0
Central,2,2x12,10,2025-04-11,325.0,325.0
Central,2,2x12,10,2025-04-18,335.0,327.5
Central,2,2x12,10,2025-04-25,340.0,331.25
Central,2,2x12,10,2025-05-02,345.0,336.25
Central,2,2x12,10,2025-05-09,345.0,341.25
Central,2,2x12,10,2025-05-16,335.0,341.25
Central,2,2x12,10,2025-05-23,325.0,337.5
Central,2,2x12,10,2025-05-30,320.0,331.25
Central,2,2x12,10,2025-06-06,310.0,322.5
Central,2,2x12,10,2025-06-13,300.0,313.75
Central,2,2x12,10,2025-06-19,300.0,307.5
Central,2,2x12,10,2025-06-27,300.0,302.5
Central,2,2x12,10,2025-07-03,300.0,300.0
Central,2,2x12,10,2025-07-11,300.0,300.0
Central,2,2x12,10,2025-07-18,300.0,300.0
Central,2,2x12,10,2025-07-25,300.0,300.0
Central,2,2x12,10,2025-08-01,310.0,302.5
Central,2,2x12,10,2025-08-08,310.0,305.0
Central,2,2x12,10,2025-08-15,310.0,307.5
Central,2,2x12,10,2025-08-22,310.0,310.0
Central,2,2x12,10,2025-08-29,310.0,310.0
Central,2,2x12,10,2025-09-05,310.0,310.0
Central,2,2x12,10,2025-09-12,310.0,310.0
Central,2,2x12,10,2025-09-19,320.0,312.5
Central,2,2x12,10,2025-09-26,330.0,317.5
Central,2,2x12,10,2025-10-03,340.0,325.0
Central,2,2x12,10,2025-10-10,345.0,333.75
Central,2,2x12,10,2025-10-17,350.0,341.25
Central,2,2x12,12,2024-01-12,470.0,470.0
Central,2,2x12,12,2024-01-18,480.0,475.0
Central,2,2x12,12,2024-01-25,490.0,480.0
Central,2,2x12,12,2024-02-08,530.0,492.5
Central,2,2x12,12,2024-02-15,550.0,512.5
Central,2,2x12,12,2024-02-22,565.0,533.75
Central,2,2x12,12,2024-02-29,580.0,556.25
Central,2,2x12,12,2024-03-07,595.0,572.5
Central,2,2x12,12,2024-03-14,600.0,585.0
Central,2,2x12,12,2024-03-21,600.0,593.75
Central,2,2x12,12,2024-03-28,600.0,598.75
Central,2,2x12,12,2024-04-04,570.0,592.5
Central,2,2x12,12,2024-04-11,545.0,578.75
Central,2,2x12,12,2024-04-18,515.0,557.5
Central,2,2x12,12,2024-04-25,485.0,528.75
Central,2,2x12,12,2024-05-02,455.0,500.0
Central,2,2x12,12,2024-05-09,435.0,472.5
Central,2,2x12,12,2024-05-16,420.0,448.75
Central,2,2x12,12,2024-05-30,415.0,431.25
Central,2,2x12,12,2024-06-06,415.0,421.25
Central,2,2x12,12,2024-06-13,415.0,416.25
Central,2,2x12,12,2024-06-20,410.0,413.75
Central,2,2x12,12,2024-06-27,395.0,408.75
Central,2,2x12,12,2024-07-04,385.0,401.25
Central,2,2x12,12,2024-07-11,375.0,391.25
Central,2,2x12,12,2024-07-18,380.0,383.75
Central,2,2x12,12,2024-07-25,390.0,382.5
Central,2,2x12,12,2024-08-01,400.0,386.25
Central,2,2x12,12,2024-08-08,400.0,392.5
Central,2,2x12,12,2024-08-15,405.0,398.75
Central,2,2x12,12,2024-08-22,405.0,402.5
Central,2,2x12,12,2024-08-29,405.0,403.75
Central,2,2x12,12,2024-09-05,405.0,405.0
Central,2,2x12,12,2024-09-12,405.0,405.0
Central,2,2x12,12,2024-09-20,405.0,405.0
Central,2,2x12,12,2024-09-27,405.0,405.0
Central,2,2x12,12,2024-10-04,405.0,405.0
Central,2,2x12,12,2024-10-11,420.0,408.75
Central,2,2x12,12,2024-10-18,430.0,415.0
Central,2,2x12,12,2024-10-25,435.0,422.5
Central,2,2x12,12,2024-11-01,435.0,430.0
Central,2,2x12,12,2024-11-08,435.0,433.75
Central,2,2x12,12,2024-11-15,425.0,432.5
Central,2,2x12,12,2024-11-22,405.0,425.0
Central,2,2x12,12,2024-11-27,390.0,413.75
Central,2,2x12,12,2024-12-06,375.0,398.75
Central,2,2x12,12,2024-12-13,360.0,382.5
Central,2,2x12,12,2024-12-20,360.0,371.25
Central,2,2x12,12,2025-01-03,360.0,363.75
Central,2,2x12,12,2025-01-10,360.0,360.0
Central,2,2x12,12,2025-01-17,360.0,360.0
Central,2,2x12,12,2025-01-24,350.0,357.5
Central,2,2x12,12,2025-01-31,335.0,351.25
Central,2,2x12,12,2025-02-07,335.0,345.0
Central,2,2x12,12,2025-02-14,335.0,338.75
Central,2,2x12,12,2025-02-21,335.0,335.0
Central,2,2x12,12,2025-02-28,335.0,335.0
Central,2,2x12,12,2025-03-07,335.0,335.0
Central,2,2x12,12,2025-03-14,345.0,337.5
Central,2,2x12,12,2025-03-21,350.0,341.25
Central,2,2x12,12,2025-03-28,350.0,345.0
Central,2,2x12,12,2025-04-04,350.0,348.75
Central,2,2x12,12,2025-04-11,360.0,352.5
Central,2,2x12,12,2025-04-18,370.0,357.5
Central,2,2x12,12,2025-04-25,375.0,363.75
Central,2,2x12,12,2025-05-02,375.0,370.0
Central,2,2x12,12,2025-05-09,375.0,373.75
Central,2,2x12,12,2025-05-16,370.0,373.75
Central,2,2x12,12,2025-05-23,360.0,370.0
Central,2,2x12,12,2025-05-30,350.0,363.75
Central,2,2x12,12,2025-06-06,340.0,355.0
Central,2,2x12,12,2025-06-13,335.0,346.25
Central,2,2x12,12,2025-06-19,330.0,338.75
Central,2,2x12,12,2025-06-27,325.0,332.5
Central,2,2x12,12,2025-07-03,325.0,328.75
Central,2,2x12,12,2025-07-11,330.0,327.5
Central,2,2x12,12,2025-07-18,335.0,328.75
Central,2,2x12,12,2025-07-25,335.0,331.25
Central,2,2x12,12,2025-08-01,345.0,336.25
Central,2,2x12,12,2025-08-08,350.0,341.25
Central,2,2x12,12,2025-08-15,350.0,345.0
Central,2,2x12,12,2025-08-22,350.0,348.75
Central,2,2x12,12,2025-08-29,350.0,350.0
Central,2,2x12,12,2025-09-05,350.0,350.0
Central,2,2x12,12,2025-09-12,360.0,352.5
Central,2,2x12,12,2025-09-19,375.0,358.75
Central,2,2x12,12,2025-09-26,385.0,367.5
Central,2,2x12,12,2025-10-03,395.0,378.75
Central,2,2x12,12,2025-10-10,400.0,388.75
Central,2,2x12,12,2025-10-17,410.0,397.5
Central,2,2x12,14,2024-01-12,425.0,425.0
Central,2,2x12,14,2024-01-18,430.0,427.5
Central,2,2x12,14,2024-01-25,440.0,431.6666666666667
Central,2,2x12,14,2024-02-08,475.0,442.5
Central,2,2x12,14,2024-02-15,495.0,460.0
Central,2,2x12,14,2024-02-22,505.0,478.75
Central,2,2x12,14,2024-02-29,520.0,498.75
Central,2,2x12,14,2024-03-07,535.0,513.75
Central,2,2x12,14,2024-03-14,540.0,525.0
Central,2,2x12,14,2024-03-21,540.0,533.75
Central,2,2x12,14,2024-03-28,540.0,538.75
Central,2,2x12,14,2024-04-04,515.0,533.75
Central,2,2x12,14,2024-04-11,485.0,520.0
Central,2,2x12,14,2024-04-18,450.0,497.5
Central,2,2x12,14,2024-04-25,425.0,468.75
Central,2,2x12,14,2024-05-02,400.0,440.0
Central,2,2x12,14,2024-05-09,390.0,416.25
Central,2,2x12,14,2024-05-16,385.0,400.0
Central,2,2x12,14,2024-05-30,385.0,390.0
Central,2,2x12,14,2024-06-06,385.0,386.25
Central,2,2x12,14,2024-06-13,385.0,385.0
Central,2,2x12,14,2024-06-20,380.0,383.75
Central,2,2x12,14,2024-06-27,375.0,381.25
Central,2,2x12,14,2024-07-04,370.0,377.5
Central,2,2x12,14,2024-07-11,370.0,373.75
Central,2,2x12,14,2024-07-18,370.0,371.25
Central,2,2x12,14,2024-07-25,380.0,372.5
Central,2,2x12,14,2024-08-01,390.0,377.5
Central,2,2x12,14,2024-08-08,395.0,383.75
Central,2,2x12,14,2024-08-15,395.0,390.0
Central,2,2x12,14,2024-08-22,405.0,396.25
Central,2,2x12,14,2024-08-29,415.0,402.5
Central,2,2x12,14,2024-09-05,420.0,408.75
Central,2,2x12,14,2024-09-12,430.0,417.5
Central,2,2x12,14,2024-09-20,435.0,425.0
Central,2,2x12,14,2024-09-27,440.0,431.25
Central,2,2x12,14,2024-10-04,450.0,438.75
Central,2,2x12,14,2024-10-11,265.0,397.5
Central,2,2x12,14,2024-10-18,470.0,406.25
Central,2,2x12,14,2024-10-25,475.0,415.0
Central,2,2x12,14,2024-11-01,475.0,421.25
Central,2,2x12,14,2024-11-08,475.0,473.75
Central,2,2x12,14,2024-11-15,465.0,472.5
Central,2,2x12,14,2024-11-22,435.0,462.5
Central,2,2x12,14,2024-11-27,420.0,448.75
Central,2,2x12,14,2024-12-06,395.0,428.75
Central,2,2x12,14,2024-12-13,375.0,406.25
Central,2,2x12,14,2024-12-20,365.0,388.75
Central,2,2x12,14,2025-01-03,360.0,373.75
Central,2,2x12,14,2025-01-10,360.0,365.0
Central,2,2x12,14,2025-01-17,360.0,361.25
Central,2,2x12,14,2025-01-24,350.0,357.5
Central,2,2x12,14,2025-01-31,340.0,352.5
Central,2,2x12,14,2025-02-07,340.0,347.5
Central,2,2x12,14,2025-02-14,340.0,342.5
Central,2,2x12,14,2025-02-21,340.0,340.0
Central,2,2x12,14,2025-02-28,340.0,340.0
Central,2,2x12,14,2025-03-07,340.0,340.0
Central,2,2x12,14,2025-03-14,340.0,340.0
Central,2,2x12,14,2025-03-21,340.0,340.0
Central,2,2x12,14,2025-03-28,340.0,340.0
Central,2,2x12,14,2025-04-04,340.0,340.0
Central,2,2x12,14,2025-04-11,345.0,341.25
Central,2,2x12,14,2025-04-18,360.0,346.25
Central,2,2x12,14,2025-04-25,370.0,353.75
Central,2,2x12,14,2025-05-02,365.0,360.0
Central,2,2x12,14,2025-05-09,360.0,363.75
Central,2,2x12,14,2025-05-16,350.0,361.25
Central,2,2x12,14,2025-05-23,335.0,352.5
Central,2,2x12,14,2025-05-30,325.0,342.5
Central,2,2x12,14,2025-06-06,310.0,330.0
Central,2,2x12,14,2025-06-13,310.0,320.0
Central,2,2x12,14,2025-06-19,300.0,311.25
Central,2,2x12,14,2025-06-27,295.0,303.75
Central,2,2x12,14,2025-07-03,295.0,300.0
Central,2,2x12,14,2025-07-11,295.0,296.25
Central,2,2x12,14,2025-07-18,305.0,297.5
Central,2,2x12,14,2025-07-25,305.0,300.0
Central,2,2x12,14,2025-08-01,305.0,302.5
Central,2,2x12,14,2025-08-08,305.0,305.0
Central,2,2x12,14,2025-08-15,305.0,305.0
Central,2,2x12,14,2025-08-22,305.0,305.0
Central,2,2x12,14,2025-08-29,300.0,303.75
Central,2,2x12,14,2025-09-05,300.0,302.5
Central,2,2x12,14,2025-09-12,305.0,302.5
Central,2,2x12,14,2025-09-19,320.0,306.25
Central,2,2x12,14,2025-09-26,330.0,313.75
Central,2,2x12,14,2025-10-03,340.0,323.75
Central,2,2x12,14,2025-10-10,350.0,335.0
Central,2,2x12,14,2025-10-17,355.0,343.75
Central,2,2x12,16,2024-01-12,440.0,440.0
Central,2,2x12,16,2024-01-18,450.0,445.0
Central,2,2x12,16,2024-01-25,455.0,448.3333333333333
Central,2,2x12,16,2024-02-08,485.0,457.5
Central,2,2x12,16,2024-02-15,505.0,473.75
Central,2,2x12,16,2024-02-22,515.0,490.0
Central,2,2x12,16,2024-02-29,530.0,508.75
Central,2,2x12,16,2024-03-07,545.0,523.75
Central,2,2x12,16,2024-03-14,545.0,533.75
Central,2,2x12,16,2024-03-21,545.0,541.25
Central,2,2x12,16,2024-03-28,545.0,545.0
Central,2,2x12,16,2024-04-04,525.0,540.0
Central,2,2x12,16,2024-04-11,495.0,527.5
Central,2,2x12,16,2024-04-18,460.0,506.25
Central,2,2x12,16,2024-04-25,435.0,478.75
Central,2,2x12,16,2024-05-02,410.0,450.0
Central,2,2x12,16,2024-05-09,405.0,427.5
Central,2,2x12,16,2024-05-16,400.0,412.5
Central,2,2x12,16,2024-05-30,405.0,405.0
Central,2,2x12,16,2024-06-06,405.0,403.75
Central,2,2x12,16,2024-06-13,405.0,403.75
Central,2,2x12,16,2024-06-20,400.0,403.75
Central,2,2x12,16,2024-06-27,395.0,401.25
Central,2,2x12,16,2024-07-04,395.0,398.75
Central,2,2x12,16,2024-07-11,395.0,396.25
Central,2,2x12,16,2024-07-18,400.0,396.25
Central,2,2x12,16,2024-07-25,420.0,402.5
Central,2,2x12,16,2024-08-01,440.0,413.75
Central,2,2x12,16,2024-08-08,450.0,427.5
Central,2,2x12,16,2024-08-15,460.0,442.5
Central,2,2x12,16,2024-08-22,470.0,455.0
Central,2,2x12,16,2024-08-29,475.0,463.75
Central,2,2x12,16,2024-09-05,485.0,472.5
Central,2,2x12,16,2024-09-12,500.0,482.5
Central,2,2x12,16,2024-09-20,510.0,492.5
Central,2,2x12,16,2024-09-27,525.0,505.0
Central,2,2x12,16,2024-10-04,540.0,518.75
Central,2,2x12,16,2024-10-11,555.0,532.5
Central,2,2x12,16,2024-10-18,560.0,545.0
Central,2,2x12,16,2024-10-25,570.0,556.25
Central,2,2x12,16,2024-11-01,570.0,563.75
Central,2,2x12,16,2024-11-08,570.0,567.5
Central,2,2x12,16,2024-11-15,560.0,567.5
Central,2,2x12,16,2024-11-22,530.0,557.5
Central,2,2x12,16,2024-11-27,515.0,543.75
Central,2,2x12,16,2024-12-06,495.0,525.0
Central,2,2x12,16,2024-12-13,480.0,505.0
Central,2,2x12,16,2024-12-20,470.0,490.0
Central,2,2x12,16,2025-01-03,465.0,477.5
Central,2,2x12,16,2025-01-10,465.0,470.0
Central,2,2x12,16,2025-01-17,455.0,463.75
Central,2,2x12,16,2025-01-24,450.0,458.75
Central,2,2x12,16,2025-01-31,445.0,453.75
Central,2,2x12,16,2025-02-07,440.0,447.5
Central,2,2x12,16,2025-02-14,440.0,443.75
Central,2,2x12,16,2025-02-21,430.0,438.75
Central,2,2x12,16,2025-02-28,430.0,435.0
Central,2,2x12,16,2025-03-07,430.0,432.5
Central,2,2x12,16,2025-03-14,430.0,430.0
Central,2,2x12,16,2025-03-21,430.0,430.0
Central,2,2x12,16,2025-03-28,430.0,430.0
Central,2,2x12,16,2025-04-04,435.0,431.25
Central,2,2x12,16,2025-04-11,440.0,433.75
Central,2,2x12,16,2025-04-18,455.0,440.0
Central,2,2x12,16,2025-04-25,455.0,446.25
Central,2,2x12,16,2025-05-02,455.0,451.25
Central,2,2x12,16,2025-05-09,455.0,455.0
Central,2,2x12,16,2025-05-16,450.0,453.75
Central,2,2x12,16,2025-05-23,440.0,450.0
Central,2,2x12,16,2025-05-30,430.0,443.75
Central,2,2x12,16,2025-06-06,410.0,432.5
Central,2,2x12,16,2025-06-13,390.0,417.5
Central,2,2x12,16,2025-06-19,370.0,400.0
Central,2,2x12,16,2025-06-27,355.0,381.25
Central,2,2x12,16,2025-07-03,350.0,366.25
Central,2,2x12,16,2025-07-11,350.0,356.25
Central,2,2x12,16,2025-07-18,350.0,351.25
Central,2,2x12,16,2025-07-25,350.0,350.0
Central,2,2x12,16,2025-08-01,350.0,350.0
Central,2,2x12,16,2025-08-08,350.0,350.0
Central,2,2x12,16,2025-08-15,340.0,347.5
Central,2,2x12,16,2025-08-22,325.0,341.25
Central,2,2x12,16,2025-08-29,315.0,332.5
Central,2,2x12,16,2025-09-05,310.0,322.5
Central,2,2x12,16,2025-09-12,315.0,316.25
Central,2,2x12,16,2025-09-19,325.0,316.25
Central,2,2x12,16,2025-09-26,335.0,321.25
Central,2,2x12,16,2025-10-03,335.0,327.5
Central,2,2x12,16,2025-10-10,340.0,333.75
Central,2,2x12,16,2025-10-17,345.0,338.75
Central,2,2x12,18,2024-01-12,420.0,420.0
Central,2,2x12,18,2024-01-18,430.0,425.0
Central,2,2x12,18,2024-01-25,440.0,430.0
Central,2,2x12,18,2024-02-08,465.0,438.75
Central,2,2x12,18,2024-02-15,480.0,453.75
Central,2,2x12,18,2024-02-22,490.0,468.75
Central,2,2x12,18,2024-02-29,505.0,485.0
Central,2,2x12,18,2024-03-07,520.0,498.75
Central,2,2x12,18,2024-03-14,530.0,511.25
Central,2,2x12,18,2024-03-21,535.0,522.5
Central,2,2x12,18,2024-03-28,535.0,530.0
Central,2,2x12,18,2024-04-04,515.0,528.75
Central,2,2x12,18,2024-04-11,490.0,518.75
Central,2,2x12,18,2024-04-18,460.0,500.0
Central,2,2x12,18,2024-04-25,445.0,477.5
Central,2,2x12,18,2024-05-02,420.0,453.75
Central,2,2x12,18,2024-05-09,405.0,432.5
Central,2,2x12,18,2024-05-16,395.0,416.25
Central,2,2x12,18,2024-05-30,395.0,403.75
Central,2,2x12,18,2024-06-06,395.0,397.5
Central,2,2x12,18,2024-06-13,395.0,395.0
Central,2,2x12,18,2024-06-20,390.0,393.75
Central,2,2x12,18,2024-06-27,385.0,391.25
Central,2,2x12,18,2024-07-04,380.0,387.5
Central,2,2x12,18,2024-07-11,375.0,382.5
Central,2,2x12,18,2024-07-18,375.0,378.75
Central,2,2x12,18,2024-07-25,385.0,378.75
Central,2,2x12,18,2024-08-01,400.0,383.75
Central,2,2x12,18,2024-08-08,405.0,391.25
Central,2,2x12,18,2024-08-15,410.0,400.0
Central,2,2x12,18,2024-08-22,420.0,408.75
Central,2,2x12,18,2024-08-29,425.0,415.0
Central,2,2x12,18,2024-09-05,430.0,421.25
Central,2,2x12,18,2024-09-12,440.0,428.75
Central,2,2x12,18,2024-09-20,450.0,436.25
Central,2,2x12,18,2024-09-27,465.0,446.25
Central,2,2x12,18,2024-10-04,480.0,458.75
Central,2,2x12,18,2024-10-11,495.0,472.5
Central,2,2x12,18,2024-10-18,505.0,486.25
Central,2,2x12,18,2024-10-25,510.0,497.5
Central,2,2x12,18,2024-11-01,510.0,505.0
Central,2,2x12,18,2024-11-08,510.0,508.75
Central,2,2x12,18,2024-11-15,505.0,508.75
Central,2,2x12,18,2024-11-22,485.0,502.5
Central,2,2x12,18,2024-11-27,470.0,492.5
Central,2,2x12,18,2024-12-06,450.0,477.5
Central,2,2x12,18,2024-12-13,440.0,461.25
Central,2,2x12,18,2024-12-20,435.0,448.75
Central,2,2x12,18,2025-01-03,430.0,438.75
Central,2,2x12,18,2025-01-10,430.0,433.75
Central,2,2x12,18,2025-01-17,430.0,431.25
Central,2,2x12,18,2025-01-24,420.0,427.5
Central,2,2x12,18,2025-01-31,410.0,422.5
Central,2,2x12,18,2025-02-07,400.0,415.0
Central,2,2x12,18,2025-02-14,400.0,407.5
Central,2,2x12,18,2025-02-21,400.0,402.5
Central,2,2x12,18,2025-02-28,400.0,400.0
Central,2,2x12,18,2025-03-07,405.0,401.25
Central,2,2x12,18,2025-03-14,405.0,402.5
Central,2,2x12,18,2025-03-21,405.0,403.75
Central,2,2x12,18,2025-03-28,405.0,405.0
Central,2,2x12,18,2025-04-04,405.0,405.0
Central,2,2x12,18,2025-04-11,405.0,405.0
Central,2,2x12,18,2025-04-18,420.0,408.75
Central,2,2x12,18,2025-04-25,430.0,415.0
Central,2,2x12,18,2025-05-02,435.0,422.5
Central,2,2x12,18,2025-05-09,435.0,430.0
Central,2,2x12,18,2025-05-16,430.0,432.5
Central,2,2x12,18,2025-05-23,420.0,430.0
Central,2,2x12,18,2025-05-30,410.0,423.75
Central,2,2x12,18,2025-06-06,390.0,412.5
Central,2,2x12,18,2025-06-13,370.0,397.5
Central,2,2x12,18,2025-06-19,355.0,381.25
Central,2,2x12,18,2025-06-27,345.0,365.0
Central,2,2x12,18,2025-07-03,330.0,350.0
Central,2,2x12,18,2025-07-11,330.0,340.0
Central,2,2x12,18,2025-07-18,320.0,331.25
Central,2,2x12,18,2025-07-25,320.0,325.0
Central,2,2x12,18,2025-08-01,320.0,322.5
Central,2,2x12,18,2025-08-08,320.0,320.0
Central,2,2x12,18,2025-08-15,305.0,316.25
Central,2,2x12,18,2025-08-22,295.0,310.0
Central,2,2x12,18,2025-08-29,280.0,300.0
Central,2,2x12,18,2025-09-05,275.0,288.75
Central,2,2x12,18,2025-09-12,280.0,282.5
Central,2,2x12,18,2025-09-19,290.0,281.25
Central,2,2x12,18,2025-09-26,300.0,286.25
Central,2,2x12,18,2025-10-03,300.0,292.5
Central,2,2x12,18,2025-10-10,290.0,295.0
Central,2,2x12,18,2025-10-17,290.0,295.0
Central,2,2x12,20,2024-01-12,635.0,635.0
Central,2,2x12,20,2024-01-18,640.0,637.5
Central,2,2x12,20,2024-01-25,650.0,641.6666666666666
Central,2,2x12,20,2024-02-08,690.0,653.75
Central,2,2x12,20,2024-02-15,710.0,672.5
Central,2,2x12,20,2024-02-22,725.0,693.75
Central,2,2x12,20,2024-02-29,740.0,716.25
Central,2,2x12,20,2024-03-07,755.0,732.5
Central,2,2x12,20,2024-03-14,775.0,748.75
Central,2,2x12,20,2024-03-21,785.0,763.75
Central,2,2x12,20,2024-03-28,785.0,775.0
Central,2,2x12,20,2024-04-04,775.0,780.0
Central,2,2x12,20,2024-04-11,760.0,776.25
Central,2,2x12,20,2024-04-18,730.0,762.5
Central,2,2x12,20,2024-04-25,705.0,742.5
Central,2,2x12,20,2024-05-02,680.0,718.75
Central,2,2x12,20,2024-05-09,655.0,692.5
Central,2,2x12,20,2024-05-16,640.0,670.0
Central,2,2x12,20,2024-05-30,635.0,652.5
Central,2,2x12,20,2024-06-06,635.0,641.25
Central,2,2x12,20,2024-06-13,635.0,636.25
Central,2,2x12,20,2024-06-20,630.0,633.75
Central,2,2x12,20,2024-06-27,625.0,631.25
Central,2,2x12,20,2024-07-04,600.0,622.5
Central,2,2x12,20,2024-07-11,575.0,607.5
Central,2,2x12,20,2024-07-18,580.0,595.0
Central,2,2x12,20,2024-07-25,590.0,586.25
Central,2,2x12,20,2024-08-01,610.0,588.75
Central,2,2x12,20,2024-08-08,615.0,598.75
Central,2,2x12,20,2024-08-15,620.0,608.75
Central,2,2x12,20,2024-08-22,630.0,618.75
Central,2,2x12,20,2024-08-29,640.0,626.25
Central,2,2x12,20,2024-09-05,655.0,636.25
Central,2,2x12,20,2024-09-12,665.0,647.5
Central,2,2x12,20,2024-09-20,675.0,658.75
Central,2,2x12,20,2024-09-27,690.0,671.25
Central,2,2x12,20,2024-10-04,690.0,680.0
Central,2,2x12,20,2024-10-11,705.0,690.0
Central,2,2x12,20,2024-10-18,720.0,701.25
Central,2,2x12,20,2024-10-25,740.0,713.75
Central,2,2x12,20,2024-11-01,750.0,728.75
Central,2,2x12,20,2024-11-08,755.0,741.25
Central,2,2x12,20,2024-11-15,750.0,748.75
Central,2,2x12,20,2024-11-22,735.0,747.5
Central,2,2x12,20,2024-11-27,725.0,741.25
Central,2,2x12,20,2024-12-06,710.0,730.0
Central,2,2x12,20,2024-12-13,695.0,716.25
Central,2,2x12,20,2024-12-20,690.0,705.0
Central,2,2x12,20,2025-01-03,680.0,693.75
Central,2,2x12,20,2025-01-10,680.0,686.25
Central,2,2x12,20,2025-01-17,665.0,678.75
Central,2,2x12,20,2025-01-24,655.0,670.0
Central,2,2x12,20,2025-01-31,650.0,662.5
Central,2,2x12,20,2025-02-07,645.0,653.75
Central,2,2x12,20,2025-02-14,645.0,648.75
Central,2,2x12,20,2025-02-21,645.0,646.25
Central,2,2x12,20,2025-02-28,645.0,645.0
Central,2,2x12,20,2025-03-07,650.0,646.25
Central,2,2x12,20,2025-03-14,650.0,647.5
Central,2,2x12,20,2025-03-21,650.0,648.75
Central,2,2x12,20,2025-03-28,650.0,650.0
Central,2,2x12,20,2025-04-04,650.0,650.0
Central,2,2x12,20,2025-04-11,650.0,650.0
Central,2,2x12,20,2025-04-18,665.0,653.75
Central,2,2x12,20,2025-04-25,670.0,658.75
Central,2,2x12,20,2025-05-02,665.0,662.5
Central,2,2x12,20,2025-05-09,655.0,663.75
Central,2,2x12,20,2025-05-16,640.0,657.5
Central,2,2x12,20,2025-05-23,610.0,642.5
Central,2,2x12,20,2025-05-30,600.0,626.25
Central,2,2x12,20,2025-06-06,570.0,605.0
Central,2,2x12,20,2025-06-13,535.0,578.75
Central,2,2x12,20,2025-06-19,510.0,553.75
Central,2,2x12,20,2025-06-27,500.0,528.75
Central,2,2x12,20,2025-07-03,480.0,506.25
Central,2,2x12,20,2025-07-11,450.0,485.0
Central,2,2x12,20,2025-07-18,440.0,467.5
Central,2,2x12,20,2025-07-25,440.0,452.5
Central,2,2x12,20,2025-08-01,425.0,438.75
Central,2,2x12,20,2025-08-08,425.0,432.5
Central,2,2x12,20,2025-08-15,410.0,425.0
Central,2,2x12,20,2025-08-22,385.0,411.25
Central,2,2x12,20,2025-08-29,370.0,397.5
Central,2,2x12,20,2025-09-05,360.0,381.25
Central,2,2x12,20,2025-09-12,360.0,368.75
Central,2,2x12,20,2025-09-19,365.0,363.75
Central,2,2x12,20,2025-09-26,375.0,365.0
Central,2,2x12,20,2025-10-03,360.0,365.0
Central,2,2x12,20,2025-10-10,350.0,362.5
Central,2,2x12,20,2025-10-17,350.0,358.75
Central,2,2x4,8,2024-01-12,380.0,380.0
Central,2,2x4,8,2024-01-18,370.0,375.0
Central,2,2x4,8,2024-01-25,360.0,370.0
Central,2,2x4,8,2024-02-08,340.0,362.5
Central,2,2x4,8,2024-02-15,355.0,356.25
Central,2,2x4,8,2024-02-22,370.0,356.25
Central,2,2x4,8,2024-02-29,385.0,362.5
Central,2,2x4,8,2024-03-07,400.0,377.5
Central,2,2x4,8,2024-03-14,410.0,391.25
Central,2,2x4,8,2024-03-21,410.0,401.25
Central,2,2x4,8,2024-03-28,400.0,405.0
Central,2,2x4,8,2024-04-04,390.0,402.5
Central,2,2x4,8,2024-04-11,370.0,392.5
Central,2,2x4,8,2024-04-18,350.0,377.5
Central,2,2x4,8,2024-04-25,335.0,361.25
Central,2,2x4,8,2024-05-02,335.0,347.5
Central,2,2x4,8,2024-05-09,335.0,338.75
Central,2,2x4,8,2024-05-16,345.0,337.5
Central,2,2x4,8,2024-05-30,350.0,341.25
Central,2,2x4,8,2024-06-06,350.0,345.0
Central,2,2x4,8,2024-06-13,340.0,346.25
Central,2,2x4,8,2024-06-20,335.0,343.75
Central,2,2x4,8,2024-06-27,325.0,337.5
Central,2,2x4,8,2024-07-04,315.0,328.75
Central,2,2x4,8,2024-07-11,310.0,321.25
Central,2,2x4,8,2024-07-18,325.0,318.75
Central,2,2x4,8,2024-07-25,340.0,322.5
Central,2,2x4,8,2024-08-01,350.0,331.25
Central,2,2x4,8,2024-08-08,355.0,342.5
Central,2,2x4,8,2024-08-15,360.0,351.25
Central,2,2x4,8,2024-08-22,365.0,357.5
Central,2,2x4,8,2024-08-29,365.0,361.25
Central,2,2x4,8,2024-09-05,365.0,363.75
Central,2,2x4,8,2024-09-12,365.0,365.0
Central,2,2x4,8,2024-09-20,370.0,366.25
Central,2,2x4,8,2024-09-27,385.0,371.25
Central,2,2x4,8,2024-10-04,405.0,381.25
Central,2,2x4,8,2024-10-11,430.0,397.5
Central,2,2x4,8,2024-10-18,450.0,417.5
Central,2,2x4,8,2024-10-25,465.0,437.5
Central,2,2x4,8,2024-11-01,470.0,453.75
Central,2,2x4,8,2024-11-08,450.0,458.75
Central,2,2x4,8,2024-11-15,430.0,453.75
Central,2,2x4,8,2024-11-22,400.0,437.5
Central,2,2x4,8,2024-11-27,380.0,415.0
Central,2,2x4,8,2024-12-06,355.0,391.25
Central,2,2x4,8,2024-12-13,345.0,370.0
Central,2,2x4,8,2024-12-20,355.0,358.75
Central,2,2x4,8,2025-01-03,385.0,360.0
Central,2,2x4,8,2025-01-10,400.0,371.25
Central,2,2x4,8,2025-01-17,405.0,386.25
Central,2,2x4,8,2025-01-24,400.0,397.5
Central,2,2x4,8,2025-01-31,395.0,400.0
Central,2,2x4,8,2025-02-07,400.0,400.0
Central,2,2x4,8,2025-02-14,405.0,400.0
Central,2,2x4,8,2025-02-21,410.0,402.5
Central,2,2x4,8,2025-02-28,410.0,406.25
Central,2,2x4,8,2025-03-07,415.0,410.0
Central,2,2x4,8,2025-03-14,425.0,415.0
Central,2,2x4,8,2025-03-21,435.0,421.25
Central,2,2x4,8,2025-03-28,440.0,428.75
Central,2,2x4,8,2025-04-04,455.0,438.75
Central,2,2x4,8,2025-04-11,470.0,450.0
Central,2,2x4,8,2025-04-18,490.0,463.75
Central,2,2x4,8,2025-04-25,500.0,478.75
Central,2,2x4,8,2025-05-02,510.0,492.5
Central,2,2x4,8,2025-05-09,510.0,502.5
Central,2,2x4,8,2025-05-16,495.0,503.75
Central,2,2x4,8,2025-05-23,460.0,493.75
Central,2,2x4,8,2025-05-30,435.0,475.0
Central,2,2x4,8,2025-06-06,410.0,450.0
Central,2,2x4,8,2025-06-13,390.0,423.75
Central,2,2x4,8,2025-06-19,380.0,403.75
Central,2,2x4,8,2025-06-27,375.0,388.75
Central,2,2x4,8,2025-07-03,370.0,378.75
Central,2,2x4,8,2025-07-11,370.0,373.75
Central,2,2x4,8,2025-07-18,375.0,372.5
Central,2,2x4,8,2025-07-25,380.0,373.75
Central,2,2x4,8,2025-08-01,380.0,376.25
Central,2,2x4,8,2025-08-08,365.0,375.0
Central,2,2x4,8,2025-08-15,350.0,368.75
Central,2,2x4,8,2025-08-22,330.0,356.25
Central,2,2x4,8,2025-08-29,305.0,337.5
Central,2,2x4,8,2025-09-05,290.0,318.75
Central,2,2x4,8,2025-09-12,285.0,302.5
Central,2,2x4,8,2025-09-19,285.0,291.25
Central,2,2x4,8,2025-09-26,285.0,286.25
Central,2,2x4,8,2025-10-03,295.0,287.5
Central,2,2x4,8,2025-10-10,305.0,292.5
Central,2,2x4,8,2025-10-17,310.0,298.75
Central,2,2x4,10,2024-01-12,385.0,385.0
Central,2,2x4,10,2024-01-18,375.0,380.0
Central,2,2x4,10,2024-01-25,355.0,371.6666666666667
Central,2,2x4,10,2024-02-08,330.0,361.25
Central,2,2x4,10,2024-02-15,335.0,348.75
Central,2,2x4,10,2024-02-22,340.0,340.0
Central,2,2x4,10,2024-02-29,345.0,337.5
Central,2,2x4,10,2024-03-07,345.0,341.25
Central,2,2x4,10,2024-03-14,340.0,342.5
Central,2,2x4,10,2024-03-21,330.0,340.0
Central,2,2x4,10,2024-03-28,320.0,333.75
Central,2,2x4,10,2024-04-04,300.0,322.5
Central,2,2x4,10,2024-04-11,275.0,306.25
Central,2,2x4,10,2024-04-18,270.0,291.25
Central,2,2x4,10,2024-04-25,270.0,278.75
Central,2,2x4,10,2024-05-02,270.0,271.25
Central,2,2x4,10,2024-05-09,280.0,272.5
Central,2,2x4,10,2024-05-16,290.0,277.5
Central,2,2x4,10,2024-05-30,295.0,283.75
Central,2,2x4,10,2024-06-06,290.0,288.75
Central,2,2x4,10,2024-06-13,285.0,290.0
Central,2,2x4,10,2024-06-20,280.0,287.5
Central,2,2x4,10,2024-06-27,270.0,281.25
Central,2,2x4,10,2024-07-04,265.0,275.0
Central,2,2x4,10,2024-07-11,260.0,268.75
Central,2,2x4,10,2024-07-18,260.0,263.75
Central,2,2x4,10,2024-07-25,265.0,262.5
Central,2,2x4,10,2024-08-01,270.0,263.75
Central,2,2x4,10,2024-08-08,275.0,267.5
Central,2,2x4,10,2024-08-15,275.0,271.25
Central,2,2x4,10,2024-08-22,275.0,273.75
Central,2,2x4,10,2024-08-29,275.0,275.0
Central,2,2x4,10,2024-09-05,275.0,275.0
Central,2,2x4,10,2024-09-12,275.0,275.0
Central,2,2x4,10,2024-09-20,275.0,275.0
Central,2,2x4,10,2024-09-27,285.0,277.5
Central,2,2x4,10,2024-10-04,300.0,283.75
Central,2,2x4,10,2024-10-11,325.0,296.25
Central,2,2x4,10,2024-10-18,350.0,315.0
Central,2,2x4,10,2024-10-25,370.0,336.25
Central,2,2x4,10,2024-11-01,370.0,353.75
Central,2,2x4,10,2024-11-08,355.0,361.25
Central,2,2x4,10,2024-11-15,335.0,357.5
Central,2,2x4,10,2024-11-22,315.0,343.75
Central,2,2x4,10,2024-11-27,300.0,326.25
Central,2,2x4,10,2024-12-06,285.0,308.75
Central,2,2x4,10,2024-12-13,280.0,295.0
Central,2,2x4,10,2024-12-20,300.0,291.25
Central,2,2x4,10,2025-01-03,325.0,297.5
Central,2,2x4,10,2025-01-10,340.0,311.25
Central,2,2x4,10,2025-01-17,350.0,328.75
Central,2,2x4,10,2025-01-24,350.0,341.25
Central,2,2x4,10,2025-01-31,340.0,345.0
Central,2,2x4,10,2025-02-07,355.0,348.75
Central,2,2x4,10,2025-02-14,365.0,352.5
Central,2,2x4,10,2025-02-21,375.0,358.75
Central,2,2x4,10,2025-02-28,375.0,367.5
Central,2,2x4,10,2025-03-07,385.0,375.0
Central,2,2x4,10,2025-03-14,390.0,381.25
Central,2,2x4,10,2025-03-21,400.0,387.5
Central,2,2x4,10,2025-03-28,405.0,395.0
Central,2,2x4,10,2025-04-04,410.0,401.25
Central,2,2x4,10,2025-04-11,420.0,408.75
Central,2,2x4,10,2025-04-18,430.0,416.25
Central,2,2x4,10,2025-04-25,440.0,425.0
Central,2,2x4,10,2025-05-02,445.0,433.75
Central,2,2x4,10,2025-05-09,435.0,437.5
Central,2,2x4,10,2025-05-16,420.0,435.0
Central,2,2x4,10,2025-05-23,385.0,421.25
Central,2,2x4,10,2025-05-30,360.0,400.0
Central,2,2x4,10,2025-06-06,335.0,375.0
Central,2,2x4,10,2025-06-13,310.0,347.5
Central,2,2x4,10,2025-06-19,300.0,326.25
Central,2,2x4,10,2025-06-27,295.0,310.0
Central,2,2x4,10,2025-07-03,290.0,298.75
Central,2,2x4,10,2025-07-11,295.0,295.0
Central,2,2x4,10,2025-07-18,300.0,295.0
Central,2,2x4,10,2025-07-25,305.0,297.5
Central,2,2x4,10,2025-08-01,310.0,302.5
Central,2,2x4,10,2025-08-08,310.0,306.25
Central,2,2x4,10,2025-08-15,305.0,307.5
Central,2,2x4,10,2025-08-22,290.0,303.75
Central,2,2x4,10,2025-08-29,270.0,293.75
Central,2,2x4,10,2025-09-05,270.0,283.75
Central,2,2x4,10,2025-09-12,270.0,275.0
Central,2,2x4,10,2025-09-19,270.0,270.0
Central,2,2x4,10,2025-09-26,270.0,270.0
Central,2,2x4,10,2025-10-03,275.0,271.25
Central,2,2x4,10,2025-10-10,285.0,275.0
Central,2,2x4,10,2025-10-17,295.0,281.25
Central,2,2x4,12,2024-01-12,420.0,420.0
Central,2,2x4,12,2024-01-18,405.0,412.5
Central,2,2x4,12,2024-01-25,385.0,403.3333333333333
Central,2,2x4,12,2024-02-08,345.0,388.75
Central,2,2x4,12,2024-02-15,345.0,370.0
Central,2,2x4,12,2024-02-22,345.0,355.0
Central,2,2x4,12,2024-02-29,350.0,346.25
Central,2,2x4,12,2024-03-07,350.0,347.5
Central,2,2x4,12,2024-03-14,345.0,347.5
Central,2,2x4,12,2024-03-21,335.0,345.0
Central,2,2x4,12,2024-03-28,325.0,338.75
Central,2,2x4,12,2024-04-04,300.0,326.25
Central,2,2x4,12,2024-04-11,285.0,311.25
Central,2,2x4,12,2024-04-18,270.0,295.0
Central,2,2x4,12,2024-04-25,270.0,281.25
Central,2,2x4,12,2024-05-02,275.0,275.0
Central,2,2x4,12,2024-05-09,280.0,273.75
Central,2,2x4,12,2024-05-16,295.0,280.0
Central,2,2x4,12,2024-05-30,300.0,287.5
Central,2,2x4,12,2024-06-06,295.0,292.5
Central,2,2x4,12,2024-06-13,290.0,295.0
Central,2,2x4,12,2024-06-20,285.0,292.5
Central,2,2x4,12,2024-06-27,275.0,286.25
Central,2,2x4,12,2024-07-04,270.0,280.0
Central,2,2x4,12,2024-07-11,265.0,273.75
Central,2,2x4,12,2024-07-18,270.0,270.0
Central,2,2x4,12,2024-07-25,275.0,270.0
Central,2,2x4,12,2024-08-01,280.0,272.5
Central,2,2x4,12,2024-08-08,285.0,277.5
Central,2,2x4,12,2024-08-15,285.0,281.25
Central,2,2x4,12,2024-08-22,285.0,283.75
Central,2,2x4,12,2024-08-29,285.0,285.0
Central,2,2x4,12,2024-09-05,285.0,285.0
Central,2,2x4,12,2024-09-12,285.0,285.0
Central,2,2x4,12,2024-09-20,285.0,285.0
Central,2,2x4,12,2024-09-27,300.0,288.75
Central,2,2x4,12,2024-10-04,320.0,297.5
Central,2,2x4,12,2024-10-11,345.0,312.5
Central,2,2x4,12,2024-10-18,360.0,331.25
Central,2,2x4,12,2024-10-25,375.0,350.0
Central,2,2x4,12,2024-11-01,375.0,363.75
Central,2,2x4,12,2024-11-08,360.0,367.5
Central,2,2x4,12,2024-11-15,340.0,362.5
Central,2,2x4,12,2024-11-22,315.0,347.5
Central,2,2x4,12,2024-11-27,300.0,328.75
Central,2,2x4,12,2024-12-06,285.0,310.0
Central,2,2x4,12,2024-12-13,280.0,295.0
Central,2,2x4,12,2024-12-20,295.0,290.0
Central,2,2x4,12,2025-01-03,325.0,296.25
Central,2,2x4,12,2025-01-10,340.0,310.0
Central,2,2x4,12,2025-01-17,350.0,327.5
Central,2,2x4,12,2025-01-24,345.0,340.0
Central,2,2x4,12,2025-01-31,345.0,345.0
Central,2,2x4,12,2025-02-07,350.0,347.5
Central,2,2x4,12,2025-02-14,360.0,350.0
Central,2,2x4,12,2025-02-21,365.0,355.0
Central,2,2x4,12,2025-02-28,370.0,361.25
Central,2,2x4,12,2025-03-07,385.0,370.0
Central,2,2x4,12,2025-03-14,395.0,378.75
Central,2,2x4,12,2025-03-21,400.0,387.5
Central,2,2x4,12,2025-03-28,405.0,396.25
Central,2,2x4,12,2025-04-04,415.0,403.75
Central,2,2x4,12,2025-04-11,425.0,411.25
Central,2,2x4,12,2025-04-18,440.0,421.25
Central,2,2x4,12,2025-04-25,450.0,432.5
Central,2,2x4,12,2025-05-02,440.0,438.75
Central,2,2x4,12,2025-05-09,430.0,440.0
Central,2,2x4,12,2025-05-16,415.0,433.75
Central,2,2x4,12,2025-05-23,390.0,418.75
Central,2,2x4,12,2025-05-30,365.0,400.0
Central,2,2x4,12,2025-06-06,335.0,376.25
Central,2,2x4,12,2025-06-13,310.0,350.0
Central,2,2x4,12,2025-06-19,300.0,327.5
Central,2,2x4,12,2025-06-27,290.0,308.75
Central,2,2x4,12,2025-07-03,290.0,297.5
Central,2,2x4,12,2025-07-11,295.0,293.75
Central,2,2x4,12,2025-07-18,305.0,295.0
Central,2,2x4,12,2025-07-25,310.0,300.0
Central,2,2x4,12,2025-08-01,310.0,305.0
Central,2,2x4,12,2025-08-08,310.0,308.75
Central,2,2x4,12,2025-08-15,310.0,310.0
Central,2,2x4,12,2025-08-22,300.0,307.5
Central,2,2x4,12,2025-08-29,280.0,300.0
Central,2,2x4,12,2025-09-05,275.0,291.25
Central,2,2x4,12,2025-09-12,270.0,281.25
Central,2,2x4,12,2025-09-19,275.0,275.0
Central,2,2x4,12,2025-09-26,275.0,273.75
Central,2,2x4,12,2025-10-03,280.0,275.0
Central,2,2x4,12,2025-10-10,285.0,278.75
Central,2,2x4,12,2025-10-17,290.0,282.5
Central,2,2x4,14,2024-01-12,435.0,435.0
Central,2,2x4,14,2024-01-18,420.0,427.5
Central,2,2x4,14,2024-01-25,400.0,418.3333333333333
Central,2,2x4,14,2024-02-08,370.0,406.25
Central,2,2x4,14,2024-02-15,375.0,391.25
Central,2,2x4,14,2024-02-22,380.0,381.25
Central,2,2x4,14,2024-02-29,380.0,376.25
Central,2,2x4,14,2024-03-07,380.0,378.75
Central,2,2x4,14,2024-03-14,380.0,380.0
Central,2,2x4,14,2024-03-21,365.0,376.25
Central,2,2x4,14,2024-03-28,355.0,370.0
Central,2,2x4,14,2024-04-04,335.0,358.75
Central,2,2x4,14,2024-04-11,310.0,341.25
Central,2,2x4,14,2024-04-18,295.0,323.75
Central,2,2x4,14,2024-04-25,295.0,308.75
Central,2,2x4,14,2024-05-02,300.0,300.0
Central,2,2x4,14,2024-05-09,310.0,300.0
Central,2,2x4,14,2024-05-16,320.0,306.25
Central,2,2x4,14,2024-05-30,330.0,315.0
Central,2,2x4,14,2024-06-06,330.0,322.5
Central,2,2x4,14,2024-06-13,325.0,326.25
Central,2,2x4,14,2024-06-20,320.0,326.25
Central,2,2x4,14,2024-06-27,315.0,322.5
Central,2,2x4,14,2024-07-04,310.0,317.5
Central,2,2x4,14,2024-07-11,310.0,313.75
Central,2,2x4,14,2024-07-18,320.0,313.75
Central,2,2x4,14,2024-07-25,330.0,317.5
Central,2,2x4,14,2024-08-01,335.0,323.75
Central,2,2x4,14,2024-08-08,340.0,331.25
Central,2,2x4,14,2024-08-15,340.0,336.25
Central,2,2x4,14,2024-08-22,345.0,340.0
Central,2,2x4,14,2024-08-29,350.0,343.75
Central,2,2x4,14,2024-09-05,350.0,346.25
Central,2,2x4,14,2024-09-12,350.0,348.75
Central,2,2x4,14,2024-09-20,355.0,351.25
Central,2,2x4,14,2024-09-27,365.0,355.0
Central,2,2x4,14,2024-10-04,385.0,363.75
Central,2,2x4,14,2024-10-11,410.0,378.75
Central,2,2x4,14,2024-10-18,430.0,397.5
Central,2,2x4,14,2024-10-25,450.0,418.75
Central,2,2x4,14,2024-11-01,455.0,436.25
Central,2,2x4,14,2024-11-08,445.0,445.0
Central,2,2x4,14,2024-11-15,425.0,443.75
Central,2,2x4,14,2024-11-22,395.0,430.0
Central,2,2x4,14,2024-11-27,375.0,410.0
Central,2,2x4,14,2024-12-06,360.0,388.75
Central,2,2x4,14,2024-12-13,350.0,370.0
Central,2,2x4,14,2024-12-20,355.0,360.0
Central,2,2x4,14,2025-01-03,380.0,361.25
Central,2,2x4,14,2025-01-10,390.0,368.75
Central,2,2x4,14,2025-01-17,390.0,378.75
Central,2,2x4,14,2025-01-24,380.0,385.0
Central,2,2x4,14,2025-01-31,370.0,382.5
Central,2,2x4,14,2025-02-07,380.0,380.0
Central,2,2x4,14,2025-02-14,390.0,380.0
Central,2,2x4,14,2025-02-21,400.0,385.0
Central,2,2x4,14,2025-02-28,405.0,393.75
Central,2,2x4,14,2025-03-07,410.0,401.25
Central,2,2x4,14,2025-03-14,415.0,407.5
Central,2,2x4,14,2025-03-21,425.0,413.75
Central,2,2x4,14,2025-03-28,430.0,420.0
Central,2,2x4,14,2025-04-04,445.0,428.75
Central,2,2x4,14,2025-04-11,455.0,438.75
Central,2,2x4,14,2025-04-18,470.0,450.0
Central,2,2x4,14,2025-04-25,480.0,462.5
Central,2,2x4,14,2025-05-02,480.0,471.25
Central,2,2x4,14,2025-05-09,470.0,475.0
Central,2,2x4,14,2025-05-16,455.0,471.25
Central,2,2x4,14,2025-05-23,430.0,458.75
Central,2,2x4,14,2025-05-30,410.0,441.25
Central,2,2x4,14,2025-06-06,385.0,420.0
Central,2,2x4,14,2025-06-13,365.0,397.5
Central,2,2x4,14,2025-06-19,350.0,377.5
Central,2,2x4,14,2025-06-27,340.0,360.0
Central,2,2x4,14,2025-07-03,330.0,346.25
Central,2,2x4,14,2025-07-11,340.0,340.0
Central,2,2x4,14,2025-07-18,345.0,338.75
Central,2,2x4,14,2025-07-25,350.0,341.25
Central,2,2x4,14,2025-08-01,355.0,347.5
Central,2,2x4,14,2025-08-08,355.0,351.25
Central,2,2x4,14,2025-08-15,350.0,352.5
Central,2,2x4,14,2025-08-22,330.0,347.5
Central,2,2x4,14,2025-08-29,315.0,337.5
Central,2,2x4,14,2025-09-05,305.0,325.0
Central,2,2x4,14,2025-09-12,300.0,312.5
Central,2,2x4,14,2025-09-19,300.0,305.0
Central,2,2x4,14,2025-09-26,300.0,301.25
Central,2,2x4,14,2025-10-03,305.0,301.25
Central,2,2x4,14,2025-10-10,315.0,305.0
Central,2,2x4,14,2025-10-17,325.0,311.25
Central,2,2x4,16,2024-01-12,475.0,475.0
Central,2,2x4,16,2024-01-18,460.0,467.5
Central,2,2x4,16,2024-01-25,435.0,456.6666666666667
Central,2,2x4,16,2024-02-08,395.0,441.25
Central,2,2x4,16,2024-02-15,400.0,422.5
Central,2,2x4,16,2024-02-22,405.0,408.75
Central,2,2x4,16,2024-02-29,405.0,401.25
Central,2,2x4,16,2024-03-07,400.0,402.5
Central,2,2x4,16,2024-03-14,400.0,402.5
Central,2,2x4,16,2024-03-21,390.0,398.75
Central,2,2x4,16,2024-03-28,380.0,392.5
Central,2,2x4,16,2024-04-04,355.0,381.25
Central,2,2x4,16,2024-04-11,335.0,365.0
Central,2,2x4,16,2024-04-18,320.0,347.5
Central,2,2x4,16,2024-04-25,320.0,332.5
Central,2,2x4,16,2024-05-02,320.0,323.75
Central,2,2x4,16,2024-05-09,330.0,322.5
Central,2,2x4,16,2024-05-16,340.0,327.5
Central,2,2x4,16,2024-05-30,350.0,335.0
Central,2,2x4,16,2024-06-06,360.0,345.0
Central,2,2x4,16,2024-06-13,355.0,351.25
Central,2,2x4,16,2024-06-20,350.0,353.75
Central,2,2x4,16,2024-06-27,345.0,352.5
Central,2,2x4,16,2024-07-04,345.0,348.75
Central,2,2x4,16,2024-07-11,345.0,346.25
Central,2,2x4,16,2024-07-18,350.0,346.25
Central,2,2x4,16,2024-07-25,365.0,351.25
Central,2,2x4,16,2024-08-01,375.0,358.75
Central,2,2x4,16,2024-08-08,380.0,367.5
Central,2,2x4,16,2024-08-15,385.0,376.25
Central,2,2x4,16,2024-08-22,395.0,383.75
Central,2,2x4,16,2024-08-29,400.0,390.0
Central,2,2x4,16,2024-09-05,405.0,396.25
Central,2,2x4,16,2024-09-12,410.0,402.5
Central,2,2x4,16,2024-09-20,415.0,407.5
Central,2,2x4,16,2024-09-27,430.0,415.0
Central,2,2x4,16,2024-10-04,450.0,426.25
Central,2,2x4,16,2024-10-11,475.0,442.5
Central,2,2x4,16,2024-10-18,495.0,462.5
Central,2,2x4,16,2024-10-25,505.0,481.25
Central,2,2x4,16,2024-11-01,505.0,495.0
Central,2,2x4,16,2024-11-08,485.0,497.5
Central,2,2x4,16,2024-11-15,460.0,488.75
Central,2,2x4,16,2024-11-22,425.0,468.75
Central,2,2x4,16,2024-11-27,405.0,443.75
Central,2,2x4,16,2024-12-06,380.0,417.5
Central,2,2x4,16,2024-12-13,370.0,395.0
Central,2,2x4,16,2024-12-20,380.0,383.75
Central,2,2x4,16,2025-01-03,405.0,383.75
Central,2,2x4,16,2025-01-10,410.0,391.25
Central,2,2x4,16,2025-01-17,410.0,401.25
Central,2,2x4,16,2025-01-24,405.0,407.5
Central,2,2x4,16,2025-01-31,400.0,406.25
Central,2,2x4,16,2025-02-07,410.0,406.25
Central,2,2x4,16,2025-02-14,420.0,408.75
Central,2,2x4,16,2025-02-21,420.0,412.5
Central,2,2x4,16,2025-02-28,410.0,415.0
Central,2,2x4,16,2025-03-07,420.0,417.5
Central,2,2x4,16,2025-03-14,430.0,420.0
Central,2,2x4,16,2025-03-21,435.0,423.75
Central,2,2x4,16,2025-03-28,440.0,431.25
Central,2,2x4,16,2025-04-04,460.0,441.25
Central,2,2x4,16,2025-04-11,470.0,451.25
Central,2,2x4,16,2025-04-18,485.0,463.75
Central,2,2x4,16,2025-04-25,500.0,478.75
Central,2,2x4,16,2025-05-02,510.0,491.25
Central,2,2x4,16,2025-05-09,510.0,501.25
Central,2,2x4,16,2025-05-16,495.0,503.75
Central,2,2x4,16,2025-05-23,475.0,497.5
Central,2,2x4,16,2025-05-30,450.0,482.5
Central,2,2x4,16,2025-06-06,425.0,461.25
Central,2,2x4,16,2025-06-13,400.0,437.5
Central,2,2x4,16,2025-06-19,385.0,415.0
Central,2,2x4,16,2025-06-27,375.0,396.25
Central,2,2x4,16,2025-07-03,370.0,382.5
Central,2,2x4,16,2025-07-11,375.0,376.25
Central,2,2x4,16,2025-07-18,380.0,375.0
Central,2,2x4,16,2025-07-25,385.0,377.5
Central,2,2x4,16,2025-08-01,390.0,382.5
Central,2,2x4,16,2025-08-08,385.0,385.0
Central,2,2x4,16,2025-08-15,375.0,383.75
Central,2,2x4,16,2025-08-22,355.0,376.25
Central,2,2x4,16,2025-08-29,330.0,361.25
Central,2,2x4,16,2025-09-05,315.0,343.75
Central,2,2x4,16,2025-09-12,305.0,326.25
Central,2,2x4,16,2025-09-19,310.0,315.0
Central,2,2x4,16,2025-09-26,315.0,311.25
Central,2,2x4,16,2025-10-03,325.0,313.75
Central,2,2x4,16,2025-10-10,335.0,321.25
Central,2,2x4,16,2025-10-17,340.0,328.75
Central,2,2x4,18,2024-01-12,400.0,400.0
Central,2,2x4,18,2024-01-18,385.0,392.5
Central,2,2x4,18,2024-01-25,370.0,385.0
Central,2,2x4,18,2024-02-08,340.0,373.75
Central,2,2x4,18,2024-02-15,350.0,361.25
Central,2,2x4,18,2024-02-22,360.0,355.0
Central,2,2x4,18,2024-02-29,370.0,355.0
Central,2,2x4,18,2024-03-07,370.0,362.5
Central,2,2x4,18,2024-03-14,365.0,366.25
Central,2,2x4,18,2024-03-21,350.0,363.75
Central,2,2x4,18,2024-03-28,340.0,356.25
Central,2,2x4,18,2024-04-04,320.0,343.75
Central,2,2x4,18,2024-04-11,295.0,326.25
Central,2,2x4,18,2024-04-18,280.0,308.75
Central,2,2x4,18,2024-04-25,280.0,293.75
Central,2,2x4,18,2024-05-02,280.0,283.75
Central,2,2x4,18,2024-05-09,285.0,281.25
Central,2,2x4,18,2024-05-16,295.0,285.0
Central,2,2x4,18,2024-05-30,305.0,291.25
Central,2,2x4,18,2024-06-06,305.0,297.5
Central,2,2x4,18,2024-06-13,300.0,301.25
Central,2,2x4,18,2024-06-20,295.0,301.25
Central,2,2x4,18,2024-06-27,285.0,296.25
Central,2,2x4,18,2024-07-04,285.0,291.25
Central,2,2x4,18,2024-07-11,285.0,287.5
Central,2,2x4,18,2024-07-18,290.0,286.25
Central,2,2x4,18,2024-07-25,295.0,288.75
Central,2,2x4,18,2024-08-01,295.0,291.25
Central,2,2x4,18,2024-08-08,300.0,295.0
Central,2,2x4,18,2024-08-15,300.0,297.5
Central,2,2x4,18,2024-08-22,300.0,298.75
Central,2,2x4,18,2024-08-29,300.0,300.0
Central,2,2x4,18,2024-09-05,300.0,300.0
Central,2,2x4,18,2024-09-12,305.0,301.25
Central,2,2x4,18,2024-09-20,305.0,302.5
Central,2,2x4,18,2024-09-27,315.0,306.25
Central,2,2x4,18,2024-10-04,335.0,315.0
Central,2,2x4,18,2024-10-11,360.0,328.75
Central,2,2x4,18,2024-10-18,385.0,348.75
Central,2,2x4,18,2024-10-25,400.0,370.0
Central,2,2x4,18,2024-11-01,400.0,386.25
Central,2,2x4,18,2024-11-08,385.0,392.5
Central,2,2x4,18,2024-11-15,370.0,388.75
Central,2,2x4,18,2024-11-22,345.0,375.0
Central,2,2x4,18,2024-11-27,330.0,357.5
Central,2,2x4,18,2024-12-06,315.0,340.0
Central,2,2x4,18,2024-12-13,305.0,323.75
Central,2,2x4,18,2024-12-20,315.0,316.25
Central,2,2x4,18,2025-01-03,335.0,317.5
Central,2,2x4,18,2025-01-10,340.0,323.75
Central,2,2x4,18,2025-01-17,345.0,333.75
Central,2,2x4,18,2025-01-24,345.0,341.25
Central,2,2x4,18,2025-01-31,340.0,342.5
Central,2,2x4,18,2025-02-07,350.0,345.0
Central,2,2x4,18,2025-02-14,360.0,348.75
Central,2,2x4,18,2025-02-21,365.0,353.75
Central,2,2x4,18,2025-02-28,370.0,361.25
Central,2,2x4,18,2025-03-07,375.0,367.5
Central,2,2x4,18,2025-03-14,380.0,372.5
Central,2,2x4,18,2025-03-21,385.0,377.5
Central,2,2x4,18,2025-03-28,390.0,382.5
Central,2,2x4,18,2025-04-04,400.0,388.75
Central,2,2x4,18,2025-04-11,410.0,396.25
Central,2,2x4,18,2025-04-18,425.0,406.25
Central,2,2x4,18,2025-04-25,435.0,417.5
Central,2,2x4,18,2025-05-02,440.0,427.5
Central,2,2x4,18,2025-05-09,435.0,433.75
Central,2,2x4,18,2025-05-16,420.0,432.5
Central,2,2x4,18,2025-05-23,395.0,422.5
Central,2,2x4,18,2025-05-30,365.0,403.75
Central,2,2x4,18,2025-06-06,345.0,381.25
Central,2,2x4,18,2025-06-13,335.0,360.0
Central,2,2x4,18,2025-06-19,325.0,342.5
Central,2,2x4,18,2025-06-27,315.0,330.0
Central,2,2x4,18,2025-07-03,310.0,321.25
Central,2,2x4,18,2025-07-11,320.0,317.5
Central,2,2x4,18,2025-07-18,330.0,318.75
Central,2,2x4,18,2025-07-25,335.0,323.75
Central,2,2x4,18,2025-08-01,340.0,331.25
Central,2,2x4,18,2025-08-08,340.0,336.25
Central,2,2x4,18,2025-08-15,335.0,337.5
Central,2,2x4,18,2025-08-22,330.0,336.25
Central,2,2x4,18,2025-08-29,310.0,328.75
Central,2,2x4,18,2025-09-05,310.0,321.25
Central,2,2x4,18,2025-09-12,310.0,315.0
Central,2,2x4,18,2025-09-19,310.0,310.0
Central,2,2x4,18,2025-09-26,315.0,311.25
Central,2,2x4,18,2025-10-03,325.0,315.0
Central,2,2x4,18,2025-10-10,335.0,321.25
Central,2,2x4,18,2025-10-17,335.0,327.5
Central,2,2x4,20,2024-01-12,430.0,430.0
Central,2,2x4,20,2024-01-18,415.0,422.5
Central,2,2x4,20,2024-01-25,400.0,415.0
Central,2,2x4,20,2024-02-08,375.0,405.0
Central,2,2x4,20,2024-02-15,375.0,391.25
Central,2,2x4,20,2024-02-22,375.0,381.25
Central,2,2x4,20,2024-02-29,375.0,375.0
Central,2,2x4,20,2024-03-07,375.0,375.0
Central,2,2x4,20,2024-03-14,375.0,375.0
Central,2,2x4,20,2024-03-21,365.0,372.5
Central,2,2x4,20,2024-03-28,355.0,367.5
Central,2,2x4,20,2024-04-04,335.0,357.5
Central,2,2x4,20,2024-04-11,315.0,342.5
Central,2,2x4,20,2024-04-18,300.0,326.25
Central,2,2x4,20,2024-04-25,300.0,312.5
Central,2,2x4,20,2024-05-02,310.0,306.25
Central,2,2x4,20,2024-05-09,315.0,306.25
Central,2,2x4,20,2024-05-16,330.0,313.75
Central,2,2x4,20,2024-05-30,340.0,323.75
Central,2,2x4,20,2024-06-06,340.0,331.25
Central,2,2x4,20,2024-06-13,335.0,336.25
Central,2,2x4,20,2024-06-20,330.0,336.25
Central,2,2x4,20,2024-06-27,320.0,331.25
Central,2,2x4,20,2024-07-04,315.0,325.0
Central,2,2x4,20,2024-07-11,315.0,320.0
Central,2,2x4,20,2024-07-18,320.0,317.5
Central,2,2x4,20,2024-07-25,325.0,318.75
Central,2,2x4,20,2024-08-01,325.0,321.25
Central,2,2x4,20,2024-08-08,330.0,325.0
Central,2,2x4,20,2024-08-15,330.0,327.5
Central,2,2x4,20,2024-08-22,330.0,328.75
Central,2,2x4,20,2024-08-29,330.0,330.0
Central,2,2x4,20,2024-09-05,330.0,330.0
Central,2,2x4,20,2024-09-12,330.0,330.0
Central,2,2x4,20,2024-09-20,335.0,331.25
Central,2,2x4,20,2024-09-27,340.0,333.75
Central,2,2x4,20,2024-10-04,355.0,340.0
Central,2,2x4,20,2024-10-11,380.0,352.5
Central,2,2x4,20,2024-10-18,400.0,368.75
Central,2,2x4,20,2024-10-25,415.0,387.5
Central,2,2x4,20,2024-11-01,415.0,402.5
Central,2,2x4,20,2024-11-08,410.0,410.0
Central,2,2x4,20,2024-11-15,385.0,406.25
Central,2,2x4,20,2024-11-22,360.0,392.5
Central,2,2x4,20,2024-11-27,340.0,373.75
Central,2,2x4,20,2024-12-06,315.0,350.0
Central,2,2x4,20,2024-12-13,305.0,330.0
Central,2,2x4,20,2024-12-20,320.0,320.0
Central,2,2x4,20,2025-01-03,340.0,320.0
Central,2,2x4,20,2025-01-10,350.0,328.75
Central,2,2x4,20,2025-01-17,355.0,341.25
Central,2,2x4,20,2025-01-24,355.0,350.0
Central,2,2x4,20,2025-01-31,345.0,351.25
Central,2,2x4,20,2025-02-07,355.0,352.5
Central,2,2x4,20,2025-02-14,360.0,353.75
Central,2,2x4,20,2025-02-21,365.0,356.25
Central,2,2x4,20,2025-02-28,375.0,363.75
Central,2,2x4,20,2025-03-07,390.0,372.5
Central,2,2x4,20,2025-03-14,395.0,381.25
Central,2,2x4,20,2025-03-21,400.0,390.0
Central,2,2x4,20,2025-03-28,405.0,397.5
Central,2,2x4,20,2025-04-04,420.0,405.0
Central,2,2x4,20,2025-04-11,430.0,413.75
Central,2,2x4,20,2025-04-18,435.0,422.5
Central,2,2x4,20,2025-04-25,445.0,432.5
Central,2,2x4,20,2025-05-02,445.0,438.75
Central,2,2x4,20,2025-05-09,440.0,441.25
Central,2,2x4,20,2025-05-16,425.0,438.75
Central,2,2x4,20,2025-05-23,400.0,427.5
Central,2,2x4,20,2025-05-30,380.0,411.25
Central,2,2x4,20,2025-06-06,360.0,391.25
Central,2,2x4,20,2025-06-13,345.0,371.25
Central,2,2x4,20,2025-06-19,335.0,355.0
Central,2,2x4,20,2025-06-27,325.0,341.25
Central,2,2x4,20,2025-07-03,325.0,332.5
Central,2,2x4,20,2025-07-11,330.0,328.75
Central,2,2x4,20,2025-07-18,335.0,328.75
Central,2,2x4,20,2025-07-25,340.0,332.5
Central,2,2x4,20,2025-08-01,350.0,338.75
Central,2,2x4,20,2025-08-08,350.0,343.75
Central,2,2x4,20,2025-08-15,340.0,345.0
Central,2,2x4,20,2025-08-22,330.0,342.5
Central,2,2x4,20,2025-08-29,310.0,332.5
Central,2,2x4,20,2025-09-05,310.0,322.5
Central,2,2x4,20,2025-09-12,305.0,313.75
Central,2,2x4,20,2025-09-19,305.0,307.5
Central,2,2x4,20,2025-09-26,310.0,307.5
Central,2,2x4,20,2025-10-03,325.0,311.25
Central,2,2x4,20,2025-10-10,330.0,317.5
Central,2,2x4,20,2025-10-17,335.0,325.0
Central,2,2x6,8,2024-01-12,275.0,275.0
Central,2,2x6,8,2024-01-18,275.0,275.0
Central,2,2x6,8,2024-01-25,265.0,271.6666666666667
Central,2,2x6,8,2024-02-08,265.0,270.0
Central,2,2x6,8,2024-02-15,285.0,272.5
Central,2,2x6,8,2024-02-22,295.0,277.5
Central,2,2x6,8,2024-02-29,300.0,286.25
Central,2,2x6,8,2024-03-07,300.0,295.0
Central,2,2x6,8,2024-03-14,290.0,296.25
Central,2,2x6,8,2024-03-21,275.0,291.25
Central,2,2x6,8,2024-03-28,265.0,282.5
Central,2,2x6,8,2024-04-04,250.0,270.0
Central,2,2x6,8,2024-04-11,235.0,256.25
Central,2,2x6,8,2024-04-18,225.0,243.75
Central,2,2x6,8,2024-04-25,225.0,233.75
Central,2,2x6,8,2024-05-02,235.0,230.0
Central,2,2x6,8,2024-05-09,240.0,231.25
Central,2,2x6,8,2024-05-16,250.0,237.5
Central,2,2x6,8,2024-05-30,265.0,247.5
Central,2,2x6,8,2024-06-06,255.0,252.5
Central,2,2x6,8,2024-06-13,240.0,252.5
Central,2,2x6,8,2024-06-20,220.0,245.0
Central,2,2x6,8,2024-06-27,220.0,233.75
Central,2,2x6,8,2024-07-04,220.0,225.0
Central,2,2x6,8,2024-07-11,225.0,221.25
Central,2,2x6,8,2024-07-18,240.0,226.25
Central,2,2x6,8,2024-07-25,250.0,233.75
Central,2,2x6,8,2024-08-01,260.0,243.75
Central,2,2x6,8,2024-08-08,260.0,252.5
Central,2,2x6,8,2024-08-15,255.0,256.25
Central,2,2x6,8,2024-08-22,245.0,255.0
Central,2,2x6,8,2024-08-29,235.0,248.75
Central,2,2x6,8,2024-09-05,225.0,240.0
Central,2,2x6,8,2024-09-12,230.0,233.75
Central,2,2x6,8,2024-09-20,240.0,232.5
Central,2,2x6,8,2024-09-27,250.0,236.25
Central,2,2x6,8,2024-10-04,270.0,247.5
Central,2,2x6,8,2024-10-11,300.0,265.0
Central,2,2x6,8,2024-10-18,320.0,285.0
Central,2,2x6,8,2024-10-25,340.0,307.5
Central,2,2x6,8,2024-11-01,340.0,325.0
Central,2,2x6,8,2024-11-08,340.0,335.0
Central,2,2x6,8,2024-11-15,335.0,338.75
Central,2,2x6,8,2024-11-22,325.0,335.0
Central,2,2x6,8,2024-11-27,310.0,327.5
Central,2,2x6,8,2024-12-06,305.0,318.75
Central,2,2x6,8,2024-12-13,315.0,313.75
Central,2,2x6,8,2024-12-20,330.0,315.0
Central,2,2x6,8,2025-01-03,360.0,327.5
Central,2,2x6,8,2025-01-10,370.0,343.75
Central,2,2x6,8,2025-01-17,370.0,357.5
Central,2,2x6,8,2025-01-24,355.0,363.75
Central,2,2x6,8,2025-01-31,345.0,360.0
Central,2,2x6,8,2025-02-07,350.0,355.0
Central,2,2x6,8,2025-02-14,355.0,351.25
Central,2,2x6,8,2025-02-21,355.0,351.25
Central,2,2x6,8,2025-02-28,355.0,353.75
Central,2,2x6,8,2025-03-07,355.0,355.0
Central,2,2x6,8,2025-03-14,355.0,355.0
Central,2,2x6,8,2025-03-21,355.0,355.0
Central,2,2x6,8,2025-03-28,345.0,352.5
Central,2,2x6,8,2025-04-04,340.0,348.75
Central,2,2x6,8,2025-04-11,340.0,345.0
Central,2,2x6,8,2025-04-18,340.0,341.25
Central,2,2x6,8,2025-04-25,345.0,341.25
Central,2,2x6,8,2025-05-02,335.0,340.0
Central,2,2x6,8,2025-05-09,315.0,333.75
Central,2,2x6,8,2025-05-16,290.0,321.25
Central,2,2x6,8,2025-05-23,270.0,302.5
Central,2,2x6,8,2025-05-30,260.0,283.75
Central,2,2x6,8,2025-06-06,250.0,267.5
Central,2,2x6,8,2025-06-13,250.0,257.5
Central,2,2x6,8,2025-06-19,255.0,253.75
Central,2,2x6,8,2025-06-27,265.0,255.0
Central,2,2x6,8,2025-07-03,275.0,261.25
Central,2,2x6,8,2025-07-11,280.0,268.75
Central,2,2x6,8,2025-07-18,290.0,277.5
Central,2,2x6,8,2025-07-25,295.0,285.0
Central,2,2x6,8,2025-08-01,300.0,291.25
Central,2,2x6,8,2025-08-08,300.0,296.25
Central,2,2x6,8,2025-08-15,290.0,296.25
Central,2,2x6,8,2025-08-22,275.0,291.25
Central,2,2x6,8,2025-08-29,255.0,280.0
Central,2,2x6,8,2025-09-05,240.0,265.0
Central,2,2x6,8,2025-09-12,240.0,252.5
Central,2,2x6,8,2025-09-19,250.0,246.25
Central,2,2x6,8,2025-09-26,255.0,246.25
Central,2,2x6,8,2025-10-03,260.0,251.25
Central,2,2x6,8,2025-10-10,270.0,258.75
Central,2,2x6,8,2025-10-17,280.0,266.25
Central,2,2x6,10,2024-01-12,365.0,365.0
Central,2,2x6,10,2024-01-18,355.0,360.0
Central,2,2x6,10,2024-01-25,345.0,355.0
Central,2,2x6,10,2024-02-08,345.0,352.5
Central,2,2x6,10,2024-02-15,355.0,350.0
Central,2,2x6,10,2024-02-22,355.0,350.0
Central,2,2x6,10,2024-02-29,360.0,353.75
Central,2,2x6,10,2024-03-07,360.0,357.5
Central,2,2x6,10,2024-03-14,360.0,358.75
Central,2,2x6,10,2024-03-21,350.0,357.5
Central,2,2x6,10,2024-03-28,340.0,352.5
Central,2,2x6,10,2024-04-04,315.0,341.25
Central,2,2x6,10,2024-04-11,295.0,325.0
Central,2,2x6,10,2024-04-18,280.0,307.5
Central,2,2x6,10,2024-04-25,280.0,292.5
Central,2,2x6,10,2024-05-02,280.0,283.75
Central,2,2x6,10,2024-05-09,280.0,280.0
Central,2,2x6,10,2024-05-16,285.0,281.25
Central,2,2x6,10,2024-05-30,295.0,285.0
Central,2,2x6,10,2024-06-06,285.0,286.25
Central,2,2x6,10,2024-06-13,270.0,283.75
Central,2,2x6,10,2024-06-20,250.0,275.0
Central,2,2x6,10,2024-06-27,240.0,261.25
Central,2,2x6,10,2024-07-04,240.0,250.0
Central,2,2x6,10,2024-07-11,240.0,242.5
Central,2,2x6,10,2024-07-18,255.0,243.75
Central,2,2x6,10,2024-07-25,265.0,250.0
Central,2,2x6,10,2024-08-01,270.0,257.5
Central,2,2x6,10,2024-08-08,270.0,265.0
Central,2,2x6,10,2024-08-15,260.0,266.25
Central,2,2x6,10,2024-08-22,255.0,263.75
Central,2,2x6,10,2024-08-29,245.0,257.5
Central,2,2x6,10,2024-09-05,245.0,251.25
Central,2,2x6,10,2024-09-12,245.0,247.5
Central,2,2x6,10,2024-09-20,250.0,246.25
Central,2,2x6,10,2024-09-27,260.0,250.0
Central,2,2x6,10,2024-10-04,280.0,258.75
Central,2,2x6,10,2024-10-11,310.0,275.0
Central,2,2x6,10,2024-10-18,335.0,296.25
Central,2,2x6,10,2024-10-25,355.0,320.0
Central,2,2x6,10,2024-11-01,355.0,338.75
Central,2,2x6,10,2024-11-08,350.0,348.75
Central,2,2x6,10,2024-11-15,345.0,351.25
Central,2,2x6,10,2024-11-22,335.0,346.25
Central,2,2x6,10,2024-11-27,325.0,338.75
Central,2,2x6,10,2024-12-06,315.0,330.0
Central,2,2x6,10,2024-12-13,325.0,325.0
Central,2,2x6,10,2024-12-20,345.0,327.5
Central,2,2x6,10,2025-01-03,380.0,341.25
Central,2,2x6,10,2025-01-10,395.0,361.25
Central,2,2x6,10,2025-01-17,395.0,378.75
Central,2,2x6,10,2025-01-24,380.0,387.5
Central,2,2x6,10,2025-01-31,365.0,383.75
Central,2,2x6,10,2025-02-07,375.0,378.75
Central,2,2x6,10,2025-02-14,380.0,375.0
Central,2,2x6,10,2025-02-21,385.0,376.25
Central,2,2x6,10,2025-02-28,385.0,381.25
Central,2,2x6,10,2025-03-07,385.0,383.75
Central,2,2x6,10,2025-03-14,380.0,383.75
Central,2,2x6,10,2025-03-21,375.0,381.25
Central,2,2x6,10,2025-03-28,365.0,376.25
Central,2,2x6,10,2025-04-04,355.0,368.75
Central,2,2x6,10,2025-04-11,355.0,362.5
Central,2,2x6,10,2025-04-18,355.0,357.5
Central,2,2x6,10,2025-04-25,360.0,356.25
Central,2,2x6,10,2025-05-02,355.0,356.25
Central,2,2x6,10,2025-05-09,335.0,351.25
Central,2,2x6,10,2025-05-16,300.0,337.5
Central,2,2x6,10,2025-05-23,275.0,316.25
Central,2,2x6,10,2025-05-30,265.0,293.75
Central,2,2x6,10,2025-06-06,255.0,273.75
Central,2,2x6,10,2025-06-13,255.0,262.5
Central,2,2x6,10,2025-06-19,255.0,257.5
Central,2,2x6,10,2025-06-27,265.0,257.5
Central,2,2x6,10,2025-07-03,280.0,263.75
Central,2,2x6,10,2025-07-11,290.0,272.5
Central,2,2x6,10,2025-07-18,300.0,283.75
Central,2,2x6,10,2025-07-25,305.0,293.75
Central,2,2x6,10,2025-08-01,305.0,300.0
Central,2,2x6,10,2025-08-08,305.0,303.75
Central,2,2x6,10,2025-08-15,300.0,303.75
Central,2,2x6,10,2025-08-22,285.0,298.75
Central,2,2x6,10,2025-08-29,270.0,290.0
Central,2,2x6,10,2025-09-05,260.0,278.75
Central,2,2x6,10,2025-09-12,260.0,268.75
Central,2,2x6,10,2025-09-19,260.0,262.5
Central,2,2x6,10,2025-09-26,260.0,260.0
Central,2,2x6,10,2025-10-03,265.0,261.25
Central,2,2x6,10,2025-10-10,275.0,265.0
Central,2,2x6,10,2025-10-17,285.0,271.25
Central,2,2x6,12,2024-01-12,375.0,375.0
Central,2,2x6,12,2024-01-18,365.0,370.0
Central,2,2x6,12,2024-01-25,350.0,363.3333333333333
Central,2,2x6,12,2024-02-08,355.0,361.25
Central,2,2x6,12,2024-02-15,365.0,358.75
Central,2,2x6,12,2024-02-22,375.0,361.25
Central,2,2x6,12,2024-02-29,375.0,367.5
Central,2,2x6,12,2024-03-07,375.0,372.5
Central,2,2x6,12,2024-03-14,375.0,375.0
Central,2,2x6,12,2024-03-21,370.0,373.75
Central,2,2x6,12,2024-03-28,360.0,370.0
Central,2,2x6,12,2024-04-04,340.0,361.25
Central,2,2x6,12,2024-04-11,320.0,347.5
Central,2,2x6,12,2024-04-18,305.0,331.25
Central,2,2x6,12,2024-04-25,305.0,317.5
Central,2,2x6,12,2024-05-02,305.0,308.75
Central,2,2x6,12,2024-05-09,305.0,305.0
Central,2,2x6,12,2024-05-16,310.0,306.25
Central,2,2x6,12,2024-05-30,310.0,307.5
Central,2,2x6,12,2024-06-06,300.0,306.25
Central,2,2x6,12,2024-06-13,275.0,298.75
Central,2,2x6,12,2024-06-20,255.0,285.0
Central,2,2x6,12,2024-06-27,240.0,267.5
Central,2,2x6,12,2024-07-04,240.0,252.5
Central,2,2x6,12,2024-07-11,240.0,243.75
Central,2,2x6,12,2024-07-18,260.0,245.0
Central,2,2x6,12,2024-07-25,270.0,252.5
Central,2,2x6,12,2024-08-01,280.0,262.5
Central,2,2x6,12,2024-08-08,280.0,272.5
Central,2,2x6,12,2024-08-15,270.0,275.0
Central,2,2x6,12,2024-08-22,260.0,272.5
Central,2,2x6,12,2024-08-29,255.0,266.25
Central,2,2x6,12,2024-09-05,255.0,260.0
Central,2,2x6,12,2024-09-12,255.0,256.25
Central,2,2x6,12,2024-09-20,260.0,256.25
Central,2,2x6,12,2024-09-27,275.0,261.25
Central,2,2x6,12,2024-10-04,295.0,271.25
Central,2,2x6,12,2024-10-11,325.0,288.75
Central,2,2x6,12,2024-10-18,350.0,311.25
Central,2,2x6,12,2024-10-25,370.0,335.0
Central,2,2x6,12,2024-11-01,380.0,356.25
Central,2,2x6,12,2024-11-08,375.0,368.75
Central,2,2x6,12,2024-11-15,365.0,372.5
Central,2,2x6,12,2024-11-22,350.0,367.5
Central,2,2x6,12,2024-11-27,335.0,356.25
Central,2,2x6,12,2024-12-06,325.0,343.75
Central,2,2x6,12,2024-12-13,335.0,336.25
Central,2,2x6,12,2024-12-20,355.0,337.5
Central,2,2x6,12,2025-01-03,390.0,351.25
Central,2,2x6,12,2025-01-10,400.0,370.0
Central,2,2x6,12,2025-01-17,390.0,383.75
Central,2,2x6,12,2025-01-24,375.0,388.75
Central,2,2x6,12,2025-01-31,360.0,381.25
Central,2,2x6,12,2025-02-07,365.0,372.5
Central,2,2x6,12,2025-02-14,370.0,367.5
Central,2,2x6,12,2025-02-21,375.0,367.5
Central,2,2x6,12,2025-02-28,375.0,371.25
Central,2,2x6,12,2025-03-07,375.0,373.75
Central,2,2x6,12,2025-03-14,370.0,373.75
Central,2,2x6,12,2025-03-21,365.0,371.25
Central,2,2x6,12,2025-03-28,355.0,366.25
Central,2,2x6,12,2025-04-04,345.0,358.75
Central,2,2x6,12,2025-04-11,345.0,352.5
Central,2,2x6,12,2025-04-18,350.0,348.75
Central,2,2x6,12,2025-04-25,355.0,348.75
Central,2,2x6,12,2025-05-02,350.0,350.0
Central,2,2x6,12,2025-05-09,325.0,345.0
Central,2,2x6,12,2025-05-16,295.0,331.25
Central,2,2x6,12,2025-05-23,275.0,311.25
Central,2,2x6,12,2025-05-30,265.0,290.0
Central,2,2x6,12,2025-06-06,255.0,272.5
Central,2,2x6,12,2025-06-13,255.0,262.5
Central,2,2x6,12,2025-06-19,260.0,258.75
Central,2,2x6,12,2025-06-27,275.0,261.25
Central,2,2x6,12,2025-07-03,290.0,270.0
Central,2,2x6,12,2025-07-11,300.0,281.25
Central,2,2x6,12,2025-07-18,310.0,293.75
Central,2,2x6,12,2025-07-25,315.0,303.75
Central,2,2x6,12,2025-08-01,320.0,311.25
Central,2,2x6,12,2025-08-08,320.0,316.25
Central,2,2x6,12,2025-08-15,310.0,316.25
Central,2,2x6,12,2025-08-22,295.0,311.25
Central,2,2x6,12,2025-08-29,275.0,300.0
Central,2,2x6,12,2025-09-05,265.0,286.25
Central,2,2x6,12,2025-09-12,265.0,275.0
Central,2,2x6,12,2025-09-19,265.0,267.5
Central,2,2x6,12,2025-09-26,270.0,266.25
Central,2,2x6,12,2025-10-03,275.0,268.75
Central,2,2x6,12,2025-10-10,280.0,272.5
Central,2,2x6,12,2025-10-17,290.0,278.75
Central,2,2x6,14,2024-01-12,365.0,365.0
Central,2,2x6,14,2024-01-18,350.0,357.5
Central,2,2x6,14,2024-01-25,335.0,350.0
Central,2,2x6,14,2024-02-08,345.0,348.75
Central,2,2x6,14,2024-02-15,360.0,347.5
Central,2,2x6,14,2024-02-22,370.0,352.5
Central,2,2x6,14,2024-02-29,380.0,363.75
Central,2,2x6,14,2024-03-07,380.0,372.5
Central,2,2x6,14,2024-03-14,380.0,377.5
Central,2,2x6,14,2024-03-21,375.0,378.75
Central,2,2x6,14,2024-03-28,365.0,375.0
Central,2,2x6,14,2024-04-04,345.0,366.25
Central,2,2x6,14,2024-04-11,325.0,352.5
Central,2,2x6,14,2024-04-18,310.0,336.25
Central,2,2x6,14,2024-04-25,310.0,322.5
Central,2,2x6,14,2024-05-02,310.0,313.75
Central,2,2x6,14,2024-05-09,310.0,310.0
Central,2,2x6,14,2024-05-16,315.0,311.25
Central,2,2x6,14,2024-05-30,315.0,312.5
Central,2,2x6,14,2024-06-06,305.0,311.25
Central,2,2x6,14,2024-06-13,280.0,303.75
Central,2,2x6,14,2024-06-20,260.0,290.0
Central,2,2x6,14,2024-06-27,245.0,272.5
Central,2,2x6,14,2024-07-04,240.0,256.25
Central,2,2x6,14,2024-07-11,240.0,246.25
Central,2,2x6,14,2024-07-18,255.0,245.0
Central,2,2x6,14,2024-07-25,265.0,250.0
Central,2,2x6,14,2024-08-01,270.0,257.5
Central,2,2x6,14,2024-08-08,270.0,265.0
Central,2,2x6,14,2024-08-15,260.0,266.25
Central,2,2x6,14,2024-08-22,250.0,262.5
Central,2,2x6,14,2024-08-29,245.0,256.25
Central,2,2x6,14,2024-09-05,245.0,250.0
Central,2,2x6,14,2024-09-12,245.0,246.25
Central,2,2x6,14,2024-09-20,250.0,246.25
Central,2,2x6,14,2024-09-27,260.0,250.0
Central,2,2x6,14,2024-10-04,275.0,257.5
Central,2,2x6,14,2024-10-11,305.0,272.5
Central,2,2x6,14,2024-10-18,325.0,291.25
Central,2,2x6,14,2024-10-25,345.0,312.5
Central,2,2x6,14,2024-11-01,350.0,331.25
Central,2,2x6,14,2024-11-08,350.0,342.5
Central,2,2x6,14,2024-11-15,350.0,348.75
Central,2,2x6,14,2024-11-22,340.0,347.5
Central,2,2x6,14,2024-11-27,335.0,343.75
Central,2,2x6,14,2024-12-06,330.0,338.75
Central,2,2x6,14,2024-12-13,340.0,336.25
Central,2,2x6,14,2024-12-20,360.0,341.25
Central,2,2x6,14,2025-01-03,395.0,356.25
Central,2,2x6,14,2025-01-10,405.0,375.0
Central,2,2x6,14,2025-01-17,405.0,391.25
Central,2,2x6,14,2025-01-24,385.0,397.5
Central,2,2x6,14,2025-01-31,370.0,391.25
Central,2,2x6,14,2025-02-07,370.0,382.5
Central,2,2x6,14,2025-02-14,375.0,375.0
Central,2,2x6,14,2025-02-21,375.0,372.5
Central,2,2x6,14,2025-02-28,375.0,373.75
Central,2,2x6,14,2025-03-07,375.0,375.0
Central,2,2x6,14,2025-03-14,370.0,373.75
Central,2,2x6,14,2025-03-21,365.0,371.25
Central,2,2x6,14,2025-03-28,355.0,366.25
Central,2,2x6,14,2025-04-04,345.0,358.75
Central,2,2x6,14,2025-04-11,345.0,352.5
Central,2,2x6,14,2025-04-18,350.0,348.75
Central,2,2x6,14,2025-04-25,355.0,348.75
Central,2,2x6,14,2025-05-02,350.0,350.0
Central,2,2x6,14,2025-05-09,330.0,346.25
Central,2,2x6,14,2025-05-16,295.0,332.5
Central,2,2x6,14,2025-05-23,275.0,312.5
Central,2,2x6,14,2025-05-30,265.0,291.25
Central,2,2x6,14,2025-06-06,255.0,272.5
Central,2,2x6,14,2025-06-13,255.0,262.5
Central,2,2x6,14,2025-06-19,265.0,260.0
Central,2,2x6,14,2025-06-27,275.0,262.5
Central,2,2x6,14,2025-07-03,285.0,270.0
Central,2,2x6,14,2025-07-11,295.0,280.0
Central,2,2x6,14,2025-07-18,300.0,288.75
Central,2,2x6,14,2025-07-25,305.0,296.25
Central,2,2x6,14,2025-08-01,315.0,303.75
Central,2,2x6,14,2025-08-08,315.0,308.75
Central,2,2x6,14,2025-08-15,310.0,311.25
Central,2,2x6,14,2025-08-22,295.0,308.75
Central,2,2x6,14,2025-08-29,275.0,298.75
Central,2,2x6,14,2025-09-05,265.0,286.25
Central,2,2x6,14,2025-09-12,265.0,275.0
Central,2,2x6,14,2025-09-19,265.0,267.5
Central,2,2x6,14,2025-09-26,270.0,266.25
Central,2,2x6,14,2025-10-03,280.0,270.0
Central,2,2x6,14,2025-10-10,285.0,275.0
Central,2,2x6,14,2025-10-17,295.0,282.5
Central,2,2x6,16,2024-01-12,370.0,370.0
Central,2,2x6,16,2024-01-18,360.0,365.0
Central,2,2x6,16,2024-01-25,340.0,356.6666666666667
Central,2,2x6,16,2024-02-08,350.0,355.0
Central,2,2x6,16,2024-02-15,360.0,352.5
Central,2,2x6,16,2024-02-22,370.0,355.0
Central,2,2x6,16,2024-02-29,375.0,363.75
Central,2,2x6,16,2024-03-07,375.0,370.0
Central,2,2x6,16,2024-03-14,375.0,373.75
Central,2,2x6,16,2024-03-21,365.0,372.5
Central,2,2x6,16,2024-03-28,355.0,367.5
Central,2,2x6,16,2024-04-04,330.0,356.25
Central,2,2x6,16,2024-04-11,310.0,340.0
Central,2,2x6,16,2024-04-18,300.0,323.75
Central,2,2x6,16,2024-04-25,300.0,310.0
Central,2,2x6,16,2024-05-02,300.0,302.5
Central,2,2x6,16,2024-05-09,300.0,300.0
Central,2,2x6,16,2024-05-16,310.0,302.5
Central,2,2x6,16,2024-05-30,310.0,305.0
Central,2,2x6,16,2024-06-06,300.0,305.0
Central,2,2x6,16,2024-06-13,280.0,300.0
Central,2,2x6,16,2024-06-20,260.0,287.5
Central,2,2x6,16,2024-06-27,250.0,272.5
Central,2,2x6,16,2024-07-04,240.0,257.5
Central,2,2x6,16,2024-07-11,240.0,247.5
Central,2,2x6,16,2024-07-18,255.0,246.25
Central,2,2x6,16,2024-07-25,265.0,250.0
Central,2,2x6,16,2024-08-01,275.0,258.75
Central,2,2x6,16,2024-08-08,275.0,267.5
Central,2,2x6,16,2024-08-15,265.0,270.0
Central,2,2x6,16,2024-08-22,250.0,266.25
Central,2,2x6,16,2024-08-29,245.0,258.75
Central,2,2x6,16,2024-09-05,245.0,251.25
Central,2,2x6,16,2024-09-12,245.0,246.25
Central,2,2x6,16,2024-09-20,255.0,247.5
Central,2,2x6,16,2024-09-27,270.0,253.75
Central,2,2x6,16,2024-10-04,295.0,266.25
Central,2,2x6,16,2024-10-11,325.0,286.25
Central,2,2x6,16,2024-10-18,350.0,310.0
Central,2,2x6,16,2024-10-25,370.0,335.0
Central,2,2x6,16,2024-11-01,375.0,355.0
Central,2,2x6,16,2024-11-08,375.0,367.5
Central,2,2x6,16,2024-11-15,370.0,372.5
Central,2,2x6,16,2024-11-22,355.0,368.75
Central,2,2x6,16,2024-11-27,345.0,361.25
Central,2,2x6,16,2024-12-06,330.0,350.0
Central,2,2x6,16,2024-12-13,340.0,342.5
Central,2,2x6,16,2024-12-20,360.0,343.75
Central,2,2x6,16,2025-01-03,395.0,356.25
Central,2,2x6,16,2025-01-10,410.0,376.25
Central,2,2x6,16,2025-01-17,400.0,391.25
Central,2,2x6,16,2025-01-24,385.0,397.5
Central,2,2x6,16,2025-01-31,365.0,390.0
Central,2,2x6,16,2025-02-07,370.0,380.0
Central,2,2x6,16,2025-02-14,375.0,373.75
Central,2,2x6,16,2025-02-21,375.0,371.25
Central,2,2x6,16,2025-02-28,375.0,373.75
Central,2,2x6,16,2025-03-07,375.0,375.0
Central,2,2x6,16,2025-03-14,370.0,373.75
Central,2,2x6,16,2025-03-21,365.0,371.25
Central,2,2x6,16,2025-03-28,355.0,366.25
Central,2,2x6,16,2025-04-04,350.0,360.0
Central,2,2x6,16,2025-04-11,350.0,355.0
Central,2,2x6,16,2025-04-18,355.0,352.5
Central,2,2x6,16,2025-04-25,360.0,353.75
Central,2,2x6,16,2025-05-02,355.0,355.0
Central,2,2x6,16,2025-05-09,335.0,351.25
Central,2,2x6,16,2025-05-16,305.0,338.75
Central,2,2x6,16,2025-05-23,285.0,320.0
Central,2,2x6,16,2025-05-30,275.0,300.0
Central,2,2x6,16,2025-06-06,260.0,281.25
Central,2,2x6,16,2025-06-13,260.0,270.0
Central,2,2x6,16,2025-06-19,270.0,266.25
Central,2,2x6,16,2025-06-27,280.0,267.5
Central,2,2x6,16,2025-07-03,290.0,275.0
Central,2,2x6,16,2025-07-11,300.0,285.0
Central,2,2x6,16,2025-07-18,310.0,295.0
Central,2,2x6,16,2025-07-25,315.0,303.75
Central,2,2x6,16,2025-08-01,315.0,310.0
Central,2,2x6,16,2025-08-08,315.0,313.75
Central,2,2x6,16,2025-08-15,310.0,313.75
Central,2,2x6,16,2025-08-22,295.0,308.75
Central,2,2x6,16,2025-08-29,275.0,298.75
Central,2,2x6,16,2025-09-05,265.0,286.25
Central,2,2x6,16,2025-09-12,265.0,275.0
Central,2,2x6,16,2025-09-19,270.0,268.75
Central,2,2x6,16,2025-09-26,275.0,268.75
Central,2,2x6,16,2025-10-03,280.0,272.5
Central,2,2x6,16,2025-10-10,290.0,278.75
Central,2,2x6,16,2025-10-17,300.0,286.25
Central,2,2x6,18,2024-01-12,355.0,355.0
Central,2,2x6,18,2024-01-18,345.0,350.0
Central,2,2x6,18,2024-01-25,335.0,345.0
Central,2,2x6,18,2024-02-08,340.0,343.75
Central,2,2x6,18,2024-02-15,350.0,342.5
Central,2,2x6,18,2024-02-22,360.0,346.25
Central,2,2x6,18,2024-02-29,370.0,355.0
Central,2,2x6,18,2024-03-07,375.0,363.75
Central,2,2x6,18,2024-03-14,370.0,368.75
Central,2,2x6,18,2024-03-21,360.0,368.75
Central,2,2x6,18,2024-03-28,350.0,363.75
Central,2,2x6,18,2024-04-04,325.0,351.25
Central,2,2x6,18,2024-04-11,305.0,335.0
Central,2,2x6,18,2024-04-18,290.0,317.5
Central,2,2x6,18,2024-04-25,290.0,302.5
Central,2,2x6,18,2024-05-02,290.0,293.75
Central,2,2x6,18,2024-05-09,290.0,290.0
Central,2,2x6,18,2024-05-16,295.0,291.25
Central,2,2x6,18,2024-05-30,295.0,292.5
Central,2,2x6,18,2024-06-06,285.0,291.25
Central,2,2x6,18,2024-06-13,265.0,285.0
Central,2,2x6,18,2024-06-20,245.0,272.5
Central,2,2x6,18,2024-06-27,240.0,258.75
Central,2,2x6,18,2024-07-04,235.0,246.25
Central,2,2x6,18,2024-07-11,235.0,238.75
Central,2,2x6,18,2024-07-18,245.0,238.75
Central,2,2x6,18,2024-07-25,255.0,242.5
Central,2,2x6,18,2024-08-01,265.0,250.0
Central,2,2x6,18,2024-08-08,265.0,257.5
Central,2,2x6,18,2024-08-15,260.0,261.25
Central,2,2x6,18,2024-08-22,250.0,260.0
Central,2,2x6,18,2024-08-29,245.0,255.0
Central,2,2x6,18,2024-09-05,245.0,250.0
Central,2,2x6,18,2024-09-12,245.0,246.25
Central,2,2x6,18,2024-09-20,250.0,246.25
Central,2,2x6,18,2024-09-27,260.0,250.0
Central,2,2x6,18,2024-10-04,275.0,257.5
Central,2,2x6,18,2024-10-11,305.0,272.5
Central,2,2x6,18,2024-10-18,325.0,291.25
Central,2,2x6,18,2024-10-25,345.0,312.5
Central,2,2x6,18,2024-11-01,350.0,331.25
Central,2,2x6,18,2024-11-08,340.0,340.0
Central,2,2x6,18,2024-11-15,335.0,342.5
Central,2,2x6,18,2024-11-22,320.0,336.25
Central,2,2x6,18,2024-11-27,310.0,326.25
Central,2,2x6,18,2024-12-06,305.0,317.5
Central,2,2x6,18,2024-12-13,310.0,311.25
Central,2,2x6,18,2024-12-20,330.0,313.75
Central,2,2x6,18,2025-01-03,365.0,327.5
Central,2,2x6,18,2025-01-10,375.0,345.0
Central,2,2x6,18,2025-01-17,375.0,361.25
Central,2,2x6,18,2025-01-24,365.0,370.0
Central,2,2x6,18,2025-01-31,350.0,366.25
Central,2,2x6,18,2025-02-07,355.0,361.25
Central,2,2x6,18,2025-02-14,360.0,357.5
Central,2,2x6,18,2025-02-21,370.0,358.75
Central,2,2x6,18,2025-02-28,370.0,363.75
Central,2,2x6,18,2025-03-07,370.0,367.5
Central,2,2x6,18,2025-03-14,370.0,370.0
Central,2,2x6,18,2025-03-21,370.0,370.0
Central,2,2x6,18,2025-03-28,360.0,367.5
Central,2,2x6,18,2025-04-04,350.0,362.5
Central,2,2x6,18,2025-04-11,350.0,357.5
Central,2,2x6,18,2025-04-18,355.0,353.75
Central,2,2x6,18,2025-04-25,355.0,352.5
Central,2,2x6,18,2025-05-02,350.0,352.5
Central,2,2x6,18,2025-05-09,335.0,348.75
Central,2,2x6,18,2025-05-16,305.0,336.25
Central,2,2x6,18,2025-05-23,280.0,317.5
Central,2,2x6,18,2025-05-30,265.0,296.25
Central,2,2x6,18,2025-06-06,255.0,276.25
Central,2,2x6,18,2025-06-13,255.0,263.75
Central,2,2x6,18,2025-06-19,265.0,260.0
Central,2,2x6,18,2025-06-27,275.0,262.5
Central,2,2x6,18,2025-07-03,285.0,270.0
Central,2,2x6,18,2025-07-11,295.0,280.0
Central,2,2x6,18,2025-07-18,300.0,288.75
Central,2,2x6,18,2025-07-25,305.0,296.25
Central,2,2x6,18,2025-08-01,310.0,302.5
Central,2,2x6,18,2025-08-08,310.0,306.25
Central,2,2x6,18,2025-08-15,300.0,306.25
Central,2,2x6,18,2025-08-22,285.0,301.25
Central,2,2x6,18,2025-08-29,270.0,291.25
Central,2,2x6,18,2025-09-05,260.0,278.75
Central,2,2x6,18,2025-09-12,260.0,268.75
Central,2,2x6,18,2025-09-19,265.0,263.75
Central,2,2x6,18,2025-09-26,270.0,263.75
Central,2,2x6,18,2025-10-03,280.0,268.75
Central,2,2x6,18,2025-10-10,290.0,276.25
Central,2,2x6,18,2025-10-17,290.0,282.5
Central,2,2x6,20,2024-01-12,355.0,355.0
Central,2,2x6,20,2024-01-18,340.0,347.5
Central,2,2x6,20,2024-01-25,325.0,340.0
Central,2,2x6,20,2024-02-08,330.0,337.5
Central,2,2x6,20,2024-02-15,375.0,342.5
Central,2,2x6,20,2024-02-22,350.0,345.0
Central,2,2x6,20,2024-02-29,360.0,353.75
Central,2,2x6,20,2024-03-07,365.0,362.5
Central,2,2x6,20,2024-03-14,365.0,360.0
Central,2,2x6,20,2024-03-21,355.0,361.25
Central,2,2x6,20,2024-03-28,345.0,357.5
Central,2,2x6,20,2024-04-04,320.0,346.25
Central,2,2x6,20,2024-04-11,300.0,330.0
Central,2,2x6,20,2024-04-18,290.0,313.75
Central,2,2x6,20,2024-04-25,290.0,300.0
Central,2,2x6,20,2024-05-02,290.0,292.5
Central,2,2x6,20,2024-05-09,290.0,290.0
Central,2,2x6,20,2024-05-16,295.0,291.25
Central,2,2x6,20,2024-05-30,295.0,292.5
Central,2,2x6,20,2024-06-06,285.0,291.25
Central,2,2x6,20,2024-06-13,265.0,285.0
Central,2,2x6,20,2024-06-20,245.0,272.5
Central,2,2x6,20,2024-06-27,240.0,258.75
Central,2,2x6,20,2024-07-04,240.0,247.5
Central,2,2x6,20,2024-07-11,240.0,241.25
Central,2,2x6,20,2024-07-18,250.0,242.5
Central,2,2x6,20,2024-07-25,260.0,247.5
Central,2,2x6,20,2024-08-01,265.0,253.75
Central,2,2x6,20,2024-08-08,265.0,260.0
Central,2,2x6,20,2024-08-15,260.0,262.5
Central,2,2x6,20,2024-08-22,255.0,261.25
Central,2,2x6,20,2024-08-29,245.0,256.25
Central,2,2x6,20,2024-09-05,245.0,251.25
Central,2,2x6,20,2024-09-12,245.0,247.5
Central,2,2x6,20,2024-09-20,250.0,246.25
Central,2,2x6,20,2024-09-27,260.0,250.0
Central,2,2x6,20,2024-10-04,275.0,257.5
Central,2,2x6,20,2024-10-11,305.0,272.5
Central,2,2x6,20,2024-10-18,325.0,291.25
Central,2,2x6,20,2024-10-25,345.0,312.5
Central,2,2x6,20,2024-11-01,350.0,331.25
Central,2,2x6,20,2024-11-08,350.0,342.5
Central,2,2x6,20,2024-11-15,340.0,346.25
Central,2,2x6,20,2024-11-22,320.0,340.0
Central,2,2x6,20,2024-11-27,315.0,331.25
Central,2,2x6,20,2024-12-06,315.0,322.5
Central,2,2x6,20,2024-12-13,325.0,318.75
Central,2,2x6,20,2024-12-20,345.0,325.0
Central,2,2x6,20,2025-01-03,375.0,340.0
Central,2,2x6,20,2025-01-10,385.0,357.5
Central,2,2x6,20,2025-01-17,385.0,372.5
Central,2,2x6,20,2025-01-24,375.0,380.0
Central,2,2x6,20,2025-01-31,355.0,375.0
Central,2,2x6,20,2025-02-07,365.0,370.0
Central,2,2x6,20,2025-02-14,365.0,365.0
Central,2,2x6,20,2025-02-21,365.0,362.5
Central,2,2x6,20,2025-02-28,365.0,365.0
Central,2,2x6,20,2025-03-07,370.0,366.25
Central,2,2x6,20,2025-03-14,370.0,367.5
Central,2,2x6,20,2025-03-21,365.0,367.5
Central,2,2x6,20,2025-03-28,355.0,365.0
Central,2,2x6,20,2025-04-04,345.0,358.75
Central,2,2x6,20,2025-04-11,345.0,352.5
Central,2,2x6,20,2025-04-18,345.0,347.5
Central,2,2x6,20,2025-04-25,350.0,346.25
Central,2,2x6,20,2025-05-02,350.0,347.5
Central,2,2x6,20,2025-05-09,330.0,343.75
Central,2,2x6,20,2025-05-16,305.0,333.75
Central,2,2x6,20,2025-05-23,285.0,317.5
Central,2,2x6,20,2025-05-30,275.0,298.75
Central,2,2x6,20,2025-06-06,260.0,281.25
Central,2,2x6,20,2025-06-13,260.0,270.0
Central,2,2x6,20,2025-06-19,265.0,265.0
Central,2,2x6,20,2025-06-27,280.0,266.25
Central,2,2x6,20,2025-07-03,290.0,273.75
Central,2,2x6,20,2025-07-11,295.0,282.5
Central,2,2x6,20,2025-07-18,300.0,291.25
Central,2,2x6,20,2025-07-25,305.0,297.5
Central,2,2x6,20,2025-08-01,305.0,301.25
Central,2,2x6,20,2025-08-08,305.0,303.75
Central,2,2x6,20,2025-08-15,300.0,303.75
Central,2,2x6,20,2025-08-22,290.0,300.0
Central,2,2x6,20,2025-08-29,270.0,291.25
Central,2,2x6,20,2025-09-05,260.0,280.0
Central,2,2x6,20,2025-09-12,255.0,268.75
Central,2,2x6,20,2025-09-19,255.0,260.0
Central,2,2x6,20,2025-09-26,260.0,257.5
Central,2,2x6,20,2025-10-03,265.0,258.75
Central,2,2x6,20,2025-10-10,275.0,263.75
Central,2,2x6,20,2025-10-17,285.0,271.25
Central,2,2x8,8,2024-01-12,310.0,310.0
Central,2,2x8,8,2024-01-18,300.0,305.0
Central,2,2x8,8,2024-01-25,285.0,298.3333333333333
Central,2,2x8,8,2024-02-08,290.0,296.25
Central,2,2x8,8,2024-02-15,305.0,295.0
Central,2,2x8,8,2024-02-22,310.0,297.5
Central,2,2x8,8,2024-02-29,315.0,305.0
Central,2,2x8,8,2024-03-07,320.0,312.5
Central,2,2x8,8,2024-03-14,310.0,313.75
Central,2,2x8,8,2024-03-21,305.0,312.5
Central,2,2x8,8,2024-03-28,300.0,308.75
Central,2,2x8,8,2024-04-04,285.0,300.0
Central,2,2x8,8,2024-04-11,265.0,288.75
Central,2,2x8,8,2024-04-18,250.0,275.0
Central,2,2x8,8,2024-04-25,260.0,265.0
Central,2,2x8,8,2024-05-02,265.0,260.0
Central,2,2x8,8,2024-05-09,270.0,261.25
Central,2,2x8,8,2024-05-16,270.0,266.25
Central,2,2x8,8,2024-05-30,275.0,270.0
Central,2,2x8,8,2024-06-06,270.0,271.25
Central,2,2x8,8,2024-06-13,260.0,268.75
Central,2,2x8,8,2024-06-20,245.0,262.5
Central,2,2x8,8,2024-06-27,235.0,252.5
Central,2,2x8,8,2024-07-04,230.0,242.5
Central,2,2x8,8,2024-07-11,235.0,236.25
Central,2,2x8,8,2024-07-18,240.0,235.0
Central,2,2x8,8,2024-07-25,250.0,238.75
Central,2,2x8,8,2024-08-01,255.0,245.0
Central,2,2x8,8,2024-08-08,255.0,250.0
Central,2,2x8,8,2024-08-15,250.0,252.5
Central,2,2x8,8,2024-08-22,245.0,251.25
Central,2,2x8,8,2024-08-29,235.0,246.25
Central,2,2x8,8,2024-09-05,230.0,240.0
Central,2,2x8,8,2024-09-12,235.0,236.25
Central,2,2x8,8,2024-09-20,240.0,235.0
Central,2,2x8,8,2024-09-27,250.0,238.75
Central,2,2x8,8,2024-10-04,270.0,248.75
Central,2,2x8,8,2024-10-11,295.0,263.75
Central,2,2x8,8,2024-10-18,315.0,282.5
Central,2,2x8,8,2024-10-25,330.0,302.5
Central,2,2x8,8,2024-11-01,335.0,318.75
Central,2,2x8,8,2024-11-08,330.0,327.5
Central,2,2x8,8,2024-11-15,320.0,328.75
Central,2,2x8,8,2024-11-22,310.0,323.75
Central,2,2x8,8,2024-11-27,305.0,316.25
Central,2,2x8,8,2024-12-06,300.0,308.75
Central,2,2x8,8,2024-12-13,300.0,303.75
Central,2,2x8,8,2024-12-20,315.0,305.0
Central,2,2x8,8,2025-01-03,340.0,313.75
Central,2,2x8,8,2025-01-10,350.0,326.25
Central,2,2x8,8,2025-01-17,345.0,337.5
Central,2,2x8,8,2025-01-24,335.0,342.5
Central,2,2x8,8,2025-01-31,315.0,336.25
Central,2,2x8,8,2025-02-07,315.0,327.5
Central,2,2x8,8,2025-02-14,320.0,321.25
Central,2,2x8,8,2025-02-21,320.0,317.5
Central,2,2x8,8,2025-02-28,320.0,318.75
Central,2,2x8,8,2025-03-07,320.0,320.0
Central,2,2x8,8,2025-03-14,325.0,321.25
Central,2,2x8,8,2025-03-21,325.0,322.5
Central,2,2x8,8,2025-03-28,325.0,323.75
Central,2,2x8,8,2025-04-04,325.0,325.0
Central,2,2x8,8,2025-04-11,330.0,326.25
Central,2,2x8,8,2025-04-18,340.0,330.0
Central,2,2x8,8,2025-04-25,345.0,335.0
Central,2,2x8,8,2025-05-02,350.0,341.25
Central,2,2x8,8,2025-05-09,340.0,343.75
Central,2,2x8,8,2025-05-16,320.0,338.75
Central,2,2x8,8,2025-05-23,295.0,326.25
Central,2,2x8,8,2025-05-30,275.0,307.5
Central,2,2x8,8,2025-06-06,260.0,287.5
Central,2,2x8,8,2025-06-13,260.0,272.5
Central,2,2x8,8,2025-06-19,260.0,263.75
Central,2,2x8,8,2025-06-27,265.0,261.25
Central,2,2x8,8,2025-07-03,275.0,265.0
Central,2,2x8,8,2025-07-11,285.0,271.25
Central,2,2x8,8,2025-07-18,295.0,280.0
Central,2,2x8,8,2025-07-25,300.0,288.75
Central,2,2x8,8,2025-08-01,300.0,295.0
Central,2,2x8,8,2025-08-08,300.0,298.75
Central,2,2x8,8,2025-08-15,295.0,298.75
Central,2,2x8,8,2025-08-22,285.0,295.0
Central,2,2x8,8,2025-08-29,270.0,287.5
Central,2,2x8,8,2025-09-05,260.0,277.5
Central,2,2x8,8,2025-09-12,260.0,268.75
Central,2,2x8,8,2025-09-19,260.0,262.5
Central,2,2x8,8,2025-09-26,260.0,260.0
Central,2,2x8,8,2025-10-03,265.0,261.25
Central,2,2x8,8,2025-10-10,275.0,265.0
Central,2,2x8,8,2025-10-17,280.0,270.0
Central,2,2x8,10,2024-01-12,310.0,310.0
Central,2,2x8,10,2024-01-18,300.0,305.0
Central,2,2x8,10,2024-01-25,290.0,300.0
Central,2,2x8,10,2024-02-08,295.0,298.75
Central,2,2x8,10,2024-02-15,310.0,298.75
Central,2,2x8,10,2024-02-22,320.0,303.75
Central,2,2x8,10,2024-02-29,325.0,312.5
Central,2,2x8,10,2024-03-07,330.0,321.25
Central,2,2x8,10,2024-03-14,320.0,323.75
Central,2,2x8,10,2024-03-21,315.0,322.5
Central,2,2x8,10,2024-03-28,310.0,318.75
Central,2,2x8,10,2024-04-04,295.0,310.0
Central,2,2x8,10,2024-04-11,285.0,301.25
Central,2,2x8,10,2024-04-18,270.0,290.0
Central,2,2x8,10,2024-04-25,270.0,280.0
Central,2,2x8,10,2024-05-02,270.0,273.75
Central,2,2x8,10,2024-05-09,280.0,272.5
Central,2,2x8,10,2024-05-16,280.0,275.0
Central,2,2x8,10,2024-05-30,285.0,278.75
Central,2,2x8,10,2024-06-06,280.0,281.25
Central,2,2x8,10,2024-06-13,270.0,278.75
Central,2,2x8,10,2024-06-20,255.0,272.5
Central,2,2x8,10,2024-06-27,245.0,262.5
Central,2,2x8,10,2024-07-04,240.0,252.5
Central,2,2x8,10,2024-07-11,240.0,245.0
Central,2,2x8,10,2024-07-18,250.0,243.75
Central,2,2x8,10,2024-07-25,255.0,246.25
Central,2,2x8,10,2024-08-01,260.0,251.25
Central,2,2x8,10,2024-08-08,260.0,256.25
Central,2,2x8,10,2024-08-15,255.0,257.5
Central,2,2x8,10,2024-08-22,245.0,255.0
Central,2,2x8,10,2024-08-29,235.0,248.75
Central,2,2x8,10,2024-09-05,230.0,241.25
Central,2,2x8,10,2024-09-12,235.0,236.25
Central,2,2x8,10,2024-09-20,235.0,233.75
Central,2,2x8,10,2024-09-27,245.0,236.25
Central,2,2x8,10,2024-10-04,260.0,243.75
Central,2,2x8,10,2024-10-11,285.0,256.25
Central,2,2x8,10,2024-10-18,305.0,273.75
Central,2,2x8,10,2024-10-25,320.0,292.5
Central,2,2x8,10,2024-11-01,325.0,308.75
Central,2,2x8,10,2024-11-08,320.0,317.5
Central,2,2x8,10,2024-11-15,310.0,318.75
Central,2,2x8,10,2024-11-22,305.0,315.0
Central,2,2x8,10,2024-11-27,300.0,308.75
Central,2,2x8,10,2024-12-06,300.0,303.75
Central,2,2x8,10,2024-12-13,300.0,301.25
Central,2,2x8,10,2024-12-20,315.0,303.75
Central,2,2x8,10,2025-01-03,345.0,315.0
Central,2,2x8,10,2025-01-10,350.0,327.5
Central,2,2x8,10,2025-01-17,345.0,338.75
Central,2,2x8,10,2025-01-24,335.0,343.75
Central,2,2x8,10,2025-01-31,320.0,337.5
Central,2,2x8,10,2025-02-07,320.0,330.0
Central,2,2x8,10,2025-02-14,320.0,323.75
Central,2,2x8,10,2025-02-21,325.0,321.25
Central,2,2x8,10,2025-02-28,325.0,322.5
Central,2,2x8,10,2025-03-07,325.0,323.75
Central,2,2x8,10,2025-03-14,325.0,325.0
Central,2,2x8,10,2025-03-21,330.0,326.25
Central,2,2x8,10,2025-03-28,330.0,327.5
Central,2,2x8,10,2025-04-04,330.0,328.75
Central,2,2x8,10,2025-04-11,330.0,330.0
Central,2,2x8,10,2025-04-18,340.0,332.5
Central,2,2x8,10,2025-04-25,345.0,336.25
Central,2,2x8,10,2025-05-02,345.0,340.0
Central,2,2x8,10,2025-05-09,335.0,341.25
Central,2,2x8,10,2025-05-16,320.0,336.25
Central,2,2x8,10,2025-05-23,295.0,323.75
Central,2,2x8,10,2025-05-30,275.0,306.25
Central,2,2x8,10,2025-06-06,265.0,288.75
Central,2,2x8,10,2025-06-13,255.0,272.5
Central,2,2x8,10,2025-06-19,255.0,262.5
Central,2,2x8,10,2025-06-27,260.0,258.75
Central,2,2x8,10,2025-07-03,270.0,260.0
Central,2,2x8,10,2025-07-11,280.0,266.25
Central,2,2x8,10,2025-07-18,290.0,275.0
Central,2,2x8,10,2025-07-25,295.0,283.75
Central,2,2x8,10,2025-08-01,295.0,290.0
Central,2,2x8,10,2025-08-08,295.0,293.75
Central,2,2x8,10,2025-08-15,285.0,292.5
Central,2,2x8,10,2025-08-22,275.0,287.5
Central,2,2x8,10,2025-08-29,260.0,278.75
Central,2,2x8,10,2025-09-05,260.0,270.0
Central,2,2x8,10,2025-09-12,260.0,263.75
Central,2,2x8,10,2025-09-19,260.0,260.0
Central,2,2x8,10,2025-09-26,260.0,260.0
Central,2,2x8,10,2025-10-03,265.0,261.25
Central,2,2x8,10,2025-10-10,270.0,263.75
Central,2,2x8,10,2025-10-17,275.0,267.5
Central,2,2x8,12,2024-01-12,325.0,325.0
Central,2,2x8,12,2024-01-18,320.0,322.5
Central,2,2x8,12,2024-01-25,315.0,320.0
Central,2,2x8,12,2024-02-08,325.0,321.25
Central,2,2x8,12,2024-02-15,340.0,325.0
Central,2,2x8,12,2024-02-22,350.0,332.5
Central,2,2x8,12,2024-02-29,355.0,342.5
Central,2,2x8,12,2024-03-07,360.0,351.25
Central,2,2x8,12,2024-03-14,360.0,356.25
Central,2,2x8,12,2024-03-21,350.0,356.25
Central,2,2x8,12,2024-03-28,345.0,353.75
Central,2,2x8,12,2024-04-04,330.0,346.25
Central,2,2x8,12,2024-04-11,315.0,335.0
Central,2,2x8,12,2024-04-18,300.0,322.5
Central,2,2x8,12,2024-04-25,300.0,311.25
Central,2,2x8,12,2024-05-02,300.0,303.75
Central,2,2x8,12,2024-05-09,305.0,301.25
Central,2,2x8,12,2024-05-16,310.0,303.75
Central,2,2x8,12,2024-05-30,315.0,307.5
Central,2,2x8,12,2024-06-06,310.0,310.0
Central,2,2x8,12,2024-06-13,295.0,307.5
Central,2,2x8,12,2024-06-20,280.0,300.0
Central,2,2x8,12,2024-06-27,265.0,287.5
Central,2,2x8,12,2024-07-04,255.0,273.75
Central,2,2x8,12,2024-07-11,255.0,263.75
Central,2,2x8,12,2024-07-18,260.0,258.75
Central,2,2x8,12,2024-07-25,260.0,257.5
Central,2,2x8,12,2024-08-01,265.0,260.0
Central,2,2x8,12,2024-08-08,265.0,262.5
Central,2,2x8,12,2024-08-15,260.0,262.5
Central,2,2x8,12,2024-08-22,250.0,260.0
Central,2,2x8,12,2024-08-29,245.0,255.0
Central,2,2x8,12,2024-09-05,240.0,248.75
Central,2,2x8,12,2024-09-12,240.0,243.75
Central,2,2x8,12,2024-09-20,245.0,242.5
Central,2,2x8,12,2024-09-27,255.0,245.0
Central,2,2x8,12,2024-10-04,270.0,252.5
Central,2,2x8,12,2024-10-11,295.0,266.25
Central,2,2x8,12,2024-10-18,315.0,283.75
Central,2,2x8,12,2024-10-25,330.0,302.5
Central,2,2x8,12,2024-11-01,335.0,318.75
Central,2,2x8,12,2024-11-08,330.0,327.5
Central,2,2x8,12,2024-11-15,320.0,328.75
Central,2,2x8,12,2024-11-22,310.0,323.75
Central,2,2x8,12,2024-11-27,305.0,316.25
Central,2,2x8,12,2024-12-06,305.0,310.0
Central,2,2x8,12,2024-12-13,310.0,307.5
Central,2,2x8,12,2024-12-20,325.0,311.25
Central,2,2x8,12,2025-01-03,355.0,323.75
Central,2,2x8,12,2025-01-10,360.0,337.5
Central,2,2x8,12,2025-01-17,355.0,348.75
Central,2,2x8,12,2025-01-24,345.0,353.75
Central,2,2x8,12,2025-01-31,325.0,346.25
Central,2,2x8,12,2025-02-07,325.0,337.5
Central,2,2x8,12,2025-02-14,325.0,330.0
Central,2,2x8,12,2025-02-21,325.0,325.0
Central,2,2x8,12,2025-02-28,325.0,325.0
Central,2,2x8,12,2025-03-07,325.0,325.0
Central,2,2x8,12,2025-03-14,325.0,325.0
Central,2,2x8,12,2025-03-21,330.0,326.25
Central,2,2x8,12,2025-03-28,330.0,327.5
Central,2,2x8,12,2025-04-04,330.0,328.75
Central,2,2x8,12,2025-04-11,335.0,331.25
Central,2,2x8,12,2025-04-18,345.0,335.0
Central,2,2x8,12,2025-04-25,350.0,340.0
Central,2,2x8,12,2025-05-02,350.0,345.0
Central,2,2x8,12,2025-05-09,340.0,346.25
Central,2,2x8,12,2025-05-16,325.0,341.25
Central,2,2x8,12,2025-05-23,305.0,330.0
Central,2,2x8,12,2025-05-30,290.0,315.0
Central,2,2x8,12,2025-06-06,275.0,298.75
Central,2,2x8,12,2025-06-13,265.0,283.75
Central,2,2x8,12,2025-06-19,265.0,273.75
Central,2,2x8,12,2025-06-27,270.0,268.75
Central,2,2x8,12,2025-07-03,280.0,270.0
Central,2,2x8,12,2025-07-11,285.0,275.0
Central,2,2x8,12,2025-07-18,290.0,281.25
Central,2,2x8,12,2025-07-25,295.0,287.5
Central,2,2x8,12,2025-08-01,295.0,291.25
Central,2,2x8,12,2025-08-08,295.0,293.75
Central,2,2x8,12,2025-08-15,290.0,293.75
Central,2,2x8,12,2025-08-22,280.0,290.0
Central,2,2x8,12,2025-08-29,265.0,282.5
Central,2,2x8,12,2025-09-05,260.0,273.75
Central,2,2x8,12,2025-09-12,260.0,266.25
Central,2,2x8,12,2025-09-19,260.0,261.25
Central,2,2x8,12,2025-09-26,260.0,260.0
Central,2,2x8,12,2025-10-03,265.0,261.25
Central,2,2x8,12,2025-10-10,275.0,265.0
Central,2,2x8,12,2025-10-17,280.0,270.0
Central,2,2x8,14,2024-01-12,340.0,340.0
Central,2,2x8,14,2024-01-18,330.0,335.0
Central,2,2x8,14,2024-01-25,320.0,330.0
Central,2,2x8,14,2024-02-08,325.0,328.75
Central,2,2x8,14,2024-02-15,345.0,330.0
Central,2,2x8,14,2024-02-22,355.0,336.25
Central,2,2x8,14,2024-02-29,360.0,346.25
Central,2,2x8,14,2024-03-07,365.0,356.25
Central,2,2x8,14,2024-03-14,365.0,361.25
Central,2,2x8,14,2024-03-21,360.0,362.5
Central,2,2x8,14,2024-03-28,355.0,361.25
Central,2,2x8,14,2024-04-04,335.0,353.75
Central,2,2x8,14,2024-04-11,320.0,342.5
Central,2,2x8,14,2024-04-18,305.0,328.75
Central,2,2x8,14,2024-04-25,305.0,316.25
Central,2,2x8,14,2024-05-02,305.0,308.75
Central,2,2x8,14,2024-05-09,310.0,306.25
Central,2,2x8,14,2024-05-16,315.0,308.75
Central,2,2x8,14,2024-05-30,320.0,312.5
Central,2,2x8,14,2024-06-06,315.0,315.0
Central,2,2x8,14,2024-06-13,295.0,311.25
Central,2,2x8,14,2024-06-20,280.0,302.5
Central,2,2x8,14,2024-06-27,265.0,288.75
Central,2,2x8,14,2024-07-04,260.0,275.0
Central,2,2x8,14,2024-07-11,260.0,266.25
Central,2,2x8,14,2024-07-18,265.0,262.5
Central,2,2x8,14,2024-07-25,270.0,263.75
Central,2,2x8,14,2024-08-01,275.0,267.5
Central,2,2x8,14,2024-08-08,275.0,271.25
Central,2,2x8,14,2024-08-15,270.0,272.5
Central,2,2x8,14,2024-08-22,265.0,271.25
Central,2,2x8,14,2024-08-29,255.0,266.25
Central,2,2x8,14,2024-09-05,250.0,260.0
Central,2,2x8,14,2024-09-12,250.0,255.0
Central,2,2x8,14,2024-09-20,255.0,252.5
Central,2,2x8,14,2024-09-27,265.0,255.0
Central,2,2x8,14,2024-10-04,280.0,262.5
Central,2,2x8,14,2024-10-11,305.0,276.25
Central,2,2x8,14,2024-10-18,325.0,293.75
Central,2,2x8,14,2024-10-25,340.0,312.5
Central,2,2x8,14,2024-11-01,345.0,328.75
Central,2,2x8,14,2024-11-08,340.0,337.5
Central,2,2x8,14,2024-11-15,335.0,340.0
Central,2,2x8,14,2024-11-22,325.0,336.25
Central,2,2x8,14,2024-11-27,315.0,328.75
Central,2,2x8,14,2024-12-06,305.0,320.0
Central,2,2x8,14,2024-12-13,310.0,313.75
Central,2,2x8,14,2024-12-20,325.0,313.75
Central,2,2x8,14,2025-01-03,350.0,322.5
Central,2,2x8,14,2025-01-10,360.0,336.25
Central,2,2x8,14,2025-01-17,360.0,348.75
Central,2,2x8,14,2025-01-24,350.0,355.0
Central,2,2x8,14,2025-01-31,335.0,351.25
Central,2,2x8,14,2025-02-07,345.0,347.5
Central,2,2x8,14,2025-02-14,345.0,343.75
Central,2,2x8,14,2025-02-21,350.0,343.75
Central,2,2x8,14,2025-02-28,350.0,347.5
Central,2,2x8,14,2025-03-07,350.0,348.75
Central,2,2x8,14,2025-03-14,350.0,350.0
Central,2,2x8,14,2025-03-21,350.0,350.0
Central,2,2x8,14,2025-03-28,350.0,350.0
Central,2,2x8,14,2025-04-04,350.0,350.0
Central,2,2x8,14,2025-04-11,355.0,351.25
Central,2,2x8,14,2025-04-18,365.0,355.0
Central,2,2x8,14,2025-04-25,370.0,360.0
Central,2,2x8,14,2025-05-02,370.0,365.0
Central,2,2x8,14,2025-05-09,355.0,365.0
Central,2,2x8,14,2025-05-16,340.0,358.75
Central,2,2x8,14,2025-05-23,320.0,346.25
Central,2,2x8,14,2025-05-30,300.0,328.75
Central,2,2x8,14,2025-06-06,285.0,311.25
Central,2,2x8,14,2025-06-13,275.0,295.0
Central,2,2x8,14,2025-06-19,275.0,283.75
Central,2,2x8,14,2025-06-27,275.0,277.5
Central,2,2x8,14,2025-07-03,280.0,276.25
Central,2,2x8,14,2025-07-11,285.0,278.75
Central,2,2x8,14,2025-07-18,295.0,283.75
Central,2,2x8,14,2025-07-25,300.0,290.0
Central,2,2x8,14,2025-08-01,300.0,295.0
Central,2,2x8,14,2025-08-08,300.0,298.75
Central,2,2x8,14,2025-08-15,290.0,297.5
Central,2,2x8,14,2025-08-22,280.0,292.5
Central,2,2x8,14,2025-08-29,265.0,283.75
Central,2,2x8,14,2025-09-05,255.0,272.5
Central,2,2x8,14,2025-09-12,255.0,263.75
Central,2,2x8,14,2025-09-19,255.0,257.5
Central,2,2x8,14,2025-09-26,260.0,256.25
Central,2,2x8,14,2025-10-03,275.0,261.25
Central,2,2x8,14,2025-10-10,285.0,268.75
Central,2,2x8,14,2025-10-17,290.0,277.5
Central,2,2x8,16,2024-01-12,335.0,335.0
Central,2,2x8,16,2024-01-18,325.0,330.0
Central,2,2x8,16,2024-01-25,315.0,325.0
Central,2,2x8,16,2024-02-08,325.0,325.0
Central,2,2x8,16,2024-02-15,345.0,327.5
Central,2,2x8,16,2024-02-22,355.0,335.0
Central,2,2x8,16,2024-02-29,360.0,346.25
Central,2,2x8,16,2024-03-07,365.0,356.25
Central,2,2x8,16,2024-03-14,365.0,361.25
Central,2,2x8,16,2024-03-21,360.0,362.5
Central,2,2x8,16,2024-03-28,355.0,361.25
Central,2,2x8,16,2024-04-04,340.0,355.0
Central,2,2x8,16,2024-04-11,325.0,345.0
Central,2,2x8,16,2024-04-18,310.0,332.5
Central,2,2x8,16,2024-04-25,305.0,320.0
Central,2,2x8,16,2024-05-02,305.0,311.25
Central,2,2x8,16,2024-05-09,310.0,307.5
Central,2,2x8,16,2024-05-16,315.0,308.75
Central,2,2x8,16,2024-05-30,325.0,313.75
Central,2,2x8,16,2024-06-06,320.0,317.5
Central,2,2x8,16,2024-06-13,305.0,316.25
Central,2,2x8,16,2024-06-20,290.0,310.0
Central,2,2x8,16,2024-06-27,280.0,298.75
Central,2,2x8,16,2024-07-04,270.0,286.25
Central,2,2x8,16,2024-07-11,270.0,277.5
Central,2,2x8,16,2024-07-18,275.0,273.75
Central,2,2x8,16,2024-07-25,280.0,273.75
Central,2,2x8,16,2024-08-01,285.0,277.5
Central,2,2x8,16,2024-08-08,285.0,281.25
Central,2,2x8,16,2024-08-15,280.0,282.5
Central,2,2x8,16,2024-08-22,275.0,281.25
Central,2,2x8,16,2024-08-29,265.0,276.25
Central,2,2x8,16,2024-09-05,260.0,270.0
Central,2,2x8,16,2024-09-12,260.0,265.0
Central,2,2x8,16,2024-09-20,260.0,261.25
Central,2,2x8,16,2024-09-27,270.0,262.5
Central,2,2x8,16,2024-10-04,290.0,270.0
Central,2,2x8,16,2024-10-11,315.0,283.75
Central,2,2x8,16,2024-10-18,340.0,303.75
Central,2,2x8,16,2024-10-25,355.0,325.0
Central,2,2x8,16,2024-11-01,355.0,341.25
Central,2,2x8,16,2024-11-08,355.0,351.25
Central,2,2x8,16,2024-11-15,350.0,353.75
Central,2,2x8,16,2024-11-22,340.0,350.0
Central,2,2x8,16,2024-11-27,330.0,343.75
Central,2,2x8,16,2024-12-06,320.0,335.0
Central,2,2x8,16,2024-12-13,325.0,328.75
Central,2,2x8,16,2024-12-20,340.0,328.75
Central,2,2x8,16,2025-01-03,370.0,338.75
Central,2,2x8,16,2025-01-10,375.0,352.5
Central,2,2x8,16,2025-01-17,370.0,363.75
Central,2,2x8,16,2025-01-24,360.0,368.75
Central,2,2x8,16,2025-01-31,345.0,362.5
Central,2,2x8,16,2025-02-07,345.0,355.0
Central,2,2x8,16,2025-02-14,345.0,348.75
Central,2,2x8,16,2025-02-21,345.0,345.0
Central,2,2x8,16,2025-02-28,345.0,345.0
Central,2,2x8,16,2025-03-07,335.0,342.5
Central,2,2x8,16,2025-03-14,335.0,340.0
Central,2,2x8,16,2025-03-21,335.0,337.5
Central,2,2x8,16,2025-03-28,335.0,335.0
Central,2,2x8,16,2025-04-04,335.0,335.0
Central,2,2x8,16,2025-04-11,335.0,335.0
Central,2,2x8,16,2025-04-18,345.0,337.5
Central,2,2x8,16,2025-04-25,350.0,341.25
Central,2,2x8,16,2025-05-02,350.0,345.0
Central,2,2x8,16,2025-05-09,350.0,348.75
Central,2,2x8,16,2025-05-16,340.0,347.5
Central,2,2x8,16,2025-05-23,320.0,340.0
Central,2,2x8,16,2025-05-30,305.0,328.75
Central,2,2x8,16,2025-06-06,290.0,313.75
Central,2,2x8,16,2025-06-13,290.0,301.25
Central,2,2x8,16,2025-06-19,290.0,293.75
Central,2,2x8,16,2025-06-27,290.0,290.0
Central,2,2x8,16,2025-07-03,300.0,292.5
Central,2,2x8,16,2025-07-11,310.0,297.5
Central,2,2x8,16,2025-07-18,320.0,305.0
Central,2,2x8,16,2025-07-25,325.0,313.75
Central,2,2x8,16,2025-08-01,325.0,320.0
Central,2,2x8,16,2025-08-08,325.0,323.75
Central,2,2x8,16,2025-08-15,315.0,322.5
Central,2,2x8,16,2025-08-22,305.0,317.5
Central,2,2x8,16,2025-08-29,285.0,307.5
Central,2,2x8,16,2025-09-05,275.0,295.0
Central,2,2x8,16,2025-09-12,275.0,285.0
Central,2,2x8,16,2025-09-19,280.0,278.75
Central,2,2x8,16,2025-09-26,280.0,277.5
Central,2,2x8,16,2025-10-03,285.0,280.0
Central,2,2x8,16,2025-10-10,285.0,282.5
Central,2,2x8,16,2025-10-17,290.0,285.0
Central,2,2x8,18,2024-01-12,290.0,290.0
Central,2,2x8,18,2024-01-18,285.0,287.5
Central,2,2x8,18,2024-01-25,275.0,283.3333333333333
Central,2,2x8,18,2024-02-08,285.0,283.75
Central,2,2x8,18,2024-02-15,300.0,286.25
Central,2,2x8,18,2024-02-22,310.0,292.5
Central,2,2x8,18,2024-02-29,315.0,302.5
Central,2,2x8,18,2024-03-07,320.0,311.25
Central,2,2x8,18,2024-03-14,330.0,318.75
Central,2,2x8,18,2024-03-21,325.0,322.5
Central,2,2x8,18,2024-03-28,320.0,323.75
Central,2,2x8,18,2024-04-04,305.0,320.0
Central,2,2x8,18,2024-04-11,290.0,310.0
Central,2,2x8,18,2024-04-18,280.0,298.75
Central,2,2x8,18,2024-04-25,285.0,290.0
Central,2,2x8,18,2024-05-02,290.0,286.25
Central,2,2x8,18,2024-05-09,295.0,287.5
Central,2,2x8,18,2024-05-16,295.0,291.25
Central,2,2x8,18,2024-05-30,300.0,295.0
Central,2,2x8,18,2024-06-06,295.0,296.25
Central,2,2x8,18,2024-06-13,280.0,292.5
Central,2,2x8,18,2024-06-20,265.0,285.0
Central,2,2x8,18,2024-06-27,255.0,273.75
Central,2,2x8,18,2024-07-04,250.0,262.5
Central,2,2x8,18,2024-07-11,250.0,255.0
Central,2,2x8,18,2024-07-18,260.0,253.75
Central,2,2x8,18,2024-07-25,265.0,256.25
Central,2,2x8,18,2024-08-01,270.0,261.25
Central,2,2x8,18,2024-08-08,270.0,266.25
Central,2,2x8,18,2024-08-15,260.0,266.25
Central,2,2x8,18,2024-08-22,255.0,263.75
Central,2,2x8,18,2024-08-29,250.0,258.75
Central,2,2x8,18,2024-09-05,240.0,251.25
Central,2,2x8,18,2024-09-12,245.0,247.5
Central,2,2x8,18,2024-09-20,250.0,246.25
Central,2,2x8,18,2024-09-27,260.0,248.75
Central,2,2x8,18,2024-10-04,275.0,257.5
Central,2,2x8,18,2024-10-11,300.0,271.25
Central,2,2x8,18,2024-10-18,315.0,287.5
Central,2,2x8,18,2024-10-25,330.0,305.0
Central,2,2x8,18,2024-11-01,330.0,318.75
Central,2,2x8,18,2024-11-08,325.0,325.0
Central,2,2x8,18,2024-11-15,315.0,325.0
Central,2,2x8,18,2024-11-22,305.0,318.75
Central,2,2x8,18,2024-11-27,305.0,312.5
Central,2,2x8,18,2024-12-06,295.0,305.0
Central,2,2x8,18,2024-12-13,295.0,300.0
Central,2,2x8,18,2024-12-20,310.0,301.25
Central,2,2x8,18,2025-01-03,335.0,308.75
Central,2,2x8,18,2025-01-10,335.0,318.75
Central,2,2x8,18,2025-01-17,330.0,327.5
Central,2,2x8,18,2025-01-24,315.0,328.75
Central,2,2x8,18,2025-01-31,300.0,320.0
Central,2,2x8,18,2025-02-07,300.0,311.25
Central,2,2x8,18,2025-02-14,305.0,305.0
Central,2,2x8,18,2025-02-21,305.0,302.5
Central,2,2x8,18,2025-02-28,310.0,305.0
Central,2,2x8,18,2025-03-07,310.0,307.5
Central,2,2x8,18,2025-03-14,310.0,308.75
Central,2,2x8,18,2025-03-21,310.0,310.0
Central,2,2x8,18,2025-03-28,310.0,310.0
Central,2,2x8,18,2025-04-04,315.0,311.25
Central,2,2x8,18,2025-04-11,320.0,313.75
Central,2,2x8,18,2025-04-18,330.0,318.75
Central,2,2x8,18,2025-04-25,340.0,326.25
Central,2,2x8,18,2025-05-02,345.0,333.75
Central,2,2x8,18,2025-05-09,335.0,337.5
Central,2,2x8,18,2025-05-16,320.0,335.0
Central,2,2x8,18,2025-05-23,305.0,326.25
Central,2,2x8,18,2025-05-30,295.0,313.75
Central,2,2x8,18,2025-06-06,280.0,300.0
Central,2,2x8,18,2025-06-13,270.0,287.5
Central,2,2x8,18,2025-06-19,270.0,278.75
Central,2,2x8,18,2025-06-27,275.0,273.75
Central,2,2x8,18,2025-07-03,280.0,273.75
Central,2,2x8,18,2025-07-11,285.0,277.5
Central,2,2x8,18,2025-07-18,295.0,283.75
Central,2,2x8,18,2025-07-25,300.0,290.0
Central,2,2x8,18,2025-08-01,300.0,295.0
Central,2,2x8,18,2025-08-08,300.0,298.75
Central,2,2x8,18,2025-08-15,290.0,297.5
Central,2,2x8,18,2025-08-22,280.0,292.5
Central,2,2x8,18,2025-08-29,265.0,283.75
Central,2,2x8,18,2025-09-05,260.0,273.75
Central,2,2x8,18,2025-09-12,260.0,266.25
Central,2,2x8,18,2025-09-19,260.0,261.25
Central,2,2x8,18,2025-09-26,260.0,260.0
Central,2,2x8,18,2025-10-03,270.0,262.5
Central,2,2x8,18,2025-10-10,280.0,267.5
Central,2,2x8,18,2025-10-17,285.0,273.75
Central,2,2x8,20,2024-01-12,320.0,320.0
Central,2,2x8,20,2024-01-18,310.0,315.0
Central,2,2x8,20,2024-01-25,300.0,310.0
Central,2,2x8,20,2024-02-08,310.0,310.0
Central,2,2x8,20,2024-02-15,330.0,312.5
Central,2,2x8,20,2024-02-22,340.0,320.0
Central,2,2x8,20,2024-02-29,345.0,331.25
Central,2,2x8,20,2024-03-07,350.0,341.25
Central,2,2x8,20,2024-03-14,350.0,346.25
Central,2,2x8,20,2024-03-21,345.0,347.5
Central,2,2x8,20,2024-03-28,340.0,346.25
Central,2,2x8,20,2024-04-04,325.0,340.0
Central,2,2x8,20,2024-04-11,310.0,330.0
Central,2,2x8,20,2024-04-18,295.0,317.5
Central,2,2x8,20,2024-04-25,295.0,306.25
Central,2,2x8,20,2024-05-02,300.0,300.0
Central,2,2x8,20,2024-05-09,305.0,298.75
Central,2,2x8,20,2024-05-16,305.0,301.25
Central,2,2x8,20,2024-05-30,310.0,305.0
Central,2,2x8,20,2024-06-06,305.0,306.25
Central,2,2x8,20,2024-06-13,290.0,302.5
Central,2,2x8,20,2024-06-20,275.0,295.0
Central,2,2x8,20,2024-06-27,265.0,283.75
Central,2,2x8,20,2024-07-04,260.0,272.5
Central,2,2x8,20,2024-07-11,260.0,265.0
Central,2,2x8,20,2024-07-18,265.0,262.5
Central,2,2x8,20,2024-07-25,270.0,263.75
Central,2,2x8,20,2024-08-01,275.0,267.5
Central,2,2x8,20,2024-08-08,275.0,271.25
Central,2,2x8,20,2024-08-15,275.0,273.75
Central,2,2x8,20,2024-08-22,270.0,273.75
Central,2,2x8,20,2024-08-29,265.0,271.25
Central,2,2x8,20,2024-09-05,265.0,268.75
Central,2,2x8,20,2024-09-12,265.0,266.25
Central,2,2x8,20,2024-09-20,265.0,265.0
Central,2,2x8,20,2024-09-27,270.0,266.25
Central,2,2x8,20,2024-10-04,285.0,271.25
Central,2,2x8,20,2024-10-11,310.0,282.5
Central,2,2x8,20,2024-10-18,320.0,296.25
Central,2,2x8,20,2024-10-25,335.0,312.5
Central,2,2x8,20,2024-11-01,340.0,326.25
Central,2,2x8,20,2024-11-08,335.0,332.5
Central,2,2x8,20,2024-11-15,325.0,333.75
Central,2,2x8,20,2024-11-22,315.0,328.75
Central,2,2x8,20,2024-11-27,310.0,321.25
Central,2,2x8,20,2024-12-06,310.0,315.0
Central,2,2x8,20,2024-12-13,315.0,312.5
Central,2,2x8,20,2024-12-20,330.0,316.25
Central,2,2x8,20,2025-01-03,355.0,327.5
Central,2,2x8,20,2025-01-10,355.0,338.75
Central,2,2x8,20,2025-01-17,355.0,348.75
Central,2,2x8,20,2025-01-24,345.0,352.5
Central,2,2x8,20,2025-01-31,330.0,346.25
Central,2,2x8,20,2025-02-07,330.0,340.0
Central,2,2x8,20,2025-02-14,330.0,333.75
Central,2,2x8,20,2025-02-21,330.0,330.0
Central,2,2x8,20,2025-02-28,330.0,330.0
Central,2,2x8,20,2025-03-07,330.0,330.0
Central,2,2x8,20,2025-03-14,335.0,331.25
Central,2,2x8,20,2025-03-21,340.0,333.75
Central,2,2x8,20,2025-03-28,340.0,336.25
Central,2,2x8,20,2025-04-04,340.0,338.75
Central,2,2x8,20,2025-04-11,340.0,340.0
Central,2,2x8,20,2025-04-18,350.0,342.5
Central,2,2x8,20,2025-04-25,355.0,346.25
Central,2,2x8,20,2025-05-02,355.0,350.0
Central,2,2x8,20,2025-05-09,345.0,351.25
Central,2,2x8,20,2025-05-16,325.0,345.0
Central,2,2x8,20,2025-05-23,300.0,331.25
Central,2,2x8,20,2025-05-30,290.0,315.0
Central,2,2x8,20,2025-06-06,280.0,298.75
Central,2,2x8,20,2025-06-13,270.0,285.0
Central,2,2x8,20,2025-06-19,270.0,277.5
Central,2,2x8,20,2025-06-27,275.0,273.75
Central,2,2x8,20,2025-07-03,285.0,275.0
Central,2,2x8,20,2025-07-11,290.0,280.0
Central,2,2x8,20,2025-07-18,300.0,287.5
Central,2,2x8,20,2025-07-25,305.0,295.0
Central,2,2x8,20,2025-08-01,305.0,300.0
Central,2,2x8,20,2025-08-08,305.0,303.75
Central,2,2x8,20,2025-08-15,300.0,303.75
Central,2,2x8,20,2025-08-22,295.0,301.25
Central,2,2x8,20,2025-08-29,275.0,293.75
Central,2,2x8,20,2025-09-05,275.0,286.25
Central,2,2x8,20,2025-09-12,275.0,280.0
Central,2,2x8,20,2025-09-19,275.0,275.0
Central,2,2x8,20,2025-09-26,280.0,276.25
Central,2,2x8,20,2025-10-03,285.0,278.75
Central,2,2x8,20,2025-10-10,295.0,283.75
Central,2,2x8,20,2025-10-17,300.0,290.0
East,1,2x10,8,2024-01-12,425.0,425.0
East,1,2x10,8,2024-01-18,405.0,415.0
East,1,2x10,8,2024-01-25,395.0,408.3333333333333
East,1,2x10,8,2024-02-08,380.0,401.25
East,1,2x10,8,2024-02-15,385.0,391.25
East,1,2x10,8,2024-02-22,390.0,387.5
East,1,2x10,8,2024-02-29,395.0,387.5
East,1,2x10,8,2024-03-07,400.0,392.5
East,1,2x10,8,2024-03-14,400.0,396.25
East,1,2x10,8,2024-03-21,400.0,398.75
East,1,2x10,8,2024-03-28,400.0,400.0
East,1,2x10,8,2024-04-04,390.0,397.5
East,1,2x10,8,2024-04-11,380.0,392.5
East,1,2x10,8,2024-04-18,370.0,385.0
East,1,2x10,8,2024-04-25,370.0,377.5
East,1,2x10,8,2024-05-02,380.0,375.0
East,1,2x10,8,2024-05-09,395.0,378.75
East,1,2x10,8,2024-05-16,405.0,387.5
East,1,2x10,8,2024-05-30,440.0,405.0
East,1,2x10,8,2024-06-06,450.0,422.5
East,1,2x10,8,2024-06-13,450.0,436.25
East,1,2x10,8,2024-06-20,445.0,446.25
East,1,2x10,8,2024-06-27,435.0,445.0
East,1,2x10,8,2024-07-04,425.0,438.75
East,1,2x10,8,2024-07-11,425.0,432.5
East,1,2x10,8,2024-07-18,425.0,427.5
East,1,2x10,8,2024-07-25,425.0,425.0
East,1,2x10,8,2024-08-01,425.0,425.0
East,1,2x10,8,2024-08-08,425.0,425.0
East,1,2x10,8,2024-08-15,425.0,425.0
East,1,2x10,8,2024-08-22,425.0,425.0
East,1,2x10,8,2024-08-29,425.0,425.0
East,1,2x10,8,2024-09-05,425.0,425.0
East,1,2x10,8,2024-09-12,425.0,425.0
East,1,2x10,8,2024-09-20,410.0,421.25
East,1,2x10,8,2024-09-27,410.0,417.5
East,1,2x10,8,2024-10-04,410.0,413.75
East,1,2x10,8,2024-10-11,410.0,410.0
East,1,2x10,8,2024-10-18,410.0,410.0
East,1,2x10,8,2024-10-25,410.0,410.0
East,1,2x10,8,2024-11-01,410.0,410.0
East,1,2x10,8,2024-11-08,400.0,407.5
East,1,2x10,8,2024-11-15,400.0,405.0
East,1,2x10,8,2024-11-22,380.0,397.5
East,1,2x10,8,2024-11-27,380.0,390.0
East,1,2x10,8,2024-12-06,380.0,385.0
East,1,2x10,8,2024-12-13,380.0,380.0
East,1,2x10,8,2024-12-20,380.0,380.0
East,1,2x10,8,2025-01-03,390.0,382.5
East,1,2x10,8,2025-01-10,395.0,386.25
East,1,2x10,8,2025-01-17,385.0,387.5
East,1,2x10,8,2025-01-24,375.0,386.25
East,1,2x10,8,2025-01-31,375.0,382.5
East,1,2x10,8,2025-02-07,380.0,378.75
East,1,2x10,8,2025-02-14,385.0,378.75
East,1,2x10,8,2025-02-21,390.0,382.5
East,1,2x10,8,2025-02-28,390.0,386.25
East,1,2x10,8,2025-03-07,385.0,387.5
East,1,2x10,8,2025-03-14,390.0,388.75
East,1,2x10,8,2025-03-21,395.0,390.0
East,1,2x10,8,2025-03-28,405.0,393.75
East,1,2x10,8,2025-04-04,410.0,400.0
East,1,2x10,8,2025-04-11,420.0,407.5
East,1,2x10,8,2025-04-18,435.0,417.5
East,1,2x10,8,2025-04-25,445.0,427.5
East,1,2x10,8,2025-05-02,445.0,436.25
East,1,2x10,8,2025-05-09,440.0,441.25
East,1,2x10,8,2025-05-16,420.0,437.5
East,1,2x10,8,2025-05-23,400.0,426.25
East,1,2x10,8,2025-05-30,385.0,411.25
East,1,2x10,8,2025-06-06,370.0,393.75
East,1,2x10,8,2025-06-13,360.0,378.75
East,1,2x10,8,2025-06-19,360.0,368.75
East,1,2x10,8,2025-06-27,345.0,358.75
East,1,2x10,8,2025-07-03,345.0,352.5
East,1,2x10,8,2025-07-11,350.0,350.0
East,1,2x10,8,2025-07-18,355.0,348.75
East,1,2x10,8,2025-07-25,350.0,350.0
East,1,2x10,8,2025-08-01,365.0,355.0
East,1,2x10,8,2025-08-08,365.0,358.75
East,1,2x10,8,2025-08-15,350.0,357.5
East,1,2x10,8,2025-08-22,340.0,355.0
East,1,2x10,8,2025-08-29,325.0,345.0
East,1,2x10,8,2025-09-05,320.0,333.75
East,1,2x10,8,2025-09-12,310.0,323.75
East,1,2x10,8,2025-09-19,315.0,317.5
East,1,2x10,8,2025-09-26,320.0,316.25
East,1,2x10,8,2025-10-03,330.0,318.75
East,1,2x10,8,2025-10-10,340.0,326.25
East,1,2x10,8,2025-10-17,340.0,332.5
East,1,2x10,10,2024-01-12,505.0,505.0
East,1,2x10,10,2024-01-18,485.0,495.0
East,1,2x10,10,2024-01-25,470.0,486.6666666666667
East,1,2x10,10,2024-02-08,455.0,478.75
East,1,2x10,10,2024-02-15,455.0,466.25
East,1,2x10,10,2024-02-22,460.0,460.0
East,1,2x10,10,2024-02-29,460.0,457.5
East,1,2x10,10,2024-03-07,460.0,458.75
East,1,2x10,10,2024-03-14,455.0,458.75
East,1,2x10,10,2024-03-21,450.0,456.25
East,1,2x10,10,2024-03-28,450.0,453.75
East,1,2x10,10,2024-04-04,440.0,448.75
East,1,2x10,10,2024-04-11,430.0,442.5
East,1,2x10,10,2024-04-18,420.0,435.0
East,1,2x10,10,2024-04-25,420.0,427.5
East,1,2x10,10,2024-05-02,420.0,422.5
East,1,2x10,10,2024-05-09,425.0,421.25
East,1,2x10,10,2024-05-16,425.0,422.5
East,1,2x10,10,2024-05-30,460.0,432.5
East,1,2x10,10,2024-06-06,460.0,442.5
East,1,2x10,10,2024-06-13,460.0,451.25
East,1,2x10,10,2024-06-20,455.0,458.75
East,1,2x10,10,2024-06-27,445.0,455.0
East,1,2x10,10,2024-07-04,435.0,448.75
East,1,2x10,10,2024-07-11,435.0,442.5
East,1,2x10,10,2024-07-18,435.0,437.5
East,1,2x10,10,2024-07-25,440.0,436.25
East,1,2x10,10,2024-08-01,440.0,437.5
East,1,2x10,10,2024-08-08,440.0,438.75
East,1,2x10,10,2024-08-15,440.0,440.0
East,1,2x10,10,2024-08-22,440.0,440.0
East,1,2x10,10,2024-08-29,440.0,440.0
East,1,2x10,10,2024-09-05,440.0,440.0
East,1,2x10,10,2024-09-12,440.0,440.0
East,1,2x10,10,2024-09-20,420.0,435.0
East,1,2x10,10,2024-09-27,415.0,428.75
East,1,2x10,10,2024-10-04,415.0,422.5
East,1,2x10,10,2024-10-11,415.0,416.25
East,1,2x10,10,2024-10-18,415.0,415.0
East,1,2x10,10,2024-10-25,415.0,415.0
East,1,2x10,10,2024-11-01,415.0,415.0
East,1,2x10,10,2024-11-08,410.0,413.75
East,1,2x10,10,2024-11-15,400.0,410.0
East,1,2x10,10,2024-11-22,385.0,402.5
East,1,2x10,10,2024-11-27,385.0,395.0
East,1,2x10,10,2024-12-06,385.0,388.75
East,1,2x10,10,2024-12-13,385.0,385.0
East,1,2x10,10,2024-12-20,390.0,386.25
East,1,2x10,10,2025-01-03,400.0,390.0
East,1,2x10,10,2025-01-10,405.0,395.0
East,1,2x10,10,2025-01-17,405.0,400.0
East,1,2x10,10,2025-01-24,395.0,401.25
East,1,2x10,10,2025-01-31,385.0,397.5
East,1,2x10,10,2025-02-07,395.0,395.0
East,1,2x10,10,2025-02-14,395.0,392.5
East,1,2x10,10,2025-02-21,395.0,392.5
East,1,2x10,10,2025-02-28,385.0,392.5
East,1,2x10,10,2025-03-07,390.0,391.25
East,1,2x10,10,2025-03-14,400.0,392.5
East,1,2x10,10,2025-03-21,405.0,395.0
East,1,2x10,10,2025-03-28,415.0,402.5
East,1,2x10,10,2025-04-04,425.0,411.25
East,1,2x10,10,2025-04-11,440.0,421.25
East,1,2x10,10,2025-04-18,460.0,435.0
East,1,2x10,10,2025-04-25,470.0,448.75
East,1,2x10,10,2025-05-02,470.0,460.0
East,1,2x10,10,2025-05-09,460.0,465.0
East,1,2x10,10,2025-05-16,445.0,461.25
East,1,2x10,10,2025-05-23,425.0,450.0
East,1,2x10,10,2025-05-30,405.0,433.75
East,1,2x10,10,2025-06-06,395.0,417.5
East,1,2x10,10,2025-06-13,385.0,402.5
East,1,2x10,10,2025-06-19,375.0,390.0
East,1,2x10,10,2025-06-27,375.0,382.5
East,1,2x10,10,2025-07-03,375.0,377.5
East,1,2x10,10,2025-07-11,375.0,375.0
East,1,2x10,10,2025-07-18,380.0,376.25
East,1,2x10,10,2025-07-25,405.0,383.75
East,1,2x10,10,2025-08-01,385.0,386.25
East,1,2x10,10,2025-08-08,385.0,388.75
East,1,2x10,10,2025-08-15,380.0,388.75
East,1,2x10,10,2025-08-22,370.0,380.0
East,1,2x10,10,2025-08-29,355.0,372.5
East,1,2x10,10,2025-09-05,345.0,362.5
East,1,2x10,10,2025-09-12,345.0,353.75
East,1,2x10,10,2025-09-19,345.0,347.5
East,1,2x10,10,2025-09-26,350.0,346.25
East,1,2x10,10,2025-10-03,360.0,350.0
East,1,2x10,10,2025-10-10,370.0,356.25
East,1,2x10,10,2025-10-17,375.0,363.75
East,1,2x10,12,2024-01-12,460.0,460.0
East,1,2x10,12,2024-01-18,440.0,450.0
East,1,2x10,12,2024-01-25,425.0,441.6666666666667
East,1,2x10,12,2024-02-08,410.0,433.75
East,1,2x10,12,2024-02-15,410.0,421.25
East,1,2x10,12,2024-02-22,420.0,416.25
East,1,2x10,12,2024-02-29,425.0,416.25
East,1,2x10,12,2024-03-07,425.0,420.0
East,1,2x10,12,2024-03-14,410.0,420.0
East,1,2x10,12,2024-03-21,400.0,415.0
East,1,2x10,12,2024-03-28,400.0,408.75
East,1,2x10,12,2024-04-04,395.0,401.25
East,1,2x10,12,2024-04-11,385.0,395.0
East,1,2x10,12,2024-04-18,365.0,386.25
East,1,2x10,12,2024-04-25,365.0,377.5
East,1,2x10,12,2024-05-02,375.0,372.5
East,1,2x10,12,2024-05-09,395.0,375.0
East,1,2x10,12,2024-05-16,410.0,386.25
East,1,2x10,12,2024-05-30,450.0,407.5
East,1,2x10,12,2024-06-06,460.0,428.75
East,1,2x10,12,2024-06-13,465.0,446.25
East,1,2x10,12,2024-06-20,460.0,458.75
East,1,2x10,12,2024-06-27,450.0,458.75
East,1,2x10,12,2024-07-04,440.0,453.75
East,1,2x10,12,2024-07-11,440.0,447.5
East,1,2x10,12,2024-07-18,440.0,442.5
East,1,2x10,12,2024-07-25,440.0,440.0
East,1,2x10,12,2024-08-01,445.0,441.25
East,1,2x10,12,2024-08-08,445.0,442.5
East,1,2x10,12,2024-08-15,445.0,443.75
East,1,2x10,12,2024-08-22,445.0,445.0
East,1,2x10,12,2024-08-29,445.0,445.0
East,1,2x10,12,2024-09-05,450.0,446.25
East,1,2x10,12,2024-09-12,455.0,448.75
East,1,2x10,12,2024-09-20,435.0,446.25
East,1,2x10,12,2024-09-27,435.0,443.75
East,1,2x10,12,2024-10-04,435.0,440.0
East,1,2x10,12,2024-10-11,445.0,437.5
East,1,2x10,12,2024-10-18,450.0,441.25
East,1,2x10,12,2024-10-25,450.0,445.0
East,1,2x10,12,2024-11-01,450.0,448.75
East,1,2x10,12,2024-11-08,445.0,448.75
East,1,2x10,12,2024-11-15,435.0,445.0
East,1,2x10,12,2024-11-22,415.0,436.25
East,1,2x10,12,2024-11-27,415.0,427.5
East,1,2x10,12,2024-12-06,415.0,420.0
East,1,2x10,12,2024-12-13,415.0,415.0
East,1,2x10,12,2024-12-20,415.0,415.0
East,1,2x10,12,2025-01-03,425.0,417.5
East,1,2x10,12,2025-01-10,435.0,422.5
East,1,2x10,12,2025-01-17,440.0,428.75
East,1,2x10,12,2025-01-24,430.0,432.5
East,1,2x10,12,2025-01-31,430.0,433.75
East,1,2x10,12,2025-02-07,445.0,436.25
East,1,2x10,12,2025-02-14,450.0,438.75
East,1,2x10,12,2025-02-21,460.0,446.25
East,1,2x10,12,2025-02-28,450.0,451.25
East,1,2x10,12,2025-03-07,460.0,455.0
East,1,2x10,12,2025-03-14,460.0,457.5
East,1,2x10,12,2025-03-21,460.0,457.5
East,1,2x10,12,2025-03-28,470.0,462.5
East,1,2x10,12,2025-04-04,480.0,467.5
East,1,2x10,12,2025-04-11,495.0,476.25
East,1,2x10,12,2025-04-18,500.0,486.25
East,1,2x10,12,2025-04-25,510.0,496.25
East,1,2x10,12,2025-05-02,510.0,503.75
East,1,2x10,12,2025-05-09,505.0,506.25
East,1,2x10,12,2025-05-16,485.0,502.5
East,1,2x10,12,2025-05-23,460.0,490.0
East,1,2x10,12,2025-05-30,440.0,472.5
East,1,2x10,12,2025-06-06,425.0,452.5
East,1,2x10,12,2025-06-13,415.0,435.0
East,1,2x10,12,2025-06-19,415.0,423.75
East,1,2x10,12,2025-06-27,405.0,415.0
East,1,2x10,12,2025-07-03,405.0,410.0
East,1,2x10,12,2025-07-11,410.0,408.75
East,1,2x10,12,2025-07-18,415.0,408.75
East,1,2x10,12,2025-07-25,410.0,410.0
East,1,2x10,12,2025-08-01,425.0,415.0
East,1,2x10,12,2025-08-08,430.0,420.0
East,1,2x10,12,2025-08-15,420.0,421.25
East,1,2x10,12,2025-08-22,410.0,421.25
East,1,2x10,12,2025-08-29,400.0,415.0
East,1,2x10,12,2025-09-05,390.0,405.0
East,1,2x10,12,2025-09-12,385.0,396.25
East,1,2x10,12,2025-09-19,390.0,391.25
East,1,2x10,12,2025-09-26,385.0,387.5
East,1,2x10,12,2025-10-03,395.0,388.75
East,1,2x10,12,2025-10-10,400.0,392.5
East,1,2x10,12,2025-10-17,400.0,395.0
East,1,2x10,14,2024-01-12,375.0,375.0
East,1,2x10,14,2024-01-18,360.0,367.5
East,1,2x10,14,2024-01-25,345.0,360.0
East,1,2x10,14,2024-02-08,340.0,355.0
East,1,2x10,14,2024-02-15,350.0,348.75
East,1,2x10,14,2024-02-22,360.0,348.75
East,1,2x10,14,2024-02-29,370.0,355.0
East,1,2x10,14,2024-03-07,375.0,363.75
East,1,2x10,14,2024-03-14,380.0,371.25
East,1,2x10,14,2024-03-21,380.0,376.25
East,1,2x10,14,2024-03-28,380.0,378.75
East,1,2x10,14,2024-04-04,380.0,380.0
East,1,2x10,14,2024-04-11,380.0,380.0
East,1,2x10,14,2024-04-18,380.0,380.0
East,1,2x10,14,2024-04-25,380.0,380.0
East,1,2x10,14,2024-05-02,395.0,383.75
East,1,2x10,14,2024-05-09,410.0,391.25
East,1,2x10,14,2024-05-16,420.0,401.25
East,1,2x10,14,2024-05-30,450.0,418.75
East,1,2x10,14,2024-06-06,460.0,435.0
East,1,2x10,14,2024-06-13,460.0,447.5
East,1,2x10,14,2024-06-20,455.0,456.25
East,1,2x10,14,2024-06-27,445.0,455.0
East,1,2x10,14,2024-07-04,435.0,448.75
East,1,2x10,14,2024-07-11,435.0,442.5
East,1,2x10,14,2024-07-18,435.0,437.5
East,1,2x10,14,2024-07-25,435.0,435.0
East,1,2x10,14,2024-08-01,435.0,435.0
East,1,2x10,14,2024-08-08,435.0,435.0
East,1,2x10,14,2024-08-15,435.0,435.0
East,1,2x10,14,2024-08-22,435.0,435.0
East,1,2x10,14,2024-08-29,435.0,435.0
East,1,2x10,14,2024-09-05,435.0,435.0
East,1,2x10,14,2024-09-12,435.0,435.0
East,1,2x10,14,2024-09-20,415.0,430.0
East,1,2x10,14,2024-09-27,415.0,425.0
East,1,2x10,14,2024-10-04,415.0,420.0
East,1,2x10,14,2024-10-11,415.0,415.0
East,1,2x10,14,2024-10-18,415.0,415.0
East,1,2x10,14,2024-10-25,415.0,415.0
East,1,2x10,14,2024-11-01,415.0,415.0
East,1,2x10,14,2024-11-08,410.0,413.75
East,1,2x10,14,2024-11-15,395.0,408.75
East,1,2x10,14,2024-11-22,375.0,398.75
East,1,2x10,14,2024-11-27,370.0,387.5
East,1,2x10,14,2024-12-06,365.0,376.25
East,1,2x10,14,2024-12-13,370.0,370.0
East,1,2x10,14,2024-12-20,370.0,368.75
East,1,2x10,14,2025-01-03,380.0,371.25
East,1,2x10,14,2025-01-10,390.0,377.5
East,1,2x10,14,2025-01-17,390.0,382.5
East,1,2x10,14,2025-01-24,390.0,387.5
East,1,2x10,14,2025-01-31,390.0,390.0
East,1,2x10,14,2025-02-07,400.0,392.5
East,1,2x10,14,2025-02-14,405.0,396.25
East,1,2x10,14,2025-02-21,410.0,401.25
East,1,2x10,14,2025-02-28,410.0,406.25
East,1,2x10,14,2025-03-07,410.0,408.75
East,1,2x10,14,2025-03-14,415.0,411.25
East,1,2x10,14,2025-03-21,420.0,413.75
East,1,2x10,14,2025-03-28,430.0,418.75
East,1,2x10,14,2025-04-04,440.0,426.25
East,1,2x10,14,2025-04-11,460.0,437.5
East,1,2x10,14,2025-04-18,485.0,453.75
East,1,2x10,14,2025-04-25,500.0,471.25
East,1,2x10,14,2025-05-02,500.0,486.25
East,1,2x10,14,2025-05-09,490.0,493.75
East,1,2x10,14,2025-05-16,480.0,492.5
East,1,2x10,14,2025-05-23,460.0,482.5
East,1,2x10,14,2025-05-30,445.0,468.75
East,1,2x10,14,2025-06-06,435.0,455.0
East,1,2x10,14,2025-06-13,430.0,442.5
East,1,2x10,14,2025-06-19,425.0,433.75
East,1,2x10,14,2025-06-27,415.0,426.25
East,1,2x10,14,2025-07-03,415.0,421.25
East,1,2x10,14,2025-07-11,420.0,418.75
East,1,2x10,14,2025-07-18,420.0,417.5
East,1,2x10,14,2025-07-25,350.0,401.25
East,1,2x10,14,2025-08-01,415.0,401.25
East,1,2x10,14,2025-08-08,415.0,400.0
East,1,2x10,14,2025-08-15,405.0,396.25
East,1,2x10,14,2025-08-22,395.0,407.5
East,1,2x10,14,2025-08-29,375.0,397.5
East,1,2x10,14,2025-09-05,365.0,385.0
East,1,2x10,14,2025-09-12,365.0,375.0
East,1,2x10,14,2025-09-19,365.0,367.5
East,1,2x10,14,2025-09-26,355.0,362.5
East,1,2x10,14,2025-10-03,355.0,360.0
East,1,2x10,14,2025-10-10,355.0,357.5
East,1,2x10,14,2025-10-17,360.0,356.25
East,1,2x10,16,2024-01-12,390.0,390.0
East,1,2x10,16,2024-01-18,370.0,380.0
East,1,2x10,16,2024-01-25,355.0,371.6666666666667
East,1,2x10,16,2024-02-08,355.0,367.5
East,1,2x10,16,2024-02-15,370.0,362.5
East,1,2x10,16,2024-02-22,380.0,365.0
East,1,2x10,16,2024-02-29,385.0,372.5
East,1,2x10,16,2024-03-07,390.0,381.25
East,1,2x10,16,2024-03-14,390.0,386.25
East,1,2x10,16,2024-03-21,390.0,388.75
East,1,2x10,16,2024-03-28,390.0,390.0
East,1,2x10,16,2024-04-04,390.0,390.0
East,1,2x10,16,2024-04-11,385.0,388.75
East,1,2x10,16,2024-04-18,375.0,385.0
East,1,2x10,16,2024-04-25,375.0,381.25
East,1,2x10,16,2024-05-02,385.0,380.0
East,1,2x10,16,2024-05-09,405.0,385.0
East,1,2x10,16,2024-05-16,420.0,396.25
East,1,2x10,16,2024-05-30,460.0,417.5
East,1,2x10,16,2024-06-06,470.0,438.75
East,1,2x10,16,2024-06-13,455.0,451.25
East,1,2x10,16,2024-06-20,450.0,458.75
East,1,2x10,16,2024-06-27,445.0,455.0
East,1,2x10,16,2024-07-04,440.0,447.5
East,1,2x10,16,2024-07-11,440.0,443.75
East,1,2x10,16,2024-07-18,440.0,441.25
East,1,2x10,16,2024-07-25,445.0,441.25
East,1,2x10,16,2024-08-01,450.0,443.75
East,1,2x10,16,2024-08-08,450.0,446.25
East,1,2x10,16,2024-08-15,450.0,448.75
East,1,2x10,16,2024-08-22,450.0,450.0
East,1,2x10,16,2024-08-29,450.0,450.0
East,1,2x10,16,2024-09-05,450.0,450.0
East,1,2x10,16,2024-09-12,455.0,451.25
East,1,2x10,16,2024-09-20,435.0,447.5
East,1,2x10,16,2024-09-27,440.0,445.0
East,1,2x10,16,2024-10-04,455.0,446.25
East,1,2x10,16,2024-10-11,465.0,448.75
East,1,2x10,16,2024-10-18,470.0,457.5
East,1,2x10,16,2024-10-25,475.0,466.25
East,1,2x10,16,2024-11-01,475.0,471.25
East,1,2x10,16,2024-11-08,475.0,473.75
East,1,2x10,16,2024-11-15,460.0,471.25
East,1,2x10,16,2024-11-22,445.0,463.75
East,1,2x10,16,2024-11-27,445.0,456.25
East,1,2x10,16,2024-12-06,430.0,445.0
East,1,2x10,16,2024-12-13,420.0,435.0
East,1,2x10,16,2024-12-20,420.0,428.75
East,1,2x10,16,2025-01-03,430.0,425.0
East,1,2x10,16,2025-01-10,430.0,425.0
East,1,2x10,16,2025-01-17,420.0,425.0
East,1,2x10,16,2025-01-24,420.0,425.0
East,1,2x10,16,2025-01-31,420.0,422.5
East,1,2x10,16,2025-02-07,435.0,423.75
East,1,2x10,16,2025-02-14,440.0,428.75
East,1,2x10,16,2025-02-21,450.0,436.25
East,1,2x10,16,2025-02-28,450.0,443.75
East,1,2x10,16,2025-03-07,450.0,447.5
East,1,2x10,16,2025-03-14,440.0,447.5
East,1,2x10,16,2025-03-21,440.0,445.0
East,1,2x10,16,2025-03-28,450.0,445.0
East,1,2x10,16,2025-04-04,460.0,447.5
East,1,2x10,16,2025-04-11,475.0,456.25
East,1,2x10,16,2025-04-18,485.0,467.5
East,1,2x10,16,2025-04-25,500.0,480.0
East,1,2x10,16,2025-05-02,500.0,490.0
East,1,2x10,16,2025-05-09,500.0,496.25
East,1,2x10,16,2025-05-16,485.0,496.25
East,1,2x10,16,2025-05-23,465.0,487.5
East,1,2x10,16,2025-05-30,445.0,473.75
East,1,2x10,16,2025-06-06,425.0,455.0
East,1,2x10,16,2025-06-13,415.0,437.5
East,1,2x10,16,2025-06-19,410.0,423.75
East,1,2x10,16,2025-06-27,400.0,412.5
East,1,2x10,16,2025-07-03,400.0,406.25
East,1,2x10,16,2025-07-11,400.0,402.5
East,1,2x10,16,2025-07-18,400.0,400.0
East,1,2x10,16,2025-07-25,400.0,400.0
East,1,2x10,16,2025-08-01,405.0,401.25
East,1,2x10,16,2025-08-08,405.0,402.5
East,1,2x10,16,2025-08-15,400.0,402.5
East,1,2x10,16,2025-08-22,385.0,398.75
East,1,2x10,16,2025-08-29,365.0,388.75
East,1,2x10,16,2025-09-05,360.0,377.5
East,1,2x10,16,2025-09-12,360.0,367.5
East,1,2x10,16,2025-09-19,360.0,361.25
East,1,2x10,16,2025-09-26,360.0,360.0
East,1,2x10,16,2025-10-03,370.0,362.5
East,1,2x10,16,2025-10-10,370.0,365.0
East,1,2x10,16,2025-10-17,375.0,368.75
East,1,2x10,18,2024-01-12,410.0,410.0
East,1,2x10,18,2024-01-18,395.0,402.5
East,1,2x10,18,2024-01-25,380.0,395.0
East,1,2x10,18,2024-02-08,370.0,388.75
East,1,2x10,18,2024-02-15,370.0,378.75
East,1,2x10,18,2024-02-22,375.0,373.75
East,1,2x10,18,2024-02-29,375.0,372.5
East,1,2x10,18,2024-03-07,380.0,375.0
East,1,2x10,18,2024-03-14,390.0,380.0
East,1,2x10,18,2024-03-21,385.0,382.5
East,1,2x10,18,2024-03-28,385.0,385.0
East,1,2x10,18,2024-04-04,375.0,383.75
East,1,2x10,18,2024-04-11,360.0,376.25
East,1,2x10,18,2024-04-18,360.0,370.0
East,1,2x10,18,2024-04-25,340.0,358.75
East,1,2x10,18,2024-05-02,340.0,350.0
East,1,2x10,18,2024-05-09,340.0,345.0
East,1,2x10,18,2024-05-16,350.0,342.5
East,1,2x10,18,2024-05-30,385.0,353.75
East,1,2x10,18,2024-06-06,400.0,368.75
East,1,2x10,18,2024-06-13,395.0,382.5
East,1,2x10,18,2024-06-20,390.0,392.5
East,1,2x10,18,2024-06-27,385.0,392.5
East,1,2x10,18,2024-07-04,380.0,387.5
East,1,2x10,18,2024-07-11,380.0,383.75
East,1,2x10,18,2024-07-18,380.0,381.25
East,1,2x10,18,2024-07-25,380.0,380.0
East,1,2x10,18,2024-08-01,380.0,380.0
East,1,2x10,18,2024-08-08,380.0,380.0
East,1,2x10,18,2024-08-15,380.0,380.0
East,1,2x10,18,2024-08-22,380.0,380.0
East,1,2x10,18,2024-08-29,375.0,378.75
East,1,2x10,18,2024-09-05,375.0,377.5
East,1,2x10,18,2024-09-12,375.0,376.25
East,1,2x10,18,2024-09-20,355.0,370.0
East,1,2x10,18,2024-09-27,355.0,365.0
East,1,2x10,18,2024-10-04,370.0,363.75
East,1,2x10,18,2024-10-11,380.0,365.0
East,1,2x10,18,2024-10-18,385.0,372.5
East,1,2x10,18,2024-10-25,385.0,380.0
East,1,2x10,18,2024-11-01,385.0,383.75
East,1,2x10,18,2024-11-08,375.0,382.5
East,1,2x10,18,2024-11-15,355.0,375.0
East,1,2x10,18,2024-11-22,325.0,360.0
East,1,2x10,18,2024-11-27,315.0,342.5
East,1,2x10,18,2024-12-06,315.0,327.5
East,1,2x10,18,2024-12-13,315.0,317.5
East,1,2x10,18,2024-12-20,315.0,315.0
East,1,2x10,18,2025-01-03,325.0,317.5
East,1,2x10,18,2025-01-10,330.0,321.25
East,1,2x10,18,2025-01-17,330.0,325.0
East,1,2x10,18,2025-01-24,325.0,327.5
East,1,2x10,18,2025-01-31,315.0,325.0
East,1,2x10,18,2025-02-07,320.0,322.5
East,1,2x10,18,2025-02-14,330.0,322.5
East,1,2x10,18,2025-02-21,335.0,325.0
East,1,2x10,18,2025-02-28,335.0,330.0
East,1,2x10,18,2025-03-07,335.0,333.75
East,1,2x10,18,2025-03-14,335.0,335.0
East,1,2x10,18,2025-03-21,345.0,337.5
East,1,2x10,18,2025-03-28,355.0,342.5
East,1,2x10,18,2025-04-04,355.0,347.5
East,1,2x10,18,2025-04-11,365.0,355.0
East,1,2x10,18,2025-04-18,375.0,362.5
East,1,2x10,18,2025-04-25,380.0,368.75
East,1,2x10,18,2025-05-02,380.0,375.0
East,1,2x10,18,2025-05-09,380.0,378.75
East,1,2x10,18,2025-05-16,380.0,380.0
East,1,2x10,18,2025-05-23,370.0,377.5
East,1,2x10,18,2025-05-30,360.0,372.5
East,1,2x10,18,2025-06-06,350.0,365.0
East,1,2x10,18,2025-06-13,350.0,357.5
East,1,2x10,18,2025-06-19,350.0,352.5
East,1,2x10,18,2025-06-27,350.0,350.0
East,1,2x10,18,2025-07-03,350.0,350.0
East,1,2x10,18,2025-07-11,355.0,351.25
East,1,2x10,18,2025-07-18,365.0,355.0
East,1,2x10,18,2025-07-25,305.0,343.75
East,1,2x10,18,2025-08-01,370.0,348.75
East,1,2x10,18,2025-08-08,375.0,353.75
East,1,2x10,18,2025-08-15,375.0,356.25
East,1,2x10,18,2025-08-22,365.0,371.25
East,1,2x10,18,2025-08-29,355.0,367.5
East,1,2x10,18,2025-09-05,350.0,361.25
East,1,2x10,18,2025-09-12,350.0,355.0
East,1,2x10,18,2025-09-19,350.0,351.25
East,1,2x10,18,2025-09-26,340.0,347.5
East,1,2x10,18,2025-10-03,340.0,345.0
East,1,2x10,18,2025-10-10,350.0,345.0
East,1,2x10,18,2025-10-17,350.0,345.0
East,1,2x10,20,2024-01-12,800.0,800.0
East,1,2x10,20,2024-01-18,775.0,787.5
East,1,2x10,20,2024-01-25,750.0,775.0
East,1,2x10,20,2024-02-08,685.0,752.5
East,1,2x10,20,2024-02-15,670.0,720.0
East,1,2x10,20,2024-02-22,660.0,691.25
East,1,2x10,20,2024-02-29,660.0,668.75
East,1,2x10,20,2024-03-07,675.0,666.25
East,1,2x10,20,2024-03-14,675.0,667.5
East,1,2x10,20,2024-03-21,670.0,670.0
East,1,2x10,20,2024-03-28,670.0,672.5
East,1,2x10,20,2024-04-04,670.0,671.25
East,1,2x10,20,2024-04-11,670.0,670.0
East,1,2x10,20,2024-04-18,660.0,667.5
East,1,2x10,20,2024-04-25,655.0,663.75
East,1,2x10,20,2024-05-02,655.0,660.0
East,1,2x10,20,2024-05-09,655.0,656.25
East,1,2x10,20,2024-05-16,665.0,657.5
East,1,2x10,20,2024-05-30,690.0,666.25
East,1,2x10,20,2024-06-06,705.0,678.75
East,1,2x10,20,2024-06-13,705.0,691.25
East,1,2x10,20,2024-06-20,700.0,700.0
East,1,2x10,20,2024-06-27,685.0,698.75
East,1,2x10,20,2024-07-04,680.0,692.5
East,1,2x10,20,2024-07-11,680.0,686.25
East,1,2x10,20,2024-07-18,680.0,681.25
East,1,2x10,20,2024-07-25,690.0,682.5
East,1,2x10,20,2024-08-01,690.0,685.0
East,1,2x10,20,2024-08-08,690.0,687.5
East,1,2x10,20,2024-08-15,690.0,690.0
East,1,2x10,20,2024-08-22,690.0,690.0
East,1,2x10,20,2024-08-29,685.0,688.75
East,1,2x10,20,2024-09-05,685.0,687.5
East,1,2x10,20,2024-09-12,685.0,686.25
East,1,2x10,20,2024-09-20,685.0,685.0
East,1,2x10,20,2024-09-27,685.0,685.0
East,1,2x10,20,2024-10-04,700.0,688.75
East,1,2x10,20,2024-10-11,705.0,693.75
East,1,2x10,20,2024-10-18,705.0,698.75
East,1,2x10,20,2024-10-25,705.0,703.75
East,1,2x10,20,2024-11-01,705.0,705.0
East,1,2x10,20,2024-11-08,695.0,702.5
East,1,2x10,20,2024-11-15,685.0,697.5
East,1,2x10,20,2024-11-22,685.0,692.5
East,1,2x10,20,2024-11-27,685.0,687.5
East,1,2x10,20,2024-12-06,670.0,681.25
East,1,2x10,20,2024-12-13,660.0,675.0
East,1,2x10,20,2024-12-20,635.0,662.5
East,1,2x10,20,2025-01-03,645.0,652.5
East,1,2x10,20,2025-01-10,645.0,646.25
East,1,2x10,20,2025-01-17,645.0,642.5
East,1,2x10,20,2025-01-24,630.0,641.25
East,1,2x10,20,2025-01-31,620.0,635.0
East,1,2x10,20,2025-02-07,620.0,628.75
East,1,2x10,20,2025-02-14,600.0,617.5
East,1,2x10,20,2025-02-21,585.0,606.25
East,1,2x10,20,2025-02-28,580.0,596.25
East,1,2x10,20,2025-03-07,580.0,586.25
East,1,2x10,20,2025-03-14,570.0,578.75
East,1,2x10,20,2025-03-21,580.0,577.5
East,1,2x10,20,2025-03-28,590.0,580.0
East,1,2x10,20,2025-04-04,590.0,582.5
East,1,2x10,20,2025-04-11,560.0,580.0
East,1,2x10,20,2025-04-18,560.0,575.0
East,1,2x10,20,2025-04-25,560.0,567.5
East,1,2x10,20,2025-05-02,540.0,555.0
East,1,2x10,20,2025-05-09,520.0,545.0
East,1,2x10,20,2025-05-16,495.0,528.75
East,1,2x10,20,2025-05-23,475.0,507.5
East,1,2x10,20,2025-05-30,455.0,486.25
East,1,2x10,20,2025-06-06,435.0,465.0
East,1,2x10,20,2025-06-13,420.0,446.25
East,1,2x10,20,2025-06-19,420.0,432.5
East,1,2x10,20,2025-06-27,410.0,421.25
East,1,2x10,20,2025-07-03,410.0,415.0
East,1,2x10,20,2025-07-11,415.0,413.75
East,1,2x10,20,2025-07-18,420.0,413.75
East,1,2x10,20,2025-07-25,445.0,422.5
East,1,2x10,20,2025-08-01,425.0,426.25
East,1,2x10,20,2025-08-08,425.0,428.75
East,1,2x10,20,2025-08-15,415.0,427.5
East,1,2x10,20,2025-08-22,395.0,415.0
East,1,2x10,20,2025-08-29,380.0,403.75
East,1,2x10,20,2025-09-05,360.0,387.5
East,1,2x10,20,2025-09-12,360.0,373.75
East,1,2x10,20,2025-09-19,360.0,365.0
East,1,2x10,20,2025-09-26,360.0,360.0
East,1,2x10,20,2025-10-03,360.0,360.0
East,1,2x10,20,2025-10-10,360.0,360.0
East,1,2x10,20,2025-10-17,360.0,360.0
East,1,2x12,8,2024-01-12,585.0,585.0
East,1,2x12,8,2024-01-18,585.0,585.0
East,1,2x12,8,2024-01-25,585.0,585.0
East,1,2x12,8,2024-02-08,590.0,586.25
East,1,2x12,8,2024-02-15,590.0,587.5
East,1,2x12,8,2024-02-22,595.0,590.0
East,1,2x12,8,2024-02-29,595.0,592.5
East,1,2x12,8,2024-03-07,595.0,593.75
East,1,2x12,8,2024-03-14,605.0,597.5
East,1,2x12,8,2024-03-21,605.0,600.0
East,1,2x12,8,2024-03-28,605.0,602.5
East,1,2x12,8,2024-04-04,605.0,605.0
East,1,2x12,8,2024-04-11,605.0,605.0
East,1,2x12,8,2024-04-18,590.0,601.25
East,1,2x12,8,2024-04-25,580.0,595.0
East,1,2x12,8,2024-05-02,580.0,588.75
East,1,2x12,8,2024-05-09,580.0,582.5
East,1,2x12,8,2024-05-16,570.0,577.5
East,1,2x12,8,2024-05-30,570.0,575.0
East,1,2x12,8,2024-06-06,570.0,572.5
East,1,2x12,8,2024-06-13,570.0,570.0
East,1,2x12,8,2024-06-20,565.0,568.75
East,1,2x12,8,2024-06-27,550.0,563.75
East,1,2x12,8,2024-07-04,540.0,556.25
East,1,2x12,8,2024-07-11,540.0,548.75
East,1,2x12,8,2024-07-18,540.0,542.5
East,1,2x12,8,2024-07-25,540.0,540.0
East,1,2x12,8,2024-08-01,540.0,540.0
East,1,2x12,8,2024-08-08,540.0,540.0
East,1,2x12,8,2024-08-15,540.0,540.0
East,1,2x12,8,2024-08-22,540.0,540.0
East,1,2x12,8,2024-08-29,545.0,541.25
East,1,2x12,8,2024-09-05,545.0,542.5
East,1,2x12,8,2024-09-12,545.0,543.75
East,1,2x12,8,2024-09-20,520.0,538.75
East,1,2x12,8,2024-09-27,520.0,532.5
East,1,2x12,8,2024-10-04,545.0,532.5
East,1,2x12,8,2024-10-11,565.0,537.5
East,1,2x12,8,2024-10-18,585.0,553.75
East,1,2x12,8,2024-10-25,585.0,570.0
East,1,2x12,8,2024-11-01,585.0,580.0
East,1,2x12,8,2024-11-08,575.0,582.5
East,1,2x12,8,2024-11-15,565.0,577.5
East,1,2x12,8,2024-11-22,555.0,570.0
East,1,2x12,8,2024-11-27,555.0,562.5
East,1,2x12,8,2024-12-06,555.0,557.5
East,1,2x12,8,2024-12-13,555.0,555.0
East,1,2x12,8,2024-12-20,555.0,555.0
East,1,2x12,8,2025-01-03,555.0,555.0
East,1,2x12,8,2025-01-10,555.0,555.0
East,1,2x12,8,2025-01-17,555.0,555.0
East,1,2x12,8,2025-01-24,555.0,555.0
East,1,2x12,8,2025-01-31,545.0,552.5
East,1,2x12,8,2025-02-07,545.0,550.0
East,1,2x12,8,2025-02-14,545.0,547.5
East,1,2x12,8,2025-02-21,545.0,545.0
East,1,2x12,8,2025-02-28,535.0,542.5
East,1,2x12,8,2025-03-07,535.0,540.0
East,1,2x12,8,2025-03-14,535.0,537.5
East,1,2x12,8,2025-03-21,535.0,535.0
East,1,2x12,8,2025-03-28,535.0,535.0
East,1,2x12,8,2025-04-04,535.0,535.0
East,1,2x12,8,2025-04-11,525.0,532.5
East,1,2x12,8,2025-04-18,525.0,530.0
East,1,2x12,8,2025-04-25,525.0,527.5
East,1,2x12,8,2025-05-02,525.0,525.0
East,1,2x12,8,2025-05-09,525.0,525.0
East,1,2x12,8,2025-05-16,515.0,522.5
East,1,2x12,8,2025-05-23,500.0,516.25
East,1,2x12,8,2025-05-30,485.0,506.25
East,1,2x12,8,2025-06-06,475.0,493.75
East,1,2x12,8,2025-06-13,460.0,480.0
East,1,2x12,8,2025-06-19,460.0,470.0
East,1,2x12,8,2025-06-27,450.0,461.25
East,1,2x12,8,2025-07-03,450.0,455.0
East,1,2x12,8,2025-07-11,450.0,452.5
East,1,2x12,8,2025-07-18,450.0,450.0
East,1,2x12,8,2025-07-25,450.0,450.0
East,1,2x12,8,2025-08-01,465.0,453.75
East,1,2x12,8,2025-08-08,465.0,457.5
East,1,2x12,8,2025-08-15,455.0,458.75
East,1,2x12,8,2025-08-22,445.0,457.5
East,1,2x12,8,2025-08-29,430.0,448.75
East,1,2x12,8,2025-09-05,420.0,437.5
East,1,2x12,8,2025-09-12,410.0,426.25
East,1,2x12,8,2025-09-19,420.0,420.0
East,1,2x12,8,2025-09-26,435.0,421.25
East,1,2x12,8,2025-10-03,450.0,428.75
East,1,2x12,8,2025-10-10,465.0,442.5
East,1,2x12,8,2025-10-17,470.0,455.0
East,1,2x12,10,2024-01-12,620.0,620.0
East,1,2x12,10,2024-01-18,620.0,620.0
East,1,2x12,10,2024-01-25,610.0,616.6666666666666
East,1,2x12,10,2024-02-08,610.0,615.0
East,1,2x12,10,2024-02-15,610.0,612.5
East,1,2x12,10,2024-02-22,610.0,610.0
East,1,2x12,10,2024-02-29,610.0,610.0
East,1,2x12,10,2024-03-07,610.0,610.0
East,1,2x12,10,2024-03-14,605.0,608.75
East,1,2x12,10,2024-03-21,605.0,607.5
East,1,2x12,10,2024-03-28,605.0,606.25
East,1,2x12,10,2024-04-04,590.0,601.25
East,1,2x12,10,2024-04-11,575.0,593.75
East,1,2x12,10,2024-04-18,535.0,576.25
East,1,2x12,10,2024-04-25,510.0,552.5
East,1,2x12,10,2024-05-02,495.0,528.75
East,1,2x12,10,2024-05-09,495.0,508.75
East,1,2x12,10,2024-05-16,495.0,498.75
East,1,2x12,10,2024-05-30,495.0,495.0
East,1,2x12,10,2024-06-06,495.0,495.0
East,1,2x12,10,2024-06-13,495.0,495.0
East,1,2x12,10,2024-06-20,490.0,493.75
East,1,2x12,10,2024-06-27,470.0,487.5
East,1,2x12,10,2024-07-04,455.0,477.5
East,1,2x12,10,2024-07-11,455.0,467.5
East,1,2x12,10,2024-07-18,455.0,458.75
East,1,2x12,10,2024-07-25,455.0,455.0
East,1,2x12,10,2024-08-01,455.0,455.0
East,1,2x12,10,2024-08-08,455.0,455.0
East,1,2x12,10,2024-08-15,455.0,455.0
East,1,2x12,10,2024-08-22,455.0,455.0
East,1,2x12,10,2024-08-29,460.0,456.25
East,1,2x12,10,2024-09-05,460.0,457.5
East,1,2x12,10,2024-09-12,460.0,458.75
East,1,2x12,10,2024-09-20,440.0,455.0
East,1,2x12,10,2024-09-27,440.0,450.0
East,1,2x12,10,2024-10-04,460.0,450.0
East,1,2x12,10,2024-10-11,480.0,455.0
East,1,2x12,10,2024-10-18,500.0,470.0
East,1,2x12,10,2024-10-25,505.0,486.25
East,1,2x12,10,2024-11-01,505.0,497.5
East,1,2x12,10,2024-11-08,495.0,501.25
East,1,2x12,10,2024-11-15,485.0,497.5
East,1,2x12,10,2024-11-22,475.0,490.0
East,1,2x12,10,2024-11-27,465.0,480.0
East,1,2x12,10,2024-12-06,455.0,470.0
East,1,2x12,10,2024-12-13,455.0,462.5
East,1,2x12,10,2024-12-20,455.0,457.5
East,1,2x12,10,2025-01-03,455.0,455.0
East,1,2x12,10,2025-01-10,455.0,455.0
East,1,2x12,10,2025-01-17,455.0,455.0
East,1,2x12,10,2025-01-24,455.0,455.0
East,1,2x12,10,2025-01-31,445.0,452.5
East,1,2x12,10,2025-02-07,450.0,451.25
East,1,2x12,10,2025-02-14,450.0,450.0
East,1,2x12,10,2025-02-21,450.0,448.75
East,1,2x12,10,2025-02-28,440.0,447.5
East,1,2x12,10,2025-03-07,440.0,445.0
East,1,2x12,10,2025-03-14,440.0,442.5
East,1,2x12,10,2025-03-21,440.0,440.0
East,1,2x12,10,2025-03-28,440.0,440.0
East,1,2x12,10,2025-04-04,445.0,441.25
East,1,2x12,10,2025-04-11,445.0,442.5
East,1,2x12,10,2025-04-18,435.0,441.25
East,1,2x12,10,2025-04-25,435.0,440.0
East,1,2x12,10,2025-05-02,445.0,440.0
East,1,2x12,10,2025-05-09,445.0,440.0
East,1,2x12,10,2025-05-16,445.0,442.5
East,1,2x12,10,2025-05-23,440.0,443.75
East,1,2x12,10,2025-05-30,435.0,441.25
East,1,2x12,10,2025-06-06,435.0,438.75
East,1,2x12,10,2025-06-13,435.0,436.25
East,1,2x12,10,2025-06-19,435.0,435.0
East,1,2x12,10,2025-06-27,435.0,435.0
East,1,2x12,10,2025-07-03,435.0,435.0
East,1,2x12,10,2025-07-11,435.0,435.0
East,1,2x12,10,2025-07-18,435.0,435.0
East,1,2x12,10,2025-07-25,420.0,431.25
East,1,2x12,10,2025-08-01,445.0,433.75
East,1,2x12,10,2025-08-08,445.0,436.25
East,1,2x12,10,2025-08-15,440.0,437.5
East,1,2x12,10,2025-08-22,440.0,442.5
East,1,2x12,10,2025-08-29,430.0,438.75
East,1,2x12,10,2025-09-05,420.0,432.5
East,1,2x12,10,2025-09-12,420.0,427.5
East,1,2x12,10,2025-09-19,430.0,425.0
East,1,2x12,10,2025-09-26,430.0,425.0
East,1,2x12,10,2025-10-03,440.0,430.0
East,1,2x12,10,2025-10-10,460.0,440.0
East,1,2x12,10,2025-10-17,470.0,450.0
East,1,2x12,12,2024-01-12,580.0,580.0
East,1,2x12,12,2024-01-18,580.0,580.0
East,1,2x12,12,2024-01-25,580.0,580.0
East,1,2x12,12,2024-02-08,580.0,580.0
East,1,2x12,12,2024-02-15,590.0,582.5
East,1,2x12,12,2024-02-22,595.0,586.25
East,1,2x12,12,2024-02-29,600.0,591.25
East,1,2x12,12,2024-03-07,600.0,596.25
East,1,2x12,12,2024-03-14,600.0,598.75
East,1,2x12,12,2024-03-21,600.0,600.0
East,1,2x12,12,2024-03-28,600.0,600.0
East,1,2x12,12,2024-04-04,590.0,597.5
East,1,2x12,12,2024-04-11,580.0,592.5
East,1,2x12,12,2024-04-18,540.0,577.5
East,1,2x12,12,2024-04-25,520.0,557.5
East,1,2x12,12,2024-05-02,520.0,540.0
East,1,2x12,12,2024-05-09,520.0,525.0
East,1,2x12,12,2024-05-16,520.0,520.0
East,1,2x12,12,2024-05-30,520.0,520.0
East,1,2x12,12,2024-06-06,520.0,520.0
East,1,2x12,12,2024-06-13,510.0,517.5
East,1,2x12,12,2024-06-20,505.0,513.75
East,1,2x12,12,2024-06-27,490.0,506.25
East,1,2x12,12,2024-07-04,490.0,498.75
East,1,2x12,12,2024-07-11,490.0,493.75
East,1,2x12,12,2024-07-18,490.0,490.0
East,1,2x12,12,2024-07-25,490.0,490.0
East,1,2x12,12,2024-08-01,490.0,490.0
East,1,2x12,12,2024-08-08,490.0,490.0
East,1,2x12,12,2024-08-15,490.0,490.0
East,1,2x12,12,2024-08-22,475.0,486.25
East,1,2x12,12,2024-08-29,465.0,480.0
East,1,2x12,12,2024-09-05,465.0,473.75
East,1,2x12,12,2024-09-12,475.0,470.0
East,1,2x12,12,2024-09-20,455.0,465.0
East,1,2x12,12,2024-09-27,465.0,465.0
East,1,2x12,12,2024-10-04,490.0,471.25
East,1,2x12,12,2024-10-11,510.0,480.0
East,1,2x12,12,2024-10-18,530.0,498.75
East,1,2x12,12,2024-10-25,540.0,517.5
East,1,2x12,12,2024-11-01,535.0,528.75
East,1,2x12,12,2024-11-08,525.0,532.5
East,1,2x12,12,2024-11-15,510.0,527.5
East,1,2x12,12,2024-11-22,495.0,516.25
East,1,2x12,12,2024-11-27,485.0,503.75
East,1,2x12,12,2024-12-06,475.0,491.25
East,1,2x12,12,2024-12-13,485.0,485.0
East,1,2x12,12,2024-12-20,485.0,482.5
East,1,2x12,12,2025-01-03,485.0,482.5
East,1,2x12,12,2025-01-10,480.0,483.75
East,1,2x12,12,2025-01-17,465.0,478.75
East,1,2x12,12,2025-01-24,450.0,470.0
East,1,2x12,12,2025-01-31,440.0,458.75
East,1,2x12,12,2025-02-07,450.0,451.25
East,1,2x12,12,2025-02-14,450.0,447.5
East,1,2x12,12,2025-02-21,450.0,447.5
East,1,2x12,12,2025-02-28,440.0,447.5
East,1,2x12,12,2025-03-07,440.0,445.0
East,1,2x12,12,2025-03-14,440.0,442.5
East,1,2x12,12,2025-03-21,440.0,440.0
East,1,2x12,12,2025-03-28,440.0,440.0
East,1,2x12,12,2025-04-04,435.0,438.75
East,1,2x12,12,2025-04-11,425.0,435.0
East,1,2x12,12,2025-04-18,425.0,431.25
East,1,2x12,12,2025-04-25,425.0,427.5
East,1,2x12,12,2025-05-02,430.0,426.25
East,1,2x12,12,2025-05-09,430.0,427.5
East,1,2x12,12,2025-05-16,425.0,427.5
East,1,2x12,12,2025-05-23,425.0,427.5
East,1,2x12,12,2025-05-30,415.0,423.75
East,1,2x12,12,2025-06-06,415.0,420.0
East,1,2x12,12,2025-06-13,415.0,417.5
East,1,2x12,12,2025-06-19,415.0,415.0
East,1,2x12,12,2025-06-27,415.0,415.0
East,1,2x12,12,2025-07-03,420.0,416.25
East,1,2x12,12,2025-07-11,430.0,420.0
East,1,2x12,12,2025-07-18,435.0,425.0
East,1,2x12,12,2025-07-25,360.0,411.25
East,1,2x12,12,2025-08-01,445.0,417.5
East,1,2x12,12,2025-08-08,450.0,422.5
East,1,2x12,12,2025-08-15,450.0,426.25
East,1,2x12,12,2025-08-22,445.0,447.5
East,1,2x12,12,2025-08-29,435.0,445.0
East,1,2x12,12,2025-09-05,435.0,441.25
East,1,2x12,12,2025-09-12,440.0,438.75
East,1,2x12,12,2025-09-19,450.0,440.0
East,1,2x12,12,2025-09-26,460.0,446.25
East,1,2x12,12,2025-10-03,475.0,456.25
East,1,2x12,12,2025-10-10,490.0,468.75
East,1,2x12,12,2025-10-17,500.0,481.25
East,1,2x12,14,2024-01-12,555.0,555.0
East,1,2x12,14,2024-01-18,565.0,560.0
East,1,2x12,14,2024-01-25,555.0,558.3333333333334
East,1,2x12,14,2024-02-08,555.0,557.5
East,1,2x12,14,2024-02-15,565.0,560.0
East,1,2x12,14,2024-02-22,575.0,562.5
East,1,2x12,14,2024-02-29,575.0,567.5
East,1,2x12,14,2024-03-07,575.0,572.5
East,1,2x12,14,2024-03-14,575.0,575.0
East,1,2x12,14,2024-03-21,575.0,575.0
East,1,2x12,14,2024-03-28,575.0,575.0
East,1,2x12,14,2024-04-04,575.0,575.0
East,1,2x12,14,2024-04-11,565.0,572.5
East,1,2x12,14,2024-04-18,525.0,560.0
East,1,2x12,14,2024-04-25,500.0,541.25
East,1,2x12,14,2024-05-02,500.0,522.5
East,1,2x12,14,2024-05-09,515.0,510.0
East,1,2x12,14,2024-05-16,515.0,507.5
East,1,2x12,14,2024-05-30,515.0,511.25
East,1,2x12,14,2024-06-06,515.0,515.0
East,1,2x12,14,2024-06-13,500.0,511.25
East,1,2x12,14,2024-06-20,495.0,506.25
East,1,2x12,14,2024-06-27,480.0,497.5
East,1,2x12,14,2024-07-04,470.0,486.25
East,1,2x12,14,2024-07-11,465.0,477.5
East,1,2x12,14,2024-07-18,465.0,470.0
East,1,2x12,14,2024-07-25,465.0,466.25
East,1,2x12,14,2024-08-01,465.0,465.0
East,1,2x12,14,2024-08-08,465.0,465.0
East,1,2x12,14,2024-08-15,465.0,465.0
East,1,2x12,14,2024-08-22,465.0,465.0
East,1,2x12,14,2024-08-29,465.0,465.0
East,1,2x12,14,2024-09-05,465.0,465.0
East,1,2x12,14,2024-09-12,465.0,465.0
East,1,2x12,14,2024-09-20,445.0,460.0
East,1,2x12,14,2024-09-27,445.0,455.0
East,1,2x12,14,2024-10-04,460.0,453.75
East,1,2x12,14,2024-10-11,480.0,457.5
East,1,2x12,14,2024-10-18,500.0,471.25
East,1,2x12,14,2024-10-25,510.0,487.5
East,1,2x12,14,2024-11-01,510.0,500.0
East,1,2x12,14,2024-11-08,510.0,507.5
East,1,2x12,14,2024-11-15,495.0,506.25
East,1,2x12,14,2024-11-22,480.0,498.75
East,1,2x12,14,2024-11-27,470.0,488.75
East,1,2x12,14,2024-12-06,460.0,476.25
East,1,2x12,14,2024-12-13,460.0,467.5
East,1,2x12,14,2024-12-20,460.0,462.5
East,1,2x12,14,2025-01-03,460.0,460.0
East,1,2x12,14,2025-01-10,460.0,460.0
East,1,2x12,14,2025-01-17,450.0,457.5
East,1,2x12,14,2025-01-24,430.0,450.0
East,1,2x12,14,2025-01-31,420.0,440.0
East,1,2x12,14,2025-02-07,420.0,430.0
East,1,2x12,14,2025-02-14,420.0,422.5
East,1,2x12,14,2025-02-21,420.0,420.0
East,1,2x12,14,2025-02-28,420.0,420.0
East,1,2x12,14,2025-03-07,420.0,420.0
East,1,2x12,14,2025-03-14,415.0,418.75
East,1,2x12,14,2025-03-21,415.0,417.5
East,1,2x12,14,2025-03-28,415.0,416.25
East,1,2x12,14,2025-04-04,405.0,412.5
East,1,2x12,14,2025-04-11,405.0,410.0
East,1,2x12,14,2025-04-18,395.0,405.0
East,1,2x12,14,2025-04-25,395.0,400.0
East,1,2x12,14,2025-05-02,400.0,398.75
East,1,2x12,14,2025-05-09,400.0,397.5
East,1,2x12,14,2025-05-16,395.0,397.5
East,1,2x12,14,2025-05-23,385.0,395.0
East,1,2x12,14,2025-05-30,380.0,390.0
East,1,2x12,14,2025-06-06,370.0,382.5
East,1,2x12,14,2025-06-13,370.0,376.25
East,1,2x12,14,2025-06-19,370.0,372.5
East,1,2x12,14,2025-06-27,370.0,370.0
East,1,2x12,14,2025-07-03,370.0,370.0
East,1,2x12,14,2025-07-11,375.0,371.25
East,1,2x12,14,2025-07-18,375.0,372.5
East,1,2x12,14,2025-07-25,320.0,360.0
East,1,2x12,14,2025-08-01,385.0,363.75
East,1,2x12,14,2025-08-08,385.0,366.25
East,1,2x12,14,2025-08-15,380.0,367.5
East,1,2x12,14,2025-08-22,370.0,380.0
East,1,2x12,14,2025-08-29,350.0,371.25
East,1,2x12,14,2025-09-05,345.0,361.25
East,1,2x12,14,2025-09-12,345.0,352.5
East,1,2x12,14,2025-09-19,345.0,346.25
East,1,2x12,14,2025-09-26,350.0,346.25
East,1,2x12,14,2025-10-03,360.0,350.0
East,1,2x12,14,2025-10-10,375.0,357.5
East,1,2x12,14,2025-10-17,390.0,368.75
East,1,2x12,16,2024-01-12,570.0,570.0
East,1,2x12,16,2024-01-18,570.0,570.0
East,1,2x12,16,2024-01-25,570.0,570.0
East,1,2x12,16,2024-02-08,580.0,572.5
East,1,2x12,16,2024-02-15,590.0,577.5
East,1,2x12,16,2024-02-22,600.0,585.0
East,1,2x12,16,2024-02-29,600.0,592.5
East,1,2x12,16,2024-03-07,615.0,601.25
East,1,2x12,16,2024-03-14,620.0,608.75
East,1,2x12,16,2024-03-21,620.0,613.75
East,1,2x12,16,2024-03-28,620.0,618.75
East,1,2x12,16,2024-04-04,610.0,617.5
East,1,2x12,16,2024-04-11,600.0,612.5
East,1,2x12,16,2024-04-18,575.0,601.25
East,1,2x12,16,2024-04-25,550.0,583.75
East,1,2x12,16,2024-05-02,550.0,568.75
East,1,2x12,16,2024-05-09,550.0,556.25
East,1,2x12,16,2024-05-16,550.0,550.0
East,1,2x12,16,2024-05-30,560.0,552.5
East,1,2x12,16,2024-06-06,560.0,555.0
East,1,2x12,16,2024-06-13,550.0,555.0
East,1,2x12,16,2024-06-20,545.0,553.75
East,1,2x12,16,2024-06-27,530.0,546.25
East,1,2x12,16,2024-07-04,520.0,536.25
East,1,2x12,16,2024-07-11,520.0,528.75
East,1,2x12,16,2024-07-18,520.0,522.5
East,1,2x12,16,2024-07-25,520.0,520.0
East,1,2x12,16,2024-08-01,520.0,520.0
East,1,2x12,16,2024-08-08,520.0,520.0
East,1,2x12,16,2024-08-15,525.0,521.25
East,1,2x12,16,2024-08-22,525.0,522.5
East,1,2x12,16,2024-08-29,535.0,526.25
East,1,2x12,16,2024-09-05,535.0,530.0
East,1,2x12,16,2024-09-12,550.0,536.25
East,1,2x12,16,2024-09-20,530.0,537.5
East,1,2x12,16,2024-09-27,550.0,541.25
East,1,2x12,16,2024-10-04,565.0,548.75
East,1,2x12,16,2024-10-11,585.0,557.5
East,1,2x12,16,2024-10-18,605.0,576.25
East,1,2x12,16,2024-10-25,620.0,593.75
East,1,2x12,16,2024-11-01,625.0,608.75
East,1,2x12,16,2024-11-08,615.0,616.25
East,1,2x12,16,2024-11-15,600.0,615.0
East,1,2x12,16,2024-11-22,590.0,607.5
East,1,2x12,16,2024-11-27,585.0,597.5
East,1,2x12,16,2024-12-06,580.0,588.75
East,1,2x12,16,2024-12-13,580.0,583.75
East,1,2x12,16,2024-12-20,580.0,581.25
East,1,2x12,16,2025-01-03,580.0,580.0
East,1,2x12,16,2025-01-10,570.0,577.5
East,1,2x12,16,2025-01-17,555.0,571.25
East,1,2x12,16,2025-01-24,530.0,558.75
East,1,2x12,16,2025-01-31,515.0,542.5
East,1,2x12,16,2025-02-07,520.0,530.0
East,1,2x12,16,2025-02-14,510.0,518.75
East,1,2x12,16,2025-02-21,510.0,513.75
East,1,2x12,16,2025-02-28,500.0,510.0
East,1,2x12,16,2025-03-07,500.0,505.0
East,1,2x12,16,2025-03-14,495.0,501.25
East,1,2x12,16,2025-03-21,485.0,495.0
East,1,2x12,16,2025-03-28,485.0,491.25
East,1,2x12,16,2025-04-04,485.0,487.5
East,1,2x12,16,2025-04-11,475.0,482.5
East,1,2x12,16,2025-04-18,450.0,473.75
East,1,2x12,16,2025-04-25,460.0,467.5
East,1,2x12,16,2025-05-02,465.0,462.5
East,1,2x12,16,2025-05-09,470.0,461.25
East,1,2x12,16,2025-05-16,470.0,466.25
East,1,2x12,16,2025-05-23,455.0,465.0
East,1,2x12,16,2025-05-30,440.0,458.75
East,1,2x12,16,2025-06-06,430.0,448.75
East,1,2x12,16,2025-06-13,430.0,438.75
East,1,2x12,16,2025-06-19,430.0,432.5
East,1,2x12,16,2025-06-27,430.0,430.0
East,1,2x12,16,2025-07-03,430.0,430.0
East,1,2x12,16,2025-07-11,430.0,430.0
East,1,2x12,16,2025-07-18,430.0,430.0
East,1,2x12,16,2025-07-25,395.0,421.25
East,1,2x12,16,2025-08-01,425.0,420.0
East,1,2x12,16,2025-08-08,415.0,416.25
East,1,2x12,16,2025-08-15,405.0,410.0
East,1,2x12,16,2025-08-22,395.0,410.0
East,1,2x12,16,2025-08-29,375.0,397.5
East,1,2x12,16,2025-09-05,360.0,383.75
East,1,2x12,16,2025-09-12,355.0,371.25
East,1,2x12,16,2025-09-19,365.0,363.75
East,1,2x12,16,2025-09-26,375.0,363.75
East,1,2x12,16,2025-10-03,390.0,371.25
East,1,2x12,16,2025-10-10,410.0,385.0
East,1,2x12,16,2025-10-17,420.0,398.75
East,1,2x12,18,2024-01-12,620.0,620.0
East,1,2x12,18,2024-01-18,620.0,620.0
East,1,2x12,18,2024-01-25,620.0,620.0
East,1,2x12,18,2024-02-08,635.0,623.75
East,1,2x12,18,2024-02-15,635.0,627.5
East,1,2x12,18,2024-02-22,635.0,631.25
East,1,2x12,18,2024-02-29,635.0,635.0
East,1,2x12,18,2024-03-07,650.0,638.75
East,1,2x12,18,2024-03-14,650.0,642.5
East,1,2x12,18,2024-03-21,650.0,646.25
East,1,2x12,18,2024-03-28,650.0,650.0
East,1,2x12,18,2024-04-04,635.0,646.25
East,1,2x12,18,2024-04-11,625.0,640.0
East,1,2x12,18,2024-04-18,625.0,633.75
East,1,2x12,18,2024-04-25,620.0,626.25
East,1,2x12,18,2024-05-02,610.0,620.0
East,1,2x12,18,2024-05-09,610.0,616.25
East,1,2x12,18,2024-05-16,610.0,612.5
East,1,2x12,18,2024-05-30,610.0,610.0
East,1,2x12,18,2024-06-06,615.0,611.25
East,1,2x12,18,2024-06-13,600.0,608.75
East,1,2x12,18,2024-06-20,595.0,605.0
East,1,2x12,18,2024-06-27,575.0,596.25
East,1,2x12,18,2024-07-04,560.0,582.5
East,1,2x12,18,2024-07-11,560.0,572.5
East,1,2x12,18,2024-07-18,560.0,563.75
East,1,2x12,18,2024-07-25,560.0,560.0
East,1,2x12,18,2024-08-01,560.0,560.0
East,1,2x12,18,2024-08-08,560.0,560.0
East,1,2x12,18,2024-08-15,560.0,560.0
East,1,2x12,18,2024-08-22,570.0,562.5
East,1,2x12,18,2024-08-29,575.0,566.25
East,1,2x12,18,2024-09-05,575.0,570.0
East,1,2x12,18,2024-09-12,595.0,578.75
East,1,2x12,18,2024-09-20,580.0,581.25
East,1,2x12,18,2024-09-27,600.0,587.5
East,1,2x12,18,2024-10-04,615.0,597.5
East,1,2x12,18,2024-10-11,635.0,607.5
East,1,2x12,18,2024-10-18,645.0,623.75
East,1,2x12,18,2024-10-25,645.0,635.0
East,1,2x12,18,2024-11-01,640.0,641.25
East,1,2x12,18,2024-11-08,620.0,637.5
East,1,2x12,18,2024-11-15,605.0,627.5
East,1,2x12,18,2024-11-22,575.0,610.0
East,1,2x12,18,2024-11-27,555.0,588.75
East,1,2x12,18,2024-12-06,530.0,566.25
East,1,2x12,18,2024-12-13,520.0,545.0
East,1,2x12,18,2024-12-20,505.0,527.5
East,1,2x12,18,2025-01-03,505.0,515.0
East,1,2x12,18,2025-01-10,505.0,508.75
East,1,2x12,18,2025-01-17,505.0,505.0
East,1,2x12,18,2025-01-24,490.0,501.25
East,1,2x12,18,2025-01-31,475.0,493.75
East,1,2x12,18,2025-02-07,475.0,486.25
East,1,2x12,18,2025-02-14,470.0,477.5
East,1,2x12,18,2025-02-21,470.0,472.5
East,1,2x12,18,2025-02-28,470.0,471.25
East,1,2x12,18,2025-03-07,470.0,470.0
East,1,2x12,18,2025-03-14,470.0,470.0
East,1,2x12,18,2025-03-21,470.0,470.0
East,1,2x12,18,2025-03-28,470.0,470.0
East,1,2x12,18,2025-04-04,470.0,470.0
East,1,2x12,18,2025-04-11,470.0,470.0
East,1,2x12,18,2025-04-18,470.0,470.0
East,1,2x12,18,2025-04-25,470.0,470.0
East,1,2x12,18,2025-05-02,480.0,472.5
East,1,2x12,18,2025-05-09,490.0,477.5
East,1,2x12,18,2025-05-16,495.0,483.75
East,1,2x12,18,2025-05-23,495.0,490.0
East,1,2x12,18,2025-05-30,490.0,492.5
East,1,2x12,18,2025-06-06,480.0,490.0
East,1,2x12,18,2025-06-13,480.0,486.25
East,1,2x12,18,2025-06-19,480.0,482.5
East,1,2x12,18,2025-06-27,490.0,482.5
East,1,2x12,18,2025-07-03,495.0,486.25
East,1,2x12,18,2025-07-11,505.0,492.5
East,1,2x12,18,2025-07-18,515.0,501.25
East,1,2x12,18,2025-07-25,340.0,463.75
East,1,2x12,18,2025-08-01,520.0,470.0
East,1,2x12,18,2025-08-08,520.0,473.75
East,1,2x12,18,2025-08-15,520.0,475.0
East,1,2x12,18,2025-08-22,510.0,517.5
East,1,2x12,18,2025-08-29,495.0,511.25
East,1,2x12,18,2025-09-05,490.0,503.75
East,1,2x12,18,2025-09-12,490.0,496.25
East,1,2x12,18,2025-09-19,490.0,491.25
East,1,2x12,18,2025-09-26,490.0,490.0
East,1,2x12,18,2025-10-03,490.0,490.0
East,1,2x12,18,2025-10-10,490.0,490.0
East,1,2x12,18,2025-10-17,495.0,491.25
East,1,2x12,20,2024-01-12,865.0,865.0
East,1,2x12,20,2024-01-18,850.0,857.5
East,1,2x12,20,2024-01-25,840.0,851.6666666666666
East,1,2x12,20,2024-02-08,830.0,846.25
East,1,2x12,20,2024-02-15,830.0,837.5
East,1,2x12,20,2024-02-22,830.0,832.5
East,1,2x12,20,2024-02-29,830.0,830.0
East,1,2x12,20,2024-03-07,840.0,832.5
East,1,2x12,20,2024-03-14,860.0,840.0
East,1,2x12,20,2024-03-21,860.0,847.5
East,1,2x12,20,2024-03-28,860.0,855.0
East,1,2x12,20,2024-04-04,860.0,860.0
East,1,2x12,20,2024-04-11,860.0,860.0
East,1,2x12,20,2024-04-18,845.0,856.25
East,1,2x12,20,2024-04-25,845.0,852.5
East,1,2x12,20,2024-05-02,845.0,848.75
East,1,2x12,20,2024-05-09,845.0,845.0
East,1,2x12,20,2024-05-16,855.0,847.5
East,1,2x12,20,2024-05-30,865.0,852.5
East,1,2x12,20,2024-06-06,875.0,860.0
East,1,2x12,20,2024-06-13,885.0,870.0
East,1,2x12,20,2024-06-20,880.0,876.25
East,1,2x12,20,2024-06-27,880.0,880.0
East,1,2x12,20,2024-07-04,880.0,881.25
East,1,2x12,20,2024-07-11,880.0,880.0
East,1,2x12,20,2024-07-18,880.0,880.0
East,1,2x12,20,2024-07-25,880.0,880.0
East,1,2x12,20,2024-08-01,880.0,880.0
East,1,2x12,20,2024-08-08,880.0,880.0
East,1,2x12,20,2024-08-15,880.0,880.0
East,1,2x12,20,2024-08-22,880.0,880.0
East,1,2x12,20,2024-08-29,890.0,882.5
East,1,2x12,20,2024-09-05,890.0,885.0
East,1,2x12,20,2024-09-12,920.0,895.0
East,1,2x12,20,2024-09-20,900.0,900.0
East,1,2x12,20,2024-09-27,925.0,908.75
East,1,2x12,20,2024-10-04,955.0,925.0
East,1,2x12,20,2024-10-11,975.0,938.75
East,1,2x12,20,2024-10-18,1000.0,963.75
East,1,2x12,20,2024-10-25,1000.0,982.5
East,1,2x12,20,2024-11-01,1020.0,998.75
East,1,2x12,20,2024-11-08,1035.0,1013.75
East,1,2x12,20,2024-11-15,1045.0,1025.0
East,1,2x12,20,2024-11-22,1055.0,1038.75
East,1,2x12,20,2024-11-27,1055.0,1047.5
East,1,2x12,20,2024-12-06,1055.0,1052.5
East,1,2x12,20,2024-12-13,1065.0,1057.5
East,1,2x12,20,2024-12-20,1065.0,1060.0
East,1,2x12,20,2025-01-03,1065.0,1062.5
East,1,2x12,20,2025-01-10,1065.0,1065.0
East,1,2x12,20,2025-01-17,1065.0,1065.0
East,1,2x12,20,2025-01-24,1060.0,1063.75
East,1,2x12,20,2025-01-31,1060.0,1062.5
East,1,2x12,20,2025-02-07,1060.0,1061.25
East,1,2x12,20,2025-02-14,1060.0,1060.0
East,1,2x12,20,2025-02-21,1060.0,1060.0
East,1,2x12,20,2025-02-28,1055.0,1058.75
East,1,2x12,20,2025-03-07,1055.0,1057.5
East,1,2x12,20,2025-03-14,1045.0,1053.75
East,1,2x12,20,2025-03-21,1045.0,1050.0
East,1,2x12,20,2025-03-28,1045.0,1047.5
East,1,2x12,20,2025-04-04,1045.0,1045.0
East,1,2x12,20,2025-04-11,1025.0,1040.0
East,1,2x12,20,2025-04-18,1015.0,1032.5
East,1,2x12,20,2025-04-25,1015.0,1025.0
East,1,2x12,20,2025-05-02,990.0,1011.25
East,1,2x12,20,2025-05-09,960.0,995.0
East,1,2x12,20,2025-05-16,910.0,968.75
East,1,2x12,20,2025-05-23,895.0,938.75
East,1,2x12,20,2025-05-30,875.0,910.0
East,1,2x12,20,2025-06-06,850.0,882.5
East,1,2x12,20,2025-06-13,850.0,867.5
East,1,2x12,20,2025-06-19,850.0,856.25
East,1,2x12,20,2025-06-27,835.0,846.25
East,1,2x12,20,2025-07-03,820.0,838.75
East,1,2x12,20,2025-07-11,795.0,825.0
East,1,2x12,20,2025-07-18,795.0,811.25
East,1,2x12,20,2025-07-25,620.0,757.5
East,1,2x12,20,2025-08-01,780.0,747.5
East,1,2x12,20,2025-08-08,765.0,740.0
East,1,2x12,20,2025-08-15,750.0,728.75
East,1,2x12,20,2025-08-22,715.0,752.5
East,1,2x12,20,2025-08-29,680.0,727.5
East,1,2x12,20,2025-09-05,650.0,698.75
East,1,2x12,20,2025-09-12,630.0,668.75
East,1,2x12,20,2025-09-19,630.0,647.5
East,1,2x12,20,2025-09-26,615.0,631.25
East,1,2x12,20,2025-10-03,600.0,618.75
East,1,2x12,20,2025-10-10,600.0,611.25
East,1,2x12,20,2025-10-17,610.0,606.25
East,1,2x4,8,2024-01-12,445.0,445.0
East,1,2x4,8,2024-01-18,425.0,435.0
East,1,2x4,8,2024-01-25,405.0,425.0
East,1,2x4,8,2024-02-08,395.0,417.5
East,1,2x4,8,2024-02-15,405.0,407.5
East,1,2x4,8,2024-02-22,420.0,406.25
East,1,2x4,8,2024-02-29,425.0,411.25
East,1,2x4,8,2024-03-07,435.0,421.25
East,1,2x4,8,2024-03-14,450.0,432.5
East,1,2x4,8,2024-03-21,455.0,441.25
East,1,2x4,8,2024-03-28,450.0,447.5
East,1,2x4,8,2024-04-04,440.0,448.75
East,1,2x4,8,2024-04-11,440.0,446.25
East,1,2x4,8,2024-04-18,425.0,438.75
East,1,2x4,8,2024-04-25,415.0,430.0
East,1,2x4,8,2024-05-02,415.0,423.75
East,1,2x4,8,2024-05-09,420.0,418.75
East,1,2x4,8,2024-05-16,425.0,418.75
East,1,2x4,8,2024-05-30,430.0,422.5
East,1,2x4,8,2024-06-06,430.0,426.25
East,1,2x4,8,2024-06-13,415.0,425.0
East,1,2x4,8,2024-06-20,410.0,421.25
East,1,2x4,8,2024-06-27,390.0,411.25
East,1,2x4,8,2024-07-04,380.0,398.75
East,1,2x4,8,2024-07-11,380.0,390.0
East,1,2x4,8,2024-07-18,380.0,382.5
East,1,2x4,8,2024-07-25,395.0,383.75
East,1,2x4,8,2024-08-01,405.0,390.0
East,1,2x4,8,2024-08-08,410.0,397.5
East,1,2x4,8,2024-08-15,415.0,406.25
East,1,2x4,8,2024-08-22,415.0,411.25
East,1,2x4,8,2024-08-29,415.0,413.75
East,1,2x4,8,2024-09-05,415.0,415.0
East,1,2x4,8,2024-09-12,415.0,415.0
East,1,2x4,8,2024-09-20,415.0,415.0
East,1,2x4,8,2024-09-27,430.0,418.75
East,1,2x4,8,2024-10-04,450.0,427.5
East,1,2x4,8,2024-10-11,475.0,442.5
East,1,2x4,8,2024-10-18,490.0,461.25
East,1,2x4,8,2024-10-25,505.0,480.0
East,1,2x4,8,2024-11-01,500.0,492.5
East,1,2x4,8,2024-11-08,480.0,493.75
East,1,2x4,8,2024-11-15,465.0,487.5
East,1,2x4,8,2024-11-22,445.0,472.5
East,1,2x4,8,2024-11-27,430.0,455.0
East,1,2x4,8,2024-12-06,415.0,438.75
East,1,2x4,8,2024-12-13,415.0,426.25
East,1,2x4,8,2024-12-20,425.0,421.25
East,1,2x4,8,2025-01-03,455.0,427.5
East,1,2x4,8,2025-01-10,470.0,441.25
East,1,2x4,8,2025-01-17,480.0,457.5
East,1,2x4,8,2025-01-24,480.0,471.25
East,1,2x4,8,2025-01-31,470.0,475.0
East,1,2x4,8,2025-02-07,480.0,477.5
East,1,2x4,8,2025-02-14,490.0,480.0
East,1,2x4,8,2025-02-21,505.0,486.25
East,1,2x4,8,2025-02-28,505.0,495.0
East,1,2x4,8,2025-03-07,510.0,502.5
East,1,2x4,8,2025-03-14,525.0,511.25
East,1,2x4,8,2025-03-21,525.0,516.25
East,1,2x4,8,2025-03-28,535.0,523.75
East,1,2x4,8,2025-04-04,550.0,533.75
East,1,2x4,8,2025-04-11,565.0,543.75
East,1,2x4,8,2025-04-18,580.0,557.5
East,1,2x4,8,2025-04-25,595.0,572.5
East,1,2x4,8,2025-05-02,605.0,586.25
East,1,2x4,8,2025-05-09,605.0,596.25
East,1,2x4,8,2025-05-16,585.0,597.5
East,1,2x4,8,2025-05-23,555.0,587.5
East,1,2x4,8,2025-05-30,535.0,570.0
East,1,2x4,8,2025-06-06,510.0,546.25
East,1,2x4,8,2025-06-13,480.0,520.0
East,1,2x4,8,2025-06-19,465.0,497.5
East,1,2x4,8,2025-06-27,455.0,477.5
East,1,2x4,8,2025-07-03,440.0,460.0
East,1,2x4,8,2025-07-11,435.0,448.75
East,1,2x4,8,2025-07-18,430.0,440.0
East,1,2x4,8,2025-07-25,430.0,433.75
East,1,2x4,8,2025-08-01,430.0,431.25
East,1,2x4,8,2025-08-08,415.0,426.25
East,1,2x4,8,2025-08-15,405.0,420.0
East,1,2x4,8,2025-08-22,390.0,410.0
East,1,2x4,8,2025-08-29,370.0,395.0
East,1,2x4,8,2025-09-05,355.0,380.0
East,1,2x4,8,2025-09-12,340.0,363.75
East,1,2x4,8,2025-09-19,340.0,351.25
East,1,2x4,8,2025-09-26,340.0,343.75
East,1,2x4,8,2025-10-03,340.0,340.0
East,1,2x4,8,2025-10-10,345.0,341.25
East,1,2x4,8,2025-10-17,345.0,342.5
East,1,2x4,10,2024-01-12,455.0,455.0
East,1,2x4,10,2024-01-18,435.0,445.0
East,1,2x4,10,2024-01-25,415.0,435.0
East,1,2x4,10,2024-02-08,400.0,426.25
East,1,2x4,10,2024-02-15,410.0,415.0
East,1,2x4,10,2024-02-22,415.0,410.0
East,1,2x4,10,2024-02-29,415.0,410.0
East,1,2x4,10,2024-03-07,415.0,413.75
East,1,2x4,10,2024-03-14,405.0,412.5
East,1,2x4,10,2024-03-21,395.0,407.5
East,1,2x4,10,2024-03-28,385.0,400.0
East,1,2x4,10,2024-04-04,370.0,388.75
East,1,2x4,10,2024-04-11,360.0,377.5
East,1,2x4,10,2024-04-18,345.0,365.0
East,1,2x4,10,2024-04-25,330.0,351.25
East,1,2x4,10,2024-05-02,330.0,341.25
East,1,2x4,10,2024-05-09,350.0,338.75
East,1,2x4,10,2024-05-16,350.0,340.0
East,1,2x4,10,2024-05-30,350.0,345.0
East,1,2x4,10,2024-06-06,345.0,348.75
East,1,2x4,10,2024-06-13,330.0,343.75
East,1,2x4,10,2024-06-20,325.0,337.5
East,1,2x4,10,2024-06-27,325.0,331.25
East,1,2x4,10,2024-07-04,320.0,325.0
East,1,2x4,10,2024-07-11,325.0,323.75
East,1,2x4,10,2024-07-18,335.0,326.25
East,1,2x4,10,2024-07-25,345.0,331.25
East,1,2x4,10,2024-08-01,355.0,340.0
East,1,2x4,10,2024-08-08,360.0,348.75
East,1,2x4,10,2024-08-15,365.0,356.25
East,1,2x4,10,2024-08-22,365.0,361.25
East,1,2x4,10,2024-08-29,365.0,363.75
East,1,2x4,10,2024-09-05,370.0,366.25
East,1,2x4,10,2024-09-12,370.0,367.5
East,1,2x4,10,2024-09-20,375.0,370.0
East,1,2x4,10,2024-09-27,390.0,376.25
East,1,2x4,10,2024-10-04,415.0,387.5
East,1,2x4,10,2024-10-11,440.0,405.0
East,1,2x4,10,2024-10-18,455.0,425.0
East,1,2x4,10,2024-10-25,465.0,443.75
East,1,2x4,10,2024-11-01,455.0,453.75
East,1,2x4,10,2024-11-08,435.0,452.5
East,1,2x4,10,2024-11-15,415.0,442.5
East,1,2x4,10,2024-11-22,395.0,425.0
East,1,2x4,10,2024-11-27,380.0,406.25
East,1,2x4,10,2024-12-06,370.0,390.0
East,1,2x4,10,2024-12-13,370.0,378.75
East,1,2x4,10,2024-12-20,385.0,376.25
East,1,2x4,10,2025-01-03,415.0,385.0
East,1,2x4,10,2025-01-10,435.0,401.25
East,1,2x4,10,2025-01-17,445.0,420.0
East,1,2x4,10,2025-01-24,445.0,435.0
East,1,2x4,10,2025-01-31,435.0,440.0
East,1,2x4,10,2025-02-07,450.0,443.75
East,1,2x4,10,2025-02-14,465.0,448.75
East,1,2x4,10,2025-02-21,480.0,457.5
East,1,2x4,10,2025-02-28,480.0,468.75
East,1,2x4,10,2025-03-07,490.0,478.75
East,1,2x4,10,2025-03-14,500.0,487.5
East,1,2x4,10,2025-03-21,500.0,492.5
East,1,2x4,10,2025-03-28,510.0,500.0
East,1,2x4,10,2025-04-04,525.0,508.75
East,1,2x4,10,2025-04-11,530.0,516.25
East,1,2x4,10,2025-04-18,540.0,526.25
East,1,2x4,10,2025-04-25,550.0,536.25
East,1,2x4,10,2025-05-02,550.0,542.5
East,1,2x4,10,2025-05-09,535.0,543.75
East,1,2x4,10,2025-05-16,510.0,536.25
East,1,2x4,10,2025-05-23,475.0,517.5
East,1,2x4,10,2025-05-30,450.0,492.5
East,1,2x4,10,2025-06-06,430.0,466.25
East,1,2x4,10,2025-06-13,415.0,442.5
East,1,2x4,10,2025-06-19,405.0,425.0
East,1,2x4,10,2025-06-27,400.0,412.5
East,1,2x4,10,2025-07-03,395.0,403.75
East,1,2x4,10,2025-07-11,390.0,397.5
East,1,2x4,10,2025-07-18,390.0,393.75
East,1,2x4,10,2025-07-25,345.0,380.0
East,1,2x4,10,2025-08-01,395.0,380.0
East,1,2x4,10,2025-08-08,395.0,381.25
East,1,2x4,10,2025-08-15,390.0,381.25
East,1,2x4,10,2025-08-22,380.0,390.0
East,1,2x4,10,2025-08-29,365.0,382.5
East,1,2x4,10,2025-09-05,355.0,372.5
East,1,2x4,10,2025-09-12,350.0,362.5
East,1,2x4,10,2025-09-19,355.0,356.25
East,1,2x4,10,2025-09-26,360.0,355.0
East,1,2x4,10,2025-10-03,370.0,358.75
East,1,2x4,10,2025-10-10,380.0,366.25
East,1,2x4,10,2025-10-17,380.0,372.5
East,1,2x4,12,2024-01-12,455.0,455.0
East,1,2x4,12,2024-01-18,440.0,447.5
East,1,2x4,12,2024-01-25,420.0,438.3333333333333
East,1,2x4,12,2024-02-08,405.0,430.0
East,1,2x4,12,2024-02-15,410.0,418.75
East,1,2x4,12,2024-02-22,415.0,412.5
East,1,2x4,12,2024-02-29,415.0,411.25
East,1,2x4,12,2024-03-07,405.0,411.25
East,1,2x4,12,2024-03-14,395.0,407.5
East,1,2x4,12,2024-03-21,385.0,400.0
East,1,2x4,12,2024-03-28,375.0,390.0
East,1,2x4,12,2024-04-04,360.0,378.75
East,1,2x4,12,2024-04-11,350.0,367.5
East,1,2x4,12,2024-04-18,330.0,353.75
East,1,2x4,12,2024-04-25,320.0,340.0
East,1,2x4,12,2024-05-02,320.0,330.0
East,1,2x4,12,2024-05-09,340.0,327.5
East,1,2x4,12,2024-05-16,350.0,332.5
East,1,2x4,12,2024-05-30,355.0,341.25
East,1,2x4,12,2024-06-06,350.0,348.75
East,1,2x4,12,2024-06-13,340.0,348.75
East,1,2x4,12,2024-06-20,335.0,345.0
East,1,2x4,12,2024-06-27,320.0,336.25
East,1,2x4,12,2024-07-04,315.0,327.5
East,1,2x4,12,2024-07-11,320.0,322.5
East,1,2x4,12,2024-07-18,325.0,320.0
East,1,2x4,12,2024-07-25,335.0,323.75
East,1,2x4,12,2024-08-01,340.0,330.0
East,1,2x4,12,2024-08-08,345.0,336.25
East,1,2x4,12,2024-08-15,355.0,343.75
East,1,2x4,12,2024-08-22,355.0,348.75
East,1,2x4,12,2024-08-29,355.0,352.5
East,1,2x4,12,2024-09-05,355.0,355.0
East,1,2x4,12,2024-09-12,355.0,355.0
East,1,2x4,12,2024-09-20,355.0,355.0
East,1,2x4,12,2024-09-27,370.0,358.75
East,1,2x4,12,2024-10-04,390.0,367.5
East,1,2x4,12,2024-10-11,415.0,382.5
East,1,2x4,12,2024-10-18,435.0,402.5
East,1,2x4,12,2024-10-25,450.0,422.5
East,1,2x4,12,2024-11-01,440.0,435.0
East,1,2x4,12,2024-11-08,425.0,437.5
East,1,2x4,12,2024-11-15,410.0,431.25
East,1,2x4,12,2024-11-22,390.0,416.25
East,1,2x4,12,2024-11-27,370.0,398.75
East,1,2x4,12,2024-12-06,360.0,382.5
East,1,2x4,12,2024-12-13,360.0,370.0
East,1,2x4,12,2024-12-20,375.0,366.25
East,1,2x4,12,2025-01-03,405.0,375.0
East,1,2x4,12,2025-01-10,425.0,391.25
East,1,2x4,12,2025-01-17,440.0,411.25
East,1,2x4,12,2025-01-24,430.0,425.0
East,1,2x4,12,2025-01-31,430.0,431.25
East,1,2x4,12,2025-02-07,440.0,435.0
East,1,2x4,12,2025-02-14,450.0,437.5
East,1,2x4,12,2025-02-21,460.0,445.0
East,1,2x4,12,2025-02-28,460.0,452.5
East,1,2x4,12,2025-03-07,465.0,458.75
East,1,2x4,12,2025-03-14,470.0,463.75
East,1,2x4,12,2025-03-21,480.0,468.75
East,1,2x4,12,2025-03-28,490.0,476.25
East,1,2x4,12,2025-04-04,505.0,486.25
East,1,2x4,12,2025-04-11,515.0,497.5
East,1,2x4,12,2025-04-18,525.0,508.75
East,1,2x4,12,2025-04-25,530.0,518.75
East,1,2x4,12,2025-05-02,530.0,525.0
East,1,2x4,12,2025-05-09,515.0,525.0
East,1,2x4,12,2025-05-16,485.0,515.0
East,1,2x4,12,2025-05-23,460.0,497.5
East,1,2x4,12,2025-05-30,440.0,475.0
East,1,2x4,12,2025-06-06,425.0,452.5
East,1,2x4,12,2025-06-13,410.0,433.75
East,1,2x4,12,2025-06-19,400.0,418.75
East,1,2x4,12,2025-06-27,385.0,405.0
East,1,2x4,12,2025-07-03,385.0,395.0
East,1,2x4,12,2025-07-11,380.0,387.5
East,1,2x4,12,2025-07-18,375.0,381.25
East,1,2x4,12,2025-07-25,360.0,375.0
East,1,2x4,12,2025-08-01,385.0,375.0
East,1,2x4,12,2025-08-08,385.0,376.25
East,1,2x4,12,2025-08-15,385.0,378.75
East,1,2x4,12,2025-08-22,380.0,383.75
East,1,2x4,12,2025-08-29,365.0,378.75
East,1,2x4,12,2025-09-05,355.0,371.25
East,1,2x4,12,2025-09-12,350.0,362.5
East,1,2x4,12,2025-09-19,355.0,356.25
East,1,2x4,12,2025-09-26,360.0,355.0
East,1,2x4,12,2025-10-03,365.0,357.5
East,1,2x4,12,2025-10-10,375.0,363.75
East,1,2x4,12,2025-10-17,370.0,367.5
East,1,2x4,14,2024-01-12,515.0,515.0
East,1,2x4,14,2024-01-18,495.0,505.0
East,1,2x4,14,2024-01-25,465.0,491.6666666666667
East,1,2x4,14,2024-02-08,450.0,481.25
East,1,2x4,14,2024-02-15,455.0,466.25
East,1,2x4,14,2024-02-22,465.0,458.75
East,1,2x4,14,2024-02-29,470.0,460.0
East,1,2x4,14,2024-03-07,460.0,462.5
East,1,2x4,14,2024-03-14,455.0,462.5
East,1,2x4,14,2024-03-21,445.0,457.5
East,1,2x4,14,2024-03-28,435.0,448.75
East,1,2x4,14,2024-04-04,425.0,440.0
East,1,2x4,14,2024-04-11,415.0,430.0
East,1,2x4,14,2024-04-18,400.0,418.75
East,1,2x4,14,2024-04-25,375.0,403.75
East,1,2x4,14,2024-05-02,385.0,393.75
East,1,2x4,14,2024-05-09,405.0,391.25
East,1,2x4,14,2024-05-16,425.0,397.5
East,1,2x4,14,2024-05-30,445.0,415.0
East,1,2x4,14,2024-06-06,445.0,430.0
East,1,2x4,14,2024-06-13,435.0,437.5
East,1,2x4,14,2024-06-20,430.0,438.75
East,1,2x4,14,2024-06-27,415.0,431.25
East,1,2x4,14,2024-07-04,405.0,421.25
East,1,2x4,14,2024-07-11,405.0,413.75
East,1,2x4,14,2024-07-18,415.0,410.0
East,1,2x4,14,2024-07-25,425.0,412.5
East,1,2x4,14,2024-08-01,435.0,420.0
East,1,2x4,14,2024-08-08,440.0,428.75
East,1,2x4,14,2024-08-15,445.0,436.25
East,1,2x4,14,2024-08-22,450.0,442.5
East,1,2x4,14,2024-08-29,450.0,446.25
East,1,2x4,14,2024-09-05,455.0,450.0
East,1,2x4,14,2024-09-12,460.0,453.75
East,1,2x4,14,2024-09-20,465.0,457.5
East,1,2x4,14,2024-09-27,480.0,465.0
East,1,2x4,14,2024-10-04,500.0,476.25
East,1,2x4,14,2024-10-11,530.0,493.75
East,1,2x4,14,2024-10-18,545.0,513.75
East,1,2x4,14,2024-10-25,555.0,532.5
East,1,2x4,14,2024-11-01,545.0,543.75
East,1,2x4,14,2024-11-08,520.0,541.25
East,1,2x4,14,2024-11-15,490.0,527.5
East,1,2x4,14,2024-11-22,460.0,503.75
East,1,2x4,14,2024-11-27,435.0,476.25
East,1,2x4,14,2024-12-06,410.0,448.75
East,1,2x4,14,2024-12-13,410.0,428.75
East,1,2x4,14,2024-12-20,420.0,418.75
East,1,2x4,14,2025-01-03,450.0,422.5
East,1,2x4,14,2025-01-10,470.0,437.5
East,1,2x4,14,2025-01-17,485.0,456.25
East,1,2x4,14,2025-01-24,480.0,471.25
East,1,2x4,14,2025-01-31,475.0,477.5
East,1,2x4,14,2025-02-07,490.0,482.5
East,1,2x4,14,2025-02-14,505.0,487.5
East,1,2x4,14,2025-02-21,515.0,496.25
East,1,2x4,14,2025-02-28,515.0,506.25
East,1,2x4,14,2025-03-07,525.0,515.0
East,1,2x4,14,2025-03-14,530.0,521.25
East,1,2x4,14,2025-03-21,535.0,526.25
East,1,2x4,14,2025-03-28,545.0,533.75
East,1,2x4,14,2025-04-04,550.0,540.0
East,1,2x4,14,2025-04-11,560.0,547.5
East,1,2x4,14,2025-04-18,575.0,557.5
East,1,2x4,14,2025-04-25,580.0,566.25
East,1,2x4,14,2025-05-02,580.0,573.75
East,1,2x4,14,2025-05-09,565.0,575.0
East,1,2x4,14,2025-05-16,540.0,566.25
East,1,2x4,14,2025-05-23,510.0,548.75
East,1,2x4,14,2025-05-30,485.0,525.0
East,1,2x4,14,2025-06-06,470.0,501.25
East,1,2x4,14,2025-06-13,450.0,478.75
East,1,2x4,14,2025-06-19,440.0,461.25
East,1,2x4,14,2025-06-27,430.0,447.5
East,1,2x4,14,2025-07-03,420.0,435.0
East,1,2x4,14,2025-07-11,420.0,427.5
East,1,2x4,14,2025-07-18,420.0,422.5
East,1,2x4,14,2025-07-25,380.0,410.0
East,1,2x4,14,2025-08-01,430.0,412.5
East,1,2x4,14,2025-08-08,435.0,416.25
East,1,2x4,14,2025-08-15,430.0,418.75
East,1,2x4,14,2025-08-22,425.0,430.0
East,1,2x4,14,2025-08-29,410.0,425.0
East,1,2x4,14,2025-09-05,390.0,413.75
East,1,2x4,14,2025-09-12,385.0,402.5
East,1,2x4,14,2025-09-19,385.0,392.5
East,1,2x4,14,2025-09-26,385.0,386.25
East,1,2x4,14,2025-10-03,395.0,387.5
East,1,2x4,14,2025-10-10,405.0,392.5
East,1,2x4,14,2025-10-17,400.0,396.25
East,1,2x4,16,2024-01-12,520.0,520.0
East,1,2x4,16,2024-01-18,505.0,512.5
East,1,2x4,16,2024-01-25,470.0,498.3333333333333
East,1,2x4,16,2024-02-08,450.0,486.25
East,1,2x4,16,2024-02-15,455.0,470.0
East,1,2x4,16,2024-02-22,465.0,460.0
East,1,2x4,16,2024-02-29,465.0,458.75
East,1,2x4,16,2024-03-07,455.0,460.0
East,1,2x4,16,2024-03-14,445.0,457.5
East,1,2x4,16,2024-03-21,430.0,448.75
East,1,2x4,16,2024-03-28,420.0,437.5
East,1,2x4,16,2024-04-04,405.0,425.0
East,1,2x4,16,2024-04-11,390.0,411.25
East,1,2x4,16,2024-04-18,375.0,397.5
East,1,2x4,16,2024-04-25,365.0,383.75
East,1,2x4,16,2024-05-02,375.0,376.25
East,1,2x4,16,2024-05-09,395.0,377.5
East,1,2x4,16,2024-05-16,415.0,387.5
East,1,2x4,16,2024-05-30,435.0,405.0
East,1,2x4,16,2024-06-06,435.0,420.0
East,1,2x4,16,2024-06-13,430.0,428.75
East,1,2x4,16,2024-06-20,425.0,431.25
East,1,2x4,16,2024-06-27,425.0,428.75
East,1,2x4,16,2024-07-04,420.0,425.0
East,1,2x4,16,2024-07-11,430.0,425.0
East,1,2x4,16,2024-07-18,440.0,428.75
East,1,2x4,16,2024-07-25,455.0,436.25
East,1,2x4,16,2024-08-01,470.0,448.75
East,1,2x4,16,2024-08-08,475.0,460.0
East,1,2x4,16,2024-08-15,485.0,471.25
East,1,2x4,16,2024-08-22,485.0,478.75
East,1,2x4,16,2024-08-29,485.0,482.5
East,1,2x4,16,2024-09-05,485.0,485.0
East,1,2x4,16,2024-09-12,485.0,485.0
East,1,2x4,16,2024-09-20,490.0,486.25
East,1,2x4,16,2024-09-27,500.0,490.0
East,1,2x4,16,2024-10-04,520.0,498.75
East,1,2x4,16,2024-10-11,550.0,515.0
East,1,2x4,16,2024-10-18,570.0,535.0
East,1,2x4,16,2024-10-25,570.0,552.5
East,1,2x4,16,2024-11-01,570.0,565.0
East,1,2x4,16,2024-11-08,545.0,563.75
East,1,2x4,16,2024-11-15,505.0,547.5
East,1,2x4,16,2024-11-22,470.0,522.5
East,1,2x4,16,2024-11-27,450.0,492.5
East,1,2x4,16,2024-12-06,435.0,465.0
East,1,2x4,16,2024-12-13,430.0,446.25
East,1,2x4,16,2024-12-20,435.0,437.5
East,1,2x4,16,2025-01-03,460.0,440.0
East,1,2x4,16,2025-01-10,470.0,448.75
East,1,2x4,16,2025-01-17,475.0,460.0
East,1,2x4,16,2025-01-24,465.0,467.5
East,1,2x4,16,2025-01-31,450.0,465.0
East,1,2x4,16,2025-02-07,460.0,462.5
East,1,2x4,16,2025-02-14,475.0,462.5
East,1,2x4,16,2025-02-21,485.0,467.5
East,1,2x4,16,2025-02-28,485.0,476.25
East,1,2x4,16,2025-03-07,490.0,483.75
East,1,2x4,16,2025-03-14,500.0,490.0
East,1,2x4,16,2025-03-21,515.0,497.5
East,1,2x4,16,2025-03-28,525.0,507.5
East,1,2x4,16,2025-04-04,545.0,521.25
East,1,2x4,16,2025-04-11,560.0,536.25
East,1,2x4,16,2025-04-18,580.0,552.5
East,1,2x4,16,2025-04-25,595.0,570.0
East,1,2x4,16,2025-05-02,605.0,585.0
East,1,2x4,16,2025-05-09,605.0,596.25
East,1,2x4,16,2025-05-16,590.0,598.75
East,1,2x4,16,2025-05-23,565.0,591.25
East,1,2x4,16,2025-05-30,545.0,576.25
East,1,2x4,16,2025-06-06,525.0,556.25
East,1,2x4,16,2025-06-13,495.0,532.5
East,1,2x4,16,2025-06-19,480.0,511.25
East,1,2x4,16,2025-06-27,465.0,491.25
East,1,2x4,16,2025-07-03,450.0,472.5
East,1,2x4,16,2025-07-11,445.0,460.0
East,1,2x4,16,2025-07-18,435.0,448.75
East,1,2x4,16,2025-07-25,505.0,458.75
East,1,2x4,16,2025-08-01,440.0,456.25
East,1,2x4,16,2025-08-08,440.0,455.0
East,1,2x4,16,2025-08-15,430.0,453.75
East,1,2x4,16,2025-08-22,420.0,432.5
East,1,2x4,16,2025-08-29,405.0,423.75
East,1,2x4,16,2025-09-05,390.0,411.25
East,1,2x4,16,2025-09-12,385.0,400.0
East,1,2x4,16,2025-09-19,385.0,391.25
East,1,2x4,16,2025-09-26,390.0,387.5
East,1,2x4,16,2025-10-03,395.0,388.75
East,1,2x4,16,2025-10-10,405.0,393.75
East,1,2x4,16,2025-10-17,405.0,398.75
East,1,2x4,18,2024-01-12,435.0,435.0
East,1,2x4,18,2024-01-18,415.0,425.0
East,1,2x4,18,2024-01-25,390.0,413.3333333333333
East,1,2x4,18,2024-02-08,375.0,403.75
East,1,2x4,18,2024-02-15,385.0,391.25
East,1,2x4,18,2024-02-22,395.0,386.25
East,1,2x4,18,2024-02-29,395.0,387.5
East,1,2x4,18,2024-03-07,405.0,395.0
East,1,2x4,18,2024-03-14,405.0,400.0
East,1,2x4,18,2024-03-21,405.0,402.5
East,1,2x4,18,2024-03-28,395.0,402.5
East,1,2x4,18,2024-04-04,380.0,396.25
East,1,2x4,18,2024-04-11,365.0,386.25
East,1,2x4,18,2024-04-18,355.0,373.75
East,1,2x4,18,2024-04-25,345.0,361.25
East,1,2x4,18,2024-05-02,335.0,350.0
East,1,2x4,18,2024-05-09,335.0,342.5
East,1,2x4,18,2024-05-16,350.0,341.25
East,1,2x4,18,2024-05-30,350.0,342.5
East,1,2x4,18,2024-06-06,350.0,346.25
East,1,2x4,18,2024-06-13,345.0,348.75
East,1,2x4,18,2024-06-20,340.0,346.25
East,1,2x4,18,2024-06-27,330.0,341.25
East,1,2x4,18,2024-07-04,325.0,335.0
East,1,2x4,18,2024-07-11,325.0,330.0
East,1,2x4,18,2024-07-18,330.0,327.5
East,1,2x4,18,2024-07-25,345.0,331.25
East,1,2x4,18,2024-08-01,355.0,338.75
East,1,2x4,18,2024-08-08,360.0,347.5
East,1,2x4,18,2024-08-15,360.0,355.0
East,1,2x4,18,2024-08-22,360.0,358.75
East,1,2x4,18,2024-08-29,365.0,361.25
East,1,2x4,18,2024-09-05,365.0,362.5
East,1,2x4,18,2024-09-12,370.0,365.0
East,1,2x4,18,2024-09-20,375.0,368.75
East,1,2x4,18,2024-09-27,385.0,373.75
East,1,2x4,18,2024-10-04,410.0,385.0
East,1,2x4,18,2024-10-11,440.0,402.5
East,1,2x4,18,2024-10-18,460.0,423.75
East,1,2x4,18,2024-10-25,465.0,443.75
East,1,2x4,18,2024-11-01,460.0,456.25
East,1,2x4,18,2024-11-08,460.0,461.25
East,1,2x4,18,2024-11-15,450.0,458.75
East,1,2x4,18,2024-11-22,435.0,451.25
East,1,2x4,18,2024-11-27,420.0,441.25
East,1,2x4,18,2024-12-06,400.0,426.25
East,1,2x4,18,2024-12-13,400.0,413.75
East,1,2x4,18,2024-12-20,405.0,406.25
East,1,2x4,18,2025-01-03,430.0,408.75
East,1,2x4,18,2025-01-10,440.0,418.75
East,1,2x4,18,2025-01-17,445.0,430.0
East,1,2x4,18,2025-01-24,435.0,437.5
East,1,2x4,18,2025-01-31,430.0,437.5
East,1,2x4,18,2025-02-07,430.0,435.0
East,1,2x4,18,2025-02-14,440.0,433.75
East,1,2x4,18,2025-02-21,450.0,437.5
East,1,2x4,18,2025-02-28,450.0,442.5
East,1,2x4,18,2025-03-07,455.0,448.75
East,1,2x4,18,2025-03-14,460.0,453.75
East,1,2x4,18,2025-03-21,465.0,457.5
East,1,2x4,18,2025-03-28,475.0,463.75
East,1,2x4,18,2025-04-04,490.0,472.5
East,1,2x4,18,2025-04-11,505.0,483.75
East,1,2x4,18,2025-04-18,525.0,498.75
East,1,2x4,18,2025-04-25,535.0,513.75
East,1,2x4,18,2025-05-02,535.0,525.0
East,1,2x4,18,2025-05-09,530.0,531.25
East,1,2x4,18,2025-05-16,515.0,528.75
East,1,2x4,18,2025-05-23,495.0,518.75
East,1,2x4,18,2025-05-30,475.0,503.75
East,1,2x4,18,2025-06-06,460.0,486.25
East,1,2x4,18,2025-06-13,455.0,471.25
East,1,2x4,18,2025-06-19,440.0,457.5
East,1,2x4,18,2025-06-27,435.0,447.5
East,1,2x4,18,2025-07-03,425.0,438.75
East,1,2x4,18,2025-07-11,420.0,430.0
East,1,2x4,18,2025-07-18,420.0,425.0
East,1,2x4,18,2025-07-25,390.0,413.75
East,1,2x4,18,2025-08-01,430.0,415.0
East,1,2x4,18,2025-08-08,430.0,417.5
East,1,2x4,18,2025-08-15,430.0,420.0
East,1,2x4,18,2025-08-22,420.0,427.5
East,1,2x4,18,2025-08-29,410.0,422.5
East,1,2x4,18,2025-09-05,405.0,416.25
East,1,2x4,18,2025-09-12,405.0,410.0
East,1,2x4,18,2025-09-19,405.0,406.25
East,1,2x4,18,2025-09-26,405.0,405.0
East,1,2x4,18,2025-10-03,410.0,406.25
East,1,2x4,18,2025-10-10,415.0,408.75
East,1,2x4,18,2025-10-17,415.0,411.25
East,1,2x4,20,2024-01-12,435.0,435.0
East,1,2x4,20,2024-01-18,420.0,427.5
East,1,2x4,20,2024-01-25,400.0,418.3333333333333
East,1,2x4,20,2024-02-08,400.0,413.75
East,1,2x4,20,2024-02-15,405.0,406.25
East,1,2x4,20,2024-02-22,415.0,405.0
East,1,2x4,20,2024-02-29,415.0,408.75
East,1,2x4,20,2024-03-07,425.0,415.0
East,1,2x4,20,2024-03-14,430.0,421.25
East,1,2x4,20,2024-03-21,430.0,425.0
East,1,2x4,20,2024-03-28,420.0,426.25
East,1,2x4,20,2024-04-04,410.0,422.5
East,1,2x4,20,2024-04-11,390.0,412.5
East,1,2x4,20,2024-04-18,380.0,400.0
East,1,2x4,20,2024-04-25,360.0,385.0
East,1,2x4,20,2024-05-02,345.0,368.75
East,1,2x4,20,2024-05-09,330.0,353.75
East,1,2x4,20,2024-05-16,340.0,343.75
East,1,2x4,20,2024-05-30,340.0,338.75
East,1,2x4,20,2024-06-06,340.0,337.5
East,1,2x4,20,2024-06-13,340.0,340.0
East,1,2x4,20,2024-06-20,335.0,338.75
East,1,2x4,20,2024-06-27,325.0,335.0
East,1,2x4,20,2024-07-04,315.0,328.75
East,1,2x4,20,2024-07-11,315.0,322.5
East,1,2x4,20,2024-07-18,320.0,318.75
East,1,2x4,20,2024-07-25,335.0,321.25
East,1,2x4,20,2024-08-01,345.0,328.75
East,1,2x4,20,2024-08-08,350.0,337.5
East,1,2x4,20,2024-08-15,350.0,345.0
East,1,2x4,20,2024-08-22,350.0,348.75
East,1,2x4,20,2024-08-29,350.0,350.0
East,1,2x4,20,2024-09-05,350.0,350.0
East,1,2x4,20,2024-09-12,355.0,351.25
East,1,2x4,20,2024-09-20,370.0,356.25
East,1,2x4,20,2024-09-27,385.0,365.0
East,1,2x4,20,2024-10-04,395.0,376.25
East,1,2x4,20,2024-10-11,425.0,393.75
East,1,2x4,20,2024-10-18,445.0,412.5
East,1,2x4,20,2024-10-25,460.0,431.25
East,1,2x4,20,2024-11-01,455.0,446.25
East,1,2x4,20,2024-11-08,455.0,453.75
East,1,2x4,20,2024-11-15,445.0,453.75
East,1,2x4,20,2024-11-22,430.0,446.25
East,1,2x4,20,2024-11-27,415.0,436.25
East,1,2x4,20,2024-12-06,395.0,421.25
East,1,2x4,20,2024-12-13,385.0,406.25
East,1,2x4,20,2024-12-20,385.0,395.0
East,1,2x4,20,2025-01-03,410.0,393.75
East,1,2x4,20,2025-01-10,410.0,397.5
East,1,2x4,20,2025-01-17,410.0,403.75
East,1,2x4,20,2025-01-24,400.0,407.5
East,1,2x4,20,2025-01-31,390.0,402.5
East,1,2x4,20,2025-02-07,395.0,398.75
East,1,2x4,20,2025-02-14,405.0,397.5
East,1,2x4,20,2025-02-21,415.0,401.25
East,1,2x4,20,2025-02-28,420.0,408.75
East,1,2x4,20,2025-03-07,425.0,416.25
East,1,2x4,20,2025-03-14,435.0,423.75
East,1,2x4,20,2025-03-21,445.0,431.25
East,1,2x4,20,2025-03-28,455.0,440.0
East,1,2x4,20,2025-04-04,475.0,452.5
East,1,2x4,20,2025-04-11,490.0,466.25
East,1,2x4,20,2025-04-18,505.0,481.25
East,1,2x4,20,2025-04-25,515.0,496.25
East,1,2x4,20,2025-05-02,515.0,506.25
East,1,2x4,20,2025-05-09,515.0,512.5
East,1,2x4,20,2025-05-16,505.0,512.5
East,1,2x4,20,2025-05-23,490.0,506.25
East,1,2x4,20,2025-05-30,475.0,496.25
East,1,2x4,20,2025-06-06,465.0,483.75
East,1,2x4,20,2025-06-13,465.0,473.75
East,1,2x4,20,2025-06-19,445.0,462.5
East,1,2x4,20,2025-06-27,430.0,451.25
East,1,2x4,20,2025-07-03,415.0,438.75
East,1,2x4,20,2025-07-11,420.0,427.5
East,1,2x4,20,2025-07-18,425.0,422.5
East,1,2x4,20,2025-07-25,405.0,416.25
East,1,2x4,20,2025-08-01,440.0,422.5
East,1,2x4,20,2025-08-08,450.0,430.0
East,1,2x4,20,2025-08-15,450.0,436.25
East,1,2x4,20,2025-08-22,440.0,445.0
East,1,2x4,20,2025-08-29,440.0,445.0
East,1,2x4,20,2025-09-05,425.0,438.75
East,1,2x4,20,2025-09-12,425.0,432.5
East,1,2x4,20,2025-09-19,435.0,431.25
East,1,2x4,20,2025-09-26,440.0,431.25
East,1,2x4,20,2025-10-03,455.0,438.75
East,1,2x4,20,2025-10-10,460.0,447.5
East,1,2x4,20,2025-10-17,460.0,453.75
East,1,2x6,8,2024-01-12,335.0,335.0
East,1,2x6,8,2024-01-18,325.0,330.0
East,1,2x6,8,2024-01-25,310.0,323.3333333333333
East,1,2x6,8,2024-02-08,320.0,322.5
East,1,2x6,8,2024-02-15,335.0,322.5
East,1,2x6,8,2024-02-22,345.0,327.5
East,1,2x6,8,2024-02-29,355.0,338.75
East,1,2x6,8,2024-03-07,360.0,348.75
East,1,2x6,8,2024-03-14,375.0,358.75
East,1,2x6,8,2024-03-21,375.0,366.25
East,1,2x6,8,2024-03-28,365.0,368.75
East,1,2x6,8,2024-04-04,360.0,368.75
East,1,2x6,8,2024-04-11,360.0,365.0
East,1,2x6,8,2024-04-18,360.0,361.25
East,1,2x6,8,2024-04-25,360.0,360.0
East,1,2x6,8,2024-05-02,360.0,360.0
East,1,2x6,8,2024-05-09,370.0,362.5
East,1,2x6,8,2024-05-16,380.0,367.5
East,1,2x6,8,2024-05-30,385.0,373.75
East,1,2x6,8,2024-06-06,385.0,380.0
East,1,2x6,8,2024-06-13,375.0,381.25
East,1,2x6,8,2024-06-20,365.0,377.5
East,1,2x6,8,2024-06-27,350.0,368.75
East,1,2x6,8,2024-07-04,340.0,357.5
East,1,2x6,8,2024-07-11,340.0,348.75
East,1,2x6,8,2024-07-18,345.0,343.75
East,1,2x6,8,2024-07-25,355.0,345.0
East,1,2x6,8,2024-08-01,360.0,350.0
East,1,2x6,8,2024-08-08,360.0,355.0
East,1,2x6,8,2024-08-15,360.0,358.75
East,1,2x6,8,2024-08-22,360.0,360.0
East,1,2x6,8,2024-08-29,355.0,358.75
East,1,2x6,8,2024-09-05,355.0,357.5
East,1,2x6,8,2024-09-12,355.0,356.25
East,1,2x6,8,2024-09-20,355.0,355.0
East,1,2x6,8,2024-09-27,365.0,357.5
East,1,2x6,8,2024-10-04,390.0,366.25
East,1,2x6,8,2024-10-11,420.0,382.5
East,1,2x6,8,2024-10-18,450.0,406.25
East,1,2x6,8,2024-10-25,450.0,427.5
East,1,2x6,8,2024-11-01,450.0,442.5
East,1,2x6,8,2024-11-08,440.0,447.5
East,1,2x6,8,2024-11-15,430.0,442.5
East,1,2x6,8,2024-11-22,425.0,436.25
East,1,2x6,8,2024-11-27,425.0,430.0
East,1,2x6,8,2024-12-06,420.0,425.0
East,1,2x6,8,2024-12-13,420.0,422.5
East,1,2x6,8,2024-12-20,435.0,425.0
East,1,2x6,8,2025-01-03,460.0,433.75
East,1,2x6,8,2025-01-10,470.0,446.25
East,1,2x6,8,2025-01-17,480.0,461.25
East,1,2x6,8,2025-01-24,470.0,470.0
East,1,2x6,8,2025-01-31,460.0,470.0
East,1,2x6,8,2025-02-07,465.0,468.75
East,1,2x6,8,2025-02-14,475.0,467.5
East,1,2x6,8,2025-02-21,475.0,468.75
East,1,2x6,8,2025-02-28,475.0,472.5
East,1,2x6,8,2025-03-07,475.0,475.0
East,1,2x6,8,2025-03-14,465.0,472.5
East,1,2x6,8,2025-03-21,450.0,466.25
East,1,2x6,8,2025-03-28,435.0,456.25
East,1,2x6,8,2025-04-04,425.0,443.75
East,1,2x6,8,2025-04-11,425.0,433.75
East,1,2x6,8,2025-04-18,425.0,427.5
East,1,2x6,8,2025-04-25,425.0,425.0
East,1,2x6,8,2025-05-02,415.0,422.5
East,1,2x6,8,2025-05-09,400.0,416.25
East,1,2x6,8,2025-05-16,375.0,403.75
East,1,2x6,8,2025-05-23,345.0,383.75
East,1,2x6,8,2025-05-30,330.0,362.5
East,1,2x6,8,2025-06-06,315.0,341.25
East,1,2x6,8,2025-06-13,315.0,326.25
East,1,2x6,8,2025-06-19,316.0,319.0
East,1,2x6,8,2025-06-27,325.0,317.75
East,1,2x6,8,2025-07-03,335.0,322.75
East,1,2x6,8,2025-07-11,345.0,330.25
East,1,2x6,8,2025-07-18,350.0,338.75
East,1,2x6,8,2025-07-25,310.0,335.0
East,1,2x6,8,2025-08-01,360.0,341.25
East,1,2x6,8,2025-08-08,360.0,345.0
East,1,2x6,8,2025-08-15,360.0,347.5
East,1,2x6,8,2025-08-22,350.0,357.5
East,1,2x6,8,2025-08-29,340.0,352.5
East,1,2x6,8,2025-09-05,330.0,345.0
East,1,2x6,8,2025-09-12,330.0,337.5
East,1,2x6,8,2025-09-19,330.0,332.5
East,1,2x6,8,2025-09-26,340.0,332.5
East,1,2x6,8,2025-10-03,350.0,337.5
East,1,2x6,8,2025-10-10,365.0,346.25
East,1,2x6,8,2025-10-17,365.0,355.0
East,1,2x6,10,2024-01-12,390.0,390.0
East,1,2x6,10,2024-01-18,380.0,385.0
East,1,2x6,10,2024-01-25,365.0,378.3333333333333
East,1,2x6,10,2024-02-08,360.0,373.75
East,1,2x6,10,2024-02-15,370.0,368.75
East,1,2x6,10,2024-02-22,380.0,368.75
East,1,2x6,10,2024-02-29,390.0,375.0
East,1,2x6,10,2024-03-07,390.0,382.5
East,1,2x6,10,2024-03-14,390.0,387.5
East,1,2x6,10,2024-03-21,375.0,386.25
East,1,2x6,10,2024-03-28,365.0,380.0
East,1,2x6,10,2024-04-04,355.0,371.25
East,1,2x6,10,2024-04-11,345.0,360.0
East,1,2x6,10,2024-04-18,330.0,348.75
East,1,2x6,10,2024-04-25,330.0,340.0
East,1,2x6,10,2024-05-02,330.0,333.75
East,1,2x6,10,2024-05-09,340.0,332.5
East,1,2x6,10,2024-05-16,345.0,336.25
East,1,2x6,10,2024-05-30,345.0,340.0
East,1,2x6,10,2024-06-06,345.0,343.75
East,1,2x6,10,2024-06-13,325.0,340.0
East,1,2x6,10,2024-06-20,315.0,332.5
East,1,2x6,10,2024-06-27,305.0,322.5
East,1,2x6,10,2024-07-04,300.0,311.25
East,1,2x6,10,2024-07-11,300.0,305.0
East,1,2x6,10,2024-07-18,315.0,305.0
East,1,2x6,10,2024-07-25,325.0,310.0
East,1,2x6,10,2024-08-01,330.0,317.5
East,1,2x6,10,2024-08-08,330.0,325.0
East,1,2x6,10,2024-08-15,330.0,328.75
East,1,2x6,10,2024-08-22,325.0,328.75
East,1,2x6,10,2024-08-29,320.0,326.25
East,1,2x6,10,2024-09-05,325.0,325.0
East,1,2x6,10,2024-09-12,325.0,323.75
East,1,2x6,10,2024-09-20,330.0,325.0
East,1,2x6,10,2024-09-27,345.0,331.25
East,1,2x6,10,2024-10-04,370.0,342.5
East,1,2x6,10,2024-10-11,400.0,361.25
East,1,2x6,10,2024-10-18,430.0,386.25
East,1,2x6,10,2024-10-25,445.0,411.25
East,1,2x6,10,2024-11-01,450.0,431.25
East,1,2x6,10,2024-11-08,440.0,441.25
East,1,2x6,10,2024-11-15,420.0,438.75
East,1,2x6,10,2024-11-22,410.0,430.0
East,1,2x6,10,2024-11-27,400.0,417.5
East,1,2x6,10,2024-12-06,390.0,405.0
East,1,2x6,10,2024-12-13,400.0,400.0
East,1,2x6,10,2024-12-20,400.0,397.5
East,1,2x6,10,2025-01-03,425.0,403.75
East,1,2x6,10,2025-01-10,430.0,413.75
East,1,2x6,10,2025-01-17,435.0,422.5
East,1,2x6,10,2025-01-24,430.0,430.0
East,1,2x6,10,2025-01-31,420.0,428.75
East,1,2x6,10,2025-02-07,425.0,427.5
East,1,2x6,10,2025-02-14,430.0,426.25
East,1,2x6,10,2025-02-21,430.0,426.25
East,1,2x6,10,2025-02-28,430.0,428.75
East,1,2x6,10,2025-03-07,430.0,430.0
East,1,2x6,10,2025-03-14,420.0,427.5
East,1,2x6,10,2025-03-21,405.0,421.25
East,1,2x6,10,2025-03-28,390.0,411.25
East,1,2x6,10,2025-04-04,380.0,398.75
East,1,2x6,10,2025-04-11,380.0,388.75
East,1,2x6,10,2025-04-18,385.0,383.75
East,1,2x6,10,2025-04-25,385.0,382.5
East,1,2x6,10,2025-05-02,385.0,383.75
East,1,2x6,10,2025-05-09,375.0,382.5
East,1,2x6,10,2025-05-16,355.0,375.0
East,1,2x6,10,2025-05-23,335.0,362.5
East,1,2x6,10,2025-05-30,325.0,347.5
East,1,2x6,10,2025-06-06,315.0,332.5
East,1,2x6,10,2025-06-13,315.0,322.5
East,1,2x6,10,2025-06-19,316.0,317.75
East,1,2x6,10,2025-06-27,325.0,317.75
East,1,2x6,10,2025-07-03,335.0,322.75
East,1,2x6,10,2025-07-11,345.0,330.25
East,1,2x6,10,2025-07-18,355.0,340.0
East,1,2x6,10,2025-07-25,310.0,336.25
East,1,2x6,10,2025-08-01,365.0,343.75
East,1,2x6,10,2025-08-08,365.0,348.75
East,1,2x6,10,2025-08-15,355.0,348.75
East,1,2x6,10,2025-08-22,350.0,358.75
East,1,2x6,10,2025-08-29,340.0,352.5
East,1,2x6,10,2025-09-05,330.0,343.75
East,1,2x6,10,2025-09-12,330.0,337.5
East,1,2x6,10,2025-09-19,335.0,333.75
East,1,2x6,10,2025-09-26,345.0,335.0
East,1,2x6,10,2025-10-03,355.0,341.25
East,1,2x6,10,2025-10-10,365.0,350.0
East,1,2x6,10,2025-10-17,365.0,357.5
East,1,2x6,12,2024-01-12,395.0,395.0
East,1,2x6,12,2024-01-18,380.0,387.5
East,1,2x6,12,2024-01-25,360.0,378.3333333333333
East,1,2x6,12,2024-02-08,355.0,372.5
East,1,2x6,12,2024-02-15,365.0,365.0
East,1,2x6,12,2024-02-22,375.0,363.75
East,1,2x6,12,2024-02-29,390.0,371.25
East,1,2x6,12,2024-03-07,395.0,381.25
East,1,2x6,12,2024-03-14,395.0,388.75
East,1,2x6,12,2024-03-21,390.0,392.5
East,1,2x6,12,2024-03-28,380.0,390.0
East,1,2x6,12,2024-04-04,365.0,382.5
East,1,2x6,12,2024-04-11,350.0,371.25
East,1,2x6,12,2024-04-18,335.0,357.5
East,1,2x6,12,2024-04-25,335.0,346.25
East,1,2x6,12,2024-05-02,335.0,338.75
East,1,2x6,12,2024-05-09,340.0,336.25
East,1,2x6,12,2024-05-16,345.0,338.75
East,1,2x6,12,2024-05-30,345.0,341.25
East,1,2x6,12,2024-06-06,345.0,343.75
East,1,2x6,12,2024-06-13,325.0,340.0
East,1,2x6,12,2024-06-20,315.0,332.5
East,1,2x6,12,2024-06-27,300.0,321.25
East,1,2x6,12,2024-07-04,295.0,308.75
East,1,2x6,12,2024-07-11,295.0,301.25
East,1,2x6,12,2024-07-18,300.0,297.5
East,1,2x6,12,2024-07-25,305.0,298.75
East,1,2x6,12,2024-08-01,310.0,302.5
East,1,2x6,12,2024-08-08,310.0,306.25
East,1,2x6,12,2024-08-15,310.0,308.75
East,1,2x6,12,2024-08-22,305.0,308.75
East,1,2x6,12,2024-08-29,295.0,305.0
East,1,2x6,12,2024-09-05,300.0,302.5
East,1,2x6,12,2024-09-12,300.0,300.0
East,1,2x6,12,2024-09-20,305.0,300.0
East,1,2x6,12,2024-09-27,320.0,306.25
East,1,2x6,12,2024-10-04,340.0,316.25
East,1,2x6,12,2024-10-11,370.0,333.75
East,1,2x6,12,2024-10-18,405.0,358.75
East,1,2x6,12,2024-10-25,425.0,385.0
East,1,2x6,12,2024-11-01,425.0,406.25
East,1,2x6,12,2024-11-08,425.0,420.0
East,1,2x6,12,2024-11-15,410.0,421.25
East,1,2x6,12,2024-11-22,400.0,415.0
East,1,2x6,12,2024-11-27,395.0,407.5
East,1,2x6,12,2024-12-06,390.0,398.75
East,1,2x6,12,2024-12-13,400.0,396.25
East,1,2x6,12,2024-12-20,415.0,400.0
East,1,2x6,12,2025-01-03,445.0,412.5
East,1,2x6,12,2025-01-10,455.0,428.75
East,1,2x6,12,2025-01-17,465.0,445.0
East,1,2x6,12,2025-01-24,460.0,456.25
East,1,2x6,12,2025-01-31,455.0,458.75
East,1,2x6,12,2025-02-07,470.0,462.5
East,1,2x6,12,2025-02-14,475.0,465.0
East,1,2x6,12,2025-02-21,475.0,468.75
East,1,2x6,12,2025-02-28,475.0,473.75
East,1,2x6,12,2025-03-07,475.0,475.0
East,1,2x6,12,2025-03-14,465.0,472.5
East,1,2x6,12,2025-03-21,455.0,467.5
East,1,2x6,12,2025-03-28,440.0,458.75
East,1,2x6,12,2025-04-04,420.0,445.0
East,1,2x6,12,2025-04-11,420.0,433.75
East,1,2x6,12,2025-04-18,420.0,425.0
East,1,2x6,12,2025-04-25,420.0,420.0
East,1,2x6,12,2025-05-02,415.0,418.75
East,1,2x6,12,2025-05-09,405.0,415.0
East,1,2x6,12,2025-05-16,390.0,407.5
East,1,2x6,12,2025-05-23,370.0,395.0
East,1,2x6,12,2025-05-30,355.0,380.0
East,1,2x6,12,2025-06-06,345.0,365.0
East,1,2x6,12,2025-06-13,345.0,353.75
East,1,2x6,12,2025-06-19,345.0,347.5
East,1,2x6,12,2025-06-27,360.0,348.75
East,1,2x6,12,2025-07-03,370.0,355.0
East,1,2x6,12,2025-07-11,380.0,363.75
East,1,2x6,12,2025-07-18,385.0,373.75
East,1,2x6,12,2025-07-25,355.0,372.5
East,1,2x6,12,2025-08-01,395.0,378.75
East,1,2x6,12,2025-08-08,395.0,382.5
East,1,2x6,12,2025-08-15,390.0,383.75
East,1,2x6,12,2025-08-22,380.0,390.0
East,1,2x6,12,2025-08-29,370.0,383.75
East,1,2x6,12,2025-09-05,360.0,375.0
East,1,2x6,12,2025-09-12,355.0,366.25
East,1,2x6,12,2025-09-19,360.0,361.25
East,1,2x6,12,2025-09-26,365.0,360.0
East,1,2x6,12,2025-10-03,375.0,363.75
East,1,2x6,12,2025-10-10,385.0,371.25
East,1,2x6,12,2025-10-17,380.0,376.25
East,1,2x6,14,2024-01-12,370.0,370.0
East,1,2x6,14,2024-01-18,360.0,365.0
East,1,2x6,14,2024-01-25,345.0,358.3333333333333
East,1,2x6,14,2024-02-08,345.0,355.0
East,1,2x6,14,2024-02-15,365.0,353.75
East,1,2x6,14,2024-02-22,375.0,357.5
East,1,2x6,14,2024-02-29,390.0,368.75
East,1,2x6,14,2024-03-07,395.0,381.25
East,1,2x6,14,2024-03-14,385.0,386.25
East,1,2x6,14,2024-03-21,380.0,387.5
East,1,2x6,14,2024-03-28,370.0,382.5
East,1,2x6,14,2024-04-04,355.0,372.5
East,1,2x6,14,2024-04-11,340.0,361.25
East,1,2x6,14,2024-04-18,325.0,347.5
East,1,2x6,14,2024-04-25,325.0,336.25
East,1,2x6,14,2024-05-02,330.0,330.0
East,1,2x6,14,2024-05-09,340.0,330.0
East,1,2x6,14,2024-05-16,345.0,335.0
East,1,2x6,14,2024-05-30,350.0,341.25
East,1,2x6,14,2024-06-06,340.0,343.75
East,1,2x6,14,2024-06-13,325.0,340.0
East,1,2x6,14,2024-06-20,315.0,332.5
East,1,2x6,14,2024-06-27,295.0,318.75
East,1,2x6,14,2024-07-04,285.0,305.0
East,1,2x6,14,2024-07-11,285.0,295.0
East,1,2x6,14,2024-07-18,300.0,291.25
East,1,2x6,14,2024-07-25,305.0,293.75
East,1,2x6,14,2024-08-01,310.0,300.0
East,1,2x6,14,2024-08-08,310.0,306.25
East,1,2x6,14,2024-08-15,310.0,308.75
East,1,2x6,14,2024-08-22,310.0,310.0
East,1,2x6,14,2024-08-29,300.0,307.5
East,1,2x6,14,2024-09-05,305.0,306.25
East,1,2x6,14,2024-09-12,305.0,305.0
East,1,2x6,14,2024-09-20,310.0,305.0
East,1,2x6,14,2024-09-27,325.0,311.25
East,1,2x6,14,2024-10-04,350.0,322.5
East,1,2x6,14,2024-10-11,380.0,341.25
East,1,2x6,14,2024-10-18,410.0,366.25
East,1,2x6,14,2024-10-25,430.0,392.5
East,1,2x6,14,2024-11-01,435.0,413.75
East,1,2x6,14,2024-11-08,425.0,425.0
East,1,2x6,14,2024-11-15,410.0,425.0
East,1,2x6,14,2024-11-22,400.0,417.5
East,1,2x6,14,2024-11-27,395.0,407.5
East,1,2x6,14,2024-12-06,390.0,398.75
East,1,2x6,14,2024-12-13,390.0,393.75
East,1,2x6,14,2024-12-20,405.0,395.0
East,1,2x6,14,2025-01-03,435.0,405.0
East,1,2x6,14,2025-01-10,450.0,420.0
East,1,2x6,14,2025-01-17,455.0,436.25
East,1,2x6,14,2025-01-24,440.0,445.0
East,1,2x6,14,2025-01-31,425.0,442.5
East,1,2x6,14,2025-02-07,435.0,438.75
East,1,2x6,14,2025-02-14,445.0,436.25
East,1,2x6,14,2025-02-21,450.0,438.75
East,1,2x6,14,2025-02-28,450.0,445.0
East,1,2x6,14,2025-03-07,455.0,450.0
East,1,2x6,14,2025-03-14,445.0,450.0
East,1,2x6,14,2025-03-21,435.0,446.25
East,1,2x6,14,2025-03-28,420.0,438.75
East,1,2x6,14,2025-04-04,410.0,427.5
East,1,2x6,14,2025-04-11,400.0,416.25
East,1,2x6,14,2025-04-18,400.0,407.5
East,1,2x6,14,2025-04-25,400.0,402.5
East,1,2x6,14,2025-05-02,400.0,400.0
East,1,2x6,14,2025-05-09,385.0,396.25
East,1,2x6,14,2025-05-16,360.0,386.25
East,1,2x6,14,2025-05-23,335.0,370.0
East,1,2x6,14,2025-05-30,325.0,351.25
East,1,2x6,14,2025-06-06,315.0,333.75
East,1,2x6,14,2025-06-13,320.0,323.75
East,1,2x6,14,2025-06-19,330.0,322.5
East,1,2x6,14,2025-06-27,340.0,326.25
East,1,2x6,14,2025-07-03,350.0,335.0
East,1,2x6,14,2025-07-11,360.0,345.0
East,1,2x6,14,2025-07-18,365.0,353.75
East,1,2x6,14,2025-07-25,350.0,356.25
East,1,2x6,14,2025-08-01,370.0,361.25
East,1,2x6,14,2025-08-08,370.0,363.75
East,1,2x6,14,2025-08-15,360.0,362.5
East,1,2x6,14,2025-08-22,355.0,363.75
East,1,2x6,14,2025-08-29,345.0,357.5
East,1,2x6,14,2025-09-05,335.0,348.75
East,1,2x6,14,2025-09-12,335.0,342.5
East,1,2x6,14,2025-09-19,335.0,337.5
East,1,2x6,14,2025-09-26,345.0,337.5
East,1,2x6,14,2025-10-03,355.0,342.5
East,1,2x6,14,2025-10-10,370.0,351.25
East,1,2x6,14,2025-10-17,370.0,360.0
East,1,2x6,16,2024-01-12,395.0,395.0
East,1,2x6,16,2024-01-18,380.0,387.5
East,1,2x6,16,2024-01-25,360.0,378.3333333333333
East,1,2x6,16,2024-02-08,360.0,373.75
East,1,2x6,16,2024-02-15,375.0,368.75
East,1,2x6,16,2024-02-22,390.0,371.25
East,1,2x6,16,2024-02-29,410.0,383.75
East,1,2x6,16,2024-03-07,420.0,398.75
East,1,2x6,16,2024-03-14,420.0,410.0
East,1,2x6,16,2024-03-21,420.0,417.5
East,1,2x6,16,2024-03-28,410.0,417.5
East,1,2x6,16,2024-04-04,410.0,415.0
East,1,2x6,16,2024-04-11,395.0,408.75
East,1,2x6,16,2024-04-18,380.0,398.75
East,1,2x6,16,2024-04-25,370.0,388.75
East,1,2x6,16,2024-05-02,370.0,378.75
East,1,2x6,16,2024-05-09,385.0,376.25
East,1,2x6,16,2024-05-16,400.0,381.25
East,1,2x6,16,2024-05-30,415.0,392.5
East,1,2x6,16,2024-06-06,415.0,403.75
East,1,2x6,16,2024-06-13,390.0,405.0
East,1,2x6,16,2024-06-20,375.0,398.75
East,1,2x6,16,2024-06-27,350.0,382.5
East,1,2x6,16,2024-07-04,325.0,360.0
East,1,2x6,16,2024-07-11,325.0,343.75
East,1,2x6,16,2024-07-18,325.0,331.25
East,1,2x6,16,2024-07-25,330.0,326.25
East,1,2x6,16,2024-08-01,335.0,328.75
East,1,2x6,16,2024-08-08,335.0,331.25
East,1,2x6,16,2024-08-15,330.0,332.5
East,1,2x6,16,2024-08-22,325.0,331.25
East,1,2x6,16,2024-08-29,315.0,326.25
East,1,2x6,16,2024-09-05,320.0,322.5
East,1,2x6,16,2024-09-12,330.0,322.5
East,1,2x6,16,2024-09-20,335.0,325.0
East,1,2x6,16,2024-09-27,350.0,333.75
East,1,2x6,16,2024-10-04,370.0,346.25
East,1,2x6,16,2024-10-11,400.0,363.75
East,1,2x6,16,2024-10-18,435.0,388.75
East,1,2x6,16,2024-10-25,450.0,413.75
East,1,2x6,16,2024-11-01,455.0,435.0
East,1,2x6,16,2024-11-08,450.0,447.5
East,1,2x6,16,2024-11-15,435.0,447.5
East,1,2x6,16,2024-11-22,425.0,441.25
East,1,2x6,16,2024-11-27,420.0,432.5
East,1,2x6,16,2024-12-06,420.0,425.0
East,1,2x6,16,2024-12-13,430.0,423.75
East,1,2x6,16,2024-12-20,440.0,427.5
East,1,2x6,16,2025-01-03,470.0,440.0
East,1,2x6,16,2025-01-10,485.0,456.25
East,1,2x6,16,2025-01-17,495.0,472.5
East,1,2x6,16,2025-01-24,495.0,486.25
East,1,2x6,16,2025-01-31,480.0,488.75
East,1,2x6,16,2025-02-07,490.0,490.0
East,1,2x6,16,2025-02-14,490.0,488.75
East,1,2x6,16,2025-02-21,490.0,487.5
East,1,2x6,16,2025-02-28,485.0,488.75
East,1,2x6,16,2025-03-07,485.0,487.5
East,1,2x6,16,2025-03-14,475.0,483.75
East,1,2x6,16,2025-03-21,460.0,476.25
East,1,2x6,16,2025-03-28,445.0,466.25
East,1,2x6,16,2025-04-04,430.0,452.5
East,1,2x6,16,2025-04-11,430.0,441.25
East,1,2x6,16,2025-04-18,430.0,433.75
East,1,2x6,16,2025-04-25,430.0,430.0
East,1,2x6,16,2025-05-02,430.0,430.0
East,1,2x6,16,2025-05-09,415.0,426.25
East,1,2x6,16,2025-05-16,385.0,415.0
East,1,2x6,16,2025-05-23,360.0,397.5
East,1,2x6,16,2025-05-30,345.0,376.25
East,1,2x6,16,2025-06-06,335.0,356.25
East,1,2x6,16,2025-06-13,335.0,343.75
East,1,2x6,16,2025-06-19,335.0,337.5
East,1,2x6,16,2025-06-27,340.0,336.25
East,1,2x6,16,2025-07-03,345.0,338.75
East,1,2x6,16,2025-07-11,350.0,342.5
East,1,2x6,16,2025-07-18,355.0,347.5
East,1,2x6,16,2025-07-25,370.0,355.0
East,1,2x6,16,2025-08-01,360.0,358.75
East,1,2x6,16,2025-08-08,355.0,360.0
East,1,2x6,16,2025-08-15,350.0,358.75
East,1,2x6,16,2025-08-22,345.0,352.5
East,1,2x6,16,2025-08-29,335.0,346.25
East,1,2x6,16,2025-09-05,325.0,338.75
East,1,2x6,16,2025-09-12,325.0,332.5
East,1,2x6,16,2025-09-19,330.0,328.75
East,1,2x6,16,2025-09-26,340.0,330.0
East,1,2x6,16,2025-10-03,355.0,337.5
East,1,2x6,16,2025-10-10,370.0,348.75
East,1,2x6,16,2025-10-17,370.0,358.75
East,1,2x6,18,2024-01-12,370.0,370.0
East,1,2x6,18,2024-01-18,360.0,365.0
East,1,2x6,18,2024-01-25,345.0,358.3333333333333
East,1,2x6,18,2024-02-08,345.0,355.0
East,1,2x6,18,2024-02-15,360.0,352.5
East,1,2x6,18,2024-02-22,365.0,353.75
East,1,2x6,18,2024-02-29,370.0,360.0
East,1,2x6,18,2024-03-07,380.0,368.75
East,1,2x6,18,2024-03-14,380.0,373.75
East,1,2x6,18,2024-03-21,365.0,373.75
East,1,2x6,18,2024-03-28,355.0,370.0
East,1,2x6,18,2024-04-04,345.0,361.25
East,1,2x6,18,2024-04-11,345.0,352.5
East,1,2x6,18,2024-04-18,335.0,345.0
East,1,2x6,18,2024-04-25,325.0,337.5
East,1,2x6,18,2024-05-02,320.0,331.25
East,1,2x6,18,2024-05-09,320.0,325.0
East,1,2x6,18,2024-05-16,330.0,323.75
East,1,2x6,18,2024-05-30,330.0,325.0
East,1,2x6,18,2024-06-06,330.0,327.5
East,1,2x6,18,2024-06-13,310.0,325.0
East,1,2x6,18,2024-06-20,295.0,316.25
East,1,2x6,18,2024-06-27,285.0,305.0
East,1,2x6,18,2024-07-04,275.0,291.25
East,1,2x6,18,2024-07-11,275.0,282.5
East,1,2x6,18,2024-07-18,275.0,277.5
East,1,2x6,18,2024-07-25,280.0,276.25
East,1,2x6,18,2024-08-01,285.0,278.75
East,1,2x6,18,2024-08-08,285.0,281.25
East,1,2x6,18,2024-08-15,285.0,283.75
East,1,2x6,18,2024-08-22,275.0,282.5
East,1,2x6,18,2024-08-29,270.0,278.75
East,1,2x6,18,2024-09-05,270.0,275.0
East,1,2x6,18,2024-09-12,265.0,270.0
East,1,2x6,18,2024-09-20,270.0,268.75
East,1,2x6,18,2024-09-27,280.0,271.25
East,1,2x6,18,2024-10-04,300.0,278.75
East,1,2x6,18,2024-10-11,330.0,295.0
East,1,2x6,18,2024-10-18,365.0,318.75
East,1,2x6,18,2024-10-25,380.0,343.75
East,1,2x6,18,2024-11-01,385.0,365.0
East,1,2x6,18,2024-11-08,385.0,378.75
East,1,2x6,18,2024-11-15,370.0,380.0
East,1,2x6,18,2024-11-22,355.0,373.75
East,1,2x6,18,2024-11-27,345.0,363.75
East,1,2x6,18,2024-12-06,345.0,353.75
East,1,2x6,18,2024-12-13,345.0,347.5
East,1,2x6,18,2024-12-20,355.0,347.5
East,1,2x6,18,2025-01-03,390.0,358.75
East,1,2x6,18,2025-01-10,405.0,373.75
East,1,2x6,18,2025-01-17,420.0,392.5
East,1,2x6,18,2025-01-24,415.0,407.5
East,1,2x6,18,2025-01-31,415.0,413.75
East,1,2x6,18,2025-02-07,420.0,417.5
East,1,2x6,18,2025-02-14,420.0,417.5
East,1,2x6,18,2025-02-21,420.0,418.75
East,1,2x6,18,2025-02-28,420.0,420.0
East,1,2x6,18,2025-03-07,420.0,420.0
East,1,2x6,18,2025-03-14,410.0,417.5
East,1,2x6,18,2025-03-21,410.0,415.0
East,1,2x6,18,2025-03-28,395.0,408.75
East,1,2x6,18,2025-04-04,375.0,397.5
East,1,2x6,18,2025-04-11,375.0,388.75
East,1,2x6,18,2025-04-18,375.0,380.0
East,1,2x6,18,2025-04-25,375.0,375.0
East,1,2x6,18,2025-05-02,370.0,373.75
East,1,2x6,18,2025-05-09,355.0,368.75
East,1,2x6,18,2025-05-16,345.0,361.25
East,1,2x6,18,2025-05-23,330.0,350.0
East,1,2x6,18,2025-05-30,320.0,337.5
East,1,2x6,18,2025-06-06,320.0,328.75
East,1,2x6,18,2025-06-13,320.0,322.5
East,1,2x6,18,2025-06-19,320.0,320.0
East,1,2x6,18,2025-06-27,320.0,320.0
East,1,2x6,18,2025-07-03,330.0,322.5
East,1,2x6,18,2025-07-11,335.0,326.25
East,1,2x6,18,2025-07-18,345.0,332.5
East,1,2x6,18,2025-07-25,320.0,332.5
East,1,2x6,18,2025-08-01,355.0,338.75
East,1,2x6,18,2025-08-08,360.0,345.0
East,1,2x6,18,2025-08-15,360.0,348.75
East,1,2x6,18,2025-08-22,350.0,356.25
East,1,2x6,18,2025-08-29,335.0,351.25
East,1,2x6,18,2025-09-05,335.0,345.0
East,1,2x6,18,2025-09-12,335.0,338.75
East,1,2x6,18,2025-09-19,335.0,335.0
East,1,2x6,18,2025-09-26,335.0,335.0
East,1,2x6,18,2025-10-03,335.0,335.0
East,1,2x6,18,2025-10-10,345.0,337.5
East,1,2x6,18,2025-10-17,350.0,341.25
East,1,2x6,20,2024-01-12,350.0,350.0
East,1,2x6,20,2024-01-18,340.0,345.0
East,1,2x6,20,2024-01-25,325.0,338.3333333333333
East,1,2x6,20,2024-02-08,320.0,333.75
East,1,2x6,20,2024-02-15,335.0,330.0
East,1,2x6,20,2024-02-22,345.0,331.25
East,1,2x6,20,2024-02-29,345.0,336.25
East,1,2x6,20,2024-03-07,360.0,346.25
East,1,2x6,20,2024-03-14,360.0,352.5
East,1,2x6,20,2024-03-21,355.0,355.0
East,1,2x6,20,2024-03-28,345.0,355.0
East,1,2x6,20,2024-04-04,345.0,351.25
East,1,2x6,20,2024-04-11,345.0,347.5
East,1,2x6,20,2024-04-18,345.0,345.0
East,1,2x6,20,2024-04-25,345.0,345.0
East,1,2x6,20,2024-05-02,350.0,346.25
East,1,2x6,20,2024-05-09,350.0,347.5
East,1,2x6,20,2024-05-16,360.0,351.25
East,1,2x6,20,2024-05-30,380.0,360.0
East,1,2x6,20,2024-06-06,380.0,367.5
East,1,2x6,20,2024-06-13,360.0,370.0
East,1,2x6,20,2024-06-20,350.0,367.5
East,1,2x6,20,2024-06-27,340.0,357.5
East,1,2x6,20,2024-07-04,335.0,346.25
East,1,2x6,20,2024-07-11,335.0,340.0
East,1,2x6,20,2024-07-18,340.0,337.5
East,1,2x6,20,2024-07-25,345.0,338.75
East,1,2x6,20,2024-08-01,350.0,342.5
East,1,2x6,20,2024-08-08,350.0,346.25
East,1,2x6,20,2024-08-15,345.0,347.5
East,1,2x6,20,2024-08-22,335.0,345.0
East,1,2x6,20,2024-08-29,320.0,337.5
East,1,2x6,20,2024-09-05,320.0,330.0
East,1,2x6,20,2024-09-12,310.0,321.25
East,1,2x6,20,2024-09-20,310.0,315.0
East,1,2x6,20,2024-09-27,320.0,315.0
East,1,2x6,20,2024-10-04,340.0,320.0
East,1,2x6,20,2024-10-11,370.0,335.0
East,1,2x6,20,2024-10-18,400.0,357.5
East,1,2x6,20,2024-10-25,415.0,381.25
East,1,2x6,20,2024-11-01,425.0,402.5
East,1,2x6,20,2024-11-08,435.0,418.75
East,1,2x6,20,2024-11-15,435.0,427.5
East,1,2x6,20,2024-11-22,415.0,427.5
East,1,2x6,20,2024-11-27,405.0,422.5
East,1,2x6,20,2024-12-06,400.0,413.75
East,1,2x6,20,2024-12-13,390.0,402.5
East,1,2x6,20,2024-12-20,375.0,392.5
East,1,2x6,20,2025-01-03,395.0,390.0
East,1,2x6,20,2025-01-10,420.0,395.0
East,1,2x6,20,2025-01-17,430.0,405.0
East,1,2x6,20,2025-01-24,440.0,421.25
East,1,2x6,20,2025-01-31,440.0,432.5
East,1,2x6,20,2025-02-07,450.0,440.0
East,1,2x6,20,2025-02-14,460.0,447.5
East,1,2x6,20,2025-02-21,460.0,452.5
East,1,2x6,20,2025-02-28,460.0,457.5
East,1,2x6,20,2025-03-07,460.0,460.0
East,1,2x6,20,2025-03-14,460.0,460.0
East,1,2x6,20,2025-03-21,460.0,460.0
East,1,2x6,20,2025-03-28,445.0,456.25
East,1,2x6,20,2025-04-04,445.0,452.5
East,1,2x6,20,2025-04-11,445.0,448.75
East,1,2x6,20,2025-04-18,445.0,445.0
East,1,2x6,20,2025-04-25,445.0,445.0
East,1,2x6,20,2025-05-02,435.0,442.5
East,1,2x6,20,2025-05-09,420.0,436.25
East,1,2x6,20,2025-05-16,400.0,425.0
East,1,2x6,20,2025-05-23,385.0,410.0
East,1,2x6,20,2025-05-30,370.0,393.75
East,1,2x6,20,2025-06-06,370.0,381.25
East,1,2x6,20,2025-06-13,370.0,373.75
East,1,2x6,20,2025-06-19,370.0,370.0
East,1,2x6,20,2025-06-27,375.0,371.25
East,1,2x6,20,2025-07-03,375.0,372.5
East,1,2x6,20,2025-07-11,375.0,373.75
East,1,2x6,20,2025-07-18,375.0,375.0
East,1,2x6,20,2025-07-25,330.0,363.75
East,1,2x6,20,2025-08-01,390.0,367.5
East,1,2x6,20,2025-08-08,395.0,372.5
East,1,2x6,20,2025-08-15,395.0,377.5
East,1,2x6,20,2025-08-22,390.0,392.5
East,1,2x6,20,2025-08-29,370.0,387.5
East,1,2x6,20,2025-09-05,360.0,378.75
East,1,2x6,20,2025-09-12,355.0,368.75
East,1,2x6,20,2025-09-19,355.0,360.0
East,1,2x6,20,2025-09-26,355.0,356.25
East,1,2x6,20,2025-10-03,355.0,355.0
East,1,2x6,20,2025-10-10,365.0,357.5
East,1,2x6,20,2025-10-17,365.0,360.0
East,1,2x8,8,2024-01-12,470.0,470.0
East,1,2x8,8,2024-01-18,460.0,465.0
East,1,2x8,8,2024-01-25,445.0,458.3333333333333
East,1,2x8,8,2024-02-08,440.0,453.75
East,1,2x8,8,2024-02-15,440.0,446.25
East,1,2x8,8,2024-02-22,440.0,441.25
East,1,2x8,8,2024-02-29,445.0,441.25
East,1,2x8,8,2024-03-07,445.0,442.5
East,1,2x8,8,2024-03-14,445.0,443.75
East,1,2x8,8,2024-03-21,445.0,445.0
East,1,2x8,8,2024-03-28,440.0,443.75
East,1,2x8,8,2024-04-04,425.0,438.75
East,1,2x8,8,2024-04-11,415.0,431.25
East,1,2x8,8,2024-04-18,400.0,420.0
East,1,2x8,8,2024-04-25,380.0,405.0
East,1,2x8,8,2024-05-02,380.0,393.75
East,1,2x8,8,2024-05-09,390.0,387.5
East,1,2x8,8,2024-05-16,385.0,383.75
East,1,2x8,8,2024-05-30,385.0,385.0
East,1,2x8,8,2024-06-06,380.0,385.0
East,1,2x8,8,2024-06-13,370.0,380.0
East,1,2x8,8,2024-06-20,360.0,373.75
East,1,2x8,8,2024-06-27,355.0,366.25
East,1,2x8,8,2024-07-04,345.0,357.5
East,1,2x8,8,2024-07-11,345.0,351.25
East,1,2x8,8,2024-07-18,345.0,347.5
East,1,2x8,8,2024-07-25,350.0,346.25
East,1,2x8,8,2024-08-01,355.0,348.75
East,1,2x8,8,2024-08-08,355.0,351.25
East,1,2x8,8,2024-08-15,350.0,352.5
East,1,2x8,8,2024-08-22,345.0,351.25
East,1,2x8,8,2024-08-29,340.0,347.5
East,1,2x8,8,2024-09-05,340.0,343.75
East,1,2x8,8,2024-09-12,340.0,341.25
East,1,2x8,8,2024-09-20,345.0,341.25
East,1,2x8,8,2024-09-27,350.0,343.75
East,1,2x8,8,2024-10-04,375.0,352.5
East,1,2x8,8,2024-10-11,400.0,367.5
East,1,2x8,8,2024-10-18,430.0,388.75
East,1,2x8,8,2024-10-25,445.0,412.5
East,1,2x8,8,2024-11-01,455.0,432.5
East,1,2x8,8,2024-11-08,450.0,445.0
East,1,2x8,8,2024-11-15,450.0,450.0
East,1,2x8,8,2024-11-22,440.0,448.75
East,1,2x8,8,2024-11-27,435.0,443.75
East,1,2x8,8,2024-12-06,420.0,436.25
East,1,2x8,8,2024-12-13,420.0,428.75
East,1,2x8,8,2024-12-20,430.0,426.25
East,1,2x8,8,2025-01-03,445.0,428.75
East,1,2x8,8,2025-01-10,455.0,437.5
East,1,2x8,8,2025-01-17,455.0,446.25
East,1,2x8,8,2025-01-24,450.0,451.25
East,1,2x8,8,2025-01-31,440.0,450.0
East,1,2x8,8,2025-02-07,450.0,448.75
East,1,2x8,8,2025-02-14,450.0,447.5
East,1,2x8,8,2025-02-21,450.0,447.5
East,1,2x8,8,2025-02-28,445.0,448.75
East,1,2x8,8,2025-03-07,445.0,447.5
East,1,2x8,8,2025-03-14,445.0,446.25
East,1,2x8,8,2025-03-21,435.0,442.5
East,1,2x8,8,2025-03-28,435.0,440.0
East,1,2x8,8,2025-04-04,435.0,437.5
East,1,2x8,8,2025-04-11,435.0,435.0
East,1,2x8,8,2025-04-18,440.0,436.25
East,1,2x8,8,2025-04-25,445.0,438.75
East,1,2x8,8,2025-05-02,445.0,441.25
East,1,2x8,8,2025-05-09,440.0,442.5
East,1,2x8,8,2025-05-16,430.0,440.0
East,1,2x8,8,2025-05-23,405.0,430.0
East,1,2x8,8,2025-05-30,385.0,415.0
East,1,2x8,8,2025-06-06,370.0,397.5
East,1,2x8,8,2025-06-13,365.0,381.25
East,1,2x8,8,2025-06-19,370.0,372.5
East,1,2x8,8,2025-06-27,370.0,368.75
East,1,2x8,8,2025-07-03,380.0,371.25
East,1,2x8,8,2025-07-11,390.0,377.5
East,1,2x8,8,2025-07-18,390.0,382.5
East,1,2x8,8,2025-07-25,345.0,376.25
East,1,2x8,8,2025-08-01,395.0,380.0
East,1,2x8,8,2025-08-08,395.0,381.25
East,1,2x8,8,2025-08-15,390.0,381.25
East,1,2x8,8,2025-08-22,380.0,390.0
East,1,2x8,8,2025-08-29,360.0,381.25
East,1,2x8,8,2025-09-05,340.0,367.5
East,1,2x8,8,2025-09-12,340.0,355.0
East,1,2x8,8,2025-09-19,345.0,346.25
East,1,2x8,8,2025-09-26,355.0,345.0
East,1,2x8,8,2025-10-03,365.0,351.25
East,1,2x8,8,2025-10-10,375.0,360.0
East,1,2x8,8,2025-10-17,380.0,368.75
East,1,2x8,10,2024-01-12,470.0,470.0
East,1,2x8,10,2024-01-18,460.0,465.0
East,1,2x8,10,2024-01-25,450.0,460.0
East,1,2x8,10,2024-02-08,440.0,455.0
East,1,2x8,10,2024-02-15,440.0,447.5
East,1,2x8,10,2024-02-22,445.0,443.75
East,1,2x8,10,2024-02-29,450.0,443.75
East,1,2x8,10,2024-03-07,455.0,447.5
East,1,2x8,10,2024-03-14,455.0,451.25
East,1,2x8,10,2024-03-21,450.0,452.5
East,1,2x8,10,2024-03-28,445.0,451.25
East,1,2x8,10,2024-04-04,440.0,447.5
East,1,2x8,10,2024-04-11,425.0,440.0
East,1,2x8,10,2024-04-18,410.0,430.0
East,1,2x8,10,2024-04-25,400.0,418.75
East,1,2x8,10,2024-05-02,400.0,408.75
East,1,2x8,10,2024-05-09,400.0,402.5
East,1,2x8,10,2024-05-16,400.0,400.0
East,1,2x8,10,2024-05-30,400.0,400.0
East,1,2x8,10,2024-06-06,395.0,398.75
East,1,2x8,10,2024-06-13,380.0,393.75
East,1,2x8,10,2024-06-20,370.0,386.25
East,1,2x8,10,2024-06-27,360.0,376.25
East,1,2x8,10,2024-07-04,350.0,365.0
East,1,2x8,10,2024-07-11,350.0,357.5
East,1,2x8,10,2024-07-18,350.0,352.5
East,1,2x8,10,2024-07-25,355.0,351.25
East,1,2x8,10,2024-08-01,360.0,353.75
East,1,2x8,10,2024-08-08,360.0,356.25
East,1,2x8,10,2024-08-15,360.0,358.75
East,1,2x8,10,2024-08-22,350.0,357.5
East,1,2x8,10,2024-08-29,345.0,353.75
East,1,2x8,10,2024-09-05,345.0,350.0
East,1,2x8,10,2024-09-12,345.0,346.25
East,1,2x8,10,2024-09-20,345.0,345.0
East,1,2x8,10,2024-09-27,355.0,347.5
East,1,2x8,10,2024-10-04,375.0,355.0
East,1,2x8,10,2024-10-11,400.0,368.75
East,1,2x8,10,2024-10-18,425.0,388.75
East,1,2x8,10,2024-10-25,440.0,410.0
East,1,2x8,10,2024-11-01,450.0,428.75
East,1,2x8,10,2024-11-08,450.0,441.25
East,1,2x8,10,2024-11-15,440.0,445.0
East,1,2x8,10,2024-11-22,430.0,442.5
East,1,2x8,10,2024-11-27,420.0,435.0
East,1,2x8,10,2024-12-06,405.0,423.75
East,1,2x8,10,2024-12-13,400.0,413.75
East,1,2x8,10,2024-12-20,400.0,406.25
East,1,2x8,10,2025-01-03,415.0,405.0
East,1,2x8,10,2025-01-10,415.0,407.5
East,1,2x8,10,2025-01-17,405.0,408.75
East,1,2x8,10,2025-01-24,385.0,405.0
East,1,2x8,10,2025-01-31,375.0,395.0
East,1,2x8,10,2025-02-07,380.0,386.25
East,1,2x8,10,2025-02-14,380.0,380.0
East,1,2x8,10,2025-02-21,380.0,378.75
East,1,2x8,10,2025-02-28,370.0,377.5
East,1,2x8,10,2025-03-07,370.0,375.0
East,1,2x8,10,2025-03-14,360.0,370.0
East,1,2x8,10,2025-03-21,355.0,363.75
East,1,2x8,10,2025-03-28,355.0,360.0
East,1,2x8,10,2025-04-04,355.0,356.25
East,1,2x8,10,2025-04-11,355.0,355.0
East,1,2x8,10,2025-04-18,360.0,356.25
East,1,2x8,10,2025-04-25,360.0,357.5
East,1,2x8,10,2025-05-02,360.0,358.75
East,1,2x8,10,2025-05-09,355.0,358.75
East,1,2x8,10,2025-05-16,340.0,353.75
East,1,2x8,10,2025-05-23,325.0,345.0
East,1,2x8,10,2025-05-30,315.0,333.75
East,1,2x8,10,2025-06-06,315.0,323.75
East,1,2x8,10,2025-06-13,315.0,317.5
East,1,2x8,10,2025-06-19,315.0,315.0
East,1,2x8,10,2025-06-27,325.0,317.5
East,1,2x8,10,2025-07-03,335.0,322.5
East,1,2x8,10,2025-07-11,350.0,331.25
East,1,2x8,10,2025-07-18,360.0,342.5
East,1,2x8,10,2025-07-25,350.0,348.75
East,1,2x8,10,2025-08-01,375.0,358.75
East,1,2x8,10,2025-08-08,375.0,365.0
East,1,2x8,10,2025-08-15,370.0,367.5
East,1,2x8,10,2025-08-22,365.0,371.25
East,1,2x8,10,2025-08-29,355.0,366.25
East,1,2x8,10,2025-09-05,340.0,357.5
East,1,2x8,10,2025-09-12,340.0,350.0
East,1,2x8,10,2025-09-19,345.0,345.0
East,1,2x8,10,2025-09-26,355.0,345.0
East,1,2x8,10,2025-10-03,365.0,351.25
East,1,2x8,10,2025-10-10,375.0,360.0
East,1,2x8,10,2025-10-17,380.0,368.75
East,1,2x8,12,2024-01-12,475.0,475.0
East,1,2x8,12,2024-01-18,460.0,467.5
East,1,2x8,12,2024-01-25,450.0,461.6666666666667
East,1,2x8,12,2024-02-08,445.0,457.5
East,1,2x8,12,2024-02-15,445.0,450.0
East,1,2x8,12,2024-02-22,450.0,447.5
East,1,2x8,12,2024-02-29,455.0,448.75
East,1,2x8,12,2024-03-07,460.0,452.5
East,1,2x8,12,2024-03-14,465.0,457.5
East,1,2x8,12,2024-03-21,465.0,461.25
East,1,2x8,12,2024-03-28,460.0,462.5
East,1,2x8,12,2024-04-04,435.0,456.25
East,1,2x8,12,2024-04-11,405.0,441.25
East,1,2x8,12,2024-04-18,375.0,418.75
East,1,2x8,12,2024-04-25,360.0,393.75
East,1,2x8,12,2024-05-02,360.0,375.0
East,1,2x8,12,2024-05-09,360.0,363.75
East,1,2x8,12,2024-05-16,365.0,361.25
East,1,2x8,12,2024-05-30,375.0,365.0
East,1,2x8,12,2024-06-06,370.0,367.5
East,1,2x8,12,2024-06-13,360.0,367.5
East,1,2x8,12,2024-06-20,350.0,363.75
East,1,2x8,12,2024-06-27,350.0,357.5
East,1,2x8,12,2024-07-04,350.0,352.5
East,1,2x8,12,2024-07-11,350.0,350.0
East,1,2x8,12,2024-07-18,350.0,350.0
East,1,2x8,12,2024-07-25,355.0,351.25
East,1,2x8,12,2024-08-01,360.0,353.75
East,1,2x8,12,2024-08-08,360.0,356.25
East,1,2x8,12,2024-08-15,360.0,358.75
East,1,2x8,12,2024-08-22,355.0,358.75
East,1,2x8,12,2024-08-29,350.0,356.25
East,1,2x8,12,2024-09-05,350.0,353.75
East,1,2x8,12,2024-09-12,350.0,351.25
East,1,2x8,12,2024-09-20,350.0,350.0
East,1,2x8,12,2024-09-27,355.0,351.25
East,1,2x8,12,2024-10-04,375.0,357.5
East,1,2x8,12,2024-10-11,400.0,370.0
East,1,2x8,12,2024-10-18,430.0,390.0
East,1,2x8,12,2024-10-25,445.0,412.5
East,1,2x8,12,2024-11-01,455.0,432.5
East,1,2x8,12,2024-11-08,455.0,446.25
East,1,2x8,12,2024-11-15,450.0,451.25
East,1,2x8,12,2024-11-22,440.0,450.0
East,1,2x8,12,2024-11-27,430.0,443.75
East,1,2x8,12,2024-12-06,410.0,432.5
East,1,2x8,12,2024-12-13,410.0,422.5
East,1,2x8,12,2024-12-20,410.0,415.0
East,1,2x8,12,2025-01-03,425.0,413.75
East,1,2x8,12,2025-01-10,435.0,420.0
East,1,2x8,12,2025-01-17,435.0,426.25
East,1,2x8,12,2025-01-24,425.0,430.0
East,1,2x8,12,2025-01-31,415.0,427.5
East,1,2x8,12,2025-02-07,425.0,425.0
East,1,2x8,12,2025-02-14,430.0,423.75
East,1,2x8,12,2025-02-21,430.0,425.0
East,1,2x8,12,2025-02-28,430.0,428.75
East,1,2x8,12,2025-03-07,430.0,430.0
East,1,2x8,12,2025-03-14,430.0,430.0
East,1,2x8,12,2025-03-21,430.0,430.0
East,1,2x8,12,2025-03-28,430.0,430.0
East,1,2x8,12,2025-04-04,430.0,430.0
East,1,2x8,12,2025-04-11,430.0,430.0
East,1,2x8,12,2025-04-18,435.0,431.25
East,1,2x8,12,2025-04-25,435.0,432.5
East,1,2x8,12,2025-05-02,425.0,431.25
East,1,2x8,12,2025-05-09,415.0,427.5
East,1,2x8,12,2025-05-16,385.0,415.0
East,1,2x8,12,2025-05-23,370.0,398.75
East,1,2x8,12,2025-05-30,355.0,381.25
East,1,2x8,12,2025-06-06,340.0,362.5
East,1,2x8,12,2025-06-13,340.0,351.25
East,1,2x8,12,2025-06-19,345.0,345.0
East,1,2x8,12,2025-06-27,355.0,345.0
East,1,2x8,12,2025-07-03,365.0,351.25
East,1,2x8,12,2025-07-11,375.0,360.0
East,1,2x8,12,2025-07-18,385.0,370.0
East,1,2x8,12,2025-07-25,360.0,371.25
East,1,2x8,12,2025-08-01,395.0,378.75
East,1,2x8,12,2025-08-08,500.0,410.0
East,1,2x8,12,2025-08-15,400.0,413.75
East,1,2x8,12,2025-08-22,395.0,422.5
East,1,2x8,12,2025-08-29,390.0,421.25
East,1,2x8,12,2025-09-05,375.0,390.0
East,1,2x8,12,2025-09-12,380.0,385.0
East,1,2x8,12,2025-09-19,380.0,381.25
East,1,2x8,12,2025-09-26,390.0,381.25
East,1,2x8,12,2025-10-03,400.0,387.5
East,1,2x8,12,2025-10-10,405.0,393.75
East,1,2x8,12,2025-10-17,405.0,400.0
East,1,2x8,14,2024-01-12,380.0,380.0
East,1,2x8,14,2024-01-18,375.0,377.5
East,1,2x8,14,2024-01-25,360.0,371.6666666666667
East,1,2x8,14,2024-02-08,350.0,366.25
East,1,2x8,14,2024-02-15,365.0,362.5
East,1,2x8,14,2024-02-22,375.0,362.5
East,1,2x8,14,2024-02-29,385.0,368.75
East,1,2x8,14,2024-03-07,390.0,378.75
East,1,2x8,14,2024-03-14,390.0,385.0
East,1,2x8,14,2024-03-21,380.0,386.25
East,1,2x8,14,2024-03-28,375.0,383.75
East,1,2x8,14,2024-04-04,360.0,376.25
East,1,2x8,14,2024-04-11,345.0,365.0
East,1,2x8,14,2024-04-18,330.0,352.5
East,1,2x8,14,2024-04-25,320.0,338.75
East,1,2x8,14,2024-05-02,320.0,328.75
East,1,2x8,14,2024-05-09,330.0,325.0
East,1,2x8,14,2024-05-16,340.0,327.5
East,1,2x8,14,2024-05-30,345.0,333.75
East,1,2x8,14,2024-06-06,335.0,337.5
East,1,2x8,14,2024-06-13,325.0,336.25
East,1,2x8,14,2024-06-20,315.0,330.0
East,1,2x8,14,2024-06-27,300.0,318.75
East,1,2x8,14,2024-07-04,290.0,307.5
East,1,2x8,14,2024-07-11,290.0,298.75
East,1,2x8,14,2024-07-18,290.0,292.5
East,1,2x8,14,2024-07-25,295.0,291.25
East,1,2x8,14,2024-08-01,300.0,293.75
East,1,2x8,14,2024-08-08,300.0,296.25
East,1,2x8,14,2024-08-15,300.0,298.75
East,1,2x8,14,2024-08-22,300.0,300.0
East,1,2x8,14,2024-08-29,295.0,298.75
East,1,2x8,14,2024-09-05,300.0,298.75
East,1,2x8,14,2024-09-12,300.0,298.75
East,1,2x8,14,2024-09-20,300.0,298.75
East,1,2x8,14,2024-09-27,310.0,302.5
East,1,2x8,14,2024-10-04,330.0,310.0
East,1,2x8,14,2024-10-11,355.0,323.75
East,1,2x8,14,2024-10-18,385.0,345.0
East,1,2x8,14,2024-10-25,400.0,367.5
East,1,2x8,14,2024-11-01,410.0,387.5
East,1,2x8,14,2024-11-08,410.0,401.25
East,1,2x8,14,2024-11-15,400.0,405.0
East,1,2x8,14,2024-11-22,380.0,400.0
East,1,2x8,14,2024-11-27,370.0,390.0
East,1,2x8,14,2024-12-06,355.0,376.25
East,1,2x8,14,2024-12-13,355.0,365.0
East,1,2x8,14,2024-12-20,355.0,358.75
East,1,2x8,14,2025-01-03,380.0,361.25
East,1,2x8,14,2025-01-10,390.0,370.0
East,1,2x8,14,2025-01-17,390.0,378.75
East,1,2x8,14,2025-01-24,390.0,387.5
East,1,2x8,14,2025-01-31,385.0,388.75
East,1,2x8,14,2025-02-07,395.0,390.0
East,1,2x8,14,2025-02-14,395.0,391.25
East,1,2x8,14,2025-02-21,395.0,392.5
East,1,2x8,14,2025-02-28,395.0,395.0
East,1,2x8,14,2025-03-07,395.0,395.0
East,1,2x8,14,2025-03-14,395.0,395.0
East,1,2x8,14,2025-03-21,390.0,393.75
East,1,2x8,14,2025-03-28,390.0,392.5
East,1,2x8,14,2025-04-04,390.0,391.25
East,1,2x8,14,2025-04-11,390.0,390.0
East,1,2x8,14,2025-04-18,395.0,391.25
East,1,2x8,14,2025-04-25,395.0,392.5
East,1,2x8,14,2025-05-02,385.0,391.25
East,1,2x8,14,2025-05-09,370.0,386.25
East,1,2x8,14,2025-05-16,350.0,375.0
East,1,2x8,14,2025-05-23,335.0,360.0
East,1,2x8,14,2025-05-30,325.0,345.0
East,1,2x8,14,2025-06-06,320.0,332.5
East,1,2x8,14,2025-06-13,320.0,325.0
East,1,2x8,14,2025-06-19,320.0,321.25
East,1,2x8,14,2025-06-27,325.0,321.25
East,1,2x8,14,2025-07-03,335.0,325.0
East,1,2x8,14,2025-07-11,340.0,330.0
East,1,2x8,14,2025-07-18,350.0,337.5
East,1,2x8,14,2025-07-25,330.0,338.75
East,1,2x8,14,2025-08-01,360.0,345.0
East,1,2x8,14,2025-08-08,360.0,350.0
East,1,2x8,14,2025-08-15,355.0,351.25
East,1,2x8,14,2025-08-22,345.0,355.0
East,1,2x8,14,2025-08-29,335.0,348.75
East,1,2x8,14,2025-09-05,330.0,341.25
East,1,2x8,14,2025-09-12,330.0,335.0
East,1,2x8,14,2025-09-19,330.0,331.25
East,1,2x8,14,2025-09-26,335.0,331.25
East,1,2x8,14,2025-10-03,335.0,332.5
East,1,2x8,14,2025-10-10,340.0,335.0
East,1,2x8,14,2025-10-17,340.0,337.5
East,1,2x8,16,2024-01-12,400.0,400.0
East,1,2x8,16,2024-01-18,390.0,395.0
East,1,2x8,16,2024-01-25,375.0,388.3333333333333
East,1,2x8,16,2024-02-08,370.0,383.75
East,1,2x8,16,2024-02-15,380.0,378.75
East,1,2x8,16,2024-02-22,390.0,378.75
East,1,2x8,16,2024-02-29,400.0,385.0
East,1,2x8,16,2024-03-07,410.0,395.0
East,1,2x8,16,2024-03-14,410.0,402.5
East,1,2x8,16,2024-03-21,400.0,405.0
East,1,2x8,16,2024-03-28,395.0,403.75
East,1,2x8,16,2024-04-04,390.0,398.75
East,1,2x8,16,2024-04-11,380.0,391.25
East,1,2x8,16,2024-04-18,360.0,381.25
East,1,2x8,16,2024-04-25,355.0,371.25
East,1,2x8,16,2024-05-02,355.0,362.5
East,1,2x8,16,2024-05-09,355.0,356.25
East,1,2x8,16,2024-05-16,360.0,356.25
East,1,2x8,16,2024-05-30,355.0,356.25
East,1,2x8,16,2024-06-06,350.0,355.0
East,1,2x8,16,2024-06-13,340.0,351.25
East,1,2x8,16,2024-06-20,330.0,343.75
East,1,2x8,16,2024-06-27,315.0,333.75
East,1,2x8,16,2024-07-04,315.0,325.0
East,1,2x8,16,2024-07-11,315.0,318.75
East,1,2x8,16,2024-07-18,315.0,315.0
East,1,2x8,16,2024-07-25,320.0,316.25
East,1,2x8,16,2024-08-01,320.0,317.5
East,1,2x8,16,2024-08-08,320.0,318.75
East,1,2x8,16,2024-08-15,320.0,320.0
East,1,2x8,16,2024-08-22,325.0,321.25
East,1,2x8,16,2024-08-29,320.0,321.25
East,1,2x8,16,2024-09-05,325.0,322.5
East,1,2x8,16,2024-09-12,325.0,323.75
East,1,2x8,16,2024-09-20,325.0,323.75
East,1,2x8,16,2024-09-27,340.0,328.75
East,1,2x8,16,2024-10-04,350.0,335.0
East,1,2x8,16,2024-10-11,375.0,347.5
East,1,2x8,16,2024-10-18,405.0,367.5
East,1,2x8,16,2024-10-25,425.0,388.75
East,1,2x8,16,2024-11-01,435.0,410.0
East,1,2x8,16,2024-11-08,435.0,425.0
East,1,2x8,16,2024-11-15,425.0,430.0
East,1,2x8,16,2024-11-22,405.0,425.0
East,1,2x8,16,2024-11-27,390.0,413.75
East,1,2x8,16,2024-12-06,380.0,400.0
East,1,2x8,16,2024-12-13,370.0,386.25
East,1,2x8,16,2024-12-20,380.0,380.0
East,1,2x8,16,2025-01-03,410.0,385.0
East,1,2x8,16,2025-01-10,420.0,395.0
East,1,2x8,16,2025-01-17,420.0,407.5
East,1,2x8,16,2025-01-24,415.0,416.25
East,1,2x8,16,2025-01-31,405.0,415.0
East,1,2x8,16,2025-02-07,420.0,415.0
East,1,2x8,16,2025-02-14,425.0,416.25
East,1,2x8,16,2025-02-21,430.0,420.0
East,1,2x8,16,2025-02-28,430.0,426.25
East,1,2x8,16,2025-03-07,430.0,428.75
East,1,2x8,16,2025-03-14,420.0,427.5
East,1,2x8,16,2025-03-21,410.0,422.5
East,1,2x8,16,2025-03-28,410.0,417.5
East,1,2x8,16,2025-04-04,415.0,413.75
East,1,2x8,16,2025-04-11,415.0,412.5
East,1,2x8,16,2025-04-18,420.0,415.0
East,1,2x8,16,2025-04-25,415.0,416.25
East,1,2x8,16,2025-05-02,405.0,413.75
East,1,2x8,16,2025-05-09,390.0,407.5
East,1,2x8,16,2025-05-16,370.0,395.0
East,1,2x8,16,2025-05-23,350.0,378.75
East,1,2x8,16,2025-05-30,340.0,362.5
East,1,2x8,16,2025-06-06,330.0,347.5
East,1,2x8,16,2025-06-13,330.0,337.5
East,1,2x8,16,2025-06-19,330.0,332.5
East,1,2x8,16,2025-06-27,330.0,330.0
East,1,2x8,16,2025-07-03,340.0,332.5
East,1,2x8,16,2025-07-11,350.0,337.5
East,1,2x8,16,2025-07-18,365.0,346.25
East,1,2x8,16,2025-07-25,360.0,353.75
East,1,2x8,16,2025-08-01,365.0,360.0
East,1,2x8,16,2025-08-08,365.0,363.75
East,1,2x8,16,2025-08-15,360.0,362.5
East,1,2x8,16,2025-08-22,345.0,358.75
East,1,2x8,16,2025-08-29,330.0,350.0
East,1,2x8,16,2025-09-05,315.0,337.5
East,1,2x8,16,2025-09-12,315.0,326.25
East,1,2x8,16,2025-09-19,320.0,320.0
East,1,2x8,16,2025-09-26,330.0,320.0
East,1,2x8,16,2025-10-03,340.0,326.25
East,1,2x8,16,2025-10-10,350.0,335.0
East,1,2x8,16,2025-10-17,350.0,342.5
East,1,2x8,18,2024-01-12,375.0,375.0
East,1,2x8,18,2024-01-18,370.0,372.5
East,1,2x8,18,2024-01-25,360.0,368.3333333333333
East,1,2x8,18,2024-02-08,370.0,368.75
East,1,2x8,18,2024-02-15,380.0,370.0
East,1,2x8,18,2024-02-22,385.0,373.75
East,1,2x8,18,2024-02-29,390.0,381.25
East,1,2x8,18,2024-03-07,395.0,387.5
East,1,2x8,18,2024-03-14,405.0,393.75
East,1,2x8,18,2024-03-21,400.0,397.5
East,1,2x8,18,2024-03-28,395.0,398.75
East,1,2x8,18,2024-04-04,385.0,396.25
East,1,2x8,18,2024-04-11,375.0,388.75
East,1,2x8,18,2024-04-18,360.0,378.75
East,1,2x8,18,2024-04-25,345.0,366.25
East,1,2x8,18,2024-05-02,335.0,353.75
East,1,2x8,18,2024-05-09,335.0,343.75
East,1,2x8,18,2024-05-16,335.0,337.5
East,1,2x8,18,2024-05-30,335.0,335.0
East,1,2x8,18,2024-06-06,325.0,332.5
East,1,2x8,18,2024-06-13,315.0,327.5
East,1,2x8,18,2024-06-20,305.0,320.0
East,1,2x8,18,2024-06-27,300.0,311.25
East,1,2x8,18,2024-07-04,300.0,305.0
East,1,2x8,18,2024-07-11,300.0,301.25
East,1,2x8,18,2024-07-18,300.0,300.0
East,1,2x8,18,2024-07-25,305.0,301.25
East,1,2x8,18,2024-08-01,305.0,302.5
East,1,2x8,18,2024-08-08,305.0,303.75
East,1,2x8,18,2024-08-15,305.0,305.0
East,1,2x8,18,2024-08-22,305.0,305.0
East,1,2x8,18,2024-08-29,300.0,303.75
East,1,2x8,18,2024-09-05,300.0,302.5
East,1,2x8,18,2024-09-12,300.0,301.25
East,1,2x8,18,2024-09-20,300.0,300.0
East,1,2x8,18,2024-09-27,310.0,302.5
East,1,2x8,18,2024-10-04,325.0,308.75
East,1,2x8,18,2024-10-11,350.0,321.25
East,1,2x8,18,2024-10-18,375.0,340.0
East,1,2x8,18,2024-10-25,395.0,361.25
East,1,2x8,18,2024-11-01,395.0,378.75
East,1,2x8,18,2024-11-08,390.0,388.75
East,1,2x8,18,2024-11-15,375.0,388.75
East,1,2x8,18,2024-11-22,350.0,377.5
East,1,2x8,18,2024-11-27,345.0,365.0
East,1,2x8,18,2024-12-06,345.0,353.75
East,1,2x8,18,2024-12-13,345.0,346.25
East,1,2x8,18,2024-12-20,340.0,343.75
East,1,2x8,18,2025-01-03,360.0,347.5
East,1,2x8,18,2025-01-10,370.0,353.75
East,1,2x8,18,2025-01-17,375.0,361.25
East,1,2x8,18,2025-01-24,370.0,368.75
East,1,2x8,18,2025-01-31,365.0,370.0
East,1,2x8,18,2025-02-07,370.0,370.0
East,1,2x8,18,2025-02-14,370.0,368.75
East,1,2x8,18,2025-02-21,370.0,368.75
East,1,2x8,18,2025-02-28,365.0,368.75
East,1,2x8,18,2025-03-07,365.0,367.5
East,1,2x8,18,2025-03-14,360.0,365.0
East,1,2x8,18,2025-03-21,360.0,362.5
East,1,2x8,18,2025-03-28,360.0,361.25
East,1,2x8,18,2025-04-04,360.0,360.0
East,1,2x8,18,2025-04-11,360.0,360.0
East,1,2x8,18,2025-04-18,360.0,360.0
East,1,2x8,18,2025-04-25,360.0,360.0
East,1,2x8,18,2025-05-02,355.0,358.75
East,1,2x8,18,2025-05-09,345.0,355.0
East,1,2x8,18,2025-05-16,335.0,348.75
East,1,2x8,18,2025-05-23,320.0,338.75
East,1,2x8,18,2025-05-30,310.0,327.5
East,1,2x8,18,2025-06-06,310.0,318.75
East,1,2x8,18,2025-06-13,310.0,312.5
East,1,2x8,18,2025-06-19,315.0,311.25
East,1,2x8,18,2025-06-27,325.0,315.0
East,1,2x8,18,2025-07-03,340.0,322.5
East,1,2x8,18,2025-07-11,350.0,332.5
East,1,2x8,18,2025-07-18,365.0,345.0
East,1,2x8,18,2025-07-25,325.0,345.0
East,1,2x8,18,2025-08-01,365.0,351.25
East,1,2x8,18,2025-08-08,365.0,355.0
East,1,2x8,18,2025-08-15,365.0,355.0
East,1,2x8,18,2025-08-22,355.0,362.5
East,1,2x8,18,2025-08-29,350.0,358.75
East,1,2x8,18,2025-09-05,350.0,355.0
East,1,2x8,18,2025-09-12,350.0,351.25
East,1,2x8,18,2025-09-19,350.0,350.0
East,1,2x8,18,2025-09-26,360.0,352.5
East,1,2x8,18,2025-10-03,370.0,357.5
East,1,2x8,18,2025-10-10,375.0,363.75
East,1,2x8,18,2025-10-17,375.0,370.0
East,1,2x8,20,2024-01-12,430.0,430.0
East,1,2x8,20,2024-01-18,425.0,427.5
East,1,2x8,20,2024-01-25,415.0,423.3333333333333
East,1,2x8,20,2024-02-08,420.0,422.5
East,1,2x8,20,2024-02-15,430.0,422.5
East,1,2x8,20,2024-02-22,435.0,425.0
East,1,2x8,20,2024-02-29,435.0,430.0
East,1,2x8,20,2024-03-07,440.0,435.0
East,1,2x8,20,2024-03-14,455.0,441.25
East,1,2x8,20,2024-03-21,465.0,448.75
East,1,2x8,20,2024-03-28,460.0,455.0
East,1,2x8,20,2024-04-04,460.0,460.0
East,1,2x8,20,2024-04-11,445.0,457.5
East,1,2x8,20,2024-04-18,430.0,448.75
East,1,2x8,20,2024-04-25,425.0,440.0
East,1,2x8,20,2024-05-02,425.0,431.25
East,1,2x8,20,2024-05-09,430.0,427.5
East,1,2x8,20,2024-05-16,430.0,427.5
East,1,2x8,20,2024-05-30,445.0,432.5
East,1,2x8,20,2024-06-06,440.0,436.25
East,1,2x8,20,2024-06-13,430.0,436.25
East,1,2x8,20,2024-06-20,420.0,433.75
East,1,2x8,20,2024-06-27,410.0,425.0
East,1,2x8,20,2024-07-04,410.0,417.5
East,1,2x8,20,2024-07-11,410.0,412.5
East,1,2x8,20,2024-07-18,410.0,410.0
East,1,2x8,20,2024-07-25,415.0,411.25
East,1,2x8,20,2024-08-01,420.0,413.75
East,1,2x8,20,2024-08-08,420.0,416.25
East,1,2x8,20,2024-08-15,420.0,418.75
East,1,2x8,20,2024-08-22,420.0,420.0
East,1,2x8,20,2024-08-29,405.0,416.25
East,1,2x8,20,2024-09-05,410.0,413.75
East,1,2x8,20,2024-09-12,410.0,411.25
East,1,2x8,20,2024-09-20,410.0,408.75
East,1,2x8,20,2024-09-27,420.0,412.5
East,1,2x8,20,2024-10-04,430.0,417.5
East,1,2x8,20,2024-10-11,455.0,428.75
East,1,2x8,20,2024-10-18,470.0,443.75
East,1,2x8,20,2024-10-25,485.0,460.0
East,1,2x8,20,2024-11-01,470.0,470.0
East,1,2x8,20,2024-11-08,455.0,470.0
East,1,2x8,20,2024-11-15,435.0,461.25
East,1,2x8,20,2024-11-22,420.0,445.0
East,1,2x8,20,2024-11-27,415.0,431.25
East,1,2x8,20,2024-12-06,400.0,417.5
East,1,2x8,20,2024-12-13,400.0,408.75
East,1,2x8,20,2024-12-20,385.0,400.0
East,1,2x8,20,2025-01-03,400.0,396.25
East,1,2x8,20,2025-01-10,405.0,397.5
East,1,2x8,20,2025-01-17,405.0,398.75
East,1,2x8,20,2025-01-24,395.0,401.25
East,1,2x8,20,2025-01-31,385.0,397.5
East,1,2x8,20,2025-02-07,385.0,392.5
East,1,2x8,20,2025-02-14,390.0,388.75
East,1,2x8,20,2025-02-21,390.0,387.5
East,1,2x8,20,2025-02-28,390.0,388.75
East,1,2x8,20,2025-03-07,390.0,390.0
East,1,2x8,20,2025-03-14,385.0,388.75
East,1,2x8,20,2025-03-21,375.0,385.0
East,1,2x8,20,2025-03-28,375.0,381.25
East,1,2x8,20,2025-04-04,375.0,377.5
East,1,2x8,20,2025-04-11,375.0,375.0
East,1,2x8,20,2025-04-18,375.0,375.0
East,1,2x8,20,2025-04-25,375.0,375.0
East,1,2x8,20,2025-05-02,370.0,373.75
East,1,2x8,20,2025-05-09,365.0,371.25
East,1,2x8,20,2025-05-16,350.0,365.0
East,1,2x8,20,2025-05-23,335.0,355.0
East,1,2x8,20,2025-05-30,325.0,343.75
East,1,2x8,20,2025-06-06,325.0,333.75
East,1,2x8,20,2025-06-13,325.0,327.5
East,1,2x8,20,2025-06-19,320.0,323.75
East,1,2x8,20,2025-06-27,320.0,322.5
East,1,2x8,20,2025-07-03,335.0,325.0
East,1,2x8,20,2025-07-11,345.0,330.0
East,1,2x8,20,2025-07-18,350.0,337.5
East,1,2x8,20,2025-07-25,345.0,343.75
East,1,2x8,20,2025-08-01,355.0,348.75
East,1,2x8,20,2025-08-08,360.0,352.5
East,1,2x8,20,2025-08-15,360.0,355.0
East,1,2x8,20,2025-08-22,355.0,357.5
East,1,2x8,20,2025-08-29,355.0,357.5
East,1,2x8,20,2025-09-05,355.0,356.25
East,1,2x8,20,2025-09-12,355.0,355.0
East,1,2x8,20,2025-09-19,355.0,355.0
East,1,2x8,20,2025-09-26,365.0,357.5
East,1,2x8,20,2025-10-03,375.0,362.5
East,1,2x8,20,2025-10-10,385.0,370.0
East,1,2x8,20,2025-10-17,385.0,377.5
East,2,2x10,8,2024-01-12,245.0,245.0
East,2,2x10,8,2024-01-18,240.0,242.5
East,2,2x10,8,2024-01-25,230.0,238.33333333333334
East,2,2x10,8,2024-02-08,220.0,233.75
East,2,2x10,8,2024-02-15,230.0,230.0
East,2,2x10,8,2024-02-22,240.0,230.0
East,2,2x10,8,2024-02-29,245.0,233.75
East,2,2x10,8,2024-03-07,250.0,241.25
East,2,2x10,8,2024-03-14,250.0,246.25
East,2,2x10,8,2024-03-21,250.0,248.75
East,2,2x10,8,2024-03-28,250.0,250.0
East,2,2x10,8,2024-04-04,250.0,250.0
East,2,2x10,8,2024-04-11,250.0,250.0
East,2,2x10,8,2024-04-18,250.0,250.0
East,2,2x10,8,2024-04-25,250.0,250.0
East,2,2x10,8,2024-05-02,260.0,252.5
East,2,2x10,8,2024-05-09,275.0,258.75
East,2,2x10,8,2024-05-16,290.0,268.75
East,2,2x10,8,2024-05-30,325.0,287.5
East,2,2x10,8,2024-06-06,335.0,306.25
East,2,2x10,8,2024-06-13,340.0,322.5
East,2,2x10,8,2024-06-20,340.0,335.0
East,2,2x10,8,2024-06-27,330.0,336.25
East,2,2x10,8,2024-07-04,320.0,332.5
East,2,2x10,8,2024-07-11,315.0,326.25
East,2,2x10,8,2024-07-18,315.0,320.0
East,2,2x10,8,2024-07-25,315.0,316.25
East,2,2x10,8,2024-08-01,315.0,315.0
East,2,2x10,8,2024-08-08,315.0,315.0
East,2,2x10,8,2024-08-15,315.0,315.0
East,2,2x10,8,2024-08-22,315.0,315.0
East,2,2x10,8,2024-08-29,305.0,312.5
East,2,2x10,8,2024-09-05,300.0,308.75
East,2,2x10,8,2024-09-12,300.0,305.0
East,2,2x10,8,2024-09-20,290.0,298.75
East,2,2x10,8,2024-09-27,285.0,293.75
East,2,2x10,8,2024-10-04,285.0,290.0
East,2,2x10,8,2024-10-11,310.0,292.5
East,2,2x10,8,2024-10-18,310.0,297.5
East,2,2x10,8,2024-10-25,310.0,303.75
East,2,2x10,8,2024-11-01,310.0,310.0
East,2,2x10,8,2024-11-08,300.0,307.5
East,2,2x10,8,2024-11-15,290.0,302.5
East,2,2x10,8,2024-11-22,275.0,293.75
East,2,2x10,8,2024-11-27,265.0,282.5
East,2,2x10,8,2024-12-06,260.0,272.5
East,2,2x10,8,2024-12-13,260.0,265.0
East,2,2x10,8,2024-12-20,265.0,262.5
East,2,2x10,8,2025-01-03,280.0,266.25
East,2,2x10,8,2025-01-10,285.0,272.5
East,2,2x10,8,2025-01-17,290.0,280.0
East,2,2x10,8,2025-01-24,290.0,286.25
East,2,2x10,8,2025-01-31,290.0,288.75
East,2,2x10,8,2025-02-07,300.0,292.5
East,2,2x10,8,2025-02-14,305.0,296.25
East,2,2x10,8,2025-02-21,315.0,302.5
East,2,2x10,8,2025-02-28,315.0,308.75
East,2,2x10,8,2025-03-07,315.0,312.5
East,2,2x10,8,2025-03-14,320.0,316.25
East,2,2x10,8,2025-03-21,330.0,320.0
East,2,2x10,8,2025-03-28,345.0,327.5
East,2,2x10,8,2025-04-04,360.0,338.75
East,2,2x10,8,2025-04-11,375.0,352.5
East,2,2x10,8,2025-04-18,390.0,367.5
East,2,2x10,8,2025-04-25,405.0,382.5
East,2,2x10,8,2025-05-02,405.0,393.75
East,2,2x10,8,2025-05-09,405.0,401.25
East,2,2x10,8,2025-05-16,385.0,400.0
East,2,2x10,8,2025-05-23,365.0,390.0
East,2,2x10,8,2025-05-30,345.0,375.0
East,2,2x10,8,2025-06-06,320.0,353.75
East,2,2x10,8,2025-06-13,305.0,333.75
East,2,2x10,8,2025-06-19,295.0,316.25
East,2,2x10,8,2025-06-27,280.0,300.0
East,2,2x10,8,2025-07-03,275.0,288.75
East,2,2x10,8,2025-07-11,275.0,281.25
East,2,2x10,8,2025-07-18,275.0,276.25
East,2,2x10,8,2025-07-25,285.0,277.5
East,2,2x10,8,2025-08-01,275.0,277.5
East,2,2x10,8,2025-08-08,265.0,275.0
East,2,2x10,8,2025-08-15,255.0,270.0
East,2,2x10,8,2025-08-22,245.0,260.0
East,2,2x10,8,2025-08-29,235.0,250.0
East,2,2x10,8,2025-09-05,225.0,240.0
East,2,2x10,8,2025-09-12,220.0,231.25
East,2,2x10,8,2025-09-19,220.0,225.0
East,2,2x10,8,2025-09-26,220.0,221.25
East,2,2x10,8,2025-10-03,225.0,221.25
East,2,2x10,8,2025-10-10,230.0,223.75
East,2,2x10,8,2025-10-17,235.0,227.5
East,2,2x10,10,2024-01-12,345.0,345.0
East,2,2x10,10,2024-01-18,340.0,342.5
East,2,2x10,10,2024-01-25,330.0,338.3333333333333
East,2,2x10,10,2024-02-08,320.0,333.75
East,2,2x10,10,2024-02-15,325.0,328.75
East,2,2x10,10,2024-02-22,335.0,327.5
East,2,2x10,10,2024-02-29,340.0,330.0
East,2,2x10,10,2024-03-07,340.0,335.0
East,2,2x10,10,2024-03-14,340.0,338.75
East,2,2x10,10,2024-03-21,340.0,340.0
East,2,2x10,10,2024-03-28,340.0,340.0
East,2,2x10,10,2024-04-04,335.0,338.75
East,2,2x10,10,2024-04-11,325.0,335.0
East,2,2x10,10,2024-04-18,320.0,330.0
East,2,2x10,10,2024-04-25,320.0,325.0
East,2,2x10,10,2024-05-02,330.0,323.75
East,2,2x10,10,2024-05-09,345.0,328.75
East,2,2x10,10,2024-05-16,365.0,340.0
East,2,2x10,10,2024-05-30,410.0,362.5
East,2,2x10,10,2024-06-06,425.0,386.25
East,2,2x10,10,2024-06-13,425.0,406.25
East,2,2x10,10,2024-06-20,425.0,421.25
East,2,2x10,10,2024-06-27,415.0,422.5
East,2,2x10,10,2024-07-04,400.0,416.25
East,2,2x10,10,2024-07-11,390.0,407.5
East,2,2x10,10,2024-07-18,390.0,398.75
East,2,2x10,10,2024-07-25,390.0,392.5
East,2,2x10,10,2024-08-01,390.0,390.0
East,2,2x10,10,2024-08-08,390.0,390.0
East,2,2x10,10,2024-08-15,390.0,390.0
East,2,2x10,10,2024-08-22,385.0,388.75
East,2,2x10,10,2024-08-29,375.0,385.0
East,2,2x10,10,2024-09-05,370.0,380.0
East,2,2x10,10,2024-09-12,365.0,373.75
East,2,2x10,10,2024-09-20,355.0,366.25
East,2,2x10,10,2024-09-27,350.0,360.0
East,2,2x10,10,2024-10-04,350.0,355.0
East,2,2x10,10,2024-10-11,350.0,351.25
East,2,2x10,10,2024-10-18,350.0,350.0
East,2,2x10,10,2024-10-25,350.0,350.0
East,2,2x10,10,2024-11-01,340.0,347.5
East,2,2x10,10,2024-11-08,330.0,342.5
East,2,2x10,10,2024-11-15,320.0,335.0
East,2,2x10,10,2024-11-22,305.0,323.75
East,2,2x10,10,2024-11-27,295.0,312.5
East,2,2x10,10,2024-12-06,295.0,303.75
East,2,2x10,10,2024-12-13,295.0,297.5
East,2,2x10,10,2024-12-20,300.0,296.25
East,2,2x10,10,2025-01-03,320.0,302.5
East,2,2x10,10,2025-01-10,325.0,310.0
East,2,2x10,10,2025-01-17,325.0,317.5
East,2,2x10,10,2025-01-24,315.0,321.25
East,2,2x10,10,2025-01-31,315.0,320.0
East,2,2x10,10,2025-02-07,325.0,320.0
East,2,2x10,10,2025-02-14,335.0,322.5
East,2,2x10,10,2025-02-21,335.0,327.5
East,2,2x10,10,2025-02-28,330.0,331.25
East,2,2x10,10,2025-03-07,325.0,331.25
East,2,2x10,10,2025-03-14,330.0,330.0
East,2,2x10,10,2025-03-21,345.0,332.5
East,2,2x10,10,2025-03-28,360.0,340.0
East,2,2x10,10,2025-04-04,375.0,352.5
East,2,2x10,10,2025-04-11,395.0,368.75
East,2,2x10,10,2025-04-18,415.0,386.25
East,2,2x10,10,2025-04-25,430.0,403.75
East,2,2x10,10,2025-05-02,425.0,416.25
East,2,2x10,10,2025-05-09,425.0,423.75
East,2,2x10,10,2025-05-16,415.0,423.75
East,2,2x10,10,2025-05-23,395.0,415.0
East,2,2x10,10,2025-05-30,380.0,403.75
East,2,2x10,10,2025-06-06,365.0,388.75
East,2,2x10,10,2025-06-13,350.0,372.5
East,2,2x10,10,2025-06-19,340.0,358.75
East,2,2x10,10,2025-06-27,330.0,346.25
East,2,2x10,10,2025-07-03,325.0,336.25
East,2,2x10,10,2025-07-11,325.0,330.0
East,2,2x10,10,2025-07-18,325.0,326.25
East,2,2x10,10,2025-07-25,290.0,316.25
East,2,2x10,10,2025-08-01,325.0,316.25
East,2,2x10,10,2025-08-08,320.0,315.0
East,2,2x10,10,2025-08-15,305.0,310.0
East,2,2x10,10,2025-08-22,290.0,310.0
East,2,2x10,10,2025-08-29,275.0,297.5
East,2,2x10,10,2025-09-05,270.0,285.0
East,2,2x10,10,2025-09-12,270.0,276.25
East,2,2x10,10,2025-09-19,270.0,271.25
East,2,2x10,10,2025-09-26,270.0,270.0
East,2,2x10,10,2025-10-03,275.0,271.25
East,2,2x10,10,2025-10-10,275.0,272.5
East,2,2x10,10,2025-10-17,280.0,275.0
East,2,2x10,12,2024-01-12,360.0,360.0
East,2,2x10,12,2024-01-18,350.0,355.0
East,2,2x10,12,2024-01-25,340.0,350.0
East,2,2x10,12,2024-02-08,330.0,345.0
East,2,2x10,12,2024-02-15,335.0,338.75
East,2,2x10,12,2024-02-22,345.0,337.5
East,2,2x10,12,2024-02-29,350.0,340.0
East,2,2x10,12,2024-03-07,350.0,345.0
East,2,2x10,12,2024-03-14,345.0,347.5
East,2,2x10,12,2024-03-21,345.0,347.5
East,2,2x10,12,2024-03-28,345.0,346.25
East,2,2x10,12,2024-04-04,340.0,343.75
East,2,2x10,12,2024-04-11,330.0,340.0
East,2,2x10,12,2024-04-18,325.0,335.0
East,2,2x10,12,2024-04-25,330.0,331.25
East,2,2x10,12,2024-05-02,335.0,330.0
East,2,2x10,12,2024-05-09,355.0,336.25
East,2,2x10,12,2024-05-16,375.0,348.75
East,2,2x10,12,2024-05-30,415.0,370.0
East,2,2x10,12,2024-06-06,425.0,392.5
East,2,2x10,12,2024-06-13,430.0,411.25
East,2,2x10,12,2024-06-20,430.0,425.0
East,2,2x10,12,2024-06-27,420.0,426.25
East,2,2x10,12,2024-07-04,410.0,422.5
East,2,2x10,12,2024-07-11,400.0,415.0
East,2,2x10,12,2024-07-18,400.0,407.5
East,2,2x10,12,2024-07-25,400.0,402.5
East,2,2x10,12,2024-08-01,400.0,400.0
East,2,2x10,12,2024-08-08,400.0,400.0
East,2,2x10,12,2024-08-15,400.0,400.0
East,2,2x10,12,2024-08-22,400.0,400.0
East,2,2x10,12,2024-08-29,395.0,398.75
East,2,2x10,12,2024-09-05,385.0,395.0
East,2,2x10,12,2024-09-12,380.0,390.0
East,2,2x10,12,2024-09-20,370.0,382.5
East,2,2x10,12,2024-09-27,360.0,373.75
East,2,2x10,12,2024-10-04,360.0,367.5
East,2,2x10,12,2024-10-11,360.0,362.5
East,2,2x10,12,2024-10-18,360.0,360.0
East,2,2x10,12,2024-10-25,360.0,360.0
East,2,2x10,12,2024-11-01,350.0,357.5
East,2,2x10,12,2024-11-08,340.0,352.5
East,2,2x10,12,2024-11-15,330.0,345.0
East,2,2x10,12,2024-11-22,315.0,333.75
East,2,2x10,12,2024-11-27,305.0,322.5
East,2,2x10,12,2024-12-06,300.0,312.5
East,2,2x10,12,2024-12-13,300.0,305.0
East,2,2x10,12,2024-12-20,305.0,302.5
East,2,2x10,12,2025-01-03,320.0,306.25
East,2,2x10,12,2025-01-10,330.0,313.75
East,2,2x10,12,2025-01-17,335.0,322.5
East,2,2x10,12,2025-01-24,325.0,327.5
East,2,2x10,12,2025-01-31,325.0,328.75
East,2,2x10,12,2025-02-07,335.0,330.0
East,2,2x10,12,2025-02-14,345.0,332.5
East,2,2x10,12,2025-02-21,345.0,337.5
East,2,2x10,12,2025-02-28,345.0,342.5
East,2,2x10,12,2025-03-07,345.0,345.0
East,2,2x10,12,2025-03-14,350.0,346.25
East,2,2x10,12,2025-03-21,365.0,351.25
East,2,2x10,12,2025-03-28,380.0,360.0
East,2,2x10,12,2025-04-04,400.0,373.75
East,2,2x10,12,2025-04-11,420.0,391.25
East,2,2x10,12,2025-04-18,435.0,408.75
East,2,2x10,12,2025-04-25,450.0,426.25
East,2,2x10,12,2025-05-02,450.0,438.75
East,2,2x10,12,2025-05-09,440.0,443.75
East,2,2x10,12,2025-05-16,425.0,441.25
East,2,2x10,12,2025-05-23,405.0,430.0
East,2,2x10,12,2025-05-30,395.0,416.25
East,2,2x10,12,2025-06-06,375.0,400.0
East,2,2x10,12,2025-06-13,365.0,385.0
East,2,2x10,12,2025-06-19,355.0,372.5
East,2,2x10,12,2025-06-27,340.0,358.75
East,2,2x10,12,2025-07-03,340.0,350.0
East,2,2x10,12,2025-07-11,340.0,343.75
East,2,2x10,12,2025-07-18,340.0,340.0
East,2,2x10,12,2025-07-25,290.0,327.5
East,2,2x10,12,2025-08-01,340.0,327.5
East,2,2x10,12,2025-08-08,330.0,325.0
East,2,2x10,12,2025-08-15,320.0,320.0
East,2,2x10,12,2025-08-22,310.0,325.0
East,2,2x10,12,2025-08-29,300.0,315.0
East,2,2x10,12,2025-09-05,290.0,305.0
East,2,2x10,12,2025-09-12,285.0,296.25
East,2,2x10,12,2025-09-19,285.0,290.0
East,2,2x10,12,2025-09-26,285.0,286.25
East,2,2x10,12,2025-10-03,290.0,286.25
East,2,2x10,12,2025-10-10,290.0,287.5
East,2,2x10,12,2025-10-17,290.0,288.75
East,2,2x10,14,2024-01-12,345.0,345.0
East,2,2x10,14,2024-01-18,340.0,342.5
East,2,2x10,14,2024-01-25,335.0,340.0
East,2,2x10,14,2024-02-08,335.0,338.75
East,2,2x10,14,2024-02-15,340.0,337.5
East,2,2x10,14,2024-02-22,350.0,340.0
East,2,2x10,14,2024-02-29,360.0,346.25
East,2,2x10,14,2024-03-07,365.0,353.75
East,2,2x10,14,2024-03-14,365.0,360.0
East,2,2x10,14,2024-03-21,365.0,363.75
East,2,2x10,14,2024-03-28,365.0,365.0
East,2,2x10,14,2024-04-04,360.0,363.75
East,2,2x10,14,2024-04-11,350.0,360.0
East,2,2x10,14,2024-04-18,340.0,353.75
East,2,2x10,14,2024-04-25,340.0,347.5
East,2,2x10,14,2024-05-02,350.0,345.0
East,2,2x10,14,2024-05-09,365.0,348.75
East,2,2x10,14,2024-05-16,385.0,360.0
East,2,2x10,14,2024-05-30,430.0,382.5
East,2,2x10,14,2024-06-06,440.0,405.0
East,2,2x10,14,2024-06-13,440.0,423.75
East,2,2x10,14,2024-06-20,440.0,437.5
East,2,2x10,14,2024-06-27,430.0,437.5
East,2,2x10,14,2024-07-04,415.0,431.25
East,2,2x10,14,2024-07-11,405.0,422.5
East,2,2x10,14,2024-07-18,405.0,413.75
East,2,2x10,14,2024-07-25,400.0,406.25
East,2,2x10,14,2024-08-01,400.0,402.5
East,2,2x10,14,2024-08-08,400.0,401.25
East,2,2x10,14,2024-08-15,400.0,400.0
East,2,2x10,14,2024-08-22,395.0,398.75
East,2,2x10,14,2024-08-29,390.0,396.25
East,2,2x10,14,2024-09-05,385.0,392.5
East,2,2x10,14,2024-09-12,375.0,386.25
East,2,2x10,14,2024-09-20,365.0,378.75
East,2,2x10,14,2024-09-27,360.0,371.25
East,2,2x10,14,2024-10-04,360.0,365.0
East,2,2x10,14,2024-10-11,360.0,361.25
East,2,2x10,14,2024-10-18,360.0,360.0
East,2,2x10,14,2024-10-25,360.0,360.0
East,2,2x10,14,2024-11-01,355.0,358.75
East,2,2x10,14,2024-11-08,345.0,355.0
East,2,2x10,14,2024-11-15,335.0,348.75
East,2,2x10,14,2024-11-22,315.0,337.5
East,2,2x10,14,2024-11-27,305.0,325.0
East,2,2x10,14,2024-12-06,300.0,313.75
East,2,2x10,14,2024-12-13,300.0,305.0
East,2,2x10,14,2024-12-20,305.0,302.5
East,2,2x10,14,2025-01-03,320.0,306.25
East,2,2x10,14,2025-01-10,330.0,313.75
East,2,2x10,14,2025-01-17,335.0,322.5
East,2,2x10,14,2025-01-24,330.0,328.75
East,2,2x10,14,2025-01-31,330.0,331.25
East,2,2x10,14,2025-02-07,340.0,333.75
East,2,2x10,14,2025-02-14,350.0,337.5
East,2,2x10,14,2025-02-21,355.0,343.75
East,2,2x10,14,2025-02-28,355.0,350.0
East,2,2x10,14,2025-03-07,355.0,353.75
East,2,2x10,14,2025-03-14,360.0,356.25
East,2,2x10,14,2025-03-21,370.0,360.0
East,2,2x10,14,2025-03-28,385.0,367.5
East,2,2x10,14,2025-04-04,400.0,378.75
East,2,2x10,14,2025-04-11,415.0,392.5
East,2,2x10,14,2025-04-18,435.0,408.75
East,2,2x10,14,2025-04-25,450.0,425.0
East,2,2x10,14,2025-05-02,450.0,437.5
East,2,2x10,14,2025-05-09,450.0,446.25
East,2,2x10,14,2025-05-16,440.0,447.5
East,2,2x10,14,2025-05-23,420.0,440.0
East,2,2x10,14,2025-05-30,405.0,428.75
East,2,2x10,14,2025-06-06,390.0,413.75
East,2,2x10,14,2025-06-13,380.0,398.75
East,2,2x10,14,2025-06-19,375.0,387.5
East,2,2x10,14,2025-06-27,360.0,376.25
East,2,2x10,14,2025-07-03,360.0,368.75
East,2,2x10,14,2025-07-11,360.0,363.75
East,2,2x10,14,2025-07-18,360.0,360.0
East,2,2x10,14,2025-07-25,290.0,342.5
East,2,2x10,14,2025-08-01,360.0,342.5
East,2,2x10,14,2025-08-08,350.0,340.0
East,2,2x10,14,2025-08-15,340.0,335.0
East,2,2x10,14,2025-08-22,325.0,343.75
East,2,2x10,14,2025-08-29,315.0,332.5
East,2,2x10,14,2025-09-05,305.0,321.25
East,2,2x10,14,2025-09-12,300.0,311.25
East,2,2x10,14,2025-09-19,300.0,305.0
East,2,2x10,14,2025-09-26,300.0,301.25
East,2,2x10,14,2025-10-03,305.0,301.25
East,2,2x10,14,2025-10-10,305.0,302.5
East,2,2x10,14,2025-10-17,305.0,303.75
East,2,2x10,16,2024-01-12,320.0,320.0
East,2,2x10,16,2024-01-18,315.0,317.5
East,2,2x10,16,2024-01-25,305.0,313.3333333333333
East,2,2x10,16,2024-02-08,300.0,310.0
East,2,2x10,16,2024-02-15,310.0,307.5
East,2,2x10,16,2024-02-22,320.0,308.75
East,2,2x10,16,2024-02-29,330.0,315.0
East,2,2x10,16,2024-03-07,340.0,325.0
East,2,2x10,16,2024-03-14,340.0,332.5
East,2,2x10,16,2024-03-21,340.0,337.5
East,2,2x10,16,2024-03-28,340.0,340.0
East,2,2x10,16,2024-04-04,335.0,338.75
East,2,2x10,16,2024-04-11,325.0,335.0
East,2,2x10,16,2024-04-18,315.0,328.75
East,2,2x10,16,2024-04-25,315.0,322.5
East,2,2x10,16,2024-05-02,325.0,320.0
East,2,2x10,16,2024-05-09,345.0,325.0
East,2,2x10,16,2024-05-16,370.0,338.75
East,2,2x10,16,2024-05-30,410.0,362.5
East,2,2x10,16,2024-06-06,420.0,386.25
East,2,2x10,16,2024-06-13,420.0,405.0
East,2,2x10,16,2024-06-20,420.0,417.5
East,2,2x10,16,2024-06-27,410.0,417.5
East,2,2x10,16,2024-07-04,400.0,412.5
East,2,2x10,16,2024-07-11,390.0,405.0
East,2,2x10,16,2024-07-18,390.0,397.5
East,2,2x10,16,2024-07-25,390.0,392.5
East,2,2x10,16,2024-08-01,390.0,390.0
East,2,2x10,16,2024-08-08,390.0,390.0
East,2,2x10,16,2024-08-15,390.0,390.0
East,2,2x10,16,2024-08-22,390.0,390.0
East,2,2x10,16,2024-08-29,380.0,387.5
East,2,2x10,16,2024-09-05,375.0,383.75
East,2,2x10,16,2024-09-12,370.0,378.75
East,2,2x10,16,2024-09-20,360.0,371.25
East,2,2x10,16,2024-09-27,355.0,365.0
East,2,2x10,16,2024-10-04,355.0,360.0
East,2,2x10,16,2024-10-11,355.0,356.25
East,2,2x10,16,2024-10-18,355.0,355.0
East,2,2x10,16,2024-10-25,355.0,355.0
East,2,2x10,16,2024-11-01,345.0,352.5
East,2,2x10,16,2024-11-08,335.0,347.5
East,2,2x10,16,2024-11-15,320.0,338.75
East,2,2x10,16,2024-11-22,300.0,325.0
East,2,2x10,16,2024-11-27,290.0,311.25
East,2,2x10,16,2024-12-06,285.0,298.75
East,2,2x10,16,2024-12-13,285.0,290.0
East,2,2x10,16,2024-12-20,290.0,287.5
East,2,2x10,16,2025-01-03,310.0,292.5
East,2,2x10,16,2025-01-10,320.0,301.25
East,2,2x10,16,2025-01-17,325.0,311.25
East,2,2x10,16,2025-01-24,325.0,320.0
East,2,2x10,16,2025-01-31,325.0,323.75
East,2,2x10,16,2025-02-07,335.0,327.5
East,2,2x10,16,2025-02-14,345.0,332.5
East,2,2x10,16,2025-02-21,345.0,337.5
East,2,2x10,16,2025-02-28,345.0,342.5
East,2,2x10,16,2025-03-07,345.0,345.0
East,2,2x10,16,2025-03-14,350.0,346.25
East,2,2x10,16,2025-03-21,365.0,351.25
East,2,2x10,16,2025-03-28,380.0,360.0
East,2,2x10,16,2025-04-04,400.0,373.75
East,2,2x10,16,2025-04-11,420.0,391.25
East,2,2x10,16,2025-04-18,440.0,410.0
East,2,2x10,16,2025-04-25,460.0,430.0
East,2,2x10,16,2025-05-02,475.0,448.75
East,2,2x10,16,2025-05-09,480.0,463.75
East,2,2x10,16,2025-05-16,470.0,471.25
East,2,2x10,16,2025-05-23,450.0,468.75
East,2,2x10,16,2025-05-30,435.0,458.75
East,2,2x10,16,2025-06-06,415.0,442.5
East,2,2x10,16,2025-06-13,395.0,423.75
East,2,2x10,16,2025-06-19,385.0,407.5
East,2,2x10,16,2025-06-27,365.0,390.0
East,2,2x10,16,2025-07-03,365.0,377.5
East,2,2x10,16,2025-07-11,365.0,370.0
East,2,2x10,16,2025-07-18,360.0,363.75
East,2,2x10,16,2025-07-25,310.0,350.0
East,2,2x10,16,2025-08-01,350.0,346.25
East,2,2x10,16,2025-08-08,340.0,340.0
East,2,2x10,16,2025-08-15,325.0,331.25
East,2,2x10,16,2025-08-22,305.0,330.0
East,2,2x10,16,2025-08-29,285.0,313.75
East,2,2x10,16,2025-09-05,280.0,298.75
East,2,2x10,16,2025-09-12,280.0,287.5
East,2,2x10,16,2025-09-19,280.0,281.25
East,2,2x10,16,2025-09-26,285.0,281.25
East,2,2x10,16,2025-10-03,290.0,283.75
East,2,2x10,16,2025-10-10,290.0,286.25
East,2,2x10,16,2025-10-17,295.0,290.0
East,2,2x10,18,2024-01-12,275.0,275.0
East,2,2x10,18,2024-01-18,275.0,275.0
East,2,2x10,18,2024-01-25,275.0,275.0
East,2,2x10,18,2024-02-08,270.0,273.75
East,2,2x10,18,2024-02-15,275.0,273.75
East,2,2x10,18,2024-02-22,285.0,276.25
East,2,2x10,18,2024-02-29,290.0,280.0
East,2,2x10,18,2024-03-07,300.0,287.5
East,2,2x10,18,2024-03-14,310.0,296.25
East,2,2x10,18,2024-03-21,310.0,302.5
East,2,2x10,18,2024-03-28,310.0,307.5
East,2,2x10,18,2024-04-04,305.0,308.75
East,2,2x10,18,2024-04-11,295.0,305.0
East,2,2x10,18,2024-04-18,290.0,300.0
East,2,2x10,18,2024-04-25,290.0,295.0
East,2,2x10,18,2024-05-02,290.0,291.25
East,2,2x10,18,2024-05-09,305.0,293.75
East,2,2x10,18,2024-05-16,325.0,302.5
East,2,2x10,18,2024-05-30,360.0,320.0
East,2,2x10,18,2024-06-06,365.0,338.75
East,2,2x10,18,2024-06-13,365.0,353.75
East,2,2x10,18,2024-06-20,365.0,363.75
East,2,2x10,18,2024-06-27,350.0,361.25
East,2,2x10,18,2024-07-04,335.0,353.75
East,2,2x10,18,2024-07-11,320.0,342.5
East,2,2x10,18,2024-07-18,320.0,331.25
East,2,2x10,18,2024-07-25,320.0,323.75
East,2,2x10,18,2024-08-01,320.0,320.0
East,2,2x10,18,2024-08-08,320.0,320.0
East,2,2x10,18,2024-08-15,320.0,320.0
East,2,2x10,18,2024-08-22,310.0,317.5
East,2,2x10,18,2024-08-29,300.0,312.5
East,2,2x10,18,2024-09-05,290.0,305.0
East,2,2x10,18,2024-09-12,285.0,296.25
East,2,2x10,18,2024-09-20,280.0,288.75
East,2,2x10,18,2024-09-27,275.0,282.5
East,2,2x10,18,2024-10-04,275.0,278.75
East,2,2x10,18,2024-10-11,275.0,276.25
East,2,2x10,18,2024-10-18,275.0,275.0
East,2,2x10,18,2024-10-25,275.0,275.0
East,2,2x10,18,2024-11-01,275.0,275.0
East,2,2x10,18,2024-11-08,265.0,272.5
East,2,2x10,18,2024-11-15,260.0,268.75
East,2,2x10,18,2024-11-22,250.0,262.5
East,2,2x10,18,2024-11-27,240.0,253.75
East,2,2x10,18,2024-12-06,230.0,245.0
East,2,2x10,18,2024-12-13,230.0,237.5
East,2,2x10,18,2024-12-20,240.0,235.0
East,2,2x10,18,2025-01-03,255.0,238.75
East,2,2x10,18,2025-01-10,265.0,247.5
East,2,2x10,18,2025-01-17,275.0,258.75
East,2,2x10,18,2025-01-24,270.0,266.25
East,2,2x10,18,2025-01-31,270.0,270.0
East,2,2x10,18,2025-02-07,280.0,273.75
East,2,2x10,18,2025-02-14,290.0,277.5
East,2,2x10,18,2025-02-21,290.0,282.5
East,2,2x10,18,2025-02-28,295.0,288.75
East,2,2x10,18,2025-03-07,295.0,292.5
East,2,2x10,18,2025-03-14,300.0,295.0
East,2,2x10,18,2025-03-21,310.0,300.0
East,2,2x10,18,2025-03-28,325.0,307.5
East,2,2x10,18,2025-04-04,340.0,318.75
East,2,2x10,18,2025-04-11,350.0,331.25
East,2,2x10,18,2025-04-18,360.0,343.75
East,2,2x10,18,2025-04-25,370.0,355.0
East,2,2x10,18,2025-05-02,365.0,361.25
East,2,2x10,18,2025-05-09,360.0,363.75
East,2,2x10,18,2025-05-16,350.0,361.25
East,2,2x10,18,2025-05-23,340.0,353.75
East,2,2x10,18,2025-05-30,330.0,345.0
East,2,2x10,18,2025-06-06,320.0,335.0
East,2,2x10,18,2025-06-13,310.0,325.0
East,2,2x10,18,2025-06-19,300.0,315.0
East,2,2x10,18,2025-06-27,290.0,305.0
East,2,2x10,18,2025-07-03,290.0,297.5
East,2,2x10,18,2025-07-11,290.0,292.5
East,2,2x10,18,2025-07-18,290.0,290.0
East,2,2x10,18,2025-07-25,250.0,280.0
East,2,2x10,18,2025-08-01,290.0,280.0
East,2,2x10,18,2025-08-08,280.0,277.5
East,2,2x10,18,2025-08-15,275.0,273.75
East,2,2x10,18,2025-08-22,265.0,277.5
East,2,2x10,18,2025-08-29,250.0,267.5
East,2,2x10,18,2025-09-05,245.0,258.75
East,2,2x10,18,2025-09-12,245.0,251.25
East,2,2x10,18,2025-09-19,245.0,246.25
East,2,2x10,18,2025-09-26,250.0,246.25
East,2,2x10,18,2025-10-03,255.0,248.75
East,2,2x10,18,2025-10-10,260.0,252.5
East,2,2x10,18,2025-10-17,270.0,258.75
East,2,2x10,20,2024-01-12,315.0,315.0
East,2,2x10,20,2024-01-18,315.0,315.0
East,2,2x10,20,2024-01-25,310.0,313.3333333333333
East,2,2x10,20,2024-02-08,300.0,310.0
East,2,2x10,20,2024-02-15,305.0,307.5
East,2,2x10,20,2024-02-22,315.0,307.5
East,2,2x10,20,2024-02-29,320.0,310.0
East,2,2x10,20,2024-03-07,330.0,317.5
East,2,2x10,20,2024-03-14,330.0,323.75
East,2,2x10,20,2024-03-21,330.0,327.5
East,2,2x10,20,2024-03-28,330.0,330.0
East,2,2x10,20,2024-04-04,325.0,328.75
East,2,2x10,20,2024-04-11,315.0,325.0
East,2,2x10,20,2024-04-18,315.0,321.25
East,2,2x10,20,2024-04-25,315.0,317.5
East,2,2x10,20,2024-05-02,325.0,317.5
East,2,2x10,20,2024-05-09,340.0,323.75
East,2,2x10,20,2024-05-16,370.0,337.5
East,2,2x10,20,2024-05-30,415.0,362.5
East,2,2x10,20,2024-06-06,420.0,386.25
East,2,2x10,20,2024-06-13,420.0,406.25
East,2,2x10,20,2024-06-20,420.0,418.75
East,2,2x10,20,2024-06-27,420.0,420.0
East,2,2x10,20,2024-07-04,415.0,418.75
East,2,2x10,20,2024-07-11,410.0,416.25
East,2,2x10,20,2024-07-18,410.0,413.75
East,2,2x10,20,2024-07-25,410.0,411.25
East,2,2x10,20,2024-08-01,410.0,410.0
East,2,2x10,20,2024-08-08,410.0,410.0
East,2,2x10,20,2024-08-15,410.0,410.0
East,2,2x10,20,2024-08-22,400.0,407.5
East,2,2x10,20,2024-08-29,390.0,402.5
East,2,2x10,20,2024-09-05,380.0,395.0
East,2,2x10,20,2024-09-12,375.0,386.25
East,2,2x10,20,2024-09-20,365.0,377.5
East,2,2x10,20,2024-09-27,360.0,370.0
East,2,2x10,20,2024-10-04,360.0,365.0
East,2,2x10,20,2024-10-11,360.0,361.25
East,2,2x10,20,2024-10-18,360.0,360.0
East,2,2x10,20,2024-10-25,360.0,360.0
East,2,2x10,20,2024-11-01,355.0,358.75
East,2,2x10,20,2024-11-08,340.0,353.75
East,2,2x10,20,2024-11-15,330.0,346.25
East,2,2x10,20,2024-11-22,310.0,333.75
East,2,2x10,20,2024-11-27,300.0,320.0
East,2,2x10,20,2024-12-06,290.0,307.5
East,2,2x10,20,2024-12-13,290.0,297.5
East,2,2x10,20,2024-12-20,295.0,293.75
East,2,2x10,20,2025-01-03,310.0,296.25
East,2,2x10,20,2025-01-10,315.0,302.5
East,2,2x10,20,2025-01-17,315.0,308.75
East,2,2x10,20,2025-01-24,310.0,312.5
East,2,2x10,20,2025-01-31,310.0,312.5
East,2,2x10,20,2025-02-07,320.0,313.75
East,2,2x10,20,2025-02-14,330.0,317.5
East,2,2x10,20,2025-02-21,330.0,322.5
East,2,2x10,20,2025-02-28,330.0,327.5
East,2,2x10,20,2025-03-07,330.0,330.0
East,2,2x10,20,2025-03-14,335.0,331.25
East,2,2x10,20,2025-03-21,345.0,335.0
East,2,2x10,20,2025-03-28,360.0,342.5
East,2,2x10,20,2025-04-04,370.0,352.5
East,2,2x10,20,2025-04-11,380.0,363.75
East,2,2x10,20,2025-04-18,400.0,377.5
East,2,2x10,20,2025-04-25,420.0,392.5
East,2,2x10,20,2025-05-02,420.0,405.0
East,2,2x10,20,2025-05-09,420.0,415.0
East,2,2x10,20,2025-05-16,410.0,417.5
East,2,2x10,20,2025-05-23,395.0,411.25
East,2,2x10,20,2025-05-30,385.0,402.5
East,2,2x10,20,2025-06-06,375.0,391.25
East,2,2x10,20,2025-06-13,360.0,378.75
East,2,2x10,20,2025-06-19,355.0,368.75
East,2,2x10,20,2025-06-27,350.0,360.0
East,2,2x10,20,2025-07-03,350.0,353.75
East,2,2x10,20,2025-07-11,350.0,351.25
East,2,2x10,20,2025-07-18,350.0,350.0
East,2,2x10,20,2025-07-25,275.0,331.25
East,2,2x10,20,2025-08-01,350.0,331.25
East,2,2x10,20,2025-08-08,345.0,330.0
East,2,2x10,20,2025-08-15,335.0,326.25
East,2,2x10,20,2025-08-22,315.0,336.25
East,2,2x10,20,2025-08-29,295.0,322.5
East,2,2x10,20,2025-09-05,290.0,308.75
East,2,2x10,20,2025-09-12,290.0,297.5
East,2,2x10,20,2025-09-19,290.0,291.25
East,2,2x10,20,2025-09-26,290.0,290.0
East,2,2x10,20,2025-10-03,295.0,291.25
East,2,2x10,20,2025-10-10,300.0,293.75
East,2,2x10,20,2025-10-17,300.0,296.25
East,2,2x12,8,2024-01-12,330.0,330.0
East,2,2x12,8,2024-01-18,340.0,335.0
East,2,2x12,8,2024-01-25,350.0,340.0
East,2,2x12,8,2024-02-08,370.0,347.5
East,2,2x12,8,2024-02-15,385.0,361.25
East,2,2x12,8,2024-02-22,390.0,373.75
East,2,2x12,8,2024-02-29,400.0,386.25
East,2,2x12,8,2024-03-07,400.0,393.75
East,2,2x12,8,2024-03-14,400.0,397.5
East,2,2x12,8,2024-03-21,395.0,398.75
East,2,2x12,8,2024-03-28,395.0,397.5
East,2,2x12,8,2024-04-04,375.0,391.25
East,2,2x12,8,2024-04-11,350.0,378.75
East,2,2x12,8,2024-04-18,325.0,361.25
East,2,2x12,8,2024-04-25,305.0,338.75
East,2,2x12,8,2024-05-02,295.0,318.75
East,2,2x12,8,2024-05-09,295.0,305.0
East,2,2x12,8,2024-05-16,300.0,298.75
East,2,2x12,8,2024-05-30,300.0,297.5
East,2,2x12,8,2024-06-06,300.0,298.75
East,2,2x12,8,2024-06-13,300.0,300.0
East,2,2x12,8,2024-06-20,290.0,297.5
East,2,2x12,8,2024-06-27,285.0,293.75
East,2,2x12,8,2024-07-04,280.0,288.75
East,2,2x12,8,2024-07-11,280.0,283.75
East,2,2x12,8,2024-07-18,280.0,281.25
East,2,2x12,8,2024-07-25,280.0,280.0
East,2,2x12,8,2024-08-01,285.0,281.25
East,2,2x12,8,2024-08-08,290.0,283.75
East,2,2x12,8,2024-08-15,290.0,286.25
East,2,2x12,8,2024-08-22,290.0,288.75
East,2,2x12,8,2024-08-29,290.0,290.0
East,2,2x12,8,2024-09-05,290.0,290.0
East,2,2x12,8,2024-09-12,295.0,291.25
East,2,2x12,8,2024-09-20,295.0,292.5
East,2,2x12,8,2024-09-27,305.0,296.25
East,2,2x12,8,2024-10-04,320.0,303.75
East,2,2x12,8,2024-10-11,340.0,315.0
East,2,2x12,8,2024-10-18,360.0,331.25
East,2,2x12,8,2024-10-25,370.0,347.5
East,2,2x12,8,2024-11-01,370.0,360.0
East,2,2x12,8,2024-11-08,360.0,365.0
East,2,2x12,8,2024-11-15,350.0,362.5
East,2,2x12,8,2024-11-22,340.0,355.0
East,2,2x12,8,2024-11-27,330.0,345.0
East,2,2x12,8,2024-12-06,315.0,333.75
East,2,2x12,8,2024-12-13,305.0,322.5
East,2,2x12,8,2024-12-20,305.0,313.75
East,2,2x12,8,2025-01-03,305.0,307.5
East,2,2x12,8,2025-01-10,305.0,305.0
East,2,2x12,8,2025-01-17,305.0,305.0
East,2,2x12,8,2025-01-24,295.0,302.5
East,2,2x12,8,2025-01-31,290.0,298.75
East,2,2x12,8,2025-02-07,290.0,295.0
East,2,2x12,8,2025-02-14,290.0,291.25
East,2,2x12,8,2025-02-21,290.0,290.0
East,2,2x12,8,2025-02-28,290.0,290.0
East,2,2x12,8,2025-03-07,290.0,290.0
East,2,2x12,8,2025-03-14,290.0,290.0
East,2,2x12,8,2025-03-21,290.0,290.0
East,2,2x12,8,2025-03-28,290.0,290.0
East,2,2x12,8,2025-04-04,295.0,291.25
East,2,2x12,8,2025-04-11,295.0,292.5
East,2,2x12,8,2025-04-18,300.0,295.0
East,2,2x12,8,2025-04-25,305.0,298.75
East,2,2x12,8,2025-05-02,305.0,301.25
East,2,2x12,8,2025-05-09,305.0,303.75
East,2,2x12,8,2025-05-16,305.0,305.0
East,2,2x12,8,2025-05-23,305.0,305.0
East,2,2x12,8,2025-05-30,300.0,303.75
East,2,2x12,8,2025-06-06,300.0,302.5
East,2,2x12,8,2025-06-13,300.0,301.25
East,2,2x12,8,2025-06-19,300.0,300.0
East,2,2x12,8,2025-06-27,300.0,300.0
East,2,2x12,8,2025-07-03,305.0,301.25
East,2,2x12,8,2025-07-11,310.0,303.75
East,2,2x12,8,2025-07-18,315.0,307.5
East,2,2x12,8,2025-07-25,290.0,305.0
East,2,2x12,8,2025-08-01,325.0,310.0
East,2,2x12,8,2025-08-08,325.0,313.75
East,2,2x12,8,2025-08-15,320.0,315.0
East,2,2x12,8,2025-08-22,315.0,321.25
East,2,2x12,8,2025-08-29,305.0,316.25
East,2,2x12,8,2025-09-05,305.0,311.25
East,2,2x12,8,2025-09-12,305.0,307.5
East,2,2x12,8,2025-09-19,315.0,307.5
East,2,2x12,8,2025-09-26,325.0,312.5
East,2,2x12,8,2025-10-03,335.0,320.0
East,2,2x12,8,2025-10-10,350.0,331.25
East,2,2x12,8,2025-10-17,350.0,340.0
East,2,2x12,10,2024-01-12,435.0,435.0
East,2,2x12,10,2024-01-18,445.0,440.0
East,2,2x12,10,2024-01-25,450.0,443.3333333333333
East,2,2x12,10,2024-02-08,460.0,447.5
East,2,2x12,10,2024-02-15,475.0,457.5
East,2,2x12,10,2024-02-22,490.0,468.75
East,2,2x12,10,2024-02-29,500.0,481.25
East,2,2x12,10,2024-03-07,505.0,492.5
East,2,2x12,10,2024-03-14,505.0,500.0
East,2,2x12,10,2024-03-21,510.0,505.0
East,2,2x12,10,2024-03-28,510.0,507.5
East,2,2x12,10,2024-04-04,490.0,503.75
East,2,2x12,10,2024-04-11,465.0,493.75
East,2,2x12,10,2024-04-18,420.0,471.25
East,2,2x12,10,2024-04-25,395.0,442.5
East,2,2x12,10,2024-05-02,385.0,416.25
East,2,2x12,10,2024-05-09,375.0,393.75
East,2,2x12,10,2024-05-16,375.0,382.5
East,2,2x12,10,2024-05-30,375.0,377.5
East,2,2x12,10,2024-06-06,375.0,375.0
East,2,2x12,10,2024-06-13,375.0,375.0
East,2,2x12,10,2024-06-20,365.0,372.5
East,2,2x12,10,2024-06-27,355.0,367.5
East,2,2x12,10,2024-07-04,350.0,361.25
East,2,2x12,10,2024-07-11,350.0,355.0
East,2,2x12,10,2024-07-18,350.0,351.25
East,2,2x12,10,2024-07-25,350.0,350.0
East,2,2x12,10,2024-08-01,355.0,351.25
East,2,2x12,10,2024-08-08,360.0,353.75
East,2,2x12,10,2024-08-15,360.0,356.25
East,2,2x12,10,2024-08-22,360.0,358.75
East,2,2x12,10,2024-08-29,365.0,361.25
East,2,2x12,10,2024-09-05,365.0,362.5
East,2,2x12,10,2024-09-12,365.0,363.75
East,2,2x12,10,2024-09-20,365.0,365.0
East,2,2x12,10,2024-09-27,370.0,366.25
East,2,2x12,10,2024-10-04,385.0,371.25
East,2,2x12,10,2024-10-11,405.0,381.25
East,2,2x12,10,2024-10-18,425.0,396.25
East,2,2x12,10,2024-10-25,435.0,412.5
East,2,2x12,10,2024-11-01,435.0,425.0
East,2,2x12,10,2024-11-08,425.0,430.0
East,2,2x12,10,2024-11-15,415.0,427.5
East,2,2x12,10,2024-11-22,400.0,418.75
East,2,2x12,10,2024-11-27,385.0,406.25
East,2,2x12,10,2024-12-06,365.0,391.25
East,2,2x12,10,2024-12-13,355.0,376.25
East,2,2x12,10,2024-12-20,355.0,365.0
East,2,2x12,10,2025-01-03,355.0,357.5
East,2,2x12,10,2025-01-10,355.0,355.0
East,2,2x12,10,2025-01-17,350.0,353.75
East,2,2x12,10,2025-01-24,335.0,348.75
East,2,2x12,10,2025-01-31,320.0,340.0
East,2,2x12,10,2025-02-07,320.0,331.25
East,2,2x12,10,2025-02-14,325.0,325.0
East,2,2x12,10,2025-02-21,325.0,322.5
East,2,2x12,10,2025-02-28,325.0,323.75
East,2,2x12,10,2025-03-07,325.0,325.0
East,2,2x12,10,2025-03-14,325.0,325.0
East,2,2x12,10,2025-03-21,325.0,325.0
East,2,2x12,10,2025-03-28,325.0,325.0
East,2,2x12,10,2025-04-04,325.0,325.0
East,2,2x12,10,2025-04-11,325.0,325.0
East,2,2x12,10,2025-04-18,325.0,325.0
East,2,2x12,10,2025-04-25,330.0,326.25
East,2,2x12,10,2025-05-02,330.0,327.5
East,2,2x12,10,2025-05-09,330.0,328.75
East,2,2x12,10,2025-05-16,325.0,328.75
East,2,2x12,10,2025-05-23,320.0,326.25
East,2,2x12,10,2025-05-30,310.0,321.25
East,2,2x12,10,2025-06-06,305.0,315.0
East,2,2x12,10,2025-06-13,305.0,310.0
East,2,2x12,10,2025-06-19,305.0,306.25
East,2,2x12,10,2025-06-27,305.0,305.0
East,2,2x12,10,2025-07-03,305.0,305.0
East,2,2x12,10,2025-07-11,310.0,306.25
East,2,2x12,10,2025-07-18,315.0,308.75
East,2,2x12,10,2025-07-25,325.0,313.75
East,2,2x12,10,2025-08-01,325.0,318.75
East,2,2x12,10,2025-08-08,325.0,322.5
East,2,2x12,10,2025-08-15,320.0,323.75
East,2,2x12,10,2025-08-22,315.0,321.25
East,2,2x12,10,2025-08-29,310.0,317.5
East,2,2x12,10,2025-09-05,310.0,313.75
East,2,2x12,10,2025-09-12,310.0,311.25
East,2,2x12,10,2025-09-19,320.0,312.5
East,2,2x12,10,2025-09-26,335.0,318.75
East,2,2x12,10,2025-10-03,350.0,328.75
East,2,2x12,10,2025-10-10,365.0,342.5
East,2,2x12,10,2025-10-17,375.0,356.25
East,2,2x12,12,2024-01-12,515.0,515.0
East,2,2x12,12,2024-01-18,525.0,520.0
East,2,2x12,12,2024-01-25,535.0,525.0
East,2,2x12,12,2024-02-08,555.0,532.5
East,2,2x12,12,2024-02-15,565.0,545.0
East,2,2x12,12,2024-02-22,580.0,558.75
East,2,2x12,12,2024-02-29,595.0,573.75
East,2,2x12,12,2024-03-07,595.0,583.75
East,2,2x12,12,2024-03-14,595.0,591.25
East,2,2x12,12,2024-03-21,585.0,592.5
East,2,2x12,12,2024-03-28,585.0,590.0
East,2,2x12,12,2024-04-04,560.0,581.25
East,2,2x12,12,2024-04-11,520.0,562.5
East,2,2x12,12,2024-04-18,480.0,536.25
East,2,2x12,12,2024-04-25,450.0,502.5
East,2,2x12,12,2024-05-02,425.0,468.75
East,2,2x12,12,2024-05-09,415.0,442.5
East,2,2x12,12,2024-05-16,410.0,425.0
East,2,2x12,12,2024-05-30,410.0,415.0
East,2,2x12,12,2024-06-06,410.0,411.25
East,2,2x12,12,2024-06-13,405.0,408.75
East,2,2x12,12,2024-06-20,395.0,405.0
East,2,2x12,12,2024-06-27,380.0,397.5
East,2,2x12,12,2024-07-04,375.0,388.75
East,2,2x12,12,2024-07-11,375.0,381.25
East,2,2x12,12,2024-07-18,375.0,376.25
East,2,2x12,12,2024-07-25,375.0,375.0
East,2,2x12,12,2024-08-01,380.0,376.25
East,2,2x12,12,2024-08-08,385.0,378.75
East,2,2x12,12,2024-08-15,385.0,381.25
East,2,2x12,12,2024-08-22,385.0,383.75
East,2,2x12,12,2024-08-29,385.0,385.0
East,2,2x12,12,2024-09-05,385.0,385.0
East,2,2x12,12,2024-09-12,380.0,383.75
East,2,2x12,12,2024-09-20,380.0,382.5
East,2,2x12,12,2024-09-27,390.0,383.75
East,2,2x12,12,2024-10-04,410.0,390.0
East,2,2x12,12,2024-10-11,430.0,402.5
East,2,2x12,12,2024-10-18,450.0,420.0
East,2,2x12,12,2024-10-25,460.0,437.5
East,2,2x12,12,2024-11-01,460.0,450.0
East,2,2x12,12,2024-11-08,455.0,456.25
East,2,2x12,12,2024-11-15,450.0,456.25
East,2,2x12,12,2024-11-22,440.0,451.25
East,2,2x12,12,2024-11-27,425.0,442.5
East,2,2x12,12,2024-12-06,410.0,431.25
East,2,2x12,12,2024-12-13,400.0,418.75
East,2,2x12,12,2024-12-20,400.0,408.75
East,2,2x12,12,2025-01-03,405.0,403.75
East,2,2x12,12,2025-01-10,405.0,402.5
East,2,2x12,12,2025-01-17,395.0,401.25
East,2,2x12,12,2025-01-24,375.0,395.0
East,2,2x12,12,2025-01-31,355.0,382.5
East,2,2x12,12,2025-02-07,355.0,370.0
East,2,2x12,12,2025-02-14,355.0,360.0
East,2,2x12,12,2025-02-21,355.0,355.0
East,2,2x12,12,2025-02-28,350.0,353.75
East,2,2x12,12,2025-03-07,350.0,352.5
East,2,2x12,12,2025-03-14,350.0,351.25
East,2,2x12,12,2025-03-21,350.0,350.0
East,2,2x12,12,2025-03-28,350.0,350.0
East,2,2x12,12,2025-04-04,350.0,350.0
East,2,2x12,12,2025-04-11,355.0,351.25
East,2,2x12,12,2025-04-18,360.0,353.75
East,2,2x12,12,2025-04-25,375.0,360.0
East,2,2x12,12,2025-05-02,375.0,366.25
East,2,2x12,12,2025-05-09,375.0,371.25
East,2,2x12,12,2025-05-16,365.0,372.5
East,2,2x12,12,2025-05-23,360.0,368.75
East,2,2x12,12,2025-05-30,350.0,362.5
East,2,2x12,12,2025-06-06,340.0,353.75
East,2,2x12,12,2025-06-13,340.0,347.5
East,2,2x12,12,2025-06-19,340.0,342.5
East,2,2x12,12,2025-06-27,340.0,340.0
East,2,2x12,12,2025-07-03,345.0,341.25
East,2,2x12,12,2025-07-11,355.0,345.0
East,2,2x12,12,2025-07-18,365.0,351.25
East,2,2x12,12,2025-07-25,315.0,345.0
East,2,2x12,12,2025-08-01,380.0,353.75
East,2,2x12,12,2025-08-08,380.0,360.0
East,2,2x12,12,2025-08-15,375.0,362.5
East,2,2x12,12,2025-08-22,365.0,375.0
East,2,2x12,12,2025-08-29,355.0,368.75
East,2,2x12,12,2025-09-05,355.0,362.5
East,2,2x12,12,2025-09-12,355.0,357.5
East,2,2x12,12,2025-09-19,365.0,357.5
East,2,2x12,12,2025-09-26,385.0,365.0
East,2,2x12,12,2025-10-03,400.0,376.25
East,2,2x12,12,2025-10-10,415.0,391.25
East,2,2x12,12,2025-10-17,425.0,406.25
East,2,2x12,14,2024-01-12,435.0,435.0
East,2,2x12,14,2024-01-18,450.0,442.5
East,2,2x12,14,2024-01-25,460.0,448.3333333333333
East,2,2x12,14,2024-02-08,480.0,456.25
East,2,2x12,14,2024-02-15,495.0,471.25
East,2,2x12,14,2024-02-22,510.0,486.25
East,2,2x12,14,2024-02-29,525.0,502.5
East,2,2x12,14,2024-03-07,540.0,517.5
East,2,2x12,14,2024-03-14,540.0,528.75
East,2,2x12,14,2024-03-21,535.0,535.0
East,2,2x12,14,2024-03-28,535.0,537.5
East,2,2x12,14,2024-04-04,515.0,531.25
East,2,2x12,14,2024-04-11,490.0,518.75
East,2,2x12,14,2024-04-18,450.0,497.5
East,2,2x12,14,2024-04-25,425.0,470.0
East,2,2x12,14,2024-05-02,405.0,442.5
East,2,2x12,14,2024-05-09,395.0,418.75
East,2,2x12,14,2024-05-16,400.0,406.25
East,2,2x12,14,2024-05-30,400.0,400.0
East,2,2x12,14,2024-06-06,400.0,398.75
East,2,2x12,14,2024-06-13,400.0,400.0
East,2,2x12,14,2024-06-20,390.0,397.5
East,2,2x12,14,2024-06-27,380.0,392.5
East,2,2x12,14,2024-07-04,375.0,386.25
East,2,2x12,14,2024-07-11,370.0,378.75
East,2,2x12,14,2024-07-18,370.0,373.75
East,2,2x12,14,2024-07-25,370.0,371.25
East,2,2x12,14,2024-08-01,370.0,370.0
East,2,2x12,14,2024-08-08,375.0,371.25
East,2,2x12,14,2024-08-15,375.0,372.5
East,2,2x12,14,2024-08-22,375.0,373.75
East,2,2x12,14,2024-08-29,375.0,375.0
East,2,2x12,14,2024-09-05,375.0,375.0
East,2,2x12,14,2024-09-12,375.0,375.0
East,2,2x12,14,2024-09-20,375.0,375.0
East,2,2x12,14,2024-09-27,380.0,376.25
East,2,2x12,14,2024-10-04,390.0,380.0
East,2,2x12,14,2024-10-11,410.0,388.75
East,2,2x12,14,2024-10-18,420.0,400.0
East,2,2x12,14,2024-10-25,425.0,411.25
East,2,2x12,14,2024-11-01,415.0,417.5
East,2,2x12,14,2024-11-08,405.0,416.25
East,2,2x12,14,2024-11-15,390.0,408.75
East,2,2x12,14,2024-11-22,365.0,393.75
East,2,2x12,14,2024-11-27,345.0,376.25
East,2,2x12,14,2024-12-06,335.0,358.75
East,2,2x12,14,2024-12-13,320.0,341.25
East,2,2x12,14,2024-12-20,320.0,330.0
East,2,2x12,14,2025-01-03,320.0,323.75
East,2,2x12,14,2025-01-10,320.0,320.0
East,2,2x12,14,2025-01-17,320.0,320.0
East,2,2x12,14,2025-01-24,310.0,317.5
East,2,2x12,14,2025-01-31,300.0,312.5
East,2,2x12,14,2025-02-07,310.0,310.0
East,2,2x12,14,2025-02-14,310.0,307.5
East,2,2x12,14,2025-02-21,310.0,307.5
East,2,2x12,14,2025-02-28,310.0,310.0
East,2,2x12,14,2025-03-07,310.0,310.0
East,2,2x12,14,2025-03-14,310.0,310.0
East,2,2x12,14,2025-03-21,310.0,310.0
East,2,2x12,14,2025-03-28,310.0,310.0
East,2,2x12,14,2025-04-04,315.0,311.25
East,2,2x12,14,2025-04-11,320.0,313.75
East,2,2x12,14,2025-04-18,325.0,317.5
East,2,2x12,14,2025-04-25,335.0,323.75
East,2,2x12,14,2025-05-02,335.0,328.75
East,2,2x12,14,2025-05-09,335.0,332.5
East,2,2x12,14,2025-05-16,325.0,332.5
East,2,2x12,14,2025-05-23,320.0,328.75
East,2,2x12,14,2025-05-30,315.0,323.75
East,2,2x12,14,2025-06-06,310.0,317.5
East,2,2x12,14,2025-06-13,305.0,312.5
East,2,2x12,14,2025-06-19,305.0,308.75
East,2,2x12,14,2025-06-27,305.0,306.25
East,2,2x12,14,2025-07-03,305.0,305.0
East,2,2x12,14,2025-07-11,305.0,305.0
East,2,2x12,14,2025-07-18,305.0,305.0
East,2,2x12,14,2025-07-25,305.0,305.0
East,2,2x12,14,2025-08-01,320.0,308.75
East,2,2x12,14,2025-08-08,320.0,312.5
East,2,2x12,14,2025-08-15,320.0,316.25
East,2,2x12,14,2025-08-22,310.0,317.5
East,2,2x12,14,2025-08-29,300.0,312.5
East,2,2x12,14,2025-09-05,300.0,307.5
East,2,2x12,14,2025-09-12,300.0,302.5
East,2,2x12,14,2025-09-19,310.0,302.5
East,2,2x12,14,2025-09-26,320.0,307.5
East,2,2x12,14,2025-10-03,330.0,315.0
East,2,2x12,14,2025-10-10,340.0,325.0
East,2,2x12,14,2025-10-17,340.0,332.5
East,2,2x12,16,2024-01-12,415.0,415.0
East,2,2x12,16,2024-01-18,430.0,422.5
East,2,2x12,16,2024-01-25,445.0,430.0
East,2,2x12,16,2024-02-08,465.0,438.75
East,2,2x12,16,2024-02-15,480.0,455.0
East,2,2x12,16,2024-02-22,495.0,471.25
East,2,2x12,16,2024-02-29,510.0,487.5
East,2,2x12,16,2024-03-07,525.0,502.5
East,2,2x12,16,2024-03-14,525.0,513.75
East,2,2x12,16,2024-03-21,515.0,518.75
East,2,2x12,16,2024-03-28,515.0,520.0
East,2,2x12,16,2024-04-04,490.0,511.25
East,2,2x12,16,2024-04-11,465.0,496.25
East,2,2x12,16,2024-04-18,430.0,475.0
East,2,2x12,16,2024-04-25,405.0,447.5
East,2,2x12,16,2024-05-02,405.0,426.25
East,2,2x12,16,2024-05-09,405.0,411.25
East,2,2x12,16,2024-05-16,405.0,405.0
East,2,2x12,16,2024-05-30,420.0,408.75
East,2,2x12,16,2024-06-06,435.0,416.25
East,2,2x12,16,2024-06-13,435.0,423.75
East,2,2x12,16,2024-06-20,425.0,428.75
East,2,2x12,16,2024-06-27,425.0,430.0
East,2,2x12,16,2024-07-04,415.0,425.0
East,2,2x12,16,2024-07-11,415.0,420.0
East,2,2x12,16,2024-07-18,420.0,418.75
East,2,2x12,16,2024-07-25,420.0,417.5
East,2,2x12,16,2024-08-01,435.0,422.5
East,2,2x12,16,2024-08-08,445.0,430.0
East,2,2x12,16,2024-08-15,455.0,438.75
East,2,2x12,16,2024-08-22,465.0,450.0
East,2,2x12,16,2024-08-29,465.0,457.5
East,2,2x12,16,2024-09-05,470.0,463.75
East,2,2x12,16,2024-09-12,480.0,470.0
East,2,2x12,16,2024-09-20,485.0,475.0
East,2,2x12,16,2024-09-27,500.0,483.75
East,2,2x12,16,2024-10-04,520.0,496.25
East,2,2x12,16,2024-10-11,540.0,511.25
East,2,2x12,16,2024-10-18,560.0,530.0
East,2,2x12,16,2024-10-25,580.0,550.0
East,2,2x12,16,2024-11-01,580.0,565.0
East,2,2x12,16,2024-11-08,580.0,575.0
East,2,2x12,16,2024-11-15,580.0,580.0
East,2,2x12,16,2024-11-22,565.0,576.25
East,2,2x12,16,2024-11-27,550.0,568.75
East,2,2x12,16,2024-12-06,525.0,555.0
East,2,2x12,16,2024-12-13,510.0,537.5
East,2,2x12,16,2024-12-20,500.0,521.25
East,2,2x12,16,2025-01-03,500.0,508.75
East,2,2x12,16,2025-01-10,490.0,500.0
East,2,2x12,16,2025-01-17,475.0,491.25
East,2,2x12,16,2025-01-24,450.0,478.75
East,2,2x12,16,2025-01-31,425.0,460.0
East,2,2x12,16,2025-02-07,425.0,443.75
East,2,2x12,16,2025-02-14,425.0,431.25
East,2,2x12,16,2025-02-21,425.0,425.0
East,2,2x12,16,2025-02-28,420.0,423.75
East,2,2x12,16,2025-03-07,415.0,421.25
East,2,2x12,16,2025-03-14,415.0,418.75
East,2,2x12,16,2025-03-21,415.0,416.25
East,2,2x12,16,2025-03-28,415.0,415.0
East,2,2x12,16,2025-04-04,415.0,415.0
East,2,2x12,16,2025-04-11,415.0,415.0
East,2,2x12,16,2025-04-18,420.0,416.25
East,2,2x12,16,2025-04-25,425.0,418.75
East,2,2x12,16,2025-05-02,425.0,421.25
East,2,2x12,16,2025-05-09,430.0,425.0
East,2,2x12,16,2025-05-16,425.0,426.25
East,2,2x12,16,2025-05-23,415.0,423.75
East,2,2x12,16,2025-05-30,405.0,418.75
East,2,2x12,16,2025-06-06,390.0,408.75
East,2,2x12,16,2025-06-13,380.0,397.5
East,2,2x12,16,2025-06-19,365.0,385.0
East,2,2x12,16,2025-06-27,360.0,373.75
East,2,2x12,16,2025-07-03,360.0,366.25
East,2,2x12,16,2025-07-11,360.0,361.25
East,2,2x12,16,2025-07-18,360.0,360.0
East,2,2x12,16,2025-07-25,380.0,365.0
East,2,2x12,16,2025-08-01,365.0,366.25
East,2,2x12,16,2025-08-08,365.0,367.5
East,2,2x12,16,2025-08-15,360.0,367.5
East,2,2x12,16,2025-08-22,345.0,358.75
East,2,2x12,16,2025-08-29,325.0,348.75
East,2,2x12,16,2025-09-05,305.0,333.75
East,2,2x12,16,2025-09-12,305.0,320.0
East,2,2x12,16,2025-09-19,315.0,312.5
East,2,2x12,16,2025-09-26,330.0,313.75
East,2,2x12,16,2025-10-03,350.0,325.0
East,2,2x12,16,2025-10-10,370.0,341.25
East,2,2x12,16,2025-10-17,385.0,358.75
East,2,2x12,18,2024-01-12,390.0,390.0
East,2,2x12,18,2024-01-18,390.0,390.0
East,2,2x12,18,2024-01-25,405.0,395.0
East,2,2x12,18,2024-02-08,425.0,402.5
East,2,2x12,18,2024-02-15,440.0,415.0
East,2,2x12,18,2024-02-22,450.0,430.0
East,2,2x12,18,2024-02-29,460.0,443.75
East,2,2x12,18,2024-03-07,485.0,458.75
East,2,2x12,18,2024-03-14,500.0,473.75
East,2,2x12,18,2024-03-21,500.0,486.25
East,2,2x12,18,2024-03-28,500.0,496.25
East,2,2x12,18,2024-04-04,495.0,498.75
East,2,2x12,18,2024-04-11,485.0,495.0
East,2,2x12,18,2024-04-18,450.0,482.5
East,2,2x12,18,2024-04-25,430.0,465.0
East,2,2x12,18,2024-05-02,420.0,446.25
East,2,2x12,18,2024-05-09,405.0,426.25
East,2,2x12,18,2024-05-16,420.0,418.75
East,2,2x12,18,2024-05-30,420.0,416.25
East,2,2x12,18,2024-06-06,430.0,418.75
East,2,2x12,18,2024-06-13,430.0,425.0
East,2,2x12,18,2024-06-20,420.0,425.0
East,2,2x12,18,2024-06-27,410.0,422.5
East,2,2x12,18,2024-07-04,400.0,415.0
East,2,2x12,18,2024-07-11,395.0,406.25
East,2,2x12,18,2024-07-18,395.0,400.0
East,2,2x12,18,2024-07-25,395.0,396.25
East,2,2x12,18,2024-08-01,400.0,396.25
East,2,2x12,18,2024-08-08,405.0,398.75
East,2,2x12,18,2024-08-15,405.0,401.25
East,2,2x12,18,2024-08-22,405.0,403.75
East,2,2x12,18,2024-08-29,405.0,405.0
East,2,2x12,18,2024-09-05,405.0,405.0
East,2,2x12,18,2024-09-12,410.0,406.25
East,2,2x12,18,2024-09-20,420.0,410.0
East,2,2x12,18,2024-09-27,435.0,417.5
East,2,2x12,18,2024-10-04,455.0,430.0
East,2,2x12,18,2024-10-11,475.0,446.25
East,2,2x12,18,2024-10-18,495.0,465.0
East,2,2x12,18,2024-10-25,505.0,482.5
East,2,2x12,18,2024-11-01,515.0,497.5
East,2,2x12,18,2024-11-08,515.0,507.5
East,2,2x12,18,2024-11-15,510.0,511.25
East,2,2x12,18,2024-11-22,500.0,510.0
East,2,2x12,18,2024-11-27,500.0,506.25
East,2,2x12,18,2024-12-06,490.0,500.0
East,2,2x12,18,2024-12-13,480.0,492.5
East,2,2x12,18,2024-12-20,480.0,487.5
East,2,2x12,18,2025-01-03,480.0,482.5
East,2,2x12,18,2025-01-10,480.0,480.0
East,2,2x12,18,2025-01-17,465.0,476.25
East,2,2x12,18,2025-01-24,450.0,468.75
East,2,2x12,18,2025-01-31,435.0,457.5
East,2,2x12,18,2025-02-07,430.0,445.0
East,2,2x12,18,2025-02-14,425.0,435.0
East,2,2x12,18,2025-02-21,425.0,428.75
East,2,2x12,18,2025-02-28,420.0,425.0
East,2,2x12,18,2025-03-07,415.0,421.25
East,2,2x12,18,2025-03-14,405.0,416.25
East,2,2x12,18,2025-03-21,395.0,408.75
East,2,2x12,18,2025-03-28,395.0,402.5
East,2,2x12,18,2025-04-04,390.0,396.25
East,2,2x12,18,2025-04-11,390.0,392.5
East,2,2x12,18,2025-04-18,380.0,388.75
East,2,2x12,18,2025-04-25,380.0,385.0
East,2,2x12,18,2025-05-02,380.0,382.5
East,2,2x12,18,2025-05-09,380.0,380.0
East,2,2x12,18,2025-05-16,380.0,380.0
East,2,2x12,18,2025-05-23,380.0,380.0
East,2,2x12,18,2025-05-30,375.0,378.75
East,2,2x12,18,2025-06-06,375.0,377.5
East,2,2x12,18,2025-06-13,370.0,375.0
East,2,2x12,18,2025-06-19,370.0,372.5
East,2,2x12,18,2025-06-27,370.0,371.25
East,2,2x12,18,2025-07-03,370.0,370.0
East,2,2x12,18,2025-07-11,370.0,370.0
East,2,2x12,18,2025-07-18,370.0,370.0
East,2,2x12,18,2025-07-25,320.0,357.5
East,2,2x12,18,2025-08-01,370.0,357.5
East,2,2x12,18,2025-08-08,370.0,357.5
East,2,2x12,18,2025-08-15,370.0,357.5
East,2,2x12,18,2025-08-22,365.0,368.75
East,2,2x12,18,2025-08-29,345.0,362.5
East,2,2x12,18,2025-09-05,335.0,353.75
East,2,2x12,18,2025-09-12,325.0,342.5
East,2,2x12,18,2025-09-19,325.0,332.5
East,2,2x12,18,2025-09-26,335.0,330.0
East,2,2x12,18,2025-10-03,335.0,330.0
East,2,2x12,18,2025-10-10,335.0,332.5
East,2,2x12,18,2025-10-17,340.0,336.25
East,2,2x12,20,2024-01-12,640.0,640.0
East,2,2x12,20,2024-01-18,655.0,647.5
East,2,2x12,20,2024-01-25,665.0,653.3333333333334
East,2,2x12,20,2024-02-08,685.0,661.25
East,2,2x12,20,2024-02-15,700.0,676.25
East,2,2x12,20,2024-02-22,720.0,692.5
East,2,2x12,20,2024-02-29,730.0,708.75
East,2,2x12,20,2024-03-07,755.0,726.25
East,2,2x12,20,2024-03-14,775.0,745.0
East,2,2x12,20,2024-03-21,785.0,761.25
East,2,2x12,20,2024-03-28,785.0,775.0
East,2,2x12,20,2024-04-04,785.0,782.5
East,2,2x12,20,2024-04-11,785.0,785.0
East,2,2x12,20,2024-04-18,750.0,776.25
East,2,2x12,20,2024-04-25,740.0,765.0
East,2,2x12,20,2024-05-02,740.0,753.75
East,2,2x12,20,2024-05-09,740.0,742.5
East,2,2x12,20,2024-05-16,740.0,740.0
East,2,2x12,20,2024-05-30,740.0,740.0
East,2,2x12,20,2024-06-06,740.0,740.0
East,2,2x12,20,2024-06-13,725.0,736.25
East,2,2x12,20,2024-06-20,715.0,730.0
East,2,2x12,20,2024-06-27,695.0,718.75
East,2,2x12,20,2024-07-04,685.0,705.0
East,2,2x12,20,2024-07-11,680.0,693.75
East,2,2x12,20,2024-07-18,675.0,683.75
East,2,2x12,20,2024-07-25,675.0,678.75
East,2,2x12,20,2024-08-01,675.0,676.25
East,2,2x12,20,2024-08-08,675.0,675.0
East,2,2x12,20,2024-08-15,675.0,675.0
East,2,2x12,20,2024-08-22,675.0,675.0
East,2,2x12,20,2024-08-29,675.0,675.0
East,2,2x12,20,2024-09-05,690.0,678.75
East,2,2x12,20,2024-09-12,690.0,682.5
East,2,2x12,20,2024-09-20,700.0,688.75
East,2,2x12,20,2024-09-27,715.0,698.75
East,2,2x12,20,2024-10-04,740.0,711.25
East,2,2x12,20,2024-10-11,760.0,728.75
East,2,2x12,20,2024-10-18,790.0,751.25
East,2,2x12,20,2024-10-25,815.0,776.25
East,2,2x12,20,2024-11-01,825.0,797.5
East,2,2x12,20,2024-11-08,835.0,816.25
East,2,2x12,20,2024-11-15,835.0,827.5
East,2,2x12,20,2024-11-22,835.0,832.5
East,2,2x12,20,2024-11-27,835.0,835.0
East,2,2x12,20,2024-12-06,830.0,833.75
East,2,2x12,20,2024-12-13,820.0,830.0
East,2,2x12,20,2024-12-20,820.0,826.25
East,2,2x12,20,2025-01-03,820.0,822.5
East,2,2x12,20,2025-01-10,820.0,820.0
East,2,2x12,20,2025-01-17,805.0,816.25
East,2,2x12,20,2025-01-24,785.0,807.5
East,2,2x12,20,2025-01-31,760.0,792.5
East,2,2x12,20,2025-02-07,755.0,776.25
East,2,2x12,20,2025-02-14,745.0,761.25
East,2,2x12,20,2025-02-21,730.0,747.5
East,2,2x12,20,2025-02-28,710.0,735.0
East,2,2x12,20,2025-03-07,700.0,721.25
East,2,2x12,20,2025-03-14,680.0,705.0
East,2,2x12,20,2025-03-21,680.0,692.5
East,2,2x12,20,2025-03-28,680.0,685.0
East,2,2x12,20,2025-04-04,670.0,677.5
East,2,2x12,20,2025-04-11,670.0,675.0
East,2,2x12,20,2025-04-18,645.0,666.25
East,2,2x12,20,2025-04-25,645.0,657.5
East,2,2x12,20,2025-05-02,630.0,647.5
East,2,2x12,20,2025-05-09,615.0,633.75
East,2,2x12,20,2025-05-16,585.0,618.75
East,2,2x12,20,2025-05-23,570.0,600.0
East,2,2x12,20,2025-05-30,550.0,580.0
East,2,2x12,20,2025-06-06,530.0,558.75
East,2,2x12,20,2025-06-13,525.0,543.75
East,2,2x12,20,2025-06-19,505.0,527.5
East,2,2x12,20,2025-06-27,485.0,511.25
East,2,2x12,20,2025-07-03,485.0,500.0
East,2,2x12,20,2025-07-11,480.0,488.75
East,2,2x12,20,2025-07-18,480.0,482.5
East,2,2x12,20,2025-07-25,465.0,477.5
East,2,2x12,20,2025-08-01,480.0,476.25
East,2,2x12,20,2025-08-08,465.0,472.5
East,2,2x12,20,2025-08-15,450.0,465.0
East,2,2x12,20,2025-08-22,430.0,456.25
East,2,2x12,20,2025-08-29,405.0,437.5
East,2,2x12,20,2025-09-05,390.0,418.75
East,2,2x12,20,2025-09-12,380.0,401.25
East,2,2x12,20,2025-09-19,375.0,387.5
East,2,2x12,20,2025-09-26,375.0,380.0
East,2,2x12,20,2025-10-03,360.0,372.5
East,2,2x12,20,2025-10-10,365.0,368.75
East,2,2x12,20,2025-10-17,375.0,368.75
East,2,2x4,8,2024-01-12,420.0,420.0
East,2,2x4,8,2024-01-18,405.0,412.5
East,2,2x4,8,2024-01-25,385.0,403.3333333333333
East,2,2x4,8,2024-02-08,370.0,395.0
East,2,2x4,8,2024-02-15,380.0,385.0
East,2,2x4,8,2024-02-22,400.0,383.75
East,2,2x4,8,2024-02-29,410.0,390.0
East,2,2x4,8,2024-03-07,425.0,403.75
East,2,2x4,8,2024-03-14,435.0,417.5
East,2,2x4,8,2024-03-21,440.0,427.5
East,2,2x4,8,2024-03-28,435.0,433.75
East,2,2x4,8,2024-04-04,430.0,435.0
East,2,2x4,8,2024-04-11,430.0,433.75
East,2,2x4,8,2024-04-18,415.0,427.5
East,2,2x4,8,2024-04-25,400.0,418.75
East,2,2x4,8,2024-05-02,400.0,411.25
East,2,2x4,8,2024-05-09,405.0,405.0
East,2,2x4,8,2024-05-16,415.0,405.0
East,2,2x4,8,2024-05-30,425.0,411.25
East,2,2x4,8,2024-06-06,410.0,413.75
East,2,2x4,8,2024-06-13,390.0,410.0
East,2,2x4,8,2024-06-20,385.0,402.5
East,2,2x4,8,2024-06-27,370.0,388.75
East,2,2x4,8,2024-07-04,365.0,377.5
East,2,2x4,8,2024-07-11,365.0,371.25
East,2,2x4,8,2024-07-18,370.0,367.5
East,2,2x4,8,2024-07-25,385.0,371.25
East,2,2x4,8,2024-08-01,395.0,378.75
East,2,2x4,8,2024-08-08,400.0,387.5
East,2,2x4,8,2024-08-15,400.0,395.0
East,2,2x4,8,2024-08-22,400.0,398.75
East,2,2x4,8,2024-08-29,395.0,398.75
East,2,2x4,8,2024-09-05,395.0,397.5
East,2,2x4,8,2024-09-12,395.0,396.25
East,2,2x4,8,2024-09-20,395.0,395.0
East,2,2x4,8,2024-09-27,405.0,397.5
East,2,2x4,8,2024-10-04,425.0,405.0
East,2,2x4,8,2024-10-11,455.0,420.0
East,2,2x4,8,2024-10-18,470.0,438.75
East,2,2x4,8,2024-10-25,485.0,458.75
East,2,2x4,8,2024-11-01,485.0,473.75
East,2,2x4,8,2024-11-08,470.0,477.5
East,2,2x4,8,2024-11-15,455.0,473.75
East,2,2x4,8,2024-11-22,435.0,461.25
East,2,2x4,8,2024-11-27,420.0,445.0
East,2,2x4,8,2024-12-06,405.0,428.75
East,2,2x4,8,2024-12-13,400.0,415.0
East,2,2x4,8,2024-12-20,410.0,408.75
East,2,2x4,8,2025-01-03,440.0,413.75
East,2,2x4,8,2025-01-10,455.0,426.25
East,2,2x4,8,2025-01-17,465.0,442.5
East,2,2x4,8,2025-01-24,465.0,456.25
East,2,2x4,8,2025-01-31,455.0,460.0
East,2,2x4,8,2025-02-07,465.0,462.5
East,2,2x4,8,2025-02-14,475.0,465.0
East,2,2x4,8,2025-02-21,485.0,470.0
East,2,2x4,8,2025-02-28,485.0,477.5
East,2,2x4,8,2025-03-07,495.0,485.0
East,2,2x4,8,2025-03-14,505.0,492.5
East,2,2x4,8,2025-03-21,505.0,497.5
East,2,2x4,8,2025-03-28,520.0,506.25
East,2,2x4,8,2025-04-04,535.0,516.25
East,2,2x4,8,2025-04-11,550.0,527.5
East,2,2x4,8,2025-04-18,565.0,542.5
East,2,2x4,8,2025-04-25,580.0,557.5
East,2,2x4,8,2025-05-02,590.0,571.25
East,2,2x4,8,2025-05-09,590.0,581.25
East,2,2x4,8,2025-05-16,565.0,581.25
East,2,2x4,8,2025-05-23,530.0,568.75
East,2,2x4,8,2025-05-30,500.0,546.25
East,2,2x4,8,2025-06-06,465.0,515.0
East,2,2x4,8,2025-06-13,440.0,483.75
East,2,2x4,8,2025-06-19,425.0,457.5
East,2,2x4,8,2025-06-27,410.0,435.0
East,2,2x4,8,2025-07-03,400.0,418.75
East,2,2x4,8,2025-07-11,390.0,406.25
East,2,2x4,8,2025-07-18,385.0,396.25
East,2,2x4,8,2025-07-25,390.0,391.25
East,2,2x4,8,2025-08-01,385.0,387.5
East,2,2x4,8,2025-08-08,380.0,385.0
East,2,2x4,8,2025-08-15,370.0,381.25
East,2,2x4,8,2025-08-22,355.0,372.5
East,2,2x4,8,2025-08-29,340.0,361.25
East,2,2x4,8,2025-09-05,325.0,347.5
East,2,2x4,8,2025-09-12,315.0,333.75
East,2,2x4,8,2025-09-19,315.0,323.75
East,2,2x4,8,2025-09-26,315.0,317.5
East,2,2x4,8,2025-10-03,325.0,317.5
East,2,2x4,8,2025-10-10,335.0,322.5
East,2,2x4,8,2025-10-17,340.0,328.75
East,2,2x4,10,2024-01-12,440.0,440.0
East,2,2x4,10,2024-01-18,425.0,432.5
East,2,2x4,10,2024-01-25,400.0,421.6666666666667
East,2,2x4,10,2024-02-08,380.0,411.25
East,2,2x4,10,2024-02-15,380.0,396.25
East,2,2x4,10,2024-02-22,390.0,387.5
East,2,2x4,10,2024-02-29,395.0,386.25
East,2,2x4,10,2024-03-07,395.0,390.0
East,2,2x4,10,2024-03-14,385.0,391.25
East,2,2x4,10,2024-03-21,375.0,387.5
East,2,2x4,10,2024-03-28,370.0,381.25
East,2,2x4,10,2024-04-04,355.0,371.25
East,2,2x4,10,2024-04-11,335.0,358.75
East,2,2x4,10,2024-04-18,310.0,342.5
East,2,2x4,10,2024-04-25,300.0,325.0
East,2,2x4,10,2024-05-02,305.0,312.5
East,2,2x4,10,2024-05-09,315.0,307.5
East,2,2x4,10,2024-05-16,330.0,312.5
East,2,2x4,10,2024-05-30,335.0,321.25
East,2,2x4,10,2024-06-06,320.0,325.0
East,2,2x4,10,2024-06-13,300.0,321.25
East,2,2x4,10,2024-06-20,295.0,312.5
East,2,2x4,10,2024-06-27,285.0,300.0
East,2,2x4,10,2024-07-04,275.0,288.75
East,2,2x4,10,2024-07-11,275.0,282.5
East,2,2x4,10,2024-07-18,290.0,281.25
East,2,2x4,10,2024-07-25,305.0,286.25
East,2,2x4,10,2024-08-01,315.0,296.25
East,2,2x4,10,2024-08-08,325.0,308.75
East,2,2x4,10,2024-08-15,330.0,318.75
East,2,2x4,10,2024-08-22,330.0,325.0
East,2,2x4,10,2024-08-29,325.0,327.5
East,2,2x4,10,2024-09-05,325.0,327.5
East,2,2x4,10,2024-09-12,330.0,327.5
East,2,2x4,10,2024-09-20,335.0,328.75
East,2,2x4,10,2024-09-27,350.0,335.0
East,2,2x4,10,2024-10-04,370.0,346.25
East,2,2x4,10,2024-10-11,400.0,363.75
East,2,2x4,10,2024-10-18,420.0,385.0
East,2,2x4,10,2024-10-25,425.0,403.75
East,2,2x4,10,2024-11-01,425.0,417.5
East,2,2x4,10,2024-11-08,405.0,418.75
East,2,2x4,10,2024-11-15,390.0,411.25
East,2,2x4,10,2024-11-22,370.0,397.5
East,2,2x4,10,2024-11-27,360.0,381.25
East,2,2x4,10,2024-12-06,350.0,367.5
East,2,2x4,10,2024-12-13,355.0,358.75
East,2,2x4,10,2024-12-20,365.0,357.5
East,2,2x4,10,2025-01-03,395.0,366.25
East,2,2x4,10,2025-01-10,415.0,382.5
East,2,2x4,10,2025-01-17,425.0,400.0
East,2,2x4,10,2025-01-24,425.0,415.0
East,2,2x4,10,2025-01-31,415.0,420.0
East,2,2x4,10,2025-02-07,430.0,423.75
East,2,2x4,10,2025-02-14,440.0,427.5
East,2,2x4,10,2025-02-21,450.0,433.75
East,2,2x4,10,2025-02-28,450.0,442.5
East,2,2x4,10,2025-03-07,460.0,450.0
East,2,2x4,10,2025-03-14,460.0,455.0
East,2,2x4,10,2025-03-21,460.0,457.5
East,2,2x4,10,2025-03-28,475.0,463.75
East,2,2x4,10,2025-04-04,490.0,471.25
East,2,2x4,10,2025-04-11,500.0,481.25
East,2,2x4,10,2025-04-18,515.0,495.0
East,2,2x4,10,2025-04-25,525.0,507.5
East,2,2x4,10,2025-05-02,525.0,516.25
East,2,2x4,10,2025-05-09,515.0,520.0
East,2,2x4,10,2025-05-16,480.0,511.25
East,2,2x4,10,2025-05-23,450.0,492.5
East,2,2x4,10,2025-05-30,425.0,467.5
East,2,2x4,10,2025-06-06,400.0,438.75
East,2,2x4,10,2025-06-13,385.0,415.0
East,2,2x4,10,2025-06-19,370.0,395.0
East,2,2x4,10,2025-06-27,355.0,377.5
East,2,2x4,10,2025-07-03,345.0,363.75
East,2,2x4,10,2025-07-11,340.0,352.5
East,2,2x4,10,2025-07-18,340.0,345.0
East,2,2x4,10,2025-07-25,310.0,333.75
East,2,2x4,10,2025-08-01,350.0,335.0
East,2,2x4,10,2025-08-08,350.0,337.5
East,2,2x4,10,2025-08-15,345.0,338.75
East,2,2x4,10,2025-08-22,335.0,345.0
East,2,2x4,10,2025-08-29,325.0,338.75
East,2,2x4,10,2025-09-05,315.0,330.0
East,2,2x4,10,2025-09-12,310.0,321.25
East,2,2x4,10,2025-09-19,315.0,316.25
East,2,2x4,10,2025-09-26,325.0,316.25
East,2,2x4,10,2025-10-03,330.0,320.0
East,2,2x4,10,2025-10-10,340.0,327.5
East,2,2x4,10,2025-10-17,340.0,333.75
East,2,2x4,12,2024-01-12,445.0,445.0
East,2,2x4,12,2024-01-18,430.0,437.5
East,2,2x4,12,2024-01-25,410.0,428.3333333333333
East,2,2x4,12,2024-02-08,390.0,418.75
East,2,2x4,12,2024-02-15,390.0,405.0
East,2,2x4,12,2024-02-22,395.0,396.25
East,2,2x4,12,2024-02-29,400.0,393.75
East,2,2x4,12,2024-03-07,395.0,395.0
East,2,2x4,12,2024-03-14,385.0,393.75
East,2,2x4,12,2024-03-21,375.0,388.75
East,2,2x4,12,2024-03-28,365.0,380.0
East,2,2x4,12,2024-04-04,350.0,368.75
East,2,2x4,12,2024-04-11,330.0,355.0
East,2,2x4,12,2024-04-18,310.0,338.75
East,2,2x4,12,2024-04-25,300.0,322.5
East,2,2x4,12,2024-05-02,300.0,310.0
East,2,2x4,12,2024-05-09,315.0,306.25
East,2,2x4,12,2024-05-16,330.0,311.25
East,2,2x4,12,2024-05-30,340.0,321.25
East,2,2x4,12,2024-06-06,335.0,330.0
East,2,2x4,12,2024-06-13,315.0,330.0
East,2,2x4,12,2024-06-20,310.0,325.0
East,2,2x4,12,2024-06-27,300.0,315.0
East,2,2x4,12,2024-07-04,295.0,305.0
East,2,2x4,12,2024-07-11,295.0,300.0
East,2,2x4,12,2024-07-18,300.0,297.5
East,2,2x4,12,2024-07-25,315.0,301.25
East,2,2x4,12,2024-08-01,325.0,308.75
East,2,2x4,12,2024-08-08,335.0,318.75
East,2,2x4,12,2024-08-15,340.0,328.75
East,2,2x4,12,2024-08-22,340.0,335.0
East,2,2x4,12,2024-08-29,335.0,337.5
East,2,2x4,12,2024-09-05,335.0,337.5
East,2,2x4,12,2024-09-12,335.0,336.25
East,2,2x4,12,2024-09-20,340.0,336.25
East,2,2x4,12,2024-09-27,350.0,340.0
East,2,2x4,12,2024-10-04,370.0,348.75
East,2,2x4,12,2024-10-11,400.0,365.0
East,2,2x4,12,2024-10-18,420.0,385.0
East,2,2x4,12,2024-10-25,430.0,405.0
East,2,2x4,12,2024-11-01,425.0,418.75
East,2,2x4,12,2024-11-08,410.0,421.25
East,2,2x4,12,2024-11-15,390.0,413.75
East,2,2x4,12,2024-11-22,370.0,398.75
East,2,2x4,12,2024-11-27,360.0,382.5
East,2,2x4,12,2024-12-06,345.0,366.25
East,2,2x4,12,2024-12-13,345.0,355.0
East,2,2x4,12,2024-12-20,365.0,353.75
East,2,2x4,12,2025-01-03,400.0,363.75
East,2,2x4,12,2025-01-10,415.0,381.25
East,2,2x4,12,2025-01-17,425.0,401.25
East,2,2x4,12,2025-01-24,415.0,413.75
East,2,2x4,12,2025-01-31,405.0,415.0
East,2,2x4,12,2025-02-07,415.0,415.0
East,2,2x4,12,2025-02-14,425.0,415.0
East,2,2x4,12,2025-02-21,435.0,420.0
East,2,2x4,12,2025-02-28,435.0,427.5
East,2,2x4,12,2025-03-07,440.0,433.75
East,2,2x4,12,2025-03-14,445.0,438.75
East,2,2x4,12,2025-03-21,445.0,441.25
East,2,2x4,12,2025-03-28,455.0,446.25
East,2,2x4,12,2025-04-04,465.0,452.5
East,2,2x4,12,2025-04-11,480.0,461.25
East,2,2x4,12,2025-04-18,500.0,475.0
East,2,2x4,12,2025-04-25,510.0,488.75
East,2,2x4,12,2025-05-02,510.0,500.0
East,2,2x4,12,2025-05-09,500.0,505.0
East,2,2x4,12,2025-05-16,470.0,497.5
East,2,2x4,12,2025-05-23,440.0,480.0
East,2,2x4,12,2025-05-30,420.0,457.5
East,2,2x4,12,2025-06-06,395.0,431.25
East,2,2x4,12,2025-06-13,380.0,408.75
East,2,2x4,12,2025-06-19,370.0,391.25
East,2,2x4,12,2025-06-27,360.0,376.25
East,2,2x4,12,2025-07-03,350.0,365.0
East,2,2x4,12,2025-07-11,345.0,356.25
East,2,2x4,12,2025-07-18,345.0,350.0
East,2,2x4,12,2025-07-25,315.0,338.75
East,2,2x4,12,2025-08-01,360.0,341.25
East,2,2x4,12,2025-08-08,360.0,345.0
East,2,2x4,12,2025-08-15,360.0,348.75
East,2,2x4,12,2025-08-22,345.0,356.25
East,2,2x4,12,2025-08-29,330.0,348.75
East,2,2x4,12,2025-09-05,315.0,337.5
East,2,2x4,12,2025-09-12,310.0,325.0
East,2,2x4,12,2025-09-19,310.0,316.25
East,2,2x4,12,2025-09-26,315.0,312.5
East,2,2x4,12,2025-10-03,325.0,315.0
East,2,2x4,12,2025-10-10,330.0,320.0
East,2,2x4,12,2025-10-17,330.0,325.0
East,2,2x4,14,2024-01-12,490.0,490.0
East,2,2x4,14,2024-01-18,470.0,480.0
East,2,2x4,14,2024-01-25,435.0,465.0
East,2,2x4,14,2024-02-08,415.0,452.5
East,2,2x4,14,2024-02-15,420.0,435.0
East,2,2x4,14,2024-02-22,425.0,423.75
East,2,2x4,14,2024-02-29,435.0,423.75
East,2,2x4,14,2024-03-07,435.0,428.75
East,2,2x4,14,2024-03-14,435.0,432.5
East,2,2x4,14,2024-03-21,425.0,432.5
East,2,2x4,14,2024-03-28,415.0,427.5
East,2,2x4,14,2024-04-04,400.0,418.75
East,2,2x4,14,2024-04-11,375.0,403.75
East,2,2x4,14,2024-04-18,350.0,385.0
East,2,2x4,14,2024-04-25,340.0,366.25
East,2,2x4,14,2024-05-02,340.0,351.25
East,2,2x4,14,2024-05-09,355.0,346.25
East,2,2x4,14,2024-05-16,370.0,351.25
East,2,2x4,14,2024-05-30,390.0,363.75
East,2,2x4,14,2024-06-06,400.0,378.75
East,2,2x4,14,2024-06-13,395.0,388.75
East,2,2x4,14,2024-06-20,390.0,393.75
East,2,2x4,14,2024-06-27,385.0,392.5
East,2,2x4,14,2024-07-04,380.0,387.5
East,2,2x4,14,2024-07-11,380.0,383.75
East,2,2x4,14,2024-07-18,390.0,383.75
East,2,2x4,14,2024-07-25,405.0,388.75
East,2,2x4,14,2024-08-01,420.0,398.75
East,2,2x4,14,2024-08-08,430.0,411.25
East,2,2x4,14,2024-08-15,435.0,422.5
East,2,2x4,14,2024-08-22,440.0,431.25
East,2,2x4,14,2024-08-29,440.0,436.25
East,2,2x4,14,2024-09-05,440.0,438.75
East,2,2x4,14,2024-09-12,450.0,442.5
East,2,2x4,14,2024-09-20,455.0,446.25
East,2,2x4,14,2024-09-27,465.0,452.5
East,2,2x4,14,2024-10-04,490.0,465.0
East,2,2x4,14,2024-10-11,515.0,481.25
East,2,2x4,14,2024-10-18,530.0,500.0
East,2,2x4,14,2024-10-25,540.0,518.75
East,2,2x4,14,2024-11-01,525.0,527.5
East,2,2x4,14,2024-11-08,500.0,523.75
East,2,2x4,14,2024-11-15,470.0,508.75
East,2,2x4,14,2024-11-22,440.0,483.75
East,2,2x4,14,2024-11-27,410.0,455.0
East,2,2x4,14,2024-12-06,395.0,428.75
East,2,2x4,14,2024-12-13,395.0,410.0
East,2,2x4,14,2024-12-20,410.0,402.5
East,2,2x4,14,2025-01-03,445.0,411.25
East,2,2x4,14,2025-01-10,465.0,428.75
East,2,2x4,14,2025-01-17,480.0,450.0
East,2,2x4,14,2025-01-24,470.0,465.0
East,2,2x4,14,2025-01-31,460.0,468.75
East,2,2x4,14,2025-02-07,475.0,471.25
East,2,2x4,14,2025-02-14,490.0,473.75
East,2,2x4,14,2025-02-21,500.0,481.25
East,2,2x4,14,2025-02-28,500.0,491.25
East,2,2x4,14,2025-03-07,505.0,498.75
East,2,2x4,14,2025-03-14,495.0,500.0
East,2,2x4,14,2025-03-21,495.0,498.75
East,2,2x4,14,2025-03-28,500.0,498.75
East,2,2x4,14,2025-04-04,505.0,498.75
East,2,2x4,14,2025-04-11,520.0,505.0
East,2,2x4,14,2025-04-18,535.0,515.0
East,2,2x4,14,2025-04-25,545.0,526.25
East,2,2x4,14,2025-05-02,545.0,536.25
East,2,2x4,14,2025-05-09,535.0,540.0
East,2,2x4,14,2025-05-16,520.0,536.25
East,2,2x4,14,2025-05-23,495.0,523.75
East,2,2x4,14,2025-05-30,475.0,506.25
East,2,2x4,14,2025-06-06,450.0,485.0
East,2,2x4,14,2025-06-13,430.0,462.5
East,2,2x4,14,2025-06-19,420.0,443.75
East,2,2x4,14,2025-06-27,405.0,426.25
East,2,2x4,14,2025-07-03,395.0,412.5
East,2,2x4,14,2025-07-11,390.0,402.5
East,2,2x4,14,2025-07-18,390.0,395.0
East,2,2x4,14,2025-07-25,340.0,378.75
East,2,2x4,14,2025-08-01,410.0,382.5
East,2,2x4,14,2025-08-08,415.0,388.75
East,2,2x4,14,2025-08-15,415.0,395.0
East,2,2x4,14,2025-08-22,405.0,411.25
East,2,2x4,14,2025-08-29,390.0,406.25
East,2,2x4,14,2025-09-05,375.0,396.25
East,2,2x4,14,2025-09-12,365.0,383.75
East,2,2x4,14,2025-09-19,360.0,372.5
East,2,2x4,14,2025-09-26,365.0,366.25
East,2,2x4,14,2025-10-03,370.0,365.0
East,2,2x4,14,2025-10-10,370.0,366.25
East,2,2x4,14,2025-10-17,370.0,368.75
East,2,2x4,16,2024-01-12,495.0,495.0
East,2,2x4,16,2024-01-18,480.0,487.5
East,2,2x4,16,2024-01-25,450.0,475.0
East,2,2x4,16,2024-02-08,430.0,463.75
East,2,2x4,16,2024-02-15,435.0,448.75
East,2,2x4,16,2024-02-22,445.0,440.0
East,2,2x4,16,2024-02-29,445.0,438.75
East,2,2x4,16,2024-03-07,435.0,440.0
East,2,2x4,16,2024-03-14,430.0,438.75
East,2,2x4,16,2024-03-21,420.0,432.5
East,2,2x4,16,2024-03-28,410.0,423.75
East,2,2x4,16,2024-04-04,395.0,413.75
East,2,2x4,16,2024-04-11,375.0,400.0
East,2,2x4,16,2024-04-18,355.0,383.75
East,2,2x4,16,2024-04-25,350.0,368.75
East,2,2x4,16,2024-05-02,350.0,357.5
East,2,2x4,16,2024-05-09,365.0,355.0
East,2,2x4,16,2024-05-16,385.0,362.5
East,2,2x4,16,2024-05-30,415.0,378.75
East,2,2x4,16,2024-06-06,420.0,396.25
East,2,2x4,16,2024-06-13,415.0,408.75
East,2,2x4,16,2024-06-20,410.0,415.0
East,2,2x4,16,2024-06-27,400.0,411.25
East,2,2x4,16,2024-07-04,395.0,405.0
East,2,2x4,16,2024-07-11,395.0,400.0
East,2,2x4,16,2024-07-18,405.0,398.75
East,2,2x4,16,2024-07-25,425.0,405.0
East,2,2x4,16,2024-08-01,445.0,417.5
East,2,2x4,16,2024-08-08,460.0,433.75
East,2,2x4,16,2024-08-15,470.0,450.0
East,2,2x4,16,2024-08-22,470.0,461.25
East,2,2x4,16,2024-08-29,470.0,467.5
East,2,2x4,16,2024-09-05,470.0,470.0
East,2,2x4,16,2024-09-12,470.0,470.0
East,2,2x4,16,2024-09-20,470.0,470.0
East,2,2x4,16,2024-09-27,480.0,472.5
East,2,2x4,16,2024-10-04,495.0,478.75
East,2,2x4,16,2024-10-11,520.0,491.25
East,2,2x4,16,2024-10-18,535.0,507.5
East,2,2x4,16,2024-10-25,535.0,521.25
East,2,2x4,16,2024-11-01,525.0,528.75
East,2,2x4,16,2024-11-08,500.0,523.75
East,2,2x4,16,2024-11-15,470.0,507.5
East,2,2x4,16,2024-11-22,440.0,483.75
East,2,2x4,16,2024-11-27,410.0,455.0
East,2,2x4,16,2024-12-06,390.0,427.5
East,2,2x4,16,2024-12-13,380.0,405.0
East,2,2x4,16,2024-12-20,395.0,393.75
East,2,2x4,16,2025-01-03,425.0,397.5
East,2,2x4,16,2025-01-10,440.0,410.0
East,2,2x4,16,2025-01-17,445.0,426.25
East,2,2x4,16,2025-01-24,440.0,437.5
East,2,2x4,16,2025-01-31,430.0,438.75
East,2,2x4,16,2025-02-07,440.0,438.75
East,2,2x4,16,2025-02-14,450.0,440.0
East,2,2x4,16,2025-02-21,460.0,445.0
East,2,2x4,16,2025-02-28,460.0,452.5
East,2,2x4,16,2025-03-07,470.0,460.0
East,2,2x4,16,2025-03-14,480.0,467.5
East,2,2x4,16,2025-03-21,490.0,475.0
East,2,2x4,16,2025-03-28,500.0,485.0
East,2,2x4,16,2025-04-04,520.0,497.5
East,2,2x4,16,2025-04-11,540.0,512.5
East,2,2x4,16,2025-04-18,560.0,530.0
East,2,2x4,16,2025-04-25,575.0,548.75
East,2,2x4,16,2025-05-02,585.0,565.0
East,2,2x4,16,2025-05-09,590.0,577.5
East,2,2x4,16,2025-05-16,575.0,581.25
East,2,2x4,16,2025-05-23,545.0,573.75
East,2,2x4,16,2025-05-30,525.0,558.75
East,2,2x4,16,2025-06-06,495.0,535.0
East,2,2x4,16,2025-06-13,460.0,506.25
East,2,2x4,16,2025-06-19,445.0,481.25
East,2,2x4,16,2025-06-27,430.0,457.5
East,2,2x4,16,2025-07-03,415.0,437.5
East,2,2x4,16,2025-07-11,415.0,426.25
East,2,2x4,16,2025-07-18,410.0,417.5
East,2,2x4,16,2025-07-25,440.0,420.0
East,2,2x4,16,2025-08-01,420.0,421.25
East,2,2x4,16,2025-08-08,420.0,422.5
East,2,2x4,16,2025-08-15,415.0,423.75
East,2,2x4,16,2025-08-22,405.0,415.0
East,2,2x4,16,2025-08-29,390.0,407.5
East,2,2x4,16,2025-09-05,375.0,396.25
East,2,2x4,16,2025-09-12,365.0,383.75
East,2,2x4,16,2025-09-19,365.0,373.75
East,2,2x4,16,2025-09-26,370.0,368.75
East,2,2x4,16,2025-10-03,370.0,367.5
East,2,2x4,16,2025-10-10,370.0,368.75
East,2,2x4,16,2025-10-17,370.0,370.0
East,2,2x4,18,2024-01-12,390.0,390.0
East,2,2x4,18,2024-01-18,380.0,385.0
East,2,2x4,18,2024-01-25,360.0,376.6666666666667
East,2,2x4,18,2024-02-08,350.0,370.0
East,2,2x4,18,2024-02-15,355.0,361.25
East,2,2x4,18,2024-02-22,370.0,358.75
East,2,2x4,18,2024-02-29,375.0,362.5
East,2,2x4,18,2024-03-07,375.0,368.75
East,2,2x4,18,2024-03-14,385.0,376.25
East,2,2x4,18,2024-03-21,385.0,380.0
East,2,2x4,18,2024-03-28,380.0,381.25
East,2,2x4,18,2024-04-04,370.0,380.0
East,2,2x4,18,2024-04-11,355.0,372.5
East,2,2x4,18,2024-04-18,340.0,361.25
East,2,2x4,18,2024-04-25,325.0,347.5
East,2,2x4,18,2024-05-02,325.0,336.25
East,2,2x4,18,2024-05-09,325.0,328.75
East,2,2x4,18,2024-05-16,335.0,327.5
East,2,2x4,18,2024-05-30,340.0,331.25
East,2,2x4,18,2024-06-06,340.0,335.0
East,2,2x4,18,2024-06-13,330.0,336.25
East,2,2x4,18,2024-06-20,325.0,333.75
East,2,2x4,18,2024-06-27,315.0,327.5
East,2,2x4,18,2024-07-04,310.0,320.0
East,2,2x4,18,2024-07-11,310.0,315.0
East,2,2x4,18,2024-07-18,315.0,312.5
East,2,2x4,18,2024-07-25,330.0,316.25
East,2,2x4,18,2024-08-01,340.0,323.75
East,2,2x4,18,2024-08-08,345.0,332.5
East,2,2x4,18,2024-08-15,345.0,340.0
East,2,2x4,18,2024-08-22,340.0,342.5
East,2,2x4,18,2024-08-29,340.0,342.5
East,2,2x4,18,2024-09-05,335.0,340.0
East,2,2x4,18,2024-09-12,335.0,337.5
East,2,2x4,18,2024-09-20,345.0,338.75
East,2,2x4,18,2024-09-27,355.0,342.5
East,2,2x4,18,2024-10-04,370.0,351.25
East,2,2x4,18,2024-10-11,395.0,366.25
East,2,2x4,18,2024-10-18,410.0,382.5
East,2,2x4,18,2024-10-25,420.0,398.75
East,2,2x4,18,2024-11-01,420.0,411.25
East,2,2x4,18,2024-11-08,420.0,417.5
East,2,2x4,18,2024-11-15,405.0,416.25
East,2,2x4,18,2024-11-22,385.0,407.5
East,2,2x4,18,2024-11-27,370.0,395.0
East,2,2x4,18,2024-12-06,360.0,380.0
East,2,2x4,18,2024-12-13,355.0,367.5
East,2,2x4,18,2024-12-20,370.0,363.75
East,2,2x4,18,2025-01-03,405.0,372.5
East,2,2x4,18,2025-01-10,420.0,387.5
East,2,2x4,18,2025-01-17,425.0,405.0
East,2,2x4,18,2025-01-24,425.0,418.75
East,2,2x4,18,2025-01-31,415.0,421.25
East,2,2x4,18,2025-02-07,415.0,420.0
East,2,2x4,18,2025-02-14,420.0,418.75
East,2,2x4,18,2025-02-21,425.0,418.75
East,2,2x4,18,2025-02-28,425.0,421.25
East,2,2x4,18,2025-03-07,425.0,423.75
East,2,2x4,18,2025-03-14,430.0,426.25
East,2,2x4,18,2025-03-21,435.0,428.75
East,2,2x4,18,2025-03-28,445.0,433.75
East,2,2x4,18,2025-04-04,455.0,441.25
East,2,2x4,18,2025-04-11,465.0,450.0
East,2,2x4,18,2025-04-18,475.0,460.0
East,2,2x4,18,2025-04-25,485.0,470.0
East,2,2x4,18,2025-05-02,490.0,478.75
East,2,2x4,18,2025-05-09,490.0,485.0
East,2,2x4,18,2025-05-16,485.0,487.5
East,2,2x4,18,2025-05-23,475.0,485.0
East,2,2x4,18,2025-05-30,455.0,476.25
East,2,2x4,18,2025-06-06,435.0,462.5
East,2,2x4,18,2025-06-13,425.0,447.5
East,2,2x4,18,2025-06-19,415.0,432.5
East,2,2x4,18,2025-06-27,405.0,420.0
East,2,2x4,18,2025-07-03,395.0,410.0
East,2,2x4,18,2025-07-11,390.0,401.25
East,2,2x4,18,2025-07-18,390.0,395.0
East,2,2x4,18,2025-07-25,330.0,376.25
East,2,2x4,18,2025-08-01,395.0,376.25
East,2,2x4,18,2025-08-08,395.0,377.5
East,2,2x4,18,2025-08-15,390.0,377.5
East,2,2x4,18,2025-08-22,375.0,388.75
East,2,2x4,18,2025-08-29,360.0,380.0
East,2,2x4,18,2025-09-05,350.0,368.75
East,2,2x4,18,2025-09-12,350.0,358.75
East,2,2x4,18,2025-09-19,350.0,352.5
East,2,2x4,18,2025-09-26,355.0,351.25
East,2,2x4,18,2025-10-03,365.0,355.0
East,2,2x4,18,2025-10-10,375.0,361.25
East,2,2x4,18,2025-10-17,380.0,368.75
East,2,2x4,20,2024-01-12,425.0,425.0
East,2,2x4,20,2024-01-18,410.0,417.5
East,2,2x4,20,2024-01-25,390.0,408.3333333333333
East,2,2x4,20,2024-02-08,365.0,397.5
East,2,2x4,20,2024-02-15,370.0,383.75
East,2,2x4,20,2024-02-22,375.0,375.0
East,2,2x4,20,2024-02-29,380.0,372.5
East,2,2x4,20,2024-03-07,380.0,376.25
East,2,2x4,20,2024-03-14,380.0,378.75
East,2,2x4,20,2024-03-21,380.0,380.0
East,2,2x4,20,2024-03-28,375.0,378.75
East,2,2x4,20,2024-04-04,365.0,375.0
East,2,2x4,20,2024-04-11,350.0,367.5
East,2,2x4,20,2024-04-18,335.0,356.25
East,2,2x4,20,2024-04-25,320.0,342.5
East,2,2x4,20,2024-05-02,320.0,331.25
East,2,2x4,20,2024-05-09,310.0,321.25
East,2,2x4,20,2024-05-16,320.0,317.5
East,2,2x4,20,2024-05-30,320.0,317.5
East,2,2x4,20,2024-06-06,320.0,317.5
East,2,2x4,20,2024-06-13,305.0,316.25
East,2,2x4,20,2024-06-20,300.0,311.25
East,2,2x4,20,2024-06-27,290.0,303.75
East,2,2x4,20,2024-07-04,290.0,296.25
East,2,2x4,20,2024-07-11,290.0,292.5
East,2,2x4,20,2024-07-18,295.0,291.25
East,2,2x4,20,2024-07-25,310.0,296.25
East,2,2x4,20,2024-08-01,320.0,303.75
East,2,2x4,20,2024-08-08,325.0,312.5
East,2,2x4,20,2024-08-15,325.0,320.0
East,2,2x4,20,2024-08-22,325.0,323.75
East,2,2x4,20,2024-08-29,325.0,325.0
East,2,2x4,20,2024-09-05,320.0,323.75
East,2,2x4,20,2024-09-12,320.0,322.5
East,2,2x4,20,2024-09-20,325.0,322.5
East,2,2x4,20,2024-09-27,335.0,325.0
East,2,2x4,20,2024-10-04,360.0,335.0
East,2,2x4,20,2024-10-11,390.0,352.5
East,2,2x4,20,2024-10-18,405.0,372.5
East,2,2x4,20,2024-10-25,415.0,392.5
East,2,2x4,20,2024-11-01,415.0,406.25
East,2,2x4,20,2024-11-08,415.0,412.5
East,2,2x4,20,2024-11-15,405.0,412.5
East,2,2x4,20,2024-11-22,390.0,406.25
East,2,2x4,20,2024-11-27,375.0,396.25
East,2,2x4,20,2024-12-06,365.0,383.75
East,2,2x4,20,2024-12-13,360.0,372.5
East,2,2x4,20,2024-12-20,360.0,365.0
East,2,2x4,20,2025-01-03,390.0,368.75
East,2,2x4,20,2025-01-10,400.0,377.5
East,2,2x4,20,2025-01-17,400.0,387.5
East,2,2x4,20,2025-01-24,390.0,395.0
East,2,2x4,20,2025-01-31,380.0,392.5
East,2,2x4,20,2025-02-07,380.0,387.5
East,2,2x4,20,2025-02-14,385.0,383.75
East,2,2x4,20,2025-02-21,395.0,385.0
East,2,2x4,20,2025-02-28,395.0,388.75
East,2,2x4,20,2025-03-07,395.0,392.5
East,2,2x4,20,2025-03-14,405.0,397.5
East,2,2x4,20,2025-03-21,410.0,401.25
East,2,2x4,20,2025-03-28,425.0,408.75
East,2,2x4,20,2025-04-04,435.0,418.75
East,2,2x4,20,2025-04-11,445.0,428.75
East,2,2x4,20,2025-04-18,455.0,440.0
East,2,2x4,20,2025-04-25,465.0,450.0
East,2,2x4,20,2025-05-02,470.0,458.75
East,2,2x4,20,2025-05-09,475.0,466.25
East,2,2x4,20,2025-05-16,465.0,468.75
East,2,2x4,20,2025-05-23,460.0,467.5
East,2,2x4,20,2025-05-30,445.0,461.25
East,2,2x4,20,2025-06-06,435.0,451.25
East,2,2x4,20,2025-06-13,425.0,441.25
East,2,2x4,20,2025-06-19,415.0,430.0
East,2,2x4,20,2025-06-27,410.0,421.25
East,2,2x4,20,2025-07-03,400.0,412.5
East,2,2x4,20,2025-07-11,400.0,406.25
East,2,2x4,20,2025-07-18,400.0,402.5
East,2,2x4,20,2025-07-25,335.0,383.75
East,2,2x4,20,2025-08-01,400.0,383.75
East,2,2x4,20,2025-08-08,400.0,383.75
East,2,2x4,20,2025-08-15,395.0,382.5
East,2,2x4,20,2025-08-22,380.0,393.75
East,2,2x4,20,2025-08-29,370.0,386.25
East,2,2x4,20,2025-09-05,360.0,376.25
East,2,2x4,20,2025-09-12,360.0,367.5
East,2,2x4,20,2025-09-19,360.0,362.5
East,2,2x4,20,2025-09-26,365.0,361.25
East,2,2x4,20,2025-10-03,380.0,366.25
East,2,2x4,20,2025-10-10,385.0,372.5
East,2,2x4,20,2025-10-17,395.0,381.25
East,2,2x6,8,2024-01-12,270.0,270.0
East,2,2x6,8,2024-01-18,260.0,265.0
East,2,2x6,8,2024-01-25,240.0,256.6666666666667
East,2,2x6,8,2024-02-08,255.0,256.25
East,2,2x6,8,2024-02-15,270.0,256.25
East,2,2x6,8,2024-02-22,285.0,262.5
East,2,2x6,8,2024-02-29,295.0,276.25
East,2,2x6,8,2024-03-07,295.0,286.25
East,2,2x6,8,2024-03-14,300.0,293.75
East,2,2x6,8,2024-03-21,300.0,297.5
East,2,2x6,8,2024-03-28,295.0,297.5
East,2,2x6,8,2024-04-04,285.0,295.0
East,2,2x6,8,2024-04-11,270.0,287.5
East,2,2x6,8,2024-04-18,250.0,275.0
East,2,2x6,8,2024-04-25,250.0,263.75
East,2,2x6,8,2024-05-02,250.0,255.0
East,2,2x6,8,2024-05-09,260.0,252.5
East,2,2x6,8,2024-05-16,270.0,257.5
East,2,2x6,8,2024-05-30,290.0,267.5
East,2,2x6,8,2024-06-06,290.0,277.5
East,2,2x6,8,2024-06-13,270.0,280.0
East,2,2x6,8,2024-06-20,255.0,276.25
East,2,2x6,8,2024-06-27,245.0,265.0
East,2,2x6,8,2024-07-04,240.0,252.5
East,2,2x6,8,2024-07-11,240.0,245.0
East,2,2x6,8,2024-07-18,250.0,243.75
East,2,2x6,8,2024-07-25,255.0,246.25
East,2,2x6,8,2024-08-01,265.0,252.5
East,2,2x6,8,2024-08-08,265.0,258.75
East,2,2x6,8,2024-08-15,265.0,262.5
East,2,2x6,8,2024-08-22,260.0,263.75
East,2,2x6,8,2024-08-29,250.0,260.0
East,2,2x6,8,2024-09-05,250.0,256.25
East,2,2x6,8,2024-09-12,250.0,252.5
East,2,2x6,8,2024-09-20,260.0,252.5
East,2,2x6,8,2024-09-27,275.0,258.75
East,2,2x6,8,2024-10-04,295.0,270.0
East,2,2x6,8,2024-10-11,325.0,288.75
East,2,2x6,8,2024-10-18,350.0,311.25
East,2,2x6,8,2024-10-25,370.0,335.0
East,2,2x6,8,2024-11-01,375.0,355.0
East,2,2x6,8,2024-11-08,370.0,366.25
East,2,2x6,8,2024-11-15,360.0,368.75
East,2,2x6,8,2024-11-22,340.0,361.25
East,2,2x6,8,2024-11-27,335.0,351.25
East,2,2x6,8,2024-12-06,330.0,341.25
East,2,2x6,8,2024-12-13,330.0,333.75
East,2,2x6,8,2024-12-20,340.0,333.75
East,2,2x6,8,2025-01-03,370.0,342.5
East,2,2x6,8,2025-01-10,385.0,356.25
East,2,2x6,8,2025-01-17,390.0,371.25
East,2,2x6,8,2025-01-24,375.0,380.0
East,2,2x6,8,2025-01-31,365.0,378.75
East,2,2x6,8,2025-02-07,375.0,376.25
East,2,2x6,8,2025-02-14,375.0,372.5
East,2,2x6,8,2025-02-21,375.0,372.5
East,2,2x6,8,2025-02-28,370.0,373.75
East,2,2x6,8,2025-03-07,370.0,372.5
East,2,2x6,8,2025-03-14,360.0,368.75
East,2,2x6,8,2025-03-21,350.0,362.5
East,2,2x6,8,2025-03-28,335.0,353.75
East,2,2x6,8,2025-04-04,325.0,342.5
East,2,2x6,8,2025-04-11,325.0,333.75
East,2,2x6,8,2025-04-18,325.0,327.5
East,2,2x6,8,2025-04-25,325.0,325.0
East,2,2x6,8,2025-05-02,325.0,325.0
East,2,2x6,8,2025-05-09,315.0,322.5
East,2,2x6,8,2025-05-16,290.0,313.75
East,2,2x6,8,2025-05-23,275.0,301.25
East,2,2x6,8,2025-05-30,265.0,286.25
East,2,2x6,8,2025-06-06,255.0,271.25
East,2,2x6,8,2025-06-13,255.0,262.5
East,2,2x6,8,2025-06-19,260.0,258.75
East,2,2x6,8,2025-06-27,270.0,260.0
East,2,2x6,8,2025-07-03,280.0,266.25
East,2,2x6,8,2025-07-11,285.0,273.75
East,2,2x6,8,2025-07-18,285.0,280.0
East,2,2x6,8,2025-07-25,290.0,285.0
East,2,2x6,8,2025-08-01,295.0,288.75
East,2,2x6,8,2025-08-08,295.0,291.25
East,2,2x6,8,2025-08-15,285.0,291.25
East,2,2x6,8,2025-08-22,280.0,288.75
East,2,2x6,8,2025-08-29,270.0,282.5
East,2,2x6,8,2025-09-05,260.0,273.75
East,2,2x6,8,2025-09-12,255.0,266.25
East,2,2x6,8,2025-09-19,255.0,260.0
East,2,2x6,8,2025-09-26,265.0,258.75
East,2,2x6,8,2025-10-03,275.0,262.5
East,2,2x6,8,2025-10-10,285.0,270.0
East,2,2x6,8,2025-10-17,290.0,278.75
East,2,2x6,10,2024-01-12,375.0,375.0
East,2,2x6,10,2024-01-18,365.0,370.0
East,2,2x6,10,2024-01-25,345.0,361.6666666666667
East,2,2x6,10,2024-02-08,345.0,357.5
East,2,2x6,10,2024-02-15,350.0,351.25
East,2,2x6,10,2024-02-22,355.0,348.75
East,2,2x6,10,2024-02-29,365.0,353.75
East,2,2x6,10,2024-03-07,365.0,358.75
East,2,2x6,10,2024-03-14,365.0,362.5
East,2,2x6,10,2024-03-21,360.0,363.75
East,2,2x6,10,2024-03-28,355.0,361.25
East,2,2x6,10,2024-04-04,340.0,355.0
East,2,2x6,10,2024-04-11,320.0,343.75
East,2,2x6,10,2024-04-18,300.0,328.75
East,2,2x6,10,2024-04-25,300.0,315.0
East,2,2x6,10,2024-05-02,300.0,305.0
East,2,2x6,10,2024-05-09,310.0,302.5
East,2,2x6,10,2024-05-16,315.0,306.25
East,2,2x6,10,2024-05-30,320.0,311.25
East,2,2x6,10,2024-06-06,310.0,313.75
East,2,2x6,10,2024-06-13,285.0,307.5
East,2,2x6,10,2024-06-20,270.0,296.25
East,2,2x6,10,2024-06-27,260.0,281.25
East,2,2x6,10,2024-07-04,255.0,267.5
East,2,2x6,10,2024-07-11,255.0,260.0
East,2,2x6,10,2024-07-18,270.0,260.0
East,2,2x6,10,2024-07-25,285.0,266.25
East,2,2x6,10,2024-08-01,295.0,276.25
East,2,2x6,10,2024-08-08,295.0,286.25
East,2,2x6,10,2024-08-15,295.0,292.5
East,2,2x6,10,2024-08-22,285.0,292.5
East,2,2x6,10,2024-08-29,280.0,288.75
East,2,2x6,10,2024-09-05,280.0,285.0
East,2,2x6,10,2024-09-12,280.0,281.25
East,2,2x6,10,2024-09-20,290.0,282.5
East,2,2x6,10,2024-09-27,305.0,288.75
East,2,2x6,10,2024-10-04,325.0,300.0
East,2,2x6,10,2024-10-11,355.0,318.75
East,2,2x6,10,2024-10-18,380.0,341.25
East,2,2x6,10,2024-10-25,400.0,365.0
East,2,2x6,10,2024-11-01,400.0,383.75
East,2,2x6,10,2024-11-08,390.0,392.5
East,2,2x6,10,2024-11-15,375.0,391.25
East,2,2x6,10,2024-11-22,365.0,382.5
East,2,2x6,10,2024-11-27,360.0,372.5
East,2,2x6,10,2024-12-06,350.0,362.5
East,2,2x6,10,2024-12-13,355.0,357.5
East,2,2x6,10,2024-12-20,365.0,357.5
East,2,2x6,10,2025-01-03,395.0,366.25
East,2,2x6,10,2025-01-10,410.0,381.25
East,2,2x6,10,2025-01-17,415.0,396.25
East,2,2x6,10,2025-01-24,405.0,406.25
East,2,2x6,10,2025-01-31,390.0,405.0
East,2,2x6,10,2025-02-07,400.0,402.5
East,2,2x6,10,2025-02-14,405.0,400.0
East,2,2x6,10,2025-02-21,405.0,400.0
East,2,2x6,10,2025-02-28,405.0,403.75
East,2,2x6,10,2025-03-07,405.0,405.0
East,2,2x6,10,2025-03-14,390.0,401.25
East,2,2x6,10,2025-03-21,370.0,392.5
East,2,2x6,10,2025-03-28,355.0,380.0
East,2,2x6,10,2025-04-04,350.0,366.25
East,2,2x6,10,2025-04-11,350.0,356.25
East,2,2x6,10,2025-04-18,350.0,351.25
East,2,2x6,10,2025-04-25,350.0,350.0
East,2,2x6,10,2025-05-02,350.0,350.0
East,2,2x6,10,2025-05-09,340.0,347.5
East,2,2x6,10,2025-05-16,310.0,337.5
East,2,2x6,10,2025-05-23,290.0,322.5
East,2,2x6,10,2025-05-30,285.0,306.25
East,2,2x6,10,2025-06-06,275.0,290.0
East,2,2x6,10,2025-06-13,275.0,281.25
East,2,2x6,10,2025-06-19,280.0,278.75
East,2,2x6,10,2025-06-27,290.0,280.0
East,2,2x6,10,2025-07-03,300.0,286.25
East,2,2x6,10,2025-07-11,310.0,295.0
East,2,2x6,10,2025-07-18,315.0,303.75
East,2,2x6,10,2025-07-25,295.0,305.0
East,2,2x6,10,2025-08-01,325.0,311.25
East,2,2x6,10,2025-08-08,335.0,317.5
East,2,2x6,10,2025-08-15,335.0,322.5
East,2,2x6,10,2025-08-22,330.0,331.25
East,2,2x6,10,2025-08-29,320.0,330.0
East,2,2x6,10,2025-09-05,310.0,323.75
East,2,2x6,10,2025-09-12,305.0,316.25
East,2,2x6,10,2025-09-19,310.0,311.25
East,2,2x6,10,2025-09-26,315.0,310.0
East,2,2x6,10,2025-10-03,325.0,313.75
East,2,2x6,10,2025-10-10,330.0,320.0
East,2,2x6,10,2025-10-17,330.0,325.0
East,2,2x6,12,2024-01-12,380.0,380.0
East,2,2x6,12,2024-01-18,365.0,372.5
East,2,2x6,12,2024-01-25,345.0,363.3333333333333
East,2,2x6,12,2024-02-08,345.0,358.75
East,2,2x6,12,2024-02-15,355.0,352.5
East,2,2x6,12,2024-02-22,365.0,352.5
East,2,2x6,12,2024-02-29,375.0,360.0
East,2,2x6,12,2024-03-07,380.0,368.75
East,2,2x6,12,2024-03-14,380.0,375.0
East,2,2x6,12,2024-03-21,375.0,377.5
East,2,2x6,12,2024-03-28,370.0,376.25
East,2,2x6,12,2024-04-04,360.0,371.25
East,2,2x6,12,2024-04-11,340.0,361.25
East,2,2x6,12,2024-04-18,315.0,346.25
East,2,2x6,12,2024-04-25,305.0,330.0
East,2,2x6,12,2024-05-02,300.0,315.0
East,2,2x6,12,2024-05-09,305.0,306.25
East,2,2x6,12,2024-05-16,315.0,306.25
East,2,2x6,12,2024-05-30,315.0,308.75
East,2,2x6,12,2024-06-06,305.0,310.0
East,2,2x6,12,2024-06-13,280.0,303.75
East,2,2x6,12,2024-06-20,265.0,291.25
East,2,2x6,12,2024-06-27,250.0,275.0
East,2,2x6,12,2024-07-04,240.0,258.75
East,2,2x6,12,2024-07-11,240.0,248.75
East,2,2x6,12,2024-07-18,250.0,245.0
East,2,2x6,12,2024-07-25,260.0,247.5
East,2,2x6,12,2024-08-01,270.0,255.0
East,2,2x6,12,2024-08-08,270.0,262.5
East,2,2x6,12,2024-08-15,270.0,267.5
East,2,2x6,12,2024-08-22,265.0,268.75
East,2,2x6,12,2024-08-29,260.0,266.25
East,2,2x6,12,2024-09-05,260.0,263.75
East,2,2x6,12,2024-09-12,260.0,261.25
East,2,2x6,12,2024-09-20,270.0,262.5
East,2,2x6,12,2024-09-27,285.0,268.75
East,2,2x6,12,2024-10-04,310.0,281.25
East,2,2x6,12,2024-10-11,340.0,301.25
East,2,2x6,12,2024-10-18,365.0,325.0
East,2,2x6,12,2024-10-25,385.0,350.0
East,2,2x6,12,2024-11-01,385.0,368.75
East,2,2x6,12,2024-11-08,375.0,377.5
East,2,2x6,12,2024-11-15,365.0,377.5
East,2,2x6,12,2024-11-22,355.0,370.0
East,2,2x6,12,2024-11-27,350.0,361.25
East,2,2x6,12,2024-12-06,340.0,352.5
East,2,2x6,12,2024-12-13,345.0,347.5
East,2,2x6,12,2024-12-20,360.0,348.75
East,2,2x6,12,2025-01-03,395.0,360.0
East,2,2x6,12,2025-01-10,410.0,377.5
East,2,2x6,12,2025-01-17,415.0,395.0
East,2,2x6,12,2025-01-24,405.0,406.25
East,2,2x6,12,2025-01-31,395.0,406.25
East,2,2x6,12,2025-02-07,405.0,405.0
East,2,2x6,12,2025-02-14,410.0,403.75
East,2,2x6,12,2025-02-21,410.0,405.0
East,2,2x6,12,2025-02-28,410.0,408.75
East,2,2x6,12,2025-03-07,410.0,410.0
East,2,2x6,12,2025-03-14,395.0,406.25
East,2,2x6,12,2025-03-21,380.0,398.75
East,2,2x6,12,2025-03-28,365.0,387.5
East,2,2x6,12,2025-04-04,360.0,375.0
East,2,2x6,12,2025-04-11,360.0,366.25
East,2,2x6,12,2025-04-18,365.0,362.5
East,2,2x6,12,2025-04-25,370.0,363.75
East,2,2x6,12,2025-05-02,370.0,366.25
East,2,2x6,12,2025-05-09,350.0,363.75
East,2,2x6,12,2025-05-16,320.0,352.5
East,2,2x6,12,2025-05-23,300.0,335.0
East,2,2x6,12,2025-05-30,290.0,315.0
East,2,2x6,12,2025-06-06,275.0,296.25
East,2,2x6,12,2025-06-13,280.0,286.25
East,2,2x6,12,2025-06-19,290.0,283.75
East,2,2x6,12,2025-06-27,300.0,286.25
East,2,2x6,12,2025-07-03,310.0,295.0
East,2,2x6,12,2025-07-11,320.0,305.0
East,2,2x6,12,2025-07-18,320.0,312.5
East,2,2x6,12,2025-07-25,325.0,318.75
East,2,2x6,12,2025-08-01,330.0,323.75
East,2,2x6,12,2025-08-08,330.0,326.25
East,2,2x6,12,2025-08-15,330.0,328.75
East,2,2x6,12,2025-08-22,320.0,327.5
East,2,2x6,12,2025-08-29,310.0,322.5
East,2,2x6,12,2025-09-05,300.0,315.0
East,2,2x6,12,2025-09-12,300.0,307.5
East,2,2x6,12,2025-09-19,300.0,302.5
East,2,2x6,12,2025-09-26,310.0,302.5
East,2,2x6,12,2025-10-03,320.0,307.5
East,2,2x6,12,2025-10-10,325.0,313.75
East,2,2x6,12,2025-10-17,330.0,321.25
East,2,2x6,14,2024-01-12,350.0,350.0
East,2,2x6,14,2024-01-18,340.0,345.0
East,2,2x6,14,2024-01-25,325.0,338.3333333333333
East,2,2x6,14,2024-02-08,335.0,337.5
East,2,2x6,14,2024-02-15,345.0,336.25
East,2,2x6,14,2024-02-22,360.0,341.25
East,2,2x6,14,2024-02-29,370.0,352.5
East,2,2x6,14,2024-03-07,375.0,362.5
East,2,2x6,14,2024-03-14,370.0,368.75
East,2,2x6,14,2024-03-21,365.0,370.0
East,2,2x6,14,2024-03-28,355.0,366.25
East,2,2x6,14,2024-04-04,345.0,358.75
East,2,2x6,14,2024-04-11,325.0,347.5
East,2,2x6,14,2024-04-18,315.0,335.0
East,2,2x6,14,2024-04-25,310.0,323.75
East,2,2x6,14,2024-05-02,310.0,315.0
East,2,2x6,14,2024-05-09,320.0,313.75
East,2,2x6,14,2024-05-16,325.0,316.25
East,2,2x6,14,2024-05-30,330.0,321.25
East,2,2x6,14,2024-06-06,320.0,323.75
East,2,2x6,14,2024-06-13,295.0,317.5
East,2,2x6,14,2024-06-20,280.0,306.25
East,2,2x6,14,2024-06-27,265.0,290.0
East,2,2x6,14,2024-07-04,255.0,273.75
East,2,2x6,14,2024-07-11,255.0,263.75
East,2,2x6,14,2024-07-18,265.0,260.0
East,2,2x6,14,2024-07-25,275.0,262.5
East,2,2x6,14,2024-08-01,285.0,270.0
East,2,2x6,14,2024-08-08,285.0,277.5
East,2,2x6,14,2024-08-15,285.0,282.5
East,2,2x6,14,2024-08-22,280.0,283.75
East,2,2x6,14,2024-08-29,275.0,281.25
East,2,2x6,14,2024-09-05,275.0,278.75
East,2,2x6,14,2024-09-12,275.0,276.25
East,2,2x6,14,2024-09-20,290.0,278.75
East,2,2x6,14,2024-09-27,300.0,285.0
East,2,2x6,14,2024-10-04,320.0,296.25
East,2,2x6,14,2024-10-11,350.0,315.0
East,2,2x6,14,2024-10-18,375.0,336.25
East,2,2x6,14,2024-10-25,395.0,360.0
East,2,2x6,14,2024-11-01,400.0,380.0
East,2,2x6,14,2024-11-08,390.0,390.0
East,2,2x6,14,2024-11-15,380.0,391.25
East,2,2x6,14,2024-11-22,375.0,386.25
East,2,2x6,14,2024-11-27,375.0,380.0
East,2,2x6,14,2024-12-06,370.0,375.0
East,2,2x6,14,2024-12-13,370.0,372.5
East,2,2x6,14,2024-12-20,390.0,376.25
East,2,2x6,14,2025-01-03,420.0,387.5
East,2,2x6,14,2025-01-10,435.0,403.75
East,2,2x6,14,2025-01-17,440.0,421.25
East,2,2x6,14,2025-01-24,430.0,431.25
East,2,2x6,14,2025-01-31,415.0,430.0
East,2,2x6,14,2025-02-07,430.0,428.75
East,2,2x6,14,2025-02-14,435.0,427.5
East,2,2x6,14,2025-02-21,435.0,428.75
East,2,2x6,14,2025-02-28,435.0,433.75
East,2,2x6,14,2025-03-07,435.0,435.0
East,2,2x6,14,2025-03-14,420.0,431.25
East,2,2x6,14,2025-03-21,400.0,422.5
East,2,2x6,14,2025-03-28,385.0,410.0
East,2,2x6,14,2025-04-04,380.0,396.25
East,2,2x6,14,2025-04-11,380.0,386.25
East,2,2x6,14,2025-04-18,380.0,381.25
East,2,2x6,14,2025-04-25,380.0,380.0
East,2,2x6,14,2025-05-02,380.0,380.0
East,2,2x6,14,2025-05-09,360.0,375.0
East,2,2x6,14,2025-05-16,330.0,362.5
East,2,2x6,14,2025-05-23,305.0,343.75
East,2,2x6,14,2025-05-30,295.0,322.5
East,2,2x6,14,2025-06-06,285.0,303.75
East,2,2x6,14,2025-06-13,285.0,292.5
East,2,2x6,14,2025-06-19,295.0,290.0
East,2,2x6,14,2025-06-27,305.0,292.5
East,2,2x6,14,2025-07-03,315.0,300.0
East,2,2x6,14,2025-07-11,320.0,308.75
East,2,2x6,14,2025-07-18,330.0,317.5
East,2,2x6,14,2025-07-25,315.0,320.0
East,2,2x6,14,2025-08-01,345.0,327.5
East,2,2x6,14,2025-08-08,350.0,335.0
East,2,2x6,14,2025-08-15,350.0,340.0
East,2,2x6,14,2025-08-22,340.0,346.25
East,2,2x6,14,2025-08-29,330.0,342.5
East,2,2x6,14,2025-09-05,320.0,335.0
East,2,2x6,14,2025-09-12,315.0,326.25
East,2,2x6,14,2025-09-19,315.0,320.0
East,2,2x6,14,2025-09-26,320.0,317.5
East,2,2x6,14,2025-10-03,330.0,320.0
East,2,2x6,14,2025-10-10,335.0,325.0
East,2,2x6,14,2025-10-17,335.0,330.0
East,2,2x6,16,2024-01-12,380.0,380.0
East,2,2x6,16,2024-01-18,370.0,375.0
East,2,2x6,16,2024-01-25,350.0,366.6666666666667
East,2,2x6,16,2024-02-08,350.0,362.5
East,2,2x6,16,2024-02-15,360.0,357.5
East,2,2x6,16,2024-02-22,375.0,358.75
East,2,2x6,16,2024-02-29,385.0,367.5
East,2,2x6,16,2024-03-07,390.0,377.5
East,2,2x6,16,2024-03-14,390.0,385.0
East,2,2x6,16,2024-03-21,390.0,388.75
East,2,2x6,16,2024-03-28,385.0,388.75
East,2,2x6,16,2024-04-04,370.0,383.75
East,2,2x6,16,2024-04-11,345.0,372.5
East,2,2x6,16,2024-04-18,320.0,355.0
East,2,2x6,16,2024-04-25,315.0,337.5
East,2,2x6,16,2024-05-02,315.0,323.75
East,2,2x6,16,2024-05-09,325.0,318.75
East,2,2x6,16,2024-05-16,335.0,322.5
East,2,2x6,16,2024-05-30,345.0,330.0
East,2,2x6,16,2024-06-06,335.0,335.0
East,2,2x6,16,2024-06-13,305.0,330.0
East,2,2x6,16,2024-06-20,290.0,318.75
East,2,2x6,16,2024-06-27,275.0,301.25
East,2,2x6,16,2024-07-04,265.0,283.75
East,2,2x6,16,2024-07-11,265.0,273.75
East,2,2x6,16,2024-07-18,275.0,270.0
East,2,2x6,16,2024-07-25,280.0,271.25
East,2,2x6,16,2024-08-01,290.0,277.5
East,2,2x6,16,2024-08-08,290.0,283.75
East,2,2x6,16,2024-08-15,290.0,287.5
East,2,2x6,16,2024-08-22,280.0,287.5
East,2,2x6,16,2024-08-29,275.0,283.75
East,2,2x6,16,2024-09-05,275.0,280.0
East,2,2x6,16,2024-09-12,275.0,276.25
East,2,2x6,16,2024-09-20,290.0,278.75
East,2,2x6,16,2024-09-27,305.0,286.25
East,2,2x6,16,2024-10-04,330.0,300.0
East,2,2x6,16,2024-10-11,360.0,321.25
East,2,2x6,16,2024-10-18,395.0,347.5
East,2,2x6,16,2024-10-25,415.0,375.0
East,2,2x6,16,2024-11-01,420.0,397.5
East,2,2x6,16,2024-11-08,405.0,408.75
East,2,2x6,16,2024-11-15,395.0,408.75
East,2,2x6,16,2024-11-22,385.0,401.25
East,2,2x6,16,2024-11-27,380.0,391.25
East,2,2x6,16,2024-12-06,375.0,383.75
East,2,2x6,16,2024-12-13,380.0,380.0
East,2,2x6,16,2024-12-20,400.0,383.75
East,2,2x6,16,2025-01-03,430.0,396.25
East,2,2x6,16,2025-01-10,445.0,413.75
East,2,2x6,16,2025-01-17,445.0,430.0
East,2,2x6,16,2025-01-24,430.0,437.5
East,2,2x6,16,2025-01-31,415.0,433.75
East,2,2x6,16,2025-02-07,425.0,428.75
East,2,2x6,16,2025-02-14,430.0,425.0
East,2,2x6,16,2025-02-21,430.0,425.0
East,2,2x6,16,2025-02-28,425.0,427.5
East,2,2x6,16,2025-03-07,425.0,427.5
East,2,2x6,16,2025-03-14,410.0,422.5
East,2,2x6,16,2025-03-21,395.0,413.75
East,2,2x6,16,2025-03-28,380.0,402.5
East,2,2x6,16,2025-04-04,370.0,388.75
East,2,2x6,16,2025-04-11,370.0,378.75
East,2,2x6,16,2025-04-18,375.0,373.75
East,2,2x6,16,2025-04-25,385.0,375.0
East,2,2x6,16,2025-05-02,380.0,377.5
East,2,2x6,16,2025-05-09,365.0,376.25
East,2,2x6,16,2025-05-16,330.0,365.0
East,2,2x6,16,2025-05-23,305.0,345.0
East,2,2x6,16,2025-05-30,295.0,323.75
East,2,2x6,16,2025-06-06,280.0,302.5
East,2,2x6,16,2025-06-13,280.0,290.0
East,2,2x6,16,2025-06-19,290.0,286.25
East,2,2x6,16,2025-06-27,300.0,287.5
East,2,2x6,16,2025-07-03,310.0,295.0
East,2,2x6,16,2025-07-11,320.0,305.0
East,2,2x6,16,2025-07-18,320.0,312.5
East,2,2x6,16,2025-07-25,325.0,318.75
East,2,2x6,16,2025-08-01,335.0,325.0
East,2,2x6,16,2025-08-08,325.0,326.25
East,2,2x6,16,2025-08-15,325.0,327.5
East,2,2x6,16,2025-08-22,310.0,323.75
East,2,2x6,16,2025-08-29,300.0,315.0
East,2,2x6,16,2025-09-05,290.0,306.25
East,2,2x6,16,2025-09-12,290.0,297.5
East,2,2x6,16,2025-09-19,290.0,292.5
East,2,2x6,16,2025-09-26,300.0,292.5
East,2,2x6,16,2025-10-03,310.0,297.5
East,2,2x6,16,2025-10-10,320.0,305.0
East,2,2x6,16,2025-10-17,325.0,313.75
East,2,2x6,18,2024-01-12,360.0,360.0
East,2,2x6,18,2024-01-18,350.0,355.0
East,2,2x6,18,2024-01-25,335.0,348.3333333333333
East,2,2x6,18,2024-02-08,340.0,346.25
East,2,2x6,18,2024-02-15,350.0,343.75
East,2,2x6,18,2024-02-22,355.0,345.0
East,2,2x6,18,2024-02-29,365.0,352.5
East,2,2x6,18,2024-03-07,355.0,356.25
East,2,2x6,18,2024-03-14,370.0,361.25
East,2,2x6,18,2024-03-21,360.0,362.5
East,2,2x6,18,2024-03-28,350.0,358.75
East,2,2x6,18,2024-04-04,340.0,355.0
East,2,2x6,18,2024-04-11,330.0,345.0
East,2,2x6,18,2024-04-18,315.0,333.75
East,2,2x6,18,2024-04-25,305.0,322.5
East,2,2x6,18,2024-05-02,305.0,313.75
East,2,2x6,18,2024-05-09,310.0,308.75
East,2,2x6,18,2024-05-16,315.0,308.75
East,2,2x6,18,2024-05-30,325.0,313.75
East,2,2x6,18,2024-06-06,315.0,316.25
East,2,2x6,18,2024-06-13,295.0,312.5
East,2,2x6,18,2024-06-20,280.0,303.75
East,2,2x6,18,2024-06-27,270.0,290.0
East,2,2x6,18,2024-07-04,265.0,277.5
East,2,2x6,18,2024-07-11,265.0,270.0
East,2,2x6,18,2024-07-18,265.0,266.25
East,2,2x6,18,2024-07-25,270.0,266.25
East,2,2x6,18,2024-08-01,280.0,270.0
East,2,2x6,18,2024-08-08,280.0,273.75
East,2,2x6,18,2024-08-15,275.0,276.25
East,2,2x6,18,2024-08-22,265.0,275.0
East,2,2x6,18,2024-08-29,260.0,270.0
East,2,2x6,18,2024-09-05,255.0,263.75
East,2,2x6,18,2024-09-12,255.0,258.75
East,2,2x6,18,2024-09-20,265.0,258.75
East,2,2x6,18,2024-09-27,275.0,262.5
East,2,2x6,18,2024-10-04,295.0,272.5
East,2,2x6,18,2024-10-11,325.0,290.0
East,2,2x6,18,2024-10-18,350.0,311.25
East,2,2x6,18,2024-10-25,365.0,333.75
East,2,2x6,18,2024-11-01,370.0,352.5
East,2,2x6,18,2024-11-08,365.0,362.5
East,2,2x6,18,2024-11-15,355.0,363.75
East,2,2x6,18,2024-11-22,345.0,358.75
East,2,2x6,18,2024-11-27,335.0,350.0
East,2,2x6,18,2024-12-06,335.0,342.5
East,2,2x6,18,2024-12-13,335.0,337.5
East,2,2x6,18,2024-12-20,345.0,337.5
East,2,2x6,18,2025-01-03,375.0,347.5
East,2,2x6,18,2025-01-10,390.0,361.25
East,2,2x6,18,2025-01-17,400.0,377.5
East,2,2x6,18,2025-01-24,395.0,390.0
East,2,2x6,18,2025-01-31,385.0,392.5
East,2,2x6,18,2025-02-07,385.0,391.25
East,2,2x6,18,2025-02-14,390.0,388.75
East,2,2x6,18,2025-02-21,390.0,387.5
East,2,2x6,18,2025-02-28,390.0,388.75
East,2,2x6,18,2025-03-07,390.0,390.0
East,2,2x6,18,2025-03-14,375.0,386.25
East,2,2x6,18,2025-03-21,365.0,380.0
East,2,2x6,18,2025-03-28,355.0,371.25
East,2,2x6,18,2025-04-04,355.0,362.5
East,2,2x6,18,2025-04-11,355.0,357.5
East,2,2x6,18,2025-04-18,355.0,355.0
East,2,2x6,18,2025-04-25,355.0,355.0
East,2,2x6,18,2025-05-02,350.0,353.75
East,2,2x6,18,2025-05-09,340.0,350.0
East,2,2x6,18,2025-05-16,320.0,341.25
East,2,2x6,18,2025-05-23,305.0,328.75
East,2,2x6,18,2025-05-30,295.0,315.0
East,2,2x6,18,2025-06-06,295.0,303.75
East,2,2x6,18,2025-06-13,295.0,297.5
East,2,2x6,18,2025-06-19,300.0,296.25
East,2,2x6,18,2025-06-27,310.0,300.0
East,2,2x6,18,2025-07-03,315.0,305.0
East,2,2x6,18,2025-07-11,320.0,311.25
East,2,2x6,18,2025-07-18,320.0,316.25
East,2,2x6,18,2025-07-25,290.0,311.25
East,2,2x6,18,2025-08-01,335.0,316.25
East,2,2x6,18,2025-08-08,340.0,321.25
East,2,2x6,18,2025-08-15,340.0,326.25
East,2,2x6,18,2025-08-22,335.0,337.5
East,2,2x6,18,2025-08-29,325.0,335.0
East,2,2x6,18,2025-09-05,315.0,328.75
East,2,2x6,18,2025-09-12,310.0,321.25
East,2,2x6,18,2025-09-19,310.0,315.0
East,2,2x6,18,2025-09-26,315.0,312.5
East,2,2x6,18,2025-10-03,325.0,315.0
East,2,2x6,18,2025-10-10,335.0,321.25
East,2,2x6,18,2025-10-17,340.0,328.75
East,2,2x6,20,2024-01-12,325.0,325.0
East,2,2x6,20,2024-01-18,315.0,320.0
East,2,2x6,20,2024-01-25,295.0,311.6666666666667
East,2,2x6,20,2024-02-08,305.0,310.0
East,2,2x6,20,2024-02-15,315.0,307.5
East,2,2x6,20,2024-02-22,325.0,310.0
East,2,2x6,20,2024-02-29,335.0,320.0
East,2,2x6,20,2024-03-07,365.0,335.0
East,2,2x6,20,2024-03-14,340.0,341.25
East,2,2x6,20,2024-03-21,325.0,341.25
East,2,2x6,20,2024-03-28,315.0,336.25
East,2,2x6,20,2024-04-04,305.0,321.25
East,2,2x6,20,2024-04-11,305.0,312.5
East,2,2x6,20,2024-04-18,290.0,303.75
East,2,2x6,20,2024-04-25,285.0,296.25
East,2,2x6,20,2024-05-02,285.0,291.25
East,2,2x6,20,2024-05-09,285.0,286.25
East,2,2x6,20,2024-05-16,295.0,287.5
East,2,2x6,20,2024-05-30,300.0,291.25
East,2,2x6,20,2024-06-06,290.0,292.5
East,2,2x6,20,2024-06-13,270.0,288.75
East,2,2x6,20,2024-06-20,255.0,278.75
East,2,2x6,20,2024-06-27,250.0,266.25
East,2,2x6,20,2024-07-04,245.0,255.0
East,2,2x6,20,2024-07-11,245.0,248.75
East,2,2x6,20,2024-07-18,250.0,247.5
East,2,2x6,20,2024-07-25,250.0,247.5
East,2,2x6,20,2024-08-01,255.0,250.0
East,2,2x6,20,2024-08-08,255.0,252.5
East,2,2x6,20,2024-08-15,255.0,253.75
East,2,2x6,20,2024-08-22,245.0,252.5
East,2,2x6,20,2024-08-29,240.0,248.75
East,2,2x6,20,2024-09-05,240.0,245.0
East,2,2x6,20,2024-09-12,240.0,241.25
East,2,2x6,20,2024-09-20,250.0,242.5
East,2,2x6,20,2024-09-27,265.0,248.75
East,2,2x6,20,2024-10-04,285.0,260.0
East,2,2x6,20,2024-10-11,315.0,278.75
East,2,2x6,20,2024-10-18,345.0,302.5
East,2,2x6,20,2024-10-25,365.0,327.5
East,2,2x6,20,2024-11-01,365.0,347.5
East,2,2x6,20,2024-11-08,360.0,358.75
East,2,2x6,20,2024-11-15,350.0,360.0
East,2,2x6,20,2024-11-22,335.0,352.5
East,2,2x6,20,2024-11-27,325.0,342.5
East,2,2x6,20,2024-12-06,320.0,332.5
East,2,2x6,20,2024-12-13,320.0,325.0
East,2,2x6,20,2024-12-20,330.0,323.75
East,2,2x6,20,2025-01-03,360.0,332.5
East,2,2x6,20,2025-01-10,375.0,346.25
East,2,2x6,20,2025-01-17,385.0,362.5
East,2,2x6,20,2025-01-24,380.0,375.0
East,2,2x6,20,2025-01-31,370.0,377.5
East,2,2x6,20,2025-02-07,375.0,377.5
East,2,2x6,20,2025-02-14,380.0,376.25
East,2,2x6,20,2025-02-21,380.0,376.25
East,2,2x6,20,2025-02-28,380.0,378.75
East,2,2x6,20,2025-03-07,380.0,380.0
East,2,2x6,20,2025-03-14,365.0,376.25
East,2,2x6,20,2025-03-21,355.0,370.0
East,2,2x6,20,2025-03-28,345.0,361.25
East,2,2x6,20,2025-04-04,335.0,350.0
East,2,2x6,20,2025-04-11,335.0,342.5
East,2,2x6,20,2025-04-18,335.0,337.5
East,2,2x6,20,2025-04-25,335.0,335.0
East,2,2x6,20,2025-05-02,335.0,335.0
East,2,2x6,20,2025-05-09,325.0,332.5
East,2,2x6,20,2025-05-16,300.0,323.75
East,2,2x6,20,2025-05-23,300.0,315.0
East,2,2x6,20,2025-05-30,290.0,303.75
East,2,2x6,20,2025-06-06,290.0,295.0
East,2,2x6,20,2025-06-13,290.0,292.5
East,2,2x6,20,2025-06-19,290.0,290.0
East,2,2x6,20,2025-06-27,295.0,291.25
East,2,2x6,20,2025-07-03,300.0,293.75
East,2,2x6,20,2025-07-11,305.0,297.5
East,2,2x6,20,2025-07-18,305.0,301.25
East,2,2x6,20,2025-07-25,280.0,297.5
East,2,2x6,20,2025-08-01,315.0,301.25
East,2,2x6,20,2025-08-08,325.0,306.25
East,2,2x6,20,2025-08-15,325.0,311.25
East,2,2x6,20,2025-08-22,315.0,320.0
East,2,2x6,20,2025-08-29,305.0,317.5
East,2,2x6,20,2025-09-05,300.0,311.25
East,2,2x6,20,2025-09-12,300.0,305.0
East,2,2x6,20,2025-09-19,300.0,301.25
East,2,2x6,20,2025-09-26,305.0,301.25
East,2,2x6,20,2025-10-03,315.0,305.0
East,2,2x6,20,2025-10-10,320.0,310.0
East,2,2x6,20,2025-10-17,330.0,317.5
East,2,2x8,8,2024-01-12,350.0,350.0
East,2,2x8,8,2024-01-18,340.0,345.0
East,2,2x8,8,2024-01-25,330.0,340.0
East,2,2x8,8,2024-02-08,340.0,340.0
East,2,2x8,8,2024-02-15,350.0,340.0
East,2,2x8,8,2024-02-22,360.0,345.0
East,2,2x8,8,2024-02-29,370.0,355.0
East,2,2x8,8,2024-03-07,370.0,362.5
East,2,2x8,8,2024-03-14,360.0,365.0
East,2,2x8,8,2024-03-21,360.0,365.0
East,2,2x8,8,2024-03-28,355.0,361.25
East,2,2x8,8,2024-04-04,345.0,355.0
East,2,2x8,8,2024-04-11,330.0,347.5
East,2,2x8,8,2024-04-18,310.0,335.0
East,2,2x8,8,2024-04-25,305.0,322.5
East,2,2x8,8,2024-05-02,305.0,312.5
East,2,2x8,8,2024-05-09,305.0,306.25
East,2,2x8,8,2024-05-16,310.0,306.25
East,2,2x8,8,2024-05-30,315.0,308.75
East,2,2x8,8,2024-06-06,315.0,311.25
East,2,2x8,8,2024-06-13,300.0,310.0
East,2,2x8,8,2024-06-20,290.0,305.0
East,2,2x8,8,2024-06-27,280.0,296.25
East,2,2x8,8,2024-07-04,270.0,285.0
East,2,2x8,8,2024-07-11,270.0,277.5
East,2,2x8,8,2024-07-18,275.0,273.75
East,2,2x8,8,2024-07-25,280.0,273.75
East,2,2x8,8,2024-08-01,285.0,277.5
East,2,2x8,8,2024-08-08,285.0,281.25
East,2,2x8,8,2024-08-15,285.0,283.75
East,2,2x8,8,2024-08-22,285.0,285.0
East,2,2x8,8,2024-08-29,280.0,283.75
East,2,2x8,8,2024-09-05,280.0,282.5
East,2,2x8,8,2024-09-12,280.0,281.25
East,2,2x8,8,2024-09-20,285.0,281.25
East,2,2x8,8,2024-09-27,295.0,285.0
East,2,2x8,8,2024-10-04,315.0,293.75
East,2,2x8,8,2024-10-11,340.0,308.75
East,2,2x8,8,2024-10-18,365.0,328.75
East,2,2x8,8,2024-10-25,380.0,350.0
East,2,2x8,8,2024-11-01,380.0,366.25
East,2,2x8,8,2024-11-08,370.0,373.75
East,2,2x8,8,2024-11-15,365.0,373.75
East,2,2x8,8,2024-11-22,330.0,361.25
East,2,2x8,8,2024-11-27,325.0,347.5
East,2,2x8,8,2024-12-06,320.0,335.0
East,2,2x8,8,2024-12-13,320.0,323.75
East,2,2x8,8,2024-12-20,325.0,322.5
East,2,2x8,8,2025-01-03,350.0,328.75
East,2,2x8,8,2025-01-10,355.0,337.5
East,2,2x8,8,2025-01-17,355.0,346.25
East,2,2x8,8,2025-01-24,345.0,351.25
East,2,2x8,8,2025-01-31,335.0,347.5
East,2,2x8,8,2025-02-07,345.0,345.0
East,2,2x8,8,2025-02-14,350.0,343.75
East,2,2x8,8,2025-02-21,350.0,345.0
East,2,2x8,8,2025-02-28,350.0,348.75
East,2,2x8,8,2025-03-07,350.0,350.0
East,2,2x8,8,2025-03-14,350.0,350.0
East,2,2x8,8,2025-03-21,350.0,350.0
East,2,2x8,8,2025-03-28,350.0,350.0
East,2,2x8,8,2025-04-04,350.0,350.0
East,2,2x8,8,2025-04-11,355.0,351.25
East,2,2x8,8,2025-04-18,360.0,353.75
East,2,2x8,8,2025-04-25,365.0,357.5
East,2,2x8,8,2025-05-02,365.0,361.25
East,2,2x8,8,2025-05-09,355.0,361.25
East,2,2x8,8,2025-05-16,340.0,356.25
East,2,2x8,8,2025-05-23,325.0,346.25
East,2,2x8,8,2025-05-30,310.0,332.5
East,2,2x8,8,2025-06-06,300.0,318.75
East,2,2x8,8,2025-06-13,300.0,308.75
East,2,2x8,8,2025-06-19,300.0,302.5
East,2,2x8,8,2025-06-27,300.0,300.0
East,2,2x8,8,2025-07-03,310.0,302.5
East,2,2x8,8,2025-07-11,315.0,306.25
East,2,2x8,8,2025-07-18,315.0,310.0
East,2,2x8,8,2025-07-25,315.0,313.75
East,2,2x8,8,2025-08-01,325.0,317.5
East,2,2x8,8,2025-08-08,325.0,320.0
East,2,2x8,8,2025-08-15,315.0,320.0
East,2,2x8,8,2025-08-22,305.0,317.5
East,2,2x8,8,2025-08-29,295.0,310.0
East,2,2x8,8,2025-09-05,285.0,300.0
East,2,2x8,8,2025-09-12,285.0,292.5
East,2,2x8,8,2025-09-19,285.0,287.5
East,2,2x8,8,2025-09-26,290.0,286.25
East,2,2x8,8,2025-10-03,300.0,290.0
East,2,2x8,8,2025-10-10,305.0,295.0
East,2,2x8,8,2025-10-17,310.0,301.25
East,2,2x8,10,2024-01-12,360.0,360.0
East,2,2x8,10,2024-01-18,350.0,355.0
East,2,2x8,10,2024-01-25,335.0,348.3333333333333
East,2,2x8,10,2024-02-08,340.0,346.25
East,2,2x8,10,2024-02-15,355.0,345.0
East,2,2x8,10,2024-02-22,370.0,350.0
East,2,2x8,10,2024-02-29,380.0,361.25
East,2,2x8,10,2024-03-07,380.0,371.25
East,2,2x8,10,2024-03-14,375.0,376.25
East,2,2x8,10,2024-03-21,370.0,376.25
East,2,2x8,10,2024-03-28,365.0,372.5
East,2,2x8,10,2024-04-04,350.0,365.0
East,2,2x8,10,2024-04-11,340.0,356.25
East,2,2x8,10,2024-04-18,320.0,343.75
East,2,2x8,10,2024-04-25,320.0,332.5
East,2,2x8,10,2024-05-02,320.0,325.0
East,2,2x8,10,2024-05-09,320.0,320.0
East,2,2x8,10,2024-05-16,325.0,321.25
East,2,2x8,10,2024-05-30,330.0,323.75
East,2,2x8,10,2024-06-06,325.0,325.0
East,2,2x8,10,2024-06-13,310.0,322.5
East,2,2x8,10,2024-06-20,300.0,316.25
East,2,2x8,10,2024-06-27,285.0,305.0
East,2,2x8,10,2024-07-04,275.0,292.5
East,2,2x8,10,2024-07-11,275.0,283.75
East,2,2x8,10,2024-07-18,280.0,278.75
East,2,2x8,10,2024-07-25,285.0,278.75
East,2,2x8,10,2024-08-01,290.0,282.5
East,2,2x8,10,2024-08-08,290.0,286.25
East,2,2x8,10,2024-08-15,290.0,288.75
East,2,2x8,10,2024-08-22,285.0,288.75
East,2,2x8,10,2024-08-29,280.0,286.25
East,2,2x8,10,2024-09-05,280.0,283.75
East,2,2x8,10,2024-09-12,280.0,281.25
East,2,2x8,10,2024-09-20,285.0,281.25
East,2,2x8,10,2024-09-27,295.0,285.0
East,2,2x8,10,2024-10-04,315.0,293.75
East,2,2x8,10,2024-10-11,340.0,308.75
East,2,2x8,10,2024-10-18,365.0,328.75
East,2,2x8,10,2024-10-25,380.0,350.0
East,2,2x8,10,2024-11-01,385.0,367.5
East,2,2x8,10,2024-11-08,375.0,376.25
East,2,2x8,10,2024-11-15,370.0,377.5
East,2,2x8,10,2024-11-22,360.0,372.5
East,2,2x8,10,2024-11-27,355.0,365.0
East,2,2x8,10,2024-12-06,350.0,358.75
East,2,2x8,10,2024-12-13,345.0,352.5
East,2,2x8,10,2024-12-20,350.0,350.0
East,2,2x8,10,2025-01-03,375.0,355.0
East,2,2x8,10,2025-01-10,380.0,362.5
East,2,2x8,10,2025-01-17,380.0,371.25
East,2,2x8,10,2025-01-24,365.0,375.0
East,2,2x8,10,2025-01-31,355.0,370.0
East,2,2x8,10,2025-02-07,360.0,365.0
East,2,2x8,10,2025-02-14,365.0,361.25
East,2,2x8,10,2025-02-21,365.0,361.25
East,2,2x8,10,2025-02-28,360.0,362.5
East,2,2x8,10,2025-03-07,355.0,361.25
East,2,2x8,10,2025-03-14,350.0,357.5
East,2,2x8,10,2025-03-21,345.0,352.5
East,2,2x8,10,2025-03-28,345.0,348.75
East,2,2x8,10,2025-04-04,345.0,346.25
East,2,2x8,10,2025-04-11,345.0,345.0
East,2,2x8,10,2025-04-18,350.0,346.25
East,2,2x8,10,2025-04-25,355.0,348.75
East,2,2x8,10,2025-05-02,355.0,351.25
East,2,2x8,10,2025-05-09,345.0,351.25
East,2,2x8,10,2025-05-16,330.0,346.25
East,2,2x8,10,2025-05-23,310.0,335.0
East,2,2x8,10,2025-05-30,300.0,321.25
East,2,2x8,10,2025-06-06,295.0,308.75
East,2,2x8,10,2025-06-13,295.0,300.0
East,2,2x8,10,2025-06-19,295.0,296.25
East,2,2x8,10,2025-06-27,300.0,296.25
East,2,2x8,10,2025-07-03,300.0,297.5
East,2,2x8,10,2025-07-11,305.0,300.0
East,2,2x8,10,2025-07-18,315.0,305.0
East,2,2x8,10,2025-07-25,295.0,303.75
East,2,2x8,10,2025-08-01,325.0,310.0
East,2,2x8,10,2025-08-08,325.0,315.0
East,2,2x8,10,2025-08-15,315.0,315.0
East,2,2x8,10,2025-08-22,305.0,317.5
East,2,2x8,10,2025-08-29,295.0,310.0
East,2,2x8,10,2025-09-05,290.0,301.25
East,2,2x8,10,2025-09-12,290.0,295.0
East,2,2x8,10,2025-09-19,290.0,291.25
East,2,2x8,10,2025-09-26,290.0,290.0
East,2,2x8,10,2025-10-03,300.0,292.5
East,2,2x8,10,2025-10-10,305.0,296.25
East,2,2x8,10,2025-10-17,310.0,301.25
East,2,2x8,12,2024-01-12,365.0,365.0
East,2,2x8,12,2024-01-18,355.0,360.0
East,2,2x8,12,2024-01-25,340.0,353.3333333333333
East,2,2x8,12,2024-02-08,350.0,352.5
East,2,2x8,12,2024-02-15,365.0,352.5
East,2,2x8,12,2024-02-22,380.0,358.75
East,2,2x8,12,2024-02-29,390.0,371.25
East,2,2x8,12,2024-03-07,390.0,381.25
East,2,2x8,12,2024-03-14,390.0,387.5
East,2,2x8,12,2024-03-21,385.0,388.75
East,2,2x8,12,2024-03-28,380.0,386.25
East,2,2x8,12,2024-04-04,360.0,378.75
East,2,2x8,12,2024-04-11,335.0,365.0
East,2,2x8,12,2024-04-18,315.0,347.5
East,2,2x8,12,2024-04-25,305.0,328.75
East,2,2x8,12,2024-05-02,305.0,315.0
East,2,2x8,12,2024-05-09,305.0,307.5
East,2,2x8,12,2024-05-16,310.0,306.25
East,2,2x8,12,2024-05-30,310.0,307.5
East,2,2x8,12,2024-06-06,305.0,307.5
East,2,2x8,12,2024-06-13,285.0,302.5
East,2,2x8,12,2024-06-20,275.0,293.75
East,2,2x8,12,2024-06-27,265.0,282.5
East,2,2x8,12,2024-07-04,255.0,270.0
East,2,2x8,12,2024-07-11,255.0,262.5
East,2,2x8,12,2024-07-18,260.0,258.75
East,2,2x8,12,2024-07-25,265.0,258.75
East,2,2x8,12,2024-08-01,270.0,262.5
East,2,2x8,12,2024-08-08,270.0,266.25
East,2,2x8,12,2024-08-15,270.0,268.75
East,2,2x8,12,2024-08-22,260.0,267.5
East,2,2x8,12,2024-08-29,255.0,263.75
East,2,2x8,12,2024-09-05,255.0,260.0
East,2,2x8,12,2024-09-12,255.0,256.25
East,2,2x8,12,2024-09-20,260.0,256.25
East,2,2x8,12,2024-09-27,270.0,260.0
East,2,2x8,12,2024-10-04,290.0,268.75
East,2,2x8,12,2024-10-11,315.0,283.75
East,2,2x8,12,2024-10-18,335.0,302.5
East,2,2x8,12,2024-10-25,350.0,322.5
East,2,2x8,12,2024-11-01,355.0,338.75
East,2,2x8,12,2024-11-08,350.0,347.5
East,2,2x8,12,2024-11-15,345.0,350.0
East,2,2x8,12,2024-11-22,335.0,346.25
East,2,2x8,12,2024-11-27,330.0,340.0
East,2,2x8,12,2024-12-06,330.0,335.0
East,2,2x8,12,2024-12-13,330.0,331.25
East,2,2x8,12,2024-12-20,340.0,332.5
East,2,2x8,12,2025-01-03,365.0,341.25
East,2,2x8,12,2025-01-10,375.0,352.5
East,2,2x8,12,2025-01-17,375.0,363.75
East,2,2x8,12,2025-01-24,365.0,370.0
East,2,2x8,12,2025-01-31,355.0,367.5
East,2,2x8,12,2025-02-07,365.0,365.0
East,2,2x8,12,2025-02-14,370.0,363.75
East,2,2x8,12,2025-02-21,370.0,365.0
East,2,2x8,12,2025-02-28,370.0,368.75
East,2,2x8,12,2025-03-07,370.0,370.0
East,2,2x8,12,2025-03-14,365.0,368.75
East,2,2x8,12,2025-03-21,365.0,367.5
East,2,2x8,12,2025-03-28,365.0,366.25
East,2,2x8,12,2025-04-04,365.0,365.0
East,2,2x8,12,2025-04-11,365.0,365.0
East,2,2x8,12,2025-04-18,365.0,365.0
East,2,2x8,12,2025-04-25,365.0,365.0
East,2,2x8,12,2025-05-02,365.0,365.0
East,2,2x8,12,2025-05-09,350.0,361.25
East,2,2x8,12,2025-05-16,335.0,353.75
East,2,2x8,12,2025-05-23,320.0,342.5
East,2,2x8,12,2025-05-30,310.0,328.75
East,2,2x8,12,2025-06-06,300.0,316.25
East,2,2x8,12,2025-06-13,300.0,307.5
East,2,2x8,12,2025-06-19,300.0,302.5
East,2,2x8,12,2025-06-27,305.0,301.25
East,2,2x8,12,2025-07-03,310.0,303.75
East,2,2x8,12,2025-07-11,320.0,308.75
East,2,2x8,12,2025-07-18,320.0,313.75
East,2,2x8,12,2025-07-25,315.0,316.25
East,2,2x8,12,2025-08-01,335.0,322.5
East,2,2x8,12,2025-08-08,340.0,327.5
East,2,2x8,12,2025-08-15,330.0,330.0
East,2,2x8,12,2025-08-22,320.0,331.25
East,2,2x8,12,2025-08-29,310.0,325.0
East,2,2x8,12,2025-09-05,300.0,315.0
East,2,2x8,12,2025-09-12,300.0,307.5
East,2,2x8,12,2025-09-19,300.0,302.5
East,2,2x8,12,2025-09-26,300.0,300.0
East,2,2x8,12,2025-10-03,310.0,302.5
East,2,2x8,12,2025-10-10,315.0,306.25
East,2,2x8,12,2025-10-17,315.0,310.0
East,2,2x8,14,2024-01-12,355.0,355.0
East,2,2x8,14,2024-01-18,345.0,350.0
East,2,2x8,14,2024-01-25,330.0,343.3333333333333
East,2,2x8,14,2024-02-08,340.0,342.5
East,2,2x8,14,2024-02-15,355.0,342.5
East,2,2x8,14,2024-02-22,365.0,347.5
East,2,2x8,14,2024-02-29,375.0,358.75
East,2,2x8,14,2024-03-07,375.0,367.5
East,2,2x8,14,2024-03-14,375.0,372.5
East,2,2x8,14,2024-03-21,370.0,373.75
East,2,2x8,14,2024-03-28,365.0,371.25
East,2,2x8,14,2024-04-04,350.0,365.0
East,2,2x8,14,2024-04-11,325.0,352.5
East,2,2x8,14,2024-04-18,310.0,337.5
East,2,2x8,14,2024-04-25,310.0,323.75
East,2,2x8,14,2024-05-02,310.0,313.75
East,2,2x8,14,2024-05-09,320.0,312.5
East,2,2x8,14,2024-05-16,330.0,317.5
East,2,2x8,14,2024-05-30,330.0,322.5
East,2,2x8,14,2024-06-06,320.0,325.0
East,2,2x8,14,2024-06-13,300.0,320.0
East,2,2x8,14,2024-06-20,290.0,310.0
East,2,2x8,14,2024-06-27,275.0,296.25
East,2,2x8,14,2024-07-04,265.0,282.5
East,2,2x8,14,2024-07-11,265.0,273.75
East,2,2x8,14,2024-07-18,270.0,268.75
East,2,2x8,14,2024-07-25,270.0,267.5
East,2,2x8,14,2024-08-01,270.0,268.75
East,2,2x8,14,2024-08-08,270.0,270.0
East,2,2x8,14,2024-08-15,270.0,270.0
East,2,2x8,14,2024-08-22,270.0,270.0
East,2,2x8,14,2024-08-29,265.0,268.75
East,2,2x8,14,2024-09-05,265.0,267.5
East,2,2x8,14,2024-09-12,270.0,267.5
East,2,2x8,14,2024-09-20,270.0,267.5
East,2,2x8,14,2024-09-27,280.0,271.25
East,2,2x8,14,2024-10-04,295.0,278.75
East,2,2x8,14,2024-10-11,320.0,291.25
East,2,2x8,14,2024-10-18,345.0,310.0
East,2,2x8,14,2024-10-25,360.0,330.0
East,2,2x8,14,2024-11-01,360.0,346.25
East,2,2x8,14,2024-11-08,350.0,353.75
East,2,2x8,14,2024-11-15,345.0,353.75
East,2,2x8,14,2024-11-22,335.0,347.5
East,2,2x8,14,2024-11-27,335.0,341.25
East,2,2x8,14,2024-12-06,330.0,336.25
East,2,2x8,14,2024-12-13,330.0,332.5
East,2,2x8,14,2024-12-20,335.0,332.5
East,2,2x8,14,2025-01-03,360.0,338.75
East,2,2x8,14,2025-01-10,370.0,348.75
East,2,2x8,14,2025-01-17,370.0,358.75
East,2,2x8,14,2025-01-24,365.0,366.25
East,2,2x8,14,2025-01-31,355.0,365.0
East,2,2x8,14,2025-02-07,365.0,363.75
East,2,2x8,14,2025-02-14,370.0,363.75
East,2,2x8,14,2025-02-21,370.0,365.0
East,2,2x8,14,2025-02-28,370.0,368.75
East,2,2x8,14,2025-03-07,370.0,370.0
East,2,2x8,14,2025-03-14,365.0,368.75
East,2,2x8,14,2025-03-21,365.0,367.5
East,2,2x8,14,2025-03-28,365.0,366.25
East,2,2x8,14,2025-04-04,370.0,366.25
East,2,2x8,14,2025-04-11,370.0,367.5
East,2,2x8,14,2025-04-18,370.0,368.75
East,2,2x8,14,2025-04-25,375.0,371.25
East,2,2x8,14,2025-05-02,370.0,371.25
East,2,2x8,14,2025-05-09,360.0,368.75
East,2,2x8,14,2025-05-16,340.0,361.25
East,2,2x8,14,2025-05-23,325.0,348.75
East,2,2x8,14,2025-05-30,315.0,335.0
East,2,2x8,14,2025-06-06,305.0,321.25
East,2,2x8,14,2025-06-13,305.0,312.5
East,2,2x8,14,2025-06-19,305.0,307.5
East,2,2x8,14,2025-06-27,305.0,305.0
East,2,2x8,14,2025-07-03,310.0,306.25
East,2,2x8,14,2025-07-11,320.0,310.0
East,2,2x8,14,2025-07-18,320.0,313.75
East,2,2x8,14,2025-07-25,315.0,316.25
East,2,2x8,14,2025-08-01,330.0,321.25
East,2,2x8,14,2025-08-08,340.0,326.25
East,2,2x8,14,2025-08-15,330.0,328.75
East,2,2x8,14,2025-08-22,320.0,330.0
East,2,2x8,14,2025-08-29,305.0,323.75
East,2,2x8,14,2025-09-05,295.0,312.5
East,2,2x8,14,2025-09-12,295.0,303.75
East,2,2x8,14,2025-09-19,295.0,297.5
East,2,2x8,14,2025-09-26,300.0,296.25
East,2,2x8,14,2025-10-03,310.0,300.0
East,2,2x8,14,2025-10-10,315.0,305.0
East,2,2x8,14,2025-10-17,320.0,311.25
East,2,2x8,16,2024-01-12,370.0,370.0
East,2,2x8,16,2024-01-18,360.0,365.0
East,2,2x8,16,2024-01-25,345.0,358.3333333333333
East,2,2x8,16,2024-02-08,350.0,356.25
East,2,2x8,16,2024-02-15,365.0,355.0
East,2,2x8,16,2024-02-22,375.0,358.75
East,2,2x8,16,2024-02-29,385.0,368.75
East,2,2x8,16,2024-03-07,390.0,378.75
East,2,2x8,16,2024-03-14,390.0,385.0
East,2,2x8,16,2024-03-21,380.0,386.25
East,2,2x8,16,2024-03-28,375.0,383.75
East,2,2x8,16,2024-04-04,360.0,376.25
East,2,2x8,16,2024-04-11,350.0,366.25
East,2,2x8,16,2024-04-18,325.0,352.5
East,2,2x8,16,2024-04-25,325.0,340.0
East,2,2x8,16,2024-05-02,330.0,332.5
East,2,2x8,16,2024-05-09,340.0,330.0
East,2,2x8,16,2024-05-16,345.0,335.0
East,2,2x8,16,2024-05-30,350.0,341.25
East,2,2x8,16,2024-06-06,340.0,343.75
East,2,2x8,16,2024-06-13,315.0,337.5
East,2,2x8,16,2024-06-20,305.0,327.5
East,2,2x8,16,2024-06-27,290.0,312.5
East,2,2x8,16,2024-07-04,280.0,297.5
East,2,2x8,16,2024-07-11,280.0,288.75
East,2,2x8,16,2024-07-18,285.0,283.75
East,2,2x8,16,2024-07-25,290.0,283.75
East,2,2x8,16,2024-08-01,290.0,286.25
East,2,2x8,16,2024-08-08,290.0,288.75
East,2,2x8,16,2024-08-15,290.0,290.0
East,2,2x8,16,2024-08-22,290.0,290.0
East,2,2x8,16,2024-08-29,285.0,288.75
East,2,2x8,16,2024-09-05,285.0,287.5
East,2,2x8,16,2024-09-12,290.0,287.5
East,2,2x8,16,2024-09-20,295.0,288.75
East,2,2x8,16,2024-09-27,305.0,293.75
East,2,2x8,16,2024-10-04,320.0,302.5
East,2,2x8,16,2024-10-11,345.0,316.25
East,2,2x8,16,2024-10-18,370.0,335.0
East,2,2x8,16,2024-10-25,380.0,353.75
East,2,2x8,16,2024-11-01,380.0,368.75
East,2,2x8,16,2024-11-08,375.0,376.25
East,2,2x8,16,2024-11-15,375.0,377.5
East,2,2x8,16,2024-11-22,365.0,373.75
East,2,2x8,16,2024-11-27,365.0,370.0
East,2,2x8,16,2024-12-06,360.0,366.25
East,2,2x8,16,2024-12-13,360.0,362.5
East,2,2x8,16,2024-12-20,370.0,363.75
East,2,2x8,16,2025-01-03,400.0,372.5
East,2,2x8,16,2025-01-10,410.0,385.0
East,2,2x8,16,2025-01-17,410.0,397.5
East,2,2x8,16,2025-01-24,400.0,405.0
East,2,2x8,16,2025-01-31,385.0,401.25
East,2,2x8,16,2025-02-07,395.0,397.5
East,2,2x8,16,2025-02-14,400.0,395.0
East,2,2x8,16,2025-02-21,400.0,395.0
East,2,2x8,16,2025-02-28,395.0,397.5
East,2,2x8,16,2025-03-07,390.0,396.25
East,2,2x8,16,2025-03-14,380.0,391.25
East,2,2x8,16,2025-03-21,375.0,385.0
East,2,2x8,16,2025-03-28,375.0,380.0
East,2,2x8,16,2025-04-04,375.0,376.25
East,2,2x8,16,2025-04-11,380.0,376.25
East,2,2x8,16,2025-04-18,390.0,380.0
East,2,2x8,16,2025-04-25,400.0,386.25
East,2,2x8,16,2025-05-02,385.0,388.75
East,2,2x8,16,2025-05-09,375.0,387.5
East,2,2x8,16,2025-05-16,355.0,378.75
East,2,2x8,16,2025-05-23,335.0,362.5
East,2,2x8,16,2025-05-30,325.0,347.5
East,2,2x8,16,2025-06-06,315.0,332.5
East,2,2x8,16,2025-06-13,315.0,322.5
East,2,2x8,16,2025-06-19,315.0,317.5
East,2,2x8,16,2025-06-27,315.0,315.0
East,2,2x8,16,2025-07-03,320.0,316.25
East,2,2x8,16,2025-07-11,325.0,318.75
East,2,2x8,16,2025-07-18,330.0,322.5
East,2,2x8,16,2025-07-25,355.0,332.5
East,2,2x8,16,2025-08-01,335.0,336.25
East,2,2x8,16,2025-08-08,335.0,338.75
East,2,2x8,16,2025-08-15,325.0,337.5
East,2,2x8,16,2025-08-22,310.0,326.25
East,2,2x8,16,2025-08-29,295.0,316.25
East,2,2x8,16,2025-09-05,290.0,305.0
East,2,2x8,16,2025-09-12,290.0,296.25
East,2,2x8,16,2025-09-19,290.0,291.25
East,2,2x8,16,2025-09-26,295.0,291.25
East,2,2x8,16,2025-10-03,305.0,295.0
East,2,2x8,16,2025-10-10,315.0,301.25
East,2,2x8,16,2025-10-17,320.0,308.75
East,2,2x8,18,2024-01-12,320.0,320.0
East,2,2x8,18,2024-01-18,315.0,317.5
East,2,2x8,18,2024-01-25,310.0,315.0
East,2,2x8,18,2024-02-08,320.0,316.25
East,2,2x8,18,2024-02-15,335.0,320.0
East,2,2x8,18,2024-02-22,350.0,328.75
East,2,2x8,18,2024-02-29,360.0,341.25
East,2,2x8,18,2024-03-07,355.0,350.0
East,2,2x8,18,2024-03-14,345.0,352.5
East,2,2x8,18,2024-03-21,340.0,350.0
East,2,2x8,18,2024-03-28,335.0,343.75
East,2,2x8,18,2024-04-04,320.0,335.0
East,2,2x8,18,2024-04-11,305.0,325.0
East,2,2x8,18,2024-04-18,285.0,311.25
East,2,2x8,18,2024-04-25,280.0,297.5
East,2,2x8,18,2024-05-02,280.0,287.5
East,2,2x8,18,2024-05-09,280.0,281.25
East,2,2x8,18,2024-05-16,290.0,282.5
East,2,2x8,18,2024-05-30,300.0,287.5
East,2,2x8,18,2024-06-06,300.0,292.5
East,2,2x8,18,2024-06-13,285.0,293.75
East,2,2x8,18,2024-06-20,275.0,290.0
East,2,2x8,18,2024-06-27,270.0,282.5
East,2,2x8,18,2024-07-04,265.0,273.75
East,2,2x8,18,2024-07-11,265.0,268.75
East,2,2x8,18,2024-07-18,270.0,267.5
East,2,2x8,18,2024-07-25,270.0,267.5
East,2,2x8,18,2024-08-01,270.0,268.75
East,2,2x8,18,2024-08-08,270.0,270.0
East,2,2x8,18,2024-08-15,270.0,270.0
East,2,2x8,18,2024-08-22,260.0,267.5
East,2,2x8,18,2024-08-29,255.0,263.75
East,2,2x8,18,2024-09-05,250.0,258.75
East,2,2x8,18,2024-09-12,250.0,253.75
East,2,2x8,18,2024-09-20,255.0,252.5
East,2,2x8,18,2024-09-27,265.0,255.0
East,2,2x8,18,2024-10-04,285.0,263.75
East,2,2x8,18,2024-10-11,310.0,278.75
East,2,2x8,18,2024-10-18,335.0,298.75
East,2,2x8,18,2024-10-25,350.0,320.0
East,2,2x8,18,2024-11-01,350.0,336.25
East,2,2x8,18,2024-11-08,350.0,346.25
East,2,2x8,18,2024-11-15,340.0,347.5
East,2,2x8,18,2024-11-22,330.0,342.5
East,2,2x8,18,2024-11-27,325.0,336.25
East,2,2x8,18,2024-12-06,320.0,328.75
East,2,2x8,18,2024-12-13,315.0,322.5
East,2,2x8,18,2024-12-20,325.0,321.25
East,2,2x8,18,2025-01-03,350.0,327.5
East,2,2x8,18,2025-01-10,360.0,337.5
East,2,2x8,18,2025-01-17,360.0,348.75
East,2,2x8,18,2025-01-24,360.0,357.5
East,2,2x8,18,2025-01-31,350.0,357.5
East,2,2x8,18,2025-02-07,355.0,356.25
East,2,2x8,18,2025-02-14,355.0,355.0
East,2,2x8,18,2025-02-21,355.0,353.75
East,2,2x8,18,2025-02-28,350.0,353.75
East,2,2x8,18,2025-03-07,340.0,350.0
East,2,2x8,18,2025-03-14,340.0,346.25
East,2,2x8,18,2025-03-21,335.0,341.25
East,2,2x8,18,2025-03-28,335.0,337.5
East,2,2x8,18,2025-04-04,335.0,336.25
East,2,2x8,18,2025-04-11,335.0,335.0
East,2,2x8,18,2025-04-18,335.0,335.0
East,2,2x8,18,2025-04-25,335.0,335.0
East,2,2x8,18,2025-05-02,330.0,333.75
East,2,2x8,18,2025-05-09,320.0,330.0
East,2,2x8,18,2025-05-16,305.0,322.5
East,2,2x8,18,2025-05-23,295.0,312.5
East,2,2x8,18,2025-05-30,285.0,301.25
East,2,2x8,18,2025-06-06,280.0,291.25
East,2,2x8,18,2025-06-13,280.0,285.0
East,2,2x8,18,2025-06-19,280.0,281.25
East,2,2x8,18,2025-06-27,280.0,280.0
East,2,2x8,18,2025-07-03,290.0,282.5
East,2,2x8,18,2025-07-11,295.0,286.25
East,2,2x8,18,2025-07-18,295.0,290.0
East,2,2x8,18,2025-07-25,305.0,296.25
East,2,2x8,18,2025-08-01,305.0,300.0
East,2,2x8,18,2025-08-08,305.0,302.5
East,2,2x8,18,2025-08-15,300.0,303.75
East,2,2x8,18,2025-08-22,290.0,300.0
East,2,2x8,18,2025-08-29,280.0,293.75
East,2,2x8,18,2025-09-05,270.0,285.0
East,2,2x8,18,2025-09-12,270.0,277.5
East,2,2x8,18,2025-09-19,270.0,272.5
East,2,2x8,18,2025-09-26,275.0,271.25
East,2,2x8,18,2025-10-03,285.0,275.0
East,2,2x8,18,2025-10-10,295.0,281.25
East,2,2x8,18,2025-10-17,310.0,291.25
East,2,2x8,20,2024-01-12,335.0,335.0
East,2,2x8,20,2024-01-18,325.0,330.0
East,2,2x8,20,2024-01-25,315.0,325.0
East,2,2x8,20,2024-02-08,325.0,325.0
East,2,2x8,20,2024-02-15,340.0,326.25
East,2,2x8,20,2024-02-22,355.0,333.75
East,2,2x8,20,2024-02-29,365.0,346.25
East,2,2x8,20,2024-03-07,365.0,356.25
East,2,2x8,20,2024-03-14,370.0,363.75
East,2,2x8,20,2024-03-21,360.0,365.0
East,2,2x8,20,2024-03-28,355.0,362.5
East,2,2x8,20,2024-04-04,340.0,356.25
East,2,2x8,20,2024-04-11,320.0,343.75
East,2,2x8,20,2024-04-18,300.0,328.75
East,2,2x8,20,2024-04-25,295.0,313.75
East,2,2x8,20,2024-05-02,295.0,302.5
East,2,2x8,20,2024-05-09,305.0,298.75
East,2,2x8,20,2024-05-16,315.0,302.5
East,2,2x8,20,2024-05-30,325.0,310.0
East,2,2x8,20,2024-06-06,325.0,317.5
East,2,2x8,20,2024-06-13,310.0,318.75
East,2,2x8,20,2024-06-20,300.0,315.0
East,2,2x8,20,2024-06-27,290.0,306.25
East,2,2x8,20,2024-07-04,290.0,297.5
East,2,2x8,20,2024-07-11,290.0,292.5
East,2,2x8,20,2024-07-18,290.0,290.0
East,2,2x8,20,2024-07-25,290.0,290.0
East,2,2x8,20,2024-08-01,290.0,290.0
East,2,2x8,20,2024-08-08,290.0,290.0
East,2,2x8,20,2024-08-15,290.0,290.0
East,2,2x8,20,2024-08-22,280.0,287.5
East,2,2x8,20,2024-08-29,275.0,283.75
East,2,2x8,20,2024-09-05,270.0,278.75
East,2,2x8,20,2024-09-12,270.0,273.75
East,2,2x8,20,2024-09-20,275.0,272.5
East,2,2x8,20,2024-09-27,285.0,275.0
East,2,2x8,20,2024-10-04,305.0,283.75
East,2,2x8,20,2024-10-11,330.0,298.75
East,2,2x8,20,2024-10-18,355.0,318.75
East,2,2x8,20,2024-10-25,370.0,340.0
East,2,2x8,20,2024-11-01,370.0,356.25
East,2,2x8,20,2024-11-08,365.0,365.0
East,2,2x8,20,2024-11-15,355.0,365.0
East,2,2x8,20,2024-11-22,350.0,360.0
East,2,2x8,20,2024-11-27,345.0,353.75
East,2,2x8,20,2024-12-06,340.0,347.5
East,2,2x8,20,2024-12-13,335.0,342.5
East,2,2x8,20,2024-12-20,345.0,341.25
East,2,2x8,20,2025-01-03,370.0,347.5
East,2,2x8,20,2025-01-10,375.0,356.25
East,2,2x8,20,2025-01-17,380.0,367.5
East,2,2x8,20,2025-01-24,375.0,375.0
East,2,2x8,20,2025-01-31,365.0,373.75
East,2,2x8,20,2025-02-07,370.0,372.5
East,2,2x8,20,2025-02-14,375.0,371.25
East,2,2x8,20,2025-02-21,375.0,371.25
East,2,2x8,20,2025-02-28,370.0,372.5
East,2,2x8,20,2025-03-07,360.0,370.0
East,2,2x8,20,2025-03-14,360.0,366.25
East,2,2x8,20,2025-03-21,355.0,361.25
East,2,2x8,20,2025-03-28,355.0,357.5
East,2,2x8,20,2025-04-04,355.0,356.25
East,2,2x8,20,2025-04-11,355.0,355.0
East,2,2x8,20,2025-04-18,355.0,355.0
East,2,2x8,20,2025-04-25,350.0,353.75
East,2,2x8,20,2025-05-02,345.0,351.25
East,2,2x8,20,2025-05-09,330.0,345.0
East,2,2x8,20,2025-05-16,315.0,335.0
East,2,2x8,20,2025-05-23,295.0,321.25
East,2,2x8,20,2025-05-30,285.0,306.25
East,2,2x8,20,2025-06-06,280.0,293.75
East,2,2x8,20,2025-06-13,280.0,285.0
East,2,2x8,20,2025-06-19,275.0,280.0
East,2,2x8,20,2025-06-27,285.0,280.0
East,2,2x8,20,2025-07-03,295.0,283.75
East,2,2x8,20,2025-07-11,300.0,288.75
East,2,2x8,20,2025-07-18,300.0,295.0
East,2,2x8,20,2025-07-25,335.0,307.5
East,2,2x8,20,2025-08-01,315.0,312.5
East,2,2x8,20,2025-08-08,320.0,317.5
East,2,2x8,20,2025-08-15,320.0,322.5
East,2,2x8,20,2025-08-22,310.0,316.25
East,2,2x8,20,2025-08-29,295.0,311.25
East,2,2x8,20,2025-09-05,285.0,302.5
East,2,2x8,20,2025-09-12,285.0,293.75
East,2,2x8,20,2025-09-19,285.0,287.5
East,2,2x8,20,2025-09-26,290.0,286.25
East,2,2x8,20,2025-10-03,295.0,288.75
East,2,2x8,20,2025-10-10,300.0,292.5
East,2,2x8,20,2025-10-17,310.0,298.75
West,1,2x10,8,2024-01-12,355.0,355.0
West,1,2x10,8,2024-01-18,340.0,347.5
West,1,2x10,8,2024-01-25,325.0,340.0
West,1,2x10,8,2024-02-08,310.0,332.5
West,1,2x10,8,2024-02-15,310.0,321.25
West,1,2x10,8,2024-02-22,310.0,313.75
West,1,2x10,8,2024-02-29,315.0,311.25
West,1,2x10,8,2024-03-07,320.0,313.75
West,1,2x10,8,2024-03-14,315.0,315.0
West,1,2x10,8,2024-03-21,320.0,317.5
West,1,2x10,8,2024-03-28,320.0,318.75
West,1,2x10,8,2024-04-04,320.0,318.75
West,1,2x10,8,2024-04-11,320.0,320.0
West,1,2x10,8,2024-04-18,320.0,320.0
West,1,2x10,8,2024-04-25,330.0,322.5
West,1,2x10,8,2024-05-02,330.0,325.0
West,1,2x10,8,2024-05-09,335.0,328.75
West,1,2x10,8,2024-05-16,340.0,333.75
West,1,2x10,8,2024-05-30,370.0,343.75
West,1,2x10,8,2024-06-06,380.0,356.25
West,1,2x10,8,2024-06-13,390.0,370.0
West,1,2x10,8,2024-06-20,390.0,382.5
West,1,2x10,8,2024-06-27,385.0,386.25
West,1,2x10,8,2024-07-04,380.0,386.25
West,1,2x10,8,2024-07-11,375.0,382.5
West,1,2x10,8,2024-07-18,375.0,378.75
West,1,2x10,8,2024-07-25,385.0,378.75
West,1,2x10,8,2024-08-01,385.0,380.0
West,1,2x10,8,2024-08-08,385.0,382.5
West,1,2x10,8,2024-08-15,380.0,383.75
West,1,2x10,8,2024-08-22,370.0,380.0
West,1,2x10,8,2024-08-29,355.0,372.5
West,1,2x10,8,2024-09-05,345.0,362.5
West,1,2x10,8,2024-09-12,340.0,352.5
West,1,2x10,8,2024-09-20,345.0,346.25
West,1,2x10,8,2024-09-26,345.0,343.75
West,1,2x10,8,2024-09-27,340.0,342.5
West,1,2x10,8,2024-10-04,335.0,341.25
West,1,2x10,8,2024-10-11,335.0,338.75
West,1,2x10,8,2024-10-18,340.0,337.5
West,1,2x10,8,2024-10-25,350.0,340.0
West,1,2x10,8,2024-11-01,350.0,343.75
West,1,2x10,8,2024-11-08,350.0,347.5
West,1,2x10,8,2024-11-15,350.0,350.0
West,1,2x10,8,2024-11-22,345.0,348.75
West,1,2x10,8,2024-11-27,340.0,346.25
West,1,2x10,8,2024-12-06,335.0,342.5
West,1,2x10,8,2024-12-13,335.0,338.75
West,1,2x10,8,2024-12-20,345.0,338.75
West,1,2x10,8,2025-01-03,355.0,342.5
West,1,2x10,8,2025-01-10,360.0,348.75
West,1,2x10,8,2025-01-17,360.0,355.0
West,1,2x10,8,2025-01-24,350.0,356.25
West,1,2x10,8,2025-01-31,340.0,352.5
West,1,2x10,8,2025-02-07,340.0,347.5
West,1,2x10,8,2025-02-14,340.0,342.5
West,1,2x10,8,2025-02-21,340.0,340.0
West,1,2x10,8,2025-02-28,340.0,340.0
West,1,2x10,8,2025-03-07,340.0,340.0
West,1,2x10,8,2025-03-14,340.0,340.0
West,1,2x10,8,2025-03-21,345.0,341.25
West,1,2x10,8,2025-03-28,360.0,346.25
West,1,2x10,8,2025-04-04,380.0,356.25
West,1,2x10,8,2025-04-11,400.0,371.25
West,1,2x10,8,2025-04-18,440.0,395.0
West,1,2x10,8,2025-04-25,465.0,421.25
West,1,2x10,8,2025-05-02,475.0,445.0
West,1,2x10,8,2025-05-09,475.0,463.75
West,1,2x10,8,2025-05-16,470.0,471.25
West,1,2x10,8,2025-05-23,455.0,468.75
West,1,2x10,8,2025-05-30,445.0,461.25
West,1,2x10,8,2025-06-06,425.0,448.75
West,1,2x10,8,2025-06-13,410.0,433.75
West,1,2x10,8,2025-06-19,390.0,417.5
West,1,2x10,8,2025-06-27,375.0,400.0
West,1,2x10,8,2025-07-03,365.0,385.0
West,1,2x10,8,2025-07-11,355.0,371.25
West,1,2x10,8,2025-07-18,355.0,362.5
West,1,2x10,8,2025-07-25,350.0,356.25
West,1,2x10,8,2025-08-01,350.0,352.5
West,1,2x10,8,2025-08-08,350.0,351.25
West,1,2x10,8,2025-08-15,347.0,349.25
West,1,2x10,8,2025-08-22,335.0,345.5
West,1,2x10,8,2025-08-29,325.0,339.25
West,1,2x10,8,2025-09-05,315.0,330.5
West,1,2x10,8,2025-09-12,310.0,321.25
West,1,2x10,8,2025-09-19,305.0,313.75
West,1,2x10,8,2025-09-26,300.0,307.5
West,1,2x10,8,2025-10-03,300.0,303.75
West,1,2x10,8,2025-10-10,300.0,301.25
West,1,2x10,8,2025-10-17,300.0,300.0
West,1,2x10,10,2024-01-12,445.0,445.0
West,1,2x10,10,2024-01-18,430.0,437.5
West,1,2x10,10,2024-01-25,415.0,430.0
West,1,2x10,10,2024-02-08,400.0,422.5
West,1,2x10,10,2024-02-15,395.0,410.0
West,1,2x10,10,2024-02-22,395.0,401.25
West,1,2x10,10,2024-02-29,400.0,397.5
West,1,2x10,10,2024-03-07,405.0,398.75
West,1,2x10,10,2024-03-14,400.0,400.0
West,1,2x10,10,2024-03-21,400.0,401.25
West,1,2x10,10,2024-03-28,400.0,401.25
West,1,2x10,10,2024-04-04,400.0,400.0
West,1,2x10,10,2024-04-11,400.0,400.0
West,1,2x10,10,2024-04-18,390.0,397.5
West,1,2x10,10,2024-04-25,400.0,397.5
West,1,2x10,10,2024-05-02,400.0,397.5
West,1,2x10,10,2024-05-09,405.0,398.75
West,1,2x10,10,2024-05-16,410.0,403.75
West,1,2x10,10,2024-05-30,440.0,413.75
West,1,2x10,10,2024-06-06,445.0,425.0
West,1,2x10,10,2024-06-13,455.0,437.5
West,1,2x10,10,2024-06-20,455.0,448.75
West,1,2x10,10,2024-06-27,450.0,451.25
West,1,2x10,10,2024-07-04,450.0,452.5
West,1,2x10,10,2024-07-11,445.0,450.0
West,1,2x10,10,2024-07-18,445.0,447.5
West,1,2x10,10,2024-07-25,445.0,446.25
West,1,2x10,10,2024-08-01,445.0,445.0
West,1,2x10,10,2024-08-08,445.0,445.0
West,1,2x10,10,2024-08-15,440.0,443.75
West,1,2x10,10,2024-08-22,430.0,440.0
West,1,2x10,10,2024-08-29,415.0,432.5
West,1,2x10,10,2024-09-05,405.0,422.5
West,1,2x10,10,2024-09-12,400.0,412.5
West,1,2x10,10,2024-09-20,405.0,406.25
West,1,2x10,10,2024-09-26,405.0,403.75
West,1,2x10,10,2024-09-27,400.0,402.5
West,1,2x10,10,2024-10-04,395.0,401.25
West,1,2x10,10,2024-10-11,395.0,398.75
West,1,2x10,10,2024-10-18,400.0,397.5
West,1,2x10,10,2024-10-25,400.0,397.5
West,1,2x10,10,2024-11-01,400.0,398.75
West,1,2x10,10,2024-11-08,400.0,400.0
West,1,2x10,10,2024-11-15,400.0,400.0
West,1,2x10,10,2024-11-22,395.0,398.75
West,1,2x10,10,2024-11-27,390.0,396.25
West,1,2x10,10,2024-12-06,385.0,392.5
West,1,2x10,10,2024-12-13,385.0,388.75
West,1,2x10,10,2024-12-20,395.0,388.75
West,1,2x10,10,2025-01-03,405.0,392.5
West,1,2x10,10,2025-01-10,410.0,398.75
West,1,2x10,10,2025-01-17,410.0,405.0
West,1,2x10,10,2025-01-24,400.0,406.25
West,1,2x10,10,2025-01-31,390.0,402.5
West,1,2x10,10,2025-02-07,390.0,397.5
West,1,2x10,10,2025-02-14,390.0,392.5
West,1,2x10,10,2025-02-21,390.0,390.0
West,1,2x10,10,2025-02-28,390.0,390.0
West,1,2x10,10,2025-03-07,390.0,390.0
West,1,2x10,10,2025-03-14,390.0,390.0
West,1,2x10,10,2025-03-21,395.0,391.25
West,1,2x10,10,2025-03-28,410.0,396.25
West,1,2x10,10,2025-04-04,430.0,406.25
West,1,2x10,10,2025-04-11,450.0,421.25
West,1,2x10,10,2025-04-18,490.0,445.0
West,1,2x10,10,2025-04-25,515.0,471.25
West,1,2x10,10,2025-05-02,525.0,495.0
West,1,2x10,10,2025-05-09,525.0,513.75
West,1,2x10,10,2025-05-16,520.0,521.25
West,1,2x10,10,2025-05-23,505.0,518.75
West,1,2x10,10,2025-05-30,495.0,511.25
West,1,2x10,10,2025-06-06,475.0,498.75
West,1,2x10,10,2025-06-13,460.0,483.75
West,1,2x10,10,2025-06-19,440.0,467.5
West,1,2x10,10,2025-06-27,430.0,451.25
West,1,2x10,10,2025-07-03,420.0,437.5
West,1,2x10,10,2025-07-11,410.0,425.0
West,1,2x10,10,2025-07-18,410.0,417.5
West,1,2x10,10,2025-07-25,405.0,411.25
West,1,2x10,10,2025-08-01,405.0,407.5
West,1,2x10,10,2025-08-08,395.0,403.75
West,1,2x10,10,2025-08-15,382.0,396.75
West,1,2x10,10,2025-08-22,370.0,388.0
West,1,2x10,10,2025-08-29,345.0,373.0
West,1,2x10,10,2025-09-05,335.0,358.0
West,1,2x10,10,2025-09-12,330.0,345.0
West,1,2x10,10,2025-09-19,325.0,333.75
West,1,2x10,10,2025-09-26,320.0,327.5
West,1,2x10,10,2025-10-03,320.0,323.75
West,1,2x10,10,2025-10-10,320.0,321.25
West,1,2x10,10,2025-10-17,320.0,320.0
West,1,2x10,12,2024-01-12,420.0,420.0
West,1,2x10,12,2024-01-18,405.0,412.5
West,1,2x10,12,2024-01-25,390.0,405.0
West,1,2x10,12,2024-02-08,375.0,397.5
West,1,2x10,12,2024-02-15,370.0,385.0
West,1,2x10,12,2024-02-22,370.0,376.25
West,1,2x10,12,2024-02-29,375.0,372.5
West,1,2x10,12,2024-03-07,380.0,373.75
West,1,2x10,12,2024-03-14,375.0,375.0
West,1,2x10,12,2024-03-21,380.0,377.5
West,1,2x10,12,2024-03-28,380.0,378.75
West,1,2x10,12,2024-04-04,380.0,378.75
West,1,2x10,12,2024-04-11,380.0,380.0
West,1,2x10,12,2024-04-18,370.0,377.5
West,1,2x10,12,2024-04-25,380.0,377.5
West,1,2x10,12,2024-05-02,380.0,377.5
West,1,2x10,12,2024-05-09,385.0,378.75
West,1,2x10,12,2024-05-16,390.0,383.75
West,1,2x10,12,2024-05-30,420.0,393.75
West,1,2x10,12,2024-06-06,430.0,406.25
West,1,2x10,12,2024-06-13,440.0,420.0
West,1,2x10,12,2024-06-20,440.0,432.5
West,1,2x10,12,2024-06-27,435.0,436.25
West,1,2x10,12,2024-07-04,435.0,437.5
West,1,2x10,12,2024-07-11,430.0,435.0
West,1,2x10,12,2024-07-18,430.0,432.5
West,1,2x10,12,2024-07-25,440.0,433.75
West,1,2x10,12,2024-08-01,440.0,435.0
West,1,2x10,12,2024-08-08,440.0,437.5
West,1,2x10,12,2024-08-15,435.0,438.75
West,1,2x10,12,2024-08-22,425.0,435.0
West,1,2x10,12,2024-08-29,410.0,427.5
West,1,2x10,12,2024-09-05,400.0,417.5
West,1,2x10,12,2024-09-12,395.0,407.5
West,1,2x10,12,2024-09-20,400.0,401.25
West,1,2x10,12,2024-09-26,400.0,398.75
West,1,2x10,12,2024-09-27,395.0,397.5
West,1,2x10,12,2024-10-04,390.0,396.25
West,1,2x10,12,2024-10-11,395.0,395.0
West,1,2x10,12,2024-10-18,400.0,395.0
West,1,2x10,12,2024-10-25,400.0,396.25
West,1,2x10,12,2024-11-01,400.0,398.75
West,1,2x10,12,2024-11-08,400.0,400.0
West,1,2x10,12,2024-11-15,400.0,400.0
West,1,2x10,12,2024-11-22,395.0,398.75
West,1,2x10,12,2024-11-27,390.0,396.25
West,1,2x10,12,2024-12-06,385.0,392.5
West,1,2x10,12,2024-12-13,385.0,388.75
West,1,2x10,12,2024-12-20,395.0,388.75
West,1,2x10,12,2025-01-03,405.0,392.5
West,1,2x10,12,2025-01-10,410.0,398.75
West,1,2x10,12,2025-01-17,410.0,405.0
West,1,2x10,12,2025-01-24,400.0,406.25
West,1,2x10,12,2025-01-31,390.0,402.5
West,1,2x10,12,2025-02-07,390.0,397.5
West,1,2x10,12,2025-02-14,390.0,392.5
West,1,2x10,12,2025-02-21,390.0,390.0
West,1,2x10,12,2025-02-28,390.0,390.0
West,1,2x10,12,2025-03-07,390.0,390.0
West,1,2x10,12,2025-03-14,390.0,390.0
West,1,2x10,12,2025-03-21,395.0,391.25
West,1,2x10,12,2025-03-28,410.0,396.25
West,1,2x10,12,2025-04-04,430.0,406.25
West,1,2x10,12,2025-04-11,450.0,421.25
West,1,2x10,12,2025-04-18,490.0,445.0
West,1,2x10,12,2025-04-25,515.0,471.25
West,1,2x10,12,2025-05-02,525.0,495.0
West,1,2x10,12,2025-05-09,525.0,513.75
West,1,2x10,12,2025-05-16,520.0,521.25
West,1,2x10,12,2025-05-23,505.0,518.75
West,1,2x10,12,2025-05-30,495.0,511.25
West,1,2x10,12,2025-06-06,475.0,498.75
West,1,2x10,12,2025-06-13,460.0,483.75
West,1,2x10,12,2025-06-19,440.0,467.5
West,1,2x10,12,2025-06-27,430.0,451.25
West,1,2x10,12,2025-07-03,420.0,437.5
West,1,2x10,12,2025-07-11,410.0,425.0
West,1,2x10,12,2025-07-18,410.0,417.5
West,1,2x10,12,2025-07-25,410.0,412.5
West,1,2x10,12,2025-08-01,410.0,410.0
West,1,2x10,12,2025-08-08,410.0,410.0
West,1,2x10,12,2025-08-15,395.0,406.25
West,1,2x10,12,2025-08-22,380.0,398.75
West,1,2x10,12,2025-08-29,355.0,385.0
West,1,2x10,12,2025-09-05,345.0,368.75
West,1,2x10,12,2025-09-12,340.0,355.0
West,1,2x10,12,2025-09-19,335.0,343.75
West,1,2x10,12,2025-09-26,330.0,337.5
West,1,2x10,12,2025-10-03,330.0,333.75
West,1,2x10,12,2025-10-10,330.0,331.25
West,1,2x10,12,2025-10-17,330.0,330.0
West,1,2x10,14,2024-01-12,345.0,345.0
West,1,2x10,14,2024-01-18,330.0,337.5
West,1,2x10,14,2024-01-25,315.0,330.0
West,1,2x10,14,2024-02-08,300.0,322.5
West,1,2x10,14,2024-02-15,295.0,310.0
West,1,2x10,14,2024-02-22,290.0,300.0
West,1,2x10,14,2024-02-29,295.0,295.0
West,1,2x10,14,2024-03-07,300.0,295.0
West,1,2x10,14,2024-03-14,300.0,296.25
West,1,2x10,14,2024-03-21,310.0,301.25
West,1,2x10,14,2024-03-28,310.0,305.0
West,1,2x10,14,2024-04-04,310.0,307.5
West,1,2x10,14,2024-04-11,310.0,310.0
West,1,2x10,14,2024-04-18,310.0,310.0
West,1,2x10,14,2024-04-25,315.0,311.25
West,1,2x10,14,2024-05-02,315.0,312.5
West,1,2x10,14,2024-05-09,320.0,315.0
West,1,2x10,14,2024-05-16,325.0,318.75
West,1,2x10,14,2024-05-30,355.0,328.75
West,1,2x10,14,2024-06-06,375.0,343.75
West,1,2x10,14,2024-06-13,385.0,360.0
West,1,2x10,14,2024-06-20,385.0,375.0
West,1,2x10,14,2024-06-27,380.0,381.25
West,1,2x10,14,2024-07-04,380.0,382.5
West,1,2x10,14,2024-07-11,375.0,380.0
West,1,2x10,14,2024-07-18,375.0,377.5
West,1,2x10,14,2024-07-25,380.0,377.5
West,1,2x10,14,2024-08-01,380.0,377.5
West,1,2x10,14,2024-08-08,380.0,378.75
West,1,2x10,14,2024-08-15,375.0,378.75
West,1,2x10,14,2024-08-22,365.0,375.0
West,1,2x10,14,2024-08-29,350.0,367.5
West,1,2x10,14,2024-09-05,340.0,357.5
West,1,2x10,14,2024-09-12,335.0,347.5
West,1,2x10,14,2024-09-20,340.0,341.25
West,1,2x10,14,2024-09-26,340.0,338.75
West,1,2x10,14,2024-09-27,335.0,337.5
West,1,2x10,14,2024-10-04,330.0,336.25
West,1,2x10,14,2024-10-11,335.0,335.0
West,1,2x10,14,2024-10-18,340.0,335.0
West,1,2x10,14,2024-10-25,340.0,336.25
West,1,2x10,14,2024-11-01,340.0,338.75
West,1,2x10,14,2024-11-08,340.0,340.0
West,1,2x10,14,2024-11-15,340.0,340.0
West,1,2x10,14,2024-11-22,335.0,338.75
West,1,2x10,14,2024-11-27,330.0,336.25
West,1,2x10,14,2024-12-06,325.0,332.5
West,1,2x10,14,2024-12-13,325.0,328.75
West,1,2x10,14,2024-12-20,335.0,328.75
West,1,2x10,14,2025-01-03,345.0,332.5
West,1,2x10,14,2025-01-10,350.0,338.75
West,1,2x10,14,2025-01-17,350.0,345.0
West,1,2x10,14,2025-01-24,340.0,346.25
West,1,2x10,14,2025-01-31,330.0,342.5
West,1,2x10,14,2025-02-07,330.0,337.5
West,1,2x10,14,2025-02-14,330.0,332.5
West,1,2x10,14,2025-02-21,330.0,330.0
West,1,2x10,14,2025-02-28,330.0,330.0
West,1,2x10,14,2025-03-07,330.0,330.0
West,1,2x10,14,2025-03-14,330.0,330.0
West,1,2x10,14,2025-03-21,335.0,331.25
West,1,2x10,14,2025-03-28,350.0,336.25
West,1,2x10,14,2025-04-04,370.0,346.25
West,1,2x10,14,2025-04-11,390.0,361.25
West,1,2x10,14,2025-04-18,430.0,385.0
West,1,2x10,14,2025-04-25,455.0,411.25
West,1,2x10,14,2025-05-02,465.0,435.0
West,1,2x10,14,2025-05-09,465.0,453.75
West,1,2x10,14,2025-05-16,460.0,461.25
West,1,2x10,14,2025-05-23,445.0,458.75
West,1,2x10,14,2025-05-30,435.0,451.25
West,1,2x10,14,2025-06-06,415.0,438.75
West,1,2x10,14,2025-06-13,400.0,423.75
West,1,2x10,14,2025-06-19,380.0,407.5
West,1,2x10,14,2025-06-27,365.0,390.0
West,1,2x10,14,2025-07-03,355.0,375.0
West,1,2x10,14,2025-07-11,355.0,363.75
West,1,2x10,14,2025-07-18,355.0,357.5
West,1,2x10,14,2025-07-25,350.0,353.75
West,1,2x10,14,2025-08-01,350.0,352.5
West,1,2x10,14,2025-08-08,350.0,351.25
West,1,2x10,14,2025-08-15,350.0,350.0
West,1,2x10,14,2025-08-22,340.0,347.5
West,1,2x10,14,2025-08-29,330.0,342.5
West,1,2x10,14,2025-09-05,320.0,335.0
West,1,2x10,14,2025-09-12,315.0,326.25
West,1,2x10,14,2025-09-19,310.0,318.75
West,1,2x10,14,2025-09-26,305.0,312.5
West,1,2x10,14,2025-10-03,305.0,308.75
West,1,2x10,14,2025-10-10,305.0,306.25
West,1,2x10,14,2025-10-17,305.0,305.0
West,1,2x10,16,2024-01-12,410.0,410.0
West,1,2x10,16,2024-01-18,395.0,402.5
West,1,2x10,16,2024-01-25,380.0,395.0
West,1,2x10,16,2024-02-08,365.0,387.5
West,1,2x10,16,2024-02-15,355.0,373.75
West,1,2x10,16,2024-02-22,350.0,362.5
West,1,2x10,16,2024-02-29,355.0,356.25
West,1,2x10,16,2024-03-07,360.0,355.0
West,1,2x10,16,2024-03-14,360.0,356.25
West,1,2x10,16,2024-03-21,365.0,360.0
West,1,2x10,16,2024-03-28,365.0,362.5
West,1,2x10,16,2024-04-04,365.0,363.75
West,1,2x10,16,2024-04-11,365.0,365.0
West,1,2x10,16,2024-04-18,365.0,365.0
West,1,2x10,16,2024-04-25,365.0,365.0
West,1,2x10,16,2024-05-02,365.0,365.0
West,1,2x10,16,2024-05-09,370.0,366.25
West,1,2x10,16,2024-05-16,375.0,368.75
West,1,2x10,16,2024-05-30,405.0,378.75
West,1,2x10,16,2024-06-06,410.0,390.0
West,1,2x10,16,2024-06-13,420.0,402.5
West,1,2x10,16,2024-06-20,420.0,413.75
West,1,2x10,16,2024-06-27,415.0,416.25
West,1,2x10,16,2024-07-04,415.0,417.5
West,1,2x10,16,2024-07-11,410.0,415.0
West,1,2x10,16,2024-07-18,410.0,412.5
West,1,2x10,16,2024-07-25,425.0,415.0
West,1,2x10,16,2024-08-01,425.0,417.5
West,1,2x10,16,2024-08-08,425.0,421.25
West,1,2x10,16,2024-08-15,420.0,423.75
West,1,2x10,16,2024-08-22,410.0,420.0
West,1,2x10,16,2024-08-29,395.0,412.5
West,1,2x10,16,2024-09-05,385.0,402.5
West,1,2x10,16,2024-09-12,380.0,392.5
West,1,2x10,16,2024-09-20,385.0,386.25
West,1,2x10,16,2024-09-26,385.0,383.75
West,1,2x10,16,2024-09-27,380.0,382.5
West,1,2x10,16,2024-10-04,375.0,381.25
West,1,2x10,16,2024-10-11,385.0,381.25
West,1,2x10,16,2024-10-18,390.0,382.5
West,1,2x10,16,2024-10-25,390.0,385.0
West,1,2x10,16,2024-11-01,390.0,388.75
West,1,2x10,16,2024-11-08,390.0,390.0
West,1,2x10,16,2024-11-15,390.0,390.0
West,1,2x10,16,2024-11-22,385.0,388.75
West,1,2x10,16,2024-11-27,380.0,386.25
West,1,2x10,16,2024-12-06,375.0,382.5
West,1,2x10,16,2024-12-13,375.0,378.75
West,1,2x10,16,2024-12-20,385.0,378.75
West,1,2x10,16,2025-01-03,395.0,382.5
West,1,2x10,16,2025-01-10,400.0,388.75
West,1,2x10,16,2025-01-17,400.0,395.0
West,1,2x10,16,2025-01-24,390.0,396.25
West,1,2x10,16,2025-01-31,380.0,392.5
West,1,2x10,16,2025-02-07,380.0,387.5
West,1,2x10,16,2025-02-14,380.0,382.5
West,1,2x10,16,2025-02-21,380.0,380.0
West,1,2x10,16,2025-02-28,380.0,380.0
West,1,2x10,16,2025-03-07,380.0,380.0
West,1,2x10,16,2025-03-14,380.0,380.0
West,1,2x10,16,2025-03-21,385.0,381.25
West,1,2x10,16,2025-03-28,400.0,386.25
West,1,2x10,16,2025-04-04,420.0,396.25
West,1,2x10,16,2025-04-11,440.0,411.25
West,1,2x10,16,2025-04-18,480.0,435.0
West,1,2x10,16,2025-04-25,505.0,461.25
West,1,2x10,16,2025-05-02,515.0,485.0
West,1,2x10,16,2025-05-09,515.0,503.75
West,1,2x10,16,2025-05-16,510.0,511.25
West,1,2x10,16,2025-05-23,495.0,508.75
West,1,2x10,16,2025-05-30,485.0,501.25
West,1,2x10,16,2025-06-06,460.0,487.5
West,1,2x10,16,2025-06-13,445.0,471.25
West,1,2x10,16,2025-06-19,425.0,453.75
West,1,2x10,16,2025-06-27,415.0,436.25
West,1,2x10,16,2025-07-03,405.0,422.5
West,1,2x10,16,2025-07-11,400.0,411.25
West,1,2x10,16,2025-07-18,400.0,405.0
West,1,2x10,16,2025-07-25,400.0,401.25
West,1,2x10,16,2025-08-01,400.0,400.0
West,1,2x10,16,2025-08-08,390.0,397.5
West,1,2x10,16,2025-08-15,380.0,392.5
West,1,2x10,16,2025-08-22,360.0,382.5
West,1,2x10,16,2025-08-29,340.0,367.5
West,1,2x10,16,2025-09-05,330.0,352.5
West,1,2x10,16,2025-09-12,325.0,338.75
West,1,2x10,16,2025-09-19,320.0,328.75
West,1,2x10,16,2025-09-26,315.0,322.5
West,1,2x10,16,2025-10-03,315.0,318.75
West,1,2x10,16,2025-10-10,315.0,316.25
West,1,2x10,16,2025-10-17,315.0,315.0
West,1,2x10,18,2024-01-12,345.0,345.0
West,1,2x10,18,2024-01-18,330.0,337.5
West,1,2x10,18,2024-01-25,315.0,330.0
West,1,2x10,18,2024-02-08,300.0,322.5
West,1,2x10,18,2024-02-15,295.0,310.0
West,1,2x10,18,2024-02-22,295.0,301.25
West,1,2x10,18,2024-02-29,295.0,296.25
West,1,2x10,18,2024-03-07,300.0,296.25
West,1,2x10,18,2024-03-14,295.0,296.25
West,1,2x10,18,2024-03-21,295.0,296.25
West,1,2x10,18,2024-03-28,295.0,296.25
West,1,2x10,18,2024-04-04,285.0,292.5
West,1,2x10,18,2024-04-11,285.0,290.0
West,1,2x10,18,2024-04-18,285.0,287.5
West,1,2x10,18,2024-04-25,285.0,285.0
West,1,2x10,18,2024-05-02,285.0,285.0
West,1,2x10,18,2024-05-09,290.0,286.25
West,1,2x10,18,2024-05-16,295.0,288.75
West,1,2x10,18,2024-05-30,325.0,298.75
West,1,2x10,18,2024-06-06,330.0,310.0
West,1,2x10,18,2024-06-13,340.0,322.5
West,1,2x10,18,2024-06-20,340.0,333.75
West,1,2x10,18,2024-06-27,335.0,336.25
West,1,2x10,18,2024-07-04,335.0,337.5
West,1,2x10,18,2024-07-11,330.0,335.0
West,1,2x10,18,2024-07-18,330.0,332.5
West,1,2x10,18,2024-07-25,340.0,333.75
West,1,2x10,18,2024-08-01,340.0,335.0
West,1,2x10,18,2024-08-08,340.0,337.5
West,1,2x10,18,2024-08-15,335.0,338.75
West,1,2x10,18,2024-08-22,325.0,335.0
West,1,2x10,18,2024-08-29,310.0,327.5
West,1,2x10,18,2024-09-05,300.0,317.5
West,1,2x10,18,2024-09-12,295.0,307.5
West,1,2x10,18,2024-09-20,300.0,301.25
West,1,2x10,18,2024-09-26,300.0,298.75
West,1,2x10,18,2024-09-27,295.0,297.5
West,1,2x10,18,2024-10-04,290.0,296.25
West,1,2x10,18,2024-10-11,295.0,295.0
West,1,2x10,18,2024-10-18,295.0,293.75
West,1,2x10,18,2024-10-25,295.0,293.75
West,1,2x10,18,2024-11-01,295.0,295.0
West,1,2x10,18,2024-11-08,295.0,295.0
West,1,2x10,18,2024-11-15,295.0,295.0
West,1,2x10,18,2024-11-22,290.0,293.75
West,1,2x10,18,2024-11-27,285.0,291.25
West,1,2x10,18,2024-12-06,280.0,287.5
West,1,2x10,18,2024-12-13,280.0,283.75
West,1,2x10,18,2024-12-20,290.0,283.75
West,1,2x10,18,2025-01-03,300.0,287.5
West,1,2x10,18,2025-01-10,305.0,293.75
West,1,2x10,18,2025-01-17,305.0,300.0
West,1,2x10,18,2025-01-24,295.0,301.25
West,1,2x10,18,2025-01-31,290.0,298.75
West,1,2x10,18,2025-02-07,290.0,295.0
West,1,2x10,18,2025-02-14,290.0,291.25
West,1,2x10,18,2025-02-21,290.0,290.0
West,1,2x10,18,2025-02-28,290.0,290.0
West,1,2x10,18,2025-03-07,290.0,290.0
West,1,2x10,18,2025-03-14,290.0,290.0
West,1,2x10,18,2025-03-21,295.0,291.25
West,1,2x10,18,2025-03-28,310.0,296.25
West,1,2x10,18,2025-04-04,330.0,306.25
West,1,2x10,18,2025-04-11,350.0,321.25
West,1,2x10,18,2025-04-18,390.0,345.0
West,1,2x10,18,2025-04-25,415.0,371.25
West,1,2x10,18,2025-05-02,425.0,395.0
West,1,2x10,18,2025-05-09,425.0,413.75
West,1,2x10,18,2025-05-16,420.0,421.25
West,1,2x10,18,2025-05-23,405.0,418.75
West,1,2x10,18,2025-05-30,395.0,411.25
West,1,2x10,18,2025-06-06,370.0,397.5
West,1,2x10,18,2025-06-13,355.0,381.25
West,1,2x10,18,2025-06-19,335.0,363.75
West,1,2x10,18,2025-06-27,320.0,345.0
West,1,2x10,18,2025-07-03,310.0,330.0
West,1,2x10,18,2025-07-11,305.0,317.5
West,1,2x10,18,2025-07-18,305.0,310.0
West,1,2x10,18,2025-07-25,305.0,306.25
West,1,2x10,18,2025-08-01,305.0,305.0
West,1,2x10,18,2025-08-08,305.0,305.0
West,1,2x10,18,2025-08-15,305.0,305.0
West,1,2x10,18,2025-08-22,305.0,305.0
West,1,2x10,18,2025-08-29,300.0,303.75
West,1,2x10,18,2025-09-05,290.0,300.0
West,1,2x10,18,2025-09-12,285.0,295.0
West,1,2x10,18,2025-09-19,280.0,288.75
West,1,2x10,18,2025-09-26,275.0,282.5
West,1,2x10,18,2025-10-03,275.0,278.75
West,1,2x10,18,2025-10-10,275.0,276.25
West,1,2x10,18,2025-10-17,275.0,275.0
West,1,2x10,20,2024-01-12,730.0,730.0
West,1,2x10,20,2024-01-18,715.0,722.5
West,1,2x10,20,2024-01-25,700.0,715.0
West,1,2x10,20,2024-02-08,685.0,707.5
West,1,2x10,20,2024-02-15,675.0,693.75
West,1,2x10,20,2024-02-22,655.0,678.75
West,1,2x10,20,2024-02-29,655.0,667.5
West,1,2x10,20,2024-03-07,660.0,661.25
West,1,2x10,20,2024-03-14,640.0,652.5
West,1,2x10,20,2024-03-21,635.0,647.5
West,1,2x10,20,2024-03-28,635.0,642.5
West,1,2x10,20,2024-04-04,610.0,630.0
West,1,2x10,20,2024-04-11,590.0,617.5
West,1,2x10,20,2024-04-18,580.0,603.75
West,1,2x10,20,2024-04-25,560.0,585.0
West,1,2x10,20,2024-05-02,560.0,572.5
West,1,2x10,20,2024-05-09,565.0,566.25
West,1,2x10,20,2024-05-16,570.0,563.75
West,1,2x10,20,2024-05-30,600.0,573.75
West,1,2x10,20,2024-06-06,600.0,583.75
West,1,2x10,20,2024-06-13,605.0,593.75
West,1,2x10,20,2024-06-20,605.0,602.5
West,1,2x10,20,2024-06-27,600.0,602.5
West,1,2x10,20,2024-07-04,600.0,602.5
West,1,2x10,20,2024-07-11,595.0,600.0
West,1,2x10,20,2024-07-18,595.0,597.5
West,1,2x10,20,2024-07-25,600.0,597.5
West,1,2x10,20,2024-08-01,600.0,597.5
West,1,2x10,20,2024-08-08,600.0,598.75
West,1,2x10,20,2024-08-15,595.0,598.75
West,1,2x10,20,2024-08-22,585.0,595.0
West,1,2x10,20,2024-08-29,570.0,587.5
West,1,2x10,20,2024-09-05,560.0,577.5
West,1,2x10,20,2024-09-12,555.0,567.5
West,1,2x10,20,2024-09-20,560.0,561.25
West,1,2x10,20,2024-09-26,560.0,558.75
West,1,2x10,20,2024-09-27,555.0,557.5
West,1,2x10,20,2024-10-04,550.0,556.25
West,1,2x10,20,2024-10-11,550.0,553.75
West,1,2x10,20,2024-10-18,550.0,551.25
West,1,2x10,20,2024-10-25,550.0,550.0
West,1,2x10,20,2024-11-01,550.0,550.0
West,1,2x10,20,2024-11-08,550.0,550.0
West,1,2x10,20,2024-11-15,550.0,550.0
West,1,2x10,20,2024-11-22,545.0,548.75
West,1,2x10,20,2024-11-27,540.0,546.25
West,1,2x10,20,2024-12-06,535.0,542.5
West,1,2x10,20,2024-12-13,520.0,535.0
West,1,2x10,20,2024-12-20,510.0,526.25
West,1,2x10,20,2025-01-03,520.0,521.25
West,1,2x10,20,2025-01-10,525.0,518.75
West,1,2x10,20,2025-01-17,525.0,520.0
West,1,2x10,20,2025-01-24,515.0,521.25
West,1,2x10,20,2025-01-31,510.0,518.75
West,1,2x10,20,2025-02-07,510.0,515.0
West,1,2x10,20,2025-02-14,510.0,511.25
West,1,2x10,20,2025-02-21,510.0,510.0
West,1,2x10,20,2025-02-28,510.0,510.0
West,1,2x10,20,2025-03-07,510.0,510.0
West,1,2x10,20,2025-03-14,510.0,510.0
West,1,2x10,20,2025-03-21,515.0,511.25
West,1,2x10,20,2025-03-28,525.0,515.0
West,1,2x10,20,2025-04-04,525.0,518.75
West,1,2x10,20,2025-04-11,545.0,527.5
West,1,2x10,20,2025-04-18,585.0,545.0
West,1,2x10,20,2025-04-25,585.0,560.0
West,1,2x10,20,2025-05-02,595.0,577.5
West,1,2x10,20,2025-05-09,595.0,590.0
West,1,2x10,20,2025-05-16,590.0,591.25
West,1,2x10,20,2025-05-23,575.0,588.75
West,1,2x10,20,2025-05-30,565.0,581.25
West,1,2x10,20,2025-06-06,530.0,565.0
West,1,2x10,20,2025-06-13,515.0,546.25
West,1,2x10,20,2025-06-19,495.0,526.25
West,1,2x10,20,2025-06-27,470.0,502.5
West,1,2x10,20,2025-07-03,460.0,485.0
West,1,2x10,20,2025-07-11,450.0,468.75
West,1,2x10,20,2025-07-18,450.0,457.5
West,1,2x10,20,2025-07-25,445.0,451.25
West,1,2x10,20,2025-08-01,445.0,447.5
West,1,2x10,20,2025-08-08,435.0,443.75
West,1,2x10,20,2025-08-15,415.0,435.0
West,1,2x10,20,2025-08-22,400.0,423.75
West,1,2x10,20,2025-08-29,380.0,407.5
West,1,2x10,20,2025-09-05,370.0,391.25
West,1,2x10,20,2025-09-12,365.0,378.75
West,1,2x10,20,2025-09-19,360.0,368.75
West,1,2x10,20,2025-09-26,355.0,362.5
West,1,2x10,20,2025-10-03,355.0,358.75
West,1,2x10,20,2025-10-10,355.0,356.25
West,1,2x10,20,2025-10-17,355.0,355.0
West,1,2x12,8,2024-01-12,590.0,590.0
West,1,2x12,8,2024-01-18,590.0,590.0
West,1,2x12,8,2024-01-25,595.0,591.6666666666666
West,1,2x12,8,2024-02-08,620.0,598.75
West,1,2x12,8,2024-02-15,640.0,611.25
West,1,2x12,8,2024-02-22,660.0,628.75
West,1,2x12,8,2024-02-29,680.0,650.0
West,1,2x12,8,2024-03-07,690.0,667.5
West,1,2x12,8,2024-03-14,710.0,685.0
West,1,2x12,8,2024-03-21,710.0,697.5
West,1,2x12,8,2024-03-28,710.0,705.0
West,1,2x12,8,2024-04-04,690.0,705.0
West,1,2x12,8,2024-04-11,670.0,695.0
West,1,2x12,8,2024-04-18,640.0,677.5
West,1,2x12,8,2024-04-25,610.0,652.5
West,1,2x12,8,2024-05-02,570.0,622.5
West,1,2x12,8,2024-05-09,550.0,592.5
West,1,2x12,8,2024-05-16,540.0,567.5
West,1,2x12,8,2024-05-30,540.0,550.0
West,1,2x12,8,2024-06-06,540.0,542.5
West,1,2x12,8,2024-06-13,545.0,541.25
West,1,2x12,8,2024-06-20,545.0,542.5
West,1,2x12,8,2024-06-27,540.0,542.5
West,1,2x12,8,2024-07-04,540.0,542.5
West,1,2x12,8,2024-07-11,540.0,541.25
West,1,2x12,8,2024-07-18,545.0,541.25
West,1,2x12,8,2024-07-25,560.0,546.25
West,1,2x12,8,2024-08-01,570.0,553.75
West,1,2x12,8,2024-08-08,580.0,563.75
West,1,2x12,8,2024-08-15,580.0,572.5
West,1,2x12,8,2024-08-22,580.0,577.5
West,1,2x12,8,2024-08-29,590.0,582.5
West,1,2x12,8,2024-09-05,600.0,587.5
West,1,2x12,8,2024-09-12,615.0,596.25
West,1,2x12,8,2024-09-20,635.0,610.0
West,1,2x12,8,2024-09-26,635.0,621.25
West,1,2x12,8,2024-09-27,640.0,631.25
West,1,2x12,8,2024-10-04,640.0,637.5
West,1,2x12,8,2024-10-11,665.0,645.0
West,1,2x12,8,2024-10-18,675.0,655.0
West,1,2x12,8,2024-10-25,685.0,666.25
West,1,2x12,8,2024-11-01,685.0,677.5
West,1,2x12,8,2024-11-08,680.0,681.25
West,1,2x12,8,2024-11-15,660.0,677.5
West,1,2x12,8,2024-11-22,630.0,663.75
West,1,2x12,8,2024-11-27,610.0,645.0
West,1,2x12,8,2024-12-06,590.0,622.5
West,1,2x12,8,2024-12-13,580.0,602.5
West,1,2x12,8,2024-12-20,565.0,586.25
West,1,2x12,8,2025-01-03,555.0,572.5
West,1,2x12,8,2025-01-10,545.0,561.25
West,1,2x12,8,2025-01-17,530.0,548.75
West,1,2x12,8,2025-01-24,525.0,538.75
West,1,2x12,8,2025-01-31,520.0,530.0
West,1,2x12,8,2025-02-07,515.0,522.5
West,1,2x12,8,2025-02-14,515.0,518.75
West,1,2x12,8,2025-02-21,515.0,516.25
West,1,2x12,8,2025-02-28,515.0,515.0
West,1,2x12,8,2025-03-07,515.0,515.0
West,1,2x12,8,2025-03-14,515.0,515.0
West,1,2x12,8,2025-03-21,515.0,515.0
West,1,2x12,8,2025-03-28,530.0,518.75
West,1,2x12,8,2025-04-04,535.0,523.75
West,1,2x12,8,2025-04-11,540.0,530.0
West,1,2x12,8,2025-04-18,545.0,537.5
West,1,2x12,8,2025-04-25,550.0,542.5
West,1,2x12,8,2025-05-02,550.0,546.25
West,1,2x12,8,2025-05-09,550.0,548.75
West,1,2x12,8,2025-05-16,540.0,547.5
West,1,2x12,8,2025-05-23,520.0,540.0
West,1,2x12,8,2025-05-30,505.0,528.75
West,1,2x12,8,2025-06-06,490.0,513.75
West,1,2x12,8,2025-06-13,470.0,496.25
West,1,2x12,8,2025-06-19,440.0,476.25
West,1,2x12,8,2025-06-27,440.0,460.0
West,1,2x12,8,2025-07-03,440.0,447.5
West,1,2x12,8,2025-07-11,440.0,440.0
West,1,2x12,8,2025-07-18,450.0,442.5
West,1,2x12,8,2025-07-25,450.0,445.0
West,1,2x12,8,2025-08-01,450.0,447.5
West,1,2x12,8,2025-08-08,450.0,450.0
West,1,2x12,8,2025-08-15,450.0,450.0
West,1,2x12,8,2025-08-22,440.0,447.5
West,1,2x12,8,2025-08-29,440.0,445.0
West,1,2x12,8,2025-09-05,435.0,441.25
West,1,2x12,8,2025-09-12,435.0,437.5
West,1,2x12,8,2025-09-19,440.0,437.5
West,1,2x12,8,2025-09-26,440.0,437.5
West,1,2x12,8,2025-10-03,440.0,438.75
West,1,2x12,8,2025-10-10,445.0,441.25
West,1,2x12,8,2025-10-17,445.0,442.5
West,1,2x12,10,2024-01-12,585.0,585.0
West,1,2x12,10,2024-01-18,585.0,585.0
West,1,2x12,10,2024-01-25,590.0,586.6666666666666
West,1,2x12,10,2024-02-08,615.0,593.75
West,1,2x12,10,2024-02-15,635.0,606.25
West,1,2x12,10,2024-02-22,660.0,625.0
West,1,2x12,10,2024-02-29,680.0,647.5
West,1,2x12,10,2024-03-07,685.0,665.0
West,1,2x12,10,2024-03-14,690.0,678.75
West,1,2x12,10,2024-03-21,695.0,687.5
West,1,2x12,10,2024-03-28,685.0,688.75
West,1,2x12,10,2024-04-04,665.0,683.75
West,1,2x12,10,2024-04-11,645.0,672.5
West,1,2x12,10,2024-04-18,615.0,652.5
West,1,2x12,10,2024-04-25,585.0,627.5
West,1,2x12,10,2024-05-02,545.0,597.5
West,1,2x12,10,2024-05-09,525.0,567.5
West,1,2x12,10,2024-05-16,515.0,542.5
West,1,2x12,10,2024-05-30,515.0,525.0
West,1,2x12,10,2024-06-06,515.0,517.5
West,1,2x12,10,2024-06-13,515.0,515.0
West,1,2x12,10,2024-06-20,515.0,515.0
West,1,2x12,10,2024-06-27,510.0,513.75
West,1,2x12,10,2024-07-04,510.0,512.5
West,1,2x12,10,2024-07-11,510.0,511.25
West,1,2x12,10,2024-07-18,515.0,511.25
West,1,2x12,10,2024-07-25,530.0,516.25
West,1,2x12,10,2024-08-01,540.0,523.75
West,1,2x12,10,2024-08-08,550.0,533.75
West,1,2x12,10,2024-08-15,560.0,545.0
West,1,2x12,10,2024-08-22,560.0,552.5
West,1,2x12,10,2024-08-29,570.0,560.0
West,1,2x12,10,2024-09-05,580.0,567.5
West,1,2x12,10,2024-09-12,595.0,576.25
West,1,2x12,10,2024-09-20,610.0,588.75
West,1,2x12,10,2024-09-26,610.0,598.75
West,1,2x12,10,2024-09-27,615.0,607.5
West,1,2x12,10,2024-10-04,615.0,612.5
West,1,2x12,10,2024-10-11,645.0,621.25
West,1,2x12,10,2024-10-18,655.0,632.5
West,1,2x12,10,2024-10-25,665.0,645.0
West,1,2x12,10,2024-11-01,665.0,657.5
West,1,2x12,10,2024-11-08,660.0,661.25
West,1,2x12,10,2024-11-15,640.0,657.5
West,1,2x12,10,2024-11-22,610.0,643.75
West,1,2x12,10,2024-11-27,590.0,625.0
West,1,2x12,10,2024-12-06,570.0,602.5
West,1,2x12,10,2024-12-13,560.0,582.5
West,1,2x12,10,2024-12-20,545.0,566.25
West,1,2x12,10,2025-01-03,535.0,552.5
West,1,2x12,10,2025-01-10,525.0,541.25
West,1,2x12,10,2025-01-17,510.0,528.75
West,1,2x12,10,2025-01-24,505.0,518.75
West,1,2x12,10,2025-01-31,500.0,510.0
West,1,2x12,10,2025-02-07,510.0,506.25
West,1,2x12,10,2025-02-14,510.0,506.25
West,1,2x12,10,2025-02-21,510.0,507.5
West,1,2x12,10,2025-02-28,510.0,510.0
West,1,2x12,10,2025-03-07,510.0,510.0
West,1,2x12,10,2025-03-14,510.0,510.0
West,1,2x12,10,2025-03-21,510.0,510.0
West,1,2x12,10,2025-03-28,525.0,513.75
West,1,2x12,10,2025-04-04,530.0,518.75
West,1,2x12,10,2025-04-11,535.0,525.0
West,1,2x12,10,2025-04-18,540.0,532.5
West,1,2x12,10,2025-04-25,545.0,537.5
West,1,2x12,10,2025-05-02,545.0,541.25
West,1,2x12,10,2025-05-09,545.0,543.75
West,1,2x12,10,2025-05-16,535.0,542.5
West,1,2x12,10,2025-05-23,515.0,535.0
West,1,2x12,10,2025-05-30,500.0,523.75
West,1,2x12,10,2025-06-06,470.0,505.0
West,1,2x12,10,2025-06-13,455.0,485.0
West,1,2x12,10,2025-06-19,425.0,462.5
West,1,2x12,10,2025-06-27,420.0,442.5
West,1,2x12,10,2025-07-03,420.0,430.0
West,1,2x12,10,2025-07-11,420.0,421.25
West,1,2x12,10,2025-07-18,420.0,420.0
West,1,2x12,10,2025-07-25,420.0,420.0
West,1,2x12,10,2025-08-01,420.0,420.0
West,1,2x12,10,2025-08-08,420.0,420.0
West,1,2x12,10,2025-08-15,425.0,421.25
West,1,2x12,10,2025-08-22,415.0,420.0
West,1,2x12,10,2025-08-29,415.0,418.75
West,1,2x12,10,2025-09-05,410.0,416.25
West,1,2x12,10,2025-09-12,410.0,412.5
West,1,2x12,10,2025-09-19,415.0,412.5
West,1,2x12,10,2025-09-26,415.0,412.5
West,1,2x12,10,2025-10-03,415.0,413.75
West,1,2x12,10,2025-10-10,420.0,416.25
West,1,2x12,10,2025-10-17,425.0,418.75
West,1,2x12,12,2024-01-12,545.0,545.0
West,1,2x12,12,2024-01-18,545.0,545.0
West,1,2x12,12,2024-01-25,550.0,546.6666666666666
West,1,2x12,12,2024-02-08,575.0,553.75
West,1,2x12,12,2024-02-15,595.0,566.25
West,1,2x12,12,2024-02-22,610.0,582.5
West,1,2x12,12,2024-02-29,625.0,601.25
West,1,2x12,12,2024-03-07,630.0,615.0
West,1,2x12,12,2024-03-14,630.0,623.75
West,1,2x12,12,2024-03-21,630.0,628.75
West,1,2x12,12,2024-03-28,630.0,630.0
West,1,2x12,12,2024-04-04,610.0,625.0
West,1,2x12,12,2024-04-11,590.0,615.0
West,1,2x12,12,2024-04-18,560.0,597.5
West,1,2x12,12,2024-04-25,530.0,572.5
West,1,2x12,12,2024-05-02,490.0,542.5
West,1,2x12,12,2024-05-09,470.0,512.5
West,1,2x12,12,2024-05-16,460.0,487.5
West,1,2x12,12,2024-05-30,460.0,470.0
West,1,2x12,12,2024-06-06,460.0,462.5
West,1,2x12,12,2024-06-13,445.0,456.25
West,1,2x12,12,2024-06-20,445.0,452.5
West,1,2x12,12,2024-06-27,440.0,447.5
West,1,2x12,12,2024-07-04,430.0,440.0
West,1,2x12,12,2024-07-11,430.0,436.25
West,1,2x12,12,2024-07-18,435.0,433.75
West,1,2x12,12,2024-07-25,435.0,432.5
West,1,2x12,12,2024-08-01,445.0,436.25
West,1,2x12,12,2024-08-08,450.0,441.25
West,1,2x12,12,2024-08-15,455.0,446.25
West,1,2x12,12,2024-08-22,455.0,451.25
West,1,2x12,12,2024-08-29,465.0,456.25
West,1,2x12,12,2024-09-05,475.0,462.5
West,1,2x12,12,2024-09-12,490.0,471.25
West,1,2x12,12,2024-09-20,495.0,481.25
West,1,2x12,12,2024-09-26,495.0,488.75
West,1,2x12,12,2024-09-27,500.0,495.0
West,1,2x12,12,2024-10-04,500.0,497.5
West,1,2x12,12,2024-10-11,535.0,507.5
West,1,2x12,12,2024-10-18,545.0,520.0
West,1,2x12,12,2024-10-25,555.0,533.75
West,1,2x12,12,2024-11-01,555.0,547.5
West,1,2x12,12,2024-11-08,550.0,551.25
West,1,2x12,12,2024-11-15,530.0,547.5
West,1,2x12,12,2024-11-22,500.0,533.75
West,1,2x12,12,2024-11-27,480.0,515.0
West,1,2x12,12,2024-12-06,460.0,492.5
West,1,2x12,12,2024-12-13,450.0,472.5
West,1,2x12,12,2024-12-20,435.0,456.25
West,1,2x12,12,2025-01-03,425.0,442.5
West,1,2x12,12,2025-01-10,415.0,431.25
West,1,2x12,12,2025-01-17,415.0,422.5
West,1,2x12,12,2025-01-24,410.0,416.25
West,1,2x12,12,2025-01-31,405.0,411.25
West,1,2x12,12,2025-02-07,400.0,407.5
West,1,2x12,12,2025-02-14,400.0,403.75
West,1,2x12,12,2025-02-21,400.0,401.25
West,1,2x12,12,2025-02-28,400.0,400.0
West,1,2x12,12,2025-03-07,400.0,400.0
West,1,2x12,12,2025-03-14,400.0,400.0
West,1,2x12,12,2025-03-21,400.0,400.0
West,1,2x12,12,2025-03-28,415.0,403.75
West,1,2x12,12,2025-04-04,420.0,408.75
West,1,2x12,12,2025-04-11,425.0,415.0
West,1,2x12,12,2025-04-18,430.0,422.5
West,1,2x12,12,2025-04-25,435.0,427.5
West,1,2x12,12,2025-05-02,435.0,431.25
West,1,2x12,12,2025-05-09,435.0,433.75
West,1,2x12,12,2025-05-16,425.0,432.5
West,1,2x12,12,2025-05-23,405.0,425.0
West,1,2x12,12,2025-05-30,390.0,413.75
West,1,2x12,12,2025-06-06,370.0,397.5
West,1,2x12,12,2025-06-13,355.0,380.0
West,1,2x12,12,2025-06-19,325.0,360.0
West,1,2x12,12,2025-06-27,325.0,343.75
West,1,2x12,12,2025-07-03,325.0,332.5
West,1,2x12,12,2025-07-11,335.0,327.5
West,1,2x12,12,2025-07-18,345.0,332.5
West,1,2x12,12,2025-07-25,360.0,341.25
West,1,2x12,12,2025-08-01,410.0,362.5
West,1,2x12,12,2025-08-08,360.0,368.75
West,1,2x12,12,2025-08-15,365.0,373.75
West,1,2x12,12,2025-08-22,365.0,375.0
West,1,2x12,12,2025-08-29,365.0,363.75
West,1,2x12,12,2025-09-05,360.0,363.75
West,1,2x12,12,2025-09-12,360.0,362.5
West,1,2x12,12,2025-09-19,365.0,362.5
West,1,2x12,12,2025-09-26,365.0,362.5
West,1,2x12,12,2025-10-03,380.0,367.5
West,1,2x12,12,2025-10-10,385.0,373.75
West,1,2x12,12,2025-10-17,395.0,381.25
West,1,2x12,14,2024-01-12,515.0,515.0
West,1,2x12,14,2024-01-18,515.0,515.0
West,1,2x12,14,2024-01-25,520.0,516.6666666666666
West,1,2x12,14,2024-02-08,545.0,523.75
West,1,2x12,14,2024-02-15,565.0,536.25
West,1,2x12,14,2024-02-22,580.0,552.5
West,1,2x12,14,2024-02-29,590.0,570.0
West,1,2x12,14,2024-03-07,600.0,583.75
West,1,2x12,14,2024-03-14,600.0,592.5
West,1,2x12,14,2024-03-21,600.0,597.5
West,1,2x12,14,2024-03-28,600.0,600.0
West,1,2x12,14,2024-04-04,580.0,595.0
West,1,2x12,14,2024-04-11,560.0,585.0
West,1,2x12,14,2024-04-18,530.0,567.5
West,1,2x12,14,2024-04-25,500.0,542.5
West,1,2x12,14,2024-05-02,460.0,512.5
West,1,2x12,14,2024-05-09,440.0,482.5
West,1,2x12,14,2024-05-16,430.0,457.5
West,1,2x12,14,2024-05-30,430.0,440.0
West,1,2x12,14,2024-06-06,430.0,432.5
West,1,2x12,14,2024-06-13,425.0,428.75
West,1,2x12,14,2024-06-20,425.0,427.5
West,1,2x12,14,2024-06-27,420.0,425.0
West,1,2x12,14,2024-07-04,410.0,420.0
West,1,2x12,14,2024-07-11,410.0,416.25
West,1,2x12,14,2024-07-18,415.0,413.75
West,1,2x12,14,2024-07-25,425.0,415.0
West,1,2x12,14,2024-08-01,435.0,421.25
West,1,2x12,14,2024-08-08,440.0,428.75
West,1,2x12,14,2024-08-15,450.0,437.5
West,1,2x12,14,2024-08-22,450.0,443.75
West,1,2x12,14,2024-08-29,460.0,450.0
West,1,2x12,14,2024-09-05,470.0,457.5
West,1,2x12,14,2024-09-12,485.0,466.25
West,1,2x12,14,2024-09-20,510.0,481.25
West,1,2x12,14,2024-09-26,510.0,493.75
West,1,2x12,14,2024-09-27,515.0,505.0
West,1,2x12,14,2024-10-04,515.0,512.5
West,1,2x12,14,2024-10-11,545.0,521.25
West,1,2x12,14,2024-10-18,555.0,532.5
West,1,2x12,14,2024-10-25,565.0,545.0
West,1,2x12,14,2024-11-01,565.0,557.5
West,1,2x12,14,2024-11-08,560.0,561.25
West,1,2x12,14,2024-11-15,540.0,557.5
West,1,2x12,14,2024-11-22,510.0,543.75
West,1,2x12,14,2024-11-27,490.0,525.0
West,1,2x12,14,2024-12-06,470.0,502.5
West,1,2x12,14,2024-12-13,460.0,482.5
West,1,2x12,14,2024-12-20,445.0,466.25
West,1,2x12,14,2025-01-03,445.0,455.0
West,1,2x12,14,2025-01-10,435.0,446.25
West,1,2x12,14,2025-01-17,425.0,437.5
West,1,2x12,14,2025-01-24,420.0,431.25
West,1,2x12,14,2025-01-31,415.0,423.75
West,1,2x12,14,2025-02-07,420.0,420.0
West,1,2x12,14,2025-02-14,420.0,418.75
West,1,2x12,14,2025-02-21,420.0,418.75
West,1,2x12,14,2025-02-28,420.0,420.0
West,1,2x12,14,2025-03-07,420.0,420.0
West,1,2x12,14,2025-03-14,420.0,420.0
West,1,2x12,14,2025-03-21,420.0,420.0
West,1,2x12,14,2025-03-28,435.0,423.75
West,1,2x12,14,2025-04-04,440.0,428.75
West,1,2x12,14,2025-04-11,445.0,435.0
West,1,2x12,14,2025-04-18,450.0,442.5
West,1,2x12,14,2025-04-25,455.0,447.5
West,1,2x12,14,2025-05-02,455.0,451.25
West,1,2x12,14,2025-05-09,455.0,453.75
West,1,2x12,14,2025-05-16,445.0,452.5
West,1,2x12,14,2025-05-23,415.0,442.5
West,1,2x12,14,2025-05-30,400.0,428.75
West,1,2x12,14,2025-06-06,375.0,408.75
West,1,2x12,14,2025-06-13,360.0,387.5
West,1,2x12,14,2025-06-19,330.0,366.25
West,1,2x12,14,2025-06-27,320.0,346.25
West,1,2x12,14,2025-07-03,320.0,332.5
West,1,2x12,14,2025-07-11,320.0,322.5
West,1,2x12,14,2025-07-18,320.0,320.0
West,1,2x12,14,2025-07-25,320.0,320.0
West,1,2x12,14,2025-08-01,350.0,327.5
West,1,2x12,14,2025-08-08,320.0,327.5
West,1,2x12,14,2025-08-15,320.0,327.5
West,1,2x12,14,2025-08-22,320.0,327.5
West,1,2x12,14,2025-08-29,310.0,317.5
West,1,2x12,14,2025-09-05,305.0,313.75
West,1,2x12,14,2025-09-12,305.0,310.0
West,1,2x12,14,2025-09-19,310.0,307.5
West,1,2x12,14,2025-09-26,310.0,307.5
West,1,2x12,14,2025-10-03,320.0,311.25
West,1,2x12,14,2025-10-10,325.0,316.25
West,1,2x12,14,2025-10-17,335.0,322.5
West,1,2x12,16,2024-01-12,605.0,605.0
West,1,2x12,16,2024-01-18,605.0,605.0
West,1,2x12,16,2024-01-25,610.0,606.6666666666666
West,1,2x12,16,2024-02-08,635.0,613.75
West,1,2x12,16,2024-02-15,655.0,626.25
West,1,2x12,16,2024-02-22,670.0,642.5
West,1,2x12,16,2024-02-29,685.0,661.25
West,1,2x12,16,2024-03-07,700.0,677.5
West,1,2x12,16,2024-03-14,700.0,688.75
West,1,2x12,16,2024-03-21,700.0,696.25
West,1,2x12,16,2024-03-28,665.0,691.25
West,1,2x12,16,2024-04-04,645.0,677.5
West,1,2x12,16,2024-04-11,625.0,658.75
West,1,2x12,16,2024-04-18,595.0,632.5
West,1,2x12,16,2024-04-25,545.0,602.5
West,1,2x12,16,2024-05-02,505.0,567.5
West,1,2x12,16,2024-05-09,485.0,532.5
West,1,2x12,16,2024-05-16,475.0,502.5
West,1,2x12,16,2024-05-30,475.0,485.0
West,1,2x12,16,2024-06-06,475.0,477.5
West,1,2x12,16,2024-06-13,480.0,476.25
West,1,2x12,16,2024-06-20,480.0,477.5
West,1,2x12,16,2024-06-27,475.0,477.5
West,1,2x12,16,2024-07-04,475.0,477.5
West,1,2x12,16,2024-07-11,475.0,476.25
West,1,2x12,16,2024-07-18,480.0,476.25
West,1,2x12,16,2024-07-25,495.0,481.25
West,1,2x12,16,2024-08-01,505.0,488.75
West,1,2x12,16,2024-08-08,510.0,497.5
West,1,2x12,16,2024-08-15,515.0,506.25
West,1,2x12,16,2024-08-22,515.0,511.25
West,1,2x12,16,2024-08-29,525.0,516.25
West,1,2x12,16,2024-09-05,535.0,522.5
West,1,2x12,16,2024-09-12,550.0,531.25
West,1,2x12,16,2024-09-20,570.0,545.0
West,1,2x12,16,2024-09-26,570.0,556.25
West,1,2x12,16,2024-09-27,575.0,566.25
West,1,2x12,16,2024-10-04,580.0,573.75
West,1,2x12,16,2024-10-11,610.0,583.75
West,1,2x12,16,2024-10-18,620.0,596.25
West,1,2x12,16,2024-10-25,630.0,610.0
West,1,2x12,16,2024-11-01,635.0,623.75
West,1,2x12,16,2024-11-08,630.0,628.75
West,1,2x12,16,2024-11-15,610.0,626.25
West,1,2x12,16,2024-11-22,580.0,613.75
West,1,2x12,16,2024-11-27,560.0,595.0
West,1,2x12,16,2024-12-06,540.0,572.5
West,1,2x12,16,2024-12-13,530.0,552.5
West,1,2x12,16,2024-12-20,515.0,536.25
West,1,2x12,16,2025-01-03,515.0,525.0
West,1,2x12,16,2025-01-10,515.0,518.75
West,1,2x12,16,2025-01-17,505.0,512.5
West,1,2x12,16,2025-01-24,500.0,508.75
West,1,2x12,16,2025-01-31,490.0,502.5
West,1,2x12,16,2025-02-07,490.0,496.25
West,1,2x12,16,2025-02-14,490.0,492.5
West,1,2x12,16,2025-02-21,490.0,490.0
West,1,2x12,16,2025-02-28,490.0,490.0
West,1,2x12,16,2025-03-07,490.0,490.0
West,1,2x12,16,2025-03-14,490.0,490.0
West,1,2x12,16,2025-03-21,490.0,490.0
West,1,2x12,16,2025-03-28,505.0,493.75
West,1,2x12,16,2025-04-04,510.0,498.75
West,1,2x12,16,2025-04-11,515.0,505.0
West,1,2x12,16,2025-04-18,520.0,512.5
West,1,2x12,16,2025-04-25,525.0,517.5
West,1,2x12,16,2025-05-02,525.0,521.25
West,1,2x12,16,2025-05-09,525.0,523.75
West,1,2x12,16,2025-05-16,515.0,522.5
West,1,2x12,16,2025-05-23,490.0,513.75
West,1,2x12,16,2025-05-30,475.0,501.25
West,1,2x12,16,2025-06-06,450.0,482.5
West,1,2x12,16,2025-06-13,435.0,462.5
West,1,2x12,16,2025-06-19,405.0,441.25
West,1,2x12,16,2025-06-27,395.0,421.25
West,1,2x12,16,2025-07-03,395.0,407.5
West,1,2x12,16,2025-07-11,395.0,397.5
West,1,2x12,16,2025-07-18,395.0,395.0
West,1,2x12,16,2025-07-25,395.0,395.0
West,1,2x12,16,2025-08-01,400.0,396.25
West,1,2x12,16,2025-08-08,380.0,392.5
West,1,2x12,16,2025-08-15,380.0,388.75
West,1,2x12,16,2025-08-22,360.0,380.0
West,1,2x12,16,2025-08-29,345.0,366.25
West,1,2x12,16,2025-09-05,340.0,356.25
West,1,2x12,16,2025-09-12,340.0,346.25
West,1,2x12,16,2025-09-19,345.0,342.5
West,1,2x12,16,2025-09-26,345.0,342.5
West,1,2x12,16,2025-10-03,355.0,346.25
West,1,2x12,16,2025-10-10,360.0,351.25
West,1,2x12,16,2025-10-17,370.0,357.5
West,1,2x12,18,2024-01-12,595.0,595.0
West,1,2x12,18,2024-01-18,595.0,595.0
West,1,2x12,18,2024-01-25,600.0,596.6666666666666
West,1,2x12,18,2024-02-08,625.0,603.75
West,1,2x12,18,2024-02-15,645.0,616.25
West,1,2x12,18,2024-02-22,660.0,632.5
West,1,2x12,18,2024-02-29,670.0,650.0
West,1,2x12,18,2024-03-07,680.0,663.75
West,1,2x12,18,2024-03-14,680.0,672.5
West,1,2x12,18,2024-03-21,680.0,677.5
West,1,2x12,18,2024-03-28,665.0,676.25
West,1,2x12,18,2024-04-04,645.0,667.5
West,1,2x12,18,2024-04-11,625.0,653.75
West,1,2x12,18,2024-04-18,595.0,632.5
West,1,2x12,18,2024-04-25,545.0,602.5
West,1,2x12,18,2024-05-02,505.0,567.5
West,1,2x12,18,2024-05-09,485.0,532.5
West,1,2x12,18,2024-05-16,475.0,502.5
West,1,2x12,18,2024-05-30,475.0,485.0
West,1,2x12,18,2024-06-06,475.0,477.5
West,1,2x12,18,2024-06-13,450.0,468.75
West,1,2x12,18,2024-06-20,450.0,462.5
West,1,2x12,18,2024-06-27,445.0,455.0
West,1,2x12,18,2024-07-04,435.0,445.0
West,1,2x12,18,2024-07-11,435.0,441.25
West,1,2x12,18,2024-07-18,440.0,438.75
West,1,2x12,18,2024-07-25,450.0,440.0
West,1,2x12,18,2024-08-01,460.0,446.25
West,1,2x12,18,2024-08-08,465.0,453.75
West,1,2x12,18,2024-08-15,470.0,461.25
West,1,2x12,18,2024-08-22,470.0,466.25
West,1,2x12,18,2024-08-29,480.0,471.25
West,1,2x12,18,2024-09-05,490.0,477.5
West,1,2x12,18,2024-09-12,505.0,486.25
West,1,2x12,18,2024-09-20,510.0,496.25
West,1,2x12,18,2024-09-26,510.0,503.75
West,1,2x12,18,2024-09-27,515.0,510.0
West,1,2x12,18,2024-10-04,520.0,513.75
West,1,2x12,18,2024-10-11,550.0,523.75
West,1,2x12,18,2024-10-18,560.0,536.25
West,1,2x12,18,2024-10-25,570.0,550.0
West,1,2x12,18,2024-11-01,575.0,563.75
West,1,2x12,18,2024-11-08,570.0,568.75
West,1,2x12,18,2024-11-15,550.0,566.25
West,1,2x12,18,2024-11-22,520.0,553.75
West,1,2x12,18,2024-11-27,500.0,535.0
West,1,2x12,18,2024-12-06,480.0,512.5
West,1,2x12,18,2024-12-13,470.0,492.5
West,1,2x12,18,2024-12-20,460.0,477.5
West,1,2x12,18,2025-01-03,460.0,467.5
West,1,2x12,18,2025-01-10,460.0,462.5
West,1,2x12,18,2025-01-17,460.0,460.0
West,1,2x12,18,2025-01-24,455.0,458.75
West,1,2x12,18,2025-01-31,445.0,455.0
West,1,2x12,18,2025-02-07,440.0,450.0
West,1,2x12,18,2025-02-14,440.0,445.0
West,1,2x12,18,2025-02-21,440.0,441.25
West,1,2x12,18,2025-02-28,440.0,440.0
West,1,2x12,18,2025-03-07,440.0,440.0
West,1,2x12,18,2025-03-14,440.0,440.0
West,1,2x12,18,2025-03-21,440.0,440.0
West,1,2x12,18,2025-03-28,455.0,443.75
West,1,2x12,18,2025-04-04,460.0,448.75
West,1,2x12,18,2025-04-11,465.0,455.0
West,1,2x12,18,2025-04-18,470.0,462.5
West,1,2x12,18,2025-04-25,475.0,467.5
West,1,2x12,18,2025-05-02,475.0,471.25
West,1,2x12,18,2025-05-09,475.0,473.75
West,1,2x12,18,2025-05-16,465.0,472.5
West,1,2x12,18,2025-05-23,435.0,462.5
West,1,2x12,18,2025-05-30,420.0,448.75
West,1,2x12,18,2025-06-06,395.0,428.75
West,1,2x12,18,2025-06-13,380.0,407.5
West,1,2x12,18,2025-06-19,350.0,386.25
West,1,2x12,18,2025-06-27,340.0,366.25
West,1,2x12,18,2025-07-03,340.0,352.5
West,1,2x12,18,2025-07-11,340.0,342.5
West,1,2x12,18,2025-07-18,340.0,340.0
West,1,2x12,18,2025-07-25,340.0,340.0
West,1,2x12,18,2025-08-01,305.0,331.25
West,1,2x12,18,2025-08-08,340.0,331.25
West,1,2x12,18,2025-08-15,340.0,331.25
West,1,2x12,18,2025-08-22,330.0,328.75
West,1,2x12,18,2025-08-29,315.0,331.25
West,1,2x12,18,2025-09-05,310.0,323.75
West,1,2x12,18,2025-09-12,310.0,316.25
West,1,2x12,18,2025-09-19,315.0,312.5
West,1,2x12,18,2025-09-26,315.0,312.5
West,1,2x12,18,2025-10-03,325.0,316.25
West,1,2x12,18,2025-10-10,330.0,321.25
West,1,2x12,18,2025-10-17,340.0,327.5
West,1,2x12,20,2024-01-12,825.0,825.0
West,1,2x12,20,2024-01-18,825.0,825.0
West,1,2x12,20,2024-01-25,830.0,826.6666666666666
West,1,2x12,20,2024-02-08,855.0,833.75
West,1,2x12,20,2024-02-15,875.0,846.25
West,1,2x12,20,2024-02-22,875.0,858.75
West,1,2x12,20,2024-02-29,885.0,872.5
West,1,2x12,20,2024-03-07,890.0,881.25
West,1,2x12,20,2024-03-14,890.0,885.0
West,1,2x12,20,2024-03-21,890.0,888.75
West,1,2x12,20,2024-03-28,860.0,882.5
West,1,2x12,20,2024-04-04,840.0,870.0
West,1,2x12,20,2024-04-11,820.0,852.5
West,1,2x12,20,2024-04-18,790.0,827.5
West,1,2x12,20,2024-04-25,740.0,797.5
West,1,2x12,20,2024-05-02,700.0,762.5
West,1,2x12,20,2024-05-09,680.0,727.5
West,1,2x12,20,2024-05-16,670.0,697.5
West,1,2x12,20,2024-05-30,670.0,680.0
West,1,2x12,20,2024-06-06,670.0,672.5
West,1,2x12,20,2024-06-13,675.0,671.25
West,1,2x12,20,2024-06-20,675.0,672.5
West,1,2x12,20,2024-06-27,670.0,672.5
West,1,2x12,20,2024-07-04,670.0,672.5
West,1,2x12,20,2024-07-11,670.0,671.25
West,1,2x12,20,2024-07-18,675.0,671.25
West,1,2x12,20,2024-07-25,685.0,675.0
West,1,2x12,20,2024-08-01,695.0,681.25
West,1,2x12,20,2024-08-08,700.0,688.75
West,1,2x12,20,2024-08-15,715.0,698.75
West,1,2x12,20,2024-08-22,715.0,706.25
West,1,2x12,20,2024-08-29,725.0,713.75
West,1,2x12,20,2024-09-05,735.0,722.5
West,1,2x12,20,2024-09-12,750.0,731.25
West,1,2x12,20,2024-09-20,800.0,752.5
West,1,2x12,20,2024-09-26,800.0,771.25
West,1,2x12,20,2024-09-27,805.0,788.75
West,1,2x12,20,2024-10-04,810.0,803.75
West,1,2x12,20,2024-10-11,860.0,818.75
West,1,2x12,20,2024-10-18,870.0,836.25
West,1,2x12,20,2024-10-25,880.0,855.0
West,1,2x12,20,2024-11-01,885.0,873.75
West,1,2x12,20,2024-11-08,880.0,878.75
West,1,2x12,20,2024-11-15,860.0,876.25
West,1,2x12,20,2024-11-22,830.0,863.75
West,1,2x12,20,2024-11-27,810.0,845.0
West,1,2x12,20,2024-12-06,790.0,822.5
West,1,2x12,20,2024-12-13,790.0,805.0
West,1,2x12,20,2024-12-20,780.0,792.5
West,1,2x12,20,2025-01-03,780.0,785.0
West,1,2x12,20,2025-01-10,780.0,782.5
West,1,2x12,20,2025-01-17,780.0,780.0
West,1,2x12,20,2025-01-24,775.0,778.75
West,1,2x12,20,2025-01-31,765.0,775.0
West,1,2x12,20,2025-02-07,770.0,772.5
West,1,2x12,20,2025-02-14,770.0,770.0
West,1,2x12,20,2025-02-21,770.0,768.75
West,1,2x12,20,2025-02-28,770.0,770.0
West,1,2x12,20,2025-03-07,770.0,770.0
West,1,2x12,20,2025-03-14,770.0,770.0
West,1,2x12,20,2025-03-21,770.0,770.0
West,1,2x12,20,2025-03-28,785.0,773.75
West,1,2x12,20,2025-04-04,790.0,778.75
West,1,2x12,20,2025-04-11,795.0,785.0
West,1,2x12,20,2025-04-18,800.0,792.5
West,1,2x12,20,2025-04-25,805.0,797.5
West,1,2x12,20,2025-05-02,805.0,801.25
West,1,2x12,20,2025-05-09,805.0,803.75
West,1,2x12,20,2025-05-16,795.0,802.5
West,1,2x12,20,2025-05-23,760.0,791.25
West,1,2x12,20,2025-05-30,730.0,772.5
West,1,2x12,20,2025-06-06,680.0,741.25
West,1,2x12,20,2025-06-13,660.0,707.5
West,1,2x12,20,2025-06-19,630.0,675.0
West,1,2x12,20,2025-06-27,620.0,647.5
West,1,2x12,20,2025-07-03,620.0,632.5
West,1,2x12,20,2025-07-11,620.0,622.5
West,1,2x12,20,2025-07-18,620.0,620.0
West,1,2x12,20,2025-07-25,620.0,620.0
West,1,2x12,20,2025-08-01,445.0,576.25
West,1,2x12,20,2025-08-08,600.0,571.25
West,1,2x12,20,2025-08-15,600.0,566.25
West,1,2x12,20,2025-08-22,580.0,556.25
West,1,2x12,20,2025-08-29,560.0,585.0
West,1,2x12,20,2025-09-05,555.0,573.75
West,1,2x12,20,2025-09-12,555.0,562.5
West,1,2x12,20,2025-09-19,555.0,556.25
West,1,2x12,20,2025-09-26,555.0,555.0
West,1,2x12,20,2025-10-03,555.0,555.0
West,1,2x12,20,2025-10-10,555.0,555.0
West,1,2x12,20,2025-10-17,555.0,555.0
West,1,2x4,8,2024-01-12,435.0,435.0
West,1,2x4,8,2024-01-18,430.0,432.5
West,1,2x4,8,2024-01-25,410.0,425.0
West,1,2x4,8,2024-02-08,385.0,415.0
West,1,2x4,8,2024-02-15,385.0,402.5
West,1,2x4,8,2024-02-22,385.0,391.25
West,1,2x4,8,2024-02-29,410.0,391.25
West,1,2x4,8,2024-03-07,425.0,401.25
West,1,2x4,8,2024-03-14,430.0,412.5
West,1,2x4,8,2024-03-21,430.0,423.75
West,1,2x4,8,2024-03-28,430.0,428.75
West,1,2x4,8,2024-04-04,410.0,425.0
West,1,2x4,8,2024-04-11,385.0,413.75
West,1,2x4,8,2024-04-18,365.0,397.5
West,1,2x4,8,2024-04-25,355.0,378.75
West,1,2x4,8,2024-05-02,355.0,365.0
West,1,2x4,8,2024-05-09,365.0,360.0
West,1,2x4,8,2024-05-16,365.0,360.0
West,1,2x4,8,2024-05-30,385.0,367.5
West,1,2x4,8,2024-06-06,375.0,372.5
West,1,2x4,8,2024-06-13,375.0,375.0
West,1,2x4,8,2024-06-20,370.0,376.25
West,1,2x4,8,2024-06-27,360.0,370.0
West,1,2x4,8,2024-07-04,360.0,366.25
West,1,2x4,8,2024-07-11,360.0,362.5
West,1,2x4,8,2024-07-18,370.0,362.5
West,1,2x4,8,2024-07-25,390.0,370.0
West,1,2x4,8,2024-08-01,395.0,378.75
West,1,2x4,8,2024-08-08,400.0,388.75
West,1,2x4,8,2024-08-15,400.0,396.25
West,1,2x4,8,2024-08-22,400.0,398.75
West,1,2x4,8,2024-08-29,400.0,400.0
West,1,2x4,8,2024-09-05,400.0,400.0
West,1,2x4,8,2024-09-12,400.0,400.0
West,1,2x4,8,2024-09-20,415.0,403.75
West,1,2x4,8,2024-09-26,415.0,407.5
West,1,2x4,8,2024-09-27,425.0,413.75
West,1,2x4,8,2024-10-04,440.0,423.75
West,1,2x4,8,2024-10-11,460.0,435.0
West,1,2x4,8,2024-10-18,480.0,451.25
West,1,2x4,8,2024-10-25,490.0,467.5
West,1,2x4,8,2024-11-01,495.0,481.25
West,1,2x4,8,2024-11-08,490.0,488.75
West,1,2x4,8,2024-11-15,480.0,488.75
West,1,2x4,8,2024-11-22,455.0,480.0
West,1,2x4,8,2024-11-27,435.0,465.0
West,1,2x4,8,2024-12-06,415.0,446.25
West,1,2x4,8,2024-12-13,400.0,426.25
West,1,2x4,8,2024-12-20,405.0,413.75
West,1,2x4,8,2025-01-03,430.0,412.5
West,1,2x4,8,2025-01-10,440.0,418.75
West,1,2x4,8,2025-01-17,440.0,428.75
West,1,2x4,8,2025-01-24,435.0,436.25
West,1,2x4,8,2025-01-31,425.0,435.0
West,1,2x4,8,2025-02-07,425.0,431.25
West,1,2x4,8,2025-02-14,430.0,428.75
West,1,2x4,8,2025-02-21,435.0,428.75
West,1,2x4,8,2025-02-28,440.0,432.5
West,1,2x4,8,2025-03-07,440.0,436.25
West,1,2x4,8,2025-03-14,440.0,438.75
West,1,2x4,8,2025-03-21,445.0,441.25
West,1,2x4,8,2025-03-28,455.0,445.0
West,1,2x4,8,2025-04-04,470.0,452.5
West,1,2x4,8,2025-04-11,475.0,461.25
West,1,2x4,8,2025-04-18,495.0,473.75
West,1,2x4,8,2025-04-25,495.0,483.75
West,1,2x4,8,2025-05-02,500.0,491.25
West,1,2x4,8,2025-05-09,495.0,496.25
West,1,2x4,8,2025-05-16,485.0,493.75
West,1,2x4,8,2025-05-23,470.0,487.5
West,1,2x4,8,2025-05-30,450.0,475.0
West,1,2x4,8,2025-06-06,435.0,460.0
West,1,2x4,8,2025-06-13,415.0,442.5
West,1,2x4,8,2025-06-19,395.0,423.75
West,1,2x4,8,2025-06-27,400.0,411.25
West,1,2x4,8,2025-07-03,400.0,402.5
West,1,2x4,8,2025-07-11,415.0,402.5
West,1,2x4,8,2025-07-18,425.0,410.0
West,1,2x4,8,2025-07-25,430.0,417.5
West,1,2x4,8,2025-08-01,430.0,425.0
West,1,2x4,8,2025-08-08,430.0,428.75
West,1,2x4,8,2025-08-15,425.0,428.75
West,1,2x4,8,2025-08-22,415.0,425.0
West,1,2x4,8,2025-08-29,400.0,417.5
West,1,2x4,8,2025-09-05,385.0,406.25
West,1,2x4,8,2025-09-12,375.0,393.75
West,1,2x4,8,2025-09-19,370.0,382.5
West,1,2x4,8,2025-09-26,360.0,372.5
West,1,2x4,8,2025-10-03,360.0,366.25
West,1,2x4,8,2025-10-10,360.0,362.5
West,1,2x4,8,2025-10-17,360.0,360.0
West,1,2x4,10,2024-01-12,385.0,385.0
West,1,2x4,10,2024-01-18,380.0,382.5
West,1,2x4,10,2024-01-25,360.0,375.0
West,1,2x4,10,2024-02-08,335.0,365.0
West,1,2x4,10,2024-02-15,335.0,352.5
West,1,2x4,10,2024-02-22,335.0,341.25
West,1,2x4,10,2024-02-29,355.0,340.0
West,1,2x4,10,2024-03-07,360.0,346.25
West,1,2x4,10,2024-03-14,360.0,352.5
West,1,2x4,10,2024-03-21,360.0,358.75
West,1,2x4,10,2024-03-28,350.0,357.5
West,1,2x4,10,2024-04-04,330.0,350.0
West,1,2x4,10,2024-04-11,305.0,336.25
West,1,2x4,10,2024-04-18,285.0,317.5
West,1,2x4,10,2024-04-25,275.0,298.75
West,1,2x4,10,2024-05-02,275.0,285.0
West,1,2x4,10,2024-05-09,285.0,280.0
West,1,2x4,10,2024-05-16,285.0,280.0
West,1,2x4,10,2024-05-30,305.0,287.5
West,1,2x4,10,2024-06-06,295.0,292.5
West,1,2x4,10,2024-06-13,295.0,295.0
West,1,2x4,10,2024-06-20,290.0,296.25
West,1,2x4,10,2024-06-27,280.0,290.0
West,1,2x4,10,2024-07-04,280.0,286.25
West,1,2x4,10,2024-07-11,280.0,282.5
West,1,2x4,10,2024-07-18,290.0,282.5
West,1,2x4,10,2024-07-25,300.0,287.5
West,1,2x4,10,2024-08-01,305.0,293.75
West,1,2x4,10,2024-08-08,310.0,301.25
West,1,2x4,10,2024-08-15,310.0,306.25
West,1,2x4,10,2024-08-22,310.0,308.75
West,1,2x4,10,2024-08-29,310.0,310.0
West,1,2x4,10,2024-09-05,310.0,310.0
West,1,2x4,10,2024-09-12,310.0,310.0
West,1,2x4,10,2024-09-20,325.0,313.75
West,1,2x4,10,2024-09-26,325.0,317.5
West,1,2x4,10,2024-09-27,335.0,323.75
West,1,2x4,10,2024-10-04,350.0,333.75
West,1,2x4,10,2024-10-11,380.0,347.5
West,1,2x4,10,2024-10-18,400.0,366.25
West,1,2x4,10,2024-10-25,410.0,385.0
West,1,2x4,10,2024-11-01,415.0,401.25
West,1,2x4,10,2024-11-08,410.0,408.75
West,1,2x4,10,2024-11-15,400.0,408.75
West,1,2x4,10,2024-11-22,375.0,400.0
West,1,2x4,10,2024-11-27,355.0,385.0
West,1,2x4,10,2024-12-06,335.0,366.25
West,1,2x4,10,2024-12-13,325.0,347.5
West,1,2x4,10,2024-12-20,330.0,336.25
West,1,2x4,10,2025-01-03,355.0,336.25
West,1,2x4,10,2025-01-10,365.0,343.75
West,1,2x4,10,2025-01-17,365.0,353.75
West,1,2x4,10,2025-01-24,360.0,361.25
West,1,2x4,10,2025-01-31,350.0,360.0
West,1,2x4,10,2025-02-07,360.0,358.75
West,1,2x4,10,2025-02-14,365.0,358.75
West,1,2x4,10,2025-02-21,370.0,361.25
West,1,2x4,10,2025-02-28,375.0,367.5
West,1,2x4,10,2025-03-07,375.0,371.25
West,1,2x4,10,2025-03-14,390.0,377.5
West,1,2x4,10,2025-03-21,405.0,386.25
West,1,2x4,10,2025-03-28,415.0,396.25
West,1,2x4,10,2025-04-04,425.0,408.75
West,1,2x4,10,2025-04-11,430.0,418.75
West,1,2x4,10,2025-04-18,450.0,430.0
West,1,2x4,10,2025-04-25,450.0,438.75
West,1,2x4,10,2025-05-02,450.0,445.0
West,1,2x4,10,2025-05-09,430.0,445.0
West,1,2x4,10,2025-05-16,420.0,437.5
West,1,2x4,10,2025-05-23,395.0,423.75
West,1,2x4,10,2025-05-30,375.0,405.0
West,1,2x4,10,2025-06-06,355.0,386.25
West,1,2x4,10,2025-06-13,335.0,365.0
West,1,2x4,10,2025-06-19,315.0,345.0
West,1,2x4,10,2025-06-27,320.0,331.25
West,1,2x4,10,2025-07-03,320.0,322.5
West,1,2x4,10,2025-07-11,335.0,322.5
West,1,2x4,10,2025-07-18,345.0,330.0
West,1,2x4,10,2025-07-25,345.0,336.25
West,1,2x4,10,2025-08-01,345.0,342.5
West,1,2x4,10,2025-08-08,345.0,345.0
West,1,2x4,10,2025-08-15,340.0,343.75
West,1,2x4,10,2025-08-22,330.0,340.0
West,1,2x4,10,2025-08-29,310.0,331.25
West,1,2x4,10,2025-09-05,295.0,318.75
West,1,2x4,10,2025-09-12,285.0,305.0
West,1,2x4,10,2025-09-19,285.0,293.75
West,1,2x4,10,2025-09-26,280.0,286.25
West,1,2x4,10,2025-10-03,280.0,282.5
West,1,2x4,10,2025-10-10,285.0,282.5
West,1,2x4,10,2025-10-17,295.0,285.0
West,1,2x4,12,2024-01-12,450.0,450.0
West,1,2x4,12,2024-01-18,445.0,447.5
West,1,2x4,12,2024-01-25,425.0,440.0
West,1,2x4,12,2024-02-08,400.0,430.0
West,1,2x4,12,2024-02-15,400.0,417.5
West,1,2x4,12,2024-02-22,395.0,405.0
West,1,2x4,12,2024-02-29,420.0,403.75
West,1,2x4,12,2024-03-07,425.0,410.0
West,1,2x4,12,2024-03-14,425.0,416.25
West,1,2x4,12,2024-03-21,425.0,423.75
West,1,2x4,12,2024-03-28,420.0,423.75
West,1,2x4,12,2024-04-04,400.0,417.5
West,1,2x4,12,2024-04-11,375.0,405.0
West,1,2x4,12,2024-04-18,355.0,387.5
West,1,2x4,12,2024-04-25,345.0,368.75
West,1,2x4,12,2024-05-02,345.0,355.0
West,1,2x4,12,2024-05-09,355.0,350.0
West,1,2x4,12,2024-05-16,360.0,351.25
West,1,2x4,12,2024-05-30,380.0,360.0
West,1,2x4,12,2024-06-06,370.0,366.25
West,1,2x4,12,2024-06-13,360.0,367.5
West,1,2x4,12,2024-06-20,355.0,366.25
West,1,2x4,12,2024-06-27,345.0,357.5
West,1,2x4,12,2024-07-04,340.0,350.0
West,1,2x4,12,2024-07-11,340.0,345.0
West,1,2x4,12,2024-07-18,350.0,343.75
West,1,2x4,12,2024-07-25,360.0,347.5
West,1,2x4,12,2024-08-01,365.0,353.75
West,1,2x4,12,2024-08-08,370.0,361.25
West,1,2x4,12,2024-08-15,370.0,366.25
West,1,2x4,12,2024-08-22,370.0,368.75
West,1,2x4,12,2024-08-29,370.0,370.0
West,1,2x4,12,2024-09-05,370.0,370.0
West,1,2x4,12,2024-09-12,370.0,370.0
West,1,2x4,12,2024-09-20,375.0,371.25
West,1,2x4,12,2024-09-26,375.0,372.5
West,1,2x4,12,2024-09-27,385.0,376.25
West,1,2x4,12,2024-10-04,400.0,383.75
West,1,2x4,12,2024-10-11,420.0,395.0
West,1,2x4,12,2024-10-18,440.0,411.25
West,1,2x4,12,2024-10-25,450.0,427.5
West,1,2x4,12,2024-11-01,455.0,441.25
West,1,2x4,12,2024-11-08,450.0,448.75
West,1,2x4,12,2024-11-15,440.0,448.75
West,1,2x4,12,2024-11-22,415.0,440.0
West,1,2x4,12,2024-11-27,395.0,425.0
West,1,2x4,12,2024-12-06,375.0,406.25
West,1,2x4,12,2024-12-13,365.0,387.5
West,1,2x4,12,2024-12-20,370.0,376.25
West,1,2x4,12,2025-01-03,395.0,376.25
West,1,2x4,12,2025-01-10,405.0,383.75
West,1,2x4,12,2025-01-17,405.0,393.75
West,1,2x4,12,2025-01-24,400.0,401.25
West,1,2x4,12,2025-01-31,390.0,400.0
West,1,2x4,12,2025-02-07,400.0,398.75
West,1,2x4,12,2025-02-14,405.0,398.75
West,1,2x4,12,2025-02-21,410.0,401.25
West,1,2x4,12,2025-02-28,415.0,407.5
West,1,2x4,12,2025-03-07,415.0,411.25
West,1,2x4,12,2025-03-14,420.0,415.0
West,1,2x4,12,2025-03-21,425.0,418.75
West,1,2x4,12,2025-03-28,435.0,423.75
West,1,2x4,12,2025-04-04,440.0,430.0
West,1,2x4,12,2025-04-11,445.0,436.25
West,1,2x4,12,2025-04-18,465.0,446.25
West,1,2x4,12,2025-04-25,465.0,453.75
West,1,2x4,12,2025-05-02,465.0,460.0
West,1,2x4,12,2025-05-09,445.0,460.0
West,1,2x4,12,2025-05-16,435.0,452.5
West,1,2x4,12,2025-05-23,405.0,437.5
West,1,2x4,12,2025-05-30,385.0,417.5
West,1,2x4,12,2025-06-06,365.0,397.5
West,1,2x4,12,2025-06-13,345.0,375.0
West,1,2x4,12,2025-06-19,325.0,355.0
West,1,2x4,12,2025-06-27,330.0,341.25
West,1,2x4,12,2025-07-03,330.0,332.5
West,1,2x4,12,2025-07-11,345.0,332.5
West,1,2x4,12,2025-07-18,355.0,340.0
West,1,2x4,12,2025-07-25,360.0,347.5
West,1,2x4,12,2025-08-01,360.0,355.0
West,1,2x4,12,2025-08-08,360.0,358.75
West,1,2x4,12,2025-08-15,355.0,358.75
West,1,2x4,12,2025-08-22,345.0,355.0
West,1,2x4,12,2025-08-29,325.0,346.25
West,1,2x4,12,2025-09-05,310.0,333.75
West,1,2x4,12,2025-09-12,300.0,320.0
West,1,2x4,12,2025-09-19,295.0,307.5
West,1,2x4,12,2025-09-26,295.0,300.0
West,1,2x4,12,2025-10-03,295.0,296.25
West,1,2x4,12,2025-10-10,295.0,295.0
West,1,2x4,12,2025-10-17,300.0,296.25
West,1,2x4,14,2024-01-12,450.0,450.0
West,1,2x4,14,2024-01-18,445.0,447.5
West,1,2x4,14,2024-01-25,425.0,440.0
West,1,2x4,14,2024-02-08,400.0,430.0
West,1,2x4,14,2024-02-15,400.0,417.5
West,1,2x4,14,2024-02-22,395.0,405.0
West,1,2x4,14,2024-02-29,415.0,402.5
West,1,2x4,14,2024-03-07,420.0,407.5
West,1,2x4,14,2024-03-14,420.0,412.5
West,1,2x4,14,2024-03-21,420.0,418.75
West,1,2x4,14,2024-03-28,420.0,420.0
West,1,2x4,14,2024-04-04,400.0,415.0
West,1,2x4,14,2024-04-11,375.0,403.75
West,1,2x4,14,2024-04-18,355.0,387.5
West,1,2x4,14,2024-04-25,345.0,368.75
West,1,2x4,14,2024-05-02,345.0,355.0
West,1,2x4,14,2024-05-09,355.0,350.0
West,1,2x4,14,2024-05-16,365.0,352.5
West,1,2x4,14,2024-05-30,385.0,362.5
West,1,2x4,14,2024-06-06,375.0,370.0
West,1,2x4,14,2024-06-13,365.0,372.5
West,1,2x4,14,2024-06-20,360.0,371.25
West,1,2x4,14,2024-06-27,350.0,362.5
West,1,2x4,14,2024-07-04,345.0,355.0
West,1,2x4,14,2024-07-11,345.0,350.0
West,1,2x4,14,2024-07-18,355.0,348.75
West,1,2x4,14,2024-07-25,365.0,352.5
West,1,2x4,14,2024-08-01,370.0,358.75
West,1,2x4,14,2024-08-08,380.0,367.5
West,1,2x4,14,2024-08-15,380.0,373.75
West,1,2x4,14,2024-08-22,380.0,377.5
West,1,2x4,14,2024-08-29,380.0,380.0
West,1,2x4,14,2024-09-05,380.0,380.0
West,1,2x4,14,2024-09-12,380.0,380.0
West,1,2x4,14,2024-09-20,395.0,383.75
West,1,2x4,14,2024-09-26,395.0,387.5
West,1,2x4,14,2024-09-27,405.0,393.75
West,1,2x4,14,2024-10-04,420.0,403.75
West,1,2x4,14,2024-10-11,440.0,415.0
West,1,2x4,14,2024-10-18,460.0,431.25
West,1,2x4,14,2024-10-25,470.0,447.5
West,1,2x4,14,2024-11-01,475.0,461.25
West,1,2x4,14,2024-11-08,470.0,468.75
West,1,2x4,14,2024-11-15,460.0,468.75
West,1,2x4,14,2024-11-22,435.0,460.0
West,1,2x4,14,2024-11-27,415.0,445.0
West,1,2x4,14,2024-12-06,395.0,426.25
West,1,2x4,14,2024-12-13,385.0,407.5
West,1,2x4,14,2024-12-20,390.0,396.25
West,1,2x4,14,2025-01-03,415.0,396.25
West,1,2x4,14,2025-01-10,425.0,403.75
West,1,2x4,14,2025-01-17,425.0,413.75
West,1,2x4,14,2025-01-24,420.0,421.25
West,1,2x4,14,2025-01-31,410.0,420.0
West,1,2x4,14,2025-02-07,415.0,417.5
West,1,2x4,14,2025-02-14,420.0,416.25
West,1,2x4,14,2025-02-21,425.0,417.5
West,1,2x4,14,2025-02-28,430.0,422.5
West,1,2x4,14,2025-03-07,430.0,426.25
West,1,2x4,14,2025-03-14,435.0,430.0
West,1,2x4,14,2025-03-21,440.0,433.75
West,1,2x4,14,2025-03-28,450.0,438.75
West,1,2x4,14,2025-04-04,455.0,445.0
West,1,2x4,14,2025-04-11,460.0,451.25
West,1,2x4,14,2025-04-18,480.0,461.25
West,1,2x4,14,2025-04-25,485.0,470.0
West,1,2x4,14,2025-05-02,490.0,478.75
West,1,2x4,14,2025-05-09,470.0,481.25
West,1,2x4,14,2025-05-16,460.0,476.25
West,1,2x4,14,2025-05-23,430.0,462.5
West,1,2x4,14,2025-05-30,410.0,442.5
West,1,2x4,14,2025-06-06,390.0,422.5
West,1,2x4,14,2025-06-13,370.0,400.0
West,1,2x4,14,2025-06-19,350.0,380.0
West,1,2x4,14,2025-06-27,355.0,366.25
West,1,2x4,14,2025-07-03,355.0,357.5
West,1,2x4,14,2025-07-11,370.0,357.5
West,1,2x4,14,2025-07-18,380.0,365.0
West,1,2x4,14,2025-07-25,380.0,371.25
West,1,2x4,14,2025-08-01,380.0,377.5
West,1,2x4,14,2025-08-08,380.0,380.0
West,1,2x4,14,2025-08-15,380.0,380.0
West,1,2x4,14,2025-08-22,370.0,377.5
West,1,2x4,14,2025-08-29,350.0,370.0
West,1,2x4,14,2025-09-05,335.0,358.75
West,1,2x4,14,2025-09-12,325.0,345.0
West,1,2x4,14,2025-09-19,320.0,332.5
West,1,2x4,14,2025-09-26,320.0,325.0
West,1,2x4,14,2025-10-03,320.0,321.25
West,1,2x4,14,2025-10-10,320.0,320.0
West,1,2x4,14,2025-10-17,320.0,320.0
West,1,2x4,16,2024-01-12,525.0,525.0
West,1,2x4,16,2024-01-18,520.0,522.5
West,1,2x4,16,2024-01-25,500.0,515.0
West,1,2x4,16,2024-02-08,475.0,505.0
West,1,2x4,16,2024-02-15,475.0,492.5
West,1,2x4,16,2024-02-22,470.0,480.0
West,1,2x4,16,2024-02-29,485.0,476.25
West,1,2x4,16,2024-03-07,490.0,480.0
West,1,2x4,16,2024-03-14,490.0,483.75
West,1,2x4,16,2024-03-21,490.0,488.75
West,1,2x4,16,2024-03-28,485.0,488.75
West,1,2x4,16,2024-04-04,465.0,482.5
West,1,2x4,16,2024-04-11,440.0,470.0
West,1,2x4,16,2024-04-18,420.0,452.5
West,1,2x4,16,2024-04-25,410.0,433.75
West,1,2x4,16,2024-05-02,410.0,420.0
West,1,2x4,16,2024-05-09,420.0,415.0
West,1,2x4,16,2024-05-16,430.0,417.5
West,1,2x4,16,2024-05-30,450.0,427.5
West,1,2x4,16,2024-06-06,440.0,435.0
West,1,2x4,16,2024-06-13,430.0,437.5
West,1,2x4,16,2024-06-20,425.0,436.25
West,1,2x4,16,2024-06-27,415.0,427.5
West,1,2x4,16,2024-07-04,410.0,420.0
West,1,2x4,16,2024-07-11,410.0,415.0
West,1,2x4,16,2024-07-18,420.0,413.75
West,1,2x4,16,2024-07-25,440.0,420.0
West,1,2x4,16,2024-08-01,445.0,428.75
West,1,2x4,16,2024-08-08,455.0,440.0
West,1,2x4,16,2024-08-15,455.0,448.75
West,1,2x4,16,2024-08-22,455.0,452.5
West,1,2x4,16,2024-08-29,455.0,455.0
West,1,2x4,16,2024-09-05,455.0,455.0
West,1,2x4,16,2024-09-12,455.0,455.0
West,1,2x4,16,2024-09-20,470.0,458.75
West,1,2x4,16,2024-09-26,470.0,462.5
West,1,2x4,16,2024-09-27,480.0,468.75
West,1,2x4,16,2024-10-04,495.0,478.75
West,1,2x4,16,2024-10-11,515.0,490.0
West,1,2x4,16,2024-10-18,535.0,506.25
West,1,2x4,16,2024-10-25,545.0,522.5
West,1,2x4,16,2024-11-01,550.0,536.25
West,1,2x4,16,2024-11-08,545.0,543.75
West,1,2x4,16,2024-11-15,535.0,543.75
West,1,2x4,16,2024-11-22,510.0,535.0
West,1,2x4,16,2024-11-27,490.0,520.0
West,1,2x4,16,2024-12-06,470.0,501.25
West,1,2x4,16,2024-12-13,460.0,482.5
West,1,2x4,16,2024-12-20,465.0,471.25
West,1,2x4,16,2025-01-03,490.0,471.25
West,1,2x4,16,2025-01-10,500.0,478.75
West,1,2x4,16,2025-01-17,500.0,488.75
West,1,2x4,16,2025-01-24,495.0,496.25
West,1,2x4,16,2025-01-31,485.0,495.0
West,1,2x4,16,2025-02-07,490.0,492.5
West,1,2x4,16,2025-02-14,495.0,491.25
West,1,2x4,16,2025-02-21,500.0,492.5
West,1,2x4,16,2025-02-28,505.0,497.5
West,1,2x4,16,2025-03-07,505.0,501.25
West,1,2x4,16,2025-03-14,505.0,503.75
West,1,2x4,16,2025-03-21,515.0,507.5
West,1,2x4,16,2025-03-28,525.0,512.5
West,1,2x4,16,2025-04-04,535.0,520.0
West,1,2x4,16,2025-04-11,540.0,528.75
West,1,2x4,16,2025-04-18,560.0,540.0
West,1,2x4,16,2025-04-25,565.0,550.0
West,1,2x4,16,2025-05-02,570.0,558.75
West,1,2x4,16,2025-05-09,570.0,566.25
West,1,2x4,16,2025-05-16,560.0,566.25
West,1,2x4,16,2025-05-23,545.0,561.25
West,1,2x4,16,2025-05-30,525.0,550.0
West,1,2x4,16,2025-06-06,505.0,533.75
West,1,2x4,16,2025-06-13,485.0,515.0
West,1,2x4,16,2025-06-19,465.0,495.0
West,1,2x4,16,2025-06-27,475.0,482.5
West,1,2x4,16,2025-07-03,475.0,475.0
West,1,2x4,16,2025-07-11,490.0,476.25
West,1,2x4,16,2025-07-18,500.0,485.0
West,1,2x4,16,2025-07-25,505.0,492.5
West,1,2x4,16,2025-08-01,505.0,500.0
West,1,2x4,16,2025-08-08,505.0,503.75
West,1,2x4,16,2025-08-15,495.0,502.5
West,1,2x4,16,2025-08-22,460.0,491.25
West,1,2x4,16,2025-08-29,430.0,472.5
West,1,2x4,16,2025-09-05,415.0,450.0
West,1,2x4,16,2025-09-12,405.0,427.5
West,1,2x4,16,2025-09-19,400.0,412.5
West,1,2x4,16,2025-09-26,390.0,402.5
West,1,2x4,16,2025-10-03,390.0,396.25
West,1,2x4,16,2025-10-10,390.0,392.5
West,1,2x4,16,2025-10-17,390.0,390.0
West,1,2x4,18,2024-01-12,455.0,455.0
West,1,2x4,18,2024-01-18,450.0,452.5
West,1,2x4,18,2024-01-25,430.0,445.0
West,1,2x4,18,2024-02-08,405.0,435.0
West,1,2x4,18,2024-02-15,405.0,422.5
West,1,2x4,18,2024-02-22,405.0,411.25
West,1,2x4,18,2024-02-29,415.0,407.5
West,1,2x4,18,2024-03-07,420.0,411.25
West,1,2x4,18,2024-03-14,415.0,413.75
West,1,2x4,18,2024-03-21,405.0,413.75
West,1,2x4,18,2024-03-28,390.0,407.5
West,1,2x4,18,2024-04-04,370.0,395.0
West,1,2x4,18,2024-04-11,345.0,377.5
West,1,2x4,18,2024-04-18,325.0,357.5
West,1,2x4,18,2024-04-25,315.0,338.75
West,1,2x4,18,2024-05-02,315.0,325.0
West,1,2x4,18,2024-05-09,325.0,320.0
West,1,2x4,18,2024-05-16,335.0,322.5
West,1,2x4,18,2024-05-30,355.0,332.5
West,1,2x4,18,2024-06-06,345.0,340.0
West,1,2x4,18,2024-06-13,345.0,345.0
West,1,2x4,18,2024-06-20,340.0,346.25
West,1,2x4,18,2024-06-27,330.0,340.0
West,1,2x4,18,2024-07-04,325.0,335.0
West,1,2x4,18,2024-07-11,325.0,330.0
West,1,2x4,18,2024-07-18,335.0,328.75
West,1,2x4,18,2024-07-25,350.0,333.75
West,1,2x4,18,2024-08-01,355.0,341.25
West,1,2x4,18,2024-08-08,365.0,351.25
West,1,2x4,18,2024-08-15,365.0,358.75
West,1,2x4,18,2024-08-22,365.0,362.5
West,1,2x4,18,2024-08-29,365.0,365.0
West,1,2x4,18,2024-09-05,365.0,365.0
West,1,2x4,18,2024-09-12,365.0,365.0
West,1,2x4,18,2024-09-20,375.0,367.5
West,1,2x4,18,2024-09-26,375.0,370.0
West,1,2x4,18,2024-09-27,385.0,375.0
West,1,2x4,18,2024-10-04,400.0,383.75
West,1,2x4,18,2024-10-11,420.0,395.0
West,1,2x4,18,2024-10-18,440.0,411.25
West,1,2x4,18,2024-10-25,450.0,427.5
West,1,2x4,18,2024-11-01,455.0,441.25
West,1,2x4,18,2024-11-08,450.0,448.75
West,1,2x4,18,2024-11-15,440.0,448.75
West,1,2x4,18,2024-11-22,415.0,440.0
West,1,2x4,18,2024-11-27,395.0,425.0
West,1,2x4,18,2024-12-06,375.0,406.25
West,1,2x4,18,2024-12-13,375.0,390.0
West,1,2x4,18,2024-12-20,380.0,381.25
West,1,2x4,18,2025-01-03,405.0,383.75
West,1,2x4,18,2025-01-10,415.0,393.75
West,1,2x4,18,2025-01-17,415.0,403.75
West,1,2x4,18,2025-01-24,410.0,411.25
West,1,2x4,18,2025-01-31,400.0,410.0
West,1,2x4,18,2025-02-07,405.0,407.5
West,1,2x4,18,2025-02-14,410.0,406.25
West,1,2x4,18,2025-02-21,415.0,407.5
West,1,2x4,18,2025-02-28,420.0,412.5
West,1,2x4,18,2025-03-07,420.0,416.25
West,1,2x4,18,2025-03-14,425.0,420.0
West,1,2x4,18,2025-03-21,435.0,425.0
West,1,2x4,18,2025-03-28,445.0,431.25
West,1,2x4,18,2025-04-04,450.0,438.75
West,1,2x4,18,2025-04-11,455.0,446.25
West,1,2x4,18,2025-04-18,475.0,456.25
West,1,2x4,18,2025-04-25,480.0,465.0
West,1,2x4,18,2025-05-02,480.0,472.5
West,1,2x4,18,2025-05-09,480.0,478.75
West,1,2x4,18,2025-05-16,470.0,477.5
West,1,2x4,18,2025-05-23,440.0,467.5
West,1,2x4,18,2025-05-30,420.0,452.5
West,1,2x4,18,2025-06-06,400.0,432.5
West,1,2x4,18,2025-06-13,380.0,410.0
West,1,2x4,18,2025-06-19,360.0,390.0
West,1,2x4,18,2025-06-27,365.0,376.25
West,1,2x4,18,2025-07-03,365.0,367.5
West,1,2x4,18,2025-07-11,380.0,367.5
West,1,2x4,18,2025-07-18,390.0,375.0
West,1,2x4,18,2025-07-25,390.0,381.25
West,1,2x4,18,2025-08-01,390.0,387.5
West,1,2x4,18,2025-08-08,390.0,390.0
West,1,2x4,18,2025-08-15,390.0,390.0
West,1,2x4,18,2025-08-22,390.0,390.0
West,1,2x4,18,2025-08-29,370.0,385.0
West,1,2x4,18,2025-09-05,355.0,376.25
West,1,2x4,18,2025-09-12,345.0,365.0
West,1,2x4,18,2025-09-19,340.0,352.5
West,1,2x4,18,2025-09-26,355.0,348.75
West,1,2x4,18,2025-10-03,355.0,348.75
West,1,2x4,18,2025-10-10,360.0,352.5
West,1,2x4,18,2025-10-17,365.0,358.75
West,1,2x4,20,2024-01-12,495.0,495.0
West,1,2x4,20,2024-01-18,490.0,492.5
West,1,2x4,20,2024-01-25,470.0,485.0
West,1,2x4,20,2024-02-08,445.0,475.0
West,1,2x4,20,2024-02-15,445.0,462.5
West,1,2x4,20,2024-02-22,445.0,451.25
West,1,2x4,20,2024-02-29,460.0,448.75
West,1,2x4,20,2024-03-07,465.0,453.75
West,1,2x4,20,2024-03-14,465.0,458.75
West,1,2x4,20,2024-03-21,460.0,462.5
West,1,2x4,20,2024-03-28,450.0,460.0
West,1,2x4,20,2024-04-04,430.0,451.25
West,1,2x4,20,2024-04-11,405.0,436.25
West,1,2x4,20,2024-04-18,385.0,417.5
West,1,2x4,20,2024-04-25,375.0,398.75
West,1,2x4,20,2024-05-02,375.0,385.0
West,1,2x4,20,2024-05-09,385.0,380.0
West,1,2x4,20,2024-05-16,390.0,381.25
West,1,2x4,20,2024-05-30,410.0,390.0
West,1,2x4,20,2024-06-06,400.0,396.25
West,1,2x4,20,2024-06-13,390.0,397.5
West,1,2x4,20,2024-06-20,385.0,396.25
West,1,2x4,20,2024-06-27,375.0,387.5
West,1,2x4,20,2024-07-04,365.0,378.75
West,1,2x4,20,2024-07-11,365.0,372.5
West,1,2x4,20,2024-07-18,375.0,370.0
West,1,2x4,20,2024-07-25,385.0,372.5
West,1,2x4,20,2024-08-01,390.0,378.75
West,1,2x4,20,2024-08-08,395.0,386.25
West,1,2x4,20,2024-08-15,395.0,391.25
West,1,2x4,20,2024-08-22,395.0,393.75
West,1,2x4,20,2024-08-29,395.0,395.0
West,1,2x4,20,2024-09-05,395.0,395.0
West,1,2x4,20,2024-09-12,395.0,395.0
West,1,2x4,20,2024-09-20,400.0,396.25
West,1,2x4,20,2024-09-26,400.0,397.5
West,1,2x4,20,2024-09-27,410.0,401.25
West,1,2x4,20,2024-10-04,425.0,408.75
West,1,2x4,20,2024-10-11,445.0,420.0
West,1,2x4,20,2024-10-18,465.0,436.25
West,1,2x4,20,2024-10-25,475.0,452.5
West,1,2x4,20,2024-11-01,480.0,466.25
West,1,2x4,20,2024-11-08,475.0,473.75
West,1,2x4,20,2024-11-15,465.0,473.75
West,1,2x4,20,2024-11-22,440.0,465.0
West,1,2x4,20,2024-11-27,420.0,450.0
West,1,2x4,20,2024-12-06,400.0,431.25
West,1,2x4,20,2024-12-13,400.0,415.0
West,1,2x4,20,2024-12-20,405.0,406.25
West,1,2x4,20,2025-01-03,430.0,408.75
West,1,2x4,20,2025-01-10,440.0,418.75
West,1,2x4,20,2025-01-17,440.0,428.75
West,1,2x4,20,2025-01-24,435.0,436.25
West,1,2x4,20,2025-01-31,425.0,435.0
West,1,2x4,20,2025-02-07,430.0,432.5
West,1,2x4,20,2025-02-14,435.0,431.25
West,1,2x4,20,2025-02-21,440.0,432.5
West,1,2x4,20,2025-02-28,445.0,437.5
West,1,2x4,20,2025-03-07,445.0,441.25
West,1,2x4,20,2025-03-14,450.0,445.0
West,1,2x4,20,2025-03-21,455.0,448.75
West,1,2x4,20,2025-03-28,465.0,453.75
West,1,2x4,20,2025-04-04,470.0,460.0
West,1,2x4,20,2025-04-11,475.0,466.25
West,1,2x4,20,2025-04-18,495.0,476.25
West,1,2x4,20,2025-04-25,500.0,485.0
West,1,2x4,20,2025-05-02,500.0,492.5
West,1,2x4,20,2025-05-09,500.0,498.75
West,1,2x4,20,2025-05-16,490.0,497.5
West,1,2x4,20,2025-05-23,460.0,487.5
West,1,2x4,20,2025-05-30,440.0,472.5
West,1,2x4,20,2025-06-06,420.0,452.5
West,1,2x4,20,2025-06-13,400.0,430.0
West,1,2x4,20,2025-06-19,380.0,410.0
West,1,2x4,20,2025-06-27,380.0,395.0
West,1,2x4,20,2025-07-03,380.0,385.0
West,1,2x4,20,2025-07-11,395.0,383.75
West,1,2x4,20,2025-07-18,405.0,390.0
West,1,2x4,20,2025-07-25,405.0,396.25
West,1,2x4,20,2025-08-01,405.0,402.5
West,1,2x4,20,2025-08-08,405.0,405.0
West,1,2x4,20,2025-08-15,407.0,405.5
West,1,2x4,20,2025-08-22,400.0,404.25
West,1,2x4,20,2025-08-29,380.0,398.0
West,1,2x4,20,2025-09-05,365.0,388.0
West,1,2x4,20,2025-09-12,355.0,375.0
West,1,2x4,20,2025-09-19,350.0,362.5
West,1,2x4,20,2025-09-26,355.0,356.25
West,1,2x4,20,2025-10-03,355.0,353.75
West,1,2x4,20,2025-10-10,360.0,355.0
West,1,2x4,20,2025-10-17,365.0,358.75
West,1,2x6,8,2024-01-12,320.0,320.0
West,1,2x6,8,2024-01-18,315.0,317.5
West,1,2x6,8,2024-01-25,295.0,310.0
West,1,2x6,8,2024-02-08,285.0,303.75
West,1,2x6,8,2024-02-15,295.0,297.5
West,1,2x6,8,2024-02-22,310.0,296.25
West,1,2x6,8,2024-02-29,330.0,305.0
West,1,2x6,8,2024-03-07,340.0,318.75
West,1,2x6,8,2024-03-14,345.0,331.25
West,1,2x6,8,2024-03-21,345.0,340.0
West,1,2x6,8,2024-03-28,340.0,342.5
West,1,2x6,8,2024-04-04,320.0,337.5
West,1,2x6,8,2024-04-11,300.0,326.25
West,1,2x6,8,2024-04-18,290.0,312.5
West,1,2x6,8,2024-04-25,285.0,298.75
West,1,2x6,8,2024-05-02,285.0,290.0
West,1,2x6,8,2024-05-09,290.0,287.5
West,1,2x6,8,2024-05-16,295.0,288.75
West,1,2x6,8,2024-05-30,310.0,295.0
West,1,2x6,8,2024-06-06,295.0,297.5
West,1,2x6,8,2024-06-13,280.0,295.0
West,1,2x6,8,2024-06-20,260.0,286.25
West,1,2x6,8,2024-06-27,245.0,270.0
West,1,2x6,8,2024-07-04,240.0,256.25
West,1,2x6,8,2024-07-11,240.0,246.25
West,1,2x6,8,2024-07-18,250.0,243.75
West,1,2x6,8,2024-07-25,265.0,248.75
West,1,2x6,8,2024-08-01,270.0,256.25
West,1,2x6,8,2024-08-08,270.0,263.75
West,1,2x6,8,2024-08-15,260.0,266.25
West,1,2x6,8,2024-08-22,255.0,263.75
West,1,2x6,8,2024-08-29,245.0,257.5
West,1,2x6,8,2024-09-05,245.0,251.25
West,1,2x6,8,2024-09-12,245.0,247.5
West,1,2x6,8,2024-09-20,250.0,246.25
West,1,2x6,8,2024-09-26,250.0,247.5
West,1,2x6,8,2024-09-27,260.0,251.25
West,1,2x6,8,2024-10-04,275.0,258.75
West,1,2x6,8,2024-10-11,295.0,270.0
West,1,2x6,8,2024-10-18,315.0,286.25
West,1,2x6,8,2024-10-25,330.0,303.75
West,1,2x6,8,2024-11-01,335.0,318.75
West,1,2x6,8,2024-11-08,330.0,327.5
West,1,2x6,8,2024-11-15,320.0,328.75
West,1,2x6,8,2024-11-22,305.0,322.5
West,1,2x6,8,2024-11-27,295.0,312.5
West,1,2x6,8,2024-12-06,290.0,302.5
West,1,2x6,8,2024-12-13,295.0,296.25
West,1,2x6,8,2024-12-20,315.0,298.75
West,1,2x6,8,2025-01-03,350.0,312.5
West,1,2x6,8,2025-01-10,370.0,332.5
West,1,2x6,8,2025-01-17,375.0,352.5
West,1,2x6,8,2025-01-24,370.0,366.25
West,1,2x6,8,2025-01-31,365.0,370.0
West,1,2x6,8,2025-02-07,370.0,370.0
West,1,2x6,8,2025-02-14,375.0,370.0
West,1,2x6,8,2025-02-21,385.0,373.75
West,1,2x6,8,2025-02-28,385.0,378.75
West,1,2x6,8,2025-03-07,385.0,382.5
West,1,2x6,8,2025-03-14,385.0,385.0
West,1,2x6,8,2025-03-21,380.0,383.75
West,1,2x6,8,2025-03-28,375.0,381.25
West,1,2x6,8,2025-04-04,365.0,376.25
West,1,2x6,8,2025-04-11,365.0,371.25
West,1,2x6,8,2025-04-18,365.0,367.5
West,1,2x6,8,2025-04-25,370.0,366.25
West,1,2x6,8,2025-05-02,370.0,367.5
West,1,2x6,8,2025-05-09,350.0,363.75
West,1,2x6,8,2025-05-16,330.0,355.0
West,1,2x6,8,2025-05-23,300.0,337.5
West,1,2x6,8,2025-05-30,275.0,313.75
West,1,2x6,8,2025-06-06,255.0,290.0
West,1,2x6,8,2025-06-13,255.0,271.25
West,1,2x6,8,2025-06-19,255.0,260.0
West,1,2x6,8,2025-06-27,275.0,260.0
West,1,2x6,8,2025-07-03,285.0,267.5
West,1,2x6,8,2025-07-11,300.0,278.75
West,1,2x6,8,2025-07-18,305.0,291.25
West,1,2x6,8,2025-07-25,310.0,300.0
West,1,2x6,8,2025-08-01,310.0,306.25
West,1,2x6,8,2025-08-08,310.0,308.75
West,1,2x6,8,2025-08-15,310.0,310.0
West,1,2x6,8,2025-08-22,300.0,307.5
West,1,2x6,8,2025-08-29,285.0,301.25
West,1,2x6,8,2025-09-05,275.0,292.5
West,1,2x6,8,2025-09-12,275.0,283.75
West,1,2x6,8,2025-09-19,275.0,277.5
West,1,2x6,8,2025-09-26,280.0,276.25
West,1,2x6,8,2025-10-03,285.0,278.75
West,1,2x6,8,2025-10-10,290.0,282.5
West,1,2x6,8,2025-10-17,295.0,287.5
West,1,2x6,10,2024-01-12,390.0,390.0
West,1,2x6,10,2024-01-18,385.0,387.5
West,1,2x6,10,2024-01-25,365.0,380.0
West,1,2x6,10,2024-02-08,355.0,373.75
West,1,2x6,10,2024-02-15,365.0,367.5
West,1,2x6,10,2024-02-22,375.0,365.0
West,1,2x6,10,2024-02-29,390.0,371.25
West,1,2x6,10,2024-03-07,400.0,382.5
West,1,2x6,10,2024-03-14,400.0,391.25
West,1,2x6,10,2024-03-21,395.0,396.25
West,1,2x6,10,2024-03-28,385.0,395.0
West,1,2x6,10,2024-04-04,365.0,386.25
West,1,2x6,10,2024-04-11,345.0,372.5
West,1,2x6,10,2024-04-18,335.0,357.5
West,1,2x6,10,2024-04-25,330.0,343.75
West,1,2x6,10,2024-05-02,330.0,335.0
West,1,2x6,10,2024-05-09,335.0,332.5
West,1,2x6,10,2024-05-16,340.0,333.75
West,1,2x6,10,2024-05-30,355.0,340.0
West,1,2x6,10,2024-06-06,340.0,342.5
West,1,2x6,10,2024-06-13,320.0,338.75
West,1,2x6,10,2024-06-20,300.0,328.75
West,1,2x6,10,2024-06-27,285.0,311.25
West,1,2x6,10,2024-07-04,280.0,296.25
West,1,2x6,10,2024-07-11,280.0,286.25
West,1,2x6,10,2024-07-18,290.0,283.75
West,1,2x6,10,2024-07-25,300.0,287.5
West,1,2x6,10,2024-08-01,305.0,293.75
West,1,2x6,10,2024-08-08,305.0,300.0
West,1,2x6,10,2024-08-15,295.0,301.25
West,1,2x6,10,2024-08-22,290.0,298.75
West,1,2x6,10,2024-08-29,280.0,292.5
West,1,2x6,10,2024-09-05,280.0,286.25
West,1,2x6,10,2024-09-12,280.0,282.5
West,1,2x6,10,2024-09-20,285.0,281.25
West,1,2x6,10,2024-09-26,285.0,282.5
West,1,2x6,10,2024-09-27,295.0,286.25
West,1,2x6,10,2024-10-04,310.0,293.75
West,1,2x6,10,2024-10-11,330.0,305.0
West,1,2x6,10,2024-10-18,350.0,321.25
West,1,2x6,10,2024-10-25,365.0,338.75
West,1,2x6,10,2024-11-01,370.0,353.75
West,1,2x6,10,2024-11-08,365.0,362.5
West,1,2x6,10,2024-11-15,355.0,363.75
West,1,2x6,10,2024-11-22,340.0,357.5
West,1,2x6,10,2024-11-27,330.0,347.5
West,1,2x6,10,2024-12-06,325.0,337.5
West,1,2x6,10,2024-12-13,330.0,331.25
West,1,2x6,10,2024-12-20,350.0,333.75
West,1,2x6,10,2025-01-03,385.0,347.5
West,1,2x6,10,2025-01-10,400.0,366.25
West,1,2x6,10,2025-01-17,405.0,385.0
West,1,2x6,10,2025-01-24,400.0,397.5
West,1,2x6,10,2025-01-31,395.0,400.0
West,1,2x6,10,2025-02-07,400.0,400.0
West,1,2x6,10,2025-02-14,405.0,400.0
West,1,2x6,10,2025-02-21,405.0,401.25
West,1,2x6,10,2025-02-28,405.0,403.75
West,1,2x6,10,2025-03-07,405.0,405.0
West,1,2x6,10,2025-03-14,405.0,405.0
West,1,2x6,10,2025-03-21,400.0,403.75
West,1,2x6,10,2025-03-28,395.0,401.25
West,1,2x6,10,2025-04-04,385.0,396.25
West,1,2x6,10,2025-04-11,385.0,391.25
West,1,2x6,10,2025-04-18,385.0,387.5
West,1,2x6,10,2025-04-25,390.0,386.25
West,1,2x6,10,2025-05-02,390.0,387.5
West,1,2x6,10,2025-05-09,370.0,383.75
West,1,2x6,10,2025-05-16,350.0,375.0
West,1,2x6,10,2025-05-23,315.0,356.25
West,1,2x6,10,2025-05-30,290.0,331.25
West,1,2x6,10,2025-06-06,270.0,306.25
West,1,2x6,10,2025-06-13,270.0,286.25
West,1,2x6,10,2025-06-19,270.0,275.0
West,1,2x6,10,2025-06-27,270.0,270.0
West,1,2x6,10,2025-07-03,280.0,272.5
West,1,2x6,10,2025-07-11,300.0,280.0
West,1,2x6,10,2025-07-18,305.0,288.75
West,1,2x6,10,2025-07-25,310.0,298.75
West,1,2x6,10,2025-08-01,310.0,306.25
West,1,2x6,10,2025-08-08,310.0,308.75
West,1,2x6,10,2025-08-15,310.0,310.0
West,1,2x6,10,2025-08-22,300.0,307.5
West,1,2x6,10,2025-08-29,285.0,301.25
West,1,2x6,10,2025-09-05,275.0,292.5
West,1,2x6,10,2025-09-12,275.0,283.75
West,1,2x6,10,2025-09-19,275.0,277.5
West,1,2x6,10,2025-09-26,280.0,276.25
West,1,2x6,10,2025-10-03,285.0,278.75
West,1,2x6,10,2025-10-10,290.0,282.5
West,1,2x6,10,2025-10-17,295.0,287.5
West,1,2x6,12,2024-01-12,410.0,410.0
West,1,2x6,12,2024-01-18,405.0,407.5
West,1,2x6,12,2024-01-25,380.0,398.3333333333333
West,1,2x6,12,2024-02-08,370.0,391.25
West,1,2x6,12,2024-02-15,380.0,383.75
West,1,2x6,12,2024-02-22,395.0,381.25
West,1,2x6,12,2024-02-29,410.0,388.75
West,1,2x6,12,2024-03-07,420.0,401.25
West,1,2x6,12,2024-03-14,425.0,412.5
West,1,2x6,12,2024-03-21,425.0,420.0
West,1,2x6,12,2024-03-28,415.0,421.25
West,1,2x6,12,2024-04-04,395.0,415.0
West,1,2x6,12,2024-04-11,375.0,402.5
West,1,2x6,12,2024-04-18,365.0,387.5
West,1,2x6,12,2024-04-25,360.0,373.75
West,1,2x6,12,2024-05-02,360.0,365.0
West,1,2x6,12,2024-05-09,365.0,362.5
West,1,2x6,12,2024-05-16,370.0,363.75
West,1,2x6,12,2024-05-30,385.0,370.0
West,1,2x6,12,2024-06-06,370.0,372.5
West,1,2x6,12,2024-06-13,355.0,370.0
West,1,2x6,12,2024-06-20,335.0,361.25
West,1,2x6,12,2024-06-27,320.0,345.0
West,1,2x6,12,2024-07-04,315.0,331.25
West,1,2x6,12,2024-07-11,315.0,321.25
West,1,2x6,12,2024-07-18,325.0,318.75
West,1,2x6,12,2024-07-25,335.0,322.5
West,1,2x6,12,2024-08-01,340.0,328.75
West,1,2x6,12,2024-08-08,340.0,335.0
West,1,2x6,12,2024-08-15,330.0,336.25
West,1,2x6,12,2024-08-22,325.0,333.75
West,1,2x6,12,2024-08-29,315.0,327.5
West,1,2x6,12,2024-09-05,315.0,321.25
West,1,2x6,12,2024-09-12,315.0,317.5
West,1,2x6,12,2024-09-20,320.0,316.25
West,1,2x6,12,2024-09-26,320.0,317.5
West,1,2x6,12,2024-09-27,330.0,321.25
West,1,2x6,12,2024-10-04,345.0,328.75
West,1,2x6,12,2024-10-11,355.0,337.5
West,1,2x6,12,2024-10-18,375.0,351.25
West,1,2x6,12,2024-10-25,390.0,366.25
West,1,2x6,12,2024-11-01,395.0,378.75
West,1,2x6,12,2024-11-08,390.0,387.5
West,1,2x6,12,2024-11-15,380.0,388.75
West,1,2x6,12,2024-11-22,365.0,382.5
West,1,2x6,12,2024-11-27,355.0,372.5
West,1,2x6,12,2024-12-06,350.0,362.5
West,1,2x6,12,2024-12-13,355.0,356.25
West,1,2x6,12,2024-12-20,375.0,358.75
West,1,2x6,12,2025-01-03,410.0,372.5
West,1,2x6,12,2025-01-10,425.0,391.25
West,1,2x6,12,2025-01-17,430.0,410.0
West,1,2x6,12,2025-01-24,425.0,422.5
West,1,2x6,12,2025-01-31,420.0,425.0
West,1,2x6,12,2025-02-07,425.0,425.0
West,1,2x6,12,2025-02-14,430.0,425.0
West,1,2x6,12,2025-02-21,435.0,427.5
West,1,2x6,12,2025-02-28,435.0,431.25
West,1,2x6,12,2025-03-07,435.0,433.75
West,1,2x6,12,2025-03-14,435.0,435.0
West,1,2x6,12,2025-03-21,430.0,433.75
West,1,2x6,12,2025-03-28,430.0,432.5
West,1,2x6,12,2025-04-04,420.0,428.75
West,1,2x6,12,2025-04-11,420.0,425.0
West,1,2x6,12,2025-04-18,420.0,422.5
West,1,2x6,12,2025-04-25,425.0,421.25
West,1,2x6,12,2025-05-02,425.0,422.5
West,1,2x6,12,2025-05-09,405.0,418.75
West,1,2x6,12,2025-05-16,385.0,410.0
West,1,2x6,12,2025-05-23,350.0,391.25
West,1,2x6,12,2025-05-30,325.0,366.25
West,1,2x6,12,2025-06-06,305.0,341.25
West,1,2x6,12,2025-06-13,305.0,321.25
West,1,2x6,12,2025-06-19,305.0,310.0
West,1,2x6,12,2025-06-27,320.0,308.75
West,1,2x6,12,2025-07-03,330.0,315.0
West,1,2x6,12,2025-07-11,345.0,325.0
West,1,2x6,12,2025-07-18,350.0,336.25
West,1,2x6,12,2025-07-25,355.0,345.0
West,1,2x6,12,2025-08-01,360.0,352.5
West,1,2x6,12,2025-08-08,360.0,356.25
West,1,2x6,12,2025-08-15,360.0,358.75
West,1,2x6,12,2025-08-22,350.0,357.5
West,1,2x6,12,2025-08-29,335.0,351.25
West,1,2x6,12,2025-09-05,325.0,342.5
West,1,2x6,12,2025-09-12,325.0,333.75
West,1,2x6,12,2025-09-19,325.0,327.5
West,1,2x6,12,2025-09-26,330.0,326.25
West,1,2x6,12,2025-10-03,335.0,328.75
West,1,2x6,12,2025-10-10,340.0,332.5
West,1,2x6,12,2025-10-17,345.0,337.5
West,1,2x6,14,2024-01-12,380.0,380.0
West,1,2x6,14,2024-01-18,375.0,377.5
West,1,2x6,14,2024-01-25,360.0,371.6666666666667
West,1,2x6,14,2024-02-08,350.0,366.25
West,1,2x6,14,2024-02-15,360.0,361.25
West,1,2x6,14,2024-02-22,375.0,361.25
West,1,2x6,14,2024-02-29,395.0,370.0
West,1,2x6,14,2024-03-07,405.0,383.75
West,1,2x6,14,2024-03-14,405.0,395.0
West,1,2x6,14,2024-03-21,405.0,402.5
West,1,2x6,14,2024-03-28,400.0,403.75
West,1,2x6,14,2024-04-04,380.0,397.5
West,1,2x6,14,2024-04-11,360.0,386.25
West,1,2x6,14,2024-04-18,350.0,372.5
West,1,2x6,14,2024-04-25,345.0,358.75
West,1,2x6,14,2024-05-02,345.0,350.0
West,1,2x6,14,2024-05-09,350.0,347.5
West,1,2x6,14,2024-05-16,355.0,348.75
West,1,2x6,14,2024-05-30,370.0,355.0
West,1,2x6,14,2024-06-06,355.0,357.5
West,1,2x6,14,2024-06-13,340.0,355.0
West,1,2x6,14,2024-06-20,320.0,346.25
West,1,2x6,14,2024-06-27,305.0,330.0
West,1,2x6,14,2024-07-04,300.0,316.25
West,1,2x6,14,2024-07-11,300.0,306.25
West,1,2x6,14,2024-07-18,310.0,303.75
West,1,2x6,14,2024-07-25,315.0,306.25
West,1,2x6,14,2024-08-01,320.0,311.25
West,1,2x6,14,2024-08-08,320.0,316.25
West,1,2x6,14,2024-08-15,310.0,316.25
West,1,2x6,14,2024-08-22,305.0,313.75
West,1,2x6,14,2024-08-29,295.0,307.5
West,1,2x6,14,2024-09-05,295.0,301.25
West,1,2x6,14,2024-09-12,295.0,297.5
West,1,2x6,14,2024-09-20,300.0,296.25
West,1,2x6,14,2024-09-26,300.0,297.5
West,1,2x6,14,2024-09-27,310.0,301.25
West,1,2x6,14,2024-10-04,325.0,308.75
West,1,2x6,14,2024-10-11,345.0,320.0
West,1,2x6,14,2024-10-18,365.0,336.25
West,1,2x6,14,2024-10-25,380.0,353.75
West,1,2x6,14,2024-11-01,385.0,368.75
West,1,2x6,14,2024-11-08,380.0,377.5
West,1,2x6,14,2024-11-15,370.0,378.75
West,1,2x6,14,2024-11-22,355.0,372.5
West,1,2x6,14,2024-11-27,345.0,362.5
West,1,2x6,14,2024-12-06,340.0,352.5
West,1,2x6,14,2024-12-13,345.0,346.25
West,1,2x6,14,2024-12-20,365.0,348.75
West,1,2x6,14,2025-01-03,400.0,362.5
West,1,2x6,14,2025-01-10,420.0,382.5
West,1,2x6,14,2025-01-17,425.0,402.5
West,1,2x6,14,2025-01-24,420.0,416.25
West,1,2x6,14,2025-01-31,415.0,420.0
West,1,2x6,14,2025-02-07,420.0,420.0
West,1,2x6,14,2025-02-14,425.0,420.0
West,1,2x6,14,2025-02-21,425.0,421.25
West,1,2x6,14,2025-02-28,425.0,423.75
West,1,2x6,14,2025-03-07,425.0,425.0
West,1,2x6,14,2025-03-14,425.0,425.0
West,1,2x6,14,2025-03-21,420.0,423.75
West,1,2x6,14,2025-03-28,420.0,422.5
West,1,2x6,14,2025-04-04,410.0,418.75
West,1,2x6,14,2025-04-11,410.0,415.0
West,1,2x6,14,2025-04-18,410.0,412.5
West,1,2x6,14,2025-04-25,415.0,411.25
West,1,2x6,14,2025-05-02,415.0,412.5
West,1,2x6,14,2025-05-09,395.0,408.75
West,1,2x6,14,2025-05-16,375.0,400.0
West,1,2x6,14,2025-05-23,345.0,382.5
West,1,2x6,14,2025-05-30,320.0,358.75
West,1,2x6,14,2025-06-06,300.0,335.0
West,1,2x6,14,2025-06-13,300.0,316.25
West,1,2x6,14,2025-06-19,300.0,305.0
West,1,2x6,14,2025-06-27,315.0,303.75
West,1,2x6,14,2025-07-03,325.0,310.0
West,1,2x6,14,2025-07-11,340.0,320.0
West,1,2x6,14,2025-07-18,345.0,331.25
West,1,2x6,14,2025-07-25,350.0,340.0
West,1,2x6,14,2025-08-01,355.0,347.5
West,1,2x6,14,2025-08-08,355.0,351.25
West,1,2x6,14,2025-08-15,355.0,353.75
West,1,2x6,14,2025-08-22,345.0,352.5
West,1,2x6,14,2025-08-29,330.0,346.25
West,1,2x6,14,2025-09-05,320.0,337.5
West,1,2x6,14,2025-09-12,320.0,328.75
West,1,2x6,14,2025-09-19,320.0,322.5
West,1,2x6,14,2025-09-26,325.0,321.25
West,1,2x6,14,2025-10-03,330.0,323.75
West,1,2x6,14,2025-10-10,335.0,327.5
West,1,2x6,14,2025-10-17,340.0,332.5
West,1,2x6,16,2024-01-12,395.0,395.0
West,1,2x6,16,2024-01-18,390.0,392.5
West,1,2x6,16,2024-01-25,370.0,385.0
West,1,2x6,16,2024-02-08,360.0,378.75
West,1,2x6,16,2024-02-15,370.0,372.5
West,1,2x6,16,2024-02-22,390.0,372.5
West,1,2x6,16,2024-02-29,410.0,382.5
West,1,2x6,16,2024-03-07,420.0,397.5
West,1,2x6,16,2024-03-14,420.0,410.0
West,1,2x6,16,2024-03-21,420.0,417.5
West,1,2x6,16,2024-03-28,415.0,418.75
West,1,2x6,16,2024-04-04,395.0,412.5
West,1,2x6,16,2024-04-11,375.0,401.25
West,1,2x6,16,2024-04-18,365.0,387.5
West,1,2x6,16,2024-04-25,360.0,373.75
West,1,2x6,16,2024-05-02,360.0,365.0
West,1,2x6,16,2024-05-09,365.0,362.5
West,1,2x6,16,2024-05-16,370.0,363.75
West,1,2x6,16,2024-05-30,385.0,370.0
West,1,2x6,16,2024-06-06,370.0,372.5
West,1,2x6,16,2024-06-13,355.0,370.0
West,1,2x6,16,2024-06-20,335.0,361.25
West,1,2x6,16,2024-06-27,320.0,345.0
West,1,2x6,16,2024-07-04,315.0,331.25
West,1,2x6,16,2024-07-11,315.0,321.25
West,1,2x6,16,2024-07-18,325.0,318.75
West,1,2x6,16,2024-07-25,335.0,322.5
West,1,2x6,16,2024-08-01,340.0,328.75
West,1,2x6,16,2024-08-08,340.0,335.0
West,1,2x6,16,2024-08-15,330.0,336.25
West,1,2x6,16,2024-08-22,325.0,333.75
West,1,2x6,16,2024-08-29,315.0,327.5
West,1,2x6,16,2024-09-05,315.0,321.25
West,1,2x6,16,2024-09-12,315.0,317.5
West,1,2x6,16,2024-09-20,320.0,316.25
West,1,2x6,16,2024-09-26,320.0,317.5
West,1,2x6,16,2024-09-27,330.0,321.25
West,1,2x6,16,2024-10-04,345.0,328.75
West,1,2x6,16,2024-10-11,370.0,341.25
West,1,2x6,16,2024-10-18,390.0,358.75
West,1,2x6,16,2024-10-25,405.0,377.5
West,1,2x6,16,2024-11-01,410.0,393.75
West,1,2x6,16,2024-11-08,405.0,402.5
West,1,2x6,16,2024-11-15,395.0,403.75
West,1,2x6,16,2024-11-22,380.0,397.5
West,1,2x6,16,2024-11-27,370.0,387.5
West,1,2x6,16,2024-12-06,365.0,377.5
West,1,2x6,16,2024-12-13,370.0,371.25
West,1,2x6,16,2024-12-20,390.0,373.75
West,1,2x6,16,2025-01-03,425.0,387.5
West,1,2x6,16,2025-01-10,445.0,407.5
West,1,2x6,16,2025-01-17,450.0,427.5
West,1,2x6,16,2025-01-24,445.0,441.25
West,1,2x6,16,2025-01-31,440.0,445.0
West,1,2x6,16,2025-02-07,445.0,445.0
West,1,2x6,16,2025-02-14,450.0,445.0
West,1,2x6,16,2025-02-21,450.0,446.25
West,1,2x6,16,2025-02-28,450.0,448.75
West,1,2x6,16,2025-03-07,450.0,450.0
West,1,2x6,16,2025-03-14,450.0,450.0
West,1,2x6,16,2025-03-21,445.0,448.75
West,1,2x6,16,2025-03-28,445.0,447.5
West,1,2x6,16,2025-04-04,435.0,443.75
West,1,2x6,16,2025-04-11,435.0,440.0
West,1,2x6,16,2025-04-18,435.0,437.5
West,1,2x6,16,2025-04-25,440.0,436.25
West,1,2x6,16,2025-05-02,435.0,436.25
West,1,2x6,16,2025-05-09,415.0,431.25
West,1,2x6,16,2025-05-16,395.0,421.25
West,1,2x6,16,2025-05-23,365.0,402.5
West,1,2x6,16,2025-05-30,340.0,378.75
West,1,2x6,16,2025-06-06,320.0,355.0
West,1,2x6,16,2025-06-13,320.0,336.25
West,1,2x6,16,2025-06-19,320.0,325.0
West,1,2x6,16,2025-06-27,335.0,323.75
West,1,2x6,16,2025-07-03,345.0,330.0
West,1,2x6,16,2025-07-11,360.0,340.0
West,1,2x6,16,2025-07-18,365.0,351.25
West,1,2x6,16,2025-07-25,370.0,360.0
West,1,2x6,16,2025-08-01,375.0,367.5
West,1,2x6,16,2025-08-08,375.0,371.25
West,1,2x6,16,2025-08-15,370.0,372.5
West,1,2x6,16,2025-08-22,360.0,370.0
West,1,2x6,16,2025-08-29,345.0,362.5
West,1,2x6,16,2025-09-05,335.0,352.5
West,1,2x6,16,2025-09-12,335.0,343.75
West,1,2x6,16,2025-09-19,335.0,337.5
West,1,2x6,16,2025-09-26,340.0,336.25
West,1,2x6,16,2025-10-03,345.0,338.75
West,1,2x6,16,2025-10-10,350.0,342.5
West,1,2x6,16,2025-10-17,355.0,347.5
West,1,2x6,18,2024-01-12,385.0,385.0
West,1,2x6,18,2024-01-18,380.0,382.5
West,1,2x6,18,2024-01-25,360.0,375.0
West,1,2x6,18,2024-02-08,350.0,368.75
West,1,2x6,18,2024-02-15,360.0,362.5
West,1,2x6,18,2024-02-22,365.0,358.75
West,1,2x6,18,2024-02-29,375.0,362.5
West,1,2x6,18,2024-03-07,385.0,371.25
West,1,2x6,18,2024-03-14,380.0,376.25
West,1,2x6,18,2024-03-21,375.0,378.75
West,1,2x6,18,2024-03-28,360.0,375.0
West,1,2x6,18,2024-04-04,340.0,363.75
West,1,2x6,18,2024-04-11,320.0,348.75
West,1,2x6,18,2024-04-18,310.0,332.5
West,1,2x6,18,2024-04-25,305.0,318.75
West,1,2x6,18,2024-05-02,305.0,310.0
West,1,2x6,18,2024-05-09,310.0,307.5
West,1,2x6,18,2024-05-16,315.0,308.75
West,1,2x6,18,2024-05-30,330.0,315.0
West,1,2x6,18,2024-06-06,315.0,317.5
West,1,2x6,18,2024-06-13,300.0,315.0
West,1,2x6,18,2024-06-20,280.0,306.25
West,1,2x6,18,2024-06-27,265.0,290.0
West,1,2x6,18,2024-07-04,260.0,276.25
West,1,2x6,18,2024-07-11,260.0,266.25
West,1,2x6,18,2024-07-18,270.0,263.75
West,1,2x6,18,2024-07-25,280.0,267.5
West,1,2x6,18,2024-08-01,285.0,273.75
West,1,2x6,18,2024-08-08,285.0,280.0
West,1,2x6,18,2024-08-15,275.0,281.25
West,1,2x6,18,2024-08-22,270.0,278.75
West,1,2x6,18,2024-08-29,260.0,272.5
West,1,2x6,18,2024-09-05,260.0,266.25
West,1,2x6,18,2024-09-12,260.0,262.5
West,1,2x6,18,2024-09-20,270.0,262.5
West,1,2x6,18,2024-09-26,270.0,265.0
West,1,2x6,18,2024-09-27,280.0,270.0
West,1,2x6,18,2024-10-04,295.0,278.75
West,1,2x6,18,2024-10-11,310.0,288.75
West,1,2x6,18,2024-10-18,330.0,303.75
West,1,2x6,18,2024-10-25,345.0,320.0
West,1,2x6,18,2024-11-01,350.0,333.75
West,1,2x6,18,2024-11-08,345.0,342.5
West,1,2x6,18,2024-11-15,335.0,343.75
West,1,2x6,18,2024-11-22,320.0,337.5
West,1,2x6,18,2024-11-27,310.0,327.5
West,1,2x6,18,2024-12-06,305.0,317.5
West,1,2x6,18,2024-12-13,310.0,311.25
West,1,2x6,18,2024-12-20,330.0,313.75
West,1,2x6,18,2025-01-03,365.0,327.5
West,1,2x6,18,2025-01-10,385.0,347.5
West,1,2x6,18,2025-01-17,390.0,367.5
West,1,2x6,18,2025-01-24,385.0,381.25
West,1,2x6,18,2025-01-31,380.0,385.0
West,1,2x6,18,2025-02-07,385.0,385.0
West,1,2x6,18,2025-02-14,390.0,385.0
West,1,2x6,18,2025-02-21,395.0,387.5
West,1,2x6,18,2025-02-28,395.0,391.25
West,1,2x6,18,2025-03-07,395.0,393.75
West,1,2x6,18,2025-03-14,395.0,395.0
West,1,2x6,18,2025-03-21,390.0,393.75
West,1,2x6,18,2025-03-28,390.0,392.5
West,1,2x6,18,2025-04-04,380.0,388.75
West,1,2x6,18,2025-04-11,380.0,385.0
West,1,2x6,18,2025-04-18,380.0,382.5
West,1,2x6,18,2025-04-25,385.0,381.25
West,1,2x6,18,2025-05-02,380.0,381.25
West,1,2x6,18,2025-05-09,360.0,376.25
West,1,2x6,18,2025-05-16,340.0,366.25
West,1,2x6,18,2025-05-23,310.0,347.5
West,1,2x6,18,2025-05-30,285.0,323.75
West,1,2x6,18,2025-06-06,265.0,300.0
West,1,2x6,18,2025-06-13,265.0,281.25
West,1,2x6,18,2025-06-19,265.0,270.0
West,1,2x6,18,2025-06-27,285.0,270.0
West,1,2x6,18,2025-07-03,295.0,277.5
West,1,2x6,18,2025-07-11,310.0,288.75
West,1,2x6,18,2025-07-18,315.0,301.25
West,1,2x6,18,2025-07-25,320.0,310.0
West,1,2x6,18,2025-08-01,320.0,316.25
West,1,2x6,18,2025-08-08,320.0,318.75
West,1,2x6,18,2025-08-15,320.0,320.0
West,1,2x6,18,2025-08-22,310.0,317.5
West,1,2x6,18,2025-08-29,300.0,312.5
West,1,2x6,18,2025-09-05,290.0,305.0
West,1,2x6,18,2025-09-12,290.0,297.5
West,1,2x6,18,2025-09-19,290.0,292.5
West,1,2x6,18,2025-09-26,295.0,291.25
West,1,2x6,18,2025-10-03,300.0,293.75
West,1,2x6,18,2025-10-10,305.0,297.5
West,1,2x6,18,2025-10-17,310.0,302.5
West,1,2x6,20,2024-01-12,415.0,415.0
West,1,2x6,20,2024-01-18,410.0,412.5
West,1,2x6,20,2024-01-25,390.0,405.0
West,1,2x6,20,2024-02-08,380.0,398.75
West,1,2x6,20,2024-02-15,390.0,392.5
West,1,2x6,20,2024-02-22,395.0,388.75
West,1,2x6,20,2024-02-29,405.0,392.5
West,1,2x6,20,2024-03-07,410.0,400.0
West,1,2x6,20,2024-03-14,410.0,405.0
West,1,2x6,20,2024-03-21,410.0,408.75
West,1,2x6,20,2024-03-28,400.0,407.5
West,1,2x6,20,2024-04-04,380.0,400.0
West,1,2x6,20,2024-04-11,360.0,387.5
West,1,2x6,20,2024-04-18,350.0,372.5
West,1,2x6,20,2024-04-25,345.0,358.75
West,1,2x6,20,2024-05-02,345.0,350.0
West,1,2x6,20,2024-05-09,350.0,347.5
West,1,2x6,20,2024-05-16,355.0,348.75
West,1,2x6,20,2024-05-30,370.0,355.0
West,1,2x6,20,2024-06-06,355.0,357.5
West,1,2x6,20,2024-06-13,330.0,352.5
West,1,2x6,20,2024-06-20,310.0,341.25
West,1,2x6,20,2024-06-27,295.0,322.5
West,1,2x6,20,2024-07-04,290.0,306.25
West,1,2x6,20,2024-07-11,290.0,296.25
West,1,2x6,20,2024-07-18,300.0,293.75
West,1,2x6,20,2024-07-25,310.0,297.5
West,1,2x6,20,2024-08-01,315.0,303.75
West,1,2x6,20,2024-08-08,315.0,310.0
West,1,2x6,20,2024-08-15,305.0,311.25
West,1,2x6,20,2024-08-22,300.0,308.75
West,1,2x6,20,2024-08-29,290.0,302.5
West,1,2x6,20,2024-09-05,290.0,296.25
West,1,2x6,20,2024-09-12,290.0,292.5
West,1,2x6,20,2024-09-20,295.0,291.25
West,1,2x6,20,2024-09-26,295.0,292.5
West,1,2x6,20,2024-09-27,305.0,296.25
West,1,2x6,20,2024-10-04,320.0,303.75
West,1,2x6,20,2024-10-11,345.0,316.25
West,1,2x6,20,2024-10-18,365.0,333.75
West,1,2x6,20,2024-10-25,380.0,352.5
West,1,2x6,20,2024-11-01,385.0,368.75
West,1,2x6,20,2024-11-08,380.0,377.5
West,1,2x6,20,2024-11-15,370.0,378.75
West,1,2x6,20,2024-11-22,355.0,372.5
West,1,2x6,20,2024-11-27,345.0,362.5
West,1,2x6,20,2024-12-06,340.0,352.5
West,1,2x6,20,2024-12-13,345.0,346.25
West,1,2x6,20,2024-12-20,365.0,348.75
West,1,2x6,20,2025-01-03,400.0,362.5
West,1,2x6,20,2025-01-10,415.0,381.25
West,1,2x6,20,2025-01-17,420.0,400.0
West,1,2x6,20,2025-01-24,415.0,412.5
West,1,2x6,20,2025-01-31,410.0,415.0
West,1,2x6,20,2025-02-07,415.0,415.0
West,1,2x6,20,2025-02-14,420.0,415.0
West,1,2x6,20,2025-02-21,420.0,416.25
West,1,2x6,20,2025-02-28,420.0,418.75
West,1,2x6,20,2025-03-07,420.0,420.0
West,1,2x6,20,2025-03-14,420.0,420.0
West,1,2x6,20,2025-03-21,415.0,418.75
West,1,2x6,20,2025-03-28,415.0,417.5
West,1,2x6,20,2025-04-04,405.0,413.75
West,1,2x6,20,2025-04-11,405.0,410.0
West,1,2x6,20,2025-04-18,405.0,407.5
West,1,2x6,20,2025-04-25,410.0,406.25
West,1,2x6,20,2025-05-02,400.0,405.0
West,1,2x6,20,2025-05-09,380.0,398.75
West,1,2x6,20,2025-05-16,360.0,387.5
West,1,2x6,20,2025-05-23,325.0,366.25
West,1,2x6,20,2025-05-30,300.0,341.25
West,1,2x6,20,2025-06-06,280.0,316.25
West,1,2x6,20,2025-06-13,280.0,296.25
West,1,2x6,20,2025-06-19,280.0,285.0
West,1,2x6,20,2025-06-27,295.0,283.75
West,1,2x6,20,2025-07-03,305.0,290.0
West,1,2x6,20,2025-07-11,320.0,300.0
West,1,2x6,20,2025-07-18,325.0,311.25
West,1,2x6,20,2025-07-25,330.0,320.0
West,1,2x6,20,2025-08-01,330.0,326.25
West,1,2x6,20,2025-08-08,330.0,328.75
West,1,2x6,20,2025-08-15,330.0,330.0
West,1,2x6,20,2025-08-22,320.0,327.5
West,1,2x6,20,2025-08-29,310.0,322.5
West,1,2x6,20,2025-09-05,300.0,315.0
West,1,2x6,20,2025-09-12,300.0,307.5
West,1,2x6,20,2025-09-19,300.0,302.5
West,1,2x6,20,2025-09-26,305.0,301.25
West,1,2x6,20,2025-10-03,310.0,303.75
West,1,2x6,20,2025-10-10,315.0,307.5
West,1,2x6,20,2025-10-17,320.0,312.5
West,1,2x8,8,2024-01-12,400.0,400.0
West,1,2x8,8,2024-01-18,395.0,397.5
West,1,2x8,8,2024-01-25,380.0,391.6666666666667
West,1,2x8,8,2024-02-08,370.0,386.25
West,1,2x8,8,2024-02-15,375.0,380.0
West,1,2x8,8,2024-02-22,385.0,377.5
West,1,2x8,8,2024-02-29,390.0,380.0
West,1,2x8,8,2024-03-07,395.0,386.25
West,1,2x8,8,2024-03-14,395.0,391.25
West,1,2x8,8,2024-03-21,390.0,392.5
West,1,2x8,8,2024-03-28,380.0,390.0
West,1,2x8,8,2024-04-04,370.0,383.75
West,1,2x8,8,2024-04-11,355.0,373.75
West,1,2x8,8,2024-04-18,345.0,362.5
West,1,2x8,8,2024-04-25,340.0,352.5
West,1,2x8,8,2024-05-02,340.0,345.0
West,1,2x8,8,2024-05-09,340.0,341.25
West,1,2x8,8,2024-05-16,345.0,341.25
West,1,2x8,8,2024-05-30,350.0,343.75
West,1,2x8,8,2024-06-06,335.0,342.5
West,1,2x8,8,2024-06-13,325.0,338.75
West,1,2x8,8,2024-06-20,310.0,330.0
West,1,2x8,8,2024-06-27,295.0,316.25
West,1,2x8,8,2024-07-04,290.0,305.0
West,1,2x8,8,2024-07-11,285.0,295.0
West,1,2x8,8,2024-07-18,290.0,290.0
West,1,2x8,8,2024-07-25,300.0,291.25
West,1,2x8,8,2024-08-01,305.0,295.0
West,1,2x8,8,2024-08-08,305.0,300.0
West,1,2x8,8,2024-08-15,290.0,300.0
West,1,2x8,8,2024-08-22,280.0,295.0
West,1,2x8,8,2024-08-29,270.0,286.25
West,1,2x8,8,2024-09-05,270.0,277.5
West,1,2x8,8,2024-09-12,270.0,272.5
West,1,2x8,8,2024-09-20,275.0,271.25
West,1,2x8,8,2024-09-26,275.0,272.5
West,1,2x8,8,2024-09-27,285.0,276.25
West,1,2x8,8,2024-10-04,295.0,282.5
West,1,2x8,8,2024-10-11,320.0,293.75
West,1,2x8,8,2024-10-18,335.0,308.75
West,1,2x8,8,2024-10-25,345.0,323.75
West,1,2x8,8,2024-11-01,350.0,337.5
West,1,2x8,8,2024-11-08,350.0,345.0
West,1,2x8,8,2024-11-15,340.0,346.25
West,1,2x8,8,2024-11-22,330.0,342.5
West,1,2x8,8,2024-11-27,320.0,335.0
West,1,2x8,8,2024-12-06,315.0,326.25
West,1,2x8,8,2024-12-13,320.0,321.25
West,1,2x8,8,2024-12-20,335.0,322.5
West,1,2x8,8,2025-01-03,360.0,332.5
West,1,2x8,8,2025-01-10,370.0,346.25
West,1,2x8,8,2025-01-17,370.0,358.75
West,1,2x8,8,2025-01-24,360.0,365.0
West,1,2x8,8,2025-01-31,355.0,363.75
West,1,2x8,8,2025-02-07,355.0,360.0
West,1,2x8,8,2025-02-14,355.0,356.25
West,1,2x8,8,2025-02-21,355.0,355.0
West,1,2x8,8,2025-02-28,355.0,355.0
West,1,2x8,8,2025-03-07,355.0,355.0
West,1,2x8,8,2025-03-14,355.0,355.0
West,1,2x8,8,2025-03-21,355.0,355.0
West,1,2x8,8,2025-03-28,365.0,357.5
West,1,2x8,8,2025-04-04,365.0,360.0
West,1,2x8,8,2025-04-11,370.0,363.75
West,1,2x8,8,2025-04-18,375.0,368.75
West,1,2x8,8,2025-04-25,380.0,372.5
West,1,2x8,8,2025-05-02,380.0,376.25
West,1,2x8,8,2025-05-09,375.0,377.5
West,1,2x8,8,2025-05-16,365.0,375.0
West,1,2x8,8,2025-05-23,345.0,366.25
West,1,2x8,8,2025-05-30,330.0,353.75
West,1,2x8,8,2025-06-06,310.0,337.5
West,1,2x8,8,2025-06-13,305.0,322.5
West,1,2x8,8,2025-06-19,300.0,311.25
West,1,2x8,8,2025-06-27,320.0,308.75
West,1,2x8,8,2025-07-03,325.0,312.5
West,1,2x8,8,2025-07-11,335.0,320.0
West,1,2x8,8,2025-07-18,340.0,330.0
West,1,2x8,8,2025-07-25,345.0,336.25
West,1,2x8,8,2025-08-01,345.0,341.25
West,1,2x8,8,2025-08-08,345.0,343.75
West,1,2x8,8,2025-08-15,345.0,345.0
West,1,2x8,8,2025-08-22,335.0,342.5
West,1,2x8,8,2025-08-29,325.0,337.5
West,1,2x8,8,2025-09-05,315.0,330.0
West,1,2x8,8,2025-09-12,305.0,320.0
West,1,2x8,8,2025-09-19,305.0,312.5
West,1,2x8,8,2025-09-26,310.0,308.75
West,1,2x8,8,2025-10-03,315.0,308.75
West,1,2x8,8,2025-10-10,320.0,312.5
West,1,2x8,8,2025-10-17,325.0,317.5
West,1,2x8,10,2024-01-12,415.0,415.0
West,1,2x8,10,2024-01-18,410.0,412.5
West,1,2x8,10,2024-01-25,395.0,406.6666666666667
West,1,2x8,10,2024-02-08,385.0,401.25
West,1,2x8,10,2024-02-15,390.0,395.0
West,1,2x8,10,2024-02-22,400.0,392.5
West,1,2x8,10,2024-02-29,410.0,396.25
West,1,2x8,10,2024-03-07,420.0,405.0
West,1,2x8,10,2024-03-14,420.0,412.5
West,1,2x8,10,2024-03-21,420.0,417.5
West,1,2x8,10,2024-03-28,410.0,417.5
West,1,2x8,10,2024-04-04,400.0,412.5
West,1,2x8,10,2024-04-11,385.0,403.75
West,1,2x8,10,2024-04-18,375.0,392.5
West,1,2x8,10,2024-04-25,370.0,382.5
West,1,2x8,10,2024-05-02,370.0,375.0
West,1,2x8,10,2024-05-09,370.0,371.25
West,1,2x8,10,2024-05-16,375.0,371.25
West,1,2x8,10,2024-05-30,380.0,373.75
West,1,2x8,10,2024-06-06,370.0,373.75
West,1,2x8,10,2024-06-13,350.0,368.75
West,1,2x8,10,2024-06-20,335.0,358.75
West,1,2x8,10,2024-06-27,320.0,343.75
West,1,2x8,10,2024-07-04,315.0,330.0
West,1,2x8,10,2024-07-11,310.0,320.0
West,1,2x8,10,2024-07-18,315.0,315.0
West,1,2x8,10,2024-07-25,315.0,313.75
West,1,2x8,10,2024-08-01,320.0,315.0
West,1,2x8,10,2024-08-08,320.0,317.5
West,1,2x8,10,2024-08-15,305.0,315.0
West,1,2x8,10,2024-08-22,295.0,310.0
West,1,2x8,10,2024-08-29,285.0,301.25
West,1,2x8,10,2024-09-05,285.0,292.5
West,1,2x8,10,2024-09-12,285.0,287.5
West,1,2x8,10,2024-09-20,290.0,286.25
West,1,2x8,10,2024-09-26,290.0,287.5
West,1,2x8,10,2024-09-27,300.0,291.25
West,1,2x8,10,2024-10-04,310.0,297.5
West,1,2x8,10,2024-10-11,325.0,306.25
West,1,2x8,10,2024-10-18,340.0,318.75
West,1,2x8,10,2024-10-25,350.0,331.25
West,1,2x8,10,2024-11-01,355.0,342.5
West,1,2x8,10,2024-11-08,355.0,350.0
West,1,2x8,10,2024-11-15,345.0,351.25
West,1,2x8,10,2024-11-22,335.0,347.5
West,1,2x8,10,2024-11-27,325.0,340.0
West,1,2x8,10,2024-12-06,320.0,331.25
West,1,2x8,10,2024-12-13,325.0,326.25
West,1,2x8,10,2024-12-20,340.0,327.5
West,1,2x8,10,2025-01-03,365.0,337.5
West,1,2x8,10,2025-01-10,375.0,351.25
West,1,2x8,10,2025-01-17,375.0,363.75
West,1,2x8,10,2025-01-24,365.0,370.0
West,1,2x8,10,2025-01-31,360.0,368.75
West,1,2x8,10,2025-02-07,360.0,365.0
West,1,2x8,10,2025-02-14,360.0,361.25
West,1,2x8,10,2025-02-21,360.0,360.0
West,1,2x8,10,2025-02-28,360.0,360.0
West,1,2x8,10,2025-03-07,360.0,360.0
West,1,2x8,10,2025-03-14,360.0,360.0
West,1,2x8,10,2025-03-21,360.0,360.0
West,1,2x8,10,2025-03-28,370.0,362.5
West,1,2x8,10,2025-04-04,370.0,365.0
West,1,2x8,10,2025-04-11,375.0,368.75
West,1,2x8,10,2025-04-18,380.0,373.75
West,1,2x8,10,2025-04-25,385.0,377.5
West,1,2x8,10,2025-05-02,385.0,381.25
West,1,2x8,10,2025-05-09,380.0,382.5
West,1,2x8,10,2025-05-16,370.0,380.0
West,1,2x8,10,2025-05-23,350.0,371.25
West,1,2x8,10,2025-05-30,335.0,358.75
West,1,2x8,10,2025-06-06,315.0,342.5
West,1,2x8,10,2025-06-13,310.0,327.5
West,1,2x8,10,2025-06-19,305.0,316.25
West,1,2x8,10,2025-06-27,325.0,313.75
West,1,2x8,10,2025-07-03,330.0,317.5
West,1,2x8,10,2025-07-11,340.0,325.0
West,1,2x8,10,2025-07-18,345.0,335.0
West,1,2x8,10,2025-07-25,350.0,341.25
West,1,2x8,10,2025-08-01,350.0,346.25
West,1,2x8,10,2025-08-08,350.0,348.75
West,1,2x8,10,2025-08-15,350.0,350.0
West,1,2x8,10,2025-08-22,340.0,347.5
West,1,2x8,10,2025-08-29,330.0,342.5
West,1,2x8,10,2025-09-05,320.0,335.0
West,1,2x8,10,2025-09-12,310.0,325.0
West,1,2x8,10,2025-09-19,310.0,317.5
West,1,2x8,10,2025-09-26,315.0,313.75
West,1,2x8,10,2025-10-03,320.0,313.75
West,1,2x8,10,2025-10-10,325.0,317.5
West,1,2x8,10,2025-10-17,330.0,322.5
West,1,2x8,12,2024-01-12,435.0,435.0
West,1,2x8,12,2024-01-18,430.0,432.5
West,1,2x8,12,2024-01-25,415.0,426.6666666666667
West,1,2x8,12,2024-02-08,405.0,421.25
West,1,2x8,12,2024-02-15,410.0,415.0
West,1,2x8,12,2024-02-22,410.0,410.0
West,1,2x8,12,2024-02-29,420.0,411.25
West,1,2x8,12,2024-03-07,430.0,417.5
West,1,2x8,12,2024-03-14,430.0,422.5
West,1,2x8,12,2024-03-21,430.0,427.5
West,1,2x8,12,2024-03-28,420.0,427.5
West,1,2x8,12,2024-04-04,410.0,422.5
West,1,2x8,12,2024-04-11,395.0,413.75
West,1,2x8,12,2024-04-18,385.0,402.5
West,1,2x8,12,2024-04-25,380.0,392.5
West,1,2x8,12,2024-05-02,380.0,385.0
West,1,2x8,12,2024-05-09,380.0,381.25
West,1,2x8,12,2024-05-16,385.0,381.25
West,1,2x8,12,2024-05-30,390.0,383.75
West,1,2x8,12,2024-06-06,380.0,383.75
West,1,2x8,12,2024-06-13,365.0,380.0
West,1,2x8,12,2024-06-20,350.0,371.25
West,1,2x8,12,2024-06-27,335.0,357.5
West,1,2x8,12,2024-07-04,330.0,345.0
West,1,2x8,12,2024-07-11,325.0,335.0
West,1,2x8,12,2024-07-18,330.0,330.0
West,1,2x8,12,2024-07-25,335.0,330.0
West,1,2x8,12,2024-08-01,340.0,332.5
West,1,2x8,12,2024-08-08,340.0,336.25
West,1,2x8,12,2024-08-15,330.0,336.25
West,1,2x8,12,2024-08-22,320.0,332.5
West,1,2x8,12,2024-08-29,310.0,325.0
West,1,2x8,12,2024-09-05,310.0,317.5
West,1,2x8,12,2024-09-12,310.0,312.5
West,1,2x8,12,2024-09-20,315.0,311.25
West,1,2x8,12,2024-09-26,315.0,312.5
West,1,2x8,12,2024-09-27,325.0,316.25
West,1,2x8,12,2024-10-04,335.0,322.5
West,1,2x8,12,2024-10-11,355.0,332.5
West,1,2x8,12,2024-10-18,370.0,346.25
West,1,2x8,12,2024-10-25,380.0,360.0
West,1,2x8,12,2024-11-01,385.0,372.5
West,1,2x8,12,2024-11-08,385.0,380.0
West,1,2x8,12,2024-11-15,375.0,381.25
West,1,2x8,12,2024-11-22,365.0,377.5
West,1,2x8,12,2024-11-27,355.0,370.0
West,1,2x8,12,2024-12-06,350.0,361.25
West,1,2x8,12,2024-12-13,355.0,356.25
West,1,2x8,12,2024-12-20,370.0,357.5
West,1,2x8,12,2025-01-03,395.0,367.5
West,1,2x8,12,2025-01-10,405.0,381.25
West,1,2x8,12,2025-01-17,405.0,393.75
West,1,2x8,12,2025-01-24,395.0,400.0
West,1,2x8,12,2025-01-31,390.0,398.75
West,1,2x8,12,2025-02-07,390.0,395.0
West,1,2x8,12,2025-02-14,390.0,391.25
West,1,2x8,12,2025-02-21,390.0,390.0
West,1,2x8,12,2025-02-28,390.0,390.0
West,1,2x8,12,2025-03-07,390.0,390.0
West,1,2x8,12,2025-03-14,390.0,390.0
West,1,2x8,12,2025-03-21,390.0,390.0
West,1,2x8,12,2025-03-28,400.0,392.5
West,1,2x8,12,2025-04-04,400.0,395.0
West,1,2x8,12,2025-04-11,405.0,398.75
West,1,2x8,12,2025-04-18,410.0,403.75
West,1,2x8,12,2025-04-25,415.0,407.5
West,1,2x8,12,2025-05-02,415.0,411.25
West,1,2x8,12,2025-05-09,410.0,412.5
West,1,2x8,12,2025-05-16,400.0,410.0
West,1,2x8,12,2025-05-23,380.0,401.25
West,1,2x8,12,2025-05-30,365.0,388.75
West,1,2x8,12,2025-06-06,345.0,372.5
West,1,2x8,12,2025-06-13,340.0,357.5
West,1,2x8,12,2025-06-19,335.0,346.25
West,1,2x8,12,2025-06-27,335.0,338.75
West,1,2x8,12,2025-07-03,340.0,337.5
West,1,2x8,12,2025-07-11,350.0,340.0
West,1,2x8,12,2025-07-18,355.0,345.0
West,1,2x8,12,2025-07-25,360.0,351.25
West,1,2x8,12,2025-08-01,360.0,356.25
West,1,2x8,12,2025-08-08,360.0,358.75
West,1,2x8,12,2025-08-15,360.0,360.0
West,1,2x8,12,2025-08-22,350.0,357.5
West,1,2x8,12,2025-08-29,340.0,352.5
West,1,2x8,12,2025-09-05,330.0,345.0
West,1,2x8,12,2025-09-12,320.0,335.0
West,1,2x8,12,2025-09-19,320.0,327.5
West,1,2x8,12,2025-09-26,325.0,323.75
West,1,2x8,12,2025-10-03,330.0,323.75
West,1,2x8,12,2025-10-10,335.0,327.5
West,1,2x8,12,2025-10-17,340.0,332.5
West,1,2x8,14,2024-01-12,395.0,395.0
West,1,2x8,14,2024-01-18,390.0,392.5
West,1,2x8,14,2024-01-25,375.0,386.6666666666667
West,1,2x8,14,2024-02-08,365.0,381.25
West,1,2x8,14,2024-02-15,370.0,375.0
West,1,2x8,14,2024-02-22,375.0,371.25
West,1,2x8,14,2024-02-29,385.0,373.75
West,1,2x8,14,2024-03-07,390.0,380.0
West,1,2x8,14,2024-03-14,390.0,385.0
West,1,2x8,14,2024-03-21,385.0,387.5
West,1,2x8,14,2024-03-28,375.0,385.0
West,1,2x8,14,2024-04-04,365.0,378.75
West,1,2x8,14,2024-04-11,350.0,368.75
West,1,2x8,14,2024-04-18,340.0,357.5
West,1,2x8,14,2024-04-25,335.0,347.5
West,1,2x8,14,2024-05-02,335.0,340.0
West,1,2x8,14,2024-05-09,335.0,336.25
West,1,2x8,14,2024-05-16,340.0,336.25
West,1,2x8,14,2024-05-30,345.0,338.75
West,1,2x8,14,2024-06-06,340.0,340.0
West,1,2x8,14,2024-06-13,320.0,336.25
West,1,2x8,14,2024-06-20,305.0,327.5
West,1,2x8,14,2024-06-27,290.0,313.75
West,1,2x8,14,2024-07-04,285.0,300.0
West,1,2x8,14,2024-07-11,280.0,290.0
West,1,2x8,14,2024-07-18,285.0,285.0
West,1,2x8,14,2024-07-25,290.0,285.0
West,1,2x8,14,2024-08-01,295.0,287.5
West,1,2x8,14,2024-08-08,295.0,291.25
West,1,2x8,14,2024-08-15,280.0,290.0
West,1,2x8,14,2024-08-22,270.0,285.0
West,1,2x8,14,2024-08-29,260.0,276.25
West,1,2x8,14,2024-09-05,260.0,267.5
West,1,2x8,14,2024-09-12,260.0,262.5
West,1,2x8,14,2024-09-20,265.0,261.25
West,1,2x8,14,2024-09-26,265.0,262.5
West,1,2x8,14,2024-09-27,275.0,266.25
West,1,2x8,14,2024-10-04,285.0,272.5
West,1,2x8,14,2024-10-11,310.0,283.75
West,1,2x8,14,2024-10-18,325.0,298.75
West,1,2x8,14,2024-10-25,335.0,313.75
West,1,2x8,14,2024-11-01,340.0,327.5
West,1,2x8,14,2024-11-08,340.0,335.0
West,1,2x8,14,2024-11-15,330.0,336.25
West,1,2x8,14,2024-11-22,320.0,332.5
West,1,2x8,14,2024-11-27,310.0,325.0
West,1,2x8,14,2024-12-06,305.0,316.25
West,1,2x8,14,2024-12-13,310.0,311.25
West,1,2x8,14,2024-12-20,325.0,312.5
West,1,2x8,14,2025-01-03,350.0,322.5
West,1,2x8,14,2025-01-10,360.0,336.25
West,1,2x8,14,2025-01-17,360.0,348.75
West,1,2x8,14,2025-01-24,350.0,355.0
West,1,2x8,14,2025-01-31,345.0,353.75
West,1,2x8,14,2025-02-07,345.0,350.0
West,1,2x8,14,2025-02-14,345.0,346.25
West,1,2x8,14,2025-02-21,345.0,345.0
West,1,2x8,14,2025-02-28,345.0,345.0
West,1,2x8,14,2025-03-07,345.0,345.0
West,1,2x8,14,2025-03-14,345.0,345.0
West,1,2x8,14,2025-03-21,345.0,345.0
West,1,2x8,14,2025-03-28,355.0,347.5
West,1,2x8,14,2025-04-04,355.0,350.0
West,1,2x8,14,2025-04-11,360.0,353.75
West,1,2x8,14,2025-04-18,365.0,358.75
West,1,2x8,14,2025-04-25,370.0,362.5
West,1,2x8,14,2025-05-02,370.0,366.25
West,1,2x8,14,2025-05-09,365.0,367.5
West,1,2x8,14,2025-05-16,355.0,365.0
West,1,2x8,14,2025-05-23,335.0,356.25
West,1,2x8,14,2025-05-30,320.0,343.75
West,1,2x8,14,2025-06-06,300.0,327.5
West,1,2x8,14,2025-06-13,295.0,312.5
West,1,2x8,14,2025-06-19,290.0,301.25
West,1,2x8,14,2025-06-27,295.0,295.0
West,1,2x8,14,2025-07-03,300.0,295.0
West,1,2x8,14,2025-07-11,320.0,301.25
West,1,2x8,14,2025-07-18,325.0,310.0
West,1,2x8,14,2025-07-25,330.0,318.75
West,1,2x8,14,2025-08-01,330.0,326.25
West,1,2x8,14,2025-08-08,330.0,328.75
West,1,2x8,14,2025-08-15,330.0,330.0
West,1,2x8,14,2025-08-22,320.0,327.5
West,1,2x8,14,2025-08-29,310.0,322.5
West,1,2x8,14,2025-09-05,300.0,315.0
West,1,2x8,14,2025-09-12,290.0,305.0
West,1,2x8,14,2025-09-19,290.0,297.5
West,1,2x8,14,2025-09-26,295.0,293.75
West,1,2x8,14,2025-10-03,300.0,293.75
West,1,2x8,14,2025-10-10,305.0,297.5
West,1,2x8,14,2025-10-17,310.0,302.5
West,1,2x8,16,2024-01-12,420.0,420.0
West,1,2x8,16,2024-01-18,415.0,417.5
West,1,2x8,16,2024-01-25,400.0,411.6666666666667
West,1,2x8,16,2024-02-08,390.0,406.25
West,1,2x8,16,2024-02-15,395.0,400.0
West,1,2x8,16,2024-02-22,395.0,395.0
West,1,2x8,16,2024-02-29,400.0,395.0
West,1,2x8,16,2024-03-07,410.0,400.0
West,1,2x8,16,2024-03-14,410.0,403.75
West,1,2x8,16,2024-03-21,400.0,405.0
West,1,2x8,16,2024-03-28,390.0,402.5
West,1,2x8,16,2024-04-04,380.0,395.0
West,1,2x8,16,2024-04-11,365.0,383.75
West,1,2x8,16,2024-04-18,355.0,372.5
West,1,2x8,16,2024-04-25,350.0,362.5
West,1,2x8,16,2024-05-02,350.0,355.0
West,1,2x8,16,2024-05-09,350.0,351.25
West,1,2x8,16,2024-05-16,355.0,351.25
West,1,2x8,16,2024-05-30,360.0,353.75
West,1,2x8,16,2024-06-06,350.0,353.75
West,1,2x8,16,2024-06-13,330.0,348.75
West,1,2x8,16,2024-06-20,315.0,338.75
West,1,2x8,16,2024-06-27,300.0,323.75
West,1,2x8,16,2024-07-04,295.0,310.0
West,1,2x8,16,2024-07-11,290.0,300.0
West,1,2x8,16,2024-07-18,295.0,295.0
West,1,2x8,16,2024-07-25,305.0,296.25
West,1,2x8,16,2024-08-01,310.0,300.0
West,1,2x8,16,2024-08-08,310.0,305.0
West,1,2x8,16,2024-08-15,300.0,306.25
West,1,2x8,16,2024-08-22,290.0,302.5
West,1,2x8,16,2024-08-29,280.0,295.0
West,1,2x8,16,2024-09-05,280.0,287.5
West,1,2x8,16,2024-09-12,280.0,282.5
West,1,2x8,16,2024-09-20,300.0,285.0
West,1,2x8,16,2024-09-26,300.0,290.0
West,1,2x8,16,2024-09-27,310.0,297.5
West,1,2x8,16,2024-10-04,320.0,307.5
West,1,2x8,16,2024-10-11,350.0,320.0
West,1,2x8,16,2024-10-18,365.0,336.25
West,1,2x8,16,2024-10-25,375.0,352.5
West,1,2x8,16,2024-11-01,380.0,367.5
West,1,2x8,16,2024-11-08,380.0,375.0
West,1,2x8,16,2024-11-15,370.0,376.25
West,1,2x8,16,2024-11-22,360.0,372.5
West,1,2x8,16,2024-11-27,350.0,365.0
West,1,2x8,16,2024-12-06,345.0,356.25
West,1,2x8,16,2024-12-13,350.0,351.25
West,1,2x8,16,2024-12-20,365.0,352.5
West,1,2x8,16,2025-01-03,390.0,362.5
West,1,2x8,16,2025-01-10,400.0,376.25
West,1,2x8,16,2025-01-17,400.0,388.75
West,1,2x8,16,2025-01-24,390.0,395.0
West,1,2x8,16,2025-01-31,385.0,393.75
West,1,2x8,16,2025-02-07,385.0,390.0
West,1,2x8,16,2025-02-14,385.0,386.25
West,1,2x8,16,2025-02-21,385.0,385.0
West,1,2x8,16,2025-02-28,385.0,385.0
West,1,2x8,16,2025-03-07,385.0,385.0
West,1,2x8,16,2025-03-14,385.0,385.0
West,1,2x8,16,2025-03-21,385.0,385.0
West,1,2x8,16,2025-03-28,395.0,387.5
West,1,2x8,16,2025-04-04,395.0,390.0
West,1,2x8,16,2025-04-11,400.0,393.75
West,1,2x8,16,2025-04-18,405.0,398.75
West,1,2x8,16,2025-04-25,410.0,402.5
West,1,2x8,16,2025-05-02,410.0,406.25
West,1,2x8,16,2025-05-09,405.0,407.5
West,1,2x8,16,2025-05-16,395.0,405.0
West,1,2x8,16,2025-05-23,375.0,396.25
West,1,2x8,16,2025-05-30,360.0,383.75
West,1,2x8,16,2025-06-06,340.0,367.5
West,1,2x8,16,2025-06-13,335.0,352.5
West,1,2x8,16,2025-06-19,330.0,341.25
West,1,2x8,16,2025-06-27,335.0,335.0
West,1,2x8,16,2025-07-03,340.0,335.0
West,1,2x8,16,2025-07-11,350.0,338.75
West,1,2x8,16,2025-07-18,355.0,345.0
West,1,2x8,16,2025-07-25,360.0,351.25
West,1,2x8,16,2025-08-01,360.0,356.25
West,1,2x8,16,2025-08-08,360.0,358.75
West,1,2x8,16,2025-08-15,360.0,360.0
West,1,2x8,16,2025-08-22,350.0,357.5
West,1,2x8,16,2025-08-29,340.0,352.5
West,1,2x8,16,2025-09-05,330.0,345.0
West,1,2x8,16,2025-09-12,320.0,335.0
West,1,2x8,16,2025-09-19,320.0,327.5
West,1,2x8,16,2025-09-26,325.0,323.75
West,1,2x8,16,2025-10-03,330.0,323.75
West,1,2x8,16,2025-10-10,335.0,327.5
West,1,2x8,16,2025-10-17,340.0,332.5
West,1,2x8,18,2024-01-12,415.0,415.0
West,1,2x8,18,2024-01-18,410.0,412.5
West,1,2x8,18,2024-01-25,395.0,406.6666666666667
West,1,2x8,18,2024-02-08,385.0,401.25
West,1,2x8,18,2024-02-15,390.0,395.0
West,1,2x8,18,2024-02-22,375.0,386.25
West,1,2x8,18,2024-02-29,375.0,381.25
West,1,2x8,18,2024-03-07,385.0,381.25
West,1,2x8,18,2024-03-14,385.0,380.0
West,1,2x8,18,2024-03-21,380.0,381.25
West,1,2x8,18,2024-03-28,370.0,380.0
West,1,2x8,18,2024-04-04,360.0,373.75
West,1,2x8,18,2024-04-11,345.0,363.75
West,1,2x8,18,2024-04-18,335.0,352.5
West,1,2x8,18,2024-04-25,330.0,342.5
West,1,2x8,18,2024-05-02,330.0,335.0
West,1,2x8,18,2024-05-09,330.0,331.25
West,1,2x8,18,2024-05-16,335.0,331.25
West,1,2x8,18,2024-05-30,340.0,333.75
West,1,2x8,18,2024-06-06,330.0,333.75
West,1,2x8,18,2024-06-13,310.0,328.75
West,1,2x8,18,2024-06-20,295.0,318.75
West,1,2x8,18,2024-06-27,280.0,303.75
West,1,2x8,18,2024-07-04,275.0,290.0
West,1,2x8,18,2024-07-11,270.0,280.0
West,1,2x8,18,2024-07-18,275.0,275.0
West,1,2x8,18,2024-07-25,275.0,273.75
West,1,2x8,18,2024-08-01,280.0,275.0
West,1,2x8,18,2024-08-08,280.0,277.5
West,1,2x8,18,2024-08-15,270.0,276.25
West,1,2x8,18,2024-08-22,260.0,272.5
West,1,2x8,18,2024-08-29,250.0,265.0
West,1,2x8,18,2024-09-05,250.0,257.5
West,1,2x8,18,2024-09-12,250.0,252.5
West,1,2x8,18,2024-09-20,255.0,251.25
West,1,2x8,18,2024-09-26,255.0,252.5
West,1,2x8,18,2024-09-27,265.0,256.25
West,1,2x8,18,2024-10-04,275.0,262.5
West,1,2x8,18,2024-10-11,300.0,273.75
West,1,2x8,18,2024-10-18,315.0,288.75
West,1,2x8,18,2024-10-25,325.0,303.75
West,1,2x8,18,2024-11-01,330.0,317.5
West,1,2x8,18,2024-11-08,330.0,325.0
West,1,2x8,18,2024-11-15,320.0,326.25
West,1,2x8,18,2024-11-22,310.0,322.5
West,1,2x8,18,2024-11-27,300.0,315.0
West,1,2x8,18,2024-12-06,295.0,306.25
West,1,2x8,18,2024-12-13,300.0,301.25
West,1,2x8,18,2024-12-20,315.0,302.5
West,1,2x8,18,2025-01-03,340.0,312.5
West,1,2x8,18,2025-01-10,350.0,326.25
West,1,2x8,18,2025-01-17,350.0,338.75
West,1,2x8,18,2025-01-24,340.0,345.0
West,1,2x8,18,2025-01-31,335.0,343.75
West,1,2x8,18,2025-02-07,335.0,340.0
West,1,2x8,18,2025-02-14,335.0,336.25
West,1,2x8,18,2025-02-21,335.0,335.0
West,1,2x8,18,2025-02-28,335.0,335.0
West,1,2x8,18,2025-03-07,335.0,335.0
West,1,2x8,18,2025-03-14,335.0,335.0
West,1,2x8,18,2025-03-21,335.0,335.0
West,1,2x8,18,2025-03-28,345.0,337.5
West,1,2x8,18,2025-04-04,345.0,340.0
West,1,2x8,18,2025-04-11,350.0,343.75
West,1,2x8,18,2025-04-18,355.0,348.75
West,1,2x8,18,2025-04-25,360.0,352.5
West,1,2x8,18,2025-05-02,360.0,356.25
West,1,2x8,18,2025-05-09,355.0,357.5
West,1,2x8,18,2025-05-16,345.0,355.0
West,1,2x8,18,2025-05-23,325.0,346.25
West,1,2x8,18,2025-05-30,310.0,333.75
West,1,2x8,18,2025-06-06,290.0,317.5
West,1,2x8,18,2025-06-13,285.0,302.5
West,1,2x8,18,2025-06-19,280.0,291.25
West,1,2x8,18,2025-06-27,300.0,288.75
West,1,2x8,18,2025-07-03,305.0,292.5
West,1,2x8,18,2025-07-11,320.0,301.25
West,1,2x8,18,2025-07-18,325.0,312.5
West,1,2x8,18,2025-07-25,325.0,318.75
West,1,2x8,18,2025-08-01,325.0,323.75
West,1,2x8,18,2025-08-08,325.0,325.0
West,1,2x8,18,2025-08-15,325.0,325.0
West,1,2x8,18,2025-08-22,315.0,322.5
West,1,2x8,18,2025-08-29,305.0,317.5
West,1,2x8,18,2025-09-05,295.0,310.0
West,1,2x8,18,2025-09-12,285.0,300.0
West,1,2x8,18,2025-09-19,285.0,292.5
West,1,2x8,18,2025-09-26,290.0,288.75
West,1,2x8,18,2025-10-03,295.0,288.75
West,1,2x8,18,2025-10-10,300.0,292.5
West,1,2x8,18,2025-10-17,305.0,297.5
West,1,2x8,20,2024-01-12,485.0,485.0
West,1,2x8,20,2024-01-18,480.0,482.5
West,1,2x8,20,2024-01-25,465.0,476.6666666666667
West,1,2x8,20,2024-02-08,455.0,471.25
West,1,2x8,20,2024-02-15,460.0,465.0
West,1,2x8,20,2024-02-22,460.0,460.0
West,1,2x8,20,2024-02-29,465.0,460.0
West,1,2x8,20,2024-03-07,475.0,465.0
West,1,2x8,20,2024-03-14,470.0,467.5
West,1,2x8,20,2024-03-21,465.0,468.75
West,1,2x8,20,2024-03-28,450.0,465.0
West,1,2x8,20,2024-04-04,440.0,456.25
West,1,2x8,20,2024-04-11,425.0,445.0
West,1,2x8,20,2024-04-18,415.0,432.5
West,1,2x8,20,2024-04-25,410.0,422.5
West,1,2x8,20,2024-05-02,410.0,415.0
West,1,2x8,20,2024-05-09,410.0,411.25
West,1,2x8,20,2024-05-16,415.0,411.25
West,1,2x8,20,2024-05-30,420.0,413.75
West,1,2x8,20,2024-06-06,410.0,413.75
West,1,2x8,20,2024-06-13,390.0,408.75
West,1,2x8,20,2024-06-20,375.0,398.75
West,1,2x8,20,2024-06-27,360.0,383.75
West,1,2x8,20,2024-07-04,355.0,370.0
West,1,2x8,20,2024-07-11,350.0,360.0
West,1,2x8,20,2024-07-18,355.0,355.0
West,1,2x8,20,2024-07-25,355.0,353.75
West,1,2x8,20,2024-08-01,360.0,355.0
West,1,2x8,20,2024-08-08,360.0,357.5
West,1,2x8,20,2024-08-15,345.0,355.0
West,1,2x8,20,2024-08-22,335.0,350.0
West,1,2x8,20,2024-08-29,325.0,341.25
West,1,2x8,20,2024-09-05,325.0,332.5
West,1,2x8,20,2024-09-12,325.0,327.5
West,1,2x8,20,2024-09-20,330.0,326.25
West,1,2x8,20,2024-09-26,330.0,327.5
West,1,2x8,20,2024-09-27,340.0,331.25
West,1,2x8,20,2024-10-04,350.0,337.5
West,1,2x8,20,2024-10-11,365.0,346.25
West,1,2x8,20,2024-10-18,380.0,358.75
West,1,2x8,20,2024-10-25,390.0,371.25
West,1,2x8,20,2024-11-01,395.0,382.5
West,1,2x8,20,2024-11-08,395.0,390.0
West,1,2x8,20,2024-11-15,385.0,391.25
West,1,2x8,20,2024-11-22,375.0,387.5
West,1,2x8,20,2024-11-27,365.0,380.0
West,1,2x8,20,2024-12-06,360.0,371.25
West,1,2x8,20,2024-12-13,365.0,366.25
West,1,2x8,20,2024-12-20,380.0,367.5
West,1,2x8,20,2025-01-03,405.0,377.5
West,1,2x8,20,2025-01-10,415.0,391.25
West,1,2x8,20,2025-01-17,415.0,403.75
West,1,2x8,20,2025-01-24,405.0,410.0
West,1,2x8,20,2025-01-31,400.0,408.75
West,1,2x8,20,2025-02-07,400.0,405.0
West,1,2x8,20,2025-02-14,400.0,401.25
West,1,2x8,20,2025-02-21,400.0,400.0
West,1,2x8,20,2025-02-28,400.0,400.0
West,1,2x8,20,2025-03-07,400.0,400.0
West,1,2x8,20,2025-03-14,400.0,400.0
West,1,2x8,20,2025-03-21,400.0,400.0
West,1,2x8,20,2025-03-28,410.0,402.5
West,1,2x8,20,2025-04-04,410.0,405.0
West,1,2x8,20,2025-04-11,415.0,408.75
West,1,2x8,20,2025-04-18,420.0,413.75
West,1,2x8,20,2025-04-25,425.0,417.5
West,1,2x8,20,2025-05-02,425.0,421.25
West,1,2x8,20,2025-05-09,420.0,422.5
West,1,2x8,20,2025-05-16,410.0,420.0
West,1,2x8,20,2025-05-23,390.0,411.25
West,1,2x8,20,2025-05-30,375.0,398.75
West,1,2x8,20,2025-06-06,355.0,382.5
West,1,2x8,20,2025-06-13,350.0,367.5
West,1,2x8,20,2025-06-19,345.0,356.25
West,1,2x8,20,2025-06-27,330.0,345.0
West,1,2x8,20,2025-07-03,335.0,340.0
West,1,2x8,20,2025-07-11,340.0,337.5
West,1,2x8,20,2025-07-18,345.0,337.5
West,1,2x8,20,2025-07-25,345.0,341.25
West,1,2x8,20,2025-08-01,345.0,343.75
West,1,2x8,20,2025-08-08,345.0,345.0
West,1,2x8,20,2025-08-15,340.0,343.75
West,1,2x8,20,2025-08-22,330.0,340.0
West,1,2x8,20,2025-08-29,320.0,333.75
West,1,2x8,20,2025-09-05,310.0,325.0
West,1,2x8,20,2025-09-12,300.0,315.0
West,1,2x8,20,2025-09-19,300.0,307.5
West,1,2x8,20,2025-09-26,305.0,303.75
West,1,2x8,20,2025-10-03,310.0,303.75
West,1,2x8,20,2025-10-10,315.0,307.5
West,1,2x8,20,2025-10-17,320.0,312.5
West,2,2x10,8,2024-01-12,275.0,275.0
West,2,2x10,8,2024-01-18,265.0,270.0
West,2,2x10,8,2024-01-25,255.0,265.0
West,2,2x10,8,2024-02-08,240.0,258.75
West,2,2x10,8,2024-02-15,240.0,250.0
West,2,2x10,8,2024-02-22,240.0,243.75
West,2,2x10,8,2024-02-29,245.0,241.25
West,2,2x10,8,2024-03-07,250.0,243.75
West,2,2x10,8,2024-03-14,250.0,246.25
West,2,2x10,8,2024-03-21,250.0,248.75
West,2,2x10,8,2024-03-28,250.0,250.0
West,2,2x10,8,2024-04-04,250.0,250.0
West,2,2x10,8,2024-04-11,250.0,250.0
West,2,2x10,8,2024-04-18,250.0,250.0
West,2,2x10,8,2024-04-25,260.0,252.5
West,2,2x10,8,2024-05-02,270.0,257.5
West,2,2x10,8,2024-05-09,280.0,265.0
West,2,2x10,8,2024-05-16,295.0,276.25
West,2,2x10,8,2024-05-30,330.0,293.75
West,2,2x10,8,2024-06-06,340.0,311.25
West,2,2x10,8,2024-06-13,350.0,328.75
West,2,2x10,8,2024-06-20,350.0,342.5
West,2,2x10,8,2024-06-27,345.0,346.25
West,2,2x10,8,2024-07-04,345.0,347.5
West,2,2x10,8,2024-07-11,340.0,345.0
West,2,2x10,8,2024-07-18,340.0,342.5
West,2,2x10,8,2024-07-25,345.0,342.5
West,2,2x10,8,2024-08-01,345.0,342.5
West,2,2x10,8,2024-08-08,345.0,343.75
West,2,2x10,8,2024-08-15,340.0,343.75
West,2,2x10,8,2024-08-22,330.0,340.0
West,2,2x10,8,2024-08-29,320.0,333.75
West,2,2x10,8,2024-09-05,305.0,323.75
West,2,2x10,8,2024-09-12,295.0,312.5
West,2,2x10,8,2024-09-20,285.0,301.25
West,2,2x10,8,2024-09-26,285.0,292.5
West,2,2x10,8,2024-09-27,275.0,285.0
West,2,2x10,8,2024-10-04,270.0,278.75
West,2,2x10,8,2024-10-11,270.0,275.0
West,2,2x10,8,2024-10-18,270.0,271.25
West,2,2x10,8,2024-10-25,275.0,271.25
West,2,2x10,8,2024-11-01,280.0,273.75
West,2,2x10,8,2024-11-08,280.0,276.25
West,2,2x10,8,2024-11-15,275.0,277.5
West,2,2x10,8,2024-11-22,270.0,276.25
West,2,2x10,8,2024-11-27,265.0,272.5
West,2,2x10,8,2024-12-06,255.0,266.25
West,2,2x10,8,2024-12-13,255.0,261.25
West,2,2x10,8,2024-12-20,265.0,260.0
West,2,2x10,8,2025-01-03,280.0,263.75
West,2,2x10,8,2025-01-10,285.0,271.25
West,2,2x10,8,2025-01-17,285.0,278.75
West,2,2x10,8,2025-01-24,280.0,282.5
West,2,2x10,8,2025-01-31,275.0,281.25
West,2,2x10,8,2025-02-07,275.0,278.75
West,2,2x10,8,2025-02-14,275.0,276.25
West,2,2x10,8,2025-02-21,275.0,275.0
West,2,2x10,8,2025-02-28,275.0,275.0
West,2,2x10,8,2025-03-07,275.0,275.0
West,2,2x10,8,2025-03-14,275.0,275.0
West,2,2x10,8,2025-03-21,285.0,277.5
West,2,2x10,8,2025-03-28,295.0,282.5
West,2,2x10,8,2025-04-04,315.0,292.5
West,2,2x10,8,2025-04-11,335.0,307.5
West,2,2x10,8,2025-04-18,365.0,327.5
West,2,2x10,8,2025-04-25,390.0,351.25
West,2,2x10,8,2025-05-02,400.0,372.5
West,2,2x10,8,2025-05-09,400.0,388.75
West,2,2x10,8,2025-05-16,395.0,396.25
West,2,2x10,8,2025-05-23,380.0,393.75
West,2,2x10,8,2025-05-30,370.0,386.25
West,2,2x10,8,2025-06-06,345.0,372.5
West,2,2x10,8,2025-06-13,330.0,356.25
West,2,2x10,8,2025-06-19,310.0,338.75
West,2,2x10,8,2025-06-27,285.0,317.5
West,2,2x10,8,2025-07-03,285.0,302.5
West,2,2x10,8,2025-07-11,285.0,291.25
West,2,2x10,8,2025-07-18,285.0,285.0
West,2,2x10,8,2025-07-25,285.0,285.0
West,2,2x10,8,2025-08-01,285.0,285.0
West,2,2x10,8,2025-08-08,285.0,285.0
West,2,2x10,8,2025-08-15,275.0,282.5
West,2,2x10,8,2025-08-22,265.0,277.5
West,2,2x10,8,2025-08-29,250.0,268.75
West,2,2x10,8,2025-09-05,245.0,258.75
West,2,2x10,8,2025-09-12,240.0,250.0
West,2,2x10,8,2025-09-19,235.0,242.5
West,2,2x10,8,2025-09-26,235.0,238.75
West,2,2x10,8,2025-10-03,235.0,236.25
West,2,2x10,8,2025-10-10,235.0,235.0
West,2,2x10,8,2025-10-17,235.0,235.0
West,2,2x10,10,2024-01-12,295.0,295.0
West,2,2x10,10,2024-01-18,285.0,290.0
West,2,2x10,10,2024-01-25,275.0,285.0
West,2,2x10,10,2024-02-08,260.0,278.75
West,2,2x10,10,2024-02-15,260.0,270.0
West,2,2x10,10,2024-02-22,260.0,263.75
West,2,2x10,10,2024-02-29,270.0,262.5
West,2,2x10,10,2024-03-07,275.0,266.25
West,2,2x10,10,2024-03-14,275.0,270.0
West,2,2x10,10,2024-03-21,275.0,273.75
West,2,2x10,10,2024-03-28,275.0,275.0
West,2,2x10,10,2024-04-04,275.0,275.0
West,2,2x10,10,2024-04-11,275.0,275.0
West,2,2x10,10,2024-04-18,275.0,275.0
West,2,2x10,10,2024-04-25,285.0,277.5
West,2,2x10,10,2024-05-02,295.0,282.5
West,2,2x10,10,2024-05-09,305.0,290.0
West,2,2x10,10,2024-05-16,320.0,301.25
West,2,2x10,10,2024-05-30,355.0,318.75
West,2,2x10,10,2024-06-06,365.0,336.25
West,2,2x10,10,2024-06-13,370.0,352.5
West,2,2x10,10,2024-06-20,370.0,365.0
West,2,2x10,10,2024-06-27,365.0,367.5
West,2,2x10,10,2024-07-04,365.0,367.5
West,2,2x10,10,2024-07-11,360.0,365.0
West,2,2x10,10,2024-07-18,360.0,362.5
West,2,2x10,10,2024-07-25,365.0,362.5
West,2,2x10,10,2024-08-01,365.0,362.5
West,2,2x10,10,2024-08-08,365.0,363.75
West,2,2x10,10,2024-08-15,360.0,363.75
West,2,2x10,10,2024-08-22,350.0,360.0
West,2,2x10,10,2024-08-29,335.0,352.5
West,2,2x10,10,2024-09-05,320.0,341.25
West,2,2x10,10,2024-09-12,310.0,328.75
West,2,2x10,10,2024-09-20,300.0,316.25
West,2,2x10,10,2024-09-26,300.0,307.5
West,2,2x10,10,2024-09-27,290.0,300.0
West,2,2x10,10,2024-10-04,285.0,293.75
West,2,2x10,10,2024-10-11,280.0,288.75
West,2,2x10,10,2024-10-18,280.0,283.75
West,2,2x10,10,2024-10-25,280.0,281.25
West,2,2x10,10,2024-11-01,285.0,281.25
West,2,2x10,10,2024-11-08,285.0,282.5
West,2,2x10,10,2024-11-15,280.0,282.5
West,2,2x10,10,2024-11-22,275.0,281.25
West,2,2x10,10,2024-11-27,270.0,277.5
West,2,2x10,10,2024-12-06,260.0,271.25
West,2,2x10,10,2024-12-13,260.0,266.25
West,2,2x10,10,2024-12-20,270.0,265.0
West,2,2x10,10,2025-01-03,285.0,268.75
West,2,2x10,10,2025-01-10,290.0,276.25
West,2,2x10,10,2025-01-17,290.0,283.75
West,2,2x10,10,2025-01-24,285.0,287.5
West,2,2x10,10,2025-01-31,280.0,286.25
West,2,2x10,10,2025-02-07,280.0,283.75
West,2,2x10,10,2025-02-14,280.0,281.25
West,2,2x10,10,2025-02-21,280.0,280.0
West,2,2x10,10,2025-02-28,280.0,280.0
West,2,2x10,10,2025-03-07,280.0,280.0
West,2,2x10,10,2025-03-14,280.0,280.0
West,2,2x10,10,2025-03-21,290.0,282.5
West,2,2x10,10,2025-03-28,300.0,287.5
West,2,2x10,10,2025-04-04,320.0,297.5
West,2,2x10,10,2025-04-11,340.0,312.5
West,2,2x10,10,2025-04-18,370.0,332.5
West,2,2x10,10,2025-04-25,395.0,356.25
West,2,2x10,10,2025-05-02,405.0,377.5
West,2,2x10,10,2025-05-09,405.0,393.75
West,2,2x10,10,2025-05-16,400.0,401.25
West,2,2x10,10,2025-05-23,385.0,398.75
West,2,2x10,10,2025-05-30,375.0,391.25
West,2,2x10,10,2025-06-06,350.0,377.5
West,2,2x10,10,2025-06-13,335.0,361.25
West,2,2x10,10,2025-06-19,315.0,343.75
West,2,2x10,10,2025-06-27,290.0,322.5
West,2,2x10,10,2025-07-03,290.0,307.5
West,2,2x10,10,2025-07-11,290.0,296.25
West,2,2x10,10,2025-07-18,290.0,290.0
West,2,2x10,10,2025-07-25,290.0,290.0
West,2,2x10,10,2025-08-01,290.0,290.0
West,2,2x10,10,2025-08-08,290.0,290.0
West,2,2x10,10,2025-08-15,280.0,287.5
West,2,2x10,10,2025-08-22,270.0,282.5
West,2,2x10,10,2025-08-29,255.0,273.75
West,2,2x10,10,2025-09-05,250.0,263.75
West,2,2x10,10,2025-09-12,245.0,255.0
West,2,2x10,10,2025-09-19,240.0,247.5
West,2,2x10,10,2025-09-26,240.0,243.75
West,2,2x10,10,2025-10-03,240.0,241.25
West,2,2x10,10,2025-10-10,240.0,240.0
West,2,2x10,10,2025-10-17,240.0,240.0
West,2,2x10,12,2024-01-12,300.0,300.0
West,2,2x10,12,2024-01-18,290.0,295.0
West,2,2x10,12,2024-01-25,280.0,290.0
West,2,2x10,12,2024-02-08,265.0,283.75
West,2,2x10,12,2024-02-15,265.0,275.0
West,2,2x10,12,2024-02-22,270.0,270.0
West,2,2x10,12,2024-02-29,280.0,270.0
West,2,2x10,12,2024-03-07,285.0,275.0
West,2,2x10,12,2024-03-14,285.0,280.0
West,2,2x10,12,2024-03-21,285.0,283.75
West,2,2x10,12,2024-03-28,285.0,285.0
West,2,2x10,12,2024-04-04,285.0,285.0
West,2,2x10,12,2024-04-11,285.0,285.0
West,2,2x10,12,2024-04-18,285.0,285.0
West,2,2x10,12,2024-04-25,295.0,287.5
West,2,2x10,12,2024-05-02,305.0,292.5
West,2,2x10,12,2024-05-09,315.0,300.0
West,2,2x10,12,2024-05-16,330.0,311.25
West,2,2x10,12,2024-05-30,365.0,328.75
West,2,2x10,12,2024-06-06,370.0,345.0
West,2,2x10,12,2024-06-13,375.0,360.0
West,2,2x10,12,2024-06-20,375.0,371.25
West,2,2x10,12,2024-06-27,370.0,372.5
West,2,2x10,12,2024-07-04,370.0,372.5
West,2,2x10,12,2024-07-11,365.0,370.0
West,2,2x10,12,2024-07-18,365.0,367.5
West,2,2x10,12,2024-07-25,370.0,367.5
West,2,2x10,12,2024-08-01,370.0,367.5
West,2,2x10,12,2024-08-08,370.0,368.75
West,2,2x10,12,2024-08-15,365.0,368.75
West,2,2x10,12,2024-08-22,355.0,365.0
West,2,2x10,12,2024-08-29,340.0,357.5
West,2,2x10,12,2024-09-05,325.0,346.25
West,2,2x10,12,2024-09-12,315.0,333.75
West,2,2x10,12,2024-09-20,305.0,321.25
West,2,2x10,12,2024-09-26,305.0,312.5
West,2,2x10,12,2024-09-27,295.0,305.0
West,2,2x10,12,2024-10-04,290.0,298.75
West,2,2x10,12,2024-10-11,285.0,293.75
West,2,2x10,12,2024-10-18,285.0,288.75
West,2,2x10,12,2024-10-25,285.0,286.25
West,2,2x10,12,2024-11-01,285.0,285.0
West,2,2x10,12,2024-11-08,285.0,285.0
West,2,2x10,12,2024-11-15,280.0,283.75
West,2,2x10,12,2024-11-22,275.0,281.25
West,2,2x10,12,2024-11-27,270.0,277.5
West,2,2x10,12,2024-12-06,260.0,271.25
West,2,2x10,12,2024-12-13,260.0,266.25
West,2,2x10,12,2024-12-20,270.0,265.0
West,2,2x10,12,2025-01-03,285.0,268.75
West,2,2x10,12,2025-01-10,290.0,276.25
West,2,2x10,12,2025-01-17,290.0,283.75
West,2,2x10,12,2025-01-24,285.0,287.5
West,2,2x10,12,2025-01-31,280.0,286.25
West,2,2x10,12,2025-02-07,280.0,283.75
West,2,2x10,12,2025-02-14,280.0,281.25
West,2,2x10,12,2025-02-21,280.0,280.0
West,2,2x10,12,2025-02-28,280.0,280.0
West,2,2x10,12,2025-03-07,280.0,280.0
West,2,2x10,12,2025-03-14,280.0,280.0
West,2,2x10,12,2025-03-21,290.0,282.5
West,2,2x10,12,2025-03-28,300.0,287.5
West,2,2x10,12,2025-04-04,320.0,297.5
West,2,2x10,12,2025-04-11,340.0,312.5
West,2,2x10,12,2025-04-18,370.0,332.5
West,2,2x10,12,2025-04-25,395.0,356.25
West,2,2x10,12,2025-05-02,405.0,377.5
West,2,2x10,12,2025-05-09,405.0,393.75
West,2,2x10,12,2025-05-16,400.0,401.25
West,2,2x10,12,2025-05-23,385.0,398.75
West,2,2x10,12,2025-05-30,375.0,391.25
West,2,2x10,12,2025-06-06,350.0,377.5
West,2,2x10,12,2025-06-13,335.0,361.25
West,2,2x10,12,2025-06-19,315.0,343.75
West,2,2x10,12,2025-06-27,290.0,322.5
West,2,2x10,12,2025-07-03,290.0,307.5
West,2,2x10,12,2025-07-11,290.0,296.25
West,2,2x10,12,2025-07-18,290.0,290.0
West,2,2x10,12,2025-07-25,290.0,290.0
West,2,2x10,12,2025-08-01,290.0,290.0
West,2,2x10,12,2025-08-08,290.0,290.0
West,2,2x10,12,2025-08-15,280.0,287.5
West,2,2x10,12,2025-08-22,270.0,282.5
West,2,2x10,12,2025-08-29,255.0,273.75
West,2,2x10,12,2025-09-05,250.0,263.75
West,2,2x10,12,2025-09-12,245.0,255.0
West,2,2x10,12,2025-09-19,240.0,247.5
West,2,2x10,12,2025-09-26,245.0,245.0
West,2,2x10,12,2025-10-03,245.0,243.75
West,2,2x10,12,2025-10-10,245.0,243.75
West,2,2x10,12,2025-10-17,245.0,245.0
West,2,2x10,14,2024-01-12,310.0,310.0
West,2,2x10,14,2024-01-18,300.0,305.0
West,2,2x10,14,2024-01-25,290.0,300.0
West,2,2x10,14,2024-02-08,275.0,293.75
West,2,2x10,14,2024-02-15,275.0,285.0
West,2,2x10,14,2024-02-22,275.0,278.75
West,2,2x10,14,2024-02-29,285.0,277.5
West,2,2x10,14,2024-03-07,290.0,281.25
West,2,2x10,14,2024-03-14,290.0,285.0
West,2,2x10,14,2024-03-21,290.0,288.75
West,2,2x10,14,2024-03-28,290.0,290.0
West,2,2x10,14,2024-04-04,290.0,290.0
West,2,2x10,14,2024-04-11,290.0,290.0
West,2,2x10,14,2024-04-18,290.0,290.0
West,2,2x10,14,2024-04-25,300.0,292.5
West,2,2x10,14,2024-05-02,310.0,297.5
West,2,2x10,14,2024-05-09,320.0,305.0
West,2,2x10,14,2024-05-16,335.0,316.25
West,2,2x10,14,2024-05-30,370.0,333.75
West,2,2x10,14,2024-06-06,370.0,348.75
West,2,2x10,14,2024-06-13,370.0,361.25
West,2,2x10,14,2024-06-20,370.0,370.0
West,2,2x10,14,2024-06-27,365.0,368.75
West,2,2x10,14,2024-07-04,365.0,367.5
West,2,2x10,14,2024-07-11,360.0,365.0
West,2,2x10,14,2024-07-18,360.0,362.5
West,2,2x10,14,2024-07-25,365.0,362.5
West,2,2x10,14,2024-08-01,365.0,362.5
West,2,2x10,14,2024-08-08,365.0,363.75
West,2,2x10,14,2024-08-15,360.0,363.75
West,2,2x10,14,2024-08-22,350.0,360.0
West,2,2x10,14,2024-08-29,335.0,352.5
West,2,2x10,14,2024-09-05,320.0,341.25
West,2,2x10,14,2024-09-12,310.0,328.75
West,2,2x10,14,2024-09-20,300.0,316.25
West,2,2x10,14,2024-09-26,300.0,307.5
West,2,2x10,14,2024-09-27,290.0,300.0
West,2,2x10,14,2024-10-04,285.0,293.75
West,2,2x10,14,2024-10-11,280.0,288.75
West,2,2x10,14,2024-10-18,280.0,283.75
West,2,2x10,14,2024-10-25,285.0,282.5
West,2,2x10,14,2024-11-01,290.0,283.75
West,2,2x10,14,2024-11-08,290.0,286.25
West,2,2x10,14,2024-11-15,285.0,287.5
West,2,2x10,14,2024-11-22,280.0,286.25
West,2,2x10,14,2024-11-27,275.0,282.5
West,2,2x10,14,2024-12-06,265.0,276.25
West,2,2x10,14,2024-12-13,265.0,271.25
West,2,2x10,14,2024-12-20,275.0,270.0
West,2,2x10,14,2025-01-03,290.0,273.75
West,2,2x10,14,2025-01-10,295.0,281.25
West,2,2x10,14,2025-01-17,295.0,288.75
West,2,2x10,14,2025-01-24,290.0,292.5
West,2,2x10,14,2025-01-31,285.0,291.25
West,2,2x10,14,2025-02-07,285.0,288.75
West,2,2x10,14,2025-02-14,285.0,286.25
West,2,2x10,14,2025-02-21,285.0,285.0
West,2,2x10,14,2025-02-28,285.0,285.0
West,2,2x10,14,2025-03-07,285.0,285.0
West,2,2x10,14,2025-03-14,285.0,285.0
West,2,2x10,14,2025-03-21,295.0,287.5
West,2,2x10,14,2025-03-28,305.0,292.5
West,2,2x10,14,2025-04-04,325.0,302.5
West,2,2x10,14,2025-04-11,345.0,317.5
West,2,2x10,14,2025-04-18,375.0,337.5
West,2,2x10,14,2025-04-25,400.0,361.25
West,2,2x10,14,2025-05-02,410.0,382.5
West,2,2x10,14,2025-05-09,410.0,398.75
West,2,2x10,14,2025-05-16,405.0,406.25
West,2,2x10,14,2025-05-23,390.0,403.75
West,2,2x10,14,2025-05-30,380.0,396.25
West,2,2x10,14,2025-06-06,350.0,381.25
West,2,2x10,14,2025-06-13,340.0,365.0
West,2,2x10,14,2025-06-19,320.0,347.5
West,2,2x10,14,2025-06-27,290.0,325.0
West,2,2x10,14,2025-07-03,290.0,310.0
West,2,2x10,14,2025-07-11,290.0,297.5
West,2,2x10,14,2025-07-18,290.0,290.0
West,2,2x10,14,2025-07-25,290.0,290.0
West,2,2x10,14,2025-08-01,290.0,290.0
West,2,2x10,14,2025-08-08,290.0,290.0
West,2,2x10,14,2025-08-15,280.0,287.5
West,2,2x10,14,2025-08-22,270.0,282.5
West,2,2x10,14,2025-08-29,250.0,272.5
West,2,2x10,14,2025-09-05,245.0,261.25
West,2,2x10,14,2025-09-12,240.0,251.25
West,2,2x10,14,2025-09-19,240.0,243.75
West,2,2x10,14,2025-09-26,240.0,241.25
West,2,2x10,14,2025-10-03,245.0,241.25
West,2,2x10,14,2025-10-10,240.0,241.25
West,2,2x10,14,2025-10-17,240.0,241.25
West,2,2x10,16,2024-01-12,310.0,310.0
West,2,2x10,16,2024-01-18,300.0,305.0
West,2,2x10,16,2024-01-25,290.0,300.0
West,2,2x10,16,2024-02-08,275.0,293.75
West,2,2x10,16,2024-02-15,275.0,285.0
West,2,2x10,16,2024-02-22,275.0,278.75
West,2,2x10,16,2024-02-29,285.0,277.5
West,2,2x10,16,2024-03-07,290.0,281.25
West,2,2x10,16,2024-03-14,290.0,285.0
West,2,2x10,16,2024-03-21,290.0,288.75
West,2,2x10,16,2024-03-28,290.0,290.0
West,2,2x10,16,2024-04-04,290.0,290.0
West,2,2x10,16,2024-04-11,290.0,290.0
West,2,2x10,16,2024-04-18,290.0,290.0
West,2,2x10,16,2024-04-25,300.0,292.5
West,2,2x10,16,2024-05-02,310.0,297.5
West,2,2x10,16,2024-05-09,320.0,305.0
West,2,2x10,16,2024-05-16,335.0,316.25
West,2,2x10,16,2024-05-30,370.0,333.75
West,2,2x10,16,2024-06-06,375.0,350.0
West,2,2x10,16,2024-06-13,380.0,365.0
West,2,2x10,16,2024-06-20,380.0,376.25
West,2,2x10,16,2024-06-27,375.0,377.5
West,2,2x10,16,2024-07-04,375.0,377.5
West,2,2x10,16,2024-07-11,370.0,375.0
West,2,2x10,16,2024-07-18,370.0,372.5
West,2,2x10,16,2024-07-25,375.0,372.5
West,2,2x10,16,2024-08-01,375.0,372.5
West,2,2x10,16,2024-08-08,375.0,373.75
West,2,2x10,16,2024-08-15,370.0,373.75
West,2,2x10,16,2024-08-22,360.0,370.0
West,2,2x10,16,2024-08-29,350.0,363.75
West,2,2x10,16,2024-09-05,335.0,353.75
West,2,2x10,16,2024-09-12,325.0,342.5
West,2,2x10,16,2024-09-20,315.0,331.25
West,2,2x10,16,2024-09-26,315.0,322.5
West,2,2x10,16,2024-09-27,305.0,315.0
West,2,2x10,16,2024-10-04,300.0,308.75
West,2,2x10,16,2024-10-11,295.0,303.75
West,2,2x10,16,2024-10-18,295.0,298.75
West,2,2x10,16,2024-10-25,300.0,297.5
West,2,2x10,16,2024-11-01,305.0,298.75
West,2,2x10,16,2024-11-08,305.0,301.25
West,2,2x10,16,2024-11-15,300.0,302.5
West,2,2x10,16,2024-11-22,295.0,301.25
West,2,2x10,16,2024-11-27,290.0,297.5
West,2,2x10,16,2024-12-06,280.0,291.25
West,2,2x10,16,2024-12-13,280.0,286.25
West,2,2x10,16,2024-12-20,290.0,285.0
West,2,2x10,16,2025-01-03,305.0,288.75
West,2,2x10,16,2025-01-10,310.0,296.25
West,2,2x10,16,2025-01-17,310.0,303.75
West,2,2x10,16,2025-01-24,305.0,307.5
West,2,2x10,16,2025-01-31,300.0,306.25
West,2,2x10,16,2025-02-07,300.0,303.75
West,2,2x10,16,2025-02-14,300.0,301.25
West,2,2x10,16,2025-02-21,300.0,300.0
West,2,2x10,16,2025-02-28,300.0,300.0
West,2,2x10,16,2025-03-07,300.0,300.0
West,2,2x10,16,2025-03-14,300.0,300.0
West,2,2x10,16,2025-03-21,310.0,302.5
West,2,2x10,16,2025-03-28,320.0,307.5
West,2,2x10,16,2025-04-04,340.0,317.5
West,2,2x10,16,2025-04-11,360.0,332.5
West,2,2x10,16,2025-04-18,390.0,352.5
West,2,2x10,16,2025-04-25,415.0,376.25
West,2,2x10,16,2025-05-02,425.0,397.5
West,2,2x10,16,2025-05-09,425.0,413.75
West,2,2x10,16,2025-05-16,420.0,421.25
West,2,2x10,16,2025-05-23,405.0,418.75
West,2,2x10,16,2025-05-30,395.0,411.25
West,2,2x10,16,2025-06-06,365.0,396.25
West,2,2x10,16,2025-06-13,350.0,378.75
West,2,2x10,16,2025-06-19,330.0,360.0
West,2,2x10,16,2025-06-27,310.0,338.75
West,2,2x10,16,2025-07-03,310.0,325.0
West,2,2x10,16,2025-07-11,310.0,315.0
West,2,2x10,16,2025-07-18,310.0,310.0
West,2,2x10,16,2025-07-25,310.0,310.0
West,2,2x10,16,2025-08-01,310.0,310.0
West,2,2x10,16,2025-08-08,310.0,310.0
West,2,2x10,16,2025-08-15,300.0,307.5
West,2,2x10,16,2025-08-22,290.0,302.5
West,2,2x10,16,2025-08-29,270.0,292.5
West,2,2x10,16,2025-09-05,265.0,281.25
West,2,2x10,16,2025-09-12,260.0,271.25
West,2,2x10,16,2025-09-19,260.0,263.75
West,2,2x10,16,2025-09-26,260.0,261.25
West,2,2x10,16,2025-10-03,260.0,260.0
West,2,2x10,16,2025-10-10,260.0,260.0
West,2,2x10,16,2025-10-17,260.0,260.0
West,2,2x10,18,2024-01-12,245.0,245.0
West,2,2x10,18,2024-01-18,235.0,240.0
West,2,2x10,18,2024-01-25,225.0,235.0
West,2,2x10,18,2024-02-08,210.0,228.75
West,2,2x10,18,2024-02-15,210.0,220.0
West,2,2x10,18,2024-02-22,210.0,213.75
West,2,2x10,18,2024-02-29,220.0,212.5
West,2,2x10,18,2024-03-07,225.0,216.25
West,2,2x10,18,2024-03-14,225.0,220.0
West,2,2x10,18,2024-03-21,225.0,223.75
West,2,2x10,18,2024-03-28,225.0,225.0
West,2,2x10,18,2024-04-04,225.0,225.0
West,2,2x10,18,2024-04-11,225.0,225.0
West,2,2x10,18,2024-04-18,225.0,225.0
West,2,2x10,18,2024-04-25,235.0,227.5
West,2,2x10,18,2024-05-02,245.0,232.5
West,2,2x10,18,2024-05-09,255.0,240.0
West,2,2x10,18,2024-05-16,270.0,251.25
West,2,2x10,18,2024-05-30,305.0,268.75
West,2,2x10,18,2024-06-06,310.0,285.0
West,2,2x10,18,2024-06-13,310.0,298.75
West,2,2x10,18,2024-06-20,310.0,308.75
West,2,2x10,18,2024-06-27,305.0,308.75
West,2,2x10,18,2024-07-04,305.0,307.5
West,2,2x10,18,2024-07-11,300.0,305.0
West,2,2x10,18,2024-07-18,300.0,302.5
West,2,2x10,18,2024-07-25,305.0,302.5
West,2,2x10,18,2024-08-01,305.0,302.5
West,2,2x10,18,2024-08-08,305.0,303.75
West,2,2x10,18,2024-08-15,300.0,303.75
West,2,2x10,18,2024-08-22,290.0,300.0
West,2,2x10,18,2024-08-29,280.0,293.75
West,2,2x10,18,2024-09-05,265.0,283.75
West,2,2x10,18,2024-09-12,255.0,272.5
West,2,2x10,18,2024-09-20,245.0,261.25
West,2,2x10,18,2024-09-26,245.0,252.5
West,2,2x10,18,2024-09-27,235.0,245.0
West,2,2x10,18,2024-10-04,230.0,238.75
West,2,2x10,18,2024-10-11,225.0,233.75
West,2,2x10,18,2024-10-18,225.0,228.75
West,2,2x10,18,2024-10-25,230.0,227.5
West,2,2x10,18,2024-11-01,230.0,227.5
West,2,2x10,18,2024-11-08,230.0,228.75
West,2,2x10,18,2024-11-15,225.0,228.75
West,2,2x10,18,2024-11-22,220.0,226.25
West,2,2x10,18,2024-11-27,215.0,222.5
West,2,2x10,18,2024-12-06,205.0,216.25
West,2,2x10,18,2024-12-13,205.0,211.25
West,2,2x10,18,2024-12-20,215.0,210.0
West,2,2x10,18,2025-01-03,230.0,213.75
West,2,2x10,18,2025-01-10,235.0,221.25
West,2,2x10,18,2025-01-17,235.0,228.75
West,2,2x10,18,2025-01-24,230.0,232.5
West,2,2x10,18,2025-01-31,225.0,231.25
West,2,2x10,18,2025-02-07,235.0,231.25
West,2,2x10,18,2025-02-14,235.0,231.25
West,2,2x10,18,2025-02-21,235.0,232.5
West,2,2x10,18,2025-02-28,235.0,235.0
West,2,2x10,18,2025-03-07,235.0,235.0
West,2,2x10,18,2025-03-14,235.0,235.0
West,2,2x10,18,2025-03-21,245.0,237.5
West,2,2x10,18,2025-03-28,255.0,242.5
West,2,2x10,18,2025-04-04,275.0,252.5
West,2,2x10,18,2025-04-11,295.0,267.5
West,2,2x10,18,2025-04-18,325.0,287.5
West,2,2x10,18,2025-04-25,350.0,311.25
West,2,2x10,18,2025-05-02,360.0,332.5
West,2,2x10,18,2025-05-09,360.0,348.75
West,2,2x10,18,2025-05-16,355.0,356.25
West,2,2x10,18,2025-05-23,340.0,353.75
West,2,2x10,18,2025-05-30,330.0,346.25
West,2,2x10,18,2025-06-06,305.0,332.5
West,2,2x10,18,2025-06-13,295.0,317.5
West,2,2x10,18,2025-06-19,275.0,301.25
West,2,2x10,18,2025-06-27,250.0,281.25
West,2,2x10,18,2025-07-03,250.0,267.5
West,2,2x10,18,2025-07-11,250.0,256.25
West,2,2x10,18,2025-07-18,250.0,250.0
West,2,2x10,18,2025-07-25,250.0,250.0
West,2,2x10,18,2025-08-01,250.0,250.0
West,2,2x10,18,2025-08-08,250.0,250.0
West,2,2x10,18,2025-08-15,240.0,247.5
West,2,2x10,18,2025-08-22,230.0,242.5
West,2,2x10,18,2025-08-29,215.0,233.75
West,2,2x10,18,2025-09-05,210.0,223.75
West,2,2x10,18,2025-09-12,205.0,215.0
West,2,2x10,18,2025-09-19,205.0,208.75
West,2,2x10,18,2025-09-26,205.0,206.25
West,2,2x10,18,2025-10-03,205.0,205.0
West,2,2x10,18,2025-10-10,205.0,205.0
West,2,2x10,18,2025-10-17,205.0,205.0
West,2,2x10,20,2024-01-12,285.0,285.0
West,2,2x10,20,2024-01-18,275.0,280.0
West,2,2x10,20,2024-01-25,265.0,275.0
West,2,2x10,20,2024-02-08,250.0,268.75
West,2,2x10,20,2024-02-15,250.0,260.0
West,2,2x10,20,2024-02-22,250.0,253.75
West,2,2x10,20,2024-02-29,260.0,252.5
West,2,2x10,20,2024-03-07,265.0,256.25
West,2,2x10,20,2024-03-14,265.0,260.0
West,2,2x10,20,2024-03-21,265.0,263.75
West,2,2x10,20,2024-03-28,265.0,265.0
West,2,2x10,20,2024-04-04,265.0,265.0
West,2,2x10,20,2024-04-11,265.0,265.0
West,2,2x10,20,2024-04-18,265.0,265.0
West,2,2x10,20,2024-04-25,275.0,267.5
West,2,2x10,20,2024-05-02,285.0,272.5
West,2,2x10,20,2024-05-09,295.0,280.0
West,2,2x10,20,2024-05-16,310.0,291.25
West,2,2x10,20,2024-05-30,345.0,308.75
West,2,2x10,20,2024-06-06,350.0,325.0
West,2,2x10,20,2024-06-13,360.0,341.25
West,2,2x10,20,2024-06-20,360.0,353.75
West,2,2x10,20,2024-06-27,355.0,356.25
West,2,2x10,20,2024-07-04,355.0,357.5
West,2,2x10,20,2024-07-11,350.0,355.0
West,2,2x10,20,2024-07-18,350.0,352.5
West,2,2x10,20,2024-07-25,355.0,352.5
West,2,2x10,20,2024-08-01,355.0,352.5
West,2,2x10,20,2024-08-08,355.0,353.75
West,2,2x10,20,2024-08-15,350.0,353.75
West,2,2x10,20,2024-08-22,340.0,350.0
West,2,2x10,20,2024-08-29,325.0,342.5
West,2,2x10,20,2024-09-05,310.0,331.25
West,2,2x10,20,2024-09-12,300.0,318.75
West,2,2x10,20,2024-09-20,290.0,306.25
West,2,2x10,20,2024-09-26,290.0,297.5
West,2,2x10,20,2024-09-27,280.0,290.0
West,2,2x10,20,2024-10-04,275.0,283.75
West,2,2x10,20,2024-10-11,270.0,278.75
West,2,2x10,20,2024-10-18,270.0,273.75
West,2,2x10,20,2024-10-25,275.0,272.5
West,2,2x10,20,2024-11-01,275.0,272.5
West,2,2x10,20,2024-11-08,275.0,273.75
West,2,2x10,20,2024-11-15,270.0,273.75
West,2,2x10,20,2024-11-22,265.0,271.25
West,2,2x10,20,2024-11-27,260.0,267.5
West,2,2x10,20,2024-12-06,250.0,261.25
West,2,2x10,20,2024-12-13,250.0,256.25
West,2,2x10,20,2024-12-20,260.0,255.0
West,2,2x10,20,2025-01-03,275.0,258.75
West,2,2x10,20,2025-01-10,280.0,266.25
West,2,2x10,20,2025-01-17,280.0,273.75
West,2,2x10,20,2025-01-24,275.0,277.5
West,2,2x10,20,2025-01-31,270.0,276.25
West,2,2x10,20,2025-02-07,270.0,273.75
West,2,2x10,20,2025-02-14,270.0,271.25
West,2,2x10,20,2025-02-21,270.0,270.0
West,2,2x10,20,2025-02-28,270.0,270.0
West,2,2x10,20,2025-03-07,270.0,270.0
West,2,2x10,20,2025-03-14,270.0,270.0
West,2,2x10,20,2025-03-21,280.0,272.5
West,2,2x10,20,2025-03-28,290.0,277.5
West,2,2x10,20,2025-04-04,310.0,287.5
West,2,2x10,20,2025-04-11,330.0,302.5
West,2,2x10,20,2025-04-18,360.0,322.5
West,2,2x10,20,2025-04-25,385.0,346.25
West,2,2x10,20,2025-05-02,395.0,367.5
West,2,2x10,20,2025-05-09,395.0,383.75
West,2,2x10,20,2025-05-16,390.0,391.25
West,2,2x10,20,2025-05-23,375.0,388.75
West,2,2x10,20,2025-05-30,365.0,381.25
West,2,2x10,20,2025-06-06,335.0,366.25
West,2,2x10,20,2025-06-13,325.0,350.0
West,2,2x10,20,2025-06-19,305.0,332.5
West,2,2x10,20,2025-06-27,275.0,310.0
West,2,2x10,20,2025-07-03,275.0,295.0
West,2,2x10,20,2025-07-11,275.0,282.5
West,2,2x10,20,2025-07-18,275.0,275.0
West,2,2x10,20,2025-07-25,275.0,275.0
West,2,2x10,20,2025-08-01,275.0,275.0
West,2,2x10,20,2025-08-08,275.0,275.0
West,2,2x10,20,2025-08-15,265.0,272.5
West,2,2x10,20,2025-08-22,255.0,267.5
West,2,2x10,20,2025-08-29,240.0,258.75
West,2,2x10,20,2025-09-05,235.0,248.75
West,2,2x10,20,2025-09-12,230.0,240.0
West,2,2x10,20,2025-09-19,225.0,232.5
West,2,2x10,20,2025-09-26,225.0,228.75
West,2,2x10,20,2025-10-03,225.0,226.25
West,2,2x10,20,2025-10-10,225.0,225.0
West,2,2x10,20,2025-10-17,225.0,225.0
West,2,2x12,8,2024-01-12,410.0,410.0
West,2,2x12,8,2024-01-18,420.0,415.0
West,2,2x12,8,2024-01-25,425.0,418.3333333333333
West,2,2x12,8,2024-02-08,450.0,426.25
West,2,2x12,8,2024-02-15,470.0,441.25
West,2,2x12,8,2024-02-22,490.0,458.75
West,2,2x12,8,2024-02-29,515.0,481.25
West,2,2x12,8,2024-03-07,530.0,501.25
West,2,2x12,8,2024-03-14,540.0,518.75
West,2,2x12,8,2024-03-21,545.0,532.5
West,2,2x12,8,2024-03-28,545.0,540.0
West,2,2x12,8,2024-04-04,525.0,538.75
West,2,2x12,8,2024-04-11,500.0,528.75
West,2,2x12,8,2024-04-18,470.0,510.0
West,2,2x12,8,2024-04-25,440.0,483.75
West,2,2x12,8,2024-05-02,410.0,455.0
West,2,2x12,8,2024-05-09,380.0,425.0
West,2,2x12,8,2024-05-16,370.0,400.0
West,2,2x12,8,2024-05-30,370.0,382.5
West,2,2x12,8,2024-06-06,370.0,372.5
West,2,2x12,8,2024-06-13,380.0,372.5
West,2,2x12,8,2024-06-20,375.0,373.75
West,2,2x12,8,2024-06-27,365.0,372.5
West,2,2x12,8,2024-07-04,365.0,371.25
West,2,2x12,8,2024-07-11,360.0,366.25
West,2,2x12,8,2024-07-18,365.0,363.75
West,2,2x12,8,2024-07-25,365.0,363.75
West,2,2x12,8,2024-08-01,370.0,365.0
West,2,2x12,8,2024-08-08,375.0,368.75
West,2,2x12,8,2024-08-15,385.0,373.75
West,2,2x12,8,2024-08-22,395.0,381.25
West,2,2x12,8,2024-08-29,405.0,390.0
West,2,2x12,8,2024-09-05,415.0,400.0
West,2,2x12,8,2024-09-12,425.0,410.0
West,2,2x12,8,2024-09-20,425.0,417.5
West,2,2x12,8,2024-09-26,425.0,422.5
West,2,2x12,8,2024-09-27,235.0,377.5
West,2,2x12,8,2024-10-04,440.0,381.25
West,2,2x12,8,2024-10-11,470.0,392.5
West,2,2x12,8,2024-10-18,490.0,408.75
West,2,2x12,8,2024-10-25,500.0,475.0
West,2,2x12,8,2024-11-01,505.0,491.25
West,2,2x12,8,2024-11-08,500.0,498.75
West,2,2x12,8,2024-11-15,480.0,496.25
West,2,2x12,8,2024-11-22,450.0,483.75
West,2,2x12,8,2024-11-27,430.0,465.0
West,2,2x12,8,2024-12-06,410.0,442.5
West,2,2x12,8,2024-12-13,390.0,420.0
West,2,2x12,8,2024-12-20,370.0,400.0
West,2,2x12,8,2025-01-03,360.0,382.5
West,2,2x12,8,2025-01-10,350.0,367.5
West,2,2x12,8,2025-01-17,340.0,355.0
West,2,2x12,8,2025-01-24,335.0,346.25
West,2,2x12,8,2025-01-31,330.0,338.75
West,2,2x12,8,2025-02-07,325.0,332.5
West,2,2x12,8,2025-02-14,325.0,328.75
West,2,2x12,8,2025-02-21,325.0,326.25
West,2,2x12,8,2025-02-28,325.0,325.0
West,2,2x12,8,2025-03-07,325.0,325.0
West,2,2x12,8,2025-03-14,325.0,325.0
West,2,2x12,8,2025-03-21,325.0,325.0
West,2,2x12,8,2025-03-28,330.0,326.25
West,2,2x12,8,2025-04-04,335.0,328.75
West,2,2x12,8,2025-04-11,340.0,332.5
West,2,2x12,8,2025-04-18,350.0,338.75
West,2,2x12,8,2025-04-25,355.0,345.0
West,2,2x12,8,2025-05-02,355.0,350.0
West,2,2x12,8,2025-05-09,355.0,353.75
West,2,2x12,8,2025-05-16,345.0,352.5
West,2,2x12,8,2025-05-23,330.0,346.25
West,2,2x12,8,2025-05-30,315.0,336.25
West,2,2x12,8,2025-06-06,305.0,323.75
West,2,2x12,8,2025-06-13,290.0,310.0
West,2,2x12,8,2025-06-19,270.0,295.0
West,2,2x12,8,2025-06-27,260.0,281.25
West,2,2x12,8,2025-07-03,260.0,270.0
West,2,2x12,8,2025-07-11,275.0,266.25
West,2,2x12,8,2025-07-18,280.0,268.75
West,2,2x12,8,2025-07-25,290.0,276.25
West,2,2x12,8,2025-08-01,300.0,286.25
West,2,2x12,8,2025-08-08,300.0,292.5
West,2,2x12,8,2025-08-15,295.0,296.25
West,2,2x12,8,2025-08-22,295.0,297.5
West,2,2x12,8,2025-08-29,290.0,295.0
West,2,2x12,8,2025-09-05,285.0,291.25
West,2,2x12,8,2025-09-12,285.0,288.75
West,2,2x12,8,2025-09-19,295.0,288.75
West,2,2x12,8,2025-09-26,300.0,291.25
West,2,2x12,8,2025-10-03,315.0,298.75
West,2,2x12,8,2025-10-10,315.0,306.25
West,2,2x12,8,2025-10-17,325.0,313.75
West,2,2x12,10,2024-01-12,465.0,465.0
West,2,2x12,10,2024-01-18,475.0,470.0
West,2,2x12,10,2024-01-25,480.0,473.3333333333333
West,2,2x12,10,2024-02-08,505.0,481.25
West,2,2x12,10,2024-02-15,525.0,496.25
West,2,2x12,10,2024-02-22,540.0,512.5
West,2,2x12,10,2024-02-29,565.0,533.75
West,2,2x12,10,2024-03-07,585.0,553.75
West,2,2x12,10,2024-03-14,605.0,573.75
West,2,2x12,10,2024-03-21,610.0,591.25
West,2,2x12,10,2024-03-28,610.0,602.5
West,2,2x12,10,2024-04-04,590.0,603.75
West,2,2x12,10,2024-04-11,565.0,593.75
West,2,2x12,10,2024-04-18,535.0,575.0
West,2,2x12,10,2024-04-25,505.0,548.75
West,2,2x12,10,2024-05-02,475.0,520.0
West,2,2x12,10,2024-05-09,445.0,490.0
West,2,2x12,10,2024-05-16,435.0,465.0
West,2,2x12,10,2024-05-30,435.0,447.5
West,2,2x12,10,2024-06-06,435.0,437.5
West,2,2x12,10,2024-06-13,435.0,435.0
West,2,2x12,10,2024-06-20,430.0,433.75
West,2,2x12,10,2024-06-27,420.0,430.0
West,2,2x12,10,2024-07-04,420.0,426.25
West,2,2x12,10,2024-07-11,415.0,421.25
West,2,2x12,10,2024-07-18,420.0,418.75
West,2,2x12,10,2024-07-25,420.0,418.75
West,2,2x12,10,2024-08-01,425.0,420.0
West,2,2x12,10,2024-08-08,430.0,423.75
West,2,2x12,10,2024-08-15,440.0,428.75
West,2,2x12,10,2024-08-22,450.0,436.25
West,2,2x12,10,2024-08-29,460.0,445.0
West,2,2x12,10,2024-09-05,470.0,455.0
West,2,2x12,10,2024-09-12,480.0,465.0
West,2,2x12,10,2024-09-20,480.0,472.5
West,2,2x12,10,2024-09-26,480.0,477.5
West,2,2x12,10,2024-09-27,490.0,482.5
West,2,2x12,10,2024-10-04,495.0,486.25
West,2,2x12,10,2024-10-11,510.0,493.75
West,2,2x12,10,2024-10-18,530.0,506.25
West,2,2x12,10,2024-10-25,540.0,518.75
West,2,2x12,10,2024-11-01,545.0,531.25
West,2,2x12,10,2024-11-08,540.0,538.75
West,2,2x12,10,2024-11-15,520.0,536.25
West,2,2x12,10,2024-11-22,500.0,526.25
West,2,2x12,10,2024-11-27,480.0,510.0
West,2,2x12,10,2024-12-06,460.0,490.0
West,2,2x12,10,2024-12-13,440.0,470.0
West,2,2x12,10,2024-12-20,420.0,450.0
West,2,2x12,10,2025-01-03,410.0,432.5
West,2,2x12,10,2025-01-10,400.0,417.5
West,2,2x12,10,2025-01-17,390.0,405.0
West,2,2x12,10,2025-01-24,385.0,396.25
West,2,2x12,10,2025-01-31,380.0,388.75
West,2,2x12,10,2025-02-07,375.0,382.5
West,2,2x12,10,2025-02-14,375.0,378.75
West,2,2x12,10,2025-02-21,375.0,376.25
West,2,2x12,10,2025-02-28,375.0,375.0
West,2,2x12,10,2025-03-07,375.0,375.0
West,2,2x12,10,2025-03-14,375.0,375.0
West,2,2x12,10,2025-03-21,375.0,375.0
West,2,2x12,10,2025-03-28,380.0,376.25
West,2,2x12,10,2025-04-04,385.0,378.75
West,2,2x12,10,2025-04-11,390.0,382.5
West,2,2x12,10,2025-04-18,400.0,388.75
West,2,2x12,10,2025-04-25,405.0,395.0
West,2,2x12,10,2025-05-02,405.0,400.0
West,2,2x12,10,2025-05-09,405.0,403.75
West,2,2x12,10,2025-05-16,395.0,402.5
West,2,2x12,10,2025-05-23,380.0,396.25
West,2,2x12,10,2025-05-30,365.0,386.25
West,2,2x12,10,2025-06-06,355.0,373.75
West,2,2x12,10,2025-06-13,340.0,360.0
West,2,2x12,10,2025-06-19,310.0,342.5
West,2,2x12,10,2025-06-27,300.0,326.25
West,2,2x12,10,2025-07-03,300.0,312.5
West,2,2x12,10,2025-07-11,310.0,305.0
West,2,2x12,10,2025-07-18,315.0,306.25
West,2,2x12,10,2025-07-25,325.0,312.5
West,2,2x12,10,2025-08-01,335.0,321.25
West,2,2x12,10,2025-08-08,340.0,328.75
West,2,2x12,10,2025-08-15,335.0,333.75
West,2,2x12,10,2025-08-22,335.0,336.25
West,2,2x12,10,2025-08-29,325.0,333.75
West,2,2x12,10,2025-09-05,310.0,326.25
West,2,2x12,10,2025-09-12,310.0,320.0
West,2,2x12,10,2025-09-19,320.0,316.25
West,2,2x12,10,2025-09-26,330.0,317.5
West,2,2x12,10,2025-10-03,345.0,326.25
West,2,2x12,10,2025-10-10,345.0,335.0
West,2,2x12,10,2025-10-17,355.0,343.75
West,2,2x12,12,2024-01-12,470.0,470.0
West,2,2x12,12,2024-01-18,480.0,475.0
West,2,2x12,12,2024-01-25,485.0,478.3333333333333
West,2,2x12,12,2024-02-08,510.0,486.25
West,2,2x12,12,2024-02-15,530.0,501.25
West,2,2x12,12,2024-02-22,545.0,517.5
West,2,2x12,12,2024-02-29,570.0,538.75
West,2,2x12,12,2024-03-07,590.0,558.75
West,2,2x12,12,2024-03-14,610.0,578.75
West,2,2x12,12,2024-03-21,615.0,596.25
West,2,2x12,12,2024-03-28,615.0,607.5
West,2,2x12,12,2024-04-04,595.0,608.75
West,2,2x12,12,2024-04-11,570.0,598.75
West,2,2x12,12,2024-04-18,540.0,580.0
West,2,2x12,12,2024-04-25,510.0,553.75
West,2,2x12,12,2024-05-02,480.0,525.0
West,2,2x12,12,2024-05-09,450.0,495.0
West,2,2x12,12,2024-05-16,440.0,470.0
West,2,2x12,12,2024-05-30,440.0,452.5
West,2,2x12,12,2024-06-06,440.0,442.5
West,2,2x12,12,2024-06-13,420.0,435.0
West,2,2x12,12,2024-06-20,415.0,428.75
West,2,2x12,12,2024-06-27,405.0,420.0
West,2,2x12,12,2024-07-04,395.0,408.75
West,2,2x12,12,2024-07-11,390.0,401.25
West,2,2x12,12,2024-07-18,395.0,396.25
West,2,2x12,12,2024-07-25,400.0,395.0
West,2,2x12,12,2024-08-01,405.0,397.5
West,2,2x12,12,2024-08-08,410.0,402.5
West,2,2x12,12,2024-08-15,420.0,408.75
West,2,2x12,12,2024-08-22,430.0,416.25
West,2,2x12,12,2024-08-29,440.0,425.0
West,2,2x12,12,2024-09-05,450.0,435.0
West,2,2x12,12,2024-09-12,460.0,445.0
West,2,2x12,12,2024-09-20,460.0,452.5
West,2,2x12,12,2024-09-26,460.0,457.5
West,2,2x12,12,2024-09-27,470.0,462.5
West,2,2x12,12,2024-10-04,475.0,466.25
West,2,2x12,12,2024-10-11,495.0,475.0
West,2,2x12,12,2024-10-18,515.0,488.75
West,2,2x12,12,2024-10-25,525.0,502.5
West,2,2x12,12,2024-11-01,525.0,515.0
West,2,2x12,12,2024-11-08,520.0,521.25
West,2,2x12,12,2024-11-15,500.0,517.5
West,2,2x12,12,2024-11-22,475.0,505.0
West,2,2x12,12,2024-11-27,455.0,487.5
West,2,2x12,12,2024-12-06,435.0,466.25
West,2,2x12,12,2024-12-13,425.0,447.5
West,2,2x12,12,2024-12-20,405.0,430.0
West,2,2x12,12,2025-01-03,395.0,415.0
West,2,2x12,12,2025-01-10,385.0,402.5
West,2,2x12,12,2025-01-17,375.0,390.0
West,2,2x12,12,2025-01-24,370.0,381.25
West,2,2x12,12,2025-01-31,365.0,373.75
West,2,2x12,12,2025-02-07,360.0,367.5
West,2,2x12,12,2025-02-14,360.0,363.75
West,2,2x12,12,2025-02-21,360.0,361.25
West,2,2x12,12,2025-02-28,360.0,360.0
West,2,2x12,12,2025-03-07,360.0,360.0
West,2,2x12,12,2025-03-14,360.0,360.0
West,2,2x12,12,2025-03-21,360.0,360.0
West,2,2x12,12,2025-03-28,365.0,361.25
West,2,2x12,12,2025-04-04,370.0,363.75
West,2,2x12,12,2025-04-11,375.0,367.5
West,2,2x12,12,2025-04-18,385.0,373.75
West,2,2x12,12,2025-04-25,390.0,380.0
West,2,2x12,12,2025-05-02,390.0,385.0
West,2,2x12,12,2025-05-09,390.0,388.75
West,2,2x12,12,2025-05-16,375.0,386.25
West,2,2x12,12,2025-05-23,360.0,378.75
West,2,2x12,12,2025-05-30,345.0,367.5
West,2,2x12,12,2025-06-06,320.0,350.0
West,2,2x12,12,2025-06-13,305.0,332.5
West,2,2x12,12,2025-06-19,285.0,313.75
West,2,2x12,12,2025-06-27,275.0,296.25
West,2,2x12,12,2025-07-03,275.0,285.0
West,2,2x12,12,2025-07-11,295.0,282.5
West,2,2x12,12,2025-07-18,300.0,286.25
West,2,2x12,12,2025-07-25,315.0,296.25
West,2,2x12,12,2025-08-01,325.0,308.75
West,2,2x12,12,2025-08-08,325.0,316.25
West,2,2x12,12,2025-08-15,320.0,321.25
West,2,2x12,12,2025-08-22,320.0,322.5
West,2,2x12,12,2025-08-29,310.0,318.75
West,2,2x12,12,2025-09-05,305.0,313.75
West,2,2x12,12,2025-09-12,305.0,310.0
West,2,2x12,12,2025-09-19,290.0,302.5
West,2,2x12,12,2025-09-26,325.0,306.25
West,2,2x12,12,2025-10-03,340.0,315.0
West,2,2x12,12,2025-10-10,355.0,327.5
West,2,2x12,12,2025-10-17,365.0,346.25
West,2,2x12,14,2024-01-12,445.0,445.0
West,2,2x12,14,2024-01-18,455.0,450.0
West,2,2x12,14,2024-01-25,460.0,453.3333333333333
West,2,2x12,14,2024-02-08,485.0,461.25
West,2,2x12,14,2024-02-15,505.0,476.25
West,2,2x12,14,2024-02-22,525.0,493.75
West,2,2x12,14,2024-02-29,550.0,516.25
West,2,2x12,14,2024-03-07,570.0,537.5
West,2,2x12,14,2024-03-14,585.0,557.5
West,2,2x12,14,2024-03-21,590.0,573.75
West,2,2x12,14,2024-03-28,590.0,583.75
West,2,2x12,14,2024-04-04,570.0,583.75
West,2,2x12,14,2024-04-11,545.0,573.75
West,2,2x12,14,2024-04-18,515.0,555.0
West,2,2x12,14,2024-04-25,485.0,528.75
West,2,2x12,14,2024-05-02,455.0,500.0
West,2,2x12,14,2024-05-09,425.0,470.0
West,2,2x12,14,2024-05-16,415.0,445.0
West,2,2x12,14,2024-05-30,415.0,427.5
West,2,2x12,14,2024-06-06,415.0,417.5
West,2,2x12,14,2024-06-13,410.0,413.75
West,2,2x12,14,2024-06-20,405.0,411.25
West,2,2x12,14,2024-06-27,395.0,406.25
West,2,2x12,14,2024-07-04,395.0,401.25
West,2,2x12,14,2024-07-11,390.0,396.25
West,2,2x12,14,2024-07-18,395.0,393.75
West,2,2x12,14,2024-07-25,400.0,395.0
West,2,2x12,14,2024-08-01,410.0,398.75
West,2,2x12,14,2024-08-08,420.0,406.25
West,2,2x12,14,2024-08-15,430.0,415.0
West,2,2x12,14,2024-08-22,440.0,425.0
West,2,2x12,14,2024-08-29,450.0,435.0
West,2,2x12,14,2024-09-05,460.0,445.0
West,2,2x12,14,2024-09-12,470.0,455.0
West,2,2x12,14,2024-09-20,470.0,462.5
West,2,2x12,14,2024-09-26,470.0,467.5
West,2,2x12,14,2024-09-27,480.0,472.5
West,2,2x12,14,2024-10-04,485.0,476.25
West,2,2x12,14,2024-10-11,505.0,485.0
West,2,2x12,14,2024-10-18,525.0,498.75
West,2,2x12,14,2024-10-25,535.0,512.5
West,2,2x12,14,2024-11-01,535.0,525.0
West,2,2x12,14,2024-11-08,530.0,531.25
West,2,2x12,14,2024-11-15,510.0,527.5
West,2,2x12,14,2024-11-22,480.0,513.75
West,2,2x12,14,2024-11-27,460.0,495.0
West,2,2x12,14,2024-12-06,440.0,472.5
West,2,2x12,14,2024-12-13,430.0,452.5
West,2,2x12,14,2024-12-20,410.0,435.0
West,2,2x12,14,2025-01-03,410.0,422.5
West,2,2x12,14,2025-01-10,410.0,415.0
West,2,2x12,14,2025-01-17,410.0,410.0
West,2,2x12,14,2025-01-24,405.0,408.75
West,2,2x12,14,2025-01-31,400.0,406.25
West,2,2x12,14,2025-02-07,405.0,405.0
West,2,2x12,14,2025-02-14,405.0,403.75
West,2,2x12,14,2025-02-21,405.0,403.75
West,2,2x12,14,2025-02-28,405.0,405.0
West,2,2x12,14,2025-03-07,405.0,405.0
West,2,2x12,14,2025-03-14,405.0,405.0
West,2,2x12,14,2025-03-21,405.0,405.0
West,2,2x12,14,2025-03-28,410.0,406.25
West,2,2x12,14,2025-04-04,415.0,408.75
West,2,2x12,14,2025-04-11,425.0,413.75
West,2,2x12,14,2025-04-18,435.0,421.25
West,2,2x12,14,2025-04-25,440.0,428.75
West,2,2x12,14,2025-05-02,440.0,435.0
West,2,2x12,14,2025-05-09,440.0,438.75
West,2,2x12,14,2025-05-16,425.0,436.25
West,2,2x12,14,2025-05-23,410.0,428.75
West,2,2x12,14,2025-05-30,395.0,417.5
West,2,2x12,14,2025-06-06,365.0,398.75
West,2,2x12,14,2025-06-13,350.0,380.0
West,2,2x12,14,2025-06-19,320.0,357.5
West,2,2x12,14,2025-06-27,310.0,336.25
West,2,2x12,14,2025-07-03,305.0,321.25
West,2,2x12,14,2025-07-11,300.0,308.75
West,2,2x12,14,2025-07-18,305.0,305.0
West,2,2x12,14,2025-07-25,305.0,303.75
West,2,2x12,14,2025-08-01,305.0,303.75
West,2,2x12,14,2025-08-08,300.0,303.75
West,2,2x12,14,2025-08-15,295.0,301.25
West,2,2x12,14,2025-08-22,295.0,298.75
West,2,2x12,14,2025-08-29,285.0,293.75
West,2,2x12,14,2025-09-05,280.0,288.75
West,2,2x12,14,2025-09-12,280.0,285.0
West,2,2x12,14,2025-09-19,290.0,283.75
West,2,2x12,14,2025-09-26,295.0,286.25
West,2,2x12,14,2025-10-03,340.0,301.25
West,2,2x12,14,2025-10-10,325.0,312.5
West,2,2x12,14,2025-10-17,335.0,323.75
West,2,2x12,16,2024-01-12,450.0,450.0
West,2,2x12,16,2024-01-18,460.0,455.0
West,2,2x12,16,2024-01-25,465.0,458.3333333333333
West,2,2x12,16,2024-02-08,490.0,466.25
West,2,2x12,16,2024-02-15,510.0,481.25
West,2,2x12,16,2024-02-22,525.0,497.5
West,2,2x12,16,2024-02-29,550.0,518.75
West,2,2x12,16,2024-03-07,570.0,538.75
West,2,2x12,16,2024-03-14,585.0,557.5
West,2,2x12,16,2024-03-21,590.0,573.75
West,2,2x12,16,2024-03-28,590.0,583.75
West,2,2x12,16,2024-04-04,565.0,582.5
West,2,2x12,16,2024-04-11,540.0,571.25
West,2,2x12,16,2024-04-18,510.0,551.25
West,2,2x12,16,2024-04-25,480.0,523.75
West,2,2x12,16,2024-05-02,440.0,492.5
West,2,2x12,16,2024-05-09,410.0,460.0
West,2,2x12,16,2024-05-16,400.0,432.5
West,2,2x12,16,2024-05-30,400.0,412.5
West,2,2x12,16,2024-06-06,400.0,402.5
West,2,2x12,16,2024-06-13,410.0,402.5
West,2,2x12,16,2024-06-20,405.0,403.75
West,2,2x12,16,2024-06-27,395.0,402.5
West,2,2x12,16,2024-07-04,395.0,401.25
West,2,2x12,16,2024-07-11,390.0,396.25
West,2,2x12,16,2024-07-18,395.0,393.75
West,2,2x12,16,2024-07-25,405.0,396.25
West,2,2x12,16,2024-08-01,420.0,402.5
West,2,2x12,16,2024-08-08,425.0,411.25
West,2,2x12,16,2024-08-15,435.0,421.25
West,2,2x12,16,2024-08-22,445.0,431.25
West,2,2x12,16,2024-08-29,455.0,440.0
West,2,2x12,16,2024-09-05,465.0,450.0
West,2,2x12,16,2024-09-12,475.0,460.0
West,2,2x12,16,2024-09-20,495.0,472.5
West,2,2x12,16,2024-09-26,495.0,482.5
West,2,2x12,16,2024-09-27,505.0,492.5
West,2,2x12,16,2024-10-04,510.0,501.25
West,2,2x12,16,2024-10-11,540.0,512.5
West,2,2x12,16,2024-10-18,560.0,528.75
West,2,2x12,16,2024-10-25,570.0,545.0
West,2,2x12,16,2024-11-01,575.0,561.25
West,2,2x12,16,2024-11-08,570.0,568.75
West,2,2x12,16,2024-11-15,550.0,566.25
West,2,2x12,16,2024-11-22,540.0,558.75
West,2,2x12,16,2024-11-27,520.0,545.0
West,2,2x12,16,2024-12-06,500.0,527.5
West,2,2x12,16,2024-12-13,490.0,512.5
West,2,2x12,16,2024-12-20,470.0,495.0
West,2,2x12,16,2025-01-03,470.0,482.5
West,2,2x12,16,2025-01-10,480.0,477.5
West,2,2x12,16,2025-01-17,490.0,477.5
West,2,2x12,16,2025-01-24,485.0,481.25
West,2,2x12,16,2025-01-31,480.0,483.75
West,2,2x12,16,2025-02-07,485.0,485.0
West,2,2x12,16,2025-02-14,485.0,483.75
West,2,2x12,16,2025-02-21,485.0,483.75
West,2,2x12,16,2025-02-28,485.0,485.0
West,2,2x12,16,2025-03-07,485.0,485.0
West,2,2x12,16,2025-03-14,485.0,485.0
West,2,2x12,16,2025-03-21,485.0,485.0
West,2,2x12,16,2025-03-28,490.0,486.25
West,2,2x12,16,2025-04-04,495.0,488.75
West,2,2x12,16,2025-04-11,500.0,492.5
West,2,2x12,16,2025-04-18,510.0,498.75
West,2,2x12,16,2025-04-25,515.0,505.0
West,2,2x12,16,2025-05-02,515.0,510.0
West,2,2x12,16,2025-05-09,515.0,513.75
West,2,2x12,16,2025-05-16,500.0,511.25
West,2,2x12,16,2025-05-23,480.0,502.5
West,2,2x12,16,2025-05-30,465.0,490.0
West,2,2x12,16,2025-06-06,435.0,470.0
West,2,2x12,16,2025-06-13,420.0,450.0
West,2,2x12,16,2025-06-19,390.0,427.5
West,2,2x12,16,2025-06-27,370.0,403.75
West,2,2x12,16,2025-07-03,365.0,386.25
West,2,2x12,16,2025-07-11,375.0,375.0
West,2,2x12,16,2025-07-18,380.0,372.5
West,2,2x12,16,2025-07-25,380.0,375.0
West,2,2x12,16,2025-08-01,380.0,378.75
West,2,2x12,16,2025-08-08,375.0,378.75
West,2,2x12,16,2025-08-15,370.0,376.25
West,2,2x12,16,2025-08-22,350.0,368.75
West,2,2x12,16,2025-08-29,330.0,356.25
West,2,2x12,16,2025-09-05,315.0,341.25
West,2,2x12,16,2025-09-12,315.0,327.5
West,2,2x12,16,2025-09-19,325.0,321.25
West,2,2x12,16,2025-09-26,335.0,322.5
West,2,2x12,16,2025-10-03,350.0,331.25
West,2,2x12,16,2025-10-10,365.0,343.75
West,2,2x12,16,2025-10-17,370.0,355.0
West,2,2x12,18,2024-01-12,475.0,475.0
West,2,2x12,18,2024-01-18,485.0,480.0
West,2,2x12,18,2024-01-25,490.0,483.3333333333333
West,2,2x12,18,2024-02-08,515.0,491.25
West,2,2x12,18,2024-02-15,535.0,506.25
West,2,2x12,18,2024-02-22,555.0,523.75
West,2,2x12,18,2024-02-29,580.0,546.25
West,2,2x12,18,2024-03-07,590.0,565.0
West,2,2x12,18,2024-03-14,590.0,578.75
West,2,2x12,18,2024-03-21,595.0,588.75
West,2,2x12,18,2024-03-28,595.0,592.5
West,2,2x12,18,2024-04-04,570.0,587.5
West,2,2x12,18,2024-04-11,545.0,576.25
West,2,2x12,18,2024-04-18,515.0,556.25
West,2,2x12,18,2024-04-25,485.0,528.75
West,2,2x12,18,2024-05-02,445.0,497.5
West,2,2x12,18,2024-05-09,415.0,465.0
West,2,2x12,18,2024-05-16,405.0,437.5
West,2,2x12,18,2024-05-30,405.0,417.5
West,2,2x12,18,2024-06-06,405.0,407.5
West,2,2x12,18,2024-06-13,390.0,401.25
West,2,2x12,18,2024-06-20,385.0,396.25
West,2,2x12,18,2024-06-27,375.0,388.75
West,2,2x12,18,2024-07-04,365.0,378.75
West,2,2x12,18,2024-07-11,360.0,371.25
West,2,2x12,18,2024-07-18,365.0,366.25
West,2,2x12,18,2024-07-25,370.0,365.0
West,2,2x12,18,2024-08-01,375.0,367.5
West,2,2x12,18,2024-08-08,380.0,372.5
West,2,2x12,18,2024-08-15,390.0,378.75
West,2,2x12,18,2024-08-22,400.0,386.25
West,2,2x12,18,2024-08-29,410.0,395.0
West,2,2x12,18,2024-09-05,420.0,405.0
West,2,2x12,18,2024-09-12,430.0,415.0
West,2,2x12,18,2024-09-20,445.0,426.25
West,2,2x12,18,2024-09-26,445.0,435.0
West,2,2x12,18,2024-09-27,455.0,443.75
West,2,2x12,18,2024-10-04,460.0,451.25
West,2,2x12,18,2024-10-11,485.0,461.25
West,2,2x12,18,2024-10-18,505.0,476.25
West,2,2x12,18,2024-10-25,515.0,491.25
West,2,2x12,18,2024-11-01,520.0,506.25
West,2,2x12,18,2024-11-08,515.0,513.75
West,2,2x12,18,2024-11-15,495.0,511.25
West,2,2x12,18,2024-11-22,485.0,503.75
West,2,2x12,18,2024-11-27,465.0,490.0
West,2,2x12,18,2024-12-06,445.0,472.5
West,2,2x12,18,2024-12-13,435.0,457.5
West,2,2x12,18,2024-12-20,415.0,440.0
West,2,2x12,18,2025-01-03,415.0,427.5
West,2,2x12,18,2025-01-10,425.0,422.5
West,2,2x12,18,2025-01-17,435.0,422.5
West,2,2x12,18,2025-01-24,430.0,426.25
West,2,2x12,18,2025-01-31,425.0,428.75
West,2,2x12,18,2025-02-07,435.0,431.25
West,2,2x12,18,2025-02-14,435.0,431.25
West,2,2x12,18,2025-02-21,435.0,432.5
West,2,2x12,18,2025-02-28,435.0,435.0
West,2,2x12,18,2025-03-07,435.0,435.0
West,2,2x12,18,2025-03-14,435.0,435.0
West,2,2x12,18,2025-03-21,435.0,435.0
West,2,2x12,18,2025-03-28,440.0,436.25
West,2,2x12,18,2025-04-04,445.0,438.75
West,2,2x12,18,2025-04-11,445.0,441.25
West,2,2x12,18,2025-04-18,455.0,446.25
West,2,2x12,18,2025-04-25,460.0,451.25
West,2,2x12,18,2025-05-02,460.0,455.0
West,2,2x12,18,2025-05-09,460.0,458.75
West,2,2x12,18,2025-05-16,450.0,457.5
West,2,2x12,18,2025-05-23,430.0,450.0
West,2,2x12,18,2025-05-30,415.0,438.75
West,2,2x12,18,2025-06-06,390.0,421.25
West,2,2x12,18,2025-06-13,375.0,402.5
West,2,2x12,18,2025-06-19,345.0,381.25
West,2,2x12,18,2025-06-27,325.0,358.75
West,2,2x12,18,2025-07-03,315.0,340.0
West,2,2x12,18,2025-07-11,315.0,325.0
West,2,2x12,18,2025-07-18,320.0,318.75
West,2,2x12,18,2025-07-25,320.0,317.5
West,2,2x12,18,2025-08-01,320.0,318.75
West,2,2x12,18,2025-08-08,315.0,318.75
West,2,2x12,18,2025-08-15,310.0,316.25
West,2,2x12,18,2025-08-22,290.0,308.75
West,2,2x12,18,2025-08-29,270.0,296.25
West,2,2x12,18,2025-09-05,260.0,282.5
West,2,2x12,18,2025-09-12,260.0,270.0
West,2,2x12,18,2025-09-19,265.0,263.75
West,2,2x12,18,2025-09-26,275.0,265.0
West,2,2x12,18,2025-10-03,290.0,272.5
West,2,2x12,18,2025-10-10,300.0,282.5
West,2,2x12,18,2025-10-17,305.0,292.5
West,2,2x12,20,2024-01-12,685.0,685.0
West,2,2x12,20,2024-01-18,695.0,690.0
West,2,2x12,20,2024-01-25,700.0,693.3333333333334
West,2,2x12,20,2024-02-08,725.0,701.25
West,2,2x12,20,2024-02-15,745.0,716.25
West,2,2x12,20,2024-02-22,760.0,732.5
West,2,2x12,20,2024-02-29,780.0,752.5
West,2,2x12,20,2024-03-07,790.0,768.75
West,2,2x12,20,2024-03-14,810.0,785.0
West,2,2x12,20,2024-03-21,815.0,798.75
West,2,2x12,20,2024-03-28,815.0,807.5
West,2,2x12,20,2024-04-04,780.0,805.0
West,2,2x12,20,2024-04-11,755.0,791.25
West,2,2x12,20,2024-04-18,725.0,768.75
West,2,2x12,20,2024-04-25,675.0,733.75
West,2,2x12,20,2024-05-02,635.0,697.5
West,2,2x12,20,2024-05-09,605.0,660.0
West,2,2x12,20,2024-05-16,595.0,627.5
West,2,2x12,20,2024-05-30,595.0,607.5
West,2,2x12,20,2024-06-06,595.0,597.5
West,2,2x12,20,2024-06-13,585.0,592.5
West,2,2x12,20,2024-06-20,580.0,588.75
West,2,2x12,20,2024-06-27,570.0,582.5
West,2,2x12,20,2024-07-04,560.0,573.75
West,2,2x12,20,2024-07-11,555.0,566.25
West,2,2x12,20,2024-07-18,560.0,561.25
West,2,2x12,20,2024-07-25,565.0,560.0
West,2,2x12,20,2024-08-01,570.0,562.5
West,2,2x12,20,2024-08-08,580.0,568.75
West,2,2x12,20,2024-08-15,590.0,576.25
West,2,2x12,20,2024-08-22,600.0,585.0
West,2,2x12,20,2024-08-29,610.0,595.0
West,2,2x12,20,2024-09-05,620.0,605.0
West,2,2x12,20,2024-09-12,630.0,615.0
West,2,2x12,20,2024-09-20,660.0,630.0
West,2,2x12,20,2024-09-26,660.0,642.5
West,2,2x12,20,2024-09-27,670.0,655.0
West,2,2x12,20,2024-10-04,675.0,666.25
West,2,2x12,20,2024-10-11,705.0,677.5
West,2,2x12,20,2024-10-18,725.0,693.75
West,2,2x12,20,2024-10-25,735.0,710.0
West,2,2x12,20,2024-11-01,740.0,726.25
West,2,2x12,20,2024-11-08,735.0,733.75
West,2,2x12,20,2024-11-15,715.0,731.25
West,2,2x12,20,2024-11-22,705.0,723.75
West,2,2x12,20,2024-11-27,685.0,710.0
West,2,2x12,20,2024-12-06,665.0,692.5
West,2,2x12,20,2024-12-13,655.0,677.5
West,2,2x12,20,2024-12-20,635.0,660.0
West,2,2x12,20,2025-01-03,635.0,647.5
West,2,2x12,20,2025-01-10,645.0,642.5
West,2,2x12,20,2025-01-17,645.0,640.0
West,2,2x12,20,2025-01-24,640.0,641.25
West,2,2x12,20,2025-01-31,635.0,641.25
West,2,2x12,20,2025-02-07,640.0,640.0
West,2,2x12,20,2025-02-14,640.0,638.75
West,2,2x12,20,2025-02-21,640.0,638.75
West,2,2x12,20,2025-02-28,640.0,640.0
West,2,2x12,20,2025-03-07,640.0,640.0
West,2,2x12,20,2025-03-14,640.0,640.0
West,2,2x12,20,2025-03-21,640.0,640.0
West,2,2x12,20,2025-03-28,645.0,641.25
West,2,2x12,20,2025-04-04,650.0,643.75
West,2,2x12,20,2025-04-11,650.0,646.25
West,2,2x12,20,2025-04-18,660.0,651.25
West,2,2x12,20,2025-04-25,665.0,656.25
West,2,2x12,20,2025-05-02,665.0,660.0
West,2,2x12,20,2025-05-09,665.0,663.75
West,2,2x12,20,2025-05-16,655.0,662.5
West,2,2x12,20,2025-05-23,635.0,655.0
West,2,2x12,20,2025-05-30,610.0,641.25
West,2,2x12,20,2025-06-06,580.0,620.0
West,2,2x12,20,2025-06-13,560.0,596.25
West,2,2x12,20,2025-06-19,550.0,575.0
West,2,2x12,20,2025-06-27,470.0,540.0
West,2,2x12,20,2025-07-03,460.0,510.0
West,2,2x12,20,2025-07-11,460.0,485.0
West,2,2x12,20,2025-07-18,465.0,463.75
West,2,2x12,20,2025-07-25,465.0,462.5
West,2,2x12,20,2025-08-01,465.0,463.75
West,2,2x12,20,2025-08-08,460.0,463.75
West,2,2x12,20,2025-08-15,455.0,461.25
West,2,2x12,20,2025-08-22,435.0,453.75
West,2,2x12,20,2025-08-29,410.0,440.0
West,2,2x12,20,2025-09-05,395.0,423.75
West,2,2x12,20,2025-09-12,395.0,408.75
West,2,2x12,20,2025-09-19,395.0,398.75
West,2,2x12,20,2025-09-26,395.0,395.0
West,2,2x12,20,2025-10-03,410.0,398.75
West,2,2x12,20,2025-10-10,400.0,400.0
West,2,2x12,20,2025-10-17,400.0,401.25
West,2,2x4,8,2024-01-12,395.0,395.0
West,2,2x4,8,2024-01-18,390.0,392.5
West,2,2x4,8,2024-01-25,370.0,385.0
West,2,2x4,8,2024-02-08,340.0,373.75
West,2,2x4,8,2024-02-15,350.0,362.5
West,2,2x4,8,2024-02-22,365.0,356.25
West,2,2x4,8,2024-02-29,395.0,362.5
West,2,2x4,8,2024-03-07,420.0,382.5
West,2,2x4,8,2024-03-14,415.0,398.75
West,2,2x4,8,2024-03-21,415.0,411.25
West,2,2x4,8,2024-03-28,415.0,416.25
West,2,2x4,8,2024-04-04,390.0,408.75
West,2,2x4,8,2024-04-11,370.0,397.5
West,2,2x4,8,2024-04-18,350.0,381.25
West,2,2x4,8,2024-04-25,340.0,362.5
West,2,2x4,8,2024-05-02,340.0,350.0
West,2,2x4,8,2024-05-09,350.0,345.0
West,2,2x4,8,2024-05-16,350.0,345.0
West,2,2x4,8,2024-05-30,370.0,352.5
West,2,2x4,8,2024-06-06,370.0,360.0
West,2,2x4,8,2024-06-13,365.0,363.75
West,2,2x4,8,2024-06-20,360.0,366.25
West,2,2x4,8,2024-06-27,350.0,361.25
West,2,2x4,8,2024-07-04,345.0,355.0
West,2,2x4,8,2024-07-11,345.0,350.0
West,2,2x4,8,2024-07-18,355.0,348.75
West,2,2x4,8,2024-07-25,375.0,355.0
West,2,2x4,8,2024-08-01,380.0,363.75
West,2,2x4,8,2024-08-08,385.0,373.75
West,2,2x4,8,2024-08-15,385.0,381.25
West,2,2x4,8,2024-08-22,385.0,383.75
West,2,2x4,8,2024-08-29,385.0,385.0
West,2,2x4,8,2024-09-05,385.0,385.0
West,2,2x4,8,2024-09-12,385.0,385.0
West,2,2x4,8,2024-09-20,395.0,387.5
West,2,2x4,8,2024-09-26,395.0,390.0
West,2,2x4,8,2024-09-27,405.0,395.0
West,2,2x4,8,2024-10-04,425.0,405.0
West,2,2x4,8,2024-10-11,450.0,418.75
West,2,2x4,8,2024-10-18,470.0,437.5
West,2,2x4,8,2024-10-25,485.0,457.5
West,2,2x4,8,2024-11-01,485.0,472.5
West,2,2x4,8,2024-11-08,475.0,478.75
West,2,2x4,8,2024-11-15,460.0,476.25
West,2,2x4,8,2024-11-22,435.0,463.75
West,2,2x4,8,2024-11-27,415.0,446.25
West,2,2x4,8,2024-12-06,395.0,426.25
West,2,2x4,8,2024-12-13,380.0,406.25
West,2,2x4,8,2024-12-20,385.0,393.75
West,2,2x4,8,2025-01-03,410.0,392.5
West,2,2x4,8,2025-01-10,420.0,398.75
West,2,2x4,8,2025-01-17,420.0,408.75
West,2,2x4,8,2025-01-24,415.0,416.25
West,2,2x4,8,2025-01-31,400.0,413.75
West,2,2x4,8,2025-02-07,395.0,407.5
West,2,2x4,8,2025-02-14,400.0,402.5
West,2,2x4,8,2025-02-21,405.0,400.0
West,2,2x4,8,2025-02-28,410.0,402.5
West,2,2x4,8,2025-03-07,415.0,407.5
West,2,2x4,8,2025-03-14,420.0,412.5
West,2,2x4,8,2025-03-21,430.0,418.75
West,2,2x4,8,2025-03-28,440.0,426.25
West,2,2x4,8,2025-04-04,455.0,436.25
West,2,2x4,8,2025-04-11,465.0,447.5
West,2,2x4,8,2025-04-18,480.0,460.0
West,2,2x4,8,2025-04-25,480.0,470.0
West,2,2x4,8,2025-05-02,490.0,478.75
West,2,2x4,8,2025-05-09,490.0,485.0
West,2,2x4,8,2025-05-16,480.0,485.0
West,2,2x4,8,2025-05-23,465.0,481.25
West,2,2x4,8,2025-05-30,445.0,470.0
West,2,2x4,8,2025-06-06,430.0,455.0
West,2,2x4,8,2025-06-13,410.0,437.5
West,2,2x4,8,2025-06-19,390.0,418.75
West,2,2x4,8,2025-06-27,380.0,402.5
West,2,2x4,8,2025-07-03,380.0,390.0
West,2,2x4,8,2025-07-11,385.0,383.75
West,2,2x4,8,2025-07-18,390.0,383.75
West,2,2x4,8,2025-07-25,390.0,386.25
West,2,2x4,8,2025-08-01,390.0,388.75
West,2,2x4,8,2025-08-08,380.0,387.5
West,2,2x4,8,2025-08-15,365.0,381.25
West,2,2x4,8,2025-08-22,355.0,372.5
West,2,2x4,8,2025-08-29,340.0,360.0
West,2,2x4,8,2025-09-05,320.0,345.0
West,2,2x4,8,2025-09-12,310.0,331.25
West,2,2x4,8,2025-09-19,300.0,317.5
West,2,2x4,8,2025-09-26,290.0,305.0
West,2,2x4,8,2025-10-03,290.0,297.5
West,2,2x4,8,2025-10-10,290.0,292.5
West,2,2x4,8,2025-10-17,290.0,290.0
West,2,2x4,10,2024-01-12,375.0,375.0
West,2,2x4,10,2024-01-18,370.0,372.5
West,2,2x4,10,2024-01-25,355.0,366.6666666666667
West,2,2x4,10,2024-02-08,325.0,356.25
West,2,2x4,10,2024-02-15,330.0,345.0
West,2,2x4,10,2024-02-22,330.0,335.0
West,2,2x4,10,2024-02-29,345.0,332.5
West,2,2x4,10,2024-03-07,360.0,341.25
West,2,2x4,10,2024-03-14,355.0,347.5
West,2,2x4,10,2024-03-21,340.0,350.0
West,2,2x4,10,2024-03-28,325.0,345.0
West,2,2x4,10,2024-04-04,300.0,330.0
West,2,2x4,10,2024-04-11,270.0,308.75
West,2,2x4,10,2024-04-18,250.0,286.25
West,2,2x4,10,2024-04-25,250.0,267.5
West,2,2x4,10,2024-05-02,250.0,255.0
West,2,2x4,10,2024-05-09,260.0,252.5
West,2,2x4,10,2024-05-16,260.0,255.0
West,2,2x4,10,2024-05-30,280.0,262.5
West,2,2x4,10,2024-06-06,280.0,270.0
West,2,2x4,10,2024-06-13,275.0,273.75
West,2,2x4,10,2024-06-20,270.0,276.25
West,2,2x4,10,2024-06-27,260.0,271.25
West,2,2x4,10,2024-07-04,255.0,265.0
West,2,2x4,10,2024-07-11,255.0,260.0
West,2,2x4,10,2024-07-18,265.0,258.75
West,2,2x4,10,2024-07-25,275.0,262.5
West,2,2x4,10,2024-08-01,280.0,268.75
West,2,2x4,10,2024-08-08,285.0,276.25
West,2,2x4,10,2024-08-15,285.0,281.25
West,2,2x4,10,2024-08-22,285.0,283.75
West,2,2x4,10,2024-08-29,285.0,285.0
West,2,2x4,10,2024-09-05,285.0,285.0
West,2,2x4,10,2024-09-12,285.0,285.0
West,2,2x4,10,2024-09-20,290.0,286.25
West,2,2x4,10,2024-09-26,290.0,287.5
West,2,2x4,10,2024-09-27,300.0,291.25
West,2,2x4,10,2024-10-04,315.0,298.75
West,2,2x4,10,2024-10-11,355.0,315.0
West,2,2x4,10,2024-10-18,375.0,336.25
West,2,2x4,10,2024-10-25,390.0,358.75
West,2,2x4,10,2024-11-01,400.0,380.0
West,2,2x4,10,2024-11-08,390.0,388.75
West,2,2x4,10,2024-11-15,375.0,388.75
West,2,2x4,10,2024-11-22,345.0,377.5
West,2,2x4,10,2024-11-27,325.0,358.75
West,2,2x4,10,2024-12-06,305.0,337.5
West,2,2x4,10,2024-12-13,295.0,317.5
West,2,2x4,10,2024-12-20,305.0,307.5
West,2,2x4,10,2025-01-03,330.0,308.75
West,2,2x4,10,2025-01-10,340.0,317.5
West,2,2x4,10,2025-01-17,340.0,328.75
West,2,2x4,10,2025-01-24,335.0,336.25
West,2,2x4,10,2025-01-31,325.0,335.0
West,2,2x4,10,2025-02-07,335.0,333.75
West,2,2x4,10,2025-02-14,345.0,335.0
West,2,2x4,10,2025-02-21,350.0,338.75
West,2,2x4,10,2025-02-28,355.0,346.25
West,2,2x4,10,2025-03-07,360.0,352.5
West,2,2x4,10,2025-03-14,370.0,358.75
West,2,2x4,10,2025-03-21,380.0,366.25
West,2,2x4,10,2025-03-28,390.0,375.0
West,2,2x4,10,2025-04-04,405.0,386.25
West,2,2x4,10,2025-04-11,410.0,396.25
West,2,2x4,10,2025-04-18,425.0,407.5
West,2,2x4,10,2025-04-25,430.0,417.5
West,2,2x4,10,2025-05-02,435.0,425.0
West,2,2x4,10,2025-05-09,425.0,428.75
West,2,2x4,10,2025-05-16,410.0,425.0
West,2,2x4,10,2025-05-23,385.0,413.75
West,2,2x4,10,2025-05-30,365.0,396.25
West,2,2x4,10,2025-06-06,340.0,375.0
West,2,2x4,10,2025-06-13,320.0,352.5
West,2,2x4,10,2025-06-19,300.0,331.25
West,2,2x4,10,2025-06-27,285.0,311.25
West,2,2x4,10,2025-07-03,285.0,297.5
West,2,2x4,10,2025-07-11,300.0,292.5
West,2,2x4,10,2025-07-18,310.0,295.0
West,2,2x4,10,2025-07-25,310.0,301.25
West,2,2x4,10,2025-08-01,320.0,310.0
West,2,2x4,10,2025-08-08,325.0,316.25
West,2,2x4,10,2025-08-15,305.0,315.0
West,2,2x4,10,2025-08-22,295.0,311.25
West,2,2x4,10,2025-08-29,280.0,301.25
West,2,2x4,10,2025-09-05,270.0,287.5
West,2,2x4,10,2025-09-12,260.0,276.25
West,2,2x4,10,2025-09-19,255.0,266.25
West,2,2x4,10,2025-09-26,265.0,262.5
West,2,2x4,10,2025-10-03,270.0,262.5
West,2,2x4,10,2025-10-10,280.0,267.5
West,2,2x4,10,2025-10-17,290.0,276.25
West,2,2x4,12,2024-01-12,395.0,395.0
West,2,2x4,12,2024-01-18,390.0,392.5
West,2,2x4,12,2024-01-25,375.0,386.6666666666667
West,2,2x4,12,2024-02-08,345.0,376.25
West,2,2x4,12,2024-02-15,345.0,363.75
West,2,2x4,12,2024-02-22,350.0,353.75
West,2,2x4,12,2024-02-29,360.0,350.0
West,2,2x4,12,2024-03-07,370.0,356.25
West,2,2x4,12,2024-03-14,365.0,361.25
West,2,2x4,12,2024-03-21,350.0,361.25
West,2,2x4,12,2024-03-28,335.0,355.0
West,2,2x4,12,2024-04-04,310.0,340.0
West,2,2x4,12,2024-04-11,280.0,318.75
West,2,2x4,12,2024-04-18,260.0,296.25
West,2,2x4,12,2024-04-25,260.0,277.5
West,2,2x4,12,2024-05-02,260.0,265.0
West,2,2x4,12,2024-05-09,270.0,262.5
West,2,2x4,12,2024-05-16,275.0,266.25
West,2,2x4,12,2024-05-30,300.0,276.25
West,2,2x4,12,2024-06-06,300.0,286.25
West,2,2x4,12,2024-06-13,290.0,291.25
West,2,2x4,12,2024-06-20,285.0,293.75
West,2,2x4,12,2024-06-27,275.0,287.5
West,2,2x4,12,2024-07-04,270.0,280.0
West,2,2x4,12,2024-07-11,270.0,275.0
West,2,2x4,12,2024-07-18,280.0,273.75
West,2,2x4,12,2024-07-25,290.0,277.5
West,2,2x4,12,2024-08-01,295.0,283.75
West,2,2x4,12,2024-08-08,300.0,291.25
West,2,2x4,12,2024-08-15,300.0,296.25
West,2,2x4,12,2024-08-22,300.0,298.75
West,2,2x4,12,2024-08-29,300.0,300.0
West,2,2x4,12,2024-09-05,300.0,300.0
West,2,2x4,12,2024-09-12,300.0,300.0
West,2,2x4,12,2024-09-20,300.0,300.0
West,2,2x4,12,2024-09-26,300.0,300.0
West,2,2x4,12,2024-09-27,310.0,302.5
West,2,2x4,12,2024-10-04,325.0,308.75
West,2,2x4,12,2024-10-11,350.0,321.25
West,2,2x4,12,2024-10-18,370.0,338.75
West,2,2x4,12,2024-10-25,385.0,357.5
West,2,2x4,12,2024-11-01,390.0,373.75
West,2,2x4,12,2024-11-08,380.0,381.25
West,2,2x4,12,2024-11-15,365.0,380.0
West,2,2x4,12,2024-11-22,335.0,367.5
West,2,2x4,12,2024-11-27,315.0,348.75
West,2,2x4,12,2024-12-06,295.0,327.5
West,2,2x4,12,2024-12-13,290.0,308.75
West,2,2x4,12,2024-12-20,300.0,300.0
West,2,2x4,12,2025-01-03,325.0,302.5
West,2,2x4,12,2025-01-10,335.0,312.5
West,2,2x4,12,2025-01-17,335.0,323.75
West,2,2x4,12,2025-01-24,340.0,333.75
West,2,2x4,12,2025-01-31,330.0,335.0
West,2,2x4,12,2025-02-07,340.0,336.25
West,2,2x4,12,2025-02-14,350.0,340.0
West,2,2x4,12,2025-02-21,355.0,343.75
West,2,2x4,12,2025-02-28,360.0,351.25
West,2,2x4,12,2025-03-07,365.0,357.5
West,2,2x4,12,2025-03-14,375.0,363.75
West,2,2x4,12,2025-03-21,390.0,372.5
West,2,2x4,12,2025-03-28,400.0,382.5
West,2,2x4,12,2025-04-04,405.0,392.5
West,2,2x4,12,2025-04-11,410.0,401.25
West,2,2x4,12,2025-04-18,425.0,410.0
West,2,2x4,12,2025-04-25,430.0,417.5
West,2,2x4,12,2025-05-02,435.0,425.0
West,2,2x4,12,2025-05-09,425.0,428.75
West,2,2x4,12,2025-05-16,410.0,425.0
West,2,2x4,12,2025-05-23,380.0,412.5
West,2,2x4,12,2025-05-30,360.0,393.75
West,2,2x4,12,2025-06-06,335.0,371.25
West,2,2x4,12,2025-06-13,315.0,347.5
West,2,2x4,12,2025-06-19,295.0,326.25
West,2,2x4,12,2025-06-27,285.0,307.5
West,2,2x4,12,2025-07-03,285.0,295.0
West,2,2x4,12,2025-07-11,300.0,291.25
West,2,2x4,12,2025-07-18,310.0,295.0
West,2,2x4,12,2025-07-25,315.0,302.5
West,2,2x4,12,2025-08-01,320.0,311.25
West,2,2x4,12,2025-08-08,325.0,317.5
West,2,2x4,12,2025-08-15,305.0,316.25
West,2,2x4,12,2025-08-22,295.0,311.25
West,2,2x4,12,2025-08-29,280.0,301.25
West,2,2x4,12,2025-09-05,270.0,287.5
West,2,2x4,12,2025-09-12,260.0,276.25
West,2,2x4,12,2025-09-19,255.0,266.25
West,2,2x4,12,2025-09-26,265.0,262.5
West,2,2x4,12,2025-10-03,270.0,262.5
West,2,2x4,12,2025-10-10,280.0,267.5
West,2,2x4,12,2025-10-17,290.0,276.25
West,2,2x4,14,2024-01-12,415.0,415.0
West,2,2x4,14,2024-01-18,410.0,412.5
West,2,2x4,14,2024-01-25,390.0,405.0
West,2,2x4,14,2024-02-08,360.0,393.75
West,2,2x4,14,2024-02-15,365.0,381.25
West,2,2x4,14,2024-02-22,375.0,372.5
West,2,2x4,14,2024-02-29,385.0,371.25
West,2,2x4,14,2024-03-07,390.0,378.75
West,2,2x4,14,2024-03-14,385.0,383.75
West,2,2x4,14,2024-03-21,370.0,382.5
West,2,2x4,14,2024-03-28,355.0,375.0
West,2,2x4,14,2024-04-04,330.0,360.0
West,2,2x4,14,2024-04-11,305.0,340.0
West,2,2x4,14,2024-04-18,285.0,318.75
West,2,2x4,14,2024-04-25,280.0,300.0
West,2,2x4,14,2024-05-02,280.0,287.5
West,2,2x4,14,2024-05-09,290.0,283.75
West,2,2x4,14,2024-05-16,305.0,288.75
West,2,2x4,14,2024-05-30,330.0,301.25
West,2,2x4,14,2024-06-06,330.0,313.75
West,2,2x4,14,2024-06-13,320.0,321.25
West,2,2x4,14,2024-06-20,315.0,323.75
West,2,2x4,14,2024-06-27,305.0,317.5
West,2,2x4,14,2024-07-04,295.0,308.75
West,2,2x4,14,2024-07-11,295.0,302.5
West,2,2x4,14,2024-07-18,305.0,300.0
West,2,2x4,14,2024-07-25,315.0,302.5
West,2,2x4,14,2024-08-01,320.0,308.75
West,2,2x4,14,2024-08-08,325.0,316.25
West,2,2x4,14,2024-08-15,325.0,321.25
West,2,2x4,14,2024-08-22,325.0,323.75
West,2,2x4,14,2024-08-29,325.0,325.0
West,2,2x4,14,2024-09-05,325.0,325.0
West,2,2x4,14,2024-09-12,325.0,325.0
West,2,2x4,14,2024-09-20,325.0,325.0
West,2,2x4,14,2024-09-26,325.0,325.0
West,2,2x4,14,2024-09-27,335.0,327.5
West,2,2x4,14,2024-10-04,355.0,335.0
West,2,2x4,14,2024-10-11,385.0,350.0
West,2,2x4,14,2024-10-18,405.0,370.0
West,2,2x4,14,2024-10-25,420.0,391.25
West,2,2x4,14,2024-11-01,430.0,410.0
West,2,2x4,14,2024-11-08,420.0,418.75
West,2,2x4,14,2024-11-15,405.0,418.75
West,2,2x4,14,2024-11-22,375.0,407.5
West,2,2x4,14,2024-11-27,355.0,388.75
West,2,2x4,14,2024-12-06,335.0,367.5
West,2,2x4,14,2024-12-13,330.0,348.75
West,2,2x4,14,2024-12-20,340.0,340.0
West,2,2x4,14,2025-01-03,365.0,342.5
West,2,2x4,14,2025-01-10,375.0,352.5
West,2,2x4,14,2025-01-17,375.0,363.75
West,2,2x4,14,2025-01-24,370.0,371.25
West,2,2x4,14,2025-01-31,365.0,371.25
West,2,2x4,14,2025-02-07,375.0,371.25
West,2,2x4,14,2025-02-14,380.0,372.5
West,2,2x4,14,2025-02-21,385.0,376.25
West,2,2x4,14,2025-02-28,390.0,382.5
West,2,2x4,14,2025-03-07,395.0,387.5
West,2,2x4,14,2025-03-14,400.0,392.5
West,2,2x4,14,2025-03-21,410.0,398.75
West,2,2x4,14,2025-03-28,420.0,406.25
West,2,2x4,14,2025-04-04,425.0,413.75
West,2,2x4,14,2025-04-11,425.0,420.0
West,2,2x4,14,2025-04-18,440.0,427.5
West,2,2x4,14,2025-04-25,455.0,436.25
West,2,2x4,14,2025-05-02,460.0,445.0
West,2,2x4,14,2025-05-09,460.0,453.75
West,2,2x4,14,2025-05-16,450.0,456.25
West,2,2x4,14,2025-05-23,420.0,447.5
West,2,2x4,14,2025-05-30,400.0,432.5
West,2,2x4,14,2025-06-06,375.0,411.25
West,2,2x4,14,2025-06-13,350.0,386.25
West,2,2x4,14,2025-06-19,330.0,363.75
West,2,2x4,14,2025-06-27,320.0,343.75
West,2,2x4,14,2025-07-03,320.0,330.0
West,2,2x4,14,2025-07-11,335.0,326.25
West,2,2x4,14,2025-07-18,340.0,328.75
West,2,2x4,14,2025-07-25,340.0,333.75
West,2,2x4,14,2025-08-01,350.0,341.25
West,2,2x4,14,2025-08-08,355.0,346.25
West,2,2x4,14,2025-08-15,345.0,347.5
West,2,2x4,14,2025-08-22,335.0,346.25
West,2,2x4,14,2025-08-29,315.0,337.5
West,2,2x4,14,2025-09-05,300.0,323.75
West,2,2x4,14,2025-09-12,290.0,310.0
West,2,2x4,14,2025-09-19,285.0,297.5
West,2,2x4,14,2025-09-26,285.0,290.0
West,2,2x4,14,2025-10-03,290.0,287.5
West,2,2x4,14,2025-10-10,290.0,287.5
West,2,2x4,14,2025-10-17,295.0,290.0
West,2,2x4,16,2024-01-12,475.0,475.0
West,2,2x4,16,2024-01-18,470.0,472.5
West,2,2x4,16,2024-01-25,450.0,465.0
West,2,2x4,16,2024-02-08,415.0,452.5
West,2,2x4,16,2024-02-15,410.0,436.25
West,2,2x4,16,2024-02-22,410.0,421.25
West,2,2x4,16,2024-02-29,425.0,415.0
West,2,2x4,16,2024-03-07,430.0,418.75
West,2,2x4,16,2024-03-14,430.0,423.75
West,2,2x4,16,2024-03-21,415.0,425.0
West,2,2x4,16,2024-03-28,400.0,418.75
West,2,2x4,16,2024-04-04,375.0,405.0
West,2,2x4,16,2024-04-11,350.0,385.0
West,2,2x4,16,2024-04-18,330.0,363.75
West,2,2x4,16,2024-04-25,320.0,343.75
West,2,2x4,16,2024-05-02,320.0,330.0
West,2,2x4,16,2024-05-09,330.0,325.0
West,2,2x4,16,2024-05-16,345.0,328.75
West,2,2x4,16,2024-05-30,370.0,341.25
West,2,2x4,16,2024-06-06,370.0,353.75
West,2,2x4,16,2024-06-13,360.0,361.25
West,2,2x4,16,2024-06-20,355.0,363.75
West,2,2x4,16,2024-06-27,345.0,357.5
West,2,2x4,16,2024-07-04,345.0,351.25
West,2,2x4,16,2024-07-11,345.0,347.5
West,2,2x4,16,2024-07-18,355.0,347.5
West,2,2x4,16,2024-07-25,365.0,352.5
West,2,2x4,16,2024-08-01,370.0,358.75
West,2,2x4,16,2024-08-08,375.0,366.25
West,2,2x4,16,2024-08-15,375.0,371.25
West,2,2x4,16,2024-08-22,375.0,373.75
West,2,2x4,16,2024-08-29,375.0,375.0
West,2,2x4,16,2024-09-05,375.0,375.0
West,2,2x4,16,2024-09-12,375.0,375.0
West,2,2x4,16,2024-09-20,390.0,378.75
West,2,2x4,16,2024-09-26,390.0,382.5
West,2,2x4,16,2024-09-27,400.0,388.75
West,2,2x4,16,2024-10-04,420.0,400.0
West,2,2x4,16,2024-10-11,450.0,415.0
West,2,2x4,16,2024-10-18,470.0,435.0
West,2,2x4,16,2024-10-25,480.0,455.0
West,2,2x4,16,2024-11-01,485.0,471.25
West,2,2x4,16,2024-11-08,475.0,477.5
West,2,2x4,16,2024-11-15,460.0,475.0
West,2,2x4,16,2024-11-22,430.0,462.5
West,2,2x4,16,2024-11-27,410.0,443.75
West,2,2x4,16,2024-12-06,390.0,422.5
West,2,2x4,16,2024-12-13,385.0,403.75
West,2,2x4,16,2024-12-20,400.0,396.25
West,2,2x4,16,2025-01-03,425.0,400.0
West,2,2x4,16,2025-01-10,435.0,411.25
West,2,2x4,16,2025-01-17,435.0,423.75
West,2,2x4,16,2025-01-24,430.0,431.25
West,2,2x4,16,2025-01-31,415.0,428.75
West,2,2x4,16,2025-02-07,405.0,421.25
West,2,2x4,16,2025-02-14,410.0,415.0
West,2,2x4,16,2025-02-21,415.0,411.25
West,2,2x4,16,2025-02-28,420.0,412.5
West,2,2x4,16,2025-03-07,425.0,417.5
West,2,2x4,16,2025-03-14,430.0,422.5
West,2,2x4,16,2025-03-21,440.0,428.75
West,2,2x4,16,2025-03-28,450.0,436.25
West,2,2x4,16,2025-04-04,465.0,446.25
West,2,2x4,16,2025-04-11,475.0,457.5
West,2,2x4,16,2025-04-18,490.0,470.0
West,2,2x4,16,2025-04-25,505.0,483.75
West,2,2x4,16,2025-05-02,515.0,496.25
West,2,2x4,16,2025-05-09,525.0,508.75
West,2,2x4,16,2025-05-16,525.0,517.5
West,2,2x4,16,2025-05-23,515.0,520.0
West,2,2x4,16,2025-05-30,490.0,513.75
West,2,2x4,16,2025-06-06,475.0,501.25
West,2,2x4,16,2025-06-13,455.0,483.75
West,2,2x4,16,2025-06-19,435.0,463.75
West,2,2x4,16,2025-06-27,425.0,447.5
West,2,2x4,16,2025-07-03,425.0,435.0
West,2,2x4,16,2025-07-11,435.0,430.0
West,2,2x4,16,2025-07-18,440.0,431.25
West,2,2x4,16,2025-07-25,440.0,435.0
West,2,2x4,16,2025-08-01,440.0,438.75
West,2,2x4,16,2025-08-08,430.0,437.5
West,2,2x4,16,2025-08-15,420.0,432.5
West,2,2x4,16,2025-08-22,400.0,422.5
West,2,2x4,16,2025-08-29,370.0,405.0
West,2,2x4,16,2025-09-05,350.0,385.0
West,2,2x4,16,2025-09-12,340.0,365.0
West,2,2x4,16,2025-09-19,330.0,347.5
West,2,2x4,16,2025-09-26,320.0,335.0
West,2,2x4,16,2025-10-03,320.0,327.5
West,2,2x4,16,2025-10-10,320.0,322.5
West,2,2x4,16,2025-10-17,320.0,320.0
West,2,2x4,18,2024-01-12,385.0,385.0
West,2,2x4,18,2024-01-18,380.0,382.5
West,2,2x4,18,2024-01-25,360.0,375.0
West,2,2x4,18,2024-02-08,325.0,362.5
West,2,2x4,18,2024-02-15,325.0,347.5
West,2,2x4,18,2024-02-22,325.0,333.75
West,2,2x4,18,2024-02-29,330.0,326.25
West,2,2x4,18,2024-03-07,335.0,328.75
West,2,2x4,18,2024-03-14,335.0,331.25
West,2,2x4,18,2024-03-21,325.0,331.25
West,2,2x4,18,2024-03-28,310.0,326.25
West,2,2x4,18,2024-04-04,285.0,313.75
West,2,2x4,18,2024-04-11,265.0,296.25
West,2,2x4,18,2024-04-18,250.0,277.5
West,2,2x4,18,2024-04-25,250.0,262.5
West,2,2x4,18,2024-05-02,250.0,253.75
West,2,2x4,18,2024-05-09,260.0,252.5
West,2,2x4,18,2024-05-16,270.0,257.5
West,2,2x4,18,2024-05-30,285.0,266.25
West,2,2x4,18,2024-06-06,285.0,275.0
West,2,2x4,18,2024-06-13,285.0,281.25
West,2,2x4,18,2024-06-20,280.0,283.75
West,2,2x4,18,2024-06-27,270.0,280.0
West,2,2x4,18,2024-07-04,265.0,275.0
West,2,2x4,18,2024-07-11,265.0,270.0
West,2,2x4,18,2024-07-18,275.0,268.75
West,2,2x4,18,2024-07-25,280.0,271.25
West,2,2x4,18,2024-08-01,285.0,276.25
West,2,2x4,18,2024-08-08,300.0,285.0
West,2,2x4,18,2024-08-15,290.0,288.75
West,2,2x4,18,2024-08-22,290.0,291.25
West,2,2x4,18,2024-08-29,290.0,292.5
West,2,2x4,18,2024-09-05,290.0,290.0
West,2,2x4,18,2024-09-12,290.0,290.0
West,2,2x4,18,2024-09-20,290.0,290.0
West,2,2x4,18,2024-09-26,290.0,290.0
West,2,2x4,18,2024-09-27,300.0,292.5
West,2,2x4,18,2024-10-04,315.0,298.75
West,2,2x4,18,2024-10-11,350.0,313.75
West,2,2x4,18,2024-10-18,370.0,333.75
West,2,2x4,18,2024-10-25,380.0,353.75
West,2,2x4,18,2024-11-01,390.0,372.5
West,2,2x4,18,2024-11-08,380.0,380.0
West,2,2x4,18,2024-11-15,365.0,378.75
West,2,2x4,18,2024-11-22,335.0,367.5
West,2,2x4,18,2024-11-27,315.0,348.75
West,2,2x4,18,2024-12-06,295.0,327.5
West,2,2x4,18,2024-12-13,295.0,310.0
West,2,2x4,18,2024-12-20,305.0,302.5
West,2,2x4,18,2025-01-03,330.0,306.25
West,2,2x4,18,2025-01-10,340.0,317.5
West,2,2x4,18,2025-01-17,340.0,328.75
West,2,2x4,18,2025-01-24,335.0,336.25
West,2,2x4,18,2025-01-31,325.0,335.0
West,2,2x4,18,2025-02-07,335.0,333.75
West,2,2x4,18,2025-02-14,345.0,335.0
West,2,2x4,18,2025-02-21,350.0,338.75
West,2,2x4,18,2025-02-28,355.0,346.25
West,2,2x4,18,2025-03-07,360.0,352.5
West,2,2x4,18,2025-03-14,370.0,358.75
West,2,2x4,18,2025-03-21,380.0,366.25
West,2,2x4,18,2025-03-28,390.0,375.0
West,2,2x4,18,2025-04-04,405.0,386.25
West,2,2x4,18,2025-04-11,415.0,397.5
West,2,2x4,18,2025-04-18,430.0,410.0
West,2,2x4,18,2025-04-25,440.0,422.5
West,2,2x4,18,2025-05-02,445.0,432.5
West,2,2x4,18,2025-05-09,445.0,440.0
West,2,2x4,18,2025-05-16,435.0,441.25
West,2,2x4,18,2025-05-23,415.0,435.0
West,2,2x4,18,2025-05-30,395.0,422.5
West,2,2x4,18,2025-06-06,375.0,405.0
West,2,2x4,18,2025-06-13,350.0,383.75
West,2,2x4,18,2025-06-19,330.0,362.5
West,2,2x4,18,2025-06-27,315.0,342.5
West,2,2x4,18,2025-07-03,315.0,327.5
West,2,2x4,18,2025-07-11,325.0,321.25
West,2,2x4,18,2025-07-18,330.0,321.25
West,2,2x4,18,2025-07-25,330.0,325.0
West,2,2x4,18,2025-08-01,335.0,330.0
West,2,2x4,18,2025-08-08,335.0,332.5
West,2,2x4,18,2025-08-15,335.0,333.75
West,2,2x4,18,2025-08-22,325.0,332.5
West,2,2x4,18,2025-08-29,315.0,327.5
West,2,2x4,18,2025-09-05,300.0,318.75
West,2,2x4,18,2025-09-12,290.0,307.5
West,2,2x4,18,2025-09-19,290.0,298.75
West,2,2x4,18,2025-09-26,290.0,292.5
West,2,2x4,18,2025-10-03,295.0,291.25
West,2,2x4,18,2025-10-10,300.0,293.75
West,2,2x4,18,2025-10-17,305.0,297.5
West,2,2x4,20,2024-01-12,455.0,455.0
West,2,2x4,20,2024-01-18,450.0,452.5
West,2,2x4,20,2024-01-25,430.0,445.0
West,2,2x4,20,2024-02-08,395.0,432.5
West,2,2x4,20,2024-02-15,390.0,416.25
West,2,2x4,20,2024-02-22,390.0,401.25
West,2,2x4,20,2024-02-29,395.0,392.5
West,2,2x4,20,2024-03-07,400.0,393.75
West,2,2x4,20,2024-03-14,400.0,396.25
West,2,2x4,20,2024-03-21,390.0,396.25
West,2,2x4,20,2024-03-28,375.0,391.25
West,2,2x4,20,2024-04-04,350.0,378.75
West,2,2x4,20,2024-04-11,325.0,360.0
West,2,2x4,20,2024-04-18,310.0,340.0
West,2,2x4,20,2024-04-25,300.0,321.25
West,2,2x4,20,2024-05-02,300.0,308.75
West,2,2x4,20,2024-05-09,310.0,305.0
West,2,2x4,20,2024-05-16,320.0,307.5
West,2,2x4,20,2024-05-30,340.0,317.5
West,2,2x4,20,2024-06-06,340.0,327.5
West,2,2x4,20,2024-06-13,340.0,335.0
West,2,2x4,20,2024-06-20,335.0,338.75
West,2,2x4,20,2024-06-27,325.0,335.0
West,2,2x4,20,2024-07-04,320.0,330.0
West,2,2x4,20,2024-07-11,320.0,325.0
West,2,2x4,20,2024-07-18,330.0,323.75
West,2,2x4,20,2024-07-25,340.0,327.5
West,2,2x4,20,2024-08-01,345.0,333.75
West,2,2x4,20,2024-08-08,350.0,341.25
West,2,2x4,20,2024-08-15,355.0,347.5
West,2,2x4,20,2024-08-22,355.0,351.25
West,2,2x4,20,2024-08-29,355.0,353.75
West,2,2x4,20,2024-09-05,355.0,355.0
West,2,2x4,20,2024-09-12,355.0,355.0
West,2,2x4,20,2024-09-20,355.0,355.0
West,2,2x4,20,2024-09-26,355.0,355.0
West,2,2x4,20,2024-09-27,365.0,357.5
West,2,2x4,20,2024-10-04,380.0,363.75
West,2,2x4,20,2024-10-11,400.0,375.0
West,2,2x4,20,2024-10-18,420.0,391.25
West,2,2x4,20,2024-10-25,430.0,407.5
West,2,2x4,20,2024-11-01,435.0,421.25
West,2,2x4,20,2024-11-08,425.0,427.5
West,2,2x4,20,2024-11-15,410.0,425.0
West,2,2x4,20,2024-11-22,380.0,412.5
West,2,2x4,20,2024-11-27,360.0,393.75
West,2,2x4,20,2024-12-06,340.0,372.5
West,2,2x4,20,2024-12-13,340.0,355.0
West,2,2x4,20,2024-12-20,350.0,347.5
West,2,2x4,20,2025-01-03,375.0,351.25
West,2,2x4,20,2025-01-10,385.0,362.5
West,2,2x4,20,2025-01-17,385.0,373.75
West,2,2x4,20,2025-01-24,380.0,381.25
West,2,2x4,20,2025-01-31,365.0,378.75
West,2,2x4,20,2025-02-07,370.0,375.0
West,2,2x4,20,2025-02-14,375.0,372.5
West,2,2x4,20,2025-02-21,380.0,372.5
West,2,2x4,20,2025-02-28,385.0,377.5
West,2,2x4,20,2025-03-07,390.0,382.5
West,2,2x4,20,2025-03-14,395.0,387.5
West,2,2x4,20,2025-03-21,405.0,393.75
West,2,2x4,20,2025-03-28,415.0,401.25
West,2,2x4,20,2025-04-04,420.0,408.75
West,2,2x4,20,2025-04-11,425.0,416.25
West,2,2x4,20,2025-04-18,440.0,425.0
West,2,2x4,20,2025-04-25,455.0,435.0
West,2,2x4,20,2025-05-02,460.0,445.0
West,2,2x4,20,2025-05-09,460.0,453.75
West,2,2x4,20,2025-05-16,450.0,456.25
West,2,2x4,20,2025-05-23,430.0,450.0
West,2,2x4,20,2025-05-30,410.0,437.5
West,2,2x4,20,2025-06-06,390.0,420.0
West,2,2x4,20,2025-06-13,365.0,398.75
West,2,2x4,20,2025-06-19,345.0,377.5
West,2,2x4,20,2025-06-27,325.0,356.25
West,2,2x4,20,2025-07-03,325.0,340.0
West,2,2x4,20,2025-07-11,330.0,331.25
West,2,2x4,20,2025-07-18,335.0,328.75
West,2,2x4,20,2025-07-25,335.0,331.25
West,2,2x4,20,2025-08-01,340.0,335.0
West,2,2x4,20,2025-08-08,340.0,337.5
West,2,2x4,20,2025-08-15,335.0,337.5
West,2,2x4,20,2025-08-22,325.0,335.0
West,2,2x4,20,2025-08-29,315.0,328.75
West,2,2x4,20,2025-09-05,300.0,318.75
West,2,2x4,20,2025-09-12,290.0,307.5
West,2,2x4,20,2025-09-19,290.0,298.75
West,2,2x4,20,2025-09-26,290.0,292.5
West,2,2x4,20,2025-10-03,295.0,291.25
West,2,2x4,20,2025-10-10,300.0,293.75
West,2,2x4,20,2025-10-17,305.0,297.5
West,2,2x6,8,2024-01-12,305.0,305.0
West,2,2x6,8,2024-01-18,300.0,302.5
West,2,2x6,8,2024-01-25,280.0,295.0
West,2,2x6,8,2024-02-08,270.0,288.75
West,2,2x6,8,2024-02-15,285.0,283.75
West,2,2x6,8,2024-02-22,300.0,283.75
West,2,2x6,8,2024-02-29,320.0,293.75
West,2,2x6,8,2024-03-07,330.0,308.75
West,2,2x6,8,2024-03-14,335.0,321.25
West,2,2x6,8,2024-03-21,320.0,326.25
West,2,2x6,8,2024-03-28,320.0,326.25
West,2,2x6,8,2024-04-04,300.0,318.75
West,2,2x6,8,2024-04-11,280.0,305.0
West,2,2x6,8,2024-04-18,265.0,291.25
West,2,2x6,8,2024-04-25,260.0,276.25
West,2,2x6,8,2024-05-02,260.0,266.25
West,2,2x6,8,2024-05-09,265.0,262.5
West,2,2x6,8,2024-05-16,270.0,263.75
West,2,2x6,8,2024-05-30,285.0,270.0
West,2,2x6,8,2024-06-06,275.0,273.75
West,2,2x6,8,2024-06-13,260.0,272.5
West,2,2x6,8,2024-06-20,240.0,265.0
West,2,2x6,8,2024-06-27,225.0,250.0
West,2,2x6,8,2024-07-04,225.0,237.5
West,2,2x6,8,2024-07-11,225.0,228.75
West,2,2x6,8,2024-07-18,235.0,227.5
West,2,2x6,8,2024-07-25,245.0,232.5
West,2,2x6,8,2024-08-01,250.0,238.75
West,2,2x6,8,2024-08-08,250.0,245.0
West,2,2x6,8,2024-08-15,240.0,246.25
West,2,2x6,8,2024-08-22,230.0,242.5
West,2,2x6,8,2024-08-29,225.0,236.25
West,2,2x6,8,2024-09-05,225.0,230.0
West,2,2x6,8,2024-09-12,225.0,226.25
West,2,2x6,8,2024-09-20,245.0,230.0
West,2,2x6,8,2024-09-26,245.0,235.0
West,2,2x6,8,2024-09-27,255.0,242.5
West,2,2x6,8,2024-10-04,270.0,253.75
West,2,2x6,8,2024-10-11,300.0,267.5
West,2,2x6,8,2024-10-18,320.0,286.25
West,2,2x6,8,2024-10-25,340.0,307.5
West,2,2x6,8,2024-11-01,345.0,326.25
West,2,2x6,8,2024-11-08,340.0,336.25
West,2,2x6,8,2024-11-15,330.0,338.75
West,2,2x6,8,2024-11-22,315.0,332.5
West,2,2x6,8,2024-11-27,305.0,322.5
West,2,2x6,8,2024-12-06,300.0,312.5
West,2,2x6,8,2024-12-13,305.0,306.25
West,2,2x6,8,2024-12-20,325.0,308.75
West,2,2x6,8,2025-01-03,365.0,323.75
West,2,2x6,8,2025-01-10,365.0,340.0
West,2,2x6,8,2025-01-17,370.0,356.25
West,2,2x6,8,2025-01-24,365.0,366.25
West,2,2x6,8,2025-01-31,360.0,365.0
West,2,2x6,8,2025-02-07,365.0,365.0
West,2,2x6,8,2025-02-14,375.0,366.25
West,2,2x6,8,2025-02-21,380.0,370.0
West,2,2x6,8,2025-02-28,380.0,375.0
West,2,2x6,8,2025-03-07,380.0,378.75
West,2,2x6,8,2025-03-14,380.0,380.0
West,2,2x6,8,2025-03-21,375.0,378.75
West,2,2x6,8,2025-03-28,355.0,372.5
West,2,2x6,8,2025-04-04,350.0,365.0
West,2,2x6,8,2025-04-11,350.0,357.5
West,2,2x6,8,2025-04-18,355.0,352.5
West,2,2x6,8,2025-04-25,360.0,353.75
West,2,2x6,8,2025-05-02,360.0,356.25
West,2,2x6,8,2025-05-09,345.0,355.0
West,2,2x6,8,2025-05-16,320.0,346.25
West,2,2x6,8,2025-05-23,290.0,328.75
West,2,2x6,8,2025-05-30,265.0,305.0
West,2,2x6,8,2025-06-06,245.0,280.0
West,2,2x6,8,2025-06-13,245.0,261.25
West,2,2x6,8,2025-06-19,245.0,250.0
West,2,2x6,8,2025-06-27,260.0,248.75
West,2,2x6,8,2025-07-03,270.0,255.0
West,2,2x6,8,2025-07-11,280.0,263.75
West,2,2x6,8,2025-07-18,285.0,273.75
West,2,2x6,8,2025-07-25,290.0,281.25
West,2,2x6,8,2025-08-01,295.0,287.5
West,2,2x6,8,2025-08-08,295.0,291.25
West,2,2x6,8,2025-08-15,285.0,291.25
West,2,2x6,8,2025-08-22,280.0,288.75
West,2,2x6,8,2025-08-29,270.0,282.5
West,2,2x6,8,2025-09-05,260.0,273.75
West,2,2x6,8,2025-09-12,260.0,267.5
West,2,2x6,8,2025-09-19,260.0,262.5
West,2,2x6,8,2025-09-26,270.0,262.5
West,2,2x6,8,2025-10-03,280.0,267.5
West,2,2x6,8,2025-10-10,290.0,275.0
West,2,2x6,8,2025-10-17,295.0,283.75
West,2,2x6,10,2024-01-12,385.0,385.0
West,2,2x6,10,2024-01-18,380.0,382.5
West,2,2x6,10,2024-01-25,360.0,375.0
West,2,2x6,10,2024-02-08,350.0,368.75
West,2,2x6,10,2024-02-15,360.0,362.5
West,2,2x6,10,2024-02-22,370.0,360.0
West,2,2x6,10,2024-02-29,385.0,366.25
West,2,2x6,10,2024-03-07,395.0,377.5
West,2,2x6,10,2024-03-14,395.0,386.25
West,2,2x6,10,2024-03-21,375.0,387.5
West,2,2x6,10,2024-03-28,360.0,381.25
West,2,2x6,10,2024-04-04,340.0,367.5
West,2,2x6,10,2024-04-11,320.0,348.75
West,2,2x6,10,2024-04-18,305.0,331.25
West,2,2x6,10,2024-04-25,300.0,316.25
West,2,2x6,10,2024-05-02,300.0,306.25
West,2,2x6,10,2024-05-09,305.0,302.5
West,2,2x6,10,2024-05-16,310.0,303.75
West,2,2x6,10,2024-05-30,325.0,310.0
West,2,2x6,10,2024-06-06,315.0,313.75
West,2,2x6,10,2024-06-13,290.0,310.0
West,2,2x6,10,2024-06-20,270.0,300.0
West,2,2x6,10,2024-06-27,255.0,282.5
West,2,2x6,10,2024-07-04,245.0,265.0
West,2,2x6,10,2024-07-11,245.0,253.75
West,2,2x6,10,2024-07-18,255.0,250.0
West,2,2x6,10,2024-07-25,265.0,252.5
West,2,2x6,10,2024-08-01,270.0,258.75
West,2,2x6,10,2024-08-08,270.0,265.0
West,2,2x6,10,2024-08-15,260.0,266.25
West,2,2x6,10,2024-08-22,250.0,262.5
West,2,2x6,10,2024-08-29,245.0,256.25
West,2,2x6,10,2024-09-05,245.0,250.0
West,2,2x6,10,2024-09-12,245.0,246.25
West,2,2x6,10,2024-09-20,250.0,246.25
West,2,2x6,10,2024-09-26,250.0,247.5
West,2,2x6,10,2024-09-27,260.0,251.25
West,2,2x6,10,2024-10-04,275.0,258.75
West,2,2x6,10,2024-10-11,305.0,272.5
West,2,2x6,10,2024-10-18,325.0,291.25
West,2,2x6,10,2024-10-25,345.0,312.5
West,2,2x6,10,2024-11-01,350.0,331.25
West,2,2x6,10,2024-11-08,345.0,341.25
West,2,2x6,10,2024-11-15,335.0,343.75
West,2,2x6,10,2024-11-22,320.0,337.5
West,2,2x6,10,2024-11-27,310.0,327.5
West,2,2x6,10,2024-12-06,305.0,317.5
West,2,2x6,10,2024-12-13,310.0,311.25
West,2,2x6,10,2024-12-20,330.0,313.75
West,2,2x6,10,2025-01-03,370.0,328.75
West,2,2x6,10,2025-01-10,385.0,348.75
West,2,2x6,10,2025-01-17,390.0,368.75
West,2,2x6,10,2025-01-24,380.0,381.25
West,2,2x6,10,2025-01-31,370.0,381.25
West,2,2x6,10,2025-02-07,375.0,378.75
West,2,2x6,10,2025-02-14,385.0,377.5
West,2,2x6,10,2025-02-21,390.0,380.0
West,2,2x6,10,2025-02-28,390.0,385.0
West,2,2x6,10,2025-03-07,390.0,388.75
West,2,2x6,10,2025-03-14,390.0,390.0
West,2,2x6,10,2025-03-21,380.0,387.5
West,2,2x6,10,2025-03-28,360.0,380.0
West,2,2x6,10,2025-04-04,355.0,371.25
West,2,2x6,10,2025-04-11,355.0,362.5
West,2,2x6,10,2025-04-18,360.0,357.5
West,2,2x6,10,2025-04-25,365.0,358.75
West,2,2x6,10,2025-05-02,365.0,361.25
West,2,2x6,10,2025-05-09,350.0,360.0
West,2,2x6,10,2025-05-16,330.0,352.5
West,2,2x6,10,2025-05-23,295.0,335.0
West,2,2x6,10,2025-05-30,270.0,311.25
West,2,2x6,10,2025-06-06,250.0,286.25
West,2,2x6,10,2025-06-13,250.0,266.25
West,2,2x6,10,2025-06-19,250.0,255.0
West,2,2x6,10,2025-06-27,265.0,253.75
West,2,2x6,10,2025-07-03,275.0,260.0
West,2,2x6,10,2025-07-11,285.0,268.75
West,2,2x6,10,2025-07-18,290.0,278.75
West,2,2x6,10,2025-07-25,295.0,286.25
West,2,2x6,10,2025-08-01,295.0,291.25
West,2,2x6,10,2025-08-08,295.0,293.75
West,2,2x6,10,2025-08-15,290.0,293.75
West,2,2x6,10,2025-08-22,285.0,291.25
West,2,2x6,10,2025-08-29,275.0,286.25
West,2,2x6,10,2025-09-05,265.0,278.75
West,2,2x6,10,2025-09-12,265.0,272.5
West,2,2x6,10,2025-09-19,265.0,267.5
West,2,2x6,10,2025-09-26,275.0,267.5
West,2,2x6,10,2025-10-03,285.0,272.5
West,2,2x6,10,2025-10-10,295.0,280.0
West,2,2x6,10,2025-10-17,300.0,288.75
West,2,2x6,12,2024-01-12,390.0,390.0
West,2,2x6,12,2024-01-18,385.0,387.5
West,2,2x6,12,2024-01-25,370.0,381.6666666666667
West,2,2x6,12,2024-02-08,360.0,376.25
West,2,2x6,12,2024-02-15,375.0,372.5
West,2,2x6,12,2024-02-22,390.0,373.75
West,2,2x6,12,2024-02-29,410.0,383.75
West,2,2x6,12,2024-03-07,420.0,398.75
West,2,2x6,12,2024-03-14,420.0,410.0
West,2,2x6,12,2024-03-21,405.0,413.75
West,2,2x6,12,2024-03-28,390.0,408.75
West,2,2x6,12,2024-04-04,370.0,396.25
West,2,2x6,12,2024-04-11,350.0,378.75
West,2,2x6,12,2024-04-18,335.0,361.25
West,2,2x6,12,2024-04-25,330.0,346.25
West,2,2x6,12,2024-05-02,330.0,336.25
West,2,2x6,12,2024-05-09,335.0,332.5
West,2,2x6,12,2024-05-16,340.0,333.75
West,2,2x6,12,2024-05-30,355.0,340.0
West,2,2x6,12,2024-06-06,345.0,343.75
West,2,2x6,12,2024-06-13,315.0,338.75
West,2,2x6,12,2024-06-20,295.0,327.5
West,2,2x6,12,2024-06-27,280.0,308.75
West,2,2x6,12,2024-07-04,270.0,290.0
West,2,2x6,12,2024-07-11,270.0,278.75
West,2,2x6,12,2024-07-18,280.0,275.0
West,2,2x6,12,2024-07-25,290.0,277.5
West,2,2x6,12,2024-08-01,295.0,283.75
West,2,2x6,12,2024-08-08,295.0,290.0
West,2,2x6,12,2024-08-15,285.0,291.25
West,2,2x6,12,2024-08-22,275.0,287.5
West,2,2x6,12,2024-08-29,270.0,281.25
West,2,2x6,12,2024-09-05,270.0,275.0
West,2,2x6,12,2024-09-12,270.0,271.25
West,2,2x6,12,2024-09-20,275.0,271.25
West,2,2x6,12,2024-09-26,275.0,272.5
West,2,2x6,12,2024-09-27,285.0,276.25
West,2,2x6,12,2024-10-04,300.0,283.75
West,2,2x6,12,2024-10-11,330.0,297.5
West,2,2x6,12,2024-10-18,350.0,316.25
West,2,2x6,12,2024-10-25,365.0,336.25
West,2,2x6,12,2024-11-01,370.0,353.75
West,2,2x6,12,2024-11-08,365.0,362.5
West,2,2x6,12,2024-11-15,355.0,363.75
West,2,2x6,12,2024-11-22,340.0,357.5
West,2,2x6,12,2024-11-27,330.0,347.5
West,2,2x6,12,2024-12-06,325.0,337.5
West,2,2x6,12,2024-12-13,330.0,331.25
West,2,2x6,12,2024-12-20,350.0,333.75
West,2,2x6,12,2025-01-03,390.0,348.75
West,2,2x6,12,2025-01-10,410.0,370.0
West,2,2x6,12,2025-01-17,415.0,391.25
West,2,2x6,12,2025-01-24,410.0,406.25
West,2,2x6,12,2025-01-31,405.0,410.0
West,2,2x6,12,2025-02-07,410.0,410.0
West,2,2x6,12,2025-02-14,420.0,411.25
West,2,2x6,12,2025-02-21,425.0,415.0
West,2,2x6,12,2025-02-28,425.0,420.0
West,2,2x6,12,2025-03-07,425.0,423.75
West,2,2x6,12,2025-03-14,425.0,425.0
West,2,2x6,12,2025-03-21,415.0,422.5
West,2,2x6,12,2025-03-28,395.0,415.0
West,2,2x6,12,2025-04-04,390.0,406.25
West,2,2x6,12,2025-04-11,390.0,397.5
West,2,2x6,12,2025-04-18,395.0,392.5
West,2,2x6,12,2025-04-25,400.0,393.75
West,2,2x6,12,2025-05-02,400.0,396.25
West,2,2x6,12,2025-05-09,385.0,395.0
West,2,2x6,12,2025-05-16,365.0,387.5
West,2,2x6,12,2025-05-23,325.0,368.75
West,2,2x6,12,2025-05-30,300.0,343.75
West,2,2x6,12,2025-06-06,280.0,317.5
West,2,2x6,12,2025-06-13,280.0,296.25
West,2,2x6,12,2025-06-19,280.0,285.0
West,2,2x6,12,2025-06-27,295.0,283.75
West,2,2x6,12,2025-07-03,305.0,290.0
West,2,2x6,12,2025-07-11,315.0,298.75
West,2,2x6,12,2025-07-18,320.0,308.75
West,2,2x6,12,2025-07-25,325.0,316.25
West,2,2x6,12,2025-08-01,330.0,322.5
West,2,2x6,12,2025-08-08,330.0,326.25
West,2,2x6,12,2025-08-15,325.0,327.5
West,2,2x6,12,2025-08-22,315.0,325.0
West,2,2x6,12,2025-08-29,295.0,316.25
West,2,2x6,12,2025-09-05,280.0,303.75
West,2,2x6,12,2025-09-12,280.0,292.5
West,2,2x6,12,2025-09-19,280.0,283.75
West,2,2x6,12,2025-09-26,290.0,282.5
West,2,2x6,12,2025-10-03,300.0,287.5
West,2,2x6,12,2025-10-10,310.0,295.0
West,2,2x6,12,2025-10-17,315.0,303.75
West,2,2x6,14,2024-01-12,375.0,375.0
West,2,2x6,14,2024-01-18,370.0,372.5
West,2,2x6,14,2024-01-25,355.0,366.6666666666667
West,2,2x6,14,2024-02-08,345.0,361.25
West,2,2x6,14,2024-02-15,355.0,356.25
West,2,2x6,14,2024-02-22,370.0,356.25
West,2,2x6,14,2024-02-29,390.0,365.0
West,2,2x6,14,2024-03-07,400.0,378.75
West,2,2x6,14,2024-03-14,400.0,390.0
West,2,2x6,14,2024-03-21,385.0,393.75
West,2,2x6,14,2024-03-28,370.0,388.75
West,2,2x6,14,2024-04-04,350.0,376.25
West,2,2x6,14,2024-04-11,330.0,358.75
West,2,2x6,14,2024-04-18,315.0,341.25
West,2,2x6,14,2024-04-25,305.0,325.0
West,2,2x6,14,2024-05-02,305.0,313.75
West,2,2x6,14,2024-05-09,310.0,308.75
West,2,2x6,14,2024-05-16,315.0,308.75
West,2,2x6,14,2024-05-30,330.0,315.0
West,2,2x6,14,2024-06-06,320.0,318.75
West,2,2x6,14,2024-06-13,300.0,316.25
West,2,2x6,14,2024-06-20,280.0,307.5
West,2,2x6,14,2024-06-27,265.0,291.25
West,2,2x6,14,2024-07-04,255.0,275.0
West,2,2x6,14,2024-07-11,255.0,263.75
West,2,2x6,14,2024-07-18,265.0,260.0
West,2,2x6,14,2024-07-25,275.0,262.5
West,2,2x6,14,2024-08-01,280.0,268.75
West,2,2x6,14,2024-08-08,280.0,275.0
West,2,2x6,14,2024-08-15,270.0,276.25
West,2,2x6,14,2024-08-22,260.0,272.5
West,2,2x6,14,2024-08-29,255.0,266.25
West,2,2x6,14,2024-09-05,255.0,260.0
West,2,2x6,14,2024-09-12,255.0,256.25
West,2,2x6,14,2024-09-20,260.0,256.25
West,2,2x6,14,2024-09-26,260.0,257.5
West,2,2x6,14,2024-09-27,270.0,261.25
West,2,2x6,14,2024-10-04,285.0,268.75
West,2,2x6,14,2024-10-11,315.0,282.5
West,2,2x6,14,2024-10-18,335.0,301.25
West,2,2x6,14,2024-10-25,350.0,321.25
West,2,2x6,14,2024-11-01,355.0,338.75
West,2,2x6,14,2024-11-08,350.0,347.5
West,2,2x6,14,2024-11-15,340.0,348.75
West,2,2x6,14,2024-11-22,325.0,342.5
West,2,2x6,14,2024-11-27,315.0,332.5
West,2,2x6,14,2024-12-06,310.0,322.5
West,2,2x6,14,2024-12-13,315.0,316.25
West,2,2x6,14,2024-12-20,335.0,318.75
West,2,2x6,14,2025-01-03,375.0,333.75
West,2,2x6,14,2025-01-10,395.0,355.0
West,2,2x6,14,2025-01-17,400.0,376.25
West,2,2x6,14,2025-01-24,390.0,390.0
West,2,2x6,14,2025-01-31,385.0,392.5
West,2,2x6,14,2025-02-07,390.0,391.25
West,2,2x6,14,2025-02-14,400.0,391.25
West,2,2x6,14,2025-02-21,405.0,395.0
West,2,2x6,14,2025-02-28,405.0,400.0
West,2,2x6,14,2025-03-07,405.0,403.75
West,2,2x6,14,2025-03-14,405.0,405.0
West,2,2x6,14,2025-03-21,400.0,403.75
West,2,2x6,14,2025-03-28,380.0,397.5
West,2,2x6,14,2025-04-04,370.0,388.75
West,2,2x6,14,2025-04-11,370.0,380.0
West,2,2x6,14,2025-04-18,375.0,373.75
West,2,2x6,14,2025-04-25,380.0,373.75
West,2,2x6,14,2025-05-02,380.0,376.25
West,2,2x6,14,2025-05-09,365.0,375.0
West,2,2x6,14,2025-05-16,345.0,367.5
West,2,2x6,14,2025-05-23,315.0,351.25
West,2,2x6,14,2025-05-30,290.0,328.75
West,2,2x6,14,2025-06-06,270.0,305.0
West,2,2x6,14,2025-06-13,270.0,286.25
West,2,2x6,14,2025-06-19,270.0,275.0
West,2,2x6,14,2025-06-27,285.0,273.75
West,2,2x6,14,2025-07-03,295.0,280.0
West,2,2x6,14,2025-07-11,305.0,288.75
West,2,2x6,14,2025-07-18,310.0,298.75
West,2,2x6,14,2025-07-25,315.0,306.25
West,2,2x6,14,2025-08-01,320.0,312.5
West,2,2x6,14,2025-08-08,320.0,316.25
West,2,2x6,14,2025-08-15,315.0,317.5
West,2,2x6,14,2025-08-22,305.0,315.0
West,2,2x6,14,2025-08-29,290.0,307.5
West,2,2x6,14,2025-09-05,275.0,296.25
West,2,2x6,14,2025-09-12,275.0,286.25
West,2,2x6,14,2025-09-19,275.0,278.75
West,2,2x6,14,2025-09-26,285.0,277.5
West,2,2x6,14,2025-10-03,295.0,282.5
West,2,2x6,14,2025-10-10,305.0,290.0
West,2,2x6,14,2025-10-17,310.0,298.75
West,2,2x6,16,2024-01-12,390.0,390.0
West,2,2x6,16,2024-01-18,385.0,387.5
West,2,2x6,16,2024-01-25,365.0,380.0
West,2,2x6,16,2024-02-08,355.0,373.75
West,2,2x6,16,2024-02-15,370.0,368.75
West,2,2x6,16,2024-02-22,385.0,368.75
West,2,2x6,16,2024-02-29,405.0,378.75
West,2,2x6,16,2024-03-07,415.0,393.75
West,2,2x6,16,2024-03-14,415.0,405.0
West,2,2x6,16,2024-03-21,400.0,408.75
West,2,2x6,16,2024-03-28,385.0,403.75
West,2,2x6,16,2024-04-04,365.0,391.25
West,2,2x6,16,2024-04-11,345.0,373.75
West,2,2x6,16,2024-04-18,330.0,356.25
West,2,2x6,16,2024-04-25,320.0,340.0
West,2,2x6,16,2024-05-02,320.0,328.75
West,2,2x6,16,2024-05-09,325.0,323.75
West,2,2x6,16,2024-05-16,330.0,323.75
West,2,2x6,16,2024-05-30,345.0,330.0
West,2,2x6,16,2024-06-06,335.0,333.75
West,2,2x6,16,2024-06-13,310.0,330.0
West,2,2x6,16,2024-06-20,290.0,320.0
West,2,2x6,16,2024-06-27,275.0,302.5
West,2,2x6,16,2024-07-04,265.0,285.0
West,2,2x6,16,2024-07-11,265.0,273.75
West,2,2x6,16,2024-07-18,275.0,270.0
West,2,2x6,16,2024-07-25,285.0,272.5
West,2,2x6,16,2024-08-01,290.0,278.75
West,2,2x6,16,2024-08-08,290.0,285.0
West,2,2x6,16,2024-08-15,280.0,286.25
West,2,2x6,16,2024-08-22,270.0,282.5
West,2,2x6,16,2024-08-29,265.0,276.25
West,2,2x6,16,2024-09-05,265.0,270.0
West,2,2x6,16,2024-09-12,265.0,266.25
West,2,2x6,16,2024-09-20,270.0,266.25
West,2,2x6,16,2024-09-26,270.0,267.5
West,2,2x6,16,2024-09-27,280.0,271.25
West,2,2x6,16,2024-10-04,300.0,280.0
West,2,2x6,16,2024-10-11,340.0,297.5
West,2,2x6,16,2024-10-18,360.0,320.0
West,2,2x6,16,2024-10-25,375.0,343.75
West,2,2x6,16,2024-11-01,380.0,363.75
West,2,2x6,16,2024-11-08,375.0,372.5
West,2,2x6,16,2024-11-15,365.0,373.75
West,2,2x6,16,2024-11-22,350.0,367.5
West,2,2x6,16,2024-11-27,340.0,357.5
West,2,2x6,16,2024-12-06,335.0,347.5
West,2,2x6,16,2024-12-13,340.0,341.25
West,2,2x6,16,2024-12-20,360.0,343.75
West,2,2x6,16,2025-01-03,400.0,358.75
West,2,2x6,16,2025-01-10,415.0,378.75
West,2,2x6,16,2025-01-17,420.0,398.75
West,2,2x6,16,2025-01-24,410.0,411.25
West,2,2x6,16,2025-01-31,405.0,412.5
West,2,2x6,16,2025-02-07,410.0,411.25
West,2,2x6,16,2025-02-14,415.0,410.0
West,2,2x6,16,2025-02-21,420.0,412.5
West,2,2x6,16,2025-02-28,420.0,416.25
West,2,2x6,16,2025-03-07,420.0,418.75
West,2,2x6,16,2025-03-14,420.0,420.0
West,2,2x6,16,2025-03-21,415.0,418.75
West,2,2x6,16,2025-03-28,395.0,412.5
West,2,2x6,16,2025-04-04,385.0,403.75
West,2,2x6,16,2025-04-11,385.0,395.0
West,2,2x6,16,2025-04-18,390.0,388.75
West,2,2x6,16,2025-04-25,395.0,388.75
West,2,2x6,16,2025-05-02,395.0,391.25
West,2,2x6,16,2025-05-09,380.0,390.0
West,2,2x6,16,2025-05-16,360.0,382.5
West,2,2x6,16,2025-05-23,325.0,365.0
West,2,2x6,16,2025-05-30,300.0,341.25
West,2,2x6,16,2025-06-06,280.0,316.25
West,2,2x6,16,2025-06-13,280.0,296.25
West,2,2x6,16,2025-06-19,280.0,285.0
West,2,2x6,16,2025-06-27,295.0,283.75
West,2,2x6,16,2025-07-03,305.0,290.0
West,2,2x6,16,2025-07-11,315.0,298.75
West,2,2x6,16,2025-07-18,320.0,308.75
West,2,2x6,16,2025-07-25,325.0,316.25
West,2,2x6,16,2025-08-01,330.0,322.5
West,2,2x6,16,2025-08-08,330.0,326.25
West,2,2x6,16,2025-08-15,325.0,327.5
West,2,2x6,16,2025-08-22,315.0,325.0
West,2,2x6,16,2025-08-29,300.0,317.5
West,2,2x6,16,2025-09-05,285.0,306.25
West,2,2x6,16,2025-09-12,285.0,296.25
West,2,2x6,16,2025-09-19,285.0,288.75
West,2,2x6,16,2025-09-26,295.0,287.5
West,2,2x6,16,2025-10-03,305.0,292.5
West,2,2x6,16,2025-10-10,315.0,300.0
West,2,2x6,16,2025-10-17,320.0,308.75
West,2,2x6,18,2024-01-12,375.0,375.0
West,2,2x6,18,2024-01-18,370.0,372.5
West,2,2x6,18,2024-01-25,350.0,365.0
West,2,2x6,18,2024-02-08,340.0,358.75
West,2,2x6,18,2024-02-15,350.0,352.5
West,2,2x6,18,2024-02-22,360.0,350.0
West,2,2x6,18,2024-02-29,375.0,356.25
West,2,2x6,18,2024-03-07,380.0,366.25
West,2,2x6,18,2024-03-14,375.0,372.5
West,2,2x6,18,2024-03-21,360.0,372.5
West,2,2x6,18,2024-03-28,345.0,365.0
West,2,2x6,18,2024-04-04,325.0,351.25
West,2,2x6,18,2024-04-11,305.0,333.75
West,2,2x6,18,2024-04-18,290.0,316.25
West,2,2x6,18,2024-04-25,285.0,301.25
West,2,2x6,18,2024-05-02,285.0,291.25
West,2,2x6,18,2024-05-09,290.0,287.5
West,2,2x6,18,2024-05-16,295.0,288.75
West,2,2x6,18,2024-05-30,310.0,295.0
West,2,2x6,18,2024-06-06,300.0,298.75
West,2,2x6,18,2024-06-13,280.0,296.25
West,2,2x6,18,2024-06-20,260.0,287.5
West,2,2x6,18,2024-06-27,245.0,271.25
West,2,2x6,18,2024-07-04,235.0,255.0
West,2,2x6,18,2024-07-11,235.0,243.75
West,2,2x6,18,2024-07-18,245.0,240.0
West,2,2x6,18,2024-07-25,255.0,242.5
West,2,2x6,18,2024-08-01,260.0,248.75
West,2,2x6,18,2024-08-08,260.0,255.0
West,2,2x6,18,2024-08-15,250.0,256.25
West,2,2x6,18,2024-08-22,240.0,252.5
West,2,2x6,18,2024-08-29,235.0,246.25
West,2,2x6,18,2024-09-05,235.0,240.0
West,2,2x6,18,2024-09-12,235.0,236.25
West,2,2x6,18,2024-09-20,240.0,236.25
West,2,2x6,18,2024-09-26,240.0,237.5
West,2,2x6,18,2024-09-27,250.0,241.25
West,2,2x6,18,2024-10-04,265.0,248.75
West,2,2x6,18,2024-10-11,295.0,262.5
West,2,2x6,18,2024-10-18,315.0,281.25
West,2,2x6,18,2024-10-25,335.0,302.5
West,2,2x6,18,2024-11-01,340.0,321.25
West,2,2x6,18,2024-11-08,335.0,331.25
West,2,2x6,18,2024-11-15,325.0,333.75
West,2,2x6,18,2024-11-22,310.0,327.5
West,2,2x6,18,2024-11-27,300.0,317.5
West,2,2x6,18,2024-12-06,295.0,307.5
West,2,2x6,18,2024-12-13,300.0,301.25
West,2,2x6,18,2024-12-20,320.0,303.75
West,2,2x6,18,2025-01-03,360.0,318.75
West,2,2x6,18,2025-01-10,380.0,340.0
West,2,2x6,18,2025-01-17,385.0,361.25
West,2,2x6,18,2025-01-24,380.0,376.25
West,2,2x6,18,2025-01-31,370.0,378.75
West,2,2x6,18,2025-02-07,375.0,377.5
West,2,2x6,18,2025-02-14,380.0,376.25
West,2,2x6,18,2025-02-21,385.0,377.5
West,2,2x6,18,2025-02-28,385.0,381.25
West,2,2x6,18,2025-03-07,385.0,383.75
West,2,2x6,18,2025-03-14,385.0,385.0
West,2,2x6,18,2025-03-21,380.0,383.75
West,2,2x6,18,2025-03-28,360.0,377.5
West,2,2x6,18,2025-04-04,350.0,368.75
West,2,2x6,18,2025-04-11,350.0,360.0
West,2,2x6,18,2025-04-18,355.0,353.75
West,2,2x6,18,2025-04-25,360.0,353.75
West,2,2x6,18,2025-05-02,360.0,356.25
West,2,2x6,18,2025-05-09,345.0,355.0
West,2,2x6,18,2025-05-16,320.0,346.25
West,2,2x6,18,2025-05-23,285.0,327.5
West,2,2x6,18,2025-05-30,255.0,301.25
West,2,2x6,18,2025-06-06,245.0,276.25
West,2,2x6,18,2025-06-13,245.0,257.5
West,2,2x6,18,2025-06-19,245.0,247.5
West,2,2x6,18,2025-06-27,260.0,248.75
West,2,2x6,18,2025-07-03,270.0,255.0
West,2,2x6,18,2025-07-11,280.0,263.75
West,2,2x6,18,2025-07-18,285.0,273.75
West,2,2x6,18,2025-07-25,290.0,281.25
West,2,2x6,18,2025-08-01,290.0,286.25
West,2,2x6,18,2025-08-08,290.0,288.75
West,2,2x6,18,2025-08-15,285.0,288.75
West,2,2x6,18,2025-08-22,280.0,286.25
West,2,2x6,18,2025-08-29,265.0,280.0
West,2,2x6,18,2025-09-05,255.0,271.25
West,2,2x6,18,2025-09-12,255.0,263.75
West,2,2x6,18,2025-09-19,255.0,257.5
West,2,2x6,18,2025-09-26,265.0,257.5
West,2,2x6,18,2025-10-03,275.0,262.5
West,2,2x6,18,2025-10-10,280.0,268.75
West,2,2x6,18,2025-10-17,285.0,276.25
West,2,2x6,20,2024-01-12,385.0,385.0
West,2,2x6,20,2024-01-18,380.0,382.5
West,2,2x6,20,2024-01-25,360.0,375.0
West,2,2x6,20,2024-02-08,350.0,368.75
West,2,2x6,20,2024-02-15,360.0,362.5
West,2,2x6,20,2024-02-22,375.0,361.25
West,2,2x6,20,2024-02-29,390.0,368.75
West,2,2x6,20,2024-03-07,400.0,381.25
West,2,2x6,20,2024-03-14,400.0,391.25
West,2,2x6,20,2024-03-21,385.0,393.75
West,2,2x6,20,2024-03-28,370.0,388.75
West,2,2x6,20,2024-04-04,350.0,376.25
West,2,2x6,20,2024-04-11,330.0,358.75
West,2,2x6,20,2024-04-18,315.0,341.25
West,2,2x6,20,2024-04-25,310.0,326.25
West,2,2x6,20,2024-05-02,310.0,316.25
West,2,2x6,20,2024-05-09,315.0,312.5
West,2,2x6,20,2024-05-16,320.0,313.75
West,2,2x6,20,2024-05-30,330.0,318.75
West,2,2x6,20,2024-06-06,320.0,321.25
West,2,2x6,20,2024-06-13,295.0,316.25
West,2,2x6,20,2024-06-20,275.0,305.0
West,2,2x6,20,2024-06-27,260.0,287.5
West,2,2x6,20,2024-07-04,250.0,270.0
West,2,2x6,20,2024-07-11,250.0,258.75
West,2,2x6,20,2024-07-18,260.0,255.0
West,2,2x6,20,2024-07-25,265.0,256.25
West,2,2x6,20,2024-08-01,270.0,261.25
West,2,2x6,20,2024-08-08,270.0,266.25
West,2,2x6,20,2024-08-15,260.0,266.25
West,2,2x6,20,2024-08-22,250.0,262.5
West,2,2x6,20,2024-08-29,245.0,256.25
West,2,2x6,20,2024-09-05,245.0,250.0
West,2,2x6,20,2024-09-12,245.0,246.25
West,2,2x6,20,2024-09-20,250.0,246.25
West,2,2x6,20,2024-09-26,250.0,247.5
West,2,2x6,20,2024-09-27,260.0,251.25
West,2,2x6,20,2024-10-04,280.0,260.0
West,2,2x6,20,2024-10-11,310.0,275.0
West,2,2x6,20,2024-10-18,330.0,295.0
West,2,2x6,20,2024-10-25,350.0,317.5
West,2,2x6,20,2024-11-01,355.0,336.25
West,2,2x6,20,2024-11-08,350.0,346.25
West,2,2x6,20,2024-11-15,340.0,348.75
West,2,2x6,20,2024-11-22,325.0,342.5
West,2,2x6,20,2024-11-27,315.0,332.5
West,2,2x6,20,2024-12-06,310.0,322.5
West,2,2x6,20,2024-12-13,315.0,316.25
West,2,2x6,20,2024-12-20,335.0,318.75
West,2,2x6,20,2025-01-03,375.0,333.75
West,2,2x6,20,2025-01-10,390.0,353.75
West,2,2x6,20,2025-01-17,395.0,373.75
West,2,2x6,20,2025-01-24,385.0,386.25
West,2,2x6,20,2025-01-31,375.0,386.25
West,2,2x6,20,2025-02-07,380.0,383.75
West,2,2x6,20,2025-02-14,385.0,381.25
West,2,2x6,20,2025-02-21,390.0,382.5
West,2,2x6,20,2025-02-28,390.0,386.25
West,2,2x6,20,2025-03-07,390.0,388.75
West,2,2x6,20,2025-03-14,390.0,390.0
West,2,2x6,20,2025-03-21,385.0,388.75
West,2,2x6,20,2025-03-28,365.0,382.5
West,2,2x6,20,2025-04-04,355.0,373.75
West,2,2x6,20,2025-04-11,355.0,365.0
West,2,2x6,20,2025-04-18,360.0,358.75
West,2,2x6,20,2025-04-25,365.0,358.75
West,2,2x6,20,2025-05-02,365.0,361.25
West,2,2x6,20,2025-05-09,350.0,360.0
West,2,2x6,20,2025-05-16,325.0,351.25
West,2,2x6,20,2025-05-23,285.0,331.25
West,2,2x6,20,2025-05-30,255.0,303.75
West,2,2x6,20,2025-06-06,235.0,275.0
West,2,2x6,20,2025-06-13,235.0,252.5
West,2,2x6,20,2025-06-19,235.0,240.0
West,2,2x6,20,2025-06-27,250.0,238.75
West,2,2x6,20,2025-07-03,260.0,245.0
West,2,2x6,20,2025-07-11,270.0,253.75
West,2,2x6,20,2025-07-18,275.0,263.75
West,2,2x6,20,2025-07-25,280.0,271.25
West,2,2x6,20,2025-08-01,280.0,276.25
West,2,2x6,20,2025-08-08,280.0,278.75
West,2,2x6,20,2025-08-15,275.0,278.75
West,2,2x6,20,2025-08-22,270.0,276.25
West,2,2x6,20,2025-08-29,255.0,270.0
West,2,2x6,20,2025-09-05,245.0,261.25
West,2,2x6,20,2025-09-12,245.0,253.75
West,2,2x6,20,2025-09-19,245.0,247.5
West,2,2x6,20,2025-09-26,255.0,247.5
West,2,2x6,20,2025-10-03,265.0,252.5
West,2,2x6,20,2025-10-10,270.0,258.75
West,2,2x6,20,2025-10-17,275.0,266.25
West,2,2x8,8,2024-01-12,320.0,320.0
West,2,2x8,8,2024-01-18,315.0,317.5
West,2,2x8,8,2024-01-25,300.0,311.6666666666667
West,2,2x8,8,2024-02-08,290.0,306.25
West,2,2x8,8,2024-02-15,300.0,301.25
West,2,2x8,8,2024-02-22,315.0,301.25
West,2,2x8,8,2024-02-29,330.0,308.75
West,2,2x8,8,2024-03-07,340.0,321.25
West,2,2x8,8,2024-03-14,340.0,331.25
West,2,2x8,8,2024-03-21,335.0,336.25
West,2,2x8,8,2024-03-28,330.0,336.25
West,2,2x8,8,2024-04-04,320.0,331.25
West,2,2x8,8,2024-04-11,305.0,322.5
West,2,2x8,8,2024-04-18,295.0,312.5
West,2,2x8,8,2024-04-25,290.0,302.5
West,2,2x8,8,2024-05-02,290.0,295.0
West,2,2x8,8,2024-05-09,290.0,291.25
West,2,2x8,8,2024-05-16,295.0,291.25
West,2,2x8,8,2024-05-30,305.0,295.0
West,2,2x8,8,2024-06-06,295.0,296.25
West,2,2x8,8,2024-06-13,285.0,295.0
West,2,2x8,8,2024-06-20,270.0,288.75
West,2,2x8,8,2024-06-27,255.0,276.25
West,2,2x8,8,2024-07-04,250.0,265.0
West,2,2x8,8,2024-07-11,245.0,255.0
West,2,2x8,8,2024-07-18,255.0,251.25
West,2,2x8,8,2024-07-25,265.0,253.75
West,2,2x8,8,2024-08-01,270.0,258.75
West,2,2x8,8,2024-08-08,270.0,265.0
West,2,2x8,8,2024-08-15,260.0,266.25
West,2,2x8,8,2024-08-22,250.0,262.5
West,2,2x8,8,2024-08-29,245.0,256.25
West,2,2x8,8,2024-09-05,240.0,248.75
West,2,2x8,8,2024-09-12,240.0,243.75
West,2,2x8,8,2024-09-20,240.0,241.25
West,2,2x8,8,2024-09-26,240.0,240.0
West,2,2x8,8,2024-09-27,245.0,241.25
West,2,2x8,8,2024-10-04,255.0,245.0
West,2,2x8,8,2024-10-11,285.0,256.25
West,2,2x8,8,2024-10-18,300.0,271.25
West,2,2x8,8,2024-10-25,310.0,287.5
West,2,2x8,8,2024-11-01,315.0,302.5
West,2,2x8,8,2024-11-08,315.0,310.0
West,2,2x8,8,2024-11-15,305.0,311.25
West,2,2x8,8,2024-11-22,295.0,307.5
West,2,2x8,8,2024-11-27,285.0,300.0
West,2,2x8,8,2024-12-06,275.0,290.0
West,2,2x8,8,2024-12-13,280.0,283.75
West,2,2x8,8,2024-12-20,295.0,283.75
West,2,2x8,8,2025-01-03,325.0,293.75
West,2,2x8,8,2025-01-10,340.0,310.0
West,2,2x8,8,2025-01-17,340.0,325.0
West,2,2x8,8,2025-01-24,335.0,335.0
West,2,2x8,8,2025-01-31,330.0,336.25
West,2,2x8,8,2025-02-07,330.0,333.75
West,2,2x8,8,2025-02-14,335.0,332.5
West,2,2x8,8,2025-02-21,335.0,332.5
West,2,2x8,8,2025-02-28,335.0,333.75
West,2,2x8,8,2025-03-07,335.0,335.0
West,2,2x8,8,2025-03-14,335.0,335.0
West,2,2x8,8,2025-03-21,335.0,335.0
West,2,2x8,8,2025-03-28,335.0,335.0
West,2,2x8,8,2025-04-04,335.0,335.0
West,2,2x8,8,2025-04-11,340.0,336.25
West,2,2x8,8,2025-04-18,350.0,340.0
West,2,2x8,8,2025-04-25,355.0,345.0
West,2,2x8,8,2025-05-02,355.0,350.0
West,2,2x8,8,2025-05-09,350.0,352.5
West,2,2x8,8,2025-05-16,345.0,351.25
West,2,2x8,8,2025-05-23,325.0,343.75
West,2,2x8,8,2025-05-30,310.0,332.5
West,2,2x8,8,2025-06-06,290.0,317.5
West,2,2x8,8,2025-06-13,285.0,302.5
West,2,2x8,8,2025-06-19,280.0,291.25
West,2,2x8,8,2025-06-27,290.0,286.25
West,2,2x8,8,2025-07-03,295.0,287.5
West,2,2x8,8,2025-07-11,305.0,292.5
West,2,2x8,8,2025-07-18,310.0,300.0
West,2,2x8,8,2025-07-25,315.0,306.25
West,2,2x8,8,2025-08-01,315.0,311.25
West,2,2x8,8,2025-08-08,315.0,313.75
West,2,2x8,8,2025-08-15,305.0,312.5
West,2,2x8,8,2025-08-22,295.0,307.5
West,2,2x8,8,2025-08-29,285.0,300.0
West,2,2x8,8,2025-09-05,275.0,290.0
West,2,2x8,8,2025-09-12,265.0,280.0
West,2,2x8,8,2025-09-19,265.0,272.5
West,2,2x8,8,2025-09-26,270.0,268.75
West,2,2x8,8,2025-10-03,275.0,268.75
West,2,2x8,8,2025-10-10,280.0,272.5
West,2,2x8,8,2025-10-17,280.0,276.25
West,2,2x8,10,2024-01-12,325.0,325.0
West,2,2x8,10,2024-01-18,320.0,322.5
West,2,2x8,10,2024-01-25,305.0,316.6666666666667
West,2,2x8,10,2024-02-08,295.0,311.25
West,2,2x8,10,2024-02-15,305.0,306.25
West,2,2x8,10,2024-02-22,320.0,306.25
West,2,2x8,10,2024-02-29,330.0,312.5
West,2,2x8,10,2024-03-07,340.0,323.75
West,2,2x8,10,2024-03-14,340.0,332.5
West,2,2x8,10,2024-03-21,335.0,336.25
West,2,2x8,10,2024-03-28,330.0,336.25
West,2,2x8,10,2024-04-04,320.0,331.25
West,2,2x8,10,2024-04-11,305.0,322.5
West,2,2x8,10,2024-04-18,295.0,312.5
West,2,2x8,10,2024-04-25,290.0,302.5
West,2,2x8,10,2024-05-02,290.0,295.0
West,2,2x8,10,2024-05-09,290.0,291.25
West,2,2x8,10,2024-05-16,295.0,291.25
West,2,2x8,10,2024-05-30,305.0,295.0
West,2,2x8,10,2024-06-06,295.0,296.25
West,2,2x8,10,2024-06-13,280.0,293.75
West,2,2x8,10,2024-06-20,265.0,286.25
West,2,2x8,10,2024-06-27,250.0,272.5
West,2,2x8,10,2024-07-04,245.0,260.0
West,2,2x8,10,2024-07-11,240.0,250.0
West,2,2x8,10,2024-07-18,250.0,246.25
West,2,2x8,10,2024-07-25,260.0,248.75
West,2,2x8,10,2024-08-01,260.0,252.5
West,2,2x8,10,2024-08-08,255.0,256.25
West,2,2x8,10,2024-08-15,245.0,255.0
West,2,2x8,10,2024-08-22,235.0,248.75
West,2,2x8,10,2024-08-29,230.0,241.25
West,2,2x8,10,2024-09-05,225.0,233.75
West,2,2x8,10,2024-09-12,225.0,228.75
West,2,2x8,10,2024-09-20,225.0,226.25
West,2,2x8,10,2024-09-26,225.0,225.0
West,2,2x8,10,2024-09-27,230.0,226.25
West,2,2x8,10,2024-10-04,240.0,230.0
West,2,2x8,10,2024-10-11,270.0,241.25
West,2,2x8,10,2024-10-18,285.0,256.25
West,2,2x8,10,2024-10-25,295.0,272.5
West,2,2x8,10,2024-11-01,300.0,287.5
West,2,2x8,10,2024-11-08,300.0,295.0
West,2,2x8,10,2024-11-15,290.0,296.25
West,2,2x8,10,2024-11-22,280.0,292.5
West,2,2x8,10,2024-11-27,270.0,285.0
West,2,2x8,10,2024-12-06,260.0,275.0
West,2,2x8,10,2024-12-13,265.0,268.75
West,2,2x8,10,2024-12-20,280.0,268.75
West,2,2x8,10,2025-01-03,310.0,278.75
West,2,2x8,10,2025-01-10,325.0,295.0
West,2,2x8,10,2025-01-17,325.0,310.0
West,2,2x8,10,2025-01-24,320.0,320.0
West,2,2x8,10,2025-01-31,315.0,321.25
West,2,2x8,10,2025-02-07,315.0,318.75
West,2,2x8,10,2025-02-14,315.0,316.25
West,2,2x8,10,2025-02-21,315.0,315.0
West,2,2x8,10,2025-02-28,315.0,315.0
West,2,2x8,10,2025-03-07,315.0,315.0
West,2,2x8,10,2025-03-14,315.0,315.0
West,2,2x8,10,2025-03-21,315.0,315.0
West,2,2x8,10,2025-03-28,315.0,315.0
West,2,2x8,10,2025-04-04,315.0,315.0
West,2,2x8,10,2025-04-11,320.0,316.25
West,2,2x8,10,2025-04-18,330.0,320.0
West,2,2x8,10,2025-04-25,335.0,325.0
West,2,2x8,10,2025-05-02,335.0,330.0
West,2,2x8,10,2025-05-09,330.0,332.5
West,2,2x8,10,2025-05-16,320.0,330.0
West,2,2x8,10,2025-05-23,300.0,321.25
West,2,2x8,10,2025-05-30,285.0,308.75
West,2,2x8,10,2025-06-06,265.0,292.5
West,2,2x8,10,2025-06-13,260.0,277.5
West,2,2x8,10,2025-06-19,255.0,266.25
West,2,2x8,10,2025-06-27,270.0,262.5
West,2,2x8,10,2025-07-03,275.0,265.0
West,2,2x8,10,2025-07-11,285.0,271.25
West,2,2x8,10,2025-07-18,290.0,280.0
West,2,2x8,10,2025-07-25,295.0,286.25
West,2,2x8,10,2025-08-01,295.0,291.25
West,2,2x8,10,2025-08-08,295.0,293.75
West,2,2x8,10,2025-08-15,285.0,292.5
West,2,2x8,10,2025-08-22,275.0,287.5
West,2,2x8,10,2025-08-29,265.0,280.0
West,2,2x8,10,2025-09-05,255.0,270.0
West,2,2x8,10,2025-09-12,245.0,260.0
West,2,2x8,10,2025-09-19,245.0,252.5
West,2,2x8,10,2025-09-26,250.0,248.75
West,2,2x8,10,2025-10-03,255.0,248.75
West,2,2x8,10,2025-10-10,260.0,252.5
West,2,2x8,10,2025-10-17,260.0,256.25
West,2,2x8,12,2024-01-12,350.0,350.0
West,2,2x8,12,2024-01-18,345.0,347.5
West,2,2x8,12,2024-01-25,330.0,341.6666666666667
West,2,2x8,12,2024-02-08,320.0,336.25
West,2,2x8,12,2024-02-15,330.0,331.25
West,2,2x8,12,2024-02-22,345.0,331.25
West,2,2x8,12,2024-02-29,355.0,337.5
West,2,2x8,12,2024-03-07,365.0,348.75
West,2,2x8,12,2024-03-14,365.0,357.5
West,2,2x8,12,2024-03-21,360.0,361.25
West,2,2x8,12,2024-03-28,355.0,361.25
West,2,2x8,12,2024-04-04,345.0,356.25
West,2,2x8,12,2024-04-11,330.0,347.5
West,2,2x8,12,2024-04-18,320.0,337.5
West,2,2x8,12,2024-04-25,315.0,327.5
West,2,2x8,12,2024-05-02,315.0,320.0
West,2,2x8,12,2024-05-09,315.0,316.25
West,2,2x8,12,2024-05-16,320.0,316.25
West,2,2x8,12,2024-05-30,330.0,320.0
West,2,2x8,12,2024-06-06,320.0,321.25
West,2,2x8,12,2024-06-13,305.0,318.75
West,2,2x8,12,2024-06-20,290.0,311.25
West,2,2x8,12,2024-06-27,275.0,297.5
West,2,2x8,12,2024-07-04,270.0,285.0
West,2,2x8,12,2024-07-11,265.0,275.0
West,2,2x8,12,2024-07-18,275.0,271.25
West,2,2x8,12,2024-07-25,280.0,272.5
West,2,2x8,12,2024-08-01,280.0,275.0
West,2,2x8,12,2024-08-08,275.0,277.5
West,2,2x8,12,2024-08-15,265.0,275.0
West,2,2x8,12,2024-08-22,255.0,268.75
West,2,2x8,12,2024-08-29,245.0,260.0
West,2,2x8,12,2024-09-05,240.0,251.25
West,2,2x8,12,2024-09-12,240.0,245.0
West,2,2x8,12,2024-09-20,240.0,241.25
West,2,2x8,12,2024-09-26,240.0,240.0
West,2,2x8,12,2024-09-27,245.0,241.25
West,2,2x8,12,2024-10-04,255.0,245.0
West,2,2x8,12,2024-10-11,280.0,255.0
West,2,2x8,12,2024-10-18,295.0,268.75
West,2,2x8,12,2024-10-25,305.0,283.75
West,2,2x8,12,2024-11-01,310.0,297.5
West,2,2x8,12,2024-11-08,310.0,305.0
West,2,2x8,12,2024-11-15,300.0,306.25
West,2,2x8,12,2024-11-22,290.0,302.5
West,2,2x8,12,2024-11-27,280.0,295.0
West,2,2x8,12,2024-12-06,270.0,285.0
West,2,2x8,12,2024-12-13,275.0,278.75
West,2,2x8,12,2024-12-20,290.0,278.75
West,2,2x8,12,2025-01-03,320.0,288.75
West,2,2x8,12,2025-01-10,335.0,305.0
West,2,2x8,12,2025-01-17,335.0,320.0
West,2,2x8,12,2025-01-24,325.0,328.75
West,2,2x8,12,2025-01-31,320.0,328.75
West,2,2x8,12,2025-02-07,320.0,325.0
West,2,2x8,12,2025-02-14,325.0,322.5
West,2,2x8,12,2025-02-21,325.0,322.5
West,2,2x8,12,2025-02-28,325.0,323.75
West,2,2x8,12,2025-03-07,325.0,325.0
West,2,2x8,12,2025-03-14,325.0,325.0
West,2,2x8,12,2025-03-21,325.0,325.0
West,2,2x8,12,2025-03-28,325.0,325.0
West,2,2x8,12,2025-04-04,325.0,325.0
West,2,2x8,12,2025-04-11,330.0,326.25
West,2,2x8,12,2025-04-18,345.0,331.25
West,2,2x8,12,2025-04-25,350.0,337.5
West,2,2x8,12,2025-05-02,350.0,343.75
West,2,2x8,12,2025-05-09,345.0,347.5
West,2,2x8,12,2025-05-16,335.0,345.0
West,2,2x8,12,2025-05-23,315.0,336.25
West,2,2x8,12,2025-05-30,300.0,323.75
West,2,2x8,12,2025-06-06,280.0,307.5
West,2,2x8,12,2025-06-13,275.0,292.5
West,2,2x8,12,2025-06-19,270.0,281.25
West,2,2x8,12,2025-06-27,285.0,277.5
West,2,2x8,12,2025-07-03,290.0,280.0
West,2,2x8,12,2025-07-11,305.0,287.5
West,2,2x8,12,2025-07-18,310.0,297.5
West,2,2x8,12,2025-07-25,315.0,305.0
West,2,2x8,12,2025-08-01,315.0,311.25
West,2,2x8,12,2025-08-08,315.0,313.75
West,2,2x8,12,2025-08-15,305.0,312.5
West,2,2x8,12,2025-08-22,300.0,308.75
West,2,2x8,12,2025-08-29,290.0,302.5
West,2,2x8,12,2025-09-05,280.0,293.75
West,2,2x8,12,2025-09-12,270.0,285.0
West,2,2x8,12,2025-09-19,270.0,277.5
West,2,2x8,12,2025-09-26,275.0,273.75
West,2,2x8,12,2025-10-03,280.0,273.75
West,2,2x8,12,2025-10-10,290.0,278.75
West,2,2x8,12,2025-10-17,295.0,285.0
West,2,2x8,14,2024-01-12,375.0,375.0
West,2,2x8,14,2024-01-18,370.0,372.5
West,2,2x8,14,2024-01-25,355.0,366.6666666666667
West,2,2x8,14,2024-02-08,345.0,361.25
West,2,2x8,14,2024-02-15,355.0,356.25
West,2,2x8,14,2024-02-22,365.0,355.0
West,2,2x8,14,2024-02-29,375.0,360.0
West,2,2x8,14,2024-03-07,385.0,370.0
West,2,2x8,14,2024-03-14,385.0,377.5
West,2,2x8,14,2024-03-21,375.0,380.0
West,2,2x8,14,2024-03-28,370.0,378.75
West,2,2x8,14,2024-04-04,360.0,372.5
West,2,2x8,14,2024-04-11,345.0,362.5
West,2,2x8,14,2024-04-18,335.0,352.5
West,2,2x8,14,2024-04-25,330.0,342.5
West,2,2x8,14,2024-05-02,330.0,335.0
West,2,2x8,14,2024-05-09,330.0,331.25
West,2,2x8,14,2024-05-16,335.0,331.25
West,2,2x8,14,2024-05-30,345.0,335.0
West,2,2x8,14,2024-06-06,335.0,336.25
West,2,2x8,14,2024-06-13,315.0,332.5
West,2,2x8,14,2024-06-20,300.0,323.75
West,2,2x8,14,2024-06-27,285.0,308.75
West,2,2x8,14,2024-07-04,280.0,295.0
West,2,2x8,14,2024-07-11,275.0,285.0
West,2,2x8,14,2024-07-18,285.0,281.25
West,2,2x8,14,2024-07-25,290.0,282.5
West,2,2x8,14,2024-08-01,295.0,286.25
West,2,2x8,14,2024-08-08,290.0,290.0
West,2,2x8,14,2024-08-15,280.0,288.75
West,2,2x8,14,2024-08-22,270.0,283.75
West,2,2x8,14,2024-08-29,260.0,275.0
West,2,2x8,14,2024-09-05,255.0,266.25
West,2,2x8,14,2024-09-12,255.0,260.0
West,2,2x8,14,2024-09-20,255.0,256.25
West,2,2x8,14,2024-09-26,255.0,255.0
West,2,2x8,14,2024-09-27,260.0,256.25
West,2,2x8,14,2024-10-04,270.0,260.0
West,2,2x8,14,2024-10-11,295.0,270.0
West,2,2x8,14,2024-10-18,310.0,283.75
West,2,2x8,14,2024-10-25,320.0,298.75
West,2,2x8,14,2024-11-01,325.0,312.5
West,2,2x8,14,2024-11-08,325.0,320.0
West,2,2x8,14,2024-11-15,315.0,321.25
West,2,2x8,14,2024-11-22,305.0,317.5
West,2,2x8,14,2024-11-27,295.0,310.0
West,2,2x8,14,2024-12-06,285.0,300.0
West,2,2x8,14,2024-12-13,290.0,293.75
West,2,2x8,14,2024-12-20,305.0,293.75
West,2,2x8,14,2025-01-03,335.0,303.75
West,2,2x8,14,2025-01-10,350.0,320.0
West,2,2x8,14,2025-01-17,350.0,335.0
West,2,2x8,14,2025-01-24,340.0,343.75
West,2,2x8,14,2025-01-31,335.0,343.75
West,2,2x8,14,2025-02-07,335.0,340.0
West,2,2x8,14,2025-02-14,340.0,337.5
West,2,2x8,14,2025-02-21,340.0,337.5
West,2,2x8,14,2025-02-28,340.0,338.75
West,2,2x8,14,2025-03-07,340.0,340.0
West,2,2x8,14,2025-03-14,340.0,340.0
West,2,2x8,14,2025-03-21,340.0,340.0
West,2,2x8,14,2025-03-28,340.0,340.0
West,2,2x8,14,2025-04-04,340.0,340.0
West,2,2x8,14,2025-04-11,345.0,341.25
West,2,2x8,14,2025-04-18,360.0,346.25
West,2,2x8,14,2025-04-25,365.0,352.5
West,2,2x8,14,2025-05-02,365.0,358.75
West,2,2x8,14,2025-05-09,360.0,362.5
West,2,2x8,14,2025-05-16,350.0,360.0
West,2,2x8,14,2025-05-23,330.0,351.25
West,2,2x8,14,2025-05-30,315.0,338.75
West,2,2x8,14,2025-06-06,295.0,322.5
West,2,2x8,14,2025-06-13,290.0,307.5
West,2,2x8,14,2025-06-19,285.0,296.25
West,2,2x8,14,2025-06-27,285.0,288.75
West,2,2x8,14,2025-07-03,290.0,287.5
West,2,2x8,14,2025-07-11,305.0,291.25
West,2,2x8,14,2025-07-18,310.0,297.5
West,2,2x8,14,2025-07-25,315.0,305.0
West,2,2x8,14,2025-08-01,315.0,311.25
West,2,2x8,14,2025-08-08,315.0,313.75
West,2,2x8,14,2025-08-15,310.0,313.75
West,2,2x8,14,2025-08-22,305.0,311.25
West,2,2x8,14,2025-08-29,290.0,305.0
West,2,2x8,14,2025-09-05,280.0,296.25
West,2,2x8,14,2025-09-12,270.0,286.25
West,2,2x8,14,2025-09-19,270.0,277.5
West,2,2x8,14,2025-09-26,275.0,273.75
West,2,2x8,14,2025-10-03,280.0,273.75
West,2,2x8,14,2025-10-10,290.0,278.75
West,2,2x8,14,2025-10-17,295.0,285.0
West,2,2x8,16,2024-01-12,375.0,375.0
West,2,2x8,16,2024-01-18,370.0,372.5
West,2,2x8,16,2024-01-25,355.0,366.6666666666667
West,2,2x8,16,2024-02-08,345.0,361.25
West,2,2x8,16,2024-02-15,355.0,356.25
West,2,2x8,16,2024-02-22,365.0,355.0
West,2,2x8,16,2024-02-29,380.0,361.25
West,2,2x8,16,2024-03-07,390.0,372.5
West,2,2x8,16,2024-03-14,390.0,381.25
West,2,2x8,16,2024-03-21,385.0,386.25
West,2,2x8,16,2024-03-28,380.0,386.25
West,2,2x8,16,2024-04-04,370.0,381.25
West,2,2x8,16,2024-04-11,355.0,372.5
West,2,2x8,16,2024-04-18,345.0,362.5
West,2,2x8,16,2024-04-25,340.0,352.5
West,2,2x8,16,2024-05-02,340.0,345.0
West,2,2x8,16,2024-05-09,340.0,341.25
West,2,2x8,16,2024-05-16,345.0,341.25
West,2,2x8,16,2024-05-30,355.0,345.0
West,2,2x8,16,2024-06-06,345.0,346.25
West,2,2x8,16,2024-06-13,325.0,342.5
West,2,2x8,16,2024-06-20,310.0,333.75
West,2,2x8,16,2024-06-27,300.0,320.0
West,2,2x8,16,2024-07-04,295.0,307.5
West,2,2x8,16,2024-07-11,290.0,298.75
West,2,2x8,16,2024-07-18,300.0,296.25
West,2,2x8,16,2024-07-25,305.0,297.5
West,2,2x8,16,2024-08-01,310.0,301.25
West,2,2x8,16,2024-08-08,305.0,305.0
West,2,2x8,16,2024-08-15,295.0,303.75
West,2,2x8,16,2024-08-22,285.0,298.75
West,2,2x8,16,2024-08-29,280.0,291.25
West,2,2x8,16,2024-09-05,275.0,283.75
West,2,2x8,16,2024-09-12,265.0,276.25
West,2,2x8,16,2024-09-20,275.0,273.75
West,2,2x8,16,2024-09-26,275.0,272.5
West,2,2x8,16,2024-09-27,280.0,273.75
West,2,2x8,16,2024-10-04,290.0,280.0
West,2,2x8,16,2024-10-11,320.0,291.25
West,2,2x8,16,2024-10-18,335.0,306.25
West,2,2x8,16,2024-10-25,345.0,322.5
West,2,2x8,16,2024-11-01,350.0,337.5
West,2,2x8,16,2024-11-08,350.0,345.0
West,2,2x8,16,2024-11-15,340.0,346.25
West,2,2x8,16,2024-11-22,330.0,342.5
West,2,2x8,16,2024-11-27,320.0,335.0
West,2,2x8,16,2024-12-06,310.0,325.0
West,2,2x8,16,2024-12-13,315.0,318.75
West,2,2x8,16,2024-12-20,330.0,318.75
West,2,2x8,16,2025-01-03,360.0,328.75
West,2,2x8,16,2025-01-10,375.0,345.0
West,2,2x8,16,2025-01-17,375.0,360.0
West,2,2x8,16,2025-01-24,365.0,368.75
West,2,2x8,16,2025-01-31,360.0,368.75
West,2,2x8,16,2025-02-07,360.0,365.0
West,2,2x8,16,2025-02-14,365.0,362.5
West,2,2x8,16,2025-02-21,365.0,362.5
West,2,2x8,16,2025-02-28,365.0,363.75
West,2,2x8,16,2025-03-07,365.0,365.0
West,2,2x8,16,2025-03-14,365.0,365.0
West,2,2x8,16,2025-03-21,365.0,365.0
West,2,2x8,16,2025-03-28,365.0,365.0
West,2,2x8,16,2025-04-04,365.0,365.0
West,2,2x8,16,2025-04-11,370.0,366.25
West,2,2x8,16,2025-04-18,385.0,371.25
West,2,2x8,16,2025-04-25,390.0,377.5
West,2,2x8,16,2025-05-02,390.0,383.75
West,2,2x8,16,2025-05-09,385.0,387.5
West,2,2x8,16,2025-05-16,380.0,386.25
West,2,2x8,16,2025-05-23,360.0,378.75
West,2,2x8,16,2025-05-30,345.0,367.5
West,2,2x8,16,2025-06-06,325.0,352.5
West,2,2x8,16,2025-06-13,320.0,337.5
West,2,2x8,16,2025-06-19,315.0,326.25
West,2,2x8,16,2025-06-27,325.0,321.25
West,2,2x8,16,2025-07-03,330.0,322.5
West,2,2x8,16,2025-07-11,345.0,328.75
West,2,2x8,16,2025-07-18,350.0,337.5
West,2,2x8,16,2025-07-25,355.0,345.0
West,2,2x8,16,2025-08-01,355.0,351.25
West,2,2x8,16,2025-08-08,355.0,353.75
West,2,2x8,16,2025-08-15,345.0,352.5
West,2,2x8,16,2025-08-22,335.0,347.5
West,2,2x8,16,2025-08-29,320.0,338.75
West,2,2x8,16,2025-09-05,310.0,327.5
West,2,2x8,16,2025-09-12,300.0,316.25
West,2,2x8,16,2025-09-19,300.0,307.5
West,2,2x8,16,2025-09-26,305.0,303.75
West,2,2x8,16,2025-10-03,310.0,303.75
West,2,2x8,16,2025-10-10,320.0,308.75
West,2,2x8,16,2025-10-17,325.0,315.0
West,2,2x8,18,2024-01-12,355.0,355.0
West,2,2x8,18,2024-01-18,350.0,352.5
West,2,2x8,18,2024-01-25,335.0,346.6666666666667
West,2,2x8,18,2024-02-08,325.0,341.25
West,2,2x8,18,2024-02-15,335.0,336.25
West,2,2x8,18,2024-02-22,350.0,336.25
West,2,2x8,18,2024-02-29,360.0,342.5
West,2,2x8,18,2024-03-07,370.0,353.75
West,2,2x8,18,2024-03-14,370.0,362.5
West,2,2x8,18,2024-03-21,365.0,366.25
West,2,2x8,18,2024-03-28,355.0,365.0
West,2,2x8,18,2024-04-04,345.0,358.75
West,2,2x8,18,2024-04-11,330.0,348.75
West,2,2x8,18,2024-04-18,320.0,337.5
West,2,2x8,18,2024-04-25,315.0,327.5
West,2,2x8,18,2024-05-02,315.0,320.0
West,2,2x8,18,2024-05-09,315.0,316.25
West,2,2x8,18,2024-05-16,320.0,316.25
West,2,2x8,18,2024-05-30,330.0,320.0
West,2,2x8,18,2024-06-06,320.0,321.25
West,2,2x8,18,2024-06-13,300.0,317.5
West,2,2x8,18,2024-06-20,285.0,308.75
West,2,2x8,18,2024-06-27,270.0,293.75
West,2,2x8,18,2024-07-04,265.0,280.0
West,2,2x8,18,2024-07-11,260.0,270.0
West,2,2x8,18,2024-07-18,270.0,266.25
West,2,2x8,18,2024-07-25,270.0,266.25
West,2,2x8,18,2024-08-01,275.0,268.75
West,2,2x8,18,2024-08-08,270.0,271.25
West,2,2x8,18,2024-08-15,260.0,268.75
West,2,2x8,18,2024-08-22,250.0,263.75
West,2,2x8,18,2024-08-29,240.0,255.0
West,2,2x8,18,2024-09-05,235.0,246.25
West,2,2x8,18,2024-09-12,235.0,240.0
West,2,2x8,18,2024-09-20,235.0,236.25
West,2,2x8,18,2024-09-26,235.0,235.0
West,2,2x8,18,2024-09-27,240.0,236.25
West,2,2x8,18,2024-10-04,250.0,240.0
West,2,2x8,18,2024-10-11,275.0,250.0
West,2,2x8,18,2024-10-18,290.0,263.75
West,2,2x8,18,2024-10-25,300.0,278.75
West,2,2x8,18,2024-11-01,305.0,292.5
West,2,2x8,18,2024-11-08,305.0,300.0
West,2,2x8,18,2024-11-15,295.0,301.25
West,2,2x8,18,2024-11-22,285.0,297.5
West,2,2x8,18,2024-11-27,275.0,290.0
West,2,2x8,18,2024-12-06,265.0,280.0
West,2,2x8,18,2024-12-13,270.0,273.75
West,2,2x8,18,2024-12-20,285.0,273.75
West,2,2x8,18,2025-01-03,315.0,283.75
West,2,2x8,18,2025-01-10,330.0,300.0
West,2,2x8,18,2025-01-17,330.0,315.0
West,2,2x8,18,2025-01-24,325.0,325.0
West,2,2x8,18,2025-01-31,320.0,326.25
West,2,2x8,18,2025-02-07,320.0,323.75
West,2,2x8,18,2025-02-14,320.0,321.25
West,2,2x8,18,2025-02-21,320.0,320.0
West,2,2x8,18,2025-02-28,320.0,320.0
West,2,2x8,18,2025-03-07,320.0,320.0
West,2,2x8,18,2025-03-14,320.0,320.0
West,2,2x8,18,2025-03-21,320.0,320.0
West,2,2x8,18,2025-03-28,320.0,320.0
West,2,2x8,18,2025-04-04,320.0,320.0
West,2,2x8,18,2025-04-11,325.0,321.25
West,2,2x8,18,2025-04-18,340.0,326.25
West,2,2x8,18,2025-04-25,345.0,332.5
West,2,2x8,18,2025-05-02,345.0,338.75
West,2,2x8,18,2025-05-09,340.0,342.5
West,2,2x8,18,2025-05-16,330.0,340.0
West,2,2x8,18,2025-05-23,310.0,331.25
West,2,2x8,18,2025-05-30,295.0,318.75
West,2,2x8,18,2025-06-06,275.0,302.5
West,2,2x8,18,2025-06-13,265.0,286.25
West,2,2x8,18,2025-06-19,260.0,273.75
West,2,2x8,18,2025-06-27,275.0,268.75
West,2,2x8,18,2025-07-03,280.0,270.0
West,2,2x8,18,2025-07-11,295.0,277.5
West,2,2x8,18,2025-07-18,300.0,287.5
West,2,2x8,18,2025-07-25,305.0,295.0
West,2,2x8,18,2025-08-01,305.0,301.25
West,2,2x8,18,2025-08-08,305.0,303.75
West,2,2x8,18,2025-08-15,295.0,302.5
West,2,2x8,18,2025-08-22,290.0,298.75
West,2,2x8,18,2025-08-29,275.0,291.25
West,2,2x8,18,2025-09-05,265.0,281.25
West,2,2x8,18,2025-09-12,255.0,271.25
West,2,2x8,18,2025-09-19,255.0,262.5
West,2,2x8,18,2025-09-26,260.0,258.75
West,2,2x8,18,2025-10-03,265.0,258.75
West,2,2x8,18,2025-10-10,270.0,262.5
West,2,2x8,18,2025-10-17,275.0,267.5
West,2,2x8,20,2024-01-12,385.0,385.0
West,2,2x8,20,2024-01-18,380.0,382.5
West,2,2x8,20,2024-01-25,365.0,376.6666666666667
West,2,2x8,20,2024-02-08,355.0,371.25
West,2,2x8,20,2024-02-15,365.0,366.25
West,2,2x8,20,2024-02-22,380.0,366.25
West,2,2x8,20,2024-02-29,390.0,372.5
West,2,2x8,20,2024-03-07,400.0,383.75
West,2,2x8,20,2024-03-14,400.0,392.5
West,2,2x8,20,2024-03-21,395.0,396.25
West,2,2x8,20,2024-03-28,380.0,393.75
West,2,2x8,20,2024-04-04,370.0,386.25
West,2,2x8,20,2024-04-11,355.0,375.0
West,2,2x8,20,2024-04-18,345.0,362.5
West,2,2x8,20,2024-04-25,340.0,352.5
West,2,2x8,20,2024-05-02,340.0,345.0
West,2,2x8,20,2024-05-09,340.0,341.25
West,2,2x8,20,2024-05-16,345.0,341.25
West,2,2x8,20,2024-05-30,355.0,345.0
West,2,2x8,20,2024-06-06,345.0,346.25
West,2,2x8,20,2024-06-13,330.0,343.75
West,2,2x8,20,2024-06-20,315.0,336.25
West,2,2x8,20,2024-06-27,300.0,322.5
West,2,2x8,20,2024-07-04,295.0,310.0
West,2,2x8,20,2024-07-11,290.0,300.0
West,2,2x8,20,2024-07-18,300.0,296.25
West,2,2x8,20,2024-07-25,305.0,297.5
West,2,2x8,20,2024-08-01,310.0,301.25
West,2,2x8,20,2024-08-08,310.0,306.25
West,2,2x8,20,2024-08-15,300.0,306.25
West,2,2x8,20,2024-08-22,290.0,302.5
West,2,2x8,20,2024-08-29,280.0,295.0
West,2,2x8,20,2024-09-05,275.0,286.25
West,2,2x8,20,2024-09-12,275.0,280.0
West,2,2x8,20,2024-09-20,275.0,276.25
West,2,2x8,20,2024-09-26,275.0,275.0
West,2,2x8,20,2024-09-27,280.0,276.25
West,2,2x8,20,2024-10-04,290.0,280.0
West,2,2x8,20,2024-10-11,315.0,290.0
West,2,2x8,20,2024-10-18,330.0,303.75
West,2,2x8,20,2024-10-25,340.0,318.75
West,2,2x8,20,2024-11-01,345.0,332.5
West,2,2x8,20,2024-11-08,345.0,340.0
West,2,2x8,20,2024-11-15,335.0,341.25
West,2,2x8,20,2024-11-22,325.0,337.5
West,2,2x8,20,2024-11-27,315.0,330.0
West,2,2x8,20,2024-12-06,305.0,320.0
West,2,2x8,20,2024-12-13,310.0,313.75
West,2,2x8,20,2024-12-20,325.0,313.75
West,2,2x8,20,2025-01-03,355.0,323.75
West,2,2x8,20,2025-01-10,370.0,340.0
West,2,2x8,20,2025-01-17,370.0,355.0
West,2,2x8,20,2025-01-24,360.0,363.75
West,2,2x8,20,2025-01-31,355.0,363.75
West,2,2x8,20,2025-02-07,355.0,360.0
West,2,2x8,20,2025-02-14,355.0,356.25
West,2,2x8,20,2025-02-21,355.0,355.0
West,2,2x8,20,2025-02-28,355.0,355.0
West,2,2x8,20,2025-03-07,355.0,355.0
West,2,2x8,20,2025-03-14,355.0,355.0
West,2,2x8,20,2025-03-21,355.0,355.0
West,2,2x8,20,2025-03-28,355.0,355.0
West,2,2x8,20,2025-04-04,355.0,355.0
West,2,2x8,20,2025-04-11,360.0,356.25
West,2,2x8,20,2025-04-18,375.0,361.25
West,2,2x8,20,2025-04-25,380.0,367.5
West,2,2x8,20,2025-05-02,380.0,373.75
West,2,2x8,20,2025-05-09,375.0,377.5
West,2,2x8,20,2025-05-16,365.0,375.0
West,2,2x8,20,2025-05-23,345.0,366.25
West,2,2x8,20,2025-05-30,330.0,353.75
West,2,2x8,20,2025-06-06,310.0,337.5
West,2,2x8,20,2025-06-13,300.0,321.25
West,2,2x8,20,2025-06-19,295.0,308.75
West,2,2x8,20,2025-06-27,305.0,302.5
West,2,2x8,20,2025-07-03,310.0,302.5
West,2,2x8,20,2025-07-11,325.0,308.75
West,2,2x8,20,2025-07-18,330.0,317.5
West,2,2x8,20,2025-07-25,335.0,325.0
West,2,2x8,20,2025-08-01,335.0,331.25
West,2,2x8,20,2025-08-08,335.0,333.75
West,2,2x8,20,2025-08-15,325.0,332.5
West,2,2x8,20,2025-08-22,315.0,327.5
West,2,2x8,20,2025-08-29,300.0,318.75
West,2,2x8,20,2025-09-05,290.0,307.5
West,2,2x8,20,2025-09-12,280.0,296.25
West,2,2x8,20,2025-09-19,280.0,287.5
West,2,2x8,20,2025-09-26,285.0,283.75
West,2,2x8,20,2025-10-03,290.0,283.75
West,2,2x8,20,2025-10-10,295.0,287.5
West,2,2x8,20,2025-10-17,300.0,292.5
