region,item_description,transaction_date,dimension,grade,length_ft,rl_price_per_mbf,assumption_equal_length,source_grade_group
central,2x10 #3,2024-01-12,2x10,3,8,195,True,G3_4
central,2x10 #3,2024-01-18,2x10,3,8,195,True,G3_4
central,2x10 #3,2024-01-25,2x10,3,8,190,True,G3_4
central,2x10 #3,2024-02-08,2x10,3,8,190,True,G3_4
central,2x10 #3,2024-02-15,2x10,3,8,190,True,G3_4
central,2x10 #3,2024-02-22,2x10,3,8,195,True,G3_4
central,2x10 #3,2024-02-29,2x10,3,8,195,True,G3_4
central,2x10 #3,2024-03-07,2x10,3,8,200,True,G3_4
central,2x10 #3,2024-03-14,2x10,3,8,205,True,G3_4
central,2x10 #3,2024-03-21,2x10,3,8,205,True,G3_4
central,2x10 #3,2024-03-28,2x10,3,8,205,True,G3_4
central,2x10 #3,2024-04-04,2x10,3,8,210,True,G3_4
central,2x10 #3,2024-04-11,2x10,3,8,210,True,G3_4
central,2x10 #3,2024-04-18,2x10,3,8,215,True,G3_4
central,2x10 #3,2024-04-25,2x10,3,8,215,True,G3_4
central,2x10 #3,2024-05-02,2x10,3,8,215,True,G3_4
central,2x10 #3,2024-05-09,2x10,3,8,220,True,G3_4
central,2x10 #3,2024-05-16,2x10,3,8,225,True,G3_4
central,2x10 #3,2024-05-30,2x10,3,8,225,True,G3_4
central,2x10 #3,2024-06-06,2x10,3,8,225,True,G3_4
central,2x10 #3,2024-06-13,2x10,3,8,225,True,G3_4
central,2x10 #3,2024-06-20,2x10,3,8,220,True,G3_4
central,2x10 #3,2024-06-27,2x10,3,8,220,True,G3_4
central,2x10 #3,2024-07-04,2x10,3,8,220,True,G3_4
central,2x10 #3,2024-07-11,2x10,3,8,220,True,G3_4
central,2x10 #3,2024-07-18,2x10,3,8,220,True,G3_4
central,2x10 #3,2024-07-25,2x10,3,8,220,True,G3_4
central,2x10 #3,2024-08-01,2x10,3,8,220,True,G3_4
central,2x10 #3,2024-08-08,2x10,3,8,220,True,G3_4
central,2x10 #3,2024-08-15,2x10,3,8,220,True,G3_4
central,2x10 #3,2024-08-22,2x10,3,8,220,True,G3_4
central,2x10 #3,2024-08-29,2x10,3,8,220,True,G3_4
central,2x10 #3,2024-09-05,2x10,3,8,220,True,G3_4
central,2x10 #3,2024-09-12,2x10,3,8,220,True,G3_4
central,2x10 #3,2024-09-20,2x10,3,8,220,True,G3_4
central,2x10 #3,2024-09-27,2x10,3,8,220,True,G3_4
central,2x10 #3,2024-10-04,2x10,3,8,220,True,G3_4
central,2x10 #3,2024-10-11,2x10,3,8,220,True,G3_4
central,2x10 #3,2024-10-18,2x10,3,8,220,True,G3_4
central,2x10 #3,2024-10-25,2x10,3,8,230,True,G3_4
central,2x10 #3,2024-11-01,2x10,3,8,230,True,G3_4
central,2x10 #3,2024-11-08,2x10,3,8,230,True,G3_4
central,2x10 #3,2024-11-15,2x10,3,8,230,True,G3_4
central,2x10 #3,2024-11-22,2x10,3,8,225,True,G3_4
central,2x10 #3,2024-11-27,2x10,3,8,220,True,G3_4
central,2x10 #3,2024-12-06,2x10,3,8,220,True,G3_4
central,2x10 #3,2024-12-13,2x10,3,8,210,True,G3_4
central,2x10 #3,2024-12-20,2x10,3,8,210,True,G3_4
central,2x10 #3,2025-01-03,2x10,3,8,215,True,G3_4
central,2x10 #3,2025-01-10,2x10,3,8,215,True,G3_4
central,2x10 #3,2025-01-17,2x10,3,8,215,True,G3_4
central,2x10 #3,2025-01-24,2x10,3,8,215,True,G3_4
central,2x10 #3,2025-01-31,2x10,3,8,220,True,G3_4
central,2x10 #3,2025-02-07,2x10,3,8,225,True,G3_4
central,2x10 #3,2025-02-14,2x10,3,8,225,True,G3_4
central,2x10 #3,2025-02-21,2x10,3,8,230,True,G3_4
central,2x10 #3,2025-02-28,2x10,3,8,230,True,G3_4
central,2x10 #3,2025-03-07,2x10,3,8,235,True,G3_4
central,2x10 #3,2025-03-14,2x10,3,8,240,True,G3_4
central,2x10 #3,2025-03-21,2x10,3,8,250,True,G3_4
central,2x10 #3,2025-03-28,2x10,3,8,255,True,G3_4
central,2x10 #3,2025-04-04,2x10,3,8,260,True,G3_4
central,2x10 #3,2025-04-11,2x10,3,8,270,True,G3_4
central,2x10 #3,2025-04-18,2x10,3,8,275,True,G3_4
central,2x10 #3,2025-04-25,2x10,3,8,280,True,G3_4
central,2x10 #3,2025-05-02,2x10,3,8,285,True,G3_4
central,2x10 #3,2025-05-09,2x10,3,8,285,True,G3_4
central,2x10 #3,2025-05-16,2x10,3,8,270,True,G3_4
central,2x10 #3,2025-05-23,2x10,3,8,260,True,G3_4
central,2x10 #3,2025-05-30,2x10,3,8,255,True,G3_4
central,2x10 #3,2025-06-06,2x10,3,8,250,True,G3_4
central,2x10 #3,2025-06-13,2x10,3,8,250,True,G3_4
central,2x10 #3,2025-06-19,2x10,3,8,245,True,G3_4
central,2x10 #3,2025-06-27,2x10,3,8,245,True,G3_4
central,2x10 #3,2025-07-03,2x10,3,8,240,True,G3_4
central,2x10 #3,2025-07-11,2x10,3,8,235,True,G3_4
central,2x10 #3,2025-07-18,2x10,3,8,235,True,G3_4
central,2x10 #3,2025-07-25,2x10,3,8,235,True,G3_4
central,2x10 #3,2025-08-01,2x10,3,8,235,True,G3_4
central,2x10 #3,2025-08-08,2x10,3,8,230,True,G3_4
central,2x10 #3,2025-08-15,2x10,3,8,225,True,G3_4
central,2x10 #3,2025-08-22,2x10,3,8,225,True,G3_4
central,2x10 #3,2025-08-29,2x10,3,8,220,True,G3_4
central,2x10 #3,2025-09-05,2x10,3,8,215,True,G3_4
central,2x10 #3,2025-09-12,2x10,3,8,215,True,G3_4
central,2x10 #3,2025-09-19,2x10,3,8,215,True,G3_4
central,2x10 #3,2025-09-26,2x10,3,8,215,True,G3_4
central,2x10 #3,2025-10-03,2x10,3,8,215,True,G3_4
central,2x10 #3,2025-10-10,2x10,3,8,210,True,G3_4
central,2x10 #3,2025-10-17,2x10,3,8,210,True,G3_4
central,2x10 #3,2024-01-12,2x10,3,10,195,True,G3_4
central,2x10 #3,2024-01-18,2x10,3,10,195,True,G3_4
central,2x10 #3,2024-01-25,2x10,3,10,190,True,G3_4
central,2x10 #3,2024-02-08,2x10,3,10,190,True,G3_4
central,2x10 #3,2024-02-15,2x10,3,10,190,True,G3_4
central,2x10 #3,2024-02-22,2x10,3,10,195,True,G3_4
central,2x10 #3,2024-02-29,2x10,3,10,195,True,G3_4
central,2x10 #3,2024-03-07,2x10,3,10,200,True,G3_4
central,2x10 #3,2024-03-14,2x10,3,10,205,True,G3_4
central,2x10 #3,2024-03-21,2x10,3,10,205,True,G3_4
central,2x10 #3,2024-03-28,2x10,3,10,205,True,G3_4
central,2x10 #3,2024-04-04,2x10,3,10,210,True,G3_4
central,2x10 #3,2024-04-11,2x10,3,10,210,True,G3_4
central,2x10 #3,2024-04-18,2x10,3,10,215,True,G3_4
central,2x10 #3,2024-04-25,2x10,3,10,215,True,G3_4
central,2x10 #3,2024-05-02,2x10,3,10,215,True,G3_4
central,2x10 #3,2024-05-09,2x10,3,10,220,True,G3_4
central,2x10 #3,2024-05-16,2x10,3,10,225,True,G3_4
central,2x10 #3,2024-05-30,2x10,3,10,225,True,G3_4
central,2x10 #3,2024-06-06,2x10,3,10,225,True,G3_4
central,2x10 #3,2024-06-13,2x10,3,10,225,True,G3_4
central,2x10 #3,2024-06-20,2x10,3,10,220,True,G3_4
central,2x10 #3,2024-06-27,2x10,3,10,220,True,G3_4
central,2x10 #3,2024-07-04,2x10,3,10,220,True,G3_4
central,2x10 #3,2024-07-11,2x10,3,10,220,True,G3_4
central,2x10 #3,2024-07-18,2x10,3,10,220,True,G3_4
central,2x10 #3,2024-07-25,2x10,3,10,220,True,G3_4
central,2x10 #3,2024-08-01,2x10,3,10,220,True,G3_4
central,2x10 #3,2024-08-08,2x10,3,10,220,True,G3_4
central,2x10 #3,2024-08-15,2x10,3,10,220,True,G3_4
central,2x10 #3,2024-08-22,2x10,3,10,220,True,G3_4
central,2x10 #3,2024-08-29,2x10,3,10,220,True,G3_4
central,2x10 #3,2024-09-05,2x10,3,10,220,True,G3_4
central,2x10 #3,2024-09-12,2x10,3,10,220,True,G3_4
central,2x10 #3,2024-09-20,2x10,3,10,220,True,G3_4
central,2x10 #3,2024-09-27,2x10,3,10,220,True,G3_4
central,2x10 #3,2024-10-04,2x10,3,10,220,True,G3_4
central,2x10 #3,2024-10-11,2x10,3,10,220,True,G3_4
central,2x10 #3,2024-10-18,2x10,3,10,220,True,G3_4
central,2x10 #3,2024-10-25,2x10,3,10,230,True,G3_4
central,2x10 #3,2024-11-01,2x10,3,10,230,True,G3_4
central,2x10 #3,2024-11-08,2x10,3,10,230,True,G3_4
central,2x10 #3,2024-11-15,2x10,3,10,230,True,G3_4
central,2x10 #3,2024-11-22,2x10,3,10,225,True,G3_4
central,2x10 #3,2024-11-27,2x10,3,10,220,True,G3_4
central,2x10 #3,2024-12-06,2x10,3,10,220,True,G3_4
central,2x10 #3,2024-12-13,2x10,3,10,210,True,G3_4
central,2x10 #3,2024-12-20,2x10,3,10,210,True,G3_4
central,2x10 #3,2025-01-03,2x10,3,10,215,True,G3_4
central,2x10 #3,2025-01-10,2x10,3,10,215,True,G3_4
central,2x10 #3,2025-01-17,2x10,3,10,215,True,G3_4
central,2x10 #3,2025-01-24,2x10,3,10,215,True,G3_4
central,2x10 #3,2025-01-31,2x10,3,10,220,True,G3_4
central,2x10 #3,2025-02-07,2x10,3,10,225,True,G3_4
central,2x10 #3,2025-02-14,2x10,3,10,225,True,G3_4
central,2x10 #3,2025-02-21,2x10,3,10,230,True,G3_4
central,2x10 #3,2025-02-28,2x10,3,10,230,True,G3_4
central,2x10 #3,2025-03-07,2x10,3,10,235,True,G3_4
central,2x10 #3,2025-03-14,2x10,3,10,240,True,G3_4
central,2x10 #3,2025-03-21,2x10,3,10,250,True,G3_4
central,2x10 #3,2025-03-28,2x10,3,10,255,True,G3_4
central,2x10 #3,2025-04-04,2x10,3,10,260,True,G3_4
central,2x10 #3,2025-04-11,2x10,3,10,270,True,G3_4
central,2x10 #3,2025-04-18,2x10,3,10,275,True,G3_4
central,2x10 #3,2025-04-25,2x10,3,10,280,True,G3_4
central,2x10 #3,2025-05-02,2x10,3,10,285,True,G3_4
central,2x10 #3,2025-05-09,2x10,3,10,285,True,G3_4
central,2x10 #3,2025-05-16,2x10,3,10,270,True,G3_4
central,2x10 #3,2025-05-23,2x10,3,10,260,True,G3_4
central,2x10 #3,2025-05-30,2x10,3,10,255,True,G3_4
central,2x10 #3,2025-06-06,2x10,3,10,250,True,G3_4
central,2x10 #3,2025-06-13,2x10,3,10,250,True,G3_4
central,2x10 #3,2025-06-19,2x10,3,10,245,True,G3_4
central,2x10 #3,2025-06-27,2x10,3,10,245,True,G3_4
central,2x10 #3,2025-07-03,2x10,3,10,240,True,G3_4
central,2x10 #3,2025-07-11,2x10,3,10,235,True,G3_4
central,2x10 #3,2025-07-18,2x10,3,10,235,True,G3_4
central,2x10 #3,2025-07-25,2x10,3,10,235,True,G3_4
central,2x10 #3,2025-08-01,2x10,3,10,235,True,G3_4
central,2x10 #3,2025-08-08,2x10,3,10,230,True,G3_4
central,2x10 #3,2025-08-15,2x10,3,10,225,True,G3_4
central,2x10 #3,2025-08-22,2x10,3,10,225,True,G3_4
central,2x10 #3,2025-08-29,2x10,3,10,220,True,G3_4
central,2x10 #3,2025-09-05,2x10,3,10,215,True,G3_4
central,2x10 #3,2025-09-12,2x10,3,10,215,True,G3_4
central,2x10 #3,2025-09-19,2x10,3,10,215,True,G3_4
central,2x10 #3,2025-09-26,2x10,3,10,215,True,G3_4
central,2x10 #3,2025-10-03,2x10,3,10,215,True,G3_4
central,2x10 #3,2025-10-10,2x10,3,10,210,True,G3_4
central,2x10 #3,2025-10-17,2x10,3,10,210,True,G3_4
central,2x10 #3,2024-01-12,2x10,3,12,195,True,G3_4
central,2x10 #3,2024-01-18,2x10,3,12,195,True,G3_4
central,2x10 #3,2024-01-25,2x10,3,12,190,True,G3_4
central,2x10 #3,2024-02-08,2x10,3,12,190,True,G3_4
central,2x10 #3,2024-02-15,2x10,3,12,190,True,G3_4
central,2x10 #3,2024-02-22,2x10,3,12,195,True,G3_4
central,2x10 #3,2024-02-29,2x10,3,12,195,True,G3_4
central,2x10 #3,2024-03-07,2x10,3,12,200,True,G3_4
central,2x10 #3,2024-03-14,2x10,3,12,205,True,G3_4
central,2x10 #3,2024-03-21,2x10,3,12,205,True,G3_4
central,2x10 #3,2024-03-28,2x10,3,12,205,True,G3_4
central,2x10 #3,2024-04-04,2x10,3,12,210,True,G3_4
central,2x10 #3,2024-04-11,2x10,3,12,210,True,G3_4
central,2x10 #3,2024-04-18,2x10,3,12,215,True,G3_4
central,2x10 #3,2024-04-25,2x10,3,12,215,True,G3_4
central,2x10 #3,2024-05-02,2x10,3,12,215,True,G3_4
central,2x10 #3,2024-05-09,2x10,3,12,220,True,G3_4
central,2x10 #3,2024-05-16,2x10,3,12,225,True,G3_4
central,2x10 #3,2024-05-30,2x10,3,12,225,True,G3_4
central,2x10 #3,2024-06-06,2x10,3,12,225,True,G3_4
central,2x10 #3,2024-06-13,2x10,3,12,225,True,G3_4
central,2x10 #3,2024-06-20,2x10,3,12,220,True,G3_4
central,2x10 #3,2024-06-27,2x10,3,12,220,True,G3_4
central,2x10 #3,2024-07-04,2x10,3,12,220,True,G3_4
central,2x10 #3,2024-07-11,2x10,3,12,220,True,G3_4
central,2x10 #3,2024-07-18,2x10,3,12,220,True,G3_4
central,2x10 #3,2024-07-25,2x10,3,12,220,True,G3_4
central,2x10 #3,2024-08-01,2x10,3,12,220,True,G3_4
central,2x10 #3,2024-08-08,2x10,3,12,220,True,G3_4
central,2x10 #3,2024-08-15,2x10,3,12,220,True,G3_4
central,2x10 #3,2024-08-22,2x10,3,12,220,True,G3_4
central,2x10 #3,2024-08-29,2x10,3,12,220,True,G3_4
central,2x10 #3,2024-09-05,2x10,3,12,220,True,G3_4
central,2x10 #3,2024-09-12,2x10,3,12,220,True,G3_4
central,2x10 #3,2024-09-20,2x10,3,12,220,True,G3_4
central,2x10 #3,2024-09-27,2x10,3,12,220,True,G3_4
central,2x10 #3,2024-10-04,2x10,3,12,220,True,G3_4
central,2x10 #3,2024-10-11,2x10,3,12,220,True,G3_4
central,2x10 #3,2024-10-18,2x10,3,12,220,True,G3_4
central,2x10 #3,2024-10-25,2x10,3,12,230,True,G3_4
central,2x10 #3,2024-11-01,2x10,3,12,230,True,G3_4
central,2x10 #3,2024-11-08,2x10,3,12,230,True,G3_4
central,2x10 #3,2024-11-15,2x10,3,12,230,True,G3_4
central,2x10 #3,2024-11-22,2x10,3,12,225,True,G3_4
central,2x10 #3,2024-11-27,2x10,3,12,220,True,G3_4
central,2x10 #3,2024-12-06,2x10,3,12,220,True,G3_4
central,2x10 #3,2024-12-13,2x10,3,12,210,True,G3_4
central,2x10 #3,2024-12-20,2x10,3,12,210,True,G3_4
central,2x10 #3,2025-01-03,2x10,3,12,215,True,G3_4
central,2x10 #3,2025-01-10,2x10,3,12,215,True,G3_4
central,2x10 #3,2025-01-17,2x10,3,12,215,True,G3_4
central,2x10 #3,2025-01-24,2x10,3,12,215,True,G3_4
central,2x10 #3,2025-01-31,2x10,3,12,220,True,G3_4
central,2x10 #3,2025-02-07,2x10,3,12,225,True,G3_4
central,2x10 #3,2025-02-14,2x10,3,12,225,True,G3_4
central,2x10 #3,2025-02-21,2x10,3,12,230,True,G3_4
central,2x10 #3,2025-02-28,2x10,3,12,230,True,G3_4
central,2x10 #3,2025-03-07,2x10,3,12,235,True,G3_4
central,2x10 #3,2025-03-14,2x10,3,12,240,True,G3_4
central,2x10 #3,2025-03-21,2x10,3,12,250,True,G3_4
central,2x10 #3,2025-03-28,2x10,3,12,255,True,G3_4
central,2x10 #3,2025-04-04,2x10,3,12,260,True,G3_4
central,2x10 #3,2025-04-11,2x10,3,12,270,True,G3_4
central,2x10 #3,2025-04-18,2x10,3,12,275,True,G3_4
central,2x10 #3,2025-04-25,2x10,3,12,280,True,G3_4
central,2x10 #3,2025-05-02,2x10,3,12,285,True,G3_4
central,2x10 #3,2025-05-09,2x10,3,12,285,True,G3_4
central,2x10 #3,2025-05-16,2x10,3,12,270,True,G3_4
central,2x10 #3,2025-05-23,2x10,3,12,260,True,G3_4
central,2x10 #3,2025-05-30,2x10,3,12,255,True,G3_4
central,2x10 #3,2025-06-06,2x10,3,12,250,True,G3_4
central,2x10 #3,2025-06-13,2x10,3,12,250,True,G3_4
central,2x10 #3,2025-06-19,2x10,3,12,245,True,G3_4
central,2x10 #3,2025-06-27,2x10,3,12,245,True,G3_4
central,2x10 #3,2025-07-03,2x10,3,12,240,True,G3_4
central,2x10 #3,2025-07-11,2x10,3,12,235,True,G3_4
central,2x10 #3,2025-07-18,2x10,3,12,235,True,G3_4
central,2x10 #3,2025-07-25,2x10,3,12,235,True,G3_4
central,2x10 #3,2025-08-01,2x10,3,12,235,True,G3_4
central,2x10 #3,2025-08-08,2x10,3,12,230,True,G3_4
central,2x10 #3,2025-08-15,2x10,3,12,225,True,G3_4
central,2x10 #3,2025-08-22,2x10,3,12,225,True,G3_4
central,2x10 #3,2025-08-29,2x10,3,12,220,True,G3_4
central,2x10 #3,2025-09-05,2x10,3,12,215,True,G3_4
central,2x10 #3,2025-09-12,2x10,3,12,215,True,G3_4
central,2x10 #3,2025-09-19,2x10,3,12,215,True,G3_4
central,2x10 #3,2025-09-26,2x10,3,12,215,True,G3_4
central,2x10 #3,2025-10-03,2x10,3,12,215,True,G3_4
central,2x10 #3,2025-10-10,2x10,3,12,210,True,G3_4
central,2x10 #3,2025-10-17,2x10,3,12,210,True,G3_4
central,2x10 #3,2024-01-12,2x10,3,14,195,True,G3_4
central,2x10 #3,2024-01-18,2x10,3,14,195,True,G3_4
central,2x10 #3,2024-01-25,2x10,3,14,190,True,G3_4
central,2x10 #3,2024-02-08,2x10,3,14,190,True,G3_4
central,2x10 #3,2024-02-15,2x10,3,14,190,True,G3_4
central,2x10 #3,2024-02-22,2x10,3,14,195,True,G3_4
central,2x10 #3,2024-02-29,2x10,3,14,195,True,G3_4
central,2x10 #3,2024-03-07,2x10,3,14,200,True,G3_4
central,2x10 #3,2024-03-14,2x10,3,14,205,True,G3_4
central,2x10 #3,2024-03-21,2x10,3,14,205,True,G3_4
central,2x10 #3,2024-03-28,2x10,3,14,205,True,G3_4
central,2x10 #3,2024-04-04,2x10,3,14,210,True,G3_4
central,2x10 #3,2024-04-11,2x10,3,14,210,True,G3_4
central,2x10 #3,2024-04-18,2x10,3,14,215,True,G3_4
central,2x10 #3,2024-04-25,2x10,3,14,215,True,G3_4
central,2x10 #3,2024-05-02,2x10,3,14,215,True,G3_4
central,2x10 #3,2024-05-09,2x10,3,14,220,True,G3_4
central,2x10 #3,2024-05-16,2x10,3,14,225,True,G3_4
central,2x10 #3,2024-05-30,2x10,3,14,225,True,G3_4
central,2x10 #3,2024-06-06,2x10,3,14,225,True,G3_4
central,2x10 #3,2024-06-13,2x10,3,14,225,True,G3_4
central,2x10 #3,2024-06-20,2x10,3,14,220,True,G3_4
central,2x10 #3,2024-06-27,2x10,3,14,220,True,G3_4
central,2x10 #3,2024-07-04,2x10,3,14,220,True,G3_4
central,2x10 #3,2024-07-11,2x10,3,14,220,True,G3_4
central,2x10 #3,2024-07-18,2x10,3,14,220,True,G3_4
central,2x10 #3,2024-07-25,2x10,3,14,220,True,G3_4
central,2x10 #3,2024-08-01,2x10,3,14,220,True,G3_4
central,2x10 #3,2024-08-08,2x10,3,14,220,True,G3_4
central,2x10 #3,2024-08-15,2x10,3,14,220,True,G3_4
central,2x10 #3,2024-08-22,2x10,3,14,220,True,G3_4
central,2x10 #3,2024-08-29,2x10,3,14,220,True,G3_4
central,2x10 #3,2024-09-05,2x10,3,14,220,True,G3_4
central,2x10 #3,2024-09-12,2x10,3,14,220,True,G3_4
central,2x10 #3,2024-09-20,2x10,3,14,220,True,G3_4
central,2x10 #3,2024-09-27,2x10,3,14,220,True,G3_4
central,2x10 #3,2024-10-04,2x10,3,14,220,True,G3_4
central,2x10 #3,2024-10-11,2x10,3,14,220,True,G3_4
central,2x10 #3,2024-10-18,2x10,3,14,220,True,G3_4
central,2x10 #3,2024-10-25,2x10,3,14,230,True,G3_4
central,2x10 #3,2024-11-01,2x10,3,14,230,True,G3_4
central,2x10 #3,2024-11-08,2x10,3,14,230,True,G3_4
central,2x10 #3,2024-11-15,2x10,3,14,230,True,G3_4
central,2x10 #3,2024-11-22,2x10,3,14,225,True,G3_4
central,2x10 #3,2024-11-27,2x10,3,14,220,True,G3_4
central,2x10 #3,2024-12-06,2x10,3,14,220,True,G3_4
central,2x10 #3,2024-12-13,2x10,3,14,210,True,G3_4
central,2x10 #3,2024-12-20,2x10,3,14,210,True,G3_4
central,2x10 #3,2025-01-03,2x10,3,14,215,True,G3_4
central,2x10 #3,2025-01-10,2x10,3,14,215,True,G3_4
central,2x10 #3,2025-01-17,2x10,3,14,215,True,G3_4
central,2x10 #3,2025-01-24,2x10,3,14,215,True,G3_4
central,2x10 #3,2025-01-31,2x10,3,14,220,True,G3_4
central,2x10 #3,2025-02-07,2x10,3,14,225,True,G3_4
central,2x10 #3,2025-02-14,2x10,3,14,225,True,G3_4
central,2x10 #3,2025-02-21,2x10,3,14,230,True,G3_4
central,2x10 #3,2025-02-28,2x10,3,14,230,True,G3_4
central,2x10 #3,2025-03-07,2x10,3,14,235,True,G3_4
central,2x10 #3,2025-03-14,2x10,3,14,240,True,G3_4
central,2x10 #3,2025-03-21,2x10,3,14,250,True,G3_4
central,2x10 #3,2025-03-28,2x10,3,14,255,True,G3_4
central,2x10 #3,2025-04-04,2x10,3,14,260,True,G3_4
central,2x10 #3,2025-04-11,2x10,3,14,270,True,G3_4
central,2x10 #3,2025-04-18,2x10,3,14,275,True,G3_4
central,2x10 #3,2025-04-25,2x10,3,14,280,True,G3_4
central,2x10 #3,2025-05-02,2x10,3,14,285,True,G3_4
central,2x10 #3,2025-05-09,2x10,3,14,285,True,G3_4
central,2x10 #3,2025-05-16,2x10,3,14,270,True,G3_4
central,2x10 #3,2025-05-23,2x10,3,14,260,True,G3_4
central,2x10 #3,2025-05-30,2x10,3,14,255,True,G3_4
central,2x10 #3,2025-06-06,2x10,3,14,250,True,G3_4
central,2x10 #3,2025-06-13,2x10,3,14,250,True,G3_4
central,2x10 #3,2025-06-19,2x10,3,14,245,True,G3_4
central,2x10 #3,2025-06-27,2x10,3,14,245,True,G3_4
central,2x10 #3,2025-07-03,2x10,3,14,240,True,G3_4
central,2x10 #3,2025-07-11,2x10,3,14,235,True,G3_4
central,2x10 #3,2025-07-18,2x10,3,14,235,True,G3_4
central,2x10 #3,2025-07-25,2x10,3,14,235,True,G3_4
central,2x10 #3,2025-08-01,2x10,3,14,235,True,G3_4
central,2x10 #3,2025-08-08,2x10,3,14,230,True,G3_4
central,2x10 #3,2025-08-15,2x10,3,14,225,True,G3_4
central,2x10 #3,2025-08-22,2x10,3,14,225,True,G3_4
central,2x10 #3,2025-08-29,2x10,3,14,220,True,G3_4
central,2x10 #3,2025-09-05,2x10,3,14,215,True,G3_4
central,2x10 #3,2025-09-12,2x10,3,14,215,True,G3_4
central,2x10 #3,2025-09-19,2x10,3,14,215,True,G3_4
central,2x10 #3,2025-09-26,2x10,3,14,215,True,G3_4
central,2x10 #3,2025-10-03,2x10,3,14,215,True,G3_4
central,2x10 #3,2025-10-10,2x10,3,14,210,True,G3_4
central,2x10 #3,2025-10-17,2x10,3,14,210,True,G3_4
central,2x10 #3,2024-01-12,2x10,3,16,195,True,G3_4
central,2x10 #3,2024-01-18,2x10,3,16,195,True,G3_4
central,2x10 #3,2024-01-25,2x10,3,16,190,True,G3_4
central,2x10 #3,2024-02-08,2x10,3,16,190,True,G3_4
central,2x10 #3,2024-02-15,2x10,3,16,190,True,G3_4
central,2x10 #3,2024-02-22,2x10,3,16,195,True,G3_4
central,2x10 #3,2024-02-29,2x10,3,16,195,True,G3_4
central,2x10 #3,2024-03-07,2x10,3,16,200,True,G3_4
central,2x10 #3,2024-03-14,2x10,3,16,205,True,G3_4
central,2x10 #3,2024-03-21,2x10,3,16,205,True,G3_4
central,2x10 #3,2024-03-28,2x10,3,16,205,True,G3_4
central,2x10 #3,2024-04-04,2x10,3,16,210,True,G3_4
central,2x10 #3,2024-04-11,2x10,3,16,210,True,G3_4
central,2x10 #3,2024-04-18,2x10,3,16,215,True,G3_4
central,2x10 #3,2024-04-25,2x10,3,16,215,True,G3_4
central,2x10 #3,2024-05-02,2x10,3,16,215,True,G3_4
central,2x10 #3,2024-05-09,2x10,3,16,220,True,G3_4
central,2x10 #3,2024-05-16,2x10,3,16,225,True,G3_4
central,2x10 #3,2024-05-30,2x10,3,16,225,True,G3_4
central,2x10 #3,2024-06-06,2x10,3,16,225,True,G3_4
central,2x10 #3,2024-06-13,2x10,3,16,225,True,G3_4
central,2x10 #3,2024-06-20,2x10,3,16,220,True,G3_4
central,2x10 #3,2024-06-27,2x10,3,16,220,True,G3_4
central,2x10 #3,2024-07-04,2x10,3,16,220,True,G3_4
central,2x10 #3,2024-07-11,2x10,3,16,220,True,G3_4
central,2x10 #3,2024-07-18,2x10,3,16,220,True,G3_4
central,2x10 #3,2024-07-25,2x10,3,16,220,True,G3_4
central,2x10 #3,2024-08-01,2x10,3,16,220,True,G3_4
central,2x10 #3,2024-08-08,2x10,3,16,220,True,G3_4
central,2x10 #3,2024-08-15,2x10,3,16,220,True,G3_4
central,2x10 #3,2024-08-22,2x10,3,16,220,True,G3_4
central,2x10 #3,2024-08-29,2x10,3,16,220,True,G3_4
central,2x10 #3,2024-09-05,2x10,3,16,220,True,G3_4
central,2x10 #3,2024-09-12,2x10,3,16,220,True,G3_4
central,2x10 #3,2024-09-20,2x10,3,16,220,True,G3_4
central,2x10 #3,2024-09-27,2x10,3,16,220,True,G3_4
central,2x10 #3,2024-10-04,2x10,3,16,220,True,G3_4
central,2x10 #3,2024-10-11,2x10,3,16,220,True,G3_4
central,2x10 #3,2024-10-18,2x10,3,16,220,True,G3_4
central,2x10 #3,2024-10-25,2x10,3,16,230,True,G3_4
central,2x10 #3,2024-11-01,2x10,3,16,230,True,G3_4
central,2x10 #3,2024-11-08,2x10,3,16,230,True,G3_4
central,2x10 #3,2024-11-15,2x10,3,16,230,True,G3_4
central,2x10 #3,2024-11-22,2x10,3,16,225,True,G3_4
central,2x10 #3,2024-11-27,2x10,3,16,220,True,G3_4
central,2x10 #3,2024-12-06,2x10,3,16,220,True,G3_4
central,2x10 #3,2024-12-13,2x10,3,16,210,True,G3_4
central,2x10 #3,2024-12-20,2x10,3,16,210,True,G3_4
central,2x10 #3,2025-01-03,2x10,3,16,215,True,G3_4
central,2x10 #3,2025-01-10,2x10,3,16,215,True,G3_4
central,2x10 #3,2025-01-17,2x10,3,16,215,True,G3_4
central,2x10 #3,2025-01-24,2x10,3,16,215,True,G3_4
central,2x10 #3,2025-01-31,2x10,3,16,220,True,G3_4
central,2x10 #3,2025-02-07,2x10,3,16,225,True,G3_4
central,2x10 #3,2025-02-14,2x10,3,16,225,True,G3_4
central,2x10 #3,2025-02-21,2x10,3,16,230,True,G3_4
central,2x10 #3,2025-02-28,2x10,3,16,230,True,G3_4
central,2x10 #3,2025-03-07,2x10,3,16,235,True,G3_4
central,2x10 #3,2025-03-14,2x10,3,16,240,True,G3_4
central,2x10 #3,2025-03-21,2x10,3,16,250,True,G3_4
central,2x10 #3,2025-03-28,2x10,3,16,255,True,G3_4
central,2x10 #3,2025-04-04,2x10,3,16,260,True,G3_4
central,2x10 #3,2025-04-11,2x10,3,16,270,True,G3_4
central,2x10 #3,2025-04-18,2x10,3,16,275,True,G3_4
central,2x10 #3,2025-04-25,2x10,3,16,280,True,G3_4
central,2x10 #3,2025-05-02,2x10,3,16,285,True,G3_4
central,2x10 #3,2025-05-09,2x10,3,16,285,True,G3_4
central,2x10 #3,2025-05-16,2x10,3,16,270,True,G3_4
central,2x10 #3,2025-05-23,2x10,3,16,260,True,G3_4
central,2x10 #3,2025-05-30,2x10,3,16,255,True,G3_4
central,2x10 #3,2025-06-06,2x10,3,16,250,True,G3_4
central,2x10 #3,2025-06-13,2x10,3,16,250,True,G3_4
central,2x10 #3,2025-06-19,2x10,3,16,245,True,G3_4
central,2x10 #3,2025-06-27,2x10,3,16,245,True,G3_4
central,2x10 #3,2025-07-03,2x10,3,16,240,True,G3_4
central,2x10 #3,2025-07-11,2x10,3,16,235,True,G3_4
central,2x10 #3,2025-07-18,2x10,3,16,235,True,G3_4
central,2x10 #3,2025-07-25,2x10,3,16,235,True,G3_4
central,2x10 #3,2025-08-01,2x10,3,16,235,True,G3_4
central,2x10 #3,2025-08-08,2x10,3,16,230,True,G3_4
central,2x10 #3,2025-08-15,2x10,3,16,225,True,G3_4
central,2x10 #3,2025-08-22,2x10,3,16,225,True,G3_4
central,2x10 #3,2025-08-29,2x10,3,16,220,True,G3_4
central,2x10 #3,2025-09-05,2x10,3,16,215,True,G3_4
central,2x10 #3,2025-09-12,2x10,3,16,215,True,G3_4
central,2x10 #3,2025-09-19,2x10,3,16,215,True,G3_4
central,2x10 #3,2025-09-26,2x10,3,16,215,True,G3_4
central,2x10 #3,2025-10-03,2x10,3,16,215,True,G3_4
central,2x10 #3,2025-10-10,2x10,3,16,210,True,G3_4
central,2x10 #3,2025-10-17,2x10,3,16,210,True,G3_4
central,2x10 #3,2024-01-12,2x10,3,18,195,True,G3_4
central,2x10 #3,2024-01-18,2x10,3,18,195,True,G3_4
central,2x10 #3,2024-01-25,2x10,3,18,190,True,G3_4
central,2x10 #3,2024-02-08,2x10,3,18,190,True,G3_4
central,2x10 #3,2024-02-15,2x10,3,18,190,True,G3_4
central,2x10 #3,2024-02-22,2x10,3,18,195,True,G3_4
central,2x10 #3,2024-02-29,2x10,3,18,195,True,G3_4
central,2x10 #3,2024-03-07,2x10,3,18,200,True,G3_4
central,2x10 #3,2024-03-14,2x10,3,18,205,True,G3_4
central,2x10 #3,2024-03-21,2x10,3,18,205,True,G3_4
central,2x10 #3,2024-03-28,2x10,3,18,205,True,G3_4
central,2x10 #3,2024-04-04,2x10,3,18,210,True,G3_4
central,2x10 #3,2024-04-11,2x10,3,18,210,True,G3_4
central,2x10 #3,2024-04-18,2x10,3,18,215,True,G3_4
central,2x10 #3,2024-04-25,2x10,3,18,215,True,G3_4
central,2x10 #3,2024-05-02,2x10,3,18,215,True,G3_4
central,2x10 #3,2024-05-09,2x10,3,18,220,True,G3_4
central,2x10 #3,2024-05-16,2x10,3,18,225,True,G3_4
central,2x10 #3,2024-05-30,2x10,3,18,225,True,G3_4
central,2x10 #3,2024-06-06,2x10,3,18,225,True,G3_4
central,2x10 #3,2024-06-13,2x10,3,18,225,True,G3_4
central,2x10 #3,2024-06-20,2x10,3,18,220,True,G3_4
central,2x10 #3,2024-06-27,2x10,3,18,220,True,G3_4
central,2x10 #3,2024-07-04,2x10,3,18,220,True,G3_4
central,2x10 #3,2024-07-11,2x10,3,18,220,True,G3_4
central,2x10 #3,2024-07-18,2x10,3,18,220,True,G3_4
central,2x10 #3,2024-07-25,2x10,3,18,220,True,G3_4
central,2x10 #3,2024-08-01,2x10,3,18,220,True,G3_4
central,2x10 #3,2024-08-08,2x10,3,18,220,True,G3_4
central,2x10 #3,2024-08-15,2x10,3,18,220,True,G3_4
central,2x10 #3,2024-08-22,2x10,3,18,220,True,G3_4
central,2x10 #3,2024-08-29,2x10,3,18,220,True,G3_4
central,2x10 #3,2024-09-05,2x10,3,18,220,True,G3_4
central,2x10 #3,2024-09-12,2x10,3,18,220,True,G3_4
central,2x10 #3,2024-09-20,2x10,3,18,220,True,G3_4
central,2x10 #3,2024-09-27,2x10,3,18,220,True,G3_4
central,2x10 #3,2024-10-04,2x10,3,18,220,True,G3_4
central,2x10 #3,2024-10-11,2x10,3,18,220,True,G3_4
central,2x10 #3,2024-10-18,2x10,3,18,220,True,G3_4
central,2x10 #3,2024-10-25,2x10,3,18,230,True,G3_4
central,2x10 #3,2024-11-01,2x10,3,18,230,True,G3_4
central,2x10 #3,2024-11-08,2x10,3,18,230,True,G3_4
central,2x10 #3,2024-11-15,2x10,3,18,230,True,G3_4
central,2x10 #3,2024-11-22,2x10,3,18,225,True,G3_4
central,2x10 #3,2024-11-27,2x10,3,18,220,True,G3_4
central,2x10 #3,2024-12-06,2x10,3,18,220,True,G3_4
central,2x10 #3,2024-12-13,2x10,3,18,210,True,G3_4
central,2x10 #3,2024-12-20,2x10,3,18,210,True,G3_4
central,2x10 #3,2025-01-03,2x10,3,18,215,True,G3_4
central,2x10 #3,2025-01-10,2x10,3,18,215,True,G3_4
central,2x10 #3,2025-01-17,2x10,3,18,215,True,G3_4
central,2x10 #3,2025-01-24,2x10,3,18,215,True,G3_4
central,2x10 #3,2025-01-31,2x10,3,18,220,True,G3_4
central,2x10 #3,2025-02-07,2x10,3,18,225,True,G3_4
central,2x10 #3,2025-02-14,2x10,3,18,225,True,G3_4
central,2x10 #3,2025-02-21,2x10,3,18,230,True,G3_4
central,2x10 #3,2025-02-28,2x10,3,18,230,True,G3_4
central,2x10 #3,2025-03-07,2x10,3,18,235,True,G3_4
central,2x10 #3,2025-03-14,2x10,3,18,240,True,G3_4
central,2x10 #3,2025-03-21,2x10,3,18,250,True,G3_4
central,2x10 #3,2025-03-28,2x10,3,18,255,True,G3_4
central,2x10 #3,2025-04-04,2x10,3,18,260,True,G3_4
central,2x10 #3,2025-04-11,2x10,3,18,270,True,G3_4
central,2x10 #3,2025-04-18,2x10,3,18,275,True,G3_4
central,2x10 #3,2025-04-25,2x10,3,18,280,True,G3_4
central,2x10 #3,2025-05-02,2x10,3,18,285,True,G3_4
central,2x10 #3,2025-05-09,2x10,3,18,285,True,G3_4
central,2x10 #3,2025-05-16,2x10,3,18,270,True,G3_4
central,2x10 #3,2025-05-23,2x10,3,18,260,True,G3_4
central,2x10 #3,2025-05-30,2x10,3,18,255,True,G3_4
central,2x10 #3,2025-06-06,2x10,3,18,250,True,G3_4
central,2x10 #3,2025-06-13,2x10,3,18,250,True,G3_4
central,2x10 #3,2025-06-19,2x10,3,18,245,True,G3_4
central,2x10 #3,2025-06-27,2x10,3,18,245,True,G3_4
central,2x10 #3,2025-07-03,2x10,3,18,240,True,G3_4
central,2x10 #3,2025-07-11,2x10,3,18,235,True,G3_4
central,2x10 #3,2025-07-18,2x10,3,18,235,True,G3_4
central,2x10 #3,2025-07-25,2x10,3,18,235,True,G3_4
central,2x10 #3,2025-08-01,2x10,3,18,235,True,G3_4
central,2x10 #3,2025-08-08,2x10,3,18,230,True,G3_4
central,2x10 #3,2025-08-15,2x10,3,18,225,True,G3_4
central,2x10 #3,2025-08-22,2x10,3,18,225,True,G3_4
central,2x10 #3,2025-08-29,2x10,3,18,220,True,G3_4
central,2x10 #3,2025-09-05,2x10,3,18,215,True,G3_4
central,2x10 #3,2025-09-12,2x10,3,18,215,True,G3_4
central,2x10 #3,2025-09-19,2x10,3,18,215,True,G3_4
central,2x10 #3,2025-09-26,2x10,3,18,215,True,G3_4
central,2x10 #3,2025-10-03,2x10,3,18,215,True,G3_4
central,2x10 #3,2025-10-10,2x10,3,18,210,True,G3_4
central,2x10 #3,2025-10-17,2x10,3,18,210,True,G3_4
central,2x10 #3,2024-01-12,2x10,3,20,195,True,G3_4
central,2x10 #3,2024-01-18,2x10,3,20,195,True,G3_4
central,2x10 #3,2024-01-25,2x10,3,20,190,True,G3_4
central,2x10 #3,2024-02-08,2x10,3,20,190,True,G3_4
central,2x10 #3,2024-02-15,2x10,3,20,190,True,G3_4
central,2x10 #3,2024-02-22,2x10,3,20,195,True,G3_4
central,2x10 #3,2024-02-29,2x10,3,20,195,True,G3_4
central,2x10 #3,2024-03-07,2x10,3,20,200,True,G3_4
central,2x10 #3,2024-03-14,2x10,3,20,205,True,G3_4
central,2x10 #3,2024-03-21,2x10,3,20,205,True,G3_4
central,2x10 #3,2024-03-28,2x10,3,20,205,True,G3_4
central,2x10 #3,2024-04-04,2x10,3,20,210,True,G3_4
central,2x10 #3,2024-04-11,2x10,3,20,210,True,G3_4
central,2x10 #3,2024-04-18,2x10,3,20,215,True,G3_4
central,2x10 #3,2024-04-25,2x10,3,20,215,True,G3_4
central,2x10 #3,2024-05-02,2x10,3,20,215,True,G3_4
central,2x10 #3,2024-05-09,2x10,3,20,220,True,G3_4
central,2x10 #3,2024-05-16,2x10,3,20,225,True,G3_4
central,2x10 #3,2024-05-30,2x10,3,20,225,True,G3_4
central,2x10 #3,2024-06-06,2x10,3,20,225,True,G3_4
central,2x10 #3,2024-06-13,2x10,3,20,225,True,G3_4
central,2x10 #3,2024-06-20,2x10,3,20,220,True,G3_4
central,2x10 #3,2024-06-27,2x10,3,20,220,True,G3_4
central,2x10 #3,2024-07-04,2x10,3,20,220,True,G3_4
central,2x10 #3,2024-07-11,2x10,3,20,220,True,G3_4
central,2x10 #3,2024-07-18,2x10,3,20,220,True,G3_4
central,2x10 #3,2024-07-25,2x10,3,20,220,True,G3_4
central,2x10 #3,2024-08-01,2x10,3,20,220,True,G3_4
central,2x10 #3,2024-08-08,2x10,3,20,220,True,G3_4
central,2x10 #3,2024-08-15,2x10,3,20,220,True,G3_4
central,2x10 #3,2024-08-22,2x10,3,20,220,True,G3_4
central,2x10 #3,2024-08-29,2x10,3,20,220,True,G3_4
central,2x10 #3,2024-09-05,2x10,3,20,220,True,G3_4
central,2x10 #3,2024-09-12,2x10,3,20,220,True,G3_4
central,2x10 #3,2024-09-20,2x10,3,20,220,True,G3_4
central,2x10 #3,2024-09-27,2x10,3,20,220,True,G3_4
central,2x10 #3,2024-10-04,2x10,3,20,220,True,G3_4
central,2x10 #3,2024-10-11,2x10,3,20,220,True,G3_4
central,2x10 #3,2024-10-18,2x10,3,20,220,True,G3_4
central,2x10 #3,2024-10-25,2x10,3,20,230,True,G3_4
central,2x10 #3,2024-11-01,2x10,3,20,230,True,G3_4
central,2x10 #3,2024-11-08,2x10,3,20,230,True,G3_4
central,2x10 #3,2024-11-15,2x10,3,20,230,True,G3_4
central,2x10 #3,2024-11-22,2x10,3,20,225,True,G3_4
central,2x10 #3,2024-11-27,2x10,3,20,220,True,G3_4
central,2x10 #3,2024-12-06,2x10,3,20,220,True,G3_4
central,2x10 #3,2024-12-13,2x10,3,20,210,True,G3_4
central,2x10 #3,2024-12-20,2x10,3,20,210,True,G3_4
central,2x10 #3,2025-01-03,2x10,3,20,215,True,G3_4
central,2x10 #3,2025-01-10,2x10,3,20,215,True,G3_4
central,2x10 #3,2025-01-17,2x10,3,20,215,True,G3_4
central,2x10 #3,2025-01-24,2x10,3,20,215,True,G3_4
central,2x10 #3,2025-01-31,2x10,3,20,220,True,G3_4
central,2x10 #3,2025-02-07,2x10,3,20,225,True,G3_4
central,2x10 #3,2025-02-14,2x10,3,20,225,True,G3_4
central,2x10 #3,2025-02-21,2x10,3,20,230,True,G3_4
central,2x10 #3,2025-02-28,2x10,3,20,230,True,G3_4
central,2x10 #3,2025-03-07,2x10,3,20,235,True,G3_4
central,2x10 #3,2025-03-14,2x10,3,20,240,True,G3_4
central,2x10 #3,2025-03-21,2x10,3,20,250,True,G3_4
central,2x10 #3,2025-03-28,2x10,3,20,255,True,G3_4
central,2x10 #3,2025-04-04,2x10,3,20,260,True,G3_4
central,2x10 #3,2025-04-11,2x10,3,20,270,True,G3_4
central,2x10 #3,2025-04-18,2x10,3,20,275,True,G3_4
central,2x10 #3,2025-04-25,2x10,3,20,280,True,G3_4
central,2x10 #3,2025-05-02,2x10,3,20,285,True,G3_4
central,2x10 #3,2025-05-09,2x10,3,20,285,True,G3_4
central,2x10 #3,2025-05-16,2x10,3,20,270,True,G3_4
central,2x10 #3,2025-05-23,2x10,3,20,260,True,G3_4
central,2x10 #3,2025-05-30,2x10,3,20,255,True,G3_4
central,2x10 #3,2025-06-06,2x10,3,20,250,True,G3_4
central,2x10 #3,2025-06-13,2x10,3,20,250,True,G3_4
central,2x10 #3,2025-06-19,2x10,3,20,245,True,G3_4
central,2x10 #3,2025-06-27,2x10,3,20,245,True,G3_4
central,2x10 #3,2025-07-03,2x10,3,20,240,True,G3_4
central,2x10 #3,2025-07-11,2x10,3,20,235,True,G3_4
central,2x10 #3,2025-07-18,2x10,3,20,235,True,G3_4
central,2x10 #3,2025-07-25,2x10,3,20,235,True,G3_4
central,2x10 #3,2025-08-01,2x10,3,20,235,True,G3_4
central,2x10 #3,2025-08-08,2x10,3,20,230,True,G3_4
central,2x10 #3,2025-08-15,2x10,3,20,225,True,G3_4
central,2x10 #3,2025-08-22,2x10,3,20,225,True,G3_4
central,2x10 #3,2025-08-29,2x10,3,20,220,True,G3_4
central,2x10 #3,2025-09-05,2x10,3,20,215,True,G3_4
central,2x10 #3,2025-09-12,2x10,3,20,215,True,G3_4
central,2x10 #3,2025-09-19,2x10,3,20,215,True,G3_4
central,2x10 #3,2025-09-26,2x10,3,20,215,True,G3_4
central,2x10 #3,2025-10-03,2x10,3,20,215,True,G3_4
central,2x10 #3,2025-10-10,2x10,3,20,210,True,G3_4
central,2x10 #3,2025-10-17,2x10,3,20,210,True,G3_4
central,2x10,2024-01-12,2x10,4,8,150,True,G3_4
central,2x10,2024-01-18,2x10,4,8,150,True,G3_4
central,2x10,2024-01-25,2x10,4,8,150,True,G3_4
central,2x10,2024-02-08,2x10,4,8,150,True,G3_4
central,2x10,2024-02-15,2x10,4,8,150,True,G3_4
central,2x10,2024-02-22,2x10,4,8,145,True,G3_4
central,2x10,2024-02-29,2x10,4,8,150,True,G3_4
central,2x10,2024-03-07,2x10,4,8,155,True,G3_4
central,2x10,2024-03-14,2x10,4,8,155,True,G3_4
central,2x10,2024-03-21,2x10,4,8,155,True,G3_4
central,2x10,2024-03-28,2x10,4,8,155,True,G3_4
central,2x10,2024-04-04,2x10,4,8,155,True,G3_4
central,2x10,2024-04-11,2x10,4,8,160,True,G3_4
central,2x10,2024-04-18,2x10,4,8,160,True,G3_4
central,2x10,2024-04-25,2x10,4,8,155,True,G3_4
central,2x10,2024-05-02,2x10,4,8,155,True,G3_4
central,2x10,2024-05-09,2x10,4,8,160,True,G3_4
central,2x10,2024-05-16,2x10,4,8,165,True,G3_4
central,2x10,2024-05-30,2x10,4,8,165,True,G3_4
central,2x10,2024-06-06,2x10,4,8,165,True,G3_4
central,2x10,2024-06-13,2x10,4,8,165,True,G3_4
central,2x10,2024-06-20,2x10,4,8,160,True,G3_4
central,2x10,2024-06-27,2x10,4,8,160,True,G3_4
central,2x10,2024-07-04,2x10,4,8,155,True,G3_4
central,2x10,2024-07-11,2x10,4,8,155,True,G3_4
central,2x10,2024-07-18,2x10,4,8,150,True,G3_4
central,2x10,2024-07-25,2x10,4,8,150,True,G3_4
central,2x10,2024-08-01,2x10,4,8,150,True,G3_4
central,2x10,2024-08-08,2x10,4,8,150,True,G3_4
central,2x10,2024-08-15,2x10,4,8,150,True,G3_4
central,2x10,2024-08-22,2x10,4,8,155,True,G3_4
central,2x10,2024-08-29,2x10,4,8,155,True,G3_4
central,2x10,2024-09-05,2x10,4,8,155,True,G3_4
central,2x10,2024-09-12,2x10,4,8,155,True,G3_4
central,2x10,2024-09-20,2x10,4,8,155,True,G3_4
central,2x10,2024-09-27,2x10,4,8,155,True,G3_4
central,2x10,2024-10-04,2x10,4,8,155,True,G3_4
central,2x10,2024-10-11,2x10,4,8,160,True,G3_4
central,2x10,2024-10-18,2x10,4,8,165,True,G3_4
central,2x10,2024-10-25,2x10,4,8,175,True,G3_4
central,2x10,2024-11-01,2x10,4,8,175,True,G3_4
central,2x10,2024-11-08,2x10,4,8,175,True,G3_4
central,2x10,2024-11-15,2x10,4,8,175,True,G3_4
central,2x10,2024-11-22,2x10,4,8,175,True,G3_4
central,2x10,2024-11-27,2x10,4,8,175,True,G3_4
central,2x10,2024-12-06,2x10,4,8,175,True,G3_4
central,2x10,2024-12-13,2x10,4,8,175,True,G3_4
central,2x10,2024-12-20,2x10,4,8,175,True,G3_4
central,2x10,2025-01-03,2x10,4,8,180,True,G3_4
central,2x10,2025-01-10,2x10,4,8,185,True,G3_4
central,2x10,2025-01-17,2x10,4,8,190,True,G3_4
central,2x10,2025-01-24,2x10,4,8,195,True,G3_4
central,2x10,2025-01-31,2x10,4,8,200,True,G3_4
central,2x10,2025-02-07,2x10,4,8,205,True,G3_4
central,2x10,2025-02-14,2x10,4,8,215,True,G3_4
central,2x10,2025-02-21,2x10,4,8,220,True,G3_4
central,2x10,2025-02-28,2x10,4,8,225,True,G3_4
central,2x10,2025-03-07,2x10,4,8,225,True,G3_4
central,2x10,2025-03-14,2x10,4,8,230,True,G3_4
central,2x10,2025-03-21,2x10,4,8,230,True,G3_4
central,2x10,2025-03-28,2x10,4,8,230,True,G3_4
central,2x10,2025-04-04,2x10,4,8,235,True,G3_4
central,2x10,2025-04-11,2x10,4,8,245,True,G3_4
central,2x10,2025-04-18,2x10,4,8,245,True,G3_4
central,2x10,2025-04-25,2x10,4,8,245,True,G3_4
central,2x10,2025-05-02,2x10,4,8,245,True,G3_4
central,2x10,2025-05-09,2x10,4,8,240,True,G3_4
central,2x10,2025-05-16,2x10,4,8,230,True,G3_4
central,2x10,2025-05-23,2x10,4,8,225,True,G3_4
central,2x10,2025-05-30,2x10,4,8,225,True,G3_4
central,2x10,2025-06-06,2x10,4,8,220,True,G3_4
central,2x10,2025-06-13,2x10,4,8,220,True,G3_4
central,2x10,2025-06-19,2x10,4,8,220,True,G3_4
central,2x10,2025-06-27,2x10,4,8,220,True,G3_4
central,2x10,2025-07-03,2x10,4,8,220,True,G3_4
central,2x10,2025-07-11,2x10,4,8,210,True,G3_4
central,2x10,2025-07-18,2x10,4,8,205,True,G3_4
central,2x10,2025-07-25,2x10,4,8,205,True,G3_4
central,2x10,2025-08-01,2x10,4,8,205,True,G3_4
central,2x10,2025-08-08,2x10,4,8,205,True,G3_4
central,2x10,2025-08-15,2x10,4,8,200,True,G3_4
central,2x10,2025-08-22,2x10,4,8,200,True,G3_4
central,2x10,2025-08-29,2x10,4,8,195,True,G3_4
central,2x10,2025-09-05,2x10,4,8,190,True,G3_4
central,2x10,2025-09-12,2x10,4,8,190,True,G3_4
central,2x10,2025-09-19,2x10,4,8,190,True,G3_4
central,2x10,2025-09-26,2x10,4,8,190,True,G3_4
central,2x10,2025-10-03,2x10,4,8,190,True,G3_4
central,2x10,2025-10-10,2x10,4,8,190,True,G3_4
central,2x10,2025-10-17,2x10,4,8,190,True,G3_4
central,2x10,2024-01-12,2x10,4,10,150,True,G3_4
central,2x10,2024-01-18,2x10,4,10,150,True,G3_4
central,2x10,2024-01-25,2x10,4,10,150,True,G3_4
central,2x10,2024-02-08,2x10,4,10,150,True,G3_4
central,2x10,2024-02-15,2x10,4,10,150,True,G3_4
central,2x10,2024-02-22,2x10,4,10,145,True,G3_4
central,2x10,2024-02-29,2x10,4,10,150,True,G3_4
central,2x10,2024-03-07,2x10,4,10,155,True,G3_4
central,2x10,2024-03-14,2x10,4,10,155,True,G3_4
central,2x10,2024-03-21,2x10,4,10,155,True,G3_4
central,2x10,2024-03-28,2x10,4,10,155,True,G3_4
central,2x10,2024-04-04,2x10,4,10,155,True,G3_4
central,2x10,2024-04-11,2x10,4,10,160,True,G3_4
central,2x10,2024-04-18,2x10,4,10,160,True,G3_4
central,2x10,2024-04-25,2x10,4,10,155,True,G3_4
central,2x10,2024-05-02,2x10,4,10,155,True,G3_4
central,2x10,2024-05-09,2x10,4,10,160,True,G3_4
central,2x10,2024-05-16,2x10,4,10,165,True,G3_4
central,2x10,2024-05-30,2x10,4,10,165,True,G3_4
central,2x10,2024-06-06,2x10,4,10,165,True,G3_4
central,2x10,2024-06-13,2x10,4,10,165,True,G3_4
central,2x10,2024-06-20,2x10,4,10,160,True,G3_4
central,2x10,2024-06-27,2x10,4,10,160,True,G3_4
central,2x10,2024-07-04,2x10,4,10,155,True,G3_4
central,2x10,2024-07-11,2x10,4,10,155,True,G3_4
central,2x10,2024-07-18,2x10,4,10,150,True,G3_4
central,2x10,2024-07-25,2x10,4,10,150,True,G3_4
central,2x10,2024-08-01,2x10,4,10,150,True,G3_4
central,2x10,2024-08-08,2x10,4,10,150,True,G3_4
central,2x10,2024-08-15,2x10,4,10,150,True,G3_4
central,2x10,2024-08-22,2x10,4,10,155,True,G3_4
central,2x10,2024-08-29,2x10,4,10,155,True,G3_4
central,2x10,2024-09-05,2x10,4,10,155,True,G3_4
central,2x10,2024-09-12,2x10,4,10,155,True,G3_4
central,2x10,2024-09-20,2x10,4,10,155,True,G3_4
central,2x10,2024-09-27,2x10,4,10,155,True,G3_4
central,2x10,2024-10-04,2x10,4,10,155,True,G3_4
central,2x10,2024-10-11,2x10,4,10,160,True,G3_4
central,2x10,2024-10-18,2x10,4,10,165,True,G3_4
central,2x10,2024-10-25,2x10,4,10,175,True,G3_4
central,2x10,2024-11-01,2x10,4,10,175,True,G3_4
central,2x10,2024-11-08,2x10,4,10,175,True,G3_4
central,2x10,2024-11-15,2x10,4,10,175,True,G3_4
central,2x10,2024-11-22,2x10,4,10,175,True,G3_4
central,2x10,2024-11-27,2x10,4,10,175,True,G3_4
central,2x10,2024-12-06,2x10,4,10,175,True,G3_4
central,2x10,2024-12-13,2x10,4,10,175,True,G3_4
central,2x10,2024-12-20,2x10,4,10,175,True,G3_4
central,2x10,2025-01-03,2x10,4,10,180,True,G3_4
central,2x10,2025-01-10,2x10,4,10,185,True,G3_4
central,2x10,2025-01-17,2x10,4,10,190,True,G3_4
central,2x10,2025-01-24,2x10,4,10,195,True,G3_4
central,2x10,2025-01-31,2x10,4,10,200,True,G3_4
central,2x10,2025-02-07,2x10,4,10,205,True,G3_4
central,2x10,2025-02-14,2x10,4,10,215,True,G3_4
central,2x10,2025-02-21,2x10,4,10,220,True,G3_4
central,2x10,2025-02-28,2x10,4,10,225,True,G3_4
central,2x10,2025-03-07,2x10,4,10,225,True,G3_4
central,2x10,2025-03-14,2x10,4,10,230,True,G3_4
central,2x10,2025-03-21,2x10,4,10,230,True,G3_4
central,2x10,2025-03-28,2x10,4,10,230,True,G3_4
central,2x10,2025-04-04,2x10,4,10,235,True,G3_4
central,2x10,2025-04-11,2x10,4,10,245,True,G3_4
central,2x10,2025-04-18,2x10,4,10,245,True,G3_4
central,2x10,2025-04-25,2x10,4,10,245,True,G3_4
central,2x10,2025-05-02,2x10,4,10,245,True,G3_4
central,2x10,2025-05-09,2x10,4,10,240,True,G3_4
central,2x10,2025-05-16,2x10,4,10,230,True,G3_4
central,2x10,2025-05-23,2x10,4,10,225,True,G3_4
central,2x10,2025-05-30,2x10,4,10,225,True,G3_4
central,2x10,2025-06-06,2x10,4,10,220,True,G3_4
central,2x10,2025-06-13,2x10,4,10,220,True,G3_4
central,2x10,2025-06-19,2x10,4,10,220,True,G3_4
central,2x10,2025-06-27,2x10,4,10,220,True,G3_4
central,2x10,2025-07-03,2x10,4,10,220,True,G3_4
central,2x10,2025-07-11,2x10,4,10,210,True,G3_4
central,2x10,2025-07-18,2x10,4,10,205,True,G3_4
central,2x10,2025-07-25,2x10,4,10,205,True,G3_4
central,2x10,2025-08-01,2x10,4,10,205,True,G3_4
central,2x10,2025-08-08,2x10,4,10,205,True,G3_4
central,2x10,2025-08-15,2x10,4,10,200,True,G3_4
central,2x10,2025-08-22,2x10,4,10,200,True,G3_4
central,2x10,2025-08-29,2x10,4,10,195,True,G3_4
central,2x10,2025-09-05,2x10,4,10,190,True,G3_4
central,2x10,2025-09-12,2x10,4,10,190,True,G3_4
central,2x10,2025-09-19,2x10,4,10,190,True,G3_4
central,2x10,2025-09-26,2x10,4,10,190,True,G3_4
central,2x10,2025-10-03,2x10,4,10,190,True,G3_4
central,2x10,2025-10-10,2x10,4,10,190,True,G3_4
central,2x10,2025-10-17,2x10,4,10,190,True,G3_4
central,2x10,2024-01-12,2x10,4,12,150,True,G3_4
central,2x10,2024-01-18,2x10,4,12,150,True,G3_4
central,2x10,2024-01-25,2x10,4,12,150,True,G3_4
central,2x10,2024-02-08,2x10,4,12,150,True,G3_4
central,2x10,2024-02-15,2x10,4,12,150,True,G3_4
central,2x10,2024-02-22,2x10,4,12,145,True,G3_4
central,2x10,2024-02-29,2x10,4,12,150,True,G3_4
central,2x10,2024-03-07,2x10,4,12,155,True,G3_4
central,2x10,2024-03-14,2x10,4,12,155,True,G3_4
central,2x10,2024-03-21,2x10,4,12,155,True,G3_4
central,2x10,2024-03-28,2x10,4,12,155,True,G3_4
central,2x10,2024-04-04,2x10,4,12,155,True,G3_4
central,2x10,2024-04-11,2x10,4,12,160,True,G3_4
central,2x10,2024-04-18,2x10,4,12,160,True,G3_4
central,2x10,2024-04-25,2x10,4,12,155,True,G3_4
central,2x10,2024-05-02,2x10,4,12,155,True,G3_4
central,2x10,2024-05-09,2x10,4,12,160,True,G3_4
central,2x10,2024-05-16,2x10,4,12,165,True,G3_4
central,2x10,2024-05-30,2x10,4,12,165,True,G3_4
central,2x10,2024-06-06,2x10,4,12,165,True,G3_4
central,2x10,2024-06-13,2x10,4,12,165,True,G3_4
central,2x10,2024-06-20,2x10,4,12,160,True,G3_4
central,2x10,2024-06-27,2x10,4,12,160,True,G3_4
central,2x10,2024-07-04,2x10,4,12,155,True,G3_4
central,2x10,2024-07-11,2x10,4,12,155,True,G3_4
central,2x10,2024-07-18,2x10,4,12,150,True,G3_4
central,2x10,2024-07-25,2x10,4,12,150,True,G3_4
central,2x10,2024-08-01,2x10,4,12,150,True,G3_4
central,2x10,2024-08-08,2x10,4,12,150,True,G3_4
central,2x10,2024-08-15,2x10,4,12,150,True,G3_4
central,2x10,2024-08-22,2x10,4,12,155,True,G3_4
central,2x10,2024-08-29,2x10,4,12,155,True,G3_4
central,2x10,2024-09-05,2x10,4,12,155,True,G3_4
central,2x10,2024-09-12,2x10,4,12,155,True,G3_4
central,2x10,2024-09-20,2x10,4,12,155,True,G3_4
central,2x10,2024-09-27,2x10,4,12,155,True,G3_4
central,2x10,2024-10-04,2x10,4,12,155,True,G3_4
central,2x10,2024-10-11,2x10,4,12,160,True,G3_4
central,2x10,2024-10-18,2x10,4,12,165,True,G3_4
central,2x10,2024-10-25,2x10,4,12,175,True,G3_4
central,2x10,2024-11-01,2x10,4,12,175,True,G3_4
central,2x10,2024-11-08,2x10,4,12,175,True,G3_4
central,2x10,2024-11-15,2x10,4,12,175,True,G3_4
central,2x10,2024-11-22,2x10,4,12,175,True,G3_4
central,2x10,2024-11-27,2x10,4,12,175,True,G3_4
central,2x10,2024-12-06,2x10,4,12,175,True,G3_4
central,2x10,2024-12-13,2x10,4,12,175,True,G3_4
central,2x10,2024-12-20,2x10,4,12,175,True,G3_4
central,2x10,2025-01-03,2x10,4,12,180,True,G3_4
central,2x10,2025-01-10,2x10,4,12,185,True,G3_4
central,2x10,2025-01-17,2x10,4,12,190,True,G3_4
central,2x10,2025-01-24,2x10,4,12,195,True,G3_4
central,2x10,2025-01-31,2x10,4,12,200,True,G3_4
central,2x10,2025-02-07,2x10,4,12,205,True,G3_4
central,2x10,2025-02-14,2x10,4,12,215,True,G3_4
central,2x10,2025-02-21,2x10,4,12,220,True,G3_4
central,2x10,2025-02-28,2x10,4,12,225,True,G3_4
central,2x10,2025-03-07,2x10,4,12,225,True,G3_4
central,2x10,2025-03-14,2x10,4,12,230,True,G3_4
central,2x10,2025-03-21,2x10,4,12,230,True,G3_4
central,2x10,2025-03-28,2x10,4,12,230,True,G3_4
central,2x10,2025-04-04,2x10,4,12,235,True,G3_4
central,2x10,2025-04-11,2x10,4,12,245,True,G3_4
central,2x10,2025-04-18,2x10,4,12,245,True,G3_4
central,2x10,2025-04-25,2x10,4,12,245,True,G3_4
central,2x10,2025-05-02,2x10,4,12,245,True,G3_4
central,2x10,2025-05-09,2x10,4,12,240,True,G3_4
central,2x10,2025-05-16,2x10,4,12,230,True,G3_4
central,2x10,2025-05-23,2x10,4,12,225,True,G3_4
central,2x10,2025-05-30,2x10,4,12,225,True,G3_4
central,2x10,2025-06-06,2x10,4,12,220,True,G3_4
central,2x10,2025-06-13,2x10,4,12,220,True,G3_4
central,2x10,2025-06-19,2x10,4,12,220,True,G3_4
central,2x10,2025-06-27,2x10,4,12,220,True,G3_4
central,2x10,2025-07-03,2x10,4,12,220,True,G3_4
central,2x10,2025-07-11,2x10,4,12,210,True,G3_4
central,2x10,2025-07-18,2x10,4,12,205,True,G3_4
central,2x10,2025-07-25,2x10,4,12,205,True,G3_4
central,2x10,2025-08-01,2x10,4,12,205,True,G3_4
central,2x10,2025-08-08,2x10,4,12,205,True,G3_4
central,2x10,2025-08-15,2x10,4,12,200,True,G3_4
central,2x10,2025-08-22,2x10,4,12,200,True,G3_4
central,2x10,2025-08-29,2x10,4,12,195,True,G3_4
central,2x10,2025-09-05,2x10,4,12,190,True,G3_4
central,2x10,2025-09-12,2x10,4,12,190,True,G3_4
central,2x10,2025-09-19,2x10,4,12,190,True,G3_4
central,2x10,2025-09-26,2x10,4,12,190,True,G3_4
central,2x10,2025-10-03,2x10,4,12,190,True,G3_4
central,2x10,2025-10-10,2x10,4,12,190,True,G3_4
central,2x10,2025-10-17,2x10,4,12,190,True,G3_4
central,2x10,2024-01-12,2x10,4,14,150,True,G3_4
central,2x10,2024-01-18,2x10,4,14,150,True,G3_4
central,2x10,2024-01-25,2x10,4,14,150,True,G3_4
central,2x10,2024-02-08,2x10,4,14,150,True,G3_4
central,2x10,2024-02-15,2x10,4,14,150,True,G3_4
central,2x10,2024-02-22,2x10,4,14,145,True,G3_4
central,2x10,2024-02-29,2x10,4,14,150,True,G3_4
central,2x10,2024-03-07,2x10,4,14,155,True,G3_4
central,2x10,2024-03-14,2x10,4,14,155,True,G3_4
central,2x10,2024-03-21,2x10,4,14,155,True,G3_4
central,2x10,2024-03-28,2x10,4,14,155,True,G3_4
central,2x10,2024-04-04,2x10,4,14,155,True,G3_4
central,2x10,2024-04-11,2x10,4,14,160,True,G3_4
central,2x10,2024-04-18,2x10,4,14,160,True,G3_4
central,2x10,2024-04-25,2x10,4,14,155,True,G3_4
central,2x10,2024-05-02,2x10,4,14,155,True,G3_4
central,2x10,2024-05-09,2x10,4,14,160,True,G3_4
central,2x10,2024-05-16,2x10,4,14,165,True,G3_4
central,2x10,2024-05-30,2x10,4,14,165,True,G3_4
central,2x10,2024-06-06,2x10,4,14,165,True,G3_4
central,2x10,2024-06-13,2x10,4,14,165,True,G3_4
central,2x10,2024-06-20,2x10,4,14,160,True,G3_4
central,2x10,2024-06-27,2x10,4,14,160,True,G3_4
central,2x10,2024-07-04,2x10,4,14,155,True,G3_4
central,2x10,2024-07-11,2x10,4,14,155,True,G3_4
central,2x10,2024-07-18,2x10,4,14,150,True,G3_4
central,2x10,2024-07-25,2x10,4,14,150,True,G3_4
central,2x10,2024-08-01,2x10,4,14,150,True,G3_4
central,2x10,2024-08-08,2x10,4,14,150,True,G3_4
central,2x10,2024-08-15,2x10,4,14,150,True,G3_4
central,2x10,2024-08-22,2x10,4,14,155,True,G3_4
central,2x10,2024-08-29,2x10,4,14,155,True,G3_4
central,2x10,2024-09-05,2x10,4,14,155,True,G3_4
central,2x10,2024-09-12,2x10,4,14,155,True,G3_4
central,2x10,2024-09-20,2x10,4,14,155,True,G3_4
central,2x10,2024-09-27,2x10,4,14,155,True,G3_4
central,2x10,2024-10-04,2x10,4,14,155,True,G3_4
central,2x10,2024-10-11,2x10,4,14,160,True,G3_4
central,2x10,2024-10-18,2x10,4,14,165,True,G3_4
central,2x10,2024-10-25,2x10,4,14,175,True,G3_4
central,2x10,2024-11-01,2x10,4,14,175,True,G3_4
central,2x10,2024-11-08,2x10,4,14,175,True,G3_4
central,2x10,2024-11-15,2x10,4,14,175,True,G3_4
central,2x10,2024-11-22,2x10,4,14,175,True,G3_4
central,2x10,2024-11-27,2x10,4,14,175,True,G3_4
central,2x10,2024-12-06,2x10,4,14,175,True,G3_4
central,2x10,2024-12-13,2x10,4,14,175,True,G3_4
central,2x10,2024-12-20,2x10,4,14,175,True,G3_4
central,2x10,2025-01-03,2x10,4,14,180,True,G3_4
central,2x10,2025-01-10,2x10,4,14,185,True,G3_4
central,2x10,2025-01-17,2x10,4,14,190,True,G3_4
central,2x10,2025-01-24,2x10,4,14,195,True,G3_4
central,2x10,2025-01-31,2x10,4,14,200,True,G3_4
central,2x10,2025-02-07,2x10,4,14,205,True,G3_4
central,2x10,2025-02-14,2x10,4,14,215,True,G3_4
central,2x10,2025-02-21,2x10,4,14,220,True,G3_4
central,2x10,2025-02-28,2x10,4,14,225,True,G3_4
central,2x10,2025-03-07,2x10,4,14,225,True,G3_4
central,2x10,2025-03-14,2x10,4,14,230,True,G3_4
central,2x10,2025-03-21,2x10,4,14,230,True,G3_4
central,2x10,2025-03-28,2x10,4,14,230,True,G3_4
central,2x10,2025-04-04,2x10,4,14,235,True,G3_4
central,2x10,2025-04-11,2x10,4,14,245,True,G3_4
central,2x10,2025-04-18,2x10,4,14,245,True,G3_4
central,2x10,2025-04-25,2x10,4,14,245,True,G3_4
central,2x10,2025-05-02,2x10,4,14,245,True,G3_4
central,2x10,2025-05-09,2x10,4,14,240,True,G3_4
central,2x10,2025-05-16,2x10,4,14,230,True,G3_4
central,2x10,2025-05-23,2x10,4,14,225,True,G3_4
central,2x10,2025-05-30,2x10,4,14,225,True,G3_4
central,2x10,2025-06-06,2x10,4,14,220,True,G3_4
central,2x10,2025-06-13,2x10,4,14,220,True,G3_4
central,2x10,2025-06-19,2x10,4,14,220,True,G3_4
central,2x10,2025-06-27,2x10,4,14,220,True,G3_4
central,2x10,2025-07-03,2x10,4,14,220,True,G3_4
central,2x10,2025-07-11,2x10,4,14,210,True,G3_4
central,2x10,2025-07-18,2x10,4,14,205,True,G3_4
central,2x10,2025-07-25,2x10,4,14,205,True,G3_4
central,2x10,2025-08-01,2x10,4,14,205,True,G3_4
central,2x10,2025-08-08,2x10,4,14,205,True,G3_4
central,2x10,2025-08-15,2x10,4,14,200,True,G3_4
central,2x10,2025-08-22,2x10,4,14,200,True,G3_4
central,2x10,2025-08-29,2x10,4,14,195,True,G3_4
central,2x10,2025-09-05,2x10,4,14,190,True,G3_4
central,2x10,2025-09-12,2x10,4,14,190,True,G3_4
central,2x10,2025-09-19,2x10,4,14,190,True,G3_4
central,2x10,2025-09-26,2x10,4,14,190,True,G3_4
central,2x10,2025-10-03,2x10,4,14,190,True,G3_4
central,2x10,2025-10-10,2x10,4,14,190,True,G3_4
central,2x10,2025-10-17,2x10,4,14,190,True,G3_4
central,2x10,2024-01-12,2x10,4,16,150,True,G3_4
central,2x10,2024-01-18,2x10,4,16,150,True,G3_4
central,2x10,2024-01-25,2x10,4,16,150,True,G3_4
central,2x10,2024-02-08,2x10,4,16,150,True,G3_4
central,2x10,2024-02-15,2x10,4,16,150,True,G3_4
central,2x10,2024-02-22,2x10,4,16,145,True,G3_4
central,2x10,2024-02-29,2x10,4,16,150,True,G3_4
central,2x10,2024-03-07,2x10,4,16,155,True,G3_4
central,2x10,2024-03-14,2x10,4,16,155,True,G3_4
central,2x10,2024-03-21,2x10,4,16,155,True,G3_4
central,2x10,2024-03-28,2x10,4,16,155,True,G3_4
central,2x10,2024-04-04,2x10,4,16,155,True,G3_4
central,2x10,2024-04-11,2x10,4,16,160,True,G3_4
central,2x10,2024-04-18,2x10,4,16,160,True,G3_4
central,2x10,2024-04-25,2x10,4,16,155,True,G3_4
central,2x10,2024-05-02,2x10,4,16,155,True,G3_4
central,2x10,2024-05-09,2x10,4,16,160,True,G3_4
central,2x10,2024-05-16,2x10,4,16,165,True,G3_4
central,2x10,2024-05-30,2x10,4,16,165,True,G3_4
central,2x10,2024-06-06,2x10,4,16,165,True,G3_4
central,2x10,2024-06-13,2x10,4,16,165,True,G3_4
central,2x10,2024-06-20,2x10,4,16,160,True,G3_4
central,2x10,2024-06-27,2x10,4,16,160,True,G3_4
central,2x10,2024-07-04,2x10,4,16,155,True,G3_4
central,2x10,2024-07-11,2x10,4,16,155,True,G3_4
central,2x10,2024-07-18,2x10,4,16,150,True,G3_4
central,2x10,2024-07-25,2x10,4,16,150,True,G3_4
central,2x10,2024-08-01,2x10,4,16,150,True,G3_4
central,2x10,2024-08-08,2x10,4,16,150,True,G3_4
central,2x10,2024-08-15,2x10,4,16,150,True,G3_4
central,2x10,2024-08-22,2x10,4,16,155,True,G3_4
central,2x10,2024-08-29,2x10,4,16,155,True,G3_4
central,2x10,2024-09-05,2x10,4,16,155,True,G3_4
central,2x10,2024-09-12,2x10,4,16,155,True,G3_4
central,2x10,2024-09-20,2x10,4,16,155,True,G3_4
central,2x10,2024-09-27,2x10,4,16,155,True,G3_4
central,2x10,2024-10-04,2x10,4,16,155,True,G3_4
central,2x10,2024-10-11,2x10,4,16,160,True,G3_4
central,2x10,2024-10-18,2x10,4,16,165,True,G3_4
central,2x10,2024-10-25,2x10,4,16,175,True,G3_4
central,2x10,2024-11-01,2x10,4,16,175,True,G3_4
central,2x10,2024-11-08,2x10,4,16,175,True,G3_4
central,2x10,2024-11-15,2x10,4,16,175,True,G3_4
central,2x10,2024-11-22,2x10,4,16,175,True,G3_4
central,2x10,2024-11-27,2x10,4,16,175,True,G3_4
central,2x10,2024-12-06,2x10,4,16,175,True,G3_4
central,2x10,2024-12-13,2x10,4,16,175,True,G3_4
central,2x10,2024-12-20,2x10,4,16,175,True,G3_4
central,2x10,2025-01-03,2x10,4,16,180,True,G3_4
central,2x10,2025-01-10,2x10,4,16,185,True,G3_4
central,2x10,2025-01-17,2x10,4,16,190,True,G3_4
central,2x10,2025-01-24,2x10,4,16,195,True,G3_4
central,2x10,2025-01-31,2x10,4,16,200,True,G3_4
central,2x10,2025-02-07,2x10,4,16,205,True,G3_4
central,2x10,2025-02-14,2x10,4,16,215,True,G3_4
central,2x10,2025-02-21,2x10,4,16,220,True,G3_4
central,2x10,2025-02-28,2x10,4,16,225,True,G3_4
central,2x10,2025-03-07,2x10,4,16,225,True,G3_4
central,2x10,2025-03-14,2x10,4,16,230,True,G3_4
central,2x10,2025-03-21,2x10,4,16,230,True,G3_4
central,2x10,2025-03-28,2x10,4,16,230,True,G3_4
central,2x10,2025-04-04,2x10,4,16,235,True,G3_4
central,2x10,2025-04-11,2x10,4,16,245,True,G3_4
central,2x10,2025-04-18,2x10,4,16,245,True,G3_4
central,2x10,2025-04-25,2x10,4,16,245,True,G3_4
central,2x10,2025-05-02,2x10,4,16,245,True,G3_4
central,2x10,2025-05-09,2x10,4,16,240,True,G3_4
central,2x10,2025-05-16,2x10,4,16,230,True,G3_4
central,2x10,2025-05-23,2x10,4,16,225,True,G3_4
central,2x10,2025-05-30,2x10,4,16,225,True,G3_4
central,2x10,2025-06-06,2x10,4,16,220,True,G3_4
central,2x10,2025-06-13,2x10,4,16,220,True,G3_4
central,2x10,2025-06-19,2x10,4,16,220,True,G3_4
central,2x10,2025-06-27,2x10,4,16,220,True,G3_4
central,2x10,2025-07-03,2x10,4,16,220,True,G3_4
central,2x10,2025-07-11,2x10,4,16,210,True,G3_4
central,2x10,2025-07-18,2x10,4,16,205,True,G3_4
central,2x10,2025-07-25,2x10,4,16,205,True,G3_4
central,2x10,2025-08-01,2x10,4,16,205,True,G3_4
central,2x10,2025-08-08,2x10,4,16,205,True,G3_4
central,2x10,2025-08-15,2x10,4,16,200,True,G3_4
central,2x10,2025-08-22,2x10,4,16,200,True,G3_4
central,2x10,2025-08-29,2x10,4,16,195,True,G3_4
central,2x10,2025-09-05,2x10,4,16,190,True,G3_4
central,2x10,2025-09-12,2x10,4,16,190,True,G3_4
central,2x10,2025-09-19,2x10,4,16,190,True,G3_4
central,2x10,2025-09-26,2x10,4,16,190,True,G3_4
central,2x10,2025-10-03,2x10,4,16,190,True,G3_4
central,2x10,2025-10-10,2x10,4,16,190,True,G3_4
central,2x10,2025-10-17,2x10,4,16,190,True,G3_4
central,2x10,2024-01-12,2x10,4,18,150,True,G3_4
central,2x10,2024-01-18,2x10,4,18,150,True,G3_4
central,2x10,2024-01-25,2x10,4,18,150,True,G3_4
central,2x10,2024-02-08,2x10,4,18,150,True,G3_4
central,2x10,2024-02-15,2x10,4,18,150,True,G3_4
central,2x10,2024-02-22,2x10,4,18,145,True,G3_4
central,2x10,2024-02-29,2x10,4,18,150,True,G3_4
central,2x10,2024-03-07,2x10,4,18,155,True,G3_4
central,2x10,2024-03-14,2x10,4,18,155,True,G3_4
central,2x10,2024-03-21,2x10,4,18,155,True,G3_4
central,2x10,2024-03-28,2x10,4,18,155,True,G3_4
central,2x10,2024-04-04,2x10,4,18,155,True,G3_4
central,2x10,2024-04-11,2x10,4,18,160,True,G3_4
central,2x10,2024-04-18,2x10,4,18,160,True,G3_4
central,2x10,2024-04-25,2x10,4,18,155,True,G3_4
central,2x10,2024-05-02,2x10,4,18,155,True,G3_4
central,2x10,2024-05-09,2x10,4,18,160,True,G3_4
central,2x10,2024-05-16,2x10,4,18,165,True,G3_4
central,2x10,2024-05-30,2x10,4,18,165,True,G3_4
central,2x10,2024-06-06,2x10,4,18,165,True,G3_4
central,2x10,2024-06-13,2x10,4,18,165,True,G3_4
central,2x10,2024-06-20,2x10,4,18,160,True,G3_4
central,2x10,2024-06-27,2x10,4,18,160,True,G3_4
central,2x10,2024-07-04,2x10,4,18,155,True,G3_4
central,2x10,2024-07-11,2x10,4,18,155,True,G3_4
central,2x10,2024-07-18,2x10,4,18,150,True,G3_4
central,2x10,2024-07-25,2x10,4,18,150,True,G3_4
central,2x10,2024-08-01,2x10,4,18,150,True,G3_4
central,2x10,2024-08-08,2x10,4,18,150,True,G3_4
central,2x10,2024-08-15,2x10,4,18,150,True,G3_4
central,2x10,2024-08-22,2x10,4,18,155,True,G3_4
central,2x10,2024-08-29,2x10,4,18,155,True,G3_4
central,2x10,2024-09-05,2x10,4,18,155,True,G3_4
central,2x10,2024-09-12,2x10,4,18,155,True,G3_4
central,2x10,2024-09-20,2x10,4,18,155,True,G3_4
central,2x10,2024-09-27,2x10,4,18,155,True,G3_4
central,2x10,2024-10-04,2x10,4,18,155,True,G3_4
central,2x10,2024-10-11,2x10,4,18,160,True,G3_4
central,2x10,2024-10-18,2x10,4,18,165,True,G3_4
central,2x10,2024-10-25,2x10,4,18,175,True,G3_4
central,2x10,2024-11-01,2x10,4,18,175,True,G3_4
central,2x10,2024-11-08,2x10,4,18,175,True,G3_4
central,2x10,2024-11-15,2x10,4,18,175,True,G3_4
central,2x10,2024-11-22,2x10,4,18,175,True,G3_4
central,2x10,2024-11-27,2x10,4,18,175,True,G3_4
central,2x10,2024-12-06,2x10,4,18,175,True,G3_4
central,2x10,2024-12-13,2x10,4,18,175,True,G3_4
central,2x10,2024-12-20,2x10,4,18,175,True,G3_4
central,2x10,2025-01-03,2x10,4,18,180,True,G3_4
central,2x10,2025-01-10,2x10,4,18,185,True,G3_4
central,2x10,2025-01-17,2x10,4,18,190,True,G3_4
central,2x10,2025-01-24,2x10,4,18,195,True,G3_4
central,2x10,2025-01-31,2x10,4,18,200,True,G3_4
central,2x10,2025-02-07,2x10,4,18,205,True,G3_4
central,2x10,2025-02-14,2x10,4,18,215,True,G3_4
central,2x10,2025-02-21,2x10,4,18,220,True,G3_4
central,2x10,2025-02-28,2x10,4,18,225,True,G3_4
central,2x10,2025-03-07,2x10,4,18,225,True,G3_4
central,2x10,2025-03-14,2x10,4,18,230,True,G3_4
central,2x10,2025-03-21,2x10,4,18,230,True,G3_4
central,2x10,2025-03-28,2x10,4,18,230,True,G3_4
central,2x10,2025-04-04,2x10,4,18,235,True,G3_4
central,2x10,2025-04-11,2x10,4,18,245,True,G3_4
central,2x10,2025-04-18,2x10,4,18,245,True,G3_4
central,2x10,2025-04-25,2x10,4,18,245,True,G3_4
central,2x10,2025-05-02,2x10,4,18,245,True,G3_4
central,2x10,2025-05-09,2x10,4,18,240,True,G3_4
central,2x10,2025-05-16,2x10,4,18,230,True,G3_4
central,2x10,2025-05-23,2x10,4,18,225,True,G3_4
central,2x10,2025-05-30,2x10,4,18,225,True,G3_4
central,2x10,2025-06-06,2x10,4,18,220,True,G3_4
central,2x10,2025-06-13,2x10,4,18,220,True,G3_4
central,2x10,2025-06-19,2x10,4,18,220,True,G3_4
central,2x10,2025-06-27,2x10,4,18,220,True,G3_4
central,2x10,2025-07-03,2x10,4,18,220,True,G3_4
central,2x10,2025-07-11,2x10,4,18,210,True,G3_4
central,2x10,2025-07-18,2x10,4,18,205,True,G3_4
central,2x10,2025-07-25,2x10,4,18,205,True,G3_4
central,2x10,2025-08-01,2x10,4,18,205,True,G3_4
central,2x10,2025-08-08,2x10,4,18,205,True,G3_4
central,2x10,2025-08-15,2x10,4,18,200,True,G3_4
central,2x10,2025-08-22,2x10,4,18,200,True,G3_4
central,2x10,2025-08-29,2x10,4,18,195,True,G3_4
central,2x10,2025-09-05,2x10,4,18,190,True,G3_4
central,2x10,2025-09-12,2x10,4,18,190,True,G3_4
central,2x10,2025-09-19,2x10,4,18,190,True,G3_4
central,2x10,2025-09-26,2x10,4,18,190,True,G3_4
central,2x10,2025-10-03,2x10,4,18,190,True,G3_4
central,2x10,2025-10-10,2x10,4,18,190,True,G3_4
central,2x10,2025-10-17,2x10,4,18,190,True,G3_4
central,2x10,2024-01-12,2x10,4,20,150,True,G3_4
central,2x10,2024-01-18,2x10,4,20,150,True,G3_4
central,2x10,2024-01-25,2x10,4,20,150,True,G3_4
central,2x10,2024-02-08,2x10,4,20,150,True,G3_4
central,2x10,2024-02-15,2x10,4,20,150,True,G3_4
central,2x10,2024-02-22,2x10,4,20,145,True,G3_4
central,2x10,2024-02-29,2x10,4,20,150,True,G3_4
central,2x10,2024-03-07,2x10,4,20,155,True,G3_4
central,2x10,2024-03-14,2x10,4,20,155,True,G3_4
central,2x10,2024-03-21,2x10,4,20,155,True,G3_4
central,2x10,2024-03-28,2x10,4,20,155,True,G3_4
central,2x10,2024-04-04,2x10,4,20,155,True,G3_4
central,2x10,2024-04-11,2x10,4,20,160,True,G3_4
central,2x10,2024-04-18,2x10,4,20,160,True,G3_4
central,2x10,2024-04-25,2x10,4,20,155,True,G3_4
central,2x10,2024-05-02,2x10,4,20,155,True,G3_4
central,2x10,2024-05-09,2x10,4,20,160,True,G3_4
central,2x10,2024-05-16,2x10,4,20,165,True,G3_4
central,2x10,2024-05-30,2x10,4,20,165,True,G3_4
central,2x10,2024-06-06,2x10,4,20,165,True,G3_4
central,2x10,2024-06-13,2x10,4,20,165,True,G3_4
central,2x10,2024-06-20,2x10,4,20,160,True,G3_4
central,2x10,2024-06-27,2x10,4,20,160,True,G3_4
central,2x10,2024-07-04,2x10,4,20,155,True,G3_4
central,2x10,2024-07-11,2x10,4,20,155,True,G3_4
central,2x10,2024-07-18,2x10,4,20,150,True,G3_4
central,2x10,2024-07-25,2x10,4,20,150,True,G3_4
central,2x10,2024-08-01,2x10,4,20,150,True,G3_4
central,2x10,2024-08-08,2x10,4,20,150,True,G3_4
central,2x10,2024-08-15,2x10,4,20,150,True,G3_4
central,2x10,2024-08-22,2x10,4,20,155,True,G3_4
central,2x10,2024-08-29,2x10,4,20,155,True,G3_4
central,2x10,2024-09-05,2x10,4,20,155,True,G3_4
central,2x10,2024-09-12,2x10,4,20,155,True,G3_4
central,2x10,2024-09-20,2x10,4,20,155,True,G3_4
central,2x10,2024-09-27,2x10,4,20,155,True,G3_4
central,2x10,2024-10-04,2x10,4,20,155,True,G3_4
central,2x10,2024-10-11,2x10,4,20,160,True,G3_4
central,2x10,2024-10-18,2x10,4,20,165,True,G3_4
central,2x10,2024-10-25,2x10,4,20,175,True,G3_4
central,2x10,2024-11-01,2x10,4,20,175,True,G3_4
central,2x10,2024-11-08,2x10,4,20,175,True,G3_4
central,2x10,2024-11-15,2x10,4,20,175,True,G3_4
central,2x10,2024-11-22,2x10,4,20,175,True,G3_4
central,2x10,2024-11-27,2x10,4,20,175,True,G3_4
central,2x10,2024-12-06,2x10,4,20,175,True,G3_4
central,2x10,2024-12-13,2x10,4,20,175,True,G3_4
central,2x10,2024-12-20,2x10,4,20,175,True,G3_4
central,2x10,2025-01-03,2x10,4,20,180,True,G3_4
central,2x10,2025-01-10,2x10,4,20,185,True,G3_4
central,2x10,2025-01-17,2x10,4,20,190,True,G3_4
central,2x10,2025-01-24,2x10,4,20,195,True,G3_4
central,2x10,2025-01-31,2x10,4,20,200,True,G3_4
central,2x10,2025-02-07,2x10,4,20,205,True,G3_4
central,2x10,2025-02-14,2x10,4,20,215,True,G3_4
central,2x10,2025-02-21,2x10,4,20,220,True,G3_4
central,2x10,2025-02-28,2x10,4,20,225,True,G3_4
central,2x10,2025-03-07,2x10,4,20,225,True,G3_4
central,2x10,2025-03-14,2x10,4,20,230,True,G3_4
central,2x10,2025-03-21,2x10,4,20,230,True,G3_4
central,2x10,2025-03-28,2x10,4,20,230,True,G3_4
central,2x10,2025-04-04,2x10,4,20,235,True,G3_4
central,2x10,2025-04-11,2x10,4,20,245,True,G3_4
central,2x10,2025-04-18,2x10,4,20,245,True,G3_4
central,2x10,2025-04-25,2x10,4,20,245,True,G3_4
central,2x10,2025-05-02,2x10,4,20,245,True,G3_4
central,2x10,2025-05-09,2x10,4,20,240,True,G3_4
central,2x10,2025-05-16,2x10,4,20,230,True,G3_4
central,2x10,2025-05-23,2x10,4,20,225,True,G3_4
central,2x10,2025-05-30,2x10,4,20,225,True,G3_4
central,2x10,2025-06-06,2x10,4,20,220,True,G3_4
central,2x10,2025-06-13,2x10,4,20,220,True,G3_4
central,2x10,2025-06-19,2x10,4,20,220,True,G3_4
central,2x10,2025-06-27,2x10,4,20,220,True,G3_4
central,2x10,2025-07-03,2x10,4,20,220,True,G3_4
central,2x10,2025-07-11,2x10,4,20,210,True,G3_4
central,2x10,2025-07-18,2x10,4,20,205,True,G3_4
central,2x10,2025-07-25,2x10,4,20,205,True,G3_4
central,2x10,2025-08-01,2x10,4,20,205,True,G3_4
central,2x10,2025-08-08,2x10,4,20,205,True,G3_4
central,2x10,2025-08-15,2x10,4,20,200,True,G3_4
central,2x10,2025-08-22,2x10,4,20,200,True,G3_4
central,2x10,2025-08-29,2x10,4,20,195,True,G3_4
central,2x10,2025-09-05,2x10,4,20,190,True,G3_4
central,2x10,2025-09-12,2x10,4,20,190,True,G3_4
central,2x10,2025-09-19,2x10,4,20,190,True,G3_4
central,2x10,2025-09-26,2x10,4,20,190,True,G3_4
central,2x10,2025-10-03,2x10,4,20,190,True,G3_4
central,2x10,2025-10-10,2x10,4,20,190,True,G3_4
central,2x10,2025-10-17,2x10,4,20,190,True,G3_4
central,2x12 #3,2024-01-12,2x12,3,8,220,True,G3_4
central,2x12 #3,2024-01-18,2x12,3,8,225,True,G3_4
central,2x12 #3,2024-01-25,2x12,3,8,220,True,G3_4
central,2x12 #3,2024-02-08,2x12,3,8,230,True,G3_4
central,2x12 #3,2024-02-15,2x12,3,8,230,True,G3_4
central,2x12 #3,2024-02-22,2x12,3,8,235,True,G3_4
central,2x12 #3,2024-02-29,2x12,3,8,245,True,G3_4
central,2x12 #3,2024-03-07,2x12,3,8,245,True,G3_4
central,2x12 #3,2024-03-14,2x12,3,8,245,True,G3_4
central,2x12 #3,2024-03-21,2x12,3,8,245,True,G3_4
central,2x12 #3,2024-03-28,2x12,3,8,245,True,G3_4
central,2x12 #3,2024-04-04,2x12,3,8,245,True,G3_4
central,2x12 #3,2024-04-11,2x12,3,8,245,True,G3_4
central,2x12 #3,2024-04-18,2x12,3,8,245,True,G3_4
central,2x12 #3,2024-04-25,2x12,3,8,250,True,G3_4
central,2x12 #3,2024-05-02,2x12,3,8,250,True,G3_4
central,2x12 #3,2024-05-09,2x12,3,8,255,True,G3_4
central,2x12 #3,2024-05-16,2x12,3,8,255,True,G3_4
central,2x12 #3,2024-05-30,2x12,3,8,265,True,G3_4
central,2x12 #3,2024-06-06,2x12,3,8,265,True,G3_4
central,2x12 #3,2024-06-13,2x12,3,8,265,True,G3_4
central,2x12 #3,2024-06-20,2x12,3,8,260,True,G3_4
central,2x12 #3,2024-06-27,2x12,3,8,260,True,G3_4
central,2x12 #3,2024-07-04,2x12,3,8,260,True,G3_4
central,2x12 #3,2024-07-11,2x12,3,8,255,True,G3_4
central,2x12 #3,2024-07-18,2x12,3,8,255,True,G3_4
central,2x12 #3,2024-07-25,2x12,3,8,255,True,G3_4
central,2x12 #3,2024-08-01,2x12,3,8,255,True,G3_4
central,2x12 #3,2024-08-08,2x12,3,8,255,True,G3_4
central,2x12 #3,2024-08-15,2x12,3,8,255,True,G3_4
central,2x12 #3,2024-08-22,2x12,3,8,255,True,G3_4
central,2x12 #3,2024-08-29,2x12,3,8,255,True,G3_4
central,2x12 #3,2024-09-05,2x12,3,8,255,True,G3_4
central,2x12 #3,2024-09-12,2x12,3,8,255,True,G3_4
central,2x12 #3,2024-09-20,2x12,3,8,255,True,G3_4
central,2x12 #3,2024-09-27,2x12,3,8,255,True,G3_4
central,2x12 #3,2024-10-04,2x12,3,8,255,True,G3_4
central,2x12 #3,2024-10-11,2x12,3,8,260,True,G3_4
central,2x12 #3,2024-10-18,2x12,3,8,260,True,G3_4
central,2x12 #3,2024-10-25,2x12,3,8,260,True,G3_4
central,2x12 #3,2024-11-01,2x12,3,8,260,True,G3_4
central,2x12 #3,2024-11-08,2x12,3,8,260,True,G3_4
central,2x12 #3,2024-11-15,2x12,3,8,260,True,G3_4
central,2x12 #3,2024-11-22,2x12,3,8,255,True,G3_4
central,2x12 #3,2024-11-27,2x12,3,8,250,True,G3_4
central,2x12 #3,2024-12-06,2x12,3,8,245,True,G3_4
central,2x12 #3,2024-12-13,2x12,3,8,245,True,G3_4
central,2x12 #3,2024-12-20,2x12,3,8,245,True,G3_4
central,2x12 #3,2025-01-03,2x12,3,8,245,True,G3_4
central,2x12 #3,2025-01-10,2x12,3,8,245,True,G3_4
central,2x12 #3,2025-01-17,2x12,3,8,245,True,G3_4
central,2x12 #3,2025-01-24,2x12,3,8,245,True,G3_4
central,2x12 #3,2025-01-31,2x12,3,8,250,True,G3_4
central,2x12 #3,2025-02-07,2x12,3,8,250,True,G3_4
central,2x12 #3,2025-02-14,2x12,3,8,255,True,G3_4
central,2x12 #3,2025-02-21,2x12,3,8,255,True,G3_4
central,2x12 #3,2025-02-28,2x12,3,8,265,True,G3_4
central,2x12 #3,2025-03-07,2x12,3,8,270,True,G3_4
central,2x12 #3,2025-03-14,2x12,3,8,275,True,G3_4
central,2x12 #3,2025-03-21,2x12,3,8,275,True,G3_4
central,2x12 #3,2025-03-28,2x12,3,8,275,True,G3_4
central,2x12 #3,2025-04-04,2x12,3,8,280,True,G3_4
central,2x12 #3,2025-04-11,2x12,3,8,285,True,G3_4
central,2x12 #3,2025-04-18,2x12,3,8,295,True,G3_4
central,2x12 #3,2025-04-25,2x12,3,8,295,True,G3_4
central,2x12 #3,2025-05-02,2x12,3,8,300,True,G3_4
central,2x12 #3,2025-05-09,2x12,3,8,295,True,G3_4
central,2x12 #3,2025-05-16,2x12,3,8,290,True,G3_4
central,2x12 #3,2025-05-23,2x12,3,8,290,True,G3_4
central,2x12 #3,2025-05-30,2x12,3,8,285,True,G3_4
central,2x12 #3,2025-06-06,2x12,3,8,275,True,G3_4
central,2x12 #3,2025-06-13,2x12,3,8,275,True,G3_4
central,2x12 #3,2025-06-19,2x12,3,8,270,True,G3_4
central,2x12 #3,2025-06-27,2x12,3,8,265,True,G3_4
central,2x12 #3,2025-07-03,2x12,3,8,260,True,G3_4
central,2x12 #3,2025-07-11,2x12,3,8,255,True,G3_4
central,2x12 #3,2025-07-18,2x12,3,8,250,True,G3_4
central,2x12 #3,2025-07-25,2x12,3,8,250,True,G3_4
central,2x12 #3,2025-08-01,2x12,3,8,250,True,G3_4
central,2x12 #3,2025-08-08,2x12,3,8,250,True,G3_4
central,2x12 #3,2025-08-15,2x12,3,8,245,True,G3_4
central,2x12 #3,2025-08-22,2x12,3,8,235,True,G3_4
central,2x12 #3,2025-08-29,2x12,3,8,235,True,G3_4
central,2x12 #3,2025-09-05,2x12,3,8,230,True,G3_4
central,2x12 #3,2025-09-12,2x12,3,8,230,True,G3_4
central,2x12 #3,2025-09-19,2x12,3,8,230,True,G3_4
central,2x12 #3,2025-09-26,2x12,3,8,230,True,G3_4
central,2x12 #3,2025-10-03,2x12,3,8,225,True,G3_4
central,2x12 #3,2025-10-10,2x12,3,8,220,True,G3_4
central,2x12 #3,2025-10-17,2x12,3,8,220,True,G3_4
central,2x12 #3,2024-01-12,2x12,3,10,220,True,G3_4
central,2x12 #3,2024-01-18,2x12,3,10,225,True,G3_4
central,2x12 #3,2024-01-25,2x12,3,10,220,True,G3_4
central,2x12 #3,2024-02-08,2x12,3,10,230,True,G3_4
central,2x12 #3,2024-02-15,2x12,3,10,230,True,G3_4
central,2x12 #3,2024-02-22,2x12,3,10,235,True,G3_4
central,2x12 #3,2024-02-29,2x12,3,10,245,True,G3_4
central,2x12 #3,2024-03-07,2x12,3,10,245,True,G3_4
central,2x12 #3,2024-03-14,2x12,3,10,245,True,G3_4
central,2x12 #3,2024-03-21,2x12,3,10,245,True,G3_4
central,2x12 #3,2024-03-28,2x12,3,10,245,True,G3_4
central,2x12 #3,2024-04-04,2x12,3,10,245,True,G3_4
central,2x12 #3,2024-04-11,2x12,3,10,245,True,G3_4
central,2x12 #3,2024-04-18,2x12,3,10,245,True,G3_4
central,2x12 #3,2024-04-25,2x12,3,10,250,True,G3_4
central,2x12 #3,2024-05-02,2x12,3,10,250,True,G3_4
central,2x12 #3,2024-05-09,2x12,3,10,255,True,G3_4
central,2x12 #3,2024-05-16,2x12,3,10,255,True,G3_4
central,2x12 #3,2024-05-30,2x12,3,10,265,True,G3_4
central,2x12 #3,2024-06-06,2x12,3,10,265,True,G3_4
central,2x12 #3,2024-06-13,2x12,3,10,265,True,G3_4
central,2x12 #3,2024-06-20,2x12,3,10,260,True,G3_4
central,2x12 #3,2024-06-27,2x12,3,10,260,True,G3_4
central,2x12 #3,2024-07-04,2x12,3,10,260,True,G3_4
central,2x12 #3,2024-07-11,2x12,3,10,255,True,G3_4
central,2x12 #3,2024-07-18,2x12,3,10,255,True,G3_4
central,2x12 #3,2024-07-25,2x12,3,10,255,True,G3_4
central,2x12 #3,2024-08-01,2x12,3,10,255,True,G3_4
central,2x12 #3,2024-08-08,2x12,3,10,255,True,G3_4
central,2x12 #3,2024-08-15,2x12,3,10,255,True,G3_4
central,2x12 #3,2024-08-22,2x12,3,10,255,True,G3_4
central,2x12 #3,2024-08-29,2x12,3,10,255,True,G3_4
central,2x12 #3,2024-09-05,2x12,3,10,255,True,G3_4
central,2x12 #3,2024-09-12,2x12,3,10,255,True,G3_4
central,2x12 #3,2024-09-20,2x12,3,10,255,True,G3_4
central,2x12 #3,2024-09-27,2x12,3,10,255,True,G3_4
central,2x12 #3,2024-10-04,2x12,3,10,255,True,G3_4
central,2x12 #3,2024-10-11,2x12,3,10,260,True,G3_4
central,2x12 #3,2024-10-18,2x12,3,10,260,True,G3_4
central,2x12 #3,2024-10-25,2x12,3,10,260,True,G3_4
central,2x12 #3,2024-11-01,2x12,3,10,260,True,G3_4
central,2x12 #3,2024-11-08,2x12,3,10,260,True,G3_4
central,2x12 #3,2024-11-15,2x12,3,10,260,True,G3_4
central,2x12 #3,2024-11-22,2x12,3,10,255,True,G3_4
central,2x12 #3,2024-11-27,2x12,3,10,250,True,G3_4
central,2x12 #3,2024-12-06,2x12,3,10,245,True,G3_4
central,2x12 #3,2024-12-13,2x12,3,10,245,True,G3_4
central,2x12 #3,2024-12-20,2x12,3,10,245,True,G3_4
central,2x12 #3,2025-01-03,2x12,3,10,245,True,G3_4
central,2x12 #3,2025-01-10,2x12,3,10,245,True,G3_4
central,2x12 #3,2025-01-17,2x12,3,10,245,True,G3_4
central,2x12 #3,2025-01-24,2x12,3,10,245,True,G3_4
central,2x12 #3,2025-01-31,2x12,3,10,250,True,G3_4
central,2x12 #3,2025-02-07,2x12,3,10,250,True,G3_4
central,2x12 #3,2025-02-14,2x12,3,10,255,True,G3_4
central,2x12 #3,2025-02-21,2x12,3,10,255,True,G3_4
central,2x12 #3,2025-02-28,2x12,3,10,265,True,G3_4
central,2x12 #3,2025-03-07,2x12,3,10,270,True,G3_4
central,2x12 #3,2025-03-14,2x12,3,10,275,True,G3_4
central,2x12 #3,2025-03-21,2x12,3,10,275,True,G3_4
central,2x12 #3,2025-03-28,2x12,3,10,275,True,G3_4
central,2x12 #3,2025-04-04,2x12,3,10,280,True,G3_4
central,2x12 #3,2025-04-11,2x12,3,10,285,True,G3_4
central,2x12 #3,2025-04-18,2x12,3,10,295,True,G3_4
central,2x12 #3,2025-04-25,2x12,3,10,295,True,G3_4
central,2x12 #3,2025-05-02,2x12,3,10,300,True,G3_4
central,2x12 #3,2025-05-09,2x12,3,10,295,True,G3_4
central,2x12 #3,2025-05-16,2x12,3,10,290,True,G3_4
central,2x12 #3,2025-05-23,2x12,3,10,290,True,G3_4
central,2x12 #3,2025-05-30,2x12,3,10,285,True,G3_4
central,2x12 #3,2025-06-06,2x12,3,10,275,True,G3_4
central,2x12 #3,2025-06-13,2x12,3,10,275,True,G3_4
central,2x12 #3,2025-06-19,2x12,3,10,270,True,G3_4
central,2x12 #3,2025-06-27,2x12,3,10,265,True,G3_4
central,2x12 #3,2025-07-03,2x12,3,10,260,True,G3_4
central,2x12 #3,2025-07-11,2x12,3,10,255,True,G3_4
central,2x12 #3,2025-07-18,2x12,3,10,250,True,G3_4
central,2x12 #3,2025-07-25,2x12,3,10,250,True,G3_4
central,2x12 #3,2025-08-01,2x12,3,10,250,True,G3_4
central,2x12 #3,2025-08-08,2x12,3,10,250,True,G3_4
central,2x12 #3,2025-08-15,2x12,3,10,245,True,G3_4
central,2x12 #3,2025-08-22,2x12,3,10,235,True,G3_4
central,2x12 #3,2025-08-29,2x12,3,10,235,True,G3_4
central,2x12 #3,2025-09-05,2x12,3,10,230,True,G3_4
central,2x12 #3,2025-09-12,2x12,3,10,230,True,G3_4
central,2x12 #3,2025-09-19,2x12,3,10,230,True,G3_4
central,2x12 #3,2025-09-26,2x12,3,10,230,True,G3_4
central,2x12 #3,2025-10-03,2x12,3,10,225,True,G3_4
central,2x12 #3,2025-10-10,2x12,3,10,220,True,G3_4
central,2x12 #3,2025-10-17,2x12,3,10,220,True,G3_4
central,2x12 #3,2024-01-12,2x12,3,12,220,True,G3_4
central,2x12 #3,2024-01-18,2x12,3,12,225,True,G3_4
central,2x12 #3,2024-01-25,2x12,3,12,220,True,G3_4
central,2x12 #3,2024-02-08,2x12,3,12,230,True,G3_4
central,2x12 #3,2024-02-15,2x12,3,12,230,True,G3_4
central,2x12 #3,2024-02-22,2x12,3,12,235,True,G3_4
central,2x12 #3,2024-02-29,2x12,3,12,245,True,G3_4
central,2x12 #3,2024-03-07,2x12,3,12,245,True,G3_4
central,2x12 #3,2024-03-14,2x12,3,12,245,True,G3_4
central,2x12 #3,2024-03-21,2x12,3,12,245,True,G3_4
central,2x12 #3,2024-03-28,2x12,3,12,245,True,G3_4
central,2x12 #3,2024-04-04,2x12,3,12,245,True,G3_4
central,2x12 #3,2024-04-11,2x12,3,12,245,True,G3_4
central,2x12 #3,2024-04-18,2x12,3,12,245,True,G3_4
central,2x12 #3,2024-04-25,2x12,3,12,250,True,G3_4
central,2x12 #3,2024-05-02,2x12,3,12,250,True,G3_4
central,2x12 #3,2024-05-09,2x12,3,12,255,True,G3_4
central,2x12 #3,2024-05-16,2x12,3,12,255,True,G3_4
central,2x12 #3,2024-05-30,2x12,3,12,265,True,G3_4
central,2x12 #3,2024-06-06,2x12,3,12,265,True,G3_4
central,2x12 #3,2024-06-13,2x12,3,12,265,True,G3_4
central,2x12 #3,2024-06-20,2x12,3,12,260,True,G3_4
central,2x12 #3,2024-06-27,2x12,3,12,260,True,G3_4
central,2x12 #3,2024-07-04,2x12,3,12,260,True,G3_4
central,2x12 #3,2024-07-11,2x12,3,12,255,True,G3_4
central,2x12 #3,2024-07-18,2x12,3,12,255,True,G3_4
central,2x12 #3,2024-07-25,2x12,3,12,255,True,G3_4
central,2x12 #3,2024-08-01,2x12,3,12,255,True,G3_4
central,2x12 #3,2024-08-08,2x12,3,12,255,True,G3_4
central,2x12 #3,2024-08-15,2x12,3,12,255,True,G3_4
central,2x12 #3,2024-08-22,2x12,3,12,255,True,G3_4
central,2x12 #3,2024-08-29,2x12,3,12,255,True,G3_4
central,2x12 #3,2024-09-05,2x12,3,12,255,True,G3_4
central,2x12 #3,2024-09-12,2x12,3,12,255,True,G3_4
central,2x12 #3,2024-09-20,2x12,3,12,255,True,G3_4
central,2x12 #3,2024-09-27,2x12,3,12,255,True,G3_4
central,2x12 #3,2024-10-04,2x12,3,12,255,True,G3_4
central,2x12 #3,2024-10-11,2x12,3,12,260,True,G3_4
central,2x12 #3,2024-10-18,2x12,3,12,260,True,G3_4
central,2x12 #3,2024-10-25,2x12,3,12,260,True,G3_4
central,2x12 #3,2024-11-01,2x12,3,12,260,True,G3_4
central,2x12 #3,2024-11-08,2x12,3,12,260,True,G3_4
central,2x12 #3,2024-11-15,2x12,3,12,260,True,G3_4
central,2x12 #3,2024-11-22,2x12,3,12,255,True,G3_4
central,2x12 #3,2024-11-27,2x12,3,12,250,True,G3_4
central,2x12 #3,2024-12-06,2x12,3,12,245,True,G3_4
central,2x12 #3,2024-12-13,2x12,3,12,245,True,G3_4
central,2x12 #3,2024-12-20,2x12,3,12,245,True,G3_4
central,2x12 #3,2025-01-03,2x12,3,12,245,True,G3_4
central,2x12 #3,2025-01-10,2x12,3,12,245,True,G3_4
central,2x12 #3,2025-01-17,2x12,3,12,245,True,G3_4
central,2x12 #3,2025-01-24,2x12,3,12,245,True,G3_4
central,2x12 #3,2025-01-31,2x12,3,12,250,True,G3_4
central,2x12 #3,2025-02-07,2x12,3,12,250,True,G3_4
central,2x12 #3,2025-02-14,2x12,3,12,255,True,G3_4
central,2x12 #3,2025-02-21,2x12,3,12,255,True,G3_4
central,2x12 #3,2025-02-28,2x12,3,12,265,True,G3_4
central,2x12 #3,2025-03-07,2x12,3,12,270,True,G3_4
central,2x12 #3,2025-03-14,2x12,3,12,275,True,G3_4
central,2x12 #3,2025-03-21,2x12,3,12,275,True,G3_4
central,2x12 #3,2025-03-28,2x12,3,12,275,True,G3_4
central,2x12 #3,2025-04-04,2x12,3,12,280,True,G3_4
central,2x12 #3,2025-04-11,2x12,3,12,285,True,G3_4
central,2x12 #3,2025-04-18,2x12,3,12,295,True,G3_4
central,2x12 #3,2025-04-25,2x12,3,12,295,True,G3_4
central,2x12 #3,2025-05-02,2x12,3,12,300,True,G3_4
central,2x12 #3,2025-05-09,2x12,3,12,295,True,G3_4
central,2x12 #3,2025-05-16,2x12,3,12,290,True,G3_4
central,2x12 #3,2025-05-23,2x12,3,12,290,True,G3_4
central,2x12 #3,2025-05-30,2x12,3,12,285,True,G3_4
central,2x12 #3,2025-06-06,2x12,3,12,275,True,G3_4
central,2x12 #3,2025-06-13,2x12,3,12,275,True,G3_4
central,2x12 #3,2025-06-19,2x12,3,12,270,True,G3_4
central,2x12 #3,2025-06-27,2x12,3,12,265,True,G3_4
central,2x12 #3,2025-07-03,2x12,3,12,260,True,G3_4
central,2x12 #3,2025-07-11,2x12,3,12,255,True,G3_4
central,2x12 #3,2025-07-18,2x12,3,12,250,True,G3_4
central,2x12 #3,2025-07-25,2x12,3,12,250,True,G3_4
central,2x12 #3,2025-08-01,2x12,3,12,250,True,G3_4
central,2x12 #3,2025-08-08,2x12,3,12,250,True,G3_4
central,2x12 #3,2025-08-15,2x12,3,12,245,True,G3_4
central,2x12 #3,2025-08-22,2x12,3,12,235,True,G3_4
central,2x12 #3,2025-08-29,2x12,3,12,235,True,G3_4
central,2x12 #3,2025-09-05,2x12,3,12,230,True,G3_4
central,2x12 #3,2025-09-12,2x12,3,12,230,True,G3_4
central,2x12 #3,2025-09-19,2x12,3,12,230,True,G3_4
central,2x12 #3,2025-09-26,2x12,3,12,230,True,G3_4
central,2x12 #3,2025-10-03,2x12,3,12,225,True,G3_4
central,2x12 #3,2025-10-10,2x12,3,12,220,True,G3_4
central,2x12 #3,2025-10-17,2x12,3,12,220,True,G3_4
central,2x12 #3,2024-01-12,2x12,3,14,220,True,G3_4
central,2x12 #3,2024-01-18,2x12,3,14,225,True,G3_4
central,2x12 #3,2024-01-25,2x12,3,14,220,True,G3_4
central,2x12 #3,2024-02-08,2x12,3,14,230,True,G3_4
central,2x12 #3,2024-02-15,2x12,3,14,230,True,G3_4
central,2x12 #3,2024-02-22,2x12,3,14,235,True,G3_4
central,2x12 #3,2024-02-29,2x12,3,14,245,True,G3_4
central,2x12 #3,2024-03-07,2x12,3,14,245,True,G3_4
central,2x12 #3,2024-03-14,2x12,3,14,245,True,G3_4
central,2x12 #3,2024-03-21,2x12,3,14,245,True,G3_4
central,2x12 #3,2024-03-28,2x12,3,14,245,True,G3_4
central,2x12 #3,2024-04-04,2x12,3,14,245,True,G3_4
central,2x12 #3,2024-04-11,2x12,3,14,245,True,G3_4
central,2x12 #3,2024-04-18,2x12,3,14,245,True,G3_4
central,2x12 #3,2024-04-25,2x12,3,14,250,True,G3_4
central,2x12 #3,2024-05-02,2x12,3,14,250,True,G3_4
central,2x12 #3,2024-05-09,2x12,3,14,255,True,G3_4
central,2x12 #3,2024-05-16,2x12,3,14,255,True,G3_4
central,2x12 #3,2024-05-30,2x12,3,14,265,True,G3_4
central,2x12 #3,2024-06-06,2x12,3,14,265,True,G3_4
central,2x12 #3,2024-06-13,2x12,3,14,265,True,G3_4
central,2x12 #3,2024-06-20,2x12,3,14,260,True,G3_4
central,2x12 #3,2024-06-27,2x12,3,14,260,True,G3_4
central,2x12 #3,2024-07-04,2x12,3,14,260,True,G3_4
central,2x12 #3,2024-07-11,2x12,3,14,255,True,G3_4
central,2x12 #3,2024-07-18,2x12,3,14,255,True,G3_4
central,2x12 #3,2024-07-25,2x12,3,14,255,True,G3_4
central,2x12 #3,2024-08-01,2x12,3,14,255,True,G3_4
central,2x12 #3,2024-08-08,2x12,3,14,255,True,G3_4
central,2x12 #3,2024-08-15,2x12,3,14,255,True,G3_4
central,2x12 #3,2024-08-22,2x12,3,14,255,True,G3_4
central,2x12 #3,2024-08-29,2x12,3,14,255,True,G3_4
central,2x12 #3,2024-09-05,2x12,3,14,255,True,G3_4
central,2x12 #3,2024-09-12,2x12,3,14,255,True,G3_4
central,2x12 #3,2024-09-20,2x12,3,14,255,True,G3_4
central,2x12 #3,2024-09-27,2x12,3,14,255,True,G3_4
central,2x12 #3,2024-10-04,2x12,3,14,255,True,G3_4
central,2x12 #3,2024-10-11,2x12,3,14,260,True,G3_4
central,2x12 #3,2024-10-18,2x12,3,14,260,True,G3_4
central,2x12 #3,2024-10-25,2x12,3,14,260,True,G3_4
central,2x12 #3,2024-11-01,2x12,3,14,260,True,G3_4
central,2x12 #3,2024-11-08,2x12,3,14,260,True,G3_4
central,2x12 #3,2024-11-15,2x12,3,14,260,True,G3_4
central,2x12 #3,2024-11-22,2x12,3,14,255,True,G3_4
central,2x12 #3,2024-11-27,2x12,3,14,250,True,G3_4
central,2x12 #3,2024-12-06,2x12,3,14,245,True,G3_4
central,2x12 #3,2024-12-13,2x12,3,14,245,True,G3_4
central,2x12 #3,2024-12-20,2x12,3,14,245,True,G3_4
central,2x12 #3,2025-01-03,2x12,3,14,245,True,G3_4
central,2x12 #3,2025-01-10,2x12,3,14,245,True,G3_4
central,2x12 #3,2025-01-17,2x12,3,14,245,True,G3_4
central,2x12 #3,2025-01-24,2x12,3,14,245,True,G3_4
central,2x12 #3,2025-01-31,2x12,3,14,250,True,G3_4
central,2x12 #3,2025-02-07,2x12,3,14,250,True,G3_4
central,2x12 #3,2025-02-14,2x12,3,14,255,True,G3_4
central,2x12 #3,2025-02-21,2x12,3,14,255,True,G3_4
central,2x12 #3,2025-02-28,2x12,3,14,265,True,G3_4
central,2x12 #3,2025-03-07,2x12,3,14,270,True,G3_4
central,2x12 #3,2025-03-14,2x12,3,14,275,True,G3_4
central,2x12 #3,2025-03-21,2x12,3,14,275,True,G3_4
central,2x12 #3,2025-03-28,2x12,3,14,275,True,G3_4
central,2x12 #3,2025-04-04,2x12,3,14,280,True,G3_4
central,2x12 #3,2025-04-11,2x12,3,14,285,True,G3_4
central,2x12 #3,2025-04-18,2x12,3,14,295,True,G3_4
central,2x12 #3,2025-04-25,2x12,3,14,295,True,G3_4
central,2x12 #3,2025-05-02,2x12,3,14,300,True,G3_4
central,2x12 #3,2025-05-09,2x12,3,14,295,True,G3_4
central,2x12 #3,2025-05-16,2x12,3,14,290,True,G3_4
central,2x12 #3,2025-05-23,2x12,3,14,290,True,G3_4
central,2x12 #3,2025-05-30,2x12,3,14,285,True,G3_4
central,2x12 #3,2025-06-06,2x12,3,14,275,True,G3_4
central,2x12 #3,2025-06-13,2x12,3,14,275,True,G3_4
central,2x12 #3,2025-06-19,2x12,3,14,270,True,G3_4
central,2x12 #3,2025-06-27,2x12,3,14,265,True,G3_4
central,2x12 #3,2025-07-03,2x12,3,14,260,True,G3_4
central,2x12 #3,2025-07-11,2x12,3,14,255,True,G3_4
central,2x12 #3,2025-07-18,2x12,3,14,250,True,G3_4
central,2x12 #3,2025-07-25,2x12,3,14,250,True,G3_4
central,2x12 #3,2025-08-01,2x12,3,14,250,True,G3_4
central,2x12 #3,2025-08-08,2x12,3,14,250,True,G3_4
central,2x12 #3,2025-08-15,2x12,3,14,245,True,G3_4
central,2x12 #3,2025-08-22,2x12,3,14,235,True,G3_4
central,2x12 #3,2025-08-29,2x12,3,14,235,True,G3_4
central,2x12 #3,2025-09-05,2x12,3,14,230,True,G3_4
central,2x12 #3,2025-09-12,2x12,3,14,230,True,G3_4
central,2x12 #3,2025-09-19,2x12,3,14,230,True,G3_4
central,2x12 #3,2025-09-26,2x12,3,14,230,True,G3_4
central,2x12 #3,2025-10-03,2x12,3,14,225,True,G3_4
central,2x12 #3,2025-10-10,2x12,3,14,220,True,G3_4
central,2x12 #3,2025-10-17,2x12,3,14,220,True,G3_4
central,2x12 #3,2024-01-12,2x12,3,16,220,True,G3_4
central,2x12 #3,2024-01-18,2x12,3,16,225,True,G3_4
central,2x12 #3,2024-01-25,2x12,3,16,220,True,G3_4
central,2x12 #3,2024-02-08,2x12,3,16,230,True,G3_4
central,2x12 #3,2024-02-15,2x12,3,16,230,True,G3_4
central,2x12 #3,2024-02-22,2x12,3,16,235,True,G3_4
central,2x12 #3,2024-02-29,2x12,3,16,245,True,G3_4
central,2x12 #3,2024-03-07,2x12,3,16,245,True,G3_4
central,2x12 #3,2024-03-14,2x12,3,16,245,True,G3_4
central,2x12 #3,2024-03-21,2x12,3,16,245,True,G3_4
central,2x12 #3,2024-03-28,2x12,3,16,245,True,G3_4
central,2x12 #3,2024-04-04,2x12,3,16,245,True,G3_4
central,2x12 #3,2024-04-11,2x12,3,16,245,True,G3_4
central,2x12 #3,2024-04-18,2x12,3,16,245,True,G3_4
central,2x12 #3,2024-04-25,2x12,3,16,250,True,G3_4
central,2x12 #3,2024-05-02,2x12,3,16,250,True,G3_4
central,2x12 #3,2024-05-09,2x12,3,16,255,True,G3_4
central,2x12 #3,2024-05-16,2x12,3,16,255,True,G3_4
central,2x12 #3,2024-05-30,2x12,3,16,265,True,G3_4
central,2x12 #3,2024-06-06,2x12,3,16,265,True,G3_4
central,2x12 #3,2024-06-13,2x12,3,16,265,True,G3_4
central,2x12 #3,2024-06-20,2x12,3,16,260,True,G3_4
central,2x12 #3,2024-06-27,2x12,3,16,260,True,G3_4
central,2x12 #3,2024-07-04,2x12,3,16,260,True,G3_4
central,2x12 #3,2024-07-11,2x12,3,16,255,True,G3_4
central,2x12 #3,2024-07-18,2x12,3,16,255,True,G3_4
central,2x12 #3,2024-07-25,2x12,3,16,255,True,G3_4
central,2x12 #3,2024-08-01,2x12,3,16,255,True,G3_4
central,2x12 #3,2024-08-08,2x12,3,16,255,True,G3_4
central,2x12 #3,2024-08-15,2x12,3,16,255,True,G3_4
central,2x12 #3,2024-08-22,2x12,3,16,255,True,G3_4
central,2x12 #3,2024-08-29,2x12,3,16,255,True,G3_4
central,2x12 #3,2024-09-05,2x12,3,16,255,True,G3_4
central,2x12 #3,2024-09-12,2x12,3,16,255,True,G3_4
central,2x12 #3,2024-09-20,2x12,3,16,255,True,G3_4
central,2x12 #3,2024-09-27,2x12,3,16,255,True,G3_4
central,2x12 #3,2024-10-04,2x12,3,16,255,True,G3_4
central,2x12 #3,2024-10-11,2x12,3,16,260,True,G3_4
central,2x12 #3,2024-10-18,2x12,3,16,260,True,G3_4
central,2x12 #3,2024-10-25,2x12,3,16,260,True,G3_4
central,2x12 #3,2024-11-01,2x12,3,16,260,True,G3_4
central,2x12 #3,2024-11-08,2x12,3,16,260,True,G3_4
central,2x12 #3,2024-11-15,2x12,3,16,260,True,G3_4
central,2x12 #3,2024-11-22,2x12,3,16,255,True,G3_4
central,2x12 #3,2024-11-27,2x12,3,16,250,True,G3_4
central,2x12 #3,2024-12-06,2x12,3,16,245,True,G3_4
central,2x12 #3,2024-12-13,2x12,3,16,245,True,G3_4
central,2x12 #3,2024-12-20,2x12,3,16,245,True,G3_4
central,2x12 #3,2025-01-03,2x12,3,16,245,True,G3_4
central,2x12 #3,2025-01-10,2x12,3,16,245,True,G3_4
central,2x12 #3,2025-01-17,2x12,3,16,245,True,G3_4
central,2x12 #3,2025-01-24,2x12,3,16,245,True,G3_4
central,2x12 #3,2025-01-31,2x12,3,16,250,True,G3_4
central,2x12 #3,2025-02-07,2x12,3,16,250,True,G3_4
central,2x12 #3,2025-02-14,2x12,3,16,255,True,G3_4
central,2x12 #3,2025-02-21,2x12,3,16,255,True,G3_4
central,2x12 #3,2025-02-28,2x12,3,16,265,True,G3_4
central,2x12 #3,2025-03-07,2x12,3,16,270,True,G3_4
central,2x12 #3,2025-03-14,2x12,3,16,275,True,G3_4
central,2x12 #3,2025-03-21,2x12,3,16,275,True,G3_4
central,2x12 #3,2025-03-28,2x12,3,16,275,True,G3_4
central,2x12 #3,2025-04-04,2x12,3,16,280,True,G3_4
central,2x12 #3,2025-04-11,2x12,3,16,285,True,G3_4
central,2x12 #3,2025-04-18,2x12,3,16,295,True,G3_4
central,2x12 #3,2025-04-25,2x12,3,16,295,True,G3_4
central,2x12 #3,2025-05-02,2x12,3,16,300,True,G3_4
central,2x12 #3,2025-05-09,2x12,3,16,295,True,G3_4
central,2x12 #3,2025-05-16,2x12,3,16,290,True,G3_4
central,2x12 #3,2025-05-23,2x12,3,16,290,True,G3_4
central,2x12 #3,2025-05-30,2x12,3,16,285,True,G3_4
central,2x12 #3,2025-06-06,2x12,3,16,275,True,G3_4
central,2x12 #3,2025-06-13,2x12,3,16,275,True,G3_4
central,2x12 #3,2025-06-19,2x12,3,16,270,True,G3_4
central,2x12 #3,2025-06-27,2x12,3,16,265,True,G3_4
central,2x12 #3,2025-07-03,2x12,3,16,260,True,G3_4
central,2x12 #3,2025-07-11,2x12,3,16,255,True,G3_4
central,2x12 #3,2025-07-18,2x12,3,16,250,True,G3_4
central,2x12 #3,2025-07-25,2x12,3,16,250,True,G3_4
central,2x12 #3,2025-08-01,2x12,3,16,250,True,G3_4
central,2x12 #3,2025-08-08,2x12,3,16,250,True,G3_4
central,2x12 #3,2025-08-15,2x12,3,16,245,True,G3_4
central,2x12 #3,2025-08-22,2x12,3,16,235,True,G3_4
central,2x12 #3,2025-08-29,2x12,3,16,235,True,G3_4
central,2x12 #3,2025-09-05,2x12,3,16,230,True,G3_4
central,2x12 #3,2025-09-12,2x12,3,16,230,True,G3_4
central,2x12 #3,2025-09-19,2x12,3,16,230,True,G3_4
central,2x12 #3,2025-09-26,2x12,3,16,230,True,G3_4
central,2x12 #3,2025-10-03,2x12,3,16,225,True,G3_4
central,2x12 #3,2025-10-10,2x12,3,16,220,True,G3_4
central,2x12 #3,2025-10-17,2x12,3,16,220,True,G3_4
central,2x12 #3,2024-01-12,2x12,3,18,220,True,G3_4
central,2x12 #3,2024-01-18,2x12,3,18,225,True,G3_4
central,2x12 #3,2024-01-25,2x12,3,18,220,True,G3_4
central,2x12 #3,2024-02-08,2x12,3,18,230,True,G3_4
central,2x12 #3,2024-02-15,2x12,3,18,230,True,G3_4
central,2x12 #3,2024-02-22,2x12,3,18,235,True,G3_4
central,2x12 #3,2024-02-29,2x12,3,18,245,True,G3_4
central,2x12 #3,2024-03-07,2x12,3,18,245,True,G3_4
central,2x12 #3,2024-03-14,2x12,3,18,245,True,G3_4
central,2x12 #3,2024-03-21,2x12,3,18,245,True,G3_4
central,2x12 #3,2024-03-28,2x12,3,18,245,True,G3_4
central,2x12 #3,2024-04-04,2x12,3,18,245,True,G3_4
central,2x12 #3,2024-04-11,2x12,3,18,245,True,G3_4
central,2x12 #3,2024-04-18,2x12,3,18,245,True,G3_4
central,2x12 #3,2024-04-25,2x12,3,18,250,True,G3_4
central,2x12 #3,2024-05-02,2x12,3,18,250,True,G3_4
central,2x12 #3,2024-05-09,2x12,3,18,255,True,G3_4
central,2x12 #3,2024-05-16,2x12,3,18,255,True,G3_4
central,2x12 #3,2024-05-30,2x12,3,18,265,True,G3_4
central,2x12 #3,2024-06-06,2x12,3,18,265,True,G3_4
central,2x12 #3,2024-06-13,2x12,3,18,265,True,G3_4
central,2x12 #3,2024-06-20,2x12,3,18,260,True,G3_4
central,2x12 #3,2024-06-27,2x12,3,18,260,True,G3_4
central,2x12 #3,2024-07-04,2x12,3,18,260,True,G3_4
central,2x12 #3,2024-07-11,2x12,3,18,255,True,G3_4
central,2x12 #3,2024-07-18,2x12,3,18,255,True,G3_4
central,2x12 #3,2024-07-25,2x12,3,18,255,True,G3_4
central,2x12 #3,2024-08-01,2x12,3,18,255,True,G3_4
central,2x12 #3,2024-08-08,2x12,3,18,255,True,G3_4
central,2x12 #3,2024-08-15,2x12,3,18,255,True,G3_4
central,2x12 #3,2024-08-22,2x12,3,18,255,True,G3_4
central,2x12 #3,2024-08-29,2x12,3,18,255,True,G3_4
central,2x12 #3,2024-09-05,2x12,3,18,255,True,G3_4
central,2x12 #3,2024-09-12,2x12,3,18,255,True,G3_4
central,2x12 #3,2024-09-20,2x12,3,18,255,True,G3_4
central,2x12 #3,2024-09-27,2x12,3,18,255,True,G3_4
central,2x12 #3,2024-10-04,2x12,3,18,255,True,G3_4
central,2x12 #3,2024-10-11,2x12,3,18,260,True,G3_4
central,2x12 #3,2024-10-18,2x12,3,18,260,True,G3_4
central,2x12 #3,2024-10-25,2x12,3,18,260,True,G3_4
central,2x12 #3,2024-11-01,2x12,3,18,260,True,G3_4
central,2x12 #3,2024-11-08,2x12,3,18,260,True,G3_4
central,2x12 #3,2024-11-15,2x12,3,18,260,True,G3_4
central,2x12 #3,2024-11-22,2x12,3,18,255,True,G3_4
central,2x12 #3,2024-11-27,2x12,3,18,250,True,G3_4
central,2x12 #3,2024-12-06,2x12,3,18,245,True,G3_4
central,2x12 #3,2024-12-13,2x12,3,18,245,True,G3_4
central,2x12 #3,2024-12-20,2x12,3,18,245,True,G3_4
central,2x12 #3,2025-01-03,2x12,3,18,245,True,G3_4
central,2x12 #3,2025-01-10,2x12,3,18,245,True,G3_4
central,2x12 #3,2025-01-17,2x12,3,18,245,True,G3_4
central,2x12 #3,2025-01-24,2x12,3,18,245,True,G3_4
central,2x12 #3,2025-01-31,2x12,3,18,250,True,G3_4
central,2x12 #3,2025-02-07,2x12,3,18,250,True,G3_4
central,2x12 #3,2025-02-14,2x12,3,18,255,True,G3_4
central,2x12 #3,2025-02-21,2x12,3,18,255,True,G3_4
central,2x12 #3,2025-02-28,2x12,3,18,265,True,G3_4
central,2x12 #3,2025-03-07,2x12,3,18,270,True,G3_4
central,2x12 #3,2025-03-14,2x12,3,18,275,True,G3_4
central,2x12 #3,2025-03-21,2x12,3,18,275,True,G3_4
central,2x12 #3,2025-03-28,2x12,3,18,275,True,G3_4
central,2x12 #3,2025-04-04,2x12,3,18,280,True,G3_4
central,2x12 #3,2025-04-11,2x12,3,18,285,True,G3_4
central,2x12 #3,2025-04-18,2x12,3,18,295,True,G3_4
central,2x12 #3,2025-04-25,2x12,3,18,295,True,G3_4
central,2x12 #3,2025-05-02,2x12,3,18,300,True,G3_4
central,2x12 #3,2025-05-09,2x12,3,18,295,True,G3_4
central,2x12 #3,2025-05-16,2x12,3,18,290,True,G3_4
central,2x12 #3,2025-05-23,2x12,3,18,290,True,G3_4
central,2x12 #3,2025-05-30,2x12,3,18,285,True,G3_4
central,2x12 #3,2025-06-06,2x12,3,18,275,True,G3_4
central,2x12 #3,2025-06-13,2x12,3,18,275,True,G3_4
central,2x12 #3,2025-06-19,2x12,3,18,270,True,G3_4
central,2x12 #3,2025-06-27,2x12,3,18,265,True,G3_4
central,2x12 #3,2025-07-03,2x12,3,18,260,True,G3_4
central,2x12 #3,2025-07-11,2x12,3,18,255,True,G3_4
central,2x12 #3,2025-07-18,2x12,3,18,250,True,G3_4
central,2x12 #3,2025-07-25,2x12,3,18,250,True,G3_4
central,2x12 #3,2025-08-01,2x12,3,18,250,True,G3_4
central,2x12 #3,2025-08-08,2x12,3,18,250,True,G3_4
central,2x12 #3,2025-08-15,2x12,3,18,245,True,G3_4
central,2x12 #3,2025-08-22,2x12,3,18,235,True,G3_4
central,2x12 #3,2025-08-29,2x12,3,18,235,True,G3_4
central,2x12 #3,2025-09-05,2x12,3,18,230,True,G3_4
central,2x12 #3,2025-09-12,2x12,3,18,230,True,G3_4
central,2x12 #3,2025-09-19,2x12,3,18,230,True,G3_4
central,2x12 #3,2025-09-26,2x12,3,18,230,True,G3_4
central,2x12 #3,2025-10-03,2x12,3,18,225,True,G3_4
central,2x12 #3,2025-10-10,2x12,3,18,220,True,G3_4
central,2x12 #3,2025-10-17,2x12,3,18,220,True,G3_4
central,2x12 #3,2024-01-12,2x12,3,20,220,True,G3_4
central,2x12 #3,2024-01-18,2x12,3,20,225,True,G3_4
central,2x12 #3,2024-01-25,2x12,3,20,220,True,G3_4
central,2x12 #3,2024-02-08,2x12,3,20,230,True,G3_4
central,2x12 #3,2024-02-15,2x12,3,20,230,True,G3_4
central,2x12 #3,2024-02-22,2x12,3,20,235,True,G3_4
central,2x12 #3,2024-02-29,2x12,3,20,245,True,G3_4
central,2x12 #3,2024-03-07,2x12,3,20,245,True,G3_4
central,2x12 #3,2024-03-14,2x12,3,20,245,True,G3_4
central,2x12 #3,2024-03-21,2x12,3,20,245,True,G3_4
central,2x12 #3,2024-03-28,2x12,3,20,245,True,G3_4
central,2x12 #3,2024-04-04,2x12,3,20,245,True,G3_4
central,2x12 #3,2024-04-11,2x12,3,20,245,True,G3_4
central,2x12 #3,2024-04-18,2x12,3,20,245,True,G3_4
central,2x12 #3,2024-04-25,2x12,3,20,250,True,G3_4
central,2x12 #3,2024-05-02,2x12,3,20,250,True,G3_4
central,2x12 #3,2024-05-09,2x12,3,20,255,True,G3_4
central,2x12 #3,2024-05-16,2x12,3,20,255,True,G3_4
central,2x12 #3,2024-05-30,2x12,3,20,265,True,G3_4
central,2x12 #3,2024-06-06,2x12,3,20,265,True,G3_4
central,2x12 #3,2024-06-13,2x12,3,20,265,True,G3_4
central,2x12 #3,2024-06-20,2x12,3,20,260,True,G3_4
central,2x12 #3,2024-06-27,2x12,3,20,260,True,G3_4
central,2x12 #3,2024-07-04,2x12,3,20,260,True,G3_4
central,2x12 #3,2024-07-11,2x12,3,20,255,True,G3_4
central,2x12 #3,2024-07-18,2x12,3,20,255,True,G3_4
central,2x12 #3,2024-07-25,2x12,3,20,255,True,G3_4
central,2x12 #3,2024-08-01,2x12,3,20,255,True,G3_4
central,2x12 #3,2024-08-08,2x12,3,20,255,True,G3_4
central,2x12 #3,2024-08-15,2x12,3,20,255,True,G3_4
central,2x12 #3,2024-08-22,2x12,3,20,255,True,G3_4
central,2x12 #3,2024-08-29,2x12,3,20,255,True,G3_4
central,2x12 #3,2024-09-05,2x12,3,20,255,True,G3_4
central,2x12 #3,2024-09-12,2x12,3,20,255,True,G3_4
central,2x12 #3,2024-09-20,2x12,3,20,255,True,G3_4
central,2x12 #3,2024-09-27,2x12,3,20,255,True,G3_4
central,2x12 #3,2024-10-04,2x12,3,20,255,True,G3_4
central,2x12 #3,2024-10-11,2x12,3,20,260,True,G3_4
central,2x12 #3,2024-10-18,2x12,3,20,260,True,G3_4
central,2x12 #3,2024-10-25,2x12,3,20,260,True,G3_4
central,2x12 #3,2024-11-01,2x12,3,20,260,True,G3_4
central,2x12 #3,2024-11-08,2x12,3,20,260,True,G3_4
central,2x12 #3,2024-11-15,2x12,3,20,260,True,G3_4
central,2x12 #3,2024-11-22,2x12,3,20,255,True,G3_4
central,2x12 #3,2024-11-27,2x12,3,20,250,True,G3_4
central,2x12 #3,2024-12-06,2x12,3,20,245,True,G3_4
central,2x12 #3,2024-12-13,2x12,3,20,245,True,G3_4
central,2x12 #3,2024-12-20,2x12,3,20,245,True,G3_4
central,2x12 #3,2025-01-03,2x12,3,20,245,True,G3_4
central,2x12 #3,2025-01-10,2x12,3,20,245,True,G3_4
central,2x12 #3,2025-01-17,2x12,3,20,245,True,G3_4
central,2x12 #3,2025-01-24,2x12,3,20,245,True,G3_4
central,2x12 #3,2025-01-31,2x12,3,20,250,True,G3_4
central,2x12 #3,2025-02-07,2x12,3,20,250,True,G3_4
central,2x12 #3,2025-02-14,2x12,3,20,255,True,G3_4
central,2x12 #3,2025-02-21,2x12,3,20,255,True,G3_4
central,2x12 #3,2025-02-28,2x12,3,20,265,True,G3_4
central,2x12 #3,2025-03-07,2x12,3,20,270,True,G3_4
central,2x12 #3,2025-03-14,2x12,3,20,275,True,G3_4
central,2x12 #3,2025-03-21,2x12,3,20,275,True,G3_4
central,2x12 #3,2025-03-28,2x12,3,20,275,True,G3_4
central,2x12 #3,2025-04-04,2x12,3,20,280,True,G3_4
central,2x12 #3,2025-04-11,2x12,3,20,285,True,G3_4
central,2x12 #3,2025-04-18,2x12,3,20,295,True,G3_4
central,2x12 #3,2025-04-25,2x12,3,20,295,True,G3_4
central,2x12 #3,2025-05-02,2x12,3,20,300,True,G3_4
central,2x12 #3,2025-05-09,2x12,3,20,295,True,G3_4
central,2x12 #3,2025-05-16,2x12,3,20,290,True,G3_4
central,2x12 #3,2025-05-23,2x12,3,20,290,True,G3_4
central,2x12 #3,2025-05-30,2x12,3,20,285,True,G3_4
central,2x12 #3,2025-06-06,2x12,3,20,275,True,G3_4
central,2x12 #3,2025-06-13,2x12,3,20,275,True,G3_4
central,2x12 #3,2025-06-19,2x12,3,20,270,True,G3_4
central,2x12 #3,2025-06-27,2x12,3,20,265,True,G3_4
central,2x12 #3,2025-07-03,2x12,3,20,260,True,G3_4
central,2x12 #3,2025-07-11,2x12,3,20,255,True,G3_4
central,2x12 #3,2025-07-18,2x12,3,20,250,True,G3_4
central,2x12 #3,2025-07-25,2x12,3,20,250,True,G3_4
central,2x12 #3,2025-08-01,2x12,3,20,250,True,G3_4
central,2x12 #3,2025-08-08,2x12,3,20,250,True,G3_4
central,2x12 #3,2025-08-15,2x12,3,20,245,True,G3_4
central,2x12 #3,2025-08-22,2x12,3,20,235,True,G3_4
central,2x12 #3,2025-08-29,2x12,3,20,235,True,G3_4
central,2x12 #3,2025-09-05,2x12,3,20,230,True,G3_4
central,2x12 #3,2025-09-12,2x12,3,20,230,True,G3_4
central,2x12 #3,2025-09-19,2x12,3,20,230,True,G3_4
central,2x12 #3,2025-09-26,2x12,3,20,230,True,G3_4
central,2x12 #3,2025-10-03,2x12,3,20,225,True,G3_4
central,2x12 #3,2025-10-10,2x12,3,20,220,True,G3_4
central,2x12 #3,2025-10-17,2x12,3,20,220,True,G3_4
central,2x12,2024-01-12,2x12,4,8,175,True,G3_4
central,2x12,2024-01-18,2x12,4,8,175,True,G3_4
central,2x12,2024-01-25,2x12,4,8,175,True,G3_4
central,2x12,2024-02-08,2x12,4,8,175,True,G3_4
central,2x12,2024-02-15,2x12,4,8,180,True,G3_4
central,2x12,2024-02-22,2x12,4,8,175,True,G3_4
central,2x12,2024-02-29,2x12,4,8,180,True,G3_4
central,2x12,2024-03-07,2x12,4,8,180,True,G3_4
central,2x12,2024-03-14,2x12,4,8,180,True,G3_4
central,2x12,2024-03-21,2x12,4,8,180,True,G3_4
central,2x12,2024-03-28,2x12,4,8,180,True,G3_4
central,2x12,2024-04-04,2x12,4,8,180,True,G3_4
central,2x12,2024-04-11,2x12,4,8,180,True,G3_4
central,2x12,2024-04-18,2x12,4,8,180,True,G3_4
central,2x12,2024-04-25,2x12,4,8,180,True,G3_4
central,2x12,2024-05-02,2x12,4,8,180,True,G3_4
central,2x12,2024-05-09,2x12,4,8,180,True,G3_4
central,2x12,2024-05-16,2x12,4,8,180,True,G3_4
central,2x12,2024-05-30,2x12,4,8,180,True,G3_4
central,2x12,2024-06-06,2x12,4,8,185,True,G3_4
central,2x12,2024-06-13,2x12,4,8,185,True,G3_4
central,2x12,2024-06-20,2x12,4,8,185,True,G3_4
central,2x12,2024-06-27,2x12,4,8,180,True,G3_4
central,2x12,2024-07-04,2x12,4,8,175,True,G3_4
central,2x12,2024-07-11,2x12,4,8,175,True,G3_4
central,2x12,2024-07-18,2x12,4,8,175,True,G3_4
central,2x12,2024-07-25,2x12,4,8,175,True,G3_4
central,2x12,2024-08-01,2x12,4,8,175,True,G3_4
central,2x12,2024-08-08,2x12,4,8,175,True,G3_4
central,2x12,2024-08-15,2x12,4,8,175,True,G3_4
central,2x12,2024-08-22,2x12,4,8,175,True,G3_4
central,2x12,2024-08-29,2x12,4,8,175,True,G3_4
central,2x12,2024-09-05,2x12,4,8,175,True,G3_4
central,2x12,2024-09-12,2x12,4,8,175,True,G3_4
central,2x12,2024-09-20,2x12,4,8,175,True,G3_4
central,2x12,2024-09-27,2x12,4,8,175,True,G3_4
central,2x12,2024-10-04,2x12,4,8,175,True,G3_4
central,2x12,2024-10-11,2x12,4,8,185,True,G3_4
central,2x12,2024-10-18,2x12,4,8,195,True,G3_4
central,2x12,2024-10-25,2x12,4,8,205,True,G3_4
central,2x12,2024-11-01,2x12,4,8,205,True,G3_4
central,2x12,2024-11-08,2x12,4,8,205,True,G3_4
central,2x12,2024-11-15,2x12,4,8,205,True,G3_4
central,2x12,2024-11-22,2x12,4,8,205,True,G3_4
central,2x12,2024-11-27,2x12,4,8,205,True,G3_4
central,2x12,2024-12-06,2x12,4,8,205,True,G3_4
central,2x12,2024-12-13,2x12,4,8,205,True,G3_4
central,2x12,2024-12-20,2x12,4,8,210,True,G3_4
central,2x12,2025-01-03,2x12,4,8,215,True,G3_4
central,2x12,2025-01-10,2x12,4,8,215,True,G3_4
central,2x12,2025-01-17,2x12,4,8,215,True,G3_4
central,2x12,2025-01-24,2x12,4,8,215,True,G3_4
central,2x12,2025-01-31,2x12,4,8,215,True,G3_4
central,2x12,2025-02-07,2x12,4,8,215,True,G3_4
central,2x12,2025-02-14,2x12,4,8,220,True,G3_4
central,2x12,2025-02-21,2x12,4,8,225,True,G3_4
central,2x12,2025-02-28,2x12,4,8,230,True,G3_4
central,2x12,2025-03-07,2x12,4,8,240,True,G3_4
central,2x12,2025-03-14,2x12,4,8,245,True,G3_4
central,2x12,2025-03-21,2x12,4,8,250,True,G3_4
central,2x12,2025-03-28,2x12,4,8,250,True,G3_4
central,2x12,2025-04-04,2x12,4,8,255,True,G3_4
central,2x12,2025-04-11,2x12,4,8,260,True,G3_4
central,2x12,2025-04-18,2x12,4,8,265,True,G3_4
central,2x12,2025-04-25,2x12,4,8,265,True,G3_4
central,2x12,2025-05-02,2x12,4,8,265,True,G3_4
central,2x12,2025-05-09,2x12,4,8,260,True,G3_4
central,2x12,2025-05-16,2x12,4,8,255,True,G3_4
central,2x12,2025-05-23,2x12,4,8,255,True,G3_4
central,2x12,2025-05-30,2x12,4,8,255,True,G3_4
central,2x12,2025-06-06,2x12,4,8,250,True,G3_4
central,2x12,2025-06-13,2x12,4,8,250,True,G3_4
central,2x12,2025-06-19,2x12,4,8,250,True,G3_4
central,2x12,2025-06-27,2x12,4,8,250,True,G3_4
central,2x12,2025-07-03,2x12,4,8,250,True,G3_4
central,2x12,2025-07-11,2x12,4,8,240,True,G3_4
central,2x12,2025-07-18,2x12,4,8,230,True,G3_4
central,2x12,2025-07-25,2x12,4,8,230,True,G3_4
central,2x12,2025-08-01,2x12,4,8,230,True,G3_4
central,2x12,2025-08-08,2x12,4,8,230,True,G3_4
central,2x12,2025-08-15,2x12,4,8,230,True,G3_4
central,2x12,2025-08-22,2x12,4,8,225,True,G3_4
central,2x12,2025-08-29,2x12,4,8,225,True,G3_4
central,2x12,2025-09-05,2x12,4,8,225,True,G3_4
central,2x12,2025-09-12,2x12,4,8,225,True,G3_4
central,2x12,2025-09-19,2x12,4,8,220,True,G3_4
central,2x12,2025-09-26,2x12,4,8,220,True,G3_4
central,2x12,2025-10-03,2x12,4,8,220,True,G3_4
central,2x12,2025-10-10,2x12,4,8,220,True,G3_4
central,2x12,2025-10-17,2x12,4,8,220,True,G3_4
central,2x12,2024-01-12,2x12,4,10,175,True,G3_4
central,2x12,2024-01-18,2x12,4,10,175,True,G3_4
central,2x12,2024-01-25,2x12,4,10,175,True,G3_4
central,2x12,2024-02-08,2x12,4,10,175,True,G3_4
central,2x12,2024-02-15,2x12,4,10,180,True,G3_4
central,2x12,2024-02-22,2x12,4,10,175,True,G3_4
central,2x12,2024-02-29,2x12,4,10,180,True,G3_4
central,2x12,2024-03-07,2x12,4,10,180,True,G3_4
central,2x12,2024-03-14,2x12,4,10,180,True,G3_4
central,2x12,2024-03-21,2x12,4,10,180,True,G3_4
central,2x12,2024-03-28,2x12,4,10,180,True,G3_4
central,2x12,2024-04-04,2x12,4,10,180,True,G3_4
central,2x12,2024-04-11,2x12,4,10,180,True,G3_4
central,2x12,2024-04-18,2x12,4,10,180,True,G3_4
central,2x12,2024-04-25,2x12,4,10,180,True,G3_4
central,2x12,2024-05-02,2x12,4,10,180,True,G3_4
central,2x12,2024-05-09,2x12,4,10,180,True,G3_4
central,2x12,2024-05-16,2x12,4,10,180,True,G3_4
central,2x12,2024-05-30,2x12,4,10,180,True,G3_4
central,2x12,2024-06-06,2x12,4,10,185,True,G3_4
central,2x12,2024-06-13,2x12,4,10,185,True,G3_4
central,2x12,2024-06-20,2x12,4,10,185,True,G3_4
central,2x12,2024-06-27,2x12,4,10,180,True,G3_4
central,2x12,2024-07-04,2x12,4,10,175,True,G3_4
central,2x12,2024-07-11,2x12,4,10,175,True,G3_4
central,2x12,2024-07-18,2x12,4,10,175,True,G3_4
central,2x12,2024-07-25,2x12,4,10,175,True,G3_4
central,2x12,2024-08-01,2x12,4,10,175,True,G3_4
central,2x12,2024-08-08,2x12,4,10,175,True,G3_4
central,2x12,2024-08-15,2x12,4,10,175,True,G3_4
central,2x12,2024-08-22,2x12,4,10,175,True,G3_4
central,2x12,2024-08-29,2x12,4,10,175,True,G3_4
central,2x12,2024-09-05,2x12,4,10,175,True,G3_4
central,2x12,2024-09-12,2x12,4,10,175,True,G3_4
central,2x12,2024-09-20,2x12,4,10,175,True,G3_4
central,2x12,2024-09-27,2x12,4,10,175,True,G3_4
central,2x12,2024-10-04,2x12,4,10,175,True,G3_4
central,2x12,2024-10-11,2x12,4,10,185,True,G3_4
central,2x12,2024-10-18,2x12,4,10,195,True,G3_4
central,2x12,2024-10-25,2x12,4,10,205,True,G3_4
central,2x12,2024-11-01,2x12,4,10,205,True,G3_4
central,2x12,2024-11-08,2x12,4,10,205,True,G3_4
central,2x12,2024-11-15,2x12,4,10,205,True,G3_4
central,2x12,2024-11-22,2x12,4,10,205,True,G3_4
central,2x12,2024-11-27,2x12,4,10,205,True,G3_4
central,2x12,2024-12-06,2x12,4,10,205,True,G3_4
central,2x12,2024-12-13,2x12,4,10,205,True,G3_4
central,2x12,2024-12-20,2x12,4,10,210,True,G3_4
central,2x12,2025-01-03,2x12,4,10,215,True,G3_4
central,2x12,2025-01-10,2x12,4,10,215,True,G3_4
central,2x12,2025-01-17,2x12,4,10,215,True,G3_4
central,2x12,2025-01-24,2x12,4,10,215,True,G3_4
central,2x12,2025-01-31,2x12,4,10,215,True,G3_4
central,2x12,2025-02-07,2x12,4,10,215,True,G3_4
central,2x12,2025-02-14,2x12,4,10,220,True,G3_4
central,2x12,2025-02-21,2x12,4,10,225,True,G3_4
central,2x12,2025-02-28,2x12,4,10,230,True,G3_4
central,2x12,2025-03-07,2x12,4,10,240,True,G3_4
central,2x12,2025-03-14,2x12,4,10,245,True,G3_4
central,2x12,2025-03-21,2x12,4,10,250,True,G3_4
central,2x12,2025-03-28,2x12,4,10,250,True,G3_4
central,2x12,2025-04-04,2x12,4,10,255,True,G3_4
central,2x12,2025-04-11,2x12,4,10,260,True,G3_4
central,2x12,2025-04-18,2x12,4,10,265,True,G3_4
central,2x12,2025-04-25,2x12,4,10,265,True,G3_4
central,2x12,2025-05-02,2x12,4,10,265,True,G3_4
central,2x12,2025-05-09,2x12,4,10,260,True,G3_4
central,2x12,2025-05-16,2x12,4,10,255,True,G3_4
central,2x12,2025-05-23,2x12,4,10,255,True,G3_4
central,2x12,2025-05-30,2x12,4,10,255,True,G3_4
central,2x12,2025-06-06,2x12,4,10,250,True,G3_4
central,2x12,2025-06-13,2x12,4,10,250,True,G3_4
central,2x12,2025-06-19,2x12,4,10,250,True,G3_4
central,2x12,2025-06-27,2x12,4,10,250,True,G3_4
central,2x12,2025-07-03,2x12,4,10,250,True,G3_4
central,2x12,2025-07-11,2x12,4,10,240,True,G3_4
central,2x12,2025-07-18,2x12,4,10,230,True,G3_4
central,2x12,2025-07-25,2x12,4,10,230,True,G3_4
central,2x12,2025-08-01,2x12,4,10,230,True,G3_4
central,2x12,2025-08-08,2x12,4,10,230,True,G3_4
central,2x12,2025-08-15,2x12,4,10,230,True,G3_4
central,2x12,2025-08-22,2x12,4,10,225,True,G3_4
central,2x12,2025-08-29,2x12,4,10,225,True,G3_4
central,2x12,2025-09-05,2x12,4,10,225,True,G3_4
central,2x12,2025-09-12,2x12,4,10,225,True,G3_4
central,2x12,2025-09-19,2x12,4,10,220,True,G3_4
central,2x12,2025-09-26,2x12,4,10,220,True,G3_4
central,2x12,2025-10-03,2x12,4,10,220,True,G3_4
central,2x12,2025-10-10,2x12,4,10,220,True,G3_4
central,2x12,2025-10-17,2x12,4,10,220,True,G3_4
central,2x12,2024-01-12,2x12,4,12,175,True,G3_4
central,2x12,2024-01-18,2x12,4,12,175,True,G3_4
central,2x12,2024-01-25,2x12,4,12,175,True,G3_4
central,2x12,2024-02-08,2x12,4,12,175,True,G3_4
central,2x12,2024-02-15,2x12,4,12,180,True,G3_4
central,2x12,2024-02-22,2x12,4,12,175,True,G3_4
central,2x12,2024-02-29,2x12,4,12,180,True,G3_4
central,2x12,2024-03-07,2x12,4,12,180,True,G3_4
central,2x12,2024-03-14,2x12,4,12,180,True,G3_4
central,2x12,2024-03-21,2x12,4,12,180,True,G3_4
central,2x12,2024-03-28,2x12,4,12,180,True,G3_4
central,2x12,2024-04-04,2x12,4,12,180,True,G3_4
central,2x12,2024-04-11,2x12,4,12,180,True,G3_4
central,2x12,2024-04-18,2x12,4,12,180,True,G3_4
central,2x12,2024-04-25,2x12,4,12,180,True,G3_4
central,2x12,2024-05-02,2x12,4,12,180,True,G3_4
central,2x12,2024-05-09,2x12,4,12,180,True,G3_4
central,2x12,2024-05-16,2x12,4,12,180,True,G3_4
central,2x12,2024-05-30,2x12,4,12,180,True,G3_4
central,2x12,2024-06-06,2x12,4,12,185,True,G3_4
central,2x12,2024-06-13,2x12,4,12,185,True,G3_4
central,2x12,2024-06-20,2x12,4,12,185,True,G3_4
central,2x12,2024-06-27,2x12,4,12,180,True,G3_4
central,2x12,2024-07-04,2x12,4,12,175,True,G3_4
central,2x12,2024-07-11,2x12,4,12,175,True,G3_4
central,2x12,2024-07-18,2x12,4,12,175,True,G3_4
central,2x12,2024-07-25,2x12,4,12,175,True,G3_4
central,2x12,2024-08-01,2x12,4,12,175,True,G3_4
central,2x12,2024-08-08,2x12,4,12,175,True,G3_4
central,2x12,2024-08-15,2x12,4,12,175,True,G3_4
central,2x12,2024-08-22,2x12,4,12,175,True,G3_4
central,2x12,2024-08-29,2x12,4,12,175,True,G3_4
central,2x12,2024-09-05,2x12,4,12,175,True,G3_4
central,2x12,2024-09-12,2x12,4,12,175,True,G3_4
central,2x12,2024-09-20,2x12,4,12,175,True,G3_4
central,2x12,2024-09-27,2x12,4,12,175,True,G3_4
central,2x12,2024-10-04,2x12,4,12,175,True,G3_4
central,2x12,2024-10-11,2x12,4,12,185,True,G3_4
central,2x12,2024-10-18,2x12,4,12,195,True,G3_4
central,2x12,2024-10-25,2x12,4,12,205,True,G3_4
central,2x12,2024-11-01,2x12,4,12,205,True,G3_4
central,2x12,2024-11-08,2x12,4,12,205,True,G3_4
central,2x12,2024-11-15,2x12,4,12,205,True,G3_4
central,2x12,2024-11-22,2x12,4,12,205,True,G3_4
central,2x12,2024-11-27,2x12,4,12,205,True,G3_4
central,2x12,2024-12-06,2x12,4,12,205,True,G3_4
central,2x12,2024-12-13,2x12,4,12,205,True,G3_4
central,2x12,2024-12-20,2x12,4,12,210,True,G3_4
central,2x12,2025-01-03,2x12,4,12,215,True,G3_4
central,2x12,2025-01-10,2x12,4,12,215,True,G3_4
central,2x12,2025-01-17,2x12,4,12,215,True,G3_4
central,2x12,2025-01-24,2x12,4,12,215,True,G3_4
central,2x12,2025-01-31,2x12,4,12,215,True,G3_4
central,2x12,2025-02-07,2x12,4,12,215,True,G3_4
central,2x12,2025-02-14,2x12,4,12,220,True,G3_4
central,2x12,2025-02-21,2x12,4,12,225,True,G3_4
central,2x12,2025-02-28,2x12,4,12,230,True,G3_4
central,2x12,2025-03-07,2x12,4,12,240,True,G3_4
central,2x12,2025-03-14,2x12,4,12,245,True,G3_4
central,2x12,2025-03-21,2x12,4,12,250,True,G3_4
central,2x12,2025-03-28,2x12,4,12,250,True,G3_4
central,2x12,2025-04-04,2x12,4,12,255,True,G3_4
central,2x12,2025-04-11,2x12,4,12,260,True,G3_4
central,2x12,2025-04-18,2x12,4,12,265,True,G3_4
central,2x12,2025-04-25,2x12,4,12,265,True,G3_4
central,2x12,2025-05-02,2x12,4,12,265,True,G3_4
central,2x12,2025-05-09,2x12,4,12,260,True,G3_4
central,2x12,2025-05-16,2x12,4,12,255,True,G3_4
central,2x12,2025-05-23,2x12,4,12,255,True,G3_4
central,2x12,2025-05-30,2x12,4,12,255,True,G3_4
central,2x12,2025-06-06,2x12,4,12,250,True,G3_4
central,2x12,2025-06-13,2x12,4,12,250,True,G3_4
central,2x12,2025-06-19,2x12,4,12,250,True,G3_4
central,2x12,2025-06-27,2x12,4,12,250,True,G3_4
central,2x12,2025-07-03,2x12,4,12,250,True,G3_4
central,2x12,2025-07-11,2x12,4,12,240,True,G3_4
central,2x12,2025-07-18,2x12,4,12,230,True,G3_4
central,2x12,2025-07-25,2x12,4,12,230,True,G3_4
central,2x12,2025-08-01,2x12,4,12,230,True,G3_4
central,2x12,2025-08-08,2x12,4,12,230,True,G3_4
central,2x12,2025-08-15,2x12,4,12,230,True,G3_4
central,2x12,2025-08-22,2x12,4,12,225,True,G3_4
central,2x12,2025-08-29,2x12,4,12,225,True,G3_4
central,2x12,2025-09-05,2x12,4,12,225,True,G3_4
central,2x12,2025-09-12,2x12,4,12,225,True,G3_4
central,2x12,2025-09-19,2x12,4,12,220,True,G3_4
central,2x12,2025-09-26,2x12,4,12,220,True,G3_4
central,2x12,2025-10-03,2x12,4,12,220,True,G3_4
central,2x12,2025-10-10,2x12,4,12,220,True,G3_4
central,2x12,2025-10-17,2x12,4,12,220,True,G3_4
central,2x12,2024-01-12,2x12,4,14,175,True,G3_4
central,2x12,2024-01-18,2x12,4,14,175,True,G3_4
central,2x12,2024-01-25,2x12,4,14,175,True,G3_4
central,2x12,2024-02-08,2x12,4,14,175,True,G3_4
central,2x12,2024-02-15,2x12,4,14,180,True,G3_4
central,2x12,2024-02-22,2x12,4,14,175,True,G3_4
central,2x12,2024-02-29,2x12,4,14,180,True,G3_4
central,2x12,2024-03-07,2x12,4,14,180,True,G3_4
central,2x12,2024-03-14,2x12,4,14,180,True,G3_4
central,2x12,2024-03-21,2x12,4,14,180,True,G3_4
central,2x12,2024-03-28,2x12,4,14,180,True,G3_4
central,2x12,2024-04-04,2x12,4,14,180,True,G3_4
central,2x12,2024-04-11,2x12,4,14,180,True,G3_4
central,2x12,2024-04-18,2x12,4,14,180,True,G3_4
central,2x12,2024-04-25,2x12,4,14,180,True,G3_4
central,2x12,2024-05-02,2x12,4,14,180,True,G3_4
central,2x12,2024-05-09,2x12,4,14,180,True,G3_4
central,2x12,2024-05-16,2x12,4,14,180,True,G3_4
central,2x12,2024-05-30,2x12,4,14,180,True,G3_4
central,2x12,2024-06-06,2x12,4,14,185,True,G3_4
central,2x12,2024-06-13,2x12,4,14,185,True,G3_4
central,2x12,2024-06-20,2x12,4,14,185,True,G3_4
central,2x12,2024-06-27,2x12,4,14,180,True,G3_4
central,2x12,2024-07-04,2x12,4,14,175,True,G3_4
central,2x12,2024-07-11,2x12,4,14,175,True,G3_4
central,2x12,2024-07-18,2x12,4,14,175,True,G3_4
central,2x12,2024-07-25,2x12,4,14,175,True,G3_4
central,2x12,2024-08-01,2x12,4,14,175,True,G3_4
central,2x12,2024-08-08,2x12,4,14,175,True,G3_4
central,2x12,2024-08-15,2x12,4,14,175,True,G3_4
central,2x12,2024-08-22,2x12,4,14,175,True,G3_4
central,2x12,2024-08-29,2x12,4,14,175,True,G3_4
central,2x12,2024-09-05,2x12,4,14,175,True,G3_4
central,2x12,2024-09-12,2x12,4,14,175,True,G3_4
central,2x12,2024-09-20,2x12,4,14,175,True,G3_4
central,2x12,2024-09-27,2x12,4,14,175,True,G3_4
central,2x12,2024-10-04,2x12,4,14,175,True,G3_4
central,2x12,2024-10-11,2x12,4,14,185,True,G3_4
central,2x12,2024-10-18,2x12,4,14,195,True,G3_4
central,2x12,2024-10-25,2x12,4,14,205,True,G3_4
central,2x12,2024-11-01,2x12,4,14,205,True,G3_4
central,2x12,2024-11-08,2x12,4,14,205,True,G3_4
central,2x12,2024-11-15,2x12,4,14,205,True,G3_4
central,2x12,2024-11-22,2x12,4,14,205,True,G3_4
central,2x12,2024-11-27,2x12,4,14,205,True,G3_4
central,2x12,2024-12-06,2x12,4,14,205,True,G3_4
central,2x12,2024-12-13,2x12,4,14,205,True,G3_4
central,2x12,2024-12-20,2x12,4,14,210,True,G3_4
central,2x12,2025-01-03,2x12,4,14,215,True,G3_4
central,2x12,2025-01-10,2x12,4,14,215,True,G3_4
central,2x12,2025-01-17,2x12,4,14,215,True,G3_4
central,2x12,2025-01-24,2x12,4,14,215,True,G3_4
central,2x12,2025-01-31,2x12,4,14,215,True,G3_4
central,2x12,2025-02-07,2x12,4,14,215,True,G3_4
central,2x12,2025-02-14,2x12,4,14,220,True,G3_4
central,2x12,2025-02-21,2x12,4,14,225,True,G3_4
central,2x12,2025-02-28,2x12,4,14,230,True,G3_4
central,2x12,2025-03-07,2x12,4,14,240,True,G3_4
central,2x12,2025-03-14,2x12,4,14,245,True,G3_4
central,2x12,2025-03-21,2x12,4,14,250,True,G3_4
central,2x12,2025-03-28,2x12,4,14,250,True,G3_4
central,2x12,2025-04-04,2x12,4,14,255,True,G3_4
central,2x12,2025-04-11,2x12,4,14,260,True,G3_4
central,2x12,2025-04-18,2x12,4,14,265,True,G3_4
central,2x12,2025-04-25,2x12,4,14,265,True,G3_4
central,2x12,2025-05-02,2x12,4,14,265,True,G3_4
central,2x12,2025-05-09,2x12,4,14,260,True,G3_4
central,2x12,2025-05-16,2x12,4,14,255,True,G3_4
central,2x12,2025-05-23,2x12,4,14,255,True,G3_4
central,2x12,2025-05-30,2x12,4,14,255,True,G3_4
central,2x12,2025-06-06,2x12,4,14,250,True,G3_4
central,2x12,2025-06-13,2x12,4,14,250,True,G3_4
central,2x12,2025-06-19,2x12,4,14,250,True,G3_4
central,2x12,2025-06-27,2x12,4,14,250,True,G3_4
central,2x12,2025-07-03,2x12,4,14,250,True,G3_4
central,2x12,2025-07-11,2x12,4,14,240,True,G3_4
central,2x12,2025-07-18,2x12,4,14,230,True,G3_4
central,2x12,2025-07-25,2x12,4,14,230,True,G3_4
central,2x12,2025-08-01,2x12,4,14,230,True,G3_4
central,2x12,2025-08-08,2x12,4,14,230,True,G3_4
central,2x12,2025-08-15,2x12,4,14,230,True,G3_4
central,2x12,2025-08-22,2x12,4,14,225,True,G3_4
central,2x12,2025-08-29,2x12,4,14,225,True,G3_4
central,2x12,2025-09-05,2x12,4,14,225,True,G3_4
central,2x12,2025-09-12,2x12,4,14,225,True,G3_4
central,2x12,2025-09-19,2x12,4,14,220,True,G3_4
central,2x12,2025-09-26,2x12,4,14,220,True,G3_4
central,2x12,2025-10-03,2x12,4,14,220,True,G3_4
central,2x12,2025-10-10,2x12,4,14,220,True,G3_4
central,2x12,2025-10-17,2x12,4,14,220,True,G3_4
central,2x12,2024-01-12,2x12,4,16,175,True,G3_4
central,2x12,2024-01-18,2x12,4,16,175,True,G3_4
central,2x12,2024-01-25,2x12,4,16,175,True,G3_4
central,2x12,2024-02-08,2x12,4,16,175,True,G3_4
central,2x12,2024-02-15,2x12,4,16,180,True,G3_4
central,2x12,2024-02-22,2x12,4,16,175,True,G3_4
central,2x12,2024-02-29,2x12,4,16,180,True,G3_4
central,2x12,2024-03-07,2x12,4,16,180,True,G3_4
central,2x12,2024-03-14,2x12,4,16,180,True,G3_4
central,2x12,2024-03-21,2x12,4,16,180,True,G3_4
central,2x12,2024-03-28,2x12,4,16,180,True,G3_4
central,2x12,2024-04-04,2x12,4,16,180,True,G3_4
central,2x12,2024-04-11,2x12,4,16,180,True,G3_4
central,2x12,2024-04-18,2x12,4,16,180,True,G3_4
central,2x12,2024-04-25,2x12,4,16,180,True,G3_4
central,2x12,2024-05-02,2x12,4,16,180,True,G3_4
central,2x12,2024-05-09,2x12,4,16,180,True,G3_4
central,2x12,2024-05-16,2x12,4,16,180,True,G3_4
central,2x12,2024-05-30,2x12,4,16,180,True,G3_4
central,2x12,2024-06-06,2x12,4,16,185,True,G3_4
central,2x12,2024-06-13,2x12,4,16,185,True,G3_4
central,2x12,2024-06-20,2x12,4,16,185,True,G3_4
central,2x12,2024-06-27,2x12,4,16,180,True,G3_4
central,2x12,2024-07-04,2x12,4,16,175,True,G3_4
central,2x12,2024-07-11,2x12,4,16,175,True,G3_4
central,2x12,2024-07-18,2x12,4,16,175,True,G3_4
central,2x12,2024-07-25,2x12,4,16,175,True,G3_4
central,2x12,2024-08-01,2x12,4,16,175,True,G3_4
central,2x12,2024-08-08,2x12,4,16,175,True,G3_4
central,2x12,2024-08-15,2x12,4,16,175,True,G3_4
central,2x12,2024-08-22,2x12,4,16,175,True,G3_4
central,2x12,2024-08-29,2x12,4,16,175,True,G3_4
central,2x12,2024-09-05,2x12,4,16,175,True,G3_4
central,2x12,2024-09-12,2x12,4,16,175,True,G3_4
central,2x12,2024-09-20,2x12,4,16,175,True,G3_4
central,2x12,2024-09-27,2x12,4,16,175,True,G3_4
central,2x12,2024-10-04,2x12,4,16,175,True,G3_4
central,2x12,2024-10-11,2x12,4,16,185,True,G3_4
central,2x12,2024-10-18,2x12,4,16,195,True,G3_4
central,2x12,2024-10-25,2x12,4,16,205,True,G3_4
central,2x12,2024-11-01,2x12,4,16,205,True,G3_4
central,2x12,2024-11-08,2x12,4,16,205,True,G3_4
central,2x12,2024-11-15,2x12,4,16,205,True,G3_4
central,2x12,2024-11-22,2x12,4,16,205,True,G3_4
central,2x12,2024-11-27,2x12,4,16,205,True,G3_4
central,2x12,2024-12-06,2x12,4,16,205,True,G3_4
central,2x12,2024-12-13,2x12,4,16,205,True,G3_4
central,2x12,2024-12-20,2x12,4,16,210,True,G3_4
central,2x12,2025-01-03,2x12,4,16,215,True,G3_4
central,2x12,2025-01-10,2x12,4,16,215,True,G3_4
central,2x12,2025-01-17,2x12,4,16,215,True,G3_4
central,2x12,2025-01-24,2x12,4,16,215,True,G3_4
central,2x12,2025-01-31,2x12,4,16,215,True,G3_4
central,2x12,2025-02-07,2x12,4,16,215,True,G3_4
central,2x12,2025-02-14,2x12,4,16,220,True,G3_4
central,2x12,2025-02-21,2x12,4,16,225,True,G3_4
central,2x12,2025-02-28,2x12,4,16,230,True,G3_4
central,2x12,2025-03-07,2x12,4,16,240,True,G3_4
central,2x12,2025-03-14,2x12,4,16,245,True,G3_4
central,2x12,2025-03-21,2x12,4,16,250,True,G3_4
central,2x12,2025-03-28,2x12,4,16,250,True,G3_4
central,2x12,2025-04-04,2x12,4,16,255,True,G3_4
central,2x12,2025-04-11,2x12,4,16,260,True,G3_4
central,2x12,2025-04-18,2x12,4,16,265,True,G3_4
central,2x12,2025-04-25,2x12,4,16,265,True,G3_4
central,2x12,2025-05-02,2x12,4,16,265,True,G3_4
central,2x12,2025-05-09,2x12,4,16,260,True,G3_4
central,2x12,2025-05-16,2x12,4,16,255,True,G3_4
central,2x12,2025-05-23,2x12,4,16,255,True,G3_4
central,2x12,2025-05-30,2x12,4,16,255,True,G3_4
central,2x12,2025-06-06,2x12,4,16,250,True,G3_4
central,2x12,2025-06-13,2x12,4,16,250,True,G3_4
central,2x12,2025-06-19,2x12,4,16,250,True,G3_4
central,2x12,2025-06-27,2x12,4,16,250,True,G3_4
central,2x12,2025-07-03,2x12,4,16,250,True,G3_4
central,2x12,2025-07-11,2x12,4,16,240,True,G3_4
central,2x12,2025-07-18,2x12,4,16,230,True,G3_4
central,2x12,2025-07-25,2x12,4,16,230,True,G3_4
central,2x12,2025-08-01,2x12,4,16,230,True,G3_4
central,2x12,2025-08-08,2x12,4,16,230,True,G3_4
central,2x12,2025-08-15,2x12,4,16,230,True,G3_4
central,2x12,2025-08-22,2x12,4,16,225,True,G3_4
central,2x12,2025-08-29,2x12,4,16,225,True,G3_4
central,2x12,2025-09-05,2x12,4,16,225,True,G3_4
central,2x12,2025-09-12,2x12,4,16,225,True,G3_4
central,2x12,2025-09-19,2x12,4,16,220,True,G3_4
central,2x12,2025-09-26,2x12,4,16,220,True,G3_4
central,2x12,2025-10-03,2x12,4,16,220,True,G3_4
central,2x12,2025-10-10,2x12,4,16,220,True,G3_4
central,2x12,2025-10-17,2x12,4,16,220,True,G3_4
central,2x12,2024-01-12,2x12,4,18,175,True,G3_4
central,2x12,2024-01-18,2x12,4,18,175,True,G3_4
central,2x12,2024-01-25,2x12,4,18,175,True,G3_4
central,2x12,2024-02-08,2x12,4,18,175,True,G3_4
central,2x12,2024-02-15,2x12,4,18,180,True,G3_4
central,2x12,2024-02-22,2x12,4,18,175,True,G3_4
central,2x12,2024-02-29,2x12,4,18,180,True,G3_4
central,2x12,2024-03-07,2x12,4,18,180,True,G3_4
central,2x12,2024-03-14,2x12,4,18,180,True,G3_4
central,2x12,2024-03-21,2x12,4,18,180,True,G3_4
central,2x12,2024-03-28,2x12,4,18,180,True,G3_4
central,2x12,2024-04-04,2x12,4,18,180,True,G3_4
central,2x12,2024-04-11,2x12,4,18,180,True,G3_4
central,2x12,2024-04-18,2x12,4,18,180,True,G3_4
central,2x12,2024-04-25,2x12,4,18,180,True,G3_4
central,2x12,2024-05-02,2x12,4,18,180,True,G3_4
central,2x12,2024-05-09,2x12,4,18,180,True,G3_4
central,2x12,2024-05-16,2x12,4,18,180,True,G3_4
central,2x12,2024-05-30,2x12,4,18,180,True,G3_4
central,2x12,2024-06-06,2x12,4,18,185,True,G3_4
central,2x12,2024-06-13,2x12,4,18,185,True,G3_4
central,2x12,2024-06-20,2x12,4,18,185,True,G3_4
central,2x12,2024-06-27,2x12,4,18,180,True,G3_4
central,2x12,2024-07-04,2x12,4,18,175,True,G3_4
central,2x12,2024-07-11,2x12,4,18,175,True,G3_4
central,2x12,2024-07-18,2x12,4,18,175,True,G3_4
central,2x12,2024-07-25,2x12,4,18,175,True,G3_4
central,2x12,2024-08-01,2x12,4,18,175,True,G3_4
central,2x12,2024-08-08,2x12,4,18,175,True,G3_4
central,2x12,2024-08-15,2x12,4,18,175,True,G3_4
central,2x12,2024-08-22,2x12,4,18,175,True,G3_4
central,2x12,2024-08-29,2x12,4,18,175,True,G3_4
central,2x12,2024-09-05,2x12,4,18,175,True,G3_4
central,2x12,2024-09-12,2x12,4,18,175,True,G3_4
central,2x12,2024-09-20,2x12,4,18,175,True,G3_4
central,2x12,2024-09-27,2x12,4,18,175,True,G3_4
central,2x12,2024-10-04,2x12,4,18,175,True,G3_4
central,2x12,2024-10-11,2x12,4,18,185,True,G3_4
central,2x12,2024-10-18,2x12,4,18,195,True,G3_4
central,2x12,2024-10-25,2x12,4,18,205,True,G3_4
central,2x12,2024-11-01,2x12,4,18,205,True,G3_4
central,2x12,2024-11-08,2x12,4,18,205,True,G3_4
central,2x12,2024-11-15,2x12,4,18,205,True,G3_4
central,2x12,2024-11-22,2x12,4,18,205,True,G3_4
central,2x12,2024-11-27,2x12,4,18,205,True,G3_4
central,2x12,2024-12-06,2x12,4,18,205,True,G3_4
central,2x12,2024-12-13,2x12,4,18,205,True,G3_4
central,2x12,2024-12-20,2x12,4,18,210,True,G3_4
central,2x12,2025-01-03,2x12,4,18,215,True,G3_4
central,2x12,2025-01-10,2x12,4,18,215,True,G3_4
central,2x12,2025-01-17,2x12,4,18,215,True,G3_4
central,2x12,2025-01-24,2x12,4,18,215,True,G3_4
central,2x12,2025-01-31,2x12,4,18,215,True,G3_4
central,2x12,2025-02-07,2x12,4,18,215,True,G3_4
central,2x12,2025-02-14,2x12,4,18,220,True,G3_4
central,2x12,2025-02-21,2x12,4,18,225,True,G3_4
central,2x12,2025-02-28,2x12,4,18,230,True,G3_4
central,2x12,2025-03-07,2x12,4,18,240,True,G3_4
central,2x12,2025-03-14,2x12,4,18,245,True,G3_4
central,2x12,2025-03-21,2x12,4,18,250,True,G3_4
central,2x12,2025-03-28,2x12,4,18,250,True,G3_4
central,2x12,2025-04-04,2x12,4,18,255,True,G3_4
central,2x12,2025-04-11,2x12,4,18,260,True,G3_4
central,2x12,2025-04-18,2x12,4,18,265,True,G3_4
central,2x12,2025-04-25,2x12,4,18,265,True,G3_4
central,2x12,2025-05-02,2x12,4,18,265,True,G3_4
central,2x12,2025-05-09,2x12,4,18,260,True,G3_4
central,2x12,2025-05-16,2x12,4,18,255,True,G3_4
central,2x12,2025-05-23,2x12,4,18,255,True,G3_4
central,2x12,2025-05-30,2x12,4,18,255,True,G3_4
central,2x12,2025-06-06,2x12,4,18,250,True,G3_4
central,2x12,2025-06-13,2x12,4,18,250,True,G3_4
central,2x12,2025-06-19,2x12,4,18,250,True,G3_4
central,2x12,2025-06-27,2x12,4,18,250,True,G3_4
central,2x12,2025-07-03,2x12,4,18,250,True,G3_4
central,2x12,2025-07-11,2x12,4,18,240,True,G3_4
central,2x12,2025-07-18,2x12,4,18,230,True,G3_4
central,2x12,2025-07-25,2x12,4,18,230,True,G3_4
central,2x12,2025-08-01,2x12,4,18,230,True,G3_4
central,2x12,2025-08-08,2x12,4,18,230,True,G3_4
central,2x12,2025-08-15,2x12,4,18,230,True,G3_4
central,2x12,2025-08-22,2x12,4,18,225,True,G3_4
central,2x12,2025-08-29,2x12,4,18,225,True,G3_4
central,2x12,2025-09-05,2x12,4,18,225,True,G3_4
central,2x12,2025-09-12,2x12,4,18,225,True,G3_4
central,2x12,2025-09-19,2x12,4,18,220,True,G3_4
central,2x12,2025-09-26,2x12,4,18,220,True,G3_4
central,2x12,2025-10-03,2x12,4,18,220,True,G3_4
central,2x12,2025-10-10,2x12,4,18,220,True,G3_4
central,2x12,2025-10-17,2x12,4,18,220,True,G3_4
central,2x12,2024-01-12,2x12,4,20,175,True,G3_4
central,2x12,2024-01-18,2x12,4,20,175,True,G3_4
central,2x12,2024-01-25,2x12,4,20,175,True,G3_4
central,2x12,2024-02-08,2x12,4,20,175,True,G3_4
central,2x12,2024-02-15,2x12,4,20,180,True,G3_4
central,2x12,2024-02-22,2x12,4,20,175,True,G3_4
central,2x12,2024-02-29,2x12,4,20,180,True,G3_4
central,2x12,2024-03-07,2x12,4,20,180,True,G3_4
central,2x12,2024-03-14,2x12,4,20,180,True,G3_4
central,2x12,2024-03-21,2x12,4,20,180,True,G3_4
central,2x12,2024-03-28,2x12,4,20,180,True,G3_4
central,2x12,2024-04-04,2x12,4,20,180,True,G3_4
central,2x12,2024-04-11,2x12,4,20,180,True,G3_4
central,2x12,2024-04-18,2x12,4,20,180,True,G3_4
central,2x12,2024-04-25,2x12,4,20,180,True,G3_4
central,2x12,2024-05-02,2x12,4,20,180,True,G3_4
central,2x12,2024-05-09,2x12,4,20,180,True,G3_4
central,2x12,2024-05-16,2x12,4,20,180,True,G3_4
central,2x12,2024-05-30,2x12,4,20,180,True,G3_4
central,2x12,2024-06-06,2x12,4,20,185,True,G3_4
central,2x12,2024-06-13,2x12,4,20,185,True,G3_4
central,2x12,2024-06-20,2x12,4,20,185,True,G3_4
central,2x12,2024-06-27,2x12,4,20,180,True,G3_4
central,2x12,2024-07-04,2x12,4,20,175,True,G3_4
central,2x12,2024-07-11,2x12,4,20,175,True,G3_4
central,2x12,2024-07-18,2x12,4,20,175,True,G3_4
central,2x12,2024-07-25,2x12,4,20,175,True,G3_4
central,2x12,2024-08-01,2x12,4,20,175,True,G3_4
central,2x12,2024-08-08,2x12,4,20,175,True,G3_4
central,2x12,2024-08-15,2x12,4,20,175,True,G3_4
central,2x12,2024-08-22,2x12,4,20,175,True,G3_4
central,2x12,2024-08-29,2x12,4,20,175,True,G3_4
central,2x12,2024-09-05,2x12,4,20,175,True,G3_4
central,2x12,2024-09-12,2x12,4,20,175,True,G3_4
central,2x12,2024-09-20,2x12,4,20,175,True,G3_4
central,2x12,2024-09-27,2x12,4,20,175,True,G3_4
central,2x12,2024-10-04,2x12,4,20,175,True,G3_4
central,2x12,2024-10-11,2x12,4,20,185,True,G3_4
central,2x12,2024-10-18,2x12,4,20,195,True,G3_4
central,2x12,2024-10-25,2x12,4,20,205,True,G3_4
central,2x12,2024-11-01,2x12,4,20,205,True,G3_4
central,2x12,2024-11-08,2x12,4,20,205,True,G3_4
central,2x12,2024-11-15,2x12,4,20,205,True,G3_4
central,2x12,2024-11-22,2x12,4,20,205,True,G3_4
central,2x12,2024-11-27,2x12,4,20,205,True,G3_4
central,2x12,2024-12-06,2x12,4,20,205,True,G3_4
central,2x12,2024-12-13,2x12,4,20,205,True,G3_4
central,2x12,2024-12-20,2x12,4,20,210,True,G3_4
central,2x12,2025-01-03,2x12,4,20,215,True,G3_4
central,2x12,2025-01-10,2x12,4,20,215,True,G3_4
central,2x12,2025-01-17,2x12,4,20,215,True,G3_4
central,2x12,2025-01-24,2x12,4,20,215,True,G3_4
central,2x12,2025-01-31,2x12,4,20,215,True,G3_4
central,2x12,2025-02-07,2x12,4,20,215,True,G3_4
central,2x12,2025-02-14,2x12,4,20,220,True,G3_4
central,2x12,2025-02-21,2x12,4,20,225,True,G3_4
central,2x12,2025-02-28,2x12,4,20,230,True,G3_4
central,2x12,2025-03-07,2x12,4,20,240,True,G3_4
central,2x12,2025-03-14,2x12,4,20,245,True,G3_4
central,2x12,2025-03-21,2x12,4,20,250,True,G3_4
central,2x12,2025-03-28,2x12,4,20,250,True,G3_4
central,2x12,2025-04-04,2x12,4,20,255,True,G3_4
central,2x12,2025-04-11,2x12,4,20,260,True,G3_4
central,2x12,2025-04-18,2x12,4,20,265,True,G3_4
central,2x12,2025-04-25,2x12,4,20,265,True,G3_4
central,2x12,2025-05-02,2x12,4,20,265,True,G3_4
central,2x12,2025-05-09,2x12,4,20,260,True,G3_4
central,2x12,2025-05-16,2x12,4,20,255,True,G3_4
central,2x12,2025-05-23,2x12,4,20,255,True,G3_4
central,2x12,2025-05-30,2x12,4,20,255,True,G3_4
central,2x12,2025-06-06,2x12,4,20,250,True,G3_4
central,2x12,2025-06-13,2x12,4,20,250,True,G3_4
central,2x12,2025-06-19,2x12,4,20,250,True,G3_4
central,2x12,2025-06-27,2x12,4,20,250,True,G3_4
central,2x12,2025-07-03,2x12,4,20,250,True,G3_4
central,2x12,2025-07-11,2x12,4,20,240,True,G3_4
central,2x12,2025-07-18,2x12,4,20,230,True,G3_4
central,2x12,2025-07-25,2x12,4,20,230,True,G3_4
central,2x12,2025-08-01,2x12,4,20,230,True,G3_4
central,2x12,2025-08-08,2x12,4,20,230,True,G3_4
central,2x12,2025-08-15,2x12,4,20,230,True,G3_4
central,2x12,2025-08-22,2x12,4,20,225,True,G3_4
central,2x12,2025-08-29,2x12,4,20,225,True,G3_4
central,2x12,2025-09-05,2x12,4,20,225,True,G3_4
central,2x12,2025-09-12,2x12,4,20,225,True,G3_4
central,2x12,2025-09-19,2x12,4,20,220,True,G3_4
central,2x12,2025-09-26,2x12,4,20,220,True,G3_4
central,2x12,2025-10-03,2x12,4,20,220,True,G3_4
central,2x12,2025-10-10,2x12,4,20,220,True,G3_4
central,2x12,2025-10-17,2x12,4,20,220,True,G3_4
central,2x4,2024-01-12,2x4,4,8,235,True,G3_4
central,2x4,2024-01-18,2x4,4,8,235,True,G3_4
central,2x4,2024-01-25,2x4,4,8,235,True,G3_4
central,2x4,2024-02-08,2x4,4,8,235,True,G3_4
central,2x4,2024-02-15,2x4,4,8,235,True,G3_4
central,2x4,2024-02-22,2x4,4,8,235,True,G3_4
central,2x4,2024-02-29,2x4,4,8,245,True,G3_4
central,2x4,2024-03-07,2x4,4,8,245,True,G3_4
central,2x4,2024-03-14,2x4,4,8,245,True,G3_4
central,2x4,2024-03-21,2x4,4,8,250,True,G3_4
central,2x4,2024-03-28,2x4,4,8,250,True,G3_4
central,2x4,2024-04-04,2x4,4,8,255,True,G3_4
central,2x4,2024-04-11,2x4,4,8,255,True,G3_4
central,2x4,2024-04-18,2x4,4,8,255,True,G3_4
central,2x4,2024-04-25,2x4,4,8,240,True,G3_4
central,2x4,2024-05-02,2x4,4,8,235,True,G3_4
central,2x4,2024-05-09,2x4,4,8,245,True,G3_4
central,2x4,2024-05-16,2x4,4,8,245,True,G3_4
central,2x4,2024-05-30,2x4,4,8,240,True,G3_4
central,2x4,2024-06-06,2x4,4,8,240,True,G3_4
central,2x4,2024-06-13,2x4,4,8,235,True,G3_4
central,2x4,2024-06-20,2x4,4,8,225,True,G3_4
central,2x4,2024-06-27,2x4,4,8,215,True,G3_4
central,2x4,2024-07-04,2x4,4,8,205,True,G3_4
central,2x4,2024-07-11,2x4,4,8,205,True,G3_4
central,2x4,2024-07-18,2x4,4,8,205,True,G3_4
central,2x4,2024-07-25,2x4,4,8,205,True,G3_4
central,2x4,2024-08-01,2x4,4,8,205,True,G3_4
central,2x4,2024-08-08,2x4,4,8,205,True,G3_4
central,2x4,2024-08-15,2x4,4,8,205,True,G3_4
central,2x4,2024-08-22,2x4,4,8,205,True,G3_4
central,2x4,2024-08-29,2x4,4,8,205,True,G3_4
central,2x4,2024-09-05,2x4,4,8,205,True,G3_4
central,2x4,2024-09-12,2x4,4,8,205,True,G3_4
central,2x4,2024-09-20,2x4,4,8,205,True,G3_4
central,2x4,2024-09-27,2x4,4,8,205,True,G3_4
central,2x4,2024-10-04,2x4,4,8,205,True,G3_4
central,2x4,2024-10-11,2x4,4,8,210,True,G3_4
central,2x4,2024-10-18,2x4,4,8,220,True,G3_4
central,2x4,2024-10-25,2x4,4,8,225,True,G3_4
central,2x4,2024-11-01,2x4,4,8,235,True,G3_4
central,2x4,2024-11-08,2x4,4,8,240,True,G3_4
central,2x4,2024-11-15,2x4,4,8,240,True,G3_4
central,2x4,2024-11-22,2x4,4,8,240,True,G3_4
central,2x4,2024-11-27,2x4,4,8,240,True,G3_4
central,2x4,2024-12-06,2x4,4,8,240,True,G3_4
central,2x4,2024-12-13,2x4,4,8,240,True,G3_4
central,2x4,2024-12-20,2x4,4,8,245,True,G3_4
central,2x4,2025-01-03,2x4,4,8,250,True,G3_4
central,2x4,2025-01-10,2x4,4,8,255,True,G3_4
central,2x4,2025-01-17,2x4,4,8,270,True,G3_4
central,2x4,2025-01-24,2x4,4,8,280,True,G3_4
central,2x4,2025-01-31,2x4,4,8,285,True,G3_4
central,2x4,2025-02-07,2x4,4,8,295,True,G3_4
central,2x4,2025-02-14,2x4,4,8,310,True,G3_4
central,2x4,2025-02-21,2x4,4,8,320,True,G3_4
central,2x4,2025-02-28,2x4,4,8,335,True,G3_4
central,2x4,2025-03-07,2x4,4,8,340,True,G3_4
central,2x4,2025-03-14,2x4,4,8,345,True,G3_4
central,2x4,2025-03-21,2x4,4,8,350,True,G3_4
central,2x4,2025-03-28,2x4,4,8,355,True,G3_4
central,2x4,2025-04-04,2x4,4,8,355,True,G3_4
central,2x4,2025-04-11,2x4,4,8,355,True,G3_4
central,2x4,2025-04-18,2x4,4,8,355,True,G3_4
central,2x4,2025-04-25,2x4,4,8,355,True,G3_4
central,2x4,2025-05-02,2x4,4,8,350,True,G3_4
central,2x4,2025-05-09,2x4,4,8,335,True,G3_4
central,2x4,2025-05-16,2x4,4,8,310,True,G3_4
central,2x4,2025-05-23,2x4,4,8,285,True,G3_4
central,2x4,2025-05-30,2x4,4,8,265,True,G3_4
central,2x4,2025-06-06,2x4,4,8,245,True,G3_4
central,2x4,2025-06-13,2x4,4,8,230,True,G3_4
central,2x4,2025-06-19,2x4,4,8,225,True,G3_4
central,2x4,2025-06-27,2x4,4,8,210,True,G3_4
central,2x4,2025-07-03,2x4,4,8,205,True,G3_4
central,2x4,2025-07-11,2x4,4,8,205,True,G3_4
central,2x4,2025-07-18,2x4,4,8,200,True,G3_4
central,2x4,2025-07-25,2x4,4,8,200,True,G3_4
central,2x4,2025-08-01,2x4,4,8,200,True,G3_4
central,2x4,2025-08-08,2x4,4,8,190,True,G3_4
central,2x4,2025-08-15,2x4,4,8,190,True,G3_4
central,2x4,2025-08-22,2x4,4,8,180,True,G3_4
central,2x4,2025-08-29,2x4,4,8,175,True,G3_4
central,2x4,2025-09-05,2x4,4,8,175,True,G3_4
central,2x4,2025-09-12,2x4,4,8,175,True,G3_4
central,2x4,2025-09-19,2x4,4,8,175,True,G3_4
central,2x4,2025-09-26,2x4,4,8,175,True,G3_4
central,2x4,2025-10-03,2x4,4,8,175,True,G3_4
central,2x4,2025-10-10,2x4,4,8,175,True,G3_4
central,2x4,2025-10-17,2x4,4,8,185,True,G3_4
central,2x4,2024-01-12,2x4,4,10,235,True,G3_4
central,2x4,2024-01-18,2x4,4,10,235,True,G3_4
central,2x4,2024-01-25,2x4,4,10,235,True,G3_4
central,2x4,2024-02-08,2x4,4,10,235,True,G3_4
central,2x4,2024-02-15,2x4,4,10,235,True,G3_4
central,2x4,2024-02-22,2x4,4,10,235,True,G3_4
central,2x4,2024-02-29,2x4,4,10,245,True,G3_4
central,2x4,2024-03-07,2x4,4,10,245,True,G3_4
central,2x4,2024-03-14,2x4,4,10,245,True,G3_4
central,2x4,2024-03-21,2x4,4,10,250,True,G3_4
central,2x4,2024-03-28,2x4,4,10,250,True,G3_4
central,2x4,2024-04-04,2x4,4,10,255,True,G3_4
central,2x4,2024-04-11,2x4,4,10,255,True,G3_4
central,2x4,2024-04-18,2x4,4,10,255,True,G3_4
central,2x4,2024-04-25,2x4,4,10,240,True,G3_4
central,2x4,2024-05-02,2x4,4,10,235,True,G3_4
central,2x4,2024-05-09,2x4,4,10,245,True,G3_4
central,2x4,2024-05-16,2x4,4,10,245,True,G3_4
central,2x4,2024-05-30,2x4,4,10,240,True,G3_4
central,2x4,2024-06-06,2x4,4,10,240,True,G3_4
central,2x4,2024-06-13,2x4,4,10,235,True,G3_4
central,2x4,2024-06-20,2x4,4,10,225,True,G3_4
central,2x4,2024-06-27,2x4,4,10,215,True,G3_4
central,2x4,2024-07-04,2x4,4,10,205,True,G3_4
central,2x4,2024-07-11,2x4,4,10,205,True,G3_4
central,2x4,2024-07-18,2x4,4,10,205,True,G3_4
central,2x4,2024-07-25,2x4,4,10,205,True,G3_4
central,2x4,2024-08-01,2x4,4,10,205,True,G3_4
central,2x4,2024-08-08,2x4,4,10,205,True,G3_4
central,2x4,2024-08-15,2x4,4,10,205,True,G3_4
central,2x4,2024-08-22,2x4,4,10,205,True,G3_4
central,2x4,2024-08-29,2x4,4,10,205,True,G3_4
central,2x4,2024-09-05,2x4,4,10,205,True,G3_4
central,2x4,2024-09-12,2x4,4,10,205,True,G3_4
central,2x4,2024-09-20,2x4,4,10,205,True,G3_4
central,2x4,2024-09-27,2x4,4,10,205,True,G3_4
central,2x4,2024-10-04,2x4,4,10,205,True,G3_4
central,2x4,2024-10-11,2x4,4,10,210,True,G3_4
central,2x4,2024-10-18,2x4,4,10,220,True,G3_4
central,2x4,2024-10-25,2x4,4,10,225,True,G3_4
central,2x4,2024-11-01,2x4,4,10,235,True,G3_4
central,2x4,2024-11-08,2x4,4,10,240,True,G3_4
central,2x4,2024-11-15,2x4,4,10,240,True,G3_4
central,2x4,2024-11-22,2x4,4,10,240,True,G3_4
central,2x4,2024-11-27,2x4,4,10,240,True,G3_4
central,2x4,2024-12-06,2x4,4,10,240,True,G3_4
central,2x4,2024-12-13,2x4,4,10,240,True,G3_4
central,2x4,2024-12-20,2x4,4,10,245,True,G3_4
central,2x4,2025-01-03,2x4,4,10,250,True,G3_4
central,2x4,2025-01-10,2x4,4,10,255,True,G3_4
central,2x4,2025-01-17,2x4,4,10,270,True,G3_4
central,2x4,2025-01-24,2x4,4,10,280,True,G3_4
central,2x4,2025-01-31,2x4,4,10,285,True,G3_4
central,2x4,2025-02-07,2x4,4,10,295,True,G3_4
central,2x4,2025-02-14,2x4,4,10,310,True,G3_4
central,2x4,2025-02-21,2x4,4,10,320,True,G3_4
central,2x4,2025-02-28,2x4,4,10,335,True,G3_4
central,2x4,2025-03-07,2x4,4,10,340,True,G3_4
central,2x4,2025-03-14,2x4,4,10,345,True,G3_4
central,2x4,2025-03-21,2x4,4,10,350,True,G3_4
central,2x4,2025-03-28,2x4,4,10,355,True,G3_4
central,2x4,2025-04-04,2x4,4,10,355,True,G3_4
central,2x4,2025-04-11,2x4,4,10,355,True,G3_4
central,2x4,2025-04-18,2x4,4,10,355,True,G3_4
central,2x4,2025-04-25,2x4,4,10,355,True,G3_4
central,2x4,2025-05-02,2x4,4,10,350,True,G3_4
central,2x4,2025-05-09,2x4,4,10,335,True,G3_4
central,2x4,2025-05-16,2x4,4,10,310,True,G3_4
central,2x4,2025-05-23,2x4,4,10,285,True,G3_4
central,2x4,2025-05-30,2x4,4,10,265,True,G3_4
central,2x4,2025-06-06,2x4,4,10,245,True,G3_4
central,2x4,2025-06-13,2x4,4,10,230,True,G3_4
central,2x4,2025-06-19,2x4,4,10,225,True,G3_4
central,2x4,2025-06-27,2x4,4,10,210,True,G3_4
central,2x4,2025-07-03,2x4,4,10,205,True,G3_4
central,2x4,2025-07-11,2x4,4,10,205,True,G3_4
central,2x4,2025-07-18,2x4,4,10,200,True,G3_4
central,2x4,2025-07-25,2x4,4,10,200,True,G3_4
central,2x4,2025-08-01,2x4,4,10,200,True,G3_4
central,2x4,2025-08-08,2x4,4,10,190,True,G3_4
central,2x4,2025-08-15,2x4,4,10,190,True,G3_4
central,2x4,2025-08-22,2x4,4,10,180,True,G3_4
central,2x4,2025-08-29,2x4,4,10,175,True,G3_4
central,2x4,2025-09-05,2x4,4,10,175,True,G3_4
central,2x4,2025-09-12,2x4,4,10,175,True,G3_4
central,2x4,2025-09-19,2x4,4,10,175,True,G3_4
central,2x4,2025-09-26,2x4,4,10,175,True,G3_4
central,2x4,2025-10-03,2x4,4,10,175,True,G3_4
central,2x4,2025-10-10,2x4,4,10,175,True,G3_4
central,2x4,2025-10-17,2x4,4,10,185,True,G3_4
central,2x4,2024-01-12,2x4,4,12,235,True,G3_4
central,2x4,2024-01-18,2x4,4,12,235,True,G3_4
central,2x4,2024-01-25,2x4,4,12,235,True,G3_4
central,2x4,2024-02-08,2x4,4,12,235,True,G3_4
central,2x4,2024-02-15,2x4,4,12,235,True,G3_4
central,2x4,2024-02-22,2x4,4,12,235,True,G3_4
central,2x4,2024-02-29,2x4,4,12,245,True,G3_4
central,2x4,2024-03-07,2x4,4,12,245,True,G3_4
central,2x4,2024-03-14,2x4,4,12,245,True,G3_4
central,2x4,2024-03-21,2x4,4,12,250,True,G3_4
central,2x4,2024-03-28,2x4,4,12,250,True,G3_4
central,2x4,2024-04-04,2x4,4,12,255,True,G3_4
central,2x4,2024-04-11,2x4,4,12,255,True,G3_4
central,2x4,2024-04-18,2x4,4,12,255,True,G3_4
central,2x4,2024-04-25,2x4,4,12,240,True,G3_4
central,2x4,2024-05-02,2x4,4,12,235,True,G3_4
central,2x4,2024-05-09,2x4,4,12,245,True,G3_4
central,2x4,2024-05-16,2x4,4,12,245,True,G3_4
central,2x4,2024-05-30,2x4,4,12,240,True,G3_4
central,2x4,2024-06-06,2x4,4,12,240,True,G3_4
central,2x4,2024-06-13,2x4,4,12,235,True,G3_4
central,2x4,2024-06-20,2x4,4,12,225,True,G3_4
central,2x4,2024-06-27,2x4,4,12,215,True,G3_4
central,2x4,2024-07-04,2x4,4,12,205,True,G3_4
central,2x4,2024-07-11,2x4,4,12,205,True,G3_4
central,2x4,2024-07-18,2x4,4,12,205,True,G3_4
central,2x4,2024-07-25,2x4,4,12,205,True,G3_4
central,2x4,2024-08-01,2x4,4,12,205,True,G3_4
central,2x4,2024-08-08,2x4,4,12,205,True,G3_4
central,2x4,2024-08-15,2x4,4,12,205,True,G3_4
central,2x4,2024-08-22,2x4,4,12,205,True,G3_4
central,2x4,2024-08-29,2x4,4,12,205,True,G3_4
central,2x4,2024-09-05,2x4,4,12,205,True,G3_4
central,2x4,2024-09-12,2x4,4,12,205,True,G3_4
central,2x4,2024-09-20,2x4,4,12,205,True,G3_4
central,2x4,2024-09-27,2x4,4,12,205,True,G3_4
central,2x4,2024-10-04,2x4,4,12,205,True,G3_4
central,2x4,2024-10-11,2x4,4,12,210,True,G3_4
central,2x4,2024-10-18,2x4,4,12,220,True,G3_4
central,2x4,2024-10-25,2x4,4,12,225,True,G3_4
central,2x4,2024-11-01,2x4,4,12,235,True,G3_4
central,2x4,2024-11-08,2x4,4,12,240,True,G3_4
central,2x4,2024-11-15,2x4,4,12,240,True,G3_4
central,2x4,2024-11-22,2x4,4,12,240,True,G3_4
central,2x4,2024-11-27,2x4,4,12,240,True,G3_4
central,2x4,2024-12-06,2x4,4,12,240,True,G3_4
central,2x4,2024-12-13,2x4,4,12,240,True,G3_4
central,2x4,2024-12-20,2x4,4,12,245,True,G3_4
central,2x4,2025-01-03,2x4,4,12,250,True,G3_4
central,2x4,2025-01-10,2x4,4,12,255,True,G3_4
central,2x4,2025-01-17,2x4,4,12,270,True,G3_4
central,2x4,2025-01-24,2x4,4,12,280,True,G3_4
central,2x4,2025-01-31,2x4,4,12,285,True,G3_4
central,2x4,2025-02-07,2x4,4,12,295,True,G3_4
central,2x4,2025-02-14,2x4,4,12,310,True,G3_4
central,2x4,2025-02-21,2x4,4,12,320,True,G3_4
central,2x4,2025-02-28,2x4,4,12,335,True,G3_4
central,2x4,2025-03-07,2x4,4,12,340,True,G3_4
central,2x4,2025-03-14,2x4,4,12,345,True,G3_4
central,2x4,2025-03-21,2x4,4,12,350,True,G3_4
central,2x4,2025-03-28,2x4,4,12,355,True,G3_4
central,2x4,2025-04-04,2x4,4,12,355,True,G3_4
central,2x4,2025-04-11,2x4,4,12,355,True,G3_4
central,2x4,2025-04-18,2x4,4,12,355,True,G3_4
central,2x4,2025-04-25,2x4,4,12,355,True,G3_4
central,2x4,2025-05-02,2x4,4,12,350,True,G3_4
central,2x4,2025-05-09,2x4,4,12,335,True,G3_4
central,2x4,2025-05-16,2x4,4,12,310,True,G3_4
central,2x4,2025-05-23,2x4,4,12,285,True,G3_4
central,2x4,2025-05-30,2x4,4,12,265,True,G3_4
central,2x4,2025-06-06,2x4,4,12,245,True,G3_4
central,2x4,2025-06-13,2x4,4,12,230,True,G3_4
central,2x4,2025-06-19,2x4,4,12,225,True,G3_4
central,2x4,2025-06-27,2x4,4,12,210,True,G3_4
central,2x4,2025-07-03,2x4,4,12,205,True,G3_4
central,2x4,2025-07-11,2x4,4,12,205,True,G3_4
central,2x4,2025-07-18,2x4,4,12,200,True,G3_4
central,2x4,2025-07-25,2x4,4,12,200,True,G3_4
central,2x4,2025-08-01,2x4,4,12,200,True,G3_4
central,2x4,2025-08-08,2x4,4,12,190,True,G3_4
central,2x4,2025-08-15,2x4,4,12,190,True,G3_4
central,2x4,2025-08-22,2x4,4,12,180,True,G3_4
central,2x4,2025-08-29,2x4,4,12,175,True,G3_4
central,2x4,2025-09-05,2x4,4,12,175,True,G3_4
central,2x4,2025-09-12,2x4,4,12,175,True,G3_4
central,2x4,2025-09-19,2x4,4,12,175,True,G3_4
central,2x4,2025-09-26,2x4,4,12,175,True,G3_4
central,2x4,2025-10-03,2x4,4,12,175,True,G3_4
central,2x4,2025-10-10,2x4,4,12,175,True,G3_4
central,2x4,2025-10-17,2x4,4,12,185,True,G3_4
central,2x4,2024-01-12,2x4,4,14,235,True,G3_4
central,2x4,2024-01-18,2x4,4,14,235,True,G3_4
central,2x4,2024-01-25,2x4,4,14,235,True,G3_4
central,2x4,2024-02-08,2x4,4,14,235,True,G3_4
central,2x4,2024-02-15,2x4,4,14,235,True,G3_4
central,2x4,2024-02-22,2x4,4,14,235,True,G3_4
central,2x4,2024-02-29,2x4,4,14,245,True,G3_4
central,2x4,2024-03-07,2x4,4,14,245,True,G3_4
central,2x4,2024-03-14,2x4,4,14,245,True,G3_4
central,2x4,2024-03-21,2x4,4,14,250,True,G3_4
central,2x4,2024-03-28,2x4,4,14,250,True,G3_4
central,2x4,2024-04-04,2x4,4,14,255,True,G3_4
central,2x4,2024-04-11,2x4,4,14,255,True,G3_4
central,2x4,2024-04-18,2x4,4,14,255,True,G3_4
central,2x4,2024-04-25,2x4,4,14,240,True,G3_4
central,2x4,2024-05-02,2x4,4,14,235,True,G3_4
central,2x4,2024-05-09,2x4,4,14,245,True,G3_4
central,2x4,2024-05-16,2x4,4,14,245,True,G3_4
central,2x4,2024-05-30,2x4,4,14,240,True,G3_4
central,2x4,2024-06-06,2x4,4,14,240,True,G3_4
central,2x4,2024-06-13,2x4,4,14,235,True,G3_4
central,2x4,2024-06-20,2x4,4,14,225,True,G3_4
central,2x4,2024-06-27,2x4,4,14,215,True,G3_4
central,2x4,2024-07-04,2x4,4,14,205,True,G3_4
central,2x4,2024-07-11,2x4,4,14,205,True,G3_4
central,2x4,2024-07-18,2x4,4,14,205,True,G3_4
central,2x4,2024-07-25,2x4,4,14,205,True,G3_4
central,2x4,2024-08-01,2x4,4,14,205,True,G3_4
central,2x4,2024-08-08,2x4,4,14,205,True,G3_4
central,2x4,2024-08-15,2x4,4,14,205,True,G3_4
central,2x4,2024-08-22,2x4,4,14,205,True,G3_4
central,2x4,2024-08-29,2x4,4,14,205,True,G3_4
central,2x4,2024-09-05,2x4,4,14,205,True,G3_4
central,2x4,2024-09-12,2x4,4,14,205,True,G3_4
central,2x4,2024-09-20,2x4,4,14,205,True,G3_4
central,2x4,2024-09-27,2x4,4,14,205,True,G3_4
central,2x4,2024-10-04,2x4,4,14,205,True,G3_4
central,2x4,2024-10-11,2x4,4,14,210,True,G3_4
central,2x4,2024-10-18,2x4,4,14,220,True,G3_4
central,2x4,2024-10-25,2x4,4,14,225,True,G3_4
central,2x4,2024-11-01,2x4,4,14,235,True,G3_4
central,2x4,2024-11-08,2x4,4,14,240,True,G3_4
central,2x4,2024-11-15,2x4,4,14,240,True,G3_4
central,2x4,2024-11-22,2x4,4,14,240,True,G3_4
central,2x4,2024-11-27,2x4,4,14,240,True,G3_4
central,2x4,2024-12-06,2x4,4,14,240,True,G3_4
central,2x4,2024-12-13,2x4,4,14,240,True,G3_4
central,2x4,2024-12-20,2x4,4,14,245,True,G3_4
central,2x4,2025-01-03,2x4,4,14,250,True,G3_4
central,2x4,2025-01-10,2x4,4,14,255,True,G3_4
central,2x4,2025-01-17,2x4,4,14,270,True,G3_4
central,2x4,2025-01-24,2x4,4,14,280,True,G3_4
central,2x4,2025-01-31,2x4,4,14,285,True,G3_4
central,2x4,2025-02-07,2x4,4,14,295,True,G3_4
central,2x4,2025-02-14,2x4,4,14,310,True,G3_4
central,2x4,2025-02-21,2x4,4,14,320,True,G3_4
central,2x4,2025-02-28,2x4,4,14,335,True,G3_4
central,2x4,2025-03-07,2x4,4,14,340,True,G3_4
central,2x4,2025-03-14,2x4,4,14,345,True,G3_4
central,2x4,2025-03-21,2x4,4,14,350,True,G3_4
central,2x4,2025-03-28,2x4,4,14,355,True,G3_4
central,2x4,2025-04-04,2x4,4,14,355,True,G3_4
central,2x4,2025-04-11,2x4,4,14,355,True,G3_4
central,2x4,2025-04-18,2x4,4,14,355,True,G3_4
central,2x4,2025-04-25,2x4,4,14,355,True,G3_4
central,2x4,2025-05-02,2x4,4,14,350,True,G3_4
central,2x4,2025-05-09,2x4,4,14,335,True,G3_4
central,2x4,2025-05-16,2x4,4,14,310,True,G3_4
central,2x4,2025-05-23,2x4,4,14,285,True,G3_4
central,2x4,2025-05-30,2x4,4,14,265,True,G3_4
central,2x4,2025-06-06,2x4,4,14,245,True,G3_4
central,2x4,2025-06-13,2x4,4,14,230,True,G3_4
central,2x4,2025-06-19,2x4,4,14,225,True,G3_4
central,2x4,2025-06-27,2x4,4,14,210,True,G3_4
central,2x4,2025-07-03,2x4,4,14,205,True,G3_4
central,2x4,2025-07-11,2x4,4,14,205,True,G3_4
central,2x4,2025-07-18,2x4,4,14,200,True,G3_4
central,2x4,2025-07-25,2x4,4,14,200,True,G3_4
central,2x4,2025-08-01,2x4,4,14,200,True,G3_4
central,2x4,2025-08-08,2x4,4,14,190,True,G3_4
central,2x4,2025-08-15,2x4,4,14,190,True,G3_4
central,2x4,2025-08-22,2x4,4,14,180,True,G3_4
central,2x4,2025-08-29,2x4,4,14,175,True,G3_4
central,2x4,2025-09-05,2x4,4,14,175,True,G3_4
central,2x4,2025-09-12,2x4,4,14,175,True,G3_4
central,2x4,2025-09-19,2x4,4,14,175,True,G3_4
central,2x4,2025-09-26,2x4,4,14,175,True,G3_4
central,2x4,2025-10-03,2x4,4,14,175,True,G3_4
central,2x4,2025-10-10,2x4,4,14,175,True,G3_4
central,2x4,2025-10-17,2x4,4,14,185,True,G3_4
central,2x4,2024-01-12,2x4,4,16,235,True,G3_4
central,2x4,2024-01-18,2x4,4,16,235,True,G3_4
central,2x4,2024-01-25,2x4,4,16,235,True,G3_4
central,2x4,2024-02-08,2x4,4,16,235,True,G3_4
central,2x4,2024-02-15,2x4,4,16,235,True,G3_4
central,2x4,2024-02-22,2x4,4,16,235,True,G3_4
central,2x4,2024-02-29,2x4,4,16,245,True,G3_4
central,2x4,2024-03-07,2x4,4,16,245,True,G3_4
central,2x4,2024-03-14,2x4,4,16,245,True,G3_4
central,2x4,2024-03-21,2x4,4,16,250,True,G3_4
central,2x4,2024-03-28,2x4,4,16,250,True,G3_4
central,2x4,2024-04-04,2x4,4,16,255,True,G3_4
central,2x4,2024-04-11,2x4,4,16,255,True,G3_4
central,2x4,2024-04-18,2x4,4,16,255,True,G3_4
central,2x4,2024-04-25,2x4,4,16,240,True,G3_4
central,2x4,2024-05-02,2x4,4,16,235,True,G3_4
central,2x4,2024-05-09,2x4,4,16,245,True,G3_4
central,2x4,2024-05-16,2x4,4,16,245,True,G3_4
central,2x4,2024-05-30,2x4,4,16,240,True,G3_4
central,2x4,2024-06-06,2x4,4,16,240,True,G3_4
central,2x4,2024-06-13,2x4,4,16,235,True,G3_4
central,2x4,2024-06-20,2x4,4,16,225,True,G3_4
central,2x4,2024-06-27,2x4,4,16,215,True,G3_4
central,2x4,2024-07-04,2x4,4,16,205,True,G3_4
central,2x4,2024-07-11,2x4,4,16,205,True,G3_4
central,2x4,2024-07-18,2x4,4,16,205,True,G3_4
central,2x4,2024-07-25,2x4,4,16,205,True,G3_4
central,2x4,2024-08-01,2x4,4,16,205,True,G3_4
central,2x4,2024-08-08,2x4,4,16,205,True,G3_4
central,2x4,2024-08-15,2x4,4,16,205,True,G3_4
central,2x4,2024-08-22,2x4,4,16,205,True,G3_4
central,2x4,2024-08-29,2x4,4,16,205,True,G3_4
central,2x4,2024-09-05,2x4,4,16,205,True,G3_4
central,2x4,2024-09-12,2x4,4,16,205,True,G3_4
central,2x4,2024-09-20,2x4,4,16,205,True,G3_4
central,2x4,2024-09-27,2x4,4,16,205,True,G3_4
central,2x4,2024-10-04,2x4,4,16,205,True,G3_4
central,2x4,2024-10-11,2x4,4,16,210,True,G3_4
central,2x4,2024-10-18,2x4,4,16,220,True,G3_4
central,2x4,2024-10-25,2x4,4,16,225,True,G3_4
central,2x4,2024-11-01,2x4,4,16,235,True,G3_4
central,2x4,2024-11-08,2x4,4,16,240,True,G3_4
central,2x4,2024-11-15,2x4,4,16,240,True,G3_4
central,2x4,2024-11-22,2x4,4,16,240,True,G3_4
central,2x4,2024-11-27,2x4,4,16,240,True,G3_4
central,2x4,2024-12-06,2x4,4,16,240,True,G3_4
central,2x4,2024-12-13,2x4,4,16,240,True,G3_4
central,2x4,2024-12-20,2x4,4,16,245,True,G3_4
central,2x4,2025-01-03,2x4,4,16,250,True,G3_4
central,2x4,2025-01-10,2x4,4,16,255,True,G3_4
central,2x4,2025-01-17,2x4,4,16,270,True,G3_4
central,2x4,2025-01-24,2x4,4,16,280,True,G3_4
central,2x4,2025-01-31,2x4,4,16,285,True,G3_4
central,2x4,2025-02-07,2x4,4,16,295,True,G3_4
central,2x4,2025-02-14,2x4,4,16,310,True,G3_4
central,2x4,2025-02-21,2x4,4,16,320,True,G3_4
central,2x4,2025-02-28,2x4,4,16,335,True,G3_4
central,2x4,2025-03-07,2x4,4,16,340,True,G3_4
central,2x4,2025-03-14,2x4,4,16,345,True,G3_4
central,2x4,2025-03-21,2x4,4,16,350,True,G3_4
central,2x4,2025-03-28,2x4,4,16,355,True,G3_4
central,2x4,2025-04-04,2x4,4,16,355,True,G3_4
central,2x4,2025-04-11,2x4,4,16,355,True,G3_4
central,2x4,2025-04-18,2x4,4,16,355,True,G3_4
central,2x4,2025-04-25,2x4,4,16,355,True,G3_4
central,2x4,2025-05-02,2x4,4,16,350,True,G3_4
central,2x4,2025-05-09,2x4,4,16,335,True,G3_4
central,2x4,2025-05-16,2x4,4,16,310,True,G3_4
central,2x4,2025-05-23,2x4,4,16,285,True,G3_4
central,2x4,2025-05-30,2x4,4,16,265,True,G3_4
central,2x4,2025-06-06,2x4,4,16,245,True,G3_4
central,2x4,2025-06-13,2x4,4,16,230,True,G3_4
central,2x4,2025-06-19,2x4,4,16,225,True,G3_4
central,2x4,2025-06-27,2x4,4,16,210,True,G3_4
central,2x4,2025-07-03,2x4,4,16,205,True,G3_4
central,2x4,2025-07-11,2x4,4,16,205,True,G3_4
central,2x4,2025-07-18,2x4,4,16,200,True,G3_4
central,2x4,2025-07-25,2x4,4,16,200,True,G3_4
central,2x4,2025-08-01,2x4,4,16,200,True,G3_4
central,2x4,2025-08-08,2x4,4,16,190,True,G3_4
central,2x4,2025-08-15,2x4,4,16,190,True,G3_4
central,2x4,2025-08-22,2x4,4,16,180,True,G3_4
central,2x4,2025-08-29,2x4,4,16,175,True,G3_4
central,2x4,2025-09-05,2x4,4,16,175,True,G3_4
central,2x4,2025-09-12,2x4,4,16,175,True,G3_4
central,2x4,2025-09-19,2x4,4,16,175,True,G3_4
central,2x4,2025-09-26,2x4,4,16,175,True,G3_4
central,2x4,2025-10-03,2x4,4,16,175,True,G3_4
central,2x4,2025-10-10,2x4,4,16,175,True,G3_4
central,2x4,2025-10-17,2x4,4,16,185,True,G3_4
central,2x4,2024-01-12,2x4,4,18,235,True,G3_4
central,2x4,2024-01-18,2x4,4,18,235,True,G3_4
central,2x4,2024-01-25,2x4,4,18,235,True,G3_4
central,2x4,2024-02-08,2x4,4,18,235,True,G3_4
central,2x4,2024-02-15,2x4,4,18,235,True,G3_4
central,2x4,2024-02-22,2x4,4,18,235,True,G3_4
central,2x4,2024-02-29,2x4,4,18,245,True,G3_4
central,2x4,2024-03-07,2x4,4,18,245,True,G3_4
central,2x4,2024-03-14,2x4,4,18,245,True,G3_4
central,2x4,2024-03-21,2x4,4,18,250,True,G3_4
central,2x4,2024-03-28,2x4,4,18,250,True,G3_4
central,2x4,2024-04-04,2x4,4,18,255,True,G3_4
central,2x4,2024-04-11,2x4,4,18,255,True,G3_4
central,2x4,2024-04-18,2x4,4,18,255,True,G3_4
central,2x4,2024-04-25,2x4,4,18,240,True,G3_4
central,2x4,2024-05-02,2x4,4,18,235,True,G3_4
central,2x4,2024-05-09,2x4,4,18,245,True,G3_4
central,2x4,2024-05-16,2x4,4,18,245,True,G3_4
central,2x4,2024-05-30,2x4,4,18,240,True,G3_4
central,2x4,2024-06-06,2x4,4,18,240,True,G3_4
central,2x4,2024-06-13,2x4,4,18,235,True,G3_4
central,2x4,2024-06-20,2x4,4,18,225,True,G3_4
central,2x4,2024-06-27,2x4,4,18,215,True,G3_4
central,2x4,2024-07-04,2x4,4,18,205,True,G3_4
central,2x4,2024-07-11,2x4,4,18,205,True,G3_4
central,2x4,2024-07-18,2x4,4,18,205,True,G3_4
central,2x4,2024-07-25,2x4,4,18,205,True,G3_4
central,2x4,2024-08-01,2x4,4,18,205,True,G3_4
central,2x4,2024-08-08,2x4,4,18,205,True,G3_4
central,2x4,2024-08-15,2x4,4,18,205,True,G3_4
central,2x4,2024-08-22,2x4,4,18,205,True,G3_4
central,2x4,2024-08-29,2x4,4,18,205,True,G3_4
central,2x4,2024-09-05,2x4,4,18,205,True,G3_4
central,2x4,2024-09-12,2x4,4,18,205,True,G3_4
central,2x4,2024-09-20,2x4,4,18,205,True,G3_4
central,2x4,2024-09-27,2x4,4,18,205,True,G3_4
central,2x4,2024-10-04,2x4,4,18,205,True,G3_4
central,2x4,2024-10-11,2x4,4,18,210,True,G3_4
central,2x4,2024-10-18,2x4,4,18,220,True,G3_4
central,2x4,2024-10-25,2x4,4,18,225,True,G3_4
central,2x4,2024-11-01,2x4,4,18,235,True,G3_4
central,2x4,2024-11-08,2x4,4,18,240,True,G3_4
central,2x4,2024-11-15,2x4,4,18,240,True,G3_4
central,2x4,2024-11-22,2x4,4,18,240,True,G3_4
central,2x4,2024-11-27,2x4,4,18,240,True,G3_4
central,2x4,2024-12-06,2x4,4,18,240,True,G3_4
central,2x4,2024-12-13,2x4,4,18,240,True,G3_4
central,2x4,2024-12-20,2x4,4,18,245,True,G3_4
central,2x4,2025-01-03,2x4,4,18,250,True,G3_4
central,2x4,2025-01-10,2x4,4,18,255,True,G3_4
central,2x4,2025-01-17,2x4,4,18,270,True,G3_4
central,2x4,2025-01-24,2x4,4,18,280,True,G3_4
central,2x4,2025-01-31,2x4,4,18,285,True,G3_4
central,2x4,2025-02-07,2x4,4,18,295,True,G3_4
central,2x4,2025-02-14,2x4,4,18,310,True,G3_4
central,2x4,2025-02-21,2x4,4,18,320,True,G3_4
central,2x4,2025-02-28,2x4,4,18,335,True,G3_4
central,2x4,2025-03-07,2x4,4,18,340,True,G3_4
central,2x4,2025-03-14,2x4,4,18,345,True,G3_4
central,2x4,2025-03-21,2x4,4,18,350,True,G3_4
central,2x4,2025-03-28,2x4,4,18,355,True,G3_4
central,2x4,2025-04-04,2x4,4,18,355,True,G3_4
central,2x4,2025-04-11,2x4,4,18,355,True,G3_4
central,2x4,2025-04-18,2x4,4,18,355,True,G3_4
central,2x4,2025-04-25,2x4,4,18,355,True,G3_4
central,2x4,2025-05-02,2x4,4,18,350,True,G3_4
central,2x4,2025-05-09,2x4,4,18,335,True,G3_4
central,2x4,2025-05-16,2x4,4,18,310,True,G3_4
central,2x4,2025-05-23,2x4,4,18,285,True,G3_4
central,2x4,2025-05-30,2x4,4,18,265,True,G3_4
central,2x4,2025-06-06,2x4,4,18,245,True,G3_4
central,2x4,2025-06-13,2x4,4,18,230,True,G3_4
central,2x4,2025-06-19,2x4,4,18,225,True,G3_4
central,2x4,2025-06-27,2x4,4,18,210,True,G3_4
central,2x4,2025-07-03,2x4,4,18,205,True,G3_4
central,2x4,2025-07-11,2x4,4,18,205,True,G3_4
central,2x4,2025-07-18,2x4,4,18,200,True,G3_4
central,2x4,2025-07-25,2x4,4,18,200,True,G3_4
central,2x4,2025-08-01,2x4,4,18,200,True,G3_4
central,2x4,2025-08-08,2x4,4,18,190,True,G3_4
central,2x4,2025-08-15,2x4,4,18,190,True,G3_4
central,2x4,2025-08-22,2x4,4,18,180,True,G3_4
central,2x4,2025-08-29,2x4,4,18,175,True,G3_4
central,2x4,2025-09-05,2x4,4,18,175,True,G3_4
central,2x4,2025-09-12,2x4,4,18,175,True,G3_4
central,2x4,2025-09-19,2x4,4,18,175,True,G3_4
central,2x4,2025-09-26,2x4,4,18,175,True,G3_4
central,2x4,2025-10-03,2x4,4,18,175,True,G3_4
central,2x4,2025-10-10,2x4,4,18,175,True,G3_4
central,2x4,2025-10-17,2x4,4,18,185,True,G3_4
central,2x4,2024-01-12,2x4,4,20,235,True,G3_4
central,2x4,2024-01-18,2x4,4,20,235,True,G3_4
central,2x4,2024-01-25,2x4,4,20,235,True,G3_4
central,2x4,2024-02-08,2x4,4,20,235,True,G3_4
central,2x4,2024-02-15,2x4,4,20,235,True,G3_4
central,2x4,2024-02-22,2x4,4,20,235,True,G3_4
central,2x4,2024-02-29,2x4,4,20,245,True,G3_4
central,2x4,2024-03-07,2x4,4,20,245,True,G3_4
central,2x4,2024-03-14,2x4,4,20,245,True,G3_4
central,2x4,2024-03-21,2x4,4,20,250,True,G3_4
central,2x4,2024-03-28,2x4,4,20,250,True,G3_4
central,2x4,2024-04-04,2x4,4,20,255,True,G3_4
central,2x4,2024-04-11,2x4,4,20,255,True,G3_4
central,2x4,2024-04-18,2x4,4,20,255,True,G3_4
central,2x4,2024-04-25,2x4,4,20,240,True,G3_4
central,2x4,2024-05-02,2x4,4,20,235,True,G3_4
central,2x4,2024-05-09,2x4,4,20,245,True,G3_4
central,2x4,2024-05-16,2x4,4,20,245,True,G3_4
central,2x4,2024-05-30,2x4,4,20,240,True,G3_4
central,2x4,2024-06-06,2x4,4,20,240,True,G3_4
central,2x4,2024-06-13,2x4,4,20,235,True,G3_4
central,2x4,2024-06-20,2x4,4,20,225,True,G3_4
central,2x4,2024-06-27,2x4,4,20,215,True,G3_4
central,2x4,2024-07-04,2x4,4,20,205,True,G3_4
central,2x4,2024-07-11,2x4,4,20,205,True,G3_4
central,2x4,2024-07-18,2x4,4,20,205,True,G3_4
central,2x4,2024-07-25,2x4,4,20,205,True,G3_4
central,2x4,2024-08-01,2x4,4,20,205,True,G3_4
central,2x4,2024-08-08,2x4,4,20,205,True,G3_4
central,2x4,2024-08-15,2x4,4,20,205,True,G3_4
central,2x4,2024-08-22,2x4,4,20,205,True,G3_4
central,2x4,2024-08-29,2x4,4,20,205,True,G3_4
central,2x4,2024-09-05,2x4,4,20,205,True,G3_4
central,2x4,2024-09-12,2x4,4,20,205,True,G3_4
central,2x4,2024-09-20,2x4,4,20,205,True,G3_4
central,2x4,2024-09-27,2x4,4,20,205,True,G3_4
central,2x4,2024-10-04,2x4,4,20,205,True,G3_4
central,2x4,2024-10-11,2x4,4,20,210,True,G3_4
central,2x4,2024-10-18,2x4,4,20,220,True,G3_4
central,2x4,2024-10-25,2x4,4,20,225,True,G3_4
central,2x4,2024-11-01,2x4,4,20,235,True,G3_4
central,2x4,2024-11-08,2x4,4,20,240,True,G3_4
central,2x4,2024-11-15,2x4,4,20,240,True,G3_4
central,2x4,2024-11-22,2x4,4,20,240,True,G3_4
central,2x4,2024-11-27,2x4,4,20,240,True,G3_4
central,2x4,2024-12-06,2x4,4,20,240,True,G3_4
central,2x4,2024-12-13,2x4,4,20,240,True,G3_4
central,2x4,2024-12-20,2x4,4,20,245,True,G3_4
central,2x4,2025-01-03,2x4,4,20,250,True,G3_4
central,2x4,2025-01-10,2x4,4,20,255,True,G3_4
central,2x4,2025-01-17,2x4,4,20,270,True,G3_4
central,2x4,2025-01-24,2x4,4,20,280,True,G3_4
central,2x4,2025-01-31,2x4,4,20,285,True,G3_4
central,2x4,2025-02-07,2x4,4,20,295,True,G3_4
central,2x4,2025-02-14,2x4,4,20,310,True,G3_4
central,2x4,2025-02-21,2x4,4,20,320,True,G3_4
central,2x4,2025-02-28,2x4,4,20,335,True,G3_4
central,2x4,2025-03-07,2x4,4,20,340,True,G3_4
central,2x4,2025-03-14,2x4,4,20,345,True,G3_4
central,2x4,2025-03-21,2x4,4,20,350,True,G3_4
central,2x4,2025-03-28,2x4,4,20,355,True,G3_4
central,2x4,2025-04-04,2x4,4,20,355,True,G3_4
central,2x4,2025-04-11,2x4,4,20,355,True,G3_4
central,2x4,2025-04-18,2x4,4,20,355,True,G3_4
central,2x4,2025-04-25,2x4,4,20,355,True,G3_4
central,2x4,2025-05-02,2x4,4,20,350,True,G3_4
central,2x4,2025-05-09,2x4,4,20,335,True,G3_4
central,2x4,2025-05-16,2x4,4,20,310,True,G3_4
central,2x4,2025-05-23,2x4,4,20,285,True,G3_4
central,2x4,2025-05-30,2x4,4,20,265,True,G3_4
central,2x4,2025-06-06,2x4,4,20,245,True,G3_4
central,2x4,2025-06-13,2x4,4,20,230,True,G3_4
central,2x4,2025-06-19,2x4,4,20,225,True,G3_4
central,2x4,2025-06-27,2x4,4,20,210,True,G3_4
central,2x4,2025-07-03,2x4,4,20,205,True,G3_4
central,2x4,2025-07-11,2x4,4,20,205,True,G3_4
central,2x4,2025-07-18,2x4,4,20,200,True,G3_4
central,2x4,2025-07-25,2x4,4,20,200,True,G3_4
central,2x4,2025-08-01,2x4,4,20,200,True,G3_4
central,2x4,2025-08-08,2x4,4,20,190,True,G3_4
central,2x4,2025-08-15,2x4,4,20,190,True,G3_4
central,2x4,2025-08-22,2x4,4,20,180,True,G3_4
central,2x4,2025-08-29,2x4,4,20,175,True,G3_4
central,2x4,2025-09-05,2x4,4,20,175,True,G3_4
central,2x4,2025-09-12,2x4,4,20,175,True,G3_4
central,2x4,2025-09-19,2x4,4,20,175,True,G3_4
central,2x4,2025-09-26,2x4,4,20,175,True,G3_4
central,2x4,2025-10-03,2x4,4,20,175,True,G3_4
central,2x4,2025-10-10,2x4,4,20,175,True,G3_4
central,2x4,2025-10-17,2x4,4,20,185,True,G3_4
central,2x6 #3,2024-01-12,2x6,3,8,200,True,G3_4
central,2x6 #3,2024-01-18,2x6,3,8,200,True,G3_4
central,2x6 #3,2024-01-25,2x6,3,8,200,True,G3_4
central,2x6 #3,2024-02-08,2x6,3,8,200,True,G3_4
central,2x6 #3,2024-02-15,2x6,3,8,205,True,G3_4
central,2x6 #3,2024-02-22,2x6,3,8,210,True,G3_4
central,2x6 #3,2024-02-29,2x6,3,8,215,True,G3_4
central,2x6 #3,2024-03-07,2x6,3,8,215,True,G3_4
central,2x6 #3,2024-03-14,2x6,3,8,220,True,G3_4
central,2x6 #3,2024-03-21,2x6,3,8,220,True,G3_4
central,2x6 #3,2024-03-28,2x6,3,8,220,True,G3_4
central,2x6 #3,2024-04-04,2x6,3,8,225,True,G3_4
central,2x6 #3,2024-04-11,2x6,3,8,225,True,G3_4
central,2x6 #3,2024-04-18,2x6,3,8,225,True,G3_4
central,2x6 #3,2024-04-25,2x6,3,8,225,True,G3_4
central,2x6 #3,2024-05-02,2x6,3,8,225,True,G3_4
central,2x6 #3,2024-05-09,2x6,3,8,225,True,G3_4
central,2x6 #3,2024-05-16,2x6,3,8,225,True,G3_4
central,2x6 #3,2024-05-30,2x6,3,8,225,True,G3_4
central,2x6 #3,2024-06-06,2x6,3,8,225,True,G3_4
central,2x6 #3,2024-06-13,2x6,3,8,225,True,G3_4
central,2x6 #3,2024-06-20,2x6,3,8,220,True,G3_4
central,2x6 #3,2024-06-27,2x6,3,8,205,True,G3_4
central,2x6 #3,2024-07-04,2x6,3,8,200,True,G3_4
central,2x6 #3,2024-07-11,2x6,3,8,200,True,G3_4
central,2x6 #3,2024-07-18,2x6,3,8,205,True,G3_4
central,2x6 #3,2024-07-25,2x6,3,8,205,True,G3_4
central,2x6 #3,2024-08-01,2x6,3,8,205,True,G3_4
central,2x6 #3,2024-08-08,2x6,3,8,205,True,G3_4
central,2x6 #3,2024-08-15,2x6,3,8,205,True,G3_4
central,2x6 #3,2024-08-22,2x6,3,8,205,True,G3_4
central,2x6 #3,2024-08-29,2x6,3,8,205,True,G3_4
central,2x6 #3,2024-09-05,2x6,3,8,205,True,G3_4
central,2x6 #3,2024-09-12,2x6,3,8,205,True,G3_4
central,2x6 #3,2024-09-20,2x6,3,8,205,True,G3_4
central,2x6 #3,2024-09-27,2x6,3,8,210,True,G3_4
central,2x6 #3,2024-10-04,2x6,3,8,215,True,G3_4
central,2x6 #3,2024-10-11,2x6,3,8,225,True,G3_4
central,2x6 #3,2024-10-18,2x6,3,8,240,True,G3_4
central,2x6 #3,2024-10-25,2x6,3,8,250,True,G3_4
central,2x6 #3,2024-11-01,2x6,3,8,260,True,G3_4
central,2x6 #3,2024-11-08,2x6,3,8,260,True,G3_4
central,2x6 #3,2024-11-15,2x6,3,8,260,True,G3_4
central,2x6 #3,2024-11-22,2x6,3,8,255,True,G3_4
central,2x6 #3,2024-11-27,2x6,3,8,255,True,G3_4
central,2x6 #3,2024-12-06,2x6,3,8,255,True,G3_4
central,2x6 #3,2024-12-13,2x6,3,8,255,True,G3_4
central,2x6 #3,2024-12-20,2x6,3,8,260,True,G3_4
central,2x6 #3,2025-01-03,2x6,3,8,265,True,G3_4
central,2x6 #3,2025-01-10,2x6,3,8,270,True,G3_4
central,2x6 #3,2025-01-17,2x6,3,8,280,True,G3_4
central,2x6 #3,2025-01-24,2x6,3,8,285,True,G3_4
central,2x6 #3,2025-01-31,2x6,3,8,285,True,G3_4
central,2x6 #3,2025-02-07,2x6,3,8,295,True,G3_4
central,2x6 #3,2025-02-14,2x6,3,8,310,True,G3_4
central,2x6 #3,2025-02-21,2x6,3,8,320,True,G3_4
central,2x6 #3,2025-02-28,2x6,3,8,335,True,G3_4
central,2x6 #3,2025-03-07,2x6,3,8,340,True,G3_4
central,2x6 #3,2025-03-14,2x6,3,8,340,True,G3_4
central,2x6 #3,2025-03-21,2x6,3,8,340,True,G3_4
central,2x6 #3,2025-03-28,2x6,3,8,340,True,G3_4
central,2x6 #3,2025-04-04,2x6,3,8,330,True,G3_4
central,2x6 #3,2025-04-11,2x6,3,8,335,True,G3_4
central,2x6 #3,2025-04-18,2x6,3,8,330,True,G3_4
central,2x6 #3,2025-04-25,2x6,3,8,330,True,G3_4
central,2x6 #3,2025-05-02,2x6,3,8,320,True,G3_4
central,2x6 #3,2025-05-09,2x6,3,8,300,True,G3_4
central,2x6 #3,2025-05-16,2x6,3,8,280,True,G3_4
central,2x6 #3,2025-05-23,2x6,3,8,260,True,G3_4
central,2x6 #3,2025-05-30,2x6,3,8,245,True,G3_4
central,2x6 #3,2025-06-06,2x6,3,8,230,True,G3_4
central,2x6 #3,2025-06-13,2x6,3,8,225,True,G3_4
central,2x6 #3,2025-06-19,2x6,3,8,220,True,G3_4
central,2x6 #3,2025-06-27,2x6,3,8,210,True,G3_4
central,2x6 #3,2025-07-03,2x6,3,8,210,True,G3_4
central,2x6 #3,2025-07-11,2x6,3,8,210,True,G3_4
central,2x6 #3,2025-07-18,2x6,3,8,205,True,G3_4
central,2x6 #3,2025-07-25,2x6,3,8,205,True,G3_4
central,2x6 #3,2025-08-01,2x6,3,8,205,True,G3_4
central,2x6 #3,2025-08-08,2x6,3,8,200,True,G3_4
central,2x6 #3,2025-08-15,2x6,3,8,200,True,G3_4
central,2x6 #3,2025-08-22,2x6,3,8,200,True,G3_4
central,2x6 #3,2025-08-29,2x6,3,8,195,True,G3_4
central,2x6 #3,2025-09-05,2x6,3,8,190,True,G3_4
central,2x6 #3,2025-09-12,2x6,3,8,190,True,G3_4
central,2x6 #3,2025-09-19,2x6,3,8,190,True,G3_4
central,2x6 #3,2025-09-26,2x6,3,8,190,True,G3_4
central,2x6 #3,2025-10-03,2x6,3,8,195,True,G3_4
central,2x6 #3,2025-10-10,2x6,3,8,195,True,G3_4
central,2x6 #3,2025-10-17,2x6,3,8,205,True,G3_4
central,2x6 #3,2024-01-12,2x6,3,10,200,True,G3_4
central,2x6 #3,2024-01-18,2x6,3,10,200,True,G3_4
central,2x6 #3,2024-01-25,2x6,3,10,200,True,G3_4
central,2x6 #3,2024-02-08,2x6,3,10,200,True,G3_4
central,2x6 #3,2024-02-15,2x6,3,10,205,True,G3_4
central,2x6 #3,2024-02-22,2x6,3,10,210,True,G3_4
central,2x6 #3,2024-02-29,2x6,3,10,215,True,G3_4
central,2x6 #3,2024-03-07,2x6,3,10,215,True,G3_4
central,2x6 #3,2024-03-14,2x6,3,10,220,True,G3_4
central,2x6 #3,2024-03-21,2x6,3,10,220,True,G3_4
central,2x6 #3,2024-03-28,2x6,3,10,220,True,G3_4
central,2x6 #3,2024-04-04,2x6,3,10,225,True,G3_4
central,2x6 #3,2024-04-11,2x6,3,10,225,True,G3_4
central,2x6 #3,2024-04-18,2x6,3,10,225,True,G3_4
central,2x6 #3,2024-04-25,2x6,3,10,225,True,G3_4
central,2x6 #3,2024-05-02,2x6,3,10,225,True,G3_4
central,2x6 #3,2024-05-09,2x6,3,10,225,True,G3_4
central,2x6 #3,2024-05-16,2x6,3,10,225,True,G3_4
central,2x6 #3,2024-05-30,2x6,3,10,225,True,G3_4
central,2x6 #3,2024-06-06,2x6,3,10,225,True,G3_4
central,2x6 #3,2024-06-13,2x6,3,10,225,True,G3_4
central,2x6 #3,2024-06-20,2x6,3,10,220,True,G3_4
central,2x6 #3,2024-06-27,2x6,3,10,205,True,G3_4
central,2x6 #3,2024-07-04,2x6,3,10,200,True,G3_4
central,2x6 #3,2024-07-11,2x6,3,10,200,True,G3_4
central,2x6 #3,2024-07-18,2x6,3,10,205,True,G3_4
central,2x6 #3,2024-07-25,2x6,3,10,205,True,G3_4
central,2x6 #3,2024-08-01,2x6,3,10,205,True,G3_4
central,2x6 #3,2024-08-08,2x6,3,10,205,True,G3_4
central,2x6 #3,2024-08-15,2x6,3,10,205,True,G3_4
central,2x6 #3,2024-08-22,2x6,3,10,205,True,G3_4
central,2x6 #3,2024-08-29,2x6,3,10,205,True,G3_4
central,2x6 #3,2024-09-05,2x6,3,10,205,True,G3_4
central,2x6 #3,2024-09-12,2x6,3,10,205,True,G3_4
central,2x6 #3,2024-09-20,2x6,3,10,205,True,G3_4
central,2x6 #3,2024-09-27,2x6,3,10,210,True,G3_4
central,2x6 #3,2024-10-04,2x6,3,10,215,True,G3_4
central,2x6 #3,2024-10-11,2x6,3,10,225,True,G3_4
central,2x6 #3,2024-10-18,2x6,3,10,240,True,G3_4
central,2x6 #3,2024-10-25,2x6,3,10,250,True,G3_4
central,2x6 #3,2024-11-01,2x6,3,10,260,True,G3_4
central,2x6 #3,2024-11-08,2x6,3,10,260,True,G3_4
central,2x6 #3,2024-11-15,2x6,3,10,260,True,G3_4
central,2x6 #3,2024-11-22,2x6,3,10,255,True,G3_4
central,2x6 #3,2024-11-27,2x6,3,10,255,True,G3_4
central,2x6 #3,2024-12-06,2x6,3,10,255,True,G3_4
central,2x6 #3,2024-12-13,2x6,3,10,255,True,G3_4
central,2x6 #3,2024-12-20,2x6,3,10,260,True,G3_4
central,2x6 #3,2025-01-03,2x6,3,10,265,True,G3_4
central,2x6 #3,2025-01-10,2x6,3,10,270,True,G3_4
central,2x6 #3,2025-01-17,2x6,3,10,280,True,G3_4
central,2x6 #3,2025-01-24,2x6,3,10,285,True,G3_4
central,2x6 #3,2025-01-31,2x6,3,10,285,True,G3_4
central,2x6 #3,2025-02-07,2x6,3,10,295,True,G3_4
central,2x6 #3,2025-02-14,2x6,3,10,310,True,G3_4
central,2x6 #3,2025-02-21,2x6,3,10,320,True,G3_4
central,2x6 #3,2025-02-28,2x6,3,10,335,True,G3_4
central,2x6 #3,2025-03-07,2x6,3,10,340,True,G3_4
central,2x6 #3,2025-03-14,2x6,3,10,340,True,G3_4
central,2x6 #3,2025-03-21,2x6,3,10,340,True,G3_4
central,2x6 #3,2025-03-28,2x6,3,10,340,True,G3_4
central,2x6 #3,2025-04-04,2x6,3,10,330,True,G3_4
central,2x6 #3,2025-04-11,2x6,3,10,335,True,G3_4
central,2x6 #3,2025-04-18,2x6,3,10,330,True,G3_4
central,2x6 #3,2025-04-25,2x6,3,10,330,True,G3_4
central,2x6 #3,2025-05-02,2x6,3,10,320,True,G3_4
central,2x6 #3,2025-05-09,2x6,3,10,300,True,G3_4
central,2x6 #3,2025-05-16,2x6,3,10,280,True,G3_4
central,2x6 #3,2025-05-23,2x6,3,10,260,True,G3_4
central,2x6 #3,2025-05-30,2x6,3,10,245,True,G3_4
central,2x6 #3,2025-06-06,2x6,3,10,230,True,G3_4
central,2x6 #3,2025-06-13,2x6,3,10,225,True,G3_4
central,2x6 #3,2025-06-19,2x6,3,10,220,True,G3_4
central,2x6 #3,2025-06-27,2x6,3,10,210,True,G3_4
central,2x6 #3,2025-07-03,2x6,3,10,210,True,G3_4
central,2x6 #3,2025-07-11,2x6,3,10,210,True,G3_4
central,2x6 #3,2025-07-18,2x6,3,10,205,True,G3_4
central,2x6 #3,2025-07-25,2x6,3,10,205,True,G3_4
central,2x6 #3,2025-08-01,2x6,3,10,205,True,G3_4
central,2x6 #3,2025-08-08,2x6,3,10,200,True,G3_4
central,2x6 #3,2025-08-15,2x6,3,10,200,True,G3_4
central,2x6 #3,2025-08-22,2x6,3,10,200,True,G3_4
central,2x6 #3,2025-08-29,2x6,3,10,195,True,G3_4
central,2x6 #3,2025-09-05,2x6,3,10,190,True,G3_4
central,2x6 #3,2025-09-12,2x6,3,10,190,True,G3_4
central,2x6 #3,2025-09-19,2x6,3,10,190,True,G3_4
central,2x6 #3,2025-09-26,2x6,3,10,190,True,G3_4
central,2x6 #3,2025-10-03,2x6,3,10,195,True,G3_4
central,2x6 #3,2025-10-10,2x6,3,10,195,True,G3_4
central,2x6 #3,2025-10-17,2x6,3,10,205,True,G3_4
central,2x6 #3,2024-01-12,2x6,3,12,200,True,G3_4
central,2x6 #3,2024-01-18,2x6,3,12,200,True,G3_4
central,2x6 #3,2024-01-25,2x6,3,12,200,True,G3_4
central,2x6 #3,2024-02-08,2x6,3,12,200,True,G3_4
central,2x6 #3,2024-02-15,2x6,3,12,205,True,G3_4
central,2x6 #3,2024-02-22,2x6,3,12,210,True,G3_4
central,2x6 #3,2024-02-29,2x6,3,12,215,True,G3_4
central,2x6 #3,2024-03-07,2x6,3,12,215,True,G3_4
central,2x6 #3,2024-03-14,2x6,3,12,220,True,G3_4
central,2x6 #3,2024-03-21,2x6,3,12,220,True,G3_4
central,2x6 #3,2024-03-28,2x6,3,12,220,True,G3_4
central,2x6 #3,2024-04-04,2x6,3,12,225,True,G3_4
central,2x6 #3,2024-04-11,2x6,3,12,225,True,G3_4
central,2x6 #3,2024-04-18,2x6,3,12,225,True,G3_4
central,2x6 #3,2024-04-25,2x6,3,12,225,True,G3_4
central,2x6 #3,2024-05-02,2x6,3,12,225,True,G3_4
central,2x6 #3,2024-05-09,2x6,3,12,225,True,G3_4
central,2x6 #3,2024-05-16,2x6,3,12,225,True,G3_4
central,2x6 #3,2024-05-30,2x6,3,12,225,True,G3_4
central,2x6 #3,2024-06-06,2x6,3,12,225,True,G3_4
central,2x6 #3,2024-06-13,2x6,3,12,225,True,G3_4
central,2x6 #3,2024-06-20,2x6,3,12,220,True,G3_4
central,2x6 #3,2024-06-27,2x6,3,12,205,True,G3_4
central,2x6 #3,2024-07-04,2x6,3,12,200,True,G3_4
central,2x6 #3,2024-07-11,2x6,3,12,200,True,G3_4
central,2x6 #3,2024-07-18,2x6,3,12,205,True,G3_4
central,2x6 #3,2024-07-25,2x6,3,12,205,True,G3_4
central,2x6 #3,2024-08-01,2x6,3,12,205,True,G3_4
central,2x6 #3,2024-08-08,2x6,3,12,205,True,G3_4
central,2x6 #3,2024-08-15,2x6,3,12,205,True,G3_4
central,2x6 #3,2024-08-22,2x6,3,12,205,True,G3_4
central,2x6 #3,2024-08-29,2x6,3,12,205,True,G3_4
central,2x6 #3,2024-09-05,2x6,3,12,205,True,G3_4
central,2x6 #3,2024-09-12,2x6,3,12,205,True,G3_4
central,2x6 #3,2024-09-20,2x6,3,12,205,True,G3_4
central,2x6 #3,2024-09-27,2x6,3,12,210,True,G3_4
central,2x6 #3,2024-10-04,2x6,3,12,215,True,G3_4
central,2x6 #3,2024-10-11,2x6,3,12,225,True,G3_4
central,2x6 #3,2024-10-18,2x6,3,12,240,True,G3_4
central,2x6 #3,2024-10-25,2x6,3,12,250,True,G3_4
central,2x6 #3,2024-11-01,2x6,3,12,260,True,G3_4
central,2x6 #3,2024-11-08,2x6,3,12,260,True,G3_4
central,2x6 #3,2024-11-15,2x6,3,12,260,True,G3_4
central,2x6 #3,2024-11-22,2x6,3,12,255,True,G3_4
central,2x6 #3,2024-11-27,2x6,3,12,255,True,G3_4
central,2x6 #3,2024-12-06,2x6,3,12,255,True,G3_4
central,2x6 #3,2024-12-13,2x6,3,12,255,True,G3_4
central,2x6 #3,2024-12-20,2x6,3,12,260,True,G3_4
central,2x6 #3,2025-01-03,2x6,3,12,265,True,G3_4
central,2x6 #3,2025-01-10,2x6,3,12,270,True,G3_4
central,2x6 #3,2025-01-17,2x6,3,12,280,True,G3_4
central,2x6 #3,2025-01-24,2x6,3,12,285,True,G3_4
central,2x6 #3,2025-01-31,2x6,3,12,285,True,G3_4
central,2x6 #3,2025-02-07,2x6,3,12,295,True,G3_4
central,2x6 #3,2025-02-14,2x6,3,12,310,True,G3_4
central,2x6 #3,2025-02-21,2x6,3,12,320,True,G3_4
central,2x6 #3,2025-02-28,2x6,3,12,335,True,G3_4
central,2x6 #3,2025-03-07,2x6,3,12,340,True,G3_4
central,2x6 #3,2025-03-14,2x6,3,12,340,True,G3_4
central,2x6 #3,2025-03-21,2x6,3,12,340,True,G3_4
central,2x6 #3,2025-03-28,2x6,3,12,340,True,G3_4
central,2x6 #3,2025-04-04,2x6,3,12,330,True,G3_4
central,2x6 #3,2025-04-11,2x6,3,12,335,True,G3_4
central,2x6 #3,2025-04-18,2x6,3,12,330,True,G3_4
central,2x6 #3,2025-04-25,2x6,3,12,330,True,G3_4
central,2x6 #3,2025-05-02,2x6,3,12,320,True,G3_4
central,2x6 #3,2025-05-09,2x6,3,12,300,True,G3_4
central,2x6 #3,2025-05-16,2x6,3,12,280,True,G3_4
central,2x6 #3,2025-05-23,2x6,3,12,260,True,G3_4
central,2x6 #3,2025-05-30,2x6,3,12,245,True,G3_4
central,2x6 #3,2025-06-06,2x6,3,12,230,True,G3_4
central,2x6 #3,2025-06-13,2x6,3,12,225,True,G3_4
central,2x6 #3,2025-06-19,2x6,3,12,220,True,G3_4
central,2x6 #3,2025-06-27,2x6,3,12,210,True,G3_4
central,2x6 #3,2025-07-03,2x6,3,12,210,True,G3_4
central,2x6 #3,2025-07-11,2x6,3,12,210,True,G3_4
central,2x6 #3,2025-07-18,2x6,3,12,205,True,G3_4
central,2x6 #3,2025-07-25,2x6,3,12,205,True,G3_4
central,2x6 #3,2025-08-01,2x6,3,12,205,True,G3_4
central,2x6 #3,2025-08-08,2x6,3,12,200,True,G3_4
central,2x6 #3,2025-08-15,2x6,3,12,200,True,G3_4
central,2x6 #3,2025-08-22,2x6,3,12,200,True,G3_4
central,2x6 #3,2025-08-29,2x6,3,12,195,True,G3_4
central,2x6 #3,2025-09-05,2x6,3,12,190,True,G3_4
central,2x6 #3,2025-09-12,2x6,3,12,190,True,G3_4
central,2x6 #3,2025-09-19,2x6,3,12,190,True,G3_4
central,2x6 #3,2025-09-26,2x6,3,12,190,True,G3_4
central,2x6 #3,2025-10-03,2x6,3,12,195,True,G3_4
central,2x6 #3,2025-10-10,2x6,3,12,195,True,G3_4
central,2x6 #3,2025-10-17,2x6,3,12,205,True,G3_4
central,2x6 #3,2024-01-12,2x6,3,14,200,True,G3_4
central,2x6 #3,2024-01-18,2x6,3,14,200,True,G3_4
central,2x6 #3,2024-01-25,2x6,3,14,200,True,G3_4
central,2x6 #3,2024-02-08,2x6,3,14,200,True,G3_4
central,2x6 #3,2024-02-15,2x6,3,14,205,True,G3_4
central,2x6 #3,2024-02-22,2x6,3,14,210,True,G3_4
central,2x6 #3,2024-02-29,2x6,3,14,215,True,G3_4
central,2x6 #3,2024-03-07,2x6,3,14,215,True,G3_4
central,2x6 #3,2024-03-14,2x6,3,14,220,True,G3_4
central,2x6 #3,2024-03-21,2x6,3,14,220,True,G3_4
central,2x6 #3,2024-03-28,2x6,3,14,220,True,G3_4
central,2x6 #3,2024-04-04,2x6,3,14,225,True,G3_4
central,2x6 #3,2024-04-11,2x6,3,14,225,True,G3_4
central,2x6 #3,2024-04-18,2x6,3,14,225,True,G3_4
central,2x6 #3,2024-04-25,2x6,3,14,225,True,G3_4
central,2x6 #3,2024-05-02,2x6,3,14,225,True,G3_4
central,2x6 #3,2024-05-09,2x6,3,14,225,True,G3_4
central,2x6 #3,2024-05-16,2x6,3,14,225,True,G3_4
central,2x6 #3,2024-05-30,2x6,3,14,225,True,G3_4
central,2x6 #3,2024-06-06,2x6,3,14,225,True,G3_4
central,2x6 #3,2024-06-13,2x6,3,14,225,True,G3_4
central,2x6 #3,2024-06-20,2x6,3,14,220,True,G3_4
central,2x6 #3,2024-06-27,2x6,3,14,205,True,G3_4
central,2x6 #3,2024-07-04,2x6,3,14,200,True,G3_4
central,2x6 #3,2024-07-11,2x6,3,14,200,True,G3_4
central,2x6 #3,2024-07-18,2x6,3,14,205,True,G3_4
central,2x6 #3,2024-07-25,2x6,3,14,205,True,G3_4
central,2x6 #3,2024-08-01,2x6,3,14,205,True,G3_4
central,2x6 #3,2024-08-08,2x6,3,14,205,True,G3_4
central,2x6 #3,2024-08-15,2x6,3,14,205,True,G3_4
central,2x6 #3,2024-08-22,2x6,3,14,205,True,G3_4
central,2x6 #3,2024-08-29,2x6,3,14,205,True,G3_4
central,2x6 #3,2024-09-05,2x6,3,14,205,True,G3_4
central,2x6 #3,2024-09-12,2x6,3,14,205,True,G3_4
central,2x6 #3,2024-09-20,2x6,3,14,205,True,G3_4
central,2x6 #3,2024-09-27,2x6,3,14,210,True,G3_4
central,2x6 #3,2024-10-04,2x6,3,14,215,True,G3_4
central,2x6 #3,2024-10-11,2x6,3,14,225,True,G3_4
central,2x6 #3,2024-10-18,2x6,3,14,240,True,G3_4
central,2x6 #3,2024-10-25,2x6,3,14,250,True,G3_4
central,2x6 #3,2024-11-01,2x6,3,14,260,True,G3_4
central,2x6 #3,2024-11-08,2x6,3,14,260,True,G3_4
central,2x6 #3,2024-11-15,2x6,3,14,260,True,G3_4
central,2x6 #3,2024-11-22,2x6,3,14,255,True,G3_4
central,2x6 #3,2024-11-27,2x6,3,14,255,True,G3_4
central,2x6 #3,2024-12-06,2x6,3,14,255,True,G3_4
central,2x6 #3,2024-12-13,2x6,3,14,255,True,G3_4
central,2x6 #3,2024-12-20,2x6,3,14,260,True,G3_4
central,2x6 #3,2025-01-03,2x6,3,14,265,True,G3_4
central,2x6 #3,2025-01-10,2x6,3,14,270,True,G3_4
central,2x6 #3,2025-01-17,2x6,3,14,280,True,G3_4
central,2x6 #3,2025-01-24,2x6,3,14,285,True,G3_4
central,2x6 #3,2025-01-31,2x6,3,14,285,True,G3_4
central,2x6 #3,2025-02-07,2x6,3,14,295,True,G3_4
central,2x6 #3,2025-02-14,2x6,3,14,310,True,G3_4
central,2x6 #3,2025-02-21,2x6,3,14,320,True,G3_4
central,2x6 #3,2025-02-28,2x6,3,14,335,True,G3_4
central,2x6 #3,2025-03-07,2x6,3,14,340,True,G3_4
central,2x6 #3,2025-03-14,2x6,3,14,340,True,G3_4
central,2x6 #3,2025-03-21,2x6,3,14,340,True,G3_4
central,2x6 #3,2025-03-28,2x6,3,14,340,True,G3_4
central,2x6 #3,2025-04-04,2x6,3,14,330,True,G3_4
central,2x6 #3,2025-04-11,2x6,3,14,335,True,G3_4
central,2x6 #3,2025-04-18,2x6,3,14,330,True,G3_4
central,2x6 #3,2025-04-25,2x6,3,14,330,True,G3_4
central,2x6 #3,2025-05-02,2x6,3,14,320,True,G3_4
central,2x6 #3,2025-05-09,2x6,3,14,300,True,G3_4
central,2x6 #3,2025-05-16,2x6,3,14,280,True,G3_4
central,2x6 #3,2025-05-23,2x6,3,14,260,True,G3_4
central,2x6 #3,2025-05-30,2x6,3,14,245,True,G3_4
central,2x6 #3,2025-06-06,2x6,3,14,230,True,G3_4
central,2x6 #3,2025-06-13,2x6,3,14,225,True,G3_4
central,2x6 #3,2025-06-19,2x6,3,14,220,True,G3_4
central,2x6 #3,2025-06-27,2x6,3,14,210,True,G3_4
central,2x6 #3,2025-07-03,2x6,3,14,210,True,G3_4
central,2x6 #3,2025-07-11,2x6,3,14,210,True,G3_4
central,2x6 #3,2025-07-18,2x6,3,14,205,True,G3_4
central,2x6 #3,2025-07-25,2x6,3,14,205,True,G3_4
central,2x6 #3,2025-08-01,2x6,3,14,205,True,G3_4
central,2x6 #3,2025-08-08,2x6,3,14,200,True,G3_4
central,2x6 #3,2025-08-15,2x6,3,14,200,True,G3_4
central,2x6 #3,2025-08-22,2x6,3,14,200,True,G3_4
central,2x6 #3,2025-08-29,2x6,3,14,195,True,G3_4
central,2x6 #3,2025-09-05,2x6,3,14,190,True,G3_4
central,2x6 #3,2025-09-12,2x6,3,14,190,True,G3_4
central,2x6 #3,2025-09-19,2x6,3,14,190,True,G3_4
central,2x6 #3,2025-09-26,2x6,3,14,190,True,G3_4
central,2x6 #3,2025-10-03,2x6,3,14,195,True,G3_4
central,2x6 #3,2025-10-10,2x6,3,14,195,True,G3_4
central,2x6 #3,2025-10-17,2x6,3,14,205,True,G3_4
central,2x6 #3,2024-01-12,2x6,3,16,200,True,G3_4
central,2x6 #3,2024-01-18,2x6,3,16,200,True,G3_4
central,2x6 #3,2024-01-25,2x6,3,16,200,True,G3_4
central,2x6 #3,2024-02-08,2x6,3,16,200,True,G3_4
central,2x6 #3,2024-02-15,2x6,3,16,205,True,G3_4
central,2x6 #3,2024-02-22,2x6,3,16,210,True,G3_4
central,2x6 #3,2024-02-29,2x6,3,16,215,True,G3_4
central,2x6 #3,2024-03-07,2x6,3,16,215,True,G3_4
central,2x6 #3,2024-03-14,2x6,3,16,220,True,G3_4
central,2x6 #3,2024-03-21,2x6,3,16,220,True,G3_4
central,2x6 #3,2024-03-28,2x6,3,16,220,True,G3_4
central,2x6 #3,2024-04-04,2x6,3,16,225,True,G3_4
central,2x6 #3,2024-04-11,2x6,3,16,225,True,G3_4
central,2x6 #3,2024-04-18,2x6,3,16,225,True,G3_4
central,2x6 #3,2024-04-25,2x6,3,16,225,True,G3_4
central,2x6 #3,2024-05-02,2x6,3,16,225,True,G3_4
central,2x6 #3,2024-05-09,2x6,3,16,225,True,G3_4
central,2x6 #3,2024-05-16,2x6,3,16,225,True,G3_4
central,2x6 #3,2024-05-30,2x6,3,16,225,True,G3_4
central,2x6 #3,2024-06-06,2x6,3,16,225,True,G3_4
central,2x6 #3,2024-06-13,2x6,3,16,225,True,G3_4
central,2x6 #3,2024-06-20,2x6,3,16,220,True,G3_4
central,2x6 #3,2024-06-27,2x6,3,16,205,True,G3_4
central,2x6 #3,2024-07-04,2x6,3,16,200,True,G3_4
central,2x6 #3,2024-07-11,2x6,3,16,200,True,G3_4
central,2x6 #3,2024-07-18,2x6,3,16,205,True,G3_4
central,2x6 #3,2024-07-25,2x6,3,16,205,True,G3_4
central,2x6 #3,2024-08-01,2x6,3,16,205,True,G3_4
central,2x6 #3,2024-08-08,2x6,3,16,205,True,G3_4
central,2x6 #3,2024-08-15,2x6,3,16,205,True,G3_4
central,2x6 #3,2024-08-22,2x6,3,16,205,True,G3_4
central,2x6 #3,2024-08-29,2x6,3,16,205,True,G3_4
central,2x6 #3,2024-09-05,2x6,3,16,205,True,G3_4
central,2x6 #3,2024-09-12,2x6,3,16,205,True,G3_4
central,2x6 #3,2024-09-20,2x6,3,16,205,True,G3_4
central,2x6 #3,2024-09-27,2x6,3,16,210,True,G3_4
central,2x6 #3,2024-10-04,2x6,3,16,215,True,G3_4
central,2x6 #3,2024-10-11,2x6,3,16,225,True,G3_4
central,2x6 #3,2024-10-18,2x6,3,16,240,True,G3_4
central,2x6 #3,2024-10-25,2x6,3,16,250,True,G3_4
central,2x6 #3,2024-11-01,2x6,3,16,260,True,G3_4
central,2x6 #3,2024-11-08,2x6,3,16,260,True,G3_4
central,2x6 #3,2024-11-15,2x6,3,16,260,True,G3_4
central,2x6 #3,2024-11-22,2x6,3,16,255,True,G3_4
central,2x6 #3,2024-11-27,2x6,3,16,255,True,G3_4
central,2x6 #3,2024-12-06,2x6,3,16,255,True,G3_4
central,2x6 #3,2024-12-13,2x6,3,16,255,True,G3_4
central,2x6 #3,2024-12-20,2x6,3,16,260,True,G3_4
central,2x6 #3,2025-01-03,2x6,3,16,265,True,G3_4
central,2x6 #3,2025-01-10,2x6,3,16,270,True,G3_4
central,2x6 #3,2025-01-17,2x6,3,16,280,True,G3_4
central,2x6 #3,2025-01-24,2x6,3,16,285,True,G3_4
central,2x6 #3,2025-01-31,2x6,3,16,285,True,G3_4
central,2x6 #3,2025-02-07,2x6,3,16,295,True,G3_4
central,2x6 #3,2025-02-14,2x6,3,16,310,True,G3_4
central,2x6 #3,2025-02-21,2x6,3,16,320,True,G3_4
central,2x6 #3,2025-02-28,2x6,3,16,335,True,G3_4
central,2x6 #3,2025-03-07,2x6,3,16,340,True,G3_4
central,2x6 #3,2025-03-14,2x6,3,16,340,True,G3_4
central,2x6 #3,2025-03-21,2x6,3,16,340,True,G3_4
central,2x6 #3,2025-03-28,2x6,3,16,340,True,G3_4
central,2x6 #3,2025-04-04,2x6,3,16,330,True,G3_4
central,2x6 #3,2025-04-11,2x6,3,16,335,True,G3_4
central,2x6 #3,2025-04-18,2x6,3,16,330,True,G3_4
central,2x6 #3,2025-04-25,2x6,3,16,330,True,G3_4
central,2x6 #3,2025-05-02,2x6,3,16,320,True,G3_4
central,2x6 #3,2025-05-09,2x6,3,16,300,True,G3_4
central,2x6 #3,2025-05-16,2x6,3,16,280,True,G3_4
central,2x6 #3,2025-05-23,2x6,3,16,260,True,G3_4
central,2x6 #3,2025-05-30,2x6,3,16,245,True,G3_4
central,2x6 #3,2025-06-06,2x6,3,16,230,True,G3_4
central,2x6 #3,2025-06-13,2x6,3,16,225,True,G3_4
central,2x6 #3,2025-06-19,2x6,3,16,220,True,G3_4
central,2x6 #3,2025-06-27,2x6,3,16,210,True,G3_4
central,2x6 #3,2025-07-03,2x6,3,16,210,True,G3_4
central,2x6 #3,2025-07-11,2x6,3,16,210,True,G3_4
central,2x6 #3,2025-07-18,2x6,3,16,205,True,G3_4
central,2x6 #3,2025-07-25,2x6,3,16,205,True,G3_4
central,2x6 #3,2025-08-01,2x6,3,16,205,True,G3_4
central,2x6 #3,2025-08-08,2x6,3,16,200,True,G3_4
central,2x6 #3,2025-08-15,2x6,3,16,200,True,G3_4
central,2x6 #3,2025-08-22,2x6,3,16,200,True,G3_4
central,2x6 #3,2025-08-29,2x6,3,16,195,True,G3_4
central,2x6 #3,2025-09-05,2x6,3,16,190,True,G3_4
central,2x6 #3,2025-09-12,2x6,3,16,190,True,G3_4
central,2x6 #3,2025-09-19,2x6,3,16,190,True,G3_4
central,2x6 #3,2025-09-26,2x6,3,16,190,True,G3_4
central,2x6 #3,2025-10-03,2x6,3,16,195,True,G3_4
central,2x6 #3,2025-10-10,2x6,3,16,195,True,G3_4
central,2x6 #3,2025-10-17,2x6,3,16,205,True,G3_4
central,2x6 #3,2024-01-12,2x6,3,18,200,True,G3_4
central,2x6 #3,2024-01-18,2x6,3,18,200,True,G3_4
central,2x6 #3,2024-01-25,2x6,3,18,200,True,G3_4
central,2x6 #3,2024-02-08,2x6,3,18,200,True,G3_4
central,2x6 #3,2024-02-15,2x6,3,18,205,True,G3_4
central,2x6 #3,2024-02-22,2x6,3,18,210,True,G3_4
central,2x6 #3,2024-02-29,2x6,3,18,215,True,G3_4
central,2x6 #3,2024-03-07,2x6,3,18,215,True,G3_4
central,2x6 #3,2024-03-14,2x6,3,18,220,True,G3_4
central,2x6 #3,2024-03-21,2x6,3,18,220,True,G3_4
central,2x6 #3,2024-03-28,2x6,3,18,220,True,G3_4
central,2x6 #3,2024-04-04,2x6,3,18,225,True,G3_4
central,2x6 #3,2024-04-11,2x6,3,18,225,True,G3_4
central,2x6 #3,2024-04-18,2x6,3,18,225,True,G3_4
central,2x6 #3,2024-04-25,2x6,3,18,225,True,G3_4
central,2x6 #3,2024-05-02,2x6,3,18,225,True,G3_4
central,2x6 #3,2024-05-09,2x6,3,18,225,True,G3_4
central,2x6 #3,2024-05-16,2x6,3,18,225,True,G3_4
central,2x6 #3,2024-05-30,2x6,3,18,225,True,G3_4
central,2x6 #3,2024-06-06,2x6,3,18,225,True,G3_4
central,2x6 #3,2024-06-13,2x6,3,18,225,True,G3_4
central,2x6 #3,2024-06-20,2x6,3,18,220,True,G3_4
central,2x6 #3,2024-06-27,2x6,3,18,205,True,G3_4
central,2x6 #3,2024-07-04,2x6,3,18,200,True,G3_4
central,2x6 #3,2024-07-11,2x6,3,18,200,True,G3_4
central,2x6 #3,2024-07-18,2x6,3,18,205,True,G3_4
central,2x6 #3,2024-07-25,2x6,3,18,205,True,G3_4
central,2x6 #3,2024-08-01,2x6,3,18,205,True,G3_4
central,2x6 #3,2024-08-08,2x6,3,18,205,True,G3_4
central,2x6 #3,2024-08-15,2x6,3,18,205,True,G3_4
central,2x6 #3,2024-08-22,2x6,3,18,205,True,G3_4
central,2x6 #3,2024-08-29,2x6,3,18,205,True,G3_4
central,2x6 #3,2024-09-05,2x6,3,18,205,True,G3_4
central,2x6 #3,2024-09-12,2x6,3,18,205,True,G3_4
central,2x6 #3,2024-09-20,2x6,3,18,205,True,G3_4
central,2x6 #3,2024-09-27,2x6,3,18,210,True,G3_4
central,2x6 #3,2024-10-04,2x6,3,18,215,True,G3_4
central,2x6 #3,2024-10-11,2x6,3,18,225,True,G3_4
central,2x6 #3,2024-10-18,2x6,3,18,240,True,G3_4
central,2x6 #3,2024-10-25,2x6,3,18,250,True,G3_4
central,2x6 #3,2024-11-01,2x6,3,18,260,True,G3_4
central,2x6 #3,2024-11-08,2x6,3,18,260,True,G3_4
central,2x6 #3,2024-11-15,2x6,3,18,260,True,G3_4
central,2x6 #3,2024-11-22,2x6,3,18,255,True,G3_4
central,2x6 #3,2024-11-27,2x6,3,18,255,True,G3_4
central,2x6 #3,2024-12-06,2x6,3,18,255,True,G3_4
central,2x6 #3,2024-12-13,2x6,3,18,255,True,G3_4
central,2x6 #3,2024-12-20,2x6,3,18,260,True,G3_4
central,2x6 #3,2025-01-03,2x6,3,18,265,True,G3_4
central,2x6 #3,2025-01-10,2x6,3,18,270,True,G3_4
central,2x6 #3,2025-01-17,2x6,3,18,280,True,G3_4
central,2x6 #3,2025-01-24,2x6,3,18,285,True,G3_4
central,2x6 #3,2025-01-31,2x6,3,18,285,True,G3_4
central,2x6 #3,2025-02-07,2x6,3,18,295,True,G3_4
central,2x6 #3,2025-02-14,2x6,3,18,310,True,G3_4
central,2x6 #3,2025-02-21,2x6,3,18,320,True,G3_4
central,2x6 #3,2025-02-28,2x6,3,18,335,True,G3_4
central,2x6 #3,2025-03-07,2x6,3,18,340,True,G3_4
central,2x6 #3,2025-03-14,2x6,3,18,340,True,G3_4
central,2x6 #3,2025-03-21,2x6,3,18,340,True,G3_4
central,2x6 #3,2025-03-28,2x6,3,18,340,True,G3_4
central,2x6 #3,2025-04-04,2x6,3,18,330,True,G3_4
central,2x6 #3,2025-04-11,2x6,3,18,335,True,G3_4
central,2x6 #3,2025-04-18,2x6,3,18,330,True,G3_4
central,2x6 #3,2025-04-25,2x6,3,18,330,True,G3_4
central,2x6 #3,2025-05-02,2x6,3,18,320,True,G3_4
central,2x6 #3,2025-05-09,2x6,3,18,300,True,G3_4
central,2x6 #3,2025-05-16,2x6,3,18,280,True,G3_4
central,2x6 #3,2025-05-23,2x6,3,18,260,True,G3_4
central,2x6 #3,2025-05-30,2x6,3,18,245,True,G3_4
central,2x6 #3,2025-06-06,2x6,3,18,230,True,G3_4
central,2x6 #3,2025-06-13,2x6,3,18,225,True,G3_4
central,2x6 #3,2025-06-19,2x6,3,18,220,True,G3_4
central,2x6 #3,2025-06-27,2x6,3,18,210,True,G3_4
central,2x6 #3,2025-07-03,2x6,3,18,210,True,G3_4
central,2x6 #3,2025-07-11,2x6,3,18,210,True,G3_4
central,2x6 #3,2025-07-18,2x6,3,18,205,True,G3_4
central,2x6 #3,2025-07-25,2x6,3,18,205,True,G3_4
central,2x6 #3,2025-08-01,2x6,3,18,205,True,G3_4
central,2x6 #3,2025-08-08,2x6,3,18,200,True,G3_4
central,2x6 #3,2025-08-15,2x6,3,18,200,True,G3_4
central,2x6 #3,2025-08-22,2x6,3,18,200,True,G3_4
central,2x6 #3,2025-08-29,2x6,3,18,195,True,G3_4
central,2x6 #3,2025-09-05,2x6,3,18,190,True,G3_4
central,2x6 #3,2025-09-12,2x6,3,18,190,True,G3_4
central,2x6 #3,2025-09-19,2x6,3,18,190,True,G3_4
central,2x6 #3,2025-09-26,2x6,3,18,190,True,G3_4
central,2x6 #3,2025-10-03,2x6,3,18,195,True,G3_4
central,2x6 #3,2025-10-10,2x6,3,18,195,True,G3_4
central,2x6 #3,2025-10-17,2x6,3,18,205,True,G3_4
central,2x6 #3,2024-01-12,2x6,3,20,200,True,G3_4
central,2x6 #3,2024-01-18,2x6,3,20,200,True,G3_4
central,2x6 #3,2024-01-25,2x6,3,20,200,True,G3_4
central,2x6 #3,2024-02-08,2x6,3,20,200,True,G3_4
central,2x6 #3,2024-02-15,2x6,3,20,205,True,G3_4
central,2x6 #3,2024-02-22,2x6,3,20,210,True,G3_4
central,2x6 #3,2024-02-29,2x6,3,20,215,True,G3_4
central,2x6 #3,2024-03-07,2x6,3,20,215,True,G3_4
central,2x6 #3,2024-03-14,2x6,3,20,220,True,G3_4
central,2x6 #3,2024-03-21,2x6,3,20,220,True,G3_4
central,2x6 #3,2024-03-28,2x6,3,20,220,True,G3_4
central,2x6 #3,2024-04-04,2x6,3,20,225,True,G3_4
central,2x6 #3,2024-04-11,2x6,3,20,225,True,G3_4
central,2x6 #3,2024-04-18,2x6,3,20,225,True,G3_4
central,2x6 #3,2024-04-25,2x6,3,20,225,True,G3_4
central,2x6 #3,2024-05-02,2x6,3,20,225,True,G3_4
central,2x6 #3,2024-05-09,2x6,3,20,225,True,G3_4
central,2x6 #3,2024-05-16,2x6,3,20,225,True,G3_4
central,2x6 #3,2024-05-30,2x6,3,20,225,True,G3_4
central,2x6 #3,2024-06-06,2x6,3,20,225,True,G3_4
central,2x6 #3,2024-06-13,2x6,3,20,225,True,G3_4
central,2x6 #3,2024-06-20,2x6,3,20,220,True,G3_4
central,2x6 #3,2024-06-27,2x6,3,20,205,True,G3_4
central,2x6 #3,2024-07-04,2x6,3,20,200,True,G3_4
central,2x6 #3,2024-07-11,2x6,3,20,200,True,G3_4
central,2x6 #3,2024-07-18,2x6,3,20,205,True,G3_4
central,2x6 #3,2024-07-25,2x6,3,20,205,True,G3_4
central,2x6 #3,2024-08-01,2x6,3,20,205,True,G3_4
central,2x6 #3,2024-08-08,2x6,3,20,205,True,G3_4
central,2x6 #3,2024-08-15,2x6,3,20,205,True,G3_4
central,2x6 #3,2024-08-22,2x6,3,20,205,True,G3_4
central,2x6 #3,2024-08-29,2x6,3,20,205,True,G3_4
central,2x6 #3,2024-09-05,2x6,3,20,205,True,G3_4
central,2x6 #3,2024-09-12,2x6,3,20,205,True,G3_4
central,2x6 #3,2024-09-20,2x6,3,20,205,True,G3_4
central,2x6 #3,2024-09-27,2x6,3,20,210,True,G3_4
central,2x6 #3,2024-10-04,2x6,3,20,215,True,G3_4
central,2x6 #3,2024-10-11,2x6,3,20,225,True,G3_4
central,2x6 #3,2024-10-18,2x6,3,20,240,True,G3_4
central,2x6 #3,2024-10-25,2x6,3,20,250,True,G3_4
central,2x6 #3,2024-11-01,2x6,3,20,260,True,G3_4
central,2x6 #3,2024-11-08,2x6,3,20,260,True,G3_4
central,2x6 #3,2024-11-15,2x6,3,20,260,True,G3_4
central,2x6 #3,2024-11-22,2x6,3,20,255,True,G3_4
central,2x6 #3,2024-11-27,2x6,3,20,255,True,G3_4
central,2x6 #3,2024-12-06,2x6,3,20,255,True,G3_4
central,2x6 #3,2024-12-13,2x6,3,20,255,True,G3_4
central,2x6 #3,2024-12-20,2x6,3,20,260,True,G3_4
central,2x6 #3,2025-01-03,2x6,3,20,265,True,G3_4
central,2x6 #3,2025-01-10,2x6,3,20,270,True,G3_4
central,2x6 #3,2025-01-17,2x6,3,20,280,True,G3_4
central,2x6 #3,2025-01-24,2x6,3,20,285,True,G3_4
central,2x6 #3,2025-01-31,2x6,3,20,285,True,G3_4
central,2x6 #3,2025-02-07,2x6,3,20,295,True,G3_4
central,2x6 #3,2025-02-14,2x6,3,20,310,True,G3_4
central,2x6 #3,2025-02-21,2x6,3,20,320,True,G3_4
central,2x6 #3,2025-02-28,2x6,3,20,335,True,G3_4
central,2x6 #3,2025-03-07,2x6,3,20,340,True,G3_4
central,2x6 #3,2025-03-14,2x6,3,20,340,True,G3_4
central,2x6 #3,2025-03-21,2x6,3,20,340,True,G3_4
central,2x6 #3,2025-03-28,2x6,3,20,340,True,G3_4
central,2x6 #3,2025-04-04,2x6,3,20,330,True,G3_4
central,2x6 #3,2025-04-11,2x6,3,20,335,True,G3_4
central,2x6 #3,2025-04-18,2x6,3,20,330,True,G3_4
central,2x6 #3,2025-04-25,2x6,3,20,330,True,G3_4
central,2x6 #3,2025-05-02,2x6,3,20,320,True,G3_4
central,2x6 #3,2025-05-09,2x6,3,20,300,True,G3_4
central,2x6 #3,2025-05-16,2x6,3,20,280,True,G3_4
central,2x6 #3,2025-05-23,2x6,3,20,260,True,G3_4
central,2x6 #3,2025-05-30,2x6,3,20,245,True,G3_4
central,2x6 #3,2025-06-06,2x6,3,20,230,True,G3_4
central,2x6 #3,2025-06-13,2x6,3,20,225,True,G3_4
central,2x6 #3,2025-06-19,2x6,3,20,220,True,G3_4
central,2x6 #3,2025-06-27,2x6,3,20,210,True,G3_4
central,2x6 #3,2025-07-03,2x6,3,20,210,True,G3_4
central,2x6 #3,2025-07-11,2x6,3,20,210,True,G3_4
central,2x6 #3,2025-07-18,2x6,3,20,205,True,G3_4
central,2x6 #3,2025-07-25,2x6,3,20,205,True,G3_4
central,2x6 #3,2025-08-01,2x6,3,20,205,True,G3_4
central,2x6 #3,2025-08-08,2x6,3,20,200,True,G3_4
central,2x6 #3,2025-08-15,2x6,3,20,200,True,G3_4
central,2x6 #3,2025-08-22,2x6,3,20,200,True,G3_4
central,2x6 #3,2025-08-29,2x6,3,20,195,True,G3_4
central,2x6 #3,2025-09-05,2x6,3,20,190,True,G3_4
central,2x6 #3,2025-09-12,2x6,3,20,190,True,G3_4
central,2x6 #3,2025-09-19,2x6,3,20,190,True,G3_4
central,2x6 #3,2025-09-26,2x6,3,20,190,True,G3_4
central,2x6 #3,2025-10-03,2x6,3,20,195,True,G3_4
central,2x6 #3,2025-10-10,2x6,3,20,195,True,G3_4
central,2x6 #3,2025-10-17,2x6,3,20,205,True,G3_4
central,2x6,2024-01-12,2x6,4,8,145,True,G3_4
central,2x6,2024-01-18,2x6,4,8,145,True,G3_4
central,2x6,2024-01-25,2x6,4,8,145,True,G3_4
central,2x6,2024-02-08,2x6,4,8,145,True,G3_4
central,2x6,2024-02-15,2x6,4,8,150,True,G3_4
central,2x6,2024-02-22,2x6,4,8,150,True,G3_4
central,2x6,2024-02-29,2x6,4,8,155,True,G3_4
central,2x6,2024-03-07,2x6,4,8,165,True,G3_4
central,2x6,2024-03-14,2x6,4,8,165,True,G3_4
central,2x6,2024-03-21,2x6,4,8,165,True,G3_4
central,2x6,2024-03-28,2x6,4,8,165,True,G3_4
central,2x6,2024-04-04,2x6,4,8,165,True,G3_4
central,2x6,2024-04-11,2x6,4,8,170,True,G3_4
central,2x6,2024-04-18,2x6,4,8,170,True,G3_4
central,2x6,2024-04-25,2x6,4,8,165,True,G3_4
central,2x6,2024-05-02,2x6,4,8,165,True,G3_4
central,2x6,2024-05-09,2x6,4,8,170,True,G3_4
central,2x6,2024-05-16,2x6,4,8,170,True,G3_4
central,2x6,2024-05-30,2x6,4,8,175,True,G3_4
central,2x6,2024-06-06,2x6,4,8,175,True,G3_4
central,2x6,2024-06-13,2x6,4,8,170,True,G3_4
central,2x6,2024-06-20,2x6,4,8,165,True,G3_4
central,2x6,2024-06-27,2x6,4,8,160,True,G3_4
central,2x6,2024-07-04,2x6,4,8,160,True,G3_4
central,2x6,2024-07-11,2x6,4,8,160,True,G3_4
central,2x6,2024-07-18,2x6,4,8,165,True,G3_4
central,2x6,2024-07-25,2x6,4,8,165,True,G3_4
central,2x6,2024-08-01,2x6,4,8,165,True,G3_4
central,2x6,2024-08-08,2x6,4,8,165,True,G3_4
central,2x6,2024-08-15,2x6,4,8,165,True,G3_4
central,2x6,2024-08-22,2x6,4,8,170,True,G3_4
central,2x6,2024-08-29,2x6,4,8,170,True,G3_4
central,2x6,2024-09-05,2x6,4,8,170,True,G3_4
central,2x6,2024-09-12,2x6,4,8,170,True,G3_4
central,2x6,2024-09-20,2x6,4,8,175,True,G3_4
central,2x6,2024-09-27,2x6,4,8,175,True,G3_4
central,2x6,2024-10-04,2x6,4,8,175,True,G3_4
central,2x6,2024-10-11,2x6,4,8,180,True,G3_4
central,2x6,2024-10-18,2x6,4,8,195,True,G3_4
central,2x6,2024-10-25,2x6,4,8,200,True,G3_4
central,2x6,2024-11-01,2x6,4,8,215,True,G3_4
central,2x6,2024-11-08,2x6,4,8,220,True,G3_4
central,2x6,2024-11-15,2x6,4,8,220,True,G3_4
central,2x6,2024-11-22,2x6,4,8,220,True,G3_4
central,2x6,2024-11-27,2x6,4,8,220,True,G3_4
central,2x6,2024-12-06,2x6,4,8,220,True,G3_4
central,2x6,2024-12-13,2x6,4,8,220,True,G3_4
central,2x6,2024-12-20,2x6,4,8,225,True,G3_4
central,2x6,2025-01-03,2x6,4,8,230,True,G3_4
central,2x6,2025-01-10,2x6,4,8,235,True,G3_4
central,2x6,2025-01-17,2x6,4,8,245,True,G3_4
central,2x6,2025-01-24,2x6,4,8,250,True,G3_4
central,2x6,2025-01-31,2x6,4,8,260,True,G3_4
central,2x6,2025-02-07,2x6,4,8,260,True,G3_4
central,2x6,2025-02-14,2x6,4,8,275,True,G3_4
central,2x6,2025-02-21,2x6,4,8,285,True,G3_4
central,2x6,2025-02-28,2x6,4,8,300,True,G3_4
central,2x6,2025-03-07,2x6,4,8,305,True,G3_4
central,2x6,2025-03-14,2x6,4,8,305,True,G3_4
central,2x6,2025-03-21,2x6,4,8,305,True,G3_4
central,2x6,2025-03-28,2x6,4,8,305,True,G3_4
central,2x6,2025-04-04,2x6,4,8,305,True,G3_4
central,2x6,2025-04-11,2x6,4,8,310,True,G3_4
central,2x6,2025-04-18,2x6,4,8,310,True,G3_4
central,2x6,2025-04-25,2x6,4,8,310,True,G3_4
central,2x6,2025-05-02,2x6,4,8,310,True,G3_4
central,2x6,2025-05-09,2x6,4,8,295,True,G3_4
central,2x6,2025-05-16,2x6,4,8,265,True,G3_4
central,2x6,2025-05-23,2x6,4,8,240,True,G3_4
central,2x6,2025-05-30,2x6,4,8,235,True,G3_4
central,2x6,2025-06-06,2x6,4,8,220,True,G3_4
central,2x6,2025-06-13,2x6,4,8,215,True,G3_4
central,2x6,2025-06-19,2x6,4,8,210,True,G3_4
central,2x6,2025-06-27,2x6,4,8,200,True,G3_4
central,2x6,2025-07-03,2x6,4,8,200,True,G3_4
central,2x6,2025-07-11,2x6,4,8,190,True,G3_4
central,2x6,2025-07-18,2x6,4,8,190,True,G3_4
central,2x6,2025-07-25,2x6,4,8,190,True,G3_4
central,2x6,2025-08-01,2x6,4,8,190,True,G3_4
central,2x6,2025-08-08,2x6,4,8,185,True,G3_4
central,2x6,2025-08-15,2x6,4,8,185,True,G3_4
central,2x6,2025-08-22,2x6,4,8,180,True,G3_4
central,2x6,2025-08-29,2x6,4,8,175,True,G3_4
central,2x6,2025-09-05,2x6,4,8,175,True,G3_4
central,2x6,2025-09-12,2x6,4,8,170,True,G3_4
central,2x6,2025-09-19,2x6,4,8,170,True,G3_4
central,2x6,2025-09-26,2x6,4,8,170,True,G3_4
central,2x6,2025-10-03,2x6,4,8,170,True,G3_4
central,2x6,2025-10-10,2x6,4,8,170,True,G3_4
central,2x6,2025-10-17,2x6,4,8,180,True,G3_4
central,2x6,2024-01-12,2x6,4,10,145,True,G3_4
central,2x6,2024-01-18,2x6,4,10,145,True,G3_4
central,2x6,2024-01-25,2x6,4,10,145,True,G3_4
central,2x6,2024-02-08,2x6,4,10,145,True,G3_4
central,2x6,2024-02-15,2x6,4,10,150,True,G3_4
central,2x6,2024-02-22,2x6,4,10,150,True,G3_4
central,2x6,2024-02-29,2x6,4,10,155,True,G3_4
central,2x6,2024-03-07,2x6,4,10,165,True,G3_4
central,2x6,2024-03-14,2x6,4,10,165,True,G3_4
central,2x6,2024-03-21,2x6,4,10,165,True,G3_4
central,2x6,2024-03-28,2x6,4,10,165,True,G3_4
central,2x6,2024-04-04,2x6,4,10,165,True,G3_4
central,2x6,2024-04-11,2x6,4,10,170,True,G3_4
central,2x6,2024-04-18,2x6,4,10,170,True,G3_4
central,2x6,2024-04-25,2x6,4,10,165,True,G3_4
central,2x6,2024-05-02,2x6,4,10,165,True,G3_4
central,2x6,2024-05-09,2x6,4,10,170,True,G3_4
central,2x6,2024-05-16,2x6,4,10,170,True,G3_4
central,2x6,2024-05-30,2x6,4,10,175,True,G3_4
central,2x6,2024-06-06,2x6,4,10,175,True,G3_4
central,2x6,2024-06-13,2x6,4,10,170,True,G3_4
central,2x6,2024-06-20,2x6,4,10,165,True,G3_4
central,2x6,2024-06-27,2x6,4,10,160,True,G3_4
central,2x6,2024-07-04,2x6,4,10,160,True,G3_4
central,2x6,2024-07-11,2x6,4,10,160,True,G3_4
central,2x6,2024-07-18,2x6,4,10,165,True,G3_4
central,2x6,2024-07-25,2x6,4,10,165,True,G3_4
central,2x6,2024-08-01,2x6,4,10,165,True,G3_4
central,2x6,2024-08-08,2x6,4,10,165,True,G3_4
central,2x6,2024-08-15,2x6,4,10,165,True,G3_4
central,2x6,2024-08-22,2x6,4,10,170,True,G3_4
central,2x6,2024-08-29,2x6,4,10,170,True,G3_4
central,2x6,2024-09-05,2x6,4,10,170,True,G3_4
central,2x6,2024-09-12,2x6,4,10,170,True,G3_4
central,2x6,2024-09-20,2x6,4,10,175,True,G3_4
central,2x6,2024-09-27,2x6,4,10,175,True,G3_4
central,2x6,2024-10-04,2x6,4,10,175,True,G3_4
central,2x6,2024-10-11,2x6,4,10,180,True,G3_4
central,2x6,2024-10-18,2x6,4,10,195,True,G3_4
central,2x6,2024-10-25,2x6,4,10,200,True,G3_4
central,2x6,2024-11-01,2x6,4,10,215,True,G3_4
central,2x6,2024-11-08,2x6,4,10,220,True,G3_4
central,2x6,2024-11-15,2x6,4,10,220,True,G3_4
central,2x6,2024-11-22,2x6,4,10,220,True,G3_4
central,2x6,2024-11-27,2x6,4,10,220,True,G3_4
central,2x6,2024-12-06,2x6,4,10,220,True,G3_4
central,2x6,2024-12-13,2x6,4,10,220,True,G3_4
central,2x6,2024-12-20,2x6,4,10,225,True,G3_4
central,2x6,2025-01-03,2x6,4,10,230,True,G3_4
central,2x6,2025-01-10,2x6,4,10,235,True,G3_4
central,2x6,2025-01-17,2x6,4,10,245,True,G3_4
central,2x6,2025-01-24,2x6,4,10,250,True,G3_4
central,2x6,2025-01-31,2x6,4,10,260,True,G3_4
central,2x6,2025-02-07,2x6,4,10,260,True,G3_4
central,2x6,2025-02-14,2x6,4,10,275,True,G3_4
central,2x6,2025-02-21,2x6,4,10,285,True,G3_4
central,2x6,2025-02-28,2x6,4,10,300,True,G3_4
central,2x6,2025-03-07,2x6,4,10,305,True,G3_4
central,2x6,2025-03-14,2x6,4,10,305,True,G3_4
central,2x6,2025-03-21,2x6,4,10,305,True,G3_4
central,2x6,2025-03-28,2x6,4,10,305,True,G3_4
central,2x6,2025-04-04,2x6,4,10,305,True,G3_4
central,2x6,2025-04-11,2x6,4,10,310,True,G3_4
central,2x6,2025-04-18,2x6,4,10,310,True,G3_4
central,2x6,2025-04-25,2x6,4,10,310,True,G3_4
central,2x6,2025-05-02,2x6,4,10,310,True,G3_4
central,2x6,2025-05-09,2x6,4,10,295,True,G3_4
central,2x6,2025-05-16,2x6,4,10,265,True,G3_4
central,2x6,2025-05-23,2x6,4,10,240,True,G3_4
central,2x6,2025-05-30,2x6,4,10,235,True,G3_4
central,2x6,2025-06-06,2x6,4,10,220,True,G3_4
central,2x6,2025-06-13,2x6,4,10,215,True,G3_4
central,2x6,2025-06-19,2x6,4,10,210,True,G3_4
central,2x6,2025-06-27,2x6,4,10,200,True,G3_4
central,2x6,2025-07-03,2x6,4,10,200,True,G3_4
central,2x6,2025-07-11,2x6,4,10,190,True,G3_4
central,2x6,2025-07-18,2x6,4,10,190,True,G3_4
central,2x6,2025-07-25,2x6,4,10,190,True,G3_4
central,2x6,2025-08-01,2x6,4,10,190,True,G3_4
central,2x6,2025-08-08,2x6,4,10,185,True,G3_4
central,2x6,2025-08-15,2x6,4,10,185,True,G3_4
central,2x6,2025-08-22,2x6,4,10,180,True,G3_4
central,2x6,2025-08-29,2x6,4,10,175,True,G3_4
central,2x6,2025-09-05,2x6,4,10,175,True,G3_4
central,2x6,2025-09-12,2x6,4,10,170,True,G3_4
central,2x6,2025-09-19,2x6,4,10,170,True,G3_4
central,2x6,2025-09-26,2x6,4,10,170,True,G3_4
central,2x6,2025-10-03,2x6,4,10,170,True,G3_4
central,2x6,2025-10-10,2x6,4,10,170,True,G3_4
central,2x6,2025-10-17,2x6,4,10,180,True,G3_4
central,2x6,2024-01-12,2x6,4,12,145,True,G3_4
central,2x6,2024-01-18,2x6,4,12,145,True,G3_4
central,2x6,2024-01-25,2x6,4,12,145,True,G3_4
central,2x6,2024-02-08,2x6,4,12,145,True,G3_4
central,2x6,2024-02-15,2x6,4,12,150,True,G3_4
central,2x6,2024-02-22,2x6,4,12,150,True,G3_4
central,2x6,2024-02-29,2x6,4,12,155,True,G3_4
central,2x6,2024-03-07,2x6,4,12,165,True,G3_4
central,2x6,2024-03-14,2x6,4,12,165,True,G3_4
central,2x6,2024-03-21,2x6,4,12,165,True,G3_4
central,2x6,2024-03-28,2x6,4,12,165,True,G3_4
central,2x6,2024-04-04,2x6,4,12,165,True,G3_4
central,2x6,2024-04-11,2x6,4,12,170,True,G3_4
central,2x6,2024-04-18,2x6,4,12,170,True,G3_4
central,2x6,2024-04-25,2x6,4,12,165,True,G3_4
central,2x6,2024-05-02,2x6,4,12,165,True,G3_4
central,2x6,2024-05-09,2x6,4,12,170,True,G3_4
central,2x6,2024-05-16,2x6,4,12,170,True,G3_4
central,2x6,2024-05-30,2x6,4,12,175,True,G3_4
central,2x6,2024-06-06,2x6,4,12,175,True,G3_4
central,2x6,2024-06-13,2x6,4,12,170,True,G3_4
central,2x6,2024-06-20,2x6,4,12,165,True,G3_4
central,2x6,2024-06-27,2x6,4,12,160,True,G3_4
central,2x6,2024-07-04,2x6,4,12,160,True,G3_4
central,2x6,2024-07-11,2x6,4,12,160,True,G3_4
central,2x6,2024-07-18,2x6,4,12,165,True,G3_4
central,2x6,2024-07-25,2x6,4,12,165,True,G3_4
central,2x6,2024-08-01,2x6,4,12,165,True,G3_4
central,2x6,2024-08-08,2x6,4,12,165,True,G3_4
central,2x6,2024-08-15,2x6,4,12,165,True,G3_4
central,2x6,2024-08-22,2x6,4,12,170,True,G3_4
central,2x6,2024-08-29,2x6,4,12,170,True,G3_4
central,2x6,2024-09-05,2x6,4,12,170,True,G3_4
central,2x6,2024-09-12,2x6,4,12,170,True,G3_4
central,2x6,2024-09-20,2x6,4,12,175,True,G3_4
central,2x6,2024-09-27,2x6,4,12,175,True,G3_4
central,2x6,2024-10-04,2x6,4,12,175,True,G3_4
central,2x6,2024-10-11,2x6,4,12,180,True,G3_4
central,2x6,2024-10-18,2x6,4,12,195,True,G3_4
central,2x6,2024-10-25,2x6,4,12,200,True,G3_4
central,2x6,2024-11-01,2x6,4,12,215,True,G3_4
central,2x6,2024-11-08,2x6,4,12,220,True,G3_4
central,2x6,2024-11-15,2x6,4,12,220,True,G3_4
central,2x6,2024-11-22,2x6,4,12,220,True,G3_4
central,2x6,2024-11-27,2x6,4,12,220,True,G3_4
central,2x6,2024-12-06,2x6,4,12,220,True,G3_4
central,2x6,2024-12-13,2x6,4,12,220,True,G3_4
central,2x6,2024-12-20,2x6,4,12,225,True,G3_4
central,2x6,2025-01-03,2x6,4,12,230,True,G3_4
central,2x6,2025-01-10,2x6,4,12,235,True,G3_4
central,2x6,2025-01-17,2x6,4,12,245,True,G3_4
central,2x6,2025-01-24,2x6,4,12,250,True,G3_4
central,2x6,2025-01-31,2x6,4,12,260,True,G3_4
central,2x6,2025-02-07,2x6,4,12,260,True,G3_4
central,2x6,2025-02-14,2x6,4,12,275,True,G3_4
central,2x6,2025-02-21,2x6,4,12,285,True,G3_4
central,2x6,2025-02-28,2x6,4,12,300,True,G3_4
central,2x6,2025-03-07,2x6,4,12,305,True,G3_4
central,2x6,2025-03-14,2x6,4,12,305,True,G3_4
central,2x6,2025-03-21,2x6,4,12,305,True,G3_4
central,2x6,2025-03-28,2x6,4,12,305,True,G3_4
central,2x6,2025-04-04,2x6,4,12,305,True,G3_4
central,2x6,2025-04-11,2x6,4,12,310,True,G3_4
central,2x6,2025-04-18,2x6,4,12,310,True,G3_4
central,2x6,2025-04-25,2x6,4,12,310,True,G3_4
central,2x6,2025-05-02,2x6,4,12,310,True,G3_4
central,2x6,2025-05-09,2x6,4,12,295,True,G3_4
central,2x6,2025-05-16,2x6,4,12,265,True,G3_4
central,2x6,2025-05-23,2x6,4,12,240,True,G3_4
central,2x6,2025-05-30,2x6,4,12,235,True,G3_4
central,2x6,2025-06-06,2x6,4,12,220,True,G3_4
central,2x6,2025-06-13,2x6,4,12,215,True,G3_4
central,2x6,2025-06-19,2x6,4,12,210,True,G3_4
central,2x6,2025-06-27,2x6,4,12,200,True,G3_4
central,2x6,2025-07-03,2x6,4,12,200,True,G3_4
central,2x6,2025-07-11,2x6,4,12,190,True,G3_4
central,2x6,2025-07-18,2x6,4,12,190,True,G3_4
central,2x6,2025-07-25,2x6,4,12,190,True,G3_4
central,2x6,2025-08-01,2x6,4,12,190,True,G3_4
central,2x6,2025-08-08,2x6,4,12,185,True,G3_4
central,2x6,2025-08-15,2x6,4,12,185,True,G3_4
central,2x6,2025-08-22,2x6,4,12,180,True,G3_4
central,2x6,2025-08-29,2x6,4,12,175,True,G3_4
central,2x6,2025-09-05,2x6,4,12,175,True,G3_4
central,2x6,2025-09-12,2x6,4,12,170,True,G3_4
central,2x6,2025-09-19,2x6,4,12,170,True,G3_4
central,2x6,2025-09-26,2x6,4,12,170,True,G3_4
central,2x6,2025-10-03,2x6,4,12,170,True,G3_4
central,2x6,2025-10-10,2x6,4,12,170,True,G3_4
central,2x6,2025-10-17,2x6,4,12,180,True,G3_4
central,2x6,2024-01-12,2x6,4,14,145,True,G3_4
central,2x6,2024-01-18,2x6,4,14,145,True,G3_4
central,2x6,2024-01-25,2x6,4,14,145,True,G3_4
central,2x6,2024-02-08,2x6,4,14,145,True,G3_4
central,2x6,2024-02-15,2x6,4,14,150,True,G3_4
central,2x6,2024-02-22,2x6,4,14,150,True,G3_4
central,2x6,2024-02-29,2x6,4,14,155,True,G3_4
central,2x6,2024-03-07,2x6,4,14,165,True,G3_4
central,2x6,2024-03-14,2x6,4,14,165,True,G3_4
central,2x6,2024-03-21,2x6,4,14,165,True,G3_4
central,2x6,2024-03-28,2x6,4,14,165,True,G3_4
central,2x6,2024-04-04,2x6,4,14,165,True,G3_4
central,2x6,2024-04-11,2x6,4,14,170,True,G3_4
central,2x6,2024-04-18,2x6,4,14,170,True,G3_4
central,2x6,2024-04-25,2x6,4,14,165,True,G3_4
central,2x6,2024-05-02,2x6,4,14,165,True,G3_4
central,2x6,2024-05-09,2x6,4,14,170,True,G3_4
central,2x6,2024-05-16,2x6,4,14,170,True,G3_4
central,2x6,2024-05-30,2x6,4,14,175,True,G3_4
central,2x6,2024-06-06,2x6,4,14,175,True,G3_4
central,2x6,2024-06-13,2x6,4,14,170,True,G3_4
central,2x6,2024-06-20,2x6,4,14,165,True,G3_4
central,2x6,2024-06-27,2x6,4,14,160,True,G3_4
central,2x6,2024-07-04,2x6,4,14,160,True,G3_4
central,2x6,2024-07-11,2x6,4,14,160,True,G3_4
central,2x6,2024-07-18,2x6,4,14,165,True,G3_4
central,2x6,2024-07-25,2x6,4,14,165,True,G3_4
central,2x6,2024-08-01,2x6,4,14,165,True,G3_4
central,2x6,2024-08-08,2x6,4,14,165,True,G3_4
central,2x6,2024-08-15,2x6,4,14,165,True,G3_4
central,2x6,2024-08-22,2x6,4,14,170,True,G3_4
central,2x6,2024-08-29,2x6,4,14,170,True,G3_4
central,2x6,2024-09-05,2x6,4,14,170,True,G3_4
central,2x6,2024-09-12,2x6,4,14,170,True,G3_4
central,2x6,2024-09-20,2x6,4,14,175,True,G3_4
central,2x6,2024-09-27,2x6,4,14,175,True,G3_4
central,2x6,2024-10-04,2x6,4,14,175,True,G3_4
central,2x6,2024-10-11,2x6,4,14,180,True,G3_4
central,2x6,2024-10-18,2x6,4,14,195,True,G3_4
central,2x6,2024-10-25,2x6,4,14,200,True,G3_4
central,2x6,2024-11-01,2x6,4,14,215,True,G3_4
central,2x6,2024-11-08,2x6,4,14,220,True,G3_4
central,2x6,2024-11-15,2x6,4,14,220,True,G3_4
central,2x6,2024-11-22,2x6,4,14,220,True,G3_4
central,2x6,2024-11-27,2x6,4,14,220,True,G3_4
central,2x6,2024-12-06,2x6,4,14,220,True,G3_4
central,2x6,2024-12-13,2x6,4,14,220,True,G3_4
central,2x6,2024-12-20,2x6,4,14,225,True,G3_4
central,2x6,2025-01-03,2x6,4,14,230,True,G3_4
central,2x6,2025-01-10,2x6,4,14,235,True,G3_4
central,2x6,2025-01-17,2x6,4,14,245,True,G3_4
central,2x6,2025-01-24,2x6,4,14,250,True,G3_4
central,2x6,2025-01-31,2x6,4,14,260,True,G3_4
central,2x6,2025-02-07,2x6,4,14,260,True,G3_4
central,2x6,2025-02-14,2x6,4,14,275,True,G3_4
central,2x6,2025-02-21,2x6,4,14,285,True,G3_4
central,2x6,2025-02-28,2x6,4,14,300,True,G3_4
central,2x6,2025-03-07,2x6,4,14,305,True,G3_4
central,2x6,2025-03-14,2x6,4,14,305,True,G3_4
central,2x6,2025-03-21,2x6,4,14,305,True,G3_4
central,2x6,2025-03-28,2x6,4,14,305,True,G3_4
central,2x6,2025-04-04,2x6,4,14,305,True,G3_4
central,2x6,2025-04-11,2x6,4,14,310,True,G3_4
central,2x6,2025-04-18,2x6,4,14,310,True,G3_4
central,2x6,2025-04-25,2x6,4,14,310,True,G3_4
central,2x6,2025-05-02,2x6,4,14,310,True,G3_4
central,2x6,2025-05-09,2x6,4,14,295,True,G3_4
central,2x6,2025-05-16,2x6,4,14,265,True,G3_4
central,2x6,2025-05-23,2x6,4,14,240,True,G3_4
central,2x6,2025-05-30,2x6,4,14,235,True,G3_4
central,2x6,2025-06-06,2x6,4,14,220,True,G3_4
central,2x6,2025-06-13,2x6,4,14,215,True,G3_4
central,2x6,2025-06-19,2x6,4,14,210,True,G3_4
central,2x6,2025-06-27,2x6,4,14,200,True,G3_4
central,2x6,2025-07-03,2x6,4,14,200,True,G3_4
central,2x6,2025-07-11,2x6,4,14,190,True,G3_4
central,2x6,2025-07-18,2x6,4,14,190,True,G3_4
central,2x6,2025-07-25,2x6,4,14,190,True,G3_4
central,2x6,2025-08-01,2x6,4,14,190,True,G3_4
central,2x6,2025-08-08,2x6,4,14,185,True,G3_4
central,2x6,2025-08-15,2x6,4,14,185,True,G3_4
central,2x6,2025-08-22,2x6,4,14,180,True,G3_4
central,2x6,2025-08-29,2x6,4,14,175,True,G3_4
central,2x6,2025-09-05,2x6,4,14,175,True,G3_4
central,2x6,2025-09-12,2x6,4,14,170,True,G3_4
central,2x6,2025-09-19,2x6,4,14,170,True,G3_4
central,2x6,2025-09-26,2x6,4,14,170,True,G3_4
central,2x6,2025-10-03,2x6,4,14,170,True,G3_4
central,2x6,2025-10-10,2x6,4,14,170,True,G3_4
central,2x6,2025-10-17,2x6,4,14,180,True,G3_4
central,2x6,2024-01-12,2x6,4,16,145,True,G3_4
central,2x6,2024-01-18,2x6,4,16,145,True,G3_4
central,2x6,2024-01-25,2x6,4,16,145,True,G3_4
central,2x6,2024-02-08,2x6,4,16,145,True,G3_4
central,2x6,2024-02-15,2x6,4,16,150,True,G3_4
central,2x6,2024-02-22,2x6,4,16,150,True,G3_4
central,2x6,2024-02-29,2x6,4,16,155,True,G3_4
central,2x6,2024-03-07,2x6,4,16,165,True,G3_4
central,2x6,2024-03-14,2x6,4,16,165,True,G3_4
central,2x6,2024-03-21,2x6,4,16,165,True,G3_4
central,2x6,2024-03-28,2x6,4,16,165,True,G3_4
central,2x6,2024-04-04,2x6,4,16,165,True,G3_4
central,2x6,2024-04-11,2x6,4,16,170,True,G3_4
central,2x6,2024-04-18,2x6,4,16,170,True,G3_4
central,2x6,2024-04-25,2x6,4,16,165,True,G3_4
central,2x6,2024-05-02,2x6,4,16,165,True,G3_4
central,2x6,2024-05-09,2x6,4,16,170,True,G3_4
central,2x6,2024-05-16,2x6,4,16,170,True,G3_4
central,2x6,2024-05-30,2x6,4,16,175,True,G3_4
central,2x6,2024-06-06,2x6,4,16,175,True,G3_4
central,2x6,2024-06-13,2x6,4,16,170,True,G3_4
central,2x6,2024-06-20,2x6,4,16,165,True,G3_4
central,2x6,2024-06-27,2x6,4,16,160,True,G3_4
central,2x6,2024-07-04,2x6,4,16,160,True,G3_4
central,2x6,2024-07-11,2x6,4,16,160,True,G3_4
central,2x6,2024-07-18,2x6,4,16,165,True,G3_4
central,2x6,2024-07-25,2x6,4,16,165,True,G3_4
central,2x6,2024-08-01,2x6,4,16,165,True,G3_4
central,2x6,2024-08-08,2x6,4,16,165,True,G3_4
central,2x6,2024-08-15,2x6,4,16,165,True,G3_4
central,2x6,2024-08-22,2x6,4,16,170,True,G3_4
central,2x6,2024-08-29,2x6,4,16,170,True,G3_4
central,2x6,2024-09-05,2x6,4,16,170,True,G3_4
central,2x6,2024-09-12,2x6,4,16,170,True,G3_4
central,2x6,2024-09-20,2x6,4,16,175,True,G3_4
central,2x6,2024-09-27,2x6,4,16,175,True,G3_4
central,2x6,2024-10-04,2x6,4,16,175,True,G3_4
central,2x6,2024-10-11,2x6,4,16,180,True,G3_4
central,2x6,2024-10-18,2x6,4,16,195,True,G3_4
central,2x6,2024-10-25,2x6,4,16,200,True,G3_4
central,2x6,2024-11-01,2x6,4,16,215,True,G3_4
central,2x6,2024-11-08,2x6,4,16,220,True,G3_4
central,2x6,2024-11-15,2x6,4,16,220,True,G3_4
central,2x6,2024-11-22,2x6,4,16,220,True,G3_4
central,2x6,2024-11-27,2x6,4,16,220,True,G3_4
central,2x6,2024-12-06,2x6,4,16,220,True,G3_4
central,2x6,2024-12-13,2x6,4,16,220,True,G3_4
central,2x6,2024-12-20,2x6,4,16,225,True,G3_4
central,2x6,2025-01-03,2x6,4,16,230,True,G3_4
central,2x6,2025-01-10,2x6,4,16,235,True,G3_4
central,2x6,2025-01-17,2x6,4,16,245,True,G3_4
central,2x6,2025-01-24,2x6,4,16,250,True,G3_4
central,2x6,2025-01-31,2x6,4,16,260,True,G3_4
central,2x6,2025-02-07,2x6,4,16,260,True,G3_4
central,2x6,2025-02-14,2x6,4,16,275,True,G3_4
central,2x6,2025-02-21,2x6,4,16,285,True,G3_4
central,2x6,2025-02-28,2x6,4,16,300,True,G3_4
central,2x6,2025-03-07,2x6,4,16,305,True,G3_4
central,2x6,2025-03-14,2x6,4,16,305,True,G3_4
central,2x6,2025-03-21,2x6,4,16,305,True,G3_4
central,2x6,2025-03-28,2x6,4,16,305,True,G3_4
central,2x6,2025-04-04,2x6,4,16,305,True,G3_4
central,2x6,2025-04-11,2x6,4,16,310,True,G3_4
central,2x6,2025-04-18,2x6,4,16,310,True,G3_4
central,2x6,2025-04-25,2x6,4,16,310,True,G3_4
central,2x6,2025-05-02,2x6,4,16,310,True,G3_4
central,2x6,2025-05-09,2x6,4,16,295,True,G3_4
central,2x6,2025-05-16,2x6,4,16,265,True,G3_4
central,2x6,2025-05-23,2x6,4,16,240,True,G3_4
central,2x6,2025-05-30,2x6,4,16,235,True,G3_4
central,2x6,2025-06-06,2x6,4,16,220,True,G3_4
central,2x6,2025-06-13,2x6,4,16,215,True,G3_4
central,2x6,2025-06-19,2x6,4,16,210,True,G3_4
central,2x6,2025-06-27,2x6,4,16,200,True,G3_4
central,2x6,2025-07-03,2x6,4,16,200,True,G3_4
central,2x6,2025-07-11,2x6,4,16,190,True,G3_4
central,2x6,2025-07-18,2x6,4,16,190,True,G3_4
central,2x6,2025-07-25,2x6,4,16,190,True,G3_4
central,2x6,2025-08-01,2x6,4,16,190,True,G3_4
central,2x6,2025-08-08,2x6,4,16,185,True,G3_4
central,2x6,2025-08-15,2x6,4,16,185,True,G3_4
central,2x6,2025-08-22,2x6,4,16,180,True,G3_4
central,2x6,2025-08-29,2x6,4,16,175,True,G3_4
central,2x6,2025-09-05,2x6,4,16,175,True,G3_4
central,2x6,2025-09-12,2x6,4,16,170,True,G3_4
central,2x6,2025-09-19,2x6,4,16,170,True,G3_4
central,2x6,2025-09-26,2x6,4,16,170,True,G3_4
central,2x6,2025-10-03,2x6,4,16,170,True,G3_4
central,2x6,2025-10-10,2x6,4,16,170,True,G3_4
central,2x6,2025-10-17,2x6,4,16,180,True,G3_4
central,2x6,2024-01-12,2x6,4,18,145,True,G3_4
central,2x6,2024-01-18,2x6,4,18,145,True,G3_4
central,2x6,2024-01-25,2x6,4,18,145,True,G3_4
central,2x6,2024-02-08,2x6,4,18,145,True,G3_4
central,2x6,2024-02-15,2x6,4,18,150,True,G3_4
central,2x6,2024-02-22,2x6,4,18,150,True,G3_4
central,2x6,2024-02-29,2x6,4,18,155,True,G3_4
central,2x6,2024-03-07,2x6,4,18,165,True,G3_4
central,2x6,2024-03-14,2x6,4,18,165,True,G3_4
central,2x6,2024-03-21,2x6,4,18,165,True,G3_4
central,2x6,2024-03-28,2x6,4,18,165,True,G3_4
central,2x6,2024-04-04,2x6,4,18,165,True,G3_4
central,2x6,2024-04-11,2x6,4,18,170,True,G3_4
central,2x6,2024-04-18,2x6,4,18,170,True,G3_4
central,2x6,2024-04-25,2x6,4,18,165,True,G3_4
central,2x6,2024-05-02,2x6,4,18,165,True,G3_4
central,2x6,2024-05-09,2x6,4,18,170,True,G3_4
central,2x6,2024-05-16,2x6,4,18,170,True,G3_4
central,2x6,2024-05-30,2x6,4,18,175,True,G3_4
central,2x6,2024-06-06,2x6,4,18,175,True,G3_4
central,2x6,2024-06-13,2x6,4,18,170,True,G3_4
central,2x6,2024-06-20,2x6,4,18,165,True,G3_4
central,2x6,2024-06-27,2x6,4,18,160,True,G3_4
central,2x6,2024-07-04,2x6,4,18,160,True,G3_4
central,2x6,2024-07-11,2x6,4,18,160,True,G3_4
central,2x6,2024-07-18,2x6,4,18,165,True,G3_4
central,2x6,2024-07-25,2x6,4,18,165,True,G3_4
central,2x6,2024-08-01,2x6,4,18,165,True,G3_4
central,2x6,2024-08-08,2x6,4,18,165,True,G3_4
central,2x6,2024-08-15,2x6,4,18,165,True,G3_4
central,2x6,2024-08-22,2x6,4,18,170,True,G3_4
central,2x6,2024-08-29,2x6,4,18,170,True,G3_4
central,2x6,2024-09-05,2x6,4,18,170,True,G3_4
central,2x6,2024-09-12,2x6,4,18,170,True,G3_4
central,2x6,2024-09-20,2x6,4,18,175,True,G3_4
central,2x6,2024-09-27,2x6,4,18,175,True,G3_4
central,2x6,2024-10-04,2x6,4,18,175,True,G3_4
central,2x6,2024-10-11,2x6,4,18,180,True,G3_4
central,2x6,2024-10-18,2x6,4,18,195,True,G3_4
central,2x6,2024-10-25,2x6,4,18,200,True,G3_4
central,2x6,2024-11-01,2x6,4,18,215,True,G3_4
central,2x6,2024-11-08,2x6,4,18,220,True,G3_4
central,2x6,2024-11-15,2x6,4,18,220,True,G3_4
central,2x6,2024-11-22,2x6,4,18,220,True,G3_4
central,2x6,2024-11-27,2x6,4,18,220,True,G3_4
central,2x6,2024-12-06,2x6,4,18,220,True,G3_4
central,2x6,2024-12-13,2x6,4,18,220,True,G3_4
central,2x6,2024-12-20,2x6,4,18,225,True,G3_4
central,2x6,2025-01-03,2x6,4,18,230,True,G3_4
central,2x6,2025-01-10,2x6,4,18,235,True,G3_4
central,2x6,2025-01-17,2x6,4,18,245,True,G3_4
central,2x6,2025-01-24,2x6,4,18,250,True,G3_4
central,2x6,2025-01-31,2x6,4,18,260,True,G3_4
central,2x6,2025-02-07,2x6,4,18,260,True,G3_4
central,2x6,2025-02-14,2x6,4,18,275,True,G3_4
central,2x6,2025-02-21,2x6,4,18,285,True,G3_4
central,2x6,2025-02-28,2x6,4,18,300,True,G3_4
central,2x6,2025-03-07,2x6,4,18,305,True,G3_4
central,2x6,2025-03-14,2x6,4,18,305,True,G3_4
central,2x6,2025-03-21,2x6,4,18,305,True,G3_4
central,2x6,2025-03-28,2x6,4,18,305,True,G3_4
central,2x6,2025-04-04,2x6,4,18,305,True,G3_4
central,2x6,2025-04-11,2x6,4,18,310,True,G3_4
central,2x6,2025-04-18,2x6,4,18,310,True,G3_4
central,2x6,2025-04-25,2x6,4,18,310,True,G3_4
central,2x6,2025-05-02,2x6,4,18,310,True,G3_4
central,2x6,2025-05-09,2x6,4,18,295,True,G3_4
central,2x6,2025-05-16,2x6,4,18,265,True,G3_4
central,2x6,2025-05-23,2x6,4,18,240,True,G3_4
central,2x6,2025-05-30,2x6,4,18,235,True,G3_4
central,2x6,2025-06-06,2x6,4,18,220,True,G3_4
central,2x6,2025-06-13,2x6,4,18,215,True,G3_4
central,2x6,2025-06-19,2x6,4,18,210,True,G3_4
central,2x6,2025-06-27,2x6,4,18,200,True,G3_4
central,2x6,2025-07-03,2x6,4,18,200,True,G3_4
central,2x6,2025-07-11,2x6,4,18,190,True,G3_4
central,2x6,2025-07-18,2x6,4,18,190,True,G3_4
central,2x6,2025-07-25,2x6,4,18,190,True,G3_4
central,2x6,2025-08-01,2x6,4,18,190,True,G3_4
central,2x6,2025-08-08,2x6,4,18,185,True,G3_4
central,2x6,2025-08-15,2x6,4,18,185,True,G3_4
central,2x6,2025-08-22,2x6,4,18,180,True,G3_4
central,2x6,2025-08-29,2x6,4,18,175,True,G3_4
central,2x6,2025-09-05,2x6,4,18,175,True,G3_4
central,2x6,2025-09-12,2x6,4,18,170,True,G3_4
central,2x6,2025-09-19,2x6,4,18,170,True,G3_4
central,2x6,2025-09-26,2x6,4,18,170,True,G3_4
central,2x6,2025-10-03,2x6,4,18,170,True,G3_4
central,2x6,2025-10-10,2x6,4,18,170,True,G3_4
central,2x6,2025-10-17,2x6,4,18,180,True,G3_4
central,2x6,2024-01-12,2x6,4,20,145,True,G3_4
central,2x6,2024-01-18,2x6,4,20,145,True,G3_4
central,2x6,2024-01-25,2x6,4,20,145,True,G3_4
central,2x6,2024-02-08,2x6,4,20,145,True,G3_4
central,2x6,2024-02-15,2x6,4,20,150,True,G3_4
central,2x6,2024-02-22,2x6,4,20,150,True,G3_4
central,2x6,2024-02-29,2x6,4,20,155,True,G3_4
central,2x6,2024-03-07,2x6,4,20,165,True,G3_4
central,2x6,2024-03-14,2x6,4,20,165,True,G3_4
central,2x6,2024-03-21,2x6,4,20,165,True,G3_4
central,2x6,2024-03-28,2x6,4,20,165,True,G3_4
central,2x6,2024-04-04,2x6,4,20,165,True,G3_4
central,2x6,2024-04-11,2x6,4,20,170,True,G3_4
central,2x6,2024-04-18,2x6,4,20,170,True,G3_4
central,2x6,2024-04-25,2x6,4,20,165,True,G3_4
central,2x6,2024-05-02,2x6,4,20,165,True,G3_4
central,2x6,2024-05-09,2x6,4,20,170,True,G3_4
central,2x6,2024-05-16,2x6,4,20,170,True,G3_4
central,2x6,2024-05-30,2x6,4,20,175,True,G3_4
central,2x6,2024-06-06,2x6,4,20,175,True,G3_4
central,2x6,2024-06-13,2x6,4,20,170,True,G3_4
central,2x6,2024-06-20,2x6,4,20,165,True,G3_4
central,2x6,2024-06-27,2x6,4,20,160,True,G3_4
central,2x6,2024-07-04,2x6,4,20,160,True,G3_4
central,2x6,2024-07-11,2x6,4,20,160,True,G3_4
central,2x6,2024-07-18,2x6,4,20,165,True,G3_4
central,2x6,2024-07-25,2x6,4,20,165,True,G3_4
central,2x6,2024-08-01,2x6,4,20,165,True,G3_4
central,2x6,2024-08-08,2x6,4,20,165,True,G3_4
central,2x6,2024-08-15,2x6,4,20,165,True,G3_4
central,2x6,2024-08-22,2x6,4,20,170,True,G3_4
central,2x6,2024-08-29,2x6,4,20,170,True,G3_4
central,2x6,2024-09-05,2x6,4,20,170,True,G3_4
central,2x6,2024-09-12,2x6,4,20,170,True,G3_4
central,2x6,2024-09-20,2x6,4,20,175,True,G3_4
central,2x6,2024-09-27,2x6,4,20,175,True,G3_4
central,2x6,2024-10-04,2x6,4,20,175,True,G3_4
central,2x6,2024-10-11,2x6,4,20,180,True,G3_4
central,2x6,2024-10-18,2x6,4,20,195,True,G3_4
central,2x6,2024-10-25,2x6,4,20,200,True,G3_4
central,2x6,2024-11-01,2x6,4,20,215,True,G3_4
central,2x6,2024-11-08,2x6,4,20,220,True,G3_4
central,2x6,2024-11-15,2x6,4,20,220,True,G3_4
central,2x6,2024-11-22,2x6,4,20,220,True,G3_4
central,2x6,2024-11-27,2x6,4,20,220,True,G3_4
central,2x6,2024-12-06,2x6,4,20,220,True,G3_4
central,2x6,2024-12-13,2x6,4,20,220,True,G3_4
central,2x6,2024-12-20,2x6,4,20,225,True,G3_4
central,2x6,2025-01-03,2x6,4,20,230,True,G3_4
central,2x6,2025-01-10,2x6,4,20,235,True,G3_4
central,2x6,2025-01-17,2x6,4,20,245,True,G3_4
central,2x6,2025-01-24,2x6,4,20,250,True,G3_4
central,2x6,2025-01-31,2x6,4,20,260,True,G3_4
central,2x6,2025-02-07,2x6,4,20,260,True,G3_4
central,2x6,2025-02-14,2x6,4,20,275,True,G3_4
central,2x6,2025-02-21,2x6,4,20,285,True,G3_4
central,2x6,2025-02-28,2x6,4,20,300,True,G3_4
central,2x6,2025-03-07,2x6,4,20,305,True,G3_4
central,2x6,2025-03-14,2x6,4,20,305,True,G3_4
central,2x6,2025-03-21,2x6,4,20,305,True,G3_4
central,2x6,2025-03-28,2x6,4,20,305,True,G3_4
central,2x6,2025-04-04,2x6,4,20,305,True,G3_4
central,2x6,2025-04-11,2x6,4,20,310,True,G3_4
central,2x6,2025-04-18,2x6,4,20,310,True,G3_4
central,2x6,2025-04-25,2x6,4,20,310,True,G3_4
central,2x6,2025-05-02,2x6,4,20,310,True,G3_4
central,2x6,2025-05-09,2x6,4,20,295,True,G3_4
central,2x6,2025-05-16,2x6,4,20,265,True,G3_4
central,2x6,2025-05-23,2x6,4,20,240,True,G3_4
central,2x6,2025-05-30,2x6,4,20,235,True,G3_4
central,2x6,2025-06-06,2x6,4,20,220,True,G3_4
central,2x6,2025-06-13,2x6,4,20,215,True,G3_4
central,2x6,2025-06-19,2x6,4,20,210,True,G3_4
central,2x6,2025-06-27,2x6,4,20,200,True,G3_4
central,2x6,2025-07-03,2x6,4,20,200,True,G3_4
central,2x6,2025-07-11,2x6,4,20,190,True,G3_4
central,2x6,2025-07-18,2x6,4,20,190,True,G3_4
central,2x6,2025-07-25,2x6,4,20,190,True,G3_4
central,2x6,2025-08-01,2x6,4,20,190,True,G3_4
central,2x6,2025-08-08,2x6,4,20,185,True,G3_4
central,2x6,2025-08-15,2x6,4,20,185,True,G3_4
central,2x6,2025-08-22,2x6,4,20,180,True,G3_4
central,2x6,2025-08-29,2x6,4,20,175,True,G3_4
central,2x6,2025-09-05,2x6,4,20,175,True,G3_4
central,2x6,2025-09-12,2x6,4,20,170,True,G3_4
central,2x6,2025-09-19,2x6,4,20,170,True,G3_4
central,2x6,2025-09-26,2x6,4,20,170,True,G3_4
central,2x6,2025-10-03,2x6,4,20,170,True,G3_4
central,2x6,2025-10-10,2x6,4,20,170,True,G3_4
central,2x6,2025-10-17,2x6,4,20,180,True,G3_4
central,2x8 #3,2024-01-12,2x8,3,8,235,True,G3_4
central,2x8 #3,2024-01-18,2x8,3,8,240,True,G3_4
central,2x8 #3,2024-01-25,2x8,3,8,235,True,G3_4
central,2x8 #3,2024-02-08,2x8,3,8,235,True,G3_4
central,2x8 #3,2024-02-15,2x8,3,8,240,True,G3_4
central,2x8 #3,2024-02-22,2x8,3,8,245,True,G3_4
central,2x8 #3,2024-02-29,2x8,3,8,245,True,G3_4
central,2x8 #3,2024-03-07,2x8,3,8,250,True,G3_4
central,2x8 #3,2024-03-14,2x8,3,8,255,True,G3_4
central,2x8 #3,2024-03-21,2x8,3,8,255,True,G3_4
central,2x8 #3,2024-03-28,2x8,3,8,255,True,G3_4
central,2x8 #3,2024-04-04,2x8,3,8,255,True,G3_4
central,2x8 #3,2024-04-11,2x8,3,8,250,True,G3_4
central,2x8 #3,2024-04-18,2x8,3,8,250,True,G3_4
central,2x8 #3,2024-04-25,2x8,3,8,250,True,G3_4
central,2x8 #3,2024-05-02,2x8,3,8,250,True,G3_4
central,2x8 #3,2024-05-09,2x8,3,8,250,True,G3_4
central,2x8 #3,2024-05-16,2x8,3,8,255,True,G3_4
central,2x8 #3,2024-05-30,2x8,3,8,255,True,G3_4
central,2x8 #3,2024-06-06,2x8,3,8,255,True,G3_4
central,2x8 #3,2024-06-13,2x8,3,8,250,True,G3_4
central,2x8 #3,2024-06-20,2x8,3,8,245,True,G3_4
central,2x8 #3,2024-06-27,2x8,3,8,240,True,G3_4
central,2x8 #3,2024-07-04,2x8,3,8,235,True,G3_4
central,2x8 #3,2024-07-11,2x8,3,8,235,True,G3_4
central,2x8 #3,2024-07-18,2x8,3,8,235,True,G3_4
central,2x8 #3,2024-07-25,2x8,3,8,235,True,G3_4
central,2x8 #3,2024-08-01,2x8,3,8,235,True,G3_4
central,2x8 #3,2024-08-08,2x8,3,8,235,True,G3_4
central,2x8 #3,2024-08-15,2x8,3,8,235,True,G3_4
central,2x8 #3,2024-08-22,2x8,3,8,235,True,G3_4
central,2x8 #3,2024-08-29,2x8,3,8,235,True,G3_4
central,2x8 #3,2024-09-05,2x8,3,8,230,True,G3_4
central,2x8 #3,2024-09-12,2x8,3,8,230,True,G3_4
central,2x8 #3,2024-09-20,2x8,3,8,230,True,G3_4
central,2x8 #3,2024-09-27,2x8,3,8,230,True,G3_4
central,2x8 #3,2024-10-04,2x8,3,8,230,True,G3_4
central,2x8 #3,2024-10-11,2x8,3,8,235,True,G3_4
central,2x8 #3,2024-10-18,2x8,3,8,250,True,G3_4
central,2x8 #3,2024-10-25,2x8,3,8,260,True,G3_4
central,2x8 #3,2024-11-01,2x8,3,8,270,True,G3_4
central,2x8 #3,2024-11-08,2x8,3,8,270,True,G3_4
central,2x8 #3,2024-11-15,2x8,3,8,265,True,G3_4
central,2x8 #3,2024-11-22,2x8,3,8,255,True,G3_4
central,2x8 #3,2024-11-27,2x8,3,8,255,True,G3_4
central,2x8 #3,2024-12-06,2x8,3,8,255,True,G3_4
central,2x8 #3,2024-12-13,2x8,3,8,255,True,G3_4
central,2x8 #3,2024-12-20,2x8,3,8,255,True,G3_4
central,2x8 #3,2025-01-03,2x8,3,8,260,True,G3_4
central,2x8 #3,2025-01-10,2x8,3,8,260,True,G3_4
central,2x8 #3,2025-01-17,2x8,3,8,265,True,G3_4
central,2x8 #3,2025-01-24,2x8,3,8,265,True,G3_4
central,2x8 #3,2025-01-31,2x8,3,8,270,True,G3_4
central,2x8 #3,2025-02-07,2x8,3,8,280,True,G3_4
central,2x8 #3,2025-02-14,2x8,3,8,285,True,G3_4
central,2x8 #3,2025-02-21,2x8,3,8,290,True,G3_4
central,2x8 #3,2025-02-28,2x8,3,8,300,True,G3_4
central,2x8 #3,2025-03-07,2x8,3,8,300,True,G3_4
central,2x8 #3,2025-03-14,2x8,3,8,300,True,G3_4
central,2x8 #3,2025-03-21,2x8,3,8,305,True,G3_4
central,2x8 #3,2025-03-28,2x8,3,8,305,True,G3_4
central,2x8 #3,2025-04-04,2x8,3,8,305,True,G3_4
central,2x8 #3,2025-04-11,2x8,3,8,305,True,G3_4
central,2x8 #3,2025-04-18,2x8,3,8,305,True,G3_4
central,2x8 #3,2025-04-25,2x8,3,8,310,True,G3_4
central,2x8 #3,2025-05-02,2x8,3,8,310,True,G3_4
central,2x8 #3,2025-05-09,2x8,3,8,300,True,G3_4
central,2x8 #3,2025-05-16,2x8,3,8,290,True,G3_4
central,2x8 #3,2025-05-23,2x8,3,8,280,True,G3_4
central,2x8 #3,2025-05-30,2x8,3,8,270,True,G3_4
central,2x8 #3,2025-06-06,2x8,3,8,260,True,G3_4
central,2x8 #3,2025-06-13,2x8,3,8,255,True,G3_4
central,2x8 #3,2025-06-19,2x8,3,8,250,True,G3_4
central,2x8 #3,2025-06-27,2x8,3,8,250,True,G3_4
central,2x8 #3,2025-07-03,2x8,3,8,245,True,G3_4
central,2x8 #3,2025-07-11,2x8,3,8,240,True,G3_4
central,2x8 #3,2025-07-18,2x8,3,8,240,True,G3_4
central,2x8 #3,2025-07-25,2x8,3,8,240,True,G3_4
central,2x8 #3,2025-08-01,2x8,3,8,240,True,G3_4
central,2x8 #3,2025-08-08,2x8,3,8,235,True,G3_4
central,2x8 #3,2025-08-15,2x8,3,8,235,True,G3_4
central,2x8 #3,2025-08-22,2x8,3,8,235,True,G3_4
central,2x8 #3,2025-08-29,2x8,3,8,230,True,G3_4
central,2x8 #3,2025-09-05,2x8,3,8,225,True,G3_4
central,2x8 #3,2025-09-12,2x8,3,8,225,True,G3_4
central,2x8 #3,2025-09-19,2x8,3,8,225,True,G3_4
central,2x8 #3,2025-09-26,2x8,3,8,225,True,G3_4
central,2x8 #3,2025-10-03,2x8,3,8,225,True,G3_4
central,2x8 #3,2025-10-10,2x8,3,8,230,True,G3_4
central,2x8 #3,2025-10-17,2x8,3,8,235,True,G3_4
central,2x8 #3,2024-01-12,2x8,3,10,235,True,G3_4
central,2x8 #3,2024-01-18,2x8,3,10,240,True,G3_4
central,2x8 #3,2024-01-25,2x8,3,10,235,True,G3_4
central,2x8 #3,2024-02-08,2x8,3,10,235,True,G3_4
central,2x8 #3,2024-02-15,2x8,3,10,240,True,G3_4
central,2x8 #3,2024-02-22,2x8,3,10,245,True,G3_4
central,2x8 #3,2024-02-29,2x8,3,10,245,True,G3_4
central,2x8 #3,2024-03-07,2x8,3,10,250,True,G3_4
central,2x8 #3,2024-03-14,2x8,3,10,255,True,G3_4
central,2x8 #3,2024-03-21,2x8,3,10,255,True,G3_4
central,2x8 #3,2024-03-28,2x8,3,10,255,True,G3_4
central,2x8 #3,2024-04-04,2x8,3,10,255,True,G3_4
central,2x8 #3,2024-04-11,2x8,3,10,250,True,G3_4
central,2x8 #3,2024-04-18,2x8,3,10,250,True,G3_4
central,2x8 #3,2024-04-25,2x8,3,10,250,True,G3_4
central,2x8 #3,2024-05-02,2x8,3,10,250,True,G3_4
central,2x8 #3,2024-05-09,2x8,3,10,250,True,G3_4
central,2x8 #3,2024-05-16,2x8,3,10,255,True,G3_4
central,2x8 #3,2024-05-30,2x8,3,10,255,True,G3_4
central,2x8 #3,2024-06-06,2x8,3,10,255,True,G3_4
central,2x8 #3,2024-06-13,2x8,3,10,250,True,G3_4
central,2x8 #3,2024-06-20,2x8,3,10,245,True,G3_4
central,2x8 #3,2024-06-27,2x8,3,10,240,True,G3_4
central,2x8 #3,2024-07-04,2x8,3,10,235,True,G3_4
central,2x8 #3,2024-07-11,2x8,3,10,235,True,G3_4
central,2x8 #3,2024-07-18,2x8,3,10,235,True,G3_4
central,2x8 #3,2024-07-25,2x8,3,10,235,True,G3_4
central,2x8 #3,2024-08-01,2x8,3,10,235,True,G3_4
central,2x8 #3,2024-08-08,2x8,3,10,235,True,G3_4
central,2x8 #3,2024-08-15,2x8,3,10,235,True,G3_4
central,2x8 #3,2024-08-22,2x8,3,10,235,True,G3_4
central,2x8 #3,2024-08-29,2x8,3,10,235,True,G3_4
central,2x8 #3,2024-09-05,2x8,3,10,230,True,G3_4
central,2x8 #3,2024-09-12,2x8,3,10,230,True,G3_4
central,2x8 #3,2024-09-20,2x8,3,10,230,True,G3_4
central,2x8 #3,2024-09-27,2x8,3,10,230,True,G3_4
central,2x8 #3,2024-10-04,2x8,3,10,230,True,G3_4
central,2x8 #3,2024-10-11,2x8,3,10,235,True,G3_4
central,2x8 #3,2024-10-18,2x8,3,10,250,True,G3_4
central,2x8 #3,2024-10-25,2x8,3,10,260,True,G3_4
central,2x8 #3,2024-11-01,2x8,3,10,270,True,G3_4
central,2x8 #3,2024-11-08,2x8,3,10,270,True,G3_4
central,2x8 #3,2024-11-15,2x8,3,10,265,True,G3_4
central,2x8 #3,2024-11-22,2x8,3,10,255,True,G3_4
central,2x8 #3,2024-11-27,2x8,3,10,255,True,G3_4
central,2x8 #3,2024-12-06,2x8,3,10,255,True,G3_4
central,2x8 #3,2024-12-13,2x8,3,10,255,True,G3_4
central,2x8 #3,2024-12-20,2x8,3,10,255,True,G3_4
central,2x8 #3,2025-01-03,2x8,3,10,260,True,G3_4
central,2x8 #3,2025-01-10,2x8,3,10,260,True,G3_4
central,2x8 #3,2025-01-17,2x8,3,10,265,True,G3_4
central,2x8 #3,2025-01-24,2x8,3,10,265,True,G3_4
central,2x8 #3,2025-01-31,2x8,3,10,270,True,G3_4
central,2x8 #3,2025-02-07,2x8,3,10,280,True,G3_4
central,2x8 #3,2025-02-14,2x8,3,10,285,True,G3_4
central,2x8 #3,2025-02-21,2x8,3,10,290,True,G3_4
central,2x8 #3,2025-02-28,2x8,3,10,300,True,G3_4
central,2x8 #3,2025-03-07,2x8,3,10,300,True,G3_4
central,2x8 #3,2025-03-14,2x8,3,10,300,True,G3_4
central,2x8 #3,2025-03-21,2x8,3,10,305,True,G3_4
central,2x8 #3,2025-03-28,2x8,3,10,305,True,G3_4
central,2x8 #3,2025-04-04,2x8,3,10,305,True,G3_4
central,2x8 #3,2025-04-11,2x8,3,10,305,True,G3_4
central,2x8 #3,2025-04-18,2x8,3,10,305,True,G3_4
central,2x8 #3,2025-04-25,2x8,3,10,310,True,G3_4
central,2x8 #3,2025-05-02,2x8,3,10,310,True,G3_4
central,2x8 #3,2025-05-09,2x8,3,10,300,True,G3_4
central,2x8 #3,2025-05-16,2x8,3,10,290,True,G3_4
central,2x8 #3,2025-05-23,2x8,3,10,280,True,G3_4
central,2x8 #3,2025-05-30,2x8,3,10,270,True,G3_4
central,2x8 #3,2025-06-06,2x8,3,10,260,True,G3_4
central,2x8 #3,2025-06-13,2x8,3,10,255,True,G3_4
central,2x8 #3,2025-06-19,2x8,3,10,250,True,G3_4
central,2x8 #3,2025-06-27,2x8,3,10,250,True,G3_4
central,2x8 #3,2025-07-03,2x8,3,10,245,True,G3_4
central,2x8 #3,2025-07-11,2x8,3,10,240,True,G3_4
central,2x8 #3,2025-07-18,2x8,3,10,240,True,G3_4
central,2x8 #3,2025-07-25,2x8,3,10,240,True,G3_4
central,2x8 #3,2025-08-01,2x8,3,10,240,True,G3_4
central,2x8 #3,2025-08-08,2x8,3,10,235,True,G3_4
central,2x8 #3,2025-08-15,2x8,3,10,235,True,G3_4
central,2x8 #3,2025-08-22,2x8,3,10,235,True,G3_4
central,2x8 #3,2025-08-29,2x8,3,10,230,True,G3_4
central,2x8 #3,2025-09-05,2x8,3,10,225,True,G3_4
central,2x8 #3,2025-09-12,2x8,3,10,225,True,G3_4
central,2x8 #3,2025-09-19,2x8,3,10,225,True,G3_4
central,2x8 #3,2025-09-26,2x8,3,10,225,True,G3_4
central,2x8 #3,2025-10-03,2x8,3,10,225,True,G3_4
central,2x8 #3,2025-10-10,2x8,3,10,230,True,G3_4
central,2x8 #3,2025-10-17,2x8,3,10,235,True,G3_4
central,2x8 #3,2024-01-12,2x8,3,12,235,True,G3_4
central,2x8 #3,2024-01-18,2x8,3,12,240,True,G3_4
central,2x8 #3,2024-01-25,2x8,3,12,235,True,G3_4
central,2x8 #3,2024-02-08,2x8,3,12,235,True,G3_4
central,2x8 #3,2024-02-15,2x8,3,12,240,True,G3_4
central,2x8 #3,2024-02-22,2x8,3,12,245,True,G3_4
central,2x8 #3,2024-02-29,2x8,3,12,245,True,G3_4
central,2x8 #3,2024-03-07,2x8,3,12,250,True,G3_4
central,2x8 #3,2024-03-14,2x8,3,12,255,True,G3_4
central,2x8 #3,2024-03-21,2x8,3,12,255,True,G3_4
central,2x8 #3,2024-03-28,2x8,3,12,255,True,G3_4
central,2x8 #3,2024-04-04,2x8,3,12,255,True,G3_4
central,2x8 #3,2024-04-11,2x8,3,12,250,True,G3_4
central,2x8 #3,2024-04-18,2x8,3,12,250,True,G3_4
central,2x8 #3,2024-04-25,2x8,3,12,250,True,G3_4
central,2x8 #3,2024-05-02,2x8,3,12,250,True,G3_4
central,2x8 #3,2024-05-09,2x8,3,12,250,True,G3_4
central,2x8 #3,2024-05-16,2x8,3,12,255,True,G3_4
central,2x8 #3,2024-05-30,2x8,3,12,255,True,G3_4
central,2x8 #3,2024-06-06,2x8,3,12,255,True,G3_4
central,2x8 #3,2024-06-13,2x8,3,12,250,True,G3_4
central,2x8 #3,2024-06-20,2x8,3,12,245,True,G3_4
central,2x8 #3,2024-06-27,2x8,3,12,240,True,G3_4
central,2x8 #3,2024-07-04,2x8,3,12,235,True,G3_4
central,2x8 #3,2024-07-11,2x8,3,12,235,True,G3_4
central,2x8 #3,2024-07-18,2x8,3,12,235,True,G3_4
central,2x8 #3,2024-07-25,2x8,3,12,235,True,G3_4
central,2x8 #3,2024-08-01,2x8,3,12,235,True,G3_4
central,2x8 #3,2024-08-08,2x8,3,12,235,True,G3_4
central,2x8 #3,2024-08-15,2x8,3,12,235,True,G3_4
central,2x8 #3,2024-08-22,2x8,3,12,235,True,G3_4
central,2x8 #3,2024-08-29,2x8,3,12,235,True,G3_4
central,2x8 #3,2024-09-05,2x8,3,12,230,True,G3_4
central,2x8 #3,2024-09-12,2x8,3,12,230,True,G3_4
central,2x8 #3,2024-09-20,2x8,3,12,230,True,G3_4
central,2x8 #3,2024-09-27,2x8,3,12,230,True,G3_4
central,2x8 #3,2024-10-04,2x8,3,12,230,True,G3_4
central,2x8 #3,2024-10-11,2x8,3,12,235,True,G3_4
central,2x8 #3,2024-10-18,2x8,3,12,250,True,G3_4
central,2x8 #3,2024-10-25,2x8,3,12,260,True,G3_4
central,2x8 #3,2024-11-01,2x8,3,12,270,True,G3_4
central,2x8 #3,2024-11-08,2x8,3,12,270,True,G3_4
central,2x8 #3,2024-11-15,2x8,3,12,265,True,G3_4
central,2x8 #3,2024-11-22,2x8,3,12,255,True,G3_4
central,2x8 #3,2024-11-27,2x8,3,12,255,True,G3_4
central,2x8 #3,2024-12-06,2x8,3,12,255,True,G3_4
central,2x8 #3,2024-12-13,2x8,3,12,255,True,G3_4
central,2x8 #3,2024-12-20,2x8,3,12,255,True,G3_4
central,2x8 #3,2025-01-03,2x8,3,12,260,True,G3_4
central,2x8 #3,2025-01-10,2x8,3,12,260,True,G3_4
central,2x8 #3,2025-01-17,2x8,3,12,265,True,G3_4
central,2x8 #3,2025-01-24,2x8,3,12,265,True,G3_4
central,2x8 #3,2025-01-31,2x8,3,12,270,True,G3_4
central,2x8 #3,2025-02-07,2x8,3,12,280,True,G3_4
central,2x8 #3,2025-02-14,2x8,3,12,285,True,G3_4
central,2x8 #3,2025-02-21,2x8,3,12,290,True,G3_4
central,2x8 #3,2025-02-28,2x8,3,12,300,True,G3_4
central,2x8 #3,2025-03-07,2x8,3,12,300,True,G3_4
central,2x8 #3,2025-03-14,2x8,3,12,300,True,G3_4
central,2x8 #3,2025-03-21,2x8,3,12,305,True,G3_4
central,2x8 #3,2025-03-28,2x8,3,12,305,True,G3_4
central,2x8 #3,2025-04-04,2x8,3,12,305,True,G3_4
central,2x8 #3,2025-04-11,2x8,3,12,305,True,G3_4
central,2x8 #3,2025-04-18,2x8,3,12,305,True,G3_4
central,2x8 #3,2025-04-25,2x8,3,12,310,True,G3_4
central,2x8 #3,2025-05-02,2x8,3,12,310,True,G3_4
central,2x8 #3,2025-05-09,2x8,3,12,300,True,G3_4
central,2x8 #3,2025-05-16,2x8,3,12,290,True,G3_4
central,2x8 #3,2025-05-23,2x8,3,12,280,True,G3_4
central,2x8 #3,2025-05-30,2x8,3,12,270,True,G3_4
central,2x8 #3,2025-06-06,2x8,3,12,260,True,G3_4
central,2x8 #3,2025-06-13,2x8,3,12,255,True,G3_4
central,2x8 #3,2025-06-19,2x8,3,12,250,True,G3_4
central,2x8 #3,2025-06-27,2x8,3,12,250,True,G3_4
central,2x8 #3,2025-07-03,2x8,3,12,245,True,G3_4
central,2x8 #3,2025-07-11,2x8,3,12,240,True,G3_4
central,2x8 #3,2025-07-18,2x8,3,12,240,True,G3_4
central,2x8 #3,2025-07-25,2x8,3,12,240,True,G3_4
central,2x8 #3,2025-08-01,2x8,3,12,240,True,G3_4
central,2x8 #3,2025-08-08,2x8,3,12,235,True,G3_4
central,2x8 #3,2025-08-15,2x8,3,12,235,True,G3_4
central,2x8 #3,2025-08-22,2x8,3,12,235,True,G3_4
central,2x8 #3,2025-08-29,2x8,3,12,230,True,G3_4
central,2x8 #3,2025-09-05,2x8,3,12,225,True,G3_4
central,2x8 #3,2025-09-12,2x8,3,12,225,True,G3_4
central,2x8 #3,2025-09-19,2x8,3,12,225,True,G3_4
central,2x8 #3,2025-09-26,2x8,3,12,225,True,G3_4
central,2x8 #3,2025-10-03,2x8,3,12,225,True,G3_4
central,2x8 #3,2025-10-10,2x8,3,12,230,True,G3_4
central,2x8 #3,2025-10-17,2x8,3,12,235,True,G3_4
central,2x8 #3,2024-01-12,2x8,3,14,235,True,G3_4
central,2x8 #3,2024-01-18,2x8,3,14,240,True,G3_4
central,2x8 #3,2024-01-25,2x8,3,14,235,True,G3_4
central,2x8 #3,2024-02-08,2x8,3,14,235,True,G3_4
central,2x8 #3,2024-02-15,2x8,3,14,240,True,G3_4
central,2x8 #3,2024-02-22,2x8,3,14,245,True,G3_4
central,2x8 #3,2024-02-29,2x8,3,14,245,True,G3_4
central,2x8 #3,2024-03-07,2x8,3,14,250,True,G3_4
central,2x8 #3,2024-03-14,2x8,3,14,255,True,G3_4
central,2x8 #3,2024-03-21,2x8,3,14,255,True,G3_4
central,2x8 #3,2024-03-28,2x8,3,14,255,True,G3_4
central,2x8 #3,2024-04-04,2x8,3,14,255,True,G3_4
central,2x8 #3,2024-04-11,2x8,3,14,250,True,G3_4
central,2x8 #3,2024-04-18,2x8,3,14,250,True,G3_4
central,2x8 #3,2024-04-25,2x8,3,14,250,True,G3_4
central,2x8 #3,2024-05-02,2x8,3,14,250,True,G3_4
central,2x8 #3,2024-05-09,2x8,3,14,250,True,G3_4
central,2x8 #3,2024-05-16,2x8,3,14,255,True,G3_4
central,2x8 #3,2024-05-30,2x8,3,14,255,True,G3_4
central,2x8 #3,2024-06-06,2x8,3,14,255,True,G3_4
central,2x8 #3,2024-06-13,2x8,3,14,250,True,G3_4
central,2x8 #3,2024-06-20,2x8,3,14,245,True,G3_4
central,2x8 #3,2024-06-27,2x8,3,14,240,True,G3_4
central,2x8 #3,2024-07-04,2x8,3,14,235,True,G3_4
central,2x8 #3,2024-07-11,2x8,3,14,235,True,G3_4
central,2x8 #3,2024-07-18,2x8,3,14,235,True,G3_4
central,2x8 #3,2024-07-25,2x8,3,14,235,True,G3_4
central,2x8 #3,2024-08-01,2x8,3,14,235,True,G3_4
central,2x8 #3,2024-08-08,2x8,3,14,235,True,G3_4
central,2x8 #3,2024-08-15,2x8,3,14,235,True,G3_4
central,2x8 #3,2024-08-22,2x8,3,14,235,True,G3_4
central,2x8 #3,2024-08-29,2x8,3,14,235,True,G3_4
central,2x8 #3,2024-09-05,2x8,3,14,230,True,G3_4
central,2x8 #3,2024-09-12,2x8,3,14,230,True,G3_4
central,2x8 #3,2024-09-20,2x8,3,14,230,True,G3_4
central,2x8 #3,2024-09-27,2x8,3,14,230,True,G3_4
central,2x8 #3,2024-10-04,2x8,3,14,230,True,G3_4
central,2x8 #3,2024-10-11,2x8,3,14,235,True,G3_4
central,2x8 #3,2024-10-18,2x8,3,14,250,True,G3_4
central,2x8 #3,2024-10-25,2x8,3,14,260,True,G3_4
central,2x8 #3,2024-11-01,2x8,3,14,270,True,G3_4
central,2x8 #3,2024-11-08,2x8,3,14,270,True,G3_4
central,2x8 #3,2024-11-15,2x8,3,14,265,True,G3_4
central,2x8 #3,2024-11-22,2x8,3,14,255,True,G3_4
central,2x8 #3,2024-11-27,2x8,3,14,255,True,G3_4
central,2x8 #3,2024-12-06,2x8,3,14,255,True,G3_4
central,2x8 #3,2024-12-13,2x8,3,14,255,True,G3_4
central,2x8 #3,2024-12-20,2x8,3,14,255,True,G3_4
central,2x8 #3,2025-01-03,2x8,3,14,260,True,G3_4
central,2x8 #3,2025-01-10,2x8,3,14,260,True,G3_4
central,2x8 #3,2025-01-17,2x8,3,14,265,True,G3_4
central,2x8 #3,2025-01-24,2x8,3,14,265,True,G3_4
central,2x8 #3,2025-01-31,2x8,3,14,270,True,G3_4
central,2x8 #3,2025-02-07,2x8,3,14,280,True,G3_4
central,2x8 #3,2025-02-14,2x8,3,14,285,True,G3_4
central,2x8 #3,2025-02-21,2x8,3,14,290,True,G3_4
central,2x8 #3,2025-02-28,2x8,3,14,300,True,G3_4
central,2x8 #3,2025-03-07,2x8,3,14,300,True,G3_4
central,2x8 #3,2025-03-14,2x8,3,14,300,True,G3_4
central,2x8 #3,2025-03-21,2x8,3,14,305,True,G3_4
central,2x8 #3,2025-03-28,2x8,3,14,305,True,G3_4
central,2x8 #3,2025-04-04,2x8,3,14,305,True,G3_4
central,2x8 #3,2025-04-11,2x8,3,14,305,True,G3_4
central,2x8 #3,2025-04-18,2x8,3,14,305,True,G3_4
central,2x8 #3,2025-04-25,2x8,3,14,310,True,G3_4
central,2x8 #3,2025-05-02,2x8,3,14,310,True,G3_4
central,2x8 #3,2025-05-09,2x8,3,14,300,True,G3_4
central,2x8 #3,2025-05-16,2x8,3,14,290,True,G3_4
central,2x8 #3,2025-05-23,2x8,3,14,280,True,G3_4
central,2x8 #3,2025-05-30,2x8,3,14,270,True,G3_4
central,2x8 #3,2025-06-06,2x8,3,14,260,True,G3_4
central,2x8 #3,2025-06-13,2x8,3,14,255,True,G3_4
central,2x8 #3,2025-06-19,2x8,3,14,250,True,G3_4
central,2x8 #3,2025-06-27,2x8,3,14,250,True,G3_4
central,2x8 #3,2025-07-03,2x8,3,14,245,True,G3_4
central,2x8 #3,2025-07-11,2x8,3,14,240,True,G3_4
central,2x8 #3,2025-07-18,2x8,3,14,240,True,G3_4
central,2x8 #3,2025-07-25,2x8,3,14,240,True,G3_4
central,2x8 #3,2025-08-01,2x8,3,14,240,True,G3_4
central,2x8 #3,2025-08-08,2x8,3,14,235,True,G3_4
central,2x8 #3,2025-08-15,2x8,3,14,235,True,G3_4
central,2x8 #3,2025-08-22,2x8,3,14,235,True,G3_4
central,2x8 #3,2025-08-29,2x8,3,14,230,True,G3_4
central,2x8 #3,2025-09-05,2x8,3,14,225,True,G3_4
central,2x8 #3,2025-09-12,2x8,3,14,225,True,G3_4
central,2x8 #3,2025-09-19,2x8,3,14,225,True,G3_4
central,2x8 #3,2025-09-26,2x8,3,14,225,True,G3_4
central,2x8 #3,2025-10-03,2x8,3,14,225,True,G3_4
central,2x8 #3,2025-10-10,2x8,3,14,230,True,G3_4
central,2x8 #3,2025-10-17,2x8,3,14,235,True,G3_4
central,2x8 #3,2024-01-12,2x8,3,16,235,True,G3_4
central,2x8 #3,2024-01-18,2x8,3,16,240,True,G3_4
central,2x8 #3,2024-01-25,2x8,3,16,235,True,G3_4
central,2x8 #3,2024-02-08,2x8,3,16,235,True,G3_4
central,2x8 #3,2024-02-15,2x8,3,16,240,True,G3_4
central,2x8 #3,2024-02-22,2x8,3,16,245,True,G3_4
central,2x8 #3,2024-02-29,2x8,3,16,245,True,G3_4
central,2x8 #3,2024-03-07,2x8,3,16,250,True,G3_4
central,2x8 #3,2024-03-14,2x8,3,16,255,True,G3_4
central,2x8 #3,2024-03-21,2x8,3,16,255,True,G3_4
central,2x8 #3,2024-03-28,2x8,3,16,255,True,G3_4
central,2x8 #3,2024-04-04,2x8,3,16,255,True,G3_4
central,2x8 #3,2024-04-11,2x8,3,16,250,True,G3_4
central,2x8 #3,2024-04-18,2x8,3,16,250,True,G3_4
central,2x8 #3,2024-04-25,2x8,3,16,250,True,G3_4
central,2x8 #3,2024-05-02,2x8,3,16,250,True,G3_4
central,2x8 #3,2024-05-09,2x8,3,16,250,True,G3_4
central,2x8 #3,2024-05-16,2x8,3,16,255,True,G3_4
central,2x8 #3,2024-05-30,2x8,3,16,255,True,G3_4
central,2x8 #3,2024-06-06,2x8,3,16,255,True,G3_4
central,2x8 #3,2024-06-13,2x8,3,16,250,True,G3_4
central,2x8 #3,2024-06-20,2x8,3,16,245,True,G3_4
central,2x8 #3,2024-06-27,2x8,3,16,240,True,G3_4
central,2x8 #3,2024-07-04,2x8,3,16,235,True,G3_4
central,2x8 #3,2024-07-11,2x8,3,16,235,True,G3_4
central,2x8 #3,2024-07-18,2x8,3,16,235,True,G3_4
central,2x8 #3,2024-07-25,2x8,3,16,235,True,G3_4
central,2x8 #3,2024-08-01,2x8,3,16,235,True,G3_4
central,2x8 #3,2024-08-08,2x8,3,16,235,True,G3_4
central,2x8 #3,2024-08-15,2x8,3,16,235,True,G3_4
central,2x8 #3,2024-08-22,2x8,3,16,235,True,G3_4
central,2x8 #3,2024-08-29,2x8,3,16,235,True,G3_4
central,2x8 #3,2024-09-05,2x8,3,16,230,True,G3_4
central,2x8 #3,2024-09-12,2x8,3,16,230,True,G3_4
central,2x8 #3,2024-09-20,2x8,3,16,230,True,G3_4
central,2x8 #3,2024-09-27,2x8,3,16,230,True,G3_4
central,2x8 #3,2024-10-04,2x8,3,16,230,True,G3_4
central,2x8 #3,2024-10-11,2x8,3,16,235,True,G3_4
central,2x8 #3,2024-10-18,2x8,3,16,250,True,G3_4
central,2x8 #3,2024-10-25,2x8,3,16,260,True,G3_4
central,2x8 #3,2024-11-01,2x8,3,16,270,True,G3_4
central,2x8 #3,2024-11-08,2x8,3,16,270,True,G3_4
central,2x8 #3,2024-11-15,2x8,3,16,265,True,G3_4
central,2x8 #3,2024-11-22,2x8,3,16,255,True,G3_4
central,2x8 #3,2024-11-27,2x8,3,16,255,True,G3_4
central,2x8 #3,2024-12-06,2x8,3,16,255,True,G3_4
central,2x8 #3,2024-12-13,2x8,3,16,255,True,G3_4
central,2x8 #3,2024-12-20,2x8,3,16,255,True,G3_4
central,2x8 #3,2025-01-03,2x8,3,16,260,True,G3_4
central,2x8 #3,2025-01-10,2x8,3,16,260,True,G3_4
central,2x8 #3,2025-01-17,2x8,3,16,265,True,G3_4
central,2x8 #3,2025-01-24,2x8,3,16,265,True,G3_4
central,2x8 #3,2025-01-31,2x8,3,16,270,True,G3_4
central,2x8 #3,2025-02-07,2x8,3,16,280,True,G3_4
central,2x8 #3,2025-02-14,2x8,3,16,285,True,G3_4
central,2x8 #3,2025-02-21,2x8,3,16,290,True,G3_4
central,2x8 #3,2025-02-28,2x8,3,16,300,True,G3_4
central,2x8 #3,2025-03-07,2x8,3,16,300,True,G3_4
central,2x8 #3,2025-03-14,2x8,3,16,300,True,G3_4
central,2x8 #3,2025-03-21,2x8,3,16,305,True,G3_4
central,2x8 #3,2025-03-28,2x8,3,16,305,True,G3_4
central,2x8 #3,2025-04-04,2x8,3,16,305,True,G3_4
central,2x8 #3,2025-04-11,2x8,3,16,305,True,G3_4
central,2x8 #3,2025-04-18,2x8,3,16,305,True,G3_4
central,2x8 #3,2025-04-25,2x8,3,16,310,True,G3_4
central,2x8 #3,2025-05-02,2x8,3,16,310,True,G3_4
central,2x8 #3,2025-05-09,2x8,3,16,300,True,G3_4
central,2x8 #3,2025-05-16,2x8,3,16,290,True,G3_4
central,2x8 #3,2025-05-23,2x8,3,16,280,True,G3_4
central,2x8 #3,2025-05-30,2x8,3,16,270,True,G3_4
central,2x8 #3,2025-06-06,2x8,3,16,260,True,G3_4
central,2x8 #3,2025-06-13,2x8,3,16,255,True,G3_4
central,2x8 #3,2025-06-19,2x8,3,16,250,True,G3_4
central,2x8 #3,2025-06-27,2x8,3,16,250,True,G3_4
central,2x8 #3,2025-07-03,2x8,3,16,245,True,G3_4
central,2x8 #3,2025-07-11,2x8,3,16,240,True,G3_4
central,2x8 #3,2025-07-18,2x8,3,16,240,True,G3_4
central,2x8 #3,2025-07-25,2x8,3,16,240,True,G3_4
central,2x8 #3,2025-08-01,2x8,3,16,240,True,G3_4
central,2x8 #3,2025-08-08,2x8,3,16,235,True,G3_4
central,2x8 #3,2025-08-15,2x8,3,16,235,True,G3_4
central,2x8 #3,2025-08-22,2x8,3,16,235,True,G3_4
central,2x8 #3,2025-08-29,2x8,3,16,230,True,G3_4
central,2x8 #3,2025-09-05,2x8,3,16,225,True,G3_4
central,2x8 #3,2025-09-12,2x8,3,16,225,True,G3_4
central,2x8 #3,2025-09-19,2x8,3,16,225,True,G3_4
central,2x8 #3,2025-09-26,2x8,3,16,225,True,G3_4
central,2x8 #3,2025-10-03,2x8,3,16,225,True,G3_4
central,2x8 #3,2025-10-10,2x8,3,16,230,True,G3_4
central,2x8 #3,2025-10-17,2x8,3,16,235,True,G3_4
central,2x8 #3,2024-01-12,2x8,3,18,235,True,G3_4
central,2x8 #3,2024-01-18,2x8,3,18,240,True,G3_4
central,2x8 #3,2024-01-25,2x8,3,18,235,True,G3_4
central,2x8 #3,2024-02-08,2x8,3,18,235,True,G3_4
central,2x8 #3,2024-02-15,2x8,3,18,240,True,G3_4
central,2x8 #3,2024-02-22,2x8,3,18,245,True,G3_4
central,2x8 #3,2024-02-29,2x8,3,18,245,True,G3_4
central,2x8 #3,2024-03-07,2x8,3,18,250,True,G3_4
central,2x8 #3,2024-03-14,2x8,3,18,255,True,G3_4
central,2x8 #3,2024-03-21,2x8,3,18,255,True,G3_4
central,2x8 #3,2024-03-28,2x8,3,18,255,True,G3_4
central,2x8 #3,2024-04-04,2x8,3,18,255,True,G3_4
central,2x8 #3,2024-04-11,2x8,3,18,250,True,G3_4
central,2x8 #3,2024-04-18,2x8,3,18,250,True,G3_4
central,2x8 #3,2024-04-25,2x8,3,18,250,True,G3_4
central,2x8 #3,2024-05-02,2x8,3,18,250,True,G3_4
central,2x8 #3,2024-05-09,2x8,3,18,250,True,G3_4
central,2x8 #3,2024-05-16,2x8,3,18,255,True,G3_4
central,2x8 #3,2024-05-30,2x8,3,18,255,True,G3_4
central,2x8 #3,2024-06-06,2x8,3,18,255,True,G3_4
central,2x8 #3,2024-06-13,2x8,3,18,250,True,G3_4
central,2x8 #3,2024-06-20,2x8,3,18,245,True,G3_4
central,2x8 #3,2024-06-27,2x8,3,18,240,True,G3_4
central,2x8 #3,2024-07-04,2x8,3,18,235,True,G3_4
central,2x8 #3,2024-07-11,2x8,3,18,235,True,G3_4
central,2x8 #3,2024-07-18,2x8,3,18,235,True,G3_4
central,2x8 #3,2024-07-25,2x8,3,18,235,True,G3_4
central,2x8 #3,2024-08-01,2x8,3,18,235,True,G3_4
central,2x8 #3,2024-08-08,2x8,3,18,235,True,G3_4
central,2x8 #3,2024-08-15,2x8,3,18,235,True,G3_4
central,2x8 #3,2024-08-22,2x8,3,18,235,True,G3_4
central,2x8 #3,2024-08-29,2x8,3,18,235,True,G3_4
central,2x8 #3,2024-09-05,2x8,3,18,230,True,G3_4
central,2x8 #3,2024-09-12,2x8,3,18,230,True,G3_4
central,2x8 #3,2024-09-20,2x8,3,18,230,True,G3_4
central,2x8 #3,2024-09-27,2x8,3,18,230,True,G3_4
central,2x8 #3,2024-10-04,2x8,3,18,230,True,G3_4
central,2x8 #3,2024-10-11,2x8,3,18,235,True,G3_4
central,2x8 #3,2024-10-18,2x8,3,18,250,True,G3_4
central,2x8 #3,2024-10-25,2x8,3,18,260,True,G3_4
central,2x8 #3,2024-11-01,2x8,3,18,270,True,G3_4
central,2x8 #3,2024-11-08,2x8,3,18,270,True,G3_4
central,2x8 #3,2024-11-15,2x8,3,18,265,True,G3_4
central,2x8 #3,2024-11-22,2x8,3,18,255,True,G3_4
central,2x8 #3,2024-11-27,2x8,3,18,255,True,G3_4
central,2x8 #3,2024-12-06,2x8,3,18,255,True,G3_4
central,2x8 #3,2024-12-13,2x8,3,18,255,True,G3_4
central,2x8 #3,2024-12-20,2x8,3,18,255,True,G3_4
central,2x8 #3,2025-01-03,2x8,3,18,260,True,G3_4
central,2x8 #3,2025-01-10,2x8,3,18,260,True,G3_4
central,2x8 #3,2025-01-17,2x8,3,18,265,True,G3_4
central,2x8 #3,2025-01-24,2x8,3,18,265,True,G3_4
central,2x8 #3,2025-01-31,2x8,3,18,270,True,G3_4
central,2x8 #3,2025-02-07,2x8,3,18,280,True,G3_4
central,2x8 #3,2025-02-14,2x8,3,18,285,True,G3_4
central,2x8 #3,2025-02-21,2x8,3,18,290,True,G3_4
central,2x8 #3,2025-02-28,2x8,3,18,300,True,G3_4
central,2x8 #3,2025-03-07,2x8,3,18,300,True,G3_4
central,2x8 #3,2025-03-14,2x8,3,18,300,True,G3_4
central,2x8 #3,2025-03-21,2x8,3,18,305,True,G3_4
central,2x8 #3,2025-03-28,2x8,3,18,305,True,G3_4
central,2x8 #3,2025-04-04,2x8,3,18,305,True,G3_4
central,2x8 #3,2025-04-11,2x8,3,18,305,True,G3_4
central,2x8 #3,2025-04-18,2x8,3,18,305,True,G3_4
central,2x8 #3,2025-04-25,2x8,3,18,310,True,G3_4
central,2x8 #3,2025-05-02,2x8,3,18,310,True,G3_4
central,2x8 #3,2025-05-09,2x8,3,18,300,True,G3_4
central,2x8 #3,2025-05-16,2x8,3,18,290,True,G3_4
central,2x8 #3,2025-05-23,2x8,3,18,280,True,G3_4
central,2x8 #3,2025-05-30,2x8,3,18,270,True,G3_4
central,2x8 #3,2025-06-06,2x8,3,18,260,True,G3_4
central,2x8 #3,2025-06-13,2x8,3,18,255,True,G3_4
central,2x8 #3,2025-06-19,2x8,3,18,250,True,G3_4
central,2x8 #3,2025-06-27,2x8,3,18,250,True,G3_4
central,2x8 #3,2025-07-03,2x8,3,18,245,True,G3_4
central,2x8 #3,2025-07-11,2x8,3,18,240,True,G3_4
central,2x8 #3,2025-07-18,2x8,3,18,240,True,G3_4
central,2x8 #3,2025-07-25,2x8,3,18,240,True,G3_4
central,2x8 #3,2025-08-01,2x8,3,18,240,True,G3_4
central,2x8 #3,2025-08-08,2x8,3,18,235,True,G3_4
central,2x8 #3,2025-08-15,2x8,3,18,235,True,G3_4
central,2x8 #3,2025-08-22,2x8,3,18,235,True,G3_4
central,2x8 #3,2025-08-29,2x8,3,18,230,True,G3_4
central,2x8 #3,2025-09-05,2x8,3,18,225,True,G3_4
central,2x8 #3,2025-09-12,2x8,3,18,225,True,G3_4
central,2x8 #3,2025-09-19,2x8,3,18,225,True,G3_4
central,2x8 #3,2025-09-26,2x8,3,18,225,True,G3_4
central,2x8 #3,2025-10-03,2x8,3,18,225,True,G3_4
central,2x8 #3,2025-10-10,2x8,3,18,230,True,G3_4
central,2x8 #3,2025-10-17,2x8,3,18,235,True,G3_4
central,2x8 #3,2024-01-12,2x8,3,20,235,True,G3_4
central,2x8 #3,2024-01-18,2x8,3,20,240,True,G3_4
central,2x8 #3,2024-01-25,2x8,3,20,235,True,G3_4
central,2x8 #3,2024-02-08,2x8,3,20,235,True,G3_4
central,2x8 #3,2024-02-15,2x8,3,20,240,True,G3_4
central,2x8 #3,2024-02-22,2x8,3,20,245,True,G3_4
central,2x8 #3,2024-02-29,2x8,3,20,245,True,G3_4
central,2x8 #3,2024-03-07,2x8,3,20,250,True,G3_4
central,2x8 #3,2024-03-14,2x8,3,20,255,True,G3_4
central,2x8 #3,2024-03-21,2x8,3,20,255,True,G3_4
central,2x8 #3,2024-03-28,2x8,3,20,255,True,G3_4
central,2x8 #3,2024-04-04,2x8,3,20,255,True,G3_4
central,2x8 #3,2024-04-11,2x8,3,20,250,True,G3_4
central,2x8 #3,2024-04-18,2x8,3,20,250,True,G3_4
central,2x8 #3,2024-04-25,2x8,3,20,250,True,G3_4
central,2x8 #3,2024-05-02,2x8,3,20,250,True,G3_4
central,2x8 #3,2024-05-09,2x8,3,20,250,True,G3_4
central,2x8 #3,2024-05-16,2x8,3,20,255,True,G3_4
central,2x8 #3,2024-05-30,2x8,3,20,255,True,G3_4
central,2x8 #3,2024-06-06,2x8,3,20,255,True,G3_4
central,2x8 #3,2024-06-13,2x8,3,20,250,True,G3_4
central,2x8 #3,2024-06-20,2x8,3,20,245,True,G3_4
central,2x8 #3,2024-06-27,2x8,3,20,240,True,G3_4
central,2x8 #3,2024-07-04,2x8,3,20,235,True,G3_4
central,2x8 #3,2024-07-11,2x8,3,20,235,True,G3_4
central,2x8 #3,2024-07-18,2x8,3,20,235,True,G3_4
central,2x8 #3,2024-07-25,2x8,3,20,235,True,G3_4
central,2x8 #3,2024-08-01,2x8,3,20,235,True,G3_4
central,2x8 #3,2024-08-08,2x8,3,20,235,True,G3_4
central,2x8 #3,2024-08-15,2x8,3,20,235,True,G3_4
central,2x8 #3,2024-08-22,2x8,3,20,235,True,G3_4
central,2x8 #3,2024-08-29,2x8,3,20,235,True,G3_4
central,2x8 #3,2024-09-05,2x8,3,20,230,True,G3_4
central,2x8 #3,2024-09-12,2x8,3,20,230,True,G3_4
central,2x8 #3,2024-09-20,2x8,3,20,230,True,G3_4
central,2x8 #3,2024-09-27,2x8,3,20,230,True,G3_4
central,2x8 #3,2024-10-04,2x8,3,20,230,True,G3_4
central,2x8 #3,2024-10-11,2x8,3,20,235,True,G3_4
central,2x8 #3,2024-10-18,2x8,3,20,250,True,G3_4
central,2x8 #3,2024-10-25,2x8,3,20,260,True,G3_4
central,2x8 #3,2024-11-01,2x8,3,20,270,True,G3_4
central,2x8 #3,2024-11-08,2x8,3,20,270,True,G3_4
central,2x8 #3,2024-11-15,2x8,3,20,265,True,G3_4
central,2x8 #3,2024-11-22,2x8,3,20,255,True,G3_4
central,2x8 #3,2024-11-27,2x8,3,20,255,True,G3_4
central,2x8 #3,2024-12-06,2x8,3,20,255,True,G3_4
central,2x8 #3,2024-12-13,2x8,3,20,255,True,G3_4
central,2x8 #3,2024-12-20,2x8,3,20,255,True,G3_4
central,2x8 #3,2025-01-03,2x8,3,20,260,True,G3_4
central,2x8 #3,2025-01-10,2x8,3,20,260,True,G3_4
central,2x8 #3,2025-01-17,2x8,3,20,265,True,G3_4
central,2x8 #3,2025-01-24,2x8,3,20,265,True,G3_4
central,2x8 #3,2025-01-31,2x8,3,20,270,True,G3_4
central,2x8 #3,2025-02-07,2x8,3,20,280,True,G3_4
central,2x8 #3,2025-02-14,2x8,3,20,285,True,G3_4
central,2x8 #3,2025-02-21,2x8,3,20,290,True,G3_4
central,2x8 #3,2025-02-28,2x8,3,20,300,True,G3_4
central,2x8 #3,2025-03-07,2x8,3,20,300,True,G3_4
central,2x8 #3,2025-03-14,2x8,3,20,300,True,G3_4
central,2x8 #3,2025-03-21,2x8,3,20,305,True,G3_4
central,2x8 #3,2025-03-28,2x8,3,20,305,True,G3_4
central,2x8 #3,2025-04-04,2x8,3,20,305,True,G3_4
central,2x8 #3,2025-04-11,2x8,3,20,305,True,G3_4
central,2x8 #3,2025-04-18,2x8,3,20,305,True,G3_4
central,2x8 #3,2025-04-25,2x8,3,20,310,True,G3_4
central,2x8 #3,2025-05-02,2x8,3,20,310,True,G3_4
central,2x8 #3,2025-05-09,2x8,3,20,300,True,G3_4
central,2x8 #3,2025-05-16,2x8,3,20,290,True,G3_4
central,2x8 #3,2025-05-23,2x8,3,20,280,True,G3_4
central,2x8 #3,2025-05-30,2x8,3,20,270,True,G3_4
central,2x8 #3,2025-06-06,2x8,3,20,260,True,G3_4
central,2x8 #3,2025-06-13,2x8,3,20,255,True,G3_4
central,2x8 #3,2025-06-19,2x8,3,20,250,True,G3_4
central,2x8 #3,2025-06-27,2x8,3,20,250,True,G3_4
central,2x8 #3,2025-07-03,2x8,3,20,245,True,G3_4
central,2x8 #3,2025-07-11,2x8,3,20,240,True,G3_4
central,2x8 #3,2025-07-18,2x8,3,20,240,True,G3_4
central,2x8 #3,2025-07-25,2x8,3,20,240,True,G3_4
central,2x8 #3,2025-08-01,2x8,3,20,240,True,G3_4
central,2x8 #3,2025-08-08,2x8,3,20,235,True,G3_4
central,2x8 #3,2025-08-15,2x8,3,20,235,True,G3_4
central,2x8 #3,2025-08-22,2x8,3,20,235,True,G3_4
central,2x8 #3,2025-08-29,2x8,3,20,230,True,G3_4
central,2x8 #3,2025-09-05,2x8,3,20,225,True,G3_4
central,2x8 #3,2025-09-12,2x8,3,20,225,True,G3_4
central,2x8 #3,2025-09-19,2x8,3,20,225,True,G3_4
central,2x8 #3,2025-09-26,2x8,3,20,225,True,G3_4
central,2x8 #3,2025-10-03,2x8,3,20,225,True,G3_4
central,2x8 #3,2025-10-10,2x8,3,20,230,True,G3_4
central,2x8 #3,2025-10-17,2x8,3,20,235,True,G3_4
central,2x8,2024-01-12,2x8,4,8,190,True,G3_4
central,2x8,2024-01-18,2x8,4,8,190,True,G3_4
central,2x8,2024-01-25,2x8,4,8,190,True,G3_4
central,2x8,2024-02-08,2x8,4,8,190,True,G3_4
central,2x8,2024-02-15,2x8,4,8,190,True,G3_4
central,2x8,2024-02-22,2x8,4,8,190,True,G3_4
central,2x8,2024-02-29,2x8,4,8,190,True,G3_4
central,2x8,2024-03-07,2x8,4,8,195,True,G3_4
central,2x8,2024-03-14,2x8,4,8,195,True,G3_4
central,2x8,2024-03-21,2x8,4,8,195,True,G3_4
central,2x8,2024-03-28,2x8,4,8,195,True,G3_4
central,2x8,2024-04-04,2x8,4,8,195,True,G3_4
central,2x8,2024-04-11,2x8,4,8,200,True,G3_4
central,2x8,2024-04-18,2x8,4,8,200,True,G3_4
central,2x8,2024-04-25,2x8,4,8,200,True,G3_4
central,2x8,2024-05-02,2x8,4,8,195,True,G3_4
central,2x8,2024-05-09,2x8,4,8,200,True,G3_4
central,2x8,2024-05-16,2x8,4,8,200,True,G3_4
central,2x8,2024-05-30,2x8,4,8,200,True,G3_4
central,2x8,2024-06-06,2x8,4,8,200,True,G3_4
central,2x8,2024-06-13,2x8,4,8,195,True,G3_4
central,2x8,2024-06-20,2x8,4,8,190,True,G3_4
central,2x8,2024-06-27,2x8,4,8,190,True,G3_4
central,2x8,2024-07-04,2x8,4,8,190,True,G3_4
central,2x8,2024-07-11,2x8,4,8,190,True,G3_4
central,2x8,2024-07-18,2x8,4,8,190,True,G3_4
central,2x8,2024-07-25,2x8,4,8,190,True,G3_4
central,2x8,2024-08-01,2x8,4,8,190,True,G3_4
central,2x8,2024-08-08,2x8,4,8,190,True,G3_4
central,2x8,2024-08-15,2x8,4,8,190,True,G3_4
central,2x8,2024-08-22,2x8,4,8,190,True,G3_4
central,2x8,2024-08-29,2x8,4,8,190,True,G3_4
central,2x8,2024-09-05,2x8,4,8,190,True,G3_4
central,2x8,2024-09-12,2x8,4,8,190,True,G3_4
central,2x8,2024-09-20,2x8,4,8,190,True,G3_4
central,2x8,2024-09-27,2x8,4,8,190,True,G3_4
central,2x8,2024-10-04,2x8,4,8,190,True,G3_4
central,2x8,2024-10-11,2x8,4,8,195,True,G3_4
central,2x8,2024-10-18,2x8,4,8,205,True,G3_4
central,2x8,2024-10-25,2x8,4,8,210,True,G3_4
central,2x8,2024-11-01,2x8,4,8,215,True,G3_4
central,2x8,2024-11-08,2x8,4,8,220,True,G3_4
central,2x8,2024-11-15,2x8,4,8,220,True,G3_4
central,2x8,2024-11-22,2x8,4,8,220,True,G3_4
central,2x8,2024-11-27,2x8,4,8,220,True,G3_4
central,2x8,2024-12-06,2x8,4,8,220,True,G3_4
central,2x8,2024-12-13,2x8,4,8,220,True,G3_4
central,2x8,2024-12-20,2x8,4,8,225,True,G3_4
central,2x8,2025-01-03,2x8,4,8,225,True,G3_4
central,2x8,2025-01-10,2x8,4,8,230,True,G3_4
central,2x8,2025-01-17,2x8,4,8,235,True,G3_4
central,2x8,2025-01-24,2x8,4,8,240,True,G3_4
central,2x8,2025-01-31,2x8,4,8,245,True,G3_4
central,2x8,2025-02-07,2x8,4,8,250,True,G3_4
central,2x8,2025-02-14,2x8,4,8,260,True,G3_4
central,2x8,2025-02-21,2x8,4,8,265,True,G3_4
central,2x8,2025-02-28,2x8,4,8,275,True,G3_4
central,2x8,2025-03-07,2x8,4,8,280,True,G3_4
central,2x8,2025-03-14,2x8,4,8,280,True,G3_4
central,2x8,2025-03-21,2x8,4,8,285,True,G3_4
central,2x8,2025-03-28,2x8,4,8,285,True,G3_4
central,2x8,2025-04-04,2x8,4,8,285,True,G3_4
central,2x8,2025-04-11,2x8,4,8,285,True,G3_4
central,2x8,2025-04-18,2x8,4,8,285,True,G3_4
central,2x8,2025-04-25,2x8,4,8,285,True,G3_4
central,2x8,2025-05-02,2x8,4,8,285,True,G3_4
central,2x8,2025-05-09,2x8,4,8,280,True,G3_4
central,2x8,2025-05-16,2x8,4,8,270,True,G3_4
central,2x8,2025-05-23,2x8,4,8,260,True,G3_4
central,2x8,2025-05-30,2x8,4,8,255,True,G3_4
central,2x8,2025-06-06,2x8,4,8,245,True,G3_4
central,2x8,2025-06-13,2x8,4,8,240,True,G3_4
central,2x8,2025-06-19,2x8,4,8,235,True,G3_4
central,2x8,2025-06-27,2x8,4,8,230,True,G3_4
central,2x8,2025-07-03,2x8,4,8,230,True,G3_4
central,2x8,2025-07-11,2x8,4,8,225,True,G3_4
central,2x8,2025-07-18,2x8,4,8,220,True,G3_4
central,2x8,2025-07-25,2x8,4,8,220,True,G3_4
central,2x8,2025-08-01,2x8,4,8,220,True,G3_4
central,2x8,2025-08-08,2x8,4,8,215,True,G3_4
central,2x8,2025-08-15,2x8,4,8,215,True,G3_4
central,2x8,2025-08-22,2x8,4,8,210,True,G3_4
central,2x8,2025-08-29,2x8,4,8,205,True,G3_4
central,2x8,2025-09-05,2x8,4,8,205,True,G3_4
central,2x8,2025-09-12,2x8,4,8,205,True,G3_4
central,2x8,2025-09-19,2x8,4,8,205,True,G3_4
central,2x8,2025-09-26,2x8,4,8,205,True,G3_4
central,2x8,2025-10-03,2x8,4,8,205,True,G3_4
central,2x8,2025-10-10,2x8,4,8,225,True,G3_4
central,2x8,2025-10-17,2x8,4,8,215,True,G3_4
central,2x8,2024-01-12,2x8,4,10,190,True,G3_4
central,2x8,2024-01-18,2x8,4,10,190,True,G3_4
central,2x8,2024-01-25,2x8,4,10,190,True,G3_4
central,2x8,2024-02-08,2x8,4,10,190,True,G3_4
central,2x8,2024-02-15,2x8,4,10,190,True,G3_4
central,2x8,2024-02-22,2x8,4,10,190,True,G3_4
central,2x8,2024-02-29,2x8,4,10,190,True,G3_4
central,2x8,2024-03-07,2x8,4,10,195,True,G3_4
central,2x8,2024-03-14,2x8,4,10,195,True,G3_4
central,2x8,2024-03-21,2x8,4,10,195,True,G3_4
central,2x8,2024-03-28,2x8,4,10,195,True,G3_4
central,2x8,2024-04-04,2x8,4,10,195,True,G3_4
central,2x8,2024-04-11,2x8,4,10,200,True,G3_4
central,2x8,2024-04-18,2x8,4,10,200,True,G3_4
central,2x8,2024-04-25,2x8,4,10,200,True,G3_4
central,2x8,2024-05-02,2x8,4,10,195,True,G3_4
central,2x8,2024-05-09,2x8,4,10,200,True,G3_4
central,2x8,2024-05-16,2x8,4,10,200,True,G3_4
central,2x8,2024-05-30,2x8,4,10,200,True,G3_4
central,2x8,2024-06-06,2x8,4,10,200,True,G3_4
central,2x8,2024-06-13,2x8,4,10,195,True,G3_4
central,2x8,2024-06-20,2x8,4,10,190,True,G3_4
central,2x8,2024-06-27,2x8,4,10,190,True,G3_4
central,2x8,2024-07-04,2x8,4,10,190,True,G3_4
central,2x8,2024-07-11,2x8,4,10,190,True,G3_4
central,2x8,2024-07-18,2x8,4,10,190,True,G3_4
central,2x8,2024-07-25,2x8,4,10,190,True,G3_4
central,2x8,2024-08-01,2x8,4,10,190,True,G3_4
central,2x8,2024-08-08,2x8,4,10,190,True,G3_4
central,2x8,2024-08-15,2x8,4,10,190,True,G3_4
central,2x8,2024-08-22,2x8,4,10,190,True,G3_4
central,2x8,2024-08-29,2x8,4,10,190,True,G3_4
central,2x8,2024-09-05,2x8,4,10,190,True,G3_4
central,2x8,2024-09-12,2x8,4,10,190,True,G3_4
central,2x8,2024-09-20,2x8,4,10,190,True,G3_4
central,2x8,2024-09-27,2x8,4,10,190,True,G3_4
central,2x8,2024-10-04,2x8,4,10,190,True,G3_4
central,2x8,2024-10-11,2x8,4,10,195,True,G3_4
central,2x8,2024-10-18,2x8,4,10,205,True,G3_4
central,2x8,2024-10-25,2x8,4,10,210,True,G3_4
central,2x8,2024-11-01,2x8,4,10,215,True,G3_4
central,2x8,2024-11-08,2x8,4,10,220,True,G3_4
central,2x8,2024-11-15,2x8,4,10,220,True,G3_4
central,2x8,2024-11-22,2x8,4,10,220,True,G3_4
central,2x8,2024-11-27,2x8,4,10,220,True,G3_4
central,2x8,2024-12-06,2x8,4,10,220,True,G3_4
central,2x8,2024-12-13,2x8,4,10,220,True,G3_4
central,2x8,2024-12-20,2x8,4,10,225,True,G3_4
central,2x8,2025-01-03,2x8,4,10,225,True,G3_4
central,2x8,2025-01-10,2x8,4,10,230,True,G3_4
central,2x8,2025-01-17,2x8,4,10,235,True,G3_4
central,2x8,2025-01-24,2x8,4,10,240,True,G3_4
central,2x8,2025-01-31,2x8,4,10,245,True,G3_4
central,2x8,2025-02-07,2x8,4,10,250,True,G3_4
central,2x8,2025-02-14,2x8,4,10,260,True,G3_4
central,2x8,2025-02-21,2x8,4,10,265,True,G3_4
central,2x8,2025-02-28,2x8,4,10,275,True,G3_4
central,2x8,2025-03-07,2x8,4,10,280,True,G3_4
central,2x8,2025-03-14,2x8,4,10,280,True,G3_4
central,2x8,2025-03-21,2x8,4,10,285,True,G3_4
central,2x8,2025-03-28,2x8,4,10,285,True,G3_4
central,2x8,2025-04-04,2x8,4,10,285,True,G3_4
central,2x8,2025-04-11,2x8,4,10,285,True,G3_4
central,2x8,2025-04-18,2x8,4,10,285,True,G3_4
central,2x8,2025-04-25,2x8,4,10,285,True,G3_4
central,2x8,2025-05-02,2x8,4,10,285,True,G3_4
central,2x8,2025-05-09,2x8,4,10,280,True,G3_4
central,2x8,2025-05-16,2x8,4,10,270,True,G3_4
central,2x8,2025-05-23,2x8,4,10,260,True,G3_4
central,2x8,2025-05-30,2x8,4,10,255,True,G3_4
central,2x8,2025-06-06,2x8,4,10,245,True,G3_4
central,2x8,2025-06-13,2x8,4,10,240,True,G3_4
central,2x8,2025-06-19,2x8,4,10,235,True,G3_4
central,2x8,2025-06-27,2x8,4,10,230,True,G3_4
central,2x8,2025-07-03,2x8,4,10,230,True,G3_4
central,2x8,2025-07-11,2x8,4,10,225,True,G3_4
central,2x8,2025-07-18,2x8,4,10,220,True,G3_4
central,2x8,2025-07-25,2x8,4,10,220,True,G3_4
central,2x8,2025-08-01,2x8,4,10,220,True,G3_4
central,2x8,2025-08-08,2x8,4,10,215,True,G3_4
central,2x8,2025-08-15,2x8,4,10,215,True,G3_4
central,2x8,2025-08-22,2x8,4,10,210,True,G3_4
central,2x8,2025-08-29,2x8,4,10,205,True,G3_4
central,2x8,2025-09-05,2x8,4,10,205,True,G3_4
central,2x8,2025-09-12,2x8,4,10,205,True,G3_4
central,2x8,2025-09-19,2x8,4,10,205,True,G3_4
central,2x8,2025-09-26,2x8,4,10,205,True,G3_4
central,2x8,2025-10-03,2x8,4,10,205,True,G3_4
central,2x8,2025-10-10,2x8,4,10,225,True,G3_4
central,2x8,2025-10-17,2x8,4,10,215,True,G3_4
central,2x8,2024-01-12,2x8,4,12,190,True,G3_4
central,2x8,2024-01-18,2x8,4,12,190,True,G3_4
central,2x8,2024-01-25,2x8,4,12,190,True,G3_4
central,2x8,2024-02-08,2x8,4,12,190,True,G3_4
central,2x8,2024-02-15,2x8,4,12,190,True,G3_4
central,2x8,2024-02-22,2x8,4,12,190,True,G3_4
central,2x8,2024-02-29,2x8,4,12,190,True,G3_4
central,2x8,2024-03-07,2x8,4,12,195,True,G3_4
central,2x8,2024-03-14,2x8,4,12,195,True,G3_4
central,2x8,2024-03-21,2x8,4,12,195,True,G3_4
central,2x8,2024-03-28,2x8,4,12,195,True,G3_4
central,2x8,2024-04-04,2x8,4,12,195,True,G3_4
central,2x8,2024-04-11,2x8,4,12,200,True,G3_4
central,2x8,2024-04-18,2x8,4,12,200,True,G3_4
central,2x8,2024-04-25,2x8,4,12,200,True,G3_4
central,2x8,2024-05-02,2x8,4,12,195,True,G3_4
central,2x8,2024-05-09,2x8,4,12,200,True,G3_4
central,2x8,2024-05-16,2x8,4,12,200,True,G3_4
central,2x8,2024-05-30,2x8,4,12,200,True,G3_4
central,2x8,2024-06-06,2x8,4,12,200,True,G3_4
central,2x8,2024-06-13,2x8,4,12,195,True,G3_4
central,2x8,2024-06-20,2x8,4,12,190,True,G3_4
central,2x8,2024-06-27,2x8,4,12,190,True,G3_4
central,2x8,2024-07-04,2x8,4,12,190,True,G3_4
central,2x8,2024-07-11,2x8,4,12,190,True,G3_4
central,2x8,2024-07-18,2x8,4,12,190,True,G3_4
central,2x8,2024-07-25,2x8,4,12,190,True,G3_4
central,2x8,2024-08-01,2x8,4,12,190,True,G3_4
central,2x8,2024-08-08,2x8,4,12,190,True,G3_4
central,2x8,2024-08-15,2x8,4,12,190,True,G3_4
central,2x8,2024-08-22,2x8,4,12,190,True,G3_4
central,2x8,2024-08-29,2x8,4,12,190,True,G3_4
central,2x8,2024-09-05,2x8,4,12,190,True,G3_4
central,2x8,2024-09-12,2x8,4,12,190,True,G3_4
central,2x8,2024-09-20,2x8,4,12,190,True,G3_4
central,2x8,2024-09-27,2x8,4,12,190,True,G3_4
central,2x8,2024-10-04,2x8,4,12,190,True,G3_4
central,2x8,2024-10-11,2x8,4,12,195,True,G3_4
central,2x8,2024-10-18,2x8,4,12,205,True,G3_4
central,2x8,2024-10-25,2x8,4,12,210,True,G3_4
central,2x8,2024-11-01,2x8,4,12,215,True,G3_4
central,2x8,2024-11-08,2x8,4,12,220,True,G3_4
central,2x8,2024-11-15,2x8,4,12,220,True,G3_4
central,2x8,2024-11-22,2x8,4,12,220,True,G3_4
central,2x8,2024-11-27,2x8,4,12,220,True,G3_4
central,2x8,2024-12-06,2x8,4,12,220,True,G3_4
central,2x8,2024-12-13,2x8,4,12,220,True,G3_4
central,2x8,2024-12-20,2x8,4,12,225,True,G3_4
central,2x8,2025-01-03,2x8,4,12,225,True,G3_4
central,2x8,2025-01-10,2x8,4,12,230,True,G3_4
central,2x8,2025-01-17,2x8,4,12,235,True,G3_4
central,2x8,2025-01-24,2x8,4,12,240,True,G3_4
central,2x8,2025-01-31,2x8,4,12,245,True,G3_4
central,2x8,2025-02-07,2x8,4,12,250,True,G3_4
central,2x8,2025-02-14,2x8,4,12,260,True,G3_4
central,2x8,2025-02-21,2x8,4,12,265,True,G3_4
central,2x8,2025-02-28,2x8,4,12,275,True,G3_4
central,2x8,2025-03-07,2x8,4,12,280,True,G3_4
central,2x8,2025-03-14,2x8,4,12,280,True,G3_4
central,2x8,2025-03-21,2x8,4,12,285,True,G3_4
central,2x8,2025-03-28,2x8,4,12,285,True,G3_4
central,2x8,2025-04-04,2x8,4,12,285,True,G3_4
central,2x8,2025-04-11,2x8,4,12,285,True,G3_4
central,2x8,2025-04-18,2x8,4,12,285,True,G3_4
central,2x8,2025-04-25,2x8,4,12,285,True,G3_4
central,2x8,2025-05-02,2x8,4,12,285,True,G3_4
central,2x8,2025-05-09,2x8,4,12,280,True,G3_4
central,2x8,2025-05-16,2x8,4,12,270,True,G3_4
central,2x8,2025-05-23,2x8,4,12,260,True,G3_4
central,2x8,2025-05-30,2x8,4,12,255,True,G3_4
central,2x8,2025-06-06,2x8,4,12,245,True,G3_4
central,2x8,2025-06-13,2x8,4,12,240,True,G3_4
central,2x8,2025-06-19,2x8,4,12,235,True,G3_4
central,2x8,2025-06-27,2x8,4,12,230,True,G3_4
central,2x8,2025-07-03,2x8,4,12,230,True,G3_4
central,2x8,2025-07-11,2x8,4,12,225,True,G3_4
central,2x8,2025-07-18,2x8,4,12,220,True,G3_4
central,2x8,2025-07-25,2x8,4,12,220,True,G3_4
central,2x8,2025-08-01,2x8,4,12,220,True,G3_4
central,2x8,2025-08-08,2x8,4,12,215,True,G3_4
central,2x8,2025-08-15,2x8,4,12,215,True,G3_4
central,2x8,2025-08-22,2x8,4,12,210,True,G3_4
central,2x8,2025-08-29,2x8,4,12,205,True,G3_4
central,2x8,2025-09-05,2x8,4,12,205,True,G3_4
central,2x8,2025-09-12,2x8,4,12,205,True,G3_4
central,2x8,2025-09-19,2x8,4,12,205,True,G3_4
central,2x8,2025-09-26,2x8,4,12,205,True,G3_4
central,2x8,2025-10-03,2x8,4,12,205,True,G3_4
central,2x8,2025-10-10,2x8,4,12,225,True,G3_4
central,2x8,2025-10-17,2x8,4,12,215,True,G3_4
central,2x8,2024-01-12,2x8,4,14,190,True,G3_4
central,2x8,2024-01-18,2x8,4,14,190,True,G3_4
central,2x8,2024-01-25,2x8,4,14,190,True,G3_4
central,2x8,2024-02-08,2x8,4,14,190,True,G3_4
central,2x8,2024-02-15,2x8,4,14,190,True,G3_4
central,2x8,2024-02-22,2x8,4,14,190,True,G3_4
central,2x8,2024-02-29,2x8,4,14,190,True,G3_4
central,2x8,2024-03-07,2x8,4,14,195,True,G3_4
central,2x8,2024-03-14,2x8,4,14,195,True,G3_4
central,2x8,2024-03-21,2x8,4,14,195,True,G3_4
central,2x8,2024-03-28,2x8,4,14,195,True,G3_4
central,2x8,2024-04-04,2x8,4,14,195,True,G3_4
central,2x8,2024-04-11,2x8,4,14,200,True,G3_4
central,2x8,2024-04-18,2x8,4,14,200,True,G3_4
central,2x8,2024-04-25,2x8,4,14,200,True,G3_4
central,2x8,2024-05-02,2x8,4,14,195,True,G3_4
central,2x8,2024-05-09,2x8,4,14,200,True,G3_4
central,2x8,2024-05-16,2x8,4,14,200,True,G3_4
central,2x8,2024-05-30,2x8,4,14,200,True,G3_4
central,2x8,2024-06-06,2x8,4,14,200,True,G3_4
central,2x8,2024-06-13,2x8,4,14,195,True,G3_4
central,2x8,2024-06-20,2x8,4,14,190,True,G3_4
central,2x8,2024-06-27,2x8,4,14,190,True,G3_4
central,2x8,2024-07-04,2x8,4,14,190,True,G3_4
central,2x8,2024-07-11,2x8,4,14,190,True,G3_4
central,2x8,2024-07-18,2x8,4,14,190,True,G3_4
central,2x8,2024-07-25,2x8,4,14,190,True,G3_4
central,2x8,2024-08-01,2x8,4,14,190,True,G3_4
central,2x8,2024-08-08,2x8,4,14,190,True,G3_4
central,2x8,2024-08-15,2x8,4,14,190,True,G3_4
central,2x8,2024-08-22,2x8,4,14,190,True,G3_4
central,2x8,2024-08-29,2x8,4,14,190,True,G3_4
central,2x8,2024-09-05,2x8,4,14,190,True,G3_4
central,2x8,2024-09-12,2x8,4,14,190,True,G3_4
central,2x8,2024-09-20,2x8,4,14,190,True,G3_4
central,2x8,2024-09-27,2x8,4,14,190,True,G3_4
central,2x8,2024-10-04,2x8,4,14,190,True,G3_4
central,2x8,2024-10-11,2x8,4,14,195,True,G3_4
central,2x8,2024-10-18,2x8,4,14,205,True,G3_4
central,2x8,2024-10-25,2x8,4,14,210,True,G3_4
central,2x8,2024-11-01,2x8,4,14,215,True,G3_4
central,2x8,2024-11-08,2x8,4,14,220,True,G3_4
central,2x8,2024-11-15,2x8,4,14,220,True,G3_4
central,2x8,2024-11-22,2x8,4,14,220,True,G3_4
central,2x8,2024-11-27,2x8,4,14,220,True,G3_4
central,2x8,2024-12-06,2x8,4,14,220,True,G3_4
central,2x8,2024-12-13,2x8,4,14,220,True,G3_4
central,2x8,2024-12-20,2x8,4,14,225,True,G3_4
central,2x8,2025-01-03,2x8,4,14,225,True,G3_4
central,2x8,2025-01-10,2x8,4,14,230,True,G3_4
central,2x8,2025-01-17,2x8,4,14,235,True,G3_4
central,2x8,2025-01-24,2x8,4,14,240,True,G3_4
central,2x8,2025-01-31,2x8,4,14,245,True,G3_4
central,2x8,2025-02-07,2x8,4,14,250,True,G3_4
central,2x8,2025-02-14,2x8,4,14,260,True,G3_4
central,2x8,2025-02-21,2x8,4,14,265,True,G3_4
central,2x8,2025-02-28,2x8,4,14,275,True,G3_4
central,2x8,2025-03-07,2x8,4,14,280,True,G3_4
central,2x8,2025-03-14,2x8,4,14,280,True,G3_4
central,2x8,2025-03-21,2x8,4,14,285,True,G3_4
central,2x8,2025-03-28,2x8,4,14,285,True,G3_4
central,2x8,2025-04-04,2x8,4,14,285,True,G3_4
central,2x8,2025-04-11,2x8,4,14,285,True,G3_4
central,2x8,2025-04-18,2x8,4,14,285,True,G3_4
central,2x8,2025-04-25,2x8,4,14,285,True,G3_4
central,2x8,2025-05-02,2x8,4,14,285,True,G3_4
central,2x8,2025-05-09,2x8,4,14,280,True,G3_4
central,2x8,2025-05-16,2x8,4,14,270,True,G3_4
central,2x8,2025-05-23,2x8,4,14,260,True,G3_4
central,2x8,2025-05-30,2x8,4,14,255,True,G3_4
central,2x8,2025-06-06,2x8,4,14,245,True,G3_4
central,2x8,2025-06-13,2x8,4,14,240,True,G3_4
central,2x8,2025-06-19,2x8,4,14,235,True,G3_4
central,2x8,2025-06-27,2x8,4,14,230,True,G3_4
central,2x8,2025-07-03,2x8,4,14,230,True,G3_4
central,2x8,2025-07-11,2x8,4,14,225,True,G3_4
central,2x8,2025-07-18,2x8,4,14,220,True,G3_4
central,2x8,2025-07-25,2x8,4,14,220,True,G3_4
central,2x8,2025-08-01,2x8,4,14,220,True,G3_4
central,2x8,2025-08-08,2x8,4,14,215,True,G3_4
central,2x8,2025-08-15,2x8,4,14,215,True,G3_4
central,2x8,2025-08-22,2x8,4,14,210,True,G3_4
central,2x8,2025-08-29,2x8,4,14,205,True,G3_4
central,2x8,2025-09-05,2x8,4,14,205,True,G3_4
central,2x8,2025-09-12,2x8,4,14,205,True,G3_4
central,2x8,2025-09-19,2x8,4,14,205,True,G3_4
central,2x8,2025-09-26,2x8,4,14,205,True,G3_4
central,2x8,2025-10-03,2x8,4,14,205,True,G3_4
central,2x8,2025-10-10,2x8,4,14,225,True,G3_4
central,2x8,2025-10-17,2x8,4,14,215,True,G3_4
central,2x8,2024-01-12,2x8,4,16,190,True,G3_4
central,2x8,2024-01-18,2x8,4,16,190,True,G3_4
central,2x8,2024-01-25,2x8,4,16,190,True,G3_4
central,2x8,2024-02-08,2x8,4,16,190,True,G3_4
central,2x8,2024-02-15,2x8,4,16,190,True,G3_4
central,2x8,2024-02-22,2x8,4,16,190,True,G3_4
central,2x8,2024-02-29,2x8,4,16,190,True,G3_4
central,2x8,2024-03-07,2x8,4,16,195,True,G3_4
central,2x8,2024-03-14,2x8,4,16,195,True,G3_4
central,2x8,2024-03-21,2x8,4,16,195,True,G3_4
central,2x8,2024-03-28,2x8,4,16,195,True,G3_4
central,2x8,2024-04-04,2x8,4,16,195,True,G3_4
central,2x8,2024-04-11,2x8,4,16,200,True,G3_4
central,2x8,2024-04-18,2x8,4,16,200,True,G3_4
central,2x8,2024-04-25,2x8,4,16,200,True,G3_4
central,2x8,2024-05-02,2x8,4,16,195,True,G3_4
central,2x8,2024-05-09,2x8,4,16,200,True,G3_4
central,2x8,2024-05-16,2x8,4,16,200,True,G3_4
central,2x8,2024-05-30,2x8,4,16,200,True,G3_4
central,2x8,2024-06-06,2x8,4,16,200,True,G3_4
central,2x8,2024-06-13,2x8,4,16,195,True,G3_4
central,2x8,2024-06-20,2x8,4,16,190,True,G3_4
central,2x8,2024-06-27,2x8,4,16,190,True,G3_4
central,2x8,2024-07-04,2x8,4,16,190,True,G3_4
central,2x8,2024-07-11,2x8,4,16,190,True,G3_4
central,2x8,2024-07-18,2x8,4,16,190,True,G3_4
central,2x8,2024-07-25,2x8,4,16,190,True,G3_4
central,2x8,2024-08-01,2x8,4,16,190,True,G3_4
central,2x8,2024-08-08,2x8,4,16,190,True,G3_4
central,2x8,2024-08-15,2x8,4,16,190,True,G3_4
central,2x8,2024-08-22,2x8,4,16,190,True,G3_4
central,2x8,2024-08-29,2x8,4,16,190,True,G3_4
central,2x8,2024-09-05,2x8,4,16,190,True,G3_4
central,2x8,2024-09-12,2x8,4,16,190,True,G3_4
central,2x8,2024-09-20,2x8,4,16,190,True,G3_4
central,2x8,2024-09-27,2x8,4,16,190,True,G3_4
central,2x8,2024-10-04,2x8,4,16,190,True,G3_4
central,2x8,2024-10-11,2x8,4,16,195,True,G3_4
central,2x8,2024-10-18,2x8,4,16,205,True,G3_4
central,2x8,2024-10-25,2x8,4,16,210,True,G3_4
central,2x8,2024-11-01,2x8,4,16,215,True,G3_4
central,2x8,2024-11-08,2x8,4,16,220,True,G3_4
central,2x8,2024-11-15,2x8,4,16,220,True,G3_4
central,2x8,2024-11-22,2x8,4,16,220,True,G3_4
central,2x8,2024-11-27,2x8,4,16,220,True,G3_4
central,2x8,2024-12-06,2x8,4,16,220,True,G3_4
central,2x8,2024-12-13,2x8,4,16,220,True,G3_4
central,2x8,2024-12-20,2x8,4,16,225,True,G3_4
central,2x8,2025-01-03,2x8,4,16,225,True,G3_4
central,2x8,2025-01-10,2x8,4,16,230,True,G3_4
central,2x8,2025-01-17,2x8,4,16,235,True,G3_4
central,2x8,2025-01-24,2x8,4,16,240,True,G3_4
central,2x8,2025-01-31,2x8,4,16,245,True,G3_4
central,2x8,2025-02-07,2x8,4,16,250,True,G3_4
central,2x8,2025-02-14,2x8,4,16,260,True,G3_4
central,2x8,2025-02-21,2x8,4,16,265,True,G3_4
central,2x8,2025-02-28,2x8,4,16,275,True,G3_4
central,2x8,2025-03-07,2x8,4,16,280,True,G3_4
central,2x8,2025-03-14,2x8,4,16,280,True,G3_4
central,2x8,2025-03-21,2x8,4,16,285,True,G3_4
central,2x8,2025-03-28,2x8,4,16,285,True,G3_4
central,2x8,2025-04-04,2x8,4,16,285,True,G3_4
central,2x8,2025-04-11,2x8,4,16,285,True,G3_4
central,2x8,2025-04-18,2x8,4,16,285,True,G3_4
central,2x8,2025-04-25,2x8,4,16,285,True,G3_4
central,2x8,2025-05-02,2x8,4,16,285,True,G3_4
central,2x8,2025-05-09,2x8,4,16,280,True,G3_4
central,2x8,2025-05-16,2x8,4,16,270,True,G3_4
central,2x8,2025-05-23,2x8,4,16,260,True,G3_4
central,2x8,2025-05-30,2x8,4,16,255,True,G3_4
central,2x8,2025-06-06,2x8,4,16,245,True,G3_4
central,2x8,2025-06-13,2x8,4,16,240,True,G3_4
central,2x8,2025-06-19,2x8,4,16,235,True,G3_4
central,2x8,2025-06-27,2x8,4,16,230,True,G3_4
central,2x8,2025-07-03,2x8,4,16,230,True,G3_4
central,2x8,2025-07-11,2x8,4,16,225,True,G3_4
central,2x8,2025-07-18,2x8,4,16,220,True,G3_4
central,2x8,2025-07-25,2x8,4,16,220,True,G3_4
central,2x8,2025-08-01,2x8,4,16,220,True,G3_4
central,2x8,2025-08-08,2x8,4,16,215,True,G3_4
central,2x8,2025-08-15,2x8,4,16,215,True,G3_4
central,2x8,2025-08-22,2x8,4,16,210,True,G3_4
central,2x8,2025-08-29,2x8,4,16,205,True,G3_4
central,2x8,2025-09-05,2x8,4,16,205,True,G3_4
central,2x8,2025-09-12,2x8,4,16,205,True,G3_4
central,2x8,2025-09-19,2x8,4,16,205,True,G3_4
central,2x8,2025-09-26,2x8,4,16,205,True,G3_4
central,2x8,2025-10-03,2x8,4,16,205,True,G3_4
central,2x8,2025-10-10,2x8,4,16,225,True,G3_4
central,2x8,2025-10-17,2x8,4,16,215,True,G3_4
central,2x8,2024-01-12,2x8,4,18,190,True,G3_4
central,2x8,2024-01-18,2x8,4,18,190,True,G3_4
central,2x8,2024-01-25,2x8,4,18,190,True,G3_4
central,2x8,2024-02-08,2x8,4,18,190,True,G3_4
central,2x8,2024-02-15,2x8,4,18,190,True,G3_4
central,2x8,2024-02-22,2x8,4,18,190,True,G3_4
central,2x8,2024-02-29,2x8,4,18,190,True,G3_4
central,2x8,2024-03-07,2x8,4,18,195,True,G3_4
central,2x8,2024-03-14,2x8,4,18,195,True,G3_4
central,2x8,2024-03-21,2x8,4,18,195,True,G3_4
central,2x8,2024-03-28,2x8,4,18,195,True,G3_4
central,2x8,2024-04-04,2x8,4,18,195,True,G3_4
central,2x8,2024-04-11,2x8,4,18,200,True,G3_4
central,2x8,2024-04-18,2x8,4,18,200,True,G3_4
central,2x8,2024-04-25,2x8,4,18,200,True,G3_4
central,2x8,2024-05-02,2x8,4,18,195,True,G3_4
central,2x8,2024-05-09,2x8,4,18,200,True,G3_4
central,2x8,2024-05-16,2x8,4,18,200,True,G3_4
central,2x8,2024-05-30,2x8,4,18,200,True,G3_4
central,2x8,2024-06-06,2x8,4,18,200,True,G3_4
central,2x8,2024-06-13,2x8,4,18,195,True,G3_4
central,2x8,2024-06-20,2x8,4,18,190,True,G3_4
central,2x8,2024-06-27,2x8,4,18,190,True,G3_4
central,2x8,2024-07-04,2x8,4,18,190,True,G3_4
central,2x8,2024-07-11,2x8,4,18,190,True,G3_4
central,2x8,2024-07-18,2x8,4,18,190,True,G3_4
central,2x8,2024-07-25,2x8,4,18,190,True,G3_4
central,2x8,2024-08-01,2x8,4,18,190,True,G3_4
central,2x8,2024-08-08,2x8,4,18,190,True,G3_4
central,2x8,2024-08-15,2x8,4,18,190,True,G3_4
central,2x8,2024-08-22,2x8,4,18,190,True,G3_4
central,2x8,2024-08-29,2x8,4,18,190,True,G3_4
central,2x8,2024-09-05,2x8,4,18,190,True,G3_4
central,2x8,2024-09-12,2x8,4,18,190,True,G3_4
central,2x8,2024-09-20,2x8,4,18,190,True,G3_4
central,2x8,2024-09-27,2x8,4,18,190,True,G3_4
central,2x8,2024-10-04,2x8,4,18,190,True,G3_4
central,2x8,2024-10-11,2x8,4,18,195,True,G3_4
central,2x8,2024-10-18,2x8,4,18,205,True,G3_4
central,2x8,2024-10-25,2x8,4,18,210,True,G3_4
central,2x8,2024-11-01,2x8,4,18,215,True,G3_4
central,2x8,2024-11-08,2x8,4,18,220,True,G3_4
central,2x8,2024-11-15,2x8,4,18,220,True,G3_4
central,2x8,2024-11-22,2x8,4,18,220,True,G3_4
central,2x8,2024-11-27,2x8,4,18,220,True,G3_4
central,2x8,2024-12-06,2x8,4,18,220,True,G3_4
central,2x8,2024-12-13,2x8,4,18,220,True,G3_4
central,2x8,2024-12-20,2x8,4,18,225,True,G3_4
central,2x8,2025-01-03,2x8,4,18,225,True,G3_4
central,2x8,2025-01-10,2x8,4,18,230,True,G3_4
central,2x8,2025-01-17,2x8,4,18,235,True,G3_4
central,2x8,2025-01-24,2x8,4,18,240,True,G3_4
central,2x8,2025-01-31,2x8,4,18,245,True,G3_4
central,2x8,2025-02-07,2x8,4,18,250,True,G3_4
central,2x8,2025-02-14,2x8,4,18,260,True,G3_4
central,2x8,2025-02-21,2x8,4,18,265,True,G3_4
central,2x8,2025-02-28,2x8,4,18,275,True,G3_4
central,2x8,2025-03-07,2x8,4,18,280,True,G3_4
central,2x8,2025-03-14,2x8,4,18,280,True,G3_4
central,2x8,2025-03-21,2x8,4,18,285,True,G3_4
central,2x8,2025-03-28,2x8,4,18,285,True,G3_4
central,2x8,2025-04-04,2x8,4,18,285,True,G3_4
central,2x8,2025-04-11,2x8,4,18,285,True,G3_4
central,2x8,2025-04-18,2x8,4,18,285,True,G3_4
central,2x8,2025-04-25,2x8,4,18,285,True,G3_4
central,2x8,2025-05-02,2x8,4,18,285,True,G3_4
central,2x8,2025-05-09,2x8,4,18,280,True,G3_4
central,2x8,2025-05-16,2x8,4,18,270,True,G3_4
central,2x8,2025-05-23,2x8,4,18,260,True,G3_4
central,2x8,2025-05-30,2x8,4,18,255,True,G3_4
central,2x8,2025-06-06,2x8,4,18,245,True,G3_4
central,2x8,2025-06-13,2x8,4,18,240,True,G3_4
central,2x8,2025-06-19,2x8,4,18,235,True,G3_4
central,2x8,2025-06-27,2x8,4,18,230,True,G3_4
central,2x8,2025-07-03,2x8,4,18,230,True,G3_4
central,2x8,2025-07-11,2x8,4,18,225,True,G3_4
central,2x8,2025-07-18,2x8,4,18,220,True,G3_4
central,2x8,2025-07-25,2x8,4,18,220,True,G3_4
central,2x8,2025-08-01,2x8,4,18,220,True,G3_4
central,2x8,2025-08-08,2x8,4,18,215,True,G3_4
central,2x8,2025-08-15,2x8,4,18,215,True,G3_4
central,2x8,2025-08-22,2x8,4,18,210,True,G3_4
central,2x8,2025-08-29,2x8,4,18,205,True,G3_4
central,2x8,2025-09-05,2x8,4,18,205,True,G3_4
central,2x8,2025-09-12,2x8,4,18,205,True,G3_4
central,2x8,2025-09-19,2x8,4,18,205,True,G3_4
central,2x8,2025-09-26,2x8,4,18,205,True,G3_4
central,2x8,2025-10-03,2x8,4,18,205,True,G3_4
central,2x8,2025-10-10,2x8,4,18,225,True,G3_4
central,2x8,2025-10-17,2x8,4,18,215,True,G3_4
central,2x8,2024-01-12,2x8,4,20,190,True,G3_4
central,2x8,2024-01-18,2x8,4,20,190,True,G3_4
central,2x8,2024-01-25,2x8,4,20,190,True,G3_4
central,2x8,2024-02-08,2x8,4,20,190,True,G3_4
central,2x8,2024-02-15,2x8,4,20,190,True,G3_4
central,2x8,2024-02-22,2x8,4,20,190,True,G3_4
central,2x8,2024-02-29,2x8,4,20,190,True,G3_4
central,2x8,2024-03-07,2x8,4,20,195,True,G3_4
central,2x8,2024-03-14,2x8,4,20,195,True,G3_4
central,2x8,2024-03-21,2x8,4,20,195,True,G3_4
central,2x8,2024-03-28,2x8,4,20,195,True,G3_4
central,2x8,2024-04-04,2x8,4,20,195,True,G3_4
central,2x8,2024-04-11,2x8,4,20,200,True,G3_4
central,2x8,2024-04-18,2x8,4,20,200,True,G3_4
central,2x8,2024-04-25,2x8,4,20,200,True,G3_4
central,2x8,2024-05-02,2x8,4,20,195,True,G3_4
central,2x8,2024-05-09,2x8,4,20,200,True,G3_4
central,2x8,2024-05-16,2x8,4,20,200,True,G3_4
central,2x8,2024-05-30,2x8,4,20,200,True,G3_4
central,2x8,2024-06-06,2x8,4,20,200,True,G3_4
central,2x8,2024-06-13,2x8,4,20,195,True,G3_4
central,2x8,2024-06-20,2x8,4,20,190,True,G3_4
central,2x8,2024-06-27,2x8,4,20,190,True,G3_4
central,2x8,2024-07-04,2x8,4,20,190,True,G3_4
central,2x8,2024-07-11,2x8,4,20,190,True,G3_4
central,2x8,2024-07-18,2x8,4,20,190,True,G3_4
central,2x8,2024-07-25,2x8,4,20,190,True,G3_4
central,2x8,2024-08-01,2x8,4,20,190,True,G3_4
central,2x8,2024-08-08,2x8,4,20,190,True,G3_4
central,2x8,2024-08-15,2x8,4,20,190,True,G3_4
central,2x8,2024-08-22,2x8,4,20,190,True,G3_4
central,2x8,2024-08-29,2x8,4,20,190,True,G3_4
central,2x8,2024-09-05,2x8,4,20,190,True,G3_4
central,2x8,2024-09-12,2x8,4,20,190,True,G3_4
central,2x8,2024-09-20,2x8,4,20,190,True,G3_4
central,2x8,2024-09-27,2x8,4,20,190,True,G3_4
central,2x8,2024-10-04,2x8,4,20,190,True,G3_4
central,2x8,2024-10-11,2x8,4,20,195,True,G3_4
central,2x8,2024-10-18,2x8,4,20,205,True,G3_4
central,2x8,2024-10-25,2x8,4,20,210,True,G3_4
central,2x8,2024-11-01,2x8,4,20,215,True,G3_4
central,2x8,2024-11-08,2x8,4,20,220,True,G3_4
central,2x8,2024-11-15,2x8,4,20,220,True,G3_4
central,2x8,2024-11-22,2x8,4,20,220,True,G3_4
central,2x8,2024-11-27,2x8,4,20,220,True,G3_4
central,2x8,2024-12-06,2x8,4,20,220,True,G3_4
central,2x8,2024-12-13,2x8,4,20,220,True,G3_4
central,2x8,2024-12-20,2x8,4,20,225,True,G3_4
central,2x8,2025-01-03,2x8,4,20,225,True,G3_4
central,2x8,2025-01-10,2x8,4,20,230,True,G3_4
central,2x8,2025-01-17,2x8,4,20,235,True,G3_4
central,2x8,2025-01-24,2x8,4,20,240,True,G3_4
central,2x8,2025-01-31,2x8,4,20,245,True,G3_4
central,2x8,2025-02-07,2x8,4,20,250,True,G3_4
central,2x8,2025-02-14,2x8,4,20,260,True,G3_4
central,2x8,2025-02-21,2x8,4,20,265,True,G3_4
central,2x8,2025-02-28,2x8,4,20,275,True,G3_4
central,2x8,2025-03-07,2x8,4,20,280,True,G3_4
central,2x8,2025-03-14,2x8,4,20,280,True,G3_4
central,2x8,2025-03-21,2x8,4,20,285,True,G3_4
central,2x8,2025-03-28,2x8,4,20,285,True,G3_4
central,2x8,2025-04-04,2x8,4,20,285,True,G3_4
central,2x8,2025-04-11,2x8,4,20,285,True,G3_4
central,2x8,2025-04-18,2x8,4,20,285,True,G3_4
central,2x8,2025-04-25,2x8,4,20,285,True,G3_4
central,2x8,2025-05-02,2x8,4,20,285,True,G3_4
central,2x8,2025-05-09,2x8,4,20,280,True,G3_4
central,2x8,2025-05-16,2x8,4,20,270,True,G3_4
central,2x8,2025-05-23,2x8,4,20,260,True,G3_4
central,2x8,2025-05-30,2x8,4,20,255,True,G3_4
central,2x8,2025-06-06,2x8,4,20,245,True,G3_4
central,2x8,2025-06-13,2x8,4,20,240,True,G3_4
central,2x8,2025-06-19,2x8,4,20,235,True,G3_4
central,2x8,2025-06-27,2x8,4,20,230,True,G3_4
central,2x8,2025-07-03,2x8,4,20,230,True,G3_4
central,2x8,2025-07-11,2x8,4,20,225,True,G3_4
central,2x8,2025-07-18,2x8,4,20,220,True,G3_4
central,2x8,2025-07-25,2x8,4,20,220,True,G3_4
central,2x8,2025-08-01,2x8,4,20,220,True,G3_4
central,2x8,2025-08-08,2x8,4,20,215,True,G3_4
central,2x8,2025-08-15,2x8,4,20,215,True,G3_4
central,2x8,2025-08-22,2x8,4,20,210,True,G3_4
central,2x8,2025-08-29,2x8,4,20,205,True,G3_4
central,2x8,2025-09-05,2x8,4,20,205,True,G3_4
central,2x8,2025-09-12,2x8,4,20,205,True,G3_4
central,2x8,2025-09-19,2x8,4,20,205,True,G3_4
central,2x8,2025-09-26,2x8,4,20,205,True,G3_4
central,2x8,2025-10-03,2x8,4,20,205,True,G3_4
central,2x8,2025-10-10,2x8,4,20,225,True,G3_4
central,2x8,2025-10-17,2x8,4,20,215,True,G3_4
east,2x10 #3,2024-01-12,2x10,3,8,230,True,G3_4
east,2x10 #3,2024-01-18,2x10,3,8,225,True,G3_4
east,2x10 #3,2024-01-25,2x10,3,8,225,True,G3_4
east,2x10 #3,2024-02-08,2x10,3,8,225,True,G3_4
east,2x10 #3,2024-02-15,2x10,3,8,225,True,G3_4
east,2x10 #3,2024-02-22,2x10,3,8,225,True,G3_4
east,2x10 #3,2024-02-29,2x10,3,8,225,True,G3_4
east,2x10 #3,2024-03-07,2x10,3,8,235,True,G3_4
east,2x10 #3,2024-03-14,2x10,3,8,240,True,G3_4
east,2x10 #3,2024-03-21,2x10,3,8,245,True,G3_4
east,2x10 #3,2024-03-28,2x10,3,8,245,True,G3_4
east,2x10 #3,2024-04-04,2x10,3,8,245,True,G3_4
east,2x10 #3,2024-04-11,2x10,3,8,245,True,G3_4
east,2x10 #3,2024-04-18,2x10,3,8,245,True,G3_4
east,2x10 #3,2024-04-25,2x10,3,8,245,True,G3_4
east,2x10 #3,2024-05-02,2x10,3,8,245,True,G3_4
east,2x10 #3,2024-05-09,2x10,3,8,245,True,G3_4
east,2x10 #3,2024-05-16,2x10,3,8,245,True,G3_4
east,2x10 #3,2024-05-30,2x10,3,8,250,True,G3_4
east,2x10 #3,2024-06-06,2x10,3,8,250,True,G3_4
east,2x10 #3,2024-06-13,2x10,3,8,250,True,G3_4
east,2x10 #3,2024-06-20,2x10,3,8,250,True,G3_4
east,2x10 #3,2024-06-27,2x10,3,8,245,True,G3_4
east,2x10 #3,2024-07-04,2x10,3,8,245,True,G3_4
east,2x10 #3,2024-07-11,2x10,3,8,245,True,G3_4
east,2x10 #3,2024-07-18,2x10,3,8,245,True,G3_4
east,2x10 #3,2024-07-25,2x10,3,8,245,True,G3_4
east,2x10 #3,2024-08-01,2x10,3,8,245,True,G3_4
east,2x10 #3,2024-08-08,2x10,3,8,245,True,G3_4
east,2x10 #3,2024-08-15,2x10,3,8,245,True,G3_4
east,2x10 #3,2024-08-22,2x10,3,8,245,True,G3_4
east,2x10 #3,2024-08-29,2x10,3,8,245,True,G3_4
east,2x10 #3,2024-09-05,2x10,3,8,245,True,G3_4
east,2x10 #3,2024-09-12,2x10,3,8,245,True,G3_4
east,2x10 #3,2024-09-20,2x10,3,8,245,True,G3_4
east,2x10 #3,2024-09-27,2x10,3,8,245,True,G3_4
east,2x10 #3,2024-10-04,2x10,3,8,250,True,G3_4
east,2x10 #3,2024-10-11,2x10,3,8,250,True,G3_4
east,2x10 #3,2024-10-18,2x10,3,8,250,True,G3_4
east,2x10 #3,2024-10-25,2x10,3,8,255,True,G3_4
east,2x10 #3,2024-11-01,2x10,3,8,260,True,G3_4
east,2x10 #3,2024-11-08,2x10,3,8,260,True,G3_4
east,2x10 #3,2024-11-15,2x10,3,8,265,True,G3_4
east,2x10 #3,2024-11-22,2x10,3,8,260,True,G3_4
east,2x10 #3,2024-11-27,2x10,3,8,260,True,G3_4
east,2x10 #3,2024-12-06,2x10,3,8,260,True,G3_4
east,2x10 #3,2024-12-13,2x10,3,8,260,True,G3_4
east,2x10 #3,2024-12-20,2x10,3,8,260,True,G3_4
east,2x10 #3,2025-01-03,2x10,3,8,265,True,G3_4
east,2x10 #3,2025-01-10,2x10,3,8,265,True,G3_4
east,2x10 #3,2025-01-17,2x10,3,8,265,True,G3_4
east,2x10 #3,2025-01-24,2x10,3,8,265,True,G3_4
east,2x10 #3,2025-01-31,2x10,3,8,265,True,G3_4
east,2x10 #3,2025-02-07,2x10,3,8,265,True,G3_4
east,2x10 #3,2025-02-14,2x10,3,8,265,True,G3_4
east,2x10 #3,2025-02-21,2x10,3,8,265,True,G3_4
east,2x10 #3,2025-02-28,2x10,3,8,265,True,G3_4
east,2x10 #3,2025-03-07,2x10,3,8,270,True,G3_4
east,2x10 #3,2025-03-14,2x10,3,8,280,True,G3_4
east,2x10 #3,2025-03-21,2x10,3,8,290,True,G3_4
east,2x10 #3,2025-03-28,2x10,3,8,295,True,G3_4
east,2x10 #3,2025-04-04,2x10,3,8,295,True,G3_4
east,2x10 #3,2025-04-11,2x10,3,8,300,True,G3_4
east,2x10 #3,2025-04-18,2x10,3,8,305,True,G3_4
east,2x10 #3,2025-04-25,2x10,3,8,305,True,G3_4
east,2x10 #3,2025-05-02,2x10,3,8,305,True,G3_4
east,2x10 #3,2025-05-09,2x10,3,8,300,True,G3_4
east,2x10 #3,2025-05-16,2x10,3,8,295,True,G3_4
east,2x10 #3,2025-05-23,2x10,3,8,295,True,G3_4
east,2x10 #3,2025-05-30,2x10,3,8,290,True,G3_4
east,2x10 #3,2025-06-06,2x10,3,8,285,True,G3_4
east,2x10 #3,2025-06-13,2x10,3,8,280,True,G3_4
east,2x10 #3,2025-06-19,2x10,3,8,270,True,G3_4
east,2x10 #3,2025-06-27,2x10,3,8,260,True,G3_4
east,2x10 #3,2025-07-03,2x10,3,8,250,True,G3_4
east,2x10 #3,2025-07-11,2x10,3,8,250,True,G3_4
east,2x10 #3,2025-07-18,2x10,3,8,245,True,G3_4
east,2x10 #3,2025-07-25,2x10,3,8,245,True,G3_4
east,2x10 #3,2025-08-01,2x10,3,8,245,True,G3_4
east,2x10 #3,2025-08-08,2x10,3,8,250,True,G3_4
east,2x10 #3,2025-08-15,2x10,3,8,245,True,G3_4
east,2x10 #3,2025-08-22,2x10,3,8,245,True,G3_4
east,2x10 #3,2025-08-29,2x10,3,8,245,True,G3_4
east,2x10 #3,2025-09-05,2x10,3,8,245,True,G3_4
east,2x10 #3,2025-09-12,2x10,3,8,245,True,G3_4
east,2x10 #3,2025-09-19,2x10,3,8,250,True,G3_4
east,2x10 #3,2025-09-26,2x10,3,8,250,True,G3_4
east,2x10 #3,2025-10-03,2x10,3,8,245,True,G3_4
east,2x10 #3,2025-10-10,2x10,3,8,245,True,G3_4
east,2x10 #3,2025-10-17,2x10,3,8,240,True,G3_4
east,2x10 #3,2024-01-12,2x10,3,10,230,True,G3_4
east,2x10 #3,2024-01-18,2x10,3,10,225,True,G3_4
east,2x10 #3,2024-01-25,2x10,3,10,225,True,G3_4
east,2x10 #3,2024-02-08,2x10,3,10,225,True,G3_4
east,2x10 #3,2024-02-15,2x10,3,10,225,True,G3_4
east,2x10 #3,2024-02-22,2x10,3,10,225,True,G3_4
east,2x10 #3,2024-02-29,2x10,3,10,225,True,G3_4
east,2x10 #3,2024-03-07,2x10,3,10,235,True,G3_4
east,2x10 #3,2024-03-14,2x10,3,10,240,True,G3_4
east,2x10 #3,2024-03-21,2x10,3,10,245,True,G3_4
east,2x10 #3,2024-03-28,2x10,3,10,245,True,G3_4
east,2x10 #3,2024-04-04,2x10,3,10,245,True,G3_4
east,2x10 #3,2024-04-11,2x10,3,10,245,True,G3_4
east,2x10 #3,2024-04-18,2x10,3,10,245,True,G3_4
east,2x10 #3,2024-04-25,2x10,3,10,245,True,G3_4
east,2x10 #3,2024-05-02,2x10,3,10,245,True,G3_4
east,2x10 #3,2024-05-09,2x10,3,10,245,True,G3_4
east,2x10 #3,2024-05-16,2x10,3,10,245,True,G3_4
east,2x10 #3,2024-05-30,2x10,3,10,250,True,G3_4
east,2x10 #3,2024-06-06,2x10,3,10,250,True,G3_4
east,2x10 #3,2024-06-13,2x10,3,10,250,True,G3_4
east,2x10 #3,2024-06-20,2x10,3,10,250,True,G3_4
east,2x10 #3,2024-06-27,2x10,3,10,245,True,G3_4
east,2x10 #3,2024-07-04,2x10,3,10,245,True,G3_4
east,2x10 #3,2024-07-11,2x10,3,10,245,True,G3_4
east,2x10 #3,2024-07-18,2x10,3,10,245,True,G3_4
east,2x10 #3,2024-07-25,2x10,3,10,245,True,G3_4
east,2x10 #3,2024-08-01,2x10,3,10,245,True,G3_4
east,2x10 #3,2024-08-08,2x10,3,10,245,True,G3_4
east,2x10 #3,2024-08-15,2x10,3,10,245,True,G3_4
east,2x10 #3,2024-08-22,2x10,3,10,245,True,G3_4
east,2x10 #3,2024-08-29,2x10,3,10,245,True,G3_4
east,2x10 #3,2024-09-05,2x10,3,10,245,True,G3_4
east,2x10 #3,2024-09-12,2x10,3,10,245,True,G3_4
east,2x10 #3,2024-09-20,2x10,3,10,245,True,G3_4
east,2x10 #3,2024-09-27,2x10,3,10,245,True,G3_4
east,2x10 #3,2024-10-04,2x10,3,10,250,True,G3_4
east,2x10 #3,2024-10-11,2x10,3,10,250,True,G3_4
east,2x10 #3,2024-10-18,2x10,3,10,250,True,G3_4
east,2x10 #3,2024-10-25,2x10,3,10,255,True,G3_4
east,2x10 #3,2024-11-01,2x10,3,10,260,True,G3_4
east,2x10 #3,2024-11-08,2x10,3,10,260,True,G3_4
east,2x10 #3,2024-11-15,2x10,3,10,265,True,G3_4
east,2x10 #3,2024-11-22,2x10,3,10,260,True,G3_4
east,2x10 #3,2024-11-27,2x10,3,10,260,True,G3_4
east,2x10 #3,2024-12-06,2x10,3,10,260,True,G3_4
east,2x10 #3,2024-12-13,2x10,3,10,260,True,G3_4
east,2x10 #3,2024-12-20,2x10,3,10,260,True,G3_4
east,2x10 #3,2025-01-03,2x10,3,10,265,True,G3_4
east,2x10 #3,2025-01-10,2x10,3,10,265,True,G3_4
east,2x10 #3,2025-01-17,2x10,3,10,265,True,G3_4
east,2x10 #3,2025-01-24,2x10,3,10,265,True,G3_4
east,2x10 #3,2025-01-31,2x10,3,10,265,True,G3_4
east,2x10 #3,2025-02-07,2x10,3,10,265,True,G3_4
east,2x10 #3,2025-02-14,2x10,3,10,265,True,G3_4
east,2x10 #3,2025-02-21,2x10,3,10,265,True,G3_4
east,2x10 #3,2025-02-28,2x10,3,10,265,True,G3_4
east,2x10 #3,2025-03-07,2x10,3,10,270,True,G3_4
east,2x10 #3,2025-03-14,2x10,3,10,280,True,G3_4
east,2x10 #3,2025-03-21,2x10,3,10,290,True,G3_4
east,2x10 #3,2025-03-28,2x10,3,10,295,True,G3_4
east,2x10 #3,2025-04-04,2x10,3,10,295,True,G3_4
east,2x10 #3,2025-04-11,2x10,3,10,300,True,G3_4
east,2x10 #3,2025-04-18,2x10,3,10,305,True,G3_4
east,2x10 #3,2025-04-25,2x10,3,10,305,True,G3_4
east,2x10 #3,2025-05-02,2x10,3,10,305,True,G3_4
east,2x10 #3,2025-05-09,2x10,3,10,300,True,G3_4
east,2x10 #3,2025-05-16,2x10,3,10,295,True,G3_4
east,2x10 #3,2025-05-23,2x10,3,10,295,True,G3_4
east,2x10 #3,2025-05-30,2x10,3,10,290,True,G3_4
east,2x10 #3,2025-06-06,2x10,3,10,285,True,G3_4
east,2x10 #3,2025-06-13,2x10,3,10,280,True,G3_4
east,2x10 #3,2025-06-19,2x10,3,10,270,True,G3_4
east,2x10 #3,2025-06-27,2x10,3,10,260,True,G3_4
east,2x10 #3,2025-07-03,2x10,3,10,250,True,G3_4
east,2x10 #3,2025-07-11,2x10,3,10,250,True,G3_4
east,2x10 #3,2025-07-18,2x10,3,10,245,True,G3_4
east,2x10 #3,2025-07-25,2x10,3,10,245,True,G3_4
east,2x10 #3,2025-08-01,2x10,3,10,245,True,G3_4
east,2x10 #3,2025-08-08,2x10,3,10,250,True,G3_4
east,2x10 #3,2025-08-15,2x10,3,10,245,True,G3_4
east,2x10 #3,2025-08-22,2x10,3,10,245,True,G3_4
east,2x10 #3,2025-08-29,2x10,3,10,245,True,G3_4
east,2x10 #3,2025-09-05,2x10,3,10,245,True,G3_4
east,2x10 #3,2025-09-12,2x10,3,10,245,True,G3_4
east,2x10 #3,2025-09-19,2x10,3,10,250,True,G3_4
east,2x10 #3,2025-09-26,2x10,3,10,250,True,G3_4
east,2x10 #3,2025-10-03,2x10,3,10,245,True,G3_4
east,2x10 #3,2025-10-10,2x10,3,10,245,True,G3_4
east,2x10 #3,2025-10-17,2x10,3,10,240,True,G3_4
east,2x10 #3,2024-01-12,2x10,3,12,230,True,G3_4
east,2x10 #3,2024-01-18,2x10,3,12,225,True,G3_4
east,2x10 #3,2024-01-25,2x10,3,12,225,True,G3_4
east,2x10 #3,2024-02-08,2x10,3,12,225,True,G3_4
east,2x10 #3,2024-02-15,2x10,3,12,225,True,G3_4
east,2x10 #3,2024-02-22,2x10,3,12,225,True,G3_4
east,2x10 #3,2024-02-29,2x10,3,12,225,True,G3_4
east,2x10 #3,2024-03-07,2x10,3,12,235,True,G3_4
east,2x10 #3,2024-03-14,2x10,3,12,240,True,G3_4
east,2x10 #3,2024-03-21,2x10,3,12,245,True,G3_4
east,2x10 #3,2024-03-28,2x10,3,12,245,True,G3_4
east,2x10 #3,2024-04-04,2x10,3,12,245,True,G3_4
east,2x10 #3,2024-04-11,2x10,3,12,245,True,G3_4
east,2x10 #3,2024-04-18,2x10,3,12,245,True,G3_4
east,2x10 #3,2024-04-25,2x10,3,12,245,True,G3_4
east,2x10 #3,2024-05-02,2x10,3,12,245,True,G3_4
east,2x10 #3,2024-05-09,2x10,3,12,245,True,G3_4
east,2x10 #3,2024-05-16,2x10,3,12,245,True,G3_4
east,2x10 #3,2024-05-30,2x10,3,12,250,True,G3_4
east,2x10 #3,2024-06-06,2x10,3,12,250,True,G3_4
east,2x10 #3,2024-06-13,2x10,3,12,250,True,G3_4
east,2x10 #3,2024-06-20,2x10,3,12,250,True,G3_4
east,2x10 #3,2024-06-27,2x10,3,12,245,True,G3_4
east,2x10 #3,2024-07-04,2x10,3,12,245,True,G3_4
east,2x10 #3,2024-07-11,2x10,3,12,245,True,G3_4
east,2x10 #3,2024-07-18,2x10,3,12,245,True,G3_4
east,2x10 #3,2024-07-25,2x10,3,12,245,True,G3_4
east,2x10 #3,2024-08-01,2x10,3,12,245,True,G3_4
east,2x10 #3,2024-08-08,2x10,3,12,245,True,G3_4
east,2x10 #3,2024-08-15,2x10,3,12,245,True,G3_4
east,2x10 #3,2024-08-22,2x10,3,12,245,True,G3_4
east,2x10 #3,2024-08-29,2x10,3,12,245,True,G3_4
east,2x10 #3,2024-09-05,2x10,3,12,245,True,G3_4
east,2x10 #3,2024-09-12,2x10,3,12,245,True,G3_4
east,2x10 #3,2024-09-20,2x10,3,12,245,True,G3_4
east,2x10 #3,2024-09-27,2x10,3,12,245,True,G3_4
east,2x10 #3,2024-10-04,2x10,3,12,250,True,G3_4
east,2x10 #3,2024-10-11,2x10,3,12,250,True,G3_4
east,2x10 #3,2024-10-18,2x10,3,12,250,True,G3_4
east,2x10 #3,2024-10-25,2x10,3,12,255,True,G3_4
east,2x10 #3,2024-11-01,2x10,3,12,260,True,G3_4
east,2x10 #3,2024-11-08,2x10,3,12,260,True,G3_4
east,2x10 #3,2024-11-15,2x10,3,12,265,True,G3_4
east,2x10 #3,2024-11-22,2x10,3,12,260,True,G3_4
east,2x10 #3,2024-11-27,2x10,3,12,260,True,G3_4
east,2x10 #3,2024-12-06,2x10,3,12,260,True,G3_4
east,2x10 #3,2024-12-13,2x10,3,12,260,True,G3_4
east,2x10 #3,2024-12-20,2x10,3,12,260,True,G3_4
east,2x10 #3,2025-01-03,2x10,3,12,265,True,G3_4
east,2x10 #3,2025-01-10,2x10,3,12,265,True,G3_4
east,2x10 #3,2025-01-17,2x10,3,12,265,True,G3_4
east,2x10 #3,2025-01-24,2x10,3,12,265,True,G3_4
east,2x10 #3,2025-01-31,2x10,3,12,265,True,G3_4
east,2x10 #3,2025-02-07,2x10,3,12,265,True,G3_4
east,2x10 #3,2025-02-14,2x10,3,12,265,True,G3_4
east,2x10 #3,2025-02-21,2x10,3,12,265,True,G3_4
east,2x10 #3,2025-02-28,2x10,3,12,265,True,G3_4
east,2x10 #3,2025-03-07,2x10,3,12,270,True,G3_4
east,2x10 #3,2025-03-14,2x10,3,12,280,True,G3_4
east,2x10 #3,2025-03-21,2x10,3,12,290,True,G3_4
east,2x10 #3,2025-03-28,2x10,3,12,295,True,G3_4
east,2x10 #3,2025-04-04,2x10,3,12,295,True,G3_4
east,2x10 #3,2025-04-11,2x10,3,12,300,True,G3_4
east,2x10 #3,2025-04-18,2x10,3,12,305,True,G3_4
east,2x10 #3,2025-04-25,2x10,3,12,305,True,G3_4
east,2x10 #3,2025-05-02,2x10,3,12,305,True,G3_4
east,2x10 #3,2025-05-09,2x10,3,12,300,True,G3_4
east,2x10 #3,2025-05-16,2x10,3,12,295,True,G3_4
east,2x10 #3,2025-05-23,2x10,3,12,295,True,G3_4
east,2x10 #3,2025-05-30,2x10,3,12,290,True,G3_4
east,2x10 #3,2025-06-06,2x10,3,12,285,True,G3_4
east,2x10 #3,2025-06-13,2x10,3,12,280,True,G3_4
east,2x10 #3,2025-06-19,2x10,3,12,270,True,G3_4
east,2x10 #3,2025-06-27,2x10,3,12,260,True,G3_4
east,2x10 #3,2025-07-03,2x10,3,12,250,True,G3_4
east,2x10 #3,2025-07-11,2x10,3,12,250,True,G3_4
east,2x10 #3,2025-07-18,2x10,3,12,245,True,G3_4
east,2x10 #3,2025-07-25,2x10,3,12,245,True,G3_4
east,2x10 #3,2025-08-01,2x10,3,12,245,True,G3_4
east,2x10 #3,2025-08-08,2x10,3,12,250,True,G3_4
east,2x10 #3,2025-08-15,2x10,3,12,245,True,G3_4
east,2x10 #3,2025-08-22,2x10,3,12,245,True,G3_4
east,2x10 #3,2025-08-29,2x10,3,12,245,True,G3_4
east,2x10 #3,2025-09-05,2x10,3,12,245,True,G3_4
east,2x10 #3,2025-09-12,2x10,3,12,245,True,G3_4
east,2x10 #3,2025-09-19,2x10,3,12,250,True,G3_4
east,2x10 #3,2025-09-26,2x10,3,12,250,True,G3_4
east,2x10 #3,2025-10-03,2x10,3,12,245,True,G3_4
east,2x10 #3,2025-10-10,2x10,3,12,245,True,G3_4
east,2x10 #3,2025-10-17,2x10,3,12,240,True,G3_4
east,2x10 #3,2024-01-12,2x10,3,14,230,True,G3_4
east,2x10 #3,2024-01-18,2x10,3,14,225,True,G3_4
east,2x10 #3,2024-01-25,2x10,3,14,225,True,G3_4
east,2x10 #3,2024-02-08,2x10,3,14,225,True,G3_4
east,2x10 #3,2024-02-15,2x10,3,14,225,True,G3_4
east,2x10 #3,2024-02-22,2x10,3,14,225,True,G3_4
east,2x10 #3,2024-02-29,2x10,3,14,225,True,G3_4
east,2x10 #3,2024-03-07,2x10,3,14,235,True,G3_4
east,2x10 #3,2024-03-14,2x10,3,14,240,True,G3_4
east,2x10 #3,2024-03-21,2x10,3,14,245,True,G3_4
east,2x10 #3,2024-03-28,2x10,3,14,245,True,G3_4
east,2x10 #3,2024-04-04,2x10,3,14,245,True,G3_4
east,2x10 #3,2024-04-11,2x10,3,14,245,True,G3_4
east,2x10 #3,2024-04-18,2x10,3,14,245,True,G3_4
east,2x10 #3,2024-04-25,2x10,3,14,245,True,G3_4
east,2x10 #3,2024-05-02,2x10,3,14,245,True,G3_4
east,2x10 #3,2024-05-09,2x10,3,14,245,True,G3_4
east,2x10 #3,2024-05-16,2x10,3,14,245,True,G3_4
east,2x10 #3,2024-05-30,2x10,3,14,250,True,G3_4
east,2x10 #3,2024-06-06,2x10,3,14,250,True,G3_4
east,2x10 #3,2024-06-13,2x10,3,14,250,True,G3_4
east,2x10 #3,2024-06-20,2x10,3,14,250,True,G3_4
east,2x10 #3,2024-06-27,2x10,3,14,245,True,G3_4
east,2x10 #3,2024-07-04,2x10,3,14,245,True,G3_4
east,2x10 #3,2024-07-11,2x10,3,14,245,True,G3_4
east,2x10 #3,2024-07-18,2x10,3,14,245,True,G3_4
east,2x10 #3,2024-07-25,2x10,3,14,245,True,G3_4
east,2x10 #3,2024-08-01,2x10,3,14,245,True,G3_4
east,2x10 #3,2024-08-08,2x10,3,14,245,True,G3_4
east,2x10 #3,2024-08-15,2x10,3,14,245,True,G3_4
east,2x10 #3,2024-08-22,2x10,3,14,245,True,G3_4
east,2x10 #3,2024-08-29,2x10,3,14,245,True,G3_4
east,2x10 #3,2024-09-05,2x10,3,14,245,True,G3_4
east,2x10 #3,2024-09-12,2x10,3,14,245,True,G3_4
east,2x10 #3,2024-09-20,2x10,3,14,245,True,G3_4
east,2x10 #3,2024-09-27,2x10,3,14,245,True,G3_4
east,2x10 #3,2024-10-04,2x10,3,14,250,True,G3_4
east,2x10 #3,2024-10-11,2x10,3,14,250,True,G3_4
east,2x10 #3,2024-10-18,2x10,3,14,250,True,G3_4
east,2x10 #3,2024-10-25,2x10,3,14,255,True,G3_4
east,2x10 #3,2024-11-01,2x10,3,14,260,True,G3_4
east,2x10 #3,2024-11-08,2x10,3,14,260,True,G3_4
east,2x10 #3,2024-11-15,2x10,3,14,265,True,G3_4
east,2x10 #3,2024-11-22,2x10,3,14,260,True,G3_4
east,2x10 #3,2024-11-27,2x10,3,14,260,True,G3_4
east,2x10 #3,2024-12-06,2x10,3,14,260,True,G3_4
east,2x10 #3,2024-12-13,2x10,3,14,260,True,G3_4
east,2x10 #3,2024-12-20,2x10,3,14,260,True,G3_4
east,2x10 #3,2025-01-03,2x10,3,14,265,True,G3_4
east,2x10 #3,2025-01-10,2x10,3,14,265,True,G3_4
east,2x10 #3,2025-01-17,2x10,3,14,265,True,G3_4
east,2x10 #3,2025-01-24,2x10,3,14,265,True,G3_4
east,2x10 #3,2025-01-31,2x10,3,14,265,True,G3_4
east,2x10 #3,2025-02-07,2x10,3,14,265,True,G3_4
east,2x10 #3,2025-02-14,2x10,3,14,265,True,G3_4
east,2x10 #3,2025-02-21,2x10,3,14,265,True,G3_4
east,2x10 #3,2025-02-28,2x10,3,14,265,True,G3_4
east,2x10 #3,2025-03-07,2x10,3,14,270,True,G3_4
east,2x10 #3,2025-03-14,2x10,3,14,280,True,G3_4
east,2x10 #3,2025-03-21,2x10,3,14,290,True,G3_4
east,2x10 #3,2025-03-28,2x10,3,14,295,True,G3_4
east,2x10 #3,2025-04-04,2x10,3,14,295,True,G3_4
east,2x10 #3,2025-04-11,2x10,3,14,300,True,G3_4
east,2x10 #3,2025-04-18,2x10,3,14,305,True,G3_4
east,2x10 #3,2025-04-25,2x10,3,14,305,True,G3_4
east,2x10 #3,2025-05-02,2x10,3,14,305,True,G3_4
east,2x10 #3,2025-05-09,2x10,3,14,300,True,G3_4
east,2x10 #3,2025-05-16,2x10,3,14,295,True,G3_4
east,2x10 #3,2025-05-23,2x10,3,14,295,True,G3_4
east,2x10 #3,2025-05-30,2x10,3,14,290,True,G3_4
east,2x10 #3,2025-06-06,2x10,3,14,285,True,G3_4
east,2x10 #3,2025-06-13,2x10,3,14,280,True,G3_4
east,2x10 #3,2025-06-19,2x10,3,14,270,True,G3_4
east,2x10 #3,2025-06-27,2x10,3,14,260,True,G3_4
east,2x10 #3,2025-07-03,2x10,3,14,250,True,G3_4
east,2x10 #3,2025-07-11,2x10,3,14,250,True,G3_4
east,2x10 #3,2025-07-18,2x10,3,14,245,True,G3_4
east,2x10 #3,2025-07-25,2x10,3,14,245,True,G3_4
east,2x10 #3,2025-08-01,2x10,3,14,245,True,G3_4
east,2x10 #3,2025-08-08,2x10,3,14,250,True,G3_4
east,2x10 #3,2025-08-15,2x10,3,14,245,True,G3_4
east,2x10 #3,2025-08-22,2x10,3,14,245,True,G3_4
east,2x10 #3,2025-08-29,2x10,3,14,245,True,G3_4
east,2x10 #3,2025-09-05,2x10,3,14,245,True,G3_4
east,2x10 #3,2025-09-12,2x10,3,14,245,True,G3_4
east,2x10 #3,2025-09-19,2x10,3,14,250,True,G3_4
east,2x10 #3,2025-09-26,2x10,3,14,250,True,G3_4
east,2x10 #3,2025-10-03,2x10,3,14,245,True,G3_4
east,2x10 #3,2025-10-10,2x10,3,14,245,True,G3_4
east,2x10 #3,2025-10-17,2x10,3,14,240,True,G3_4
east,2x10 #3,2024-01-12,2x10,3,16,230,True,G3_4
east,2x10 #3,2024-01-18,2x10,3,16,225,True,G3_4
east,2x10 #3,2024-01-25,2x10,3,16,225,True,G3_4
east,2x10 #3,2024-02-08,2x10,3,16,225,True,G3_4
east,2x10 #3,2024-02-15,2x10,3,16,225,True,G3_4
east,2x10 #3,2024-02-22,2x10,3,16,225,True,G3_4
east,2x10 #3,2024-02-29,2x10,3,16,225,True,G3_4
east,2x10 #3,2024-03-07,2x10,3,16,235,True,G3_4
east,2x10 #3,2024-03-14,2x10,3,16,240,True,G3_4
east,2x10 #3,2024-03-21,2x10,3,16,245,True,G3_4
east,2x10 #3,2024-03-28,2x10,3,16,245,True,G3_4
east,2x10 #3,2024-04-04,2x10,3,16,245,True,G3_4
east,2x10 #3,2024-04-11,2x10,3,16,245,True,G3_4
east,2x10 #3,2024-04-18,2x10,3,16,245,True,G3_4
east,2x10 #3,2024-04-25,2x10,3,16,245,True,G3_4
east,2x10 #3,2024-05-02,2x10,3,16,245,True,G3_4
east,2x10 #3,2024-05-09,2x10,3,16,245,True,G3_4
east,2x10 #3,2024-05-16,2x10,3,16,245,True,G3_4
east,2x10 #3,2024-05-30,2x10,3,16,250,True,G3_4
east,2x10 #3,2024-06-06,2x10,3,16,250,True,G3_4
east,2x10 #3,2024-06-13,2x10,3,16,250,True,G3_4
east,2x10 #3,2024-06-20,2x10,3,16,250,True,G3_4
east,2x10 #3,2024-06-27,2x10,3,16,245,True,G3_4
east,2x10 #3,2024-07-04,2x10,3,16,245,True,G3_4
east,2x10 #3,2024-07-11,2x10,3,16,245,True,G3_4
east,2x10 #3,2024-07-18,2x10,3,16,245,True,G3_4
east,2x10 #3,2024-07-25,2x10,3,16,245,True,G3_4
east,2x10 #3,2024-08-01,2x10,3,16,245,True,G3_4
east,2x10 #3,2024-08-08,2x10,3,16,245,True,G3_4
east,2x10 #3,2024-08-15,2x10,3,16,245,True,G3_4
east,2x10 #3,2024-08-22,2x10,3,16,245,True,G3_4
east,2x10 #3,2024-08-29,2x10,3,16,245,True,G3_4
east,2x10 #3,2024-09-05,2x10,3,16,245,True,G3_4
east,2x10 #3,2024-09-12,2x10,3,16,245,True,G3_4
east,2x10 #3,2024-09-20,2x10,3,16,245,True,G3_4
east,2x10 #3,2024-09-27,2x10,3,16,245,True,G3_4
east,2x10 #3,2024-10-04,2x10,3,16,250,True,G3_4
east,2x10 #3,2024-10-11,2x10,3,16,250,True,G3_4
east,2x10 #3,2024-10-18,2x10,3,16,250,True,G3_4
east,2x10 #3,2024-10-25,2x10,3,16,255,True,G3_4
east,2x10 #3,2024-11-01,2x10,3,16,260,True,G3_4
east,2x10 #3,2024-11-08,2x10,3,16,260,True,G3_4
east,2x10 #3,2024-11-15,2x10,3,16,265,True,G3_4
east,2x10 #3,2024-11-22,2x10,3,16,260,True,G3_4
east,2x10 #3,2024-11-27,2x10,3,16,260,True,G3_4
east,2x10 #3,2024-12-06,2x10,3,16,260,True,G3_4
east,2x10 #3,2024-12-13,2x10,3,16,260,True,G3_4
east,2x10 #3,2024-12-20,2x10,3,16,260,True,G3_4
east,2x10 #3,2025-01-03,2x10,3,16,265,True,G3_4
east,2x10 #3,2025-01-10,2x10,3,16,265,True,G3_4
east,2x10 #3,2025-01-17,2x10,3,16,265,True,G3_4
east,2x10 #3,2025-01-24,2x10,3,16,265,True,G3_4
east,2x10 #3,2025-01-31,2x10,3,16,265,True,G3_4
east,2x10 #3,2025-02-07,2x10,3,16,265,True,G3_4
east,2x10 #3,2025-02-14,2x10,3,16,265,True,G3_4
east,2x10 #3,2025-02-21,2x10,3,16,265,True,G3_4
east,2x10 #3,2025-02-28,2x10,3,16,265,True,G3_4
east,2x10 #3,2025-03-07,2x10,3,16,270,True,G3_4
east,2x10 #3,2025-03-14,2x10,3,16,280,True,G3_4
east,2x10 #3,2025-03-21,2x10,3,16,290,True,G3_4
east,2x10 #3,2025-03-28,2x10,3,16,295,True,G3_4
east,2x10 #3,2025-04-04,2x10,3,16,295,True,G3_4
east,2x10 #3,2025-04-11,2x10,3,16,300,True,G3_4
east,2x10 #3,2025-04-18,2x10,3,16,305,True,G3_4
east,2x10 #3,2025-04-25,2x10,3,16,305,True,G3_4
east,2x10 #3,2025-05-02,2x10,3,16,305,True,G3_4
east,2x10 #3,2025-05-09,2x10,3,16,300,True,G3_4
east,2x10 #3,2025-05-16,2x10,3,16,295,True,G3_4
east,2x10 #3,2025-05-23,2x10,3,16,295,True,G3_4
east,2x10 #3,2025-05-30,2x10,3,16,290,True,G3_4
east,2x10 #3,2025-06-06,2x10,3,16,285,True,G3_4
east,2x10 #3,2025-06-13,2x10,3,16,280,True,G3_4
east,2x10 #3,2025-06-19,2x10,3,16,270,True,G3_4
east,2x10 #3,2025-06-27,2x10,3,16,260,True,G3_4
east,2x10 #3,2025-07-03,2x10,3,16,250,True,G3_4
east,2x10 #3,2025-07-11,2x10,3,16,250,True,G3_4
east,2x10 #3,2025-07-18,2x10,3,16,245,True,G3_4
east,2x10 #3,2025-07-25,2x10,3,16,245,True,G3_4
east,2x10 #3,2025-08-01,2x10,3,16,245,True,G3_4
east,2x10 #3,2025-08-08,2x10,3,16,250,True,G3_4
east,2x10 #3,2025-08-15,2x10,3,16,245,True,G3_4
east,2x10 #3,2025-08-22,2x10,3,16,245,True,G3_4
east,2x10 #3,2025-08-29,2x10,3,16,245,True,G3_4
east,2x10 #3,2025-09-05,2x10,3,16,245,True,G3_4
east,2x10 #3,2025-09-12,2x10,3,16,245,True,G3_4
east,2x10 #3,2025-09-19,2x10,3,16,250,True,G3_4
east,2x10 #3,2025-09-26,2x10,3,16,250,True,G3_4
east,2x10 #3,2025-10-03,2x10,3,16,245,True,G3_4
east,2x10 #3,2025-10-10,2x10,3,16,245,True,G3_4
east,2x10 #3,2025-10-17,2x10,3,16,240,True,G3_4
east,2x10 #3,2024-01-12,2x10,3,18,230,True,G3_4
east,2x10 #3,2024-01-18,2x10,3,18,225,True,G3_4
east,2x10 #3,2024-01-25,2x10,3,18,225,True,G3_4
east,2x10 #3,2024-02-08,2x10,3,18,225,True,G3_4
east,2x10 #3,2024-02-15,2x10,3,18,225,True,G3_4
east,2x10 #3,2024-02-22,2x10,3,18,225,True,G3_4
east,2x10 #3,2024-02-29,2x10,3,18,225,True,G3_4
east,2x10 #3,2024-03-07,2x10,3,18,235,True,G3_4
east,2x10 #3,2024-03-14,2x10,3,18,240,True,G3_4
east,2x10 #3,2024-03-21,2x10,3,18,245,True,G3_4
east,2x10 #3,2024-03-28,2x10,3,18,245,True,G3_4
east,2x10 #3,2024-04-04,2x10,3,18,245,True,G3_4
east,2x10 #3,2024-04-11,2x10,3,18,245,True,G3_4
east,2x10 #3,2024-04-18,2x10,3,18,245,True,G3_4
east,2x10 #3,2024-04-25,2x10,3,18,245,True,G3_4
east,2x10 #3,2024-05-02,2x10,3,18,245,True,G3_4
east,2x10 #3,2024-05-09,2x10,3,18,245,True,G3_4
east,2x10 #3,2024-05-16,2x10,3,18,245,True,G3_4
east,2x10 #3,2024-05-30,2x10,3,18,250,True,G3_4
east,2x10 #3,2024-06-06,2x10,3,18,250,True,G3_4
east,2x10 #3,2024-06-13,2x10,3,18,250,True,G3_4
east,2x10 #3,2024-06-20,2x10,3,18,250,True,G3_4
east,2x10 #3,2024-06-27,2x10,3,18,245,True,G3_4
east,2x10 #3,2024-07-04,2x10,3,18,245,True,G3_4
east,2x10 #3,2024-07-11,2x10,3,18,245,True,G3_4
east,2x10 #3,2024-07-18,2x10,3,18,245,True,G3_4
east,2x10 #3,2024-07-25,2x10,3,18,245,True,G3_4
east,2x10 #3,2024-08-01,2x10,3,18,245,True,G3_4
east,2x10 #3,2024-08-08,2x10,3,18,245,True,G3_4
east,2x10 #3,2024-08-15,2x10,3,18,245,True,G3_4
east,2x10 #3,2024-08-22,2x10,3,18,245,True,G3_4
east,2x10 #3,2024-08-29,2x10,3,18,245,True,G3_4
east,2x10 #3,2024-09-05,2x10,3,18,245,True,G3_4
east,2x10 #3,2024-09-12,2x10,3,18,245,True,G3_4
east,2x10 #3,2024-09-20,2x10,3,18,245,True,G3_4
east,2x10 #3,2024-09-27,2x10,3,18,245,True,G3_4
east,2x10 #3,2024-10-04,2x10,3,18,250,True,G3_4
east,2x10 #3,2024-10-11,2x10,3,18,250,True,G3_4
east,2x10 #3,2024-10-18,2x10,3,18,250,True,G3_4
east,2x10 #3,2024-10-25,2x10,3,18,255,True,G3_4
east,2x10 #3,2024-11-01,2x10,3,18,260,True,G3_4
east,2x10 #3,2024-11-08,2x10,3,18,260,True,G3_4
east,2x10 #3,2024-11-15,2x10,3,18,265,True,G3_4
east,2x10 #3,2024-11-22,2x10,3,18,260,True,G3_4
east,2x10 #3,2024-11-27,2x10,3,18,260,True,G3_4
east,2x10 #3,2024-12-06,2x10,3,18,260,True,G3_4
east,2x10 #3,2024-12-13,2x10,3,18,260,True,G3_4
east,2x10 #3,2024-12-20,2x10,3,18,260,True,G3_4
east,2x10 #3,2025-01-03,2x10,3,18,265,True,G3_4
east,2x10 #3,2025-01-10,2x10,3,18,265,True,G3_4
east,2x10 #3,2025-01-17,2x10,3,18,265,True,G3_4
east,2x10 #3,2025-01-24,2x10,3,18,265,True,G3_4
east,2x10 #3,2025-01-31,2x10,3,18,265,True,G3_4
east,2x10 #3,2025-02-07,2x10,3,18,265,True,G3_4
east,2x10 #3,2025-02-14,2x10,3,18,265,True,G3_4
east,2x10 #3,2025-02-21,2x10,3,18,265,True,G3_4
east,2x10 #3,2025-02-28,2x10,3,18,265,True,G3_4
east,2x10 #3,2025-03-07,2x10,3,18,270,True,G3_4
east,2x10 #3,2025-03-14,2x10,3,18,280,True,G3_4
east,2x10 #3,2025-03-21,2x10,3,18,290,True,G3_4
east,2x10 #3,2025-03-28,2x10,3,18,295,True,G3_4
east,2x10 #3,2025-04-04,2x10,3,18,295,True,G3_4
east,2x10 #3,2025-04-11,2x10,3,18,300,True,G3_4
east,2x10 #3,2025-04-18,2x10,3,18,305,True,G3_4
east,2x10 #3,2025-04-25,2x10,3,18,305,True,G3_4
east,2x10 #3,2025-05-02,2x10,3,18,305,True,G3_4
east,2x10 #3,2025-05-09,2x10,3,18,300,True,G3_4
east,2x10 #3,2025-05-16,2x10,3,18,295,True,G3_4
east,2x10 #3,2025-05-23,2x10,3,18,295,True,G3_4
east,2x10 #3,2025-05-30,2x10,3,18,290,True,G3_4
east,2x10 #3,2025-06-06,2x10,3,18,285,True,G3_4
east,2x10 #3,2025-06-13,2x10,3,18,280,True,G3_4
east,2x10 #3,2025-06-19,2x10,3,18,270,True,G3_4
east,2x10 #3,2025-06-27,2x10,3,18,260,True,G3_4
east,2x10 #3,2025-07-03,2x10,3,18,250,True,G3_4
east,2x10 #3,2025-07-11,2x10,3,18,250,True,G3_4
east,2x10 #3,2025-07-18,2x10,3,18,245,True,G3_4
east,2x10 #3,2025-07-25,2x10,3,18,245,True,G3_4
east,2x10 #3,2025-08-01,2x10,3,18,245,True,G3_4
east,2x10 #3,2025-08-08,2x10,3,18,250,True,G3_4
east,2x10 #3,2025-08-15,2x10,3,18,245,True,G3_4
east,2x10 #3,2025-08-22,2x10,3,18,245,True,G3_4
east,2x10 #3,2025-08-29,2x10,3,18,245,True,G3_4
east,2x10 #3,2025-09-05,2x10,3,18,245,True,G3_4
east,2x10 #3,2025-09-12,2x10,3,18,245,True,G3_4
east,2x10 #3,2025-09-19,2x10,3,18,250,True,G3_4
east,2x10 #3,2025-09-26,2x10,3,18,250,True,G3_4
east,2x10 #3,2025-10-03,2x10,3,18,245,True,G3_4
east,2x10 #3,2025-10-10,2x10,3,18,245,True,G3_4
east,2x10 #3,2025-10-17,2x10,3,18,240,True,G3_4
east,2x10 #3,2024-01-12,2x10,3,20,230,True,G3_4
east,2x10 #3,2024-01-18,2x10,3,20,225,True,G3_4
east,2x10 #3,2024-01-25,2x10,3,20,225,True,G3_4
east,2x10 #3,2024-02-08,2x10,3,20,225,True,G3_4
east,2x10 #3,2024-02-15,2x10,3,20,225,True,G3_4
east,2x10 #3,2024-02-22,2x10,3,20,225,True,G3_4
east,2x10 #3,2024-02-29,2x10,3,20,225,True,G3_4
east,2x10 #3,2024-03-07,2x10,3,20,235,True,G3_4
east,2x10 #3,2024-03-14,2x10,3,20,240,True,G3_4
east,2x10 #3,2024-03-21,2x10,3,20,245,True,G3_4
east,2x10 #3,2024-03-28,2x10,3,20,245,True,G3_4
east,2x10 #3,2024-04-04,2x10,3,20,245,True,G3_4
east,2x10 #3,2024-04-11,2x10,3,20,245,True,G3_4
east,2x10 #3,2024-04-18,2x10,3,20,245,True,G3_4
east,2x10 #3,2024-04-25,2x10,3,20,245,True,G3_4
east,2x10 #3,2024-05-02,2x10,3,20,245,True,G3_4
east,2x10 #3,2024-05-09,2x10,3,20,245,True,G3_4
east,2x10 #3,2024-05-16,2x10,3,20,245,True,G3_4
east,2x10 #3,2024-05-30,2x10,3,20,250,True,G3_4
east,2x10 #3,2024-06-06,2x10,3,20,250,True,G3_4
east,2x10 #3,2024-06-13,2x10,3,20,250,True,G3_4
east,2x10 #3,2024-06-20,2x10,3,20,250,True,G3_4
east,2x10 #3,2024-06-27,2x10,3,20,245,True,G3_4
east,2x10 #3,2024-07-04,2x10,3,20,245,True,G3_4
east,2x10 #3,2024-07-11,2x10,3,20,245,True,G3_4
east,2x10 #3,2024-07-18,2x10,3,20,245,True,G3_4
east,2x10 #3,2024-07-25,2x10,3,20,245,True,G3_4
east,2x10 #3,2024-08-01,2x10,3,20,245,True,G3_4
east,2x10 #3,2024-08-08,2x10,3,20,245,True,G3_4
east,2x10 #3,2024-08-15,2x10,3,20,245,True,G3_4
east,2x10 #3,2024-08-22,2x10,3,20,245,True,G3_4
east,2x10 #3,2024-08-29,2x10,3,20,245,True,G3_4
east,2x10 #3,2024-09-05,2x10,3,20,245,True,G3_4
east,2x10 #3,2024-09-12,2x10,3,20,245,True,G3_4
east,2x10 #3,2024-09-20,2x10,3,20,245,True,G3_4
east,2x10 #3,2024-09-27,2x10,3,20,245,True,G3_4
east,2x10 #3,2024-10-04,2x10,3,20,250,True,G3_4
east,2x10 #3,2024-10-11,2x10,3,20,250,True,G3_4
east,2x10 #3,2024-10-18,2x10,3,20,250,True,G3_4
east,2x10 #3,2024-10-25,2x10,3,20,255,True,G3_4
east,2x10 #3,2024-11-01,2x10,3,20,260,True,G3_4
east,2x10 #3,2024-11-08,2x10,3,20,260,True,G3_4
east,2x10 #3,2024-11-15,2x10,3,20,265,True,G3_4
east,2x10 #3,2024-11-22,2x10,3,20,260,True,G3_4
east,2x10 #3,2024-11-27,2x10,3,20,260,True,G3_4
east,2x10 #3,2024-12-06,2x10,3,20,260,True,G3_4
east,2x10 #3,2024-12-13,2x10,3,20,260,True,G3_4
east,2x10 #3,2024-12-20,2x10,3,20,260,True,G3_4
east,2x10 #3,2025-01-03,2x10,3,20,265,True,G3_4
east,2x10 #3,2025-01-10,2x10,3,20,265,True,G3_4
east,2x10 #3,2025-01-17,2x10,3,20,265,True,G3_4
east,2x10 #3,2025-01-24,2x10,3,20,265,True,G3_4
east,2x10 #3,2025-01-31,2x10,3,20,265,True,G3_4
east,2x10 #3,2025-02-07,2x10,3,20,265,True,G3_4
east,2x10 #3,2025-02-14,2x10,3,20,265,True,G3_4
east,2x10 #3,2025-02-21,2x10,3,20,265,True,G3_4
east,2x10 #3,2025-02-28,2x10,3,20,265,True,G3_4
east,2x10 #3,2025-03-07,2x10,3,20,270,True,G3_4
east,2x10 #3,2025-03-14,2x10,3,20,280,True,G3_4
east,2x10 #3,2025-03-21,2x10,3,20,290,True,G3_4
east,2x10 #3,2025-03-28,2x10,3,20,295,True,G3_4
east,2x10 #3,2025-04-04,2x10,3,20,295,True,G3_4
east,2x10 #3,2025-04-11,2x10,3,20,300,True,G3_4
east,2x10 #3,2025-04-18,2x10,3,20,305,True,G3_4
east,2x10 #3,2025-04-25,2x10,3,20,305,True,G3_4
east,2x10 #3,2025-05-02,2x10,3,20,305,True,G3_4
east,2x10 #3,2025-05-09,2x10,3,20,300,True,G3_4
east,2x10 #3,2025-05-16,2x10,3,20,295,True,G3_4
east,2x10 #3,2025-05-23,2x10,3,20,295,True,G3_4
east,2x10 #3,2025-05-30,2x10,3,20,290,True,G3_4
east,2x10 #3,2025-06-06,2x10,3,20,285,True,G3_4
east,2x10 #3,2025-06-13,2x10,3,20,280,True,G3_4
east,2x10 #3,2025-06-19,2x10,3,20,270,True,G3_4
east,2x10 #3,2025-06-27,2x10,3,20,260,True,G3_4
east,2x10 #3,2025-07-03,2x10,3,20,250,True,G3_4
east,2x10 #3,2025-07-11,2x10,3,20,250,True,G3_4
east,2x10 #3,2025-07-18,2x10,3,20,245,True,G3_4
east,2x10 #3,2025-07-25,2x10,3,20,245,True,G3_4
east,2x10 #3,2025-08-01,2x10,3,20,245,True,G3_4
east,2x10 #3,2025-08-08,2x10,3,20,250,True,G3_4
east,2x10 #3,2025-08-15,2x10,3,20,245,True,G3_4
east,2x10 #3,2025-08-22,2x10,3,20,245,True,G3_4
east,2x10 #3,2025-08-29,2x10,3,20,245,True,G3_4
east,2x10 #3,2025-09-05,2x10,3,20,245,True,G3_4
east,2x10 #3,2025-09-12,2x10,3,20,245,True,G3_4
east,2x10 #3,2025-09-19,2x10,3,20,250,True,G3_4
east,2x10 #3,2025-09-26,2x10,3,20,250,True,G3_4
east,2x10 #3,2025-10-03,2x10,3,20,245,True,G3_4
east,2x10 #3,2025-10-10,2x10,3,20,245,True,G3_4
east,2x10 #3,2025-10-17,2x10,3,20,240,True,G3_4
east,2x10,2024-01-12,2x10,4,8,175,True,G3_4
east,2x10,2024-01-18,2x10,4,8,175,True,G3_4
east,2x10,2024-01-25,2x10,4,8,175,True,G3_4
east,2x10,2024-02-08,2x10,4,8,175,True,G3_4
east,2x10,2024-02-15,2x10,4,8,170,True,G3_4
east,2x10,2024-02-22,2x10,4,8,170,True,G3_4
east,2x10,2024-02-29,2x10,4,8,170,True,G3_4
east,2x10,2024-03-07,2x10,4,8,170,True,G3_4
east,2x10,2024-03-14,2x10,4,8,170,True,G3_4
east,2x10,2024-03-21,2x10,4,8,170,True,G3_4
east,2x10,2024-03-28,2x10,4,8,170,True,G3_4
east,2x10,2024-04-04,2x10,4,8,170,True,G3_4
east,2x10,2024-04-11,2x10,4,8,170,True,G3_4
east,2x10,2024-04-18,2x10,4,8,170,True,G3_4
east,2x10,2024-04-25,2x10,4,8,170,True,G3_4
east,2x10,2024-05-02,2x10,4,8,170,True,G3_4
east,2x10,2024-05-09,2x10,4,8,170,True,G3_4
east,2x10,2024-05-16,2x10,4,8,170,True,G3_4
east,2x10,2024-05-30,2x10,4,8,175,True,G3_4
east,2x10,2024-06-06,2x10,4,8,175,True,G3_4
east,2x10,2024-06-13,2x10,4,8,175,True,G3_4
east,2x10,2024-06-20,2x10,4,8,175,True,G3_4
east,2x10,2024-06-27,2x10,4,8,175,True,G3_4
east,2x10,2024-07-04,2x10,4,8,175,True,G3_4
east,2x10,2024-07-11,2x10,4,8,175,True,G3_4
east,2x10,2024-07-18,2x10,4,8,175,True,G3_4
east,2x10,2024-07-25,2x10,4,8,175,True,G3_4
east,2x10,2024-08-01,2x10,4,8,175,True,G3_4
east,2x10,2024-08-08,2x10,4,8,175,True,G3_4
east,2x10,2024-08-15,2x10,4,8,175,True,G3_4
east,2x10,2024-08-22,2x10,4,8,175,True,G3_4
east,2x10,2024-08-29,2x10,4,8,175,True,G3_4
east,2x10,2024-09-05,2x10,4,8,175,True,G3_4
east,2x10,2024-09-12,2x10,4,8,175,True,G3_4
east,2x10,2024-09-20,2x10,4,8,175,True,G3_4
east,2x10,2024-09-27,2x10,4,8,175,True,G3_4
east,2x10,2024-10-04,2x10,4,8,175,True,G3_4
east,2x10,2024-10-11,2x10,4,8,175,True,G3_4
east,2x10,2024-10-18,2x10,4,8,185,True,G3_4
east,2x10,2024-10-25,2x10,4,8,185,True,G3_4
east,2x10,2024-11-01,2x10,4,8,185,True,G3_4
east,2x10,2024-11-08,2x10,4,8,185,True,G3_4
east,2x10,2024-11-15,2x10,4,8,190,True,G3_4
east,2x10,2024-11-22,2x10,4,8,195,True,G3_4
east,2x10,2024-11-27,2x10,4,8,195,True,G3_4
east,2x10,2024-12-06,2x10,4,8,195,True,G3_4
east,2x10,2024-12-13,2x10,4,8,195,True,G3_4
east,2x10,2024-12-20,2x10,4,8,195,True,G3_4
east,2x10,2025-01-03,2x10,4,8,195,True,G3_4
east,2x10,2025-01-10,2x10,4,8,195,True,G3_4
east,2x10,2025-01-17,2x10,4,8,200,True,G3_4
east,2x10,2025-01-24,2x10,4,8,205,True,G3_4
east,2x10,2025-01-31,2x10,4,8,210,True,G3_4
east,2x10,2025-02-07,2x10,4,8,215,True,G3_4
east,2x10,2025-02-14,2x10,4,8,220,True,G3_4
east,2x10,2025-02-21,2x10,4,8,220,True,G3_4
east,2x10,2025-02-28,2x10,4,8,230,True,G3_4
east,2x10,2025-03-07,2x10,4,8,230,True,G3_4
east,2x10,2025-03-14,2x10,4,8,235,True,G3_4
east,2x10,2025-03-21,2x10,4,8,235,True,G3_4
east,2x10,2025-03-28,2x10,4,8,245,True,G3_4
east,2x10,2025-04-04,2x10,4,8,245,True,G3_4
east,2x10,2025-04-11,2x10,4,8,245,True,G3_4
east,2x10,2025-04-18,2x10,4,8,245,True,G3_4
east,2x10,2025-04-25,2x10,4,8,245,True,G3_4
east,2x10,2025-05-02,2x10,4,8,245,True,G3_4
east,2x10,2025-05-09,2x10,4,8,235,True,G3_4
east,2x10,2025-05-16,2x10,4,8,225,True,G3_4
east,2x10,2025-05-23,2x10,4,8,225,True,G3_4
east,2x10,2025-05-30,2x10,4,8,220,True,G3_4
east,2x10,2025-06-06,2x10,4,8,220,True,G3_4
east,2x10,2025-06-13,2x10,4,8,210,True,G3_4
east,2x10,2025-06-19,2x10,4,8,200,True,G3_4
east,2x10,2025-06-27,2x10,4,8,190,True,G3_4
east,2x10,2025-07-03,2x10,4,8,190,True,G3_4
east,2x10,2025-07-11,2x10,4,8,190,True,G3_4
east,2x10,2025-07-18,2x10,4,8,190,True,G3_4
east,2x10,2025-07-25,2x10,4,8,190,True,G3_4
east,2x10,2025-08-01,2x10,4,8,190,True,G3_4
east,2x10,2025-08-08,2x10,4,8,190,True,G3_4
east,2x10,2025-08-15,2x10,4,8,190,True,G3_4
east,2x10,2025-08-22,2x10,4,8,190,True,G3_4
east,2x10,2025-08-29,2x10,4,8,190,True,G3_4
east,2x10,2025-09-05,2x10,4,8,190,True,G3_4
east,2x10,2025-09-12,2x10,4,8,190,True,G3_4
east,2x10,2025-09-19,2x10,4,8,190,True,G3_4
east,2x10,2025-09-26,2x10,4,8,190,True,G3_4
east,2x10,2025-10-03,2x10,4,8,200,True,G3_4
east,2x10,2025-10-10,2x10,4,8,190,True,G3_4
east,2x10,2025-10-17,2x10,4,8,190,True,G3_4
east,2x10,2024-01-12,2x10,4,10,175,True,G3_4
east,2x10,2024-01-18,2x10,4,10,175,True,G3_4
east,2x10,2024-01-25,2x10,4,10,175,True,G3_4
east,2x10,2024-02-08,2x10,4,10,175,True,G3_4
east,2x10,2024-02-15,2x10,4,10,170,True,G3_4
east,2x10,2024-02-22,2x10,4,10,170,True,G3_4
east,2x10,2024-02-29,2x10,4,10,170,True,G3_4
east,2x10,2024-03-07,2x10,4,10,170,True,G3_4
east,2x10,2024-03-14,2x10,4,10,170,True,G3_4
east,2x10,2024-03-21,2x10,4,10,170,True,G3_4
east,2x10,2024-03-28,2x10,4,10,170,True,G3_4
east,2x10,2024-04-04,2x10,4,10,170,True,G3_4
east,2x10,2024-04-11,2x10,4,10,170,True,G3_4
east,2x10,2024-04-18,2x10,4,10,170,True,G3_4
east,2x10,2024-04-25,2x10,4,10,170,True,G3_4
east,2x10,2024-05-02,2x10,4,10,170,True,G3_4
east,2x10,2024-05-09,2x10,4,10,170,True,G3_4
east,2x10,2024-05-16,2x10,4,10,170,True,G3_4
east,2x10,2024-05-30,2x10,4,10,175,True,G3_4
east,2x10,2024-06-06,2x10,4,10,175,True,G3_4
east,2x10,2024-06-13,2x10,4,10,175,True,G3_4
east,2x10,2024-06-20,2x10,4,10,175,True,G3_4
east,2x10,2024-06-27,2x10,4,10,175,True,G3_4
east,2x10,2024-07-04,2x10,4,10,175,True,G3_4
east,2x10,2024-07-11,2x10,4,10,175,True,G3_4
east,2x10,2024-07-18,2x10,4,10,175,True,G3_4
east,2x10,2024-07-25,2x10,4,10,175,True,G3_4
east,2x10,2024-08-01,2x10,4,10,175,True,G3_4
east,2x10,2024-08-08,2x10,4,10,175,True,G3_4
east,2x10,2024-08-15,2x10,4,10,175,True,G3_4
east,2x10,2024-08-22,2x10,4,10,175,True,G3_4
east,2x10,2024-08-29,2x10,4,10,175,True,G3_4
east,2x10,2024-09-05,2x10,4,10,175,True,G3_4
east,2x10,2024-09-12,2x10,4,10,175,True,G3_4
east,2x10,2024-09-20,2x10,4,10,175,True,G3_4
east,2x10,2024-09-27,2x10,4,10,175,True,G3_4
east,2x10,2024-10-04,2x10,4,10,175,True,G3_4
east,2x10,2024-10-11,2x10,4,10,175,True,G3_4
east,2x10,2024-10-18,2x10,4,10,185,True,G3_4
east,2x10,2024-10-25,2x10,4,10,185,True,G3_4
east,2x10,2024-11-01,2x10,4,10,185,True,G3_4
east,2x10,2024-11-08,2x10,4,10,185,True,G3_4
east,2x10,2024-11-15,2x10,4,10,190,True,G3_4
east,2x10,2024-11-22,2x10,4,10,195,True,G3_4
east,2x10,2024-11-27,2x10,4,10,195,True,G3_4
east,2x10,2024-12-06,2x10,4,10,195,True,G3_4
east,2x10,2024-12-13,2x10,4,10,195,True,G3_4
east,2x10,2024-12-20,2x10,4,10,195,True,G3_4
east,2x10,2025-01-03,2x10,4,10,195,True,G3_4
east,2x10,2025-01-10,2x10,4,10,195,True,G3_4
east,2x10,2025-01-17,2x10,4,10,200,True,G3_4
east,2x10,2025-01-24,2x10,4,10,205,True,G3_4
east,2x10,2025-01-31,2x10,4,10,210,True,G3_4
east,2x10,2025-02-07,2x10,4,10,215,True,G3_4
east,2x10,2025-02-14,2x10,4,10,220,True,G3_4
east,2x10,2025-02-21,2x10,4,10,220,True,G3_4
east,2x10,2025-02-28,2x10,4,10,230,True,G3_4
east,2x10,2025-03-07,2x10,4,10,230,True,G3_4
east,2x10,2025-03-14,2x10,4,10,235,True,G3_4
east,2x10,2025-03-21,2x10,4,10,235,True,G3_4
east,2x10,2025-03-28,2x10,4,10,245,True,G3_4
east,2x10,2025-04-04,2x10,4,10,245,True,G3_4
east,2x10,2025-04-11,2x10,4,10,245,True,G3_4
east,2x10,2025-04-18,2x10,4,10,245,True,G3_4
east,2x10,2025-04-25,2x10,4,10,245,True,G3_4
east,2x10,2025-05-02,2x10,4,10,245,True,G3_4
east,2x10,2025-05-09,2x10,4,10,235,True,G3_4
east,2x10,2025-05-16,2x10,4,10,225,True,G3_4
east,2x10,2025-05-23,2x10,4,10,225,True,G3_4
east,2x10,2025-05-30,2x10,4,10,220,True,G3_4
east,2x10,2025-06-06,2x10,4,10,220,True,G3_4
east,2x10,2025-06-13,2x10,4,10,210,True,G3_4
east,2x10,2025-06-19,2x10,4,10,200,True,G3_4
east,2x10,2025-06-27,2x10,4,10,190,True,G3_4
east,2x10,2025-07-03,2x10,4,10,190,True,G3_4
east,2x10,2025-07-11,2x10,4,10,190,True,G3_4
east,2x10,2025-07-18,2x10,4,10,190,True,G3_4
east,2x10,2025-07-25,2x10,4,10,190,True,G3_4
east,2x10,2025-08-01,2x10,4,10,190,True,G3_4
east,2x10,2025-08-08,2x10,4,10,190,True,G3_4
east,2x10,2025-08-15,2x10,4,10,190,True,G3_4
east,2x10,2025-08-22,2x10,4,10,190,True,G3_4
east,2x10,2025-08-29,2x10,4,10,190,True,G3_4
east,2x10,2025-09-05,2x10,4,10,190,True,G3_4
east,2x10,2025-09-12,2x10,4,10,190,True,G3_4
east,2x10,2025-09-19,2x10,4,10,190,True,G3_4
east,2x10,2025-09-26,2x10,4,10,190,True,G3_4
east,2x10,2025-10-03,2x10,4,10,200,True,G3_4
east,2x10,2025-10-10,2x10,4,10,190,True,G3_4
east,2x10,2025-10-17,2x10,4,10,190,True,G3_4
east,2x10,2024-01-12,2x10,4,12,175,True,G3_4
east,2x10,2024-01-18,2x10,4,12,175,True,G3_4
east,2x10,2024-01-25,2x10,4,12,175,True,G3_4
east,2x10,2024-02-08,2x10,4,12,175,True,G3_4
east,2x10,2024-02-15,2x10,4,12,170,True,G3_4
east,2x10,2024-02-22,2x10,4,12,170,True,G3_4
east,2x10,2024-02-29,2x10,4,12,170,True,G3_4
east,2x10,2024-03-07,2x10,4,12,170,True,G3_4
east,2x10,2024-03-14,2x10,4,12,170,True,G3_4
east,2x10,2024-03-21,2x10,4,12,170,True,G3_4
east,2x10,2024-03-28,2x10,4,12,170,True,G3_4
east,2x10,2024-04-04,2x10,4,12,170,True,G3_4
east,2x10,2024-04-11,2x10,4,12,170,True,G3_4
east,2x10,2024-04-18,2x10,4,12,170,True,G3_4
east,2x10,2024-04-25,2x10,4,12,170,True,G3_4
east,2x10,2024-05-02,2x10,4,12,170,True,G3_4
east,2x10,2024-05-09,2x10,4,12,170,True,G3_4
east,2x10,2024-05-16,2x10,4,12,170,True,G3_4
east,2x10,2024-05-30,2x10,4,12,175,True,G3_4
east,2x10,2024-06-06,2x10,4,12,175,True,G3_4
east,2x10,2024-06-13,2x10,4,12,175,True,G3_4
east,2x10,2024-06-20,2x10,4,12,175,True,G3_4
east,2x10,2024-06-27,2x10,4,12,175,True,G3_4
east,2x10,2024-07-04,2x10,4,12,175,True,G3_4
east,2x10,2024-07-11,2x10,4,12,175,True,G3_4
east,2x10,2024-07-18,2x10,4,12,175,True,G3_4
east,2x10,2024-07-25,2x10,4,12,175,True,G3_4
east,2x10,2024-08-01,2x10,4,12,175,True,G3_4
east,2x10,2024-08-08,2x10,4,12,175,True,G3_4
east,2x10,2024-08-15,2x10,4,12,175,True,G3_4
east,2x10,2024-08-22,2x10,4,12,175,True,G3_4
east,2x10,2024-08-29,2x10,4,12,175,True,G3_4
east,2x10,2024-09-05,2x10,4,12,175,True,G3_4
east,2x10,2024-09-12,2x10,4,12,175,True,G3_4
east,2x10,2024-09-20,2x10,4,12,175,True,G3_4
east,2x10,2024-09-27,2x10,4,12,175,True,G3_4
east,2x10,2024-10-04,2x10,4,12,175,True,G3_4
east,2x10,2024-10-11,2x10,4,12,175,True,G3_4
east,2x10,2024-10-18,2x10,4,12,185,True,G3_4
east,2x10,2024-10-25,2x10,4,12,185,True,G3_4
east,2x10,2024-11-01,2x10,4,12,185,True,G3_4
east,2x10,2024-11-08,2x10,4,12,185,True,G3_4
east,2x10,2024-11-15,2x10,4,12,190,True,G3_4
east,2x10,2024-11-22,2x10,4,12,195,True,G3_4
east,2x10,2024-11-27,2x10,4,12,195,True,G3_4
east,2x10,2024-12-06,2x10,4,12,195,True,G3_4
east,2x10,2024-12-13,2x10,4,12,195,True,G3_4
east,2x10,2024-12-20,2x10,4,12,195,True,G3_4
east,2x10,2025-01-03,2x10,4,12,195,True,G3_4
east,2x10,2025-01-10,2x10,4,12,195,True,G3_4
east,2x10,2025-01-17,2x10,4,12,200,True,G3_4
east,2x10,2025-01-24,2x10,4,12,205,True,G3_4
east,2x10,2025-01-31,2x10,4,12,210,True,G3_4
east,2x10,2025-02-07,2x10,4,12,215,True,G3_4
east,2x10,2025-02-14,2x10,4,12,220,True,G3_4
east,2x10,2025-02-21,2x10,4,12,220,True,G3_4
east,2x10,2025-02-28,2x10,4,12,230,True,G3_4
east,2x10,2025-03-07,2x10,4,12,230,True,G3_4
east,2x10,2025-03-14,2x10,4,12,235,True,G3_4
east,2x10,2025-03-21,2x10,4,12,235,True,G3_4
east,2x10,2025-03-28,2x10,4,12,245,True,G3_4
east,2x10,2025-04-04,2x10,4,12,245,True,G3_4
east,2x10,2025-04-11,2x10,4,12,245,True,G3_4
east,2x10,2025-04-18,2x10,4,12,245,True,G3_4
east,2x10,2025-04-25,2x10,4,12,245,True,G3_4
east,2x10,2025-05-02,2x10,4,12,245,True,G3_4
east,2x10,2025-05-09,2x10,4,12,235,True,G3_4
east,2x10,2025-05-16,2x10,4,12,225,True,G3_4
east,2x10,2025-05-23,2x10,4,12,225,True,G3_4
east,2x10,2025-05-30,2x10,4,12,220,True,G3_4
east,2x10,2025-06-06,2x10,4,12,220,True,G3_4
east,2x10,2025-06-13,2x10,4,12,210,True,G3_4
east,2x10,2025-06-19,2x10,4,12,200,True,G3_4
east,2x10,2025-06-27,2x10,4,12,190,True,G3_4
east,2x10,2025-07-03,2x10,4,12,190,True,G3_4
east,2x10,2025-07-11,2x10,4,12,190,True,G3_4
east,2x10,2025-07-18,2x10,4,12,190,True,G3_4
east,2x10,2025-07-25,2x10,4,12,190,True,G3_4
east,2x10,2025-08-01,2x10,4,12,190,True,G3_4
east,2x10,2025-08-08,2x10,4,12,190,True,G3_4
east,2x10,2025-08-15,2x10,4,12,190,True,G3_4
east,2x10,2025-08-22,2x10,4,12,190,True,G3_4
east,2x10,2025-08-29,2x10,4,12,190,True,G3_4
east,2x10,2025-09-05,2x10,4,12,190,True,G3_4
east,2x10,2025-09-12,2x10,4,12,190,True,G3_4
east,2x10,2025-09-19,2x10,4,12,190,True,G3_4
east,2x10,2025-09-26,2x10,4,12,190,True,G3_4
east,2x10,2025-10-03,2x10,4,12,200,True,G3_4
east,2x10,2025-10-10,2x10,4,12,190,True,G3_4
east,2x10,2025-10-17,2x10,4,12,190,True,G3_4
east,2x10,2024-01-12,2x10,4,14,175,True,G3_4
east,2x10,2024-01-18,2x10,4,14,175,True,G3_4
east,2x10,2024-01-25,2x10,4,14,175,True,G3_4
east,2x10,2024-02-08,2x10,4,14,175,True,G3_4
east,2x10,2024-02-15,2x10,4,14,170,True,G3_4
east,2x10,2024-02-22,2x10,4,14,170,True,G3_4
east,2x10,2024-02-29,2x10,4,14,170,True,G3_4
east,2x10,2024-03-07,2x10,4,14,170,True,G3_4
east,2x10,2024-03-14,2x10,4,14,170,True,G3_4
east,2x10,2024-03-21,2x10,4,14,170,True,G3_4
east,2x10,2024-03-28,2x10,4,14,170,True,G3_4
east,2x10,2024-04-04,2x10,4,14,170,True,G3_4
east,2x10,2024-04-11,2x10,4,14,170,True,G3_4
east,2x10,2024-04-18,2x10,4,14,170,True,G3_4
east,2x10,2024-04-25,2x10,4,14,170,True,G3_4
east,2x10,2024-05-02,2x10,4,14,170,True,G3_4
east,2x10,2024-05-09,2x10,4,14,170,True,G3_4
east,2x10,2024-05-16,2x10,4,14,170,True,G3_4
east,2x10,2024-05-30,2x10,4,14,175,True,G3_4
east,2x10,2024-06-06,2x10,4,14,175,True,G3_4
east,2x10,2024-06-13,2x10,4,14,175,True,G3_4
east,2x10,2024-06-20,2x10,4,14,175,True,G3_4
east,2x10,2024-06-27,2x10,4,14,175,True,G3_4
east,2x10,2024-07-04,2x10,4,14,175,True,G3_4
east,2x10,2024-07-11,2x10,4,14,175,True,G3_4
east,2x10,2024-07-18,2x10,4,14,175,True,G3_4
east,2x10,2024-07-25,2x10,4,14,175,True,G3_4
east,2x10,2024-08-01,2x10,4,14,175,True,G3_4
east,2x10,2024-08-08,2x10,4,14,175,True,G3_4
east,2x10,2024-08-15,2x10,4,14,175,True,G3_4
east,2x10,2024-08-22,2x10,4,14,175,True,G3_4
east,2x10,2024-08-29,2x10,4,14,175,True,G3_4
east,2x10,2024-09-05,2x10,4,14,175,True,G3_4
east,2x10,2024-09-12,2x10,4,14,175,True,G3_4
east,2x10,2024-09-20,2x10,4,14,175,True,G3_4
east,2x10,2024-09-27,2x10,4,14,175,True,G3_4
east,2x10,2024-10-04,2x10,4,14,175,True,G3_4
east,2x10,2024-10-11,2x10,4,14,175,True,G3_4
east,2x10,2024-10-18,2x10,4,14,185,True,G3_4
east,2x10,2024-10-25,2x10,4,14,185,True,G3_4
east,2x10,2024-11-01,2x10,4,14,185,True,G3_4
east,2x10,2024-11-08,2x10,4,14,185,True,G3_4
east,2x10,2024-11-15,2x10,4,14,190,True,G3_4
east,2x10,2024-11-22,2x10,4,14,195,True,G3_4
east,2x10,2024-11-27,2x10,4,14,195,True,G3_4
east,2x10,2024-12-06,2x10,4,14,195,True,G3_4
east,2x10,2024-12-13,2x10,4,14,195,True,G3_4
east,2x10,2024-12-20,2x10,4,14,195,True,G3_4
east,2x10,2025-01-03,2x10,4,14,195,True,G3_4
east,2x10,2025-01-10,2x10,4,14,195,True,G3_4
east,2x10,2025-01-17,2x10,4,14,200,True,G3_4
east,2x10,2025-01-24,2x10,4,14,205,True,G3_4
east,2x10,2025-01-31,2x10,4,14,210,True,G3_4
east,2x10,2025-02-07,2x10,4,14,215,True,G3_4
east,2x10,2025-02-14,2x10,4,14,220,True,G3_4
east,2x10,2025-02-21,2x10,4,14,220,True,G3_4
east,2x10,2025-02-28,2x10,4,14,230,True,G3_4
east,2x10,2025-03-07,2x10,4,14,230,True,G3_4
east,2x10,2025-03-14,2x10,4,14,235,True,G3_4
east,2x10,2025-03-21,2x10,4,14,235,True,G3_4
east,2x10,2025-03-28,2x10,4,14,245,True,G3_4
east,2x10,2025-04-04,2x10,4,14,245,True,G3_4
east,2x10,2025-04-11,2x10,4,14,245,True,G3_4
east,2x10,2025-04-18,2x10,4,14,245,True,G3_4
east,2x10,2025-04-25,2x10,4,14,245,True,G3_4
east,2x10,2025-05-02,2x10,4,14,245,True,G3_4
east,2x10,2025-05-09,2x10,4,14,235,True,G3_4
east,2x10,2025-05-16,2x10,4,14,225,True,G3_4
east,2x10,2025-05-23,2x10,4,14,225,True,G3_4
east,2x10,2025-05-30,2x10,4,14,220,True,G3_4
east,2x10,2025-06-06,2x10,4,14,220,True,G3_4
east,2x10,2025-06-13,2x10,4,14,210,True,G3_4
east,2x10,2025-06-19,2x10,4,14,200,True,G3_4
east,2x10,2025-06-27,2x10,4,14,190,True,G3_4
east,2x10,2025-07-03,2x10,4,14,190,True,G3_4
east,2x10,2025-07-11,2x10,4,14,190,True,G3_4
east,2x10,2025-07-18,2x10,4,14,190,True,G3_4
east,2x10,2025-07-25,2x10,4,14,190,True,G3_4
east,2x10,2025-08-01,2x10,4,14,190,True,G3_4
east,2x10,2025-08-08,2x10,4,14,190,True,G3_4
east,2x10,2025-08-15,2x10,4,14,190,True,G3_4
east,2x10,2025-08-22,2x10,4,14,190,True,G3_4
east,2x10,2025-08-29,2x10,4,14,190,True,G3_4
east,2x10,2025-09-05,2x10,4,14,190,True,G3_4
east,2x10,2025-09-12,2x10,4,14,190,True,G3_4
east,2x10,2025-09-19,2x10,4,14,190,True,G3_4
east,2x10,2025-09-26,2x10,4,14,190,True,G3_4
east,2x10,2025-10-03,2x10,4,14,200,True,G3_4
east,2x10,2025-10-10,2x10,4,14,190,True,G3_4
east,2x10,2025-10-17,2x10,4,14,190,True,G3_4
east,2x10,2024-01-12,2x10,4,16,175,True,G3_4
east,2x10,2024-01-18,2x10,4,16,175,True,G3_4
east,2x10,2024-01-25,2x10,4,16,175,True,G3_4
east,2x10,2024-02-08,2x10,4,16,175,True,G3_4
east,2x10,2024-02-15,2x10,4,16,170,True,G3_4
east,2x10,2024-02-22,2x10,4,16,170,True,G3_4
east,2x10,2024-02-29,2x10,4,16,170,True,G3_4
east,2x10,2024-03-07,2x10,4,16,170,True,G3_4
east,2x10,2024-03-14,2x10,4,16,170,True,G3_4
east,2x10,2024-03-21,2x10,4,16,170,True,G3_4
east,2x10,2024-03-28,2x10,4,16,170,True,G3_4
east,2x10,2024-04-04,2x10,4,16,170,True,G3_4
east,2x10,2024-04-11,2x10,4,16,170,True,G3_4
east,2x10,2024-04-18,2x10,4,16,170,True,G3_4
east,2x10,2024-04-25,2x10,4,16,170,True,G3_4
east,2x10,2024-05-02,2x10,4,16,170,True,G3_4
east,2x10,2024-05-09,2x10,4,16,170,True,G3_4
east,2x10,2024-05-16,2x10,4,16,170,True,G3_4
east,2x10,2024-05-30,2x10,4,16,175,True,G3_4
east,2x10,2024-06-06,2x10,4,16,175,True,G3_4
east,2x10,2024-06-13,2x10,4,16,175,True,G3_4
east,2x10,2024-06-20,2x10,4,16,175,True,G3_4
east,2x10,2024-06-27,2x10,4,16,175,True,G3_4
east,2x10,2024-07-04,2x10,4,16,175,True,G3_4
east,2x10,2024-07-11,2x10,4,16,175,True,G3_4
east,2x10,2024-07-18,2x10,4,16,175,True,G3_4
east,2x10,2024-07-25,2x10,4,16,175,True,G3_4
east,2x10,2024-08-01,2x10,4,16,175,True,G3_4
east,2x10,2024-08-08,2x10,4,16,175,True,G3_4
east,2x10,2024-08-15,2x10,4,16,175,True,G3_4
east,2x10,2024-08-22,2x10,4,16,175,True,G3_4
east,2x10,2024-08-29,2x10,4,16,175,True,G3_4
east,2x10,2024-09-05,2x10,4,16,175,True,G3_4
east,2x10,2024-09-12,2x10,4,16,175,True,G3_4
east,2x10,2024-09-20,2x10,4,16,175,True,G3_4
east,2x10,2024-09-27,2x10,4,16,175,True,G3_4
east,2x10,2024-10-04,2x10,4,16,175,True,G3_4
east,2x10,2024-10-11,2x10,4,16,175,True,G3_4
east,2x10,2024-10-18,2x10,4,16,185,True,G3_4
east,2x10,2024-10-25,2x10,4,16,185,True,G3_4
east,2x10,2024-11-01,2x10,4,16,185,True,G3_4
east,2x10,2024-11-08,2x10,4,16,185,True,G3_4
east,2x10,2024-11-15,2x10,4,16,190,True,G3_4
east,2x10,2024-11-22,2x10,4,16,195,True,G3_4
east,2x10,2024-11-27,2x10,4,16,195,True,G3_4
east,2x10,2024-12-06,2x10,4,16,195,True,G3_4
east,2x10,2024-12-13,2x10,4,16,195,True,G3_4
east,2x10,2024-12-20,2x10,4,16,195,True,G3_4
east,2x10,2025-01-03,2x10,4,16,195,True,G3_4
east,2x10,2025-01-10,2x10,4,16,195,True,G3_4
east,2x10,2025-01-17,2x10,4,16,200,True,G3_4
east,2x10,2025-01-24,2x10,4,16,205,True,G3_4
east,2x10,2025-01-31,2x10,4,16,210,True,G3_4
east,2x10,2025-02-07,2x10,4,16,215,True,G3_4
east,2x10,2025-02-14,2x10,4,16,220,True,G3_4
east,2x10,2025-02-21,2x10,4,16,220,True,G3_4
east,2x10,2025-02-28,2x10,4,16,230,True,G3_4
east,2x10,2025-03-07,2x10,4,16,230,True,G3_4
east,2x10,2025-03-14,2x10,4,16,235,True,G3_4
east,2x10,2025-03-21,2x10,4,16,235,True,G3_4
east,2x10,2025-03-28,2x10,4,16,245,True,G3_4
east,2x10,2025-04-04,2x10,4,16,245,True,G3_4
east,2x10,2025-04-11,2x10,4,16,245,True,G3_4
east,2x10,2025-04-18,2x10,4,16,245,True,G3_4
east,2x10,2025-04-25,2x10,4,16,245,True,G3_4
east,2x10,2025-05-02,2x10,4,16,245,True,G3_4
east,2x10,2025-05-09,2x10,4,16,235,True,G3_4
east,2x10,2025-05-16,2x10,4,16,225,True,G3_4
east,2x10,2025-05-23,2x10,4,16,225,True,G3_4
east,2x10,2025-05-30,2x10,4,16,220,True,G3_4
east,2x10,2025-06-06,2x10,4,16,220,True,G3_4
east,2x10,2025-06-13,2x10,4,16,210,True,G3_4
east,2x10,2025-06-19,2x10,4,16,200,True,G3_4
east,2x10,2025-06-27,2x10,4,16,190,True,G3_4
east,2x10,2025-07-03,2x10,4,16,190,True,G3_4
east,2x10,2025-07-11,2x10,4,16,190,True,G3_4
east,2x10,2025-07-18,2x10,4,16,190,True,G3_4
east,2x10,2025-07-25,2x10,4,16,190,True,G3_4
east,2x10,2025-08-01,2x10,4,16,190,True,G3_4
east,2x10,2025-08-08,2x10,4,16,190,True,G3_4
east,2x10,2025-08-15,2x10,4,16,190,True,G3_4
east,2x10,2025-08-22,2x10,4,16,190,True,G3_4
east,2x10,2025-08-29,2x10,4,16,190,True,G3_4
east,2x10,2025-09-05,2x10,4,16,190,True,G3_4
east,2x10,2025-09-12,2x10,4,16,190,True,G3_4
east,2x10,2025-09-19,2x10,4,16,190,True,G3_4
east,2x10,2025-09-26,2x10,4,16,190,True,G3_4
east,2x10,2025-10-03,2x10,4,16,200,True,G3_4
east,2x10,2025-10-10,2x10,4,16,190,True,G3_4
east,2x10,2025-10-17,2x10,4,16,190,True,G3_4
east,2x10,2024-01-12,2x10,4,18,175,True,G3_4
east,2x10,2024-01-18,2x10,4,18,175,True,G3_4
east,2x10,2024-01-25,2x10,4,18,175,True,G3_4
east,2x10,2024-02-08,2x10,4,18,175,True,G3_4
east,2x10,2024-02-15,2x10,4,18,170,True,G3_4
east,2x10,2024-02-22,2x10,4,18,170,True,G3_4
east,2x10,2024-02-29,2x10,4,18,170,True,G3_4
east,2x10,2024-03-07,2x10,4,18,170,True,G3_4
east,2x10,2024-03-14,2x10,4,18,170,True,G3_4
east,2x10,2024-03-21,2x10,4,18,170,True,G3_4
east,2x10,2024-03-28,2x10,4,18,170,True,G3_4
east,2x10,2024-04-04,2x10,4,18,170,True,G3_4
east,2x10,2024-04-11,2x10,4,18,170,True,G3_4
east,2x10,2024-04-18,2x10,4,18,170,True,G3_4
east,2x10,2024-04-25,2x10,4,18,170,True,G3_4
east,2x10,2024-05-02,2x10,4,18,170,True,G3_4
east,2x10,2024-05-09,2x10,4,18,170,True,G3_4
east,2x10,2024-05-16,2x10,4,18,170,True,G3_4
east,2x10,2024-05-30,2x10,4,18,175,True,G3_4
east,2x10,2024-06-06,2x10,4,18,175,True,G3_4
east,2x10,2024-06-13,2x10,4,18,175,True,G3_4
east,2x10,2024-06-20,2x10,4,18,175,True,G3_4
east,2x10,2024-06-27,2x10,4,18,175,True,G3_4
east,2x10,2024-07-04,2x10,4,18,175,True,G3_4
east,2x10,2024-07-11,2x10,4,18,175,True,G3_4
east,2x10,2024-07-18,2x10,4,18,175,True,G3_4
east,2x10,2024-07-25,2x10,4,18,175,True,G3_4
east,2x10,2024-08-01,2x10,4,18,175,True,G3_4
east,2x10,2024-08-08,2x10,4,18,175,True,G3_4
east,2x10,2024-08-15,2x10,4,18,175,True,G3_4
east,2x10,2024-08-22,2x10,4,18,175,True,G3_4
east,2x10,2024-08-29,2x10,4,18,175,True,G3_4
east,2x10,2024-09-05,2x10,4,18,175,True,G3_4
east,2x10,2024-09-12,2x10,4,18,175,True,G3_4
east,2x10,2024-09-20,2x10,4,18,175,True,G3_4
east,2x10,2024-09-27,2x10,4,18,175,True,G3_4
east,2x10,2024-10-04,2x10,4,18,175,True,G3_4
east,2x10,2024-10-11,2x10,4,18,175,True,G3_4
east,2x10,2024-10-18,2x10,4,18,185,True,G3_4
east,2x10,2024-10-25,2x10,4,18,185,True,G3_4
east,2x10,2024-11-01,2x10,4,18,185,True,G3_4
east,2x10,2024-11-08,2x10,4,18,185,True,G3_4
east,2x10,2024-11-15,2x10,4,18,190,True,G3_4
east,2x10,2024-11-22,2x10,4,18,195,True,G3_4
east,2x10,2024-11-27,2x10,4,18,195,True,G3_4
east,2x10,2024-12-06,2x10,4,18,195,True,G3_4
east,2x10,2024-12-13,2x10,4,18,195,True,G3_4
east,2x10,2024-12-20,2x10,4,18,195,True,G3_4
east,2x10,2025-01-03,2x10,4,18,195,True,G3_4
east,2x10,2025-01-10,2x10,4,18,195,True,G3_4
east,2x10,2025-01-17,2x10,4,18,200,True,G3_4
east,2x10,2025-01-24,2x10,4,18,205,True,G3_4
east,2x10,2025-01-31,2x10,4,18,210,True,G3_4
east,2x10,2025-02-07,2x10,4,18,215,True,G3_4
east,2x10,2025-02-14,2x10,4,18,220,True,G3_4
east,2x10,2025-02-21,2x10,4,18,220,True,G3_4
east,2x10,2025-02-28,2x10,4,18,230,True,G3_4
east,2x10,2025-03-07,2x10,4,18,230,True,G3_4
east,2x10,2025-03-14,2x10,4,18,235,True,G3_4
east,2x10,2025-03-21,2x10,4,18,235,True,G3_4
east,2x10,2025-03-28,2x10,4,18,245,True,G3_4
east,2x10,2025-04-04,2x10,4,18,245,True,G3_4
east,2x10,2025-04-11,2x10,4,18,245,True,G3_4
east,2x10,2025-04-18,2x10,4,18,245,True,G3_4
east,2x10,2025-04-25,2x10,4,18,245,True,G3_4
east,2x10,2025-05-02,2x10,4,18,245,True,G3_4
east,2x10,2025-05-09,2x10,4,18,235,True,G3_4
east,2x10,2025-05-16,2x10,4,18,225,True,G3_4
east,2x10,2025-05-23,2x10,4,18,225,True,G3_4
east,2x10,2025-05-30,2x10,4,18,220,True,G3_4
east,2x10,2025-06-06,2x10,4,18,220,True,G3_4
east,2x10,2025-06-13,2x10,4,18,210,True,G3_4
east,2x10,2025-06-19,2x10,4,18,200,True,G3_4
east,2x10,2025-06-27,2x10,4,18,190,True,G3_4
east,2x10,2025-07-03,2x10,4,18,190,True,G3_4
east,2x10,2025-07-11,2x10,4,18,190,True,G3_4
east,2x10,2025-07-18,2x10,4,18,190,True,G3_4
east,2x10,2025-07-25,2x10,4,18,190,True,G3_4
east,2x10,2025-08-01,2x10,4,18,190,True,G3_4
east,2x10,2025-08-08,2x10,4,18,190,True,G3_4
east,2x10,2025-08-15,2x10,4,18,190,True,G3_4
east,2x10,2025-08-22,2x10,4,18,190,True,G3_4
east,2x10,2025-08-29,2x10,4,18,190,True,G3_4
east,2x10,2025-09-05,2x10,4,18,190,True,G3_4
east,2x10,2025-09-12,2x10,4,18,190,True,G3_4
east,2x10,2025-09-19,2x10,4,18,190,True,G3_4
east,2x10,2025-09-26,2x10,4,18,190,True,G3_4
east,2x10,2025-10-03,2x10,4,18,200,True,G3_4
east,2x10,2025-10-10,2x10,4,18,190,True,G3_4
east,2x10,2025-10-17,2x10,4,18,190,True,G3_4
east,2x10,2024-01-12,2x10,4,20,175,True,G3_4
east,2x10,2024-01-18,2x10,4,20,175,True,G3_4
east,2x10,2024-01-25,2x10,4,20,175,True,G3_4
east,2x10,2024-02-08,2x10,4,20,175,True,G3_4
east,2x10,2024-02-15,2x10,4,20,170,True,G3_4
east,2x10,2024-02-22,2x10,4,20,170,True,G3_4
east,2x10,2024-02-29,2x10,4,20,170,True,G3_4
east,2x10,2024-03-07,2x10,4,20,170,True,G3_4
east,2x10,2024-03-14,2x10,4,20,170,True,G3_4
east,2x10,2024-03-21,2x10,4,20,170,True,G3_4
east,2x10,2024-03-28,2x10,4,20,170,True,G3_4
east,2x10,2024-04-04,2x10,4,20,170,True,G3_4
east,2x10,2024-04-11,2x10,4,20,170,True,G3_4
east,2x10,2024-04-18,2x10,4,20,170,True,G3_4
east,2x10,2024-04-25,2x10,4,20,170,True,G3_4
east,2x10,2024-05-02,2x10,4,20,170,True,G3_4
east,2x10,2024-05-09,2x10,4,20,170,True,G3_4
east,2x10,2024-05-16,2x10,4,20,170,True,G3_4
east,2x10,2024-05-30,2x10,4,20,175,True,G3_4
east,2x10,2024-06-06,2x10,4,20,175,True,G3_4
east,2x10,2024-06-13,2x10,4,20,175,True,G3_4
east,2x10,2024-06-20,2x10,4,20,175,True,G3_4
east,2x10,2024-06-27,2x10,4,20,175,True,G3_4
east,2x10,2024-07-04,2x10,4,20,175,True,G3_4
east,2x10,2024-07-11,2x10,4,20,175,True,G3_4
east,2x10,2024-07-18,2x10,4,20,175,True,G3_4
east,2x10,2024-07-25,2x10,4,20,175,True,G3_4
east,2x10,2024-08-01,2x10,4,20,175,True,G3_4
east,2x10,2024-08-08,2x10,4,20,175,True,G3_4
east,2x10,2024-08-15,2x10,4,20,175,True,G3_4
east,2x10,2024-08-22,2x10,4,20,175,True,G3_4
east,2x10,2024-08-29,2x10,4,20,175,True,G3_4
east,2x10,2024-09-05,2x10,4,20,175,True,G3_4
east,2x10,2024-09-12,2x10,4,20,175,True,G3_4
east,2x10,2024-09-20,2x10,4,20,175,True,G3_4
east,2x10,2024-09-27,2x10,4,20,175,True,G3_4
east,2x10,2024-10-04,2x10,4,20,175,True,G3_4
east,2x10,2024-10-11,2x10,4,20,175,True,G3_4
east,2x10,2024-10-18,2x10,4,20,185,True,G3_4
east,2x10,2024-10-25,2x10,4,20,185,True,G3_4
east,2x10,2024-11-01,2x10,4,20,185,True,G3_4
east,2x10,2024-11-08,2x10,4,20,185,True,G3_4
east,2x10,2024-11-15,2x10,4,20,190,True,G3_4
east,2x10,2024-11-22,2x10,4,20,195,True,G3_4
east,2x10,2024-11-27,2x10,4,20,195,True,G3_4
east,2x10,2024-12-06,2x10,4,20,195,True,G3_4
east,2x10,2024-12-13,2x10,4,20,195,True,G3_4
east,2x10,2024-12-20,2x10,4,20,195,True,G3_4
east,2x10,2025-01-03,2x10,4,20,195,True,G3_4
east,2x10,2025-01-10,2x10,4,20,195,True,G3_4
east,2x10,2025-01-17,2x10,4,20,200,True,G3_4
east,2x10,2025-01-24,2x10,4,20,205,True,G3_4
east,2x10,2025-01-31,2x10,4,20,210,True,G3_4
east,2x10,2025-02-07,2x10,4,20,215,True,G3_4
east,2x10,2025-02-14,2x10,4,20,220,True,G3_4
east,2x10,2025-02-21,2x10,4,20,220,True,G3_4
east,2x10,2025-02-28,2x10,4,20,230,True,G3_4
east,2x10,2025-03-07,2x10,4,20,230,True,G3_4
east,2x10,2025-03-14,2x10,4,20,235,True,G3_4
east,2x10,2025-03-21,2x10,4,20,235,True,G3_4
east,2x10,2025-03-28,2x10,4,20,245,True,G3_4
east,2x10,2025-04-04,2x10,4,20,245,True,G3_4
east,2x10,2025-04-11,2x10,4,20,245,True,G3_4
east,2x10,2025-04-18,2x10,4,20,245,True,G3_4
east,2x10,2025-04-25,2x10,4,20,245,True,G3_4
east,2x10,2025-05-02,2x10,4,20,245,True,G3_4
east,2x10,2025-05-09,2x10,4,20,235,True,G3_4
east,2x10,2025-05-16,2x10,4,20,225,True,G3_4
east,2x10,2025-05-23,2x10,4,20,225,True,G3_4
east,2x10,2025-05-30,2x10,4,20,220,True,G3_4
east,2x10,2025-06-06,2x10,4,20,220,True,G3_4
east,2x10,2025-06-13,2x10,4,20,210,True,G3_4
east,2x10,2025-06-19,2x10,4,20,200,True,G3_4
east,2x10,2025-06-27,2x10,4,20,190,True,G3_4
east,2x10,2025-07-03,2x10,4,20,190,True,G3_4
east,2x10,2025-07-11,2x10,4,20,190,True,G3_4
east,2x10,2025-07-18,2x10,4,20,190,True,G3_4
east,2x10,2025-07-25,2x10,4,20,190,True,G3_4
east,2x10,2025-08-01,2x10,4,20,190,True,G3_4
east,2x10,2025-08-08,2x10,4,20,190,True,G3_4
east,2x10,2025-08-15,2x10,4,20,190,True,G3_4
east,2x10,2025-08-22,2x10,4,20,190,True,G3_4
east,2x10,2025-08-29,2x10,4,20,190,True,G3_4
east,2x10,2025-09-05,2x10,4,20,190,True,G3_4
east,2x10,2025-09-12,2x10,4,20,190,True,G3_4
east,2x10,2025-09-19,2x10,4,20,190,True,G3_4
east,2x10,2025-09-26,2x10,4,20,190,True,G3_4
east,2x10,2025-10-03,2x10,4,20,200,True,G3_4
east,2x10,2025-10-10,2x10,4,20,190,True,G3_4
east,2x10,2025-10-17,2x10,4,20,190,True,G3_4
east,2x12 #3,2024-01-12,2x12,3,8,240,True,G3_4
east,2x12 #3,2024-01-18,2x12,3,8,240,True,G3_4
east,2x12 #3,2024-01-25,2x12,3,8,240,True,G3_4
east,2x12 #3,2024-02-08,2x12,3,8,240,True,G3_4
east,2x12 #3,2024-02-15,2x12,3,8,240,True,G3_4
east,2x12 #3,2024-02-22,2x12,3,8,240,True,G3_4
east,2x12 #3,2024-02-29,2x12,3,8,240,True,G3_4
east,2x12 #3,2024-03-07,2x12,3,8,250,True,G3_4
east,2x12 #3,2024-03-14,2x12,3,8,255,True,G3_4
east,2x12 #3,2024-03-21,2x12,3,8,260,True,G3_4
east,2x12 #3,2024-03-28,2x12,3,8,260,True,G3_4
east,2x12 #3,2024-04-04,2x12,3,8,265,True,G3_4
east,2x12 #3,2024-04-11,2x12,3,8,265,True,G3_4
east,2x12 #3,2024-04-18,2x12,3,8,270,True,G3_4
east,2x12 #3,2024-04-25,2x12,3,8,270,True,G3_4
east,2x12 #3,2024-05-02,2x12,3,8,270,True,G3_4
east,2x12 #3,2024-05-09,2x12,3,8,270,True,G3_4
east,2x12 #3,2024-05-16,2x12,3,8,270,True,G3_4
east,2x12 #3,2024-05-30,2x12,3,8,275,True,G3_4
east,2x12 #3,2024-06-06,2x12,3,8,275,True,G3_4
east,2x12 #3,2024-06-13,2x12,3,8,270,True,G3_4
east,2x12 #3,2024-06-20,2x12,3,8,270,True,G3_4
east,2x12 #3,2024-06-27,2x12,3,8,270,True,G3_4
east,2x12 #3,2024-07-04,2x12,3,8,270,True,G3_4
east,2x12 #3,2024-07-11,2x12,3,8,265,True,G3_4
east,2x12 #3,2024-07-18,2x12,3,8,255,True,G3_4
east,2x12 #3,2024-07-25,2x12,3,8,255,True,G3_4
east,2x12 #3,2024-08-01,2x12,3,8,255,True,G3_4
east,2x12 #3,2024-08-08,2x12,3,8,255,True,G3_4
east,2x12 #3,2024-08-15,2x12,3,8,255,True,G3_4
east,2x12 #3,2024-08-22,2x12,3,8,250,True,G3_4
east,2x12 #3,2024-08-29,2x12,3,8,240,True,G3_4
east,2x12 #3,2024-09-05,2x12,3,8,240,True,G3_4
east,2x12 #3,2024-09-12,2x12,3,8,240,True,G3_4
east,2x12 #3,2024-09-20,2x12,3,8,240,True,G3_4
east,2x12 #3,2024-09-27,2x12,3,8,245,True,G3_4
east,2x12 #3,2024-10-04,2x12,3,8,245,True,G3_4
east,2x12 #3,2024-10-11,2x12,3,8,250,True,G3_4
east,2x12 #3,2024-10-18,2x12,3,8,250,True,G3_4
east,2x12 #3,2024-10-25,2x12,3,8,265,True,G3_4
east,2x12 #3,2024-11-01,2x12,3,8,275,True,G3_4
east,2x12 #3,2024-11-08,2x12,3,8,275,True,G3_4
east,2x12 #3,2024-11-15,2x12,3,8,275,True,G3_4
east,2x12 #3,2024-11-22,2x12,3,8,270,True,G3_4
east,2x12 #3,2024-11-27,2x12,3,8,265,True,G3_4
east,2x12 #3,2024-12-06,2x12,3,8,265,True,G3_4
east,2x12 #3,2024-12-13,2x12,3,8,265,True,G3_4
east,2x12 #3,2024-12-20,2x12,3,8,265,True,G3_4
east,2x12 #3,2025-01-03,2x12,3,8,270,True,G3_4
east,2x12 #3,2025-01-10,2x12,3,8,270,True,G3_4
east,2x12 #3,2025-01-17,2x12,3,8,270,True,G3_4
east,2x12 #3,2025-01-24,2x12,3,8,270,True,G3_4
east,2x12 #3,2025-01-31,2x12,3,8,270,True,G3_4
east,2x12 #3,2025-02-07,2x12,3,8,270,True,G3_4
east,2x12 #3,2025-02-14,2x12,3,8,270,True,G3_4
east,2x12 #3,2025-02-21,2x12,3,8,280,True,G3_4
east,2x12 #3,2025-02-28,2x12,3,8,285,True,G3_4
east,2x12 #3,2025-03-07,2x12,3,8,290,True,G3_4
east,2x12 #3,2025-03-14,2x12,3,8,300,True,G3_4
east,2x12 #3,2025-03-21,2x12,3,8,305,True,G3_4
east,2x12 #3,2025-03-28,2x12,3,8,305,True,G3_4
east,2x12 #3,2025-04-04,2x12,3,8,305,True,G3_4
east,2x12 #3,2025-04-11,2x12,3,8,310,True,G3_4
east,2x12 #3,2025-04-18,2x12,3,8,315,True,G3_4
east,2x12 #3,2025-04-25,2x12,3,8,315,True,G3_4
east,2x12 #3,2025-05-02,2x12,3,8,315,True,G3_4
east,2x12 #3,2025-05-09,2x12,3,8,310,True,G3_4
east,2x12 #3,2025-05-16,2x12,3,8,305,True,G3_4
east,2x12 #3,2025-05-23,2x12,3,8,300,True,G3_4
east,2x12 #3,2025-05-30,2x12,3,8,295,True,G3_4
east,2x12 #3,2025-06-06,2x12,3,8,290,True,G3_4
east,2x12 #3,2025-06-13,2x12,3,8,290,True,G3_4
east,2x12 #3,2025-06-19,2x12,3,8,285,True,G3_4
east,2x12 #3,2025-06-27,2x12,3,8,275,True,G3_4
east,2x12 #3,2025-07-03,2x12,3,8,265,True,G3_4
east,2x12 #3,2025-07-11,2x12,3,8,265,True,G3_4
east,2x12 #3,2025-07-18,2x12,3,8,260,True,G3_4
east,2x12 #3,2025-07-25,2x12,3,8,260,True,G3_4
east,2x12 #3,2025-08-01,2x12,3,8,260,True,G3_4
east,2x12 #3,2025-08-08,2x12,3,8,255,True,G3_4
east,2x12 #3,2025-08-15,2x12,3,8,255,True,G3_4
east,2x12 #3,2025-08-22,2x12,3,8,255,True,G3_4
east,2x12 #3,2025-08-29,2x12,3,8,255,True,G3_4
east,2x12 #3,2025-09-05,2x12,3,8,255,True,G3_4
east,2x12 #3,2025-09-12,2x12,3,8,255,True,G3_4
east,2x12 #3,2025-09-19,2x12,3,8,255,True,G3_4
east,2x12 #3,2025-09-26,2x12,3,8,255,True,G3_4
east,2x12 #3,2025-10-03,2x12,3,8,255,True,G3_4
east,2x12 #3,2025-10-10,2x12,3,8,255,True,G3_4
east,2x12 #3,2025-10-17,2x12,3,8,255,True,G3_4
east,2x12 #3,2024-01-12,2x12,3,10,240,True,G3_4
east,2x12 #3,2024-01-18,2x12,3,10,240,True,G3_4
east,2x12 #3,2024-01-25,2x12,3,10,240,True,G3_4
east,2x12 #3,2024-02-08,2x12,3,10,240,True,G3_4
east,2x12 #3,2024-02-15,2x12,3,10,240,True,G3_4
east,2x12 #3,2024-02-22,2x12,3,10,240,True,G3_4
east,2x12 #3,2024-02-29,2x12,3,10,240,True,G3_4
east,2x12 #3,2024-03-07,2x12,3,10,250,True,G3_4
east,2x12 #3,2024-03-14,2x12,3,10,255,True,G3_4
east,2x12 #3,2024-03-21,2x12,3,10,260,True,G3_4
east,2x12 #3,2024-03-28,2x12,3,10,260,True,G3_4
east,2x12 #3,2024-04-04,2x12,3,10,265,True,G3_4
east,2x12 #3,2024-04-11,2x12,3,10,265,True,G3_4
east,2x12 #3,2024-04-18,2x12,3,10,270,True,G3_4
east,2x12 #3,2024-04-25,2x12,3,10,270,True,G3_4
east,2x12 #3,2024-05-02,2x12,3,10,270,True,G3_4
east,2x12 #3,2024-05-09,2x12,3,10,270,True,G3_4
east,2x12 #3,2024-05-16,2x12,3,10,270,True,G3_4
east,2x12 #3,2024-05-30,2x12,3,10,275,True,G3_4
east,2x12 #3,2024-06-06,2x12,3,10,275,True,G3_4
east,2x12 #3,2024-06-13,2x12,3,10,270,True,G3_4
east,2x12 #3,2024-06-20,2x12,3,10,270,True,G3_4
east,2x12 #3,2024-06-27,2x12,3,10,270,True,G3_4
east,2x12 #3,2024-07-04,2x12,3,10,270,True,G3_4
east,2x12 #3,2024-07-11,2x12,3,10,265,True,G3_4
east,2x12 #3,2024-07-18,2x12,3,10,255,True,G3_4
east,2x12 #3,2024-07-25,2x12,3,10,255,True,G3_4
east,2x12 #3,2024-08-01,2x12,3,10,255,True,G3_4
east,2x12 #3,2024-08-08,2x12,3,10,255,True,G3_4
east,2x12 #3,2024-08-15,2x12,3,10,255,True,G3_4
east,2x12 #3,2024-08-22,2x12,3,10,250,True,G3_4
east,2x12 #3,2024-08-29,2x12,3,10,240,True,G3_4
east,2x12 #3,2024-09-05,2x12,3,10,240,True,G3_4
east,2x12 #3,2024-09-12,2x12,3,10,240,True,G3_4
east,2x12 #3,2024-09-20,2x12,3,10,240,True,G3_4
east,2x12 #3,2024-09-27,2x12,3,10,245,True,G3_4
east,2x12 #3,2024-10-04,2x12,3,10,245,True,G3_4
east,2x12 #3,2024-10-11,2x12,3,10,250,True,G3_4
east,2x12 #3,2024-10-18,2x12,3,10,250,True,G3_4
east,2x12 #3,2024-10-25,2x12,3,10,265,True,G3_4
east,2x12 #3,2024-11-01,2x12,3,10,275,True,G3_4
east,2x12 #3,2024-11-08,2x12,3,10,275,True,G3_4
east,2x12 #3,2024-11-15,2x12,3,10,275,True,G3_4
east,2x12 #3,2024-11-22,2x12,3,10,270,True,G3_4
east,2x12 #3,2024-11-27,2x12,3,10,265,True,G3_4
east,2x12 #3,2024-12-06,2x12,3,10,265,True,G3_4
east,2x12 #3,2024-12-13,2x12,3,10,265,True,G3_4
east,2x12 #3,2024-12-20,2x12,3,10,265,True,G3_4
east,2x12 #3,2025-01-03,2x12,3,10,270,True,G3_4
east,2x12 #3,2025-01-10,2x12,3,10,270,True,G3_4
east,2x12 #3,2025-01-17,2x12,3,10,270,True,G3_4
east,2x12 #3,2025-01-24,2x12,3,10,270,True,G3_4
east,2x12 #3,2025-01-31,2x12,3,10,270,True,G3_4
east,2x12 #3,2025-02-07,2x12,3,10,270,True,G3_4
east,2x12 #3,2025-02-14,2x12,3,10,270,True,G3_4
east,2x12 #3,2025-02-21,2x12,3,10,280,True,G3_4
east,2x12 #3,2025-02-28,2x12,3,10,285,True,G3_4
east,2x12 #3,2025-03-07,2x12,3,10,290,True,G3_4
east,2x12 #3,2025-03-14,2x12,3,10,300,True,G3_4
east,2x12 #3,2025-03-21,2x12,3,10,305,True,G3_4
east,2x12 #3,2025-03-28,2x12,3,10,305,True,G3_4
east,2x12 #3,2025-04-04,2x12,3,10,305,True,G3_4
east,2x12 #3,2025-04-11,2x12,3,10,310,True,G3_4
east,2x12 #3,2025-04-18,2x12,3,10,315,True,G3_4
east,2x12 #3,2025-04-25,2x12,3,10,315,True,G3_4
east,2x12 #3,2025-05-02,2x12,3,10,315,True,G3_4
east,2x12 #3,2025-05-09,2x12,3,10,310,True,G3_4
east,2x12 #3,2025-05-16,2x12,3,10,305,True,G3_4
east,2x12 #3,2025-05-23,2x12,3,10,300,True,G3_4
east,2x12 #3,2025-05-30,2x12,3,10,295,True,G3_4
east,2x12 #3,2025-06-06,2x12,3,10,290,True,G3_4
east,2x12 #3,2025-06-13,2x12,3,10,290,True,G3_4
east,2x12 #3,2025-06-19,2x12,3,10,285,True,G3_4
east,2x12 #3,2025-06-27,2x12,3,10,275,True,G3_4
east,2x12 #3,2025-07-03,2x12,3,10,265,True,G3_4
east,2x12 #3,2025-07-11,2x12,3,10,265,True,G3_4
east,2x12 #3,2025-07-18,2x12,3,10,260,True,G3_4
east,2x12 #3,2025-07-25,2x12,3,10,260,True,G3_4
east,2x12 #3,2025-08-01,2x12,3,10,260,True,G3_4
east,2x12 #3,2025-08-08,2x12,3,10,255,True,G3_4
east,2x12 #3,2025-08-15,2x12,3,10,255,True,G3_4
east,2x12 #3,2025-08-22,2x12,3,10,255,True,G3_4
east,2x12 #3,2025-08-29,2x12,3,10,255,True,G3_4
east,2x12 #3,2025-09-05,2x12,3,10,255,True,G3_4
east,2x12 #3,2025-09-12,2x12,3,10,255,True,G3_4
east,2x12 #3,2025-09-19,2x12,3,10,255,True,G3_4
east,2x12 #3,2025-09-26,2x12,3,10,255,True,G3_4
east,2x12 #3,2025-10-03,2x12,3,10,255,True,G3_4
east,2x12 #3,2025-10-10,2x12,3,10,255,True,G3_4
east,2x12 #3,2025-10-17,2x12,3,10,255,True,G3_4
east,2x12 #3,2024-01-12,2x12,3,12,240,True,G3_4
east,2x12 #3,2024-01-18,2x12,3,12,240,True,G3_4
east,2x12 #3,2024-01-25,2x12,3,12,240,True,G3_4
east,2x12 #3,2024-02-08,2x12,3,12,240,True,G3_4
east,2x12 #3,2024-02-15,2x12,3,12,240,True,G3_4
east,2x12 #3,2024-02-22,2x12,3,12,240,True,G3_4
east,2x12 #3,2024-02-29,2x12,3,12,240,True,G3_4
east,2x12 #3,2024-03-07,2x12,3,12,250,True,G3_4
east,2x12 #3,2024-03-14,2x12,3,12,255,True,G3_4
east,2x12 #3,2024-03-21,2x12,3,12,260,True,G3_4
east,2x12 #3,2024-03-28,2x12,3,12,260,True,G3_4
east,2x12 #3,2024-04-04,2x12,3,12,265,True,G3_4
east,2x12 #3,2024-04-11,2x12,3,12,265,True,G3_4
east,2x12 #3,2024-04-18,2x12,3,12,270,True,G3_4
east,2x12 #3,2024-04-25,2x12,3,12,270,True,G3_4
east,2x12 #3,2024-05-02,2x12,3,12,270,True,G3_4
east,2x12 #3,2024-05-09,2x12,3,12,270,True,G3_4
east,2x12 #3,2024-05-16,2x12,3,12,270,True,G3_4
east,2x12 #3,2024-05-30,2x12,3,12,275,True,G3_4
east,2x12 #3,2024-06-06,2x12,3,12,275,True,G3_4
east,2x12 #3,2024-06-13,2x12,3,12,270,True,G3_4
east,2x12 #3,2024-06-20,2x12,3,12,270,True,G3_4
east,2x12 #3,2024-06-27,2x12,3,12,270,True,G3_4
east,2x12 #3,2024-07-04,2x12,3,12,270,True,G3_4
east,2x12 #3,2024-07-11,2x12,3,12,265,True,G3_4
east,2x12 #3,2024-07-18,2x12,3,12,255,True,G3_4
east,2x12 #3,2024-07-25,2x12,3,12,255,True,G3_4
east,2x12 #3,2024-08-01,2x12,3,12,255,True,G3_4
east,2x12 #3,2024-08-08,2x12,3,12,255,True,G3_4
east,2x12 #3,2024-08-15,2x12,3,12,255,True,G3_4
east,2x12 #3,2024-08-22,2x12,3,12,250,True,G3_4
east,2x12 #3,2024-08-29,2x12,3,12,240,True,G3_4
east,2x12 #3,2024-09-05,2x12,3,12,240,True,G3_4
east,2x12 #3,2024-09-12,2x12,3,12,240,True,G3_4
east,2x12 #3,2024-09-20,2x12,3,12,240,True,G3_4
east,2x12 #3,2024-09-27,2x12,3,12,245,True,G3_4
east,2x12 #3,2024-10-04,2x12,3,12,245,True,G3_4
east,2x12 #3,2024-10-11,2x12,3,12,250,True,G3_4
east,2x12 #3,2024-10-18,2x12,3,12,250,True,G3_4
east,2x12 #3,2024-10-25,2x12,3,12,265,True,G3_4
east,2x12 #3,2024-11-01,2x12,3,12,275,True,G3_4
east,2x12 #3,2024-11-08,2x12,3,12,275,True,G3_4
east,2x12 #3,2024-11-15,2x12,3,12,275,True,G3_4
east,2x12 #3,2024-11-22,2x12,3,12,270,True,G3_4
east,2x12 #3,2024-11-27,2x12,3,12,265,True,G3_4
east,2x12 #3,2024-12-06,2x12,3,12,265,True,G3_4
east,2x12 #3,2024-12-13,2x12,3,12,265,True,G3_4
east,2x12 #3,2024-12-20,2x12,3,12,265,True,G3_4
east,2x12 #3,2025-01-03,2x12,3,12,270,True,G3_4
east,2x12 #3,2025-01-10,2x12,3,12,270,True,G3_4
east,2x12 #3,2025-01-17,2x12,3,12,270,True,G3_4
east,2x12 #3,2025-01-24,2x12,3,12,270,True,G3_4
east,2x12 #3,2025-01-31,2x12,3,12,270,True,G3_4
east,2x12 #3,2025-02-07,2x12,3,12,270,True,G3_4
east,2x12 #3,2025-02-14,2x12,3,12,270,True,G3_4
east,2x12 #3,2025-02-21,2x12,3,12,280,True,G3_4
east,2x12 #3,2025-02-28,2x12,3,12,285,True,G3_4
east,2x12 #3,2025-03-07,2x12,3,12,290,True,G3_4
east,2x12 #3,2025-03-14,2x12,3,12,300,True,G3_4
east,2x12 #3,2025-03-21,2x12,3,12,305,True,G3_4
east,2x12 #3,2025-03-28,2x12,3,12,305,True,G3_4
east,2x12 #3,2025-04-04,2x12,3,12,305,True,G3_4
east,2x12 #3,2025-04-11,2x12,3,12,310,True,G3_4
east,2x12 #3,2025-04-18,2x12,3,12,315,True,G3_4
east,2x12 #3,2025-04-25,2x12,3,12,315,True,G3_4
east,2x12 #3,2025-05-02,2x12,3,12,315,True,G3_4
east,2x12 #3,2025-05-09,2x12,3,12,310,True,G3_4
east,2x12 #3,2025-05-16,2x12,3,12,305,True,G3_4
east,2x12 #3,2025-05-23,2x12,3,12,300,True,G3_4
east,2x12 #3,2025-05-30,2x12,3,12,295,True,G3_4
east,2x12 #3,2025-06-06,2x12,3,12,290,True,G3_4
east,2x12 #3,2025-06-13,2x12,3,12,290,True,G3_4
east,2x12 #3,2025-06-19,2x12,3,12,285,True,G3_4
east,2x12 #3,2025-06-27,2x12,3,12,275,True,G3_4
east,2x12 #3,2025-07-03,2x12,3,12,265,True,G3_4
east,2x12 #3,2025-07-11,2x12,3,12,265,True,G3_4
east,2x12 #3,2025-07-18,2x12,3,12,260,True,G3_4
east,2x12 #3,2025-07-25,2x12,3,12,260,True,G3_4
east,2x12 #3,2025-08-01,2x12,3,12,260,True,G3_4
east,2x12 #3,2025-08-08,2x12,3,12,255,True,G3_4
east,2x12 #3,2025-08-15,2x12,3,12,255,True,G3_4
east,2x12 #3,2025-08-22,2x12,3,12,255,True,G3_4
east,2x12 #3,2025-08-29,2x12,3,12,255,True,G3_4
east,2x12 #3,2025-09-05,2x12,3,12,255,True,G3_4
east,2x12 #3,2025-09-12,2x12,3,12,255,True,G3_4
east,2x12 #3,2025-09-19,2x12,3,12,255,True,G3_4
east,2x12 #3,2025-09-26,2x12,3,12,255,True,G3_4
east,2x12 #3,2025-10-03,2x12,3,12,255,True,G3_4
east,2x12 #3,2025-10-10,2x12,3,12,255,True,G3_4
east,2x12 #3,2025-10-17,2x12,3,12,255,True,G3_4
east,2x12 #3,2024-01-12,2x12,3,14,240,True,G3_4
east,2x12 #3,2024-01-18,2x12,3,14,240,True,G3_4
east,2x12 #3,2024-01-25,2x12,3,14,240,True,G3_4
east,2x12 #3,2024-02-08,2x12,3,14,240,True,G3_4
east,2x12 #3,2024-02-15,2x12,3,14,240,True,G3_4
east,2x12 #3,2024-02-22,2x12,3,14,240,True,G3_4
east,2x12 #3,2024-02-29,2x12,3,14,240,True,G3_4
east,2x12 #3,2024-03-07,2x12,3,14,250,True,G3_4
east,2x12 #3,2024-03-14,2x12,3,14,255,True,G3_4
east,2x12 #3,2024-03-21,2x12,3,14,260,True,G3_4
east,2x12 #3,2024-03-28,2x12,3,14,260,True,G3_4
east,2x12 #3,2024-04-04,2x12,3,14,265,True,G3_4
east,2x12 #3,2024-04-11,2x12,3,14,265,True,G3_4
east,2x12 #3,2024-04-18,2x12,3,14,270,True,G3_4
east,2x12 #3,2024-04-25,2x12,3,14,270,True,G3_4
east,2x12 #3,2024-05-02,2x12,3,14,270,True,G3_4
east,2x12 #3,2024-05-09,2x12,3,14,270,True,G3_4
east,2x12 #3,2024-05-16,2x12,3,14,270,True,G3_4
east,2x12 #3,2024-05-30,2x12,3,14,275,True,G3_4
east,2x12 #3,2024-06-06,2x12,3,14,275,True,G3_4
east,2x12 #3,2024-06-13,2x12,3,14,270,True,G3_4
east,2x12 #3,2024-06-20,2x12,3,14,270,True,G3_4
east,2x12 #3,2024-06-27,2x12,3,14,270,True,G3_4
east,2x12 #3,2024-07-04,2x12,3,14,270,True,G3_4
east,2x12 #3,2024-07-11,2x12,3,14,265,True,G3_4
east,2x12 #3,2024-07-18,2x12,3,14,255,True,G3_4
east,2x12 #3,2024-07-25,2x12,3,14,255,True,G3_4
east,2x12 #3,2024-08-01,2x12,3,14,255,True,G3_4
east,2x12 #3,2024-08-08,2x12,3,14,255,True,G3_4
east,2x12 #3,2024-08-15,2x12,3,14,255,True,G3_4
east,2x12 #3,2024-08-22,2x12,3,14,250,True,G3_4
east,2x12 #3,2024-08-29,2x12,3,14,240,True,G3_4
east,2x12 #3,2024-09-05,2x12,3,14,240,True,G3_4
east,2x12 #3,2024-09-12,2x12,3,14,240,True,G3_4
east,2x12 #3,2024-09-20,2x12,3,14,240,True,G3_4
east,2x12 #3,2024-09-27,2x12,3,14,245,True,G3_4
east,2x12 #3,2024-10-04,2x12,3,14,245,True,G3_4
east,2x12 #3,2024-10-11,2x12,3,14,250,True,G3_4
east,2x12 #3,2024-10-18,2x12,3,14,250,True,G3_4
east,2x12 #3,2024-10-25,2x12,3,14,265,True,G3_4
east,2x12 #3,2024-11-01,2x12,3,14,275,True,G3_4
east,2x12 #3,2024-11-08,2x12,3,14,275,True,G3_4
east,2x12 #3,2024-11-15,2x12,3,14,275,True,G3_4
east,2x12 #3,2024-11-22,2x12,3,14,270,True,G3_4
east,2x12 #3,2024-11-27,2x12,3,14,265,True,G3_4
east,2x12 #3,2024-12-06,2x12,3,14,265,True,G3_4
east,2x12 #3,2024-12-13,2x12,3,14,265,True,G3_4
east,2x12 #3,2024-12-20,2x12,3,14,265,True,G3_4
east,2x12 #3,2025-01-03,2x12,3,14,270,True,G3_4
east,2x12 #3,2025-01-10,2x12,3,14,270,True,G3_4
east,2x12 #3,2025-01-17,2x12,3,14,270,True,G3_4
east,2x12 #3,2025-01-24,2x12,3,14,270,True,G3_4
east,2x12 #3,2025-01-31,2x12,3,14,270,True,G3_4
east,2x12 #3,2025-02-07,2x12,3,14,270,True,G3_4
east,2x12 #3,2025-02-14,2x12,3,14,270,True,G3_4
east,2x12 #3,2025-02-21,2x12,3,14,280,True,G3_4
east,2x12 #3,2025-02-28,2x12,3,14,285,True,G3_4
east,2x12 #3,2025-03-07,2x12,3,14,290,True,G3_4
east,2x12 #3,2025-03-14,2x12,3,14,300,True,G3_4
east,2x12 #3,2025-03-21,2x12,3,14,305,True,G3_4
east,2x12 #3,2025-03-28,2x12,3,14,305,True,G3_4
east,2x12 #3,2025-04-04,2x12,3,14,305,True,G3_4
east,2x12 #3,2025-04-11,2x12,3,14,310,True,G3_4
east,2x12 #3,2025-04-18,2x12,3,14,315,True,G3_4
east,2x12 #3,2025-04-25,2x12,3,14,315,True,G3_4
east,2x12 #3,2025-05-02,2x12,3,14,315,True,G3_4
east,2x12 #3,2025-05-09,2x12,3,14,310,True,G3_4
east,2x12 #3,2025-05-16,2x12,3,14,305,True,G3_4
east,2x12 #3,2025-05-23,2x12,3,14,300,True,G3_4
east,2x12 #3,2025-05-30,2x12,3,14,295,True,G3_4
east,2x12 #3,2025-06-06,2x12,3,14,290,True,G3_4
east,2x12 #3,2025-06-13,2x12,3,14,290,True,G3_4
east,2x12 #3,2025-06-19,2x12,3,14,285,True,G3_4
east,2x12 #3,2025-06-27,2x12,3,14,275,True,G3_4
east,2x12 #3,2025-07-03,2x12,3,14,265,True,G3_4
east,2x12 #3,2025-07-11,2x12,3,14,265,True,G3_4
east,2x12 #3,2025-07-18,2x12,3,14,260,True,G3_4
east,2x12 #3,2025-07-25,2x12,3,14,260,True,G3_4
east,2x12 #3,2025-08-01,2x12,3,14,260,True,G3_4
east,2x12 #3,2025-08-08,2x12,3,14,255,True,G3_4
east,2x12 #3,2025-08-15,2x12,3,14,255,True,G3_4
east,2x12 #3,2025-08-22,2x12,3,14,255,True,G3_4
east,2x12 #3,2025-08-29,2x12,3,14,255,True,G3_4
east,2x12 #3,2025-09-05,2x12,3,14,255,True,G3_4
east,2x12 #3,2025-09-12,2x12,3,14,255,True,G3_4
east,2x12 #3,2025-09-19,2x12,3,14,255,True,G3_4
east,2x12 #3,2025-09-26,2x12,3,14,255,True,G3_4
east,2x12 #3,2025-10-03,2x12,3,14,255,True,G3_4
east,2x12 #3,2025-10-10,2x12,3,14,255,True,G3_4
east,2x12 #3,2025-10-17,2x12,3,14,255,True,G3_4
east,2x12 #3,2024-01-12,2x12,3,16,240,True,G3_4
east,2x12 #3,2024-01-18,2x12,3,16,240,True,G3_4
east,2x12 #3,2024-01-25,2x12,3,16,240,True,G3_4
east,2x12 #3,2024-02-08,2x12,3,16,240,True,G3_4
east,2x12 #3,2024-02-15,2x12,3,16,240,True,G3_4
east,2x12 #3,2024-02-22,2x12,3,16,240,True,G3_4
east,2x12 #3,2024-02-29,2x12,3,16,240,True,G3_4
east,2x12 #3,2024-03-07,2x12,3,16,250,True,G3_4
east,2x12 #3,2024-03-14,2x12,3,16,255,True,G3_4
east,2x12 #3,2024-03-21,2x12,3,16,260,True,G3_4
east,2x12 #3,2024-03-28,2x12,3,16,260,True,G3_4
east,2x12 #3,2024-04-04,2x12,3,16,265,True,G3_4
east,2x12 #3,2024-04-11,2x12,3,16,265,True,G3_4
east,2x12 #3,2024-04-18,2x12,3,16,270,True,G3_4
east,2x12 #3,2024-04-25,2x12,3,16,270,True,G3_4
east,2x12 #3,2024-05-02,2x12,3,16,270,True,G3_4
east,2x12 #3,2024-05-09,2x12,3,16,270,True,G3_4
east,2x12 #3,2024-05-16,2x12,3,16,270,True,G3_4
east,2x12 #3,2024-05-30,2x12,3,16,275,True,G3_4
east,2x12 #3,2024-06-06,2x12,3,16,275,True,G3_4
east,2x12 #3,2024-06-13,2x12,3,16,270,True,G3_4
east,2x12 #3,2024-06-20,2x12,3,16,270,True,G3_4
east,2x12 #3,2024-06-27,2x12,3,16,270,True,G3_4
east,2x12 #3,2024-07-04,2x12,3,16,270,True,G3_4
east,2x12 #3,2024-07-11,2x12,3,16,265,True,G3_4
east,2x12 #3,2024-07-18,2x12,3,16,255,True,G3_4
east,2x12 #3,2024-07-25,2x12,3,16,255,True,G3_4
east,2x12 #3,2024-08-01,2x12,3,16,255,True,G3_4
east,2x12 #3,2024-08-08,2x12,3,16,255,True,G3_4
east,2x12 #3,2024-08-15,2x12,3,16,255,True,G3_4
east,2x12 #3,2024-08-22,2x12,3,16,250,True,G3_4
east,2x12 #3,2024-08-29,2x12,3,16,240,True,G3_4
east,2x12 #3,2024-09-05,2x12,3,16,240,True,G3_4
east,2x12 #3,2024-09-12,2x12,3,16,240,True,G3_4
east,2x12 #3,2024-09-20,2x12,3,16,240,True,G3_4
east,2x12 #3,2024-09-27,2x12,3,16,245,True,G3_4
east,2x12 #3,2024-10-04,2x12,3,16,245,True,G3_4
east,2x12 #3,2024-10-11,2x12,3,16,250,True,G3_4
east,2x12 #3,2024-10-18,2x12,3,16,250,True,G3_4
east,2x12 #3,2024-10-25,2x12,3,16,265,True,G3_4
east,2x12 #3,2024-11-01,2x12,3,16,275,True,G3_4
east,2x12 #3,2024-11-08,2x12,3,16,275,True,G3_4
east,2x12 #3,2024-11-15,2x12,3,16,275,True,G3_4
east,2x12 #3,2024-11-22,2x12,3,16,270,True,G3_4
east,2x12 #3,2024-11-27,2x12,3,16,265,True,G3_4
east,2x12 #3,2024-12-06,2x12,3,16,265,True,G3_4
east,2x12 #3,2024-12-13,2x12,3,16,265,True,G3_4
east,2x12 #3,2024-12-20,2x12,3,16,265,True,G3_4
east,2x12 #3,2025-01-03,2x12,3,16,270,True,G3_4
east,2x12 #3,2025-01-10,2x12,3,16,270,True,G3_4
east,2x12 #3,2025-01-17,2x12,3,16,270,True,G3_4
east,2x12 #3,2025-01-24,2x12,3,16,270,True,G3_4
east,2x12 #3,2025-01-31,2x12,3,16,270,True,G3_4
east,2x12 #3,2025-02-07,2x12,3,16,270,True,G3_4
east,2x12 #3,2025-02-14,2x12,3,16,270,True,G3_4
east,2x12 #3,2025-02-21,2x12,3,16,280,True,G3_4
east,2x12 #3,2025-02-28,2x12,3,16,285,True,G3_4
east,2x12 #3,2025-03-07,2x12,3,16,290,True,G3_4
east,2x12 #3,2025-03-14,2x12,3,16,300,True,G3_4
east,2x12 #3,2025-03-21,2x12,3,16,305,True,G3_4
east,2x12 #3,2025-03-28,2x12,3,16,305,True,G3_4
east,2x12 #3,2025-04-04,2x12,3,16,305,True,G3_4
east,2x12 #3,2025-04-11,2x12,3,16,310,True,G3_4
east,2x12 #3,2025-04-18,2x12,3,16,315,True,G3_4
east,2x12 #3,2025-04-25,2x12,3,16,315,True,G3_4
east,2x12 #3,2025-05-02,2x12,3,16,315,True,G3_4
east,2x12 #3,2025-05-09,2x12,3,16,310,True,G3_4
east,2x12 #3,2025-05-16,2x12,3,16,305,True,G3_4
east,2x12 #3,2025-05-23,2x12,3,16,300,True,G3_4
east,2x12 #3,2025-05-30,2x12,3,16,295,True,G3_4
east,2x12 #3,2025-06-06,2x12,3,16,290,True,G3_4
east,2x12 #3,2025-06-13,2x12,3,16,290,True,G3_4
east,2x12 #3,2025-06-19,2x12,3,16,285,True,G3_4
east,2x12 #3,2025-06-27,2x12,3,16,275,True,G3_4
east,2x12 #3,2025-07-03,2x12,3,16,265,True,G3_4
east,2x12 #3,2025-07-11,2x12,3,16,265,True,G3_4
east,2x12 #3,2025-07-18,2x12,3,16,260,True,G3_4
east,2x12 #3,2025-07-25,2x12,3,16,260,True,G3_4
east,2x12 #3,2025-08-01,2x12,3,16,260,True,G3_4
east,2x12 #3,2025-08-08,2x12,3,16,255,True,G3_4
east,2x12 #3,2025-08-15,2x12,3,16,255,True,G3_4
east,2x12 #3,2025-08-22,2x12,3,16,255,True,G3_4
east,2x12 #3,2025-08-29,2x12,3,16,255,True,G3_4
east,2x12 #3,2025-09-05,2x12,3,16,255,True,G3_4
east,2x12 #3,2025-09-12,2x12,3,16,255,True,G3_4
east,2x12 #3,2025-09-19,2x12,3,16,255,True,G3_4
east,2x12 #3,2025-09-26,2x12,3,16,255,True,G3_4
east,2x12 #3,2025-10-03,2x12,3,16,255,True,G3_4
east,2x12 #3,2025-10-10,2x12,3,16,255,True,G3_4
east,2x12 #3,2025-10-17,2x12,3,16,255,True,G3_4
east,2x12 #3,2024-01-12,2x12,3,18,240,True,G3_4
east,2x12 #3,2024-01-18,2x12,3,18,240,True,G3_4
east,2x12 #3,2024-01-25,2x12,3,18,240,True,G3_4
east,2x12 #3,2024-02-08,2x12,3,18,240,True,G3_4
east,2x12 #3,2024-02-15,2x12,3,18,240,True,G3_4
east,2x12 #3,2024-02-22,2x12,3,18,240,True,G3_4
east,2x12 #3,2024-02-29,2x12,3,18,240,True,G3_4
east,2x12 #3,2024-03-07,2x12,3,18,250,True,G3_4
east,2x12 #3,2024-03-14,2x12,3,18,255,True,G3_4
east,2x12 #3,2024-03-21,2x12,3,18,260,True,G3_4
east,2x12 #3,2024-03-28,2x12,3,18,260,True,G3_4
east,2x12 #3,2024-04-04,2x12,3,18,265,True,G3_4
east,2x12 #3,2024-04-11,2x12,3,18,265,True,G3_4
east,2x12 #3,2024-04-18,2x12,3,18,270,True,G3_4
east,2x12 #3,2024-04-25,2x12,3,18,270,True,G3_4
east,2x12 #3,2024-05-02,2x12,3,18,270,True,G3_4
east,2x12 #3,2024-05-09,2x12,3,18,270,True,G3_4
east,2x12 #3,2024-05-16,2x12,3,18,270,True,G3_4
east,2x12 #3,2024-05-30,2x12,3,18,275,True,G3_4
east,2x12 #3,2024-06-06,2x12,3,18,275,True,G3_4
east,2x12 #3,2024-06-13,2x12,3,18,270,True,G3_4
east,2x12 #3,2024-06-20,2x12,3,18,270,True,G3_4
east,2x12 #3,2024-06-27,2x12,3,18,270,True,G3_4
east,2x12 #3,2024-07-04,2x12,3,18,270,True,G3_4
east,2x12 #3,2024-07-11,2x12,3,18,265,True,G3_4
east,2x12 #3,2024-07-18,2x12,3,18,255,True,G3_4
east,2x12 #3,2024-07-25,2x12,3,18,255,True,G3_4
east,2x12 #3,2024-08-01,2x12,3,18,255,True,G3_4
east,2x12 #3,2024-08-08,2x12,3,18,255,True,G3_4
east,2x12 #3,2024-08-15,2x12,3,18,255,True,G3_4
east,2x12 #3,2024-08-22,2x12,3,18,250,True,G3_4
east,2x12 #3,2024-08-29,2x12,3,18,240,True,G3_4
east,2x12 #3,2024-09-05,2x12,3,18,240,True,G3_4
east,2x12 #3,2024-09-12,2x12,3,18,240,True,G3_4
east,2x12 #3,2024-09-20,2x12,3,18,240,True,G3_4
east,2x12 #3,2024-09-27,2x12,3,18,245,True,G3_4
east,2x12 #3,2024-10-04,2x12,3,18,245,True,G3_4
east,2x12 #3,2024-10-11,2x12,3,18,250,True,G3_4
east,2x12 #3,2024-10-18,2x12,3,18,250,True,G3_4
east,2x12 #3,2024-10-25,2x12,3,18,265,True,G3_4
east,2x12 #3,2024-11-01,2x12,3,18,275,True,G3_4
east,2x12 #3,2024-11-08,2x12,3,18,275,True,G3_4
east,2x12 #3,2024-11-15,2x12,3,18,275,True,G3_4
east,2x12 #3,2024-11-22,2x12,3,18,270,True,G3_4
east,2x12 #3,2024-11-27,2x12,3,18,265,True,G3_4
east,2x12 #3,2024-12-06,2x12,3,18,265,True,G3_4
east,2x12 #3,2024-12-13,2x12,3,18,265,True,G3_4
east,2x12 #3,2024-12-20,2x12,3,18,265,True,G3_4
east,2x12 #3,2025-01-03,2x12,3,18,270,True,G3_4
east,2x12 #3,2025-01-10,2x12,3,18,270,True,G3_4
east,2x12 #3,2025-01-17,2x12,3,18,270,True,G3_4
east,2x12 #3,2025-01-24,2x12,3,18,270,True,G3_4
east,2x12 #3,2025-01-31,2x12,3,18,270,True,G3_4
east,2x12 #3,2025-02-07,2x12,3,18,270,True,G3_4
east,2x12 #3,2025-02-14,2x12,3,18,270,True,G3_4
east,2x12 #3,2025-02-21,2x12,3,18,280,True,G3_4
east,2x12 #3,2025-02-28,2x12,3,18,285,True,G3_4
east,2x12 #3,2025-03-07,2x12,3,18,290,True,G3_4
east,2x12 #3,2025-03-14,2x12,3,18,300,True,G3_4
east,2x12 #3,2025-03-21,2x12,3,18,305,True,G3_4
east,2x12 #3,2025-03-28,2x12,3,18,305,True,G3_4
east,2x12 #3,2025-04-04,2x12,3,18,305,True,G3_4
east,2x12 #3,2025-04-11,2x12,3,18,310,True,G3_4
east,2x12 #3,2025-04-18,2x12,3,18,315,True,G3_4
east,2x12 #3,2025-04-25,2x12,3,18,315,True,G3_4
east,2x12 #3,2025-05-02,2x12,3,18,315,True,G3_4
east,2x12 #3,2025-05-09,2x12,3,18,310,True,G3_4
east,2x12 #3,2025-05-16,2x12,3,18,305,True,G3_4
east,2x12 #3,2025-05-23,2x12,3,18,300,True,G3_4
east,2x12 #3,2025-05-30,2x12,3,18,295,True,G3_4
east,2x12 #3,2025-06-06,2x12,3,18,290,True,G3_4
east,2x12 #3,2025-06-13,2x12,3,18,290,True,G3_4
east,2x12 #3,2025-06-19,2x12,3,18,285,True,G3_4
east,2x12 #3,2025-06-27,2x12,3,18,275,True,G3_4
east,2x12 #3,2025-07-03,2x12,3,18,265,True,G3_4
east,2x12 #3,2025-07-11,2x12,3,18,265,True,G3_4
east,2x12 #3,2025-07-18,2x12,3,18,260,True,G3_4
east,2x12 #3,2025-07-25,2x12,3,18,260,True,G3_4
east,2x12 #3,2025-08-01,2x12,3,18,260,True,G3_4
east,2x12 #3,2025-08-08,2x12,3,18,255,True,G3_4
east,2x12 #3,2025-08-15,2x12,3,18,255,True,G3_4
east,2x12 #3,2025-08-22,2x12,3,18,255,True,G3_4
east,2x12 #3,2025-08-29,2x12,3,18,255,True,G3_4
east,2x12 #3,2025-09-05,2x12,3,18,255,True,G3_4
east,2x12 #3,2025-09-12,2x12,3,18,255,True,G3_4
east,2x12 #3,2025-09-19,2x12,3,18,255,True,G3_4
east,2x12 #3,2025-09-26,2x12,3,18,255,True,G3_4
east,2x12 #3,2025-10-03,2x12,3,18,255,True,G3_4
east,2x12 #3,2025-10-10,2x12,3,18,255,True,G3_4
east,2x12 #3,2025-10-17,2x12,3,18,255,True,G3_4
east,2x12 #3,2024-01-12,2x12,3,20,240,True,G3_4
east,2x12 #3,2024-01-18,2x12,3,20,240,True,G3_4
east,2x12 #3,2024-01-25,2x12,3,20,240,True,G3_4
east,2x12 #3,2024-02-08,2x12,3,20,240,True,G3_4
east,2x12 #3,2024-02-15,2x12,3,20,240,True,G3_4
east,2x12 #3,2024-02-22,2x12,3,20,240,True,G3_4
east,2x12 #3,2024-02-29,2x12,3,20,240,True,G3_4
east,2x12 #3,2024-03-07,2x12,3,20,250,True,G3_4
east,2x12 #3,2024-03-14,2x12,3,20,255,True,G3_4
east,2x12 #3,2024-03-21,2x12,3,20,260,True,G3_4
east,2x12 #3,2024-03-28,2x12,3,20,260,True,G3_4
east,2x12 #3,2024-04-04,2x12,3,20,265,True,G3_4
east,2x12 #3,2024-04-11,2x12,3,20,265,True,G3_4
east,2x12 #3,2024-04-18,2x12,3,20,270,True,G3_4
east,2x12 #3,2024-04-25,2x12,3,20,270,True,G3_4
east,2x12 #3,2024-05-02,2x12,3,20,270,True,G3_4
east,2x12 #3,2024-05-09,2x12,3,20,270,True,G3_4
east,2x12 #3,2024-05-16,2x12,3,20,270,True,G3_4
east,2x12 #3,2024-05-30,2x12,3,20,275,True,G3_4
east,2x12 #3,2024-06-06,2x12,3,20,275,True,G3_4
east,2x12 #3,2024-06-13,2x12,3,20,270,True,G3_4
east,2x12 #3,2024-06-20,2x12,3,20,270,True,G3_4
east,2x12 #3,2024-06-27,2x12,3,20,270,True,G3_4
east,2x12 #3,2024-07-04,2x12,3,20,270,True,G3_4
east,2x12 #3,2024-07-11,2x12,3,20,265,True,G3_4
east,2x12 #3,2024-07-18,2x12,3,20,255,True,G3_4
east,2x12 #3,2024-07-25,2x12,3,20,255,True,G3_4
east,2x12 #3,2024-08-01,2x12,3,20,255,True,G3_4
east,2x12 #3,2024-08-08,2x12,3,20,255,True,G3_4
east,2x12 #3,2024-08-15,2x12,3,20,255,True,G3_4
east,2x12 #3,2024-08-22,2x12,3,20,250,True,G3_4
east,2x12 #3,2024-08-29,2x12,3,20,240,True,G3_4
east,2x12 #3,2024-09-05,2x12,3,20,240,True,G3_4
east,2x12 #3,2024-09-12,2x12,3,20,240,True,G3_4
east,2x12 #3,2024-09-20,2x12,3,20,240,True,G3_4
east,2x12 #3,2024-09-27,2x12,3,20,245,True,G3_4
east,2x12 #3,2024-10-04,2x12,3,20,245,True,G3_4
east,2x12 #3,2024-10-11,2x12,3,20,250,True,G3_4
east,2x12 #3,2024-10-18,2x12,3,20,250,True,G3_4
east,2x12 #3,2024-10-25,2x12,3,20,265,True,G3_4
east,2x12 #3,2024-11-01,2x12,3,20,275,True,G3_4
east,2x12 #3,2024-11-08,2x12,3,20,275,True,G3_4
east,2x12 #3,2024-11-15,2x12,3,20,275,True,G3_4
east,2x12 #3,2024-11-22,2x12,3,20,270,True,G3_4
east,2x12 #3,2024-11-27,2x12,3,20,265,True,G3_4
east,2x12 #3,2024-12-06,2x12,3,20,265,True,G3_4
east,2x12 #3,2024-12-13,2x12,3,20,265,True,G3_4
east,2x12 #3,2024-12-20,2x12,3,20,265,True,G3_4
east,2x12 #3,2025-01-03,2x12,3,20,270,True,G3_4
east,2x12 #3,2025-01-10,2x12,3,20,270,True,G3_4
east,2x12 #3,2025-01-17,2x12,3,20,270,True,G3_4
east,2x12 #3,2025-01-24,2x12,3,20,270,True,G3_4
east,2x12 #3,2025-01-31,2x12,3,20,270,True,G3_4
east,2x12 #3,2025-02-07,2x12,3,20,270,True,G3_4
east,2x12 #3,2025-02-14,2x12,3,20,270,True,G3_4
east,2x12 #3,2025-02-21,2x12,3,20,280,True,G3_4
east,2x12 #3,2025-02-28,2x12,3,20,285,True,G3_4
east,2x12 #3,2025-03-07,2x12,3,20,290,True,G3_4
east,2x12 #3,2025-03-14,2x12,3,20,300,True,G3_4
east,2x12 #3,2025-03-21,2x12,3,20,305,True,G3_4
east,2x12 #3,2025-03-28,2x12,3,20,305,True,G3_4
east,2x12 #3,2025-04-04,2x12,3,20,305,True,G3_4
east,2x12 #3,2025-04-11,2x12,3,20,310,True,G3_4
east,2x12 #3,2025-04-18,2x12,3,20,315,True,G3_4
east,2x12 #3,2025-04-25,2x12,3,20,315,True,G3_4
east,2x12 #3,2025-05-02,2x12,3,20,315,True,G3_4
east,2x12 #3,2025-05-09,2x12,3,20,310,True,G3_4
east,2x12 #3,2025-05-16,2x12,3,20,305,True,G3_4
east,2x12 #3,2025-05-23,2x12,3,20,300,True,G3_4
east,2x12 #3,2025-05-30,2x12,3,20,295,True,G3_4
east,2x12 #3,2025-06-06,2x12,3,20,290,True,G3_4
east,2x12 #3,2025-06-13,2x12,3,20,290,True,G3_4
east,2x12 #3,2025-06-19,2x12,3,20,285,True,G3_4
east,2x12 #3,2025-06-27,2x12,3,20,275,True,G3_4
east,2x12 #3,2025-07-03,2x12,3,20,265,True,G3_4
east,2x12 #3,2025-07-11,2x12,3,20,265,True,G3_4
east,2x12 #3,2025-07-18,2x12,3,20,260,True,G3_4
east,2x12 #3,2025-07-25,2x12,3,20,260,True,G3_4
east,2x12 #3,2025-08-01,2x12,3,20,260,True,G3_4
east,2x12 #3,2025-08-08,2x12,3,20,255,True,G3_4
east,2x12 #3,2025-08-15,2x12,3,20,255,True,G3_4
east,2x12 #3,2025-08-22,2x12,3,20,255,True,G3_4
east,2x12 #3,2025-08-29,2x12,3,20,255,True,G3_4
east,2x12 #3,2025-09-05,2x12,3,20,255,True,G3_4
east,2x12 #3,2025-09-12,2x12,3,20,255,True,G3_4
east,2x12 #3,2025-09-19,2x12,3,20,255,True,G3_4
east,2x12 #3,2025-09-26,2x12,3,20,255,True,G3_4
east,2x12 #3,2025-10-03,2x12,3,20,255,True,G3_4
east,2x12 #3,2025-10-10,2x12,3,20,255,True,G3_4
east,2x12 #3,2025-10-17,2x12,3,20,255,True,G3_4
east,2x12,2024-01-12,2x12,4,8,210,True,G3_4
east,2x12,2024-01-18,2x12,4,8,210,True,G3_4
east,2x12,2024-01-25,2x12,4,8,210,True,G3_4
east,2x12,2024-02-08,2x12,4,8,210,True,G3_4
east,2x12,2024-02-15,2x12,4,8,210,True,G3_4
east,2x12,2024-02-22,2x12,4,8,210,True,G3_4
east,2x12,2024-02-29,2x12,4,8,215,True,G3_4
east,2x12,2024-03-07,2x12,4,8,220,True,G3_4
east,2x12,2024-03-14,2x12,4,8,220,True,G3_4
east,2x12,2024-03-21,2x12,4,8,220,True,G3_4
east,2x12,2024-03-28,2x12,4,8,220,True,G3_4
east,2x12,2024-04-04,2x12,4,8,220,True,G3_4
east,2x12,2024-04-11,2x12,4,8,220,True,G3_4
east,2x12,2024-04-18,2x12,4,8,220,True,G3_4
east,2x12,2024-04-25,2x12,4,8,220,True,G3_4
east,2x12,2024-05-02,2x12,4,8,220,True,G3_4
east,2x12,2024-05-09,2x12,4,8,220,True,G3_4
east,2x12,2024-05-16,2x12,4,8,220,True,G3_4
east,2x12,2024-05-30,2x12,4,8,225,True,G3_4
east,2x12,2024-06-06,2x12,4,8,220,True,G3_4
east,2x12,2024-06-13,2x12,4,8,220,True,G3_4
east,2x12,2024-06-20,2x12,4,8,215,True,G3_4
east,2x12,2024-06-27,2x12,4,8,215,True,G3_4
east,2x12,2024-07-04,2x12,4,8,215,True,G3_4
east,2x12,2024-07-11,2x12,4,8,215,True,G3_4
east,2x12,2024-07-18,2x12,4,8,215,True,G3_4
east,2x12,2024-07-25,2x12,4,8,220,True,G3_4
east,2x12,2024-08-01,2x12,4,8,220,True,G3_4
east,2x12,2024-08-08,2x12,4,8,220,True,G3_4
east,2x12,2024-08-15,2x12,4,8,220,True,G3_4
east,2x12,2024-08-22,2x12,4,8,220,True,G3_4
east,2x12,2024-08-29,2x12,4,8,220,True,G3_4
east,2x12,2024-09-05,2x12,4,8,220,True,G3_4
east,2x12,2024-09-12,2x12,4,8,220,True,G3_4
east,2x12,2024-09-20,2x12,4,8,220,True,G3_4
east,2x12,2024-09-27,2x12,4,8,220,True,G3_4
east,2x12,2024-10-04,2x12,4,8,220,True,G3_4
east,2x12,2024-10-11,2x12,4,8,220,True,G3_4
east,2x12,2024-10-18,2x12,4,8,235,True,G3_4
east,2x12,2024-10-25,2x12,4,8,240,True,G3_4
east,2x12,2024-11-01,2x12,4,8,240,True,G3_4
east,2x12,2024-11-08,2x12,4,8,245,True,G3_4
east,2x12,2024-11-15,2x12,4,8,250,True,G3_4
east,2x12,2024-11-22,2x12,4,8,255,True,G3_4
east,2x12,2024-11-27,2x12,4,8,255,True,G3_4
east,2x12,2024-12-06,2x12,4,8,255,True,G3_4
east,2x12,2024-12-13,2x12,4,8,255,True,G3_4
east,2x12,2024-12-20,2x12,4,8,255,True,G3_4
east,2x12,2025-01-03,2x12,4,8,255,True,G3_4
east,2x12,2025-01-10,2x12,4,8,255,True,G3_4
east,2x12,2025-01-17,2x12,4,8,260,True,G3_4
east,2x12,2025-01-24,2x12,4,8,260,True,G3_4
east,2x12,2025-01-31,2x12,4,8,265,True,G3_4
east,2x12,2025-02-07,2x12,4,8,270,True,G3_4
east,2x12,2025-02-14,2x12,4,8,275,True,G3_4
east,2x12,2025-02-21,2x12,4,8,275,True,G3_4
east,2x12,2025-02-28,2x12,4,8,275,True,G3_4
east,2x12,2025-03-07,2x12,4,8,275,True,G3_4
east,2x12,2025-03-14,2x12,4,8,280,True,G3_4
east,2x12,2025-03-21,2x12,4,8,280,True,G3_4
east,2x12,2025-03-28,2x12,4,8,295,True,G3_4
east,2x12,2025-04-04,2x12,4,8,295,True,G3_4
east,2x12,2025-04-11,2x12,4,8,295,True,G3_4
east,2x12,2025-04-18,2x12,4,8,295,True,G3_4
east,2x12,2025-04-25,2x12,4,8,295,True,G3_4
east,2x12,2025-05-02,2x12,4,8,295,True,G3_4
east,2x12,2025-05-09,2x12,4,8,280,True,G3_4
east,2x12,2025-05-16,2x12,4,8,270,True,G3_4
east,2x12,2025-05-23,2x12,4,8,270,True,G3_4
east,2x12,2025-05-30,2x12,4,8,260,True,G3_4
east,2x12,2025-06-06,2x12,4,8,260,True,G3_4
east,2x12,2025-06-13,2x12,4,8,260,True,G3_4
east,2x12,2025-06-19,2x12,4,8,260,True,G3_4
east,2x12,2025-06-27,2x12,4,8,250,True,G3_4
east,2x12,2025-07-03,2x12,4,8,245,True,G3_4
east,2x12,2025-07-11,2x12,4,8,245,True,G3_4
east,2x12,2025-07-18,2x12,4,8,245,True,G3_4
east,2x12,2025-07-25,2x12,4,8,245,True,G3_4
east,2x12,2025-08-01,2x12,4,8,245,True,G3_4
east,2x12,2025-08-08,2x12,4,8,245,True,G3_4
east,2x12,2025-08-15,2x12,4,8,245,True,G3_4
east,2x12,2025-08-22,2x12,4,8,245,True,G3_4
east,2x12,2025-08-29,2x12,4,8,245,True,G3_4
east,2x12,2025-09-05,2x12,4,8,245,True,G3_4
east,2x12,2025-09-12,2x12,4,8,245,True,G3_4
east,2x12,2025-09-19,2x12,4,8,245,True,G3_4
east,2x12,2025-09-26,2x12,4,8,245,True,G3_4
east,2x12,2025-10-03,2x12,4,8,230,True,G3_4
east,2x12,2025-10-10,2x12,4,8,245,True,G3_4
east,2x12,2025-10-17,2x12,4,8,245,True,G3_4
east,2x12,2024-01-12,2x12,4,10,210,True,G3_4
east,2x12,2024-01-18,2x12,4,10,210,True,G3_4
east,2x12,2024-01-25,2x12,4,10,210,True,G3_4
east,2x12,2024-02-08,2x12,4,10,210,True,G3_4
east,2x12,2024-02-15,2x12,4,10,210,True,G3_4
east,2x12,2024-02-22,2x12,4,10,210,True,G3_4
east,2x12,2024-02-29,2x12,4,10,215,True,G3_4
east,2x12,2024-03-07,2x12,4,10,220,True,G3_4
east,2x12,2024-03-14,2x12,4,10,220,True,G3_4
east,2x12,2024-03-21,2x12,4,10,220,True,G3_4
east,2x12,2024-03-28,2x12,4,10,220,True,G3_4
east,2x12,2024-04-04,2x12,4,10,220,True,G3_4
east,2x12,2024-04-11,2x12,4,10,220,True,G3_4
east,2x12,2024-04-18,2x12,4,10,220,True,G3_4
east,2x12,2024-04-25,2x12,4,10,220,True,G3_4
east,2x12,2024-05-02,2x12,4,10,220,True,G3_4
east,2x12,2024-05-09,2x12,4,10,220,True,G3_4
east,2x12,2024-05-16,2x12,4,10,220,True,G3_4
east,2x12,2024-05-30,2x12,4,10,225,True,G3_4
east,2x12,2024-06-06,2x12,4,10,220,True,G3_4
east,2x12,2024-06-13,2x12,4,10,220,True,G3_4
east,2x12,2024-06-20,2x12,4,10,215,True,G3_4
east,2x12,2024-06-27,2x12,4,10,215,True,G3_4
east,2x12,2024-07-04,2x12,4,10,215,True,G3_4
east,2x12,2024-07-11,2x12,4,10,215,True,G3_4
east,2x12,2024-07-18,2x12,4,10,215,True,G3_4
east,2x12,2024-07-25,2x12,4,10,220,True,G3_4
east,2x12,2024-08-01,2x12,4,10,220,True,G3_4
east,2x12,2024-08-08,2x12,4,10,220,True,G3_4
east,2x12,2024-08-15,2x12,4,10,220,True,G3_4
east,2x12,2024-08-22,2x12,4,10,220,True,G3_4
east,2x12,2024-08-29,2x12,4,10,220,True,G3_4
east,2x12,2024-09-05,2x12,4,10,220,True,G3_4
east,2x12,2024-09-12,2x12,4,10,220,True,G3_4
east,2x12,2024-09-20,2x12,4,10,220,True,G3_4
east,2x12,2024-09-27,2x12,4,10,220,True,G3_4
east,2x12,2024-10-04,2x12,4,10,220,True,G3_4
east,2x12,2024-10-11,2x12,4,10,220,True,G3_4
east,2x12,2024-10-18,2x12,4,10,235,True,G3_4
east,2x12,2024-10-25,2x12,4,10,240,True,G3_4
east,2x12,2024-11-01,2x12,4,10,240,True,G3_4
east,2x12,2024-11-08,2x12,4,10,245,True,G3_4
east,2x12,2024-11-15,2x12,4,10,250,True,G3_4
east,2x12,2024-11-22,2x12,4,10,255,True,G3_4
east,2x12,2024-11-27,2x12,4,10,255,True,G3_4
east,2x12,2024-12-06,2x12,4,10,255,True,G3_4
east,2x12,2024-12-13,2x12,4,10,255,True,G3_4
east,2x12,2024-12-20,2x12,4,10,255,True,G3_4
east,2x12,2025-01-03,2x12,4,10,255,True,G3_4
east,2x12,2025-01-10,2x12,4,10,255,True,G3_4
east,2x12,2025-01-17,2x12,4,10,260,True,G3_4
east,2x12,2025-01-24,2x12,4,10,260,True,G3_4
east,2x12,2025-01-31,2x12,4,10,265,True,G3_4
east,2x12,2025-02-07,2x12,4,10,270,True,G3_4
east,2x12,2025-02-14,2x12,4,10,275,True,G3_4
east,2x12,2025-02-21,2x12,4,10,275,True,G3_4
east,2x12,2025-02-28,2x12,4,10,275,True,G3_4
east,2x12,2025-03-07,2x12,4,10,275,True,G3_4
east,2x12,2025-03-14,2x12,4,10,280,True,G3_4
east,2x12,2025-03-21,2x12,4,10,280,True,G3_4
east,2x12,2025-03-28,2x12,4,10,295,True,G3_4
east,2x12,2025-04-04,2x12,4,10,295,True,G3_4
east,2x12,2025-04-11,2x12,4,10,295,True,G3_4
east,2x12,2025-04-18,2x12,4,10,295,True,G3_4
east,2x12,2025-04-25,2x12,4,10,295,True,G3_4
east,2x12,2025-05-02,2x12,4,10,295,True,G3_4
east,2x12,2025-05-09,2x12,4,10,280,True,G3_4
east,2x12,2025-05-16,2x12,4,10,270,True,G3_4
east,2x12,2025-05-23,2x12,4,10,270,True,G3_4
east,2x12,2025-05-30,2x12,4,10,260,True,G3_4
east,2x12,2025-06-06,2x12,4,10,260,True,G3_4
east,2x12,2025-06-13,2x12,4,10,260,True,G3_4
east,2x12,2025-06-19,2x12,4,10,260,True,G3_4
east,2x12,2025-06-27,2x12,4,10,250,True,G3_4
east,2x12,2025-07-03,2x12,4,10,245,True,G3_4
east,2x12,2025-07-11,2x12,4,10,245,True,G3_4
east,2x12,2025-07-18,2x12,4,10,245,True,G3_4
east,2x12,2025-07-25,2x12,4,10,245,True,G3_4
east,2x12,2025-08-01,2x12,4,10,245,True,G3_4
east,2x12,2025-08-08,2x12,4,10,245,True,G3_4
east,2x12,2025-08-15,2x12,4,10,245,True,G3_4
east,2x12,2025-08-22,2x12,4,10,245,True,G3_4
east,2x12,2025-08-29,2x12,4,10,245,True,G3_4
east,2x12,2025-09-05,2x12,4,10,245,True,G3_4
east,2x12,2025-09-12,2x12,4,10,245,True,G3_4
east,2x12,2025-09-19,2x12,4,10,245,True,G3_4
east,2x12,2025-09-26,2x12,4,10,245,True,G3_4
east,2x12,2025-10-03,2x12,4,10,230,True,G3_4
east,2x12,2025-10-10,2x12,4,10,245,True,G3_4
east,2x12,2025-10-17,2x12,4,10,245,True,G3_4
east,2x12,2024-01-12,2x12,4,12,210,True,G3_4
east,2x12,2024-01-18,2x12,4,12,210,True,G3_4
east,2x12,2024-01-25,2x12,4,12,210,True,G3_4
east,2x12,2024-02-08,2x12,4,12,210,True,G3_4
east,2x12,2024-02-15,2x12,4,12,210,True,G3_4
east,2x12,2024-02-22,2x12,4,12,210,True,G3_4
east,2x12,2024-02-29,2x12,4,12,215,True,G3_4
east,2x12,2024-03-07,2x12,4,12,220,True,G3_4
east,2x12,2024-03-14,2x12,4,12,220,True,G3_4
east,2x12,2024-03-21,2x12,4,12,220,True,G3_4
east,2x12,2024-03-28,2x12,4,12,220,True,G3_4
east,2x12,2024-04-04,2x12,4,12,220,True,G3_4
east,2x12,2024-04-11,2x12,4,12,220,True,G3_4
east,2x12,2024-04-18,2x12,4,12,220,True,G3_4
east,2x12,2024-04-25,2x12,4,12,220,True,G3_4
east,2x12,2024-05-02,2x12,4,12,220,True,G3_4
east,2x12,2024-05-09,2x12,4,12,220,True,G3_4
east,2x12,2024-05-16,2x12,4,12,220,True,G3_4
east,2x12,2024-05-30,2x12,4,12,225,True,G3_4
east,2x12,2024-06-06,2x12,4,12,220,True,G3_4
east,2x12,2024-06-13,2x12,4,12,220,True,G3_4
east,2x12,2024-06-20,2x12,4,12,215,True,G3_4
east,2x12,2024-06-27,2x12,4,12,215,True,G3_4
east,2x12,2024-07-04,2x12,4,12,215,True,G3_4
east,2x12,2024-07-11,2x12,4,12,215,True,G3_4
east,2x12,2024-07-18,2x12,4,12,215,True,G3_4
east,2x12,2024-07-25,2x12,4,12,220,True,G3_4
east,2x12,2024-08-01,2x12,4,12,220,True,G3_4
east,2x12,2024-08-08,2x12,4,12,220,True,G3_4
east,2x12,2024-08-15,2x12,4,12,220,True,G3_4
east,2x12,2024-08-22,2x12,4,12,220,True,G3_4
east,2x12,2024-08-29,2x12,4,12,220,True,G3_4
east,2x12,2024-09-05,2x12,4,12,220,True,G3_4
east,2x12,2024-09-12,2x12,4,12,220,True,G3_4
east,2x12,2024-09-20,2x12,4,12,220,True,G3_4
east,2x12,2024-09-27,2x12,4,12,220,True,G3_4
east,2x12,2024-10-04,2x12,4,12,220,True,G3_4
east,2x12,2024-10-11,2x12,4,12,220,True,G3_4
east,2x12,2024-10-18,2x12,4,12,235,True,G3_4
east,2x12,2024-10-25,2x12,4,12,240,True,G3_4
east,2x12,2024-11-01,2x12,4,12,240,True,G3_4
east,2x12,2024-11-08,2x12,4,12,245,True,G3_4
east,2x12,2024-11-15,2x12,4,12,250,True,G3_4
east,2x12,2024-11-22,2x12,4,12,255,True,G3_4
east,2x12,2024-11-27,2x12,4,12,255,True,G3_4
east,2x12,2024-12-06,2x12,4,12,255,True,G3_4
east,2x12,2024-12-13,2x12,4,12,255,True,G3_4
east,2x12,2024-12-20,2x12,4,12,255,True,G3_4
east,2x12,2025-01-03,2x12,4,12,255,True,G3_4
east,2x12,2025-01-10,2x12,4,12,255,True,G3_4
east,2x12,2025-01-17,2x12,4,12,260,True,G3_4
east,2x12,2025-01-24,2x12,4,12,260,True,G3_4
east,2x12,2025-01-31,2x12,4,12,265,True,G3_4
east,2x12,2025-02-07,2x12,4,12,270,True,G3_4
east,2x12,2025-02-14,2x12,4,12,275,True,G3_4
east,2x12,2025-02-21,2x12,4,12,275,True,G3_4
east,2x12,2025-02-28,2x12,4,12,275,True,G3_4
east,2x12,2025-03-07,2x12,4,12,275,True,G3_4
east,2x12,2025-03-14,2x12,4,12,280,True,G3_4
east,2x12,2025-03-21,2x12,4,12,280,True,G3_4
east,2x12,2025-03-28,2x12,4,12,295,True,G3_4
east,2x12,2025-04-04,2x12,4,12,295,True,G3_4
east,2x12,2025-04-11,2x12,4,12,295,True,G3_4
east,2x12,2025-04-18,2x12,4,12,295,True,G3_4
east,2x12,2025-04-25,2x12,4,12,295,True,G3_4
east,2x12,2025-05-02,2x12,4,12,295,True,G3_4
east,2x12,2025-05-09,2x12,4,12,280,True,G3_4
east,2x12,2025-05-16,2x12,4,12,270,True,G3_4
east,2x12,2025-05-23,2x12,4,12,270,True,G3_4
east,2x12,2025-05-30,2x12,4,12,260,True,G3_4
east,2x12,2025-06-06,2x12,4,12,260,True,G3_4
east,2x12,2025-06-13,2x12,4,12,260,True,G3_4
east,2x12,2025-06-19,2x12,4,12,260,True,G3_4
east,2x12,2025-06-27,2x12,4,12,250,True,G3_4
east,2x12,2025-07-03,2x12,4,12,245,True,G3_4
east,2x12,2025-07-11,2x12,4,12,245,True,G3_4
east,2x12,2025-07-18,2x12,4,12,245,True,G3_4
east,2x12,2025-07-25,2x12,4,12,245,True,G3_4
east,2x12,2025-08-01,2x12,4,12,245,True,G3_4
east,2x12,2025-08-08,2x12,4,12,245,True,G3_4
east,2x12,2025-08-15,2x12,4,12,245,True,G3_4
east,2x12,2025-08-22,2x12,4,12,245,True,G3_4
east,2x12,2025-08-29,2x12,4,12,245,True,G3_4
east,2x12,2025-09-05,2x12,4,12,245,True,G3_4
east,2x12,2025-09-12,2x12,4,12,245,True,G3_4
east,2x12,2025-09-19,2x12,4,12,245,True,G3_4
east,2x12,2025-09-26,2x12,4,12,245,True,G3_4
east,2x12,2025-10-03,2x12,4,12,230,True,G3_4
east,2x12,2025-10-10,2x12,4,12,245,True,G3_4
east,2x12,2025-10-17,2x12,4,12,245,True,G3_4
east,2x12,2024-01-12,2x12,4,14,210,True,G3_4
east,2x12,2024-01-18,2x12,4,14,210,True,G3_4
east,2x12,2024-01-25,2x12,4,14,210,True,G3_4
east,2x12,2024-02-08,2x12,4,14,210,True,G3_4
east,2x12,2024-02-15,2x12,4,14,210,True,G3_4
east,2x12,2024-02-22,2x12,4,14,210,True,G3_4
east,2x12,2024-02-29,2x12,4,14,215,True,G3_4
east,2x12,2024-03-07,2x12,4,14,220,True,G3_4
east,2x12,2024-03-14,2x12,4,14,220,True,G3_4
east,2x12,2024-03-21,2x12,4,14,220,True,G3_4
east,2x12,2024-03-28,2x12,4,14,220,True,G3_4
east,2x12,2024-04-04,2x12,4,14,220,True,G3_4
east,2x12,2024-04-11,2x12,4,14,220,True,G3_4
east,2x12,2024-04-18,2x12,4,14,220,True,G3_4
east,2x12,2024-04-25,2x12,4,14,220,True,G3_4
east,2x12,2024-05-02,2x12,4,14,220,True,G3_4
east,2x12,2024-05-09,2x12,4,14,220,True,G3_4
east,2x12,2024-05-16,2x12,4,14,220,True,G3_4
east,2x12,2024-05-30,2x12,4,14,225,True,G3_4
east,2x12,2024-06-06,2x12,4,14,220,True,G3_4
east,2x12,2024-06-13,2x12,4,14,220,True,G3_4
east,2x12,2024-06-20,2x12,4,14,215,True,G3_4
east,2x12,2024-06-27,2x12,4,14,215,True,G3_4
east,2x12,2024-07-04,2x12,4,14,215,True,G3_4
east,2x12,2024-07-11,2x12,4,14,215,True,G3_4
east,2x12,2024-07-18,2x12,4,14,215,True,G3_4
east,2x12,2024-07-25,2x12,4,14,220,True,G3_4
east,2x12,2024-08-01,2x12,4,14,220,True,G3_4
east,2x12,2024-08-08,2x12,4,14,220,True,G3_4
east,2x12,2024-08-15,2x12,4,14,220,True,G3_4
east,2x12,2024-08-22,2x12,4,14,220,True,G3_4
east,2x12,2024-08-29,2x12,4,14,220,True,G3_4
east,2x12,2024-09-05,2x12,4,14,220,True,G3_4
east,2x12,2024-09-12,2x12,4,14,220,True,G3_4
east,2x12,2024-09-20,2x12,4,14,220,True,G3_4
east,2x12,2024-09-27,2x12,4,14,220,True,G3_4
east,2x12,2024-10-04,2x12,4,14,220,True,G3_4
east,2x12,2024-10-11,2x12,4,14,220,True,G3_4
east,2x12,2024-10-18,2x12,4,14,235,True,G3_4
east,2x12,2024-10-25,2x12,4,14,240,True,G3_4
east,2x12,2024-11-01,2x12,4,14,240,True,G3_4
east,2x12,2024-11-08,2x12,4,14,245,True,G3_4
east,2x12,2024-11-15,2x12,4,14,250,True,G3_4
east,2x12,2024-11-22,2x12,4,14,255,True,G3_4
east,2x12,2024-11-27,2x12,4,14,255,True,G3_4
east,2x12,2024-12-06,2x12,4,14,255,True,G3_4
east,2x12,2024-12-13,2x12,4,14,255,True,G3_4
east,2x12,2024-12-20,2x12,4,14,255,True,G3_4
east,2x12,2025-01-03,2x12,4,14,255,True,G3_4
east,2x12,2025-01-10,2x12,4,14,255,True,G3_4
east,2x12,2025-01-17,2x12,4,14,260,True,G3_4
east,2x12,2025-01-24,2x12,4,14,260,True,G3_4
east,2x12,2025-01-31,2x12,4,14,265,True,G3_4
east,2x12,2025-02-07,2x12,4,14,270,True,G3_4
east,2x12,2025-02-14,2x12,4,14,275,True,G3_4
east,2x12,2025-02-21,2x12,4,14,275,True,G3_4
east,2x12,2025-02-28,2x12,4,14,275,True,G3_4
east,2x12,2025-03-07,2x12,4,14,275,True,G3_4
east,2x12,2025-03-14,2x12,4,14,280,True,G3_4
east,2x12,2025-03-21,2x12,4,14,280,True,G3_4
east,2x12,2025-03-28,2x12,4,14,295,True,G3_4
east,2x12,2025-04-04,2x12,4,14,295,True,G3_4
east,2x12,2025-04-11,2x12,4,14,295,True,G3_4
east,2x12,2025-04-18,2x12,4,14,295,True,G3_4
east,2x12,2025-04-25,2x12,4,14,295,True,G3_4
east,2x12,2025-05-02,2x12,4,14,295,True,G3_4
east,2x12,2025-05-09,2x12,4,14,280,True,G3_4
east,2x12,2025-05-16,2x12,4,14,270,True,G3_4
east,2x12,2025-05-23,2x12,4,14,270,True,G3_4
east,2x12,2025-05-30,2x12,4,14,260,True,G3_4
east,2x12,2025-06-06,2x12,4,14,260,True,G3_4
east,2x12,2025-06-13,2x12,4,14,260,True,G3_4
east,2x12,2025-06-19,2x12,4,14,260,True,G3_4
east,2x12,2025-06-27,2x12,4,14,250,True,G3_4
east,2x12,2025-07-03,2x12,4,14,245,True,G3_4
east,2x12,2025-07-11,2x12,4,14,245,True,G3_4
east,2x12,2025-07-18,2x12,4,14,245,True,G3_4
east,2x12,2025-07-25,2x12,4,14,245,True,G3_4
east,2x12,2025-08-01,2x12,4,14,245,True,G3_4
east,2x12,2025-08-08,2x12,4,14,245,True,G3_4
east,2x12,2025-08-15,2x12,4,14,245,True,G3_4
east,2x12,2025-08-22,2x12,4,14,245,True,G3_4
east,2x12,2025-08-29,2x12,4,14,245,True,G3_4
east,2x12,2025-09-05,2x12,4,14,245,True,G3_4
east,2x12,2025-09-12,2x12,4,14,245,True,G3_4
east,2x12,2025-09-19,2x12,4,14,245,True,G3_4
east,2x12,2025-09-26,2x12,4,14,245,True,G3_4
east,2x12,2025-10-03,2x12,4,14,230,True,G3_4
east,2x12,2025-10-10,2x12,4,14,245,True,G3_4
east,2x12,2025-10-17,2x12,4,14,245,True,G3_4
east,2x12,2024-01-12,2x12,4,16,210,True,G3_4
east,2x12,2024-01-18,2x12,4,16,210,True,G3_4
east,2x12,2024-01-25,2x12,4,16,210,True,G3_4
east,2x12,2024-02-08,2x12,4,16,210,True,G3_4
east,2x12,2024-02-15,2x12,4,16,210,True,G3_4
east,2x12,2024-02-22,2x12,4,16,210,True,G3_4
east,2x12,2024-02-29,2x12,4,16,215,True,G3_4
east,2x12,2024-03-07,2x12,4,16,220,True,G3_4
east,2x12,2024-03-14,2x12,4,16,220,True,G3_4
east,2x12,2024-03-21,2x12,4,16,220,True,G3_4
east,2x12,2024-03-28,2x12,4,16,220,True,G3_4
east,2x12,2024-04-04,2x12,4,16,220,True,G3_4
east,2x12,2024-04-11,2x12,4,16,220,True,G3_4
east,2x12,2024-04-18,2x12,4,16,220,True,G3_4
east,2x12,2024-04-25,2x12,4,16,220,True,G3_4
east,2x12,2024-05-02,2x12,4,16,220,True,G3_4
east,2x12,2024-05-09,2x12,4,16,220,True,G3_4
east,2x12,2024-05-16,2x12,4,16,220,True,G3_4
east,2x12,2024-05-30,2x12,4,16,225,True,G3_4
east,2x12,2024-06-06,2x12,4,16,220,True,G3_4
east,2x12,2024-06-13,2x12,4,16,220,True,G3_4
east,2x12,2024-06-20,2x12,4,16,215,True,G3_4
east,2x12,2024-06-27,2x12,4,16,215,True,G3_4
east,2x12,2024-07-04,2x12,4,16,215,True,G3_4
east,2x12,2024-07-11,2x12,4,16,215,True,G3_4
east,2x12,2024-07-18,2x12,4,16,215,True,G3_4
east,2x12,2024-07-25,2x12,4,16,220,True,G3_4
east,2x12,2024-08-01,2x12,4,16,220,True,G3_4
east,2x12,2024-08-08,2x12,4,16,220,True,G3_4
east,2x12,2024-08-15,2x12,4,16,220,True,G3_4
east,2x12,2024-08-22,2x12,4,16,220,True,G3_4
east,2x12,2024-08-29,2x12,4,16,220,True,G3_4
east,2x12,2024-09-05,2x12,4,16,220,True,G3_4
east,2x12,2024-09-12,2x12,4,16,220,True,G3_4
east,2x12,2024-09-20,2x12,4,16,220,True,G3_4
east,2x12,2024-09-27,2x12,4,16,220,True,G3_4
east,2x12,2024-10-04,2x12,4,16,220,True,G3_4
east,2x12,2024-10-11,2x12,4,16,220,True,G3_4
east,2x12,2024-10-18,2x12,4,16,235,True,G3_4
east,2x12,2024-10-25,2x12,4,16,240,True,G3_4
east,2x12,2024-11-01,2x12,4,16,240,True,G3_4
east,2x12,2024-11-08,2x12,4,16,245,True,G3_4
east,2x12,2024-11-15,2x12,4,16,250,True,G3_4
east,2x12,2024-11-22,2x12,4,16,255,True,G3_4
east,2x12,2024-11-27,2x12,4,16,255,True,G3_4
east,2x12,2024-12-06,2x12,4,16,255,True,G3_4
east,2x12,2024-12-13,2x12,4,16,255,True,G3_4
east,2x12,2024-12-20,2x12,4,16,255,True,G3_4
east,2x12,2025-01-03,2x12,4,16,255,True,G3_4
east,2x12,2025-01-10,2x12,4,16,255,True,G3_4
east,2x12,2025-01-17,2x12,4,16,260,True,G3_4
east,2x12,2025-01-24,2x12,4,16,260,True,G3_4
east,2x12,2025-01-31,2x12,4,16,265,True,G3_4
east,2x12,2025-02-07,2x12,4,16,270,True,G3_4
east,2x12,2025-02-14,2x12,4,16,275,True,G3_4
east,2x12,2025-02-21,2x12,4,16,275,True,G3_4
east,2x12,2025-02-28,2x12,4,16,275,True,G3_4
east,2x12,2025-03-07,2x12,4,16,275,True,G3_4
east,2x12,2025-03-14,2x12,4,16,280,True,G3_4
east,2x12,2025-03-21,2x12,4,16,280,True,G3_4
east,2x12,2025-03-28,2x12,4,16,295,True,G3_4
east,2x12,2025-04-04,2x12,4,16,295,True,G3_4
east,2x12,2025-04-11,2x12,4,16,295,True,G3_4
east,2x12,2025-04-18,2x12,4,16,295,True,G3_4
east,2x12,2025-04-25,2x12,4,16,295,True,G3_4
east,2x12,2025-05-02,2x12,4,16,295,True,G3_4
east,2x12,2025-05-09,2x12,4,16,280,True,G3_4
east,2x12,2025-05-16,2x12,4,16,270,True,G3_4
east,2x12,2025-05-23,2x12,4,16,270,True,G3_4
east,2x12,2025-05-30,2x12,4,16,260,True,G3_4
east,2x12,2025-06-06,2x12,4,16,260,True,G3_4
east,2x12,2025-06-13,2x12,4,16,260,True,G3_4
east,2x12,2025-06-19,2x12,4,16,260,True,G3_4
east,2x12,2025-06-27,2x12,4,16,250,True,G3_4
east,2x12,2025-07-03,2x12,4,16,245,True,G3_4
east,2x12,2025-07-11,2x12,4,16,245,True,G3_4
east,2x12,2025-07-18,2x12,4,16,245,True,G3_4
east,2x12,2025-07-25,2x12,4,16,245,True,G3_4
east,2x12,2025-08-01,2x12,4,16,245,True,G3_4
east,2x12,2025-08-08,2x12,4,16,245,True,G3_4
east,2x12,2025-08-15,2x12,4,16,245,True,G3_4
east,2x12,2025-08-22,2x12,4,16,245,True,G3_4
east,2x12,2025-08-29,2x12,4,16,245,True,G3_4
east,2x12,2025-09-05,2x12,4,16,245,True,G3_4
east,2x12,2025-09-12,2x12,4,16,245,True,G3_4
east,2x12,2025-09-19,2x12,4,16,245,True,G3_4
east,2x12,2025-09-26,2x12,4,16,245,True,G3_4
east,2x12,2025-10-03,2x12,4,16,230,True,G3_4
east,2x12,2025-10-10,2x12,4,16,245,True,G3_4
east,2x12,2025-10-17,2x12,4,16,245,True,G3_4
east,2x12,2024-01-12,2x12,4,18,210,True,G3_4
east,2x12,2024-01-18,2x12,4,18,210,True,G3_4
east,2x12,2024-01-25,2x12,4,18,210,True,G3_4
east,2x12,2024-02-08,2x12,4,18,210,True,G3_4
east,2x12,2024-02-15,2x12,4,18,210,True,G3_4
east,2x12,2024-02-22,2x12,4,18,210,True,G3_4
east,2x12,2024-02-29,2x12,4,18,215,True,G3_4
east,2x12,2024-03-07,2x12,4,18,220,True,G3_4
east,2x12,2024-03-14,2x12,4,18,220,True,G3_4
east,2x12,2024-03-21,2x12,4,18,220,True,G3_4
east,2x12,2024-03-28,2x12,4,18,220,True,G3_4
east,2x12,2024-04-04,2x12,4,18,220,True,G3_4
east,2x12,2024-04-11,2x12,4,18,220,True,G3_4
east,2x12,2024-04-18,2x12,4,18,220,True,G3_4
east,2x12,2024-04-25,2x12,4,18,220,True,G3_4
east,2x12,2024-05-02,2x12,4,18,220,True,G3_4
east,2x12,2024-05-09,2x12,4,18,220,True,G3_4
east,2x12,2024-05-16,2x12,4,18,220,True,G3_4
east,2x12,2024-05-30,2x12,4,18,225,True,G3_4
east,2x12,2024-06-06,2x12,4,18,220,True,G3_4
east,2x12,2024-06-13,2x12,4,18,220,True,G3_4
east,2x12,2024-06-20,2x12,4,18,215,True,G3_4
east,2x12,2024-06-27,2x12,4,18,215,True,G3_4
east,2x12,2024-07-04,2x12,4,18,215,True,G3_4
east,2x12,2024-07-11,2x12,4,18,215,True,G3_4
east,2x12,2024-07-18,2x12,4,18,215,True,G3_4
east,2x12,2024-07-25,2x12,4,18,220,True,G3_4
east,2x12,2024-08-01,2x12,4,18,220,True,G3_4
east,2x12,2024-08-08,2x12,4,18,220,True,G3_4
east,2x12,2024-08-15,2x12,4,18,220,True,G3_4
east,2x12,2024-08-22,2x12,4,18,220,True,G3_4
east,2x12,2024-08-29,2x12,4,18,220,True,G3_4
east,2x12,2024-09-05,2x12,4,18,220,True,G3_4
east,2x12,2024-09-12,2x12,4,18,220,True,G3_4
east,2x12,2024-09-20,2x12,4,18,220,True,G3_4
east,2x12,2024-09-27,2x12,4,18,220,True,G3_4
east,2x12,2024-10-04,2x12,4,18,220,True,G3_4
east,2x12,2024-10-11,2x12,4,18,220,True,G3_4
east,2x12,2024-10-18,2x12,4,18,235,True,G3_4
east,2x12,2024-10-25,2x12,4,18,240,True,G3_4
east,2x12,2024-11-01,2x12,4,18,240,True,G3_4
east,2x12,2024-11-08,2x12,4,18,245,True,G3_4
east,2x12,2024-11-15,2x12,4,18,250,True,G3_4
east,2x12,2024-11-22,2x12,4,18,255,True,G3_4
east,2x12,2024-11-27,2x12,4,18,255,True,G3_4
east,2x12,2024-12-06,2x12,4,18,255,True,G3_4
east,2x12,2024-12-13,2x12,4,18,255,True,G3_4
east,2x12,2024-12-20,2x12,4,18,255,True,G3_4
east,2x12,2025-01-03,2x12,4,18,255,True,G3_4
east,2x12,2025-01-10,2x12,4,18,255,True,G3_4
east,2x12,2025-01-17,2x12,4,18,260,True,G3_4
east,2x12,2025-01-24,2x12,4,18,260,True,G3_4
east,2x12,2025-01-31,2x12,4,18,265,True,G3_4
east,2x12,2025-02-07,2x12,4,18,270,True,G3_4
east,2x12,2025-02-14,2x12,4,18,275,True,G3_4
east,2x12,2025-02-21,2x12,4,18,275,True,G3_4
east,2x12,2025-02-28,2x12,4,18,275,True,G3_4
east,2x12,2025-03-07,2x12,4,18,275,True,G3_4
east,2x12,2025-03-14,2x12,4,18,280,True,G3_4
east,2x12,2025-03-21,2x12,4,18,280,True,G3_4
east,2x12,2025-03-28,2x12,4,18,295,True,G3_4
east,2x12,2025-04-04,2x12,4,18,295,True,G3_4
east,2x12,2025-04-11,2x12,4,18,295,True,G3_4
east,2x12,2025-04-18,2x12,4,18,295,True,G3_4
east,2x12,2025-04-25,2x12,4,18,295,True,G3_4
east,2x12,2025-05-02,2x12,4,18,295,True,G3_4
east,2x12,2025-05-09,2x12,4,18,280,True,G3_4
east,2x12,2025-05-16,2x12,4,18,270,True,G3_4
east,2x12,2025-05-23,2x12,4,18,270,True,G3_4
east,2x12,2025-05-30,2x12,4,18,260,True,G3_4
east,2x12,2025-06-06,2x12,4,18,260,True,G3_4
east,2x12,2025-06-13,2x12,4,18,260,True,G3_4
east,2x12,2025-06-19,2x12,4,18,260,True,G3_4
east,2x12,2025-06-27,2x12,4,18,250,True,G3_4
east,2x12,2025-07-03,2x12,4,18,245,True,G3_4
east,2x12,2025-07-11,2x12,4,18,245,True,G3_4
east,2x12,2025-07-18,2x12,4,18,245,True,G3_4
east,2x12,2025-07-25,2x12,4,18,245,True,G3_4
east,2x12,2025-08-01,2x12,4,18,245,True,G3_4
east,2x12,2025-08-08,2x12,4,18,245,True,G3_4
east,2x12,2025-08-15,2x12,4,18,245,True,G3_4
east,2x12,2025-08-22,2x12,4,18,245,True,G3_4
east,2x12,2025-08-29,2x12,4,18,245,True,G3_4
east,2x12,2025-09-05,2x12,4,18,245,True,G3_4
east,2x12,2025-09-12,2x12,4,18,245,True,G3_4
east,2x12,2025-09-19,2x12,4,18,245,True,G3_4
east,2x12,2025-09-26,2x12,4,18,245,True,G3_4
east,2x12,2025-10-03,2x12,4,18,230,True,G3_4
east,2x12,2025-10-10,2x12,4,18,245,True,G3_4
east,2x12,2025-10-17,2x12,4,18,245,True,G3_4
east,2x12,2024-01-12,2x12,4,20,210,True,G3_4
east,2x12,2024-01-18,2x12,4,20,210,True,G3_4
east,2x12,2024-01-25,2x12,4,20,210,True,G3_4
east,2x12,2024-02-08,2x12,4,20,210,True,G3_4
east,2x12,2024-02-15,2x12,4,20,210,True,G3_4
east,2x12,2024-02-22,2x12,4,20,210,True,G3_4
east,2x12,2024-02-29,2x12,4,20,215,True,G3_4
east,2x12,2024-03-07,2x12,4,20,220,True,G3_4
east,2x12,2024-03-14,2x12,4,20,220,True,G3_4
east,2x12,2024-03-21,2x12,4,20,220,True,G3_4
east,2x12,2024-03-28,2x12,4,20,220,True,G3_4
east,2x12,2024-04-04,2x12,4,20,220,True,G3_4
east,2x12,2024-04-11,2x12,4,20,220,True,G3_4
east,2x12,2024-04-18,2x12,4,20,220,True,G3_4
east,2x12,2024-04-25,2x12,4,20,220,True,G3_4
east,2x12,2024-05-02,2x12,4,20,220,True,G3_4
east,2x12,2024-05-09,2x12,4,20,220,True,G3_4
east,2x12,2024-05-16,2x12,4,20,220,True,G3_4
east,2x12,2024-05-30,2x12,4,20,225,True,G3_4
east,2x12,2024-06-06,2x12,4,20,220,True,G3_4
east,2x12,2024-06-13,2x12,4,20,220,True,G3_4
east,2x12,2024-06-20,2x12,4,20,215,True,G3_4
east,2x12,2024-06-27,2x12,4,20,215,True,G3_4
east,2x12,2024-07-04,2x12,4,20,215,True,G3_4
east,2x12,2024-07-11,2x12,4,20,215,True,G3_4
east,2x12,2024-07-18,2x12,4,20,215,True,G3_4
east,2x12,2024-07-25,2x12,4,20,220,True,G3_4
east,2x12,2024-08-01,2x12,4,20,220,True,G3_4
east,2x12,2024-08-08,2x12,4,20,220,True,G3_4
east,2x12,2024-08-15,2x12,4,20,220,True,G3_4
east,2x12,2024-08-22,2x12,4,20,220,True,G3_4
east,2x12,2024-08-29,2x12,4,20,220,True,G3_4
east,2x12,2024-09-05,2x12,4,20,220,True,G3_4
east,2x12,2024-09-12,2x12,4,20,220,True,G3_4
east,2x12,2024-09-20,2x12,4,20,220,True,G3_4
east,2x12,2024-09-27,2x12,4,20,220,True,G3_4
east,2x12,2024-10-04,2x12,4,20,220,True,G3_4
east,2x12,2024-10-11,2x12,4,20,220,True,G3_4
east,2x12,2024-10-18,2x12,4,20,235,True,G3_4
east,2x12,2024-10-25,2x12,4,20,240,True,G3_4
east,2x12,2024-11-01,2x12,4,20,240,True,G3_4
east,2x12,2024-11-08,2x12,4,20,245,True,G3_4
east,2x12,2024-11-15,2x12,4,20,250,True,G3_4
east,2x12,2024-11-22,2x12,4,20,255,True,G3_4
east,2x12,2024-11-27,2x12,4,20,255,True,G3_4
east,2x12,2024-12-06,2x12,4,20,255,True,G3_4
east,2x12,2024-12-13,2x12,4,20,255,True,G3_4
east,2x12,2024-12-20,2x12,4,20,255,True,G3_4
east,2x12,2025-01-03,2x12,4,20,255,True,G3_4
east,2x12,2025-01-10,2x12,4,20,255,True,G3_4
east,2x12,2025-01-17,2x12,4,20,260,True,G3_4
east,2x12,2025-01-24,2x12,4,20,260,True,G3_4
east,2x12,2025-01-31,2x12,4,20,265,True,G3_4
east,2x12,2025-02-07,2x12,4,20,270,True,G3_4
east,2x12,2025-02-14,2x12,4,20,275,True,G3_4
east,2x12,2025-02-21,2x12,4,20,275,True,G3_4
east,2x12,2025-02-28,2x12,4,20,275,True,G3_4
east,2x12,2025-03-07,2x12,4,20,275,True,G3_4
east,2x12,2025-03-14,2x12,4,20,280,True,G3_4
east,2x12,2025-03-21,2x12,4,20,280,True,G3_4
east,2x12,2025-03-28,2x12,4,20,295,True,G3_4
east,2x12,2025-04-04,2x12,4,20,295,True,G3_4
east,2x12,2025-04-11,2x12,4,20,295,True,G3_4
east,2x12,2025-04-18,2x12,4,20,295,True,G3_4
east,2x12,2025-04-25,2x12,4,20,295,True,G3_4
east,2x12,2025-05-02,2x12,4,20,295,True,G3_4
east,2x12,2025-05-09,2x12,4,20,280,True,G3_4
east,2x12,2025-05-16,2x12,4,20,270,True,G3_4
east,2x12,2025-05-23,2x12,4,20,270,True,G3_4
east,2x12,2025-05-30,2x12,4,20,260,True,G3_4
east,2x12,2025-06-06,2x12,4,20,260,True,G3_4
east,2x12,2025-06-13,2x12,4,20,260,True,G3_4
east,2x12,2025-06-19,2x12,4,20,260,True,G3_4
east,2x12,2025-06-27,2x12,4,20,250,True,G3_4
east,2x12,2025-07-03,2x12,4,20,245,True,G3_4
east,2x12,2025-07-11,2x12,4,20,245,True,G3_4
east,2x12,2025-07-18,2x12,4,20,245,True,G3_4
east,2x12,2025-07-25,2x12,4,20,245,True,G3_4
east,2x12,2025-08-01,2x12,4,20,245,True,G3_4
east,2x12,2025-08-08,2x12,4,20,245,True,G3_4
east,2x12,2025-08-15,2x12,4,20,245,True,G3_4
east,2x12,2025-08-22,2x12,4,20,245,True,G3_4
east,2x12,2025-08-29,2x12,4,20,245,True,G3_4
east,2x12,2025-09-05,2x12,4,20,245,True,G3_4
east,2x12,2025-09-12,2x12,4,20,245,True,G3_4
east,2x12,2025-09-19,2x12,4,20,245,True,G3_4
east,2x12,2025-09-26,2x12,4,20,245,True,G3_4
east,2x12,2025-10-03,2x12,4,20,230,True,G3_4
east,2x12,2025-10-10,2x12,4,20,245,True,G3_4
east,2x12,2025-10-17,2x12,4,20,245,True,G3_4
east,2x4,2024-01-12,2x4,4,8,250,True,G3_4
east,2x4,2024-01-18,2x4,4,8,250,True,G3_4
east,2x4,2024-01-25,2x4,4,8,250,True,G3_4
east,2x4,2024-02-08,2x4,4,8,250,True,G3_4
east,2x4,2024-02-15,2x4,4,8,250,True,G3_4
east,2x4,2024-02-22,2x4,4,8,255,True,G3_4
east,2x4,2024-02-29,2x4,4,8,260,True,G3_4
east,2x4,2024-03-07,2x4,4,8,260,True,G3_4
east,2x4,2024-03-14,2x4,4,8,265,True,G3_4
east,2x4,2024-03-21,2x4,4,8,265,True,G3_4
east,2x4,2024-03-28,2x4,4,8,265,True,G3_4
east,2x4,2024-04-04,2x4,4,8,265,True,G3_4
east,2x4,2024-04-11,2x4,4,8,265,True,G3_4
east,2x4,2024-04-18,2x4,4,8,260,True,G3_4
east,2x4,2024-04-25,2x4,4,8,255,True,G3_4
east,2x4,2024-05-02,2x4,4,8,245,True,G3_4
east,2x4,2024-05-09,2x4,4,8,245,True,G3_4
east,2x4,2024-05-16,2x4,4,8,245,True,G3_4
east,2x4,2024-05-30,2x4,4,8,240,True,G3_4
east,2x4,2024-06-06,2x4,4,8,240,True,G3_4
east,2x4,2024-06-13,2x4,4,8,240,True,G3_4
east,2x4,2024-06-20,2x4,4,8,240,True,G3_4
east,2x4,2024-06-27,2x4,4,8,235,True,G3_4
east,2x4,2024-07-04,2x4,4,8,220,True,G3_4
east,2x4,2024-07-11,2x4,4,8,215,True,G3_4
east,2x4,2024-07-18,2x4,4,8,215,True,G3_4
east,2x4,2024-07-25,2x4,4,8,220,True,G3_4
east,2x4,2024-08-01,2x4,4,8,225,True,G3_4
east,2x4,2024-08-08,2x4,4,8,225,True,G3_4
east,2x4,2024-08-15,2x4,4,8,225,True,G3_4
east,2x4,2024-08-22,2x4,4,8,225,True,G3_4
east,2x4,2024-08-29,2x4,4,8,225,True,G3_4
east,2x4,2024-09-05,2x4,4,8,220,True,G3_4
east,2x4,2024-09-12,2x4,4,8,220,True,G3_4
east,2x4,2024-09-20,2x4,4,8,220,True,G3_4
east,2x4,2024-09-27,2x4,4,8,225,True,G3_4
east,2x4,2024-10-04,2x4,4,8,230,True,G3_4
east,2x4,2024-10-11,2x4,4,8,235,True,G3_4
east,2x4,2024-10-18,2x4,4,8,245,True,G3_4
east,2x4,2024-10-25,2x4,4,8,255,True,G3_4
east,2x4,2024-11-01,2x4,4,8,265,True,G3_4
east,2x4,2024-11-08,2x4,4,8,275,True,G3_4
east,2x4,2024-11-15,2x4,4,8,280,True,G3_4
east,2x4,2024-11-22,2x4,4,8,280,True,G3_4
east,2x4,2024-11-27,2x4,4,8,285,True,G3_4
east,2x4,2024-12-06,2x4,4,8,290,True,G3_4
east,2x4,2024-12-13,2x4,4,8,290,True,G3_4
east,2x4,2024-12-20,2x4,4,8,290,True,G3_4
east,2x4,2025-01-03,2x4,4,8,295,True,G3_4
east,2x4,2025-01-10,2x4,4,8,305,True,G3_4
east,2x4,2025-01-17,2x4,4,8,305,True,G3_4
east,2x4,2025-01-24,2x4,4,8,310,True,G3_4
east,2x4,2025-01-31,2x4,4,8,315,True,G3_4
east,2x4,2025-02-07,2x4,4,8,330,True,G3_4
east,2x4,2025-02-14,2x4,4,8,340,True,G3_4
east,2x4,2025-02-21,2x4,4,8,345,True,G3_4
east,2x4,2025-02-28,2x4,4,8,355,True,G3_4
east,2x4,2025-03-07,2x4,4,8,365,True,G3_4
east,2x4,2025-03-14,2x4,4,8,370,True,G3_4
east,2x4,2025-03-21,2x4,4,8,365,True,G3_4
east,2x4,2025-03-28,2x4,4,8,370,True,G3_4
east,2x4,2025-04-04,2x4,4,8,355,True,G3_4
east,2x4,2025-04-11,2x4,4,8,345,True,G3_4
east,2x4,2025-04-18,2x4,4,8,335,True,G3_4
east,2x4,2025-04-25,2x4,4,8,330,True,G3_4
east,2x4,2025-05-02,2x4,4,8,320,True,G3_4
east,2x4,2025-05-09,2x4,4,8,310,True,G3_4
east,2x4,2025-05-16,2x4,4,8,300,True,G3_4
east,2x4,2025-05-23,2x4,4,8,285,True,G3_4
east,2x4,2025-05-30,2x4,4,8,270,True,G3_4
east,2x4,2025-06-06,2x4,4,8,255,True,G3_4
east,2x4,2025-06-13,2x4,4,8,235,True,G3_4
east,2x4,2025-06-19,2x4,4,8,225,True,G3_4
east,2x4,2025-06-27,2x4,4,8,205,True,G3_4
east,2x4,2025-07-03,2x4,4,8,205,True,G3_4
east,2x4,2025-07-11,2x4,4,8,205,True,G3_4
east,2x4,2025-07-18,2x4,4,8,205,True,G3_4
east,2x4,2025-07-25,2x4,4,8,210,True,G3_4
east,2x4,2025-08-01,2x4,4,8,205,True,G3_4
east,2x4,2025-08-08,2x4,4,8,200,True,G3_4
east,2x4,2025-08-15,2x4,4,8,195,True,G3_4
east,2x4,2025-08-22,2x4,4,8,195,True,G3_4
east,2x4,2025-08-29,2x4,4,8,195,True,G3_4
east,2x4,2025-09-05,2x4,4,8,195,True,G3_4
east,2x4,2025-09-12,2x4,4,8,195,True,G3_4
east,2x4,2025-09-19,2x4,4,8,195,True,G3_4
east,2x4,2025-09-26,2x4,4,8,195,True,G3_4
east,2x4,2025-10-03,2x4,4,8,195,True,G3_4
east,2x4,2025-10-10,2x4,4,8,195,True,G3_4
east,2x4,2025-10-17,2x4,4,8,195,True,G3_4
east,2x4,2024-01-12,2x4,4,10,250,True,G3_4
east,2x4,2024-01-18,2x4,4,10,250,True,G3_4
east,2x4,2024-01-25,2x4,4,10,250,True,G3_4
east,2x4,2024-02-08,2x4,4,10,250,True,G3_4
east,2x4,2024-02-15,2x4,4,10,250,True,G3_4
east,2x4,2024-02-22,2x4,4,10,255,True,G3_4
east,2x4,2024-02-29,2x4,4,10,260,True,G3_4
east,2x4,2024-03-07,2x4,4,10,260,True,G3_4
east,2x4,2024-03-14,2x4,4,10,265,True,G3_4
east,2x4,2024-03-21,2x4,4,10,265,True,G3_4
east,2x4,2024-03-28,2x4,4,10,265,True,G3_4
east,2x4,2024-04-04,2x4,4,10,265,True,G3_4
east,2x4,2024-04-11,2x4,4,10,265,True,G3_4
east,2x4,2024-04-18,2x4,4,10,260,True,G3_4
east,2x4,2024-04-25,2x4,4,10,255,True,G3_4
east,2x4,2024-05-02,2x4,4,10,245,True,G3_4
east,2x4,2024-05-09,2x4,4,10,245,True,G3_4
east,2x4,2024-05-16,2x4,4,10,245,True,G3_4
east,2x4,2024-05-30,2x4,4,10,240,True,G3_4
east,2x4,2024-06-06,2x4,4,10,240,True,G3_4
east,2x4,2024-06-13,2x4,4,10,240,True,G3_4
east,2x4,2024-06-20,2x4,4,10,240,True,G3_4
east,2x4,2024-06-27,2x4,4,10,235,True,G3_4
east,2x4,2024-07-04,2x4,4,10,220,True,G3_4
east,2x4,2024-07-11,2x4,4,10,215,True,G3_4
east,2x4,2024-07-18,2x4,4,10,215,True,G3_4
east,2x4,2024-07-25,2x4,4,10,220,True,G3_4
east,2x4,2024-08-01,2x4,4,10,225,True,G3_4
east,2x4,2024-08-08,2x4,4,10,225,True,G3_4
east,2x4,2024-08-15,2x4,4,10,225,True,G3_4
east,2x4,2024-08-22,2x4,4,10,225,True,G3_4
east,2x4,2024-08-29,2x4,4,10,225,True,G3_4
east,2x4,2024-09-05,2x4,4,10,220,True,G3_4
east,2x4,2024-09-12,2x4,4,10,220,True,G3_4
east,2x4,2024-09-20,2x4,4,10,220,True,G3_4
east,2x4,2024-09-27,2x4,4,10,225,True,G3_4
east,2x4,2024-10-04,2x4,4,10,230,True,G3_4
east,2x4,2024-10-11,2x4,4,10,235,True,G3_4
east,2x4,2024-10-18,2x4,4,10,245,True,G3_4
east,2x4,2024-10-25,2x4,4,10,255,True,G3_4
east,2x4,2024-11-01,2x4,4,10,265,True,G3_4
east,2x4,2024-11-08,2x4,4,10,275,True,G3_4
east,2x4,2024-11-15,2x4,4,10,280,True,G3_4
east,2x4,2024-11-22,2x4,4,10,280,True,G3_4
east,2x4,2024-11-27,2x4,4,10,285,True,G3_4
east,2x4,2024-12-06,2x4,4,10,290,True,G3_4
east,2x4,2024-12-13,2x4,4,10,290,True,G3_4
east,2x4,2024-12-20,2x4,4,10,290,True,G3_4
east,2x4,2025-01-03,2x4,4,10,295,True,G3_4
east,2x4,2025-01-10,2x4,4,10,305,True,G3_4
east,2x4,2025-01-17,2x4,4,10,305,True,G3_4
east,2x4,2025-01-24,2x4,4,10,310,True,G3_4
east,2x4,2025-01-31,2x4,4,10,315,True,G3_4
east,2x4,2025-02-07,2x4,4,10,330,True,G3_4
east,2x4,2025-02-14,2x4,4,10,340,True,G3_4
east,2x4,2025-02-21,2x4,4,10,345,True,G3_4
east,2x4,2025-02-28,2x4,4,10,355,True,G3_4
east,2x4,2025-03-07,2x4,4,10,365,True,G3_4
east,2x4,2025-03-14,2x4,4,10,370,True,G3_4
east,2x4,2025-03-21,2x4,4,10,365,True,G3_4
east,2x4,2025-03-28,2x4,4,10,370,True,G3_4
east,2x4,2025-04-04,2x4,4,10,355,True,G3_4
east,2x4,2025-04-11,2x4,4,10,345,True,G3_4
east,2x4,2025-04-18,2x4,4,10,335,True,G3_4
east,2x4,2025-04-25,2x4,4,10,330,True,G3_4
east,2x4,2025-05-02,2x4,4,10,320,True,G3_4
east,2x4,2025-05-09,2x4,4,10,310,True,G3_4
east,2x4,2025-05-16,2x4,4,10,300,True,G3_4
east,2x4,2025-05-23,2x4,4,10,285,True,G3_4
east,2x4,2025-05-30,2x4,4,10,270,True,G3_4
east,2x4,2025-06-06,2x4,4,10,255,True,G3_4
east,2x4,2025-06-13,2x4,4,10,235,True,G3_4
east,2x4,2025-06-19,2x4,4,10,225,True,G3_4
east,2x4,2025-06-27,2x4,4,10,205,True,G3_4
east,2x4,2025-07-03,2x4,4,10,205,True,G3_4
east,2x4,2025-07-11,2x4,4,10,205,True,G3_4
east,2x4,2025-07-18,2x4,4,10,205,True,G3_4
east,2x4,2025-07-25,2x4,4,10,210,True,G3_4
east,2x4,2025-08-01,2x4,4,10,205,True,G3_4
east,2x4,2025-08-08,2x4,4,10,200,True,G3_4
east,2x4,2025-08-15,2x4,4,10,195,True,G3_4
east,2x4,2025-08-22,2x4,4,10,195,True,G3_4
east,2x4,2025-08-29,2x4,4,10,195,True,G3_4
east,2x4,2025-09-05,2x4,4,10,195,True,G3_4
east,2x4,2025-09-12,2x4,4,10,195,True,G3_4
east,2x4,2025-09-19,2x4,4,10,195,True,G3_4
east,2x4,2025-09-26,2x4,4,10,195,True,G3_4
east,2x4,2025-10-03,2x4,4,10,195,True,G3_4
east,2x4,2025-10-10,2x4,4,10,195,True,G3_4
east,2x4,2025-10-17,2x4,4,10,195,True,G3_4
east,2x4,2024-01-12,2x4,4,12,250,True,G3_4
east,2x4,2024-01-18,2x4,4,12,250,True,G3_4
east,2x4,2024-01-25,2x4,4,12,250,True,G3_4
east,2x4,2024-02-08,2x4,4,12,250,True,G3_4
east,2x4,2024-02-15,2x4,4,12,250,True,G3_4
east,2x4,2024-02-22,2x4,4,12,255,True,G3_4
east,2x4,2024-02-29,2x4,4,12,260,True,G3_4
east,2x4,2024-03-07,2x4,4,12,260,True,G3_4
east,2x4,2024-03-14,2x4,4,12,265,True,G3_4
east,2x4,2024-03-21,2x4,4,12,265,True,G3_4
east,2x4,2024-03-28,2x4,4,12,265,True,G3_4
east,2x4,2024-04-04,2x4,4,12,265,True,G3_4
east,2x4,2024-04-11,2x4,4,12,265,True,G3_4
east,2x4,2024-04-18,2x4,4,12,260,True,G3_4
east,2x4,2024-04-25,2x4,4,12,255,True,G3_4
east,2x4,2024-05-02,2x4,4,12,245,True,G3_4
east,2x4,2024-05-09,2x4,4,12,245,True,G3_4
east,2x4,2024-05-16,2x4,4,12,245,True,G3_4
east,2x4,2024-05-30,2x4,4,12,240,True,G3_4
east,2x4,2024-06-06,2x4,4,12,240,True,G3_4
east,2x4,2024-06-13,2x4,4,12,240,True,G3_4
east,2x4,2024-06-20,2x4,4,12,240,True,G3_4
east,2x4,2024-06-27,2x4,4,12,235,True,G3_4
east,2x4,2024-07-04,2x4,4,12,220,True,G3_4
east,2x4,2024-07-11,2x4,4,12,215,True,G3_4
east,2x4,2024-07-18,2x4,4,12,215,True,G3_4
east,2x4,2024-07-25,2x4,4,12,220,True,G3_4
east,2x4,2024-08-01,2x4,4,12,225,True,G3_4
east,2x4,2024-08-08,2x4,4,12,225,True,G3_4
east,2x4,2024-08-15,2x4,4,12,225,True,G3_4
east,2x4,2024-08-22,2x4,4,12,225,True,G3_4
east,2x4,2024-08-29,2x4,4,12,225,True,G3_4
east,2x4,2024-09-05,2x4,4,12,220,True,G3_4
east,2x4,2024-09-12,2x4,4,12,220,True,G3_4
east,2x4,2024-09-20,2x4,4,12,220,True,G3_4
east,2x4,2024-09-27,2x4,4,12,225,True,G3_4
east,2x4,2024-10-04,2x4,4,12,230,True,G3_4
east,2x4,2024-10-11,2x4,4,12,235,True,G3_4
east,2x4,2024-10-18,2x4,4,12,245,True,G3_4
east,2x4,2024-10-25,2x4,4,12,255,True,G3_4
east,2x4,2024-11-01,2x4,4,12,265,True,G3_4
east,2x4,2024-11-08,2x4,4,12,275,True,G3_4
east,2x4,2024-11-15,2x4,4,12,280,True,G3_4
east,2x4,2024-11-22,2x4,4,12,280,True,G3_4
east,2x4,2024-11-27,2x4,4,12,285,True,G3_4
east,2x4,2024-12-06,2x4,4,12,290,True,G3_4
east,2x4,2024-12-13,2x4,4,12,290,True,G3_4
east,2x4,2024-12-20,2x4,4,12,290,True,G3_4
east,2x4,2025-01-03,2x4,4,12,295,True,G3_4
east,2x4,2025-01-10,2x4,4,12,305,True,G3_4
east,2x4,2025-01-17,2x4,4,12,305,True,G3_4
east,2x4,2025-01-24,2x4,4,12,310,True,G3_4
east,2x4,2025-01-31,2x4,4,12,315,True,G3_4
east,2x4,2025-02-07,2x4,4,12,330,True,G3_4
east,2x4,2025-02-14,2x4,4,12,340,True,G3_4
east,2x4,2025-02-21,2x4,4,12,345,True,G3_4
east,2x4,2025-02-28,2x4,4,12,355,True,G3_4
east,2x4,2025-03-07,2x4,4,12,365,True,G3_4
east,2x4,2025-03-14,2x4,4,12,370,True,G3_4
east,2x4,2025-03-21,2x4,4,12,365,True,G3_4
east,2x4,2025-03-28,2x4,4,12,370,True,G3_4
east,2x4,2025-04-04,2x4,4,12,355,True,G3_4
east,2x4,2025-04-11,2x4,4,12,345,True,G3_4
east,2x4,2025-04-18,2x4,4,12,335,True,G3_4
east,2x4,2025-04-25,2x4,4,12,330,True,G3_4
east,2x4,2025-05-02,2x4,4,12,320,True,G3_4
east,2x4,2025-05-09,2x4,4,12,310,True,G3_4
east,2x4,2025-05-16,2x4,4,12,300,True,G3_4
east,2x4,2025-05-23,2x4,4,12,285,True,G3_4
east,2x4,2025-05-30,2x4,4,12,270,True,G3_4
east,2x4,2025-06-06,2x4,4,12,255,True,G3_4
east,2x4,2025-06-13,2x4,4,12,235,True,G3_4
east,2x4,2025-06-19,2x4,4,12,225,True,G3_4
east,2x4,2025-06-27,2x4,4,12,205,True,G3_4
east,2x4,2025-07-03,2x4,4,12,205,True,G3_4
east,2x4,2025-07-11,2x4,4,12,205,True,G3_4
east,2x4,2025-07-18,2x4,4,12,205,True,G3_4
east,2x4,2025-07-25,2x4,4,12,210,True,G3_4
east,2x4,2025-08-01,2x4,4,12,205,True,G3_4
east,2x4,2025-08-08,2x4,4,12,200,True,G3_4
east,2x4,2025-08-15,2x4,4,12,195,True,G3_4
east,2x4,2025-08-22,2x4,4,12,195,True,G3_4
east,2x4,2025-08-29,2x4,4,12,195,True,G3_4
east,2x4,2025-09-05,2x4,4,12,195,True,G3_4
east,2x4,2025-09-12,2x4,4,12,195,True,G3_4
east,2x4,2025-09-19,2x4,4,12,195,True,G3_4
east,2x4,2025-09-26,2x4,4,12,195,True,G3_4
east,2x4,2025-10-03,2x4,4,12,195,True,G3_4
east,2x4,2025-10-10,2x4,4,12,195,True,G3_4
east,2x4,2025-10-17,2x4,4,12,195,True,G3_4
east,2x4,2024-01-12,2x4,4,14,250,True,G3_4
east,2x4,2024-01-18,2x4,4,14,250,True,G3_4
east,2x4,2024-01-25,2x4,4,14,250,True,G3_4
east,2x4,2024-02-08,2x4,4,14,250,True,G3_4
east,2x4,2024-02-15,2x4,4,14,250,True,G3_4
east,2x4,2024-02-22,2x4,4,14,255,True,G3_4
east,2x4,2024-02-29,2x4,4,14,260,True,G3_4
east,2x4,2024-03-07,2x4,4,14,260,True,G3_4
east,2x4,2024-03-14,2x4,4,14,265,True,G3_4
east,2x4,2024-03-21,2x4,4,14,265,True,G3_4
east,2x4,2024-03-28,2x4,4,14,265,True,G3_4
east,2x4,2024-04-04,2x4,4,14,265,True,G3_4
east,2x4,2024-04-11,2x4,4,14,265,True,G3_4
east,2x4,2024-04-18,2x4,4,14,260,True,G3_4
east,2x4,2024-04-25,2x4,4,14,255,True,G3_4
east,2x4,2024-05-02,2x4,4,14,245,True,G3_4
east,2x4,2024-05-09,2x4,4,14,245,True,G3_4
east,2x4,2024-05-16,2x4,4,14,245,True,G3_4
east,2x4,2024-05-30,2x4,4,14,240,True,G3_4
east,2x4,2024-06-06,2x4,4,14,240,True,G3_4
east,2x4,2024-06-13,2x4,4,14,240,True,G3_4
east,2x4,2024-06-20,2x4,4,14,240,True,G3_4
east,2x4,2024-06-27,2x4,4,14,235,True,G3_4
east,2x4,2024-07-04,2x4,4,14,220,True,G3_4
east,2x4,2024-07-11,2x4,4,14,215,True,G3_4
east,2x4,2024-07-18,2x4,4,14,215,True,G3_4
east,2x4,2024-07-25,2x4,4,14,220,True,G3_4
east,2x4,2024-08-01,2x4,4,14,225,True,G3_4
east,2x4,2024-08-08,2x4,4,14,225,True,G3_4
east,2x4,2024-08-15,2x4,4,14,225,True,G3_4
east,2x4,2024-08-22,2x4,4,14,225,True,G3_4
east,2x4,2024-08-29,2x4,4,14,225,True,G3_4
east,2x4,2024-09-05,2x4,4,14,220,True,G3_4
east,2x4,2024-09-12,2x4,4,14,220,True,G3_4
east,2x4,2024-09-20,2x4,4,14,220,True,G3_4
east,2x4,2024-09-27,2x4,4,14,225,True,G3_4
east,2x4,2024-10-04,2x4,4,14,230,True,G3_4
east,2x4,2024-10-11,2x4,4,14,235,True,G3_4
east,2x4,2024-10-18,2x4,4,14,245,True,G3_4
east,2x4,2024-10-25,2x4,4,14,255,True,G3_4
east,2x4,2024-11-01,2x4,4,14,265,True,G3_4
east,2x4,2024-11-08,2x4,4,14,275,True,G3_4
east,2x4,2024-11-15,2x4,4,14,280,True,G3_4
east,2x4,2024-11-22,2x4,4,14,280,True,G3_4
east,2x4,2024-11-27,2x4,4,14,285,True,G3_4
east,2x4,2024-12-06,2x4,4,14,290,True,G3_4
east,2x4,2024-12-13,2x4,4,14,290,True,G3_4
east,2x4,2024-12-20,2x4,4,14,290,True,G3_4
east,2x4,2025-01-03,2x4,4,14,295,True,G3_4
east,2x4,2025-01-10,2x4,4,14,305,True,G3_4
east,2x4,2025-01-17,2x4,4,14,305,True,G3_4
east,2x4,2025-01-24,2x4,4,14,310,True,G3_4
east,2x4,2025-01-31,2x4,4,14,315,True,G3_4
east,2x4,2025-02-07,2x4,4,14,330,True,G3_4
east,2x4,2025-02-14,2x4,4,14,340,True,G3_4
east,2x4,2025-02-21,2x4,4,14,345,True,G3_4
east,2x4,2025-02-28,2x4,4,14,355,True,G3_4
east,2x4,2025-03-07,2x4,4,14,365,True,G3_4
east,2x4,2025-03-14,2x4,4,14,370,True,G3_4
east,2x4,2025-03-21,2x4,4,14,365,True,G3_4
east,2x4,2025-03-28,2x4,4,14,370,True,G3_4
east,2x4,2025-04-04,2x4,4,14,355,True,G3_4
east,2x4,2025-04-11,2x4,4,14,345,True,G3_4
east,2x4,2025-04-18,2x4,4,14,335,True,G3_4
east,2x4,2025-04-25,2x4,4,14,330,True,G3_4
east,2x4,2025-05-02,2x4,4,14,320,True,G3_4
east,2x4,2025-05-09,2x4,4,14,310,True,G3_4
east,2x4,2025-05-16,2x4,4,14,300,True,G3_4
east,2x4,2025-05-23,2x4,4,14,285,True,G3_4
east,2x4,2025-05-30,2x4,4,14,270,True,G3_4
east,2x4,2025-06-06,2x4,4,14,255,True,G3_4
east,2x4,2025-06-13,2x4,4,14,235,True,G3_4
east,2x4,2025-06-19,2x4,4,14,225,True,G3_4
east,2x4,2025-06-27,2x4,4,14,205,True,G3_4
east,2x4,2025-07-03,2x4,4,14,205,True,G3_4
east,2x4,2025-07-11,2x4,4,14,205,True,G3_4
east,2x4,2025-07-18,2x4,4,14,205,True,G3_4
east,2x4,2025-07-25,2x4,4,14,210,True,G3_4
east,2x4,2025-08-01,2x4,4,14,205,True,G3_4
east,2x4,2025-08-08,2x4,4,14,200,True,G3_4
east,2x4,2025-08-15,2x4,4,14,195,True,G3_4
east,2x4,2025-08-22,2x4,4,14,195,True,G3_4
east,2x4,2025-08-29,2x4,4,14,195,True,G3_4
east,2x4,2025-09-05,2x4,4,14,195,True,G3_4
east,2x4,2025-09-12,2x4,4,14,195,True,G3_4
east,2x4,2025-09-19,2x4,4,14,195,True,G3_4
east,2x4,2025-09-26,2x4,4,14,195,True,G3_4
east,2x4,2025-10-03,2x4,4,14,195,True,G3_4
east,2x4,2025-10-10,2x4,4,14,195,True,G3_4
east,2x4,2025-10-17,2x4,4,14,195,True,G3_4
east,2x4,2024-01-12,2x4,4,16,250,True,G3_4
east,2x4,2024-01-18,2x4,4,16,250,True,G3_4
east,2x4,2024-01-25,2x4,4,16,250,True,G3_4
east,2x4,2024-02-08,2x4,4,16,250,True,G3_4
east,2x4,2024-02-15,2x4,4,16,250,True,G3_4
east,2x4,2024-02-22,2x4,4,16,255,True,G3_4
east,2x4,2024-02-29,2x4,4,16,260,True,G3_4
east,2x4,2024-03-07,2x4,4,16,260,True,G3_4
east,2x4,2024-03-14,2x4,4,16,265,True,G3_4
east,2x4,2024-03-21,2x4,4,16,265,True,G3_4
east,2x4,2024-03-28,2x4,4,16,265,True,G3_4
east,2x4,2024-04-04,2x4,4,16,265,True,G3_4
east,2x4,2024-04-11,2x4,4,16,265,True,G3_4
east,2x4,2024-04-18,2x4,4,16,260,True,G3_4
east,2x4,2024-04-25,2x4,4,16,255,True,G3_4
east,2x4,2024-05-02,2x4,4,16,245,True,G3_4
east,2x4,2024-05-09,2x4,4,16,245,True,G3_4
east,2x4,2024-05-16,2x4,4,16,245,True,G3_4
east,2x4,2024-05-30,2x4,4,16,240,True,G3_4
east,2x4,2024-06-06,2x4,4,16,240,True,G3_4
east,2x4,2024-06-13,2x4,4,16,240,True,G3_4
east,2x4,2024-06-20,2x4,4,16,240,True,G3_4
east,2x4,2024-06-27,2x4,4,16,235,True,G3_4
east,2x4,2024-07-04,2x4,4,16,220,True,G3_4
east,2x4,2024-07-11,2x4,4,16,215,True,G3_4
east,2x4,2024-07-18,2x4,4,16,215,True,G3_4
east,2x4,2024-07-25,2x4,4,16,220,True,G3_4
east,2x4,2024-08-01,2x4,4,16,225,True,G3_4
east,2x4,2024-08-08,2x4,4,16,225,True,G3_4
east,2x4,2024-08-15,2x4,4,16,225,True,G3_4
east,2x4,2024-08-22,2x4,4,16,225,True,G3_4
east,2x4,2024-08-29,2x4,4,16,225,True,G3_4
east,2x4,2024-09-05,2x4,4,16,220,True,G3_4
east,2x4,2024-09-12,2x4,4,16,220,True,G3_4
east,2x4,2024-09-20,2x4,4,16,220,True,G3_4
east,2x4,2024-09-27,2x4,4,16,225,True,G3_4
east,2x4,2024-10-04,2x4,4,16,230,True,G3_4
east,2x4,2024-10-11,2x4,4,16,235,True,G3_4
east,2x4,2024-10-18,2x4,4,16,245,True,G3_4
east,2x4,2024-10-25,2x4,4,16,255,True,G3_4
east,2x4,2024-11-01,2x4,4,16,265,True,G3_4
east,2x4,2024-11-08,2x4,4,16,275,True,G3_4
east,2x4,2024-11-15,2x4,4,16,280,True,G3_4
east,2x4,2024-11-22,2x4,4,16,280,True,G3_4
east,2x4,2024-11-27,2x4,4,16,285,True,G3_4
east,2x4,2024-12-06,2x4,4,16,290,True,G3_4
east,2x4,2024-12-13,2x4,4,16,290,True,G3_4
east,2x4,2024-12-20,2x4,4,16,290,True,G3_4
east,2x4,2025-01-03,2x4,4,16,295,True,G3_4
east,2x4,2025-01-10,2x4,4,16,305,True,G3_4
east,2x4,2025-01-17,2x4,4,16,305,True,G3_4
east,2x4,2025-01-24,2x4,4,16,310,True,G3_4
east,2x4,2025-01-31,2x4,4,16,315,True,G3_4
east,2x4,2025-02-07,2x4,4,16,330,True,G3_4
east,2x4,2025-02-14,2x4,4,16,340,True,G3_4
east,2x4,2025-02-21,2x4,4,16,345,True,G3_4
east,2x4,2025-02-28,2x4,4,16,355,True,G3_4
east,2x4,2025-03-07,2x4,4,16,365,True,G3_4
east,2x4,2025-03-14,2x4,4,16,370,True,G3_4
east,2x4,2025-03-21,2x4,4,16,365,True,G3_4
east,2x4,2025-03-28,2x4,4,16,370,True,G3_4
east,2x4,2025-04-04,2x4,4,16,355,True,G3_4
east,2x4,2025-04-11,2x4,4,16,345,True,G3_4
east,2x4,2025-04-18,2x4,4,16,335,True,G3_4
east,2x4,2025-04-25,2x4,4,16,330,True,G3_4
east,2x4,2025-05-02,2x4,4,16,320,True,G3_4
east,2x4,2025-05-09,2x4,4,16,310,True,G3_4
east,2x4,2025-05-16,2x4,4,16,300,True,G3_4
east,2x4,2025-05-23,2x4,4,16,285,True,G3_4
east,2x4,2025-05-30,2x4,4,16,270,True,G3_4
east,2x4,2025-06-06,2x4,4,16,255,True,G3_4
east,2x4,2025-06-13,2x4,4,16,235,True,G3_4
east,2x4,2025-06-19,2x4,4,16,225,True,G3_4
east,2x4,2025-06-27,2x4,4,16,205,True,G3_4
east,2x4,2025-07-03,2x4,4,16,205,True,G3_4
east,2x4,2025-07-11,2x4,4,16,205,True,G3_4
east,2x4,2025-07-18,2x4,4,16,205,True,G3_4
east,2x4,2025-07-25,2x4,4,16,210,True,G3_4
east,2x4,2025-08-01,2x4,4,16,205,True,G3_4
east,2x4,2025-08-08,2x4,4,16,200,True,G3_4
east,2x4,2025-08-15,2x4,4,16,195,True,G3_4
east,2x4,2025-08-22,2x4,4,16,195,True,G3_4
east,2x4,2025-08-29,2x4,4,16,195,True,G3_4
east,2x4,2025-09-05,2x4,4,16,195,True,G3_4
east,2x4,2025-09-12,2x4,4,16,195,True,G3_4
east,2x4,2025-09-19,2x4,4,16,195,True,G3_4
east,2x4,2025-09-26,2x4,4,16,195,True,G3_4
east,2x4,2025-10-03,2x4,4,16,195,True,G3_4
east,2x4,2025-10-10,2x4,4,16,195,True,G3_4
east,2x4,2025-10-17,2x4,4,16,195,True,G3_4
east,2x4,2024-01-12,2x4,4,18,250,True,G3_4
east,2x4,2024-01-18,2x4,4,18,250,True,G3_4
east,2x4,2024-01-25,2x4,4,18,250,True,G3_4
east,2x4,2024-02-08,2x4,4,18,250,True,G3_4
east,2x4,2024-02-15,2x4,4,18,250,True,G3_4
east,2x4,2024-02-22,2x4,4,18,255,True,G3_4
east,2x4,2024-02-29,2x4,4,18,260,True,G3_4
east,2x4,2024-03-07,2x4,4,18,260,True,G3_4
east,2x4,2024-03-14,2x4,4,18,265,True,G3_4
east,2x4,2024-03-21,2x4,4,18,265,True,G3_4
east,2x4,2024-03-28,2x4,4,18,265,True,G3_4
east,2x4,2024-04-04,2x4,4,18,265,True,G3_4
east,2x4,2024-04-11,2x4,4,18,265,True,G3_4
east,2x4,2024-04-18,2x4,4,18,260,True,G3_4
east,2x4,2024-04-25,2x4,4,18,255,True,G3_4
east,2x4,2024-05-02,2x4,4,18,245,True,G3_4
east,2x4,2024-05-09,2x4,4,18,245,True,G3_4
east,2x4,2024-05-16,2x4,4,18,245,True,G3_4
east,2x4,2024-05-30,2x4,4,18,240,True,G3_4
east,2x4,2024-06-06,2x4,4,18,240,True,G3_4
east,2x4,2024-06-13,2x4,4,18,240,True,G3_4
east,2x4,2024-06-20,2x4,4,18,240,True,G3_4
east,2x4,2024-06-27,2x4,4,18,235,True,G3_4
east,2x4,2024-07-04,2x4,4,18,220,True,G3_4
east,2x4,2024-07-11,2x4,4,18,215,True,G3_4
east,2x4,2024-07-18,2x4,4,18,215,True,G3_4
east,2x4,2024-07-25,2x4,4,18,220,True,G3_4
east,2x4,2024-08-01,2x4,4,18,225,True,G3_4
east,2x4,2024-08-08,2x4,4,18,225,True,G3_4
east,2x4,2024-08-15,2x4,4,18,225,True,G3_4
east,2x4,2024-08-22,2x4,4,18,225,True,G3_4
east,2x4,2024-08-29,2x4,4,18,225,True,G3_4
east,2x4,2024-09-05,2x4,4,18,220,True,G3_4
east,2x4,2024-09-12,2x4,4,18,220,True,G3_4
east,2x4,2024-09-20,2x4,4,18,220,True,G3_4
east,2x4,2024-09-27,2x4,4,18,225,True,G3_4
east,2x4,2024-10-04,2x4,4,18,230,True,G3_4
east,2x4,2024-10-11,2x4,4,18,235,True,G3_4
east,2x4,2024-10-18,2x4,4,18,245,True,G3_4
east,2x4,2024-10-25,2x4,4,18,255,True,G3_4
east,2x4,2024-11-01,2x4,4,18,265,True,G3_4
east,2x4,2024-11-08,2x4,4,18,275,True,G3_4
east,2x4,2024-11-15,2x4,4,18,280,True,G3_4
east,2x4,2024-11-22,2x4,4,18,280,True,G3_4
east,2x4,2024-11-27,2x4,4,18,285,True,G3_4
east,2x4,2024-12-06,2x4,4,18,290,True,G3_4
east,2x4,2024-12-13,2x4,4,18,290,True,G3_4
east,2x4,2024-12-20,2x4,4,18,290,True,G3_4
east,2x4,2025-01-03,2x4,4,18,295,True,G3_4
east,2x4,2025-01-10,2x4,4,18,305,True,G3_4
east,2x4,2025-01-17,2x4,4,18,305,True,G3_4
east,2x4,2025-01-24,2x4,4,18,310,True,G3_4
east,2x4,2025-01-31,2x4,4,18,315,True,G3_4
east,2x4,2025-02-07,2x4,4,18,330,True,G3_4
east,2x4,2025-02-14,2x4,4,18,340,True,G3_4
east,2x4,2025-02-21,2x4,4,18,345,True,G3_4
east,2x4,2025-02-28,2x4,4,18,355,True,G3_4
east,2x4,2025-03-07,2x4,4,18,365,True,G3_4
east,2x4,2025-03-14,2x4,4,18,370,True,G3_4
east,2x4,2025-03-21,2x4,4,18,365,True,G3_4
east,2x4,2025-03-28,2x4,4,18,370,True,G3_4
east,2x4,2025-04-04,2x4,4,18,355,True,G3_4
east,2x4,2025-04-11,2x4,4,18,345,True,G3_4
east,2x4,2025-04-18,2x4,4,18,335,True,G3_4
east,2x4,2025-04-25,2x4,4,18,330,True,G3_4
east,2x4,2025-05-02,2x4,4,18,320,True,G3_4
east,2x4,2025-05-09,2x4,4,18,310,True,G3_4
east,2x4,2025-05-16,2x4,4,18,300,True,G3_4
east,2x4,2025-05-23,2x4,4,18,285,True,G3_4
east,2x4,2025-05-30,2x4,4,18,270,True,G3_4
east,2x4,2025-06-06,2x4,4,18,255,True,G3_4
east,2x4,2025-06-13,2x4,4,18,235,True,G3_4
east,2x4,2025-06-19,2x4,4,18,225,True,G3_4
east,2x4,2025-06-27,2x4,4,18,205,True,G3_4
east,2x4,2025-07-03,2x4,4,18,205,True,G3_4
east,2x4,2025-07-11,2x4,4,18,205,True,G3_4
east,2x4,2025-07-18,2x4,4,18,205,True,G3_4
east,2x4,2025-07-25,2x4,4,18,210,True,G3_4
east,2x4,2025-08-01,2x4,4,18,205,True,G3_4
east,2x4,2025-08-08,2x4,4,18,200,True,G3_4
east,2x4,2025-08-15,2x4,4,18,195,True,G3_4
east,2x4,2025-08-22,2x4,4,18,195,True,G3_4
east,2x4,2025-08-29,2x4,4,18,195,True,G3_4
east,2x4,2025-09-05,2x4,4,18,195,True,G3_4
east,2x4,2025-09-12,2x4,4,18,195,True,G3_4
east,2x4,2025-09-19,2x4,4,18,195,True,G3_4
east,2x4,2025-09-26,2x4,4,18,195,True,G3_4
east,2x4,2025-10-03,2x4,4,18,195,True,G3_4
east,2x4,2025-10-10,2x4,4,18,195,True,G3_4
east,2x4,2025-10-17,2x4,4,18,195,True,G3_4
east,2x4,2024-01-12,2x4,4,20,250,True,G3_4
east,2x4,2024-01-18,2x4,4,20,250,True,G3_4
east,2x4,2024-01-25,2x4,4,20,250,True,G3_4
east,2x4,2024-02-08,2x4,4,20,250,True,G3_4
east,2x4,2024-02-15,2x4,4,20,250,True,G3_4
east,2x4,2024-02-22,2x4,4,20,255,True,G3_4
east,2x4,2024-02-29,2x4,4,20,260,True,G3_4
east,2x4,2024-03-07,2x4,4,20,260,True,G3_4
east,2x4,2024-03-14,2x4,4,20,265,True,G3_4
east,2x4,2024-03-21,2x4,4,20,265,True,G3_4
east,2x4,2024-03-28,2x4,4,20,265,True,G3_4
east,2x4,2024-04-04,2x4,4,20,265,True,G3_4
east,2x4,2024-04-11,2x4,4,20,265,True,G3_4
east,2x4,2024-04-18,2x4,4,20,260,True,G3_4
east,2x4,2024-04-25,2x4,4,20,255,True,G3_4
east,2x4,2024-05-02,2x4,4,20,245,True,G3_4
east,2x4,2024-05-09,2x4,4,20,245,True,G3_4
east,2x4,2024-05-16,2x4,4,20,245,True,G3_4
east,2x4,2024-05-30,2x4,4,20,240,True,G3_4
east,2x4,2024-06-06,2x4,4,20,240,True,G3_4
east,2x4,2024-06-13,2x4,4,20,240,True,G3_4
east,2x4,2024-06-20,2x4,4,20,240,True,G3_4
east,2x4,2024-06-27,2x4,4,20,235,True,G3_4
east,2x4,2024-07-04,2x4,4,20,220,True,G3_4
east,2x4,2024-07-11,2x4,4,20,215,True,G3_4
east,2x4,2024-07-18,2x4,4,20,215,True,G3_4
east,2x4,2024-07-25,2x4,4,20,220,True,G3_4
east,2x4,2024-08-01,2x4,4,20,225,True,G3_4
east,2x4,2024-08-08,2x4,4,20,225,True,G3_4
east,2x4,2024-08-15,2x4,4,20,225,True,G3_4
east,2x4,2024-08-22,2x4,4,20,225,True,G3_4
east,2x4,2024-08-29,2x4,4,20,225,True,G3_4
east,2x4,2024-09-05,2x4,4,20,220,True,G3_4
east,2x4,2024-09-12,2x4,4,20,220,True,G3_4
east,2x4,2024-09-20,2x4,4,20,220,True,G3_4
east,2x4,2024-09-27,2x4,4,20,225,True,G3_4
east,2x4,2024-10-04,2x4,4,20,230,True,G3_4
east,2x4,2024-10-11,2x4,4,20,235,True,G3_4
east,2x4,2024-10-18,2x4,4,20,245,True,G3_4
east,2x4,2024-10-25,2x4,4,20,255,True,G3_4
east,2x4,2024-11-01,2x4,4,20,265,True,G3_4
east,2x4,2024-11-08,2x4,4,20,275,True,G3_4
east,2x4,2024-11-15,2x4,4,20,280,True,G3_4
east,2x4,2024-11-22,2x4,4,20,280,True,G3_4
east,2x4,2024-11-27,2x4,4,20,285,True,G3_4
east,2x4,2024-12-06,2x4,4,20,290,True,G3_4
east,2x4,2024-12-13,2x4,4,20,290,True,G3_4
east,2x4,2024-12-20,2x4,4,20,290,True,G3_4
east,2x4,2025-01-03,2x4,4,20,295,True,G3_4
east,2x4,2025-01-10,2x4,4,20,305,True,G3_4
east,2x4,2025-01-17,2x4,4,20,305,True,G3_4
east,2x4,2025-01-24,2x4,4,20,310,True,G3_4
east,2x4,2025-01-31,2x4,4,20,315,True,G3_4
east,2x4,2025-02-07,2x4,4,20,330,True,G3_4
east,2x4,2025-02-14,2x4,4,20,340,True,G3_4
east,2x4,2025-02-21,2x4,4,20,345,True,G3_4
east,2x4,2025-02-28,2x4,4,20,355,True,G3_4
east,2x4,2025-03-07,2x4,4,20,365,True,G3_4
east,2x4,2025-03-14,2x4,4,20,370,True,G3_4
east,2x4,2025-03-21,2x4,4,20,365,True,G3_4
east,2x4,2025-03-28,2x4,4,20,370,True,G3_4
east,2x4,2025-04-04,2x4,4,20,355,True,G3_4
east,2x4,2025-04-11,2x4,4,20,345,True,G3_4
east,2x4,2025-04-18,2x4,4,20,335,True,G3_4
east,2x4,2025-04-25,2x4,4,20,330,True,G3_4
east,2x4,2025-05-02,2x4,4,20,320,True,G3_4
east,2x4,2025-05-09,2x4,4,20,310,True,G3_4
east,2x4,2025-05-16,2x4,4,20,300,True,G3_4
east,2x4,2025-05-23,2x4,4,20,285,True,G3_4
east,2x4,2025-05-30,2x4,4,20,270,True,G3_4
east,2x4,2025-06-06,2x4,4,20,255,True,G3_4
east,2x4,2025-06-13,2x4,4,20,235,True,G3_4
east,2x4,2025-06-19,2x4,4,20,225,True,G3_4
east,2x4,2025-06-27,2x4,4,20,205,True,G3_4
east,2x4,2025-07-03,2x4,4,20,205,True,G3_4
east,2x4,2025-07-11,2x4,4,20,205,True,G3_4
east,2x4,2025-07-18,2x4,4,20,205,True,G3_4
east,2x4,2025-07-25,2x4,4,20,210,True,G3_4
east,2x4,2025-08-01,2x4,4,20,205,True,G3_4
east,2x4,2025-08-08,2x4,4,20,200,True,G3_4
east,2x4,2025-08-15,2x4,4,20,195,True,G3_4
east,2x4,2025-08-22,2x4,4,20,195,True,G3_4
east,2x4,2025-08-29,2x4,4,20,195,True,G3_4
east,2x4,2025-09-05,2x4,4,20,195,True,G3_4
east,2x4,2025-09-12,2x4,4,20,195,True,G3_4
east,2x4,2025-09-19,2x4,4,20,195,True,G3_4
east,2x4,2025-09-26,2x4,4,20,195,True,G3_4
east,2x4,2025-10-03,2x4,4,20,195,True,G3_4
east,2x4,2025-10-10,2x4,4,20,195,True,G3_4
east,2x4,2025-10-17,2x4,4,20,195,True,G3_4
east,2x6 #3,2024-01-12,2x6,3,8,200,True,G3_4
east,2x6 #3,2024-01-18,2x6,3,8,205,True,G3_4
east,2x6 #3,2024-01-25,2x6,3,8,205,True,G3_4
east,2x6 #3,2024-02-08,2x6,3,8,210,True,G3_4
east,2x6 #3,2024-02-15,2x6,3,8,215,True,G3_4
east,2x6 #3,2024-02-22,2x6,3,8,215,True,G3_4
east,2x6 #3,2024-02-29,2x6,3,8,215,True,G3_4
east,2x6 #3,2024-03-07,2x6,3,8,230,True,G3_4
east,2x6 #3,2024-03-14,2x6,3,8,235,True,G3_4
east,2x6 #3,2024-03-21,2x6,3,8,240,True,G3_4
east,2x6 #3,2024-03-28,2x6,3,8,240,True,G3_4
east,2x6 #3,2024-04-04,2x6,3,8,240,True,G3_4
east,2x6 #3,2024-04-11,2x6,3,8,245,True,G3_4
east,2x6 #3,2024-04-18,2x6,3,8,245,True,G3_4
east,2x6 #3,2024-04-25,2x6,3,8,250,True,G3_4
east,2x6 #3,2024-05-02,2x6,3,8,250,True,G3_4
east,2x6 #3,2024-05-09,2x6,3,8,250,True,G3_4
east,2x6 #3,2024-05-16,2x6,3,8,250,True,G3_4
east,2x6 #3,2024-05-30,2x6,3,8,255,True,G3_4
east,2x6 #3,2024-06-06,2x6,3,8,260,True,G3_4
east,2x6 #3,2024-06-13,2x6,3,8,260,True,G3_4
east,2x6 #3,2024-06-20,2x6,3,8,255,True,G3_4
east,2x6 #3,2024-06-27,2x6,3,8,245,True,G3_4
east,2x6 #3,2024-07-04,2x6,3,8,230,True,G3_4
east,2x6 #3,2024-07-11,2x6,3,8,220,True,G3_4
east,2x6 #3,2024-07-18,2x6,3,8,225,True,G3_4
east,2x6 #3,2024-07-25,2x6,3,8,225,True,G3_4
east,2x6 #3,2024-08-01,2x6,3,8,230,True,G3_4
east,2x6 #3,2024-08-08,2x6,3,8,230,True,G3_4
east,2x6 #3,2024-08-15,2x6,3,8,230,True,G3_4
east,2x6 #3,2024-08-22,2x6,3,8,230,True,G3_4
east,2x6 #3,2024-08-29,2x6,3,8,230,True,G3_4
east,2x6 #3,2024-09-05,2x6,3,8,230,True,G3_4
east,2x6 #3,2024-09-12,2x6,3,8,230,True,G3_4
east,2x6 #3,2024-09-20,2x6,3,8,230,True,G3_4
east,2x6 #3,2024-09-27,2x6,3,8,240,True,G3_4
east,2x6 #3,2024-10-04,2x6,3,8,250,True,G3_4
east,2x6 #3,2024-10-11,2x6,3,8,265,True,G3_4
east,2x6 #3,2024-10-18,2x6,3,8,280,True,G3_4
east,2x6 #3,2024-10-25,2x6,3,8,295,True,G3_4
east,2x6 #3,2024-11-01,2x6,3,8,305,True,G3_4
east,2x6 #3,2024-11-08,2x6,3,8,310,True,G3_4
east,2x6 #3,2024-11-15,2x6,3,8,315,True,G3_4
east,2x6 #3,2024-11-22,2x6,3,8,310,True,G3_4
east,2x6 #3,2024-11-27,2x6,3,8,310,True,G3_4
east,2x6 #3,2024-12-06,2x6,3,8,310,True,G3_4
east,2x6 #3,2024-12-13,2x6,3,8,310,True,G3_4
east,2x6 #3,2024-12-20,2x6,3,8,315,True,G3_4
east,2x6 #3,2025-01-03,2x6,3,8,320,True,G3_4
east,2x6 #3,2025-01-10,2x6,3,8,325,True,G3_4
east,2x6 #3,2025-01-17,2x6,3,8,330,True,G3_4
east,2x6 #3,2025-01-24,2x6,3,8,335,True,G3_4
east,2x6 #3,2025-01-31,2x6,3,8,345,True,G3_4
east,2x6 #3,2025-02-07,2x6,3,8,355,True,G3_4
east,2x6 #3,2025-02-14,2x6,3,8,365,True,G3_4
east,2x6 #3,2025-02-21,2x6,3,8,365,True,G3_4
east,2x6 #3,2025-02-28,2x6,3,8,370,True,G3_4
east,2x6 #3,2025-03-07,2x6,3,8,380,True,G3_4
east,2x6 #3,2025-03-14,2x6,3,8,380,True,G3_4
east,2x6 #3,2025-03-21,2x6,3,8,380,True,G3_4
east,2x6 #3,2025-03-28,2x6,3,8,360,True,G3_4
east,2x6 #3,2025-04-04,2x6,3,8,350,True,G3_4
east,2x6 #3,2025-04-11,2x6,3,8,350,True,G3_4
east,2x6 #3,2025-04-18,2x6,3,8,340,True,G3_4
east,2x6 #3,2025-04-25,2x6,3,8,335,True,G3_4
east,2x6 #3,2025-05-02,2x6,3,8,330,True,G3_4
east,2x6 #3,2025-05-09,2x6,3,8,315,True,G3_4
east,2x6 #3,2025-05-16,2x6,3,8,295,True,G3_4
east,2x6 #3,2025-05-23,2x6,3,8,280,True,G3_4
east,2x6 #3,2025-05-30,2x6,3,8,265,True,G3_4
east,2x6 #3,2025-06-06,2x6,3,8,245,True,G3_4
east,2x6 #3,2025-06-13,2x6,3,8,245,True,G3_4
east,2x6 #3,2025-06-19,2x6,3,8,230,True,G3_4
east,2x6 #3,2025-06-27,2x6,3,8,220,True,G3_4
east,2x6 #3,2025-07-03,2x6,3,8,220,True,G3_4
east,2x6 #3,2025-07-11,2x6,3,8,225,True,G3_4
east,2x6 #3,2025-07-18,2x6,3,8,225,True,G3_4
east,2x6 #3,2025-07-25,2x6,3,8,230,True,G3_4
east,2x6 #3,2025-08-01,2x6,3,8,230,True,G3_4
east,2x6 #3,2025-08-08,2x6,3,8,230,True,G3_4
east,2x6 #3,2025-08-15,2x6,3,8,230,True,G3_4
east,2x6 #3,2025-08-22,2x6,3,8,230,True,G3_4
east,2x6 #3,2025-08-29,2x6,3,8,230,True,G3_4
east,2x6 #3,2025-09-05,2x6,3,8,230,True,G3_4
east,2x6 #3,2025-09-12,2x6,3,8,225,True,G3_4
east,2x6 #3,2025-09-19,2x6,3,8,225,True,G3_4
east,2x6 #3,2025-09-26,2x6,3,8,225,True,G3_4
east,2x6 #3,2025-10-03,2x6,3,8,225,True,G3_4
east,2x6 #3,2025-10-10,2x6,3,8,230,True,G3_4
east,2x6 #3,2025-10-17,2x6,3,8,230,True,G3_4
east,2x6 #3,2024-01-12,2x6,3,10,200,True,G3_4
east,2x6 #3,2024-01-18,2x6,3,10,205,True,G3_4
east,2x6 #3,2024-01-25,2x6,3,10,205,True,G3_4
east,2x6 #3,2024-02-08,2x6,3,10,210,True,G3_4
east,2x6 #3,2024-02-15,2x6,3,10,215,True,G3_4
east,2x6 #3,2024-02-22,2x6,3,10,215,True,G3_4
east,2x6 #3,2024-02-29,2x6,3,10,215,True,G3_4
east,2x6 #3,2024-03-07,2x6,3,10,230,True,G3_4
east,2x6 #3,2024-03-14,2x6,3,10,235,True,G3_4
east,2x6 #3,2024-03-21,2x6,3,10,240,True,G3_4
east,2x6 #3,2024-03-28,2x6,3,10,240,True,G3_4
east,2x6 #3,2024-04-04,2x6,3,10,240,True,G3_4
east,2x6 #3,2024-04-11,2x6,3,10,245,True,G3_4
east,2x6 #3,2024-04-18,2x6,3,10,245,True,G3_4
east,2x6 #3,2024-04-25,2x6,3,10,250,True,G3_4
east,2x6 #3,2024-05-02,2x6,3,10,250,True,G3_4
east,2x6 #3,2024-05-09,2x6,3,10,250,True,G3_4
east,2x6 #3,2024-05-16,2x6,3,10,250,True,G3_4
east,2x6 #3,2024-05-30,2x6,3,10,255,True,G3_4
east,2x6 #3,2024-06-06,2x6,3,10,260,True,G3_4
east,2x6 #3,2024-06-13,2x6,3,10,260,True,G3_4
east,2x6 #3,2024-06-20,2x6,3,10,255,True,G3_4
east,2x6 #3,2024-06-27,2x6,3,10,245,True,G3_4
east,2x6 #3,2024-07-04,2x6,3,10,230,True,G3_4
east,2x6 #3,2024-07-11,2x6,3,10,220,True,G3_4
east,2x6 #3,2024-07-18,2x6,3,10,225,True,G3_4
east,2x6 #3,2024-07-25,2x6,3,10,225,True,G3_4
east,2x6 #3,2024-08-01,2x6,3,10,230,True,G3_4
east,2x6 #3,2024-08-08,2x6,3,10,230,True,G3_4
east,2x6 #3,2024-08-15,2x6,3,10,230,True,G3_4
east,2x6 #3,2024-08-22,2x6,3,10,230,True,G3_4
east,2x6 #3,2024-08-29,2x6,3,10,230,True,G3_4
east,2x6 #3,2024-09-05,2x6,3,10,230,True,G3_4
east,2x6 #3,2024-09-12,2x6,3,10,230,True,G3_4
east,2x6 #3,2024-09-20,2x6,3,10,230,True,G3_4
east,2x6 #3,2024-09-27,2x6,3,10,240,True,G3_4
east,2x6 #3,2024-10-04,2x6,3,10,250,True,G3_4
east,2x6 #3,2024-10-11,2x6,3,10,265,True,G3_4
east,2x6 #3,2024-10-18,2x6,3,10,280,True,G3_4
east,2x6 #3,2024-10-25,2x6,3,10,295,True,G3_4
east,2x6 #3,2024-11-01,2x6,3,10,305,True,G3_4
east,2x6 #3,2024-11-08,2x6,3,10,310,True,G3_4
east,2x6 #3,2024-11-15,2x6,3,10,315,True,G3_4
east,2x6 #3,2024-11-22,2x6,3,10,310,True,G3_4
east,2x6 #3,2024-11-27,2x6,3,10,310,True,G3_4
east,2x6 #3,2024-12-06,2x6,3,10,310,True,G3_4
east,2x6 #3,2024-12-13,2x6,3,10,310,True,G3_4
east,2x6 #3,2024-12-20,2x6,3,10,315,True,G3_4
east,2x6 #3,2025-01-03,2x6,3,10,320,True,G3_4
east,2x6 #3,2025-01-10,2x6,3,10,325,True,G3_4
east,2x6 #3,2025-01-17,2x6,3,10,330,True,G3_4
east,2x6 #3,2025-01-24,2x6,3,10,335,True,G3_4
east,2x6 #3,2025-01-31,2x6,3,10,345,True,G3_4
east,2x6 #3,2025-02-07,2x6,3,10,355,True,G3_4
east,2x6 #3,2025-02-14,2x6,3,10,365,True,G3_4
east,2x6 #3,2025-02-21,2x6,3,10,365,True,G3_4
east,2x6 #3,2025-02-28,2x6,3,10,370,True,G3_4
east,2x6 #3,2025-03-07,2x6,3,10,380,True,G3_4
east,2x6 #3,2025-03-14,2x6,3,10,380,True,G3_4
east,2x6 #3,2025-03-21,2x6,3,10,380,True,G3_4
east,2x6 #3,2025-03-28,2x6,3,10,360,True,G3_4
east,2x6 #3,2025-04-04,2x6,3,10,350,True,G3_4
east,2x6 #3,2025-04-11,2x6,3,10,350,True,G3_4
east,2x6 #3,2025-04-18,2x6,3,10,340,True,G3_4
east,2x6 #3,2025-04-25,2x6,3,10,335,True,G3_4
east,2x6 #3,2025-05-02,2x6,3,10,330,True,G3_4
east,2x6 #3,2025-05-09,2x6,3,10,315,True,G3_4
east,2x6 #3,2025-05-16,2x6,3,10,295,True,G3_4
east,2x6 #3,2025-05-23,2x6,3,10,280,True,G3_4
east,2x6 #3,2025-05-30,2x6,3,10,265,True,G3_4
east,2x6 #3,2025-06-06,2x6,3,10,245,True,G3_4
east,2x6 #3,2025-06-13,2x6,3,10,245,True,G3_4
east,2x6 #3,2025-06-19,2x6,3,10,230,True,G3_4
east,2x6 #3,2025-06-27,2x6,3,10,220,True,G3_4
east,2x6 #3,2025-07-03,2x6,3,10,220,True,G3_4
east,2x6 #3,2025-07-11,2x6,3,10,225,True,G3_4
east,2x6 #3,2025-07-18,2x6,3,10,225,True,G3_4
east,2x6 #3,2025-07-25,2x6,3,10,230,True,G3_4
east,2x6 #3,2025-08-01,2x6,3,10,230,True,G3_4
east,2x6 #3,2025-08-08,2x6,3,10,230,True,G3_4
east,2x6 #3,2025-08-15,2x6,3,10,230,True,G3_4
east,2x6 #3,2025-08-22,2x6,3,10,230,True,G3_4
east,2x6 #3,2025-08-29,2x6,3,10,230,True,G3_4
east,2x6 #3,2025-09-05,2x6,3,10,230,True,G3_4
east,2x6 #3,2025-09-12,2x6,3,10,225,True,G3_4
east,2x6 #3,2025-09-19,2x6,3,10,225,True,G3_4
east,2x6 #3,2025-09-26,2x6,3,10,225,True,G3_4
east,2x6 #3,2025-10-03,2x6,3,10,225,True,G3_4
east,2x6 #3,2025-10-10,2x6,3,10,230,True,G3_4
east,2x6 #3,2025-10-17,2x6,3,10,230,True,G3_4
east,2x6 #3,2024-01-12,2x6,3,12,200,True,G3_4
east,2x6 #3,2024-01-18,2x6,3,12,205,True,G3_4
east,2x6 #3,2024-01-25,2x6,3,12,205,True,G3_4
east,2x6 #3,2024-02-08,2x6,3,12,210,True,G3_4
east,2x6 #3,2024-02-15,2x6,3,12,215,True,G3_4
east,2x6 #3,2024-02-22,2x6,3,12,215,True,G3_4
east,2x6 #3,2024-02-29,2x6,3,12,215,True,G3_4
east,2x6 #3,2024-03-07,2x6,3,12,230,True,G3_4
east,2x6 #3,2024-03-14,2x6,3,12,235,True,G3_4
east,2x6 #3,2024-03-21,2x6,3,12,240,True,G3_4
east,2x6 #3,2024-03-28,2x6,3,12,240,True,G3_4
east,2x6 #3,2024-04-04,2x6,3,12,240,True,G3_4
east,2x6 #3,2024-04-11,2x6,3,12,245,True,G3_4
east,2x6 #3,2024-04-18,2x6,3,12,245,True,G3_4
east,2x6 #3,2024-04-25,2x6,3,12,250,True,G3_4
east,2x6 #3,2024-05-02,2x6,3,12,250,True,G3_4
east,2x6 #3,2024-05-09,2x6,3,12,250,True,G3_4
east,2x6 #3,2024-05-16,2x6,3,12,250,True,G3_4
east,2x6 #3,2024-05-30,2x6,3,12,255,True,G3_4
east,2x6 #3,2024-06-06,2x6,3,12,260,True,G3_4
east,2x6 #3,2024-06-13,2x6,3,12,260,True,G3_4
east,2x6 #3,2024-06-20,2x6,3,12,255,True,G3_4
east,2x6 #3,2024-06-27,2x6,3,12,245,True,G3_4
east,2x6 #3,2024-07-04,2x6,3,12,230,True,G3_4
east,2x6 #3,2024-07-11,2x6,3,12,220,True,G3_4
east,2x6 #3,2024-07-18,2x6,3,12,225,True,G3_4
east,2x6 #3,2024-07-25,2x6,3,12,225,True,G3_4
east,2x6 #3,2024-08-01,2x6,3,12,230,True,G3_4
east,2x6 #3,2024-08-08,2x6,3,12,230,True,G3_4
east,2x6 #3,2024-08-15,2x6,3,12,230,True,G3_4
east,2x6 #3,2024-08-22,2x6,3,12,230,True,G3_4
east,2x6 #3,2024-08-29,2x6,3,12,230,True,G3_4
east,2x6 #3,2024-09-05,2x6,3,12,230,True,G3_4
east,2x6 #3,2024-09-12,2x6,3,12,230,True,G3_4
east,2x6 #3,2024-09-20,2x6,3,12,230,True,G3_4
east,2x6 #3,2024-09-27,2x6,3,12,240,True,G3_4
east,2x6 #3,2024-10-04,2x6,3,12,250,True,G3_4
east,2x6 #3,2024-10-11,2x6,3,12,265,True,G3_4
east,2x6 #3,2024-10-18,2x6,3,12,280,True,G3_4
east,2x6 #3,2024-10-25,2x6,3,12,295,True,G3_4
east,2x6 #3,2024-11-01,2x6,3,12,305,True,G3_4
east,2x6 #3,2024-11-08,2x6,3,12,310,True,G3_4
east,2x6 #3,2024-11-15,2x6,3,12,315,True,G3_4
east,2x6 #3,2024-11-22,2x6,3,12,310,True,G3_4
east,2x6 #3,2024-11-27,2x6,3,12,310,True,G3_4
east,2x6 #3,2024-12-06,2x6,3,12,310,True,G3_4
east,2x6 #3,2024-12-13,2x6,3,12,310,True,G3_4
east,2x6 #3,2024-12-20,2x6,3,12,315,True,G3_4
east,2x6 #3,2025-01-03,2x6,3,12,320,True,G3_4
east,2x6 #3,2025-01-10,2x6,3,12,325,True,G3_4
east,2x6 #3,2025-01-17,2x6,3,12,330,True,G3_4
east,2x6 #3,2025-01-24,2x6,3,12,335,True,G3_4
east,2x6 #3,2025-01-31,2x6,3,12,345,True,G3_4
east,2x6 #3,2025-02-07,2x6,3,12,355,True,G3_4
east,2x6 #3,2025-02-14,2x6,3,12,365,True,G3_4
east,2x6 #3,2025-02-21,2x6,3,12,365,True,G3_4
east,2x6 #3,2025-02-28,2x6,3,12,370,True,G3_4
east,2x6 #3,2025-03-07,2x6,3,12,380,True,G3_4
east,2x6 #3,2025-03-14,2x6,3,12,380,True,G3_4
east,2x6 #3,2025-03-21,2x6,3,12,380,True,G3_4
east,2x6 #3,2025-03-28,2x6,3,12,360,True,G3_4
east,2x6 #3,2025-04-04,2x6,3,12,350,True,G3_4
east,2x6 #3,2025-04-11,2x6,3,12,350,True,G3_4
east,2x6 #3,2025-04-18,2x6,3,12,340,True,G3_4
east,2x6 #3,2025-04-25,2x6,3,12,335,True,G3_4
east,2x6 #3,2025-05-02,2x6,3,12,330,True,G3_4
east,2x6 #3,2025-05-09,2x6,3,12,315,True,G3_4
east,2x6 #3,2025-05-16,2x6,3,12,295,True,G3_4
east,2x6 #3,2025-05-23,2x6,3,12,280,True,G3_4
east,2x6 #3,2025-05-30,2x6,3,12,265,True,G3_4
east,2x6 #3,2025-06-06,2x6,3,12,245,True,G3_4
east,2x6 #3,2025-06-13,2x6,3,12,245,True,G3_4
east,2x6 #3,2025-06-19,2x6,3,12,230,True,G3_4
east,2x6 #3,2025-06-27,2x6,3,12,220,True,G3_4
east,2x6 #3,2025-07-03,2x6,3,12,220,True,G3_4
east,2x6 #3,2025-07-11,2x6,3,12,225,True,G3_4
east,2x6 #3,2025-07-18,2x6,3,12,225,True,G3_4
east,2x6 #3,2025-07-25,2x6,3,12,230,True,G3_4
east,2x6 #3,2025-08-01,2x6,3,12,230,True,G3_4
east,2x6 #3,2025-08-08,2x6,3,12,230,True,G3_4
east,2x6 #3,2025-08-15,2x6,3,12,230,True,G3_4
east,2x6 #3,2025-08-22,2x6,3,12,230,True,G3_4
east,2x6 #3,2025-08-29,2x6,3,12,230,True,G3_4
east,2x6 #3,2025-09-05,2x6,3,12,230,True,G3_4
east,2x6 #3,2025-09-12,2x6,3,12,225,True,G3_4
east,2x6 #3,2025-09-19,2x6,3,12,225,True,G3_4
east,2x6 #3,2025-09-26,2x6,3,12,225,True,G3_4
east,2x6 #3,2025-10-03,2x6,3,12,225,True,G3_4
east,2x6 #3,2025-10-10,2x6,3,12,230,True,G3_4
east,2x6 #3,2025-10-17,2x6,3,12,230,True,G3_4
east,2x6 #3,2024-01-12,2x6,3,14,200,True,G3_4
east,2x6 #3,2024-01-18,2x6,3,14,205,True,G3_4
east,2x6 #3,2024-01-25,2x6,3,14,205,True,G3_4
east,2x6 #3,2024-02-08,2x6,3,14,210,True,G3_4
east,2x6 #3,2024-02-15,2x6,3,14,215,True,G3_4
east,2x6 #3,2024-02-22,2x6,3,14,215,True,G3_4
east,2x6 #3,2024-02-29,2x6,3,14,215,True,G3_4
east,2x6 #3,2024-03-07,2x6,3,14,230,True,G3_4
east,2x6 #3,2024-03-14,2x6,3,14,235,True,G3_4
east,2x6 #3,2024-03-21,2x6,3,14,240,True,G3_4
east,2x6 #3,2024-03-28,2x6,3,14,240,True,G3_4
east,2x6 #3,2024-04-04,2x6,3,14,240,True,G3_4
east,2x6 #3,2024-04-11,2x6,3,14,245,True,G3_4
east,2x6 #3,2024-04-18,2x6,3,14,245,True,G3_4
east,2x6 #3,2024-04-25,2x6,3,14,250,True,G3_4
east,2x6 #3,2024-05-02,2x6,3,14,250,True,G3_4
east,2x6 #3,2024-05-09,2x6,3,14,250,True,G3_4
east,2x6 #3,2024-05-16,2x6,3,14,250,True,G3_4
east,2x6 #3,2024-05-30,2x6,3,14,255,True,G3_4
east,2x6 #3,2024-06-06,2x6,3,14,260,True,G3_4
east,2x6 #3,2024-06-13,2x6,3,14,260,True,G3_4
east,2x6 #3,2024-06-20,2x6,3,14,255,True,G3_4
east,2x6 #3,2024-06-27,2x6,3,14,245,True,G3_4
east,2x6 #3,2024-07-04,2x6,3,14,230,True,G3_4
east,2x6 #3,2024-07-11,2x6,3,14,220,True,G3_4
east,2x6 #3,2024-07-18,2x6,3,14,225,True,G3_4
east,2x6 #3,2024-07-25,2x6,3,14,225,True,G3_4
east,2x6 #3,2024-08-01,2x6,3,14,230,True,G3_4
east,2x6 #3,2024-08-08,2x6,3,14,230,True,G3_4
east,2x6 #3,2024-08-15,2x6,3,14,230,True,G3_4
east,2x6 #3,2024-08-22,2x6,3,14,230,True,G3_4
east,2x6 #3,2024-08-29,2x6,3,14,230,True,G3_4
east,2x6 #3,2024-09-05,2x6,3,14,230,True,G3_4
east,2x6 #3,2024-09-12,2x6,3,14,230,True,G3_4
east,2x6 #3,2024-09-20,2x6,3,14,230,True,G3_4
east,2x6 #3,2024-09-27,2x6,3,14,240,True,G3_4
east,2x6 #3,2024-10-04,2x6,3,14,250,True,G3_4
east,2x6 #3,2024-10-11,2x6,3,14,265,True,G3_4
east,2x6 #3,2024-10-18,2x6,3,14,280,True,G3_4
east,2x6 #3,2024-10-25,2x6,3,14,295,True,G3_4
east,2x6 #3,2024-11-01,2x6,3,14,305,True,G3_4
east,2x6 #3,2024-11-08,2x6,3,14,310,True,G3_4
east,2x6 #3,2024-11-15,2x6,3,14,315,True,G3_4
east,2x6 #3,2024-11-22,2x6,3,14,310,True,G3_4
east,2x6 #3,2024-11-27,2x6,3,14,310,True,G3_4
east,2x6 #3,2024-12-06,2x6,3,14,310,True,G3_4
east,2x6 #3,2024-12-13,2x6,3,14,310,True,G3_4
east,2x6 #3,2024-12-20,2x6,3,14,315,True,G3_4
east,2x6 #3,2025-01-03,2x6,3,14,320,True,G3_4
east,2x6 #3,2025-01-10,2x6,3,14,325,True,G3_4
east,2x6 #3,2025-01-17,2x6,3,14,330,True,G3_4
east,2x6 #3,2025-01-24,2x6,3,14,335,True,G3_4
east,2x6 #3,2025-01-31,2x6,3,14,345,True,G3_4
east,2x6 #3,2025-02-07,2x6,3,14,355,True,G3_4
east,2x6 #3,2025-02-14,2x6,3,14,365,True,G3_4
east,2x6 #3,2025-02-21,2x6,3,14,365,True,G3_4
east,2x6 #3,2025-02-28,2x6,3,14,370,True,G3_4
east,2x6 #3,2025-03-07,2x6,3,14,380,True,G3_4
east,2x6 #3,2025-03-14,2x6,3,14,380,True,G3_4
east,2x6 #3,2025-03-21,2x6,3,14,380,True,G3_4
east,2x6 #3,2025-03-28,2x6,3,14,360,True,G3_4
east,2x6 #3,2025-04-04,2x6,3,14,350,True,G3_4
east,2x6 #3,2025-04-11,2x6,3,14,350,True,G3_4
east,2x6 #3,2025-04-18,2x6,3,14,340,True,G3_4
east,2x6 #3,2025-04-25,2x6,3,14,335,True,G3_4
east,2x6 #3,2025-05-02,2x6,3,14,330,True,G3_4
east,2x6 #3,2025-05-09,2x6,3,14,315,True,G3_4
east,2x6 #3,2025-05-16,2x6,3,14,295,True,G3_4
east,2x6 #3,2025-05-23,2x6,3,14,280,True,G3_4
east,2x6 #3,2025-05-30,2x6,3,14,265,True,G3_4
east,2x6 #3,2025-06-06,2x6,3,14,245,True,G3_4
east,2x6 #3,2025-06-13,2x6,3,14,245,True,G3_4
east,2x6 #3,2025-06-19,2x6,3,14,230,True,G3_4
east,2x6 #3,2025-06-27,2x6,3,14,220,True,G3_4
east,2x6 #3,2025-07-03,2x6,3,14,220,True,G3_4
east,2x6 #3,2025-07-11,2x6,3,14,225,True,G3_4
east,2x6 #3,2025-07-18,2x6,3,14,225,True,G3_4
east,2x6 #3,2025-07-25,2x6,3,14,230,True,G3_4
east,2x6 #3,2025-08-01,2x6,3,14,230,True,G3_4
east,2x6 #3,2025-08-08,2x6,3,14,230,True,G3_4
east,2x6 #3,2025-08-15,2x6,3,14,230,True,G3_4
east,2x6 #3,2025-08-22,2x6,3,14,230,True,G3_4
east,2x6 #3,2025-08-29,2x6,3,14,230,True,G3_4
east,2x6 #3,2025-09-05,2x6,3,14,230,True,G3_4
east,2x6 #3,2025-09-12,2x6,3,14,225,True,G3_4
east,2x6 #3,2025-09-19,2x6,3,14,225,True,G3_4
east,2x6 #3,2025-09-26,2x6,3,14,225,True,G3_4
east,2x6 #3,2025-10-03,2x6,3,14,225,True,G3_4
east,2x6 #3,2025-10-10,2x6,3,14,230,True,G3_4
east,2x6 #3,2025-10-17,2x6,3,14,230,True,G3_4
east,2x6 #3,2024-01-12,2x6,3,16,200,True,G3_4
east,2x6 #3,2024-01-18,2x6,3,16,205,True,G3_4
east,2x6 #3,2024-01-25,2x6,3,16,205,True,G3_4
east,2x6 #3,2024-02-08,2x6,3,16,210,True,G3_4
east,2x6 #3,2024-02-15,2x6,3,16,215,True,G3_4
east,2x6 #3,2024-02-22,2x6,3,16,215,True,G3_4
east,2x6 #3,2024-02-29,2x6,3,16,215,True,G3_4
east,2x6 #3,2024-03-07,2x6,3,16,230,True,G3_4
east,2x6 #3,2024-03-14,2x6,3,16,235,True,G3_4
east,2x6 #3,2024-03-21,2x6,3,16,240,True,G3_4
east,2x6 #3,2024-03-28,2x6,3,16,240,True,G3_4
east,2x6 #3,2024-04-04,2x6,3,16,240,True,G3_4
east,2x6 #3,2024-04-11,2x6,3,16,245,True,G3_4
east,2x6 #3,2024-04-18,2x6,3,16,245,True,G3_4
east,2x6 #3,2024-04-25,2x6,3,16,250,True,G3_4
east,2x6 #3,2024-05-02,2x6,3,16,250,True,G3_4
east,2x6 #3,2024-05-09,2x6,3,16,250,True,G3_4
east,2x6 #3,2024-05-16,2x6,3,16,250,True,G3_4
east,2x6 #3,2024-05-30,2x6,3,16,255,True,G3_4
east,2x6 #3,2024-06-06,2x6,3,16,260,True,G3_4
east,2x6 #3,2024-06-13,2x6,3,16,260,True,G3_4
east,2x6 #3,2024-06-20,2x6,3,16,255,True,G3_4
east,2x6 #3,2024-06-27,2x6,3,16,245,True,G3_4
east,2x6 #3,2024-07-04,2x6,3,16,230,True,G3_4
east,2x6 #3,2024-07-11,2x6,3,16,220,True,G3_4
east,2x6 #3,2024-07-18,2x6,3,16,225,True,G3_4
east,2x6 #3,2024-07-25,2x6,3,16,225,True,G3_4
east,2x6 #3,2024-08-01,2x6,3,16,230,True,G3_4
east,2x6 #3,2024-08-08,2x6,3,16,230,True,G3_4
east,2x6 #3,2024-08-15,2x6,3,16,230,True,G3_4
east,2x6 #3,2024-08-22,2x6,3,16,230,True,G3_4
east,2x6 #3,2024-08-29,2x6,3,16,230,True,G3_4
east,2x6 #3,2024-09-05,2x6,3,16,230,True,G3_4
east,2x6 #3,2024-09-12,2x6,3,16,230,True,G3_4
east,2x6 #3,2024-09-20,2x6,3,16,230,True,G3_4
east,2x6 #3,2024-09-27,2x6,3,16,240,True,G3_4
east,2x6 #3,2024-10-04,2x6,3,16,250,True,G3_4
east,2x6 #3,2024-10-11,2x6,3,16,265,True,G3_4
east,2x6 #3,2024-10-18,2x6,3,16,280,True,G3_4
east,2x6 #3,2024-10-25,2x6,3,16,295,True,G3_4
east,2x6 #3,2024-11-01,2x6,3,16,305,True,G3_4
east,2x6 #3,2024-11-08,2x6,3,16,310,True,G3_4
east,2x6 #3,2024-11-15,2x6,3,16,315,True,G3_4
east,2x6 #3,2024-11-22,2x6,3,16,310,True,G3_4
east,2x6 #3,2024-11-27,2x6,3,16,310,True,G3_4
east,2x6 #3,2024-12-06,2x6,3,16,310,True,G3_4
east,2x6 #3,2024-12-13,2x6,3,16,310,True,G3_4
east,2x6 #3,2024-12-20,2x6,3,16,315,True,G3_4
east,2x6 #3,2025-01-03,2x6,3,16,320,True,G3_4
east,2x6 #3,2025-01-10,2x6,3,16,325,True,G3_4
east,2x6 #3,2025-01-17,2x6,3,16,330,True,G3_4
east,2x6 #3,2025-01-24,2x6,3,16,335,True,G3_4
east,2x6 #3,2025-01-31,2x6,3,16,345,True,G3_4
east,2x6 #3,2025-02-07,2x6,3,16,355,True,G3_4
east,2x6 #3,2025-02-14,2x6,3,16,365,True,G3_4
east,2x6 #3,2025-02-21,2x6,3,16,365,True,G3_4
east,2x6 #3,2025-02-28,2x6,3,16,370,True,G3_4
east,2x6 #3,2025-03-07,2x6,3,16,380,True,G3_4
east,2x6 #3,2025-03-14,2x6,3,16,380,True,G3_4
east,2x6 #3,2025-03-21,2x6,3,16,380,True,G3_4
east,2x6 #3,2025-03-28,2x6,3,16,360,True,G3_4
east,2x6 #3,2025-04-04,2x6,3,16,350,True,G3_4
east,2x6 #3,2025-04-11,2x6,3,16,350,True,G3_4
east,2x6 #3,2025-04-18,2x6,3,16,340,True,G3_4
east,2x6 #3,2025-04-25,2x6,3,16,335,True,G3_4
east,2x6 #3,2025-05-02,2x6,3,16,330,True,G3_4
east,2x6 #3,2025-05-09,2x6,3,16,315,True,G3_4
east,2x6 #3,2025-05-16,2x6,3,16,295,True,G3_4
east,2x6 #3,2025-05-23,2x6,3,16,280,True,G3_4
east,2x6 #3,2025-05-30,2x6,3,16,265,True,G3_4
east,2x6 #3,2025-06-06,2x6,3,16,245,True,G3_4
east,2x6 #3,2025-06-13,2x6,3,16,245,True,G3_4
east,2x6 #3,2025-06-19,2x6,3,16,230,True,G3_4
east,2x6 #3,2025-06-27,2x6,3,16,220,True,G3_4
east,2x6 #3,2025-07-03,2x6,3,16,220,True,G3_4
east,2x6 #3,2025-07-11,2x6,3,16,225,True,G3_4
east,2x6 #3,2025-07-18,2x6,3,16,225,True,G3_4
east,2x6 #3,2025-07-25,2x6,3,16,230,True,G3_4
east,2x6 #3,2025-08-01,2x6,3,16,230,True,G3_4
east,2x6 #3,2025-08-08,2x6,3,16,230,True,G3_4
east,2x6 #3,2025-08-15,2x6,3,16,230,True,G3_4
east,2x6 #3,2025-08-22,2x6,3,16,230,True,G3_4
east,2x6 #3,2025-08-29,2x6,3,16,230,True,G3_4
east,2x6 #3,2025-09-05,2x6,3,16,230,True,G3_4
east,2x6 #3,2025-09-12,2x6,3,16,225,True,G3_4
east,2x6 #3,2025-09-19,2x6,3,16,225,True,G3_4
east,2x6 #3,2025-09-26,2x6,3,16,225,True,G3_4
east,2x6 #3,2025-10-03,2x6,3,16,225,True,G3_4
east,2x6 #3,2025-10-10,2x6,3,16,230,True,G3_4
east,2x6 #3,2025-10-17,2x6,3,16,230,True,G3_4
east,2x6 #3,2024-01-12,2x6,3,18,200,True,G3_4
east,2x6 #3,2024-01-18,2x6,3,18,205,True,G3_4
east,2x6 #3,2024-01-25,2x6,3,18,205,True,G3_4
east,2x6 #3,2024-02-08,2x6,3,18,210,True,G3_4
east,2x6 #3,2024-02-15,2x6,3,18,215,True,G3_4
east,2x6 #3,2024-02-22,2x6,3,18,215,True,G3_4
east,2x6 #3,2024-02-29,2x6,3,18,215,True,G3_4
east,2x6 #3,2024-03-07,2x6,3,18,230,True,G3_4
east,2x6 #3,2024-03-14,2x6,3,18,235,True,G3_4
east,2x6 #3,2024-03-21,2x6,3,18,240,True,G3_4
east,2x6 #3,2024-03-28,2x6,3,18,240,True,G3_4
east,2x6 #3,2024-04-04,2x6,3,18,240,True,G3_4
east,2x6 #3,2024-04-11,2x6,3,18,245,True,G3_4
east,2x6 #3,2024-04-18,2x6,3,18,245,True,G3_4
east,2x6 #3,2024-04-25,2x6,3,18,250,True,G3_4
east,2x6 #3,2024-05-02,2x6,3,18,250,True,G3_4
east,2x6 #3,2024-05-09,2x6,3,18,250,True,G3_4
east,2x6 #3,2024-05-16,2x6,3,18,250,True,G3_4
east,2x6 #3,2024-05-30,2x6,3,18,255,True,G3_4
east,2x6 #3,2024-06-06,2x6,3,18,260,True,G3_4
east,2x6 #3,2024-06-13,2x6,3,18,260,True,G3_4
east,2x6 #3,2024-06-20,2x6,3,18,255,True,G3_4
east,2x6 #3,2024-06-27,2x6,3,18,245,True,G3_4
east,2x6 #3,2024-07-04,2x6,3,18,230,True,G3_4
east,2x6 #3,2024-07-11,2x6,3,18,220,True,G3_4
east,2x6 #3,2024-07-18,2x6,3,18,225,True,G3_4
east,2x6 #3,2024-07-25,2x6,3,18,225,True,G3_4
east,2x6 #3,2024-08-01,2x6,3,18,230,True,G3_4
east,2x6 #3,2024-08-08,2x6,3,18,230,True,G3_4
east,2x6 #3,2024-08-15,2x6,3,18,230,True,G3_4
east,2x6 #3,2024-08-22,2x6,3,18,230,True,G3_4
east,2x6 #3,2024-08-29,2x6,3,18,230,True,G3_4
east,2x6 #3,2024-09-05,2x6,3,18,230,True,G3_4
east,2x6 #3,2024-09-12,2x6,3,18,230,True,G3_4
east,2x6 #3,2024-09-20,2x6,3,18,230,True,G3_4
east,2x6 #3,2024-09-27,2x6,3,18,240,True,G3_4
east,2x6 #3,2024-10-04,2x6,3,18,250,True,G3_4
east,2x6 #3,2024-10-11,2x6,3,18,265,True,G3_4
east,2x6 #3,2024-10-18,2x6,3,18,280,True,G3_4
east,2x6 #3,2024-10-25,2x6,3,18,295,True,G3_4
east,2x6 #3,2024-11-01,2x6,3,18,305,True,G3_4
east,2x6 #3,2024-11-08,2x6,3,18,310,True,G3_4
east,2x6 #3,2024-11-15,2x6,3,18,315,True,G3_4
east,2x6 #3,2024-11-22,2x6,3,18,310,True,G3_4
east,2x6 #3,2024-11-27,2x6,3,18,310,True,G3_4
east,2x6 #3,2024-12-06,2x6,3,18,310,True,G3_4
east,2x6 #3,2024-12-13,2x6,3,18,310,True,G3_4
east,2x6 #3,2024-12-20,2x6,3,18,315,True,G3_4
east,2x6 #3,2025-01-03,2x6,3,18,320,True,G3_4
east,2x6 #3,2025-01-10,2x6,3,18,325,True,G3_4
east,2x6 #3,2025-01-17,2x6,3,18,330,True,G3_4
east,2x6 #3,2025-01-24,2x6,3,18,335,True,G3_4
east,2x6 #3,2025-01-31,2x6,3,18,345,True,G3_4
east,2x6 #3,2025-02-07,2x6,3,18,355,True,G3_4
east,2x6 #3,2025-02-14,2x6,3,18,365,True,G3_4
east,2x6 #3,2025-02-21,2x6,3,18,365,True,G3_4
east,2x6 #3,2025-02-28,2x6,3,18,370,True,G3_4
east,2x6 #3,2025-03-07,2x6,3,18,380,True,G3_4
east,2x6 #3,2025-03-14,2x6,3,18,380,True,G3_4
east,2x6 #3,2025-03-21,2x6,3,18,380,True,G3_4
east,2x6 #3,2025-03-28,2x6,3,18,360,True,G3_4
east,2x6 #3,2025-04-04,2x6,3,18,350,True,G3_4
east,2x6 #3,2025-04-11,2x6,3,18,350,True,G3_4
east,2x6 #3,2025-04-18,2x6,3,18,340,True,G3_4
east,2x6 #3,2025-04-25,2x6,3,18,335,True,G3_4
east,2x6 #3,2025-05-02,2x6,3,18,330,True,G3_4
east,2x6 #3,2025-05-09,2x6,3,18,315,True,G3_4
east,2x6 #3,2025-05-16,2x6,3,18,295,True,G3_4
east,2x6 #3,2025-05-23,2x6,3,18,280,True,G3_4
east,2x6 #3,2025-05-30,2x6,3,18,265,True,G3_4
east,2x6 #3,2025-06-06,2x6,3,18,245,True,G3_4
east,2x6 #3,2025-06-13,2x6,3,18,245,True,G3_4
east,2x6 #3,2025-06-19,2x6,3,18,230,True,G3_4
east,2x6 #3,2025-06-27,2x6,3,18,220,True,G3_4
east,2x6 #3,2025-07-03,2x6,3,18,220,True,G3_4
east,2x6 #3,2025-07-11,2x6,3,18,225,True,G3_4
east,2x6 #3,2025-07-18,2x6,3,18,225,True,G3_4
east,2x6 #3,2025-07-25,2x6,3,18,230,True,G3_4
east,2x6 #3,2025-08-01,2x6,3,18,230,True,G3_4
east,2x6 #3,2025-08-08,2x6,3,18,230,True,G3_4
east,2x6 #3,2025-08-15,2x6,3,18,230,True,G3_4
east,2x6 #3,2025-08-22,2x6,3,18,230,True,G3_4
east,2x6 #3,2025-08-29,2x6,3,18,230,True,G3_4
east,2x6 #3,2025-09-05,2x6,3,18,230,True,G3_4
east,2x6 #3,2025-09-12,2x6,3,18,225,True,G3_4
east,2x6 #3,2025-09-19,2x6,3,18,225,True,G3_4
east,2x6 #3,2025-09-26,2x6,3,18,225,True,G3_4
east,2x6 #3,2025-10-03,2x6,3,18,225,True,G3_4
east,2x6 #3,2025-10-10,2x6,3,18,230,True,G3_4
east,2x6 #3,2025-10-17,2x6,3,18,230,True,G3_4
east,2x6 #3,2024-01-12,2x6,3,20,200,True,G3_4
east,2x6 #3,2024-01-18,2x6,3,20,205,True,G3_4
east,2x6 #3,2024-01-25,2x6,3,20,205,True,G3_4
east,2x6 #3,2024-02-08,2x6,3,20,210,True,G3_4
east,2x6 #3,2024-02-15,2x6,3,20,215,True,G3_4
east,2x6 #3,2024-02-22,2x6,3,20,215,True,G3_4
east,2x6 #3,2024-02-29,2x6,3,20,215,True,G3_4
east,2x6 #3,2024-03-07,2x6,3,20,230,True,G3_4
east,2x6 #3,2024-03-14,2x6,3,20,235,True,G3_4
east,2x6 #3,2024-03-21,2x6,3,20,240,True,G3_4
east,2x6 #3,2024-03-28,2x6,3,20,240,True,G3_4
east,2x6 #3,2024-04-04,2x6,3,20,240,True,G3_4
east,2x6 #3,2024-04-11,2x6,3,20,245,True,G3_4
east,2x6 #3,2024-04-18,2x6,3,20,245,True,G3_4
east,2x6 #3,2024-04-25,2x6,3,20,250,True,G3_4
east,2x6 #3,2024-05-02,2x6,3,20,250,True,G3_4
east,2x6 #3,2024-05-09,2x6,3,20,250,True,G3_4
east,2x6 #3,2024-05-16,2x6,3,20,250,True,G3_4
east,2x6 #3,2024-05-30,2x6,3,20,255,True,G3_4
east,2x6 #3,2024-06-06,2x6,3,20,260,True,G3_4
east,2x6 #3,2024-06-13,2x6,3,20,260,True,G3_4
east,2x6 #3,2024-06-20,2x6,3,20,255,True,G3_4
east,2x6 #3,2024-06-27,2x6,3,20,245,True,G3_4
east,2x6 #3,2024-07-04,2x6,3,20,230,True,G3_4
east,2x6 #3,2024-07-11,2x6,3,20,220,True,G3_4
east,2x6 #3,2024-07-18,2x6,3,20,225,True,G3_4
east,2x6 #3,2024-07-25,2x6,3,20,225,True,G3_4
east,2x6 #3,2024-08-01,2x6,3,20,230,True,G3_4
east,2x6 #3,2024-08-08,2x6,3,20,230,True,G3_4
east,2x6 #3,2024-08-15,2x6,3,20,230,True,G3_4
east,2x6 #3,2024-08-22,2x6,3,20,230,True,G3_4
east,2x6 #3,2024-08-29,2x6,3,20,230,True,G3_4
east,2x6 #3,2024-09-05,2x6,3,20,230,True,G3_4
east,2x6 #3,2024-09-12,2x6,3,20,230,True,G3_4
east,2x6 #3,2024-09-20,2x6,3,20,230,True,G3_4
east,2x6 #3,2024-09-27,2x6,3,20,240,True,G3_4
east,2x6 #3,2024-10-04,2x6,3,20,250,True,G3_4
east,2x6 #3,2024-10-11,2x6,3,20,265,True,G3_4
east,2x6 #3,2024-10-18,2x6,3,20,280,True,G3_4
east,2x6 #3,2024-10-25,2x6,3,20,295,True,G3_4
east,2x6 #3,2024-11-01,2x6,3,20,305,True,G3_4
east,2x6 #3,2024-11-08,2x6,3,20,310,True,G3_4
east,2x6 #3,2024-11-15,2x6,3,20,315,True,G3_4
east,2x6 #3,2024-11-22,2x6,3,20,310,True,G3_4
east,2x6 #3,2024-11-27,2x6,3,20,310,True,G3_4
east,2x6 #3,2024-12-06,2x6,3,20,310,True,G3_4
east,2x6 #3,2024-12-13,2x6,3,20,310,True,G3_4
east,2x6 #3,2024-12-20,2x6,3,20,315,True,G3_4
east,2x6 #3,2025-01-03,2x6,3,20,320,True,G3_4
east,2x6 #3,2025-01-10,2x6,3,20,325,True,G3_4
east,2x6 #3,2025-01-17,2x6,3,20,330,True,G3_4
east,2x6 #3,2025-01-24,2x6,3,20,335,True,G3_4
east,2x6 #3,2025-01-31,2x6,3,20,345,True,G3_4
east,2x6 #3,2025-02-07,2x6,3,20,355,True,G3_4
east,2x6 #3,2025-02-14,2x6,3,20,365,True,G3_4
east,2x6 #3,2025-02-21,2x6,3,20,365,True,G3_4
east,2x6 #3,2025-02-28,2x6,3,20,370,True,G3_4
east,2x6 #3,2025-03-07,2x6,3,20,380,True,G3_4
east,2x6 #3,2025-03-14,2x6,3,20,380,True,G3_4
east,2x6 #3,2025-03-21,2x6,3,20,380,True,G3_4
east,2x6 #3,2025-03-28,2x6,3,20,360,True,G3_4
east,2x6 #3,2025-04-04,2x6,3,20,350,True,G3_4
east,2x6 #3,2025-04-11,2x6,3,20,350,True,G3_4
east,2x6 #3,2025-04-18,2x6,3,20,340,True,G3_4
east,2x6 #3,2025-04-25,2x6,3,20,335,True,G3_4
east,2x6 #3,2025-05-02,2x6,3,20,330,True,G3_4
east,2x6 #3,2025-05-09,2x6,3,20,315,True,G3_4
east,2x6 #3,2025-05-16,2x6,3,20,295,True,G3_4
east,2x6 #3,2025-05-23,2x6,3,20,280,True,G3_4
east,2x6 #3,2025-05-30,2x6,3,20,265,True,G3_4
east,2x6 #3,2025-06-06,2x6,3,20,245,True,G3_4
east,2x6 #3,2025-06-13,2x6,3,20,245,True,G3_4
east,2x6 #3,2025-06-19,2x6,3,20,230,True,G3_4
east,2x6 #3,2025-06-27,2x6,3,20,220,True,G3_4
east,2x6 #3,2025-07-03,2x6,3,20,220,True,G3_4
east,2x6 #3,2025-07-11,2x6,3,20,225,True,G3_4
east,2x6 #3,2025-07-18,2x6,3,20,225,True,G3_4
east,2x6 #3,2025-07-25,2x6,3,20,230,True,G3_4
east,2x6 #3,2025-08-01,2x6,3,20,230,True,G3_4
east,2x6 #3,2025-08-08,2x6,3,20,230,True,G3_4
east,2x6 #3,2025-08-15,2x6,3,20,230,True,G3_4
east,2x6 #3,2025-08-22,2x6,3,20,230,True,G3_4
east,2x6 #3,2025-08-29,2x6,3,20,230,True,G3_4
east,2x6 #3,2025-09-05,2x6,3,20,230,True,G3_4
east,2x6 #3,2025-09-12,2x6,3,20,225,True,G3_4
east,2x6 #3,2025-09-19,2x6,3,20,225,True,G3_4
east,2x6 #3,2025-09-26,2x6,3,20,225,True,G3_4
east,2x6 #3,2025-10-03,2x6,3,20,225,True,G3_4
east,2x6 #3,2025-10-10,2x6,3,20,230,True,G3_4
east,2x6 #3,2025-10-17,2x6,3,20,230,True,G3_4
east,2x6,2024-01-12,2x6,4,8,160,True,G3_4
east,2x6,2024-01-18,2x6,4,8,160,True,G3_4
east,2x6,2024-01-25,2x6,4,8,160,True,G3_4
east,2x6,2024-02-08,2x6,4,8,160,True,G3_4
east,2x6,2024-02-15,2x6,4,8,165,True,G3_4
east,2x6,2024-02-22,2x6,4,8,170,True,G3_4
east,2x6,2024-02-29,2x6,4,8,175,True,G3_4
east,2x6,2024-03-07,2x6,4,8,180,True,G3_4
east,2x6,2024-03-14,2x6,4,8,185,True,G3_4
east,2x6,2024-03-21,2x6,4,8,190,True,G3_4
east,2x6,2024-03-28,2x6,4,8,190,True,G3_4
east,2x6,2024-04-04,2x6,4,8,195,True,G3_4
east,2x6,2024-04-11,2x6,4,8,200,True,G3_4
east,2x6,2024-04-18,2x6,4,8,200,True,G3_4
east,2x6,2024-04-25,2x6,4,8,200,True,G3_4
east,2x6,2024-05-02,2x6,4,8,200,True,G3_4
east,2x6,2024-05-09,2x6,4,8,205,True,G3_4
east,2x6,2024-05-16,2x6,4,8,205,True,G3_4
east,2x6,2024-05-30,2x6,4,8,205,True,G3_4
east,2x6,2024-06-06,2x6,4,8,205,True,G3_4
east,2x6,2024-06-13,2x6,4,8,205,True,G3_4
east,2x6,2024-06-20,2x6,4,8,205,True,G3_4
east,2x6,2024-06-27,2x6,4,8,200,True,G3_4
east,2x6,2024-07-04,2x6,4,8,200,True,G3_4
east,2x6,2024-07-11,2x6,4,8,200,True,G3_4
east,2x6,2024-07-18,2x6,4,8,200,True,G3_4
east,2x6,2024-07-25,2x6,4,8,200,True,G3_4
east,2x6,2024-08-01,2x6,4,8,205,True,G3_4
east,2x6,2024-08-08,2x6,4,8,205,True,G3_4
east,2x6,2024-08-15,2x6,4,8,205,True,G3_4
east,2x6,2024-08-22,2x6,4,8,205,True,G3_4
east,2x6,2024-08-29,2x6,4,8,205,True,G3_4
east,2x6,2024-09-05,2x6,4,8,205,True,G3_4
east,2x6,2024-09-12,2x6,4,8,205,True,G3_4
east,2x6,2024-09-20,2x6,4,8,210,True,G3_4
east,2x6,2024-09-27,2x6,4,8,215,True,G3_4
east,2x6,2024-10-04,2x6,4,8,220,True,G3_4
east,2x6,2024-10-11,2x6,4,8,225,True,G3_4
east,2x6,2024-10-18,2x6,4,8,235,True,G3_4
east,2x6,2024-10-25,2x6,4,8,240,True,G3_4
east,2x6,2024-11-01,2x6,4,8,250,True,G3_4
east,2x6,2024-11-08,2x6,4,8,260,True,G3_4
east,2x6,2024-11-15,2x6,4,8,265,True,G3_4
east,2x6,2024-11-22,2x6,4,8,265,True,G3_4
east,2x6,2024-11-27,2x6,4,8,270,True,G3_4
east,2x6,2024-12-06,2x6,4,8,275,True,G3_4
east,2x6,2024-12-13,2x6,4,8,275,True,G3_4
east,2x6,2024-12-20,2x6,4,8,275,True,G3_4
east,2x6,2025-01-03,2x6,4,8,280,True,G3_4
east,2x6,2025-01-10,2x6,4,8,285,True,G3_4
east,2x6,2025-01-17,2x6,4,8,285,True,G3_4
east,2x6,2025-01-24,2x6,4,8,290,True,G3_4
east,2x6,2025-01-31,2x6,4,8,295,True,G3_4
east,2x6,2025-02-07,2x6,4,8,305,True,G3_4
east,2x6,2025-02-14,2x6,4,8,315,True,G3_4
east,2x6,2025-02-21,2x6,4,8,320,True,G3_4
east,2x6,2025-02-28,2x6,4,8,330,True,G3_4
east,2x6,2025-03-07,2x6,4,8,340,True,G3_4
east,2x6,2025-03-14,2x6,4,8,345,True,G3_4
east,2x6,2025-03-21,2x6,4,8,345,True,G3_4
east,2x6,2025-03-28,2x6,4,8,345,True,G3_4
east,2x6,2025-04-04,2x6,4,8,335,True,G3_4
east,2x6,2025-04-11,2x6,4,8,320,True,G3_4
east,2x6,2025-04-18,2x6,4,8,310,True,G3_4
east,2x6,2025-04-25,2x6,4,8,305,True,G3_4
east,2x6,2025-05-02,2x6,4,8,300,True,G3_4
east,2x6,2025-05-09,2x6,4,8,290,True,G3_4
east,2x6,2025-05-16,2x6,4,8,270,True,G3_4
east,2x6,2025-05-23,2x6,4,8,250,True,G3_4
east,2x6,2025-05-30,2x6,4,8,235,True,G3_4
east,2x6,2025-06-06,2x6,4,8,220,True,G3_4
east,2x6,2025-06-13,2x6,4,8,215,True,G3_4
east,2x6,2025-06-19,2x6,4,8,205,True,G3_4
east,2x6,2025-06-27,2x6,4,8,200,True,G3_4
east,2x6,2025-07-03,2x6,4,8,200,True,G3_4
east,2x6,2025-07-11,2x6,4,8,200,True,G3_4
east,2x6,2025-07-18,2x6,4,8,200,True,G3_4
east,2x6,2025-07-25,2x6,4,8,200,True,G3_4
east,2x6,2025-08-01,2x6,4,8,200,True,G3_4
east,2x6,2025-08-08,2x6,4,8,200,True,G3_4
east,2x6,2025-08-15,2x6,4,8,200,True,G3_4
east,2x6,2025-08-22,2x6,4,8,200,True,G3_4
east,2x6,2025-08-29,2x6,4,8,200,True,G3_4
east,2x6,2025-09-05,2x6,4,8,200,True,G3_4
east,2x6,2025-09-12,2x6,4,8,200,True,G3_4
east,2x6,2025-09-19,2x6,4,8,200,True,G3_4
east,2x6,2025-09-26,2x6,4,8,205,True,G3_4
east,2x6,2025-10-03,2x6,4,8,205,True,G3_4
east,2x6,2025-10-10,2x6,4,8,205,True,G3_4
east,2x6,2025-10-17,2x6,4,8,205,True,G3_4
east,2x6,2024-01-12,2x6,4,10,160,True,G3_4
east,2x6,2024-01-18,2x6,4,10,160,True,G3_4
east,2x6,2024-01-25,2x6,4,10,160,True,G3_4
east,2x6,2024-02-08,2x6,4,10,160,True,G3_4
east,2x6,2024-02-15,2x6,4,10,165,True,G3_4
east,2x6,2024-02-22,2x6,4,10,170,True,G3_4
east,2x6,2024-02-29,2x6,4,10,175,True,G3_4
east,2x6,2024-03-07,2x6,4,10,180,True,G3_4
east,2x6,2024-03-14,2x6,4,10,185,True,G3_4
east,2x6,2024-03-21,2x6,4,10,190,True,G3_4
east,2x6,2024-03-28,2x6,4,10,190,True,G3_4
east,2x6,2024-04-04,2x6,4,10,195,True,G3_4
east,2x6,2024-04-11,2x6,4,10,200,True,G3_4
east,2x6,2024-04-18,2x6,4,10,200,True,G3_4
east,2x6,2024-04-25,2x6,4,10,200,True,G3_4
east,2x6,2024-05-02,2x6,4,10,200,True,G3_4
east,2x6,2024-05-09,2x6,4,10,205,True,G3_4
east,2x6,2024-05-16,2x6,4,10,205,True,G3_4
east,2x6,2024-05-30,2x6,4,10,205,True,G3_4
east,2x6,2024-06-06,2x6,4,10,205,True,G3_4
east,2x6,2024-06-13,2x6,4,10,205,True,G3_4
east,2x6,2024-06-20,2x6,4,10,205,True,G3_4
east,2x6,2024-06-27,2x6,4,10,200,True,G3_4
east,2x6,2024-07-04,2x6,4,10,200,True,G3_4
east,2x6,2024-07-11,2x6,4,10,200,True,G3_4
east,2x6,2024-07-18,2x6,4,10,200,True,G3_4
east,2x6,2024-07-25,2x6,4,10,200,True,G3_4
east,2x6,2024-08-01,2x6,4,10,205,True,G3_4
east,2x6,2024-08-08,2x6,4,10,205,True,G3_4
east,2x6,2024-08-15,2x6,4,10,205,True,G3_4
east,2x6,2024-08-22,2x6,4,10,205,True,G3_4
east,2x6,2024-08-29,2x6,4,10,205,True,G3_4
east,2x6,2024-09-05,2x6,4,10,205,True,G3_4
east,2x6,2024-09-12,2x6,4,10,205,True,G3_4
east,2x6,2024-09-20,2x6,4,10,210,True,G3_4
east,2x6,2024-09-27,2x6,4,10,215,True,G3_4
east,2x6,2024-10-04,2x6,4,10,220,True,G3_4
east,2x6,2024-10-11,2x6,4,10,225,True,G3_4
east,2x6,2024-10-18,2x6,4,10,235,True,G3_4
east,2x6,2024-10-25,2x6,4,10,240,True,G3_4
east,2x6,2024-11-01,2x6,4,10,250,True,G3_4
east,2x6,2024-11-08,2x6,4,10,260,True,G3_4
east,2x6,2024-11-15,2x6,4,10,265,True,G3_4
east,2x6,2024-11-22,2x6,4,10,265,True,G3_4
east,2x6,2024-11-27,2x6,4,10,270,True,G3_4
east,2x6,2024-12-06,2x6,4,10,275,True,G3_4
east,2x6,2024-12-13,2x6,4,10,275,True,G3_4
east,2x6,2024-12-20,2x6,4,10,275,True,G3_4
east,2x6,2025-01-03,2x6,4,10,280,True,G3_4
east,2x6,2025-01-10,2x6,4,10,285,True,G3_4
east,2x6,2025-01-17,2x6,4,10,285,True,G3_4
east,2x6,2025-01-24,2x6,4,10,290,True,G3_4
east,2x6,2025-01-31,2x6,4,10,295,True,G3_4
east,2x6,2025-02-07,2x6,4,10,305,True,G3_4
east,2x6,2025-02-14,2x6,4,10,315,True,G3_4
east,2x6,2025-02-21,2x6,4,10,320,True,G3_4
east,2x6,2025-02-28,2x6,4,10,330,True,G3_4
east,2x6,2025-03-07,2x6,4,10,340,True,G3_4
east,2x6,2025-03-14,2x6,4,10,345,True,G3_4
east,2x6,2025-03-21,2x6,4,10,345,True,G3_4
east,2x6,2025-03-28,2x6,4,10,345,True,G3_4
east,2x6,2025-04-04,2x6,4,10,335,True,G3_4
east,2x6,2025-04-11,2x6,4,10,320,True,G3_4
east,2x6,2025-04-18,2x6,4,10,310,True,G3_4
east,2x6,2025-04-25,2x6,4,10,305,True,G3_4
east,2x6,2025-05-02,2x6,4,10,300,True,G3_4
east,2x6,2025-05-09,2x6,4,10,290,True,G3_4
east,2x6,2025-05-16,2x6,4,10,270,True,G3_4
east,2x6,2025-05-23,2x6,4,10,250,True,G3_4
east,2x6,2025-05-30,2x6,4,10,235,True,G3_4
east,2x6,2025-06-06,2x6,4,10,220,True,G3_4
east,2x6,2025-06-13,2x6,4,10,215,True,G3_4
east,2x6,2025-06-19,2x6,4,10,205,True,G3_4
east,2x6,2025-06-27,2x6,4,10,200,True,G3_4
east,2x6,2025-07-03,2x6,4,10,200,True,G3_4
east,2x6,2025-07-11,2x6,4,10,200,True,G3_4
east,2x6,2025-07-18,2x6,4,10,200,True,G3_4
east,2x6,2025-07-25,2x6,4,10,200,True,G3_4
east,2x6,2025-08-01,2x6,4,10,200,True,G3_4
east,2x6,2025-08-08,2x6,4,10,200,True,G3_4
east,2x6,2025-08-15,2x6,4,10,200,True,G3_4
east,2x6,2025-08-22,2x6,4,10,200,True,G3_4
east,2x6,2025-08-29,2x6,4,10,200,True,G3_4
east,2x6,2025-09-05,2x6,4,10,200,True,G3_4
east,2x6,2025-09-12,2x6,4,10,200,True,G3_4
east,2x6,2025-09-19,2x6,4,10,200,True,G3_4
east,2x6,2025-09-26,2x6,4,10,205,True,G3_4
east,2x6,2025-10-03,2x6,4,10,205,True,G3_4
east,2x6,2025-10-10,2x6,4,10,205,True,G3_4
east,2x6,2025-10-17,2x6,4,10,205,True,G3_4
east,2x6,2024-01-12,2x6,4,12,160,True,G3_4
east,2x6,2024-01-18,2x6,4,12,160,True,G3_4
east,2x6,2024-01-25,2x6,4,12,160,True,G3_4
east,2x6,2024-02-08,2x6,4,12,160,True,G3_4
east,2x6,2024-02-15,2x6,4,12,165,True,G3_4
east,2x6,2024-02-22,2x6,4,12,170,True,G3_4
east,2x6,2024-02-29,2x6,4,12,175,True,G3_4
east,2x6,2024-03-07,2x6,4,12,180,True,G3_4
east,2x6,2024-03-14,2x6,4,12,185,True,G3_4
east,2x6,2024-03-21,2x6,4,12,190,True,G3_4
east,2x6,2024-03-28,2x6,4,12,190,True,G3_4
east,2x6,2024-04-04,2x6,4,12,195,True,G3_4
east,2x6,2024-04-11,2x6,4,12,200,True,G3_4
east,2x6,2024-04-18,2x6,4,12,200,True,G3_4
east,2x6,2024-04-25,2x6,4,12,200,True,G3_4
east,2x6,2024-05-02,2x6,4,12,200,True,G3_4
east,2x6,2024-05-09,2x6,4,12,205,True,G3_4
east,2x6,2024-05-16,2x6,4,12,205,True,G3_4
east,2x6,2024-05-30,2x6,4,12,205,True,G3_4
east,2x6,2024-06-06,2x6,4,12,205,True,G3_4
east,2x6,2024-06-13,2x6,4,12,205,True,G3_4
east,2x6,2024-06-20,2x6,4,12,205,True,G3_4
east,2x6,2024-06-27,2x6,4,12,200,True,G3_4
east,2x6,2024-07-04,2x6,4,12,200,True,G3_4
east,2x6,2024-07-11,2x6,4,12,200,True,G3_4
east,2x6,2024-07-18,2x6,4,12,200,True,G3_4
east,2x6,2024-07-25,2x6,4,12,200,True,G3_4
east,2x6,2024-08-01,2x6,4,12,205,True,G3_4
east,2x6,2024-08-08,2x6,4,12,205,True,G3_4
east,2x6,2024-08-15,2x6,4,12,205,True,G3_4
east,2x6,2024-08-22,2x6,4,12,205,True,G3_4
east,2x6,2024-08-29,2x6,4,12,205,True,G3_4
east,2x6,2024-09-05,2x6,4,12,205,True,G3_4
east,2x6,2024-09-12,2x6,4,12,205,True,G3_4
east,2x6,2024-09-20,2x6,4,12,210,True,G3_4
east,2x6,2024-09-27,2x6,4,12,215,True,G3_4
east,2x6,2024-10-04,2x6,4,12,220,True,G3_4
east,2x6,2024-10-11,2x6,4,12,225,True,G3_4
east,2x6,2024-10-18,2x6,4,12,235,True,G3_4
east,2x6,2024-10-25,2x6,4,12,240,True,G3_4
east,2x6,2024-11-01,2x6,4,12,250,True,G3_4
east,2x6,2024-11-08,2x6,4,12,260,True,G3_4
east,2x6,2024-11-15,2x6,4,12,265,True,G3_4
east,2x6,2024-11-22,2x6,4,12,265,True,G3_4
east,2x6,2024-11-27,2x6,4,12,270,True,G3_4
east,2x6,2024-12-06,2x6,4,12,275,True,G3_4
east,2x6,2024-12-13,2x6,4,12,275,True,G3_4
east,2x6,2024-12-20,2x6,4,12,275,True,G3_4
east,2x6,2025-01-03,2x6,4,12,280,True,G3_4
east,2x6,2025-01-10,2x6,4,12,285,True,G3_4
east,2x6,2025-01-17,2x6,4,12,285,True,G3_4
east,2x6,2025-01-24,2x6,4,12,290,True,G3_4
east,2x6,2025-01-31,2x6,4,12,295,True,G3_4
east,2x6,2025-02-07,2x6,4,12,305,True,G3_4
east,2x6,2025-02-14,2x6,4,12,315,True,G3_4
east,2x6,2025-02-21,2x6,4,12,320,True,G3_4
east,2x6,2025-02-28,2x6,4,12,330,True,G3_4
east,2x6,2025-03-07,2x6,4,12,340,True,G3_4
east,2x6,2025-03-14,2x6,4,12,345,True,G3_4
east,2x6,2025-03-21,2x6,4,12,345,True,G3_4
east,2x6,2025-03-28,2x6,4,12,345,True,G3_4
east,2x6,2025-04-04,2x6,4,12,335,True,G3_4
east,2x6,2025-04-11,2x6,4,12,320,True,G3_4
east,2x6,2025-04-18,2x6,4,12,310,True,G3_4
east,2x6,2025-04-25,2x6,4,12,305,True,G3_4
east,2x6,2025-05-02,2x6,4,12,300,True,G3_4
east,2x6,2025-05-09,2x6,4,12,290,True,G3_4
east,2x6,2025-05-16,2x6,4,12,270,True,G3_4
east,2x6,2025-05-23,2x6,4,12,250,True,G3_4
east,2x6,2025-05-30,2x6,4,12,235,True,G3_4
east,2x6,2025-06-06,2x6,4,12,220,True,G3_4
east,2x6,2025-06-13,2x6,4,12,215,True,G3_4
east,2x6,2025-06-19,2x6,4,12,205,True,G3_4
east,2x6,2025-06-27,2x6,4,12,200,True,G3_4
east,2x6,2025-07-03,2x6,4,12,200,True,G3_4
east,2x6,2025-07-11,2x6,4,12,200,True,G3_4
east,2x6,2025-07-18,2x6,4,12,200,True,G3_4
east,2x6,2025-07-25,2x6,4,12,200,True,G3_4
east,2x6,2025-08-01,2x6,4,12,200,True,G3_4
east,2x6,2025-08-08,2x6,4,12,200,True,G3_4
east,2x6,2025-08-15,2x6,4,12,200,True,G3_4
east,2x6,2025-08-22,2x6,4,12,200,True,G3_4
east,2x6,2025-08-29,2x6,4,12,200,True,G3_4
east,2x6,2025-09-05,2x6,4,12,200,True,G3_4
east,2x6,2025-09-12,2x6,4,12,200,True,G3_4
east,2x6,2025-09-19,2x6,4,12,200,True,G3_4
east,2x6,2025-09-26,2x6,4,12,205,True,G3_4
east,2x6,2025-10-03,2x6,4,12,205,True,G3_4
east,2x6,2025-10-10,2x6,4,12,205,True,G3_4
east,2x6,2025-10-17,2x6,4,12,205,True,G3_4
east,2x6,2024-01-12,2x6,4,14,160,True,G3_4
east,2x6,2024-01-18,2x6,4,14,160,True,G3_4
east,2x6,2024-01-25,2x6,4,14,160,True,G3_4
east,2x6,2024-02-08,2x6,4,14,160,True,G3_4
east,2x6,2024-02-15,2x6,4,14,165,True,G3_4
east,2x6,2024-02-22,2x6,4,14,170,True,G3_4
east,2x6,2024-02-29,2x6,4,14,175,True,G3_4
east,2x6,2024-03-07,2x6,4,14,180,True,G3_4
east,2x6,2024-03-14,2x6,4,14,185,True,G3_4
east,2x6,2024-03-21,2x6,4,14,190,True,G3_4
east,2x6,2024-03-28,2x6,4,14,190,True,G3_4
east,2x6,2024-04-04,2x6,4,14,195,True,G3_4
east,2x6,2024-04-11,2x6,4,14,200,True,G3_4
east,2x6,2024-04-18,2x6,4,14,200,True,G3_4
east,2x6,2024-04-25,2x6,4,14,200,True,G3_4
east,2x6,2024-05-02,2x6,4,14,200,True,G3_4
east,2x6,2024-05-09,2x6,4,14,205,True,G3_4
east,2x6,2024-05-16,2x6,4,14,205,True,G3_4
east,2x6,2024-05-30,2x6,4,14,205,True,G3_4
east,2x6,2024-06-06,2x6,4,14,205,True,G3_4
east,2x6,2024-06-13,2x6,4,14,205,True,G3_4
east,2x6,2024-06-20,2x6,4,14,205,True,G3_4
east,2x6,2024-06-27,2x6,4,14,200,True,G3_4
east,2x6,2024-07-04,2x6,4,14,200,True,G3_4
east,2x6,2024-07-11,2x6,4,14,200,True,G3_4
east,2x6,2024-07-18,2x6,4,14,200,True,G3_4
east,2x6,2024-07-25,2x6,4,14,200,True,G3_4
east,2x6,2024-08-01,2x6,4,14,205,True,G3_4
east,2x6,2024-08-08,2x6,4,14,205,True,G3_4
east,2x6,2024-08-15,2x6,4,14,205,True,G3_4
east,2x6,2024-08-22,2x6,4,14,205,True,G3_4
east,2x6,2024-08-29,2x6,4,14,205,True,G3_4
east,2x6,2024-09-05,2x6,4,14,205,True,G3_4
east,2x6,2024-09-12,2x6,4,14,205,True,G3_4
east,2x6,2024-09-20,2x6,4,14,210,True,G3_4
east,2x6,2024-09-27,2x6,4,14,215,True,G3_4
east,2x6,2024-10-04,2x6,4,14,220,True,G3_4
east,2x6,2024-10-11,2x6,4,14,225,True,G3_4
east,2x6,2024-10-18,2x6,4,14,235,True,G3_4
east,2x6,2024-10-25,2x6,4,14,240,True,G3_4
east,2x6,2024-11-01,2x6,4,14,250,True,G3_4
east,2x6,2024-11-08,2x6,4,14,260,True,G3_4
east,2x6,2024-11-15,2x6,4,14,265,True,G3_4
east,2x6,2024-11-22,2x6,4,14,265,True,G3_4
east,2x6,2024-11-27,2x6,4,14,270,True,G3_4
east,2x6,2024-12-06,2x6,4,14,275,True,G3_4
east,2x6,2024-12-13,2x6,4,14,275,True,G3_4
east,2x6,2024-12-20,2x6,4,14,275,True,G3_4
east,2x6,2025-01-03,2x6,4,14,280,True,G3_4
east,2x6,2025-01-10,2x6,4,14,285,True,G3_4
east,2x6,2025-01-17,2x6,4,14,285,True,G3_4
east,2x6,2025-01-24,2x6,4,14,290,True,G3_4
east,2x6,2025-01-31,2x6,4,14,295,True,G3_4
east,2x6,2025-02-07,2x6,4,14,305,True,G3_4
east,2x6,2025-02-14,2x6,4,14,315,True,G3_4
east,2x6,2025-02-21,2x6,4,14,320,True,G3_4
east,2x6,2025-02-28,2x6,4,14,330,True,G3_4
east,2x6,2025-03-07,2x6,4,14,340,True,G3_4
east,2x6,2025-03-14,2x6,4,14,345,True,G3_4
east,2x6,2025-03-21,2x6,4,14,345,True,G3_4
east,2x6,2025-03-28,2x6,4,14,345,True,G3_4
east,2x6,2025-04-04,2x6,4,14,335,True,G3_4
east,2x6,2025-04-11,2x6,4,14,320,True,G3_4
east,2x6,2025-04-18,2x6,4,14,310,True,G3_4
east,2x6,2025-04-25,2x6,4,14,305,True,G3_4
east,2x6,2025-05-02,2x6,4,14,300,True,G3_4
east,2x6,2025-05-09,2x6,4,14,290,True,G3_4
east,2x6,2025-05-16,2x6,4,14,270,True,G3_4
east,2x6,2025-05-23,2x6,4,14,250,True,G3_4
east,2x6,2025-05-30,2x6,4,14,235,True,G3_4
east,2x6,2025-06-06,2x6,4,14,220,True,G3_4
east,2x6,2025-06-13,2x6,4,14,215,True,G3_4
east,2x6,2025-06-19,2x6,4,14,205,True,G3_4
east,2x6,2025-06-27,2x6,4,14,200,True,G3_4
east,2x6,2025-07-03,2x6,4,14,200,True,G3_4
east,2x6,2025-07-11,2x6,4,14,200,True,G3_4
east,2x6,2025-07-18,2x6,4,14,200,True,G3_4
east,2x6,2025-07-25,2x6,4,14,200,True,G3_4
east,2x6,2025-08-01,2x6,4,14,200,True,G3_4
east,2x6,2025-08-08,2x6,4,14,200,True,G3_4
east,2x6,2025-08-15,2x6,4,14,200,True,G3_4
east,2x6,2025-08-22,2x6,4,14,200,True,G3_4
east,2x6,2025-08-29,2x6,4,14,200,True,G3_4
east,2x6,2025-09-05,2x6,4,14,200,True,G3_4
east,2x6,2025-09-12,2x6,4,14,200,True,G3_4
east,2x6,2025-09-19,2x6,4,14,200,True,G3_4
east,2x6,2025-09-26,2x6,4,14,205,True,G3_4
east,2x6,2025-10-03,2x6,4,14,205,True,G3_4
east,2x6,2025-10-10,2x6,4,14,205,True,G3_4
east,2x6,2025-10-17,2x6,4,14,205,True,G3_4
east,2x6,2024-01-12,2x6,4,16,160,True,G3_4
east,2x6,2024-01-18,2x6,4,16,160,True,G3_4
east,2x6,2024-01-25,2x6,4,16,160,True,G3_4
east,2x6,2024-02-08,2x6,4,16,160,True,G3_4
east,2x6,2024-02-15,2x6,4,16,165,True,G3_4
east,2x6,2024-02-22,2x6,4,16,170,True,G3_4
east,2x6,2024-02-29,2x6,4,16,175,True,G3_4
east,2x6,2024-03-07,2x6,4,16,180,True,G3_4
east,2x6,2024-03-14,2x6,4,16,185,True,G3_4
east,2x6,2024-03-21,2x6,4,16,190,True,G3_4
east,2x6,2024-03-28,2x6,4,16,190,True,G3_4
east,2x6,2024-04-04,2x6,4,16,195,True,G3_4
east,2x6,2024-04-11,2x6,4,16,200,True,G3_4
east,2x6,2024-04-18,2x6,4,16,200,True,G3_4
east,2x6,2024-04-25,2x6,4,16,200,True,G3_4
east,2x6,2024-05-02,2x6,4,16,200,True,G3_4
east,2x6,2024-05-09,2x6,4,16,205,True,G3_4
east,2x6,2024-05-16,2x6,4,16,205,True,G3_4
east,2x6,2024-05-30,2x6,4,16,205,True,G3_4
east,2x6,2024-06-06,2x6,4,16,205,True,G3_4
east,2x6,2024-06-13,2x6,4,16,205,True,G3_4
east,2x6,2024-06-20,2x6,4,16,205,True,G3_4
east,2x6,2024-06-27,2x6,4,16,200,True,G3_4
east,2x6,2024-07-04,2x6,4,16,200,True,G3_4
east,2x6,2024-07-11,2x6,4,16,200,True,G3_4
east,2x6,2024-07-18,2x6,4,16,200,True,G3_4
east,2x6,2024-07-25,2x6,4,16,200,True,G3_4
east,2x6,2024-08-01,2x6,4,16,205,True,G3_4
east,2x6,2024-08-08,2x6,4,16,205,True,G3_4
east,2x6,2024-08-15,2x6,4,16,205,True,G3_4
east,2x6,2024-08-22,2x6,4,16,205,True,G3_4
east,2x6,2024-08-29,2x6,4,16,205,True,G3_4
east,2x6,2024-09-05,2x6,4,16,205,True,G3_4
east,2x6,2024-09-12,2x6,4,16,205,True,G3_4
east,2x6,2024-09-20,2x6,4,16,210,True,G3_4
east,2x6,2024-09-27,2x6,4,16,215,True,G3_4
east,2x6,2024-10-04,2x6,4,16,220,True,G3_4
east,2x6,2024-10-11,2x6,4,16,225,True,G3_4
east,2x6,2024-10-18,2x6,4,16,235,True,G3_4
east,2x6,2024-10-25,2x6,4,16,240,True,G3_4
east,2x6,2024-11-01,2x6,4,16,250,True,G3_4
east,2x6,2024-11-08,2x6,4,16,260,True,G3_4
east,2x6,2024-11-15,2x6,4,16,265,True,G3_4
east,2x6,2024-11-22,2x6,4,16,265,True,G3_4
east,2x6,2024-11-27,2x6,4,16,270,True,G3_4
east,2x6,2024-12-06,2x6,4,16,275,True,G3_4
east,2x6,2024-12-13,2x6,4,16,275,True,G3_4
east,2x6,2024-12-20,2x6,4,16,275,True,G3_4
east,2x6,2025-01-03,2x6,4,16,280,True,G3_4
east,2x6,2025-01-10,2x6,4,16,285,True,G3_4
east,2x6,2025-01-17,2x6,4,16,285,True,G3_4
east,2x6,2025-01-24,2x6,4,16,290,True,G3_4
east,2x6,2025-01-31,2x6,4,16,295,True,G3_4
east,2x6,2025-02-07,2x6,4,16,305,True,G3_4
east,2x6,2025-02-14,2x6,4,16,315,True,G3_4
east,2x6,2025-02-21,2x6,4,16,320,True,G3_4
east,2x6,2025-02-28,2x6,4,16,330,True,G3_4
east,2x6,2025-03-07,2x6,4,16,340,True,G3_4
east,2x6,2025-03-14,2x6,4,16,345,True,G3_4
east,2x6,2025-03-21,2x6,4,16,345,True,G3_4
east,2x6,2025-03-28,2x6,4,16,345,True,G3_4
east,2x6,2025-04-04,2x6,4,16,335,True,G3_4
east,2x6,2025-04-11,2x6,4,16,320,True,G3_4
east,2x6,2025-04-18,2x6,4,16,310,True,G3_4
east,2x6,2025-04-25,2x6,4,16,305,True,G3_4
east,2x6,2025-05-02,2x6,4,16,300,True,G3_4
east,2x6,2025-05-09,2x6,4,16,290,True,G3_4
east,2x6,2025-05-16,2x6,4,16,270,True,G3_4
east,2x6,2025-05-23,2x6,4,16,250,True,G3_4
east,2x6,2025-05-30,2x6,4,16,235,True,G3_4
east,2x6,2025-06-06,2x6,4,16,220,True,G3_4
east,2x6,2025-06-13,2x6,4,16,215,True,G3_4
east,2x6,2025-06-19,2x6,4,16,205,True,G3_4
east,2x6,2025-06-27,2x6,4,16,200,True,G3_4
east,2x6,2025-07-03,2x6,4,16,200,True,G3_4
east,2x6,2025-07-11,2x6,4,16,200,True,G3_4
east,2x6,2025-07-18,2x6,4,16,200,True,G3_4
east,2x6,2025-07-25,2x6,4,16,200,True,G3_4
east,2x6,2025-08-01,2x6,4,16,200,True,G3_4
east,2x6,2025-08-08,2x6,4,16,200,True,G3_4
east,2x6,2025-08-15,2x6,4,16,200,True,G3_4
east,2x6,2025-08-22,2x6,4,16,200,True,G3_4
east,2x6,2025-08-29,2x6,4,16,200,True,G3_4
east,2x6,2025-09-05,2x6,4,16,200,True,G3_4
east,2x6,2025-09-12,2x6,4,16,200,True,G3_4
east,2x6,2025-09-19,2x6,4,16,200,True,G3_4
east,2x6,2025-09-26,2x6,4,16,205,True,G3_4
east,2x6,2025-10-03,2x6,4,16,205,True,G3_4
east,2x6,2025-10-10,2x6,4,16,205,True,G3_4
east,2x6,2025-10-17,2x6,4,16,205,True,G3_4
east,2x6,2024-01-12,2x6,4,18,160,True,G3_4
east,2x6,2024-01-18,2x6,4,18,160,True,G3_4
east,2x6,2024-01-25,2x6,4,18,160,True,G3_4
east,2x6,2024-02-08,2x6,4,18,160,True,G3_4
east,2x6,2024-02-15,2x6,4,18,165,True,G3_4
east,2x6,2024-02-22,2x6,4,18,170,True,G3_4
east,2x6,2024-02-29,2x6,4,18,175,True,G3_4
east,2x6,2024-03-07,2x6,4,18,180,True,G3_4
east,2x6,2024-03-14,2x6,4,18,185,True,G3_4
east,2x6,2024-03-21,2x6,4,18,190,True,G3_4
east,2x6,2024-03-28,2x6,4,18,190,True,G3_4
east,2x6,2024-04-04,2x6,4,18,195,True,G3_4
east,2x6,2024-04-11,2x6,4,18,200,True,G3_4
east,2x6,2024-04-18,2x6,4,18,200,True,G3_4
east,2x6,2024-04-25,2x6,4,18,200,True,G3_4
east,2x6,2024-05-02,2x6,4,18,200,True,G3_4
east,2x6,2024-05-09,2x6,4,18,205,True,G3_4
east,2x6,2024-05-16,2x6,4,18,205,True,G3_4
east,2x6,2024-05-30,2x6,4,18,205,True,G3_4
east,2x6,2024-06-06,2x6,4,18,205,True,G3_4
east,2x6,2024-06-13,2x6,4,18,205,True,G3_4
east,2x6,2024-06-20,2x6,4,18,205,True,G3_4
east,2x6,2024-06-27,2x6,4,18,200,True,G3_4
east,2x6,2024-07-04,2x6,4,18,200,True,G3_4
east,2x6,2024-07-11,2x6,4,18,200,True,G3_4
east,2x6,2024-07-18,2x6,4,18,200,True,G3_4
east,2x6,2024-07-25,2x6,4,18,200,True,G3_4
east,2x6,2024-08-01,2x6,4,18,205,True,G3_4
east,2x6,2024-08-08,2x6,4,18,205,True,G3_4
east,2x6,2024-08-15,2x6,4,18,205,True,G3_4
east,2x6,2024-08-22,2x6,4,18,205,True,G3_4
east,2x6,2024-08-29,2x6,4,18,205,True,G3_4
east,2x6,2024-09-05,2x6,4,18,205,True,G3_4
east,2x6,2024-09-12,2x6,4,18,205,True,G3_4
east,2x6,2024-09-20,2x6,4,18,210,True,G3_4
east,2x6,2024-09-27,2x6,4,18,215,True,G3_4
east,2x6,2024-10-04,2x6,4,18,220,True,G3_4
east,2x6,2024-10-11,2x6,4,18,225,True,G3_4
east,2x6,2024-10-18,2x6,4,18,235,True,G3_4
east,2x6,2024-10-25,2x6,4,18,240,True,G3_4
east,2x6,2024-11-01,2x6,4,18,250,True,G3_4
east,2x6,2024-11-08,2x6,4,18,260,True,G3_4
east,2x6,2024-11-15,2x6,4,18,265,True,G3_4
east,2x6,2024-11-22,2x6,4,18,265,True,G3_4
east,2x6,2024-11-27,2x6,4,18,270,True,G3_4
east,2x6,2024-12-06,2x6,4,18,275,True,G3_4
east,2x6,2024-12-13,2x6,4,18,275,True,G3_4
east,2x6,2024-12-20,2x6,4,18,275,True,G3_4
east,2x6,2025-01-03,2x6,4,18,280,True,G3_4
east,2x6,2025-01-10,2x6,4,18,285,True,G3_4
east,2x6,2025-01-17,2x6,4,18,285,True,G3_4
east,2x6,2025-01-24,2x6,4,18,290,True,G3_4
east,2x6,2025-01-31,2x6,4,18,295,True,G3_4
east,2x6,2025-02-07,2x6,4,18,305,True,G3_4
east,2x6,2025-02-14,2x6,4,18,315,True,G3_4
east,2x6,2025-02-21,2x6,4,18,320,True,G3_4
east,2x6,2025-02-28,2x6,4,18,330,True,G3_4
east,2x6,2025-03-07,2x6,4,18,340,True,G3_4
east,2x6,2025-03-14,2x6,4,18,345,True,G3_4
east,2x6,2025-03-21,2x6,4,18,345,True,G3_4
east,2x6,2025-03-28,2x6,4,18,345,True,G3_4
east,2x6,2025-04-04,2x6,4,18,335,True,G3_4
east,2x6,2025-04-11,2x6,4,18,320,True,G3_4
east,2x6,2025-04-18,2x6,4,18,310,True,G3_4
east,2x6,2025-04-25,2x6,4,18,305,True,G3_4
east,2x6,2025-05-02,2x6,4,18,300,True,G3_4
east,2x6,2025-05-09,2x6,4,18,290,True,G3_4
east,2x6,2025-05-16,2x6,4,18,270,True,G3_4
east,2x6,2025-05-23,2x6,4,18,250,True,G3_4
east,2x6,2025-05-30,2x6,4,18,235,True,G3_4
east,2x6,2025-06-06,2x6,4,18,220,True,G3_4
east,2x6,2025-06-13,2x6,4,18,215,True,G3_4
east,2x6,2025-06-19,2x6,4,18,205,True,G3_4
east,2x6,2025-06-27,2x6,4,18,200,True,G3_4
east,2x6,2025-07-03,2x6,4,18,200,True,G3_4
east,2x6,2025-07-11,2x6,4,18,200,True,G3_4
east,2x6,2025-07-18,2x6,4,18,200,True,G3_4
east,2x6,2025-07-25,2x6,4,18,200,True,G3_4
east,2x6,2025-08-01,2x6,4,18,200,True,G3_4
east,2x6,2025-08-08,2x6,4,18,200,True,G3_4
east,2x6,2025-08-15,2x6,4,18,200,True,G3_4
east,2x6,2025-08-22,2x6,4,18,200,True,G3_4
east,2x6,2025-08-29,2x6,4,18,200,True,G3_4
east,2x6,2025-09-05,2x6,4,18,200,True,G3_4
east,2x6,2025-09-12,2x6,4,18,200,True,G3_4
east,2x6,2025-09-19,2x6,4,18,200,True,G3_4
east,2x6,2025-09-26,2x6,4,18,205,True,G3_4
east,2x6,2025-10-03,2x6,4,18,205,True,G3_4
east,2x6,2025-10-10,2x6,4,18,205,True,G3_4
east,2x6,2025-10-17,2x6,4,18,205,True,G3_4
east,2x6,2024-01-12,2x6,4,20,160,True,G3_4
east,2x6,2024-01-18,2x6,4,20,160,True,G3_4
east,2x6,2024-01-25,2x6,4,20,160,True,G3_4
east,2x6,2024-02-08,2x6,4,20,160,True,G3_4
east,2x6,2024-02-15,2x6,4,20,165,True,G3_4
east,2x6,2024-02-22,2x6,4,20,170,True,G3_4
east,2x6,2024-02-29,2x6,4,20,175,True,G3_4
east,2x6,2024-03-07,2x6,4,20,180,True,G3_4
east,2x6,2024-03-14,2x6,4,20,185,True,G3_4
east,2x6,2024-03-21,2x6,4,20,190,True,G3_4
east,2x6,2024-03-28,2x6,4,20,190,True,G3_4
east,2x6,2024-04-04,2x6,4,20,195,True,G3_4
east,2x6,2024-04-11,2x6,4,20,200,True,G3_4
east,2x6,2024-04-18,2x6,4,20,200,True,G3_4
east,2x6,2024-04-25,2x6,4,20,200,True,G3_4
east,2x6,2024-05-02,2x6,4,20,200,True,G3_4
east,2x6,2024-05-09,2x6,4,20,205,True,G3_4
east,2x6,2024-05-16,2x6,4,20,205,True,G3_4
east,2x6,2024-05-30,2x6,4,20,205,True,G3_4
east,2x6,2024-06-06,2x6,4,20,205,True,G3_4
east,2x6,2024-06-13,2x6,4,20,205,True,G3_4
east,2x6,2024-06-20,2x6,4,20,205,True,G3_4
east,2x6,2024-06-27,2x6,4,20,200,True,G3_4
east,2x6,2024-07-04,2x6,4,20,200,True,G3_4
east,2x6,2024-07-11,2x6,4,20,200,True,G3_4
east,2x6,2024-07-18,2x6,4,20,200,True,G3_4
east,2x6,2024-07-25,2x6,4,20,200,True,G3_4
east,2x6,2024-08-01,2x6,4,20,205,True,G3_4
east,2x6,2024-08-08,2x6,4,20,205,True,G3_4
east,2x6,2024-08-15,2x6,4,20,205,True,G3_4
east,2x6,2024-08-22,2x6,4,20,205,True,G3_4
east,2x6,2024-08-29,2x6,4,20,205,True,G3_4
east,2x6,2024-09-05,2x6,4,20,205,True,G3_4
east,2x6,2024-09-12,2x6,4,20,205,True,G3_4
east,2x6,2024-09-20,2x6,4,20,210,True,G3_4
east,2x6,2024-09-27,2x6,4,20,215,True,G3_4
east,2x6,2024-10-04,2x6,4,20,220,True,G3_4
east,2x6,2024-10-11,2x6,4,20,225,True,G3_4
east,2x6,2024-10-18,2x6,4,20,235,True,G3_4
east,2x6,2024-10-25,2x6,4,20,240,True,G3_4
east,2x6,2024-11-01,2x6,4,20,250,True,G3_4
east,2x6,2024-11-08,2x6,4,20,260,True,G3_4
east,2x6,2024-11-15,2x6,4,20,265,True,G3_4
east,2x6,2024-11-22,2x6,4,20,265,True,G3_4
east,2x6,2024-11-27,2x6,4,20,270,True,G3_4
east,2x6,2024-12-06,2x6,4,20,275,True,G3_4
east,2x6,2024-12-13,2x6,4,20,275,True,G3_4
east,2x6,2024-12-20,2x6,4,20,275,True,G3_4
east,2x6,2025-01-03,2x6,4,20,280,True,G3_4
east,2x6,2025-01-10,2x6,4,20,285,True,G3_4
east,2x6,2025-01-17,2x6,4,20,285,True,G3_4
east,2x6,2025-01-24,2x6,4,20,290,True,G3_4
east,2x6,2025-01-31,2x6,4,20,295,True,G3_4
east,2x6,2025-02-07,2x6,4,20,305,True,G3_4
east,2x6,2025-02-14,2x6,4,20,315,True,G3_4
east,2x6,2025-02-21,2x6,4,20,320,True,G3_4
east,2x6,2025-02-28,2x6,4,20,330,True,G3_4
east,2x6,2025-03-07,2x6,4,20,340,True,G3_4
east,2x6,2025-03-14,2x6,4,20,345,True,G3_4
east,2x6,2025-03-21,2x6,4,20,345,True,G3_4
east,2x6,2025-03-28,2x6,4,20,345,True,G3_4
east,2x6,2025-04-04,2x6,4,20,335,True,G3_4
east,2x6,2025-04-11,2x6,4,20,320,True,G3_4
east,2x6,2025-04-18,2x6,4,20,310,True,G3_4
east,2x6,2025-04-25,2x6,4,20,305,True,G3_4
east,2x6,2025-05-02,2x6,4,20,300,True,G3_4
east,2x6,2025-05-09,2x6,4,20,290,True,G3_4
east,2x6,2025-05-16,2x6,4,20,270,True,G3_4
east,2x6,2025-05-23,2x6,4,20,250,True,G3_4
east,2x6,2025-05-30,2x6,4,20,235,True,G3_4
east,2x6,2025-06-06,2x6,4,20,220,True,G3_4
east,2x6,2025-06-13,2x6,4,20,215,True,G3_4
east,2x6,2025-06-19,2x6,4,20,205,True,G3_4
east,2x6,2025-06-27,2x6,4,20,200,True,G3_4
east,2x6,2025-07-03,2x6,4,20,200,True,G3_4
east,2x6,2025-07-11,2x6,4,20,200,True,G3_4
east,2x6,2025-07-18,2x6,4,20,200,True,G3_4
east,2x6,2025-07-25,2x6,4,20,200,True,G3_4
east,2x6,2025-08-01,2x6,4,20,200,True,G3_4
east,2x6,2025-08-08,2x6,4,20,200,True,G3_4
east,2x6,2025-08-15,2x6,4,20,200,True,G3_4
east,2x6,2025-08-22,2x6,4,20,200,True,G3_4
east,2x6,2025-08-29,2x6,4,20,200,True,G3_4
east,2x6,2025-09-05,2x6,4,20,200,True,G3_4
east,2x6,2025-09-12,2x6,4,20,200,True,G3_4
east,2x6,2025-09-19,2x6,4,20,200,True,G3_4
east,2x6,2025-09-26,2x6,4,20,205,True,G3_4
east,2x6,2025-10-03,2x6,4,20,205,True,G3_4
east,2x6,2025-10-10,2x6,4,20,205,True,G3_4
east,2x6,2025-10-17,2x6,4,20,205,True,G3_4
east,2x8 #3,2024-01-12,2x8,3,8,230,True,G3_4
east,2x8 #3,2024-01-18,2x8,3,8,230,True,G3_4
east,2x8 #3,2024-01-25,2x8,3,8,230,True,G3_4
east,2x8 #3,2024-02-08,2x8,3,8,235,True,G3_4
east,2x8 #3,2024-02-15,2x8,3,8,240,True,G3_4
east,2x8 #3,2024-02-22,2x8,3,8,245,True,G3_4
east,2x8 #3,2024-02-29,2x8,3,8,245,True,G3_4
east,2x8 #3,2024-03-07,2x8,3,8,260,True,G3_4
east,2x8 #3,2024-03-14,2x8,3,8,270,True,G3_4
east,2x8 #3,2024-03-21,2x8,3,8,275,True,G3_4
east,2x8 #3,2024-03-28,2x8,3,8,275,True,G3_4
east,2x8 #3,2024-04-04,2x8,3,8,280,True,G3_4
east,2x8 #3,2024-04-11,2x8,3,8,285,True,G3_4
east,2x8 #3,2024-04-18,2x8,3,8,285,True,G3_4
east,2x8 #3,2024-04-25,2x8,3,8,290,True,G3_4
east,2x8 #3,2024-05-02,2x8,3,8,290,True,G3_4
east,2x8 #3,2024-05-09,2x8,3,8,290,True,G3_4
east,2x8 #3,2024-05-16,2x8,3,8,285,True,G3_4
east,2x8 #3,2024-05-30,2x8,3,8,285,True,G3_4
east,2x8 #3,2024-06-06,2x8,3,8,280,True,G3_4
east,2x8 #3,2024-06-13,2x8,3,8,280,True,G3_4
east,2x8 #3,2024-06-20,2x8,3,8,275,True,G3_4
east,2x8 #3,2024-06-27,2x8,3,8,255,True,G3_4
east,2x8 #3,2024-07-04,2x8,3,8,245,True,G3_4
east,2x8 #3,2024-07-11,2x8,3,8,245,True,G3_4
east,2x8 #3,2024-07-18,2x8,3,8,235,True,G3_4
east,2x8 #3,2024-07-25,2x8,3,8,235,True,G3_4
east,2x8 #3,2024-08-01,2x8,3,8,235,True,G3_4
east,2x8 #3,2024-08-08,2x8,3,8,235,True,G3_4
east,2x8 #3,2024-08-15,2x8,3,8,235,True,G3_4
east,2x8 #3,2024-08-22,2x8,3,8,235,True,G3_4
east,2x8 #3,2024-08-29,2x8,3,8,230,True,G3_4
east,2x8 #3,2024-09-05,2x8,3,8,230,True,G3_4
east,2x8 #3,2024-09-12,2x8,3,8,235,True,G3_4
east,2x8 #3,2024-09-20,2x8,3,8,235,True,G3_4
east,2x8 #3,2024-09-27,2x8,3,8,245,True,G3_4
east,2x8 #3,2024-10-04,2x8,3,8,255,True,G3_4
east,2x8 #3,2024-10-11,2x8,3,8,265,True,G3_4
east,2x8 #3,2024-10-18,2x8,3,8,275,True,G3_4
east,2x8 #3,2024-10-25,2x8,3,8,290,True,G3_4
east,2x8 #3,2024-11-01,2x8,3,8,300,True,G3_4
east,2x8 #3,2024-11-08,2x8,3,8,305,True,G3_4
east,2x8 #3,2024-11-15,2x8,3,8,305,True,G3_4
east,2x8 #3,2024-11-22,2x8,3,8,305,True,G3_4
east,2x8 #3,2024-11-27,2x8,3,8,305,True,G3_4
east,2x8 #3,2024-12-06,2x8,3,8,310,True,G3_4
east,2x8 #3,2024-12-13,2x8,3,8,310,True,G3_4
east,2x8 #3,2024-12-20,2x8,3,8,310,True,G3_4
east,2x8 #3,2025-01-03,2x8,3,8,315,True,G3_4
east,2x8 #3,2025-01-10,2x8,3,8,315,True,G3_4
east,2x8 #3,2025-01-17,2x8,3,8,315,True,G3_4
east,2x8 #3,2025-01-24,2x8,3,8,310,True,G3_4
east,2x8 #3,2025-01-31,2x8,3,8,310,True,G3_4
east,2x8 #3,2025-02-07,2x8,3,8,315,True,G3_4
east,2x8 #3,2025-02-14,2x8,3,8,320,True,G3_4
east,2x8 #3,2025-02-21,2x8,3,8,325,True,G3_4
east,2x8 #3,2025-02-28,2x8,3,8,330,True,G3_4
east,2x8 #3,2025-03-07,2x8,3,8,340,True,G3_4
east,2x8 #3,2025-03-14,2x8,3,8,340,True,G3_4
east,2x8 #3,2025-03-21,2x8,3,8,340,True,G3_4
east,2x8 #3,2025-03-28,2x8,3,8,340,True,G3_4
east,2x8 #3,2025-04-04,2x8,3,8,340,True,G3_4
east,2x8 #3,2025-04-11,2x8,3,8,345,True,G3_4
east,2x8 #3,2025-04-18,2x8,3,8,345,True,G3_4
east,2x8 #3,2025-04-25,2x8,3,8,345,True,G3_4
east,2x8 #3,2025-05-02,2x8,3,8,345,True,G3_4
east,2x8 #3,2025-05-09,2x8,3,8,325,True,G3_4
east,2x8 #3,2025-05-16,2x8,3,8,305,True,G3_4
east,2x8 #3,2025-05-23,2x8,3,8,300,True,G3_4
east,2x8 #3,2025-05-30,2x8,3,8,285,True,G3_4
east,2x8 #3,2025-06-06,2x8,3,8,270,True,G3_4
east,2x8 #3,2025-06-13,2x8,3,8,260,True,G3_4
east,2x8 #3,2025-06-19,2x8,3,8,245,True,G3_4
east,2x8 #3,2025-06-27,2x8,3,8,240,True,G3_4
east,2x8 #3,2025-07-03,2x8,3,8,240,True,G3_4
east,2x8 #3,2025-07-11,2x8,3,8,240,True,G3_4
east,2x8 #3,2025-07-18,2x8,3,8,240,True,G3_4
east,2x8 #3,2025-07-25,2x8,3,8,245,True,G3_4
east,2x8 #3,2025-08-01,2x8,3,8,245,True,G3_4
east,2x8 #3,2025-08-08,2x8,3,8,245,True,G3_4
east,2x8 #3,2025-08-15,2x8,3,8,245,True,G3_4
east,2x8 #3,2025-08-22,2x8,3,8,245,True,G3_4
east,2x8 #3,2025-08-29,2x8,3,8,245,True,G3_4
east,2x8 #3,2025-09-05,2x8,3,8,240,True,G3_4
east,2x8 #3,2025-09-12,2x8,3,8,240,True,G3_4
east,2x8 #3,2025-09-19,2x8,3,8,240,True,G3_4
east,2x8 #3,2025-09-26,2x8,3,8,240,True,G3_4
east,2x8 #3,2025-10-03,2x8,3,8,240,True,G3_4
east,2x8 #3,2025-10-10,2x8,3,8,240,True,G3_4
east,2x8 #3,2025-10-17,2x8,3,8,240,True,G3_4
east,2x8 #3,2024-01-12,2x8,3,10,230,True,G3_4
east,2x8 #3,2024-01-18,2x8,3,10,230,True,G3_4
east,2x8 #3,2024-01-25,2x8,3,10,230,True,G3_4
east,2x8 #3,2024-02-08,2x8,3,10,235,True,G3_4
east,2x8 #3,2024-02-15,2x8,3,10,240,True,G3_4
east,2x8 #3,2024-02-22,2x8,3,10,245,True,G3_4
east,2x8 #3,2024-02-29,2x8,3,10,245,True,G3_4
east,2x8 #3,2024-03-07,2x8,3,10,260,True,G3_4
east,2x8 #3,2024-03-14,2x8,3,10,270,True,G3_4
east,2x8 #3,2024-03-21,2x8,3,10,275,True,G3_4
east,2x8 #3,2024-03-28,2x8,3,10,275,True,G3_4
east,2x8 #3,2024-04-04,2x8,3,10,280,True,G3_4
east,2x8 #3,2024-04-11,2x8,3,10,285,True,G3_4
east,2x8 #3,2024-04-18,2x8,3,10,285,True,G3_4
east,2x8 #3,2024-04-25,2x8,3,10,290,True,G3_4
east,2x8 #3,2024-05-02,2x8,3,10,290,True,G3_4
east,2x8 #3,2024-05-09,2x8,3,10,290,True,G3_4
east,2x8 #3,2024-05-16,2x8,3,10,285,True,G3_4
east,2x8 #3,2024-05-30,2x8,3,10,285,True,G3_4
east,2x8 #3,2024-06-06,2x8,3,10,280,True,G3_4
east,2x8 #3,2024-06-13,2x8,3,10,280,True,G3_4
east,2x8 #3,2024-06-20,2x8,3,10,275,True,G3_4
east,2x8 #3,2024-06-27,2x8,3,10,255,True,G3_4
east,2x8 #3,2024-07-04,2x8,3,10,245,True,G3_4
east,2x8 #3,2024-07-11,2x8,3,10,245,True,G3_4
east,2x8 #3,2024-07-18,2x8,3,10,235,True,G3_4
east,2x8 #3,2024-07-25,2x8,3,10,235,True,G3_4
east,2x8 #3,2024-08-01,2x8,3,10,235,True,G3_4
east,2x8 #3,2024-08-08,2x8,3,10,235,True,G3_4
east,2x8 #3,2024-08-15,2x8,3,10,235,True,G3_4
east,2x8 #3,2024-08-22,2x8,3,10,235,True,G3_4
east,2x8 #3,2024-08-29,2x8,3,10,230,True,G3_4
east,2x8 #3,2024-09-05,2x8,3,10,230,True,G3_4
east,2x8 #3,2024-09-12,2x8,3,10,235,True,G3_4
east,2x8 #3,2024-09-20,2x8,3,10,235,True,G3_4
east,2x8 #3,2024-09-27,2x8,3,10,245,True,G3_4
east,2x8 #3,2024-10-04,2x8,3,10,255,True,G3_4
east,2x8 #3,2024-10-11,2x8,3,10,265,True,G3_4
east,2x8 #3,2024-10-18,2x8,3,10,275,True,G3_4
east,2x8 #3,2024-10-25,2x8,3,10,290,True,G3_4
east,2x8 #3,2024-11-01,2x8,3,10,300,True,G3_4
east,2x8 #3,2024-11-08,2x8,3,10,305,True,G3_4
east,2x8 #3,2024-11-15,2x8,3,10,305,True,G3_4
east,2x8 #3,2024-11-22,2x8,3,10,305,True,G3_4
east,2x8 #3,2024-11-27,2x8,3,10,305,True,G3_4
east,2x8 #3,2024-12-06,2x8,3,10,310,True,G3_4
east,2x8 #3,2024-12-13,2x8,3,10,310,True,G3_4
east,2x8 #3,2024-12-20,2x8,3,10,310,True,G3_4
east,2x8 #3,2025-01-03,2x8,3,10,315,True,G3_4
east,2x8 #3,2025-01-10,2x8,3,10,315,True,G3_4
east,2x8 #3,2025-01-17,2x8,3,10,315,True,G3_4
east,2x8 #3,2025-01-24,2x8,3,10,310,True,G3_4
east,2x8 #3,2025-01-31,2x8,3,10,310,True,G3_4
east,2x8 #3,2025-02-07,2x8,3,10,315,True,G3_4
east,2x8 #3,2025-02-14,2x8,3,10,320,True,G3_4
east,2x8 #3,2025-02-21,2x8,3,10,325,True,G3_4
east,2x8 #3,2025-02-28,2x8,3,10,330,True,G3_4
east,2x8 #3,2025-03-07,2x8,3,10,340,True,G3_4
east,2x8 #3,2025-03-14,2x8,3,10,340,True,G3_4
east,2x8 #3,2025-03-21,2x8,3,10,340,True,G3_4
east,2x8 #3,2025-03-28,2x8,3,10,340,True,G3_4
east,2x8 #3,2025-04-04,2x8,3,10,340,True,G3_4
east,2x8 #3,2025-04-11,2x8,3,10,345,True,G3_4
east,2x8 #3,2025-04-18,2x8,3,10,345,True,G3_4
east,2x8 #3,2025-04-25,2x8,3,10,345,True,G3_4
east,2x8 #3,2025-05-02,2x8,3,10,345,True,G3_4
east,2x8 #3,2025-05-09,2x8,3,10,325,True,G3_4
east,2x8 #3,2025-05-16,2x8,3,10,305,True,G3_4
east,2x8 #3,2025-05-23,2x8,3,10,300,True,G3_4
east,2x8 #3,2025-05-30,2x8,3,10,285,True,G3_4
east,2x8 #3,2025-06-06,2x8,3,10,270,True,G3_4
east,2x8 #3,2025-06-13,2x8,3,10,260,True,G3_4
east,2x8 #3,2025-06-19,2x8,3,10,245,True,G3_4
east,2x8 #3,2025-06-27,2x8,3,10,240,True,G3_4
east,2x8 #3,2025-07-03,2x8,3,10,240,True,G3_4
east,2x8 #3,2025-07-11,2x8,3,10,240,True,G3_4
east,2x8 #3,2025-07-18,2x8,3,10,240,True,G3_4
east,2x8 #3,2025-07-25,2x8,3,10,245,True,G3_4
east,2x8 #3,2025-08-01,2x8,3,10,245,True,G3_4
east,2x8 #3,2025-08-08,2x8,3,10,245,True,G3_4
east,2x8 #3,2025-08-15,2x8,3,10,245,True,G3_4
east,2x8 #3,2025-08-22,2x8,3,10,245,True,G3_4
east,2x8 #3,2025-08-29,2x8,3,10,245,True,G3_4
east,2x8 #3,2025-09-05,2x8,3,10,240,True,G3_4
east,2x8 #3,2025-09-12,2x8,3,10,240,True,G3_4
east,2x8 #3,2025-09-19,2x8,3,10,240,True,G3_4
east,2x8 #3,2025-09-26,2x8,3,10,240,True,G3_4
east,2x8 #3,2025-10-03,2x8,3,10,240,True,G3_4
east,2x8 #3,2025-10-10,2x8,3,10,240,True,G3_4
east,2x8 #3,2025-10-17,2x8,3,10,240,True,G3_4
east,2x8 #3,2024-01-12,2x8,3,12,230,True,G3_4
east,2x8 #3,2024-01-18,2x8,3,12,230,True,G3_4
east,2x8 #3,2024-01-25,2x8,3,12,230,True,G3_4
east,2x8 #3,2024-02-08,2x8,3,12,235,True,G3_4
east,2x8 #3,2024-02-15,2x8,3,12,240,True,G3_4
east,2x8 #3,2024-02-22,2x8,3,12,245,True,G3_4
east,2x8 #3,2024-02-29,2x8,3,12,245,True,G3_4
east,2x8 #3,2024-03-07,2x8,3,12,260,True,G3_4
east,2x8 #3,2024-03-14,2x8,3,12,270,True,G3_4
east,2x8 #3,2024-03-21,2x8,3,12,275,True,G3_4
east,2x8 #3,2024-03-28,2x8,3,12,275,True,G3_4
east,2x8 #3,2024-04-04,2x8,3,12,280,True,G3_4
east,2x8 #3,2024-04-11,2x8,3,12,285,True,G3_4
east,2x8 #3,2024-04-18,2x8,3,12,285,True,G3_4
east,2x8 #3,2024-04-25,2x8,3,12,290,True,G3_4
east,2x8 #3,2024-05-02,2x8,3,12,290,True,G3_4
east,2x8 #3,2024-05-09,2x8,3,12,290,True,G3_4
east,2x8 #3,2024-05-16,2x8,3,12,285,True,G3_4
east,2x8 #3,2024-05-30,2x8,3,12,285,True,G3_4
east,2x8 #3,2024-06-06,2x8,3,12,280,True,G3_4
east,2x8 #3,2024-06-13,2x8,3,12,280,True,G3_4
east,2x8 #3,2024-06-20,2x8,3,12,275,True,G3_4
east,2x8 #3,2024-06-27,2x8,3,12,255,True,G3_4
east,2x8 #3,2024-07-04,2x8,3,12,245,True,G3_4
east,2x8 #3,2024-07-11,2x8,3,12,245,True,G3_4
east,2x8 #3,2024-07-18,2x8,3,12,235,True,G3_4
east,2x8 #3,2024-07-25,2x8,3,12,235,True,G3_4
east,2x8 #3,2024-08-01,2x8,3,12,235,True,G3_4
east,2x8 #3,2024-08-08,2x8,3,12,235,True,G3_4
east,2x8 #3,2024-08-15,2x8,3,12,235,True,G3_4
east,2x8 #3,2024-08-22,2x8,3,12,235,True,G3_4
east,2x8 #3,2024-08-29,2x8,3,12,230,True,G3_4
east,2x8 #3,2024-09-05,2x8,3,12,230,True,G3_4
east,2x8 #3,2024-09-12,2x8,3,12,235,True,G3_4
east,2x8 #3,2024-09-20,2x8,3,12,235,True,G3_4
east,2x8 #3,2024-09-27,2x8,3,12,245,True,G3_4
east,2x8 #3,2024-10-04,2x8,3,12,255,True,G3_4
east,2x8 #3,2024-10-11,2x8,3,12,265,True,G3_4
east,2x8 #3,2024-10-18,2x8,3,12,275,True,G3_4
east,2x8 #3,2024-10-25,2x8,3,12,290,True,G3_4
east,2x8 #3,2024-11-01,2x8,3,12,300,True,G3_4
east,2x8 #3,2024-11-08,2x8,3,12,305,True,G3_4
east,2x8 #3,2024-11-15,2x8,3,12,305,True,G3_4
east,2x8 #3,2024-11-22,2x8,3,12,305,True,G3_4
east,2x8 #3,2024-11-27,2x8,3,12,305,True,G3_4
east,2x8 #3,2024-12-06,2x8,3,12,310,True,G3_4
east,2x8 #3,2024-12-13,2x8,3,12,310,True,G3_4
east,2x8 #3,2024-12-20,2x8,3,12,310,True,G3_4
east,2x8 #3,2025-01-03,2x8,3,12,315,True,G3_4
east,2x8 #3,2025-01-10,2x8,3,12,315,True,G3_4
east,2x8 #3,2025-01-17,2x8,3,12,315,True,G3_4
east,2x8 #3,2025-01-24,2x8,3,12,310,True,G3_4
east,2x8 #3,2025-01-31,2x8,3,12,310,True,G3_4
east,2x8 #3,2025-02-07,2x8,3,12,315,True,G3_4
east,2x8 #3,2025-02-14,2x8,3,12,320,True,G3_4
east,2x8 #3,2025-02-21,2x8,3,12,325,True,G3_4
east,2x8 #3,2025-02-28,2x8,3,12,330,True,G3_4
east,2x8 #3,2025-03-07,2x8,3,12,340,True,G3_4
east,2x8 #3,2025-03-14,2x8,3,12,340,True,G3_4
east,2x8 #3,2025-03-21,2x8,3,12,340,True,G3_4
east,2x8 #3,2025-03-28,2x8,3,12,340,True,G3_4
east,2x8 #3,2025-04-04,2x8,3,12,340,True,G3_4
east,2x8 #3,2025-04-11,2x8,3,12,345,True,G3_4
east,2x8 #3,2025-04-18,2x8,3,12,345,True,G3_4
east,2x8 #3,2025-04-25,2x8,3,12,345,True,G3_4
east,2x8 #3,2025-05-02,2x8,3,12,345,True,G3_4
east,2x8 #3,2025-05-09,2x8,3,12,325,True,G3_4
east,2x8 #3,2025-05-16,2x8,3,12,305,True,G3_4
east,2x8 #3,2025-05-23,2x8,3,12,300,True,G3_4
east,2x8 #3,2025-05-30,2x8,3,12,285,True,G3_4
east,2x8 #3,2025-06-06,2x8,3,12,270,True,G3_4
east,2x8 #3,2025-06-13,2x8,3,12,260,True,G3_4
east,2x8 #3,2025-06-19,2x8,3,12,245,True,G3_4
east,2x8 #3,2025-06-27,2x8,3,12,240,True,G3_4
east,2x8 #3,2025-07-03,2x8,3,12,240,True,G3_4
east,2x8 #3,2025-07-11,2x8,3,12,240,True,G3_4
east,2x8 #3,2025-07-18,2x8,3,12,240,True,G3_4
east,2x8 #3,2025-07-25,2x8,3,12,245,True,G3_4
east,2x8 #3,2025-08-01,2x8,3,12,245,True,G3_4
east,2x8 #3,2025-08-08,2x8,3,12,245,True,G3_4
east,2x8 #3,2025-08-15,2x8,3,12,245,True,G3_4
east,2x8 #3,2025-08-22,2x8,3,12,245,True,G3_4
east,2x8 #3,2025-08-29,2x8,3,12,245,True,G3_4
east,2x8 #3,2025-09-05,2x8,3,12,240,True,G3_4
east,2x8 #3,2025-09-12,2x8,3,12,240,True,G3_4
east,2x8 #3,2025-09-19,2x8,3,12,240,True,G3_4
east,2x8 #3,2025-09-26,2x8,3,12,240,True,G3_4
east,2x8 #3,2025-10-03,2x8,3,12,240,True,G3_4
east,2x8 #3,2025-10-10,2x8,3,12,240,True,G3_4
east,2x8 #3,2025-10-17,2x8,3,12,240,True,G3_4
east,2x8 #3,2024-01-12,2x8,3,14,230,True,G3_4
east,2x8 #3,2024-01-18,2x8,3,14,230,True,G3_4
east,2x8 #3,2024-01-25,2x8,3,14,230,True,G3_4
east,2x8 #3,2024-02-08,2x8,3,14,235,True,G3_4
east,2x8 #3,2024-02-15,2x8,3,14,240,True,G3_4
east,2x8 #3,2024-02-22,2x8,3,14,245,True,G3_4
east,2x8 #3,2024-02-29,2x8,3,14,245,True,G3_4
east,2x8 #3,2024-03-07,2x8,3,14,260,True,G3_4
east,2x8 #3,2024-03-14,2x8,3,14,270,True,G3_4
east,2x8 #3,2024-03-21,2x8,3,14,275,True,G3_4
east,2x8 #3,2024-03-28,2x8,3,14,275,True,G3_4
east,2x8 #3,2024-04-04,2x8,3,14,280,True,G3_4
east,2x8 #3,2024-04-11,2x8,3,14,285,True,G3_4
east,2x8 #3,2024-04-18,2x8,3,14,285,True,G3_4
east,2x8 #3,2024-04-25,2x8,3,14,290,True,G3_4
east,2x8 #3,2024-05-02,2x8,3,14,290,True,G3_4
east,2x8 #3,2024-05-09,2x8,3,14,290,True,G3_4
east,2x8 #3,2024-05-16,2x8,3,14,285,True,G3_4
east,2x8 #3,2024-05-30,2x8,3,14,285,True,G3_4
east,2x8 #3,2024-06-06,2x8,3,14,280,True,G3_4
east,2x8 #3,2024-06-13,2x8,3,14,280,True,G3_4
east,2x8 #3,2024-06-20,2x8,3,14,275,True,G3_4
east,2x8 #3,2024-06-27,2x8,3,14,255,True,G3_4
east,2x8 #3,2024-07-04,2x8,3,14,245,True,G3_4
east,2x8 #3,2024-07-11,2x8,3,14,245,True,G3_4
east,2x8 #3,2024-07-18,2x8,3,14,235,True,G3_4
east,2x8 #3,2024-07-25,2x8,3,14,235,True,G3_4
east,2x8 #3,2024-08-01,2x8,3,14,235,True,G3_4
east,2x8 #3,2024-08-08,2x8,3,14,235,True,G3_4
east,2x8 #3,2024-08-15,2x8,3,14,235,True,G3_4
east,2x8 #3,2024-08-22,2x8,3,14,235,True,G3_4
east,2x8 #3,2024-08-29,2x8,3,14,230,True,G3_4
east,2x8 #3,2024-09-05,2x8,3,14,230,True,G3_4
east,2x8 #3,2024-09-12,2x8,3,14,235,True,G3_4
east,2x8 #3,2024-09-20,2x8,3,14,235,True,G3_4
east,2x8 #3,2024-09-27,2x8,3,14,245,True,G3_4
east,2x8 #3,2024-10-04,2x8,3,14,255,True,G3_4
east,2x8 #3,2024-10-11,2x8,3,14,265,True,G3_4
east,2x8 #3,2024-10-18,2x8,3,14,275,True,G3_4
east,2x8 #3,2024-10-25,2x8,3,14,290,True,G3_4
east,2x8 #3,2024-11-01,2x8,3,14,300,True,G3_4
east,2x8 #3,2024-11-08,2x8,3,14,305,True,G3_4
east,2x8 #3,2024-11-15,2x8,3,14,305,True,G3_4
east,2x8 #3,2024-11-22,2x8,3,14,305,True,G3_4
east,2x8 #3,2024-11-27,2x8,3,14,305,True,G3_4
east,2x8 #3,2024-12-06,2x8,3,14,310,True,G3_4
east,2x8 #3,2024-12-13,2x8,3,14,310,True,G3_4
east,2x8 #3,2024-12-20,2x8,3,14,310,True,G3_4
east,2x8 #3,2025-01-03,2x8,3,14,315,True,G3_4
east,2x8 #3,2025-01-10,2x8,3,14,315,True,G3_4
east,2x8 #3,2025-01-17,2x8,3,14,315,True,G3_4
east,2x8 #3,2025-01-24,2x8,3,14,310,True,G3_4
east,2x8 #3,2025-01-31,2x8,3,14,310,True,G3_4
east,2x8 #3,2025-02-07,2x8,3,14,315,True,G3_4
east,2x8 #3,2025-02-14,2x8,3,14,320,True,G3_4
east,2x8 #3,2025-02-21,2x8,3,14,325,True,G3_4
east,2x8 #3,2025-02-28,2x8,3,14,330,True,G3_4
east,2x8 #3,2025-03-07,2x8,3,14,340,True,G3_4
east,2x8 #3,2025-03-14,2x8,3,14,340,True,G3_4
east,2x8 #3,2025-03-21,2x8,3,14,340,True,G3_4
east,2x8 #3,2025-03-28,2x8,3,14,340,True,G3_4
east,2x8 #3,2025-04-04,2x8,3,14,340,True,G3_4
east,2x8 #3,2025-04-11,2x8,3,14,345,True,G3_4
east,2x8 #3,2025-04-18,2x8,3,14,345,True,G3_4
east,2x8 #3,2025-04-25,2x8,3,14,345,True,G3_4
east,2x8 #3,2025-05-02,2x8,3,14,345,True,G3_4
east,2x8 #3,2025-05-09,2x8,3,14,325,True,G3_4
east,2x8 #3,2025-05-16,2x8,3,14,305,True,G3_4
east,2x8 #3,2025-05-23,2x8,3,14,300,True,G3_4
east,2x8 #3,2025-05-30,2x8,3,14,285,True,G3_4
east,2x8 #3,2025-06-06,2x8,3,14,270,True,G3_4
east,2x8 #3,2025-06-13,2x8,3,14,260,True,G3_4
east,2x8 #3,2025-06-19,2x8,3,14,245,True,G3_4
east,2x8 #3,2025-06-27,2x8,3,14,240,True,G3_4
east,2x8 #3,2025-07-03,2x8,3,14,240,True,G3_4
east,2x8 #3,2025-07-11,2x8,3,14,240,True,G3_4
east,2x8 #3,2025-07-18,2x8,3,14,240,True,G3_4
east,2x8 #3,2025-07-25,2x8,3,14,245,True,G3_4
east,2x8 #3,2025-08-01,2x8,3,14,245,True,G3_4
east,2x8 #3,2025-08-08,2x8,3,14,245,True,G3_4
east,2x8 #3,2025-08-15,2x8,3,14,245,True,G3_4
east,2x8 #3,2025-08-22,2x8,3,14,245,True,G3_4
east,2x8 #3,2025-08-29,2x8,3,14,245,True,G3_4
east,2x8 #3,2025-09-05,2x8,3,14,240,True,G3_4
east,2x8 #3,2025-09-12,2x8,3,14,240,True,G3_4
east,2x8 #3,2025-09-19,2x8,3,14,240,True,G3_4
east,2x8 #3,2025-09-26,2x8,3,14,240,True,G3_4
east,2x8 #3,2025-10-03,2x8,3,14,240,True,G3_4
east,2x8 #3,2025-10-10,2x8,3,14,240,True,G3_4
east,2x8 #3,2025-10-17,2x8,3,14,240,True,G3_4
east,2x8 #3,2024-01-12,2x8,3,16,230,True,G3_4
east,2x8 #3,2024-01-18,2x8,3,16,230,True,G3_4
east,2x8 #3,2024-01-25,2x8,3,16,230,True,G3_4
east,2x8 #3,2024-02-08,2x8,3,16,235,True,G3_4
east,2x8 #3,2024-02-15,2x8,3,16,240,True,G3_4
east,2x8 #3,2024-02-22,2x8,3,16,245,True,G3_4
east,2x8 #3,2024-02-29,2x8,3,16,245,True,G3_4
east,2x8 #3,2024-03-07,2x8,3,16,260,True,G3_4
east,2x8 #3,2024-03-14,2x8,3,16,270,True,G3_4
east,2x8 #3,2024-03-21,2x8,3,16,275,True,G3_4
east,2x8 #3,2024-03-28,2x8,3,16,275,True,G3_4
east,2x8 #3,2024-04-04,2x8,3,16,280,True,G3_4
east,2x8 #3,2024-04-11,2x8,3,16,285,True,G3_4
east,2x8 #3,2024-04-18,2x8,3,16,285,True,G3_4
east,2x8 #3,2024-04-25,2x8,3,16,290,True,G3_4
east,2x8 #3,2024-05-02,2x8,3,16,290,True,G3_4
east,2x8 #3,2024-05-09,2x8,3,16,290,True,G3_4
east,2x8 #3,2024-05-16,2x8,3,16,285,True,G3_4
east,2x8 #3,2024-05-30,2x8,3,16,285,True,G3_4
east,2x8 #3,2024-06-06,2x8,3,16,280,True,G3_4
east,2x8 #3,2024-06-13,2x8,3,16,280,True,G3_4
east,2x8 #3,2024-06-20,2x8,3,16,275,True,G3_4
east,2x8 #3,2024-06-27,2x8,3,16,255,True,G3_4
east,2x8 #3,2024-07-04,2x8,3,16,245,True,G3_4
east,2x8 #3,2024-07-11,2x8,3,16,245,True,G3_4
east,2x8 #3,2024-07-18,2x8,3,16,235,True,G3_4
east,2x8 #3,2024-07-25,2x8,3,16,235,True,G3_4
east,2x8 #3,2024-08-01,2x8,3,16,235,True,G3_4
east,2x8 #3,2024-08-08,2x8,3,16,235,True,G3_4
east,2x8 #3,2024-08-15,2x8,3,16,235,True,G3_4
east,2x8 #3,2024-08-22,2x8,3,16,235,True,G3_4
east,2x8 #3,2024-08-29,2x8,3,16,230,True,G3_4
east,2x8 #3,2024-09-05,2x8,3,16,230,True,G3_4
east,2x8 #3,2024-09-12,2x8,3,16,235,True,G3_4
east,2x8 #3,2024-09-20,2x8,3,16,235,True,G3_4
east,2x8 #3,2024-09-27,2x8,3,16,245,True,G3_4
east,2x8 #3,2024-10-04,2x8,3,16,255,True,G3_4
east,2x8 #3,2024-10-11,2x8,3,16,265,True,G3_4
east,2x8 #3,2024-10-18,2x8,3,16,275,True,G3_4
east,2x8 #3,2024-10-25,2x8,3,16,290,True,G3_4
east,2x8 #3,2024-11-01,2x8,3,16,300,True,G3_4
east,2x8 #3,2024-11-08,2x8,3,16,305,True,G3_4
east,2x8 #3,2024-11-15,2x8,3,16,305,True,G3_4
east,2x8 #3,2024-11-22,2x8,3,16,305,True,G3_4
east,2x8 #3,2024-11-27,2x8,3,16,305,True,G3_4
east,2x8 #3,2024-12-06,2x8,3,16,310,True,G3_4
east,2x8 #3,2024-12-13,2x8,3,16,310,True,G3_4
east,2x8 #3,2024-12-20,2x8,3,16,310,True,G3_4
east,2x8 #3,2025-01-03,2x8,3,16,315,True,G3_4
east,2x8 #3,2025-01-10,2x8,3,16,315,True,G3_4
east,2x8 #3,2025-01-17,2x8,3,16,315,True,G3_4
east,2x8 #3,2025-01-24,2x8,3,16,310,True,G3_4
east,2x8 #3,2025-01-31,2x8,3,16,310,True,G3_4
east,2x8 #3,2025-02-07,2x8,3,16,315,True,G3_4
east,2x8 #3,2025-02-14,2x8,3,16,320,True,G3_4
east,2x8 #3,2025-02-21,2x8,3,16,325,True,G3_4
east,2x8 #3,2025-02-28,2x8,3,16,330,True,G3_4
east,2x8 #3,2025-03-07,2x8,3,16,340,True,G3_4
east,2x8 #3,2025-03-14,2x8,3,16,340,True,G3_4
east,2x8 #3,2025-03-21,2x8,3,16,340,True,G3_4
east,2x8 #3,2025-03-28,2x8,3,16,340,True,G3_4
east,2x8 #3,2025-04-04,2x8,3,16,340,True,G3_4
east,2x8 #3,2025-04-11,2x8,3,16,345,True,G3_4
east,2x8 #3,2025-04-18,2x8,3,16,345,True,G3_4
east,2x8 #3,2025-04-25,2x8,3,16,345,True,G3_4
east,2x8 #3,2025-05-02,2x8,3,16,345,True,G3_4
east,2x8 #3,2025-05-09,2x8,3,16,325,True,G3_4
east,2x8 #3,2025-05-16,2x8,3,16,305,True,G3_4
east,2x8 #3,2025-05-23,2x8,3,16,300,True,G3_4
east,2x8 #3,2025-05-30,2x8,3,16,285,True,G3_4
east,2x8 #3,2025-06-06,2x8,3,16,270,True,G3_4
east,2x8 #3,2025-06-13,2x8,3,16,260,True,G3_4
east,2x8 #3,2025-06-19,2x8,3,16,245,True,G3_4
east,2x8 #3,2025-06-27,2x8,3,16,240,True,G3_4
east,2x8 #3,2025-07-03,2x8,3,16,240,True,G3_4
east,2x8 #3,2025-07-11,2x8,3,16,240,True,G3_4
east,2x8 #3,2025-07-18,2x8,3,16,240,True,G3_4
east,2x8 #3,2025-07-25,2x8,3,16,245,True,G3_4
east,2x8 #3,2025-08-01,2x8,3,16,245,True,G3_4
east,2x8 #3,2025-08-08,2x8,3,16,245,True,G3_4
east,2x8 #3,2025-08-15,2x8,3,16,245,True,G3_4
east,2x8 #3,2025-08-22,2x8,3,16,245,True,G3_4
east,2x8 #3,2025-08-29,2x8,3,16,245,True,G3_4
east,2x8 #3,2025-09-05,2x8,3,16,240,True,G3_4
east,2x8 #3,2025-09-12,2x8,3,16,240,True,G3_4
east,2x8 #3,2025-09-19,2x8,3,16,240,True,G3_4
east,2x8 #3,2025-09-26,2x8,3,16,240,True,G3_4
east,2x8 #3,2025-10-03,2x8,3,16,240,True,G3_4
east,2x8 #3,2025-10-10,2x8,3,16,240,True,G3_4
east,2x8 #3,2025-10-17,2x8,3,16,240,True,G3_4
east,2x8 #3,2024-01-12,2x8,3,18,230,True,G3_4
east,2x8 #3,2024-01-18,2x8,3,18,230,True,G3_4
east,2x8 #3,2024-01-25,2x8,3,18,230,True,G3_4
east,2x8 #3,2024-02-08,2x8,3,18,235,True,G3_4
east,2x8 #3,2024-02-15,2x8,3,18,240,True,G3_4
east,2x8 #3,2024-02-22,2x8,3,18,245,True,G3_4
east,2x8 #3,2024-02-29,2x8,3,18,245,True,G3_4
east,2x8 #3,2024-03-07,2x8,3,18,260,True,G3_4
east,2x8 #3,2024-03-14,2x8,3,18,270,True,G3_4
east,2x8 #3,2024-03-21,2x8,3,18,275,True,G3_4
east,2x8 #3,2024-03-28,2x8,3,18,275,True,G3_4
east,2x8 #3,2024-04-04,2x8,3,18,280,True,G3_4
east,2x8 #3,2024-04-11,2x8,3,18,285,True,G3_4
east,2x8 #3,2024-04-18,2x8,3,18,285,True,G3_4
east,2x8 #3,2024-04-25,2x8,3,18,290,True,G3_4
east,2x8 #3,2024-05-02,2x8,3,18,290,True,G3_4
east,2x8 #3,2024-05-09,2x8,3,18,290,True,G3_4
east,2x8 #3,2024-05-16,2x8,3,18,285,True,G3_4
east,2x8 #3,2024-05-30,2x8,3,18,285,True,G3_4
east,2x8 #3,2024-06-06,2x8,3,18,280,True,G3_4
east,2x8 #3,2024-06-13,2x8,3,18,280,True,G3_4
east,2x8 #3,2024-06-20,2x8,3,18,275,True,G3_4
east,2x8 #3,2024-06-27,2x8,3,18,255,True,G3_4
east,2x8 #3,2024-07-04,2x8,3,18,245,True,G3_4
east,2x8 #3,2024-07-11,2x8,3,18,245,True,G3_4
east,2x8 #3,2024-07-18,2x8,3,18,235,True,G3_4
east,2x8 #3,2024-07-25,2x8,3,18,235,True,G3_4
east,2x8 #3,2024-08-01,2x8,3,18,235,True,G3_4
east,2x8 #3,2024-08-08,2x8,3,18,235,True,G3_4
east,2x8 #3,2024-08-15,2x8,3,18,235,True,G3_4
east,2x8 #3,2024-08-22,2x8,3,18,235,True,G3_4
east,2x8 #3,2024-08-29,2x8,3,18,230,True,G3_4
east,2x8 #3,2024-09-05,2x8,3,18,230,True,G3_4
east,2x8 #3,2024-09-12,2x8,3,18,235,True,G3_4
east,2x8 #3,2024-09-20,2x8,3,18,235,True,G3_4
east,2x8 #3,2024-09-27,2x8,3,18,245,True,G3_4
east,2x8 #3,2024-10-04,2x8,3,18,255,True,G3_4
east,2x8 #3,2024-10-11,2x8,3,18,265,True,G3_4
east,2x8 #3,2024-10-18,2x8,3,18,275,True,G3_4
east,2x8 #3,2024-10-25,2x8,3,18,290,True,G3_4
east,2x8 #3,2024-11-01,2x8,3,18,300,True,G3_4
east,2x8 #3,2024-11-08,2x8,3,18,305,True,G3_4
east,2x8 #3,2024-11-15,2x8,3,18,305,True,G3_4
east,2x8 #3,2024-11-22,2x8,3,18,305,True,G3_4
east,2x8 #3,2024-11-27,2x8,3,18,305,True,G3_4
east,2x8 #3,2024-12-06,2x8,3,18,310,True,G3_4
east,2x8 #3,2024-12-13,2x8,3,18,310,True,G3_4
east,2x8 #3,2024-12-20,2x8,3,18,310,True,G3_4
east,2x8 #3,2025-01-03,2x8,3,18,315,True,G3_4
east,2x8 #3,2025-01-10,2x8,3,18,315,True,G3_4
east,2x8 #3,2025-01-17,2x8,3,18,315,True,G3_4
east,2x8 #3,2025-01-24,2x8,3,18,310,True,G3_4
east,2x8 #3,2025-01-31,2x8,3,18,310,True,G3_4
east,2x8 #3,2025-02-07,2x8,3,18,315,True,G3_4
east,2x8 #3,2025-02-14,2x8,3,18,320,True,G3_4
east,2x8 #3,2025-02-21,2x8,3,18,325,True,G3_4
east,2x8 #3,2025-02-28,2x8,3,18,330,True,G3_4
east,2x8 #3,2025-03-07,2x8,3,18,340,True,G3_4
east,2x8 #3,2025-03-14,2x8,3,18,340,True,G3_4
east,2x8 #3,2025-03-21,2x8,3,18,340,True,G3_4
east,2x8 #3,2025-03-28,2x8,3,18,340,True,G3_4
east,2x8 #3,2025-04-04,2x8,3,18,340,True,G3_4
east,2x8 #3,2025-04-11,2x8,3,18,345,True,G3_4
east,2x8 #3,2025-04-18,2x8,3,18,345,True,G3_4
east,2x8 #3,2025-04-25,2x8,3,18,345,True,G3_4
east,2x8 #3,2025-05-02,2x8,3,18,345,True,G3_4
east,2x8 #3,2025-05-09,2x8,3,18,325,True,G3_4
east,2x8 #3,2025-05-16,2x8,3,18,305,True,G3_4
east,2x8 #3,2025-05-23,2x8,3,18,300,True,G3_4
east,2x8 #3,2025-05-30,2x8,3,18,285,True,G3_4
east,2x8 #3,2025-06-06,2x8,3,18,270,True,G3_4
east,2x8 #3,2025-06-13,2x8,3,18,260,True,G3_4
east,2x8 #3,2025-06-19,2x8,3,18,245,True,G3_4
east,2x8 #3,2025-06-27,2x8,3,18,240,True,G3_4
east,2x8 #3,2025-07-03,2x8,3,18,240,True,G3_4
east,2x8 #3,2025-07-11,2x8,3,18,240,True,G3_4
east,2x8 #3,2025-07-18,2x8,3,18,240,True,G3_4
east,2x8 #3,2025-07-25,2x8,3,18,245,True,G3_4
east,2x8 #3,2025-08-01,2x8,3,18,245,True,G3_4
east,2x8 #3,2025-08-08,2x8,3,18,245,True,G3_4
east,2x8 #3,2025-08-15,2x8,3,18,245,True,G3_4
east,2x8 #3,2025-08-22,2x8,3,18,245,True,G3_4
east,2x8 #3,2025-08-29,2x8,3,18,245,True,G3_4
east,2x8 #3,2025-09-05,2x8,3,18,240,True,G3_4
east,2x8 #3,2025-09-12,2x8,3,18,240,True,G3_4
east,2x8 #3,2025-09-19,2x8,3,18,240,True,G3_4
east,2x8 #3,2025-09-26,2x8,3,18,240,True,G3_4
east,2x8 #3,2025-10-03,2x8,3,18,240,True,G3_4
east,2x8 #3,2025-10-10,2x8,3,18,240,True,G3_4
east,2x8 #3,2025-10-17,2x8,3,18,240,True,G3_4
east,2x8 #3,2024-01-12,2x8,3,20,230,True,G3_4
east,2x8 #3,2024-01-18,2x8,3,20,230,True,G3_4
east,2x8 #3,2024-01-25,2x8,3,20,230,True,G3_4
east,2x8 #3,2024-02-08,2x8,3,20,235,True,G3_4
east,2x8 #3,2024-02-15,2x8,3,20,240,True,G3_4
east,2x8 #3,2024-02-22,2x8,3,20,245,True,G3_4
east,2x8 #3,2024-02-29,2x8,3,20,245,True,G3_4
east,2x8 #3,2024-03-07,2x8,3,20,260,True,G3_4
east,2x8 #3,2024-03-14,2x8,3,20,270,True,G3_4
east,2x8 #3,2024-03-21,2x8,3,20,275,True,G3_4
east,2x8 #3,2024-03-28,2x8,3,20,275,True,G3_4
east,2x8 #3,2024-04-04,2x8,3,20,280,True,G3_4
east,2x8 #3,2024-04-11,2x8,3,20,285,True,G3_4
east,2x8 #3,2024-04-18,2x8,3,20,285,True,G3_4
east,2x8 #3,2024-04-25,2x8,3,20,290,True,G3_4
east,2x8 #3,2024-05-02,2x8,3,20,290,True,G3_4
east,2x8 #3,2024-05-09,2x8,3,20,290,True,G3_4
east,2x8 #3,2024-05-16,2x8,3,20,285,True,G3_4
east,2x8 #3,2024-05-30,2x8,3,20,285,True,G3_4
east,2x8 #3,2024-06-06,2x8,3,20,280,True,G3_4
east,2x8 #3,2024-06-13,2x8,3,20,280,True,G3_4
east,2x8 #3,2024-06-20,2x8,3,20,275,True,G3_4
east,2x8 #3,2024-06-27,2x8,3,20,255,True,G3_4
east,2x8 #3,2024-07-04,2x8,3,20,245,True,G3_4
east,2x8 #3,2024-07-11,2x8,3,20,245,True,G3_4
east,2x8 #3,2024-07-18,2x8,3,20,235,True,G3_4
east,2x8 #3,2024-07-25,2x8,3,20,235,True,G3_4
east,2x8 #3,2024-08-01,2x8,3,20,235,True,G3_4
east,2x8 #3,2024-08-08,2x8,3,20,235,True,G3_4
east,2x8 #3,2024-08-15,2x8,3,20,235,True,G3_4
east,2x8 #3,2024-08-22,2x8,3,20,235,True,G3_4
east,2x8 #3,2024-08-29,2x8,3,20,230,True,G3_4
east,2x8 #3,2024-09-05,2x8,3,20,230,True,G3_4
east,2x8 #3,2024-09-12,2x8,3,20,235,True,G3_4
east,2x8 #3,2024-09-20,2x8,3,20,235,True,G3_4
east,2x8 #3,2024-09-27,2x8,3,20,245,True,G3_4
east,2x8 #3,2024-10-04,2x8,3,20,255,True,G3_4
east,2x8 #3,2024-10-11,2x8,3,20,265,True,G3_4
east,2x8 #3,2024-10-18,2x8,3,20,275,True,G3_4
east,2x8 #3,2024-10-25,2x8,3,20,290,True,G3_4
east,2x8 #3,2024-11-01,2x8,3,20,300,True,G3_4
east,2x8 #3,2024-11-08,2x8,3,20,305,True,G3_4
east,2x8 #3,2024-11-15,2x8,3,20,305,True,G3_4
east,2x8 #3,2024-11-22,2x8,3,20,305,True,G3_4
east,2x8 #3,2024-11-27,2x8,3,20,305,True,G3_4
east,2x8 #3,2024-12-06,2x8,3,20,310,True,G3_4
east,2x8 #3,2024-12-13,2x8,3,20,310,True,G3_4
east,2x8 #3,2024-12-20,2x8,3,20,310,True,G3_4
east,2x8 #3,2025-01-03,2x8,3,20,315,True,G3_4
east,2x8 #3,2025-01-10,2x8,3,20,315,True,G3_4
east,2x8 #3,2025-01-17,2x8,3,20,315,True,G3_4
east,2x8 #3,2025-01-24,2x8,3,20,310,True,G3_4
east,2x8 #3,2025-01-31,2x8,3,20,310,True,G3_4
east,2x8 #3,2025-02-07,2x8,3,20,315,True,G3_4
east,2x8 #3,2025-02-14,2x8,3,20,320,True,G3_4
east,2x8 #3,2025-02-21,2x8,3,20,325,True,G3_4
east,2x8 #3,2025-02-28,2x8,3,20,330,True,G3_4
east,2x8 #3,2025-03-07,2x8,3,20,340,True,G3_4
east,2x8 #3,2025-03-14,2x8,3,20,340,True,G3_4
east,2x8 #3,2025-03-21,2x8,3,20,340,True,G3_4
east,2x8 #3,2025-03-28,2x8,3,20,340,True,G3_4
east,2x8 #3,2025-04-04,2x8,3,20,340,True,G3_4
east,2x8 #3,2025-04-11,2x8,3,20,345,True,G3_4
east,2x8 #3,2025-04-18,2x8,3,20,345,True,G3_4
east,2x8 #3,2025-04-25,2x8,3,20,345,True,G3_4
east,2x8 #3,2025-05-02,2x8,3,20,345,True,G3_4
east,2x8 #3,2025-05-09,2x8,3,20,325,True,G3_4
east,2x8 #3,2025-05-16,2x8,3,20,305,True,G3_4
east,2x8 #3,2025-05-23,2x8,3,20,300,True,G3_4
east,2x8 #3,2025-05-30,2x8,3,20,285,True,G3_4
east,2x8 #3,2025-06-06,2x8,3,20,270,True,G3_4
east,2x8 #3,2025-06-13,2x8,3,20,260,True,G3_4
east,2x8 #3,2025-06-19,2x8,3,20,245,True,G3_4
east,2x8 #3,2025-06-27,2x8,3,20,240,True,G3_4
east,2x8 #3,2025-07-03,2x8,3,20,240,True,G3_4
east,2x8 #3,2025-07-11,2x8,3,20,240,True,G3_4
east,2x8 #3,2025-07-18,2x8,3,20,240,True,G3_4
east,2x8 #3,2025-07-25,2x8,3,20,245,True,G3_4
east,2x8 #3,2025-08-01,2x8,3,20,245,True,G3_4
east,2x8 #3,2025-08-08,2x8,3,20,245,True,G3_4
east,2x8 #3,2025-08-15,2x8,3,20,245,True,G3_4
east,2x8 #3,2025-08-22,2x8,3,20,245,True,G3_4
east,2x8 #3,2025-08-29,2x8,3,20,245,True,G3_4
east,2x8 #3,2025-09-05,2x8,3,20,240,True,G3_4
east,2x8 #3,2025-09-12,2x8,3,20,240,True,G3_4
east,2x8 #3,2025-09-19,2x8,3,20,240,True,G3_4
east,2x8 #3,2025-09-26,2x8,3,20,240,True,G3_4
east,2x8 #3,2025-10-03,2x8,3,20,240,True,G3_4
east,2x8 #3,2025-10-10,2x8,3,20,240,True,G3_4
east,2x8 #3,2025-10-17,2x8,3,20,240,True,G3_4
east,2x8,2024-01-12,2x8,4,8,200,True,G3_4
east,2x8,2024-01-18,2x8,4,8,200,True,G3_4
east,2x8,2024-01-25,2x8,4,8,200,True,G3_4
east,2x8,2024-02-08,2x8,4,8,205,True,G3_4
east,2x8,2024-02-15,2x8,4,8,205,True,G3_4
east,2x8,2024-02-22,2x8,4,8,205,True,G3_4
east,2x8,2024-02-29,2x8,4,8,205,True,G3_4
east,2x8,2024-03-07,2x8,4,8,205,True,G3_4
east,2x8,2024-03-14,2x8,4,8,205,True,G3_4
east,2x8,2024-03-21,2x8,4,8,205,True,G3_4
east,2x8,2024-03-28,2x8,4,8,205,True,G3_4
east,2x8,2024-04-04,2x8,4,8,205,True,G3_4
east,2x8,2024-04-11,2x8,4,8,210,True,G3_4
east,2x8,2024-04-18,2x8,4,8,210,True,G3_4
east,2x8,2024-04-25,2x8,4,8,210,True,G3_4
east,2x8,2024-05-02,2x8,4,8,210,True,G3_4
east,2x8,2024-05-09,2x8,4,8,210,True,G3_4
east,2x8,2024-05-16,2x8,4,8,210,True,G3_4
east,2x8,2024-05-30,2x8,4,8,210,True,G3_4
east,2x8,2024-06-06,2x8,4,8,210,True,G3_4
east,2x8,2024-06-13,2x8,4,8,210,True,G3_4
east,2x8,2024-06-20,2x8,4,8,210,True,G3_4
east,2x8,2024-06-27,2x8,4,8,210,True,G3_4
east,2x8,2024-07-04,2x8,4,8,210,True,G3_4
east,2x8,2024-07-11,2x8,4,8,210,True,G3_4
east,2x8,2024-07-18,2x8,4,8,210,True,G3_4
east,2x8,2024-07-25,2x8,4,8,210,True,G3_4
east,2x8,2024-08-01,2x8,4,8,210,True,G3_4
east,2x8,2024-08-08,2x8,4,8,210,True,G3_4
east,2x8,2024-08-15,2x8,4,8,210,True,G3_4
east,2x8,2024-08-22,2x8,4,8,210,True,G3_4
east,2x8,2024-08-29,2x8,4,8,210,True,G3_4
east,2x8,2024-09-05,2x8,4,8,210,True,G3_4
east,2x8,2024-09-12,2x8,4,8,210,True,G3_4
east,2x8,2024-09-20,2x8,4,8,210,True,G3_4
east,2x8,2024-09-27,2x8,4,8,215,True,G3_4
east,2x8,2024-10-04,2x8,4,8,220,True,G3_4
east,2x8,2024-10-11,2x8,4,8,225,True,G3_4
east,2x8,2024-10-18,2x8,4,8,235,True,G3_4
east,2x8,2024-10-25,2x8,4,8,240,True,G3_4
east,2x8,2024-11-01,2x8,4,8,240,True,G3_4
east,2x8,2024-11-08,2x8,4,8,245,True,G3_4
east,2x8,2024-11-15,2x8,4,8,250,True,G3_4
east,2x8,2024-11-22,2x8,4,8,250,True,G3_4
east,2x8,2024-11-27,2x8,4,8,255,True,G3_4
east,2x8,2024-12-06,2x8,4,8,260,True,G3_4
east,2x8,2024-12-13,2x8,4,8,260,True,G3_4
east,2x8,2024-12-20,2x8,4,8,265,True,G3_4
east,2x8,2025-01-03,2x8,4,8,270,True,G3_4
east,2x8,2025-01-10,2x8,4,8,275,True,G3_4
east,2x8,2025-01-17,2x8,4,8,280,True,G3_4
east,2x8,2025-01-24,2x8,4,8,285,True,G3_4
east,2x8,2025-01-31,2x8,4,8,285,True,G3_4
east,2x8,2025-02-07,2x8,4,8,290,True,G3_4
east,2x8,2025-02-14,2x8,4,8,300,True,G3_4
east,2x8,2025-02-21,2x8,4,8,305,True,G3_4
east,2x8,2025-02-28,2x8,4,8,310,True,G3_4
east,2x8,2025-03-07,2x8,4,8,310,True,G3_4
east,2x8,2025-03-14,2x8,4,8,315,True,G3_4
east,2x8,2025-03-21,2x8,4,8,315,True,G3_4
east,2x8,2025-03-28,2x8,4,8,320,True,G3_4
east,2x8,2025-04-04,2x8,4,8,320,True,G3_4
east,2x8,2025-04-11,2x8,4,8,320,True,G3_4
east,2x8,2025-04-18,2x8,4,8,320,True,G3_4
east,2x8,2025-04-25,2x8,4,8,315,True,G3_4
east,2x8,2025-05-02,2x8,4,8,315,True,G3_4
east,2x8,2025-05-09,2x8,4,8,300,True,G3_4
east,2x8,2025-05-16,2x8,4,8,290,True,G3_4
east,2x8,2025-05-23,2x8,4,8,280,True,G3_4
east,2x8,2025-05-30,2x8,4,8,270,True,G3_4
east,2x8,2025-06-06,2x8,4,8,250,True,G3_4
east,2x8,2025-06-13,2x8,4,8,250,True,G3_4
east,2x8,2025-06-19,2x8,4,8,235,True,G3_4
east,2x8,2025-06-27,2x8,4,8,225,True,G3_4
east,2x8,2025-07-03,2x8,4,8,225,True,G3_4
east,2x8,2025-07-11,2x8,4,8,225,True,G3_4
east,2x8,2025-07-18,2x8,4,8,225,True,G3_4
east,2x8,2025-07-25,2x8,4,8,225,True,G3_4
east,2x8,2025-08-01,2x8,4,8,225,True,G3_4
east,2x8,2025-08-08,2x8,4,8,225,True,G3_4
east,2x8,2025-08-15,2x8,4,8,225,True,G3_4
east,2x8,2025-08-22,2x8,4,8,225,True,G3_4
east,2x8,2025-08-29,2x8,4,8,225,True,G3_4
east,2x8,2025-09-05,2x8,4,8,225,True,G3_4
east,2x8,2025-09-12,2x8,4,8,225,True,G3_4
east,2x8,2025-09-19,2x8,4,8,225,True,G3_4
east,2x8,2025-09-26,2x8,4,8,225,True,G3_4
east,2x8,2025-10-03,2x8,4,8,205,True,G3_4
east,2x8,2025-10-10,2x8,4,8,225,True,G3_4
east,2x8,2025-10-17,2x8,4,8,225,True,G3_4
east,2x8,2024-01-12,2x8,4,10,200,True,G3_4
east,2x8,2024-01-18,2x8,4,10,200,True,G3_4
east,2x8,2024-01-25,2x8,4,10,200,True,G3_4
east,2x8,2024-02-08,2x8,4,10,205,True,G3_4
east,2x8,2024-02-15,2x8,4,10,205,True,G3_4
east,2x8,2024-02-22,2x8,4,10,205,True,G3_4
east,2x8,2024-02-29,2x8,4,10,205,True,G3_4
east,2x8,2024-03-07,2x8,4,10,205,True,G3_4
east,2x8,2024-03-14,2x8,4,10,205,True,G3_4
east,2x8,2024-03-21,2x8,4,10,205,True,G3_4
east,2x8,2024-03-28,2x8,4,10,205,True,G3_4
east,2x8,2024-04-04,2x8,4,10,205,True,G3_4
east,2x8,2024-04-11,2x8,4,10,210,True,G3_4
east,2x8,2024-04-18,2x8,4,10,210,True,G3_4
east,2x8,2024-04-25,2x8,4,10,210,True,G3_4
east,2x8,2024-05-02,2x8,4,10,210,True,G3_4
east,2x8,2024-05-09,2x8,4,10,210,True,G3_4
east,2x8,2024-05-16,2x8,4,10,210,True,G3_4
east,2x8,2024-05-30,2x8,4,10,210,True,G3_4
east,2x8,2024-06-06,2x8,4,10,210,True,G3_4
east,2x8,2024-06-13,2x8,4,10,210,True,G3_4
east,2x8,2024-06-20,2x8,4,10,210,True,G3_4
east,2x8,2024-06-27,2x8,4,10,210,True,G3_4
east,2x8,2024-07-04,2x8,4,10,210,True,G3_4
east,2x8,2024-07-11,2x8,4,10,210,True,G3_4
east,2x8,2024-07-18,2x8,4,10,210,True,G3_4
east,2x8,2024-07-25,2x8,4,10,210,True,G3_4
east,2x8,2024-08-01,2x8,4,10,210,True,G3_4
east,2x8,2024-08-08,2x8,4,10,210,True,G3_4
east,2x8,2024-08-15,2x8,4,10,210,True,G3_4
east,2x8,2024-08-22,2x8,4,10,210,True,G3_4
east,2x8,2024-08-29,2x8,4,10,210,True,G3_4
east,2x8,2024-09-05,2x8,4,10,210,True,G3_4
east,2x8,2024-09-12,2x8,4,10,210,True,G3_4
east,2x8,2024-09-20,2x8,4,10,210,True,G3_4
east,2x8,2024-09-27,2x8,4,10,215,True,G3_4
east,2x8,2024-10-04,2x8,4,10,220,True,G3_4
east,2x8,2024-10-11,2x8,4,10,225,True,G3_4
east,2x8,2024-10-18,2x8,4,10,235,True,G3_4
east,2x8,2024-10-25,2x8,4,10,240,True,G3_4
east,2x8,2024-11-01,2x8,4,10,240,True,G3_4
east,2x8,2024-11-08,2x8,4,10,245,True,G3_4
east,2x8,2024-11-15,2x8,4,10,250,True,G3_4
east,2x8,2024-11-22,2x8,4,10,250,True,G3_4
east,2x8,2024-11-27,2x8,4,10,255,True,G3_4
east,2x8,2024-12-06,2x8,4,10,260,True,G3_4
east,2x8,2024-12-13,2x8,4,10,260,True,G3_4
east,2x8,2024-12-20,2x8,4,10,265,True,G3_4
east,2x8,2025-01-03,2x8,4,10,270,True,G3_4
east,2x8,2025-01-10,2x8,4,10,275,True,G3_4
east,2x8,2025-01-17,2x8,4,10,280,True,G3_4
east,2x8,2025-01-24,2x8,4,10,285,True,G3_4
east,2x8,2025-01-31,2x8,4,10,285,True,G3_4
east,2x8,2025-02-07,2x8,4,10,290,True,G3_4
east,2x8,2025-02-14,2x8,4,10,300,True,G3_4
east,2x8,2025-02-21,2x8,4,10,305,True,G3_4
east,2x8,2025-02-28,2x8,4,10,310,True,G3_4
east,2x8,2025-03-07,2x8,4,10,310,True,G3_4
east,2x8,2025-03-14,2x8,4,10,315,True,G3_4
east,2x8,2025-03-21,2x8,4,10,315,True,G3_4
east,2x8,2025-03-28,2x8,4,10,320,True,G3_4
east,2x8,2025-04-04,2x8,4,10,320,True,G3_4
east,2x8,2025-04-11,2x8,4,10,320,True,G3_4
east,2x8,2025-04-18,2x8,4,10,320,True,G3_4
east,2x8,2025-04-25,2x8,4,10,315,True,G3_4
east,2x8,2025-05-02,2x8,4,10,315,True,G3_4
east,2x8,2025-05-09,2x8,4,10,300,True,G3_4
east,2x8,2025-05-16,2x8,4,10,290,True,G3_4
east,2x8,2025-05-23,2x8,4,10,280,True,G3_4
east,2x8,2025-05-30,2x8,4,10,270,True,G3_4
east,2x8,2025-06-06,2x8,4,10,250,True,G3_4
east,2x8,2025-06-13,2x8,4,10,250,True,G3_4
east,2x8,2025-06-19,2x8,4,10,235,True,G3_4
east,2x8,2025-06-27,2x8,4,10,225,True,G3_4
east,2x8,2025-07-03,2x8,4,10,225,True,G3_4
east,2x8,2025-07-11,2x8,4,10,225,True,G3_4
east,2x8,2025-07-18,2x8,4,10,225,True,G3_4
east,2x8,2025-07-25,2x8,4,10,225,True,G3_4
east,2x8,2025-08-01,2x8,4,10,225,True,G3_4
east,2x8,2025-08-08,2x8,4,10,225,True,G3_4
east,2x8,2025-08-15,2x8,4,10,225,True,G3_4
east,2x8,2025-08-22,2x8,4,10,225,True,G3_4
east,2x8,2025-08-29,2x8,4,10,225,True,G3_4
east,2x8,2025-09-05,2x8,4,10,225,True,G3_4
east,2x8,2025-09-12,2x8,4,10,225,True,G3_4
east,2x8,2025-09-19,2x8,4,10,225,True,G3_4
east,2x8,2025-09-26,2x8,4,10,225,True,G3_4
east,2x8,2025-10-03,2x8,4,10,205,True,G3_4
east,2x8,2025-10-10,2x8,4,10,225,True,G3_4
east,2x8,2025-10-17,2x8,4,10,225,True,G3_4
east,2x8,2024-01-12,2x8,4,12,200,True,G3_4
east,2x8,2024-01-18,2x8,4,12,200,True,G3_4
east,2x8,2024-01-25,2x8,4,12,200,True,G3_4
east,2x8,2024-02-08,2x8,4,12,205,True,G3_4
east,2x8,2024-02-15,2x8,4,12,205,True,G3_4
east,2x8,2024-02-22,2x8,4,12,205,True,G3_4
east,2x8,2024-02-29,2x8,4,12,205,True,G3_4
east,2x8,2024-03-07,2x8,4,12,205,True,G3_4
east,2x8,2024-03-14,2x8,4,12,205,True,G3_4
east,2x8,2024-03-21,2x8,4,12,205,True,G3_4
east,2x8,2024-03-28,2x8,4,12,205,True,G3_4
east,2x8,2024-04-04,2x8,4,12,205,True,G3_4
east,2x8,2024-04-11,2x8,4,12,210,True,G3_4
east,2x8,2024-04-18,2x8,4,12,210,True,G3_4
east,2x8,2024-04-25,2x8,4,12,210,True,G3_4
east,2x8,2024-05-02,2x8,4,12,210,True,G3_4
east,2x8,2024-05-09,2x8,4,12,210,True,G3_4
east,2x8,2024-05-16,2x8,4,12,210,True,G3_4
east,2x8,2024-05-30,2x8,4,12,210,True,G3_4
east,2x8,2024-06-06,2x8,4,12,210,True,G3_4
east,2x8,2024-06-13,2x8,4,12,210,True,G3_4
east,2x8,2024-06-20,2x8,4,12,210,True,G3_4
east,2x8,2024-06-27,2x8,4,12,210,True,G3_4
east,2x8,2024-07-04,2x8,4,12,210,True,G3_4
east,2x8,2024-07-11,2x8,4,12,210,True,G3_4
east,2x8,2024-07-18,2x8,4,12,210,True,G3_4
east,2x8,2024-07-25,2x8,4,12,210,True,G3_4
east,2x8,2024-08-01,2x8,4,12,210,True,G3_4
east,2x8,2024-08-08,2x8,4,12,210,True,G3_4
east,2x8,2024-08-15,2x8,4,12,210,True,G3_4
east,2x8,2024-08-22,2x8,4,12,210,True,G3_4
east,2x8,2024-08-29,2x8,4,12,210,True,G3_4
east,2x8,2024-09-05,2x8,4,12,210,True,G3_4
east,2x8,2024-09-12,2x8,4,12,210,True,G3_4
east,2x8,2024-09-20,2x8,4,12,210,True,G3_4
east,2x8,2024-09-27,2x8,4,12,215,True,G3_4
east,2x8,2024-10-04,2x8,4,12,220,True,G3_4
east,2x8,2024-10-11,2x8,4,12,225,True,G3_4
east,2x8,2024-10-18,2x8,4,12,235,True,G3_4
east,2x8,2024-10-25,2x8,4,12,240,True,G3_4
east,2x8,2024-11-01,2x8,4,12,240,True,G3_4
east,2x8,2024-11-08,2x8,4,12,245,True,G3_4
east,2x8,2024-11-15,2x8,4,12,250,True,G3_4
east,2x8,2024-11-22,2x8,4,12,250,True,G3_4
east,2x8,2024-11-27,2x8,4,12,255,True,G3_4
east,2x8,2024-12-06,2x8,4,12,260,True,G3_4
east,2x8,2024-12-13,2x8,4,12,260,True,G3_4
east,2x8,2024-12-20,2x8,4,12,265,True,G3_4
east,2x8,2025-01-03,2x8,4,12,270,True,G3_4
east,2x8,2025-01-10,2x8,4,12,275,True,G3_4
east,2x8,2025-01-17,2x8,4,12,280,True,G3_4
east,2x8,2025-01-24,2x8,4,12,285,True,G3_4
east,2x8,2025-01-31,2x8,4,12,285,True,G3_4
east,2x8,2025-02-07,2x8,4,12,290,True,G3_4
east,2x8,2025-02-14,2x8,4,12,300,True,G3_4
east,2x8,2025-02-21,2x8,4,12,305,True,G3_4
east,2x8,2025-02-28,2x8,4,12,310,True,G3_4
east,2x8,2025-03-07,2x8,4,12,310,True,G3_4
east,2x8,2025-03-14,2x8,4,12,315,True,G3_4
east,2x8,2025-03-21,2x8,4,12,315,True,G3_4
east,2x8,2025-03-28,2x8,4,12,320,True,G3_4
east,2x8,2025-04-04,2x8,4,12,320,True,G3_4
east,2x8,2025-04-11,2x8,4,12,320,True,G3_4
east,2x8,2025-04-18,2x8,4,12,320,True,G3_4
east,2x8,2025-04-25,2x8,4,12,315,True,G3_4
east,2x8,2025-05-02,2x8,4,12,315,True,G3_4
east,2x8,2025-05-09,2x8,4,12,300,True,G3_4
east,2x8,2025-05-16,2x8,4,12,290,True,G3_4
east,2x8,2025-05-23,2x8,4,12,280,True,G3_4
east,2x8,2025-05-30,2x8,4,12,270,True,G3_4
east,2x8,2025-06-06,2x8,4,12,250,True,G3_4
east,2x8,2025-06-13,2x8,4,12,250,True,G3_4
east,2x8,2025-06-19,2x8,4,12,235,True,G3_4
east,2x8,2025-06-27,2x8,4,12,225,True,G3_4
east,2x8,2025-07-03,2x8,4,12,225,True,G3_4
east,2x8,2025-07-11,2x8,4,12,225,True,G3_4
east,2x8,2025-07-18,2x8,4,12,225,True,G3_4
east,2x8,2025-07-25,2x8,4,12,225,True,G3_4
east,2x8,2025-08-01,2x8,4,12,225,True,G3_4
east,2x8,2025-08-08,2x8,4,12,225,True,G3_4
east,2x8,2025-08-15,2x8,4,12,225,True,G3_4
east,2x8,2025-08-22,2x8,4,12,225,True,G3_4
east,2x8,2025-08-29,2x8,4,12,225,True,G3_4
east,2x8,2025-09-05,2x8,4,12,225,True,G3_4
east,2x8,2025-09-12,2x8,4,12,225,True,G3_4
east,2x8,2025-09-19,2x8,4,12,225,True,G3_4
east,2x8,2025-09-26,2x8,4,12,225,True,G3_4
east,2x8,2025-10-03,2x8,4,12,205,True,G3_4
east,2x8,2025-10-10,2x8,4,12,225,True,G3_4
east,2x8,2025-10-17,2x8,4,12,225,True,G3_4
east,2x8,2024-01-12,2x8,4,14,200,True,G3_4
east,2x8,2024-01-18,2x8,4,14,200,True,G3_4
east,2x8,2024-01-25,2x8,4,14,200,True,G3_4
east,2x8,2024-02-08,2x8,4,14,205,True,G3_4
east,2x8,2024-02-15,2x8,4,14,205,True,G3_4
east,2x8,2024-02-22,2x8,4,14,205,True,G3_4
east,2x8,2024-02-29,2x8,4,14,205,True,G3_4
east,2x8,2024-03-07,2x8,4,14,205,True,G3_4
east,2x8,2024-03-14,2x8,4,14,205,True,G3_4
east,2x8,2024-03-21,2x8,4,14,205,True,G3_4
east,2x8,2024-03-28,2x8,4,14,205,True,G3_4
east,2x8,2024-04-04,2x8,4,14,205,True,G3_4
east,2x8,2024-04-11,2x8,4,14,210,True,G3_4
east,2x8,2024-04-18,2x8,4,14,210,True,G3_4
east,2x8,2024-04-25,2x8,4,14,210,True,G3_4
east,2x8,2024-05-02,2x8,4,14,210,True,G3_4
east,2x8,2024-05-09,2x8,4,14,210,True,G3_4
east,2x8,2024-05-16,2x8,4,14,210,True,G3_4
east,2x8,2024-05-30,2x8,4,14,210,True,G3_4
east,2x8,2024-06-06,2x8,4,14,210,True,G3_4
east,2x8,2024-06-13,2x8,4,14,210,True,G3_4
east,2x8,2024-06-20,2x8,4,14,210,True,G3_4
east,2x8,2024-06-27,2x8,4,14,210,True,G3_4
east,2x8,2024-07-04,2x8,4,14,210,True,G3_4
east,2x8,2024-07-11,2x8,4,14,210,True,G3_4
east,2x8,2024-07-18,2x8,4,14,210,True,G3_4
east,2x8,2024-07-25,2x8,4,14,210,True,G3_4
east,2x8,2024-08-01,2x8,4,14,210,True,G3_4
east,2x8,2024-08-08,2x8,4,14,210,True,G3_4
east,2x8,2024-08-15,2x8,4,14,210,True,G3_4
east,2x8,2024-08-22,2x8,4,14,210,True,G3_4
east,2x8,2024-08-29,2x8,4,14,210,True,G3_4
east,2x8,2024-09-05,2x8,4,14,210,True,G3_4
east,2x8,2024-09-12,2x8,4,14,210,True,G3_4
east,2x8,2024-09-20,2x8,4,14,210,True,G3_4
east,2x8,2024-09-27,2x8,4,14,215,True,G3_4
east,2x8,2024-10-04,2x8,4,14,220,True,G3_4
east,2x8,2024-10-11,2x8,4,14,225,True,G3_4
east,2x8,2024-10-18,2x8,4,14,235,True,G3_4
east,2x8,2024-10-25,2x8,4,14,240,True,G3_4
east,2x8,2024-11-01,2x8,4,14,240,True,G3_4
east,2x8,2024-11-08,2x8,4,14,245,True,G3_4
east,2x8,2024-11-15,2x8,4,14,250,True,G3_4
east,2x8,2024-11-22,2x8,4,14,250,True,G3_4
east,2x8,2024-11-27,2x8,4,14,255,True,G3_4
east,2x8,2024-12-06,2x8,4,14,260,True,G3_4
east,2x8,2024-12-13,2x8,4,14,260,True,G3_4
east,2x8,2024-12-20,2x8,4,14,265,True,G3_4
east,2x8,2025-01-03,2x8,4,14,270,True,G3_4
east,2x8,2025-01-10,2x8,4,14,275,True,G3_4
east,2x8,2025-01-17,2x8,4,14,280,True,G3_4
east,2x8,2025-01-24,2x8,4,14,285,True,G3_4
east,2x8,2025-01-31,2x8,4,14,285,True,G3_4
east,2x8,2025-02-07,2x8,4,14,290,True,G3_4
east,2x8,2025-02-14,2x8,4,14,300,True,G3_4
east,2x8,2025-02-21,2x8,4,14,305,True,G3_4
east,2x8,2025-02-28,2x8,4,14,310,True,G3_4
east,2x8,2025-03-07,2x8,4,14,310,True,G3_4
east,2x8,2025-03-14,2x8,4,14,315,True,G3_4
east,2x8,2025-03-21,2x8,4,14,315,True,G3_4
east,2x8,2025-03-28,2x8,4,14,320,True,G3_4
east,2x8,2025-04-04,2x8,4,14,320,True,G3_4
east,2x8,2025-04-11,2x8,4,14,320,True,G3_4
east,2x8,2025-04-18,2x8,4,14,320,True,G3_4
east,2x8,2025-04-25,2x8,4,14,315,True,G3_4
east,2x8,2025-05-02,2x8,4,14,315,True,G3_4
east,2x8,2025-05-09,2x8,4,14,300,True,G3_4
east,2x8,2025-05-16,2x8,4,14,290,True,G3_4
east,2x8,2025-05-23,2x8,4,14,280,True,G3_4
east,2x8,2025-05-30,2x8,4,14,270,True,G3_4
east,2x8,2025-06-06,2x8,4,14,250,True,G3_4
east,2x8,2025-06-13,2x8,4,14,250,True,G3_4
east,2x8,2025-06-19,2x8,4,14,235,True,G3_4
east,2x8,2025-06-27,2x8,4,14,225,True,G3_4
east,2x8,2025-07-03,2x8,4,14,225,True,G3_4
east,2x8,2025-07-11,2x8,4,14,225,True,G3_4
east,2x8,2025-07-18,2x8,4,14,225,True,G3_4
east,2x8,2025-07-25,2x8,4,14,225,True,G3_4
east,2x8,2025-08-01,2x8,4,14,225,True,G3_4
east,2x8,2025-08-08,2x8,4,14,225,True,G3_4
east,2x8,2025-08-15,2x8,4,14,225,True,G3_4
east,2x8,2025-08-22,2x8,4,14,225,True,G3_4
east,2x8,2025-08-29,2x8,4,14,225,True,G3_4
east,2x8,2025-09-05,2x8,4,14,225,True,G3_4
east,2x8,2025-09-12,2x8,4,14,225,True,G3_4
east,2x8,2025-09-19,2x8,4,14,225,True,G3_4
east,2x8,2025-09-26,2x8,4,14,225,True,G3_4
east,2x8,2025-10-03,2x8,4,14,205,True,G3_4
east,2x8,2025-10-10,2x8,4,14,225,True,G3_4
east,2x8,2025-10-17,2x8,4,14,225,True,G3_4
east,2x8,2024-01-12,2x8,4,16,200,True,G3_4
east,2x8,2024-01-18,2x8,4,16,200,True,G3_4
east,2x8,2024-01-25,2x8,4,16,200,True,G3_4
east,2x8,2024-02-08,2x8,4,16,205,True,G3_4
east,2x8,2024-02-15,2x8,4,16,205,True,G3_4
east,2x8,2024-02-22,2x8,4,16,205,True,G3_4
east,2x8,2024-02-29,2x8,4,16,205,True,G3_4
east,2x8,2024-03-07,2x8,4,16,205,True,G3_4
east,2x8,2024-03-14,2x8,4,16,205,True,G3_4
east,2x8,2024-03-21,2x8,4,16,205,True,G3_4
east,2x8,2024-03-28,2x8,4,16,205,True,G3_4
east,2x8,2024-04-04,2x8,4,16,205,True,G3_4
east,2x8,2024-04-11,2x8,4,16,210,True,G3_4
east,2x8,2024-04-18,2x8,4,16,210,True,G3_4
east,2x8,2024-04-25,2x8,4,16,210,True,G3_4
east,2x8,2024-05-02,2x8,4,16,210,True,G3_4
east,2x8,2024-05-09,2x8,4,16,210,True,G3_4
east,2x8,2024-05-16,2x8,4,16,210,True,G3_4
east,2x8,2024-05-30,2x8,4,16,210,True,G3_4
east,2x8,2024-06-06,2x8,4,16,210,True,G3_4
east,2x8,2024-06-13,2x8,4,16,210,True,G3_4
east,2x8,2024-06-20,2x8,4,16,210,True,G3_4
east,2x8,2024-06-27,2x8,4,16,210,True,G3_4
east,2x8,2024-07-04,2x8,4,16,210,True,G3_4
east,2x8,2024-07-11,2x8,4,16,210,True,G3_4
east,2x8,2024-07-18,2x8,4,16,210,True,G3_4
east,2x8,2024-07-25,2x8,4,16,210,True,G3_4
east,2x8,2024-08-01,2x8,4,16,210,True,G3_4
east,2x8,2024-08-08,2x8,4,16,210,True,G3_4
east,2x8,2024-08-15,2x8,4,16,210,True,G3_4
east,2x8,2024-08-22,2x8,4,16,210,True,G3_4
east,2x8,2024-08-29,2x8,4,16,210,True,G3_4
east,2x8,2024-09-05,2x8,4,16,210,True,G3_4
east,2x8,2024-09-12,2x8,4,16,210,True,G3_4
east,2x8,2024-09-20,2x8,4,16,210,True,G3_4
east,2x8,2024-09-27,2x8,4,16,215,True,G3_4
east,2x8,2024-10-04,2x8,4,16,220,True,G3_4
east,2x8,2024-10-11,2x8,4,16,225,True,G3_4
east,2x8,2024-10-18,2x8,4,16,235,True,G3_4
east,2x8,2024-10-25,2x8,4,16,240,True,G3_4
east,2x8,2024-11-01,2x8,4,16,240,True,G3_4
east,2x8,2024-11-08,2x8,4,16,245,True,G3_4
east,2x8,2024-11-15,2x8,4,16,250,True,G3_4
east,2x8,2024-11-22,2x8,4,16,250,True,G3_4
east,2x8,2024-11-27,2x8,4,16,255,True,G3_4
east,2x8,2024-12-06,2x8,4,16,260,True,G3_4
east,2x8,2024-12-13,2x8,4,16,260,True,G3_4
east,2x8,2024-12-20,2x8,4,16,265,True,G3_4
east,2x8,2025-01-03,2x8,4,16,270,True,G3_4
east,2x8,2025-01-10,2x8,4,16,275,True,G3_4
east,2x8,2025-01-17,2x8,4,16,280,True,G3_4
east,2x8,2025-01-24,2x8,4,16,285,True,G3_4
east,2x8,2025-01-31,2x8,4,16,285,True,G3_4
east,2x8,2025-02-07,2x8,4,16,290,True,G3_4
east,2x8,2025-02-14,2x8,4,16,300,True,G3_4
east,2x8,2025-02-21,2x8,4,16,305,True,G3_4
east,2x8,2025-02-28,2x8,4,16,310,True,G3_4
east,2x8,2025-03-07,2x8,4,16,310,True,G3_4
east,2x8,2025-03-14,2x8,4,16,315,True,G3_4
east,2x8,2025-03-21,2x8,4,16,315,True,G3_4
east,2x8,2025-03-28,2x8,4,16,320,True,G3_4
east,2x8,2025-04-04,2x8,4,16,320,True,G3_4
east,2x8,2025-04-11,2x8,4,16,320,True,G3_4
east,2x8,2025-04-18,2x8,4,16,320,True,G3_4
east,2x8,2025-04-25,2x8,4,16,315,True,G3_4
east,2x8,2025-05-02,2x8,4,16,315,True,G3_4
east,2x8,2025-05-09,2x8,4,16,300,True,G3_4
east,2x8,2025-05-16,2x8,4,16,290,True,G3_4
east,2x8,2025-05-23,2x8,4,16,280,True,G3_4
east,2x8,2025-05-30,2x8,4,16,270,True,G3_4
east,2x8,2025-06-06,2x8,4,16,250,True,G3_4
east,2x8,2025-06-13,2x8,4,16,250,True,G3_4
east,2x8,2025-06-19,2x8,4,16,235,True,G3_4
east,2x8,2025-06-27,2x8,4,16,225,True,G3_4
east,2x8,2025-07-03,2x8,4,16,225,True,G3_4
east,2x8,2025-07-11,2x8,4,16,225,True,G3_4
east,2x8,2025-07-18,2x8,4,16,225,True,G3_4
east,2x8,2025-07-25,2x8,4,16,225,True,G3_4
east,2x8,2025-08-01,2x8,4,16,225,True,G3_4
east,2x8,2025-08-08,2x8,4,16,225,True,G3_4
east,2x8,2025-08-15,2x8,4,16,225,True,G3_4
east,2x8,2025-08-22,2x8,4,16,225,True,G3_4
east,2x8,2025-08-29,2x8,4,16,225,True,G3_4
east,2x8,2025-09-05,2x8,4,16,225,True,G3_4
east,2x8,2025-09-12,2x8,4,16,225,True,G3_4
east,2x8,2025-09-19,2x8,4,16,225,True,G3_4
east,2x8,2025-09-26,2x8,4,16,225,True,G3_4
east,2x8,2025-10-03,2x8,4,16,205,True,G3_4
east,2x8,2025-10-10,2x8,4,16,225,True,G3_4
east,2x8,2025-10-17,2x8,4,16,225,True,G3_4
east,2x8,2024-01-12,2x8,4,18,200,True,G3_4
east,2x8,2024-01-18,2x8,4,18,200,True,G3_4
east,2x8,2024-01-25,2x8,4,18,200,True,G3_4
east,2x8,2024-02-08,2x8,4,18,205,True,G3_4
east,2x8,2024-02-15,2x8,4,18,205,True,G3_4
east,2x8,2024-02-22,2x8,4,18,205,True,G3_4
east,2x8,2024-02-29,2x8,4,18,205,True,G3_4
east,2x8,2024-03-07,2x8,4,18,205,True,G3_4
east,2x8,2024-03-14,2x8,4,18,205,True,G3_4
east,2x8,2024-03-21,2x8,4,18,205,True,G3_4
east,2x8,2024-03-28,2x8,4,18,205,True,G3_4
east,2x8,2024-04-04,2x8,4,18,205,True,G3_4
east,2x8,2024-04-11,2x8,4,18,210,True,G3_4
east,2x8,2024-04-18,2x8,4,18,210,True,G3_4
east,2x8,2024-04-25,2x8,4,18,210,True,G3_4
east,2x8,2024-05-02,2x8,4,18,210,True,G3_4
east,2x8,2024-05-09,2x8,4,18,210,True,G3_4
east,2x8,2024-05-16,2x8,4,18,210,True,G3_4
east,2x8,2024-05-30,2x8,4,18,210,True,G3_4
east,2x8,2024-06-06,2x8,4,18,210,True,G3_4
east,2x8,2024-06-13,2x8,4,18,210,True,G3_4
east,2x8,2024-06-20,2x8,4,18,210,True,G3_4
east,2x8,2024-06-27,2x8,4,18,210,True,G3_4
east,2x8,2024-07-04,2x8,4,18,210,True,G3_4
east,2x8,2024-07-11,2x8,4,18,210,True,G3_4
east,2x8,2024-07-18,2x8,4,18,210,True,G3_4
east,2x8,2024-07-25,2x8,4,18,210,True,G3_4
east,2x8,2024-08-01,2x8,4,18,210,True,G3_4
east,2x8,2024-08-08,2x8,4,18,210,True,G3_4
east,2x8,2024-08-15,2x8,4,18,210,True,G3_4
east,2x8,2024-08-22,2x8,4,18,210,True,G3_4
east,2x8,2024-08-29,2x8,4,18,210,True,G3_4
east,2x8,2024-09-05,2x8,4,18,210,True,G3_4
east,2x8,2024-09-12,2x8,4,18,210,True,G3_4
east,2x8,2024-09-20,2x8,4,18,210,True,G3_4
east,2x8,2024-09-27,2x8,4,18,215,True,G3_4
east,2x8,2024-10-04,2x8,4,18,220,True,G3_4
east,2x8,2024-10-11,2x8,4,18,225,True,G3_4
east,2x8,2024-10-18,2x8,4,18,235,True,G3_4
east,2x8,2024-10-25,2x8,4,18,240,True,G3_4
east,2x8,2024-11-01,2x8,4,18,240,True,G3_4
east,2x8,2024-11-08,2x8,4,18,245,True,G3_4
east,2x8,2024-11-15,2x8,4,18,250,True,G3_4
east,2x8,2024-11-22,2x8,4,18,250,True,G3_4
east,2x8,2024-11-27,2x8,4,18,255,True,G3_4
east,2x8,2024-12-06,2x8,4,18,260,True,G3_4
east,2x8,2024-12-13,2x8,4,18,260,True,G3_4
east,2x8,2024-12-20,2x8,4,18,265,True,G3_4
east,2x8,2025-01-03,2x8,4,18,270,True,G3_4
east,2x8,2025-01-10,2x8,4,18,275,True,G3_4
east,2x8,2025-01-17,2x8,4,18,280,True,G3_4
east,2x8,2025-01-24,2x8,4,18,285,True,G3_4
east,2x8,2025-01-31,2x8,4,18,285,True,G3_4
east,2x8,2025-02-07,2x8,4,18,290,True,G3_4
east,2x8,2025-02-14,2x8,4,18,300,True,G3_4
east,2x8,2025-02-21,2x8,4,18,305,True,G3_4
east,2x8,2025-02-28,2x8,4,18,310,True,G3_4
east,2x8,2025-03-07,2x8,4,18,310,True,G3_4
east,2x8,2025-03-14,2x8,4,18,315,True,G3_4
east,2x8,2025-03-21,2x8,4,18,315,True,G3_4
east,2x8,2025-03-28,2x8,4,18,320,True,G3_4
east,2x8,2025-04-04,2x8,4,18,320,True,G3_4
east,2x8,2025-04-11,2x8,4,18,320,True,G3_4
east,2x8,2025-04-18,2x8,4,18,320,True,G3_4
east,2x8,2025-04-25,2x8,4,18,315,True,G3_4
east,2x8,2025-05-02,2x8,4,18,315,True,G3_4
east,2x8,2025-05-09,2x8,4,18,300,True,G3_4
east,2x8,2025-05-16,2x8,4,18,290,True,G3_4
east,2x8,2025-05-23,2x8,4,18,280,True,G3_4
east,2x8,2025-05-30,2x8,4,18,270,True,G3_4
east,2x8,2025-06-06,2x8,4,18,250,True,G3_4
east,2x8,2025-06-13,2x8,4,18,250,True,G3_4
east,2x8,2025-06-19,2x8,4,18,235,True,G3_4
east,2x8,2025-06-27,2x8,4,18,225,True,G3_4
east,2x8,2025-07-03,2x8,4,18,225,True,G3_4
east,2x8,2025-07-11,2x8,4,18,225,True,G3_4
east,2x8,2025-07-18,2x8,4,18,225,True,G3_4
east,2x8,2025-07-25,2x8,4,18,225,True,G3_4
east,2x8,2025-08-01,2x8,4,18,225,True,G3_4
east,2x8,2025-08-08,2x8,4,18,225,True,G3_4
east,2x8,2025-08-15,2x8,4,18,225,True,G3_4
east,2x8,2025-08-22,2x8,4,18,225,True,G3_4
east,2x8,2025-08-29,2x8,4,18,225,True,G3_4
east,2x8,2025-09-05,2x8,4,18,225,True,G3_4
east,2x8,2025-09-12,2x8,4,18,225,True,G3_4
east,2x8,2025-09-19,2x8,4,18,225,True,G3_4
east,2x8,2025-09-26,2x8,4,18,225,True,G3_4
east,2x8,2025-10-03,2x8,4,18,205,True,G3_4
east,2x8,2025-10-10,2x8,4,18,225,True,G3_4
east,2x8,2025-10-17,2x8,4,18,225,True,G3_4
east,2x8,2024-01-12,2x8,4,20,200,True,G3_4
east,2x8,2024-01-18,2x8,4,20,200,True,G3_4
east,2x8,2024-01-25,2x8,4,20,200,True,G3_4
east,2x8,2024-02-08,2x8,4,20,205,True,G3_4
east,2x8,2024-02-15,2x8,4,20,205,True,G3_4
east,2x8,2024-02-22,2x8,4,20,205,True,G3_4
east,2x8,2024-02-29,2x8,4,20,205,True,G3_4
east,2x8,2024-03-07,2x8,4,20,205,True,G3_4
east,2x8,2024-03-14,2x8,4,20,205,True,G3_4
east,2x8,2024-03-21,2x8,4,20,205,True,G3_4
east,2x8,2024-03-28,2x8,4,20,205,True,G3_4
east,2x8,2024-04-04,2x8,4,20,205,True,G3_4
east,2x8,2024-04-11,2x8,4,20,210,True,G3_4
east,2x8,2024-04-18,2x8,4,20,210,True,G3_4
east,2x8,2024-04-25,2x8,4,20,210,True,G3_4
east,2x8,2024-05-02,2x8,4,20,210,True,G3_4
east,2x8,2024-05-09,2x8,4,20,210,True,G3_4
east,2x8,2024-05-16,2x8,4,20,210,True,G3_4
east,2x8,2024-05-30,2x8,4,20,210,True,G3_4
east,2x8,2024-06-06,2x8,4,20,210,True,G3_4
east,2x8,2024-06-13,2x8,4,20,210,True,G3_4
east,2x8,2024-06-20,2x8,4,20,210,True,G3_4
east,2x8,2024-06-27,2x8,4,20,210,True,G3_4
east,2x8,2024-07-04,2x8,4,20,210,True,G3_4
east,2x8,2024-07-11,2x8,4,20,210,True,G3_4
east,2x8,2024-07-18,2x8,4,20,210,True,G3_4
east,2x8,2024-07-25,2x8,4,20,210,True,G3_4
east,2x8,2024-08-01,2x8,4,20,210,True,G3_4
east,2x8,2024-08-08,2x8,4,20,210,True,G3_4
east,2x8,2024-08-15,2x8,4,20,210,True,G3_4
east,2x8,2024-08-22,2x8,4,20,210,True,G3_4
east,2x8,2024-08-29,2x8,4,20,210,True,G3_4
east,2x8,2024-09-05,2x8,4,20,210,True,G3_4
east,2x8,2024-09-12,2x8,4,20,210,True,G3_4
east,2x8,2024-09-20,2x8,4,20,210,True,G3_4
east,2x8,2024-09-27,2x8,4,20,215,True,G3_4
east,2x8,2024-10-04,2x8,4,20,220,True,G3_4
east,2x8,2024-10-11,2x8,4,20,225,True,G3_4
east,2x8,2024-10-18,2x8,4,20,235,True,G3_4
east,2x8,2024-10-25,2x8,4,20,240,True,G3_4
east,2x8,2024-11-01,2x8,4,20,240,True,G3_4
east,2x8,2024-11-08,2x8,4,20,245,True,G3_4
east,2x8,2024-11-15,2x8,4,20,250,True,G3_4
east,2x8,2024-11-22,2x8,4,20,250,True,G3_4
east,2x8,2024-11-27,2x8,4,20,255,True,G3_4
east,2x8,2024-12-06,2x8,4,20,260,True,G3_4
east,2x8,2024-12-13,2x8,4,20,260,True,G3_4
east,2x8,2024-12-20,2x8,4,20,265,True,G3_4
east,2x8,2025-01-03,2x8,4,20,270,True,G3_4
east,2x8,2025-01-10,2x8,4,20,275,True,G3_4
east,2x8,2025-01-17,2x8,4,20,280,True,G3_4
east,2x8,2025-01-24,2x8,4,20,285,True,G3_4
east,2x8,2025-01-31,2x8,4,20,285,True,G3_4
east,2x8,2025-02-07,2x8,4,20,290,True,G3_4
east,2x8,2025-02-14,2x8,4,20,300,True,G3_4
east,2x8,2025-02-21,2x8,4,20,305,True,G3_4
east,2x8,2025-02-28,2x8,4,20,310,True,G3_4
east,2x8,2025-03-07,2x8,4,20,310,True,G3_4
east,2x8,2025-03-14,2x8,4,20,315,True,G3_4
east,2x8,2025-03-21,2x8,4,20,315,True,G3_4
east,2x8,2025-03-28,2x8,4,20,320,True,G3_4
east,2x8,2025-04-04,2x8,4,20,320,True,G3_4
east,2x8,2025-04-11,2x8,4,20,320,True,G3_4
east,2x8,2025-04-18,2x8,4,20,320,True,G3_4
east,2x8,2025-04-25,2x8,4,20,315,True,G3_4
east,2x8,2025-05-02,2x8,4,20,315,True,G3_4
east,2x8,2025-05-09,2x8,4,20,300,True,G3_4
east,2x8,2025-05-16,2x8,4,20,290,True,G3_4
east,2x8,2025-05-23,2x8,4,20,280,True,G3_4
east,2x8,2025-05-30,2x8,4,20,270,True,G3_4
east,2x8,2025-06-06,2x8,4,20,250,True,G3_4
east,2x8,2025-06-13,2x8,4,20,250,True,G3_4
east,2x8,2025-06-19,2x8,4,20,235,True,G3_4
east,2x8,2025-06-27,2x8,4,20,225,True,G3_4
east,2x8,2025-07-03,2x8,4,20,225,True,G3_4
east,2x8,2025-07-11,2x8,4,20,225,True,G3_4
east,2x8,2025-07-18,2x8,4,20,225,True,G3_4
east,2x8,2025-07-25,2x8,4,20,225,True,G3_4
east,2x8,2025-08-01,2x8,4,20,225,True,G3_4
east,2x8,2025-08-08,2x8,4,20,225,True,G3_4
east,2x8,2025-08-15,2x8,4,20,225,True,G3_4
east,2x8,2025-08-22,2x8,4,20,225,True,G3_4
east,2x8,2025-08-29,2x8,4,20,225,True,G3_4
east,2x8,2025-09-05,2x8,4,20,225,True,G3_4
east,2x8,2025-09-12,2x8,4,20,225,True,G3_4
east,2x8,2025-09-19,2x8,4,20,225,True,G3_4
east,2x8,2025-09-26,2x8,4,20,225,True,G3_4
east,2x8,2025-10-03,2x8,4,20,205,True,G3_4
east,2x8,2025-10-10,2x8,4,20,225,True,G3_4
east,2x8,2025-10-17,2x8,4,20,225,True,G3_4
west,2x10 #3,2024-01-12,2x10,3,8,190,True,G3_4
west,2x10 #3,2024-01-18,2x10,3,8,190,True,G3_4
west,2x10 #3,2024-01-25,2x10,3,8,190,True,G3_4
west,2x10 #3,2024-02-08,2x10,3,8,190,True,G3_4
west,2x10 #3,2024-02-15,2x10,3,8,190,True,G3_4
west,2x10 #3,2024-02-22,2x10,3,8,195,True,G3_4
west,2x10 #3,2024-02-29,2x10,3,8,200,True,G3_4
west,2x10 #3,2024-03-07,2x10,3,8,205,True,G3_4
west,2x10 #3,2024-03-14,2x10,3,8,205,True,G3_4
west,2x10 #3,2024-03-21,2x10,3,8,210,True,G3_4
west,2x10 #3,2024-03-28,2x10,3,8,210,True,G3_4
west,2x10 #3,2024-04-04,2x10,3,8,210,True,G3_4
west,2x10 #3,2024-04-11,2x10,3,8,210,True,G3_4
west,2x10 #3,2024-04-18,2x10,3,8,210,True,G3_4
west,2x10 #3,2024-04-25,2x10,3,8,215,True,G3_4
west,2x10 #3,2024-05-02,2x10,3,8,215,True,G3_4
west,2x10 #3,2024-05-09,2x10,3,8,220,True,G3_4
west,2x10 #3,2024-05-16,2x10,3,8,225,True,G3_4
west,2x10 #3,2024-05-30,2x10,3,8,230,True,G3_4
west,2x10 #3,2024-06-06,2x10,3,8,230,True,G3_4
west,2x10 #3,2024-06-13,2x10,3,8,230,True,G3_4
west,2x10 #3,2024-06-20,2x10,3,8,230,True,G3_4
west,2x10 #3,2024-06-27,2x10,3,8,225,True,G3_4
west,2x10 #3,2024-07-04,2x10,3,8,225,True,G3_4
west,2x10 #3,2024-07-11,2x10,3,8,225,True,G3_4
west,2x10 #3,2024-07-18,2x10,3,8,225,True,G3_4
west,2x10 #3,2024-07-25,2x10,3,8,225,True,G3_4
west,2x10 #3,2024-08-01,2x10,3,8,225,True,G3_4
west,2x10 #3,2024-08-08,2x10,3,8,225,True,G3_4
west,2x10 #3,2024-08-15,2x10,3,8,225,True,G3_4
west,2x10 #3,2024-08-22,2x10,3,8,225,True,G3_4
west,2x10 #3,2024-08-29,2x10,3,8,225,True,G3_4
west,2x10 #3,2024-09-05,2x10,3,8,225,True,G3_4
west,2x10 #3,2024-09-12,2x10,3,8,225,True,G3_4
west,2x10 #3,2024-09-20,2x10,3,8,225,True,G3_4
west,2x10 #3,2024-09-27,2x10,3,8,225,True,G3_4
west,2x10 #3,2024-10-04,2x10,3,8,225,True,G3_4
west,2x10 #3,2024-10-11,2x10,3,8,225,True,G3_4
west,2x10 #3,2024-10-18,2x10,3,8,235,True,G3_4
west,2x10 #3,2024-10-25,2x10,3,8,245,True,G3_4
west,2x10 #3,2024-11-01,2x10,3,8,245,True,G3_4
west,2x10 #3,2024-11-08,2x10,3,8,245,True,G3_4
west,2x10 #3,2024-11-15,2x10,3,8,245,True,G3_4
west,2x10 #3,2024-11-22,2x10,3,8,240,True,G3_4
west,2x10 #3,2024-11-27,2x10,3,8,235,True,G3_4
west,2x10 #3,2024-12-06,2x10,3,8,235,True,G3_4
west,2x10 #3,2024-12-13,2x10,3,8,235,True,G3_4
west,2x10 #3,2024-12-20,2x10,3,8,235,True,G3_4
west,2x10 #3,2025-01-03,2x10,3,8,240,True,G3_4
west,2x10 #3,2025-01-10,2x10,3,8,240,True,G3_4
west,2x10 #3,2025-01-17,2x10,3,8,240,True,G3_4
west,2x10 #3,2025-01-24,2x10,3,8,240,True,G3_4
west,2x10 #3,2025-01-31,2x10,3,8,240,True,G3_4
west,2x10 #3,2025-02-07,2x10,3,8,240,True,G3_4
west,2x10 #3,2025-02-14,2x10,3,8,240,True,G3_4
west,2x10 #3,2025-02-21,2x10,3,8,240,True,G3_4
west,2x10 #3,2025-02-28,2x10,3,8,245,True,G3_4
west,2x10 #3,2025-03-07,2x10,3,8,250,True,G3_4
west,2x10 #3,2025-03-14,2x10,3,8,260,True,G3_4
west,2x10 #3,2025-03-21,2x10,3,8,270,True,G3_4
west,2x10 #3,2025-03-28,2x10,3,8,275,True,G3_4
west,2x10 #3,2025-04-04,2x10,3,8,280,True,G3_4
west,2x10 #3,2025-04-11,2x10,3,8,285,True,G3_4
west,2x10 #3,2025-04-18,2x10,3,8,290,True,G3_4
west,2x10 #3,2025-04-25,2x10,3,8,290,True,G3_4
west,2x10 #3,2025-05-02,2x10,3,8,290,True,G3_4
west,2x10 #3,2025-05-09,2x10,3,8,290,True,G3_4
west,2x10 #3,2025-05-16,2x10,3,8,290,True,G3_4
west,2x10 #3,2025-05-23,2x10,3,8,275,True,G3_4
west,2x10 #3,2025-05-30,2x10,3,8,260,True,G3_4
west,2x10 #3,2025-06-06,2x10,3,8,250,True,G3_4
west,2x10 #3,2025-06-13,2x10,3,8,230,True,G3_4
west,2x10 #3,2025-06-19,2x10,3,8,220,True,G3_4
west,2x10 #3,2025-06-27,2x10,3,8,215,True,G3_4
west,2x10 #3,2025-07-03,2x10,3,8,215,True,G3_4
west,2x10 #3,2025-07-11,2x10,3,8,215,True,G3_4
west,2x10 #3,2025-07-18,2x10,3,8,215,True,G3_4
west,2x10 #3,2025-07-25,2x10,3,8,215,True,G3_4
west,2x10 #3,2025-08-01,2x10,3,8,215,True,G3_4
west,2x10 #3,2025-08-08,2x10,3,8,215,True,G3_4
west,2x10 #3,2025-08-15,2x10,3,8,218,True,G3_4
west,2x10 #3,2025-08-22,2x10,3,8,215,True,G3_4
west,2x10 #3,2025-08-29,2x10,3,8,205,True,G3_4
west,2x10 #3,2025-09-05,2x10,3,8,205,True,G3_4
west,2x10 #3,2025-09-12,2x10,3,8,205,True,G3_4
west,2x10 #3,2025-09-19,2x10,3,8,205,True,G3_4
west,2x10 #3,2025-09-26,2x10,3,8,205,True,G3_4
west,2x10 #3,2025-10-03,2x10,3,8,205,True,G3_4
west,2x10 #3,2025-10-10,2x10,3,8,205,True,G3_4
west,2x10 #3,2025-10-17,2x10,3,8,205,True,G3_4
west,2x10 #3,2024-01-12,2x10,3,10,190,True,G3_4
west,2x10 #3,2024-01-18,2x10,3,10,190,True,G3_4
west,2x10 #3,2024-01-25,2x10,3,10,190,True,G3_4
west,2x10 #3,2024-02-08,2x10,3,10,190,True,G3_4
west,2x10 #3,2024-02-15,2x10,3,10,190,True,G3_4
west,2x10 #3,2024-02-22,2x10,3,10,195,True,G3_4
west,2x10 #3,2024-02-29,2x10,3,10,200,True,G3_4
west,2x10 #3,2024-03-07,2x10,3,10,205,True,G3_4
west,2x10 #3,2024-03-14,2x10,3,10,205,True,G3_4
west,2x10 #3,2024-03-21,2x10,3,10,210,True,G3_4
west,2x10 #3,2024-03-28,2x10,3,10,210,True,G3_4
west,2x10 #3,2024-04-04,2x10,3,10,210,True,G3_4
west,2x10 #3,2024-04-11,2x10,3,10,210,True,G3_4
west,2x10 #3,2024-04-18,2x10,3,10,210,True,G3_4
west,2x10 #3,2024-04-25,2x10,3,10,215,True,G3_4
west,2x10 #3,2024-05-02,2x10,3,10,215,True,G3_4
west,2x10 #3,2024-05-09,2x10,3,10,220,True,G3_4
west,2x10 #3,2024-05-16,2x10,3,10,225,True,G3_4
west,2x10 #3,2024-05-30,2x10,3,10,230,True,G3_4
west,2x10 #3,2024-06-06,2x10,3,10,230,True,G3_4
west,2x10 #3,2024-06-13,2x10,3,10,230,True,G3_4
west,2x10 #3,2024-06-20,2x10,3,10,230,True,G3_4
west,2x10 #3,2024-06-27,2x10,3,10,225,True,G3_4
west,2x10 #3,2024-07-04,2x10,3,10,225,True,G3_4
west,2x10 #3,2024-07-11,2x10,3,10,225,True,G3_4
west,2x10 #3,2024-07-18,2x10,3,10,225,True,G3_4
west,2x10 #3,2024-07-25,2x10,3,10,225,True,G3_4
west,2x10 #3,2024-08-01,2x10,3,10,225,True,G3_4
west,2x10 #3,2024-08-08,2x10,3,10,225,True,G3_4
west,2x10 #3,2024-08-15,2x10,3,10,225,True,G3_4
west,2x10 #3,2024-08-22,2x10,3,10,225,True,G3_4
west,2x10 #3,2024-08-29,2x10,3,10,225,True,G3_4
west,2x10 #3,2024-09-05,2x10,3,10,225,True,G3_4
west,2x10 #3,2024-09-12,2x10,3,10,225,True,G3_4
west,2x10 #3,2024-09-20,2x10,3,10,225,True,G3_4
west,2x10 #3,2024-09-27,2x10,3,10,225,True,G3_4
west,2x10 #3,2024-10-04,2x10,3,10,225,True,G3_4
west,2x10 #3,2024-10-11,2x10,3,10,225,True,G3_4
west,2x10 #3,2024-10-18,2x10,3,10,235,True,G3_4
west,2x10 #3,2024-10-25,2x10,3,10,245,True,G3_4
west,2x10 #3,2024-11-01,2x10,3,10,245,True,G3_4
west,2x10 #3,2024-11-08,2x10,3,10,245,True,G3_4
west,2x10 #3,2024-11-15,2x10,3,10,245,True,G3_4
west,2x10 #3,2024-11-22,2x10,3,10,240,True,G3_4
west,2x10 #3,2024-11-27,2x10,3,10,235,True,G3_4
west,2x10 #3,2024-12-06,2x10,3,10,235,True,G3_4
west,2x10 #3,2024-12-13,2x10,3,10,235,True,G3_4
west,2x10 #3,2024-12-20,2x10,3,10,235,True,G3_4
west,2x10 #3,2025-01-03,2x10,3,10,240,True,G3_4
west,2x10 #3,2025-01-10,2x10,3,10,240,True,G3_4
west,2x10 #3,2025-01-17,2x10,3,10,240,True,G3_4
west,2x10 #3,2025-01-24,2x10,3,10,240,True,G3_4
west,2x10 #3,2025-01-31,2x10,3,10,240,True,G3_4
west,2x10 #3,2025-02-07,2x10,3,10,240,True,G3_4
west,2x10 #3,2025-02-14,2x10,3,10,240,True,G3_4
west,2x10 #3,2025-02-21,2x10,3,10,240,True,G3_4
west,2x10 #3,2025-02-28,2x10,3,10,245,True,G3_4
west,2x10 #3,2025-03-07,2x10,3,10,250,True,G3_4
west,2x10 #3,2025-03-14,2x10,3,10,260,True,G3_4
west,2x10 #3,2025-03-21,2x10,3,10,270,True,G3_4
west,2x10 #3,2025-03-28,2x10,3,10,275,True,G3_4
west,2x10 #3,2025-04-04,2x10,3,10,280,True,G3_4
west,2x10 #3,2025-04-11,2x10,3,10,285,True,G3_4
west,2x10 #3,2025-04-18,2x10,3,10,290,True,G3_4
west,2x10 #3,2025-04-25,2x10,3,10,290,True,G3_4
west,2x10 #3,2025-05-02,2x10,3,10,290,True,G3_4
west,2x10 #3,2025-05-09,2x10,3,10,290,True,G3_4
west,2x10 #3,2025-05-16,2x10,3,10,290,True,G3_4
west,2x10 #3,2025-05-23,2x10,3,10,275,True,G3_4
west,2x10 #3,2025-05-30,2x10,3,10,260,True,G3_4
west,2x10 #3,2025-06-06,2x10,3,10,250,True,G3_4
west,2x10 #3,2025-06-13,2x10,3,10,230,True,G3_4
west,2x10 #3,2025-06-19,2x10,3,10,220,True,G3_4
west,2x10 #3,2025-06-27,2x10,3,10,215,True,G3_4
west,2x10 #3,2025-07-03,2x10,3,10,215,True,G3_4
west,2x10 #3,2025-07-11,2x10,3,10,215,True,G3_4
west,2x10 #3,2025-07-18,2x10,3,10,215,True,G3_4
west,2x10 #3,2025-07-25,2x10,3,10,215,True,G3_4
west,2x10 #3,2025-08-01,2x10,3,10,215,True,G3_4
west,2x10 #3,2025-08-08,2x10,3,10,215,True,G3_4
west,2x10 #3,2025-08-15,2x10,3,10,218,True,G3_4
west,2x10 #3,2025-08-22,2x10,3,10,215,True,G3_4
west,2x10 #3,2025-08-29,2x10,3,10,205,True,G3_4
west,2x10 #3,2025-09-05,2x10,3,10,205,True,G3_4
west,2x10 #3,2025-09-12,2x10,3,10,205,True,G3_4
west,2x10 #3,2025-09-19,2x10,3,10,205,True,G3_4
west,2x10 #3,2025-09-26,2x10,3,10,205,True,G3_4
west,2x10 #3,2025-10-03,2x10,3,10,205,True,G3_4
west,2x10 #3,2025-10-10,2x10,3,10,205,True,G3_4
west,2x10 #3,2025-10-17,2x10,3,10,205,True,G3_4
west,2x10 #3,2024-01-12,2x10,3,12,190,True,G3_4
west,2x10 #3,2024-01-18,2x10,3,12,190,True,G3_4
west,2x10 #3,2024-01-25,2x10,3,12,190,True,G3_4
west,2x10 #3,2024-02-08,2x10,3,12,190,True,G3_4
west,2x10 #3,2024-02-15,2x10,3,12,190,True,G3_4
west,2x10 #3,2024-02-22,2x10,3,12,195,True,G3_4
west,2x10 #3,2024-02-29,2x10,3,12,200,True,G3_4
west,2x10 #3,2024-03-07,2x10,3,12,205,True,G3_4
west,2x10 #3,2024-03-14,2x10,3,12,205,True,G3_4
west,2x10 #3,2024-03-21,2x10,3,12,210,True,G3_4
west,2x10 #3,2024-03-28,2x10,3,12,210,True,G3_4
west,2x10 #3,2024-04-04,2x10,3,12,210,True,G3_4
west,2x10 #3,2024-04-11,2x10,3,12,210,True,G3_4
west,2x10 #3,2024-04-18,2x10,3,12,210,True,G3_4
west,2x10 #3,2024-04-25,2x10,3,12,215,True,G3_4
west,2x10 #3,2024-05-02,2x10,3,12,215,True,G3_4
west,2x10 #3,2024-05-09,2x10,3,12,220,True,G3_4
west,2x10 #3,2024-05-16,2x10,3,12,225,True,G3_4
west,2x10 #3,2024-05-30,2x10,3,12,230,True,G3_4
west,2x10 #3,2024-06-06,2x10,3,12,230,True,G3_4
west,2x10 #3,2024-06-13,2x10,3,12,230,True,G3_4
west,2x10 #3,2024-06-20,2x10,3,12,230,True,G3_4
west,2x10 #3,2024-06-27,2x10,3,12,225,True,G3_4
west,2x10 #3,2024-07-04,2x10,3,12,225,True,G3_4
west,2x10 #3,2024-07-11,2x10,3,12,225,True,G3_4
west,2x10 #3,2024-07-18,2x10,3,12,225,True,G3_4
west,2x10 #3,2024-07-25,2x10,3,12,225,True,G3_4
west,2x10 #3,2024-08-01,2x10,3,12,225,True,G3_4
west,2x10 #3,2024-08-08,2x10,3,12,225,True,G3_4
west,2x10 #3,2024-08-15,2x10,3,12,225,True,G3_4
west,2x10 #3,2024-08-22,2x10,3,12,225,True,G3_4
west,2x10 #3,2024-08-29,2x10,3,12,225,True,G3_4
west,2x10 #3,2024-09-05,2x10,3,12,225,True,G3_4
west,2x10 #3,2024-09-12,2x10,3,12,225,True,G3_4
west,2x10 #3,2024-09-20,2x10,3,12,225,True,G3_4
west,2x10 #3,2024-09-27,2x10,3,12,225,True,G3_4
west,2x10 #3,2024-10-04,2x10,3,12,225,True,G3_4
west,2x10 #3,2024-10-11,2x10,3,12,225,True,G3_4
west,2x10 #3,2024-10-18,2x10,3,12,235,True,G3_4
west,2x10 #3,2024-10-25,2x10,3,12,245,True,G3_4
west,2x10 #3,2024-11-01,2x10,3,12,245,True,G3_4
west,2x10 #3,2024-11-08,2x10,3,12,245,True,G3_4
west,2x10 #3,2024-11-15,2x10,3,12,245,True,G3_4
west,2x10 #3,2024-11-22,2x10,3,12,240,True,G3_4
west,2x10 #3,2024-11-27,2x10,3,12,235,True,G3_4
west,2x10 #3,2024-12-06,2x10,3,12,235,True,G3_4
west,2x10 #3,2024-12-13,2x10,3,12,235,True,G3_4
west,2x10 #3,2024-12-20,2x10,3,12,235,True,G3_4
west,2x10 #3,2025-01-03,2x10,3,12,240,True,G3_4
west,2x10 #3,2025-01-10,2x10,3,12,240,True,G3_4
west,2x10 #3,2025-01-17,2x10,3,12,240,True,G3_4
west,2x10 #3,2025-01-24,2x10,3,12,240,True,G3_4
west,2x10 #3,2025-01-31,2x10,3,12,240,True,G3_4
west,2x10 #3,2025-02-07,2x10,3,12,240,True,G3_4
west,2x10 #3,2025-02-14,2x10,3,12,240,True,G3_4
west,2x10 #3,2025-02-21,2x10,3,12,240,True,G3_4
west,2x10 #3,2025-02-28,2x10,3,12,245,True,G3_4
west,2x10 #3,2025-03-07,2x10,3,12,250,True,G3_4
west,2x10 #3,2025-03-14,2x10,3,12,260,True,G3_4
west,2x10 #3,2025-03-21,2x10,3,12,270,True,G3_4
west,2x10 #3,2025-03-28,2x10,3,12,275,True,G3_4
west,2x10 #3,2025-04-04,2x10,3,12,280,True,G3_4
west,2x10 #3,2025-04-11,2x10,3,12,285,True,G3_4
west,2x10 #3,2025-04-18,2x10,3,12,290,True,G3_4
west,2x10 #3,2025-04-25,2x10,3,12,290,True,G3_4
west,2x10 #3,2025-05-02,2x10,3,12,290,True,G3_4
west,2x10 #3,2025-05-09,2x10,3,12,290,True,G3_4
west,2x10 #3,2025-05-16,2x10,3,12,290,True,G3_4
west,2x10 #3,2025-05-23,2x10,3,12,275,True,G3_4
west,2x10 #3,2025-05-30,2x10,3,12,260,True,G3_4
west,2x10 #3,2025-06-06,2x10,3,12,250,True,G3_4
west,2x10 #3,2025-06-13,2x10,3,12,230,True,G3_4
west,2x10 #3,2025-06-19,2x10,3,12,220,True,G3_4
west,2x10 #3,2025-06-27,2x10,3,12,215,True,G3_4
west,2x10 #3,2025-07-03,2x10,3,12,215,True,G3_4
west,2x10 #3,2025-07-11,2x10,3,12,215,True,G3_4
west,2x10 #3,2025-07-18,2x10,3,12,215,True,G3_4
west,2x10 #3,2025-07-25,2x10,3,12,215,True,G3_4
west,2x10 #3,2025-08-01,2x10,3,12,215,True,G3_4
west,2x10 #3,2025-08-08,2x10,3,12,215,True,G3_4
west,2x10 #3,2025-08-15,2x10,3,12,218,True,G3_4
west,2x10 #3,2025-08-22,2x10,3,12,215,True,G3_4
west,2x10 #3,2025-08-29,2x10,3,12,205,True,G3_4
west,2x10 #3,2025-09-05,2x10,3,12,205,True,G3_4
west,2x10 #3,2025-09-12,2x10,3,12,205,True,G3_4
west,2x10 #3,2025-09-19,2x10,3,12,205,True,G3_4
west,2x10 #3,2025-09-26,2x10,3,12,205,True,G3_4
west,2x10 #3,2025-10-03,2x10,3,12,205,True,G3_4
west,2x10 #3,2025-10-10,2x10,3,12,205,True,G3_4
west,2x10 #3,2025-10-17,2x10,3,12,205,True,G3_4
west,2x10 #3,2024-01-12,2x10,3,14,190,True,G3_4
west,2x10 #3,2024-01-18,2x10,3,14,190,True,G3_4
west,2x10 #3,2024-01-25,2x10,3,14,190,True,G3_4
west,2x10 #3,2024-02-08,2x10,3,14,190,True,G3_4
west,2x10 #3,2024-02-15,2x10,3,14,190,True,G3_4
west,2x10 #3,2024-02-22,2x10,3,14,195,True,G3_4
west,2x10 #3,2024-02-29,2x10,3,14,200,True,G3_4
west,2x10 #3,2024-03-07,2x10,3,14,205,True,G3_4
west,2x10 #3,2024-03-14,2x10,3,14,205,True,G3_4
west,2x10 #3,2024-03-21,2x10,3,14,210,True,G3_4
west,2x10 #3,2024-03-28,2x10,3,14,210,True,G3_4
west,2x10 #3,2024-04-04,2x10,3,14,210,True,G3_4
west,2x10 #3,2024-04-11,2x10,3,14,210,True,G3_4
west,2x10 #3,2024-04-18,2x10,3,14,210,True,G3_4
west,2x10 #3,2024-04-25,2x10,3,14,215,True,G3_4
west,2x10 #3,2024-05-02,2x10,3,14,215,True,G3_4
west,2x10 #3,2024-05-09,2x10,3,14,220,True,G3_4
west,2x10 #3,2024-05-16,2x10,3,14,225,True,G3_4
west,2x10 #3,2024-05-30,2x10,3,14,230,True,G3_4
west,2x10 #3,2024-06-06,2x10,3,14,230,True,G3_4
west,2x10 #3,2024-06-13,2x10,3,14,230,True,G3_4
west,2x10 #3,2024-06-20,2x10,3,14,230,True,G3_4
west,2x10 #3,2024-06-27,2x10,3,14,225,True,G3_4
west,2x10 #3,2024-07-04,2x10,3,14,225,True,G3_4
west,2x10 #3,2024-07-11,2x10,3,14,225,True,G3_4
west,2x10 #3,2024-07-18,2x10,3,14,225,True,G3_4
west,2x10 #3,2024-07-25,2x10,3,14,225,True,G3_4
west,2x10 #3,2024-08-01,2x10,3,14,225,True,G3_4
west,2x10 #3,2024-08-08,2x10,3,14,225,True,G3_4
west,2x10 #3,2024-08-15,2x10,3,14,225,True,G3_4
west,2x10 #3,2024-08-22,2x10,3,14,225,True,G3_4
west,2x10 #3,2024-08-29,2x10,3,14,225,True,G3_4
west,2x10 #3,2024-09-05,2x10,3,14,225,True,G3_4
west,2x10 #3,2024-09-12,2x10,3,14,225,True,G3_4
west,2x10 #3,2024-09-20,2x10,3,14,225,True,G3_4
west,2x10 #3,2024-09-27,2x10,3,14,225,True,G3_4
west,2x10 #3,2024-10-04,2x10,3,14,225,True,G3_4
west,2x10 #3,2024-10-11,2x10,3,14,225,True,G3_4
west,2x10 #3,2024-10-18,2x10,3,14,235,True,G3_4
west,2x10 #3,2024-10-25,2x10,3,14,245,True,G3_4
west,2x10 #3,2024-11-01,2x10,3,14,245,True,G3_4
west,2x10 #3,2024-11-08,2x10,3,14,245,True,G3_4
west,2x10 #3,2024-11-15,2x10,3,14,245,True,G3_4
west,2x10 #3,2024-11-22,2x10,3,14,240,True,G3_4
west,2x10 #3,2024-11-27,2x10,3,14,235,True,G3_4
west,2x10 #3,2024-12-06,2x10,3,14,235,True,G3_4
west,2x10 #3,2024-12-13,2x10,3,14,235,True,G3_4
west,2x10 #3,2024-12-20,2x10,3,14,235,True,G3_4
west,2x10 #3,2025-01-03,2x10,3,14,240,True,G3_4
west,2x10 #3,2025-01-10,2x10,3,14,240,True,G3_4
west,2x10 #3,2025-01-17,2x10,3,14,240,True,G3_4
west,2x10 #3,2025-01-24,2x10,3,14,240,True,G3_4
west,2x10 #3,2025-01-31,2x10,3,14,240,True,G3_4
west,2x10 #3,2025-02-07,2x10,3,14,240,True,G3_4
west,2x10 #3,2025-02-14,2x10,3,14,240,True,G3_4
west,2x10 #3,2025-02-21,2x10,3,14,240,True,G3_4
west,2x10 #3,2025-02-28,2x10,3,14,245,True,G3_4
west,2x10 #3,2025-03-07,2x10,3,14,250,True,G3_4
west,2x10 #3,2025-03-14,2x10,3,14,260,True,G3_4
west,2x10 #3,2025-03-21,2x10,3,14,270,True,G3_4
west,2x10 #3,2025-03-28,2x10,3,14,275,True,G3_4
west,2x10 #3,2025-04-04,2x10,3,14,280,True,G3_4
west,2x10 #3,2025-04-11,2x10,3,14,285,True,G3_4
west,2x10 #3,2025-04-18,2x10,3,14,290,True,G3_4
west,2x10 #3,2025-04-25,2x10,3,14,290,True,G3_4
west,2x10 #3,2025-05-02,2x10,3,14,290,True,G3_4
west,2x10 #3,2025-05-09,2x10,3,14,290,True,G3_4
west,2x10 #3,2025-05-16,2x10,3,14,290,True,G3_4
west,2x10 #3,2025-05-23,2x10,3,14,275,True,G3_4
west,2x10 #3,2025-05-30,2x10,3,14,260,True,G3_4
west,2x10 #3,2025-06-06,2x10,3,14,250,True,G3_4
west,2x10 #3,2025-06-13,2x10,3,14,230,True,G3_4
west,2x10 #3,2025-06-19,2x10,3,14,220,True,G3_4
west,2x10 #3,2025-06-27,2x10,3,14,215,True,G3_4
west,2x10 #3,2025-07-03,2x10,3,14,215,True,G3_4
west,2x10 #3,2025-07-11,2x10,3,14,215,True,G3_4
west,2x10 #3,2025-07-18,2x10,3,14,215,True,G3_4
west,2x10 #3,2025-07-25,2x10,3,14,215,True,G3_4
west,2x10 #3,2025-08-01,2x10,3,14,215,True,G3_4
west,2x10 #3,2025-08-08,2x10,3,14,215,True,G3_4
west,2x10 #3,2025-08-15,2x10,3,14,218,True,G3_4
west,2x10 #3,2025-08-22,2x10,3,14,215,True,G3_4
west,2x10 #3,2025-08-29,2x10,3,14,205,True,G3_4
west,2x10 #3,2025-09-05,2x10,3,14,205,True,G3_4
west,2x10 #3,2025-09-12,2x10,3,14,205,True,G3_4
west,2x10 #3,2025-09-19,2x10,3,14,205,True,G3_4
west,2x10 #3,2025-09-26,2x10,3,14,205,True,G3_4
west,2x10 #3,2025-10-03,2x10,3,14,205,True,G3_4
west,2x10 #3,2025-10-10,2x10,3,14,205,True,G3_4
west,2x10 #3,2025-10-17,2x10,3,14,205,True,G3_4
west,2x10 #3,2024-01-12,2x10,3,16,190,True,G3_4
west,2x10 #3,2024-01-18,2x10,3,16,190,True,G3_4
west,2x10 #3,2024-01-25,2x10,3,16,190,True,G3_4
west,2x10 #3,2024-02-08,2x10,3,16,190,True,G3_4
west,2x10 #3,2024-02-15,2x10,3,16,190,True,G3_4
west,2x10 #3,2024-02-22,2x10,3,16,195,True,G3_4
west,2x10 #3,2024-02-29,2x10,3,16,200,True,G3_4
west,2x10 #3,2024-03-07,2x10,3,16,205,True,G3_4
west,2x10 #3,2024-03-14,2x10,3,16,205,True,G3_4
west,2x10 #3,2024-03-21,2x10,3,16,210,True,G3_4
west,2x10 #3,2024-03-28,2x10,3,16,210,True,G3_4
west,2x10 #3,2024-04-04,2x10,3,16,210,True,G3_4
west,2x10 #3,2024-04-11,2x10,3,16,210,True,G3_4
west,2x10 #3,2024-04-18,2x10,3,16,210,True,G3_4
west,2x10 #3,2024-04-25,2x10,3,16,215,True,G3_4
west,2x10 #3,2024-05-02,2x10,3,16,215,True,G3_4
west,2x10 #3,2024-05-09,2x10,3,16,220,True,G3_4
west,2x10 #3,2024-05-16,2x10,3,16,225,True,G3_4
west,2x10 #3,2024-05-30,2x10,3,16,230,True,G3_4
west,2x10 #3,2024-06-06,2x10,3,16,230,True,G3_4
west,2x10 #3,2024-06-13,2x10,3,16,230,True,G3_4
west,2x10 #3,2024-06-20,2x10,3,16,230,True,G3_4
west,2x10 #3,2024-06-27,2x10,3,16,225,True,G3_4
west,2x10 #3,2024-07-04,2x10,3,16,225,True,G3_4
west,2x10 #3,2024-07-11,2x10,3,16,225,True,G3_4
west,2x10 #3,2024-07-18,2x10,3,16,225,True,G3_4
west,2x10 #3,2024-07-25,2x10,3,16,225,True,G3_4
west,2x10 #3,2024-08-01,2x10,3,16,225,True,G3_4
west,2x10 #3,2024-08-08,2x10,3,16,225,True,G3_4
west,2x10 #3,2024-08-15,2x10,3,16,225,True,G3_4
west,2x10 #3,2024-08-22,2x10,3,16,225,True,G3_4
west,2x10 #3,2024-08-29,2x10,3,16,225,True,G3_4
west,2x10 #3,2024-09-05,2x10,3,16,225,True,G3_4
west,2x10 #3,2024-09-12,2x10,3,16,225,True,G3_4
west,2x10 #3,2024-09-20,2x10,3,16,225,True,G3_4
west,2x10 #3,2024-09-27,2x10,3,16,225,True,G3_4
west,2x10 #3,2024-10-04,2x10,3,16,225,True,G3_4
west,2x10 #3,2024-10-11,2x10,3,16,225,True,G3_4
west,2x10 #3,2024-10-18,2x10,3,16,235,True,G3_4
west,2x10 #3,2024-10-25,2x10,3,16,245,True,G3_4
west,2x10 #3,2024-11-01,2x10,3,16,245,True,G3_4
west,2x10 #3,2024-11-08,2x10,3,16,245,True,G3_4
west,2x10 #3,2024-11-15,2x10,3,16,245,True,G3_4
west,2x10 #3,2024-11-22,2x10,3,16,240,True,G3_4
west,2x10 #3,2024-11-27,2x10,3,16,235,True,G3_4
west,2x10 #3,2024-12-06,2x10,3,16,235,True,G3_4
west,2x10 #3,2024-12-13,2x10,3,16,235,True,G3_4
west,2x10 #3,2024-12-20,2x10,3,16,235,True,G3_4
west,2x10 #3,2025-01-03,2x10,3,16,240,True,G3_4
west,2x10 #3,2025-01-10,2x10,3,16,240,True,G3_4
west,2x10 #3,2025-01-17,2x10,3,16,240,True,G3_4
west,2x10 #3,2025-01-24,2x10,3,16,240,True,G3_4
west,2x10 #3,2025-01-31,2x10,3,16,240,True,G3_4
west,2x10 #3,2025-02-07,2x10,3,16,240,True,G3_4
west,2x10 #3,2025-02-14,2x10,3,16,240,True,G3_4
west,2x10 #3,2025-02-21,2x10,3,16,240,True,G3_4
west,2x10 #3,2025-02-28,2x10,3,16,245,True,G3_4
west,2x10 #3,2025-03-07,2x10,3,16,250,True,G3_4
west,2x10 #3,2025-03-14,2x10,3,16,260,True,G3_4
west,2x10 #3,2025-03-21,2x10,3,16,270,True,G3_4
west,2x10 #3,2025-03-28,2x10,3,16,275,True,G3_4
west,2x10 #3,2025-04-04,2x10,3,16,280,True,G3_4
west,2x10 #3,2025-04-11,2x10,3,16,285,True,G3_4
west,2x10 #3,2025-04-18,2x10,3,16,290,True,G3_4
west,2x10 #3,2025-04-25,2x10,3,16,290,True,G3_4
west,2x10 #3,2025-05-02,2x10,3,16,290,True,G3_4
west,2x10 #3,2025-05-09,2x10,3,16,290,True,G3_4
west,2x10 #3,2025-05-16,2x10,3,16,290,True,G3_4
west,2x10 #3,2025-05-23,2x10,3,16,275,True,G3_4
west,2x10 #3,2025-05-30,2x10,3,16,260,True,G3_4
west,2x10 #3,2025-06-06,2x10,3,16,250,True,G3_4
west,2x10 #3,2025-06-13,2x10,3,16,230,True,G3_4
west,2x10 #3,2025-06-19,2x10,3,16,220,True,G3_4
west,2x10 #3,2025-06-27,2x10,3,16,215,True,G3_4
west,2x10 #3,2025-07-03,2x10,3,16,215,True,G3_4
west,2x10 #3,2025-07-11,2x10,3,16,215,True,G3_4
west,2x10 #3,2025-07-18,2x10,3,16,215,True,G3_4
west,2x10 #3,2025-07-25,2x10,3,16,215,True,G3_4
west,2x10 #3,2025-08-01,2x10,3,16,215,True,G3_4
west,2x10 #3,2025-08-08,2x10,3,16,215,True,G3_4
west,2x10 #3,2025-08-15,2x10,3,16,218,True,G3_4
west,2x10 #3,2025-08-22,2x10,3,16,215,True,G3_4
west,2x10 #3,2025-08-29,2x10,3,16,205,True,G3_4
west,2x10 #3,2025-09-05,2x10,3,16,205,True,G3_4
west,2x10 #3,2025-09-12,2x10,3,16,205,True,G3_4
west,2x10 #3,2025-09-19,2x10,3,16,205,True,G3_4
west,2x10 #3,2025-09-26,2x10,3,16,205,True,G3_4
west,2x10 #3,2025-10-03,2x10,3,16,205,True,G3_4
west,2x10 #3,2025-10-10,2x10,3,16,205,True,G3_4
west,2x10 #3,2025-10-17,2x10,3,16,205,True,G3_4
west,2x10 #3,2024-01-12,2x10,3,18,190,True,G3_4
west,2x10 #3,2024-01-18,2x10,3,18,190,True,G3_4
west,2x10 #3,2024-01-25,2x10,3,18,190,True,G3_4
west,2x10 #3,2024-02-08,2x10,3,18,190,True,G3_4
west,2x10 #3,2024-02-15,2x10,3,18,190,True,G3_4
west,2x10 #3,2024-02-22,2x10,3,18,195,True,G3_4
west,2x10 #3,2024-02-29,2x10,3,18,200,True,G3_4
west,2x10 #3,2024-03-07,2x10,3,18,205,True,G3_4
west,2x10 #3,2024-03-14,2x10,3,18,205,True,G3_4
west,2x10 #3,2024-03-21,2x10,3,18,210,True,G3_4
west,2x10 #3,2024-03-28,2x10,3,18,210,True,G3_4
west,2x10 #3,2024-04-04,2x10,3,18,210,True,G3_4
west,2x10 #3,2024-04-11,2x10,3,18,210,True,G3_4
west,2x10 #3,2024-04-18,2x10,3,18,210,True,G3_4
west,2x10 #3,2024-04-25,2x10,3,18,215,True,G3_4
west,2x10 #3,2024-05-02,2x10,3,18,215,True,G3_4
west,2x10 #3,2024-05-09,2x10,3,18,220,True,G3_4
west,2x10 #3,2024-05-16,2x10,3,18,225,True,G3_4
west,2x10 #3,2024-05-30,2x10,3,18,230,True,G3_4
west,2x10 #3,2024-06-06,2x10,3,18,230,True,G3_4
west,2x10 #3,2024-06-13,2x10,3,18,230,True,G3_4
west,2x10 #3,2024-06-20,2x10,3,18,230,True,G3_4
west,2x10 #3,2024-06-27,2x10,3,18,225,True,G3_4
west,2x10 #3,2024-07-04,2x10,3,18,225,True,G3_4
west,2x10 #3,2024-07-11,2x10,3,18,225,True,G3_4
west,2x10 #3,2024-07-18,2x10,3,18,225,True,G3_4
west,2x10 #3,2024-07-25,2x10,3,18,225,True,G3_4
west,2x10 #3,2024-08-01,2x10,3,18,225,True,G3_4
west,2x10 #3,2024-08-08,2x10,3,18,225,True,G3_4
west,2x10 #3,2024-08-15,2x10,3,18,225,True,G3_4
west,2x10 #3,2024-08-22,2x10,3,18,225,True,G3_4
west,2x10 #3,2024-08-29,2x10,3,18,225,True,G3_4
west,2x10 #3,2024-09-05,2x10,3,18,225,True,G3_4
west,2x10 #3,2024-09-12,2x10,3,18,225,True,G3_4
west,2x10 #3,2024-09-20,2x10,3,18,225,True,G3_4
west,2x10 #3,2024-09-27,2x10,3,18,225,True,G3_4
west,2x10 #3,2024-10-04,2x10,3,18,225,True,G3_4
west,2x10 #3,2024-10-11,2x10,3,18,225,True,G3_4
west,2x10 #3,2024-10-18,2x10,3,18,235,True,G3_4
west,2x10 #3,2024-10-25,2x10,3,18,245,True,G3_4
west,2x10 #3,2024-11-01,2x10,3,18,245,True,G3_4
west,2x10 #3,2024-11-08,2x10,3,18,245,True,G3_4
west,2x10 #3,2024-11-15,2x10,3,18,245,True,G3_4
west,2x10 #3,2024-11-22,2x10,3,18,240,True,G3_4
west,2x10 #3,2024-11-27,2x10,3,18,235,True,G3_4
west,2x10 #3,2024-12-06,2x10,3,18,235,True,G3_4
west,2x10 #3,2024-12-13,2x10,3,18,235,True,G3_4
west,2x10 #3,2024-12-20,2x10,3,18,235,True,G3_4
west,2x10 #3,2025-01-03,2x10,3,18,240,True,G3_4
west,2x10 #3,2025-01-10,2x10,3,18,240,True,G3_4
west,2x10 #3,2025-01-17,2x10,3,18,240,True,G3_4
west,2x10 #3,2025-01-24,2x10,3,18,240,True,G3_4
west,2x10 #3,2025-01-31,2x10,3,18,240,True,G3_4
west,2x10 #3,2025-02-07,2x10,3,18,240,True,G3_4
west,2x10 #3,2025-02-14,2x10,3,18,240,True,G3_4
west,2x10 #3,2025-02-21,2x10,3,18,240,True,G3_4
west,2x10 #3,2025-02-28,2x10,3,18,245,True,G3_4
west,2x10 #3,2025-03-07,2x10,3,18,250,True,G3_4
west,2x10 #3,2025-03-14,2x10,3,18,260,True,G3_4
west,2x10 #3,2025-03-21,2x10,3,18,270,True,G3_4
west,2x10 #3,2025-03-28,2x10,3,18,275,True,G3_4
west,2x10 #3,2025-04-04,2x10,3,18,280,True,G3_4
west,2x10 #3,2025-04-11,2x10,3,18,285,True,G3_4
west,2x10 #3,2025-04-18,2x10,3,18,290,True,G3_4
west,2x10 #3,2025-04-25,2x10,3,18,290,True,G3_4
west,2x10 #3,2025-05-02,2x10,3,18,290,True,G3_4
west,2x10 #3,2025-05-09,2x10,3,18,290,True,G3_4
west,2x10 #3,2025-05-16,2x10,3,18,290,True,G3_4
west,2x10 #3,2025-05-23,2x10,3,18,275,True,G3_4
west,2x10 #3,2025-05-30,2x10,3,18,260,True,G3_4
west,2x10 #3,2025-06-06,2x10,3,18,250,True,G3_4
west,2x10 #3,2025-06-13,2x10,3,18,230,True,G3_4
west,2x10 #3,2025-06-19,2x10,3,18,220,True,G3_4
west,2x10 #3,2025-06-27,2x10,3,18,215,True,G3_4
west,2x10 #3,2025-07-03,2x10,3,18,215,True,G3_4
west,2x10 #3,2025-07-11,2x10,3,18,215,True,G3_4
west,2x10 #3,2025-07-18,2x10,3,18,215,True,G3_4
west,2x10 #3,2025-07-25,2x10,3,18,215,True,G3_4
west,2x10 #3,2025-08-01,2x10,3,18,215,True,G3_4
west,2x10 #3,2025-08-08,2x10,3,18,215,True,G3_4
west,2x10 #3,2025-08-15,2x10,3,18,218,True,G3_4
west,2x10 #3,2025-08-22,2x10,3,18,215,True,G3_4
west,2x10 #3,2025-08-29,2x10,3,18,205,True,G3_4
west,2x10 #3,2025-09-05,2x10,3,18,205,True,G3_4
west,2x10 #3,2025-09-12,2x10,3,18,205,True,G3_4
west,2x10 #3,2025-09-19,2x10,3,18,205,True,G3_4
west,2x10 #3,2025-09-26,2x10,3,18,205,True,G3_4
west,2x10 #3,2025-10-03,2x10,3,18,205,True,G3_4
west,2x10 #3,2025-10-10,2x10,3,18,205,True,G3_4
west,2x10 #3,2025-10-17,2x10,3,18,205,True,G3_4
west,2x10 #3,2024-01-12,2x10,3,20,190,True,G3_4
west,2x10 #3,2024-01-18,2x10,3,20,190,True,G3_4
west,2x10 #3,2024-01-25,2x10,3,20,190,True,G3_4
west,2x10 #3,2024-02-08,2x10,3,20,190,True,G3_4
west,2x10 #3,2024-02-15,2x10,3,20,190,True,G3_4
west,2x10 #3,2024-02-22,2x10,3,20,195,True,G3_4
west,2x10 #3,2024-02-29,2x10,3,20,200,True,G3_4
west,2x10 #3,2024-03-07,2x10,3,20,205,True,G3_4
west,2x10 #3,2024-03-14,2x10,3,20,205,True,G3_4
west,2x10 #3,2024-03-21,2x10,3,20,210,True,G3_4
west,2x10 #3,2024-03-28,2x10,3,20,210,True,G3_4
west,2x10 #3,2024-04-04,2x10,3,20,210,True,G3_4
west,2x10 #3,2024-04-11,2x10,3,20,210,True,G3_4
west,2x10 #3,2024-04-18,2x10,3,20,210,True,G3_4
west,2x10 #3,2024-04-25,2x10,3,20,215,True,G3_4
west,2x10 #3,2024-05-02,2x10,3,20,215,True,G3_4
west,2x10 #3,2024-05-09,2x10,3,20,220,True,G3_4
west,2x10 #3,2024-05-16,2x10,3,20,225,True,G3_4
west,2x10 #3,2024-05-30,2x10,3,20,230,True,G3_4
west,2x10 #3,2024-06-06,2x10,3,20,230,True,G3_4
west,2x10 #3,2024-06-13,2x10,3,20,230,True,G3_4
west,2x10 #3,2024-06-20,2x10,3,20,230,True,G3_4
west,2x10 #3,2024-06-27,2x10,3,20,225,True,G3_4
west,2x10 #3,2024-07-04,2x10,3,20,225,True,G3_4
west,2x10 #3,2024-07-11,2x10,3,20,225,True,G3_4
west,2x10 #3,2024-07-18,2x10,3,20,225,True,G3_4
west,2x10 #3,2024-07-25,2x10,3,20,225,True,G3_4
west,2x10 #3,2024-08-01,2x10,3,20,225,True,G3_4
west,2x10 #3,2024-08-08,2x10,3,20,225,True,G3_4
west,2x10 #3,2024-08-15,2x10,3,20,225,True,G3_4
west,2x10 #3,2024-08-22,2x10,3,20,225,True,G3_4
west,2x10 #3,2024-08-29,2x10,3,20,225,True,G3_4
west,2x10 #3,2024-09-05,2x10,3,20,225,True,G3_4
west,2x10 #3,2024-09-12,2x10,3,20,225,True,G3_4
west,2x10 #3,2024-09-20,2x10,3,20,225,True,G3_4
west,2x10 #3,2024-09-27,2x10,3,20,225,True,G3_4
west,2x10 #3,2024-10-04,2x10,3,20,225,True,G3_4
west,2x10 #3,2024-10-11,2x10,3,20,225,True,G3_4
west,2x10 #3,2024-10-18,2x10,3,20,235,True,G3_4
west,2x10 #3,2024-10-25,2x10,3,20,245,True,G3_4
west,2x10 #3,2024-11-01,2x10,3,20,245,True,G3_4
west,2x10 #3,2024-11-08,2x10,3,20,245,True,G3_4
west,2x10 #3,2024-11-15,2x10,3,20,245,True,G3_4
west,2x10 #3,2024-11-22,2x10,3,20,240,True,G3_4
west,2x10 #3,2024-11-27,2x10,3,20,235,True,G3_4
west,2x10 #3,2024-12-06,2x10,3,20,235,True,G3_4
west,2x10 #3,2024-12-13,2x10,3,20,235,True,G3_4
west,2x10 #3,2024-12-20,2x10,3,20,235,True,G3_4
west,2x10 #3,2025-01-03,2x10,3,20,240,True,G3_4
west,2x10 #3,2025-01-10,2x10,3,20,240,True,G3_4
west,2x10 #3,2025-01-17,2x10,3,20,240,True,G3_4
west,2x10 #3,2025-01-24,2x10,3,20,240,True,G3_4
west,2x10 #3,2025-01-31,2x10,3,20,240,True,G3_4
west,2x10 #3,2025-02-07,2x10,3,20,240,True,G3_4
west,2x10 #3,2025-02-14,2x10,3,20,240,True,G3_4
west,2x10 #3,2025-02-21,2x10,3,20,240,True,G3_4
west,2x10 #3,2025-02-28,2x10,3,20,245,True,G3_4
west,2x10 #3,2025-03-07,2x10,3,20,250,True,G3_4
west,2x10 #3,2025-03-14,2x10,3,20,260,True,G3_4
west,2x10 #3,2025-03-21,2x10,3,20,270,True,G3_4
west,2x10 #3,2025-03-28,2x10,3,20,275,True,G3_4
west,2x10 #3,2025-04-04,2x10,3,20,280,True,G3_4
west,2x10 #3,2025-04-11,2x10,3,20,285,True,G3_4
west,2x10 #3,2025-04-18,2x10,3,20,290,True,G3_4
west,2x10 #3,2025-04-25,2x10,3,20,290,True,G3_4
west,2x10 #3,2025-05-02,2x10,3,20,290,True,G3_4
west,2x10 #3,2025-05-09,2x10,3,20,290,True,G3_4
west,2x10 #3,2025-05-16,2x10,3,20,290,True,G3_4
west,2x10 #3,2025-05-23,2x10,3,20,275,True,G3_4
west,2x10 #3,2025-05-30,2x10,3,20,260,True,G3_4
west,2x10 #3,2025-06-06,2x10,3,20,250,True,G3_4
west,2x10 #3,2025-06-13,2x10,3,20,230,True,G3_4
west,2x10 #3,2025-06-19,2x10,3,20,220,True,G3_4
west,2x10 #3,2025-06-27,2x10,3,20,215,True,G3_4
west,2x10 #3,2025-07-03,2x10,3,20,215,True,G3_4
west,2x10 #3,2025-07-11,2x10,3,20,215,True,G3_4
west,2x10 #3,2025-07-18,2x10,3,20,215,True,G3_4
west,2x10 #3,2025-07-25,2x10,3,20,215,True,G3_4
west,2x10 #3,2025-08-01,2x10,3,20,215,True,G3_4
west,2x10 #3,2025-08-08,2x10,3,20,215,True,G3_4
west,2x10 #3,2025-08-15,2x10,3,20,218,True,G3_4
west,2x10 #3,2025-08-22,2x10,3,20,215,True,G3_4
west,2x10 #3,2025-08-29,2x10,3,20,205,True,G3_4
west,2x10 #3,2025-09-05,2x10,3,20,205,True,G3_4
west,2x10 #3,2025-09-12,2x10,3,20,205,True,G3_4
west,2x10 #3,2025-09-19,2x10,3,20,205,True,G3_4
west,2x10 #3,2025-09-26,2x10,3,20,205,True,G3_4
west,2x10 #3,2025-10-03,2x10,3,20,205,True,G3_4
west,2x10 #3,2025-10-10,2x10,3,20,205,True,G3_4
west,2x10 #3,2025-10-17,2x10,3,20,205,True,G3_4
west,2x10,2024-01-12,2x10,4,8,150,True,G3_4
west,2x10,2024-01-18,2x10,4,8,150,True,G3_4
west,2x10,2024-01-25,2x10,4,8,150,True,G3_4
west,2x10,2024-02-08,2x10,4,8,150,True,G3_4
west,2x10,2024-02-15,2x10,4,8,150,True,G3_4
west,2x10,2024-02-22,2x10,4,8,150,True,G3_4
west,2x10,2024-02-29,2x10,4,8,155,True,G3_4
west,2x10,2024-03-07,2x10,4,8,160,True,G3_4
west,2x10,2024-03-14,2x10,4,8,160,True,G3_4
west,2x10,2024-03-21,2x10,4,8,165,True,G3_4
west,2x10,2024-03-28,2x10,4,8,165,True,G3_4
west,2x10,2024-04-04,2x10,4,8,165,True,G3_4
west,2x10,2024-04-11,2x10,4,8,165,True,G3_4
west,2x10,2024-04-18,2x10,4,8,165,True,G3_4
west,2x10,2024-04-25,2x10,4,8,165,True,G3_4
west,2x10,2024-05-02,2x10,4,8,165,True,G3_4
west,2x10,2024-05-09,2x10,4,8,165,True,G3_4
west,2x10,2024-05-16,2x10,4,8,165,True,G3_4
west,2x10,2024-05-30,2x10,4,8,165,True,G3_4
west,2x10,2024-06-06,2x10,4,8,165,True,G3_4
west,2x10,2024-06-13,2x10,4,8,165,True,G3_4
west,2x10,2024-06-20,2x10,4,8,165,True,G3_4
west,2x10,2024-06-27,2x10,4,8,165,True,G3_4
west,2x10,2024-07-04,2x10,4,8,165,True,G3_4
west,2x10,2024-07-11,2x10,4,8,165,True,G3_4
west,2x10,2024-07-18,2x10,4,8,165,True,G3_4
west,2x10,2024-07-25,2x10,4,8,165,True,G3_4
west,2x10,2024-08-01,2x10,4,8,165,True,G3_4
west,2x10,2024-08-08,2x10,4,8,165,True,G3_4
west,2x10,2024-08-15,2x10,4,8,165,True,G3_4
west,2x10,2024-08-22,2x10,4,8,165,True,G3_4
west,2x10,2024-08-29,2x10,4,8,165,True,G3_4
west,2x10,2024-09-05,2x10,4,8,165,True,G3_4
west,2x10,2024-09-12,2x10,4,8,165,True,G3_4
west,2x10,2024-09-20,2x10,4,8,165,True,G3_4
west,2x10,2024-09-27,2x10,4,8,175,True,G3_4
west,2x10,2024-10-04,2x10,4,8,180,True,G3_4
west,2x10,2024-10-11,2x10,4,8,190,True,G3_4
west,2x10,2024-10-18,2x10,4,8,195,True,G3_4
west,2x10,2024-10-25,2x10,4,8,200,True,G3_4
west,2x10,2024-11-01,2x10,4,8,200,True,G3_4
west,2x10,2024-11-08,2x10,4,8,200,True,G3_4
west,2x10,2024-11-15,2x10,4,8,200,True,G3_4
west,2x10,2024-11-22,2x10,4,8,200,True,G3_4
west,2x10,2024-11-27,2x10,4,8,200,True,G3_4
west,2x10,2024-12-06,2x10,4,8,200,True,G3_4
west,2x10,2024-12-13,2x10,4,8,200,True,G3_4
west,2x10,2024-12-20,2x10,4,8,200,True,G3_4
west,2x10,2025-01-03,2x10,4,8,200,True,G3_4
west,2x10,2025-01-10,2x10,4,8,200,True,G3_4
west,2x10,2025-01-17,2x10,4,8,200,True,G3_4
west,2x10,2025-01-24,2x10,4,8,200,True,G3_4
west,2x10,2025-01-31,2x10,4,8,200,True,G3_4
west,2x10,2025-02-07,2x10,4,8,205,True,G3_4
west,2x10,2025-02-14,2x10,4,8,210,True,G3_4
west,2x10,2025-02-21,2x10,4,8,215,True,G3_4
west,2x10,2025-02-28,2x10,4,8,225,True,G3_4
west,2x10,2025-03-07,2x10,4,8,235,True,G3_4
west,2x10,2025-03-14,2x10,4,8,240,True,G3_4
west,2x10,2025-03-21,2x10,4,8,245,True,G3_4
west,2x10,2025-03-28,2x10,4,8,250,True,G3_4
west,2x10,2025-04-04,2x10,4,8,255,True,G3_4
west,2x10,2025-04-11,2x10,4,8,260,True,G3_4
west,2x10,2025-04-18,2x10,4,8,275,True,G3_4
west,2x10,2025-04-25,2x10,4,8,275,True,G3_4
west,2x10,2025-05-02,2x10,4,8,275,True,G3_4
west,2x10,2025-05-09,2x10,4,8,275,True,G3_4
west,2x10,2025-05-16,2x10,4,8,275,True,G3_4
west,2x10,2025-05-23,2x10,4,8,260,True,G3_4
west,2x10,2025-05-30,2x10,4,8,240,True,G3_4
west,2x10,2025-06-06,2x10,4,8,230,True,G3_4
west,2x10,2025-06-13,2x10,4,8,210,True,G3_4
west,2x10,2025-06-19,2x10,4,8,200,True,G3_4
west,2x10,2025-06-27,2x10,4,8,195,True,G3_4
west,2x10,2025-07-03,2x10,4,8,195,True,G3_4
west,2x10,2025-07-11,2x10,4,8,195,True,G3_4
west,2x10,2025-07-18,2x10,4,8,190,True,G3_4
west,2x10,2025-07-25,2x10,4,8,185,True,G3_4
west,2x10,2025-08-01,2x10,4,8,185,True,G3_4
west,2x10,2025-08-08,2x10,4,8,185,True,G3_4
west,2x10,2025-08-15,2x10,4,8,185,True,G3_4
west,2x10,2025-08-22,2x10,4,8,185,True,G3_4
west,2x10,2025-08-29,2x10,4,8,180,True,G3_4
west,2x10,2025-09-05,2x10,4,8,180,True,G3_4
west,2x10,2025-09-12,2x10,4,8,175,True,G3_4
west,2x10,2025-09-19,2x10,4,8,175,True,G3_4
west,2x10,2025-09-26,2x10,4,8,175,True,G3_4
west,2x10,2025-10-03,2x10,4,8,175,True,G3_4
west,2x10,2025-10-10,2x10,4,8,175,True,G3_4
west,2x10,2025-10-17,2x10,4,8,175,True,G3_4
west,2x10,2024-01-12,2x10,4,10,150,True,G3_4
west,2x10,2024-01-18,2x10,4,10,150,True,G3_4
west,2x10,2024-01-25,2x10,4,10,150,True,G3_4
west,2x10,2024-02-08,2x10,4,10,150,True,G3_4
west,2x10,2024-02-15,2x10,4,10,150,True,G3_4
west,2x10,2024-02-22,2x10,4,10,150,True,G3_4
west,2x10,2024-02-29,2x10,4,10,155,True,G3_4
west,2x10,2024-03-07,2x10,4,10,160,True,G3_4
west,2x10,2024-03-14,2x10,4,10,160,True,G3_4
west,2x10,2024-03-21,2x10,4,10,165,True,G3_4
west,2x10,2024-03-28,2x10,4,10,165,True,G3_4
west,2x10,2024-04-04,2x10,4,10,165,True,G3_4
west,2x10,2024-04-11,2x10,4,10,165,True,G3_4
west,2x10,2024-04-18,2x10,4,10,165,True,G3_4
west,2x10,2024-04-25,2x10,4,10,165,True,G3_4
west,2x10,2024-05-02,2x10,4,10,165,True,G3_4
west,2x10,2024-05-09,2x10,4,10,165,True,G3_4
west,2x10,2024-05-16,2x10,4,10,165,True,G3_4
west,2x10,2024-05-30,2x10,4,10,165,True,G3_4
west,2x10,2024-06-06,2x10,4,10,165,True,G3_4
west,2x10,2024-06-13,2x10,4,10,165,True,G3_4
west,2x10,2024-06-20,2x10,4,10,165,True,G3_4
west,2x10,2024-06-27,2x10,4,10,165,True,G3_4
west,2x10,2024-07-04,2x10,4,10,165,True,G3_4
west,2x10,2024-07-11,2x10,4,10,165,True,G3_4
west,2x10,2024-07-18,2x10,4,10,165,True,G3_4
west,2x10,2024-07-25,2x10,4,10,165,True,G3_4
west,2x10,2024-08-01,2x10,4,10,165,True,G3_4
west,2x10,2024-08-08,2x10,4,10,165,True,G3_4
west,2x10,2024-08-15,2x10,4,10,165,True,G3_4
west,2x10,2024-08-22,2x10,4,10,165,True,G3_4
west,2x10,2024-08-29,2x10,4,10,165,True,G3_4
west,2x10,2024-09-05,2x10,4,10,165,True,G3_4
west,2x10,2024-09-12,2x10,4,10,165,True,G3_4
west,2x10,2024-09-20,2x10,4,10,165,True,G3_4
west,2x10,2024-09-27,2x10,4,10,175,True,G3_4
west,2x10,2024-10-04,2x10,4,10,180,True,G3_4
west,2x10,2024-10-11,2x10,4,10,190,True,G3_4
west,2x10,2024-10-18,2x10,4,10,195,True,G3_4
west,2x10,2024-10-25,2x10,4,10,200,True,G3_4
west,2x10,2024-11-01,2x10,4,10,200,True,G3_4
west,2x10,2024-11-08,2x10,4,10,200,True,G3_4
west,2x10,2024-11-15,2x10,4,10,200,True,G3_4
west,2x10,2024-11-22,2x10,4,10,200,True,G3_4
west,2x10,2024-11-27,2x10,4,10,200,True,G3_4
west,2x10,2024-12-06,2x10,4,10,200,True,G3_4
west,2x10,2024-12-13,2x10,4,10,200,True,G3_4
west,2x10,2024-12-20,2x10,4,10,200,True,G3_4
west,2x10,2025-01-03,2x10,4,10,200,True,G3_4
west,2x10,2025-01-10,2x10,4,10,200,True,G3_4
west,2x10,2025-01-17,2x10,4,10,200,True,G3_4
west,2x10,2025-01-24,2x10,4,10,200,True,G3_4
west,2x10,2025-01-31,2x10,4,10,200,True,G3_4
west,2x10,2025-02-07,2x10,4,10,205,True,G3_4
west,2x10,2025-02-14,2x10,4,10,210,True,G3_4
west,2x10,2025-02-21,2x10,4,10,215,True,G3_4
west,2x10,2025-02-28,2x10,4,10,225,True,G3_4
west,2x10,2025-03-07,2x10,4,10,235,True,G3_4
west,2x10,2025-03-14,2x10,4,10,240,True,G3_4
west,2x10,2025-03-21,2x10,4,10,245,True,G3_4
west,2x10,2025-03-28,2x10,4,10,250,True,G3_4
west,2x10,2025-04-04,2x10,4,10,255,True,G3_4
west,2x10,2025-04-11,2x10,4,10,260,True,G3_4
west,2x10,2025-04-18,2x10,4,10,275,True,G3_4
west,2x10,2025-04-25,2x10,4,10,275,True,G3_4
west,2x10,2025-05-02,2x10,4,10,275,True,G3_4
west,2x10,2025-05-09,2x10,4,10,275,True,G3_4
west,2x10,2025-05-16,2x10,4,10,275,True,G3_4
west,2x10,2025-05-23,2x10,4,10,260,True,G3_4
west,2x10,2025-05-30,2x10,4,10,240,True,G3_4
west,2x10,2025-06-06,2x10,4,10,230,True,G3_4
west,2x10,2025-06-13,2x10,4,10,210,True,G3_4
west,2x10,2025-06-19,2x10,4,10,200,True,G3_4
west,2x10,2025-06-27,2x10,4,10,195,True,G3_4
west,2x10,2025-07-03,2x10,4,10,195,True,G3_4
west,2x10,2025-07-11,2x10,4,10,195,True,G3_4
west,2x10,2025-07-18,2x10,4,10,190,True,G3_4
west,2x10,2025-07-25,2x10,4,10,185,True,G3_4
west,2x10,2025-08-01,2x10,4,10,185,True,G3_4
west,2x10,2025-08-08,2x10,4,10,185,True,G3_4
west,2x10,2025-08-15,2x10,4,10,185,True,G3_4
west,2x10,2025-08-22,2x10,4,10,185,True,G3_4
west,2x10,2025-08-29,2x10,4,10,180,True,G3_4
west,2x10,2025-09-05,2x10,4,10,180,True,G3_4
west,2x10,2025-09-12,2x10,4,10,175,True,G3_4
west,2x10,2025-09-19,2x10,4,10,175,True,G3_4
west,2x10,2025-09-26,2x10,4,10,175,True,G3_4
west,2x10,2025-10-03,2x10,4,10,175,True,G3_4
west,2x10,2025-10-10,2x10,4,10,175,True,G3_4
west,2x10,2025-10-17,2x10,4,10,175,True,G3_4
west,2x10,2024-01-12,2x10,4,12,150,True,G3_4
west,2x10,2024-01-18,2x10,4,12,150,True,G3_4
west,2x10,2024-01-25,2x10,4,12,150,True,G3_4
west,2x10,2024-02-08,2x10,4,12,150,True,G3_4
west,2x10,2024-02-15,2x10,4,12,150,True,G3_4
west,2x10,2024-02-22,2x10,4,12,150,True,G3_4
west,2x10,2024-02-29,2x10,4,12,155,True,G3_4
west,2x10,2024-03-07,2x10,4,12,160,True,G3_4
west,2x10,2024-03-14,2x10,4,12,160,True,G3_4
west,2x10,2024-03-21,2x10,4,12,165,True,G3_4
west,2x10,2024-03-28,2x10,4,12,165,True,G3_4
west,2x10,2024-04-04,2x10,4,12,165,True,G3_4
west,2x10,2024-04-11,2x10,4,12,165,True,G3_4
west,2x10,2024-04-18,2x10,4,12,165,True,G3_4
west,2x10,2024-04-25,2x10,4,12,165,True,G3_4
west,2x10,2024-05-02,2x10,4,12,165,True,G3_4
west,2x10,2024-05-09,2x10,4,12,165,True,G3_4
west,2x10,2024-05-16,2x10,4,12,165,True,G3_4
west,2x10,2024-05-30,2x10,4,12,165,True,G3_4
west,2x10,2024-06-06,2x10,4,12,165,True,G3_4
west,2x10,2024-06-13,2x10,4,12,165,True,G3_4
west,2x10,2024-06-20,2x10,4,12,165,True,G3_4
west,2x10,2024-06-27,2x10,4,12,165,True,G3_4
west,2x10,2024-07-04,2x10,4,12,165,True,G3_4
west,2x10,2024-07-11,2x10,4,12,165,True,G3_4
west,2x10,2024-07-18,2x10,4,12,165,True,G3_4
west,2x10,2024-07-25,2x10,4,12,165,True,G3_4
west,2x10,2024-08-01,2x10,4,12,165,True,G3_4
west,2x10,2024-08-08,2x10,4,12,165,True,G3_4
west,2x10,2024-08-15,2x10,4,12,165,True,G3_4
west,2x10,2024-08-22,2x10,4,12,165,True,G3_4
west,2x10,2024-08-29,2x10,4,12,165,True,G3_4
west,2x10,2024-09-05,2x10,4,12,165,True,G3_4
west,2x10,2024-09-12,2x10,4,12,165,True,G3_4
west,2x10,2024-09-20,2x10,4,12,165,True,G3_4
west,2x10,2024-09-27,2x10,4,12,175,True,G3_4
west,2x10,2024-10-04,2x10,4,12,180,True,G3_4
west,2x10,2024-10-11,2x10,4,12,190,True,G3_4
west,2x10,2024-10-18,2x10,4,12,195,True,G3_4
west,2x10,2024-10-25,2x10,4,12,200,True,G3_4
west,2x10,2024-11-01,2x10,4,12,200,True,G3_4
west,2x10,2024-11-08,2x10,4,12,200,True,G3_4
west,2x10,2024-11-15,2x10,4,12,200,True,G3_4
west,2x10,2024-11-22,2x10,4,12,200,True,G3_4
west,2x10,2024-11-27,2x10,4,12,200,True,G3_4
west,2x10,2024-12-06,2x10,4,12,200,True,G3_4
west,2x10,2024-12-13,2x10,4,12,200,True,G3_4
west,2x10,2024-12-20,2x10,4,12,200,True,G3_4
west,2x10,2025-01-03,2x10,4,12,200,True,G3_4
west,2x10,2025-01-10,2x10,4,12,200,True,G3_4
west,2x10,2025-01-17,2x10,4,12,200,True,G3_4
west,2x10,2025-01-24,2x10,4,12,200,True,G3_4
west,2x10,2025-01-31,2x10,4,12,200,True,G3_4
west,2x10,2025-02-07,2x10,4,12,205,True,G3_4
west,2x10,2025-02-14,2x10,4,12,210,True,G3_4
west,2x10,2025-02-21,2x10,4,12,215,True,G3_4
west,2x10,2025-02-28,2x10,4,12,225,True,G3_4
west,2x10,2025-03-07,2x10,4,12,235,True,G3_4
west,2x10,2025-03-14,2x10,4,12,240,True,G3_4
west,2x10,2025-03-21,2x10,4,12,245,True,G3_4
west,2x10,2025-03-28,2x10,4,12,250,True,G3_4
west,2x10,2025-04-04,2x10,4,12,255,True,G3_4
west,2x10,2025-04-11,2x10,4,12,260,True,G3_4
west,2x10,2025-04-18,2x10,4,12,275,True,G3_4
west,2x10,2025-04-25,2x10,4,12,275,True,G3_4
west,2x10,2025-05-02,2x10,4,12,275,True,G3_4
west,2x10,2025-05-09,2x10,4,12,275,True,G3_4
west,2x10,2025-05-16,2x10,4,12,275,True,G3_4
west,2x10,2025-05-23,2x10,4,12,260,True,G3_4
west,2x10,2025-05-30,2x10,4,12,240,True,G3_4
west,2x10,2025-06-06,2x10,4,12,230,True,G3_4
west,2x10,2025-06-13,2x10,4,12,210,True,G3_4
west,2x10,2025-06-19,2x10,4,12,200,True,G3_4
west,2x10,2025-06-27,2x10,4,12,195,True,G3_4
west,2x10,2025-07-03,2x10,4,12,195,True,G3_4
west,2x10,2025-07-11,2x10,4,12,195,True,G3_4
west,2x10,2025-07-18,2x10,4,12,190,True,G3_4
west,2x10,2025-07-25,2x10,4,12,185,True,G3_4
west,2x10,2025-08-01,2x10,4,12,185,True,G3_4
west,2x10,2025-08-08,2x10,4,12,185,True,G3_4
west,2x10,2025-08-15,2x10,4,12,185,True,G3_4
west,2x10,2025-08-22,2x10,4,12,185,True,G3_4
west,2x10,2025-08-29,2x10,4,12,180,True,G3_4
west,2x10,2025-09-05,2x10,4,12,180,True,G3_4
west,2x10,2025-09-12,2x10,4,12,175,True,G3_4
west,2x10,2025-09-19,2x10,4,12,175,True,G3_4
west,2x10,2025-09-26,2x10,4,12,175,True,G3_4
west,2x10,2025-10-03,2x10,4,12,175,True,G3_4
west,2x10,2025-10-10,2x10,4,12,175,True,G3_4
west,2x10,2025-10-17,2x10,4,12,175,True,G3_4
west,2x10,2024-01-12,2x10,4,14,150,True,G3_4
west,2x10,2024-01-18,2x10,4,14,150,True,G3_4
west,2x10,2024-01-25,2x10,4,14,150,True,G3_4
west,2x10,2024-02-08,2x10,4,14,150,True,G3_4
west,2x10,2024-02-15,2x10,4,14,150,True,G3_4
west,2x10,2024-02-22,2x10,4,14,150,True,G3_4
west,2x10,2024-02-29,2x10,4,14,155,True,G3_4
west,2x10,2024-03-07,2x10,4,14,160,True,G3_4
west,2x10,2024-03-14,2x10,4,14,160,True,G3_4
west,2x10,2024-03-21,2x10,4,14,165,True,G3_4
west,2x10,2024-03-28,2x10,4,14,165,True,G3_4
west,2x10,2024-04-04,2x10,4,14,165,True,G3_4
west,2x10,2024-04-11,2x10,4,14,165,True,G3_4
west,2x10,2024-04-18,2x10,4,14,165,True,G3_4
west,2x10,2024-04-25,2x10,4,14,165,True,G3_4
west,2x10,2024-05-02,2x10,4,14,165,True,G3_4
west,2x10,2024-05-09,2x10,4,14,165,True,G3_4
west,2x10,2024-05-16,2x10,4,14,165,True,G3_4
west,2x10,2024-05-30,2x10,4,14,165,True,G3_4
west,2x10,2024-06-06,2x10,4,14,165,True,G3_4
west,2x10,2024-06-13,2x10,4,14,165,True,G3_4
west,2x10,2024-06-20,2x10,4,14,165,True,G3_4
west,2x10,2024-06-27,2x10,4,14,165,True,G3_4
west,2x10,2024-07-04,2x10,4,14,165,True,G3_4
west,2x10,2024-07-11,2x10,4,14,165,True,G3_4
west,2x10,2024-07-18,2x10,4,14,165,True,G3_4
west,2x10,2024-07-25,2x10,4,14,165,True,G3_4
west,2x10,2024-08-01,2x10,4,14,165,True,G3_4
west,2x10,2024-08-08,2x10,4,14,165,True,G3_4
west,2x10,2024-08-15,2x10,4,14,165,True,G3_4
west,2x10,2024-08-22,2x10,4,14,165,True,G3_4
west,2x10,2024-08-29,2x10,4,14,165,True,G3_4
west,2x10,2024-09-05,2x10,4,14,165,True,G3_4
west,2x10,2024-09-12,2x10,4,14,165,True,G3_4
west,2x10,2024-09-20,2x10,4,14,165,True,G3_4
west,2x10,2024-09-27,2x10,4,14,175,True,G3_4
west,2x10,2024-10-04,2x10,4,14,180,True,G3_4
west,2x10,2024-10-11,2x10,4,14,190,True,G3_4
west,2x10,2024-10-18,2x10,4,14,195,True,G3_4
west,2x10,2024-10-25,2x10,4,14,200,True,G3_4
west,2x10,2024-11-01,2x10,4,14,200,True,G3_4
west,2x10,2024-11-08,2x10,4,14,200,True,G3_4
west,2x10,2024-11-15,2x10,4,14,200,True,G3_4
west,2x10,2024-11-22,2x10,4,14,200,True,G3_4
west,2x10,2024-11-27,2x10,4,14,200,True,G3_4
west,2x10,2024-12-06,2x10,4,14,200,True,G3_4
west,2x10,2024-12-13,2x10,4,14,200,True,G3_4
west,2x10,2024-12-20,2x10,4,14,200,True,G3_4
west,2x10,2025-01-03,2x10,4,14,200,True,G3_4
west,2x10,2025-01-10,2x10,4,14,200,True,G3_4
west,2x10,2025-01-17,2x10,4,14,200,True,G3_4
west,2x10,2025-01-24,2x10,4,14,200,True,G3_4
west,2x10,2025-01-31,2x10,4,14,200,True,G3_4
west,2x10,2025-02-07,2x10,4,14,205,True,G3_4
west,2x10,2025-02-14,2x10,4,14,210,True,G3_4
west,2x10,2025-02-21,2x10,4,14,215,True,G3_4
west,2x10,2025-02-28,2x10,4,14,225,True,G3_4
west,2x10,2025-03-07,2x10,4,14,235,True,G3_4
west,2x10,2025-03-14,2x10,4,14,240,True,G3_4
west,2x10,2025-03-21,2x10,4,14,245,True,G3_4
west,2x10,2025-03-28,2x10,4,14,250,True,G3_4
west,2x10,2025-04-04,2x10,4,14,255,True,G3_4
west,2x10,2025-04-11,2x10,4,14,260,True,G3_4
west,2x10,2025-04-18,2x10,4,14,275,True,G3_4
west,2x10,2025-04-25,2x10,4,14,275,True,G3_4
west,2x10,2025-05-02,2x10,4,14,275,True,G3_4
west,2x10,2025-05-09,2x10,4,14,275,True,G3_4
west,2x10,2025-05-16,2x10,4,14,275,True,G3_4
west,2x10,2025-05-23,2x10,4,14,260,True,G3_4
west,2x10,2025-05-30,2x10,4,14,240,True,G3_4
west,2x10,2025-06-06,2x10,4,14,230,True,G3_4
west,2x10,2025-06-13,2x10,4,14,210,True,G3_4
west,2x10,2025-06-19,2x10,4,14,200,True,G3_4
west,2x10,2025-06-27,2x10,4,14,195,True,G3_4
west,2x10,2025-07-03,2x10,4,14,195,True,G3_4
west,2x10,2025-07-11,2x10,4,14,195,True,G3_4
west,2x10,2025-07-18,2x10,4,14,190,True,G3_4
west,2x10,2025-07-25,2x10,4,14,185,True,G3_4
west,2x10,2025-08-01,2x10,4,14,185,True,G3_4
west,2x10,2025-08-08,2x10,4,14,185,True,G3_4
west,2x10,2025-08-15,2x10,4,14,185,True,G3_4
west,2x10,2025-08-22,2x10,4,14,185,True,G3_4
west,2x10,2025-08-29,2x10,4,14,180,True,G3_4
west,2x10,2025-09-05,2x10,4,14,180,True,G3_4
west,2x10,2025-09-12,2x10,4,14,175,True,G3_4
west,2x10,2025-09-19,2x10,4,14,175,True,G3_4
west,2x10,2025-09-26,2x10,4,14,175,True,G3_4
west,2x10,2025-10-03,2x10,4,14,175,True,G3_4
west,2x10,2025-10-10,2x10,4,14,175,True,G3_4
west,2x10,2025-10-17,2x10,4,14,175,True,G3_4
west,2x10,2024-01-12,2x10,4,16,150,True,G3_4
west,2x10,2024-01-18,2x10,4,16,150,True,G3_4
west,2x10,2024-01-25,2x10,4,16,150,True,G3_4
west,2x10,2024-02-08,2x10,4,16,150,True,G3_4
west,2x10,2024-02-15,2x10,4,16,150,True,G3_4
west,2x10,2024-02-22,2x10,4,16,150,True,G3_4
west,2x10,2024-02-29,2x10,4,16,155,True,G3_4
west,2x10,2024-03-07,2x10,4,16,160,True,G3_4
west,2x10,2024-03-14,2x10,4,16,160,True,G3_4
west,2x10,2024-03-21,2x10,4,16,165,True,G3_4
west,2x10,2024-03-28,2x10,4,16,165,True,G3_4
west,2x10,2024-04-04,2x10,4,16,165,True,G3_4
west,2x10,2024-04-11,2x10,4,16,165,True,G3_4
west,2x10,2024-04-18,2x10,4,16,165,True,G3_4
west,2x10,2024-04-25,2x10,4,16,165,True,G3_4
west,2x10,2024-05-02,2x10,4,16,165,True,G3_4
west,2x10,2024-05-09,2x10,4,16,165,True,G3_4
west,2x10,2024-05-16,2x10,4,16,165,True,G3_4
west,2x10,2024-05-30,2x10,4,16,165,True,G3_4
west,2x10,2024-06-06,2x10,4,16,165,True,G3_4
west,2x10,2024-06-13,2x10,4,16,165,True,G3_4
west,2x10,2024-06-20,2x10,4,16,165,True,G3_4
west,2x10,2024-06-27,2x10,4,16,165,True,G3_4
west,2x10,2024-07-04,2x10,4,16,165,True,G3_4
west,2x10,2024-07-11,2x10,4,16,165,True,G3_4
west,2x10,2024-07-18,2x10,4,16,165,True,G3_4
west,2x10,2024-07-25,2x10,4,16,165,True,G3_4
west,2x10,2024-08-01,2x10,4,16,165,True,G3_4
west,2x10,2024-08-08,2x10,4,16,165,True,G3_4
west,2x10,2024-08-15,2x10,4,16,165,True,G3_4
west,2x10,2024-08-22,2x10,4,16,165,True,G3_4
west,2x10,2024-08-29,2x10,4,16,165,True,G3_4
west,2x10,2024-09-05,2x10,4,16,165,True,G3_4
west,2x10,2024-09-12,2x10,4,16,165,True,G3_4
west,2x10,2024-09-20,2x10,4,16,165,True,G3_4
west,2x10,2024-09-27,2x10,4,16,175,True,G3_4
west,2x10,2024-10-04,2x10,4,16,180,True,G3_4
west,2x10,2024-10-11,2x10,4,16,190,True,G3_4
west,2x10,2024-10-18,2x10,4,16,195,True,G3_4
west,2x10,2024-10-25,2x10,4,16,200,True,G3_4
west,2x10,2024-11-01,2x10,4,16,200,True,G3_4
west,2x10,2024-11-08,2x10,4,16,200,True,G3_4
west,2x10,2024-11-15,2x10,4,16,200,True,G3_4
west,2x10,2024-11-22,2x10,4,16,200,True,G3_4
west,2x10,2024-11-27,2x10,4,16,200,True,G3_4
west,2x10,2024-12-06,2x10,4,16,200,True,G3_4
west,2x10,2024-12-13,2x10,4,16,200,True,G3_4
west,2x10,2024-12-20,2x10,4,16,200,True,G3_4
west,2x10,2025-01-03,2x10,4,16,200,True,G3_4
west,2x10,2025-01-10,2x10,4,16,200,True,G3_4
west,2x10,2025-01-17,2x10,4,16,200,True,G3_4
west,2x10,2025-01-24,2x10,4,16,200,True,G3_4
west,2x10,2025-01-31,2x10,4,16,200,True,G3_4
west,2x10,2025-02-07,2x10,4,16,205,True,G3_4
west,2x10,2025-02-14,2x10,4,16,210,True,G3_4
west,2x10,2025-02-21,2x10,4,16,215,True,G3_4
west,2x10,2025-02-28,2x10,4,16,225,True,G3_4
west,2x10,2025-03-07,2x10,4,16,235,True,G3_4
west,2x10,2025-03-14,2x10,4,16,240,True,G3_4
west,2x10,2025-03-21,2x10,4,16,245,True,G3_4
west,2x10,2025-03-28,2x10,4,16,250,True,G3_4
west,2x10,2025-04-04,2x10,4,16,255,True,G3_4
west,2x10,2025-04-11,2x10,4,16,260,True,G3_4
west,2x10,2025-04-18,2x10,4,16,275,True,G3_4
west,2x10,2025-04-25,2x10,4,16,275,True,G3_4
west,2x10,2025-05-02,2x10,4,16,275,True,G3_4
west,2x10,2025-05-09,2x10,4,16,275,True,G3_4
west,2x10,2025-05-16,2x10,4,16,275,True,G3_4
west,2x10,2025-05-23,2x10,4,16,260,True,G3_4
west,2x10,2025-05-30,2x10,4,16,240,True,G3_4
west,2x10,2025-06-06,2x10,4,16,230,True,G3_4
west,2x10,2025-06-13,2x10,4,16,210,True,G3_4
west,2x10,2025-06-19,2x10,4,16,200,True,G3_4
west,2x10,2025-06-27,2x10,4,16,195,True,G3_4
west,2x10,2025-07-03,2x10,4,16,195,True,G3_4
west,2x10,2025-07-11,2x10,4,16,195,True,G3_4
west,2x10,2025-07-18,2x10,4,16,190,True,G3_4
west,2x10,2025-07-25,2x10,4,16,185,True,G3_4
west,2x10,2025-08-01,2x10,4,16,185,True,G3_4
west,2x10,2025-08-08,2x10,4,16,185,True,G3_4
west,2x10,2025-08-15,2x10,4,16,185,True,G3_4
west,2x10,2025-08-22,2x10,4,16,185,True,G3_4
west,2x10,2025-08-29,2x10,4,16,180,True,G3_4
west,2x10,2025-09-05,2x10,4,16,180,True,G3_4
west,2x10,2025-09-12,2x10,4,16,175,True,G3_4
west,2x10,2025-09-19,2x10,4,16,175,True,G3_4
west,2x10,2025-09-26,2x10,4,16,175,True,G3_4
west,2x10,2025-10-03,2x10,4,16,175,True,G3_4
west,2x10,2025-10-10,2x10,4,16,175,True,G3_4
west,2x10,2025-10-17,2x10,4,16,175,True,G3_4
west,2x10,2024-01-12,2x10,4,18,150,True,G3_4
west,2x10,2024-01-18,2x10,4,18,150,True,G3_4
west,2x10,2024-01-25,2x10,4,18,150,True,G3_4
west,2x10,2024-02-08,2x10,4,18,150,True,G3_4
west,2x10,2024-02-15,2x10,4,18,150,True,G3_4
west,2x10,2024-02-22,2x10,4,18,150,True,G3_4
west,2x10,2024-02-29,2x10,4,18,155,True,G3_4
west,2x10,2024-03-07,2x10,4,18,160,True,G3_4
west,2x10,2024-03-14,2x10,4,18,160,True,G3_4
west,2x10,2024-03-21,2x10,4,18,165,True,G3_4
west,2x10,2024-03-28,2x10,4,18,165,True,G3_4
west,2x10,2024-04-04,2x10,4,18,165,True,G3_4
west,2x10,2024-04-11,2x10,4,18,165,True,G3_4
west,2x10,2024-04-18,2x10,4,18,165,True,G3_4
west,2x10,2024-04-25,2x10,4,18,165,True,G3_4
west,2x10,2024-05-02,2x10,4,18,165,True,G3_4
west,2x10,2024-05-09,2x10,4,18,165,True,G3_4
west,2x10,2024-05-16,2x10,4,18,165,True,G3_4
west,2x10,2024-05-30,2x10,4,18,165,True,G3_4
west,2x10,2024-06-06,2x10,4,18,165,True,G3_4
west,2x10,2024-06-13,2x10,4,18,165,True,G3_4
west,2x10,2024-06-20,2x10,4,18,165,True,G3_4
west,2x10,2024-06-27,2x10,4,18,165,True,G3_4
west,2x10,2024-07-04,2x10,4,18,165,True,G3_4
west,2x10,2024-07-11,2x10,4,18,165,True,G3_4
west,2x10,2024-07-18,2x10,4,18,165,True,G3_4
west,2x10,2024-07-25,2x10,4,18,165,True,G3_4
west,2x10,2024-08-01,2x10,4,18,165,True,G3_4
west,2x10,2024-08-08,2x10,4,18,165,True,G3_4
west,2x10,2024-08-15,2x10,4,18,165,True,G3_4
west,2x10,2024-08-22,2x10,4,18,165,True,G3_4
west,2x10,2024-08-29,2x10,4,18,165,True,G3_4
west,2x10,2024-09-05,2x10,4,18,165,True,G3_4
west,2x10,2024-09-12,2x10,4,18,165,True,G3_4
west,2x10,2024-09-20,2x10,4,18,165,True,G3_4
west,2x10,2024-09-27,2x10,4,18,175,True,G3_4
west,2x10,2024-10-04,2x10,4,18,180,True,G3_4
west,2x10,2024-10-11,2x10,4,18,190,True,G3_4
west,2x10,2024-10-18,2x10,4,18,195,True,G3_4
west,2x10,2024-10-25,2x10,4,18,200,True,G3_4
west,2x10,2024-11-01,2x10,4,18,200,True,G3_4
west,2x10,2024-11-08,2x10,4,18,200,True,G3_4
west,2x10,2024-11-15,2x10,4,18,200,True,G3_4
west,2x10,2024-11-22,2x10,4,18,200,True,G3_4
west,2x10,2024-11-27,2x10,4,18,200,True,G3_4
west,2x10,2024-12-06,2x10,4,18,200,True,G3_4
west,2x10,2024-12-13,2x10,4,18,200,True,G3_4
west,2x10,2024-12-20,2x10,4,18,200,True,G3_4
west,2x10,2025-01-03,2x10,4,18,200,True,G3_4
west,2x10,2025-01-10,2x10,4,18,200,True,G3_4
west,2x10,2025-01-17,2x10,4,18,200,True,G3_4
west,2x10,2025-01-24,2x10,4,18,200,True,G3_4
west,2x10,2025-01-31,2x10,4,18,200,True,G3_4
west,2x10,2025-02-07,2x10,4,18,205,True,G3_4
west,2x10,2025-02-14,2x10,4,18,210,True,G3_4
west,2x10,2025-02-21,2x10,4,18,215,True,G3_4
west,2x10,2025-02-28,2x10,4,18,225,True,G3_4
west,2x10,2025-03-07,2x10,4,18,235,True,G3_4
west,2x10,2025-03-14,2x10,4,18,240,True,G3_4
west,2x10,2025-03-21,2x10,4,18,245,True,G3_4
west,2x10,2025-03-28,2x10,4,18,250,True,G3_4
west,2x10,2025-04-04,2x10,4,18,255,True,G3_4
west,2x10,2025-04-11,2x10,4,18,260,True,G3_4
west,2x10,2025-04-18,2x10,4,18,275,True,G3_4
west,2x10,2025-04-25,2x10,4,18,275,True,G3_4
west,2x10,2025-05-02,2x10,4,18,275,True,G3_4
west,2x10,2025-05-09,2x10,4,18,275,True,G3_4
west,2x10,2025-05-16,2x10,4,18,275,True,G3_4
west,2x10,2025-05-23,2x10,4,18,260,True,G3_4
west,2x10,2025-05-30,2x10,4,18,240,True,G3_4
west,2x10,2025-06-06,2x10,4,18,230,True,G3_4
west,2x10,2025-06-13,2x10,4,18,210,True,G3_4
west,2x10,2025-06-19,2x10,4,18,200,True,G3_4
west,2x10,2025-06-27,2x10,4,18,195,True,G3_4
west,2x10,2025-07-03,2x10,4,18,195,True,G3_4
west,2x10,2025-07-11,2x10,4,18,195,True,G3_4
west,2x10,2025-07-18,2x10,4,18,190,True,G3_4
west,2x10,2025-07-25,2x10,4,18,185,True,G3_4
west,2x10,2025-08-01,2x10,4,18,185,True,G3_4
west,2x10,2025-08-08,2x10,4,18,185,True,G3_4
west,2x10,2025-08-15,2x10,4,18,185,True,G3_4
west,2x10,2025-08-22,2x10,4,18,185,True,G3_4
west,2x10,2025-08-29,2x10,4,18,180,True,G3_4
west,2x10,2025-09-05,2x10,4,18,180,True,G3_4
west,2x10,2025-09-12,2x10,4,18,175,True,G3_4
west,2x10,2025-09-19,2x10,4,18,175,True,G3_4
west,2x10,2025-09-26,2x10,4,18,175,True,G3_4
west,2x10,2025-10-03,2x10,4,18,175,True,G3_4
west,2x10,2025-10-10,2x10,4,18,175,True,G3_4
west,2x10,2025-10-17,2x10,4,18,175,True,G3_4
west,2x10,2024-01-12,2x10,4,20,150,True,G3_4
west,2x10,2024-01-18,2x10,4,20,150,True,G3_4
west,2x10,2024-01-25,2x10,4,20,150,True,G3_4
west,2x10,2024-02-08,2x10,4,20,150,True,G3_4
west,2x10,2024-02-15,2x10,4,20,150,True,G3_4
west,2x10,2024-02-22,2x10,4,20,150,True,G3_4
west,2x10,2024-02-29,2x10,4,20,155,True,G3_4
west,2x10,2024-03-07,2x10,4,20,160,True,G3_4
west,2x10,2024-03-14,2x10,4,20,160,True,G3_4
west,2x10,2024-03-21,2x10,4,20,165,True,G3_4
west,2x10,2024-03-28,2x10,4,20,165,True,G3_4
west,2x10,2024-04-04,2x10,4,20,165,True,G3_4
west,2x10,2024-04-11,2x10,4,20,165,True,G3_4
west,2x10,2024-04-18,2x10,4,20,165,True,G3_4
west,2x10,2024-04-25,2x10,4,20,165,True,G3_4
west,2x10,2024-05-02,2x10,4,20,165,True,G3_4
west,2x10,2024-05-09,2x10,4,20,165,True,G3_4
west,2x10,2024-05-16,2x10,4,20,165,True,G3_4
west,2x10,2024-05-30,2x10,4,20,165,True,G3_4
west,2x10,2024-06-06,2x10,4,20,165,True,G3_4
west,2x10,2024-06-13,2x10,4,20,165,True,G3_4
west,2x10,2024-06-20,2x10,4,20,165,True,G3_4
west,2x10,2024-06-27,2x10,4,20,165,True,G3_4
west,2x10,2024-07-04,2x10,4,20,165,True,G3_4
west,2x10,2024-07-11,2x10,4,20,165,True,G3_4
west,2x10,2024-07-18,2x10,4,20,165,True,G3_4
west,2x10,2024-07-25,2x10,4,20,165,True,G3_4
west,2x10,2024-08-01,2x10,4,20,165,True,G3_4
west,2x10,2024-08-08,2x10,4,20,165,True,G3_4
west,2x10,2024-08-15,2x10,4,20,165,True,G3_4
west,2x10,2024-08-22,2x10,4,20,165,True,G3_4
west,2x10,2024-08-29,2x10,4,20,165,True,G3_4
west,2x10,2024-09-05,2x10,4,20,165,True,G3_4
west,2x10,2024-09-12,2x10,4,20,165,True,G3_4
west,2x10,2024-09-20,2x10,4,20,165,True,G3_4
west,2x10,2024-09-27,2x10,4,20,175,True,G3_4
west,2x10,2024-10-04,2x10,4,20,180,True,G3_4
west,2x10,2024-10-11,2x10,4,20,190,True,G3_4
west,2x10,2024-10-18,2x10,4,20,195,True,G3_4
west,2x10,2024-10-25,2x10,4,20,200,True,G3_4
west,2x10,2024-11-01,2x10,4,20,200,True,G3_4
west,2x10,2024-11-08,2x10,4,20,200,True,G3_4
west,2x10,2024-11-15,2x10,4,20,200,True,G3_4
west,2x10,2024-11-22,2x10,4,20,200,True,G3_4
west,2x10,2024-11-27,2x10,4,20,200,True,G3_4
west,2x10,2024-12-06,2x10,4,20,200,True,G3_4
west,2x10,2024-12-13,2x10,4,20,200,True,G3_4
west,2x10,2024-12-20,2x10,4,20,200,True,G3_4
west,2x10,2025-01-03,2x10,4,20,200,True,G3_4
west,2x10,2025-01-10,2x10,4,20,200,True,G3_4
west,2x10,2025-01-17,2x10,4,20,200,True,G3_4
west,2x10,2025-01-24,2x10,4,20,200,True,G3_4
west,2x10,2025-01-31,2x10,4,20,200,True,G3_4
west,2x10,2025-02-07,2x10,4,20,205,True,G3_4
west,2x10,2025-02-14,2x10,4,20,210,True,G3_4
west,2x10,2025-02-21,2x10,4,20,215,True,G3_4
west,2x10,2025-02-28,2x10,4,20,225,True,G3_4
west,2x10,2025-03-07,2x10,4,20,235,True,G3_4
west,2x10,2025-03-14,2x10,4,20,240,True,G3_4
west,2x10,2025-03-21,2x10,4,20,245,True,G3_4
west,2x10,2025-03-28,2x10,4,20,250,True,G3_4
west,2x10,2025-04-04,2x10,4,20,255,True,G3_4
west,2x10,2025-04-11,2x10,4,20,260,True,G3_4
west,2x10,2025-04-18,2x10,4,20,275,True,G3_4
west,2x10,2025-04-25,2x10,4,20,275,True,G3_4
west,2x10,2025-05-02,2x10,4,20,275,True,G3_4
west,2x10,2025-05-09,2x10,4,20,275,True,G3_4
west,2x10,2025-05-16,2x10,4,20,275,True,G3_4
west,2x10,2025-05-23,2x10,4,20,260,True,G3_4
west,2x10,2025-05-30,2x10,4,20,240,True,G3_4
west,2x10,2025-06-06,2x10,4,20,230,True,G3_4
west,2x10,2025-06-13,2x10,4,20,210,True,G3_4
west,2x10,2025-06-19,2x10,4,20,200,True,G3_4
west,2x10,2025-06-27,2x10,4,20,195,True,G3_4
west,2x10,2025-07-03,2x10,4,20,195,True,G3_4
west,2x10,2025-07-11,2x10,4,20,195,True,G3_4
west,2x10,2025-07-18,2x10,4,20,190,True,G3_4
west,2x10,2025-07-25,2x10,4,20,185,True,G3_4
west,2x10,2025-08-01,2x10,4,20,185,True,G3_4
west,2x10,2025-08-08,2x10,4,20,185,True,G3_4
west,2x10,2025-08-15,2x10,4,20,185,True,G3_4
west,2x10,2025-08-22,2x10,4,20,185,True,G3_4
west,2x10,2025-08-29,2x10,4,20,180,True,G3_4
west,2x10,2025-09-05,2x10,4,20,180,True,G3_4
west,2x10,2025-09-12,2x10,4,20,175,True,G3_4
west,2x10,2025-09-19,2x10,4,20,175,True,G3_4
west,2x10,2025-09-26,2x10,4,20,175,True,G3_4
west,2x10,2025-10-03,2x10,4,20,175,True,G3_4
west,2x10,2025-10-10,2x10,4,20,175,True,G3_4
west,2x10,2025-10-17,2x10,4,20,175,True,G3_4
west,2x12 #3,2024-01-12,2x12,3,8,200,True,G3_4
west,2x12 #3,2024-01-18,2x12,3,8,200,True,G3_4
west,2x12 #3,2024-01-25,2x12,3,8,200,True,G3_4
west,2x12 #3,2024-02-08,2x12,3,8,215,True,G3_4
west,2x12 #3,2024-02-15,2x12,3,8,220,True,G3_4
west,2x12 #3,2024-02-22,2x12,3,8,225,True,G3_4
west,2x12 #3,2024-02-29,2x12,3,8,230,True,G3_4
west,2x12 #3,2024-03-07,2x12,3,8,240,True,G3_4
west,2x12 #3,2024-03-14,2x12,3,8,240,True,G3_4
west,2x12 #3,2024-03-21,2x12,3,8,245,True,G3_4
west,2x12 #3,2024-03-28,2x12,3,8,245,True,G3_4
west,2x12 #3,2024-04-04,2x12,3,8,245,True,G3_4
west,2x12 #3,2024-04-11,2x12,3,8,245,True,G3_4
west,2x12 #3,2024-04-18,2x12,3,8,245,True,G3_4
west,2x12 #3,2024-04-25,2x12,3,8,245,True,G3_4
west,2x12 #3,2024-05-02,2x12,3,8,245,True,G3_4
west,2x12 #3,2024-05-09,2x12,3,8,245,True,G3_4
west,2x12 #3,2024-05-16,2x12,3,8,250,True,G3_4
west,2x12 #3,2024-05-30,2x12,3,8,255,True,G3_4
west,2x12 #3,2024-06-06,2x12,3,8,255,True,G3_4
west,2x12 #3,2024-06-13,2x12,3,8,255,True,G3_4
west,2x12 #3,2024-06-20,2x12,3,8,255,True,G3_4
west,2x12 #3,2024-06-27,2x12,3,8,250,True,G3_4
west,2x12 #3,2024-07-04,2x12,3,8,250,True,G3_4
west,2x12 #3,2024-07-11,2x12,3,8,250,True,G3_4
west,2x12 #3,2024-07-18,2x12,3,8,250,True,G3_4
west,2x12 #3,2024-07-25,2x12,3,8,250,True,G3_4
west,2x12 #3,2024-08-01,2x12,3,8,250,True,G3_4
west,2x12 #3,2024-08-08,2x12,3,8,250,True,G3_4
west,2x12 #3,2024-08-15,2x12,3,8,250,True,G3_4
west,2x12 #3,2024-08-22,2x12,3,8,250,True,G3_4
west,2x12 #3,2024-08-29,2x12,3,8,250,True,G3_4
west,2x12 #3,2024-09-05,2x12,3,8,250,True,G3_4
west,2x12 #3,2024-09-12,2x12,3,8,250,True,G3_4
west,2x12 #3,2024-09-20,2x12,3,8,240,True,G3_4
west,2x12 #3,2024-09-27,2x12,3,8,240,True,G3_4
west,2x12 #3,2024-10-04,2x12,3,8,240,True,G3_4
west,2x12 #3,2024-10-11,2x12,3,8,245,True,G3_4
west,2x12 #3,2024-10-18,2x12,3,8,255,True,G3_4
west,2x12 #3,2024-10-25,2x12,3,8,265,True,G3_4
west,2x12 #3,2024-11-01,2x12,3,8,275,True,G3_4
west,2x12 #3,2024-11-08,2x12,3,8,275,True,G3_4
west,2x12 #3,2024-11-15,2x12,3,8,275,True,G3_4
west,2x12 #3,2024-11-22,2x12,3,8,265,True,G3_4
west,2x12 #3,2024-11-27,2x12,3,8,260,True,G3_4
west,2x12 #3,2024-12-06,2x12,3,8,260,True,G3_4
west,2x12 #3,2024-12-13,2x12,3,8,255,True,G3_4
west,2x12 #3,2024-12-20,2x12,3,8,255,True,G3_4
west,2x12 #3,2025-01-03,2x12,3,8,260,True,G3_4
west,2x12 #3,2025-01-10,2x12,3,8,260,True,G3_4
west,2x12 #3,2025-01-17,2x12,3,8,260,True,G3_4
west,2x12 #3,2025-01-24,2x12,3,8,260,True,G3_4
west,2x12 #3,2025-01-31,2x12,3,8,260,True,G3_4
west,2x12 #3,2025-02-07,2x12,3,8,260,True,G3_4
west,2x12 #3,2025-02-14,2x12,3,8,260,True,G3_4
west,2x12 #3,2025-02-21,2x12,3,8,265,True,G3_4
west,2x12 #3,2025-02-28,2x12,3,8,270,True,G3_4
west,2x12 #3,2025-03-07,2x12,3,8,275,True,G3_4
west,2x12 #3,2025-03-14,2x12,3,8,285,True,G3_4
west,2x12 #3,2025-03-21,2x12,3,8,295,True,G3_4
west,2x12 #3,2025-03-28,2x12,3,8,305,True,G3_4
west,2x12 #3,2025-04-04,2x12,3,8,310,True,G3_4
west,2x12 #3,2025-04-11,2x12,3,8,315,True,G3_4
west,2x12 #3,2025-04-18,2x12,3,8,320,True,G3_4
west,2x12 #3,2025-04-25,2x12,3,8,320,True,G3_4
west,2x12 #3,2025-05-02,2x12,3,8,320,True,G3_4
west,2x12 #3,2025-05-09,2x12,3,8,315,True,G3_4
west,2x12 #3,2025-05-16,2x12,3,8,310,True,G3_4
west,2x12 #3,2025-05-23,2x12,3,8,295,True,G3_4
west,2x12 #3,2025-05-30,2x12,3,8,280,True,G3_4
west,2x12 #3,2025-06-06,2x12,3,8,270,True,G3_4
west,2x12 #3,2025-06-13,2x12,3,8,260,True,G3_4
west,2x12 #3,2025-06-19,2x12,3,8,240,True,G3_4
west,2x12 #3,2025-06-27,2x12,3,8,237,True,G3_4
west,2x12 #3,2025-07-03,2x12,3,8,237,True,G3_4
west,2x12 #3,2025-07-11,2x12,3,8,240,True,G3_4
west,2x12 #3,2025-07-18,2x12,3,8,240,True,G3_4
west,2x12 #3,2025-07-25,2x12,3,8,240,True,G3_4
west,2x12 #3,2025-08-01,2x12,3,8,240,True,G3_4
west,2x12 #3,2025-08-08,2x12,3,8,240,True,G3_4
west,2x12 #3,2025-08-15,2x12,3,8,243,True,G3_4
west,2x12 #3,2025-08-22,2x12,3,8,240,True,G3_4
west,2x12 #3,2025-08-29,2x12,3,8,230,True,G3_4
west,2x12 #3,2025-09-05,2x12,3,8,225,True,G3_4
west,2x12 #3,2025-09-12,2x12,3,8,225,True,G3_4
west,2x12 #3,2025-09-19,2x12,3,8,225,True,G3_4
west,2x12 #3,2025-09-26,2x12,3,8,225,True,G3_4
west,2x12 #3,2025-10-03,2x12,3,8,225,True,G3_4
west,2x12 #3,2025-10-10,2x12,3,8,225,True,G3_4
west,2x12 #3,2025-10-17,2x12,3,8,225,True,G3_4
west,2x12 #3,2024-01-12,2x12,3,10,200,True,G3_4
west,2x12 #3,2024-01-18,2x12,3,10,200,True,G3_4
west,2x12 #3,2024-01-25,2x12,3,10,200,True,G3_4
west,2x12 #3,2024-02-08,2x12,3,10,215,True,G3_4
west,2x12 #3,2024-02-15,2x12,3,10,220,True,G3_4
west,2x12 #3,2024-02-22,2x12,3,10,225,True,G3_4
west,2x12 #3,2024-02-29,2x12,3,10,230,True,G3_4
west,2x12 #3,2024-03-07,2x12,3,10,240,True,G3_4
west,2x12 #3,2024-03-14,2x12,3,10,240,True,G3_4
west,2x12 #3,2024-03-21,2x12,3,10,245,True,G3_4
west,2x12 #3,2024-03-28,2x12,3,10,245,True,G3_4
west,2x12 #3,2024-04-04,2x12,3,10,245,True,G3_4
west,2x12 #3,2024-04-11,2x12,3,10,245,True,G3_4
west,2x12 #3,2024-04-18,2x12,3,10,245,True,G3_4
west,2x12 #3,2024-04-25,2x12,3,10,245,True,G3_4
west,2x12 #3,2024-05-02,2x12,3,10,245,True,G3_4
west,2x12 #3,2024-05-09,2x12,3,10,245,True,G3_4
west,2x12 #3,2024-05-16,2x12,3,10,250,True,G3_4
west,2x12 #3,2024-05-30,2x12,3,10,255,True,G3_4
west,2x12 #3,2024-06-06,2x12,3,10,255,True,G3_4
west,2x12 #3,2024-06-13,2x12,3,10,255,True,G3_4
west,2x12 #3,2024-06-20,2x12,3,10,255,True,G3_4
west,2x12 #3,2024-06-27,2x12,3,10,250,True,G3_4
west,2x12 #3,2024-07-04,2x12,3,10,250,True,G3_4
west,2x12 #3,2024-07-11,2x12,3,10,250,True,G3_4
west,2x12 #3,2024-07-18,2x12,3,10,250,True,G3_4
west,2x12 #3,2024-07-25,2x12,3,10,250,True,G3_4
west,2x12 #3,2024-08-01,2x12,3,10,250,True,G3_4
west,2x12 #3,2024-08-08,2x12,3,10,250,True,G3_4
west,2x12 #3,2024-08-15,2x12,3,10,250,True,G3_4
west,2x12 #3,2024-08-22,2x12,3,10,250,True,G3_4
west,2x12 #3,2024-08-29,2x12,3,10,250,True,G3_4
west,2x12 #3,2024-09-05,2x12,3,10,250,True,G3_4
west,2x12 #3,2024-09-12,2x12,3,10,250,True,G3_4
west,2x12 #3,2024-09-20,2x12,3,10,240,True,G3_4
west,2x12 #3,2024-09-27,2x12,3,10,240,True,G3_4
west,2x12 #3,2024-10-04,2x12,3,10,240,True,G3_4
west,2x12 #3,2024-10-11,2x12,3,10,245,True,G3_4
west,2x12 #3,2024-10-18,2x12,3,10,255,True,G3_4
west,2x12 #3,2024-10-25,2x12,3,10,265,True,G3_4
west,2x12 #3,2024-11-01,2x12,3,10,275,True,G3_4
west,2x12 #3,2024-11-08,2x12,3,10,275,True,G3_4
west,2x12 #3,2024-11-15,2x12,3,10,275,True,G3_4
west,2x12 #3,2024-11-22,2x12,3,10,265,True,G3_4
west,2x12 #3,2024-11-27,2x12,3,10,260,True,G3_4
west,2x12 #3,2024-12-06,2x12,3,10,260,True,G3_4
west,2x12 #3,2024-12-13,2x12,3,10,255,True,G3_4
west,2x12 #3,2024-12-20,2x12,3,10,255,True,G3_4
west,2x12 #3,2025-01-03,2x12,3,10,260,True,G3_4
west,2x12 #3,2025-01-10,2x12,3,10,260,True,G3_4
west,2x12 #3,2025-01-17,2x12,3,10,260,True,G3_4
west,2x12 #3,2025-01-24,2x12,3,10,260,True,G3_4
west,2x12 #3,2025-01-31,2x12,3,10,260,True,G3_4
west,2x12 #3,2025-02-07,2x12,3,10,260,True,G3_4
west,2x12 #3,2025-02-14,2x12,3,10,260,True,G3_4
west,2x12 #3,2025-02-21,2x12,3,10,265,True,G3_4
west,2x12 #3,2025-02-28,2x12,3,10,270,True,G3_4
west,2x12 #3,2025-03-07,2x12,3,10,275,True,G3_4
west,2x12 #3,2025-03-14,2x12,3,10,285,True,G3_4
west,2x12 #3,2025-03-21,2x12,3,10,295,True,G3_4
west,2x12 #3,2025-03-28,2x12,3,10,305,True,G3_4
west,2x12 #3,2025-04-04,2x12,3,10,310,True,G3_4
west,2x12 #3,2025-04-11,2x12,3,10,315,True,G3_4
west,2x12 #3,2025-04-18,2x12,3,10,320,True,G3_4
west,2x12 #3,2025-04-25,2x12,3,10,320,True,G3_4
west,2x12 #3,2025-05-02,2x12,3,10,320,True,G3_4
west,2x12 #3,2025-05-09,2x12,3,10,315,True,G3_4
west,2x12 #3,2025-05-16,2x12,3,10,310,True,G3_4
west,2x12 #3,2025-05-23,2x12,3,10,295,True,G3_4
west,2x12 #3,2025-05-30,2x12,3,10,280,True,G3_4
west,2x12 #3,2025-06-06,2x12,3,10,270,True,G3_4
west,2x12 #3,2025-06-13,2x12,3,10,260,True,G3_4
west,2x12 #3,2025-06-19,2x12,3,10,240,True,G3_4
west,2x12 #3,2025-06-27,2x12,3,10,237,True,G3_4
west,2x12 #3,2025-07-03,2x12,3,10,237,True,G3_4
west,2x12 #3,2025-07-11,2x12,3,10,240,True,G3_4
west,2x12 #3,2025-07-18,2x12,3,10,240,True,G3_4
west,2x12 #3,2025-07-25,2x12,3,10,240,True,G3_4
west,2x12 #3,2025-08-01,2x12,3,10,240,True,G3_4
west,2x12 #3,2025-08-08,2x12,3,10,240,True,G3_4
west,2x12 #3,2025-08-15,2x12,3,10,243,True,G3_4
west,2x12 #3,2025-08-22,2x12,3,10,240,True,G3_4
west,2x12 #3,2025-08-29,2x12,3,10,230,True,G3_4
west,2x12 #3,2025-09-05,2x12,3,10,225,True,G3_4
west,2x12 #3,2025-09-12,2x12,3,10,225,True,G3_4
west,2x12 #3,2025-09-19,2x12,3,10,225,True,G3_4
west,2x12 #3,2025-09-26,2x12,3,10,225,True,G3_4
west,2x12 #3,2025-10-03,2x12,3,10,225,True,G3_4
west,2x12 #3,2025-10-10,2x12,3,10,225,True,G3_4
west,2x12 #3,2025-10-17,2x12,3,10,225,True,G3_4
west,2x12 #3,2024-01-12,2x12,3,12,200,True,G3_4
west,2x12 #3,2024-01-18,2x12,3,12,200,True,G3_4
west,2x12 #3,2024-01-25,2x12,3,12,200,True,G3_4
west,2x12 #3,2024-02-08,2x12,3,12,215,True,G3_4
west,2x12 #3,2024-02-15,2x12,3,12,220,True,G3_4
west,2x12 #3,2024-02-22,2x12,3,12,225,True,G3_4
west,2x12 #3,2024-02-29,2x12,3,12,230,True,G3_4
west,2x12 #3,2024-03-07,2x12,3,12,240,True,G3_4
west,2x12 #3,2024-03-14,2x12,3,12,240,True,G3_4
west,2x12 #3,2024-03-21,2x12,3,12,245,True,G3_4
west,2x12 #3,2024-03-28,2x12,3,12,245,True,G3_4
west,2x12 #3,2024-04-04,2x12,3,12,245,True,G3_4
west,2x12 #3,2024-04-11,2x12,3,12,245,True,G3_4
west,2x12 #3,2024-04-18,2x12,3,12,245,True,G3_4
west,2x12 #3,2024-04-25,2x12,3,12,245,True,G3_4
west,2x12 #3,2024-05-02,2x12,3,12,245,True,G3_4
west,2x12 #3,2024-05-09,2x12,3,12,245,True,G3_4
west,2x12 #3,2024-05-16,2x12,3,12,250,True,G3_4
west,2x12 #3,2024-05-30,2x12,3,12,255,True,G3_4
west,2x12 #3,2024-06-06,2x12,3,12,255,True,G3_4
west,2x12 #3,2024-06-13,2x12,3,12,255,True,G3_4
west,2x12 #3,2024-06-20,2x12,3,12,255,True,G3_4
west,2x12 #3,2024-06-27,2x12,3,12,250,True,G3_4
west,2x12 #3,2024-07-04,2x12,3,12,250,True,G3_4
west,2x12 #3,2024-07-11,2x12,3,12,250,True,G3_4
west,2x12 #3,2024-07-18,2x12,3,12,250,True,G3_4
west,2x12 #3,2024-07-25,2x12,3,12,250,True,G3_4
west,2x12 #3,2024-08-01,2x12,3,12,250,True,G3_4
west,2x12 #3,2024-08-08,2x12,3,12,250,True,G3_4
west,2x12 #3,2024-08-15,2x12,3,12,250,True,G3_4
west,2x12 #3,2024-08-22,2x12,3,12,250,True,G3_4
west,2x12 #3,2024-08-29,2x12,3,12,250,True,G3_4
west,2x12 #3,2024-09-05,2x12,3,12,250,True,G3_4
west,2x12 #3,2024-09-12,2x12,3,12,250,True,G3_4
west,2x12 #3,2024-09-20,2x12,3,12,240,True,G3_4
west,2x12 #3,2024-09-27,2x12,3,12,240,True,G3_4
west,2x12 #3,2024-10-04,2x12,3,12,240,True,G3_4
west,2x12 #3,2024-10-11,2x12,3,12,245,True,G3_4
west,2x12 #3,2024-10-18,2x12,3,12,255,True,G3_4
west,2x12 #3,2024-10-25,2x12,3,12,265,True,G3_4
west,2x12 #3,2024-11-01,2x12,3,12,275,True,G3_4
west,2x12 #3,2024-11-08,2x12,3,12,275,True,G3_4
west,2x12 #3,2024-11-15,2x12,3,12,275,True,G3_4
west,2x12 #3,2024-11-22,2x12,3,12,265,True,G3_4
west,2x12 #3,2024-11-27,2x12,3,12,260,True,G3_4
west,2x12 #3,2024-12-06,2x12,3,12,260,True,G3_4
west,2x12 #3,2024-12-13,2x12,3,12,255,True,G3_4
west,2x12 #3,2024-12-20,2x12,3,12,255,True,G3_4
west,2x12 #3,2025-01-03,2x12,3,12,260,True,G3_4
west,2x12 #3,2025-01-10,2x12,3,12,260,True,G3_4
west,2x12 #3,2025-01-17,2x12,3,12,260,True,G3_4
west,2x12 #3,2025-01-24,2x12,3,12,260,True,G3_4
west,2x12 #3,2025-01-31,2x12,3,12,260,True,G3_4
west,2x12 #3,2025-02-07,2x12,3,12,260,True,G3_4
west,2x12 #3,2025-02-14,2x12,3,12,260,True,G3_4
west,2x12 #3,2025-02-21,2x12,3,12,265,True,G3_4
west,2x12 #3,2025-02-28,2x12,3,12,270,True,G3_4
west,2x12 #3,2025-03-07,2x12,3,12,275,True,G3_4
west,2x12 #3,2025-03-14,2x12,3,12,285,True,G3_4
west,2x12 #3,2025-03-21,2x12,3,12,295,True,G3_4
west,2x12 #3,2025-03-28,2x12,3,12,305,True,G3_4
west,2x12 #3,2025-04-04,2x12,3,12,310,True,G3_4
west,2x12 #3,2025-04-11,2x12,3,12,315,True,G3_4
west,2x12 #3,2025-04-18,2x12,3,12,320,True,G3_4
west,2x12 #3,2025-04-25,2x12,3,12,320,True,G3_4
west,2x12 #3,2025-05-02,2x12,3,12,320,True,G3_4
west,2x12 #3,2025-05-09,2x12,3,12,315,True,G3_4
west,2x12 #3,2025-05-16,2x12,3,12,310,True,G3_4
west,2x12 #3,2025-05-23,2x12,3,12,295,True,G3_4
west,2x12 #3,2025-05-30,2x12,3,12,280,True,G3_4
west,2x12 #3,2025-06-06,2x12,3,12,270,True,G3_4
west,2x12 #3,2025-06-13,2x12,3,12,260,True,G3_4
west,2x12 #3,2025-06-19,2x12,3,12,240,True,G3_4
west,2x12 #3,2025-06-27,2x12,3,12,237,True,G3_4
west,2x12 #3,2025-07-03,2x12,3,12,237,True,G3_4
west,2x12 #3,2025-07-11,2x12,3,12,240,True,G3_4
west,2x12 #3,2025-07-18,2x12,3,12,240,True,G3_4
west,2x12 #3,2025-07-25,2x12,3,12,240,True,G3_4
west,2x12 #3,2025-08-01,2x12,3,12,240,True,G3_4
west,2x12 #3,2025-08-08,2x12,3,12,240,True,G3_4
west,2x12 #3,2025-08-15,2x12,3,12,243,True,G3_4
west,2x12 #3,2025-08-22,2x12,3,12,240,True,G3_4
west,2x12 #3,2025-08-29,2x12,3,12,230,True,G3_4
west,2x12 #3,2025-09-05,2x12,3,12,225,True,G3_4
west,2x12 #3,2025-09-12,2x12,3,12,225,True,G3_4
west,2x12 #3,2025-09-19,2x12,3,12,225,True,G3_4
west,2x12 #3,2025-09-26,2x12,3,12,225,True,G3_4
west,2x12 #3,2025-10-03,2x12,3,12,225,True,G3_4
west,2x12 #3,2025-10-10,2x12,3,12,225,True,G3_4
west,2x12 #3,2025-10-17,2x12,3,12,225,True,G3_4
west,2x12 #3,2024-01-12,2x12,3,14,200,True,G3_4
west,2x12 #3,2024-01-18,2x12,3,14,200,True,G3_4
west,2x12 #3,2024-01-25,2x12,3,14,200,True,G3_4
west,2x12 #3,2024-02-08,2x12,3,14,215,True,G3_4
west,2x12 #3,2024-02-15,2x12,3,14,220,True,G3_4
west,2x12 #3,2024-02-22,2x12,3,14,225,True,G3_4
west,2x12 #3,2024-02-29,2x12,3,14,230,True,G3_4
west,2x12 #3,2024-03-07,2x12,3,14,240,True,G3_4
west,2x12 #3,2024-03-14,2x12,3,14,240,True,G3_4
west,2x12 #3,2024-03-21,2x12,3,14,245,True,G3_4
west,2x12 #3,2024-03-28,2x12,3,14,245,True,G3_4
west,2x12 #3,2024-04-04,2x12,3,14,245,True,G3_4
west,2x12 #3,2024-04-11,2x12,3,14,245,True,G3_4
west,2x12 #3,2024-04-18,2x12,3,14,245,True,G3_4
west,2x12 #3,2024-04-25,2x12,3,14,245,True,G3_4
west,2x12 #3,2024-05-02,2x12,3,14,245,True,G3_4
west,2x12 #3,2024-05-09,2x12,3,14,245,True,G3_4
west,2x12 #3,2024-05-16,2x12,3,14,250,True,G3_4
west,2x12 #3,2024-05-30,2x12,3,14,255,True,G3_4
west,2x12 #3,2024-06-06,2x12,3,14,255,True,G3_4
west,2x12 #3,2024-06-13,2x12,3,14,255,True,G3_4
west,2x12 #3,2024-06-20,2x12,3,14,255,True,G3_4
west,2x12 #3,2024-06-27,2x12,3,14,250,True,G3_4
west,2x12 #3,2024-07-04,2x12,3,14,250,True,G3_4
west,2x12 #3,2024-07-11,2x12,3,14,250,True,G3_4
west,2x12 #3,2024-07-18,2x12,3,14,250,True,G3_4
west,2x12 #3,2024-07-25,2x12,3,14,250,True,G3_4
west,2x12 #3,2024-08-01,2x12,3,14,250,True,G3_4
west,2x12 #3,2024-08-08,2x12,3,14,250,True,G3_4
west,2x12 #3,2024-08-15,2x12,3,14,250,True,G3_4
west,2x12 #3,2024-08-22,2x12,3,14,250,True,G3_4
west,2x12 #3,2024-08-29,2x12,3,14,250,True,G3_4
west,2x12 #3,2024-09-05,2x12,3,14,250,True,G3_4
west,2x12 #3,2024-09-12,2x12,3,14,250,True,G3_4
west,2x12 #3,2024-09-20,2x12,3,14,240,True,G3_4
west,2x12 #3,2024-09-27,2x12,3,14,240,True,G3_4
west,2x12 #3,2024-10-04,2x12,3,14,240,True,G3_4
west,2x12 #3,2024-10-11,2x12,3,14,245,True,G3_4
west,2x12 #3,2024-10-18,2x12,3,14,255,True,G3_4
west,2x12 #3,2024-10-25,2x12,3,14,265,True,G3_4
west,2x12 #3,2024-11-01,2x12,3,14,275,True,G3_4
west,2x12 #3,2024-11-08,2x12,3,14,275,True,G3_4
west,2x12 #3,2024-11-15,2x12,3,14,275,True,G3_4
west,2x12 #3,2024-11-22,2x12,3,14,265,True,G3_4
west,2x12 #3,2024-11-27,2x12,3,14,260,True,G3_4
west,2x12 #3,2024-12-06,2x12,3,14,260,True,G3_4
west,2x12 #3,2024-12-13,2x12,3,14,255,True,G3_4
west,2x12 #3,2024-12-20,2x12,3,14,255,True,G3_4
west,2x12 #3,2025-01-03,2x12,3,14,260,True,G3_4
west,2x12 #3,2025-01-10,2x12,3,14,260,True,G3_4
west,2x12 #3,2025-01-17,2x12,3,14,260,True,G3_4
west,2x12 #3,2025-01-24,2x12,3,14,260,True,G3_4
west,2x12 #3,2025-01-31,2x12,3,14,260,True,G3_4
west,2x12 #3,2025-02-07,2x12,3,14,260,True,G3_4
west,2x12 #3,2025-02-14,2x12,3,14,260,True,G3_4
west,2x12 #3,2025-02-21,2x12,3,14,265,True,G3_4
west,2x12 #3,2025-02-28,2x12,3,14,270,True,G3_4
west,2x12 #3,2025-03-07,2x12,3,14,275,True,G3_4
west,2x12 #3,2025-03-14,2x12,3,14,285,True,G3_4
west,2x12 #3,2025-03-21,2x12,3,14,295,True,G3_4
west,2x12 #3,2025-03-28,2x12,3,14,305,True,G3_4
west,2x12 #3,2025-04-04,2x12,3,14,310,True,G3_4
west,2x12 #3,2025-04-11,2x12,3,14,315,True,G3_4
west,2x12 #3,2025-04-18,2x12,3,14,320,True,G3_4
west,2x12 #3,2025-04-25,2x12,3,14,320,True,G3_4
west,2x12 #3,2025-05-02,2x12,3,14,320,True,G3_4
west,2x12 #3,2025-05-09,2x12,3,14,315,True,G3_4
west,2x12 #3,2025-05-16,2x12,3,14,310,True,G3_4
west,2x12 #3,2025-05-23,2x12,3,14,295,True,G3_4
west,2x12 #3,2025-05-30,2x12,3,14,280,True,G3_4
west,2x12 #3,2025-06-06,2x12,3,14,270,True,G3_4
west,2x12 #3,2025-06-13,2x12,3,14,260,True,G3_4
west,2x12 #3,2025-06-19,2x12,3,14,240,True,G3_4
west,2x12 #3,2025-06-27,2x12,3,14,237,True,G3_4
west,2x12 #3,2025-07-03,2x12,3,14,237,True,G3_4
west,2x12 #3,2025-07-11,2x12,3,14,240,True,G3_4
west,2x12 #3,2025-07-18,2x12,3,14,240,True,G3_4
west,2x12 #3,2025-07-25,2x12,3,14,240,True,G3_4
west,2x12 #3,2025-08-01,2x12,3,14,240,True,G3_4
west,2x12 #3,2025-08-08,2x12,3,14,240,True,G3_4
west,2x12 #3,2025-08-15,2x12,3,14,243,True,G3_4
west,2x12 #3,2025-08-22,2x12,3,14,240,True,G3_4
west,2x12 #3,2025-08-29,2x12,3,14,230,True,G3_4
west,2x12 #3,2025-09-05,2x12,3,14,225,True,G3_4
west,2x12 #3,2025-09-12,2x12,3,14,225,True,G3_4
west,2x12 #3,2025-09-19,2x12,3,14,225,True,G3_4
west,2x12 #3,2025-09-26,2x12,3,14,225,True,G3_4
west,2x12 #3,2025-10-03,2x12,3,14,225,True,G3_4
west,2x12 #3,2025-10-10,2x12,3,14,225,True,G3_4
west,2x12 #3,2025-10-17,2x12,3,14,225,True,G3_4
west,2x12 #3,2024-01-12,2x12,3,16,200,True,G3_4
west,2x12 #3,2024-01-18,2x12,3,16,200,True,G3_4
west,2x12 #3,2024-01-25,2x12,3,16,200,True,G3_4
west,2x12 #3,2024-02-08,2x12,3,16,215,True,G3_4
west,2x12 #3,2024-02-15,2x12,3,16,220,True,G3_4
west,2x12 #3,2024-02-22,2x12,3,16,225,True,G3_4
west,2x12 #3,2024-02-29,2x12,3,16,230,True,G3_4
west,2x12 #3,2024-03-07,2x12,3,16,240,True,G3_4
west,2x12 #3,2024-03-14,2x12,3,16,240,True,G3_4
west,2x12 #3,2024-03-21,2x12,3,16,245,True,G3_4
west,2x12 #3,2024-03-28,2x12,3,16,245,True,G3_4
west,2x12 #3,2024-04-04,2x12,3,16,245,True,G3_4
west,2x12 #3,2024-04-11,2x12,3,16,245,True,G3_4
west,2x12 #3,2024-04-18,2x12,3,16,245,True,G3_4
west,2x12 #3,2024-04-25,2x12,3,16,245,True,G3_4
west,2x12 #3,2024-05-02,2x12,3,16,245,True,G3_4
west,2x12 #3,2024-05-09,2x12,3,16,245,True,G3_4
west,2x12 #3,2024-05-16,2x12,3,16,250,True,G3_4
west,2x12 #3,2024-05-30,2x12,3,16,255,True,G3_4
west,2x12 #3,2024-06-06,2x12,3,16,255,True,G3_4
west,2x12 #3,2024-06-13,2x12,3,16,255,True,G3_4
west,2x12 #3,2024-06-20,2x12,3,16,255,True,G3_4
west,2x12 #3,2024-06-27,2x12,3,16,250,True,G3_4
west,2x12 #3,2024-07-04,2x12,3,16,250,True,G3_4
west,2x12 #3,2024-07-11,2x12,3,16,250,True,G3_4
west,2x12 #3,2024-07-18,2x12,3,16,250,True,G3_4
west,2x12 #3,2024-07-25,2x12,3,16,250,True,G3_4
west,2x12 #3,2024-08-01,2x12,3,16,250,True,G3_4
west,2x12 #3,2024-08-08,2x12,3,16,250,True,G3_4
west,2x12 #3,2024-08-15,2x12,3,16,250,True,G3_4
west,2x12 #3,2024-08-22,2x12,3,16,250,True,G3_4
west,2x12 #3,2024-08-29,2x12,3,16,250,True,G3_4
west,2x12 #3,2024-09-05,2x12,3,16,250,True,G3_4
west,2x12 #3,2024-09-12,2x12,3,16,250,True,G3_4
west,2x12 #3,2024-09-20,2x12,3,16,240,True,G3_4
west,2x12 #3,2024-09-27,2x12,3,16,240,True,G3_4
west,2x12 #3,2024-10-04,2x12,3,16,240,True,G3_4
west,2x12 #3,2024-10-11,2x12,3,16,245,True,G3_4
west,2x12 #3,2024-10-18,2x12,3,16,255,True,G3_4
west,2x12 #3,2024-10-25,2x12,3,16,265,True,G3_4
west,2x12 #3,2024-11-01,2x12,3,16,275,True,G3_4
west,2x12 #3,2024-11-08,2x12,3,16,275,True,G3_4
west,2x12 #3,2024-11-15,2x12,3,16,275,True,G3_4
west,2x12 #3,2024-11-22,2x12,3,16,265,True,G3_4
west,2x12 #3,2024-11-27,2x12,3,16,260,True,G3_4
west,2x12 #3,2024-12-06,2x12,3,16,260,True,G3_4
west,2x12 #3,2024-12-13,2x12,3,16,255,True,G3_4
west,2x12 #3,2024-12-20,2x12,3,16,255,True,G3_4
west,2x12 #3,2025-01-03,2x12,3,16,260,True,G3_4
west,2x12 #3,2025-01-10,2x12,3,16,260,True,G3_4
west,2x12 #3,2025-01-17,2x12,3,16,260,True,G3_4
west,2x12 #3,2025-01-24,2x12,3,16,260,True,G3_4
west,2x12 #3,2025-01-31,2x12,3,16,260,True,G3_4
west,2x12 #3,2025-02-07,2x12,3,16,260,True,G3_4
west,2x12 #3,2025-02-14,2x12,3,16,260,True,G3_4
west,2x12 #3,2025-02-21,2x12,3,16,265,True,G3_4
west,2x12 #3,2025-02-28,2x12,3,16,270,True,G3_4
west,2x12 #3,2025-03-07,2x12,3,16,275,True,G3_4
west,2x12 #3,2025-03-14,2x12,3,16,285,True,G3_4
west,2x12 #3,2025-03-21,2x12,3,16,295,True,G3_4
west,2x12 #3,2025-03-28,2x12,3,16,305,True,G3_4
west,2x12 #3,2025-04-04,2x12,3,16,310,True,G3_4
west,2x12 #3,2025-04-11,2x12,3,16,315,True,G3_4
west,2x12 #3,2025-04-18,2x12,3,16,320,True,G3_4
west,2x12 #3,2025-04-25,2x12,3,16,320,True,G3_4
west,2x12 #3,2025-05-02,2x12,3,16,320,True,G3_4
west,2x12 #3,2025-05-09,2x12,3,16,315,True,G3_4
west,2x12 #3,2025-05-16,2x12,3,16,310,True,G3_4
west,2x12 #3,2025-05-23,2x12,3,16,295,True,G3_4
west,2x12 #3,2025-05-30,2x12,3,16,280,True,G3_4
west,2x12 #3,2025-06-06,2x12,3,16,270,True,G3_4
west,2x12 #3,2025-06-13,2x12,3,16,260,True,G3_4
west,2x12 #3,2025-06-19,2x12,3,16,240,True,G3_4
west,2x12 #3,2025-06-27,2x12,3,16,237,True,G3_4
west,2x12 #3,2025-07-03,2x12,3,16,237,True,G3_4
west,2x12 #3,2025-07-11,2x12,3,16,240,True,G3_4
west,2x12 #3,2025-07-18,2x12,3,16,240,True,G3_4
west,2x12 #3,2025-07-25,2x12,3,16,240,True,G3_4
west,2x12 #3,2025-08-01,2x12,3,16,240,True,G3_4
west,2x12 #3,2025-08-08,2x12,3,16,240,True,G3_4
west,2x12 #3,2025-08-15,2x12,3,16,243,True,G3_4
west,2x12 #3,2025-08-22,2x12,3,16,240,True,G3_4
west,2x12 #3,2025-08-29,2x12,3,16,230,True,G3_4
west,2x12 #3,2025-09-05,2x12,3,16,225,True,G3_4
west,2x12 #3,2025-09-12,2x12,3,16,225,True,G3_4
west,2x12 #3,2025-09-19,2x12,3,16,225,True,G3_4
west,2x12 #3,2025-09-26,2x12,3,16,225,True,G3_4
west,2x12 #3,2025-10-03,2x12,3,16,225,True,G3_4
west,2x12 #3,2025-10-10,2x12,3,16,225,True,G3_4
west,2x12 #3,2025-10-17,2x12,3,16,225,True,G3_4
west,2x12 #3,2024-01-12,2x12,3,18,200,True,G3_4
west,2x12 #3,2024-01-18,2x12,3,18,200,True,G3_4
west,2x12 #3,2024-01-25,2x12,3,18,200,True,G3_4
west,2x12 #3,2024-02-08,2x12,3,18,215,True,G3_4
west,2x12 #3,2024-02-15,2x12,3,18,220,True,G3_4
west,2x12 #3,2024-02-22,2x12,3,18,225,True,G3_4
west,2x12 #3,2024-02-29,2x12,3,18,230,True,G3_4
west,2x12 #3,2024-03-07,2x12,3,18,240,True,G3_4
west,2x12 #3,2024-03-14,2x12,3,18,240,True,G3_4
west,2x12 #3,2024-03-21,2x12,3,18,245,True,G3_4
west,2x12 #3,2024-03-28,2x12,3,18,245,True,G3_4
west,2x12 #3,2024-04-04,2x12,3,18,245,True,G3_4
west,2x12 #3,2024-04-11,2x12,3,18,245,True,G3_4
west,2x12 #3,2024-04-18,2x12,3,18,245,True,G3_4
west,2x12 #3,2024-04-25,2x12,3,18,245,True,G3_4
west,2x12 #3,2024-05-02,2x12,3,18,245,True,G3_4
west,2x12 #3,2024-05-09,2x12,3,18,245,True,G3_4
west,2x12 #3,2024-05-16,2x12,3,18,250,True,G3_4
west,2x12 #3,2024-05-30,2x12,3,18,255,True,G3_4
west,2x12 #3,2024-06-06,2x12,3,18,255,True,G3_4
west,2x12 #3,2024-06-13,2x12,3,18,255,True,G3_4
west,2x12 #3,2024-06-20,2x12,3,18,255,True,G3_4
west,2x12 #3,2024-06-27,2x12,3,18,250,True,G3_4
west,2x12 #3,2024-07-04,2x12,3,18,250,True,G3_4
west,2x12 #3,2024-07-11,2x12,3,18,250,True,G3_4
west,2x12 #3,2024-07-18,2x12,3,18,250,True,G3_4
west,2x12 #3,2024-07-25,2x12,3,18,250,True,G3_4
west,2x12 #3,2024-08-01,2x12,3,18,250,True,G3_4
west,2x12 #3,2024-08-08,2x12,3,18,250,True,G3_4
west,2x12 #3,2024-08-15,2x12,3,18,250,True,G3_4
west,2x12 #3,2024-08-22,2x12,3,18,250,True,G3_4
west,2x12 #3,2024-08-29,2x12,3,18,250,True,G3_4
west,2x12 #3,2024-09-05,2x12,3,18,250,True,G3_4
west,2x12 #3,2024-09-12,2x12,3,18,250,True,G3_4
west,2x12 #3,2024-09-20,2x12,3,18,240,True,G3_4
west,2x12 #3,2024-09-27,2x12,3,18,240,True,G3_4
west,2x12 #3,2024-10-04,2x12,3,18,240,True,G3_4
west,2x12 #3,2024-10-11,2x12,3,18,245,True,G3_4
west,2x12 #3,2024-10-18,2x12,3,18,255,True,G3_4
west,2x12 #3,2024-10-25,2x12,3,18,265,True,G3_4
west,2x12 #3,2024-11-01,2x12,3,18,275,True,G3_4
west,2x12 #3,2024-11-08,2x12,3,18,275,True,G3_4
west,2x12 #3,2024-11-15,2x12,3,18,275,True,G3_4
west,2x12 #3,2024-11-22,2x12,3,18,265,True,G3_4
west,2x12 #3,2024-11-27,2x12,3,18,260,True,G3_4
west,2x12 #3,2024-12-06,2x12,3,18,260,True,G3_4
west,2x12 #3,2024-12-13,2x12,3,18,255,True,G3_4
west,2x12 #3,2024-12-20,2x12,3,18,255,True,G3_4
west,2x12 #3,2025-01-03,2x12,3,18,260,True,G3_4
west,2x12 #3,2025-01-10,2x12,3,18,260,True,G3_4
west,2x12 #3,2025-01-17,2x12,3,18,260,True,G3_4
west,2x12 #3,2025-01-24,2x12,3,18,260,True,G3_4
west,2x12 #3,2025-01-31,2x12,3,18,260,True,G3_4
west,2x12 #3,2025-02-07,2x12,3,18,260,True,G3_4
west,2x12 #3,2025-02-14,2x12,3,18,260,True,G3_4
west,2x12 #3,2025-02-21,2x12,3,18,265,True,G3_4
west,2x12 #3,2025-02-28,2x12,3,18,270,True,G3_4
west,2x12 #3,2025-03-07,2x12,3,18,275,True,G3_4
west,2x12 #3,2025-03-14,2x12,3,18,285,True,G3_4
west,2x12 #3,2025-03-21,2x12,3,18,295,True,G3_4
west,2x12 #3,2025-03-28,2x12,3,18,305,True,G3_4
west,2x12 #3,2025-04-04,2x12,3,18,310,True,G3_4
west,2x12 #3,2025-04-11,2x12,3,18,315,True,G3_4
west,2x12 #3,2025-04-18,2x12,3,18,320,True,G3_4
west,2x12 #3,2025-04-25,2x12,3,18,320,True,G3_4
west,2x12 #3,2025-05-02,2x12,3,18,320,True,G3_4
west,2x12 #3,2025-05-09,2x12,3,18,315,True,G3_4
west,2x12 #3,2025-05-16,2x12,3,18,310,True,G3_4
west,2x12 #3,2025-05-23,2x12,3,18,295,True,G3_4
west,2x12 #3,2025-05-30,2x12,3,18,280,True,G3_4
west,2x12 #3,2025-06-06,2x12,3,18,270,True,G3_4
west,2x12 #3,2025-06-13,2x12,3,18,260,True,G3_4
west,2x12 #3,2025-06-19,2x12,3,18,240,True,G3_4
west,2x12 #3,2025-06-27,2x12,3,18,237,True,G3_4
west,2x12 #3,2025-07-03,2x12,3,18,237,True,G3_4
west,2x12 #3,2025-07-11,2x12,3,18,240,True,G3_4
west,2x12 #3,2025-07-18,2x12,3,18,240,True,G3_4
west,2x12 #3,2025-07-25,2x12,3,18,240,True,G3_4
west,2x12 #3,2025-08-01,2x12,3,18,240,True,G3_4
west,2x12 #3,2025-08-08,2x12,3,18,240,True,G3_4
west,2x12 #3,2025-08-15,2x12,3,18,243,True,G3_4
west,2x12 #3,2025-08-22,2x12,3,18,240,True,G3_4
west,2x12 #3,2025-08-29,2x12,3,18,230,True,G3_4
west,2x12 #3,2025-09-05,2x12,3,18,225,True,G3_4
west,2x12 #3,2025-09-12,2x12,3,18,225,True,G3_4
west,2x12 #3,2025-09-19,2x12,3,18,225,True,G3_4
west,2x12 #3,2025-09-26,2x12,3,18,225,True,G3_4
west,2x12 #3,2025-10-03,2x12,3,18,225,True,G3_4
west,2x12 #3,2025-10-10,2x12,3,18,225,True,G3_4
west,2x12 #3,2025-10-17,2x12,3,18,225,True,G3_4
west,2x12 #3,2024-01-12,2x12,3,20,200,True,G3_4
west,2x12 #3,2024-01-18,2x12,3,20,200,True,G3_4
west,2x12 #3,2024-01-25,2x12,3,20,200,True,G3_4
west,2x12 #3,2024-02-08,2x12,3,20,215,True,G3_4
west,2x12 #3,2024-02-15,2x12,3,20,220,True,G3_4
west,2x12 #3,2024-02-22,2x12,3,20,225,True,G3_4
west,2x12 #3,2024-02-29,2x12,3,20,230,True,G3_4
west,2x12 #3,2024-03-07,2x12,3,20,240,True,G3_4
west,2x12 #3,2024-03-14,2x12,3,20,240,True,G3_4
west,2x12 #3,2024-03-21,2x12,3,20,245,True,G3_4
west,2x12 #3,2024-03-28,2x12,3,20,245,True,G3_4
west,2x12 #3,2024-04-04,2x12,3,20,245,True,G3_4
west,2x12 #3,2024-04-11,2x12,3,20,245,True,G3_4
west,2x12 #3,2024-04-18,2x12,3,20,245,True,G3_4
west,2x12 #3,2024-04-25,2x12,3,20,245,True,G3_4
west,2x12 #3,2024-05-02,2x12,3,20,245,True,G3_4
west,2x12 #3,2024-05-09,2x12,3,20,245,True,G3_4
west,2x12 #3,2024-05-16,2x12,3,20,250,True,G3_4
west,2x12 #3,2024-05-30,2x12,3,20,255,True,G3_4
west,2x12 #3,2024-06-06,2x12,3,20,255,True,G3_4
west,2x12 #3,2024-06-13,2x12,3,20,255,True,G3_4
west,2x12 #3,2024-06-20,2x12,3,20,255,True,G3_4
west,2x12 #3,2024-06-27,2x12,3,20,250,True,G3_4
west,2x12 #3,2024-07-04,2x12,3,20,250,True,G3_4
west,2x12 #3,2024-07-11,2x12,3,20,250,True,G3_4
west,2x12 #3,2024-07-18,2x12,3,20,250,True,G3_4
west,2x12 #3,2024-07-25,2x12,3,20,250,True,G3_4
west,2x12 #3,2024-08-01,2x12,3,20,250,True,G3_4
west,2x12 #3,2024-08-08,2x12,3,20,250,True,G3_4
west,2x12 #3,2024-08-15,2x12,3,20,250,True,G3_4
west,2x12 #3,2024-08-22,2x12,3,20,250,True,G3_4
west,2x12 #3,2024-08-29,2x12,3,20,250,True,G3_4
west,2x12 #3,2024-09-05,2x12,3,20,250,True,G3_4
west,2x12 #3,2024-09-12,2x12,3,20,250,True,G3_4
west,2x12 #3,2024-09-20,2x12,3,20,240,True,G3_4
west,2x12 #3,2024-09-27,2x12,3,20,240,True,G3_4
west,2x12 #3,2024-10-04,2x12,3,20,240,True,G3_4
west,2x12 #3,2024-10-11,2x12,3,20,245,True,G3_4
west,2x12 #3,2024-10-18,2x12,3,20,255,True,G3_4
west,2x12 #3,2024-10-25,2x12,3,20,265,True,G3_4
west,2x12 #3,2024-11-01,2x12,3,20,275,True,G3_4
west,2x12 #3,2024-11-08,2x12,3,20,275,True,G3_4
west,2x12 #3,2024-11-15,2x12,3,20,275,True,G3_4
west,2x12 #3,2024-11-22,2x12,3,20,265,True,G3_4
west,2x12 #3,2024-11-27,2x12,3,20,260,True,G3_4
west,2x12 #3,2024-12-06,2x12,3,20,260,True,G3_4
west,2x12 #3,2024-12-13,2x12,3,20,255,True,G3_4
west,2x12 #3,2024-12-20,2x12,3,20,255,True,G3_4
west,2x12 #3,2025-01-03,2x12,3,20,260,True,G3_4
west,2x12 #3,2025-01-10,2x12,3,20,260,True,G3_4
west,2x12 #3,2025-01-17,2x12,3,20,260,True,G3_4
west,2x12 #3,2025-01-24,2x12,3,20,260,True,G3_4
west,2x12 #3,2025-01-31,2x12,3,20,260,True,G3_4
west,2x12 #3,2025-02-07,2x12,3,20,260,True,G3_4
west,2x12 #3,2025-02-14,2x12,3,20,260,True,G3_4
west,2x12 #3,2025-02-21,2x12,3,20,265,True,G3_4
west,2x12 #3,2025-02-28,2x12,3,20,270,True,G3_4
west,2x12 #3,2025-03-07,2x12,3,20,275,True,G3_4
west,2x12 #3,2025-03-14,2x12,3,20,285,True,G3_4
west,2x12 #3,2025-03-21,2x12,3,20,295,True,G3_4
west,2x12 #3,2025-03-28,2x12,3,20,305,True,G3_4
west,2x12 #3,2025-04-04,2x12,3,20,310,True,G3_4
west,2x12 #3,2025-04-11,2x12,3,20,315,True,G3_4
west,2x12 #3,2025-04-18,2x12,3,20,320,True,G3_4
west,2x12 #3,2025-04-25,2x12,3,20,320,True,G3_4
west,2x12 #3,2025-05-02,2x12,3,20,320,True,G3_4
west,2x12 #3,2025-05-09,2x12,3,20,315,True,G3_4
west,2x12 #3,2025-05-16,2x12,3,20,310,True,G3_4
west,2x12 #3,2025-05-23,2x12,3,20,295,True,G3_4
west,2x12 #3,2025-05-30,2x12,3,20,280,True,G3_4
west,2x12 #3,2025-06-06,2x12,3,20,270,True,G3_4
west,2x12 #3,2025-06-13,2x12,3,20,260,True,G3_4
west,2x12 #3,2025-06-19,2x12,3,20,240,True,G3_4
west,2x12 #3,2025-06-27,2x12,3,20,237,True,G3_4
west,2x12 #3,2025-07-03,2x12,3,20,237,True,G3_4
west,2x12 #3,2025-07-11,2x12,3,20,240,True,G3_4
west,2x12 #3,2025-07-18,2x12,3,20,240,True,G3_4
west,2x12 #3,2025-07-25,2x12,3,20,240,True,G3_4
west,2x12 #3,2025-08-01,2x12,3,20,240,True,G3_4
west,2x12 #3,2025-08-08,2x12,3,20,240,True,G3_4
west,2x12 #3,2025-08-15,2x12,3,20,243,True,G3_4
west,2x12 #3,2025-08-22,2x12,3,20,240,True,G3_4
west,2x12 #3,2025-08-29,2x12,3,20,230,True,G3_4
west,2x12 #3,2025-09-05,2x12,3,20,225,True,G3_4
west,2x12 #3,2025-09-12,2x12,3,20,225,True,G3_4
west,2x12 #3,2025-09-19,2x12,3,20,225,True,G3_4
west,2x12 #3,2025-09-26,2x12,3,20,225,True,G3_4
west,2x12 #3,2025-10-03,2x12,3,20,225,True,G3_4
west,2x12 #3,2025-10-10,2x12,3,20,225,True,G3_4
west,2x12 #3,2025-10-17,2x12,3,20,225,True,G3_4
west,2x12,2024-01-12,2x12,4,8,170,True,G3_4
west,2x12,2024-01-18,2x12,4,8,170,True,G3_4
west,2x12,2024-01-25,2x12,4,8,170,True,G3_4
west,2x12,2024-02-08,2x12,4,8,170,True,G3_4
west,2x12,2024-02-15,2x12,4,8,170,True,G3_4
west,2x12,2024-02-22,2x12,4,8,175,True,G3_4
west,2x12,2024-02-29,2x12,4,8,180,True,G3_4
west,2x12,2024-03-07,2x12,4,8,190,True,G3_4
west,2x12,2024-03-14,2x12,4,8,190,True,G3_4
west,2x12,2024-03-21,2x12,4,8,195,True,G3_4
west,2x12,2024-03-28,2x12,4,8,195,True,G3_4
west,2x12,2024-04-04,2x12,4,8,195,True,G3_4
west,2x12,2024-04-11,2x12,4,8,195,True,G3_4
west,2x12,2024-04-18,2x12,4,8,195,True,G3_4
west,2x12,2024-04-25,2x12,4,8,195,True,G3_4
west,2x12,2024-05-02,2x12,4,8,195,True,G3_4
west,2x12,2024-05-09,2x12,4,8,195,True,G3_4
west,2x12,2024-05-16,2x12,4,8,195,True,G3_4
west,2x12,2024-05-30,2x12,4,8,195,True,G3_4
west,2x12,2024-06-06,2x12,4,8,195,True,G3_4
west,2x12,2024-06-13,2x12,4,8,195,True,G3_4
west,2x12,2024-06-20,2x12,4,8,195,True,G3_4
west,2x12,2024-06-27,2x12,4,8,190,True,G3_4
west,2x12,2024-07-04,2x12,4,8,190,True,G3_4
west,2x12,2024-07-11,2x12,4,8,190,True,G3_4
west,2x12,2024-07-18,2x12,4,8,190,True,G3_4
west,2x12,2024-07-25,2x12,4,8,190,True,G3_4
west,2x12,2024-08-01,2x12,4,8,190,True,G3_4
west,2x12,2024-08-08,2x12,4,8,190,True,G3_4
west,2x12,2024-08-15,2x12,4,8,190,True,G3_4
west,2x12,2024-08-22,2x12,4,8,190,True,G3_4
west,2x12,2024-08-29,2x12,4,8,190,True,G3_4
west,2x12,2024-09-05,2x12,4,8,190,True,G3_4
west,2x12,2024-09-12,2x12,4,8,190,True,G3_4
west,2x12,2024-09-20,2x12,4,8,190,True,G3_4
west,2x12,2024-09-27,2x12,4,8,195,True,G3_4
west,2x12,2024-10-04,2x12,4,8,205,True,G3_4
west,2x12,2024-10-11,2x12,4,8,210,True,G3_4
west,2x12,2024-10-18,2x12,4,8,215,True,G3_4
west,2x12,2024-10-25,2x12,4,8,220,True,G3_4
west,2x12,2024-11-01,2x12,4,8,220,True,G3_4
west,2x12,2024-11-08,2x12,4,8,220,True,G3_4
west,2x12,2024-11-15,2x12,4,8,220,True,G3_4
west,2x12,2024-11-22,2x12,4,8,220,True,G3_4
west,2x12,2024-11-27,2x12,4,8,220,True,G3_4
west,2x12,2024-12-06,2x12,4,8,220,True,G3_4
west,2x12,2024-12-13,2x12,4,8,220,True,G3_4
west,2x12,2024-12-20,2x12,4,8,220,True,G3_4
west,2x12,2025-01-03,2x12,4,8,220,True,G3_4
west,2x12,2025-01-10,2x12,4,8,220,True,G3_4
west,2x12,2025-01-17,2x12,4,8,220,True,G3_4
west,2x12,2025-01-24,2x12,4,8,220,True,G3_4
west,2x12,2025-01-31,2x12,4,8,220,True,G3_4
west,2x12,2025-02-07,2x12,4,8,225,True,G3_4
west,2x12,2025-02-14,2x12,4,8,230,True,G3_4
west,2x12,2025-02-21,2x12,4,8,235,True,G3_4
west,2x12,2025-02-28,2x12,4,8,245,True,G3_4
west,2x12,2025-03-07,2x12,4,8,255,True,G3_4
west,2x12,2025-03-14,2x12,4,8,260,True,G3_4
west,2x12,2025-03-21,2x12,4,8,265,True,G3_4
west,2x12,2025-03-28,2x12,4,8,270,True,G3_4
west,2x12,2025-04-04,2x12,4,8,275,True,G3_4
west,2x12,2025-04-11,2x12,4,8,280,True,G3_4
west,2x12,2025-04-18,2x12,4,8,290,True,G3_4
west,2x12,2025-04-25,2x12,4,8,290,True,G3_4
west,2x12,2025-05-02,2x12,4,8,290,True,G3_4
west,2x12,2025-05-09,2x12,4,8,285,True,G3_4
west,2x12,2025-05-16,2x12,4,8,280,True,G3_4
west,2x12,2025-05-23,2x12,4,8,265,True,G3_4
west,2x12,2025-05-30,2x12,4,8,245,True,G3_4
west,2x12,2025-06-06,2x12,4,8,235,True,G3_4
west,2x12,2025-06-13,2x12,4,8,220,True,G3_4
west,2x12,2025-06-19,2x12,4,8,210,True,G3_4
west,2x12,2025-06-27,2x12,4,8,205,True,G3_4
west,2x12,2025-07-03,2x12,4,8,205,True,G3_4
west,2x12,2025-07-11,2x12,4,8,205,True,G3_4
west,2x12,2025-07-18,2x12,4,8,200,True,G3_4
west,2x12,2025-07-25,2x12,4,8,195,True,G3_4
west,2x12,2025-08-01,2x12,4,8,195,True,G3_4
west,2x12,2025-08-08,2x12,4,8,195,True,G3_4
west,2x12,2025-08-15,2x12,4,8,195,True,G3_4
west,2x12,2025-08-22,2x12,4,8,195,True,G3_4
west,2x12,2025-08-29,2x12,4,8,190,True,G3_4
west,2x12,2025-09-05,2x12,4,8,190,True,G3_4
west,2x12,2025-09-12,2x12,4,8,190,True,G3_4
west,2x12,2025-09-19,2x12,4,8,190,True,G3_4
west,2x12,2025-09-26,2x12,4,8,190,True,G3_4
west,2x12,2025-10-03,2x12,4,8,190,True,G3_4
west,2x12,2025-10-10,2x12,4,8,190,True,G3_4
west,2x12,2025-10-17,2x12,4,8,190,True,G3_4
west,2x12,2024-01-12,2x12,4,10,170,True,G3_4
west,2x12,2024-01-18,2x12,4,10,170,True,G3_4
west,2x12,2024-01-25,2x12,4,10,170,True,G3_4
west,2x12,2024-02-08,2x12,4,10,170,True,G3_4
west,2x12,2024-02-15,2x12,4,10,170,True,G3_4
west,2x12,2024-02-22,2x12,4,10,175,True,G3_4
west,2x12,2024-02-29,2x12,4,10,180,True,G3_4
west,2x12,2024-03-07,2x12,4,10,190,True,G3_4
west,2x12,2024-03-14,2x12,4,10,190,True,G3_4
west,2x12,2024-03-21,2x12,4,10,195,True,G3_4
west,2x12,2024-03-28,2x12,4,10,195,True,G3_4
west,2x12,2024-04-04,2x12,4,10,195,True,G3_4
west,2x12,2024-04-11,2x12,4,10,195,True,G3_4
west,2x12,2024-04-18,2x12,4,10,195,True,G3_4
west,2x12,2024-04-25,2x12,4,10,195,True,G3_4
west,2x12,2024-05-02,2x12,4,10,195,True,G3_4
west,2x12,2024-05-09,2x12,4,10,195,True,G3_4
west,2x12,2024-05-16,2x12,4,10,195,True,G3_4
west,2x12,2024-05-30,2x12,4,10,195,True,G3_4
west,2x12,2024-06-06,2x12,4,10,195,True,G3_4
west,2x12,2024-06-13,2x12,4,10,195,True,G3_4
west,2x12,2024-06-20,2x12,4,10,195,True,G3_4
west,2x12,2024-06-27,2x12,4,10,190,True,G3_4
west,2x12,2024-07-04,2x12,4,10,190,True,G3_4
west,2x12,2024-07-11,2x12,4,10,190,True,G3_4
west,2x12,2024-07-18,2x12,4,10,190,True,G3_4
west,2x12,2024-07-25,2x12,4,10,190,True,G3_4
west,2x12,2024-08-01,2x12,4,10,190,True,G3_4
west,2x12,2024-08-08,2x12,4,10,190,True,G3_4
west,2x12,2024-08-15,2x12,4,10,190,True,G3_4
west,2x12,2024-08-22,2x12,4,10,190,True,G3_4
west,2x12,2024-08-29,2x12,4,10,190,True,G3_4
west,2x12,2024-09-05,2x12,4,10,190,True,G3_4
west,2x12,2024-09-12,2x12,4,10,190,True,G3_4
west,2x12,2024-09-20,2x12,4,10,190,True,G3_4
west,2x12,2024-09-27,2x12,4,10,195,True,G3_4
west,2x12,2024-10-04,2x12,4,10,205,True,G3_4
west,2x12,2024-10-11,2x12,4,10,210,True,G3_4
west,2x12,2024-10-18,2x12,4,10,215,True,G3_4
west,2x12,2024-10-25,2x12,4,10,220,True,G3_4
west,2x12,2024-11-01,2x12,4,10,220,True,G3_4
west,2x12,2024-11-08,2x12,4,10,220,True,G3_4
west,2x12,2024-11-15,2x12,4,10,220,True,G3_4
west,2x12,2024-11-22,2x12,4,10,220,True,G3_4
west,2x12,2024-11-27,2x12,4,10,220,True,G3_4
west,2x12,2024-12-06,2x12,4,10,220,True,G3_4
west,2x12,2024-12-13,2x12,4,10,220,True,G3_4
west,2x12,2024-12-20,2x12,4,10,220,True,G3_4
west,2x12,2025-01-03,2x12,4,10,220,True,G3_4
west,2x12,2025-01-10,2x12,4,10,220,True,G3_4
west,2x12,2025-01-17,2x12,4,10,220,True,G3_4
west,2x12,2025-01-24,2x12,4,10,220,True,G3_4
west,2x12,2025-01-31,2x12,4,10,220,True,G3_4
west,2x12,2025-02-07,2x12,4,10,225,True,G3_4
west,2x12,2025-02-14,2x12,4,10,230,True,G3_4
west,2x12,2025-02-21,2x12,4,10,235,True,G3_4
west,2x12,2025-02-28,2x12,4,10,245,True,G3_4
west,2x12,2025-03-07,2x12,4,10,255,True,G3_4
west,2x12,2025-03-14,2x12,4,10,260,True,G3_4
west,2x12,2025-03-21,2x12,4,10,265,True,G3_4
west,2x12,2025-03-28,2x12,4,10,270,True,G3_4
west,2x12,2025-04-04,2x12,4,10,275,True,G3_4
west,2x12,2025-04-11,2x12,4,10,280,True,G3_4
west,2x12,2025-04-18,2x12,4,10,290,True,G3_4
west,2x12,2025-04-25,2x12,4,10,290,True,G3_4
west,2x12,2025-05-02,2x12,4,10,290,True,G3_4
west,2x12,2025-05-09,2x12,4,10,285,True,G3_4
west,2x12,2025-05-16,2x12,4,10,280,True,G3_4
west,2x12,2025-05-23,2x12,4,10,265,True,G3_4
west,2x12,2025-05-30,2x12,4,10,245,True,G3_4
west,2x12,2025-06-06,2x12,4,10,235,True,G3_4
west,2x12,2025-06-13,2x12,4,10,220,True,G3_4
west,2x12,2025-06-19,2x12,4,10,210,True,G3_4
west,2x12,2025-06-27,2x12,4,10,205,True,G3_4
west,2x12,2025-07-03,2x12,4,10,205,True,G3_4
west,2x12,2025-07-11,2x12,4,10,205,True,G3_4
west,2x12,2025-07-18,2x12,4,10,200,True,G3_4
west,2x12,2025-07-25,2x12,4,10,195,True,G3_4
west,2x12,2025-08-01,2x12,4,10,195,True,G3_4
west,2x12,2025-08-08,2x12,4,10,195,True,G3_4
west,2x12,2025-08-15,2x12,4,10,195,True,G3_4
west,2x12,2025-08-22,2x12,4,10,195,True,G3_4
west,2x12,2025-08-29,2x12,4,10,190,True,G3_4
west,2x12,2025-09-05,2x12,4,10,190,True,G3_4
west,2x12,2025-09-12,2x12,4,10,190,True,G3_4
west,2x12,2025-09-19,2x12,4,10,190,True,G3_4
west,2x12,2025-09-26,2x12,4,10,190,True,G3_4
west,2x12,2025-10-03,2x12,4,10,190,True,G3_4
west,2x12,2025-10-10,2x12,4,10,190,True,G3_4
west,2x12,2025-10-17,2x12,4,10,190,True,G3_4
west,2x12,2024-01-12,2x12,4,12,170,True,G3_4
west,2x12,2024-01-18,2x12,4,12,170,True,G3_4
west,2x12,2024-01-25,2x12,4,12,170,True,G3_4
west,2x12,2024-02-08,2x12,4,12,170,True,G3_4
west,2x12,2024-02-15,2x12,4,12,170,True,G3_4
west,2x12,2024-02-22,2x12,4,12,175,True,G3_4
west,2x12,2024-02-29,2x12,4,12,180,True,G3_4
west,2x12,2024-03-07,2x12,4,12,190,True,G3_4
west,2x12,2024-03-14,2x12,4,12,190,True,G3_4
west,2x12,2024-03-21,2x12,4,12,195,True,G3_4
west,2x12,2024-03-28,2x12,4,12,195,True,G3_4
west,2x12,2024-04-04,2x12,4,12,195,True,G3_4
west,2x12,2024-04-11,2x12,4,12,195,True,G3_4
west,2x12,2024-04-18,2x12,4,12,195,True,G3_4
west,2x12,2024-04-25,2x12,4,12,195,True,G3_4
west,2x12,2024-05-02,2x12,4,12,195,True,G3_4
west,2x12,2024-05-09,2x12,4,12,195,True,G3_4
west,2x12,2024-05-16,2x12,4,12,195,True,G3_4
west,2x12,2024-05-30,2x12,4,12,195,True,G3_4
west,2x12,2024-06-06,2x12,4,12,195,True,G3_4
west,2x12,2024-06-13,2x12,4,12,195,True,G3_4
west,2x12,2024-06-20,2x12,4,12,195,True,G3_4
west,2x12,2024-06-27,2x12,4,12,190,True,G3_4
west,2x12,2024-07-04,2x12,4,12,190,True,G3_4
west,2x12,2024-07-11,2x12,4,12,190,True,G3_4
west,2x12,2024-07-18,2x12,4,12,190,True,G3_4
west,2x12,2024-07-25,2x12,4,12,190,True,G3_4
west,2x12,2024-08-01,2x12,4,12,190,True,G3_4
west,2x12,2024-08-08,2x12,4,12,190,True,G3_4
west,2x12,2024-08-15,2x12,4,12,190,True,G3_4
west,2x12,2024-08-22,2x12,4,12,190,True,G3_4
west,2x12,2024-08-29,2x12,4,12,190,True,G3_4
west,2x12,2024-09-05,2x12,4,12,190,True,G3_4
west,2x12,2024-09-12,2x12,4,12,190,True,G3_4
west,2x12,2024-09-20,2x12,4,12,190,True,G3_4
west,2x12,2024-09-27,2x12,4,12,195,True,G3_4
west,2x12,2024-10-04,2x12,4,12,205,True,G3_4
west,2x12,2024-10-11,2x12,4,12,210,True,G3_4
west,2x12,2024-10-18,2x12,4,12,215,True,G3_4
west,2x12,2024-10-25,2x12,4,12,220,True,G3_4
west,2x12,2024-11-01,2x12,4,12,220,True,G3_4
west,2x12,2024-11-08,2x12,4,12,220,True,G3_4
west,2x12,2024-11-15,2x12,4,12,220,True,G3_4
west,2x12,2024-11-22,2x12,4,12,220,True,G3_4
west,2x12,2024-11-27,2x12,4,12,220,True,G3_4
west,2x12,2024-12-06,2x12,4,12,220,True,G3_4
west,2x12,2024-12-13,2x12,4,12,220,True,G3_4
west,2x12,2024-12-20,2x12,4,12,220,True,G3_4
west,2x12,2025-01-03,2x12,4,12,220,True,G3_4
west,2x12,2025-01-10,2x12,4,12,220,True,G3_4
west,2x12,2025-01-17,2x12,4,12,220,True,G3_4
west,2x12,2025-01-24,2x12,4,12,220,True,G3_4
west,2x12,2025-01-31,2x12,4,12,220,True,G3_4
west,2x12,2025-02-07,2x12,4,12,225,True,G3_4
west,2x12,2025-02-14,2x12,4,12,230,True,G3_4
west,2x12,2025-02-21,2x12,4,12,235,True,G3_4
west,2x12,2025-02-28,2x12,4,12,245,True,G3_4
west,2x12,2025-03-07,2x12,4,12,255,True,G3_4
west,2x12,2025-03-14,2x12,4,12,260,True,G3_4
west,2x12,2025-03-21,2x12,4,12,265,True,G3_4
west,2x12,2025-03-28,2x12,4,12,270,True,G3_4
west,2x12,2025-04-04,2x12,4,12,275,True,G3_4
west,2x12,2025-04-11,2x12,4,12,280,True,G3_4
west,2x12,2025-04-18,2x12,4,12,290,True,G3_4
west,2x12,2025-04-25,2x12,4,12,290,True,G3_4
west,2x12,2025-05-02,2x12,4,12,290,True,G3_4
west,2x12,2025-05-09,2x12,4,12,285,True,G3_4
west,2x12,2025-05-16,2x12,4,12,280,True,G3_4
west,2x12,2025-05-23,2x12,4,12,265,True,G3_4
west,2x12,2025-05-30,2x12,4,12,245,True,G3_4
west,2x12,2025-06-06,2x12,4,12,235,True,G3_4
west,2x12,2025-06-13,2x12,4,12,220,True,G3_4
west,2x12,2025-06-19,2x12,4,12,210,True,G3_4
west,2x12,2025-06-27,2x12,4,12,205,True,G3_4
west,2x12,2025-07-03,2x12,4,12,205,True,G3_4
west,2x12,2025-07-11,2x12,4,12,205,True,G3_4
west,2x12,2025-07-18,2x12,4,12,200,True,G3_4
west,2x12,2025-07-25,2x12,4,12,195,True,G3_4
west,2x12,2025-08-01,2x12,4,12,195,True,G3_4
west,2x12,2025-08-08,2x12,4,12,195,True,G3_4
west,2x12,2025-08-15,2x12,4,12,195,True,G3_4
west,2x12,2025-08-22,2x12,4,12,195,True,G3_4
west,2x12,2025-08-29,2x12,4,12,190,True,G3_4
west,2x12,2025-09-05,2x12,4,12,190,True,G3_4
west,2x12,2025-09-12,2x12,4,12,190,True,G3_4
west,2x12,2025-09-19,2x12,4,12,190,True,G3_4
west,2x12,2025-09-26,2x12,4,12,190,True,G3_4
west,2x12,2025-10-03,2x12,4,12,190,True,G3_4
west,2x12,2025-10-10,2x12,4,12,190,True,G3_4
west,2x12,2025-10-17,2x12,4,12,190,True,G3_4
west,2x12,2024-01-12,2x12,4,14,170,True,G3_4
west,2x12,2024-01-18,2x12,4,14,170,True,G3_4
west,2x12,2024-01-25,2x12,4,14,170,True,G3_4
west,2x12,2024-02-08,2x12,4,14,170,True,G3_4
west,2x12,2024-02-15,2x12,4,14,170,True,G3_4
west,2x12,2024-02-22,2x12,4,14,175,True,G3_4
west,2x12,2024-02-29,2x12,4,14,180,True,G3_4
west,2x12,2024-03-07,2x12,4,14,190,True,G3_4
west,2x12,2024-03-14,2x12,4,14,190,True,G3_4
west,2x12,2024-03-21,2x12,4,14,195,True,G3_4
west,2x12,2024-03-28,2x12,4,14,195,True,G3_4
west,2x12,2024-04-04,2x12,4,14,195,True,G3_4
west,2x12,2024-04-11,2x12,4,14,195,True,G3_4
west,2x12,2024-04-18,2x12,4,14,195,True,G3_4
west,2x12,2024-04-25,2x12,4,14,195,True,G3_4
west,2x12,2024-05-02,2x12,4,14,195,True,G3_4
west,2x12,2024-05-09,2x12,4,14,195,True,G3_4
west,2x12,2024-05-16,2x12,4,14,195,True,G3_4
west,2x12,2024-05-30,2x12,4,14,195,True,G3_4
west,2x12,2024-06-06,2x12,4,14,195,True,G3_4
west,2x12,2024-06-13,2x12,4,14,195,True,G3_4
west,2x12,2024-06-20,2x12,4,14,195,True,G3_4
west,2x12,2024-06-27,2x12,4,14,190,True,G3_4
west,2x12,2024-07-04,2x12,4,14,190,True,G3_4
west,2x12,2024-07-11,2x12,4,14,190,True,G3_4
west,2x12,2024-07-18,2x12,4,14,190,True,G3_4
west,2x12,2024-07-25,2x12,4,14,190,True,G3_4
west,2x12,2024-08-01,2x12,4,14,190,True,G3_4
west,2x12,2024-08-08,2x12,4,14,190,True,G3_4
west,2x12,2024-08-15,2x12,4,14,190,True,G3_4
west,2x12,2024-08-22,2x12,4,14,190,True,G3_4
west,2x12,2024-08-29,2x12,4,14,190,True,G3_4
west,2x12,2024-09-05,2x12,4,14,190,True,G3_4
west,2x12,2024-09-12,2x12,4,14,190,True,G3_4
west,2x12,2024-09-20,2x12,4,14,190,True,G3_4
west,2x12,2024-09-27,2x12,4,14,195,True,G3_4
west,2x12,2024-10-04,2x12,4,14,205,True,G3_4
west,2x12,2024-10-11,2x12,4,14,210,True,G3_4
west,2x12,2024-10-18,2x12,4,14,215,True,G3_4
west,2x12,2024-10-25,2x12,4,14,220,True,G3_4
west,2x12,2024-11-01,2x12,4,14,220,True,G3_4
west,2x12,2024-11-08,2x12,4,14,220,True,G3_4
west,2x12,2024-11-15,2x12,4,14,220,True,G3_4
west,2x12,2024-11-22,2x12,4,14,220,True,G3_4
west,2x12,2024-11-27,2x12,4,14,220,True,G3_4
west,2x12,2024-12-06,2x12,4,14,220,True,G3_4
west,2x12,2024-12-13,2x12,4,14,220,True,G3_4
west,2x12,2024-12-20,2x12,4,14,220,True,G3_4
west,2x12,2025-01-03,2x12,4,14,220,True,G3_4
west,2x12,2025-01-10,2x12,4,14,220,True,G3_4
west,2x12,2025-01-17,2x12,4,14,220,True,G3_4
west,2x12,2025-01-24,2x12,4,14,220,True,G3_4
west,2x12,2025-01-31,2x12,4,14,220,True,G3_4
west,2x12,2025-02-07,2x12,4,14,225,True,G3_4
west,2x12,2025-02-14,2x12,4,14,230,True,G3_4
west,2x12,2025-02-21,2x12,4,14,235,True,G3_4
west,2x12,2025-02-28,2x12,4,14,245,True,G3_4
west,2x12,2025-03-07,2x12,4,14,255,True,G3_4
west,2x12,2025-03-14,2x12,4,14,260,True,G3_4
west,2x12,2025-03-21,2x12,4,14,265,True,G3_4
west,2x12,2025-03-28,2x12,4,14,270,True,G3_4
west,2x12,2025-04-04,2x12,4,14,275,True,G3_4
west,2x12,2025-04-11,2x12,4,14,280,True,G3_4
west,2x12,2025-04-18,2x12,4,14,290,True,G3_4
west,2x12,2025-04-25,2x12,4,14,290,True,G3_4
west,2x12,2025-05-02,2x12,4,14,290,True,G3_4
west,2x12,2025-05-09,2x12,4,14,285,True,G3_4
west,2x12,2025-05-16,2x12,4,14,280,True,G3_4
west,2x12,2025-05-23,2x12,4,14,265,True,G3_4
west,2x12,2025-05-30,2x12,4,14,245,True,G3_4
west,2x12,2025-06-06,2x12,4,14,235,True,G3_4
west,2x12,2025-06-13,2x12,4,14,220,True,G3_4
west,2x12,2025-06-19,2x12,4,14,210,True,G3_4
west,2x12,2025-06-27,2x12,4,14,205,True,G3_4
west,2x12,2025-07-03,2x12,4,14,205,True,G3_4
west,2x12,2025-07-11,2x12,4,14,205,True,G3_4
west,2x12,2025-07-18,2x12,4,14,200,True,G3_4
west,2x12,2025-07-25,2x12,4,14,195,True,G3_4
west,2x12,2025-08-01,2x12,4,14,195,True,G3_4
west,2x12,2025-08-08,2x12,4,14,195,True,G3_4
west,2x12,2025-08-15,2x12,4,14,195,True,G3_4
west,2x12,2025-08-22,2x12,4,14,195,True,G3_4
west,2x12,2025-08-29,2x12,4,14,190,True,G3_4
west,2x12,2025-09-05,2x12,4,14,190,True,G3_4
west,2x12,2025-09-12,2x12,4,14,190,True,G3_4
west,2x12,2025-09-19,2x12,4,14,190,True,G3_4
west,2x12,2025-09-26,2x12,4,14,190,True,G3_4
west,2x12,2025-10-03,2x12,4,14,190,True,G3_4
west,2x12,2025-10-10,2x12,4,14,190,True,G3_4
west,2x12,2025-10-17,2x12,4,14,190,True,G3_4
west,2x12,2024-01-12,2x12,4,16,170,True,G3_4
west,2x12,2024-01-18,2x12,4,16,170,True,G3_4
west,2x12,2024-01-25,2x12,4,16,170,True,G3_4
west,2x12,2024-02-08,2x12,4,16,170,True,G3_4
west,2x12,2024-02-15,2x12,4,16,170,True,G3_4
west,2x12,2024-02-22,2x12,4,16,175,True,G3_4
west,2x12,2024-02-29,2x12,4,16,180,True,G3_4
west,2x12,2024-03-07,2x12,4,16,190,True,G3_4
west,2x12,2024-03-14,2x12,4,16,190,True,G3_4
west,2x12,2024-03-21,2x12,4,16,195,True,G3_4
west,2x12,2024-03-28,2x12,4,16,195,True,G3_4
west,2x12,2024-04-04,2x12,4,16,195,True,G3_4
west,2x12,2024-04-11,2x12,4,16,195,True,G3_4
west,2x12,2024-04-18,2x12,4,16,195,True,G3_4
west,2x12,2024-04-25,2x12,4,16,195,True,G3_4
west,2x12,2024-05-02,2x12,4,16,195,True,G3_4
west,2x12,2024-05-09,2x12,4,16,195,True,G3_4
west,2x12,2024-05-16,2x12,4,16,195,True,G3_4
west,2x12,2024-05-30,2x12,4,16,195,True,G3_4
west,2x12,2024-06-06,2x12,4,16,195,True,G3_4
west,2x12,2024-06-13,2x12,4,16,195,True,G3_4
west,2x12,2024-06-20,2x12,4,16,195,True,G3_4
west,2x12,2024-06-27,2x12,4,16,190,True,G3_4
west,2x12,2024-07-04,2x12,4,16,190,True,G3_4
west,2x12,2024-07-11,2x12,4,16,190,True,G3_4
west,2x12,2024-07-18,2x12,4,16,190,True,G3_4
west,2x12,2024-07-25,2x12,4,16,190,True,G3_4
west,2x12,2024-08-01,2x12,4,16,190,True,G3_4
west,2x12,2024-08-08,2x12,4,16,190,True,G3_4
west,2x12,2024-08-15,2x12,4,16,190,True,G3_4
west,2x12,2024-08-22,2x12,4,16,190,True,G3_4
west,2x12,2024-08-29,2x12,4,16,190,True,G3_4
west,2x12,2024-09-05,2x12,4,16,190,True,G3_4
west,2x12,2024-09-12,2x12,4,16,190,True,G3_4
west,2x12,2024-09-20,2x12,4,16,190,True,G3_4
west,2x12,2024-09-27,2x12,4,16,195,True,G3_4
west,2x12,2024-10-04,2x12,4,16,205,True,G3_4
west,2x12,2024-10-11,2x12,4,16,210,True,G3_4
west,2x12,2024-10-18,2x12,4,16,215,True,G3_4
west,2x12,2024-10-25,2x12,4,16,220,True,G3_4
west,2x12,2024-11-01,2x12,4,16,220,True,G3_4
west,2x12,2024-11-08,2x12,4,16,220,True,G3_4
west,2x12,2024-11-15,2x12,4,16,220,True,G3_4
west,2x12,2024-11-22,2x12,4,16,220,True,G3_4
west,2x12,2024-11-27,2x12,4,16,220,True,G3_4
west,2x12,2024-12-06,2x12,4,16,220,True,G3_4
west,2x12,2024-12-13,2x12,4,16,220,True,G3_4
west,2x12,2024-12-20,2x12,4,16,220,True,G3_4
west,2x12,2025-01-03,2x12,4,16,220,True,G3_4
west,2x12,2025-01-10,2x12,4,16,220,True,G3_4
west,2x12,2025-01-17,2x12,4,16,220,True,G3_4
west,2x12,2025-01-24,2x12,4,16,220,True,G3_4
west,2x12,2025-01-31,2x12,4,16,220,True,G3_4
west,2x12,2025-02-07,2x12,4,16,225,True,G3_4
west,2x12,2025-02-14,2x12,4,16,230,True,G3_4
west,2x12,2025-02-21,2x12,4,16,235,True,G3_4
west,2x12,2025-02-28,2x12,4,16,245,True,G3_4
west,2x12,2025-03-07,2x12,4,16,255,True,G3_4
west,2x12,2025-03-14,2x12,4,16,260,True,G3_4
west,2x12,2025-03-21,2x12,4,16,265,True,G3_4
west,2x12,2025-03-28,2x12,4,16,270,True,G3_4
west,2x12,2025-04-04,2x12,4,16,275,True,G3_4
west,2x12,2025-04-11,2x12,4,16,280,True,G3_4
west,2x12,2025-04-18,2x12,4,16,290,True,G3_4
west,2x12,2025-04-25,2x12,4,16,290,True,G3_4
west,2x12,2025-05-02,2x12,4,16,290,True,G3_4
west,2x12,2025-05-09,2x12,4,16,285,True,G3_4
west,2x12,2025-05-16,2x12,4,16,280,True,G3_4
west,2x12,2025-05-23,2x12,4,16,265,True,G3_4
west,2x12,2025-05-30,2x12,4,16,245,True,G3_4
west,2x12,2025-06-06,2x12,4,16,235,True,G3_4
west,2x12,2025-06-13,2x12,4,16,220,True,G3_4
west,2x12,2025-06-19,2x12,4,16,210,True,G3_4
west,2x12,2025-06-27,2x12,4,16,205,True,G3_4
west,2x12,2025-07-03,2x12,4,16,205,True,G3_4
west,2x12,2025-07-11,2x12,4,16,205,True,G3_4
west,2x12,2025-07-18,2x12,4,16,200,True,G3_4
west,2x12,2025-07-25,2x12,4,16,195,True,G3_4
west,2x12,2025-08-01,2x12,4,16,195,True,G3_4
west,2x12,2025-08-08,2x12,4,16,195,True,G3_4
west,2x12,2025-08-15,2x12,4,16,195,True,G3_4
west,2x12,2025-08-22,2x12,4,16,195,True,G3_4
west,2x12,2025-08-29,2x12,4,16,190,True,G3_4
west,2x12,2025-09-05,2x12,4,16,190,True,G3_4
west,2x12,2025-09-12,2x12,4,16,190,True,G3_4
west,2x12,2025-09-19,2x12,4,16,190,True,G3_4
west,2x12,2025-09-26,2x12,4,16,190,True,G3_4
west,2x12,2025-10-03,2x12,4,16,190,True,G3_4
west,2x12,2025-10-10,2x12,4,16,190,True,G3_4
west,2x12,2025-10-17,2x12,4,16,190,True,G3_4
west,2x12,2024-01-12,2x12,4,18,170,True,G3_4
west,2x12,2024-01-18,2x12,4,18,170,True,G3_4
west,2x12,2024-01-25,2x12,4,18,170,True,G3_4
west,2x12,2024-02-08,2x12,4,18,170,True,G3_4
west,2x12,2024-02-15,2x12,4,18,170,True,G3_4
west,2x12,2024-02-22,2x12,4,18,175,True,G3_4
west,2x12,2024-02-29,2x12,4,18,180,True,G3_4
west,2x12,2024-03-07,2x12,4,18,190,True,G3_4
west,2x12,2024-03-14,2x12,4,18,190,True,G3_4
west,2x12,2024-03-21,2x12,4,18,195,True,G3_4
west,2x12,2024-03-28,2x12,4,18,195,True,G3_4
west,2x12,2024-04-04,2x12,4,18,195,True,G3_4
west,2x12,2024-04-11,2x12,4,18,195,True,G3_4
west,2x12,2024-04-18,2x12,4,18,195,True,G3_4
west,2x12,2024-04-25,2x12,4,18,195,True,G3_4
west,2x12,2024-05-02,2x12,4,18,195,True,G3_4
west,2x12,2024-05-09,2x12,4,18,195,True,G3_4
west,2x12,2024-05-16,2x12,4,18,195,True,G3_4
west,2x12,2024-05-30,2x12,4,18,195,True,G3_4
west,2x12,2024-06-06,2x12,4,18,195,True,G3_4
west,2x12,2024-06-13,2x12,4,18,195,True,G3_4
west,2x12,2024-06-20,2x12,4,18,195,True,G3_4
west,2x12,2024-06-27,2x12,4,18,190,True,G3_4
west,2x12,2024-07-04,2x12,4,18,190,True,G3_4
west,2x12,2024-07-11,2x12,4,18,190,True,G3_4
west,2x12,2024-07-18,2x12,4,18,190,True,G3_4
west,2x12,2024-07-25,2x12,4,18,190,True,G3_4
west,2x12,2024-08-01,2x12,4,18,190,True,G3_4
west,2x12,2024-08-08,2x12,4,18,190,True,G3_4
west,2x12,2024-08-15,2x12,4,18,190,True,G3_4
west,2x12,2024-08-22,2x12,4,18,190,True,G3_4
west,2x12,2024-08-29,2x12,4,18,190,True,G3_4
west,2x12,2024-09-05,2x12,4,18,190,True,G3_4
west,2x12,2024-09-12,2x12,4,18,190,True,G3_4
west,2x12,2024-09-20,2x12,4,18,190,True,G3_4
west,2x12,2024-09-27,2x12,4,18,195,True,G3_4
west,2x12,2024-10-04,2x12,4,18,205,True,G3_4
west,2x12,2024-10-11,2x12,4,18,210,True,G3_4
west,2x12,2024-10-18,2x12,4,18,215,True,G3_4
west,2x12,2024-10-25,2x12,4,18,220,True,G3_4
west,2x12,2024-11-01,2x12,4,18,220,True,G3_4
west,2x12,2024-11-08,2x12,4,18,220,True,G3_4
west,2x12,2024-11-15,2x12,4,18,220,True,G3_4
west,2x12,2024-11-22,2x12,4,18,220,True,G3_4
west,2x12,2024-11-27,2x12,4,18,220,True,G3_4
west,2x12,2024-12-06,2x12,4,18,220,True,G3_4
west,2x12,2024-12-13,2x12,4,18,220,True,G3_4
west,2x12,2024-12-20,2x12,4,18,220,True,G3_4
west,2x12,2025-01-03,2x12,4,18,220,True,G3_4
west,2x12,2025-01-10,2x12,4,18,220,True,G3_4
west,2x12,2025-01-17,2x12,4,18,220,True,G3_4
west,2x12,2025-01-24,2x12,4,18,220,True,G3_4
west,2x12,2025-01-31,2x12,4,18,220,True,G3_4
west,2x12,2025-02-07,2x12,4,18,225,True,G3_4
west,2x12,2025-02-14,2x12,4,18,230,True,G3_4
west,2x12,2025-02-21,2x12,4,18,235,True,G3_4
west,2x12,2025-02-28,2x12,4,18,245,True,G3_4
west,2x12,2025-03-07,2x12,4,18,255,True,G3_4
west,2x12,2025-03-14,2x12,4,18,260,True,G3_4
west,2x12,2025-03-21,2x12,4,18,265,True,G3_4
west,2x12,2025-03-28,2x12,4,18,270,True,G3_4
west,2x12,2025-04-04,2x12,4,18,275,True,G3_4
west,2x12,2025-04-11,2x12,4,18,280,True,G3_4
west,2x12,2025-04-18,2x12,4,18,290,True,G3_4
west,2x12,2025-04-25,2x12,4,18,290,True,G3_4
west,2x12,2025-05-02,2x12,4,18,290,True,G3_4
west,2x12,2025-05-09,2x12,4,18,285,True,G3_4
west,2x12,2025-05-16,2x12,4,18,280,True,G3_4
west,2x12,2025-05-23,2x12,4,18,265,True,G3_4
west,2x12,2025-05-30,2x12,4,18,245,True,G3_4
west,2x12,2025-06-06,2x12,4,18,235,True,G3_4
west,2x12,2025-06-13,2x12,4,18,220,True,G3_4
west,2x12,2025-06-19,2x12,4,18,210,True,G3_4
west,2x12,2025-06-27,2x12,4,18,205,True,G3_4
west,2x12,2025-07-03,2x12,4,18,205,True,G3_4
west,2x12,2025-07-11,2x12,4,18,205,True,G3_4
west,2x12,2025-07-18,2x12,4,18,200,True,G3_4
west,2x12,2025-07-25,2x12,4,18,195,True,G3_4
west,2x12,2025-08-01,2x12,4,18,195,True,G3_4
west,2x12,2025-08-08,2x12,4,18,195,True,G3_4
west,2x12,2025-08-15,2x12,4,18,195,True,G3_4
west,2x12,2025-08-22,2x12,4,18,195,True,G3_4
west,2x12,2025-08-29,2x12,4,18,190,True,G3_4
west,2x12,2025-09-05,2x12,4,18,190,True,G3_4
west,2x12,2025-09-12,2x12,4,18,190,True,G3_4
west,2x12,2025-09-19,2x12,4,18,190,True,G3_4
west,2x12,2025-09-26,2x12,4,18,190,True,G3_4
west,2x12,2025-10-03,2x12,4,18,190,True,G3_4
west,2x12,2025-10-10,2x12,4,18,190,True,G3_4
west,2x12,2025-10-17,2x12,4,18,190,True,G3_4
west,2x12,2024-01-12,2x12,4,20,170,True,G3_4
west,2x12,2024-01-18,2x12,4,20,170,True,G3_4
west,2x12,2024-01-25,2x12,4,20,170,True,G3_4
west,2x12,2024-02-08,2x12,4,20,170,True,G3_4
west,2x12,2024-02-15,2x12,4,20,170,True,G3_4
west,2x12,2024-02-22,2x12,4,20,175,True,G3_4
west,2x12,2024-02-29,2x12,4,20,180,True,G3_4
west,2x12,2024-03-07,2x12,4,20,190,True,G3_4
west,2x12,2024-03-14,2x12,4,20,190,True,G3_4
west,2x12,2024-03-21,2x12,4,20,195,True,G3_4
west,2x12,2024-03-28,2x12,4,20,195,True,G3_4
west,2x12,2024-04-04,2x12,4,20,195,True,G3_4
west,2x12,2024-04-11,2x12,4,20,195,True,G3_4
west,2x12,2024-04-18,2x12,4,20,195,True,G3_4
west,2x12,2024-04-25,2x12,4,20,195,True,G3_4
west,2x12,2024-05-02,2x12,4,20,195,True,G3_4
west,2x12,2024-05-09,2x12,4,20,195,True,G3_4
west,2x12,2024-05-16,2x12,4,20,195,True,G3_4
west,2x12,2024-05-30,2x12,4,20,195,True,G3_4
west,2x12,2024-06-06,2x12,4,20,195,True,G3_4
west,2x12,2024-06-13,2x12,4,20,195,True,G3_4
west,2x12,2024-06-20,2x12,4,20,195,True,G3_4
west,2x12,2024-06-27,2x12,4,20,190,True,G3_4
west,2x12,2024-07-04,2x12,4,20,190,True,G3_4
west,2x12,2024-07-11,2x12,4,20,190,True,G3_4
west,2x12,2024-07-18,2x12,4,20,190,True,G3_4
west,2x12,2024-07-25,2x12,4,20,190,True,G3_4
west,2x12,2024-08-01,2x12,4,20,190,True,G3_4
west,2x12,2024-08-08,2x12,4,20,190,True,G3_4
west,2x12,2024-08-15,2x12,4,20,190,True,G3_4
west,2x12,2024-08-22,2x12,4,20,190,True,G3_4
west,2x12,2024-08-29,2x12,4,20,190,True,G3_4
west,2x12,2024-09-05,2x12,4,20,190,True,G3_4
west,2x12,2024-09-12,2x12,4,20,190,True,G3_4
west,2x12,2024-09-20,2x12,4,20,190,True,G3_4
west,2x12,2024-09-27,2x12,4,20,195,True,G3_4
west,2x12,2024-10-04,2x12,4,20,205,True,G3_4
west,2x12,2024-10-11,2x12,4,20,210,True,G3_4
west,2x12,2024-10-18,2x12,4,20,215,True,G3_4
west,2x12,2024-10-25,2x12,4,20,220,True,G3_4
west,2x12,2024-11-01,2x12,4,20,220,True,G3_4
west,2x12,2024-11-08,2x12,4,20,220,True,G3_4
west,2x12,2024-11-15,2x12,4,20,220,True,G3_4
west,2x12,2024-11-22,2x12,4,20,220,True,G3_4
west,2x12,2024-11-27,2x12,4,20,220,True,G3_4
west,2x12,2024-12-06,2x12,4,20,220,True,G3_4
west,2x12,2024-12-13,2x12,4,20,220,True,G3_4
west,2x12,2024-12-20,2x12,4,20,220,True,G3_4
west,2x12,2025-01-03,2x12,4,20,220,True,G3_4
west,2x12,2025-01-10,2x12,4,20,220,True,G3_4
west,2x12,2025-01-17,2x12,4,20,220,True,G3_4
west,2x12,2025-01-24,2x12,4,20,220,True,G3_4
west,2x12,2025-01-31,2x12,4,20,220,True,G3_4
west,2x12,2025-02-07,2x12,4,20,225,True,G3_4
west,2x12,2025-02-14,2x12,4,20,230,True,G3_4
west,2x12,2025-02-21,2x12,4,20,235,True,G3_4
west,2x12,2025-02-28,2x12,4,20,245,True,G3_4
west,2x12,2025-03-07,2x12,4,20,255,True,G3_4
west,2x12,2025-03-14,2x12,4,20,260,True,G3_4
west,2x12,2025-03-21,2x12,4,20,265,True,G3_4
west,2x12,2025-03-28,2x12,4,20,270,True,G3_4
west,2x12,2025-04-04,2x12,4,20,275,True,G3_4
west,2x12,2025-04-11,2x12,4,20,280,True,G3_4
west,2x12,2025-04-18,2x12,4,20,290,True,G3_4
west,2x12,2025-04-25,2x12,4,20,290,True,G3_4
west,2x12,2025-05-02,2x12,4,20,290,True,G3_4
west,2x12,2025-05-09,2x12,4,20,285,True,G3_4
west,2x12,2025-05-16,2x12,4,20,280,True,G3_4
west,2x12,2025-05-23,2x12,4,20,265,True,G3_4
west,2x12,2025-05-30,2x12,4,20,245,True,G3_4
west,2x12,2025-06-06,2x12,4,20,235,True,G3_4
west,2x12,2025-06-13,2x12,4,20,220,True,G3_4
west,2x12,2025-06-19,2x12,4,20,210,True,G3_4
west,2x12,2025-06-27,2x12,4,20,205,True,G3_4
west,2x12,2025-07-03,2x12,4,20,205,True,G3_4
west,2x12,2025-07-11,2x12,4,20,205,True,G3_4
west,2x12,2025-07-18,2x12,4,20,200,True,G3_4
west,2x12,2025-07-25,2x12,4,20,195,True,G3_4
west,2x12,2025-08-01,2x12,4,20,195,True,G3_4
west,2x12,2025-08-08,2x12,4,20,195,True,G3_4
west,2x12,2025-08-15,2x12,4,20,195,True,G3_4
west,2x12,2025-08-22,2x12,4,20,195,True,G3_4
west,2x12,2025-08-29,2x12,4,20,190,True,G3_4
west,2x12,2025-09-05,2x12,4,20,190,True,G3_4
west,2x12,2025-09-12,2x12,4,20,190,True,G3_4
west,2x12,2025-09-19,2x12,4,20,190,True,G3_4
west,2x12,2025-09-26,2x12,4,20,190,True,G3_4
west,2x12,2025-10-03,2x12,4,20,190,True,G3_4
west,2x12,2025-10-10,2x12,4,20,190,True,G3_4
west,2x12,2025-10-17,2x12,4,20,190,True,G3_4
west,2x4,2024-01-12,2x4,4,8,235,True,G3_4
west,2x4,2024-01-18,2x4,4,8,235,True,G3_4
west,2x4,2024-01-25,2x4,4,8,235,True,G3_4
west,2x4,2024-02-08,2x4,4,8,235,True,G3_4
west,2x4,2024-02-15,2x4,4,8,235,True,G3_4
west,2x4,2024-02-22,2x4,4,8,240,True,G3_4
west,2x4,2024-02-29,2x4,4,8,245,True,G3_4
west,2x4,2024-03-07,2x4,4,8,250,True,G3_4
west,2x4,2024-03-14,2x4,4,8,250,True,G3_4
west,2x4,2024-03-21,2x4,4,8,255,True,G3_4
west,2x4,2024-03-28,2x4,4,8,250,True,G3_4
west,2x4,2024-04-04,2x4,4,8,245,True,G3_4
west,2x4,2024-04-11,2x4,4,8,235,True,G3_4
west,2x4,2024-04-18,2x4,4,8,230,True,G3_4
west,2x4,2024-04-25,2x4,4,8,225,True,G3_4
west,2x4,2024-05-02,2x4,4,8,225,True,G3_4
west,2x4,2024-05-09,2x4,4,8,225,True,G3_4
west,2x4,2024-05-16,2x4,4,8,225,True,G3_4
west,2x4,2024-05-30,2x4,4,8,225,True,G3_4
west,2x4,2024-06-06,2x4,4,8,225,True,G3_4
west,2x4,2024-06-13,2x4,4,8,225,True,G3_4
west,2x4,2024-06-20,2x4,4,8,220,True,G3_4
west,2x4,2024-06-27,2x4,4,8,215,True,G3_4
west,2x4,2024-07-04,2x4,4,8,215,True,G3_4
west,2x4,2024-07-11,2x4,4,8,215,True,G3_4
west,2x4,2024-07-18,2x4,4,8,215,True,G3_4
west,2x4,2024-07-25,2x4,4,8,215,True,G3_4
west,2x4,2024-08-01,2x4,4,8,215,True,G3_4
west,2x4,2024-08-08,2x4,4,8,215,True,G3_4
west,2x4,2024-08-15,2x4,4,8,215,True,G3_4
west,2x4,2024-08-22,2x4,4,8,215,True,G3_4
west,2x4,2024-08-29,2x4,4,8,215,True,G3_4
west,2x4,2024-09-05,2x4,4,8,215,True,G3_4
west,2x4,2024-09-12,2x4,4,8,215,True,G3_4
west,2x4,2024-09-20,2x4,4,8,215,True,G3_4
west,2x4,2024-09-27,2x4,4,8,220,True,G3_4
west,2x4,2024-10-04,2x4,4,8,230,True,G3_4
west,2x4,2024-10-11,2x4,4,8,240,True,G3_4
west,2x4,2024-10-18,2x4,4,8,245,True,G3_4
west,2x4,2024-10-25,2x4,4,8,250,True,G3_4
west,2x4,2024-11-01,2x4,4,8,255,True,G3_4
west,2x4,2024-11-08,2x4,4,8,260,True,G3_4
west,2x4,2024-11-15,2x4,4,8,260,True,G3_4
west,2x4,2024-11-22,2x4,4,8,260,True,G3_4
west,2x4,2024-11-27,2x4,4,8,260,True,G3_4
west,2x4,2024-12-06,2x4,4,8,260,True,G3_4
west,2x4,2024-12-13,2x4,4,8,260,True,G3_4
west,2x4,2024-12-20,2x4,4,8,260,True,G3_4
west,2x4,2025-01-03,2x4,4,8,260,True,G3_4
west,2x4,2025-01-10,2x4,4,8,260,True,G3_4
west,2x4,2025-01-17,2x4,4,8,265,True,G3_4
west,2x4,2025-01-24,2x4,4,8,265,True,G3_4
west,2x4,2025-01-31,2x4,4,8,265,True,G3_4
west,2x4,2025-02-07,2x4,4,8,275,True,G3_4
west,2x4,2025-02-14,2x4,4,8,285,True,G3_4
west,2x4,2025-02-21,2x4,4,8,295,True,G3_4
west,2x4,2025-02-28,2x4,4,8,305,True,G3_4
west,2x4,2025-03-07,2x4,4,8,315,True,G3_4
west,2x4,2025-03-14,2x4,4,8,325,True,G3_4
west,2x4,2025-03-21,2x4,4,8,335,True,G3_4
west,2x4,2025-03-28,2x4,4,8,350,True,G3_4
west,2x4,2025-04-04,2x4,4,8,360,True,G3_4
west,2x4,2025-04-11,2x4,4,8,365,True,G3_4
west,2x4,2025-04-18,2x4,4,8,370,True,G3_4
west,2x4,2025-04-25,2x4,4,8,375,True,G3_4
west,2x4,2025-05-02,2x4,4,8,375,True,G3_4
west,2x4,2025-05-09,2x4,4,8,375,True,G3_4
west,2x4,2025-05-16,2x4,4,8,365,True,G3_4
west,2x4,2025-05-23,2x4,4,8,335,True,G3_4
west,2x4,2025-05-30,2x4,4,8,300,True,G3_4
west,2x4,2025-06-06,2x4,4,8,280,True,G3_4
west,2x4,2025-06-13,2x4,4,8,250,True,G3_4
west,2x4,2025-06-19,2x4,4,8,235,True,G3_4
west,2x4,2025-06-27,2x4,4,8,225,True,G3_4
west,2x4,2025-07-03,2x4,4,8,225,True,G3_4
west,2x4,2025-07-11,2x4,4,8,220,True,G3_4
west,2x4,2025-07-18,2x4,4,8,210,True,G3_4
west,2x4,2025-07-25,2x4,4,8,205,True,G3_4
west,2x4,2025-08-01,2x4,4,8,205,True,G3_4
west,2x4,2025-08-08,2x4,4,8,205,True,G3_4
west,2x4,2025-08-15,2x4,4,8,205,True,G3_4
west,2x4,2025-08-22,2x4,4,8,205,True,G3_4
west,2x4,2025-08-29,2x4,4,8,200,True,G3_4
west,2x4,2025-09-05,2x4,4,8,200,True,G3_4
west,2x4,2025-09-12,2x4,4,8,200,True,G3_4
west,2x4,2025-09-19,2x4,4,8,200,True,G3_4
west,2x4,2025-09-26,2x4,4,8,200,True,G3_4
west,2x4,2025-10-03,2x4,4,8,200,True,G3_4
west,2x4,2025-10-10,2x4,4,8,200,True,G3_4
west,2x4,2025-10-17,2x4,4,8,200,True,G3_4
west,2x4,2024-01-12,2x4,4,10,235,True,G3_4
west,2x4,2024-01-18,2x4,4,10,235,True,G3_4
west,2x4,2024-01-25,2x4,4,10,235,True,G3_4
west,2x4,2024-02-08,2x4,4,10,235,True,G3_4
west,2x4,2024-02-15,2x4,4,10,235,True,G3_4
west,2x4,2024-02-22,2x4,4,10,240,True,G3_4
west,2x4,2024-02-29,2x4,4,10,245,True,G3_4
west,2x4,2024-03-07,2x4,4,10,250,True,G3_4
west,2x4,2024-03-14,2x4,4,10,250,True,G3_4
west,2x4,2024-03-21,2x4,4,10,255,True,G3_4
west,2x4,2024-03-28,2x4,4,10,250,True,G3_4
west,2x4,2024-04-04,2x4,4,10,245,True,G3_4
west,2x4,2024-04-11,2x4,4,10,235,True,G3_4
west,2x4,2024-04-18,2x4,4,10,230,True,G3_4
west,2x4,2024-04-25,2x4,4,10,225,True,G3_4
west,2x4,2024-05-02,2x4,4,10,225,True,G3_4
west,2x4,2024-05-09,2x4,4,10,225,True,G3_4
west,2x4,2024-05-16,2x4,4,10,225,True,G3_4
west,2x4,2024-05-30,2x4,4,10,225,True,G3_4
west,2x4,2024-06-06,2x4,4,10,225,True,G3_4
west,2x4,2024-06-13,2x4,4,10,225,True,G3_4
west,2x4,2024-06-20,2x4,4,10,220,True,G3_4
west,2x4,2024-06-27,2x4,4,10,215,True,G3_4
west,2x4,2024-07-04,2x4,4,10,215,True,G3_4
west,2x4,2024-07-11,2x4,4,10,215,True,G3_4
west,2x4,2024-07-18,2x4,4,10,215,True,G3_4
west,2x4,2024-07-25,2x4,4,10,215,True,G3_4
west,2x4,2024-08-01,2x4,4,10,215,True,G3_4
west,2x4,2024-08-08,2x4,4,10,215,True,G3_4
west,2x4,2024-08-15,2x4,4,10,215,True,G3_4
west,2x4,2024-08-22,2x4,4,10,215,True,G3_4
west,2x4,2024-08-29,2x4,4,10,215,True,G3_4
west,2x4,2024-09-05,2x4,4,10,215,True,G3_4
west,2x4,2024-09-12,2x4,4,10,215,True,G3_4
west,2x4,2024-09-20,2x4,4,10,215,True,G3_4
west,2x4,2024-09-27,2x4,4,10,220,True,G3_4
west,2x4,2024-10-04,2x4,4,10,230,True,G3_4
west,2x4,2024-10-11,2x4,4,10,240,True,G3_4
west,2x4,2024-10-18,2x4,4,10,245,True,G3_4
west,2x4,2024-10-25,2x4,4,10,250,True,G3_4
west,2x4,2024-11-01,2x4,4,10,255,True,G3_4
west,2x4,2024-11-08,2x4,4,10,260,True,G3_4
west,2x4,2024-11-15,2x4,4,10,260,True,G3_4
west,2x4,2024-11-22,2x4,4,10,260,True,G3_4
west,2x4,2024-11-27,2x4,4,10,260,True,G3_4
west,2x4,2024-12-06,2x4,4,10,260,True,G3_4
west,2x4,2024-12-13,2x4,4,10,260,True,G3_4
west,2x4,2024-12-20,2x4,4,10,260,True,G3_4
west,2x4,2025-01-03,2x4,4,10,260,True,G3_4
west,2x4,2025-01-10,2x4,4,10,260,True,G3_4
west,2x4,2025-01-17,2x4,4,10,265,True,G3_4
west,2x4,2025-01-24,2x4,4,10,265,True,G3_4
west,2x4,2025-01-31,2x4,4,10,265,True,G3_4
west,2x4,2025-02-07,2x4,4,10,275,True,G3_4
west,2x4,2025-02-14,2x4,4,10,285,True,G3_4
west,2x4,2025-02-21,2x4,4,10,295,True,G3_4
west,2x4,2025-02-28,2x4,4,10,305,True,G3_4
west,2x4,2025-03-07,2x4,4,10,315,True,G3_4
west,2x4,2025-03-14,2x4,4,10,325,True,G3_4
west,2x4,2025-03-21,2x4,4,10,335,True,G3_4
west,2x4,2025-03-28,2x4,4,10,350,True,G3_4
west,2x4,2025-04-04,2x4,4,10,360,True,G3_4
west,2x4,2025-04-11,2x4,4,10,365,True,G3_4
west,2x4,2025-04-18,2x4,4,10,370,True,G3_4
west,2x4,2025-04-25,2x4,4,10,375,True,G3_4
west,2x4,2025-05-02,2x4,4,10,375,True,G3_4
west,2x4,2025-05-09,2x4,4,10,375,True,G3_4
west,2x4,2025-05-16,2x4,4,10,365,True,G3_4
west,2x4,2025-05-23,2x4,4,10,335,True,G3_4
west,2x4,2025-05-30,2x4,4,10,300,True,G3_4
west,2x4,2025-06-06,2x4,4,10,280,True,G3_4
west,2x4,2025-06-13,2x4,4,10,250,True,G3_4
west,2x4,2025-06-19,2x4,4,10,235,True,G3_4
west,2x4,2025-06-27,2x4,4,10,225,True,G3_4
west,2x4,2025-07-03,2x4,4,10,225,True,G3_4
west,2x4,2025-07-11,2x4,4,10,220,True,G3_4
west,2x4,2025-07-18,2x4,4,10,210,True,G3_4
west,2x4,2025-07-25,2x4,4,10,205,True,G3_4
west,2x4,2025-08-01,2x4,4,10,205,True,G3_4
west,2x4,2025-08-08,2x4,4,10,205,True,G3_4
west,2x4,2025-08-15,2x4,4,10,205,True,G3_4
west,2x4,2025-08-22,2x4,4,10,205,True,G3_4
west,2x4,2025-08-29,2x4,4,10,200,True,G3_4
west,2x4,2025-09-05,2x4,4,10,200,True,G3_4
west,2x4,2025-09-12,2x4,4,10,200,True,G3_4
west,2x4,2025-09-19,2x4,4,10,200,True,G3_4
west,2x4,2025-09-26,2x4,4,10,200,True,G3_4
west,2x4,2025-10-03,2x4,4,10,200,True,G3_4
west,2x4,2025-10-10,2x4,4,10,200,True,G3_4
west,2x4,2025-10-17,2x4,4,10,200,True,G3_4
west,2x4,2024-01-12,2x4,4,12,235,True,G3_4
west,2x4,2024-01-18,2x4,4,12,235,True,G3_4
west,2x4,2024-01-25,2x4,4,12,235,True,G3_4
west,2x4,2024-02-08,2x4,4,12,235,True,G3_4
west,2x4,2024-02-15,2x4,4,12,235,True,G3_4
west,2x4,2024-02-22,2x4,4,12,240,True,G3_4
west,2x4,2024-02-29,2x4,4,12,245,True,G3_4
west,2x4,2024-03-07,2x4,4,12,250,True,G3_4
west,2x4,2024-03-14,2x4,4,12,250,True,G3_4
west,2x4,2024-03-21,2x4,4,12,255,True,G3_4
west,2x4,2024-03-28,2x4,4,12,250,True,G3_4
west,2x4,2024-04-04,2x4,4,12,245,True,G3_4
west,2x4,2024-04-11,2x4,4,12,235,True,G3_4
west,2x4,2024-04-18,2x4,4,12,230,True,G3_4
west,2x4,2024-04-25,2x4,4,12,225,True,G3_4
west,2x4,2024-05-02,2x4,4,12,225,True,G3_4
west,2x4,2024-05-09,2x4,4,12,225,True,G3_4
west,2x4,2024-05-16,2x4,4,12,225,True,G3_4
west,2x4,2024-05-30,2x4,4,12,225,True,G3_4
west,2x4,2024-06-06,2x4,4,12,225,True,G3_4
west,2x4,2024-06-13,2x4,4,12,225,True,G3_4
west,2x4,2024-06-20,2x4,4,12,220,True,G3_4
west,2x4,2024-06-27,2x4,4,12,215,True,G3_4
west,2x4,2024-07-04,2x4,4,12,215,True,G3_4
west,2x4,2024-07-11,2x4,4,12,215,True,G3_4
west,2x4,2024-07-18,2x4,4,12,215,True,G3_4
west,2x4,2024-07-25,2x4,4,12,215,True,G3_4
west,2x4,2024-08-01,2x4,4,12,215,True,G3_4
west,2x4,2024-08-08,2x4,4,12,215,True,G3_4
west,2x4,2024-08-15,2x4,4,12,215,True,G3_4
west,2x4,2024-08-22,2x4,4,12,215,True,G3_4
west,2x4,2024-08-29,2x4,4,12,215,True,G3_4
west,2x4,2024-09-05,2x4,4,12,215,True,G3_4
west,2x4,2024-09-12,2x4,4,12,215,True,G3_4
west,2x4,2024-09-20,2x4,4,12,215,True,G3_4
west,2x4,2024-09-27,2x4,4,12,220,True,G3_4
west,2x4,2024-10-04,2x4,4,12,230,True,G3_4
west,2x4,2024-10-11,2x4,4,12,240,True,G3_4
west,2x4,2024-10-18,2x4,4,12,245,True,G3_4
west,2x4,2024-10-25,2x4,4,12,250,True,G3_4
west,2x4,2024-11-01,2x4,4,12,255,True,G3_4
west,2x4,2024-11-08,2x4,4,12,260,True,G3_4
west,2x4,2024-11-15,2x4,4,12,260,True,G3_4
west,2x4,2024-11-22,2x4,4,12,260,True,G3_4
west,2x4,2024-11-27,2x4,4,12,260,True,G3_4
west,2x4,2024-12-06,2x4,4,12,260,True,G3_4
west,2x4,2024-12-13,2x4,4,12,260,True,G3_4
west,2x4,2024-12-20,2x4,4,12,260,True,G3_4
west,2x4,2025-01-03,2x4,4,12,260,True,G3_4
west,2x4,2025-01-10,2x4,4,12,260,True,G3_4
west,2x4,2025-01-17,2x4,4,12,265,True,G3_4
west,2x4,2025-01-24,2x4,4,12,265,True,G3_4
west,2x4,2025-01-31,2x4,4,12,265,True,G3_4
west,2x4,2025-02-07,2x4,4,12,275,True,G3_4
west,2x4,2025-02-14,2x4,4,12,285,True,G3_4
west,2x4,2025-02-21,2x4,4,12,295,True,G3_4
west,2x4,2025-02-28,2x4,4,12,305,True,G3_4
west,2x4,2025-03-07,2x4,4,12,315,True,G3_4
west,2x4,2025-03-14,2x4,4,12,325,True,G3_4
west,2x4,2025-03-21,2x4,4,12,335,True,G3_4
west,2x4,2025-03-28,2x4,4,12,350,True,G3_4
west,2x4,2025-04-04,2x4,4,12,360,True,G3_4
west,2x4,2025-04-11,2x4,4,12,365,True,G3_4
west,2x4,2025-04-18,2x4,4,12,370,True,G3_4
west,2x4,2025-04-25,2x4,4,12,375,True,G3_4
west,2x4,2025-05-02,2x4,4,12,375,True,G3_4
west,2x4,2025-05-09,2x4,4,12,375,True,G3_4
west,2x4,2025-05-16,2x4,4,12,365,True,G3_4
west,2x4,2025-05-23,2x4,4,12,335,True,G3_4
west,2x4,2025-05-30,2x4,4,12,300,True,G3_4
west,2x4,2025-06-06,2x4,4,12,280,True,G3_4
west,2x4,2025-06-13,2x4,4,12,250,True,G3_4
west,2x4,2025-06-19,2x4,4,12,235,True,G3_4
west,2x4,2025-06-27,2x4,4,12,225,True,G3_4
west,2x4,2025-07-03,2x4,4,12,225,True,G3_4
west,2x4,2025-07-11,2x4,4,12,220,True,G3_4
west,2x4,2025-07-18,2x4,4,12,210,True,G3_4
west,2x4,2025-07-25,2x4,4,12,205,True,G3_4
west,2x4,2025-08-01,2x4,4,12,205,True,G3_4
west,2x4,2025-08-08,2x4,4,12,205,True,G3_4
west,2x4,2025-08-15,2x4,4,12,205,True,G3_4
west,2x4,2025-08-22,2x4,4,12,205,True,G3_4
west,2x4,2025-08-29,2x4,4,12,200,True,G3_4
west,2x4,2025-09-05,2x4,4,12,200,True,G3_4
west,2x4,2025-09-12,2x4,4,12,200,True,G3_4
west,2x4,2025-09-19,2x4,4,12,200,True,G3_4
west,2x4,2025-09-26,2x4,4,12,200,True,G3_4
west,2x4,2025-10-03,2x4,4,12,200,True,G3_4
west,2x4,2025-10-10,2x4,4,12,200,True,G3_4
west,2x4,2025-10-17,2x4,4,12,200,True,G3_4
west,2x4,2024-01-12,2x4,4,14,235,True,G3_4
west,2x4,2024-01-18,2x4,4,14,235,True,G3_4
west,2x4,2024-01-25,2x4,4,14,235,True,G3_4
west,2x4,2024-02-08,2x4,4,14,235,True,G3_4
west,2x4,2024-02-15,2x4,4,14,235,True,G3_4
west,2x4,2024-02-22,2x4,4,14,240,True,G3_4
west,2x4,2024-02-29,2x4,4,14,245,True,G3_4
west,2x4,2024-03-07,2x4,4,14,250,True,G3_4
west,2x4,2024-03-14,2x4,4,14,250,True,G3_4
west,2x4,2024-03-21,2x4,4,14,255,True,G3_4
west,2x4,2024-03-28,2x4,4,14,250,True,G3_4
west,2x4,2024-04-04,2x4,4,14,245,True,G3_4
west,2x4,2024-04-11,2x4,4,14,235,True,G3_4
west,2x4,2024-04-18,2x4,4,14,230,True,G3_4
west,2x4,2024-04-25,2x4,4,14,225,True,G3_4
west,2x4,2024-05-02,2x4,4,14,225,True,G3_4
west,2x4,2024-05-09,2x4,4,14,225,True,G3_4
west,2x4,2024-05-16,2x4,4,14,225,True,G3_4
west,2x4,2024-05-30,2x4,4,14,225,True,G3_4
west,2x4,2024-06-06,2x4,4,14,225,True,G3_4
west,2x4,2024-06-13,2x4,4,14,225,True,G3_4
west,2x4,2024-06-20,2x4,4,14,220,True,G3_4
west,2x4,2024-06-27,2x4,4,14,215,True,G3_4
west,2x4,2024-07-04,2x4,4,14,215,True,G3_4
west,2x4,2024-07-11,2x4,4,14,215,True,G3_4
west,2x4,2024-07-18,2x4,4,14,215,True,G3_4
west,2x4,2024-07-25,2x4,4,14,215,True,G3_4
west,2x4,2024-08-01,2x4,4,14,215,True,G3_4
west,2x4,2024-08-08,2x4,4,14,215,True,G3_4
west,2x4,2024-08-15,2x4,4,14,215,True,G3_4
west,2x4,2024-08-22,2x4,4,14,215,True,G3_4
west,2x4,2024-08-29,2x4,4,14,215,True,G3_4
west,2x4,2024-09-05,2x4,4,14,215,True,G3_4
west,2x4,2024-09-12,2x4,4,14,215,True,G3_4
west,2x4,2024-09-20,2x4,4,14,215,True,G3_4
west,2x4,2024-09-27,2x4,4,14,220,True,G3_4
west,2x4,2024-10-04,2x4,4,14,230,True,G3_4
west,2x4,2024-10-11,2x4,4,14,240,True,G3_4
west,2x4,2024-10-18,2x4,4,14,245,True,G3_4
west,2x4,2024-10-25,2x4,4,14,250,True,G3_4
west,2x4,2024-11-01,2x4,4,14,255,True,G3_4
west,2x4,2024-11-08,2x4,4,14,260,True,G3_4
west,2x4,2024-11-15,2x4,4,14,260,True,G3_4
west,2x4,2024-11-22,2x4,4,14,260,True,G3_4
west,2x4,2024-11-27,2x4,4,14,260,True,G3_4
west,2x4,2024-12-06,2x4,4,14,260,True,G3_4
west,2x4,2024-12-13,2x4,4,14,260,True,G3_4
west,2x4,2024-12-20,2x4,4,14,260,True,G3_4
west,2x4,2025-01-03,2x4,4,14,260,True,G3_4
west,2x4,2025-01-10,2x4,4,14,260,True,G3_4
west,2x4,2025-01-17,2x4,4,14,265,True,G3_4
west,2x4,2025-01-24,2x4,4,14,265,True,G3_4
west,2x4,2025-01-31,2x4,4,14,265,True,G3_4
west,2x4,2025-02-07,2x4,4,14,275,True,G3_4
west,2x4,2025-02-14,2x4,4,14,285,True,G3_4
west,2x4,2025-02-21,2x4,4,14,295,True,G3_4
west,2x4,2025-02-28,2x4,4,14,305,True,G3_4
west,2x4,2025-03-07,2x4,4,14,315,True,G3_4
west,2x4,2025-03-14,2x4,4,14,325,True,G3_4
west,2x4,2025-03-21,2x4,4,14,335,True,G3_4
west,2x4,2025-03-28,2x4,4,14,350,True,G3_4
west,2x4,2025-04-04,2x4,4,14,360,True,G3_4
west,2x4,2025-04-11,2x4,4,14,365,True,G3_4
west,2x4,2025-04-18,2x4,4,14,370,True,G3_4
west,2x4,2025-04-25,2x4,4,14,375,True,G3_4
west,2x4,2025-05-02,2x4,4,14,375,True,G3_4
west,2x4,2025-05-09,2x4,4,14,375,True,G3_4
west,2x4,2025-05-16,2x4,4,14,365,True,G3_4
west,2x4,2025-05-23,2x4,4,14,335,True,G3_4
west,2x4,2025-05-30,2x4,4,14,300,True,G3_4
west,2x4,2025-06-06,2x4,4,14,280,True,G3_4
west,2x4,2025-06-13,2x4,4,14,250,True,G3_4
west,2x4,2025-06-19,2x4,4,14,235,True,G3_4
west,2x4,2025-06-27,2x4,4,14,225,True,G3_4
west,2x4,2025-07-03,2x4,4,14,225,True,G3_4
west,2x4,2025-07-11,2x4,4,14,220,True,G3_4
west,2x4,2025-07-18,2x4,4,14,210,True,G3_4
west,2x4,2025-07-25,2x4,4,14,205,True,G3_4
west,2x4,2025-08-01,2x4,4,14,205,True,G3_4
west,2x4,2025-08-08,2x4,4,14,205,True,G3_4
west,2x4,2025-08-15,2x4,4,14,205,True,G3_4
west,2x4,2025-08-22,2x4,4,14,205,True,G3_4
west,2x4,2025-08-29,2x4,4,14,200,True,G3_4
west,2x4,2025-09-05,2x4,4,14,200,True,G3_4
west,2x4,2025-09-12,2x4,4,14,200,True,G3_4
west,2x4,2025-09-19,2x4,4,14,200,True,G3_4
west,2x4,2025-09-26,2x4,4,14,200,True,G3_4
west,2x4,2025-10-03,2x4,4,14,200,True,G3_4
west,2x4,2025-10-10,2x4,4,14,200,True,G3_4
west,2x4,2025-10-17,2x4,4,14,200,True,G3_4
west,2x4,2024-01-12,2x4,4,16,235,True,G3_4
west,2x4,2024-01-18,2x4,4,16,235,True,G3_4
west,2x4,2024-01-25,2x4,4,16,235,True,G3_4
west,2x4,2024-02-08,2x4,4,16,235,True,G3_4
west,2x4,2024-02-15,2x4,4,16,235,True,G3_4
west,2x4,2024-02-22,2x4,4,16,240,True,G3_4
west,2x4,2024-02-29,2x4,4,16,245,True,G3_4
west,2x4,2024-03-07,2x4,4,16,250,True,G3_4
west,2x4,2024-03-14,2x4,4,16,250,True,G3_4
west,2x4,2024-03-21,2x4,4,16,255,True,G3_4
west,2x4,2024-03-28,2x4,4,16,250,True,G3_4
west,2x4,2024-04-04,2x4,4,16,245,True,G3_4
west,2x4,2024-04-11,2x4,4,16,235,True,G3_4
west,2x4,2024-04-18,2x4,4,16,230,True,G3_4
west,2x4,2024-04-25,2x4,4,16,225,True,G3_4
west,2x4,2024-05-02,2x4,4,16,225,True,G3_4
west,2x4,2024-05-09,2x4,4,16,225,True,G3_4
west,2x4,2024-05-16,2x4,4,16,225,True,G3_4
west,2x4,2024-05-30,2x4,4,16,225,True,G3_4
west,2x4,2024-06-06,2x4,4,16,225,True,G3_4
west,2x4,2024-06-13,2x4,4,16,225,True,G3_4
west,2x4,2024-06-20,2x4,4,16,220,True,G3_4
west,2x4,2024-06-27,2x4,4,16,215,True,G3_4
west,2x4,2024-07-04,2x4,4,16,215,True,G3_4
west,2x4,2024-07-11,2x4,4,16,215,True,G3_4
west,2x4,2024-07-18,2x4,4,16,215,True,G3_4
west,2x4,2024-07-25,2x4,4,16,215,True,G3_4
west,2x4,2024-08-01,2x4,4,16,215,True,G3_4
west,2x4,2024-08-08,2x4,4,16,215,True,G3_4
west,2x4,2024-08-15,2x4,4,16,215,True,G3_4
west,2x4,2024-08-22,2x4,4,16,215,True,G3_4
west,2x4,2024-08-29,2x4,4,16,215,True,G3_4
west,2x4,2024-09-05,2x4,4,16,215,True,G3_4
west,2x4,2024-09-12,2x4,4,16,215,True,G3_4
west,2x4,2024-09-20,2x4,4,16,215,True,G3_4
west,2x4,2024-09-27,2x4,4,16,220,True,G3_4
west,2x4,2024-10-04,2x4,4,16,230,True,G3_4
west,2x4,2024-10-11,2x4,4,16,240,True,G3_4
west,2x4,2024-10-18,2x4,4,16,245,True,G3_4
west,2x4,2024-10-25,2x4,4,16,250,True,G3_4
west,2x4,2024-11-01,2x4,4,16,255,True,G3_4
west,2x4,2024-11-08,2x4,4,16,260,True,G3_4
west,2x4,2024-11-15,2x4,4,16,260,True,G3_4
west,2x4,2024-11-22,2x4,4,16,260,True,G3_4
west,2x4,2024-11-27,2x4,4,16,260,True,G3_4
west,2x4,2024-12-06,2x4,4,16,260,True,G3_4
west,2x4,2024-12-13,2x4,4,16,260,True,G3_4
west,2x4,2024-12-20,2x4,4,16,260,True,G3_4
west,2x4,2025-01-03,2x4,4,16,260,True,G3_4
west,2x4,2025-01-10,2x4,4,16,260,True,G3_4
west,2x4,2025-01-17,2x4,4,16,265,True,G3_4
west,2x4,2025-01-24,2x4,4,16,265,True,G3_4
west,2x4,2025-01-31,2x4,4,16,265,True,G3_4
west,2x4,2025-02-07,2x4,4,16,275,True,G3_4
west,2x4,2025-02-14,2x4,4,16,285,True,G3_4
west,2x4,2025-02-21,2x4,4,16,295,True,G3_4
west,2x4,2025-02-28,2x4,4,16,305,True,G3_4
west,2x4,2025-03-07,2x4,4,16,315,True,G3_4
west,2x4,2025-03-14,2x4,4,16,325,True,G3_4
west,2x4,2025-03-21,2x4,4,16,335,True,G3_4
west,2x4,2025-03-28,2x4,4,16,350,True,G3_4
west,2x4,2025-04-04,2x4,4,16,360,True,G3_4
west,2x4,2025-04-11,2x4,4,16,365,True,G3_4
west,2x4,2025-04-18,2x4,4,16,370,True,G3_4
west,2x4,2025-04-25,2x4,4,16,375,True,G3_4
west,2x4,2025-05-02,2x4,4,16,375,True,G3_4
west,2x4,2025-05-09,2x4,4,16,375,True,G3_4
west,2x4,2025-05-16,2x4,4,16,365,True,G3_4
west,2x4,2025-05-23,2x4,4,16,335,True,G3_4
west,2x4,2025-05-30,2x4,4,16,300,True,G3_4
west,2x4,2025-06-06,2x4,4,16,280,True,G3_4
west,2x4,2025-06-13,2x4,4,16,250,True,G3_4
west,2x4,2025-06-19,2x4,4,16,235,True,G3_4
west,2x4,2025-06-27,2x4,4,16,225,True,G3_4
west,2x4,2025-07-03,2x4,4,16,225,True,G3_4
west,2x4,2025-07-11,2x4,4,16,220,True,G3_4
west,2x4,2025-07-18,2x4,4,16,210,True,G3_4
west,2x4,2025-07-25,2x4,4,16,205,True,G3_4
west,2x4,2025-08-01,2x4,4,16,205,True,G3_4
west,2x4,2025-08-08,2x4,4,16,205,True,G3_4
west,2x4,2025-08-15,2x4,4,16,205,True,G3_4
west,2x4,2025-08-22,2x4,4,16,205,True,G3_4
west,2x4,2025-08-29,2x4,4,16,200,True,G3_4
west,2x4,2025-09-05,2x4,4,16,200,True,G3_4
west,2x4,2025-09-12,2x4,4,16,200,True,G3_4
west,2x4,2025-09-19,2x4,4,16,200,True,G3_4
west,2x4,2025-09-26,2x4,4,16,200,True,G3_4
west,2x4,2025-10-03,2x4,4,16,200,True,G3_4
west,2x4,2025-10-10,2x4,4,16,200,True,G3_4
west,2x4,2025-10-17,2x4,4,16,200,True,G3_4
west,2x4,2024-01-12,2x4,4,18,235,True,G3_4
west,2x4,2024-01-18,2x4,4,18,235,True,G3_4
west,2x4,2024-01-25,2x4,4,18,235,True,G3_4
west,2x4,2024-02-08,2x4,4,18,235,True,G3_4
west,2x4,2024-02-15,2x4,4,18,235,True,G3_4
west,2x4,2024-02-22,2x4,4,18,240,True,G3_4
west,2x4,2024-02-29,2x4,4,18,245,True,G3_4
west,2x4,2024-03-07,2x4,4,18,250,True,G3_4
west,2x4,2024-03-14,2x4,4,18,250,True,G3_4
west,2x4,2024-03-21,2x4,4,18,255,True,G3_4
west,2x4,2024-03-28,2x4,4,18,250,True,G3_4
west,2x4,2024-04-04,2x4,4,18,245,True,G3_4
west,2x4,2024-04-11,2x4,4,18,235,True,G3_4
west,2x4,2024-04-18,2x4,4,18,230,True,G3_4
west,2x4,2024-04-25,2x4,4,18,225,True,G3_4
west,2x4,2024-05-02,2x4,4,18,225,True,G3_4
west,2x4,2024-05-09,2x4,4,18,225,True,G3_4
west,2x4,2024-05-16,2x4,4,18,225,True,G3_4
west,2x4,2024-05-30,2x4,4,18,225,True,G3_4
west,2x4,2024-06-06,2x4,4,18,225,True,G3_4
west,2x4,2024-06-13,2x4,4,18,225,True,G3_4
west,2x4,2024-06-20,2x4,4,18,220,True,G3_4
west,2x4,2024-06-27,2x4,4,18,215,True,G3_4
west,2x4,2024-07-04,2x4,4,18,215,True,G3_4
west,2x4,2024-07-11,2x4,4,18,215,True,G3_4
west,2x4,2024-07-18,2x4,4,18,215,True,G3_4
west,2x4,2024-07-25,2x4,4,18,215,True,G3_4
west,2x4,2024-08-01,2x4,4,18,215,True,G3_4
west,2x4,2024-08-08,2x4,4,18,215,True,G3_4
west,2x4,2024-08-15,2x4,4,18,215,True,G3_4
west,2x4,2024-08-22,2x4,4,18,215,True,G3_4
west,2x4,2024-08-29,2x4,4,18,215,True,G3_4
west,2x4,2024-09-05,2x4,4,18,215,True,G3_4
west,2x4,2024-09-12,2x4,4,18,215,True,G3_4
west,2x4,2024-09-20,2x4,4,18,215,True,G3_4
west,2x4,2024-09-27,2x4,4,18,220,True,G3_4
west,2x4,2024-10-04,2x4,4,18,230,True,G3_4
west,2x4,2024-10-11,2x4,4,18,240,True,G3_4
west,2x4,2024-10-18,2x4,4,18,245,True,G3_4
west,2x4,2024-10-25,2x4,4,18,250,True,G3_4
west,2x4,2024-11-01,2x4,4,18,255,True,G3_4
west,2x4,2024-11-08,2x4,4,18,260,True,G3_4
west,2x4,2024-11-15,2x4,4,18,260,True,G3_4
west,2x4,2024-11-22,2x4,4,18,260,True,G3_4
west,2x4,2024-11-27,2x4,4,18,260,True,G3_4
west,2x4,2024-12-06,2x4,4,18,260,True,G3_4
west,2x4,2024-12-13,2x4,4,18,260,True,G3_4
west,2x4,2024-12-20,2x4,4,18,260,True,G3_4
west,2x4,2025-01-03,2x4,4,18,260,True,G3_4
west,2x4,2025-01-10,2x4,4,18,260,True,G3_4
west,2x4,2025-01-17,2x4,4,18,265,True,G3_4
west,2x4,2025-01-24,2x4,4,18,265,True,G3_4
west,2x4,2025-01-31,2x4,4,18,265,True,G3_4
west,2x4,2025-02-07,2x4,4,18,275,True,G3_4
west,2x4,2025-02-14,2x4,4,18,285,True,G3_4
west,2x4,2025-02-21,2x4,4,18,295,True,G3_4
west,2x4,2025-02-28,2x4,4,18,305,True,G3_4
west,2x4,2025-03-07,2x4,4,18,315,True,G3_4
west,2x4,2025-03-14,2x4,4,18,325,True,G3_4
west,2x4,2025-03-21,2x4,4,18,335,True,G3_4
west,2x4,2025-03-28,2x4,4,18,350,True,G3_4
west,2x4,2025-04-04,2x4,4,18,360,True,G3_4
west,2x4,2025-04-11,2x4,4,18,365,True,G3_4
west,2x4,2025-04-18,2x4,4,18,370,True,G3_4
west,2x4,2025-04-25,2x4,4,18,375,True,G3_4
west,2x4,2025-05-02,2x4,4,18,375,True,G3_4
west,2x4,2025-05-09,2x4,4,18,375,True,G3_4
west,2x4,2025-05-16,2x4,4,18,365,True,G3_4
west,2x4,2025-05-23,2x4,4,18,335,True,G3_4
west,2x4,2025-05-30,2x4,4,18,300,True,G3_4
west,2x4,2025-06-06,2x4,4,18,280,True,G3_4
west,2x4,2025-06-13,2x4,4,18,250,True,G3_4
west,2x4,2025-06-19,2x4,4,18,235,True,G3_4
west,2x4,2025-06-27,2x4,4,18,225,True,G3_4
west,2x4,2025-07-03,2x4,4,18,225,True,G3_4
west,2x4,2025-07-11,2x4,4,18,220,True,G3_4
west,2x4,2025-07-18,2x4,4,18,210,True,G3_4
west,2x4,2025-07-25,2x4,4,18,205,True,G3_4
west,2x4,2025-08-01,2x4,4,18,205,True,G3_4
west,2x4,2025-08-08,2x4,4,18,205,True,G3_4
west,2x4,2025-08-15,2x4,4,18,205,True,G3_4
west,2x4,2025-08-22,2x4,4,18,205,True,G3_4
west,2x4,2025-08-29,2x4,4,18,200,True,G3_4
west,2x4,2025-09-05,2x4,4,18,200,True,G3_4
west,2x4,2025-09-12,2x4,4,18,200,True,G3_4
west,2x4,2025-09-19,2x4,4,18,200,True,G3_4
west,2x4,2025-09-26,2x4,4,18,200,True,G3_4
west,2x4,2025-10-03,2x4,4,18,200,True,G3_4
west,2x4,2025-10-10,2x4,4,18,200,True,G3_4
west,2x4,2025-10-17,2x4,4,18,200,True,G3_4
west,2x4,2024-01-12,2x4,4,20,235,True,G3_4
west,2x4,2024-01-18,2x4,4,20,235,True,G3_4
west,2x4,2024-01-25,2x4,4,20,235,True,G3_4
west,2x4,2024-02-08,2x4,4,20,235,True,G3_4
west,2x4,2024-02-15,2x4,4,20,235,True,G3_4
west,2x4,2024-02-22,2x4,4,20,240,True,G3_4
west,2x4,2024-02-29,2x4,4,20,245,True,G3_4
west,2x4,2024-03-07,2x4,4,20,250,True,G3_4
west,2x4,2024-03-14,2x4,4,20,250,True,G3_4
west,2x4,2024-03-21,2x4,4,20,255,True,G3_4
west,2x4,2024-03-28,2x4,4,20,250,True,G3_4
west,2x4,2024-04-04,2x4,4,20,245,True,G3_4
west,2x4,2024-04-11,2x4,4,20,235,True,G3_4
west,2x4,2024-04-18,2x4,4,20,230,True,G3_4
west,2x4,2024-04-25,2x4,4,20,225,True,G3_4
west,2x4,2024-05-02,2x4,4,20,225,True,G3_4
west,2x4,2024-05-09,2x4,4,20,225,True,G3_4
west,2x4,2024-05-16,2x4,4,20,225,True,G3_4
west,2x4,2024-05-30,2x4,4,20,225,True,G3_4
west,2x4,2024-06-06,2x4,4,20,225,True,G3_4
west,2x4,2024-06-13,2x4,4,20,225,True,G3_4
west,2x4,2024-06-20,2x4,4,20,220,True,G3_4
west,2x4,2024-06-27,2x4,4,20,215,True,G3_4
west,2x4,2024-07-04,2x4,4,20,215,True,G3_4
west,2x4,2024-07-11,2x4,4,20,215,True,G3_4
west,2x4,2024-07-18,2x4,4,20,215,True,G3_4
west,2x4,2024-07-25,2x4,4,20,215,True,G3_4
west,2x4,2024-08-01,2x4,4,20,215,True,G3_4
west,2x4,2024-08-08,2x4,4,20,215,True,G3_4
west,2x4,2024-08-15,2x4,4,20,215,True,G3_4
west,2x4,2024-08-22,2x4,4,20,215,True,G3_4
west,2x4,2024-08-29,2x4,4,20,215,True,G3_4
west,2x4,2024-09-05,2x4,4,20,215,True,G3_4
west,2x4,2024-09-12,2x4,4,20,215,True,G3_4
west,2x4,2024-09-20,2x4,4,20,215,True,G3_4
west,2x4,2024-09-27,2x4,4,20,220,True,G3_4
west,2x4,2024-10-04,2x4,4,20,230,True,G3_4
west,2x4,2024-10-11,2x4,4,20,240,True,G3_4
west,2x4,2024-10-18,2x4,4,20,245,True,G3_4
west,2x4,2024-10-25,2x4,4,20,250,True,G3_4
west,2x4,2024-11-01,2x4,4,20,255,True,G3_4
west,2x4,2024-11-08,2x4,4,20,260,True,G3_4
west,2x4,2024-11-15,2x4,4,20,260,True,G3_4
west,2x4,2024-11-22,2x4,4,20,260,True,G3_4
west,2x4,2024-11-27,2x4,4,20,260,True,G3_4
west,2x4,2024-12-06,2x4,4,20,260,True,G3_4
west,2x4,2024-12-13,2x4,4,20,260,True,G3_4
west,2x4,2024-12-20,2x4,4,20,260,True,G3_4
west,2x4,2025-01-03,2x4,4,20,260,True,G3_4
west,2x4,2025-01-10,2x4,4,20,260,True,G3_4
west,2x4,2025-01-17,2x4,4,20,265,True,G3_4
west,2x4,2025-01-24,2x4,4,20,265,True,G3_4
west,2x4,2025-01-31,2x4,4,20,265,True,G3_4
west,2x4,2025-02-07,2x4,4,20,275,True,G3_4
west,2x4,2025-02-14,2x4,4,20,285,True,G3_4
west,2x4,2025-02-21,2x4,4,20,295,True,G3_4
west,2x4,2025-02-28,2x4,4,20,305,True,G3_4
west,2x4,2025-03-07,2x4,4,20,315,True,G3_4
west,2x4,2025-03-14,2x4,4,20,325,True,G3_4
west,2x4,2025-03-21,2x4,4,20,335,True,G3_4
west,2x4,2025-03-28,2x4,4,20,350,True,G3_4
west,2x4,2025-04-04,2x4,4,20,360,True,G3_4
west,2x4,2025-04-11,2x4,4,20,365,True,G3_4
west,2x4,2025-04-18,2x4,4,20,370,True,G3_4
west,2x4,2025-04-25,2x4,4,20,375,True,G3_4
west,2x4,2025-05-02,2x4,4,20,375,True,G3_4
west,2x4,2025-05-09,2x4,4,20,375,True,G3_4
west,2x4,2025-05-16,2x4,4,20,365,True,G3_4
west,2x4,2025-05-23,2x4,4,20,335,True,G3_4
west,2x4,2025-05-30,2x4,4,20,300,True,G3_4
west,2x4,2025-06-06,2x4,4,20,280,True,G3_4
west,2x4,2025-06-13,2x4,4,20,250,True,G3_4
west,2x4,2025-06-19,2x4,4,20,235,True,G3_4
west,2x4,2025-06-27,2x4,4,20,225,True,G3_4
west,2x4,2025-07-03,2x4,4,20,225,True,G3_4
west,2x4,2025-07-11,2x4,4,20,220,True,G3_4
west,2x4,2025-07-18,2x4,4,20,210,True,G3_4
west,2x4,2025-07-25,2x4,4,20,205,True,G3_4
west,2x4,2025-08-01,2x4,4,20,205,True,G3_4
west,2x4,2025-08-08,2x4,4,20,205,True,G3_4
west,2x4,2025-08-15,2x4,4,20,205,True,G3_4
west,2x4,2025-08-22,2x4,4,20,205,True,G3_4
west,2x4,2025-08-29,2x4,4,20,200,True,G3_4
west,2x4,2025-09-05,2x4,4,20,200,True,G3_4
west,2x4,2025-09-12,2x4,4,20,200,True,G3_4
west,2x4,2025-09-19,2x4,4,20,200,True,G3_4
west,2x4,2025-09-26,2x4,4,20,200,True,G3_4
west,2x4,2025-10-03,2x4,4,20,200,True,G3_4
west,2x4,2025-10-10,2x4,4,20,200,True,G3_4
west,2x4,2025-10-17,2x4,4,20,200,True,G3_4
west,2x6 #3,2024-01-12,2x6,3,8,200,True,G3_4
west,2x6 #3,2024-01-18,2x6,3,8,200,True,G3_4
west,2x6 #3,2024-01-25,2x6,3,8,200,True,G3_4
west,2x6 #3,2024-02-08,2x6,3,8,200,True,G3_4
west,2x6 #3,2024-02-15,2x6,3,8,205,True,G3_4
west,2x6 #3,2024-02-22,2x6,3,8,210,True,G3_4
west,2x6 #3,2024-02-29,2x6,3,8,220,True,G3_4
west,2x6 #3,2024-03-07,2x6,3,8,230,True,G3_4
west,2x6 #3,2024-03-14,2x6,3,8,230,True,G3_4
west,2x6 #3,2024-03-21,2x6,3,8,235,True,G3_4
west,2x6 #3,2024-03-28,2x6,3,8,235,True,G3_4
west,2x6 #3,2024-04-04,2x6,3,8,230,True,G3_4
west,2x6 #3,2024-04-11,2x6,3,8,220,True,G3_4
west,2x6 #3,2024-04-18,2x6,3,8,220,True,G3_4
west,2x6 #3,2024-04-25,2x6,3,8,220,True,G3_4
west,2x6 #3,2024-05-02,2x6,3,8,220,True,G3_4
west,2x6 #3,2024-05-09,2x6,3,8,220,True,G3_4
west,2x6 #3,2024-05-16,2x6,3,8,225,True,G3_4
west,2x6 #3,2024-05-30,2x6,3,8,230,True,G3_4
west,2x6 #3,2024-06-06,2x6,3,8,230,True,G3_4
west,2x6 #3,2024-06-13,2x6,3,8,230,True,G3_4
west,2x6 #3,2024-06-20,2x6,3,8,230,True,G3_4
west,2x6 #3,2024-06-27,2x6,3,8,225,True,G3_4
west,2x6 #3,2024-07-04,2x6,3,8,225,True,G3_4
west,2x6 #3,2024-07-11,2x6,3,8,225,True,G3_4
west,2x6 #3,2024-07-18,2x6,3,8,225,True,G3_4
west,2x6 #3,2024-07-25,2x6,3,8,225,True,G3_4
west,2x6 #3,2024-08-01,2x6,3,8,225,True,G3_4
west,2x6 #3,2024-08-08,2x6,3,8,225,True,G3_4
west,2x6 #3,2024-08-15,2x6,3,8,225,True,G3_4
west,2x6 #3,2024-08-22,2x6,3,8,225,True,G3_4
west,2x6 #3,2024-08-29,2x6,3,8,225,True,G3_4
west,2x6 #3,2024-09-05,2x6,3,8,230,True,G3_4
west,2x6 #3,2024-09-12,2x6,3,8,230,True,G3_4
west,2x6 #3,2024-09-20,2x6,3,8,230,True,G3_4
west,2x6 #3,2024-09-27,2x6,3,8,235,True,G3_4
west,2x6 #3,2024-10-04,2x6,3,8,245,True,G3_4
west,2x6 #3,2024-10-11,2x6,3,8,255,True,G3_4
west,2x6 #3,2024-10-18,2x6,3,8,265,True,G3_4
west,2x6 #3,2024-10-25,2x6,3,8,275,True,G3_4
west,2x6 #3,2024-11-01,2x6,3,8,280,True,G3_4
west,2x6 #3,2024-11-08,2x6,3,8,285,True,G3_4
west,2x6 #3,2024-11-15,2x6,3,8,280,True,G3_4
west,2x6 #3,2024-11-22,2x6,3,8,275,True,G3_4
west,2x6 #3,2024-11-27,2x6,3,8,270,True,G3_4
west,2x6 #3,2024-12-06,2x6,3,8,270,True,G3_4
west,2x6 #3,2024-12-13,2x6,3,8,270,True,G3_4
west,2x6 #3,2024-12-20,2x6,3,8,270,True,G3_4
west,2x6 #3,2025-01-03,2x6,3,8,280,True,G3_4
west,2x6 #3,2025-01-10,2x6,3,8,285,True,G3_4
west,2x6 #3,2025-01-17,2x6,3,8,290,True,G3_4
west,2x6 #3,2025-01-24,2x6,3,8,290,True,G3_4
west,2x6 #3,2025-01-31,2x6,3,8,295,True,G3_4
west,2x6 #3,2025-02-07,2x6,3,8,305,True,G3_4
west,2x6 #3,2025-02-14,2x6,3,8,315,True,G3_4
west,2x6 #3,2025-02-21,2x6,3,8,325,True,G3_4
west,2x6 #3,2025-02-28,2x6,3,8,335,True,G3_4
west,2x6 #3,2025-03-07,2x6,3,8,340,True,G3_4
west,2x6 #3,2025-03-14,2x6,3,8,350,True,G3_4
west,2x6 #3,2025-03-21,2x6,3,8,360,True,G3_4
west,2x6 #3,2025-03-28,2x6,3,8,360,True,G3_4
west,2x6 #3,2025-04-04,2x6,3,8,365,True,G3_4
west,2x6 #3,2025-04-11,2x6,3,8,365,True,G3_4
west,2x6 #3,2025-04-18,2x6,3,8,365,True,G3_4
west,2x6 #3,2025-04-25,2x6,3,8,350,True,G3_4
west,2x6 #3,2025-05-02,2x6,3,8,340,True,G3_4
west,2x6 #3,2025-05-09,2x6,3,8,330,True,G3_4
west,2x6 #3,2025-05-16,2x6,3,8,305,True,G3_4
west,2x6 #3,2025-05-23,2x6,3,8,275,True,G3_4
west,2x6 #3,2025-05-30,2x6,3,8,250,True,G3_4
west,2x6 #3,2025-06-06,2x6,3,8,230,True,G3_4
west,2x6 #3,2025-06-13,2x6,3,8,215,True,G3_4
west,2x6 #3,2025-06-19,2x6,3,8,210,True,G3_4
west,2x6 #3,2025-06-27,2x6,3,8,212,True,G3_4
west,2x6 #3,2025-07-03,2x6,3,8,212,True,G3_4
west,2x6 #3,2025-07-11,2x6,3,8,216,True,G3_4
west,2x6 #3,2025-07-18,2x6,3,8,216,True,G3_4
west,2x6 #3,2025-07-25,2x6,3,8,213,True,G3_4
west,2x6 #3,2025-08-01,2x6,3,8,220,True,G3_4
west,2x6 #3,2025-08-08,2x6,3,8,220,True,G3_4
west,2x6 #3,2025-08-15,2x6,3,8,225,True,G3_4
west,2x6 #3,2025-08-22,2x6,3,8,225,True,G3_4
west,2x6 #3,2025-08-29,2x6,3,8,225,True,G3_4
west,2x6 #3,2025-09-05,2x6,3,8,225,True,G3_4
west,2x6 #3,2025-09-12,2x6,3,8,225,True,G3_4
west,2x6 #3,2025-09-19,2x6,3,8,225,True,G3_4
west,2x6 #3,2025-09-26,2x6,3,8,230,True,G3_4
west,2x6 #3,2025-10-03,2x6,3,8,230,True,G3_4
west,2x6 #3,2025-10-10,2x6,3,8,230,True,G3_4
west,2x6 #3,2025-10-17,2x6,3,8,230,True,G3_4
west,2x6 #3,2024-01-12,2x6,3,10,200,True,G3_4
west,2x6 #3,2024-01-18,2x6,3,10,200,True,G3_4
west,2x6 #3,2024-01-25,2x6,3,10,200,True,G3_4
west,2x6 #3,2024-02-08,2x6,3,10,200,True,G3_4
west,2x6 #3,2024-02-15,2x6,3,10,205,True,G3_4
west,2x6 #3,2024-02-22,2x6,3,10,210,True,G3_4
west,2x6 #3,2024-02-29,2x6,3,10,220,True,G3_4
west,2x6 #3,2024-03-07,2x6,3,10,230,True,G3_4
west,2x6 #3,2024-03-14,2x6,3,10,230,True,G3_4
west,2x6 #3,2024-03-21,2x6,3,10,235,True,G3_4
west,2x6 #3,2024-03-28,2x6,3,10,235,True,G3_4
west,2x6 #3,2024-04-04,2x6,3,10,230,True,G3_4
west,2x6 #3,2024-04-11,2x6,3,10,220,True,G3_4
west,2x6 #3,2024-04-18,2x6,3,10,220,True,G3_4
west,2x6 #3,2024-04-25,2x6,3,10,220,True,G3_4
west,2x6 #3,2024-05-02,2x6,3,10,220,True,G3_4
west,2x6 #3,2024-05-09,2x6,3,10,220,True,G3_4
west,2x6 #3,2024-05-16,2x6,3,10,225,True,G3_4
west,2x6 #3,2024-05-30,2x6,3,10,230,True,G3_4
west,2x6 #3,2024-06-06,2x6,3,10,230,True,G3_4
west,2x6 #3,2024-06-13,2x6,3,10,230,True,G3_4
west,2x6 #3,2024-06-20,2x6,3,10,230,True,G3_4
west,2x6 #3,2024-06-27,2x6,3,10,225,True,G3_4
west,2x6 #3,2024-07-04,2x6,3,10,225,True,G3_4
west,2x6 #3,2024-07-11,2x6,3,10,225,True,G3_4
west,2x6 #3,2024-07-18,2x6,3,10,225,True,G3_4
west,2x6 #3,2024-07-25,2x6,3,10,225,True,G3_4
west,2x6 #3,2024-08-01,2x6,3,10,225,True,G3_4
west,2x6 #3,2024-08-08,2x6,3,10,225,True,G3_4
west,2x6 #3,2024-08-15,2x6,3,10,225,True,G3_4
west,2x6 #3,2024-08-22,2x6,3,10,225,True,G3_4
west,2x6 #3,2024-08-29,2x6,3,10,225,True,G3_4
west,2x6 #3,2024-09-05,2x6,3,10,230,True,G3_4
west,2x6 #3,2024-09-12,2x6,3,10,230,True,G3_4
west,2x6 #3,2024-09-20,2x6,3,10,230,True,G3_4
west,2x6 #3,2024-09-27,2x6,3,10,235,True,G3_4
west,2x6 #3,2024-10-04,2x6,3,10,245,True,G3_4
west,2x6 #3,2024-10-11,2x6,3,10,255,True,G3_4
west,2x6 #3,2024-10-18,2x6,3,10,265,True,G3_4
west,2x6 #3,2024-10-25,2x6,3,10,275,True,G3_4
west,2x6 #3,2024-11-01,2x6,3,10,280,True,G3_4
west,2x6 #3,2024-11-08,2x6,3,10,285,True,G3_4
west,2x6 #3,2024-11-15,2x6,3,10,280,True,G3_4
west,2x6 #3,2024-11-22,2x6,3,10,275,True,G3_4
west,2x6 #3,2024-11-27,2x6,3,10,270,True,G3_4
west,2x6 #3,2024-12-06,2x6,3,10,270,True,G3_4
west,2x6 #3,2024-12-13,2x6,3,10,270,True,G3_4
west,2x6 #3,2024-12-20,2x6,3,10,270,True,G3_4
west,2x6 #3,2025-01-03,2x6,3,10,280,True,G3_4
west,2x6 #3,2025-01-10,2x6,3,10,285,True,G3_4
west,2x6 #3,2025-01-17,2x6,3,10,290,True,G3_4
west,2x6 #3,2025-01-24,2x6,3,10,290,True,G3_4
west,2x6 #3,2025-01-31,2x6,3,10,295,True,G3_4
west,2x6 #3,2025-02-07,2x6,3,10,305,True,G3_4
west,2x6 #3,2025-02-14,2x6,3,10,315,True,G3_4
west,2x6 #3,2025-02-21,2x6,3,10,325,True,G3_4
west,2x6 #3,2025-02-28,2x6,3,10,335,True,G3_4
west,2x6 #3,2025-03-07,2x6,3,10,340,True,G3_4
west,2x6 #3,2025-03-14,2x6,3,10,350,True,G3_4
west,2x6 #3,2025-03-21,2x6,3,10,360,True,G3_4
west,2x6 #3,2025-03-28,2x6,3,10,360,True,G3_4
west,2x6 #3,2025-04-04,2x6,3,10,365,True,G3_4
west,2x6 #3,2025-04-11,2x6,3,10,365,True,G3_4
west,2x6 #3,2025-04-18,2x6,3,10,365,True,G3_4
west,2x6 #3,2025-04-25,2x6,3,10,350,True,G3_4
west,2x6 #3,2025-05-02,2x6,3,10,340,True,G3_4
west,2x6 #3,2025-05-09,2x6,3,10,330,True,G3_4
west,2x6 #3,2025-05-16,2x6,3,10,305,True,G3_4
west,2x6 #3,2025-05-23,2x6,3,10,275,True,G3_4
west,2x6 #3,2025-05-30,2x6,3,10,250,True,G3_4
west,2x6 #3,2025-06-06,2x6,3,10,230,True,G3_4
west,2x6 #3,2025-06-13,2x6,3,10,215,True,G3_4
west,2x6 #3,2025-06-19,2x6,3,10,210,True,G3_4
west,2x6 #3,2025-06-27,2x6,3,10,212,True,G3_4
west,2x6 #3,2025-07-03,2x6,3,10,212,True,G3_4
west,2x6 #3,2025-07-11,2x6,3,10,216,True,G3_4
west,2x6 #3,2025-07-18,2x6,3,10,216,True,G3_4
west,2x6 #3,2025-07-25,2x6,3,10,213,True,G3_4
west,2x6 #3,2025-08-01,2x6,3,10,220,True,G3_4
west,2x6 #3,2025-08-08,2x6,3,10,220,True,G3_4
west,2x6 #3,2025-08-15,2x6,3,10,225,True,G3_4
west,2x6 #3,2025-08-22,2x6,3,10,225,True,G3_4
west,2x6 #3,2025-08-29,2x6,3,10,225,True,G3_4
west,2x6 #3,2025-09-05,2x6,3,10,225,True,G3_4
west,2x6 #3,2025-09-12,2x6,3,10,225,True,G3_4
west,2x6 #3,2025-09-19,2x6,3,10,225,True,G3_4
west,2x6 #3,2025-09-26,2x6,3,10,230,True,G3_4
west,2x6 #3,2025-10-03,2x6,3,10,230,True,G3_4
west,2x6 #3,2025-10-10,2x6,3,10,230,True,G3_4
west,2x6 #3,2025-10-17,2x6,3,10,230,True,G3_4
west,2x6 #3,2024-01-12,2x6,3,12,200,True,G3_4
west,2x6 #3,2024-01-18,2x6,3,12,200,True,G3_4
west,2x6 #3,2024-01-25,2x6,3,12,200,True,G3_4
west,2x6 #3,2024-02-08,2x6,3,12,200,True,G3_4
west,2x6 #3,2024-02-15,2x6,3,12,205,True,G3_4
west,2x6 #3,2024-02-22,2x6,3,12,210,True,G3_4
west,2x6 #3,2024-02-29,2x6,3,12,220,True,G3_4
west,2x6 #3,2024-03-07,2x6,3,12,230,True,G3_4
west,2x6 #3,2024-03-14,2x6,3,12,230,True,G3_4
west,2x6 #3,2024-03-21,2x6,3,12,235,True,G3_4
west,2x6 #3,2024-03-28,2x6,3,12,235,True,G3_4
west,2x6 #3,2024-04-04,2x6,3,12,230,True,G3_4
west,2x6 #3,2024-04-11,2x6,3,12,220,True,G3_4
west,2x6 #3,2024-04-18,2x6,3,12,220,True,G3_4
west,2x6 #3,2024-04-25,2x6,3,12,220,True,G3_4
west,2x6 #3,2024-05-02,2x6,3,12,220,True,G3_4
west,2x6 #3,2024-05-09,2x6,3,12,220,True,G3_4
west,2x6 #3,2024-05-16,2x6,3,12,225,True,G3_4
west,2x6 #3,2024-05-30,2x6,3,12,230,True,G3_4
west,2x6 #3,2024-06-06,2x6,3,12,230,True,G3_4
west,2x6 #3,2024-06-13,2x6,3,12,230,True,G3_4
west,2x6 #3,2024-06-20,2x6,3,12,230,True,G3_4
west,2x6 #3,2024-06-27,2x6,3,12,225,True,G3_4
west,2x6 #3,2024-07-04,2x6,3,12,225,True,G3_4
west,2x6 #3,2024-07-11,2x6,3,12,225,True,G3_4
west,2x6 #3,2024-07-18,2x6,3,12,225,True,G3_4
west,2x6 #3,2024-07-25,2x6,3,12,225,True,G3_4
west,2x6 #3,2024-08-01,2x6,3,12,225,True,G3_4
west,2x6 #3,2024-08-08,2x6,3,12,225,True,G3_4
west,2x6 #3,2024-08-15,2x6,3,12,225,True,G3_4
west,2x6 #3,2024-08-22,2x6,3,12,225,True,G3_4
west,2x6 #3,2024-08-29,2x6,3,12,225,True,G3_4
west,2x6 #3,2024-09-05,2x6,3,12,230,True,G3_4
west,2x6 #3,2024-09-12,2x6,3,12,230,True,G3_4
west,2x6 #3,2024-09-20,2x6,3,12,230,True,G3_4
west,2x6 #3,2024-09-27,2x6,3,12,235,True,G3_4
west,2x6 #3,2024-10-04,2x6,3,12,245,True,G3_4
west,2x6 #3,2024-10-11,2x6,3,12,255,True,G3_4
west,2x6 #3,2024-10-18,2x6,3,12,265,True,G3_4
west,2x6 #3,2024-10-25,2x6,3,12,275,True,G3_4
west,2x6 #3,2024-11-01,2x6,3,12,280,True,G3_4
west,2x6 #3,2024-11-08,2x6,3,12,285,True,G3_4
west,2x6 #3,2024-11-15,2x6,3,12,280,True,G3_4
west,2x6 #3,2024-11-22,2x6,3,12,275,True,G3_4
west,2x6 #3,2024-11-27,2x6,3,12,270,True,G3_4
west,2x6 #3,2024-12-06,2x6,3,12,270,True,G3_4
west,2x6 #3,2024-12-13,2x6,3,12,270,True,G3_4
west,2x6 #3,2024-12-20,2x6,3,12,270,True,G3_4
west,2x6 #3,2025-01-03,2x6,3,12,280,True,G3_4
west,2x6 #3,2025-01-10,2x6,3,12,285,True,G3_4
west,2x6 #3,2025-01-17,2x6,3,12,290,True,G3_4
west,2x6 #3,2025-01-24,2x6,3,12,290,True,G3_4
west,2x6 #3,2025-01-31,2x6,3,12,295,True,G3_4
west,2x6 #3,2025-02-07,2x6,3,12,305,True,G3_4
west,2x6 #3,2025-02-14,2x6,3,12,315,True,G3_4
west,2x6 #3,2025-02-21,2x6,3,12,325,True,G3_4
west,2x6 #3,2025-02-28,2x6,3,12,335,True,G3_4
west,2x6 #3,2025-03-07,2x6,3,12,340,True,G3_4
west,2x6 #3,2025-03-14,2x6,3,12,350,True,G3_4
west,2x6 #3,2025-03-21,2x6,3,12,360,True,G3_4
west,2x6 #3,2025-03-28,2x6,3,12,360,True,G3_4
west,2x6 #3,2025-04-04,2x6,3,12,365,True,G3_4
west,2x6 #3,2025-04-11,2x6,3,12,365,True,G3_4
west,2x6 #3,2025-04-18,2x6,3,12,365,True,G3_4
west,2x6 #3,2025-04-25,2x6,3,12,350,True,G3_4
west,2x6 #3,2025-05-02,2x6,3,12,340,True,G3_4
west,2x6 #3,2025-05-09,2x6,3,12,330,True,G3_4
west,2x6 #3,2025-05-16,2x6,3,12,305,True,G3_4
west,2x6 #3,2025-05-23,2x6,3,12,275,True,G3_4
west,2x6 #3,2025-05-30,2x6,3,12,250,True,G3_4
west,2x6 #3,2025-06-06,2x6,3,12,230,True,G3_4
west,2x6 #3,2025-06-13,2x6,3,12,215,True,G3_4
west,2x6 #3,2025-06-19,2x6,3,12,210,True,G3_4
west,2x6 #3,2025-06-27,2x6,3,12,212,True,G3_4
west,2x6 #3,2025-07-03,2x6,3,12,212,True,G3_4
west,2x6 #3,2025-07-11,2x6,3,12,216,True,G3_4
west,2x6 #3,2025-07-18,2x6,3,12,216,True,G3_4
west,2x6 #3,2025-07-25,2x6,3,12,213,True,G3_4
west,2x6 #3,2025-08-01,2x6,3,12,220,True,G3_4
west,2x6 #3,2025-08-08,2x6,3,12,220,True,G3_4
west,2x6 #3,2025-08-15,2x6,3,12,225,True,G3_4
west,2x6 #3,2025-08-22,2x6,3,12,225,True,G3_4
west,2x6 #3,2025-08-29,2x6,3,12,225,True,G3_4
west,2x6 #3,2025-09-05,2x6,3,12,225,True,G3_4
west,2x6 #3,2025-09-12,2x6,3,12,225,True,G3_4
west,2x6 #3,2025-09-19,2x6,3,12,225,True,G3_4
west,2x6 #3,2025-09-26,2x6,3,12,230,True,G3_4
west,2x6 #3,2025-10-03,2x6,3,12,230,True,G3_4
west,2x6 #3,2025-10-10,2x6,3,12,230,True,G3_4
west,2x6 #3,2025-10-17,2x6,3,12,230,True,G3_4
west,2x6 #3,2024-01-12,2x6,3,14,200,True,G3_4
west,2x6 #3,2024-01-18,2x6,3,14,200,True,G3_4
west,2x6 #3,2024-01-25,2x6,3,14,200,True,G3_4
west,2x6 #3,2024-02-08,2x6,3,14,200,True,G3_4
west,2x6 #3,2024-02-15,2x6,3,14,205,True,G3_4
west,2x6 #3,2024-02-22,2x6,3,14,210,True,G3_4
west,2x6 #3,2024-02-29,2x6,3,14,220,True,G3_4
west,2x6 #3,2024-03-07,2x6,3,14,230,True,G3_4
west,2x6 #3,2024-03-14,2x6,3,14,230,True,G3_4
west,2x6 #3,2024-03-21,2x6,3,14,235,True,G3_4
west,2x6 #3,2024-03-28,2x6,3,14,235,True,G3_4
west,2x6 #3,2024-04-04,2x6,3,14,230,True,G3_4
west,2x6 #3,2024-04-11,2x6,3,14,220,True,G3_4
west,2x6 #3,2024-04-18,2x6,3,14,220,True,G3_4
west,2x6 #3,2024-04-25,2x6,3,14,220,True,G3_4
west,2x6 #3,2024-05-02,2x6,3,14,220,True,G3_4
west,2x6 #3,2024-05-09,2x6,3,14,220,True,G3_4
west,2x6 #3,2024-05-16,2x6,3,14,225,True,G3_4
west,2x6 #3,2024-05-30,2x6,3,14,230,True,G3_4
west,2x6 #3,2024-06-06,2x6,3,14,230,True,G3_4
west,2x6 #3,2024-06-13,2x6,3,14,230,True,G3_4
west,2x6 #3,2024-06-20,2x6,3,14,230,True,G3_4
west,2x6 #3,2024-06-27,2x6,3,14,225,True,G3_4
west,2x6 #3,2024-07-04,2x6,3,14,225,True,G3_4
west,2x6 #3,2024-07-11,2x6,3,14,225,True,G3_4
west,2x6 #3,2024-07-18,2x6,3,14,225,True,G3_4
west,2x6 #3,2024-07-25,2x6,3,14,225,True,G3_4
west,2x6 #3,2024-08-01,2x6,3,14,225,True,G3_4
west,2x6 #3,2024-08-08,2x6,3,14,225,True,G3_4
west,2x6 #3,2024-08-15,2x6,3,14,225,True,G3_4
west,2x6 #3,2024-08-22,2x6,3,14,225,True,G3_4
west,2x6 #3,2024-08-29,2x6,3,14,225,True,G3_4
west,2x6 #3,2024-09-05,2x6,3,14,230,True,G3_4
west,2x6 #3,2024-09-12,2x6,3,14,230,True,G3_4
west,2x6 #3,2024-09-20,2x6,3,14,230,True,G3_4
west,2x6 #3,2024-09-27,2x6,3,14,235,True,G3_4
west,2x6 #3,2024-10-04,2x6,3,14,245,True,G3_4
west,2x6 #3,2024-10-11,2x6,3,14,255,True,G3_4
west,2x6 #3,2024-10-18,2x6,3,14,265,True,G3_4
west,2x6 #3,2024-10-25,2x6,3,14,275,True,G3_4
west,2x6 #3,2024-11-01,2x6,3,14,280,True,G3_4
west,2x6 #3,2024-11-08,2x6,3,14,285,True,G3_4
west,2x6 #3,2024-11-15,2x6,3,14,280,True,G3_4
west,2x6 #3,2024-11-22,2x6,3,14,275,True,G3_4
west,2x6 #3,2024-11-27,2x6,3,14,270,True,G3_4
west,2x6 #3,2024-12-06,2x6,3,14,270,True,G3_4
west,2x6 #3,2024-12-13,2x6,3,14,270,True,G3_4
west,2x6 #3,2024-12-20,2x6,3,14,270,True,G3_4
west,2x6 #3,2025-01-03,2x6,3,14,280,True,G3_4
west,2x6 #3,2025-01-10,2x6,3,14,285,True,G3_4
west,2x6 #3,2025-01-17,2x6,3,14,290,True,G3_4
west,2x6 #3,2025-01-24,2x6,3,14,290,True,G3_4
west,2x6 #3,2025-01-31,2x6,3,14,295,True,G3_4
west,2x6 #3,2025-02-07,2x6,3,14,305,True,G3_4
west,2x6 #3,2025-02-14,2x6,3,14,315,True,G3_4
west,2x6 #3,2025-02-21,2x6,3,14,325,True,G3_4
west,2x6 #3,2025-02-28,2x6,3,14,335,True,G3_4
west,2x6 #3,2025-03-07,2x6,3,14,340,True,G3_4
west,2x6 #3,2025-03-14,2x6,3,14,350,True,G3_4
west,2x6 #3,2025-03-21,2x6,3,14,360,True,G3_4
west,2x6 #3,2025-03-28,2x6,3,14,360,True,G3_4
west,2x6 #3,2025-04-04,2x6,3,14,365,True,G3_4
west,2x6 #3,2025-04-11,2x6,3,14,365,True,G3_4
west,2x6 #3,2025-04-18,2x6,3,14,365,True,G3_4
west,2x6 #3,2025-04-25,2x6,3,14,350,True,G3_4
west,2x6 #3,2025-05-02,2x6,3,14,340,True,G3_4
west,2x6 #3,2025-05-09,2x6,3,14,330,True,G3_4
west,2x6 #3,2025-05-16,2x6,3,14,305,True,G3_4
west,2x6 #3,2025-05-23,2x6,3,14,275,True,G3_4
west,2x6 #3,2025-05-30,2x6,3,14,250,True,G3_4
west,2x6 #3,2025-06-06,2x6,3,14,230,True,G3_4
west,2x6 #3,2025-06-13,2x6,3,14,215,True,G3_4
west,2x6 #3,2025-06-19,2x6,3,14,210,True,G3_4
west,2x6 #3,2025-06-27,2x6,3,14,212,True,G3_4
west,2x6 #3,2025-07-03,2x6,3,14,212,True,G3_4
west,2x6 #3,2025-07-11,2x6,3,14,216,True,G3_4
west,2x6 #3,2025-07-18,2x6,3,14,216,True,G3_4
west,2x6 #3,2025-07-25,2x6,3,14,213,True,G3_4
west,2x6 #3,2025-08-01,2x6,3,14,220,True,G3_4
west,2x6 #3,2025-08-08,2x6,3,14,220,True,G3_4
west,2x6 #3,2025-08-15,2x6,3,14,225,True,G3_4
west,2x6 #3,2025-08-22,2x6,3,14,225,True,G3_4
west,2x6 #3,2025-08-29,2x6,3,14,225,True,G3_4
west,2x6 #3,2025-09-05,2x6,3,14,225,True,G3_4
west,2x6 #3,2025-09-12,2x6,3,14,225,True,G3_4
west,2x6 #3,2025-09-19,2x6,3,14,225,True,G3_4
west,2x6 #3,2025-09-26,2x6,3,14,230,True,G3_4
west,2x6 #3,2025-10-03,2x6,3,14,230,True,G3_4
west,2x6 #3,2025-10-10,2x6,3,14,230,True,G3_4
west,2x6 #3,2025-10-17,2x6,3,14,230,True,G3_4
west,2x6 #3,2024-01-12,2x6,3,16,200,True,G3_4
west,2x6 #3,2024-01-18,2x6,3,16,200,True,G3_4
west,2x6 #3,2024-01-25,2x6,3,16,200,True,G3_4
west,2x6 #3,2024-02-08,2x6,3,16,200,True,G3_4
west,2x6 #3,2024-02-15,2x6,3,16,205,True,G3_4
west,2x6 #3,2024-02-22,2x6,3,16,210,True,G3_4
west,2x6 #3,2024-02-29,2x6,3,16,220,True,G3_4
west,2x6 #3,2024-03-07,2x6,3,16,230,True,G3_4
west,2x6 #3,2024-03-14,2x6,3,16,230,True,G3_4
west,2x6 #3,2024-03-21,2x6,3,16,235,True,G3_4
west,2x6 #3,2024-03-28,2x6,3,16,235,True,G3_4
west,2x6 #3,2024-04-04,2x6,3,16,230,True,G3_4
west,2x6 #3,2024-04-11,2x6,3,16,220,True,G3_4
west,2x6 #3,2024-04-18,2x6,3,16,220,True,G3_4
west,2x6 #3,2024-04-25,2x6,3,16,220,True,G3_4
west,2x6 #3,2024-05-02,2x6,3,16,220,True,G3_4
west,2x6 #3,2024-05-09,2x6,3,16,220,True,G3_4
west,2x6 #3,2024-05-16,2x6,3,16,225,True,G3_4
west,2x6 #3,2024-05-30,2x6,3,16,230,True,G3_4
west,2x6 #3,2024-06-06,2x6,3,16,230,True,G3_4
west,2x6 #3,2024-06-13,2x6,3,16,230,True,G3_4
west,2x6 #3,2024-06-20,2x6,3,16,230,True,G3_4
west,2x6 #3,2024-06-27,2x6,3,16,225,True,G3_4
west,2x6 #3,2024-07-04,2x6,3,16,225,True,G3_4
west,2x6 #3,2024-07-11,2x6,3,16,225,True,G3_4
west,2x6 #3,2024-07-18,2x6,3,16,225,True,G3_4
west,2x6 #3,2024-07-25,2x6,3,16,225,True,G3_4
west,2x6 #3,2024-08-01,2x6,3,16,225,True,G3_4
west,2x6 #3,2024-08-08,2x6,3,16,225,True,G3_4
west,2x6 #3,2024-08-15,2x6,3,16,225,True,G3_4
west,2x6 #3,2024-08-22,2x6,3,16,225,True,G3_4
west,2x6 #3,2024-08-29,2x6,3,16,225,True,G3_4
west,2x6 #3,2024-09-05,2x6,3,16,230,True,G3_4
west,2x6 #3,2024-09-12,2x6,3,16,230,True,G3_4
west,2x6 #3,2024-09-20,2x6,3,16,230,True,G3_4
west,2x6 #3,2024-09-27,2x6,3,16,235,True,G3_4
west,2x6 #3,2024-10-04,2x6,3,16,245,True,G3_4
west,2x6 #3,2024-10-11,2x6,3,16,255,True,G3_4
west,2x6 #3,2024-10-18,2x6,3,16,265,True,G3_4
west,2x6 #3,2024-10-25,2x6,3,16,275,True,G3_4
west,2x6 #3,2024-11-01,2x6,3,16,280,True,G3_4
west,2x6 #3,2024-11-08,2x6,3,16,285,True,G3_4
west,2x6 #3,2024-11-15,2x6,3,16,280,True,G3_4
west,2x6 #3,2024-11-22,2x6,3,16,275,True,G3_4
west,2x6 #3,2024-11-27,2x6,3,16,270,True,G3_4
west,2x6 #3,2024-12-06,2x6,3,16,270,True,G3_4
west,2x6 #3,2024-12-13,2x6,3,16,270,True,G3_4
west,2x6 #3,2024-12-20,2x6,3,16,270,True,G3_4
west,2x6 #3,2025-01-03,2x6,3,16,280,True,G3_4
west,2x6 #3,2025-01-10,2x6,3,16,285,True,G3_4
west,2x6 #3,2025-01-17,2x6,3,16,290,True,G3_4
west,2x6 #3,2025-01-24,2x6,3,16,290,True,G3_4
west,2x6 #3,2025-01-31,2x6,3,16,295,True,G3_4
west,2x6 #3,2025-02-07,2x6,3,16,305,True,G3_4
west,2x6 #3,2025-02-14,2x6,3,16,315,True,G3_4
west,2x6 #3,2025-02-21,2x6,3,16,325,True,G3_4
west,2x6 #3,2025-02-28,2x6,3,16,335,True,G3_4
west,2x6 #3,2025-03-07,2x6,3,16,340,True,G3_4
west,2x6 #3,2025-03-14,2x6,3,16,350,True,G3_4
west,2x6 #3,2025-03-21,2x6,3,16,360,True,G3_4
west,2x6 #3,2025-03-28,2x6,3,16,360,True,G3_4
west,2x6 #3,2025-04-04,2x6,3,16,365,True,G3_4
west,2x6 #3,2025-04-11,2x6,3,16,365,True,G3_4
west,2x6 #3,2025-04-18,2x6,3,16,365,True,G3_4
west,2x6 #3,2025-04-25,2x6,3,16,350,True,G3_4
west,2x6 #3,2025-05-02,2x6,3,16,340,True,G3_4
west,2x6 #3,2025-05-09,2x6,3,16,330,True,G3_4
west,2x6 #3,2025-05-16,2x6,3,16,305,True,G3_4
west,2x6 #3,2025-05-23,2x6,3,16,275,True,G3_4
west,2x6 #3,2025-05-30,2x6,3,16,250,True,G3_4
west,2x6 #3,2025-06-06,2x6,3,16,230,True,G3_4
west,2x6 #3,2025-06-13,2x6,3,16,215,True,G3_4
west,2x6 #3,2025-06-19,2x6,3,16,210,True,G3_4
west,2x6 #3,2025-06-27,2x6,3,16,212,True,G3_4
west,2x6 #3,2025-07-03,2x6,3,16,212,True,G3_4
west,2x6 #3,2025-07-11,2x6,3,16,216,True,G3_4
west,2x6 #3,2025-07-18,2x6,3,16,216,True,G3_4
west,2x6 #3,2025-07-25,2x6,3,16,213,True,G3_4
west,2x6 #3,2025-08-01,2x6,3,16,220,True,G3_4
west,2x6 #3,2025-08-08,2x6,3,16,220,True,G3_4
west,2x6 #3,2025-08-15,2x6,3,16,225,True,G3_4
west,2x6 #3,2025-08-22,2x6,3,16,225,True,G3_4
west,2x6 #3,2025-08-29,2x6,3,16,225,True,G3_4
west,2x6 #3,2025-09-05,2x6,3,16,225,True,G3_4
west,2x6 #3,2025-09-12,2x6,3,16,225,True,G3_4
west,2x6 #3,2025-09-19,2x6,3,16,225,True,G3_4
west,2x6 #3,2025-09-26,2x6,3,16,230,True,G3_4
west,2x6 #3,2025-10-03,2x6,3,16,230,True,G3_4
west,2x6 #3,2025-10-10,2x6,3,16,230,True,G3_4
west,2x6 #3,2025-10-17,2x6,3,16,230,True,G3_4
west,2x6 #3,2024-01-12,2x6,3,18,200,True,G3_4
west,2x6 #3,2024-01-18,2x6,3,18,200,True,G3_4
west,2x6 #3,2024-01-25,2x6,3,18,200,True,G3_4
west,2x6 #3,2024-02-08,2x6,3,18,200,True,G3_4
west,2x6 #3,2024-02-15,2x6,3,18,205,True,G3_4
west,2x6 #3,2024-02-22,2x6,3,18,210,True,G3_4
west,2x6 #3,2024-02-29,2x6,3,18,220,True,G3_4
west,2x6 #3,2024-03-07,2x6,3,18,230,True,G3_4
west,2x6 #3,2024-03-14,2x6,3,18,230,True,G3_4
west,2x6 #3,2024-03-21,2x6,3,18,235,True,G3_4
west,2x6 #3,2024-03-28,2x6,3,18,235,True,G3_4
west,2x6 #3,2024-04-04,2x6,3,18,230,True,G3_4
west,2x6 #3,2024-04-11,2x6,3,18,220,True,G3_4
west,2x6 #3,2024-04-18,2x6,3,18,220,True,G3_4
west,2x6 #3,2024-04-25,2x6,3,18,220,True,G3_4
west,2x6 #3,2024-05-02,2x6,3,18,220,True,G3_4
west,2x6 #3,2024-05-09,2x6,3,18,220,True,G3_4
west,2x6 #3,2024-05-16,2x6,3,18,225,True,G3_4
west,2x6 #3,2024-05-30,2x6,3,18,230,True,G3_4
west,2x6 #3,2024-06-06,2x6,3,18,230,True,G3_4
west,2x6 #3,2024-06-13,2x6,3,18,230,True,G3_4
west,2x6 #3,2024-06-20,2x6,3,18,230,True,G3_4
west,2x6 #3,2024-06-27,2x6,3,18,225,True,G3_4
west,2x6 #3,2024-07-04,2x6,3,18,225,True,G3_4
west,2x6 #3,2024-07-11,2x6,3,18,225,True,G3_4
west,2x6 #3,2024-07-18,2x6,3,18,225,True,G3_4
west,2x6 #3,2024-07-25,2x6,3,18,225,True,G3_4
west,2x6 #3,2024-08-01,2x6,3,18,225,True,G3_4
west,2x6 #3,2024-08-08,2x6,3,18,225,True,G3_4
west,2x6 #3,2024-08-15,2x6,3,18,225,True,G3_4
west,2x6 #3,2024-08-22,2x6,3,18,225,True,G3_4
west,2x6 #3,2024-08-29,2x6,3,18,225,True,G3_4
west,2x6 #3,2024-09-05,2x6,3,18,230,True,G3_4
west,2x6 #3,2024-09-12,2x6,3,18,230,True,G3_4
west,2x6 #3,2024-09-20,2x6,3,18,230,True,G3_4
west,2x6 #3,2024-09-27,2x6,3,18,235,True,G3_4
west,2x6 #3,2024-10-04,2x6,3,18,245,True,G3_4
west,2x6 #3,2024-10-11,2x6,3,18,255,True,G3_4
west,2x6 #3,2024-10-18,2x6,3,18,265,True,G3_4
west,2x6 #3,2024-10-25,2x6,3,18,275,True,G3_4
west,2x6 #3,2024-11-01,2x6,3,18,280,True,G3_4
west,2x6 #3,2024-11-08,2x6,3,18,285,True,G3_4
west,2x6 #3,2024-11-15,2x6,3,18,280,True,G3_4
west,2x6 #3,2024-11-22,2x6,3,18,275,True,G3_4
west,2x6 #3,2024-11-27,2x6,3,18,270,True,G3_4
west,2x6 #3,2024-12-06,2x6,3,18,270,True,G3_4
west,2x6 #3,2024-12-13,2x6,3,18,270,True,G3_4
west,2x6 #3,2024-12-20,2x6,3,18,270,True,G3_4
west,2x6 #3,2025-01-03,2x6,3,18,280,True,G3_4
west,2x6 #3,2025-01-10,2x6,3,18,285,True,G3_4
west,2x6 #3,2025-01-17,2x6,3,18,290,True,G3_4
west,2x6 #3,2025-01-24,2x6,3,18,290,True,G3_4
west,2x6 #3,2025-01-31,2x6,3,18,295,True,G3_4
west,2x6 #3,2025-02-07,2x6,3,18,305,True,G3_4
west,2x6 #3,2025-02-14,2x6,3,18,315,True,G3_4
west,2x6 #3,2025-02-21,2x6,3,18,325,True,G3_4
west,2x6 #3,2025-02-28,2x6,3,18,335,True,G3_4
west,2x6 #3,2025-03-07,2x6,3,18,340,True,G3_4
west,2x6 #3,2025-03-14,2x6,3,18,350,True,G3_4
west,2x6 #3,2025-03-21,2x6,3,18,360,True,G3_4
west,2x6 #3,2025-03-28,2x6,3,18,360,True,G3_4
west,2x6 #3,2025-04-04,2x6,3,18,365,True,G3_4
west,2x6 #3,2025-04-11,2x6,3,18,365,True,G3_4
west,2x6 #3,2025-04-18,2x6,3,18,365,True,G3_4
west,2x6 #3,2025-04-25,2x6,3,18,350,True,G3_4
west,2x6 #3,2025-05-02,2x6,3,18,340,True,G3_4
west,2x6 #3,2025-05-09,2x6,3,18,330,True,G3_4
west,2x6 #3,2025-05-16,2x6,3,18,305,True,G3_4
west,2x6 #3,2025-05-23,2x6,3,18,275,True,G3_4
west,2x6 #3,2025-05-30,2x6,3,18,250,True,G3_4
west,2x6 #3,2025-06-06,2x6,3,18,230,True,G3_4
west,2x6 #3,2025-06-13,2x6,3,18,215,True,G3_4
west,2x6 #3,2025-06-19,2x6,3,18,210,True,G3_4
west,2x6 #3,2025-06-27,2x6,3,18,212,True,G3_4
west,2x6 #3,2025-07-03,2x6,3,18,212,True,G3_4
west,2x6 #3,2025-07-11,2x6,3,18,216,True,G3_4
west,2x6 #3,2025-07-18,2x6,3,18,216,True,G3_4
west,2x6 #3,2025-07-25,2x6,3,18,213,True,G3_4
west,2x6 #3,2025-08-01,2x6,3,18,220,True,G3_4
west,2x6 #3,2025-08-08,2x6,3,18,220,True,G3_4
west,2x6 #3,2025-08-15,2x6,3,18,225,True,G3_4
west,2x6 #3,2025-08-22,2x6,3,18,225,True,G3_4
west,2x6 #3,2025-08-29,2x6,3,18,225,True,G3_4
west,2x6 #3,2025-09-05,2x6,3,18,225,True,G3_4
west,2x6 #3,2025-09-12,2x6,3,18,225,True,G3_4
west,2x6 #3,2025-09-19,2x6,3,18,225,True,G3_4
west,2x6 #3,2025-09-26,2x6,3,18,230,True,G3_4
west,2x6 #3,2025-10-03,2x6,3,18,230,True,G3_4
west,2x6 #3,2025-10-10,2x6,3,18,230,True,G3_4
west,2x6 #3,2025-10-17,2x6,3,18,230,True,G3_4
west,2x6 #3,2024-01-12,2x6,3,20,200,True,G3_4
west,2x6 #3,2024-01-18,2x6,3,20,200,True,G3_4
west,2x6 #3,2024-01-25,2x6,3,20,200,True,G3_4
west,2x6 #3,2024-02-08,2x6,3,20,200,True,G3_4
west,2x6 #3,2024-02-15,2x6,3,20,205,True,G3_4
west,2x6 #3,2024-02-22,2x6,3,20,210,True,G3_4
west,2x6 #3,2024-02-29,2x6,3,20,220,True,G3_4
west,2x6 #3,2024-03-07,2x6,3,20,230,True,G3_4
west,2x6 #3,2024-03-14,2x6,3,20,230,True,G3_4
west,2x6 #3,2024-03-21,2x6,3,20,235,True,G3_4
west,2x6 #3,2024-03-28,2x6,3,20,235,True,G3_4
west,2x6 #3,2024-04-04,2x6,3,20,230,True,G3_4
west,2x6 #3,2024-04-11,2x6,3,20,220,True,G3_4
west,2x6 #3,2024-04-18,2x6,3,20,220,True,G3_4
west,2x6 #3,2024-04-25,2x6,3,20,220,True,G3_4
west,2x6 #3,2024-05-02,2x6,3,20,220,True,G3_4
west,2x6 #3,2024-05-09,2x6,3,20,220,True,G3_4
west,2x6 #3,2024-05-16,2x6,3,20,225,True,G3_4
west,2x6 #3,2024-05-30,2x6,3,20,230,True,G3_4
west,2x6 #3,2024-06-06,2x6,3,20,230,True,G3_4
west,2x6 #3,2024-06-13,2x6,3,20,230,True,G3_4
west,2x6 #3,2024-06-20,2x6,3,20,230,True,G3_4
west,2x6 #3,2024-06-27,2x6,3,20,225,True,G3_4
west,2x6 #3,2024-07-04,2x6,3,20,225,True,G3_4
west,2x6 #3,2024-07-11,2x6,3,20,225,True,G3_4
west,2x6 #3,2024-07-18,2x6,3,20,225,True,G3_4
west,2x6 #3,2024-07-25,2x6,3,20,225,True,G3_4
west,2x6 #3,2024-08-01,2x6,3,20,225,True,G3_4
west,2x6 #3,2024-08-08,2x6,3,20,225,True,G3_4
west,2x6 #3,2024-08-15,2x6,3,20,225,True,G3_4
west,2x6 #3,2024-08-22,2x6,3,20,225,True,G3_4
west,2x6 #3,2024-08-29,2x6,3,20,225,True,G3_4
west,2x6 #3,2024-09-05,2x6,3,20,230,True,G3_4
west,2x6 #3,2024-09-12,2x6,3,20,230,True,G3_4
west,2x6 #3,2024-09-20,2x6,3,20,230,True,G3_4
west,2x6 #3,2024-09-27,2x6,3,20,235,True,G3_4
west,2x6 #3,2024-10-04,2x6,3,20,245,True,G3_4
west,2x6 #3,2024-10-11,2x6,3,20,255,True,G3_4
west,2x6 #3,2024-10-18,2x6,3,20,265,True,G3_4
west,2x6 #3,2024-10-25,2x6,3,20,275,True,G3_4
west,2x6 #3,2024-11-01,2x6,3,20,280,True,G3_4
west,2x6 #3,2024-11-08,2x6,3,20,285,True,G3_4
west,2x6 #3,2024-11-15,2x6,3,20,280,True,G3_4
west,2x6 #3,2024-11-22,2x6,3,20,275,True,G3_4
west,2x6 #3,2024-11-27,2x6,3,20,270,True,G3_4
west,2x6 #3,2024-12-06,2x6,3,20,270,True,G3_4
west,2x6 #3,2024-12-13,2x6,3,20,270,True,G3_4
west,2x6 #3,2024-12-20,2x6,3,20,270,True,G3_4
west,2x6 #3,2025-01-03,2x6,3,20,280,True,G3_4
west,2x6 #3,2025-01-10,2x6,3,20,285,True,G3_4
west,2x6 #3,2025-01-17,2x6,3,20,290,True,G3_4
west,2x6 #3,2025-01-24,2x6,3,20,290,True,G3_4
west,2x6 #3,2025-01-31,2x6,3,20,295,True,G3_4
west,2x6 #3,2025-02-07,2x6,3,20,305,True,G3_4
west,2x6 #3,2025-02-14,2x6,3,20,315,True,G3_4
west,2x6 #3,2025-02-21,2x6,3,20,325,True,G3_4
west,2x6 #3,2025-02-28,2x6,3,20,335,True,G3_4
west,2x6 #3,2025-03-07,2x6,3,20,340,True,G3_4
west,2x6 #3,2025-03-14,2x6,3,20,350,True,G3_4
west,2x6 #3,2025-03-21,2x6,3,20,360,True,G3_4
west,2x6 #3,2025-03-28,2x6,3,20,360,True,G3_4
west,2x6 #3,2025-04-04,2x6,3,20,365,True,G3_4
west,2x6 #3,2025-04-11,2x6,3,20,365,True,G3_4
west,2x6 #3,2025-04-18,2x6,3,20,365,True,G3_4
west,2x6 #3,2025-04-25,2x6,3,20,350,True,G3_4
west,2x6 #3,2025-05-02,2x6,3,20,340,True,G3_4
west,2x6 #3,2025-05-09,2x6,3,20,330,True,G3_4
west,2x6 #3,2025-05-16,2x6,3,20,305,True,G3_4
west,2x6 #3,2025-05-23,2x6,3,20,275,True,G3_4
west,2x6 #3,2025-05-30,2x6,3,20,250,True,G3_4
west,2x6 #3,2025-06-06,2x6,3,20,230,True,G3_4
west,2x6 #3,2025-06-13,2x6,3,20,215,True,G3_4
west,2x6 #3,2025-06-19,2x6,3,20,210,True,G3_4
west,2x6 #3,2025-06-27,2x6,3,20,212,True,G3_4
west,2x6 #3,2025-07-03,2x6,3,20,212,True,G3_4
west,2x6 #3,2025-07-11,2x6,3,20,216,True,G3_4
west,2x6 #3,2025-07-18,2x6,3,20,216,True,G3_4
west,2x6 #3,2025-07-25,2x6,3,20,213,True,G3_4
west,2x6 #3,2025-08-01,2x6,3,20,220,True,G3_4
west,2x6 #3,2025-08-08,2x6,3,20,220,True,G3_4
west,2x6 #3,2025-08-15,2x6,3,20,225,True,G3_4
west,2x6 #3,2025-08-22,2x6,3,20,225,True,G3_4
west,2x6 #3,2025-08-29,2x6,3,20,225,True,G3_4
west,2x6 #3,2025-09-05,2x6,3,20,225,True,G3_4
west,2x6 #3,2025-09-12,2x6,3,20,225,True,G3_4
west,2x6 #3,2025-09-19,2x6,3,20,225,True,G3_4
west,2x6 #3,2025-09-26,2x6,3,20,230,True,G3_4
west,2x6 #3,2025-10-03,2x6,3,20,230,True,G3_4
west,2x6 #3,2025-10-10,2x6,3,20,230,True,G3_4
west,2x6 #3,2025-10-17,2x6,3,20,230,True,G3_4
west,2x6,2024-01-12,2x6,4,8,170,True,G3_4
west,2x6,2024-01-18,2x6,4,8,170,True,G3_4
west,2x6,2024-01-25,2x6,4,8,170,True,G3_4
west,2x6,2024-02-08,2x6,4,8,170,True,G3_4
west,2x6,2024-02-15,2x6,4,8,170,True,G3_4
west,2x6,2024-02-22,2x6,4,8,175,True,G3_4
west,2x6,2024-02-29,2x6,4,8,180,True,G3_4
west,2x6,2024-03-07,2x6,4,8,185,True,G3_4
west,2x6,2024-03-14,2x6,4,8,185,True,G3_4
west,2x6,2024-03-21,2x6,4,8,185,True,G3_4
west,2x6,2024-03-28,2x6,4,8,185,True,G3_4
west,2x6,2024-04-04,2x6,4,8,185,True,G3_4
west,2x6,2024-04-11,2x6,4,8,185,True,G3_4
west,2x6,2024-04-18,2x6,4,8,185,True,G3_4
west,2x6,2024-04-25,2x6,4,8,185,True,G3_4
west,2x6,2024-05-02,2x6,4,8,185,True,G3_4
west,2x6,2024-05-09,2x6,4,8,185,True,G3_4
west,2x6,2024-05-16,2x6,4,8,185,True,G3_4
west,2x6,2024-05-30,2x6,4,8,185,True,G3_4
west,2x6,2024-06-06,2x6,4,8,185,True,G3_4
west,2x6,2024-06-13,2x6,4,8,185,True,G3_4
west,2x6,2024-06-20,2x6,4,8,185,True,G3_4
west,2x6,2024-06-27,2x6,4,8,180,True,G3_4
west,2x6,2024-07-04,2x6,4,8,180,True,G3_4
west,2x6,2024-07-11,2x6,4,8,180,True,G3_4
west,2x6,2024-07-18,2x6,4,8,180,True,G3_4
west,2x6,2024-07-25,2x6,4,8,180,True,G3_4
west,2x6,2024-08-01,2x6,4,8,180,True,G3_4
west,2x6,2024-08-08,2x6,4,8,180,True,G3_4
west,2x6,2024-08-15,2x6,4,8,180,True,G3_4
west,2x6,2024-08-22,2x6,4,8,180,True,G3_4
west,2x6,2024-08-29,2x6,4,8,180,True,G3_4
west,2x6,2024-09-05,2x6,4,8,180,True,G3_4
west,2x6,2024-09-12,2x6,4,8,180,True,G3_4
west,2x6,2024-09-20,2x6,4,8,185,True,G3_4
west,2x6,2024-09-27,2x6,4,8,195,True,G3_4
west,2x6,2024-10-04,2x6,4,8,205,True,G3_4
west,2x6,2024-10-11,2x6,4,8,215,True,G3_4
west,2x6,2024-10-18,2x6,4,8,220,True,G3_4
west,2x6,2024-10-25,2x6,4,8,225,True,G3_4
west,2x6,2024-11-01,2x6,4,8,235,True,G3_4
west,2x6,2024-11-08,2x6,4,8,235,True,G3_4
west,2x6,2024-11-15,2x6,4,8,235,True,G3_4
west,2x6,2024-11-22,2x6,4,8,235,True,G3_4
west,2x6,2024-11-27,2x6,4,8,235,True,G3_4
west,2x6,2024-12-06,2x6,4,8,235,True,G3_4
west,2x6,2024-12-13,2x6,4,8,235,True,G3_4
west,2x6,2024-12-20,2x6,4,8,235,True,G3_4
west,2x6,2025-01-03,2x6,4,8,235,True,G3_4
west,2x6,2025-01-10,2x6,4,8,235,True,G3_4
west,2x6,2025-01-17,2x6,4,8,235,True,G3_4
west,2x6,2025-01-24,2x6,4,8,235,True,G3_4
west,2x6,2025-01-31,2x6,4,8,245,True,G3_4
west,2x6,2025-02-07,2x6,4,8,245,True,G3_4
west,2x6,2025-02-14,2x6,4,8,250,True,G3_4
west,2x6,2025-02-21,2x6,4,8,260,True,G3_4
west,2x6,2025-02-28,2x6,4,8,270,True,G3_4
west,2x6,2025-03-07,2x6,4,8,275,True,G3_4
west,2x6,2025-03-14,2x6,4,8,285,True,G3_4
west,2x6,2025-03-21,2x6,4,8,295,True,G3_4
west,2x6,2025-03-28,2x6,4,8,305,True,G3_4
west,2x6,2025-04-04,2x6,4,8,310,True,G3_4
west,2x6,2025-04-11,2x6,4,8,315,True,G3_4
west,2x6,2025-04-18,2x6,4,8,320,True,G3_4
west,2x6,2025-04-25,2x6,4,8,310,True,G3_4
west,2x6,2025-05-02,2x6,4,8,305,True,G3_4
west,2x6,2025-05-09,2x6,4,8,295,True,G3_4
west,2x6,2025-05-16,2x6,4,8,285,True,G3_4
west,2x6,2025-05-23,2x6,4,8,255,True,G3_4
west,2x6,2025-05-30,2x6,4,8,225,True,G3_4
west,2x6,2025-06-06,2x6,4,8,215,True,G3_4
west,2x6,2025-06-13,2x6,4,8,195,True,G3_4
west,2x6,2025-06-19,2x6,4,8,190,True,G3_4
west,2x6,2025-06-27,2x6,4,8,180,True,G3_4
west,2x6,2025-07-03,2x6,4,8,180,True,G3_4
west,2x6,2025-07-11,2x6,4,8,180,True,G3_4
west,2x6,2025-07-18,2x6,4,8,175,True,G3_4
west,2x6,2025-07-25,2x6,4,8,170,True,G3_4
west,2x6,2025-08-01,2x6,4,8,170,True,G3_4
west,2x6,2025-08-08,2x6,4,8,170,True,G3_4
west,2x6,2025-08-15,2x6,4,8,170,True,G3_4
west,2x6,2025-08-22,2x6,4,8,170,True,G3_4
west,2x6,2025-08-29,2x6,4,8,165,True,G3_4
west,2x6,2025-09-05,2x6,4,8,165,True,G3_4
west,2x6,2025-09-12,2x6,4,8,165,True,G3_4
west,2x6,2025-09-19,2x6,4,8,165,True,G3_4
west,2x6,2025-09-26,2x6,4,8,165,True,G3_4
west,2x6,2025-10-03,2x6,4,8,165,True,G3_4
west,2x6,2025-10-10,2x6,4,8,165,True,G3_4
west,2x6,2025-10-17,2x6,4,8,165,True,G3_4
west,2x6,2024-01-12,2x6,4,10,170,True,G3_4
west,2x6,2024-01-18,2x6,4,10,170,True,G3_4
west,2x6,2024-01-25,2x6,4,10,170,True,G3_4
west,2x6,2024-02-08,2x6,4,10,170,True,G3_4
west,2x6,2024-02-15,2x6,4,10,170,True,G3_4
west,2x6,2024-02-22,2x6,4,10,175,True,G3_4
west,2x6,2024-02-29,2x6,4,10,180,True,G3_4
west,2x6,2024-03-07,2x6,4,10,185,True,G3_4
west,2x6,2024-03-14,2x6,4,10,185,True,G3_4
west,2x6,2024-03-21,2x6,4,10,185,True,G3_4
west,2x6,2024-03-28,2x6,4,10,185,True,G3_4
west,2x6,2024-04-04,2x6,4,10,185,True,G3_4
west,2x6,2024-04-11,2x6,4,10,185,True,G3_4
west,2x6,2024-04-18,2x6,4,10,185,True,G3_4
west,2x6,2024-04-25,2x6,4,10,185,True,G3_4
west,2x6,2024-05-02,2x6,4,10,185,True,G3_4
west,2x6,2024-05-09,2x6,4,10,185,True,G3_4
west,2x6,2024-05-16,2x6,4,10,185,True,G3_4
west,2x6,2024-05-30,2x6,4,10,185,True,G3_4
west,2x6,2024-06-06,2x6,4,10,185,True,G3_4
west,2x6,2024-06-13,2x6,4,10,185,True,G3_4
west,2x6,2024-06-20,2x6,4,10,185,True,G3_4
west,2x6,2024-06-27,2x6,4,10,180,True,G3_4
west,2x6,2024-07-04,2x6,4,10,180,True,G3_4
west,2x6,2024-07-11,2x6,4,10,180,True,G3_4
west,2x6,2024-07-18,2x6,4,10,180,True,G3_4
west,2x6,2024-07-25,2x6,4,10,180,True,G3_4
west,2x6,2024-08-01,2x6,4,10,180,True,G3_4
west,2x6,2024-08-08,2x6,4,10,180,True,G3_4
west,2x6,2024-08-15,2x6,4,10,180,True,G3_4
west,2x6,2024-08-22,2x6,4,10,180,True,G3_4
west,2x6,2024-08-29,2x6,4,10,180,True,G3_4
west,2x6,2024-09-05,2x6,4,10,180,True,G3_4
west,2x6,2024-09-12,2x6,4,10,180,True,G3_4
west,2x6,2024-09-20,2x6,4,10,185,True,G3_4
west,2x6,2024-09-27,2x6,4,10,195,True,G3_4
west,2x6,2024-10-04,2x6,4,10,205,True,G3_4
west,2x6,2024-10-11,2x6,4,10,215,True,G3_4
west,2x6,2024-10-18,2x6,4,10,220,True,G3_4
west,2x6,2024-10-25,2x6,4,10,225,True,G3_4
west,2x6,2024-11-01,2x6,4,10,235,True,G3_4
west,2x6,2024-11-08,2x6,4,10,235,True,G3_4
west,2x6,2024-11-15,2x6,4,10,235,True,G3_4
west,2x6,2024-11-22,2x6,4,10,235,True,G3_4
west,2x6,2024-11-27,2x6,4,10,235,True,G3_4
west,2x6,2024-12-06,2x6,4,10,235,True,G3_4
west,2x6,2024-12-13,2x6,4,10,235,True,G3_4
west,2x6,2024-12-20,2x6,4,10,235,True,G3_4
west,2x6,2025-01-03,2x6,4,10,235,True,G3_4
west,2x6,2025-01-10,2x6,4,10,235,True,G3_4
west,2x6,2025-01-17,2x6,4,10,235,True,G3_4
west,2x6,2025-01-24,2x6,4,10,235,True,G3_4
west,2x6,2025-01-31,2x6,4,10,245,True,G3_4
west,2x6,2025-02-07,2x6,4,10,245,True,G3_4
west,2x6,2025-02-14,2x6,4,10,250,True,G3_4
west,2x6,2025-02-21,2x6,4,10,260,True,G3_4
west,2x6,2025-02-28,2x6,4,10,270,True,G3_4
west,2x6,2025-03-07,2x6,4,10,275,True,G3_4
west,2x6,2025-03-14,2x6,4,10,285,True,G3_4
west,2x6,2025-03-21,2x6,4,10,295,True,G3_4
west,2x6,2025-03-28,2x6,4,10,305,True,G3_4
west,2x6,2025-04-04,2x6,4,10,310,True,G3_4
west,2x6,2025-04-11,2x6,4,10,315,True,G3_4
west,2x6,2025-04-18,2x6,4,10,320,True,G3_4
west,2x6,2025-04-25,2x6,4,10,310,True,G3_4
west,2x6,2025-05-02,2x6,4,10,305,True,G3_4
west,2x6,2025-05-09,2x6,4,10,295,True,G3_4
west,2x6,2025-05-16,2x6,4,10,285,True,G3_4
west,2x6,2025-05-23,2x6,4,10,255,True,G3_4
west,2x6,2025-05-30,2x6,4,10,225,True,G3_4
west,2x6,2025-06-06,2x6,4,10,215,True,G3_4
west,2x6,2025-06-13,2x6,4,10,195,True,G3_4
west,2x6,2025-06-19,2x6,4,10,190,True,G3_4
west,2x6,2025-06-27,2x6,4,10,180,True,G3_4
west,2x6,2025-07-03,2x6,4,10,180,True,G3_4
west,2x6,2025-07-11,2x6,4,10,180,True,G3_4
west,2x6,2025-07-18,2x6,4,10,175,True,G3_4
west,2x6,2025-07-25,2x6,4,10,170,True,G3_4
west,2x6,2025-08-01,2x6,4,10,170,True,G3_4
west,2x6,2025-08-08,2x6,4,10,170,True,G3_4
west,2x6,2025-08-15,2x6,4,10,170,True,G3_4
west,2x6,2025-08-22,2x6,4,10,170,True,G3_4
west,2x6,2025-08-29,2x6,4,10,165,True,G3_4
west,2x6,2025-09-05,2x6,4,10,165,True,G3_4
west,2x6,2025-09-12,2x6,4,10,165,True,G3_4
west,2x6,2025-09-19,2x6,4,10,165,True,G3_4
west,2x6,2025-09-26,2x6,4,10,165,True,G3_4
west,2x6,2025-10-03,2x6,4,10,165,True,G3_4
west,2x6,2025-10-10,2x6,4,10,165,True,G3_4
west,2x6,2025-10-17,2x6,4,10,165,True,G3_4
west,2x6,2024-01-12,2x6,4,12,170,True,G3_4
west,2x6,2024-01-18,2x6,4,12,170,True,G3_4
west,2x6,2024-01-25,2x6,4,12,170,True,G3_4
west,2x6,2024-02-08,2x6,4,12,170,True,G3_4
west,2x6,2024-02-15,2x6,4,12,170,True,G3_4
west,2x6,2024-02-22,2x6,4,12,175,True,G3_4
west,2x6,2024-02-29,2x6,4,12,180,True,G3_4
west,2x6,2024-03-07,2x6,4,12,185,True,G3_4
west,2x6,2024-03-14,2x6,4,12,185,True,G3_4
west,2x6,2024-03-21,2x6,4,12,185,True,G3_4
west,2x6,2024-03-28,2x6,4,12,185,True,G3_4
west,2x6,2024-04-04,2x6,4,12,185,True,G3_4
west,2x6,2024-04-11,2x6,4,12,185,True,G3_4
west,2x6,2024-04-18,2x6,4,12,185,True,G3_4
west,2x6,2024-04-25,2x6,4,12,185,True,G3_4
west,2x6,2024-05-02,2x6,4,12,185,True,G3_4
west,2x6,2024-05-09,2x6,4,12,185,True,G3_4
west,2x6,2024-05-16,2x6,4,12,185,True,G3_4
west,2x6,2024-05-30,2x6,4,12,185,True,G3_4
west,2x6,2024-06-06,2x6,4,12,185,True,G3_4
west,2x6,2024-06-13,2x6,4,12,185,True,G3_4
west,2x6,2024-06-20,2x6,4,12,185,True,G3_4
west,2x6,2024-06-27,2x6,4,12,180,True,G3_4
west,2x6,2024-07-04,2x6,4,12,180,True,G3_4
west,2x6,2024-07-11,2x6,4,12,180,True,G3_4
west,2x6,2024-07-18,2x6,4,12,180,True,G3_4
west,2x6,2024-07-25,2x6,4,12,180,True,G3_4
west,2x6,2024-08-01,2x6,4,12,180,True,G3_4
west,2x6,2024-08-08,2x6,4,12,180,True,G3_4
west,2x6,2024-08-15,2x6,4,12,180,True,G3_4
west,2x6,2024-08-22,2x6,4,12,180,True,G3_4
west,2x6,2024-08-29,2x6,4,12,180,True,G3_4
west,2x6,2024-09-05,2x6,4,12,180,True,G3_4
west,2x6,2024-09-12,2x6,4,12,180,True,G3_4
west,2x6,2024-09-20,2x6,4,12,185,True,G3_4
west,2x6,2024-09-27,2x6,4,12,195,True,G3_4
west,2x6,2024-10-04,2x6,4,12,205,True,G3_4
west,2x6,2024-10-11,2x6,4,12,215,True,G3_4
west,2x6,2024-10-18,2x6,4,12,220,True,G3_4
west,2x6,2024-10-25,2x6,4,12,225,True,G3_4
west,2x6,2024-11-01,2x6,4,12,235,True,G3_4
west,2x6,2024-11-08,2x6,4,12,235,True,G3_4
west,2x6,2024-11-15,2x6,4,12,235,True,G3_4
west,2x6,2024-11-22,2x6,4,12,235,True,G3_4
west,2x6,2024-11-27,2x6,4,12,235,True,G3_4
west,2x6,2024-12-06,2x6,4,12,235,True,G3_4
west,2x6,2024-12-13,2x6,4,12,235,True,G3_4
west,2x6,2024-12-20,2x6,4,12,235,True,G3_4
west,2x6,2025-01-03,2x6,4,12,235,True,G3_4
west,2x6,2025-01-10,2x6,4,12,235,True,G3_4
west,2x6,2025-01-17,2x6,4,12,235,True,G3_4
west,2x6,2025-01-24,2x6,4,12,235,True,G3_4
west,2x6,2025-01-31,2x6,4,12,245,True,G3_4
west,2x6,2025-02-07,2x6,4,12,245,True,G3_4
west,2x6,2025-02-14,2x6,4,12,250,True,G3_4
west,2x6,2025-02-21,2x6,4,12,260,True,G3_4
west,2x6,2025-02-28,2x6,4,12,270,True,G3_4
west,2x6,2025-03-07,2x6,4,12,275,True,G3_4
west,2x6,2025-03-14,2x6,4,12,285,True,G3_4
west,2x6,2025-03-21,2x6,4,12,295,True,G3_4
west,2x6,2025-03-28,2x6,4,12,305,True,G3_4
west,2x6,2025-04-04,2x6,4,12,310,True,G3_4
west,2x6,2025-04-11,2x6,4,12,315,True,G3_4
west,2x6,2025-04-18,2x6,4,12,320,True,G3_4
west,2x6,2025-04-25,2x6,4,12,310,True,G3_4
west,2x6,2025-05-02,2x6,4,12,305,True,G3_4
west,2x6,2025-05-09,2x6,4,12,295,True,G3_4
west,2x6,2025-05-16,2x6,4,12,285,True,G3_4
west,2x6,2025-05-23,2x6,4,12,255,True,G3_4
west,2x6,2025-05-30,2x6,4,12,225,True,G3_4
west,2x6,2025-06-06,2x6,4,12,215,True,G3_4
west,2x6,2025-06-13,2x6,4,12,195,True,G3_4
west,2x6,2025-06-19,2x6,4,12,190,True,G3_4
west,2x6,2025-06-27,2x6,4,12,180,True,G3_4
west,2x6,2025-07-03,2x6,4,12,180,True,G3_4
west,2x6,2025-07-11,2x6,4,12,180,True,G3_4
west,2x6,2025-07-18,2x6,4,12,175,True,G3_4
west,2x6,2025-07-25,2x6,4,12,170,True,G3_4
west,2x6,2025-08-01,2x6,4,12,170,True,G3_4
west,2x6,2025-08-08,2x6,4,12,170,True,G3_4
west,2x6,2025-08-15,2x6,4,12,170,True,G3_4
west,2x6,2025-08-22,2x6,4,12,170,True,G3_4
west,2x6,2025-08-29,2x6,4,12,165,True,G3_4
west,2x6,2025-09-05,2x6,4,12,165,True,G3_4
west,2x6,2025-09-12,2x6,4,12,165,True,G3_4
west,2x6,2025-09-19,2x6,4,12,165,True,G3_4
west,2x6,2025-09-26,2x6,4,12,165,True,G3_4
west,2x6,2025-10-03,2x6,4,12,165,True,G3_4
west,2x6,2025-10-10,2x6,4,12,165,True,G3_4
west,2x6,2025-10-17,2x6,4,12,165,True,G3_4
west,2x6,2024-01-12,2x6,4,14,170,True,G3_4
west,2x6,2024-01-18,2x6,4,14,170,True,G3_4
west,2x6,2024-01-25,2x6,4,14,170,True,G3_4
west,2x6,2024-02-08,2x6,4,14,170,True,G3_4
west,2x6,2024-02-15,2x6,4,14,170,True,G3_4
west,2x6,2024-02-22,2x6,4,14,175,True,G3_4
west,2x6,2024-02-29,2x6,4,14,180,True,G3_4
west,2x6,2024-03-07,2x6,4,14,185,True,G3_4
west,2x6,2024-03-14,2x6,4,14,185,True,G3_4
west,2x6,2024-03-21,2x6,4,14,185,True,G3_4
west,2x6,2024-03-28,2x6,4,14,185,True,G3_4
west,2x6,2024-04-04,2x6,4,14,185,True,G3_4
west,2x6,2024-04-11,2x6,4,14,185,True,G3_4
west,2x6,2024-04-18,2x6,4,14,185,True,G3_4
west,2x6,2024-04-25,2x6,4,14,185,True,G3_4
west,2x6,2024-05-02,2x6,4,14,185,True,G3_4
west,2x6,2024-05-09,2x6,4,14,185,True,G3_4
west,2x6,2024-05-16,2x6,4,14,185,True,G3_4
west,2x6,2024-05-30,2x6,4,14,185,True,G3_4
west,2x6,2024-06-06,2x6,4,14,185,True,G3_4
west,2x6,2024-06-13,2x6,4,14,185,True,G3_4
west,2x6,2024-06-20,2x6,4,14,185,True,G3_4
west,2x6,2024-06-27,2x6,4,14,180,True,G3_4
west,2x6,2024-07-04,2x6,4,14,180,True,G3_4
west,2x6,2024-07-11,2x6,4,14,180,True,G3_4
west,2x6,2024-07-18,2x6,4,14,180,True,G3_4
west,2x6,2024-07-25,2x6,4,14,180,True,G3_4
west,2x6,2024-08-01,2x6,4,14,180,True,G3_4
west,2x6,2024-08-08,2x6,4,14,180,True,G3_4
west,2x6,2024-08-15,2x6,4,14,180,True,G3_4
west,2x6,2024-08-22,2x6,4,14,180,True,G3_4
west,2x6,2024-08-29,2x6,4,14,180,True,G3_4
west,2x6,2024-09-05,2x6,4,14,180,True,G3_4
west,2x6,2024-09-12,2x6,4,14,180,True,G3_4
west,2x6,2024-09-20,2x6,4,14,185,True,G3_4
west,2x6,2024-09-27,2x6,4,14,195,True,G3_4
west,2x6,2024-10-04,2x6,4,14,205,True,G3_4
west,2x6,2024-10-11,2x6,4,14,215,True,G3_4
west,2x6,2024-10-18,2x6,4,14,220,True,G3_4
west,2x6,2024-10-25,2x6,4,14,225,True,G3_4
west,2x6,2024-11-01,2x6,4,14,235,True,G3_4
west,2x6,2024-11-08,2x6,4,14,235,True,G3_4
west,2x6,2024-11-15,2x6,4,14,235,True,G3_4
west,2x6,2024-11-22,2x6,4,14,235,True,G3_4
west,2x6,2024-11-27,2x6,4,14,235,True,G3_4
west,2x6,2024-12-06,2x6,4,14,235,True,G3_4
west,2x6,2024-12-13,2x6,4,14,235,True,G3_4
west,2x6,2024-12-20,2x6,4,14,235,True,G3_4
west,2x6,2025-01-03,2x6,4,14,235,True,G3_4
west,2x6,2025-01-10,2x6,4,14,235,True,G3_4
west,2x6,2025-01-17,2x6,4,14,235,True,G3_4
west,2x6,2025-01-24,2x6,4,14,235,True,G3_4
west,2x6,2025-01-31,2x6,4,14,245,True,G3_4
west,2x6,2025-02-07,2x6,4,14,245,True,G3_4
west,2x6,2025-02-14,2x6,4,14,250,True,G3_4
west,2x6,2025-02-21,2x6,4,14,260,True,G3_4
west,2x6,2025-02-28,2x6,4,14,270,True,G3_4
west,2x6,2025-03-07,2x6,4,14,275,True,G3_4
west,2x6,2025-03-14,2x6,4,14,285,True,G3_4
west,2x6,2025-03-21,2x6,4,14,295,True,G3_4
west,2x6,2025-03-28,2x6,4,14,305,True,G3_4
west,2x6,2025-04-04,2x6,4,14,310,True,G3_4
west,2x6,2025-04-11,2x6,4,14,315,True,G3_4
west,2x6,2025-04-18,2x6,4,14,320,True,G3_4
west,2x6,2025-04-25,2x6,4,14,310,True,G3_4
west,2x6,2025-05-02,2x6,4,14,305,True,G3_4
west,2x6,2025-05-09,2x6,4,14,295,True,G3_4
west,2x6,2025-05-16,2x6,4,14,285,True,G3_4
west,2x6,2025-05-23,2x6,4,14,255,True,G3_4
west,2x6,2025-05-30,2x6,4,14,225,True,G3_4
west,2x6,2025-06-06,2x6,4,14,215,True,G3_4
west,2x6,2025-06-13,2x6,4,14,195,True,G3_4
west,2x6,2025-06-19,2x6,4,14,190,True,G3_4
west,2x6,2025-06-27,2x6,4,14,180,True,G3_4
west,2x6,2025-07-03,2x6,4,14,180,True,G3_4
west,2x6,2025-07-11,2x6,4,14,180,True,G3_4
west,2x6,2025-07-18,2x6,4,14,175,True,G3_4
west,2x6,2025-07-25,2x6,4,14,170,True,G3_4
west,2x6,2025-08-01,2x6,4,14,170,True,G3_4
west,2x6,2025-08-08,2x6,4,14,170,True,G3_4
west,2x6,2025-08-15,2x6,4,14,170,True,G3_4
west,2x6,2025-08-22,2x6,4,14,170,True,G3_4
west,2x6,2025-08-29,2x6,4,14,165,True,G3_4
west,2x6,2025-09-05,2x6,4,14,165,True,G3_4
west,2x6,2025-09-12,2x6,4,14,165,True,G3_4
west,2x6,2025-09-19,2x6,4,14,165,True,G3_4
west,2x6,2025-09-26,2x6,4,14,165,True,G3_4
west,2x6,2025-10-03,2x6,4,14,165,True,G3_4
west,2x6,2025-10-10,2x6,4,14,165,True,G3_4
west,2x6,2025-10-17,2x6,4,14,165,True,G3_4
west,2x6,2024-01-12,2x6,4,16,170,True,G3_4
west,2x6,2024-01-18,2x6,4,16,170,True,G3_4
west,2x6,2024-01-25,2x6,4,16,170,True,G3_4
west,2x6,2024-02-08,2x6,4,16,170,True,G3_4
west,2x6,2024-02-15,2x6,4,16,170,True,G3_4
west,2x6,2024-02-22,2x6,4,16,175,True,G3_4
west,2x6,2024-02-29,2x6,4,16,180,True,G3_4
west,2x6,2024-03-07,2x6,4,16,185,True,G3_4
west,2x6,2024-03-14,2x6,4,16,185,True,G3_4
west,2x6,2024-03-21,2x6,4,16,185,True,G3_4
west,2x6,2024-03-28,2x6,4,16,185,True,G3_4
west,2x6,2024-04-04,2x6,4,16,185,True,G3_4
west,2x6,2024-04-11,2x6,4,16,185,True,G3_4
west,2x6,2024-04-18,2x6,4,16,185,True,G3_4
west,2x6,2024-04-25,2x6,4,16,185,True,G3_4
west,2x6,2024-05-02,2x6,4,16,185,True,G3_4
west,2x6,2024-05-09,2x6,4,16,185,True,G3_4
west,2x6,2024-05-16,2x6,4,16,185,True,G3_4
west,2x6,2024-05-30,2x6,4,16,185,True,G3_4
west,2x6,2024-06-06,2x6,4,16,185,True,G3_4
west,2x6,2024-06-13,2x6,4,16,185,True,G3_4
west,2x6,2024-06-20,2x6,4,16,185,True,G3_4
west,2x6,2024-06-27,2x6,4,16,180,True,G3_4
west,2x6,2024-07-04,2x6,4,16,180,True,G3_4
west,2x6,2024-07-11,2x6,4,16,180,True,G3_4
west,2x6,2024-07-18,2x6,4,16,180,True,G3_4
west,2x6,2024-07-25,2x6,4,16,180,True,G3_4
west,2x6,2024-08-01,2x6,4,16,180,True,G3_4
west,2x6,2024-08-08,2x6,4,16,180,True,G3_4
west,2x6,2024-08-15,2x6,4,16,180,True,G3_4
west,2x6,2024-08-22,2x6,4,16,180,True,G3_4
west,2x6,2024-08-29,2x6,4,16,180,True,G3_4
west,2x6,2024-09-05,2x6,4,16,180,True,G3_4
west,2x6,2024-09-12,2x6,4,16,180,True,G3_4
west,2x6,2024-09-20,2x6,4,16,185,True,G3_4
west,2x6,2024-09-27,2x6,4,16,195,True,G3_4
west,2x6,2024-10-04,2x6,4,16,205,True,G3_4
west,2x6,2024-10-11,2x6,4,16,215,True,G3_4
west,2x6,2024-10-18,2x6,4,16,220,True,G3_4
west,2x6,2024-10-25,2x6,4,16,225,True,G3_4
west,2x6,2024-11-01,2x6,4,16,235,True,G3_4
west,2x6,2024-11-08,2x6,4,16,235,True,G3_4
west,2x6,2024-11-15,2x6,4,16,235,True,G3_4
west,2x6,2024-11-22,2x6,4,16,235,True,G3_4
west,2x6,2024-11-27,2x6,4,16,235,True,G3_4
west,2x6,2024-12-06,2x6,4,16,235,True,G3_4
west,2x6,2024-12-13,2x6,4,16,235,True,G3_4
west,2x6,2024-12-20,2x6,4,16,235,True,G3_4
west,2x6,2025-01-03,2x6,4,16,235,True,G3_4
west,2x6,2025-01-10,2x6,4,16,235,True,G3_4
west,2x6,2025-01-17,2x6,4,16,235,True,G3_4
west,2x6,2025-01-24,2x6,4,16,235,True,G3_4
west,2x6,2025-01-31,2x6,4,16,245,True,G3_4
west,2x6,2025-02-07,2x6,4,16,245,True,G3_4
west,2x6,2025-02-14,2x6,4,16,250,True,G3_4
west,2x6,2025-02-21,2x6,4,16,260,True,G3_4
west,2x6,2025-02-28,2x6,4,16,270,True,G3_4
west,2x6,2025-03-07,2x6,4,16,275,True,G3_4
west,2x6,2025-03-14,2x6,4,16,285,True,G3_4
west,2x6,2025-03-21,2x6,4,16,295,True,G3_4
west,2x6,2025-03-28,2x6,4,16,305,True,G3_4
west,2x6,2025-04-04,2x6,4,16,310,True,G3_4
west,2x6,2025-04-11,2x6,4,16,315,True,G3_4
west,2x6,2025-04-18,2x6,4,16,320,True,G3_4
west,2x6,2025-04-25,2x6,4,16,310,True,G3_4
west,2x6,2025-05-02,2x6,4,16,305,True,G3_4
west,2x6,2025-05-09,2x6,4,16,295,True,G3_4
west,2x6,2025-05-16,2x6,4,16,285,True,G3_4
west,2x6,2025-05-23,2x6,4,16,255,True,G3_4
west,2x6,2025-05-30,2x6,4,16,225,True,G3_4
west,2x6,2025-06-06,2x6,4,16,215,True,G3_4
west,2x6,2025-06-13,2x6,4,16,195,True,G3_4
west,2x6,2025-06-19,2x6,4,16,190,True,G3_4
west,2x6,2025-06-27,2x6,4,16,180,True,G3_4
west,2x6,2025-07-03,2x6,4,16,180,True,G3_4
west,2x6,2025-07-11,2x6,4,16,180,True,G3_4
west,2x6,2025-07-18,2x6,4,16,175,True,G3_4
west,2x6,2025-07-25,2x6,4,16,170,True,G3_4
west,2x6,2025-08-01,2x6,4,16,170,True,G3_4
west,2x6,2025-08-08,2x6,4,16,170,True,G3_4
west,2x6,2025-08-15,2x6,4,16,170,True,G3_4
west,2x6,2025-08-22,2x6,4,16,170,True,G3_4
west,2x6,2025-08-29,2x6,4,16,165,True,G3_4
west,2x6,2025-09-05,2x6,4,16,165,True,G3_4
west,2x6,2025-09-12,2x6,4,16,165,True,G3_4
west,2x6,2025-09-19,2x6,4,16,165,True,G3_4
west,2x6,2025-09-26,2x6,4,16,165,True,G3_4
west,2x6,2025-10-03,2x6,4,16,165,True,G3_4
west,2x6,2025-10-10,2x6,4,16,165,True,G3_4
west,2x6,2025-10-17,2x6,4,16,165,True,G3_4
west,2x6,2024-01-12,2x6,4,18,170,True,G3_4
west,2x6,2024-01-18,2x6,4,18,170,True,G3_4
west,2x6,2024-01-25,2x6,4,18,170,True,G3_4
west,2x6,2024-02-08,2x6,4,18,170,True,G3_4
west,2x6,2024-02-15,2x6,4,18,170,True,G3_4
west,2x6,2024-02-22,2x6,4,18,175,True,G3_4
west,2x6,2024-02-29,2x6,4,18,180,True,G3_4
west,2x6,2024-03-07,2x6,4,18,185,True,G3_4
west,2x6,2024-03-14,2x6,4,18,185,True,G3_4
west,2x6,2024-03-21,2x6,4,18,185,True,G3_4
west,2x6,2024-03-28,2x6,4,18,185,True,G3_4
west,2x6,2024-04-04,2x6,4,18,185,True,G3_4
west,2x6,2024-04-11,2x6,4,18,185,True,G3_4
west,2x6,2024-04-18,2x6,4,18,185,True,G3_4
west,2x6,2024-04-25,2x6,4,18,185,True,G3_4
west,2x6,2024-05-02,2x6,4,18,185,True,G3_4
west,2x6,2024-05-09,2x6,4,18,185,True,G3_4
west,2x6,2024-05-16,2x6,4,18,185,True,G3_4
west,2x6,2024-05-30,2x6,4,18,185,True,G3_4
west,2x6,2024-06-06,2x6,4,18,185,True,G3_4
west,2x6,2024-06-13,2x6,4,18,185,True,G3_4
west,2x6,2024-06-20,2x6,4,18,185,True,G3_4
west,2x6,2024-06-27,2x6,4,18,180,True,G3_4
west,2x6,2024-07-04,2x6,4,18,180,True,G3_4
west,2x6,2024-07-11,2x6,4,18,180,True,G3_4
west,2x6,2024-07-18,2x6,4,18,180,True,G3_4
west,2x6,2024-07-25,2x6,4,18,180,True,G3_4
west,2x6,2024-08-01,2x6,4,18,180,True,G3_4
west,2x6,2024-08-08,2x6,4,18,180,True,G3_4
west,2x6,2024-08-15,2x6,4,18,180,True,G3_4
west,2x6,2024-08-22,2x6,4,18,180,True,G3_4
west,2x6,2024-08-29,2x6,4,18,180,True,G3_4
west,2x6,2024-09-05,2x6,4,18,180,True,G3_4
west,2x6,2024-09-12,2x6,4,18,180,True,G3_4
west,2x6,2024-09-20,2x6,4,18,185,True,G3_4
west,2x6,2024-09-27,2x6,4,18,195,True,G3_4
west,2x6,2024-10-04,2x6,4,18,205,True,G3_4
west,2x6,2024-10-11,2x6,4,18,215,True,G3_4
west,2x6,2024-10-18,2x6,4,18,220,True,G3_4
west,2x6,2024-10-25,2x6,4,18,225,True,G3_4
west,2x6,2024-11-01,2x6,4,18,235,True,G3_4
west,2x6,2024-11-08,2x6,4,18,235,True,G3_4
west,2x6,2024-11-15,2x6,4,18,235,True,G3_4
west,2x6,2024-11-22,2x6,4,18,235,True,G3_4
west,2x6,2024-11-27,2x6,4,18,235,True,G3_4
west,2x6,2024-12-06,2x6,4,18,235,True,G3_4
west,2x6,2024-12-13,2x6,4,18,235,True,G3_4
west,2x6,2024-12-20,2x6,4,18,235,True,G3_4
west,2x6,2025-01-03,2x6,4,18,235,True,G3_4
west,2x6,2025-01-10,2x6,4,18,235,True,G3_4
west,2x6,2025-01-17,2x6,4,18,235,True,G3_4
west,2x6,2025-01-24,2x6,4,18,235,True,G3_4
west,2x6,2025-01-31,2x6,4,18,245,True,G3_4
west,2x6,2025-02-07,2x6,4,18,245,True,G3_4
west,2x6,2025-02-14,2x6,4,18,250,True,G3_4
west,2x6,2025-02-21,2x6,4,18,260,True,G3_4
west,2x6,2025-02-28,2x6,4,18,270,True,G3_4
west,2x6,2025-03-07,2x6,4,18,275,True,G3_4
west,2x6,2025-03-14,2x6,4,18,285,True,G3_4
west,2x6,2025-03-21,2x6,4,18,295,True,G3_4
west,2x6,2025-03-28,2x6,4,18,305,True,G3_4
west,2x6,2025-04-04,2x6,4,18,310,True,G3_4
west,2x6,2025-04-11,2x6,4,18,315,True,G3_4
west,2x6,2025-04-18,2x6,4,18,320,True,G3_4
west,2x6,2025-04-25,2x6,4,18,310,True,G3_4
west,2x6,2025-05-02,2x6,4,18,305,True,G3_4
west,2x6,2025-05-09,2x6,4,18,295,True,G3_4
west,2x6,2025-05-16,2x6,4,18,285,True,G3_4
west,2x6,2025-05-23,2x6,4,18,255,True,G3_4
west,2x6,2025-05-30,2x6,4,18,225,True,G3_4
west,2x6,2025-06-06,2x6,4,18,215,True,G3_4
west,2x6,2025-06-13,2x6,4,18,195,True,G3_4
west,2x6,2025-06-19,2x6,4,18,190,True,G3_4
west,2x6,2025-06-27,2x6,4,18,180,True,G3_4
west,2x6,2025-07-03,2x6,4,18,180,True,G3_4
west,2x6,2025-07-11,2x6,4,18,180,True,G3_4
west,2x6,2025-07-18,2x6,4,18,175,True,G3_4
west,2x6,2025-07-25,2x6,4,18,170,True,G3_4
west,2x6,2025-08-01,2x6,4,18,170,True,G3_4
west,2x6,2025-08-08,2x6,4,18,170,True,G3_4
west,2x6,2025-08-15,2x6,4,18,170,True,G3_4
west,2x6,2025-08-22,2x6,4,18,170,True,G3_4
west,2x6,2025-08-29,2x6,4,18,165,True,G3_4
west,2x6,2025-09-05,2x6,4,18,165,True,G3_4
west,2x6,2025-09-12,2x6,4,18,165,True,G3_4
west,2x6,2025-09-19,2x6,4,18,165,True,G3_4
west,2x6,2025-09-26,2x6,4,18,165,True,G3_4
west,2x6,2025-10-03,2x6,4,18,165,True,G3_4
west,2x6,2025-10-10,2x6,4,18,165,True,G3_4
west,2x6,2025-10-17,2x6,4,18,165,True,G3_4
west,2x6,2024-01-12,2x6,4,20,170,True,G3_4
west,2x6,2024-01-18,2x6,4,20,170,True,G3_4
west,2x6,2024-01-25,2x6,4,20,170,True,G3_4
west,2x6,2024-02-08,2x6,4,20,170,True,G3_4
west,2x6,2024-02-15,2x6,4,20,170,True,G3_4
west,2x6,2024-02-22,2x6,4,20,175,True,G3_4
west,2x6,2024-02-29,2x6,4,20,180,True,G3_4
west,2x6,2024-03-07,2x6,4,20,185,True,G3_4
west,2x6,2024-03-14,2x6,4,20,185,True,G3_4
west,2x6,2024-03-21,2x6,4,20,185,True,G3_4
west,2x6,2024-03-28,2x6,4,20,185,True,G3_4
west,2x6,2024-04-04,2x6,4,20,185,True,G3_4
west,2x6,2024-04-11,2x6,4,20,185,True,G3_4
west,2x6,2024-04-18,2x6,4,20,185,True,G3_4
west,2x6,2024-04-25,2x6,4,20,185,True,G3_4
west,2x6,2024-05-02,2x6,4,20,185,True,G3_4
west,2x6,2024-05-09,2x6,4,20,185,True,G3_4
west,2x6,2024-05-16,2x6,4,20,185,True,G3_4
west,2x6,2024-05-30,2x6,4,20,185,True,G3_4
west,2x6,2024-06-06,2x6,4,20,185,True,G3_4
west,2x6,2024-06-13,2x6,4,20,185,True,G3_4
west,2x6,2024-06-20,2x6,4,20,185,True,G3_4
west,2x6,2024-06-27,2x6,4,20,180,True,G3_4
west,2x6,2024-07-04,2x6,4,20,180,True,G3_4
west,2x6,2024-07-11,2x6,4,20,180,True,G3_4
west,2x6,2024-07-18,2x6,4,20,180,True,G3_4
west,2x6,2024-07-25,2x6,4,20,180,True,G3_4
west,2x6,2024-08-01,2x6,4,20,180,True,G3_4
west,2x6,2024-08-08,2x6,4,20,180,True,G3_4
west,2x6,2024-08-15,2x6,4,20,180,True,G3_4
west,2x6,2024-08-22,2x6,4,20,180,True,G3_4
west,2x6,2024-08-29,2x6,4,20,180,True,G3_4
west,2x6,2024-09-05,2x6,4,20,180,True,G3_4
west,2x6,2024-09-12,2x6,4,20,180,True,G3_4
west,2x6,2024-09-20,2x6,4,20,185,True,G3_4
west,2x6,2024-09-27,2x6,4,20,195,True,G3_4
west,2x6,2024-10-04,2x6,4,20,205,True,G3_4
west,2x6,2024-10-11,2x6,4,20,215,True,G3_4
west,2x6,2024-10-18,2x6,4,20,220,True,G3_4
west,2x6,2024-10-25,2x6,4,20,225,True,G3_4
west,2x6,2024-11-01,2x6,4,20,235,True,G3_4
west,2x6,2024-11-08,2x6,4,20,235,True,G3_4
west,2x6,2024-11-15,2x6,4,20,235,True,G3_4
west,2x6,2024-11-22,2x6,4,20,235,True,G3_4
west,2x6,2024-11-27,2x6,4,20,235,True,G3_4
west,2x6,2024-12-06,2x6,4,20,235,True,G3_4
west,2x6,2024-12-13,2x6,4,20,235,True,G3_4
west,2x6,2024-12-20,2x6,4,20,235,True,G3_4
west,2x6,2025-01-03,2x6,4,20,235,True,G3_4
west,2x6,2025-01-10,2x6,4,20,235,True,G3_4
west,2x6,2025-01-17,2x6,4,20,235,True,G3_4
west,2x6,2025-01-24,2x6,4,20,235,True,G3_4
west,2x6,2025-01-31,2x6,4,20,245,True,G3_4
west,2x6,2025-02-07,2x6,4,20,245,True,G3_4
west,2x6,2025-02-14,2x6,4,20,250,True,G3_4
west,2x6,2025-02-21,2x6,4,20,260,True,G3_4
west,2x6,2025-02-28,2x6,4,20,270,True,G3_4
west,2x6,2025-03-07,2x6,4,20,275,True,G3_4
west,2x6,2025-03-14,2x6,4,20,285,True,G3_4
west,2x6,2025-03-21,2x6,4,20,295,True,G3_4
west,2x6,2025-03-28,2x6,4,20,305,True,G3_4
west,2x6,2025-04-04,2x6,4,20,310,True,G3_4
west,2x6,2025-04-11,2x6,4,20,315,True,G3_4
west,2x6,2025-04-18,2x6,4,20,320,True,G3_4
west,2x6,2025-04-25,2x6,4,20,310,True,G3_4
west,2x6,2025-05-02,2x6,4,20,305,True,G3_4
west,2x6,2025-05-09,2x6,4,20,295,True,G3_4
west,2x6,2025-05-16,2x6,4,20,285,True,G3_4
west,2x6,2025-05-23,2x6,4,20,255,True,G3_4
west,2x6,2025-05-30,2x6,4,20,225,True,G3_4
west,2x6,2025-06-06,2x6,4,20,215,True,G3_4
west,2x6,2025-06-13,2x6,4,20,195,True,G3_4
west,2x6,2025-06-19,2x6,4,20,190,True,G3_4
west,2x6,2025-06-27,2x6,4,20,180,True,G3_4
west,2x6,2025-07-03,2x6,4,20,180,True,G3_4
west,2x6,2025-07-11,2x6,4,20,180,True,G3_4
west,2x6,2025-07-18,2x6,4,20,175,True,G3_4
west,2x6,2025-07-25,2x6,4,20,170,True,G3_4
west,2x6,2025-08-01,2x6,4,20,170,True,G3_4
west,2x6,2025-08-08,2x6,4,20,170,True,G3_4
west,2x6,2025-08-15,2x6,4,20,170,True,G3_4
west,2x6,2025-08-22,2x6,4,20,170,True,G3_4
west,2x6,2025-08-29,2x6,4,20,165,True,G3_4
west,2x6,2025-09-05,2x6,4,20,165,True,G3_4
west,2x6,2025-09-12,2x6,4,20,165,True,G3_4
west,2x6,2025-09-19,2x6,4,20,165,True,G3_4
west,2x6,2025-09-26,2x6,4,20,165,True,G3_4
west,2x6,2025-10-03,2x6,4,20,165,True,G3_4
west,2x6,2025-10-10,2x6,4,20,165,True,G3_4
west,2x6,2025-10-17,2x6,4,20,165,True,G3_4
west,2x8 #3,2024-01-12,2x8,3,8,215,True,G3_4
west,2x8 #3,2024-01-18,2x8,3,8,215,True,G3_4
west,2x8 #3,2024-01-25,2x8,3,8,215,True,G3_4
west,2x8 #3,2024-02-08,2x8,3,8,215,True,G3_4
west,2x8 #3,2024-02-15,2x8,3,8,220,True,G3_4
west,2x8 #3,2024-02-22,2x8,3,8,225,True,G3_4
west,2x8 #3,2024-02-29,2x8,3,8,235,True,G3_4
west,2x8 #3,2024-03-07,2x8,3,8,245,True,G3_4
west,2x8 #3,2024-03-14,2x8,3,8,245,True,G3_4
west,2x8 #3,2024-03-21,2x8,3,8,250,True,G3_4
west,2x8 #3,2024-03-28,2x8,3,8,250,True,G3_4
west,2x8 #3,2024-04-04,2x8,3,8,250,True,G3_4
west,2x8 #3,2024-04-11,2x8,3,8,250,True,G3_4
west,2x8 #3,2024-04-18,2x8,3,8,250,True,G3_4
west,2x8 #3,2024-04-25,2x8,3,8,250,True,G3_4
west,2x8 #3,2024-05-02,2x8,3,8,250,True,G3_4
west,2x8 #3,2024-05-09,2x8,3,8,250,True,G3_4
west,2x8 #3,2024-05-16,2x8,3,8,255,True,G3_4
west,2x8 #3,2024-05-30,2x8,3,8,255,True,G3_4
west,2x8 #3,2024-06-06,2x8,3,8,255,True,G3_4
west,2x8 #3,2024-06-13,2x8,3,8,255,True,G3_4
west,2x8 #3,2024-06-20,2x8,3,8,250,True,G3_4
west,2x8 #3,2024-06-27,2x8,3,8,245,True,G3_4
west,2x8 #3,2024-07-04,2x8,3,8,245,True,G3_4
west,2x8 #3,2024-07-11,2x8,3,8,245,True,G3_4
west,2x8 #3,2024-07-18,2x8,3,8,245,True,G3_4
west,2x8 #3,2024-07-25,2x8,3,8,240,True,G3_4
west,2x8 #3,2024-08-01,2x8,3,8,240,True,G3_4
west,2x8 #3,2024-08-08,2x8,3,8,240,True,G3_4
west,2x8 #3,2024-08-15,2x8,3,8,235,True,G3_4
west,2x8 #3,2024-08-22,2x8,3,8,235,True,G3_4
west,2x8 #3,2024-08-29,2x8,3,8,235,True,G3_4
west,2x8 #3,2024-09-05,2x8,3,8,235,True,G3_4
west,2x8 #3,2024-09-12,2x8,3,8,235,True,G3_4
west,2x8 #3,2024-09-20,2x8,3,8,225,True,G3_4
west,2x8 #3,2024-09-27,2x8,3,8,225,True,G3_4
west,2x8 #3,2024-10-04,2x8,3,8,230,True,G3_4
west,2x8 #3,2024-10-11,2x8,3,8,240,True,G3_4
west,2x8 #3,2024-10-18,2x8,3,8,250,True,G3_4
west,2x8 #3,2024-10-25,2x8,3,8,260,True,G3_4
west,2x8 #3,2024-11-01,2x8,3,8,265,True,G3_4
west,2x8 #3,2024-11-08,2x8,3,8,265,True,G3_4
west,2x8 #3,2024-11-15,2x8,3,8,260,True,G3_4
west,2x8 #3,2024-11-22,2x8,3,8,255,True,G3_4
west,2x8 #3,2024-11-27,2x8,3,8,255,True,G3_4
west,2x8 #3,2024-12-06,2x8,3,8,255,True,G3_4
west,2x8 #3,2024-12-13,2x8,3,8,255,True,G3_4
west,2x8 #3,2024-12-20,2x8,3,8,255,True,G3_4
west,2x8 #3,2025-01-03,2x8,3,8,260,True,G3_4
west,2x8 #3,2025-01-10,2x8,3,8,265,True,G3_4
west,2x8 #3,2025-01-17,2x8,3,8,265,True,G3_4
west,2x8 #3,2025-01-24,2x8,3,8,265,True,G3_4
west,2x8 #3,2025-01-31,2x8,3,8,270,True,G3_4
west,2x8 #3,2025-02-07,2x8,3,8,275,True,G3_4
west,2x8 #3,2025-02-14,2x8,3,8,280,True,G3_4
west,2x8 #3,2025-02-21,2x8,3,8,285,True,G3_4
west,2x8 #3,2025-02-28,2x8,3,8,290,True,G3_4
west,2x8 #3,2025-03-07,2x8,3,8,295,True,G3_4
west,2x8 #3,2025-03-14,2x8,3,8,305,True,G3_4
west,2x8 #3,2025-03-21,2x8,3,8,315,True,G3_4
west,2x8 #3,2025-03-28,2x8,3,8,325,True,G3_4
west,2x8 #3,2025-04-04,2x8,3,8,330,True,G3_4
west,2x8 #3,2025-04-11,2x8,3,8,330,True,G3_4
west,2x8 #3,2025-04-18,2x8,3,8,335,True,G3_4
west,2x8 #3,2025-04-25,2x8,3,8,335,True,G3_4
west,2x8 #3,2025-05-02,2x8,3,8,335,True,G3_4
west,2x8 #3,2025-05-09,2x8,3,8,325,True,G3_4
west,2x8 #3,2025-05-16,2x8,3,8,315,True,G3_4
west,2x8 #3,2025-05-23,2x8,3,8,290,True,G3_4
west,2x8 #3,2025-05-30,2x8,3,8,270,True,G3_4
west,2x8 #3,2025-06-06,2x8,3,8,250,True,G3_4
west,2x8 #3,2025-06-13,2x8,3,8,235,True,G3_4
west,2x8 #3,2025-06-19,2x8,3,8,225,True,G3_4
west,2x8 #3,2025-06-27,2x8,3,8,225,True,G3_4
west,2x8 #3,2025-07-03,2x8,3,8,225,True,G3_4
west,2x8 #3,2025-07-11,2x8,3,8,225,True,G3_4
west,2x8 #3,2025-07-18,2x8,3,8,225,True,G3_4
west,2x8 #3,2025-07-25,2x8,3,8,225,True,G3_4
west,2x8 #3,2025-08-01,2x8,3,8,225,True,G3_4
west,2x8 #3,2025-08-08,2x8,3,8,225,True,G3_4
west,2x8 #3,2025-08-15,2x8,3,8,235,True,G3_4
west,2x8 #3,2025-08-22,2x8,3,8,235,True,G3_4
west,2x8 #3,2025-08-29,2x8,3,8,225,True,G3_4
west,2x8 #3,2025-09-05,2x8,3,8,225,True,G3_4
west,2x8 #3,2025-09-12,2x8,3,8,225,True,G3_4
west,2x8 #3,2025-09-19,2x8,3,8,225,True,G3_4
west,2x8 #3,2025-09-26,2x8,3,8,225,True,G3_4
west,2x8 #3,2025-10-03,2x8,3,8,225,True,G3_4
west,2x8 #3,2025-10-10,2x8,3,8,225,True,G3_4
west,2x8 #3,2025-10-17,2x8,3,8,225,True,G3_4
west,2x8 #3,2024-01-12,2x8,3,10,215,True,G3_4
west,2x8 #3,2024-01-18,2x8,3,10,215,True,G3_4
west,2x8 #3,2024-01-25,2x8,3,10,215,True,G3_4
west,2x8 #3,2024-02-08,2x8,3,10,215,True,G3_4
west,2x8 #3,2024-02-15,2x8,3,10,220,True,G3_4
west,2x8 #3,2024-02-22,2x8,3,10,225,True,G3_4
west,2x8 #3,2024-02-29,2x8,3,10,235,True,G3_4
west,2x8 #3,2024-03-07,2x8,3,10,245,True,G3_4
west,2x8 #3,2024-03-14,2x8,3,10,245,True,G3_4
west,2x8 #3,2024-03-21,2x8,3,10,250,True,G3_4
west,2x8 #3,2024-03-28,2x8,3,10,250,True,G3_4
west,2x8 #3,2024-04-04,2x8,3,10,250,True,G3_4
west,2x8 #3,2024-04-11,2x8,3,10,250,True,G3_4
west,2x8 #3,2024-04-18,2x8,3,10,250,True,G3_4
west,2x8 #3,2024-04-25,2x8,3,10,250,True,G3_4
west,2x8 #3,2024-05-02,2x8,3,10,250,True,G3_4
west,2x8 #3,2024-05-09,2x8,3,10,250,True,G3_4
west,2x8 #3,2024-05-16,2x8,3,10,255,True,G3_4
west,2x8 #3,2024-05-30,2x8,3,10,255,True,G3_4
west,2x8 #3,2024-06-06,2x8,3,10,255,True,G3_4
west,2x8 #3,2024-06-13,2x8,3,10,255,True,G3_4
west,2x8 #3,2024-06-20,2x8,3,10,250,True,G3_4
west,2x8 #3,2024-06-27,2x8,3,10,245,True,G3_4
west,2x8 #3,2024-07-04,2x8,3,10,245,True,G3_4
west,2x8 #3,2024-07-11,2x8,3,10,245,True,G3_4
west,2x8 #3,2024-07-18,2x8,3,10,245,True,G3_4
west,2x8 #3,2024-07-25,2x8,3,10,240,True,G3_4
west,2x8 #3,2024-08-01,2x8,3,10,240,True,G3_4
west,2x8 #3,2024-08-08,2x8,3,10,240,True,G3_4
west,2x8 #3,2024-08-15,2x8,3,10,235,True,G3_4
west,2x8 #3,2024-08-22,2x8,3,10,235,True,G3_4
west,2x8 #3,2024-08-29,2x8,3,10,235,True,G3_4
west,2x8 #3,2024-09-05,2x8,3,10,235,True,G3_4
west,2x8 #3,2024-09-12,2x8,3,10,235,True,G3_4
west,2x8 #3,2024-09-20,2x8,3,10,225,True,G3_4
west,2x8 #3,2024-09-27,2x8,3,10,225,True,G3_4
west,2x8 #3,2024-10-04,2x8,3,10,230,True,G3_4
west,2x8 #3,2024-10-11,2x8,3,10,240,True,G3_4
west,2x8 #3,2024-10-18,2x8,3,10,250,True,G3_4
west,2x8 #3,2024-10-25,2x8,3,10,260,True,G3_4
west,2x8 #3,2024-11-01,2x8,3,10,265,True,G3_4
west,2x8 #3,2024-11-08,2x8,3,10,265,True,G3_4
west,2x8 #3,2024-11-15,2x8,3,10,260,True,G3_4
west,2x8 #3,2024-11-22,2x8,3,10,255,True,G3_4
west,2x8 #3,2024-11-27,2x8,3,10,255,True,G3_4
west,2x8 #3,2024-12-06,2x8,3,10,255,True,G3_4
west,2x8 #3,2024-12-13,2x8,3,10,255,True,G3_4
west,2x8 #3,2024-12-20,2x8,3,10,255,True,G3_4
west,2x8 #3,2025-01-03,2x8,3,10,260,True,G3_4
west,2x8 #3,2025-01-10,2x8,3,10,265,True,G3_4
west,2x8 #3,2025-01-17,2x8,3,10,265,True,G3_4
west,2x8 #3,2025-01-24,2x8,3,10,265,True,G3_4
west,2x8 #3,2025-01-31,2x8,3,10,270,True,G3_4
west,2x8 #3,2025-02-07,2x8,3,10,275,True,G3_4
west,2x8 #3,2025-02-14,2x8,3,10,280,True,G3_4
west,2x8 #3,2025-02-21,2x8,3,10,285,True,G3_4
west,2x8 #3,2025-02-28,2x8,3,10,290,True,G3_4
west,2x8 #3,2025-03-07,2x8,3,10,295,True,G3_4
west,2x8 #3,2025-03-14,2x8,3,10,305,True,G3_4
west,2x8 #3,2025-03-21,2x8,3,10,315,True,G3_4
west,2x8 #3,2025-03-28,2x8,3,10,325,True,G3_4
west,2x8 #3,2025-04-04,2x8,3,10,330,True,G3_4
west,2x8 #3,2025-04-11,2x8,3,10,330,True,G3_4
west,2x8 #3,2025-04-18,2x8,3,10,335,True,G3_4
west,2x8 #3,2025-04-25,2x8,3,10,335,True,G3_4
west,2x8 #3,2025-05-02,2x8,3,10,335,True,G3_4
west,2x8 #3,2025-05-09,2x8,3,10,325,True,G3_4
west,2x8 #3,2025-05-16,2x8,3,10,315,True,G3_4
west,2x8 #3,2025-05-23,2x8,3,10,290,True,G3_4
west,2x8 #3,2025-05-30,2x8,3,10,270,True,G3_4
west,2x8 #3,2025-06-06,2x8,3,10,250,True,G3_4
west,2x8 #3,2025-06-13,2x8,3,10,235,True,G3_4
west,2x8 #3,2025-06-19,2x8,3,10,225,True,G3_4
west,2x8 #3,2025-06-27,2x8,3,10,225,True,G3_4
west,2x8 #3,2025-07-03,2x8,3,10,225,True,G3_4
west,2x8 #3,2025-07-11,2x8,3,10,225,True,G3_4
west,2x8 #3,2025-07-18,2x8,3,10,225,True,G3_4
west,2x8 #3,2025-07-25,2x8,3,10,225,True,G3_4
west,2x8 #3,2025-08-01,2x8,3,10,225,True,G3_4
west,2x8 #3,2025-08-08,2x8,3,10,225,True,G3_4
west,2x8 #3,2025-08-15,2x8,3,10,235,True,G3_4
west,2x8 #3,2025-08-22,2x8,3,10,235,True,G3_4
west,2x8 #3,2025-08-29,2x8,3,10,225,True,G3_4
west,2x8 #3,2025-09-05,2x8,3,10,225,True,G3_4
west,2x8 #3,2025-09-12,2x8,3,10,225,True,G3_4
west,2x8 #3,2025-09-19,2x8,3,10,225,True,G3_4
west,2x8 #3,2025-09-26,2x8,3,10,225,True,G3_4
west,2x8 #3,2025-10-03,2x8,3,10,225,True,G3_4
west,2x8 #3,2025-10-10,2x8,3,10,225,True,G3_4
west,2x8 #3,2025-10-17,2x8,3,10,225,True,G3_4
west,2x8 #3,2024-01-12,2x8,3,12,215,True,G3_4
west,2x8 #3,2024-01-18,2x8,3,12,215,True,G3_4
west,2x8 #3,2024-01-25,2x8,3,12,215,True,G3_4
west,2x8 #3,2024-02-08,2x8,3,12,215,True,G3_4
west,2x8 #3,2024-02-15,2x8,3,12,220,True,G3_4
west,2x8 #3,2024-02-22,2x8,3,12,225,True,G3_4
west,2x8 #3,2024-02-29,2x8,3,12,235,True,G3_4
west,2x8 #3,2024-03-07,2x8,3,12,245,True,G3_4
west,2x8 #3,2024-03-14,2x8,3,12,245,True,G3_4
west,2x8 #3,2024-03-21,2x8,3,12,250,True,G3_4
west,2x8 #3,2024-03-28,2x8,3,12,250,True,G3_4
west,2x8 #3,2024-04-04,2x8,3,12,250,True,G3_4
west,2x8 #3,2024-04-11,2x8,3,12,250,True,G3_4
west,2x8 #3,2024-04-18,2x8,3,12,250,True,G3_4
west,2x8 #3,2024-04-25,2x8,3,12,250,True,G3_4
west,2x8 #3,2024-05-02,2x8,3,12,250,True,G3_4
west,2x8 #3,2024-05-09,2x8,3,12,250,True,G3_4
west,2x8 #3,2024-05-16,2x8,3,12,255,True,G3_4
west,2x8 #3,2024-05-30,2x8,3,12,255,True,G3_4
west,2x8 #3,2024-06-06,2x8,3,12,255,True,G3_4
west,2x8 #3,2024-06-13,2x8,3,12,255,True,G3_4
west,2x8 #3,2024-06-20,2x8,3,12,250,True,G3_4
west,2x8 #3,2024-06-27,2x8,3,12,245,True,G3_4
west,2x8 #3,2024-07-04,2x8,3,12,245,True,G3_4
west,2x8 #3,2024-07-11,2x8,3,12,245,True,G3_4
west,2x8 #3,2024-07-18,2x8,3,12,245,True,G3_4
west,2x8 #3,2024-07-25,2x8,3,12,240,True,G3_4
west,2x8 #3,2024-08-01,2x8,3,12,240,True,G3_4
west,2x8 #3,2024-08-08,2x8,3,12,240,True,G3_4
west,2x8 #3,2024-08-15,2x8,3,12,235,True,G3_4
west,2x8 #3,2024-08-22,2x8,3,12,235,True,G3_4
west,2x8 #3,2024-08-29,2x8,3,12,235,True,G3_4
west,2x8 #3,2024-09-05,2x8,3,12,235,True,G3_4
west,2x8 #3,2024-09-12,2x8,3,12,235,True,G3_4
west,2x8 #3,2024-09-20,2x8,3,12,225,True,G3_4
west,2x8 #3,2024-09-27,2x8,3,12,225,True,G3_4
west,2x8 #3,2024-10-04,2x8,3,12,230,True,G3_4
west,2x8 #3,2024-10-11,2x8,3,12,240,True,G3_4
west,2x8 #3,2024-10-18,2x8,3,12,250,True,G3_4
west,2x8 #3,2024-10-25,2x8,3,12,260,True,G3_4
west,2x8 #3,2024-11-01,2x8,3,12,265,True,G3_4
west,2x8 #3,2024-11-08,2x8,3,12,265,True,G3_4
west,2x8 #3,2024-11-15,2x8,3,12,260,True,G3_4
west,2x8 #3,2024-11-22,2x8,3,12,255,True,G3_4
west,2x8 #3,2024-11-27,2x8,3,12,255,True,G3_4
west,2x8 #3,2024-12-06,2x8,3,12,255,True,G3_4
west,2x8 #3,2024-12-13,2x8,3,12,255,True,G3_4
west,2x8 #3,2024-12-20,2x8,3,12,255,True,G3_4
west,2x8 #3,2025-01-03,2x8,3,12,260,True,G3_4
west,2x8 #3,2025-01-10,2x8,3,12,265,True,G3_4
west,2x8 #3,2025-01-17,2x8,3,12,265,True,G3_4
west,2x8 #3,2025-01-24,2x8,3,12,265,True,G3_4
west,2x8 #3,2025-01-31,2x8,3,12,270,True,G3_4
west,2x8 #3,2025-02-07,2x8,3,12,275,True,G3_4
west,2x8 #3,2025-02-14,2x8,3,12,280,True,G3_4
west,2x8 #3,2025-02-21,2x8,3,12,285,True,G3_4
west,2x8 #3,2025-02-28,2x8,3,12,290,True,G3_4
west,2x8 #3,2025-03-07,2x8,3,12,295,True,G3_4
west,2x8 #3,2025-03-14,2x8,3,12,305,True,G3_4
west,2x8 #3,2025-03-21,2x8,3,12,315,True,G3_4
west,2x8 #3,2025-03-28,2x8,3,12,325,True,G3_4
west,2x8 #3,2025-04-04,2x8,3,12,330,True,G3_4
west,2x8 #3,2025-04-11,2x8,3,12,330,True,G3_4
west,2x8 #3,2025-04-18,2x8,3,12,335,True,G3_4
west,2x8 #3,2025-04-25,2x8,3,12,335,True,G3_4
west,2x8 #3,2025-05-02,2x8,3,12,335,True,G3_4
west,2x8 #3,2025-05-09,2x8,3,12,325,True,G3_4
west,2x8 #3,2025-05-16,2x8,3,12,315,True,G3_4
west,2x8 #3,2025-05-23,2x8,3,12,290,True,G3_4
west,2x8 #3,2025-05-30,2x8,3,12,270,True,G3_4
west,2x8 #3,2025-06-06,2x8,3,12,250,True,G3_4
west,2x8 #3,2025-06-13,2x8,3,12,235,True,G3_4
west,2x8 #3,2025-06-19,2x8,3,12,225,True,G3_4
west,2x8 #3,2025-06-27,2x8,3,12,225,True,G3_4
west,2x8 #3,2025-07-03,2x8,3,12,225,True,G3_4
west,2x8 #3,2025-07-11,2x8,3,12,225,True,G3_4
west,2x8 #3,2025-07-18,2x8,3,12,225,True,G3_4
west,2x8 #3,2025-07-25,2x8,3,12,225,True,G3_4
west,2x8 #3,2025-08-01,2x8,3,12,225,True,G3_4
west,2x8 #3,2025-08-08,2x8,3,12,225,True,G3_4
west,2x8 #3,2025-08-15,2x8,3,12,235,True,G3_4
west,2x8 #3,2025-08-22,2x8,3,12,235,True,G3_4
west,2x8 #3,2025-08-29,2x8,3,12,225,True,G3_4
west,2x8 #3,2025-09-05,2x8,3,12,225,True,G3_4
west,2x8 #3,2025-09-12,2x8,3,12,225,True,G3_4
west,2x8 #3,2025-09-19,2x8,3,12,225,True,G3_4
west,2x8 #3,2025-09-26,2x8,3,12,225,True,G3_4
west,2x8 #3,2025-10-03,2x8,3,12,225,True,G3_4
west,2x8 #3,2025-10-10,2x8,3,12,225,True,G3_4
west,2x8 #3,2025-10-17,2x8,3,12,225,True,G3_4
west,2x8 #3,2024-01-12,2x8,3,14,215,True,G3_4
west,2x8 #3,2024-01-18,2x8,3,14,215,True,G3_4
west,2x8 #3,2024-01-25,2x8,3,14,215,True,G3_4
west,2x8 #3,2024-02-08,2x8,3,14,215,True,G3_4
west,2x8 #3,2024-02-15,2x8,3,14,220,True,G3_4
west,2x8 #3,2024-02-22,2x8,3,14,225,True,G3_4
west,2x8 #3,2024-02-29,2x8,3,14,235,True,G3_4
west,2x8 #3,2024-03-07,2x8,3,14,245,True,G3_4
west,2x8 #3,2024-03-14,2x8,3,14,245,True,G3_4
west,2x8 #3,2024-03-21,2x8,3,14,250,True,G3_4
west,2x8 #3,2024-03-28,2x8,3,14,250,True,G3_4
west,2x8 #3,2024-04-04,2x8,3,14,250,True,G3_4
west,2x8 #3,2024-04-11,2x8,3,14,250,True,G3_4
west,2x8 #3,2024-04-18,2x8,3,14,250,True,G3_4
west,2x8 #3,2024-04-25,2x8,3,14,250,True,G3_4
west,2x8 #3,2024-05-02,2x8,3,14,250,True,G3_4
west,2x8 #3,2024-05-09,2x8,3,14,250,True,G3_4
west,2x8 #3,2024-05-16,2x8,3,14,255,True,G3_4
west,2x8 #3,2024-05-30,2x8,3,14,255,True,G3_4
west,2x8 #3,2024-06-06,2x8,3,14,255,True,G3_4
west,2x8 #3,2024-06-13,2x8,3,14,255,True,G3_4
west,2x8 #3,2024-06-20,2x8,3,14,250,True,G3_4
west,2x8 #3,2024-06-27,2x8,3,14,245,True,G3_4
west,2x8 #3,2024-07-04,2x8,3,14,245,True,G3_4
west,2x8 #3,2024-07-11,2x8,3,14,245,True,G3_4
west,2x8 #3,2024-07-18,2x8,3,14,245,True,G3_4
west,2x8 #3,2024-07-25,2x8,3,14,240,True,G3_4
west,2x8 #3,2024-08-01,2x8,3,14,240,True,G3_4
west,2x8 #3,2024-08-08,2x8,3,14,240,True,G3_4
west,2x8 #3,2024-08-15,2x8,3,14,235,True,G3_4
west,2x8 #3,2024-08-22,2x8,3,14,235,True,G3_4
west,2x8 #3,2024-08-29,2x8,3,14,235,True,G3_4
west,2x8 #3,2024-09-05,2x8,3,14,235,True,G3_4
west,2x8 #3,2024-09-12,2x8,3,14,235,True,G3_4
west,2x8 #3,2024-09-20,2x8,3,14,225,True,G3_4
west,2x8 #3,2024-09-27,2x8,3,14,225,True,G3_4
west,2x8 #3,2024-10-04,2x8,3,14,230,True,G3_4
west,2x8 #3,2024-10-11,2x8,3,14,240,True,G3_4
west,2x8 #3,2024-10-18,2x8,3,14,250,True,G3_4
west,2x8 #3,2024-10-25,2x8,3,14,260,True,G3_4
west,2x8 #3,2024-11-01,2x8,3,14,265,True,G3_4
west,2x8 #3,2024-11-08,2x8,3,14,265,True,G3_4
west,2x8 #3,2024-11-15,2x8,3,14,260,True,G3_4
west,2x8 #3,2024-11-22,2x8,3,14,255,True,G3_4
west,2x8 #3,2024-11-27,2x8,3,14,255,True,G3_4
west,2x8 #3,2024-12-06,2x8,3,14,255,True,G3_4
west,2x8 #3,2024-12-13,2x8,3,14,255,True,G3_4
west,2x8 #3,2024-12-20,2x8,3,14,255,True,G3_4
west,2x8 #3,2025-01-03,2x8,3,14,260,True,G3_4
west,2x8 #3,2025-01-10,2x8,3,14,265,True,G3_4
west,2x8 #3,2025-01-17,2x8,3,14,265,True,G3_4
west,2x8 #3,2025-01-24,2x8,3,14,265,True,G3_4
west,2x8 #3,2025-01-31,2x8,3,14,270,True,G3_4
west,2x8 #3,2025-02-07,2x8,3,14,275,True,G3_4
west,2x8 #3,2025-02-14,2x8,3,14,280,True,G3_4
west,2x8 #3,2025-02-21,2x8,3,14,285,True,G3_4
west,2x8 #3,2025-02-28,2x8,3,14,290,True,G3_4
west,2x8 #3,2025-03-07,2x8,3,14,295,True,G3_4
west,2x8 #3,2025-03-14,2x8,3,14,305,True,G3_4
west,2x8 #3,2025-03-21,2x8,3,14,315,True,G3_4
west,2x8 #3,2025-03-28,2x8,3,14,325,True,G3_4
west,2x8 #3,2025-04-04,2x8,3,14,330,True,G3_4
west,2x8 #3,2025-04-11,2x8,3,14,330,True,G3_4
west,2x8 #3,2025-04-18,2x8,3,14,335,True,G3_4
west,2x8 #3,2025-04-25,2x8,3,14,335,True,G3_4
west,2x8 #3,2025-05-02,2x8,3,14,335,True,G3_4
west,2x8 #3,2025-05-09,2x8,3,14,325,True,G3_4
west,2x8 #3,2025-05-16,2x8,3,14,315,True,G3_4
west,2x8 #3,2025-05-23,2x8,3,14,290,True,G3_4
west,2x8 #3,2025-05-30,2x8,3,14,270,True,G3_4
west,2x8 #3,2025-06-06,2x8,3,14,250,True,G3_4
west,2x8 #3,2025-06-13,2x8,3,14,235,True,G3_4
west,2x8 #3,2025-06-19,2x8,3,14,225,True,G3_4
west,2x8 #3,2025-06-27,2x8,3,14,225,True,G3_4
west,2x8 #3,2025-07-03,2x8,3,14,225,True,G3_4
west,2x8 #3,2025-07-11,2x8,3,14,225,True,G3_4
west,2x8 #3,2025-07-18,2x8,3,14,225,True,G3_4
west,2x8 #3,2025-07-25,2x8,3,14,225,True,G3_4
west,2x8 #3,2025-08-01,2x8,3,14,225,True,G3_4
west,2x8 #3,2025-08-08,2x8,3,14,225,True,G3_4
west,2x8 #3,2025-08-15,2x8,3,14,235,True,G3_4
west,2x8 #3,2025-08-22,2x8,3,14,235,True,G3_4
west,2x8 #3,2025-08-29,2x8,3,14,225,True,G3_4
west,2x8 #3,2025-09-05,2x8,3,14,225,True,G3_4
west,2x8 #3,2025-09-12,2x8,3,14,225,True,G3_4
west,2x8 #3,2025-09-19,2x8,3,14,225,True,G3_4
west,2x8 #3,2025-09-26,2x8,3,14,225,True,G3_4
west,2x8 #3,2025-10-03,2x8,3,14,225,True,G3_4
west,2x8 #3,2025-10-10,2x8,3,14,225,True,G3_4
west,2x8 #3,2025-10-17,2x8,3,14,225,True,G3_4
west,2x8 #3,2024-01-12,2x8,3,16,215,True,G3_4
west,2x8 #3,2024-01-18,2x8,3,16,215,True,G3_4
west,2x8 #3,2024-01-25,2x8,3,16,215,True,G3_4
west,2x8 #3,2024-02-08,2x8,3,16,215,True,G3_4
west,2x8 #3,2024-02-15,2x8,3,16,220,True,G3_4
west,2x8 #3,2024-02-22,2x8,3,16,225,True,G3_4
west,2x8 #3,2024-02-29,2x8,3,16,235,True,G3_4
west,2x8 #3,2024-03-07,2x8,3,16,245,True,G3_4
west,2x8 #3,2024-03-14,2x8,3,16,245,True,G3_4
west,2x8 #3,2024-03-21,2x8,3,16,250,True,G3_4
west,2x8 #3,2024-03-28,2x8,3,16,250,True,G3_4
west,2x8 #3,2024-04-04,2x8,3,16,250,True,G3_4
west,2x8 #3,2024-04-11,2x8,3,16,250,True,G3_4
west,2x8 #3,2024-04-18,2x8,3,16,250,True,G3_4
west,2x8 #3,2024-04-25,2x8,3,16,250,True,G3_4
west,2x8 #3,2024-05-02,2x8,3,16,250,True,G3_4
west,2x8 #3,2024-05-09,2x8,3,16,250,True,G3_4
west,2x8 #3,2024-05-16,2x8,3,16,255,True,G3_4
west,2x8 #3,2024-05-30,2x8,3,16,255,True,G3_4
west,2x8 #3,2024-06-06,2x8,3,16,255,True,G3_4
west,2x8 #3,2024-06-13,2x8,3,16,255,True,G3_4
west,2x8 #3,2024-06-20,2x8,3,16,250,True,G3_4
west,2x8 #3,2024-06-27,2x8,3,16,245,True,G3_4
west,2x8 #3,2024-07-04,2x8,3,16,245,True,G3_4
west,2x8 #3,2024-07-11,2x8,3,16,245,True,G3_4
west,2x8 #3,2024-07-18,2x8,3,16,245,True,G3_4
west,2x8 #3,2024-07-25,2x8,3,16,240,True,G3_4
west,2x8 #3,2024-08-01,2x8,3,16,240,True,G3_4
west,2x8 #3,2024-08-08,2x8,3,16,240,True,G3_4
west,2x8 #3,2024-08-15,2x8,3,16,235,True,G3_4
west,2x8 #3,2024-08-22,2x8,3,16,235,True,G3_4
west,2x8 #3,2024-08-29,2x8,3,16,235,True,G3_4
west,2x8 #3,2024-09-05,2x8,3,16,235,True,G3_4
west,2x8 #3,2024-09-12,2x8,3,16,235,True,G3_4
west,2x8 #3,2024-09-20,2x8,3,16,225,True,G3_4
west,2x8 #3,2024-09-27,2x8,3,16,225,True,G3_4
west,2x8 #3,2024-10-04,2x8,3,16,230,True,G3_4
west,2x8 #3,2024-10-11,2x8,3,16,240,True,G3_4
west,2x8 #3,2024-10-18,2x8,3,16,250,True,G3_4
west,2x8 #3,2024-10-25,2x8,3,16,260,True,G3_4
west,2x8 #3,2024-11-01,2x8,3,16,265,True,G3_4
west,2x8 #3,2024-11-08,2x8,3,16,265,True,G3_4
west,2x8 #3,2024-11-15,2x8,3,16,260,True,G3_4
west,2x8 #3,2024-11-22,2x8,3,16,255,True,G3_4
west,2x8 #3,2024-11-27,2x8,3,16,255,True,G3_4
west,2x8 #3,2024-12-06,2x8,3,16,255,True,G3_4
west,2x8 #3,2024-12-13,2x8,3,16,255,True,G3_4
west,2x8 #3,2024-12-20,2x8,3,16,255,True,G3_4
west,2x8 #3,2025-01-03,2x8,3,16,260,True,G3_4
west,2x8 #3,2025-01-10,2x8,3,16,265,True,G3_4
west,2x8 #3,2025-01-17,2x8,3,16,265,True,G3_4
west,2x8 #3,2025-01-24,2x8,3,16,265,True,G3_4
west,2x8 #3,2025-01-31,2x8,3,16,270,True,G3_4
west,2x8 #3,2025-02-07,2x8,3,16,275,True,G3_4
west,2x8 #3,2025-02-14,2x8,3,16,280,True,G3_4
west,2x8 #3,2025-02-21,2x8,3,16,285,True,G3_4
west,2x8 #3,2025-02-28,2x8,3,16,290,True,G3_4
west,2x8 #3,2025-03-07,2x8,3,16,295,True,G3_4
west,2x8 #3,2025-03-14,2x8,3,16,305,True,G3_4
west,2x8 #3,2025-03-21,2x8,3,16,315,True,G3_4
west,2x8 #3,2025-03-28,2x8,3,16,325,True,G3_4
west,2x8 #3,2025-04-04,2x8,3,16,330,True,G3_4
west,2x8 #3,2025-04-11,2x8,3,16,330,True,G3_4
west,2x8 #3,2025-04-18,2x8,3,16,335,True,G3_4
west,2x8 #3,2025-04-25,2x8,3,16,335,True,G3_4
west,2x8 #3,2025-05-02,2x8,3,16,335,True,G3_4
west,2x8 #3,2025-05-09,2x8,3,16,325,True,G3_4
west,2x8 #3,2025-05-16,2x8,3,16,315,True,G3_4
west,2x8 #3,2025-05-23,2x8,3,16,290,True,G3_4
west,2x8 #3,2025-05-30,2x8,3,16,270,True,G3_4
west,2x8 #3,2025-06-06,2x8,3,16,250,True,G3_4
west,2x8 #3,2025-06-13,2x8,3,16,235,True,G3_4
west,2x8 #3,2025-06-19,2x8,3,16,225,True,G3_4
west,2x8 #3,2025-06-27,2x8,3,16,225,True,G3_4
west,2x8 #3,2025-07-03,2x8,3,16,225,True,G3_4
west,2x8 #3,2025-07-11,2x8,3,16,225,True,G3_4
west,2x8 #3,2025-07-18,2x8,3,16,225,True,G3_4
west,2x8 #3,2025-07-25,2x8,3,16,225,True,G3_4
west,2x8 #3,2025-08-01,2x8,3,16,225,True,G3_4
west,2x8 #3,2025-08-08,2x8,3,16,225,True,G3_4
west,2x8 #3,2025-08-15,2x8,3,16,235,True,G3_4
west,2x8 #3,2025-08-22,2x8,3,16,235,True,G3_4
west,2x8 #3,2025-08-29,2x8,3,16,225,True,G3_4
west,2x8 #3,2025-09-05,2x8,3,16,225,True,G3_4
west,2x8 #3,2025-09-12,2x8,3,16,225,True,G3_4
west,2x8 #3,2025-09-19,2x8,3,16,225,True,G3_4
west,2x8 #3,2025-09-26,2x8,3,16,225,True,G3_4
west,2x8 #3,2025-10-03,2x8,3,16,225,True,G3_4
west,2x8 #3,2025-10-10,2x8,3,16,225,True,G3_4
west,2x8 #3,2025-10-17,2x8,3,16,225,True,G3_4
west,2x8 #3,2024-01-12,2x8,3,18,215,True,G3_4
west,2x8 #3,2024-01-18,2x8,3,18,215,True,G3_4
west,2x8 #3,2024-01-25,2x8,3,18,215,True,G3_4
west,2x8 #3,2024-02-08,2x8,3,18,215,True,G3_4
west,2x8 #3,2024-02-15,2x8,3,18,220,True,G3_4
west,2x8 #3,2024-02-22,2x8,3,18,225,True,G3_4
west,2x8 #3,2024-02-29,2x8,3,18,235,True,G3_4
west,2x8 #3,2024-03-07,2x8,3,18,245,True,G3_4
west,2x8 #3,2024-03-14,2x8,3,18,245,True,G3_4
west,2x8 #3,2024-03-21,2x8,3,18,250,True,G3_4
west,2x8 #3,2024-03-28,2x8,3,18,250,True,G3_4
west,2x8 #3,2024-04-04,2x8,3,18,250,True,G3_4
west,2x8 #3,2024-04-11,2x8,3,18,250,True,G3_4
west,2x8 #3,2024-04-18,2x8,3,18,250,True,G3_4
west,2x8 #3,2024-04-25,2x8,3,18,250,True,G3_4
west,2x8 #3,2024-05-02,2x8,3,18,250,True,G3_4
west,2x8 #3,2024-05-09,2x8,3,18,250,True,G3_4
west,2x8 #3,2024-05-16,2x8,3,18,255,True,G3_4
west,2x8 #3,2024-05-30,2x8,3,18,255,True,G3_4
west,2x8 #3,2024-06-06,2x8,3,18,255,True,G3_4
west,2x8 #3,2024-06-13,2x8,3,18,255,True,G3_4
west,2x8 #3,2024-06-20,2x8,3,18,250,True,G3_4
west,2x8 #3,2024-06-27,2x8,3,18,245,True,G3_4
west,2x8 #3,2024-07-04,2x8,3,18,245,True,G3_4
west,2x8 #3,2024-07-11,2x8,3,18,245,True,G3_4
west,2x8 #3,2024-07-18,2x8,3,18,245,True,G3_4
west,2x8 #3,2024-07-25,2x8,3,18,240,True,G3_4
west,2x8 #3,2024-08-01,2x8,3,18,240,True,G3_4
west,2x8 #3,2024-08-08,2x8,3,18,240,True,G3_4
west,2x8 #3,2024-08-15,2x8,3,18,235,True,G3_4
west,2x8 #3,2024-08-22,2x8,3,18,235,True,G3_4
west,2x8 #3,2024-08-29,2x8,3,18,235,True,G3_4
west,2x8 #3,2024-09-05,2x8,3,18,235,True,G3_4
west,2x8 #3,2024-09-12,2x8,3,18,235,True,G3_4
west,2x8 #3,2024-09-20,2x8,3,18,225,True,G3_4
west,2x8 #3,2024-09-27,2x8,3,18,225,True,G3_4
west,2x8 #3,2024-10-04,2x8,3,18,230,True,G3_4
west,2x8 #3,2024-10-11,2x8,3,18,240,True,G3_4
west,2x8 #3,2024-10-18,2x8,3,18,250,True,G3_4
west,2x8 #3,2024-10-25,2x8,3,18,260,True,G3_4
west,2x8 #3,2024-11-01,2x8,3,18,265,True,G3_4
west,2x8 #3,2024-11-08,2x8,3,18,265,True,G3_4
west,2x8 #3,2024-11-15,2x8,3,18,260,True,G3_4
west,2x8 #3,2024-11-22,2x8,3,18,255,True,G3_4
west,2x8 #3,2024-11-27,2x8,3,18,255,True,G3_4
west,2x8 #3,2024-12-06,2x8,3,18,255,True,G3_4
west,2x8 #3,2024-12-13,2x8,3,18,255,True,G3_4
west,2x8 #3,2024-12-20,2x8,3,18,255,True,G3_4
west,2x8 #3,2025-01-03,2x8,3,18,260,True,G3_4
west,2x8 #3,2025-01-10,2x8,3,18,265,True,G3_4
west,2x8 #3,2025-01-17,2x8,3,18,265,True,G3_4
west,2x8 #3,2025-01-24,2x8,3,18,265,True,G3_4
west,2x8 #3,2025-01-31,2x8,3,18,270,True,G3_4
west,2x8 #3,2025-02-07,2x8,3,18,275,True,G3_4
west,2x8 #3,2025-02-14,2x8,3,18,280,True,G3_4
west,2x8 #3,2025-02-21,2x8,3,18,285,True,G3_4
west,2x8 #3,2025-02-28,2x8,3,18,290,True,G3_4
west,2x8 #3,2025-03-07,2x8,3,18,295,True,G3_4
west,2x8 #3,2025-03-14,2x8,3,18,305,True,G3_4
west,2x8 #3,2025-03-21,2x8,3,18,315,True,G3_4
west,2x8 #3,2025-03-28,2x8,3,18,325,True,G3_4
west,2x8 #3,2025-04-04,2x8,3,18,330,True,G3_4
west,2x8 #3,2025-04-11,2x8,3,18,330,True,G3_4
west,2x8 #3,2025-04-18,2x8,3,18,335,True,G3_4
west,2x8 #3,2025-04-25,2x8,3,18,335,True,G3_4
west,2x8 #3,2025-05-02,2x8,3,18,335,True,G3_4
west,2x8 #3,2025-05-09,2x8,3,18,325,True,G3_4
west,2x8 #3,2025-05-16,2x8,3,18,315,True,G3_4
west,2x8 #3,2025-05-23,2x8,3,18,290,True,G3_4
west,2x8 #3,2025-05-30,2x8,3,18,270,True,G3_4
west,2x8 #3,2025-06-06,2x8,3,18,250,True,G3_4
west,2x8 #3,2025-06-13,2x8,3,18,235,True,G3_4
west,2x8 #3,2025-06-19,2x8,3,18,225,True,G3_4
west,2x8 #3,2025-06-27,2x8,3,18,225,True,G3_4
west,2x8 #3,2025-07-03,2x8,3,18,225,True,G3_4
west,2x8 #3,2025-07-11,2x8,3,18,225,True,G3_4
west,2x8 #3,2025-07-18,2x8,3,18,225,True,G3_4
west,2x8 #3,2025-07-25,2x8,3,18,225,True,G3_4
west,2x8 #3,2025-08-01,2x8,3,18,225,True,G3_4
west,2x8 #3,2025-08-08,2x8,3,18,225,True,G3_4
west,2x8 #3,2025-08-15,2x8,3,18,235,True,G3_4
west,2x8 #3,2025-08-22,2x8,3,18,235,True,G3_4
west,2x8 #3,2025-08-29,2x8,3,18,225,True,G3_4
west,2x8 #3,2025-09-05,2x8,3,18,225,True,G3_4
west,2x8 #3,2025-09-12,2x8,3,18,225,True,G3_4
west,2x8 #3,2025-09-19,2x8,3,18,225,True,G3_4
west,2x8 #3,2025-09-26,2x8,3,18,225,True,G3_4
west,2x8 #3,2025-10-03,2x8,3,18,225,True,G3_4
west,2x8 #3,2025-10-10,2x8,3,18,225,True,G3_4
west,2x8 #3,2025-10-17,2x8,3,18,225,True,G3_4
west,2x8 #3,2024-01-12,2x8,3,20,215,True,G3_4
west,2x8 #3,2024-01-18,2x8,3,20,215,True,G3_4
west,2x8 #3,2024-01-25,2x8,3,20,215,True,G3_4
west,2x8 #3,2024-02-08,2x8,3,20,215,True,G3_4
west,2x8 #3,2024-02-15,2x8,3,20,220,True,G3_4
west,2x8 #3,2024-02-22,2x8,3,20,225,True,G3_4
west,2x8 #3,2024-02-29,2x8,3,20,235,True,G3_4
west,2x8 #3,2024-03-07,2x8,3,20,245,True,G3_4
west,2x8 #3,2024-03-14,2x8,3,20,245,True,G3_4
west,2x8 #3,2024-03-21,2x8,3,20,250,True,G3_4
west,2x8 #3,2024-03-28,2x8,3,20,250,True,G3_4
west,2x8 #3,2024-04-04,2x8,3,20,250,True,G3_4
west,2x8 #3,2024-04-11,2x8,3,20,250,True,G3_4
west,2x8 #3,2024-04-18,2x8,3,20,250,True,G3_4
west,2x8 #3,2024-04-25,2x8,3,20,250,True,G3_4
west,2x8 #3,2024-05-02,2x8,3,20,250,True,G3_4
west,2x8 #3,2024-05-09,2x8,3,20,250,True,G3_4
west,2x8 #3,2024-05-16,2x8,3,20,255,True,G3_4
west,2x8 #3,2024-05-30,2x8,3,20,255,True,G3_4
west,2x8 #3,2024-06-06,2x8,3,20,255,True,G3_4
west,2x8 #3,2024-06-13,2x8,3,20,255,True,G3_4
west,2x8 #3,2024-06-20,2x8,3,20,250,True,G3_4
west,2x8 #3,2024-06-27,2x8,3,20,245,True,G3_4
west,2x8 #3,2024-07-04,2x8,3,20,245,True,G3_4
west,2x8 #3,2024-07-11,2x8,3,20,245,True,G3_4
west,2x8 #3,2024-07-18,2x8,3,20,245,True,G3_4
west,2x8 #3,2024-07-25,2x8,3,20,240,True,G3_4
west,2x8 #3,2024-08-01,2x8,3,20,240,True,G3_4
west,2x8 #3,2024-08-08,2x8,3,20,240,True,G3_4
west,2x8 #3,2024-08-15,2x8,3,20,235,True,G3_4
west,2x8 #3,2024-08-22,2x8,3,20,235,True,G3_4
west,2x8 #3,2024-08-29,2x8,3,20,235,True,G3_4
west,2x8 #3,2024-09-05,2x8,3,20,235,True,G3_4
west,2x8 #3,2024-09-12,2x8,3,20,235,True,G3_4
west,2x8 #3,2024-09-20,2x8,3,20,225,True,G3_4
west,2x8 #3,2024-09-27,2x8,3,20,225,True,G3_4
west,2x8 #3,2024-10-04,2x8,3,20,230,True,G3_4
west,2x8 #3,2024-10-11,2x8,3,20,240,True,G3_4
west,2x8 #3,2024-10-18,2x8,3,20,250,True,G3_4
west,2x8 #3,2024-10-25,2x8,3,20,260,True,G3_4
west,2x8 #3,2024-11-01,2x8,3,20,265,True,G3_4
west,2x8 #3,2024-11-08,2x8,3,20,265,True,G3_4
west,2x8 #3,2024-11-15,2x8,3,20,260,True,G3_4
west,2x8 #3,2024-11-22,2x8,3,20,255,True,G3_4
west,2x8 #3,2024-11-27,2x8,3,20,255,True,G3_4
west,2x8 #3,2024-12-06,2x8,3,20,255,True,G3_4
west,2x8 #3,2024-12-13,2x8,3,20,255,True,G3_4
west,2x8 #3,2024-12-20,2x8,3,20,255,True,G3_4
west,2x8 #3,2025-01-03,2x8,3,20,260,True,G3_4
west,2x8 #3,2025-01-10,2x8,3,20,265,True,G3_4
west,2x8 #3,2025-01-17,2x8,3,20,265,True,G3_4
west,2x8 #3,2025-01-24,2x8,3,20,265,True,G3_4
west,2x8 #3,2025-01-31,2x8,3,20,270,True,G3_4
west,2x8 #3,2025-02-07,2x8,3,20,275,True,G3_4
west,2x8 #3,2025-02-14,2x8,3,20,280,True,G3_4
west,2x8 #3,2025-02-21,2x8,3,20,285,True,G3_4
west,2x8 #3,2025-02-28,2x8,3,20,290,True,G3_4
west,2x8 #3,2025-03-07,2x8,3,20,295,True,G3_4
west,2x8 #3,2025-03-14,2x8,3,20,305,True,G3_4
west,2x8 #3,2025-03-21,2x8,3,20,315,True,G3_4
west,2x8 #3,2025-03-28,2x8,3,20,325,True,G3_4
west,2x8 #3,2025-04-04,2x8,3,20,330,True,G3_4
west,2x8 #3,2025-04-11,2x8,3,20,330,True,G3_4
west,2x8 #3,2025-04-18,2x8,3,20,335,True,G3_4
west,2x8 #3,2025-04-25,2x8,3,20,335,True,G3_4
west,2x8 #3,2025-05-02,2x8,3,20,335,True,G3_4
west,2x8 #3,2025-05-09,2x8,3,20,325,True,G3_4
west,2x8 #3,2025-05-16,2x8,3,20,315,True,G3_4
west,2x8 #3,2025-05-23,2x8,3,20,290,True,G3_4
west,2x8 #3,2025-05-30,2x8,3,20,270,True,G3_4
west,2x8 #3,2025-06-06,2x8,3,20,250,True,G3_4
west,2x8 #3,2025-06-13,2x8,3,20,235,True,G3_4
west,2x8 #3,2025-06-19,2x8,3,20,225,True,G3_4
west,2x8 #3,2025-06-27,2x8,3,20,225,True,G3_4
west,2x8 #3,2025-07-03,2x8,3,20,225,True,G3_4
west,2x8 #3,2025-07-11,2x8,3,20,225,True,G3_4
west,2x8 #3,2025-07-18,2x8,3,20,225,True,G3_4
west,2x8 #3,2025-07-25,2x8,3,20,225,True,G3_4
west,2x8 #3,2025-08-01,2x8,3,20,225,True,G3_4
west,2x8 #3,2025-08-08,2x8,3,20,225,True,G3_4
west,2x8 #3,2025-08-15,2x8,3,20,235,True,G3_4
west,2x8 #3,2025-08-22,2x8,3,20,235,True,G3_4
west,2x8 #3,2025-08-29,2x8,3,20,225,True,G3_4
west,2x8 #3,2025-09-05,2x8,3,20,225,True,G3_4
west,2x8 #3,2025-09-12,2x8,3,20,225,True,G3_4
west,2x8 #3,2025-09-19,2x8,3,20,225,True,G3_4
west,2x8 #3,2025-09-26,2x8,3,20,225,True,G3_4
west,2x8 #3,2025-10-03,2x8,3,20,225,True,G3_4
west,2x8 #3,2025-10-10,2x8,3,20,225,True,G3_4
west,2x8 #3,2025-10-17,2x8,3,20,225,True,G3_4
west,2x8,2024-01-12,2x8,4,8,165,True,G3_4
west,2x8,2024-01-18,2x8,4,8,165,True,G3_4
west,2x8,2024-01-25,2x8,4,8,165,True,G3_4
west,2x8,2024-02-08,2x8,4,8,165,True,G3_4
west,2x8,2024-02-15,2x8,4,8,165,True,G3_4
west,2x8,2024-02-22,2x8,4,8,170,True,G3_4
west,2x8,2024-02-29,2x8,4,8,175,True,G3_4
west,2x8,2024-03-07,2x8,4,8,180,True,G3_4
west,2x8,2024-03-14,2x8,4,8,180,True,G3_4
west,2x8,2024-03-21,2x8,4,8,185,True,G3_4
west,2x8,2024-03-28,2x8,4,8,185,True,G3_4
west,2x8,2024-04-04,2x8,4,8,185,True,G3_4
west,2x8,2024-04-11,2x8,4,8,185,True,G3_4
west,2x8,2024-04-18,2x8,4,8,185,True,G3_4
west,2x8,2024-04-25,2x8,4,8,185,True,G3_4
west,2x8,2024-05-02,2x8,4,8,185,True,G3_4
west,2x8,2024-05-09,2x8,4,8,185,True,G3_4
west,2x8,2024-05-16,2x8,4,8,185,True,G3_4
west,2x8,2024-05-30,2x8,4,8,185,True,G3_4
west,2x8,2024-06-06,2x8,4,8,185,True,G3_4
west,2x8,2024-06-13,2x8,4,8,185,True,G3_4
west,2x8,2024-06-20,2x8,4,8,185,True,G3_4
west,2x8,2024-06-27,2x8,4,8,185,True,G3_4
west,2x8,2024-07-04,2x8,4,8,185,True,G3_4
west,2x8,2024-07-11,2x8,4,8,185,True,G3_4
west,2x8,2024-07-18,2x8,4,8,185,True,G3_4
west,2x8,2024-07-25,2x8,4,8,185,True,G3_4
west,2x8,2024-08-01,2x8,4,8,185,True,G3_4
west,2x8,2024-08-08,2x8,4,8,185,True,G3_4
west,2x8,2024-08-15,2x8,4,8,185,True,G3_4
west,2x8,2024-08-22,2x8,4,8,185,True,G3_4
west,2x8,2024-08-29,2x8,4,8,185,True,G3_4
west,2x8,2024-09-05,2x8,4,8,185,True,G3_4
west,2x8,2024-09-12,2x8,4,8,185,True,G3_4
west,2x8,2024-09-20,2x8,4,8,185,True,G3_4
west,2x8,2024-09-27,2x8,4,8,195,True,G3_4
west,2x8,2024-10-04,2x8,4,8,200,True,G3_4
west,2x8,2024-10-11,2x8,4,8,210,True,G3_4
west,2x8,2024-10-18,2x8,4,8,215,True,G3_4
west,2x8,2024-10-25,2x8,4,8,220,True,G3_4
west,2x8,2024-11-01,2x8,4,8,225,True,G3_4
west,2x8,2024-11-08,2x8,4,8,225,True,G3_4
west,2x8,2024-11-15,2x8,4,8,225,True,G3_4
west,2x8,2024-11-22,2x8,4,8,225,True,G3_4
west,2x8,2024-11-27,2x8,4,8,225,True,G3_4
west,2x8,2024-12-06,2x8,4,8,225,True,G3_4
west,2x8,2024-12-13,2x8,4,8,225,True,G3_4
west,2x8,2024-12-20,2x8,4,8,225,True,G3_4
west,2x8,2025-01-03,2x8,4,8,225,True,G3_4
west,2x8,2025-01-10,2x8,4,8,225,True,G3_4
west,2x8,2025-01-17,2x8,4,8,225,True,G3_4
west,2x8,2025-01-24,2x8,4,8,225,True,G3_4
west,2x8,2025-01-31,2x8,4,8,225,True,G3_4
west,2x8,2025-02-07,2x8,4,8,230,True,G3_4
west,2x8,2025-02-14,2x8,4,8,235,True,G3_4
west,2x8,2025-02-21,2x8,4,8,240,True,G3_4
west,2x8,2025-02-28,2x8,4,8,250,True,G3_4
west,2x8,2025-03-07,2x8,4,8,260,True,G3_4
west,2x8,2025-03-14,2x8,4,8,270,True,G3_4
west,2x8,2025-03-21,2x8,4,8,280,True,G3_4
west,2x8,2025-03-28,2x8,4,8,290,True,G3_4
west,2x8,2025-04-04,2x8,4,8,295,True,G3_4
west,2x8,2025-04-11,2x8,4,8,300,True,G3_4
west,2x8,2025-04-18,2x8,4,8,310,True,G3_4
west,2x8,2025-04-25,2x8,4,8,310,True,G3_4
west,2x8,2025-05-02,2x8,4,8,310,True,G3_4
west,2x8,2025-05-09,2x8,4,8,305,True,G3_4
west,2x8,2025-05-16,2x8,4,8,300,True,G3_4
west,2x8,2025-05-23,2x8,4,8,285,True,G3_4
west,2x8,2025-05-30,2x8,4,8,260,True,G3_4
west,2x8,2025-06-06,2x8,4,8,240,True,G3_4
west,2x8,2025-06-13,2x8,4,8,220,True,G3_4
west,2x8,2025-06-19,2x8,4,8,210,True,G3_4
west,2x8,2025-06-27,2x8,4,8,205,True,G3_4
west,2x8,2025-07-03,2x8,4,8,205,True,G3_4
west,2x8,2025-07-11,2x8,4,8,205,True,G3_4
west,2x8,2025-07-18,2x8,4,8,200,True,G3_4
west,2x8,2025-07-25,2x8,4,8,200,True,G3_4
west,2x8,2025-08-01,2x8,4,8,200,True,G3_4
west,2x8,2025-08-08,2x8,4,8,200,True,G3_4
west,2x8,2025-08-15,2x8,4,8,200,True,G3_4
west,2x8,2025-08-22,2x8,4,8,200,True,G3_4
west,2x8,2025-08-29,2x8,4,8,200,True,G3_4
west,2x8,2025-09-05,2x8,4,8,200,True,G3_4
west,2x8,2025-09-12,2x8,4,8,190,True,G3_4
west,2x8,2025-09-19,2x8,4,8,190,True,G3_4
west,2x8,2025-09-26,2x8,4,8,190,True,G3_4
west,2x8,2025-10-03,2x8,4,8,190,True,G3_4
west,2x8,2025-10-10,2x8,4,8,190,True,G3_4
west,2x8,2025-10-17,2x8,4,8,190,True,G3_4
west,2x8,2024-01-12,2x8,4,10,165,True,G3_4
west,2x8,2024-01-18,2x8,4,10,165,True,G3_4
west,2x8,2024-01-25,2x8,4,10,165,True,G3_4
west,2x8,2024-02-08,2x8,4,10,165,True,G3_4
west,2x8,2024-02-15,2x8,4,10,165,True,G3_4
west,2x8,2024-02-22,2x8,4,10,170,True,G3_4
west,2x8,2024-02-29,2x8,4,10,175,True,G3_4
west,2x8,2024-03-07,2x8,4,10,180,True,G3_4
west,2x8,2024-03-14,2x8,4,10,180,True,G3_4
west,2x8,2024-03-21,2x8,4,10,185,True,G3_4
west,2x8,2024-03-28,2x8,4,10,185,True,G3_4
west,2x8,2024-04-04,2x8,4,10,185,True,G3_4
west,2x8,2024-04-11,2x8,4,10,185,True,G3_4
west,2x8,2024-04-18,2x8,4,10,185,True,G3_4
west,2x8,2024-04-25,2x8,4,10,185,True,G3_4
west,2x8,2024-05-02,2x8,4,10,185,True,G3_4
west,2x8,2024-05-09,2x8,4,10,185,True,G3_4
west,2x8,2024-05-16,2x8,4,10,185,True,G3_4
west,2x8,2024-05-30,2x8,4,10,185,True,G3_4
west,2x8,2024-06-06,2x8,4,10,185,True,G3_4
west,2x8,2024-06-13,2x8,4,10,185,True,G3_4
west,2x8,2024-06-20,2x8,4,10,185,True,G3_4
west,2x8,2024-06-27,2x8,4,10,185,True,G3_4
west,2x8,2024-07-04,2x8,4,10,185,True,G3_4
west,2x8,2024-07-11,2x8,4,10,185,True,G3_4
west,2x8,2024-07-18,2x8,4,10,185,True,G3_4
west,2x8,2024-07-25,2x8,4,10,185,True,G3_4
west,2x8,2024-08-01,2x8,4,10,185,True,G3_4
west,2x8,2024-08-08,2x8,4,10,185,True,G3_4
west,2x8,2024-08-15,2x8,4,10,185,True,G3_4
west,2x8,2024-08-22,2x8,4,10,185,True,G3_4
west,2x8,2024-08-29,2x8,4,10,185,True,G3_4
west,2x8,2024-09-05,2x8,4,10,185,True,G3_4
west,2x8,2024-09-12,2x8,4,10,185,True,G3_4
west,2x8,2024-09-20,2x8,4,10,185,True,G3_4
west,2x8,2024-09-27,2x8,4,10,195,True,G3_4
west,2x8,2024-10-04,2x8,4,10,200,True,G3_4
west,2x8,2024-10-11,2x8,4,10,210,True,G3_4
west,2x8,2024-10-18,2x8,4,10,215,True,G3_4
west,2x8,2024-10-25,2x8,4,10,220,True,G3_4
west,2x8,2024-11-01,2x8,4,10,225,True,G3_4
west,2x8,2024-11-08,2x8,4,10,225,True,G3_4
west,2x8,2024-11-15,2x8,4,10,225,True,G3_4
west,2x8,2024-11-22,2x8,4,10,225,True,G3_4
west,2x8,2024-11-27,2x8,4,10,225,True,G3_4
west,2x8,2024-12-06,2x8,4,10,225,True,G3_4
west,2x8,2024-12-13,2x8,4,10,225,True,G3_4
west,2x8,2024-12-20,2x8,4,10,225,True,G3_4
west,2x8,2025-01-03,2x8,4,10,225,True,G3_4
west,2x8,2025-01-10,2x8,4,10,225,True,G3_4
west,2x8,2025-01-17,2x8,4,10,225,True,G3_4
west,2x8,2025-01-24,2x8,4,10,225,True,G3_4
west,2x8,2025-01-31,2x8,4,10,225,True,G3_4
west,2x8,2025-02-07,2x8,4,10,230,True,G3_4
west,2x8,2025-02-14,2x8,4,10,235,True,G3_4
west,2x8,2025-02-21,2x8,4,10,240,True,G3_4
west,2x8,2025-02-28,2x8,4,10,250,True,G3_4
west,2x8,2025-03-07,2x8,4,10,260,True,G3_4
west,2x8,2025-03-14,2x8,4,10,270,True,G3_4
west,2x8,2025-03-21,2x8,4,10,280,True,G3_4
west,2x8,2025-03-28,2x8,4,10,290,True,G3_4
west,2x8,2025-04-04,2x8,4,10,295,True,G3_4
west,2x8,2025-04-11,2x8,4,10,300,True,G3_4
west,2x8,2025-04-18,2x8,4,10,310,True,G3_4
west,2x8,2025-04-25,2x8,4,10,310,True,G3_4
west,2x8,2025-05-02,2x8,4,10,310,True,G3_4
west,2x8,2025-05-09,2x8,4,10,305,True,G3_4
west,2x8,2025-05-16,2x8,4,10,300,True,G3_4
west,2x8,2025-05-23,2x8,4,10,285,True,G3_4
west,2x8,2025-05-30,2x8,4,10,260,True,G3_4
west,2x8,2025-06-06,2x8,4,10,240,True,G3_4
west,2x8,2025-06-13,2x8,4,10,220,True,G3_4
west,2x8,2025-06-19,2x8,4,10,210,True,G3_4
west,2x8,2025-06-27,2x8,4,10,205,True,G3_4
west,2x8,2025-07-03,2x8,4,10,205,True,G3_4
west,2x8,2025-07-11,2x8,4,10,205,True,G3_4
west,2x8,2025-07-18,2x8,4,10,200,True,G3_4
west,2x8,2025-07-25,2x8,4,10,200,True,G3_4
west,2x8,2025-08-01,2x8,4,10,200,True,G3_4
west,2x8,2025-08-08,2x8,4,10,200,True,G3_4
west,2x8,2025-08-15,2x8,4,10,200,True,G3_4
west,2x8,2025-08-22,2x8,4,10,200,True,G3_4
west,2x8,2025-08-29,2x8,4,10,200,True,G3_4
west,2x8,2025-09-05,2x8,4,10,200,True,G3_4
west,2x8,2025-09-12,2x8,4,10,190,True,G3_4
west,2x8,2025-09-19,2x8,4,10,190,True,G3_4
west,2x8,2025-09-26,2x8,4,10,190,True,G3_4
west,2x8,2025-10-03,2x8,4,10,190,True,G3_4
west,2x8,2025-10-10,2x8,4,10,190,True,G3_4
west,2x8,2025-10-17,2x8,4,10,190,True,G3_4
west,2x8,2024-01-12,2x8,4,12,165,True,G3_4
west,2x8,2024-01-18,2x8,4,12,165,True,G3_4
west,2x8,2024-01-25,2x8,4,12,165,True,G3_4
west,2x8,2024-02-08,2x8,4,12,165,True,G3_4
west,2x8,2024-02-15,2x8,4,12,165,True,G3_4
west,2x8,2024-02-22,2x8,4,12,170,True,G3_4
west,2x8,2024-02-29,2x8,4,12,175,True,G3_4
west,2x8,2024-03-07,2x8,4,12,180,True,G3_4
west,2x8,2024-03-14,2x8,4,12,180,True,G3_4
west,2x8,2024-03-21,2x8,4,12,185,True,G3_4
west,2x8,2024-03-28,2x8,4,12,185,True,G3_4
west,2x8,2024-04-04,2x8,4,12,185,True,G3_4
west,2x8,2024-04-11,2x8,4,12,185,True,G3_4
west,2x8,2024-04-18,2x8,4,12,185,True,G3_4
west,2x8,2024-04-25,2x8,4,12,185,True,G3_4
west,2x8,2024-05-02,2x8,4,12,185,True,G3_4
west,2x8,2024-05-09,2x8,4,12,185,True,G3_4
west,2x8,2024-05-16,2x8,4,12,185,True,G3_4
west,2x8,2024-05-30,2x8,4,12,185,True,G3_4
west,2x8,2024-06-06,2x8,4,12,185,True,G3_4
west,2x8,2024-06-13,2x8,4,12,185,True,G3_4
west,2x8,2024-06-20,2x8,4,12,185,True,G3_4
west,2x8,2024-06-27,2x8,4,12,185,True,G3_4
west,2x8,2024-07-04,2x8,4,12,185,True,G3_4
west,2x8,2024-07-11,2x8,4,12,185,True,G3_4
west,2x8,2024-07-18,2x8,4,12,185,True,G3_4
west,2x8,2024-07-25,2x8,4,12,185,True,G3_4
west,2x8,2024-08-01,2x8,4,12,185,True,G3_4
west,2x8,2024-08-08,2x8,4,12,185,True,G3_4
west,2x8,2024-08-15,2x8,4,12,185,True,G3_4
west,2x8,2024-08-22,2x8,4,12,185,True,G3_4
west,2x8,2024-08-29,2x8,4,12,185,True,G3_4
west,2x8,2024-09-05,2x8,4,12,185,True,G3_4
west,2x8,2024-09-12,2x8,4,12,185,True,G3_4
west,2x8,2024-09-20,2x8,4,12,185,True,G3_4
west,2x8,2024-09-27,2x8,4,12,195,True,G3_4
west,2x8,2024-10-04,2x8,4,12,200,True,G3_4
west,2x8,2024-10-11,2x8,4,12,210,True,G3_4
west,2x8,2024-10-18,2x8,4,12,215,True,G3_4
west,2x8,2024-10-25,2x8,4,12,220,True,G3_4
west,2x8,2024-11-01,2x8,4,12,225,True,G3_4
west,2x8,2024-11-08,2x8,4,12,225,True,G3_4
west,2x8,2024-11-15,2x8,4,12,225,True,G3_4
west,2x8,2024-11-22,2x8,4,12,225,True,G3_4
west,2x8,2024-11-27,2x8,4,12,225,True,G3_4
west,2x8,2024-12-06,2x8,4,12,225,True,G3_4
west,2x8,2024-12-13,2x8,4,12,225,True,G3_4
west,2x8,2024-12-20,2x8,4,12,225,True,G3_4
west,2x8,2025-01-03,2x8,4,12,225,True,G3_4
west,2x8,2025-01-10,2x8,4,12,225,True,G3_4
west,2x8,2025-01-17,2x8,4,12,225,True,G3_4
west,2x8,2025-01-24,2x8,4,12,225,True,G3_4
west,2x8,2025-01-31,2x8,4,12,225,True,G3_4
west,2x8,2025-02-07,2x8,4,12,230,True,G3_4
west,2x8,2025-02-14,2x8,4,12,235,True,G3_4
west,2x8,2025-02-21,2x8,4,12,240,True,G3_4
west,2x8,2025-02-28,2x8,4,12,250,True,G3_4
west,2x8,2025-03-07,2x8,4,12,260,True,G3_4
west,2x8,2025-03-14,2x8,4,12,270,True,G3_4
west,2x8,2025-03-21,2x8,4,12,280,True,G3_4
west,2x8,2025-03-28,2x8,4,12,290,True,G3_4
west,2x8,2025-04-04,2x8,4,12,295,True,G3_4
west,2x8,2025-04-11,2x8,4,12,300,True,G3_4
west,2x8,2025-04-18,2x8,4,12,310,True,G3_4
west,2x8,2025-04-25,2x8,4,12,310,True,G3_4
west,2x8,2025-05-02,2x8,4,12,310,True,G3_4
west,2x8,2025-05-09,2x8,4,12,305,True,G3_4
west,2x8,2025-05-16,2x8,4,12,300,True,G3_4
west,2x8,2025-05-23,2x8,4,12,285,True,G3_4
west,2x8,2025-05-30,2x8,4,12,260,True,G3_4
west,2x8,2025-06-06,2x8,4,12,240,True,G3_4
west,2x8,2025-06-13,2x8,4,12,220,True,G3_4
west,2x8,2025-06-19,2x8,4,12,210,True,G3_4
west,2x8,2025-06-27,2x8,4,12,205,True,G3_4
west,2x8,2025-07-03,2x8,4,12,205,True,G3_4
west,2x8,2025-07-11,2x8,4,12,205,True,G3_4
west,2x8,2025-07-18,2x8,4,12,200,True,G3_4
west,2x8,2025-07-25,2x8,4,12,200,True,G3_4
west,2x8,2025-08-01,2x8,4,12,200,True,G3_4
west,2x8,2025-08-08,2x8,4,12,200,True,G3_4
west,2x8,2025-08-15,2x8,4,12,200,True,G3_4
west,2x8,2025-08-22,2x8,4,12,200,True,G3_4
west,2x8,2025-08-29,2x8,4,12,200,True,G3_4
west,2x8,2025-09-05,2x8,4,12,200,True,G3_4
west,2x8,2025-09-12,2x8,4,12,190,True,G3_4
west,2x8,2025-09-19,2x8,4,12,190,True,G3_4
west,2x8,2025-09-26,2x8,4,12,190,True,G3_4
west,2x8,2025-10-03,2x8,4,12,190,True,G3_4
west,2x8,2025-10-10,2x8,4,12,190,True,G3_4
west,2x8,2025-10-17,2x8,4,12,190,True,G3_4
west,2x8,2024-01-12,2x8,4,14,165,True,G3_4
west,2x8,2024-01-18,2x8,4,14,165,True,G3_4
west,2x8,2024-01-25,2x8,4,14,165,True,G3_4
west,2x8,2024-02-08,2x8,4,14,165,True,G3_4
west,2x8,2024-02-15,2x8,4,14,165,True,G3_4
west,2x8,2024-02-22,2x8,4,14,170,True,G3_4
west,2x8,2024-02-29,2x8,4,14,175,True,G3_4
west,2x8,2024-03-07,2x8,4,14,180,True,G3_4
west,2x8,2024-03-14,2x8,4,14,180,True,G3_4
west,2x8,2024-03-21,2x8,4,14,185,True,G3_4
west,2x8,2024-03-28,2x8,4,14,185,True,G3_4
west,2x8,2024-04-04,2x8,4,14,185,True,G3_4
west,2x8,2024-04-11,2x8,4,14,185,True,G3_4
west,2x8,2024-04-18,2x8,4,14,185,True,G3_4
west,2x8,2024-04-25,2x8,4,14,185,True,G3_4
west,2x8,2024-05-02,2x8,4,14,185,True,G3_4
west,2x8,2024-05-09,2x8,4,14,185,True,G3_4
west,2x8,2024-05-16,2x8,4,14,185,True,G3_4
west,2x8,2024-05-30,2x8,4,14,185,True,G3_4
west,2x8,2024-06-06,2x8,4,14,185,True,G3_4
west,2x8,2024-06-13,2x8,4,14,185,True,G3_4
west,2x8,2024-06-20,2x8,4,14,185,True,G3_4
west,2x8,2024-06-27,2x8,4,14,185,True,G3_4
west,2x8,2024-07-04,2x8,4,14,185,True,G3_4
west,2x8,2024-07-11,2x8,4,14,185,True,G3_4
west,2x8,2024-07-18,2x8,4,14,185,True,G3_4
west,2x8,2024-07-25,2x8,4,14,185,True,G3_4
west,2x8,2024-08-01,2x8,4,14,185,True,G3_4
west,2x8,2024-08-08,2x8,4,14,185,True,G3_4
west,2x8,2024-08-15,2x8,4,14,185,True,G3_4
west,2x8,2024-08-22,2x8,4,14,185,True,G3_4
west,2x8,2024-08-29,2x8,4,14,185,True,G3_4
west,2x8,2024-09-05,2x8,4,14,185,True,G3_4
west,2x8,2024-09-12,2x8,4,14,185,True,G3_4
west,2x8,2024-09-20,2x8,4,14,185,True,G3_4
west,2x8,2024-09-27,2x8,4,14,195,True,G3_4
west,2x8,2024-10-04,2x8,4,14,200,True,G3_4
west,2x8,2024-10-11,2x8,4,14,210,True,G3_4
west,2x8,2024-10-18,2x8,4,14,215,True,G3_4
west,2x8,2024-10-25,2x8,4,14,220,True,G3_4
west,2x8,2024-11-01,2x8,4,14,225,True,G3_4
west,2x8,2024-11-08,2x8,4,14,225,True,G3_4
west,2x8,2024-11-15,2x8,4,14,225,True,G3_4
west,2x8,2024-11-22,2x8,4,14,225,True,G3_4
west,2x8,2024-11-27,2x8,4,14,225,True,G3_4
west,2x8,2024-12-06,2x8,4,14,225,True,G3_4
west,2x8,2024-12-13,2x8,4,14,225,True,G3_4
west,2x8,2024-12-20,2x8,4,14,225,True,G3_4
west,2x8,2025-01-03,2x8,4,14,225,True,G3_4
west,2x8,2025-01-10,2x8,4,14,225,True,G3_4
west,2x8,2025-01-17,2x8,4,14,225,True,G3_4
west,2x8,2025-01-24,2x8,4,14,225,True,G3_4
west,2x8,2025-01-31,2x8,4,14,225,True,G3_4
west,2x8,2025-02-07,2x8,4,14,230,True,G3_4
west,2x8,2025-02-14,2x8,4,14,235,True,G3_4
west,2x8,2025-02-21,2x8,4,14,240,True,G3_4
west,2x8,2025-02-28,2x8,4,14,250,True,G3_4
west,2x8,2025-03-07,2x8,4,14,260,True,G3_4
west,2x8,2025-03-14,2x8,4,14,270,True,G3_4
west,2x8,2025-03-21,2x8,4,14,280,True,G3_4
west,2x8,2025-03-28,2x8,4,14,290,True,G3_4
west,2x8,2025-04-04,2x8,4,14,295,True,G3_4
west,2x8,2025-04-11,2x8,4,14,300,True,G3_4
west,2x8,2025-04-18,2x8,4,14,310,True,G3_4
west,2x8,2025-04-25,2x8,4,14,310,True,G3_4
west,2x8,2025-05-02,2x8,4,14,310,True,G3_4
west,2x8,2025-05-09,2x8,4,14,305,True,G3_4
west,2x8,2025-05-16,2x8,4,14,300,True,G3_4
west,2x8,2025-05-23,2x8,4,14,285,True,G3_4
west,2x8,2025-05-30,2x8,4,14,260,True,G3_4
west,2x8,2025-06-06,2x8,4,14,240,True,G3_4
west,2x8,2025-06-13,2x8,4,14,220,True,G3_4
west,2x8,2025-06-19,2x8,4,14,210,True,G3_4
west,2x8,2025-06-27,2x8,4,14,205,True,G3_4
west,2x8,2025-07-03,2x8,4,14,205,True,G3_4
west,2x8,2025-07-11,2x8,4,14,205,True,G3_4
west,2x8,2025-07-18,2x8,4,14,200,True,G3_4
west,2x8,2025-07-25,2x8,4,14,200,True,G3_4
west,2x8,2025-08-01,2x8,4,14,200,True,G3_4
west,2x8,2025-08-08,2x8,4,14,200,True,G3_4
west,2x8,2025-08-15,2x8,4,14,200,True,G3_4
west,2x8,2025-08-22,2x8,4,14,200,True,G3_4
west,2x8,2025-08-29,2x8,4,14,200,True,G3_4
west,2x8,2025-09-05,2x8,4,14,200,True,G3_4
west,2x8,2025-09-12,2x8,4,14,190,True,G3_4
west,2x8,2025-09-19,2x8,4,14,190,True,G3_4
west,2x8,2025-09-26,2x8,4,14,190,True,G3_4
west,2x8,2025-10-03,2x8,4,14,190,True,G3_4
west,2x8,2025-10-10,2x8,4,14,190,True,G3_4
west,2x8,2025-10-17,2x8,4,14,190,True,G3_4
west,2x8,2024-01-12,2x8,4,16,165,True,G3_4
west,2x8,2024-01-18,2x8,4,16,165,True,G3_4
west,2x8,2024-01-25,2x8,4,16,165,True,G3_4
west,2x8,2024-02-08,2x8,4,16,165,True,G3_4
west,2x8,2024-02-15,2x8,4,16,165,True,G3_4
west,2x8,2024-02-22,2x8,4,16,170,True,G3_4
west,2x8,2024-02-29,2x8,4,16,175,True,G3_4
west,2x8,2024-03-07,2x8,4,16,180,True,G3_4
west,2x8,2024-03-14,2x8,4,16,180,True,G3_4
west,2x8,2024-03-21,2x8,4,16,185,True,G3_4
west,2x8,2024-03-28,2x8,4,16,185,True,G3_4
west,2x8,2024-04-04,2x8,4,16,185,True,G3_4
west,2x8,2024-04-11,2x8,4,16,185,True,G3_4
west,2x8,2024-04-18,2x8,4,16,185,True,G3_4
west,2x8,2024-04-25,2x8,4,16,185,True,G3_4
west,2x8,2024-05-02,2x8,4,16,185,True,G3_4
west,2x8,2024-05-09,2x8,4,16,185,True,G3_4
west,2x8,2024-05-16,2x8,4,16,185,True,G3_4
west,2x8,2024-05-30,2x8,4,16,185,True,G3_4
west,2x8,2024-06-06,2x8,4,16,185,True,G3_4
west,2x8,2024-06-13,2x8,4,16,185,True,G3_4
west,2x8,2024-06-20,2x8,4,16,185,True,G3_4
west,2x8,2024-06-27,2x8,4,16,185,True,G3_4
west,2x8,2024-07-04,2x8,4,16,185,True,G3_4
west,2x8,2024-07-11,2x8,4,16,185,True,G3_4
west,2x8,2024-07-18,2x8,4,16,185,True,G3_4
west,2x8,2024-07-25,2x8,4,16,185,True,G3_4
west,2x8,2024-08-01,2x8,4,16,185,True,G3_4
west,2x8,2024-08-08,2x8,4,16,185,True,G3_4
west,2x8,2024-08-15,2x8,4,16,185,True,G3_4
west,2x8,2024-08-22,2x8,4,16,185,True,G3_4
west,2x8,2024-08-29,2x8,4,16,185,True,G3_4
west,2x8,2024-09-05,2x8,4,16,185,True,G3_4
west,2x8,2024-09-12,2x8,4,16,185,True,G3_4
west,2x8,2024-09-20,2x8,4,16,185,True,G3_4
west,2x8,2024-09-27,2x8,4,16,195,True,G3_4
west,2x8,2024-10-04,2x8,4,16,200,True,G3_4
west,2x8,2024-10-11,2x8,4,16,210,True,G3_4
west,2x8,2024-10-18,2x8,4,16,215,True,G3_4
west,2x8,2024-10-25,2x8,4,16,220,True,G3_4
west,2x8,2024-11-01,2x8,4,16,225,True,G3_4
west,2x8,2024-11-08,2x8,4,16,225,True,G3_4
west,2x8,2024-11-15,2x8,4,16,225,True,G3_4
west,2x8,2024-11-22,2x8,4,16,225,True,G3_4
west,2x8,2024-11-27,2x8,4,16,225,True,G3_4
west,2x8,2024-12-06,2x8,4,16,225,True,G3_4
west,2x8,2024-12-13,2x8,4,16,225,True,G3_4
west,2x8,2024-12-20,2x8,4,16,225,True,G3_4
west,2x8,2025-01-03,2x8,4,16,225,True,G3_4
west,2x8,2025-01-10,2x8,4,16,225,True,G3_4
west,2x8,2025-01-17,2x8,4,16,225,True,G3_4
west,2x8,2025-01-24,2x8,4,16,225,True,G3_4
west,2x8,2025-01-31,2x8,4,16,225,True,G3_4
west,2x8,2025-02-07,2x8,4,16,230,True,G3_4
west,2x8,2025-02-14,2x8,4,16,235,True,G3_4
west,2x8,2025-02-21,2x8,4,16,240,True,G3_4
west,2x8,2025-02-28,2x8,4,16,250,True,G3_4
west,2x8,2025-03-07,2x8,4,16,260,True,G3_4
west,2x8,2025-03-14,2x8,4,16,270,True,G3_4
west,2x8,2025-03-21,2x8,4,16,280,True,G3_4
west,2x8,2025-03-28,2x8,4,16,290,True,G3_4
west,2x8,2025-04-04,2x8,4,16,295,True,G3_4
west,2x8,2025-04-11,2x8,4,16,300,True,G3_4
west,2x8,2025-04-18,2x8,4,16,310,True,G3_4
west,2x8,2025-04-25,2x8,4,16,310,True,G3_4
west,2x8,2025-05-02,2x8,4,16,310,True,G3_4
west,2x8,2025-05-09,2x8,4,16,305,True,G3_4
west,2x8,2025-05-16,2x8,4,16,300,True,G3_4
west,2x8,2025-05-23,2x8,4,16,285,True,G3_4
west,2x8,2025-05-30,2x8,4,16,260,True,G3_4
west,2x8,2025-06-06,2x8,4,16,240,True,G3_4
west,2x8,2025-06-13,2x8,4,16,220,True,G3_4
west,2x8,2025-06-19,2x8,4,16,210,True,G3_4
west,2x8,2025-06-27,2x8,4,16,205,True,G3_4
west,2x8,2025-07-03,2x8,4,16,205,True,G3_4
west,2x8,2025-07-11,2x8,4,16,205,True,G3_4
west,2x8,2025-07-18,2x8,4,16,200,True,G3_4
west,2x8,2025-07-25,2x8,4,16,200,True,G3_4
west,2x8,2025-08-01,2x8,4,16,200,True,G3_4
west,2x8,2025-08-08,2x8,4,16,200,True,G3_4
west,2x8,2025-08-15,2x8,4,16,200,True,G3_4
west,2x8,2025-08-22,2x8,4,16,200,True,G3_4
west,2x8,2025-08-29,2x8,4,16,200,True,G3_4
west,2x8,2025-09-05,2x8,4,16,200,True,G3_4
west,2x8,2025-09-12,2x8,4,16,190,True,G3_4
west,2x8,2025-09-19,2x8,4,16,190,True,G3_4
west,2x8,2025-09-26,2x8,4,16,190,True,G3_4
west,2x8,2025-10-03,2x8,4,16,190,True,G3_4
west,2x8,2025-10-10,2x8,4,16,190,True,G3_4
west,2x8,2025-10-17,2x8,4,16,190,True,G3_4
west,2x8,2024-01-12,2x8,4,18,165,True,G3_4
west,2x8,2024-01-18,2x8,4,18,165,True,G3_4
west,2x8,2024-01-25,2x8,4,18,165,True,G3_4
west,2x8,2024-02-08,2x8,4,18,165,True,G3_4
west,2x8,2024-02-15,2x8,4,18,165,True,G3_4
west,2x8,2024-02-22,2x8,4,18,170,True,G3_4
west,2x8,2024-02-29,2x8,4,18,175,True,G3_4
west,2x8,2024-03-07,2x8,4,18,180,True,G3_4
west,2x8,2024-03-14,2x8,4,18,180,True,G3_4
west,2x8,2024-03-21,2x8,4,18,185,True,G3_4
west,2x8,2024-03-28,2x8,4,18,185,True,G3_4
west,2x8,2024-04-04,2x8,4,18,185,True,G3_4
west,2x8,2024-04-11,2x8,4,18,185,True,G3_4
west,2x8,2024-04-18,2x8,4,18,185,True,G3_4
west,2x8,2024-04-25,2x8,4,18,185,True,G3_4
west,2x8,2024-05-02,2x8,4,18,185,True,G3_4
west,2x8,2024-05-09,2x8,4,18,185,True,G3_4
west,2x8,2024-05-16,2x8,4,18,185,True,G3_4
west,2x8,2024-05-30,2x8,4,18,185,True,G3_4
west,2x8,2024-06-06,2x8,4,18,185,True,G3_4
west,2x8,2024-06-13,2x8,4,18,185,True,G3_4
west,2x8,2024-06-20,2x8,4,18,185,True,G3_4
west,2x8,2024-06-27,2x8,4,18,185,True,G3_4
west,2x8,2024-07-04,2x8,4,18,185,True,G3_4
west,2x8,2024-07-11,2x8,4,18,185,True,G3_4
west,2x8,2024-07-18,2x8,4,18,185,True,G3_4
west,2x8,2024-07-25,2x8,4,18,185,True,G3_4
west,2x8,2024-08-01,2x8,4,18,185,True,G3_4
west,2x8,2024-08-08,2x8,4,18,185,True,G3_4
west,2x8,2024-08-15,2x8,4,18,185,True,G3_4
west,2x8,2024-08-22,2x8,4,18,185,True,G3_4
west,2x8,2024-08-29,2x8,4,18,185,True,G3_4
west,2x8,2024-09-05,2x8,4,18,185,True,G3_4
west,2x8,2024-09-12,2x8,4,18,185,True,G3_4
west,2x8,2024-09-20,2x8,4,18,185,True,G3_4
west,2x8,2024-09-27,2x8,4,18,195,True,G3_4
west,2x8,2024-10-04,2x8,4,18,200,True,G3_4
west,2x8,2024-10-11,2x8,4,18,210,True,G3_4
west,2x8,2024-10-18,2x8,4,18,215,True,G3_4
west,2x8,2024-10-25,2x8,4,18,220,True,G3_4
west,2x8,2024-11-01,2x8,4,18,225,True,G3_4
west,2x8,2024-11-08,2x8,4,18,225,True,G3_4
west,2x8,2024-11-15,2x8,4,18,225,True,G3_4
west,2x8,2024-11-22,2x8,4,18,225,True,G3_4
west,2x8,2024-11-27,2x8,4,18,225,True,G3_4
west,2x8,2024-12-06,2x8,4,18,225,True,G3_4
west,2x8,2024-12-13,2x8,4,18,225,True,G3_4
west,2x8,2024-12-20,2x8,4,18,225,True,G3_4
west,2x8,2025-01-03,2x8,4,18,225,True,G3_4
west,2x8,2025-01-10,2x8,4,18,225,True,G3_4
west,2x8,2025-01-17,2x8,4,18,225,True,G3_4
west,2x8,2025-01-24,2x8,4,18,225,True,G3_4
west,2x8,2025-01-31,2x8,4,18,225,True,G3_4
west,2x8,2025-02-07,2x8,4,18,230,True,G3_4
west,2x8,2025-02-14,2x8,4,18,235,True,G3_4
west,2x8,2025-02-21,2x8,4,18,240,True,G3_4
west,2x8,2025-02-28,2x8,4,18,250,True,G3_4
west,2x8,2025-03-07,2x8,4,18,260,True,G3_4
west,2x8,2025-03-14,2x8,4,18,270,True,G3_4
west,2x8,2025-03-21,2x8,4,18,280,True,G3_4
west,2x8,2025-03-28,2x8,4,18,290,True,G3_4
west,2x8,2025-04-04,2x8,4,18,295,True,G3_4
west,2x8,2025-04-11,2x8,4,18,300,True,G3_4
west,2x8,2025-04-18,2x8,4,18,310,True,G3_4
west,2x8,2025-04-25,2x8,4,18,310,True,G3_4
west,2x8,2025-05-02,2x8,4,18,310,True,G3_4
west,2x8,2025-05-09,2x8,4,18,305,True,G3_4
west,2x8,2025-05-16,2x8,4,18,300,True,G3_4
west,2x8,2025-05-23,2x8,4,18,285,True,G3_4
west,2x8,2025-05-30,2x8,4,18,260,True,G3_4
west,2x8,2025-06-06,2x8,4,18,240,True,G3_4
west,2x8,2025-06-13,2x8,4,18,220,True,G3_4
west,2x8,2025-06-19,2x8,4,18,210,True,G3_4
west,2x8,2025-06-27,2x8,4,18,205,True,G3_4
west,2x8,2025-07-03,2x8,4,18,205,True,G3_4
west,2x8,2025-07-11,2x8,4,18,205,True,G3_4
west,2x8,2025-07-18,2x8,4,18,200,True,G3_4
west,2x8,2025-07-25,2x8,4,18,200,True,G3_4
west,2x8,2025-08-01,2x8,4,18,200,True,G3_4
west,2x8,2025-08-08,2x8,4,18,200,True,G3_4
west,2x8,2025-08-15,2x8,4,18,200,True,G3_4
west,2x8,2025-08-22,2x8,4,18,200,True,G3_4
west,2x8,2025-08-29,2x8,4,18,200,True,G3_4
west,2x8,2025-09-05,2x8,4,18,200,True,G3_4
west,2x8,2025-09-12,2x8,4,18,190,True,G3_4
west,2x8,2025-09-19,2x8,4,18,190,True,G3_4
west,2x8,2025-09-26,2x8,4,18,190,True,G3_4
west,2x8,2025-10-03,2x8,4,18,190,True,G3_4
west,2x8,2025-10-10,2x8,4,18,190,True,G3_4
west,2x8,2025-10-17,2x8,4,18,190,True,G3_4
west,2x8,2024-01-12,2x8,4,20,165,True,G3_4
west,2x8,2024-01-18,2x8,4,20,165,True,G3_4
west,2x8,2024-01-25,2x8,4,20,165,True,G3_4
west,2x8,2024-02-08,2x8,4,20,165,True,G3_4
west,2x8,2024-02-15,2x8,4,20,165,True,G3_4
west,2x8,2024-02-22,2x8,4,20,170,True,G3_4
west,2x8,2024-02-29,2x8,4,20,175,True,G3_4
west,2x8,2024-03-07,2x8,4,20,180,True,G3_4
west,2x8,2024-03-14,2x8,4,20,180,True,G3_4
west,2x8,2024-03-21,2x8,4,20,185,True,G3_4
west,2x8,2024-03-28,2x8,4,20,185,True,G3_4
west,2x8,2024-04-04,2x8,4,20,185,True,G3_4
west,2x8,2024-04-11,2x8,4,20,185,True,G3_4
west,2x8,2024-04-18,2x8,4,20,185,True,G3_4
west,2x8,2024-04-25,2x8,4,20,185,True,G3_4
west,2x8,2024-05-02,2x8,4,20,185,True,G3_4
west,2x8,2024-05-09,2x8,4,20,185,True,G3_4
west,2x8,2024-05-16,2x8,4,20,185,True,G3_4
west,2x8,2024-05-30,2x8,4,20,185,True,G3_4
west,2x8,2024-06-06,2x8,4,20,185,True,G3_4
west,2x8,2024-06-13,2x8,4,20,185,True,G3_4
west,2x8,2024-06-20,2x8,4,20,185,True,G3_4
west,2x8,2024-06-27,2x8,4,20,185,True,G3_4
west,2x8,2024-07-04,2x8,4,20,185,True,G3_4
west,2x8,2024-07-11,2x8,4,20,185,True,G3_4
west,2x8,2024-07-18,2x8,4,20,185,True,G3_4
west,2x8,2024-07-25,2x8,4,20,185,True,G3_4
west,2x8,2024-08-01,2x8,4,20,185,True,G3_4
west,2x8,2024-08-08,2x8,4,20,185,True,G3_4
west,2x8,2024-08-15,2x8,4,20,185,True,G3_4
west,2x8,2024-08-22,2x8,4,20,185,True,G3_4
west,2x8,2024-08-29,2x8,4,20,185,True,G3_4
west,2x8,2024-09-05,2x8,4,20,185,True,G3_4
west,2x8,2024-09-12,2x8,4,20,185,True,G3_4
west,2x8,2024-09-20,2x8,4,20,185,True,G3_4
west,2x8,2024-09-27,2x8,4,20,195,True,G3_4
west,2x8,2024-10-04,2x8,4,20,200,True,G3_4
west,2x8,2024-10-11,2x8,4,20,210,True,G3_4
west,2x8,2024-10-18,2x8,4,20,215,True,G3_4
west,2x8,2024-10-25,2x8,4,20,220,True,G3_4
west,2x8,2024-11-01,2x8,4,20,225,True,G3_4
west,2x8,2024-11-08,2x8,4,20,225,True,G3_4
west,2x8,2024-11-15,2x8,4,20,225,True,G3_4
west,2x8,2024-11-22,2x8,4,20,225,True,G3_4
west,2x8,2024-11-27,2x8,4,20,225,True,G3_4
west,2x8,2024-12-06,2x8,4,20,225,True,G3_4
west,2x8,2024-12-13,2x8,4,20,225,True,G3_4
west,2x8,2024-12-20,2x8,4,20,225,True,G3_4
west,2x8,2025-01-03,2x8,4,20,225,True,G3_4
west,2x8,2025-01-10,2x8,4,20,225,True,G3_4
west,2x8,2025-01-17,2x8,4,20,225,True,G3_4
west,2x8,2025-01-24,2x8,4,20,225,True,G3_4
west,2x8,2025-01-31,2x8,4,20,225,True,G3_4
west,2x8,2025-02-07,2x8,4,20,230,True,G3_4
west,2x8,2025-02-14,2x8,4,20,235,True,G3_4
west,2x8,2025-02-21,2x8,4,20,240,True,G3_4
west,2x8,2025-02-28,2x8,4,20,250,True,G3_4
west,2x8,2025-03-07,2x8,4,20,260,True,G3_4
west,2x8,2025-03-14,2x8,4,20,270,True,G3_4
west,2x8,2025-03-21,2x8,4,20,280,True,G3_4
west,2x8,2025-03-28,2x8,4,20,290,True,G3_4
west,2x8,2025-04-04,2x8,4,20,295,True,G3_4
west,2x8,2025-04-11,2x8,4,20,300,True,G3_4
west,2x8,2025-04-18,2x8,4,20,310,True,G3_4
west,2x8,2025-04-25,2x8,4,20,310,True,G3_4
west,2x8,2025-05-02,2x8,4,20,310,True,G3_4
west,2x8,2025-05-09,2x8,4,20,305,True,G3_4
west,2x8,2025-05-16,2x8,4,20,300,True,G3_4
west,2x8,2025-05-23,2x8,4,20,285,True,G3_4
west,2x8,2025-05-30,2x8,4,20,260,True,G3_4
west,2x8,2025-06-06,2x8,4,20,240,True,G3_4
west,2x8,2025-06-13,2x8,4,20,220,True,G3_4
west,2x8,2025-06-19,2x8,4,20,210,True,G3_4
west,2x8,2025-06-27,2x8,4,20,205,True,G3_4
west,2x8,2025-07-03,2x8,4,20,205,True,G3_4
west,2x8,2025-07-11,2x8,4,20,205,True,G3_4
west,2x8,2025-07-18,2x8,4,20,200,True,G3_4
west,2x8,2025-07-25,2x8,4,20,200,True,G3_4
west,2x8,2025-08-01,2x8,4,20,200,True,G3_4
west,2x8,2025-08-08,2x8,4,20,200,True,G3_4
west,2x8,2025-08-15,2x8,4,20,200,True,G3_4
west,2x8,2025-08-22,2x8,4,20,200,True,G3_4
west,2x8,2025-08-29,2x8,4,20,200,True,G3_4
west,2x8,2025-09-05,2x8,4,20,200,True,G3_4
west,2x8,2025-09-12,2x8,4,20,190,True,G3_4
west,2x8,2025-09-19,2x8,4,20,190,True,G3_4
west,2x8,2025-09-26,2x8,4,20,190,True,G3_4
west,2x8,2025-10-03,2x8,4,20,190,True,G3_4
west,2x8,2025-10-10,2x8,4,20,190,True,G3_4
west,2x8,2025-10-17,2x8,4,20,190,True,G3_4
