mill,product,total_index_relative_margin,avg_index_relative_margin,n
"Anthony Timberlands, Inc (Bearden, AR)",2x12 | #3 | 10ft,-184.0,-30.666666666666668,6
"Anthony Timberlands, Inc (Bearden, AR)",2x12 | #4 | 12ft,-99.999970052083,-8.333330837673584,12
"Anthony Timberlands, Inc (Bearden, AR)",2x12 | #4 | 14ft,-77.49999051339199,-6.458332542782666,12
"Anthony Timberlands, Inc (Bearden, AR)",2x12 | #4 | 8ft,-50.0,-4.545454545454546,11
"Anthony Timberlands, Inc (Bearden, AR)",2x4 | #4 | 16ft,-0.029299075951996656,-0.029299075951996656,1
"Anthony Timberlands, Inc (Bearden, AR)",2x10 | #4 | 6ft,0.0,,3
"Anthony Timberlands, Inc (Bearden, AR)",2x10 | #4 | <NA>ft,0.0,,2
"Anthony Timberlands, Inc (Bearden, AR)",2x12 | #4 | 6ft,0.0,,7
"Anthony Timberlands, Inc (Bearden, AR)",2x12 | #4 | <NA>ft,0.0,,5
"Anthony Timberlands, Inc (Bearden, AR)",2x4 | #4 | 12ft,0.0,0.0,1
"Anthony Timberlands, Inc (Bearden, AR)",2x4 | #4 | 14ft,0.0,0.0,1
"Anthony Timberlands, Inc (Bearden, AR)",2x8 | #4 | <NA>ft,0.0,,2
"Anthony Timberlands, Inc (Bearden, AR)",6x6 | #4 | 10ft,0.0,,2
"Anthony Timberlands, Inc (Bearden, AR)",6x6 | #4 | 12ft,0.0,,18
"Anthony Timberlands, Inc (Bearden, AR)",6x6 | #4 | 14ft,0.0,,3
"Anthony Timberlands, Inc (Bearden, AR)",6x6 | #4 | 16ft,0.0,,6
"Anthony Timberlands, Inc (Bearden, AR)",6x6 | #4 | 8ft,0.0,,12
"Anthony Timberlands, Inc (Bearden, AR)",6x6 | #4 | <NA>ft,0.0,,9
"Anthony Timberlands, Inc (Bearden, AR)",2x10 | #4 | 8ft,19.971725123639004,6.657241707879668,3
"Anthony Timberlands, Inc (Bearden, AR)",2x12 | #3 | 20ft,20.0,10.0,2
"Anthony Timberlands, Inc (Bearden, AR)",2x10 | #4 | 14ft,20.004010324396972,10.002005162198486,2
"Anthony Timberlands, Inc (Bearden, AR)",2x10 | #4 | 10ft,20.056229096363012,6.68540969878767,3
"Anthony Timberlands, Inc (Bearden, AR)",2x12 | #3 | 18ft,25.0,8.333333333333334,3
"Anthony Timberlands, Inc (Bearden, AR)",2x10 | #4 | 12ft,40.0,10.0,4
"Anthony Timberlands, Inc (Bearden, AR)",2x10 | #4 | 16ft,40.04804312163202,10.012010780408005,4
"Anthony Timberlands, Inc (Bearden, AR)",2x12 | #4 | 10ft,66.66668033854202,5.555556694878502,12
"Anthony Timberlands, Inc (Bearden, AR)",2x12 | #3 | 8ft,81.000010986328,11.571430140903999,7
"Anthony Timberlands, Inc (Bearden, AR)",2x12 | #4 | 16ft,85.000011160714,10.62500139508925,8
"Anthony Timberlands, Inc (Bearden, AR)",2x12 | #3 | 14ft,86.00001729910798,10.750002162388498,8
"Anthony Timberlands, Inc (Bearden, AR)",2x12 | #3 | 16ft,86.00004980468702,10.750006225585878,8
"Anthony Timberlands, Inc (Bearden, AR)",2x12 | #3 | 12ft,91.0,10.11111111111111,9
"Anthony Timberlands, Inc (Malvern, AR)",2x12 | #4 | 10ft,-58.333323697916995,-58.333323697916995,1
"Anthony Timberlands, Inc (Malvern, AR)",2x12 | #4 | 14ft,-53.333333333333,-26.6666666666665,2
"Anthony Timberlands, Inc (Malvern, AR)",2x10 | #4 | 8ft,-36.99444555721402,-9.248611389303505,4
"Anthony Timberlands, Inc (Malvern, AR)",2x8 | #4 | 8ft,-30.0,-15.0,2
"Anthony Timberlands, Inc (Malvern, AR)",2x8 | #4 | 16ft,-5.109907181240999,-2.5549535906204994,2
"Anthony Timberlands, Inc (Malvern, AR)",2x8 | #4 | 10ft,-5.087924970692001,-2.5439624853460003,2
"Anthony Timberlands, Inc (Malvern, AR)",2x8 | #4 | 14ft,-5.0,-2.5,2
"Anthony Timberlands, Inc (Malvern, AR)",2x8 | #4 | 12ft,-4.999976128471985,-2.4999880642359926,2
"Anthony Timberlands, Inc (Malvern, AR)",2x10 | #4 | 10ft,-0.05626406601700751,-0.05626406601700751,1
"Anthony Timberlands, Inc (Malvern, AR)",2x10 | #4 | 14ft,-0.01875167425700397,-0.01875167425700397,1
"Anthony Timberlands, Inc (Malvern, AR)",1x4 | #4 | 10ft,0.0,,3
"Anthony Timberlands, Inc (Malvern, AR)",1x4 | #4 | 12ft,0.0,,3
"Anthony Timberlands, Inc (Malvern, AR)",1x4 | #4 | 14ft,0.0,,2
"Anthony Timberlands, Inc (Malvern, AR)",1x4 | #4 | 16ft,0.0,,2
"Anthony Timberlands, Inc (Malvern, AR)",1x4 | #4 | 6ft,0.0,,2
"Anthony Timberlands, Inc (Malvern, AR)",1x4 | #4 | 8ft,0.0,,4
"Anthony Timberlands, Inc (Malvern, AR)",1x4 | #4 | <NA>ft,0.0,,1
"Anthony Timberlands, Inc (Malvern, AR)",1x6 | #3 | 6ft,0.0,,1
"Anthony Timberlands, Inc (Malvern, AR)",1x6 | #4 | 10ft,0.0,,1
"Anthony Timberlands, Inc (Malvern, AR)",1x6 | #4 | 12ft,0.0,,1
"Anthony Timberlands, Inc (Malvern, AR)",1x6 | #4 | 14ft,0.0,,1
"Anthony Timberlands, Inc (Malvern, AR)",1x6 | #4 | 16ft,0.0,,1
"Anthony Timberlands, Inc (Malvern, AR)",1x6 | #4 | 8ft,0.0,,1
"Anthony Timberlands, Inc (Malvern, AR)",1x6 | #4 | <NA>ft,0.0,,1
"Anthony Timberlands, Inc (Malvern, AR)",2x10 | #4 | 12ft,0.0,0.0,2
"Anthony Timberlands, Inc (Malvern, AR)",2x10 | #4 | 6ft,0.0,,6
"Anthony Timberlands, Inc (Malvern, AR)",2x10 | #4 | <NA>ft,0.0,,7
"Anthony Timberlands, Inc (Malvern, AR)",2x12 | #4 | 6ft,0.0,,4
"Anthony Timberlands, Inc (Malvern, AR)",2x12 | #4 | <NA>ft,0.0,,4
"Anthony Timberlands, Inc (Malvern, AR)",2x4 | #3 | 8ft,0.0,,4
"Anthony Timberlands, Inc (Malvern, AR)",2x4 | #4 | 6ft,0.0,,1
"Anthony Timberlands, Inc (Malvern, AR)",2x4 | #4 | <NA>ft,0.0,,1
"Anthony Timberlands, Inc (Malvern, AR)",2x10 | #4 | 16ft,0.017576751815994385,0.017576751815994385,1
"Anthony Timberlands, Inc (Malvern, AR)",2x12 | #4 | 12ft,10.0,5.0,2
"Anthony Timberlands, Inc (Malvern, AR)",2x12 | #4 | 8ft,63.333333333333,21.111111111111,3
"Anthony Timberlands, Inc (Malvern, AR)",2x12 | #4 | 16ft,73.333333333333,36.6666666666665,2
"Austell Forest Products Inc (Gordo, AL)",1x6 | #3 | 6ft,0.0,,4
"Austell Forest Products Inc (Gordo, AL)",4x6 | #4 | 10ft,0.0,,20
"Beasley Forest Prod - Yawn (Hazlehurst, GA)",2x8 | #3 | 12ft,-1.6927082981510466e-05,-1.6927082981510466e-05,1
"Beasley Forest Prod - Yawn (Hazlehurst, GA)",6x6 | #4 | 10ft,0.0,,4
"Beasley Forest Prod - Yawn (Hazlehurst, GA)",6x6 | #4 | 12ft,0.0,,1
"Beasley Forest Prod - Yawn (Hazlehurst, GA)",6x6 | #4 | 6ft,0.0,,1
"Beasley Forest Prod - Yawn (Hazlehurst, GA)",6x6 | #4 | 8ft,0.0,,2
"Bienville Lumber Company, LLC (Taylor, LA)",2x10 | #4 | 14ft,-375.75811011375004,-75.15162202275,5
"Bienville Lumber Company, LLC (Taylor, LA)",2x10 | #4 | 16ft,-169.373136147329,-33.8746272294658,5
"Bienville Lumber Company, LLC (Taylor, LA)",2x10 | #4 | 8ft,-113.35261449989596,-18.892102416649326,6
"Bienville Lumber Company, LLC (Taylor, LA)",2x10 | #4 | 12ft,-61.298581874999996,-12.259716375,5
"Bienville Lumber Company, LLC (Taylor, LA)",2x10 | #3 | 10ft,-60.07081257518996,-12.014162515037992,5
"Bienville Lumber Company, LLC (Taylor, LA)",2x10 | #3 | 8ft,-54.34830292991501,-13.587075732478752,4
"Bienville Lumber Company, LLC (Taylor, LA)",2x10 | #3 | 14ft,-42.78558861269201,-21.392794306346005,2
"Bienville Lumber Company, LLC (Taylor, LA)",2x10 | #3 | 16ft,-42.764660524129,-21.3823302620645,2
"Bienville Lumber Company, LLC (Taylor, LA)",2x6 | #3 | 20ft,-33.65976432291703,-8.414941080729257,4
"Bienville Lumber Company, LLC (Taylor, LA)",2x10 | #4 | 10ft,-29.340874578566996,-9.780291526188998,3
"Bienville Lumber Company, LLC (Taylor, LA)",2x6 | #4 | 14ft,-15.0,-15.0,1
"Bienville Lumber Company, LLC (Taylor, LA)",2x8 | #4 | 14ft,-6.328133370535994,-3.164066685267997,2
"Bienville Lumber Company, LLC (Taylor, LA)",2x6 | #4 | 12ft,-5.000012586806008,-5.000012586806008,1
"Bienville Lumber Company, LLC (Taylor, LA)",2x8 | #4 | 16ft,-0.13775238745597562,-0.04591746248532521,3
"Bienville Lumber Company, LLC (Taylor, LA)",2x8 | #3 | 16ft,-0.011097793759006436,-0.011097793759006436,1
"Bienville Lumber Company, LLC (Taylor, LA)",2x4 | #3 | 10ft,0.0,,52
"Bienville Lumber Company, LLC (Taylor, LA)",2x4 | #3 | 12ft,0.0,,27
"Bienville Lumber Company, LLC (Taylor, LA)",2x4 | #3 | 18ft,0.0,,3
"Bienville Lumber Company, LLC (Taylor, LA)",2x4 | #3 | 20ft,0.0,,3
"Bienville Lumber Company, LLC (Taylor, LA)",2x4 | #3 | 8ft,0.0,,78
"Bienville Lumber Company, LLC (Taylor, LA)",2x8 | #4 | 12ft,0.0,0.0,1
"Bienville Lumber Company, LLC (Taylor, LA)",2x6 | #3 | 14ft,5.0,1.6666666666666667,3
"Bienville Lumber Company, LLC (Taylor, LA)",2x8 | #3 | 14ft,15.0,2.5,6
"Bienville Lumber Company, LLC (Taylor, LA)",2x8 | #4 | 10ft,17.803858504955002,4.4509646262387506,4
"Bienville Lumber Company, LLC (Taylor, LA)",2x6 | #3 | 16ft,26.333333333333997,13.166666666666998,2
"Bienville Lumber Company, LLC (Taylor, LA)",2x4 | #4 | 12ft,33.063370678798975,4.723338668399854,7
"Bienville Lumber Company, LLC (Taylor, LA)",2x6 | #3 | 12ft,45.0,15.0,3
"Bienville Lumber Company, LLC (Taylor, LA)",2x8 | #3 | 8ft,55.639250214869065,4.636604184572422,12
"Bienville Lumber Company, LLC (Taylor, LA)",2x10 | #3 | 12ft,62.22855952380999,15.557139880952498,4
"Bienville Lumber Company, LLC (Taylor, LA)",2x6 | #4 | 16ft,65.833333333333,21.944444444444333,3
"Bienville Lumber Company, LLC (Taylor, LA)",2x6 | #3 | 18ft,99.99997482638798,49.99998741319399,2
"Bienville Lumber Company, LLC (Taylor, LA)",2x8 | #3 | 10ft,112.71393242132302,14.089241552665378,8
"Bienville Lumber Company, LLC (Taylor, LA)",2x8 | #3 | 12ft,116.171753363716,12.907972595968443,9
"Bienville Lumber Company, LLC (Taylor, LA)",2x8 | #4 | 8ft,144.17035429661797,16.018928255179773,9
"Bienville Lumber Company, LLC (Taylor, LA)",2x6 | #4 | 10ft,183.55551345486097,30.592585575810162,6
"Bienville Lumber Company, LLC (Taylor, LA)",2x4 | #4 | 14ft,252.919708822949,28.102189869216556,9
"Bienville Lumber Company, LLC (Taylor, LA)",2x4 | #4 | 8ft,287.2977992214701,17.95611245134188,16
"Bienville Lumber Company, LLC (Taylor, LA)",2x4 | #4 | 16ft,459.03385346619007,21.85875492696143,21
"Bienville Lumber Company, LLC (Taylor, LA)",2x6 | #3 | 10ft,615.492660681653,11.190775648757327,55
"Bienville Lumber Company, LLC (Taylor, LA)",2x6 | #4 | 8ft,626.239212767109,28.465418762141322,22
"Bienville Lumber Company, LLC (Taylor, LA)",2x4 | #4 | 10ft,836.920711407118,39.85336720986276,21
"Bienville Lumber Company, LLC (Taylor, LA)",2x6 | #3 | 8ft,1045.080644106656,26.796939592478363,39
"Biewer Lumber (Winona, MS)",2x4 | #3 | 8ft,0.0,,9
"Binderholz Timber, LLC (New Orleans, LA)",2x12 | #3 | 12ft,-200.0,-40.0,5
"Binderholz Timber, LLC (New Orleans, LA)",2x12 | #3 | 10ft,-40.0,-40.0,1
"CLW, Inc. (Splendora, TX)",2x4 | #4 | 10ft,29.83731712342899,29.83731712342899,1
"CLW, Inc. (Splendora, TX)",2x4 | #4 | 14ft,29.85532415924601,29.85532415924601,1
"CLW, Inc. (Splendora, TX)",2x4 | #4 | 12ft,59.85559752747301,59.85559752747301,1
"CLW, Inc. (Splendora, TX)",2x4 | #4 | 16ft,59.870805162875996,59.870805162875996,1
"Cal-Tex Lumber Co. (Nacogdoches, TX)",2x10 | #4 | 6ft,0.0,,2
"Cal-Tex Lumber Co. (Nacogdoches, TX)",2x12 | #4 | 6ft,0.0,,2
"Cal-Tex Lumber Co. (Nacogdoches, TX)",2x12 | #4 | <NA>ft,0.0,,8
"Cal-Tex Lumber Co. (Nacogdoches, TX)",2x6 | #4 | 6ft,0.0,,1
"Cal-Tex Lumber Co. (Nacogdoches, TX)",2x8 | #4 | 6ft,0.0,,2
"Cal-Tex Lumber Co. (Pollok, TX)",2x4 | #4 | 10ft,-37.76734458387398,-37.76734458387398,1
"Cal-Tex Lumber Co. (Pollok, TX)",4x4 | #4 | 10ft,0.0,,4
"Cal-Tex Lumber Co. (Pollok, TX)",4x4 | #4 | 12ft,0.0,,6
"Cal-Tex Lumber Co. (Pollok, TX)",4x4 | #4 | 8ft,0.0,,8
"Cal-Tex Lumber Co. (Pollok, TX)",2x4 | #4 | 12ft,3.515281249999987,3.515281249999987,1
"Cal-Tex Lumber Co. (Pollok, TX)",2x4 | #4 | 8ft,145.077646145949,72.5388230729745,2
"Canfor Southern Pine (Bucks, AL)",2x10 | #4 | 8ft,-134.79901750761803,-44.93300583587268,3
"Canfor Southern Pine (Bucks, AL)",2x10 | #4 | 16ft,-134.799009695118,-44.933003231706,3
"Canfor Southern Pine (Bucks, AL)",2x6 | #4 | 8ft,-96.19680859375,-48.098404296875,2
"Canfor Southern Pine (Bucks, AL)",2x10 | #4 | 14ft,-86.964875649095,-43.4824378245475,2
"Canfor Southern Pine (Bucks, AL)",2x10 | #4 | 12ft,-84.49171874999999,-42.245859374999995,2
"Canfor Southern Pine (Bucks, AL)",2x6 | #3 | 8ft,-50.92578125,-50.92578125,1
"Canfor Southern Pine (Bucks, AL)",2x8 | #4 | 16ft,-50.41271565953997,-25.206357829769985,2
"Canfor Southern Pine (Bucks, AL)",2x4 | #4 | 14ft,-50.188430135222006,-50.188430135222006,1
"Canfor Southern Pine (Bucks, AL)",2x4 | #4 | 10ft,-50.17240865384599,-50.17240865384599,1
"Canfor Southern Pine (Bucks, AL)",2x8 | #4 | 12ft,-45.26994574652798,-45.26994574652798,1
"Canfor Southern Pine (Bucks, AL)",2x6 | #4 | 16ft,-45.26861328125,-45.26861328125,1
"Canfor Southern Pine (Bucks, AL)",2x10 | #4 | 10ft,-45.017852500000004,-45.017852500000004,1
"Canfor Southern Pine (Bucks, AL)",2x8 | #4 | 14ft,-5.0,-5.0,1
"Canfor Southern Pine (Bucks, AL)",2x8 | #4 | 8ft,-5.0,-5.0,1
"Canfor Southern Pine (Bucks, AL)",2x10 | #4 | <NA>ft,0.0,,1
"Canfor Southern Pine (Bucks, AL)",2x4 | #3 | 10ft,0.0,,9
"Canfor Southern Pine (Bucks, AL)",2x4 | #3 | 12ft,0.0,,16
"Canfor Southern Pine (Bucks, AL)",2x4 | #3 | 14ft,0.0,,9
"Canfor Southern Pine (Bucks, AL)",2x4 | #3 | 16ft,0.0,,13
"Canfor Southern Pine (Bucks, AL)",2x4 | #3 | 8ft,0.0,,13
"Canfor Southern Pine (Deridder, LA)",2x6 | #3 | 8ft,-10.0,-10.0,1
"Canfor Southern Pine (Deridder, LA)",2x8 | #3 | 8ft,-5.0,-5.0,1
"Canfor Southern Pine (Deridder, LA)",2x4 | #3 | 10ft,0.0,,37
"Canfor Southern Pine (Deridder, LA)",2x4 | #3 | 12ft,0.0,,7
"Canfor Southern Pine (Deridder, LA)",2x4 | #3 | 14ft,0.0,,2
"Canfor Southern Pine (Deridder, LA)",2x4 | #3 | 8ft,0.0,,46
"Canfor Southern Pine (Deridder, LA)",4x4 | #4 | 10ft,0.0,,1
"Canfor Southern Pine (Deridder, LA)",4x4 | #4 | 12ft,0.0,,1
"Canfor Southern Pine (Deridder, LA)",4x4 | #4 | 8ft,0.0,,1
"Canfor Southern Pine (Deridder, LA)",2x6 | #3 | 10ft,30.0,15.0,2
"Canfor Southern Pine (Deridder, LA)",2x4 | #4 | 8ft,36.64734921656998,36.64734921656998,1
"Canfor Southern Pine (El Dorado, AR)",2x4 | #3 | 10ft,0.0,,10
"Canfor Southern Pine (El Dorado, AR)",2x4 | #3 | 12ft,0.0,,5
"Canfor Southern Pine (El Dorado, AR)",2x4 | #3 | 8ft,0.0,,9
"Canfor Southern Pine (El Dorado, AR)",2x10 | #4 | 8ft,0.0027698470190102853,0.0027698470190102853,1
"Canfor Southern Pine (El Dorado, AR)",2x6 | #3 | 10ft,5.0,5.0,1
"Canfor Southern Pine (El Dorado, AR)",2x4 | #4 | 14ft,9.957066804053,9.957066804053,1
"Canfor Southern Pine (El Dorado, AR)",2x4 | #4 | 12ft,14.802433894231001,4.934144631410334,3
"Canfor Southern Pine (El Dorado, AR)",2x10 | #3 | 12ft,15.0,15.0,1
"Canfor Southern Pine (El Dorado, AR)",2x6 | #3 | 8ft,119.0,39.666666666666664,3
"Canfor Southern Pine (El Dorado, AR)",2x4 | #4 | 10ft,134.87308427623,33.7182710690575,4
"Canfor Southern Pine (El Dorado, AR)",2x4 | #4 | 8ft,134.898290952068,33.724572738017,4
"Canfor Southern Pine (Fulton, AL)",2x10 | #4 | 8ft,-116.91903121739702,-38.97301040579901,3
"Canfor Southern Pine (Fulton, AL)",2x8 | #4 | 8ft,-84.76804361979202,-28.256014539930675,3
"Canfor Southern Pine (Fulton, AL)",2x8 | #4 | 16ft,-59.76808349609399,-29.884041748046997,2
"Canfor Southern Pine (Fulton, AL)",2x10 | #4 | 16ft,-50.641473980309,-50.641473980309,1
"Canfor Southern Pine (Fulton, AL)",2x10 | #4 | 14ft,-50.625697830163006,-50.625697830163006,1
"Canfor Southern Pine (Fulton, AL)",2x10 | #4 | 12ft,-50.604655208333014,-50.604655208333014,1
"Canfor Southern Pine (Fulton, AL)",2x6 | #4 | 12ft,-49.76966145833302,-49.76966145833302,1
"Canfor Southern Pine (Fulton, AL)",2x6 | #4 | 10ft,-49.767064843750006,-49.767064843750006,1
"Canfor Southern Pine (Fulton, AL)",2x6 | #4 | 14ft,-49.76595982142902,-49.76595982142902,1
"Canfor Southern Pine (Fulton, AL)",2x8 | #4 | 10ft,-44.76707589285701,-44.76707589285701,1
"Canfor Southern Pine (Fulton, AL)",2x10 | #4 | 10ft,-39.82826931732899,-39.82826931732899,1
"Canfor Southern Pine (Fulton, AL)",2x4 | #4 | 14ft,-20.03606388459599,-20.03606388459599,1
"Canfor Southern Pine (Fulton, AL)",2x8 | #4 | 12ft,-15.0,-15.0,1
"Canfor Southern Pine (Fulton, AL)",2x6 | #3 | 10ft,-10.0,-10.0,1
"Canfor Southern Pine (Fulton, AL)",2x6 | #3 | 8ft,-0.0004394531250113687,-0.00014648437500378955,3
"Canfor Southern Pine (Fulton, AL)",2x10 | #4 | <NA>ft,0.0,,1
"Canfor Southern Pine (Fulton, AL)",2x4 | #3 | 10ft,0.0,,7
"Canfor Southern Pine (Fulton, AL)",2x4 | #3 | 12ft,0.0,,7
"Canfor Southern Pine (Fulton, AL)",2x4 | #3 | 14ft,0.0,,3
"Canfor Southern Pine (Fulton, AL)",2x4 | #3 | 8ft,0.0,,7
"Canfor Southern Pine (Fulton, AL)",2x8 | #4 | <NA>ft,0.0,,1
"Canfor Southern Pine (Fulton, AL)",2x8 | #3 | 16ft,14.871794871794975,4.957264957264992,3
"Canfor Southern Pine (Fulton, AL)",2x8 | #3 | 10ft,34.899716265769,11.633238755256334,3
"Canfor Southern Pine (Fulton, AL)",2x12 | #3 | 10ft,35.0,35.0,1
"Canfor Southern Pine (Fulton, AL)",2x12 | #3 | 8ft,35.0,35.0,1
"Canfor Southern Pine (Fulton, AL)",2x8 | #3 | 14ft,35.000010323661,8.75000258091525,4
"Canfor Southern Pine (Fulton, AL)",2x8 | #3 | 12ft,44.99999609375001,11.249999023437503,4
"Canfor Southern Pine (Fulton, AL)",2x8 | #3 | 8ft,59.999973810369994,19.99999127012333,3
"Canfor Southern Pine (Fulton, AL)",2x12 | #3 | 14ft,60.000010363520005,30.000005181760002,2
"Canfor Southern Pine (Fulton, AL)",2x12 | #3 | 16ft,64.99998712713099,32.499993563565496,2
"Canfor Southern Pine (Fulton, AL)",2x12 | #3 | 12ft,95.00002191840198,31.666673972800663,3
"Canfor Southern Pine (Strong, AR)",2x10 | #4 | 10ft,-94.699342656726,-47.349671328363,2
"Canfor Southern Pine (Strong, AR)",2x8 | #4 | 12ft,-62.39583333333297,-62.39583333333297,1
"Canfor Southern Pine (Strong, AR)",2x12 | #4 | 12ft,-34.99998860677101,-11.666662868923671,3
"Canfor Southern Pine (Strong, AR)",2x12 | #4 | 14ft,-20.000014880951994,-20.000014880951994,1
"Canfor Southern Pine (Strong, AR)",2x12 | #4 | 10ft,-15.0,-7.5,2
"Canfor Southern Pine (Strong, AR)",2x12 | #4 | 16ft,-14.999987792968994,-7.499993896484497,2
"Canfor Southern Pine (Strong, AR)",2x8 | #4 | 10ft,-5.0,-5.0,1
"Canfor Southern Pine (Strong, AR)",2x8 | #4 | 16ft,-5.0,-5.0,1
"Canfor Southern Pine (Strong, AR)",2x8 | #4 | 8ft,-5.0,-5.0,1
"Canfor Southern Pine (Strong, AR)",2x8 | #4 | 14ft,-4.999984933035989,-4.999984933035989,1
"Canfor Southern Pine (Strong, AR)",2x12 | #4 | 8ft,82.500005859375,27.500001953124997,3
"Charles Ingram (Effingham, SC)",4x4 | #4 | 10ft,0.0,,1
"Charles Ingram (Effingham, SC)",4x4 | #4 | 12ft,0.0,,1
"Charles Ingram (Effingham, SC)",4x4 | #4 | 14ft,0.0,,1
"Charles Ingram (Effingham, SC)",4x4 | #4 | 16ft,0.0,,1
"Charles Ingram (Effingham, SC)",4x6 | #3 | 8ft,0.0,,1
"Charles Ingram (Effingham, SC)",4x6 | #4 | 8ft,0.0,,1
"Charles Ingram (Effingham, SC)",4x6 | #4 | <NA>ft,0.0,,4
"Chickasaw Lumber Company, LLC (Navasota, TX)",2x6 | #4 | 12ft,-365.0,-365.0,1
"Chickasaw Lumber Company, LLC (Navasota, TX)",4x4 | #4 | 7ft,0.0,,3
"Coushatta Forest Products, LLC (Coushatta, LA)",2x6 | #4 | 12ft,-117.50371744791698,-29.375929361979246,4
"Coushatta Forest Products, LLC (Coushatta, LA)",2x6 | #4 | 8ft,-117.50369726562496,-29.37592431640624,4
"Coushatta Forest Products, LLC (Coushatta, LA)",2x8 | #3 | 12ft,-111.99998480902798,-37.333328269675995,3
"Coushatta Forest Products, LLC (Coushatta, LA)",2x8 | #4 | 16ft,-48.26389544862701,-16.087965149542338,3
"Coushatta Forest Products, LLC (Coushatta, LA)",2x4 | #4 | 8ft,-47.890422508595975,-5.321158056510664,9
"Coushatta Forest Products, LLC (Coushatta, LA)",2x6 | #4 | 10ft,-42.50366940104203,-14.167889800347345,3
"Coushatta Forest Products, LLC (Coushatta, LA)",2x8 | #4 | 14ft,-38.263895089285995,-38.263895089285995,1
"Coushatta Forest Products, LLC (Coushatta, LA)",2x8 | #4 | 10ft,-38.263883593749995,-19.131941796874997,2
"Coushatta Forest Products, LLC (Coushatta, LA)",2x4 | #4 | 12ft,-32.50464683493698,-5.417441139156163,6
"Coushatta Forest Products, LLC (Coushatta, LA)",2x6 | #3 | 10ft,-32.50369999999998,-16.25184999999999,2
"Coushatta Forest Products, LLC (Coushatta, LA)",2x4 | #4 | 14ft,-12.483026785622997,-2.0805044642704993,6
"Coushatta Forest Products, LLC (Coushatta, LA)",2x8 | #3 | 10ft,-10.079421724406984,-5.039710862203492,2
"Coushatta Forest Products, LLC (Coushatta, LA)",2x8 | #3 | 16ft,-10.024822983641002,-10.024822983641002,1
"Coushatta Forest Products, LLC (Coushatta, LA)",2x8 | #3 | 14ft,-10.0,-10.0,1
"Coushatta Forest Products, LLC (Coushatta, LA)",2x8 | #3 | 8ft,-10.0,-10.0,1
"Coushatta Forest Products, LLC (Coushatta, LA)",2x4 | #4 | 10ft,-0.4179066102459501,-0.08358132204919003,5
"Coushatta Forest Products, LLC (Coushatta, LA)",2x4 | #3 | 10ft,0.0,,3
"Coushatta Forest Products, LLC (Coushatta, LA)",2x4 | #4 | 6ft,0.0,,1
"Coushatta Forest Products, LLC (Coushatta, LA)",2x4 | #4 | <NA>ft,0.0,,1
"Coushatta Forest Products, LLC (Coushatta, LA)",2x6 | #4 | 6ft,0.0,,1
"Coushatta Forest Products, LLC (Coushatta, LA)",2x6 | #4 | <NA>ft,0.0,,1
"Coushatta Forest Products, LLC (Coushatta, LA)",4x4 | #4 | 10ft,0.0,,8
"Coushatta Forest Products, LLC (Coushatta, LA)",4x4 | #4 | 12ft,0.0,,8
"Coushatta Forest Products, LLC (Coushatta, LA)",4x4 | #4 | 14ft,0.0,,7
"Coushatta Forest Products, LLC (Coushatta, LA)",4x4 | #4 | 16ft,0.0,,6
"Coushatta Forest Products, LLC (Coushatta, LA)",4x4 | #4 | 6ft,0.0,,1
"Coushatta Forest Products, LLC (Coushatta, LA)",4x4 | #4 | 8ft,0.0,,11
"Coushatta Forest Products, LLC (Coushatta, LA)",4x4 | #4 | <NA>ft,0.0,,6
"Coushatta Forest Products, LLC (Coushatta, LA)",4x6 | #4 | 10ft,0.0,,5
"Coushatta Forest Products, LLC (Coushatta, LA)",4x6 | #4 | 12ft,0.0,,5
"Coushatta Forest Products, LLC (Coushatta, LA)",4x6 | #4 | 14ft,0.0,,4
"Coushatta Forest Products, LLC (Coushatta, LA)",4x6 | #4 | 16ft,0.0,,5
"Coushatta Forest Products, LLC (Coushatta, LA)",4x6 | #4 | 6ft,0.0,,2
"Coushatta Forest Products, LLC (Coushatta, LA)",4x6 | #4 | 8ft,0.0,,6
"Coushatta Forest Products, LLC (Coushatta, LA)",4x6 | #4 | <NA>ft,0.0,,2
"Coushatta Forest Products, LLC (Coushatta, LA)",2x8 | #4 | 12ft,3.958344618056003,1.3194482060186676,3
"Coushatta Forest Products, LLC (Coushatta, LA)",2x4 | #4 | 16ft,4.82641109284998,0.6894872989785686,7
"Coushatta Forest Products, LLC (Coushatta, LA)",2x6 | #4 | 14ft,10.0,3.3333333333333335,3
"Coushatta Forest Products, LLC (Coushatta, LA)",2x6 | #4 | 16ft,19.583347981770004,6.527782660590002,3
"Coushatta Forest Products, LLC (Coushatta, LA)",2x6 | #3 | 8ft,89.48348632812503,29.827828776041674,3
"Coushatta Forest Products, LLC (Coushatta, LA)",2x8 | #4 | 8ft,107.5,53.75,2
"Doman Lumber (Gilmer, TX)",1x4 | #3 | 10ft,0.0,,5
"Doman Lumber (Magnolia, AR)",1x4 | #3 | 8ft,0.0,,1
"Doman Lumber (Magnolia, AR)",1x6 | #3 | 14ft,0.0,,1
"Doman Lumber (Russellville, AR)",1x4 | #3 | 8ft,0.0,,1
"Doman Lumber (Russellville, AR)",1x4 | #4 | <NA>ft,0.0,,1
"Doman Lumber (Russellville, AR)",1x6 | #4 | 10ft,0.0,,7
"Doman Lumber (Russellville, AR)",1x6 | #4 | 12ft,0.0,,6
"Doman Lumber (Russellville, AR)",1x6 | #4 | 14ft,0.0,,4
"Doman Lumber (Russellville, AR)",1x6 | #4 | 16ft,0.0,,7
"Doman Lumber (Russellville, AR)",1x6 | #4 | 8ft,0.0,,6
"Doman Lumber (Russellville, AR)",1x6 | #4 | <NA>ft,0.0,,1
"Dupont Pine Products, LLC (Alapaha, GA)",4x4 | #4 | 8ft,0.0,,1
"Dupont Pine Products, LLC (Alapaha, GA)",4x4 | #4 | <NA>ft,0.0,,1
"Dupont Pine Products, LLC (Alapaha, GA)",4x6 | #4 | <NA>ft,0.0,,1
"Dupont Pine Products, LLC (Alapaha, GA)",6x6 | #4 | 10ft,0.0,,6
"Dupont Pine Products, LLC (Alapaha, GA)",6x6 | #4 | 12ft,0.0,,6
"Dupont Pine Products, LLC (Alapaha, GA)",6x6 | #4 | 16ft,0.0,,6
"Dupont Pine Products, LLC (Alapaha, GA)",6x6 | #4 | 8ft,0.0,,7
"Georgia-Pacfic Corp (Talladega, AL)",2x4 | #4 | 14ft,-1195.4471937020119,-21.73540352185476,55
"Georgia-Pacfic Corp (Talladega, AL)",2x4 | #4 | 16ft,-547.55663864799,-11.903405187999782,46
"Georgia-Pacfic Corp (Talladega, AL)",2x4 | #4 | 12ft,-363.337619591347,-7.415053461047898,49
"Georgia-Pacfic Corp (Talladega, AL)",2x4 | #3 | 16ft,0.0,,2
"Georgia-Pacfic Corp (Talladega, AL)",2x4 | #4 | 10ft,250.5382669675988,5.446484064513017,46
"Georgia-Pacfic Corp (Talladega, AL)",2x4 | #4 | 8ft,432.5421957783401,9.40309121257261,46
"Georgia-Pacific Corp (Albany, GA)",2x4 | #4 | 16ft,-29.999983200163996,-29.999983200163996,1
"Georgia-Pacific Corp (Albany, GA)",2x4 | #3 | 10ft,0.0,,1
"Georgia-Pacific Corp (Albany, GA)",2x4 | #4 | 8ft,22.849337196823,22.849337196823,1
"Georgia-Pacific Corp. (Camden, TX)",4x4 | #4 | 8ft,0.0,,54
"Georgia-Pacific Corp. (Diboll, TX)",2x4 | #4 | 14ft,-832.082420314274,-33.28329681257096,25
"Georgia-Pacific Corp. (Diboll, TX)",2x4 | #4 | 16ft,-671.692426602828,-19.75565960596553,34
"Georgia-Pacific Corp. (Diboll, TX)",2x4 | #4 | 10ft,-356.00205502143496,-13.185261297090184,27
"Georgia-Pacific Corp. (Diboll, TX)",2x4 | #4 | 8ft,-346.618856136438,-15.755402551656273,22
"Georgia-Pacific Corp. (Diboll, TX)",2x6 | #4 | 8ft,-236.27737307260801,-21.47976118841891,11
"Georgia-Pacific Corp. (Diboll, TX)",2x8 | #4 | 16ft,-199.884675485712,-66.628225161904,3
"Georgia-Pacific Corp. (Diboll, TX)",2x8 | #4 | 8ft,-190.98312339929896,-38.196624679859795,5
"Georgia-Pacific Corp. (Diboll, TX)",2x8 | #4 | 12ft,-154.548611111111,-51.51620370370367,3
"Georgia-Pacific Corp. (Diboll, TX)",2x6 | #4 | 10ft,-113.22463435749097,-9.43538619645758,12
"Georgia-Pacific Corp. (Diboll, TX)",2x8 | #3 | 12ft,-99.22625558035699,-19.8452511160714,5
"Georgia-Pacific Corp. (Diboll, TX)",2x8 | #3 | 16ft,-95.180397173118,-23.7950992932795,4
"Georgia-Pacific Corp. (Diboll, TX)",2x8 | #3 | 8ft,-84.58340169270801,-10.572925211588501,8
"Georgia-Pacific Corp. (Diboll, TX)",2x6 | #4 | 14ft,-82.91628327970702,-7.537843934518819,11
"Georgia-Pacific Corp. (Diboll, TX)",2x4 | #4 | 20ft,-69.21225096908,-69.21225096908,1
"Georgia-Pacific Corp. (Diboll, TX)",2x8 | #4 | 14ft,-50.619115181220025,-25.309557590610012,2
"Georgia-Pacific Corp. (Diboll, TX)",2x8 | #4 | 10ft,-49.03970313694697,-24.519851568473484,2
"Georgia-Pacific Corp. (Diboll, TX)",2x8 | #3 | 14ft,-40.00001922122999,-13.333339740409997,3
"Georgia-Pacific Corp. (Diboll, TX)",2x6 | #4 | 16ft,-24.636907700047004,-2.7374341888941114,9
"Georgia-Pacific Corp. (Diboll, TX)",2x8 | #3 | 10ft,-19.881195642202954,-2.8401708060289934,7
"Georgia-Pacific Corp. (Diboll, TX)",2x6 | #4 | 12ft,-19.220227457682,-2.40252843221025,8
"Georgia-Pacific Corp. (Diboll, TX)",2x6 | #3 | 10ft,-16.00001692708298,-4.000004231770745,4
"Georgia-Pacific Corp. (Diboll, TX)",2x4 | #3 | 10ft,0.0,,4
"Georgia-Pacific Corp. (Diboll, TX)",2x4 | #3 | 14ft,0.0,,1
"Georgia-Pacific Corp. (Diboll, TX)",2x4 | #3 | 16ft,0.0,,1
"Georgia-Pacific Corp. (Diboll, TX)",2x4 | #3 | 20ft,0.0,,1
"Georgia-Pacific Corp. (Diboll, TX)",2x4 | #3 | 8ft,0.0,,6
"Georgia-Pacific Corp. (Diboll, TX)",2x4 | #4 | 6ft,0.0,,1
"Georgia-Pacific Corp. (Diboll, TX)",2x4 | #4 | <NA>ft,0.0,,4
"Georgia-Pacific Corp. (Diboll, TX)",2x6 | #4 | 6ft,0.0,,2
"Georgia-Pacific Corp. (Diboll, TX)",2x4 | #4 | 12ft,113.09614548314198,4.523845819325679,25
"Georgia-Pacific Corp. (Diboll, TX)",2x6 | #3 | 8ft,239.375044776806,34.19643496811514,7
"Georgia-Pacific Corp. (Gurdon, AR)",2x6 | #4 | 16ft,-496.94386146129284,-23.663993402918706,21
"Georgia-Pacific Corp. (Gurdon, AR)",2x6 | #4 | 14ft,-202.458225150035,-11.247679175001943,18
"Georgia-Pacific Corp. (Gurdon, AR)",2x6 | #4 | 10ft,-179.00647018800206,-6.393088221000073,28
"Georgia-Pacific Corp. (Gurdon, AR)",2x8 | #3 | 16ft,-105.74739570583597,-21.149479141167195,5
"Georgia-Pacific Corp. (Gurdon, AR)",2x8 | #3 | 12ft,-104.99997965494799,-17.499996609158,6
"Georgia-Pacific Corp. (Gurdon, AR)",2x8 | #3 | 10ft,-88.30912495758199,-17.661824991516397,5
"Georgia-Pacific Corp. (Gurdon, AR)",2x8 | #3 | 8ft,-60.0,-15.0,4
"Georgia-Pacific Corp. (Gurdon, AR)",2x6 | #3 | 10ft,-47.167563139619006,-4.7167563139619,10
"Georgia-Pacific Corp. (Gurdon, AR)",2x8 | #3 | 14ft,-40.0,-10.0,4
"Georgia-Pacific Corp. (Gurdon, AR)",2x4 | #3 | 12ft,0.0,,1
"Georgia-Pacific Corp. (Gurdon, AR)",2x4 | #3 | 14ft,0.0,,13
"Georgia-Pacific Corp. (Gurdon, AR)",2x4 | #3 | 16ft,0.0,,21
"Georgia-Pacific Corp. (Gurdon, AR)",2x4 | #3 | 8ft,0.0,,13
"Georgia-Pacific Corp. (Gurdon, AR)",4x4 | #4 | 8ft,0.0,,95
"Georgia-Pacific Corp. (Gurdon, AR)",2x6 | #3 | 16ft,15.000020751953002,15.000020751953002,1
"Georgia-Pacific Corp. (Gurdon, AR)",2x6 | #3 | 14ft,29.999960140305973,29.999960140305973,1
"Georgia-Pacific Corp. (Gurdon, AR)",2x6 | #4 | 12ft,64.96185677083199,3.0934217509919995,21
"Georgia-Pacific Corp. (Gurdon, AR)",2x6 | #4 | 8ft,90.44348138226803,4.306832446774668,21
"Georgia-Pacific Corp. (Gurdon, AR)",2x6 | #3 | 8ft,207.5,69.16666666666667,3
"Georgia-Pacific Corp. (Gurdon, AR)",2x4 | #4 | 14ft,309.4578712200571,11.902225816156042,26
"Georgia-Pacific Corp. (Gurdon, AR)",2x6 | #3 | 12ft,326.56252522786394,54.42708753797732,6
"Georgia-Pacific Corp. (Gurdon, AR)",2x4 | #4 | 8ft,398.2972919333607,7.375875776543717,54
"Georgia-Pacific Corp. (Gurdon, AR)",2x4 | #4 | 12ft,587.5923012212371,15.880873005979382,37
"Georgia-Pacific Corp. (Gurdon, AR)",2x4 | #4 | 10ft,820.962713494874,20.023480816948148,41
"Georgia-Pacific Corp. (Gurdon, AR)",2x4 | #4 | 16ft,1003.443426168629,19.296988964781328,52
"Georgia-Pacific Corp. (Pineland, TX)",2x12 | #4 | 10ft,-1647.9294375,-274.65490625,6
"Georgia-Pacific Corp. (Pineland, TX)",2x12 | #4 | 12ft,-1543.77733203125,-385.9443330078125,4
"Georgia-Pacific Corp. (Pineland, TX)",2x4 | #4 | 14ft,-1292.088548717526,-51.68354194870104,25
"Georgia-Pacific Corp. (Pineland, TX)",2x6 | #4 | 16ft,-1137.284999963011,-33.449558822441496,34
"Georgia-Pacific Corp. (Pineland, TX)",2x6 | #4 | 14ft,-825.718326500972,-39.319920309570094,21
"Georgia-Pacific Corp. (Pineland, TX)",2x8 | #4 | 16ft,-716.1119436595579,-51.15085311853985,14
"Georgia-Pacific Corp. (Pineland, TX)",2x8 | #4 | 8ft,-693.591747657942,-30.156162941649654,23
"Georgia-Pacific Corp. (Pineland, TX)",2x12 | #4 | 8ft,-498.50784619140495,-71.21540659877213,7
"Georgia-Pacific Corp. (Pineland, TX)",2x8 | #4 | 12ft,-458.36756998697797,-30.557837999131866,15
"Georgia-Pacific Corp. (Pineland, TX)",2x8 | #4 | 10ft,-429.4455829395819,-30.674684495684424,14
"Georgia-Pacific Corp. (Pineland, TX)",2x4 | #4 | 16ft,-405.18714596194707,-16.207485838477883,25
"Georgia-Pacific Corp. (Pineland, TX)",2x12 | #4 | 16ft,-404.150499023437,-80.8300998046874,5
"Georgia-Pacific Corp. (Pineland, TX)",2x4 | #4 | 10ft,-256.48429257160797,-8.273686857148643,31
"Georgia-Pacific Corp. (Pineland, TX)",2x8 | #4 | 14ft,-215.41286914062496,-30.773267020089282,7
"Georgia-Pacific Corp. (Pineland, TX)",2x4 | #4 | 12ft,-198.59344951923094,-9.456830929487188,21
"Georgia-Pacific Corp. (Pineland, TX)",2x8 | #3 | 12ft,-189.13080450148797,-37.826160900297594,5
"Georgia-Pacific Corp. (Pineland, TX)",2x8 | #3 | 14ft,-155.0,-38.75,4
"Georgia-Pacific Corp. (Pineland, TX)",2x12 | #4 | 14ft,-141.15278766741102,-35.288196916852755,4
"Georgia-Pacific Corp. (Pineland, TX)",2x8 | #3 | 10ft,-100.11357080481295,-12.514196350601619,8
"Georgia-Pacific Corp. (Pineland, TX)",2x8 | #3 | 16ft,-65.13800191929101,-21.712667306430337,3
"Georgia-Pacific Corp. (Pineland, TX)",2x6 | #4 | 12ft,-59.55508854166902,-1.985169618055634,30
"Georgia-Pacific Corp. (Pineland, TX)",2x12 | #3 | 16ft,-45.0,-45.0,1
"Georgia-Pacific Corp. (Pineland, TX)",2x8 | #3 | 8ft,-42.95724188112695,-7.159540313521158,6
"Georgia-Pacific Corp. (Pineland, TX)",2x12 | #3 | 10ft,-35.0,-35.0,1
"Georgia-Pacific Corp. (Pineland, TX)",2x12 | #3 | 14ft,-35.0,-35.0,1
"Georgia-Pacific Corp. (Pineland, TX)",2x12 | #3 | 8ft,-34.99998730468798,-34.99998730468798,1
"Georgia-Pacific Corp. (Pineland, TX)",2x12 | #3 | 12ft,-30.0,-30.0,1
"Georgia-Pacific Corp. (Pineland, TX)",2x4 | #3 | 10ft,0.0,,63
"Georgia-Pacific Corp. (Pineland, TX)",2x4 | #3 | 12ft,0.0,,4
"Georgia-Pacific Corp. (Pineland, TX)",2x4 | #3 | 14ft,0.0,,8
"Georgia-Pacific Corp. (Pineland, TX)",2x4 | #3 | 16ft,0.0,,7
"Georgia-Pacific Corp. (Pineland, TX)",2x4 | #3 | 8ft,0.0,,13
"Georgia-Pacific Corp. (Pineland, TX)",2x4 | #4 | 6ft,0.0,,3
"Georgia-Pacific Corp. (Pineland, TX)",2x4 | #4 | <NA>ft,0.0,,3
"Georgia-Pacific Corp. (Pineland, TX)",2x6 | #4 | 6ft,0.0,,9
"Georgia-Pacific Corp. (Pineland, TX)",2x6 | #4 | <NA>ft,0.0,,1
"Georgia-Pacific Corp. (Pineland, TX)",2x4 | #4 | 8ft,16.900790861668014,0.6259552170988153,27
"Georgia-Pacific Corp. (Pineland, TX)",2x6 | #4 | 8ft,118.28880663805,6.2257266651605265,19
"Georgia-Pacific Corp. (Pineland, TX)",2x6 | #4 | 10ft,158.463557164013,5.869020635704185,27
"Georgia-Pacific Corp. (Pineland, TX)",2x6 | #3 | 14ft,166.0,23.714285714285715,7
"Georgia-Pacific Corp. (Pineland, TX)",2x6 | #3 | 8ft,461.1594579016629,32.939961278690205,14
"Georgia-Pacific Corp. (Pineland, TX)",2x6 | #3 | 10ft,515.0797348090249,18.39570481460803,28
"Georgia-Pacific Corp. (Pineland, TX)",2x6 | #3 | 16ft,537.1330612486458,35.80887074990972,15
"Georgia-Pacific Corp. (Pineland, TX)",2x6 | #3 | 12ft,774.5172912326369,64.54310760271974,12
"Georgia-Pacific Corp. (Prosperity, SC)",4x4 | #4 | 8ft,0.0,,3
"Georgia-Pacific Corp. (Rome, GA)",2x4 | #4 | 14ft,-334.89900851102607,-7.9737859169291925,42
"Georgia-Pacific Corp. (Rome, GA)",2x4 | #4 | 12ft,-296.72683443509703,-7.608380370130694,39
"Georgia-Pacific Corp. (Rome, GA)",2x4 | #4 | 16ft,-264.5851218591308,-6.453295655100752,41
"Georgia-Pacific Corp. (Rome, GA)",2x4 | #4 | 10ft,-243.21876649927898,-6.400493855244184,38
"Georgia-Pacific Corp. (Rome, GA)",2x6 | #4 | 8ft,-70.53210210503403,-8.816512763129253,8
"Georgia-Pacific Corp. (Rome, GA)",2x6 | #4 | 14ft,-60.53192057291605,-10.088653428819342,6
"Georgia-Pacific Corp. (Rome, GA)",2x6 | #4 | 10ft,-60.531707031249994,-10.088617838541666,6
"Georgia-Pacific Corp. (Rome, GA)",2x6 | #4 | 12ft,-60.53075195312499,-10.088458658854165,6
"Georgia-Pacific Corp. (Rome, GA)",2x4 | #3 | 12ft,0.0,,2
"Georgia-Pacific Corp. (Rome, GA)",2x4 | #3 | 14ft,0.0,,1
"Georgia-Pacific Corp. (Rome, GA)",2x4 | #4 | 8ft,87.04429683892678,2.231905047151969,39
"Georgia-Pacific Corp. (Taylorsville, MS)",4x4 | #3 | 8ft,0.0,,2
"Georgia-Pacific Corp. (Taylorsville, MS)",4x4 | #4 | 8ft,0.0,,30
"Georgia-Pacific Corp. (Warrenton, GA)",2x4 | #3 | 10ft,0.0,,1
"Georgia-Pacific Corp. (Warrenton, GA)",2x4 | #3 | 12ft,0.0,,1
"Georgia-Pacific Corp. (Warrenton, GA)",2x4 | #3 | 16ft,0.0,,1
"Georgia-Pacific Corp. (Warrenton, GA)",2x4 | #4 | 12ft,19.999980468749982,19.999980468749982,1
"Georgia-Pacific Corp. (Warrenton, GA)",2x4 | #4 | 10ft,20.0,20.0,1
"Georgia-Pacific Corp. (Warrenton, GA)",2x6 | #3 | 10ft,30.0,30.0,1
"Georgia-Pacific Corp. (Warrenton, GA)",2x6 | #3 | 12ft,35.0,35.0,1
"Georgia-Pacific Corp. (Warrenton, GA)",2x6 | #3 | 16ft,40.00001302083302,40.00001302083302,1
"Georgia-Pacific Corp. (Warrenton, GA)",2x4 | #4 | 8ft,45.00372330002,22.50186165001,2
"Gloster Forest Products (Gloster, MS)",2x10 | #4 | 10ft,-679.844759842695,-61.804069076608634,11
"Gloster Forest Products (Gloster, MS)",2x4 | #4 | 12ft,-303.26558267513803,-8.919575961033472,34
"Gloster Forest Products (Gloster, MS)",2x4 | #4 | 10ft,-270.24476307145096,-7.1117042913539725,38
"Gloster Forest Products (Gloster, MS)",2x4 | #4 | 14ft,-146.72500070481902,-6.379347856731262,23
"Gloster Forest Products (Gloster, MS)",2x10 | #4 | 8ft,-136.97720823487097,-5.707383676452957,24
"Gloster Forest Products (Gloster, MS)",2x10 | #4 | 12ft,-130.0,-6.842105263157895,19
"Gloster Forest Products (Gloster, MS)",2x10 | #4 | 14ft,-120.192665701825,-12.0192665701825,10
"Gloster Forest Products (Gloster, MS)",2x4 | #4 | 16ft,-89.826193786245,-2.897619154395,31
"Gloster Forest Products (Gloster, MS)",2x10 | #4 | 16ft,-80.05222755352898,-5.3368151702352655,15
"Gloster Forest Products (Gloster, MS)",2x10 | #3 | 8ft,-45.20572351707099,-15.06857450569033,3
"Gloster Forest Products (Gloster, MS)",2x10 | #3 | 12ft,-35.00046875000001,-17.500234375000005,2
"Gloster Forest Products (Gloster, MS)",2x10 | #4 | 18ft,-30.0,-30.0,1
"Gloster Forest Products (Gloster, MS)",2x10 | #4 | 20ft,-29.964379452567982,-29.964379452567982,1
"Gloster Forest Products (Gloster, MS)",2x6 | #3 | 14ft,-5.0,-5.0,1
"Gloster Forest Products (Gloster, MS)",2x8 | #3 | 10ft,-0.023439331198005675,-0.023439331198005675,1
"Gloster Forest Products (Gloster, MS)",2x4 | #3 | 10ft,0.0,,151
"Gloster Forest Products (Gloster, MS)",2x4 | #3 | 12ft,0.0,,3
"Gloster Forest Products (Gloster, MS)",2x4 | #3 | 8ft,0.0,,86
"Gloster Forest Products (Gloster, MS)",2x8 | #3 | 8ft,0.0,0.0,1
"Gloster Forest Products (Gloster, MS)",4x4 | #4 | 10ft,0.0,,52
"Gloster Forest Products (Gloster, MS)",4x4 | #4 | 12ft,0.0,,39
"Gloster Forest Products (Gloster, MS)",4x4 | #4 | 14ft,0.0,,8
"Gloster Forest Products (Gloster, MS)",4x4 | #4 | 16ft,0.0,,28
"Gloster Forest Products (Gloster, MS)",4x4 | #4 | 6ft,0.0,,1
"Gloster Forest Products (Gloster, MS)",4x4 | #4 | 8ft,0.0,,21
"Gloster Forest Products (Gloster, MS)",4x4 | #4 | <NA>ft,0.0,,1
"Gloster Forest Products (Gloster, MS)",2x6 | #3 | 8ft,24.347812601094006,4.057968766849001,6
"Gloster Forest Products (Gloster, MS)",2x6 | #3 | 10ft,36.111111111111,9.02777777777775,4
"Gloster Forest Products (Gloster, MS)",2x12 | #3 | 16ft,44.99998712713099,44.99998712713099,1
"Gloster Forest Products (Gloster, MS)",2x4 | #4 | 8ft,57.69602548936808,1.088604254516379,53
"Gloster Forest Products (Gloster, MS)",2x12 | #4 | 10ft,65.0,65.0,1
"Gloster Forest Products (Gloster, MS)",2x12 | #4 | 12ft,65.0,65.0,1
"Gloster Forest Products (Gloster, MS)",2x12 | #4 | 8ft,65.000011160714,65.000011160714,1
"Gloster Forest Products (Gloster, MS)",2x8 | #4 | 10ft,98.9449003517,98.9449003517,1
"Gloster Forest Products (Gloster, MS)",2x12 | #4 | 16ft,194.999986239347,64.99999541311567,3
"Gloster Forest Products (Gloster, MS)",2x6 | #4 | 12ft,230.00003081597197,11.500001540798598,20
"Gloster Forest Products (Gloster, MS)",2x6 | #4 | 14ft,248.74998679315502,16.583332452877002,15
"Gloster Forest Products (Gloster, MS)",2x6 | #4 | 16ft,348.333360551315,12.901235575974631,27
"Gloster Forest Products (Gloster, MS)",2x6 | #4 | 10ft,359.722229781965,15.640096947041956,23
"Gloster Forest Products (Gloster, MS)",2x6 | #4 | 8ft,822.0289665932182,25.68840520603807,32
"Grayson Lumber Corporation (Grayson, AL)",2x4 | #4 | 9ft,0.0,,1
"Great Southern Wood Preserving (Abbeville, AL)",4x4 | #4 | 10ft,0.0,,2
"Great Southern Wood Preserving (Abbeville, AL)",4x4 | #4 | 8ft,0.0,,2
"Great Southern Wood Preserving (Abbeville, AL)",4x4 | #4 | <NA>ft,0.0,,53
"Great Southern Wood Preserving (Abbeville, AL)",6x6 | #4 | 10ft,0.0,,9
"Great Southern Wood Preserving (Abbeville, AL)",2x4 | #4 | 8ft,0.00861585740599935,0.00861585740599935,1
"Hankins Lumber Company, Inc (Grenada, MS)",2x12 | #4 | <NA>ft,0.0,,1
"Hardy Technologies, LLC (Lumberton, MS)",2x8 | #3 | 16ft,4.971309974361986,4.971309974361986,1
"Hardy Technologies, LLC (Lumberton, MS)",2x8 | #3 | 12ft,5.00001041666701,5.00001041666701,1
"Hardy Technologies, LLC (Lumberton, MS)",2x8 | #3 | 8ft,5.0000105794269984,5.0000105794269984,1
"Harrigan Lumber Company, Inc. (Monroeville, AL)",2x6 | #3 | 16ft,-5.0,-5.0,1
"Harrigan Lumber Company, Inc. (Monroeville, AL)",4x6 | #3 | 10ft,0.0,,16
"Harrigan Lumber Company, Inc. (Monroeville, AL)",4x6 | #3 | 12ft,0.0,,4
"Harrigan Lumber Company, Inc. (Monroeville, AL)",4x6 | #3 | 8ft,0.0,,1
"Harrigan Lumber Company, Inc. (Monroeville, AL)",4x6 | #4 | 8ft,0.0,,2
"Harrigan Lumber Company, Inc. (Monroeville, AL)",4x6 | #4 | <NA>ft,0.0,,1
"Harrigan Lumber Company, Inc. (Monroeville, AL)",2x6 | #3 | 12ft,20.0,20.0,1
"Hatfield Lumber Co (Hatfield, AR)",2x6 | #3 | 16ft,-191.64306640625,-191.64306640625,1
"Hatfield Lumber Co (Hatfield, AR)",2x12 | #4 | <NA>ft,0.0,,1
"Homan Forest Products Corporate, Inc (Fulton, MS)",6x6 | #4 | 10ft,0.0,,1
"Homan Forest Products Corporate, Inc (Fulton, MS)",6x6 | #4 | 12ft,0.0,,1
"Homan Forest Products Corporate, Inc (Fulton, MS)",6x6 | #4 | 14ft,0.0,,1
"Homan Forest Products Corporate, Inc (Fulton, MS)",6x6 | #4 | 16ft,0.0,,1
"Homan Forest Products Corporate, Inc (Fulton, MS)",6x6 | #4 | 8ft,0.0,,1
"Hood Industries, Inc (Waynesboro, MS)",2x12 | #3 | 14ft,-103.33333333333297,-51.66666666666649,2
"Hood Industries, Inc (Waynesboro, MS)",2x8 | #4 | 10ft,-25.203787292785023,-3.600541041826432,7
"Hood Industries, Inc (Waynesboro, MS)",2x12 | #3 | 12ft,-9.999973307291953,-4.999986653645976,2
"Hood Industries, Inc (Waynesboro, MS)",2x12 | #3 | 16ft,-5.0,-5.0,1
"Hood Industries, Inc (Waynesboro, MS)",2x10 | #4 | <NA>ft,0.0,,9
"Hood Industries, Inc (Waynesboro, MS)",2x12 | #4 | 6ft,0.0,,7
"Hood Industries, Inc (Waynesboro, MS)",2x12 | #4 | <NA>ft,0.0,,21
"Hood Industries, Inc (Waynesboro, MS)",2x4 | #3 | 10ft,0.0,,7
"Hood Industries, Inc (Waynesboro, MS)",2x4 | #3 | 12ft,0.0,,10
"Hood Industries, Inc (Waynesboro, MS)",2x4 | #3 | 14ft,0.0,,1
"Hood Industries, Inc (Waynesboro, MS)",2x4 | #3 | 16ft,0.0,,1
"Hood Industries, Inc (Waynesboro, MS)",2x4 | #3 | 8ft,0.0,,9
"Hood Industries, Inc (Waynesboro, MS)",2x4 | #4 | <NA>ft,0.0,,2
"Hood Industries, Inc (Waynesboro, MS)",2x6 | #3 | 10ft,0.0,0.0,1
"Hood Industries, Inc (Waynesboro, MS)",2x6 | #4 | 6ft,0.0,,1
"Hood Industries, Inc (Waynesboro, MS)",2x6 | #4 | <NA>ft,0.0,,2
"Hood Industries, Inc (Waynesboro, MS)",2x8 | #4 | 6ft,0.0,,2
"Hood Industries, Inc (Waynesboro, MS)",2x8 | #4 | <NA>ft,0.0,,9
"Hood Industries, Inc (Waynesboro, MS)",2x12 | #3 | 8ft,10.000014648437002,5.000007324218501,2
"Hood Industries, Inc (Waynesboro, MS)",2x12 | #3 | 10ft,10.000016927084005,5.000008463542002,2
"Hood Industries, Inc (Waynesboro, MS)",2x4 | #4 | 10ft,19.864067130849037,3.9728134261698074,5
"Hood Industries, Inc (Waynesboro, MS)",2x4 | #4 | 12ft,19.99157852564099,3.998315705128198,5
"Hood Industries, Inc (Waynesboro, MS)",2x8 | #4 | 12ft,30.000020616318977,4.285717230902711,7
"Hood Industries, Inc (Waynesboro, MS)",2x8 | #4 | 8ft,30.000035342262038,4.285719334608863,7
"Hood Industries, Inc (Waynesboro, MS)",2x10 | #4 | 8ft,38.851384048570026,3.8851384048570026,10
"Hood Industries, Inc (Waynesboro, MS)",2x10 | #4 | 10ft,40.001719734557014,4.444635526061891,9
"Hood Industries, Inc (Waynesboro, MS)",2x12 | #4 | 10ft,45.0,5.625,8
"Hood Industries, Inc (Waynesboro, MS)",2x12 | #4 | 8ft,45.0,5.625,8
"Hood Industries, Inc (Waynesboro, MS)",2x12 | #4 | 12ft,45.00003906249998,5.625004882812497,8
"Hood Industries, Inc (Waynesboro, MS)",2x4 | #4 | 8ft,53.335118409474006,8.889186401579002,6
"Hood Industries, Inc (Waynesboro, MS)",2x10 | #4 | 12ft,61.24950000000001,6.805500000000001,9
"Hood Industries, Inc (Waynesboro, MS)",2x8 | #3 | 14ft,66.66664248511904,13.333328497023809,5
"Hood Industries, Inc (Waynesboro, MS)",2x6 | #4 | 8ft,80.000012555804,16.0000025111608,5
"Hood Industries, Inc (Waynesboro, MS)",2x6 | #4 | 12ft,89.999987444196,14.999997907366,6
"Hood Industries, Inc (Waynesboro, MS)",2x6 | #4 | 10ft,107.08334753787801,17.847224589646334,6
"Hood Industries, Inc (Waynesboro, MS)",2x8 | #3 | 10ft,124.80048903875695,20.80008150645949,6
"Hood Industries, Inc (Waynesboro, MS)",2x8 | #3 | 16ft,134.820760859384,26.964152171876798,5
"Hood Industries, Inc (Waynesboro, MS)",2x8 | #3 | 12ft,164.999976588805,23.571425226972142,7
"Hood Industries, Inc (Waynesboro, MS)",2x8 | #3 | 8ft,230.0,28.75,8
"Hood Industries, Inc. (Bogalusa, LA)",2x8 | #4 | 14ft,-325.000059058779,-21.6666706039186,15
"Hood Industries, Inc. (Bogalusa, LA)",2x8 | #4 | 10ft,-201.43901058923495,-8.758217851705867,23
"Hood Industries, Inc. (Bogalusa, LA)",2x8 | #4 | 12ft,-50.416609917535965,-2.1920265181537375,23
"Hood Industries, Inc. (Bogalusa, LA)",2x8 | #4 | 16ft,-45.14899853444098,-22.57449926722049,2
"Hood Industries, Inc. (Bogalusa, LA)",2x6 | #4 | 14ft,-34.99992973400305,-1.944440540777947,18
"Hood Industries, Inc. (Bogalusa, LA)",2x4 | #3 | 10ft,0.0,,8
"Hood Industries, Inc. (Bogalusa, LA)",2x4 | #3 | 12ft,0.0,,30
"Hood Industries, Inc. (Bogalusa, LA)",2x4 | #3 | 16ft,0.0,,2
"Hood Industries, Inc. (Bogalusa, LA)",2x4 | #3 | 8ft,0.0,,76
"Hood Industries, Inc. (Bogalusa, LA)",2x4 | #4 | <NA>ft,0.0,,8
"Hood Industries, Inc. (Bogalusa, LA)",2x6 | #4 | <NA>ft,0.0,,4
"Hood Industries, Inc. (Bogalusa, LA)",2x8 | #4 | <NA>ft,0.0,,3
"Hood Industries, Inc. (Bogalusa, LA)",4x4 | #4 | 8ft,0.0,,22
"Hood Industries, Inc. (Bogalusa, LA)",2x6 | #4 | 10ft,5.0,0.2777777777777778,18
"Hood Industries, Inc. (Bogalusa, LA)",2x6 | #3 | 12ft,39.999977213542024,19.999988606771012,2
"Hood Industries, Inc. (Bogalusa, LA)",2x6 | #3 | 14ft,40.0,40.0,1
"Hood Industries, Inc. (Bogalusa, LA)",2x6 | #4 | 12ft,55.000066225406044,2.7500033112703024,20
"Hood Industries, Inc. (Bogalusa, LA)",2x6 | #3 | 16ft,65.83335042317697,16.45833760579424,4
"Hood Industries, Inc. (Bogalusa, LA)",2x8 | #3 | 10ft,100.47504597143492,6.698336398095662,15
"Hood Industries, Inc. (Bogalusa, LA)",2x8 | #4 | 8ft,103.00004019474602,3.814816303509112,27
"Hood Industries, Inc. (Bogalusa, LA)",2x6 | #3 | 10ft,120.0,30.0,4
"Hood Industries, Inc. (Bogalusa, LA)",2x8 | #3 | 14ft,187.500023716518,14.423078747424462,13
"Hood Industries, Inc. (Bogalusa, LA)",2x6 | #3 | 8ft,254.695628824549,36.38508983207843,7
"Hood Industries, Inc. (Bogalusa, LA)",2x6 | #4 | 8ft,267.217426582949,9.896941725294406,27
"Hood Industries, Inc. (Bogalusa, LA)",2x8 | #3 | 16ft,269.386471168393,16.83665444802456,16
"Hood Industries, Inc. (Bogalusa, LA)",2x4 | #4 | 14ft,424.26481667032806,17.677700694597004,24
"Hood Industries, Inc. (Bogalusa, LA)",2x4 | #4 | 10ft,448.9737741281931,16.62865830104419,27
"Hood Industries, Inc. (Bogalusa, LA)",2x8 | #3 | 8ft,468.40114868637295,14.637535896449155,32
"Hood Industries, Inc. (Bogalusa, LA)",2x8 | #3 | 12ft,536.999979275173,25.57142758453205,21
"Hood Industries, Inc. (Bogalusa, LA)",2x4 | #4 | 8ft,1051.201865501625,25.028615845276786,42
"Hood Industries, Inc. (Bogalusa, LA)",2x4 | #4 | 12ft,1345.792382376087,34.50749698400223,39
"Hood Industries, Inc. (Silver Creek, MS)",2x4 | #3 | 10ft,0.0,,7
"Hood Industries, Inc. (Silver Creek, MS)",2x4 | #3 | 12ft,0.0,,8
"Hood Industries, Inc. (Silver Creek, MS)",2x4 | #3 | 14ft,0.0,,1
"Hood Industries, Inc. (Silver Creek, MS)",2x4 | #3 | 8ft,0.0,,6
"Hood Industries, Inc. (Silver Creek, MS)",2x4 | #4 | 6ft,0.0,,1
"Hood Industries, Inc. (Silver Creek, MS)",2x4 | #4 | <NA>ft,0.0,,9
"Hood Industries, Inc. (Silver Creek, MS)",2x6 | #4 | <NA>ft,0.0,,7
"Hood Industries, Inc. (Silver Creek, MS)",2x8 | #4 | 6ft,0.0,,2
"Hood Industries, Inc. (Silver Creek, MS)",2x8 | #4 | <NA>ft,0.0,,1
"Hood Industries, Inc. (Silver Creek, MS)",4x4 | #4 | 10ft,0.0,,1
"Hood Industries, Inc. (Silver Creek, MS)",4x4 | #4 | 12ft,0.0,,1
"Hood Industries, Inc. (Silver Creek, MS)",4x4 | #4 | 8ft,0.0,,1
"Hood Industries, Inc. (Silver Creek, MS)",2x6 | #3 | 8ft,1.367187502410161e-05,1.367187502410161e-05,1
"Hood Industries, Inc. (Silver Creek, MS)",2x6 | #4 | 10ft,5.0,0.5555555555555556,9
"Hood Industries, Inc. (Silver Creek, MS)",2x8 | #4 | 8ft,5.0,1.6666666666666667,3
"Hood Industries, Inc. (Silver Creek, MS)",2x6 | #4 | 12ft,5.000026041666047,0.5555584490740052,9
"Hood Industries, Inc. (Silver Creek, MS)",2x6 | #3 | 10ft,6.993464052287976,3.496732026143988,2
"Hood Industries, Inc. (Silver Creek, MS)",2x8 | #3 | 8ft,7.647082031249994,7.647082031249994,1
"Hood Industries, Inc. (Silver Creek, MS)",2x6 | #3 | 12ft,30.0,30.0,1
"Hood Industries, Inc. (Silver Creek, MS)",2x6 | #3 | 14ft,30.0,30.0,1
"Hood Industries, Inc. (Silver Creek, MS)",2x6 | #3 | 16ft,30.0,30.0,1
"Hood Industries, Inc. (Silver Creek, MS)",2x8 | #4 | 10ft,34.88768272295701,3.876409191439668,9
"Hood Industries, Inc. (Silver Creek, MS)",2x6 | #4 | 8ft,35.000038783483035,5.000005540497576,7
"Hood Industries, Inc. (Silver Creek, MS)",2x6 | #4 | 16ft,39.999991455078,4.99999893188475,8
"Hood Industries, Inc. (Silver Creek, MS)",2x6 | #4 | 14ft,44.999997395834015,4.999999710648224,9
"Hood Industries, Inc. (Silver Creek, MS)",2x8 | #4 | 14ft,45.000012555804005,5.000001395089334,9
"Hood Industries, Inc. (Silver Creek, MS)",2x8 | #3 | 10ft,47.319285651322986,15.773095217107661,3
"Hood Industries, Inc. (Silver Creek, MS)",2x8 | #3 | 14ft,47.647135416667,15.882378472222333,3
"Hood Industries, Inc. (Silver Creek, MS)",2x8 | #4 | 12ft,50.00004340277704,4.166670283564753,12
"Hood Industries, Inc. (Silver Creek, MS)",2x8 | #4 | 16ft,54.97132299519501,4.997392999563183,11
"Hood Industries, Inc. (Silver Creek, MS)",2x8 | #3 | 12ft,62.647135416667,15.66178385416675,4
"Hood Industries, Inc. (Silver Creek, MS)",2x8 | #3 | 16ft,82.53737482906502,16.507474965813003,5
"Hood Industries, Inc. (Silver Creek, MS)",2x4 | #4 | 14ft,129.5817114859929,8.098856967874557,16
"Hood Industries, Inc. (Silver Creek, MS)",2x4 | #4 | 12ft,130.00815444711503,8.667210296474336,15
"Hood Industries, Inc. (Silver Creek, MS)",2x4 | #4 | 10ft,144.766287191554,7.619278273239684,19
"Hood Industries, Inc. (Silver Creek, MS)",2x4 | #4 | 8ft,181.44101686469494,12.096067790979664,15
"Hood Industries, Inc. (Silver Creek, MS)",2x4 | #4 | 16ft,224.80915739085694,17.293012106988996,13
"Hunt Forest Products, LLC (Pollock, LA)",4x4 | #4 | 8ft,0.0,,1
"Interfor US, Inc (Baxley, GA)",2x8 | #3 | 10ft,-69.82659837666603,-23.27553279222201,3
"Interfor US, Inc (Baxley, GA)",2x12 | #3 | 12ft,-64.88467261904805,-21.628224206349348,3
"Interfor US, Inc (Baxley, GA)",2x4 | #4 | 16ft,-48.696426782852996,-48.696426782852996,1
"Interfor US, Inc (Baxley, GA)",2x12 | #3 | 8ft,-14.600883152173992,-14.600883152173992,1
"Interfor US, Inc (Baxley, GA)",2x4 | #4 | 6ft,0.0,,5
"Interfor US, Inc (Baxley, GA)",2x4 | #4 | 10ft,14.924630364226005,14.924630364226005,1
"Interfor US, Inc (Baxley, GA)",2x4 | #4 | 12ft,14.999570741757992,14.999570741757992,1
"Interfor US, Inc (Baxley, GA)",2x4 | #4 | 14ft,15.000515198350996,15.000515198350996,1
"Interfor US, Inc (Bay Springs, MS)",2x4 | #4 | 10ft,-68.9674434158959,-3.1348837916316317,22
"Interfor US, Inc (Bay Springs, MS)",2x4 | #3 | 10ft,0.0,,3
"Interfor US, Inc (Bay Springs, MS)",2x4 | #3 | 12ft,0.0,,2
"Interfor US, Inc (Bay Springs, MS)",2x4 | #3 | 14ft,0.0,,2
"Interfor US, Inc (Bay Springs, MS)",2x4 | #3 | 16ft,0.0,,1
"Interfor US, Inc (Bay Springs, MS)",2x4 | #3 | 8ft,0.0,,14
"Interfor US, Inc (Bay Springs, MS)",2x4 | #4 | 6ft,0.0,,1
"Interfor US, Inc (Bay Springs, MS)",2x4 | #4 | <NA>ft,0.0,,36
"Interfor US, Inc (Bay Springs, MS)",2x6 | #4 | 6ft,0.0,,1
"Interfor US, Inc (Bay Springs, MS)",2x6 | #4 | <NA>ft,0.0,,1
"Interfor US, Inc (Bay Springs, MS)",2x4 | #4 | 8ft,7.419410459245029,0.41218946995805716,18
"Interfor US, Inc (Bay Springs, MS)",2x4 | #4 | 12ft,35.45917532337401,1.6885321582559054,21
"Interfor US, Inc (Bay Springs, MS)",2x4 | #4 | 16ft,38.27773933864995,1.472220743794229,26
"Interfor US, Inc (Bay Springs, MS)",2x4 | #4 | 14ft,151.21775633176702,6.574685057902914,23
"Interfor US, Inc (Belk, AL)",2x4 | #4 | 10ft,-171.86719783068196,-12.276228416477283,14
"Interfor US, Inc (Belk, AL)",2x4 | #4 | 14ft,-124.11351759891198,-10.342793133242665,12
"Interfor US, Inc (Belk, AL)",2x4 | #4 | 16ft,-118.942808057138,-10.81298255064891,11
"Interfor US, Inc (Belk, AL)",2x4 | #4 | 12ft,-113.77306290064098,-12.641451433404553,9
"Interfor US, Inc (Belk, AL)",2x4 | #3 | 10ft,0.0,,1
"Interfor US, Inc (Belk, AL)",2x4 | #3 | 12ft,0.0,,3
"Interfor US, Inc (Belk, AL)",2x4 | #3 | 14ft,0.0,,1
"Interfor US, Inc (Belk, AL)",2x4 | #3 | 16ft,0.0,,3
"Interfor US, Inc (Belk, AL)",2x4 | #3 | 8ft,0.0,,5
"Interfor US, Inc (Belk, AL)",2x4 | #4 | 6ft,0.0,,3
"Interfor US, Inc (Belk, AL)",2x4 | #4 | <NA>ft,0.0,,11
"Interfor US, Inc (Belk, AL)",2x6 | #4 | 10ft,11.608455882353013,11.608455882353013,1
"Interfor US, Inc (Belk, AL)",2x4 | #4 | 8ft,147.10877165716408,10.507769404083149,14
"Interfor US, Inc (Dequincy, LA)",2x4 | #4 | 14ft,-154.92658253927402,-51.64219417975801,3
"Interfor US, Inc (Dequincy, LA)",2x12 | #3 | 8ft,-86.66666666666703,-86.66666666666703,1
"Interfor US, Inc (Dequincy, LA)",2x8 | #4 | 8ft,-43.16176953125,-43.16176953125,1
"Interfor US, Inc (Dequincy, LA)",2x8 | #4 | 10ft,-43.161764062500026,-43.161764062500026,1
"Interfor US, Inc (Dequincy, LA)",2x8 | #4 | 16ft,-43.16176025390598,-43.16176025390598,1
"Interfor US, Inc (Dequincy, LA)",2x8 | #3 | 10ft,-5.103556076591985,-5.103556076591985,1
"Interfor US, Inc (Dequincy, LA)",2x8 | #3 | 16ft,-5.043138531662009,-5.043138531662009,1
"Interfor US, Inc (Dequincy, LA)",2x8 | #3 | 12ft,-5.0,-5.0,1
"Interfor US, Inc (Dequincy, LA)",2x8 | #3 | 14ft,-5.0,-5.0,1
"Interfor US, Inc (Dequincy, LA)",2x8 | #3 | 8ft,-4.999980957031028,-4.999980957031028,1
"Interfor US, Inc (Dequincy, LA)",2x12 | #3 | 12ft,0.0,0.0,1
"Interfor US, Inc (Dequincy, LA)",2x4 | #3 | 10ft,0.0,,11
"Interfor US, Inc (Dequincy, LA)",2x4 | #3 | 12ft,0.0,,12
"Interfor US, Inc (Dequincy, LA)",2x4 | #3 | 14ft,0.0,,1
"Interfor US, Inc (Dequincy, LA)",2x4 | #3 | 16ft,0.0,,1
"Interfor US, Inc (Dequincy, LA)",2x4 | #3 | 8ft,0.0,,17
"Interfor US, Inc (Dequincy, LA)",2x4 | #4 | 6ft,0.0,,1
"Interfor US, Inc (Dequincy, LA)",2x4 | #4 | <NA>ft,0.0,,1
"Interfor US, Inc (Dequincy, LA)",2x8 | #4 | 6ft,0.0,,1
"Interfor US, Inc (Dequincy, LA)",2x12 | #3 | 16ft,1.464843802523319e-05,1.464843802523319e-05,1
"Interfor US, Inc (Dequincy, LA)",2x6 | #3 | 12ft,5.0,5.0,1
"Interfor US, Inc (Dequincy, LA)",2x6 | #3 | 14ft,5.0,5.0,1
"Interfor US, Inc (Dequincy, LA)",2x6 | #3 | 16ft,5.0,5.0,1
"Interfor US, Inc (Dequincy, LA)",2x6 | #3 | 8ft,25.0,12.5,2
"Interfor US, Inc (Dequincy, LA)",2x6 | #3 | 10ft,52.91666666666703,26.458333333333513,2
"Interfor US, Inc (Dequincy, LA)",2x12 | #3 | 14ft,86.666666666667,86.666666666667,1
"Interfor US, Inc (Dequincy, LA)",2x12 | #3 | 10ft,86.666676302083,86.666676302083,1
"Interfor US, Inc (Eatonton, GA)",2x4 | #4 | 14ft,-4.1144022322390015,-4.1144022322390015,1
"Interfor US, Inc (Eatonton, GA)",2x4 | #3 | 10ft,0.0,,1
"Interfor US, Inc (Eatonton, GA)",2x4 | #3 | 12ft,0.0,,1
"Interfor US, Inc (Eatonton, GA)",2x4 | #3 | 14ft,0.0,,1
"Interfor US, Inc (Eatonton, GA)",2x4 | #3 | 8ft,0.0,,1
"Interfor US, Inc (Monticello, AR)",2x4 | #4 | 8ft,-265.6333921690939,-15.625493657005523,17
"Interfor US, Inc (Monticello, AR)",2x6 | #4 | 8ft,-105.32945227581604,-52.66472613790802,2
"Interfor US, Inc (Monticello, AR)",2x4 | #3 | 8ft,0.0,,3
"Interfor US, Inc (Monticello, AR)",2x4 | #4 | 6ft,0.0,,1
"Interfor US, Inc (Monticello, AR)",2x4 | #4 | 10ft,74.78840712429499,24.929469041431663,3
"Interfor US, Inc (Perry, GA)",2x4 | #4 | 10ft,-323.73204636085603,-53.95534106014267,6
"Interfor US, Inc (Perry, GA)",2x10 | #4 | 14ft,-151.835515921679,-30.367103184335797,5
"Interfor US, Inc (Perry, GA)",2x4 | #4 | 8ft,-143.588178361339,-28.7176356722678,5
"Interfor US, Inc (Perry, GA)",2x10 | #4 | 12ft,-114.66569218750001,-28.666423046875003,4
"Interfor US, Inc (Perry, GA)",2x10 | #4 | 10ft,-109.68627722278399,-36.56209240759466,3
"Interfor US, Inc (Perry, GA)",2x10 | #4 | 16ft,-93.55430474499602,-31.184768248332006,3
"Interfor US, Inc (Perry, GA)",2x4 | #4 | 16ft,-52.136250074437015,-10.427250014887402,5
"Interfor US, Inc (Perry, GA)",2x4 | #4 | 12ft,-51.96527193509604,-10.393054387019209,5
"Interfor US, Inc (Perry, GA)",2x8 | #3 | 12ft,-8.395833333333002,-2.7986111111110006,3
"Interfor US, Inc (Perry, GA)",2x12 | #4 | <NA>ft,0.0,,1
"Interfor US, Inc (Perry, GA)",2x4 | #4 | 14ft,76.21967885969457,19.054919714923642,4
"Interfor US, Inc (Preston, GA)",2x4 | #4 | 8ft,-127.705424926691,-25.5410849853382,5
"Interfor US, Inc (Preston, GA)",2x4 | #4 | 16ft,-127.62893411062998,-25.525786822125998,5
"Interfor US, Inc (Preston, GA)",2x4 | #4 | 10ft,-127.49125245585896,-25.49825049117179,5
"Interfor US, Inc (Preston, GA)",2x4 | #4 | 12ft,-105.80894731570498,-26.452236828926246,4
"Interfor US, Inc (Preston, GA)",2x10 | #3 | 14ft,-20.13823897124405,-10.069119485622025,2
"Interfor US, Inc (Preston, GA)",2x10 | #3 | 12ft,-20.027812499999982,-10.013906249999991,2
"Interfor US, Inc (Preston, GA)",2x10 | #3 | 16ft,-20.027812499999982,-10.013906249999991,2
"Interfor US, Inc (Preston, GA)",2x10 | #3 | 10ft,-20.027500000000032,-10.013750000000016,2
"Interfor US, Inc (Preston, GA)",2x4 | #4 | 14ft,-0.08535119354300491,-0.042675596771502455,2
"Interfor US, Inc (Preston, GA)",2x12 | #4 | <NA>ft,0.0,,1
"Interfor US, Inc (Preston, GA)",2x4 | #3 | 10ft,0.0,,1
"Interfor US, Inc (Preston, GA)",2x4 | #3 | 8ft,0.0,,1
"Interfor US, Inc (Preston, GA)",2x4 | #4 | 6ft,0.0,,1
"Interfor US, Inc (Preston, GA)",2x8 | #3 | 12ft,20.0,20.0,1
"Interfor US, Inc (Preston, GA)",2x8 | #3 | 8ft,32.826086956521976,32.826086956521976,1
"Interfor US, Inc (Swainsboro, GA)",2x4 | #4 | 12ft,-252.69768509615497,-19.438283468934998,13
"Interfor US, Inc (Swainsboro, GA)",2x4 | #4 | 10ft,-248.36902294937394,-16.557934863291596,15
"Interfor US, Inc (Swainsboro, GA)",2x4 | #4 | 16ft,-157.827938858084,-15.782793885808399,10
"Interfor US, Inc (Swainsboro, GA)",2x4 | #4 | 8ft,-132.00721545247202,-8.800481030164802,15
"Interfor US, Inc (Swainsboro, GA)",2x4 | #4 | 14ft,18.934679682419983,1.721334516583635,11
"Interfor US, Inc (Thomaston, GA)",2x8 | #3 | 8ft,29.99998623934698,29.99998623934698,1
"Jack Batte and Sons, Inc. (Forest, MS)",4x6 | #4 | 10ft,0.0,,7
"Jack Batte and Sons, Inc. (Forest, MS)",4x6 | #4 | 12ft,0.0,,7
"Jack Batte and Sons, Inc. (Forest, MS)",4x6 | #4 | 14ft,0.0,,6
"Jack Batte and Sons, Inc. (Forest, MS)",4x6 | #4 | 16ft,0.0,,10
"Jack Batte and Sons, Inc. (Forest, MS)",4x6 | #4 | 8ft,0.0,,9
"Jack Batte and Sons, Inc. (Forest, MS)",4x6 | #4 | <NA>ft,0.0,,1
"Jack Batte and Sons, Inc. (Forest, MS)",6x6 | #4 | 10ft,0.0,,3
"Jack Batte and Sons, Inc. (Forest, MS)",6x6 | #4 | 12ft,0.0,,2
"Jack Batte and Sons, Inc. (Forest, MS)",6x6 | #4 | 8ft,0.0,,1
"Jack Batte and Sons, Inc. (Forest, MS)",6x6 | #4 | <NA>ft,0.0,,1
"Jasper Lumber Co, Inc (Jasper, AL)",2x4 | #3 | 8ft,0.0,,2
"Jasper Lumber Co, Inc (Jasper, AL)",2x6 | #3 | 8ft,7.608685037364012,7.608685037364012,1
"Jordan Lumber & Supply, Inc (Mt. Gilead, NC)",2x6 | #4 | <NA>ft,0.0,,1
"King Lumber - Lincoln Lumber Miss. LLC DBA (Forest, MS)",1x4 | #3 | 14ft,0.0,,1
"King Lumber - Lincoln Lumber Miss. LLC DBA (Forest, MS)",1x4 | #3 | 8ft,0.0,,1
"King Lumber - Lincoln Lumber Miss. LLC DBA (Forest, MS)",1x6 | #3 | 12ft,0.0,,1
"KyKenKee, Inc (Vance, AL)",2x4 | #4 | 8ft,-85.001416613007,-85.001416613007,1
"KyKenKee, Inc (Vance, AL)",1x4 | #4 | 8ft,0.0,,1
"KyKenKee, Inc (Vance, AL)",4x4 | #3 | 8ft,0.0,,2
"KyKenKee, Inc (Vance, AL)",4x4 | #4 | 10ft,0.0,,5
"KyKenKee, Inc (Vance, AL)",4x4 | #4 | 12ft,0.0,,1
"KyKenKee, Inc (Vance, AL)",4x4 | #4 | 8ft,0.0,,5
"KyKenKee, Inc (Vance, AL)",6x6 | #4 | 8ft,0.0,,1
"LaSalle Lumber Company, LLC (Olla, LA)",2x8 | #4 | 10ft,-206.61401180118003,-41.322802360236004,5
"LaSalle Lumber Company, LLC (Olla, LA)",2x8 | #4 | 12ft,-146.45026497395799,-29.290052994791598,5
"LaSalle Lumber Company, LLC (Olla, LA)",2x8 | #4 | 14ft,-110.77329799107099,-36.92443266369033,3
"LaSalle Lumber Company, LLC (Olla, LA)",2x8 | #4 | 8ft,-106.44539420573,-21.289078841146,5
"LaSalle Lumber Company, LLC (Olla, LA)",2x8 | #3 | 10ft,-61.70074648262599,-10.28345774710433,6
"LaSalle Lumber Company, LLC (Olla, LA)",2x8 | #3 | 12ft,-40.67350260416703,-20.336751302083513,2
"LaSalle Lumber Company, LLC (Olla, LA)",2x4 | #3 | 10ft,0.0,,52
"LaSalle Lumber Company, LLC (Olla, LA)",2x4 | #3 | 12ft,0.0,,14
"LaSalle Lumber Company, LLC (Olla, LA)",2x4 | #3 | 14ft,0.0,,1
"LaSalle Lumber Company, LLC (Olla, LA)",2x4 | #3 | 8ft,0.0,,103
"LaSalle Lumber Company, LLC (Olla, LA)",2x8 | #3 | 18ft,0.0,0.0,1
"LaSalle Lumber Company, LLC (Olla, LA)",2x8 | #3 | 20ft,1.367187502410161e-05,1.367187502410161e-05,1
"LaSalle Lumber Company, LLC (Olla, LA)",2x8 | #3 | 14ft,25.0,8.333333333333334,3
"LaSalle Lumber Company, LLC (Olla, LA)",2x6 | #4 | 14ft,26.15384615384599,8.717948717948664,3
"LaSalle Lumber Company, LLC (Olla, LA)",2x8 | #3 | 8ft,59.00004900243104,14.75001225060776,4
"LaSalle Lumber Company, LLC (Olla, LA)",2x6 | #3 | 18ft,94.99997048611098,47.49998524305549,2
"LaSalle Lumber Company, LLC (Olla, LA)",2x6 | #4 | 12ft,101.99997395833299,20.399994791666597,5
"LaSalle Lumber Company, LLC (Olla, LA)",2x6 | #4 | 8ft,111.03475331182108,7.93105380798722,14
"LaSalle Lumber Company, LLC (Olla, LA)",2x6 | #4 | 10ft,111.92772995678595,5.8909331556203135,19
"LaSalle Lumber Company, LLC (Olla, LA)",2x8 | #4 | 16ft,112.11591124305198,18.68598520717533,6
"LaSalle Lumber Company, LLC (Olla, LA)",2x6 | #3 | 20ft,133.82110980902698,19.11730140128957,7
"LaSalle Lumber Company, LLC (Olla, LA)",2x6 | #4 | 16ft,213.15147975112401,16.396267673163386,13
"LaSalle Lumber Company, LLC (Olla, LA)",2x6 | #3 | 12ft,226.99995269097298,56.749988172743244,4
"LaSalle Lumber Company, LLC (Olla, LA)",2x4 | #4 | 12ft,252.328903388278,14.01827241045989,18
"LaSalle Lumber Company, LLC (Olla, LA)",2x4 | #4 | 14ft,279.867545825286,21.52827275579123,13
"LaSalle Lumber Company, LLC (Olla, LA)",2x4 | #4 | 8ft,398.576613059362,19.9288306529681,20
"LaSalle Lumber Company, LLC (Olla, LA)",2x4 | #4 | 16ft,443.115220566547,22.15576102832735,20
"LaSalle Lumber Company, LLC (Olla, LA)",2x6 | #3 | 10ft,815.7541563642189,19.896442838151682,41
"LaSalle Lumber Company, LLC (Olla, LA)",2x6 | #3 | 8ft,912.227760699728,29.426701958055745,31
"LaSalle Lumber Company, LLC (Olla, LA)",2x4 | #4 | 10ft,1197.2792124634761,26.60620472141058,45
"Leesville Lumber (Leesville, LA)",2x4 | #3 | 10ft,0.0,,4
"Leesville Lumber (Leesville, LA)",2x4 | #3 | 12ft,0.0,,1
"Leesville Lumber (Leesville, LA)",2x4 | #3 | 14ft,0.0,,1
"Leesville Lumber (Leesville, LA)",2x4 | #3 | 8ft,0.0,,1
"Littrell Lumber Mill, Inc (Decatur, AL)",1x4 | #4 | <NA>ft,0.0,,1
"Littrell Lumber Mill, Inc (Decatur, AL)",1x6 | #4 | <NA>ft,0.0,,1
"Littrell Lumber Mill, Inc (Decatur, AL)",6x6 | #4 | 10ft,0.0,,3
"Littrell Lumber Mill, Inc (Decatur, AL)",6x6 | #4 | 12ft,0.0,,3
"Littrell Lumber Mill, Inc (Decatur, AL)",6x6 | #4 | 8ft,0.0,,3
"M C Dixon Lumber Co, Inc (Eufaula, AL)",4x4 | #4 | 8ft,0.0,,1
"Martco Limited Partnership - Plywood Div (Chopin, LA)",6x6 | #4 | 8ft,0.0,,35
"Meadwestvaco Corporation (Cottonton, AL)",4x5 | #4 | 8ft,0.0,,5
"Meadwestvaco Corporation (Cottonton, AL)",4x6 | #3 | 12ft,0.0,,1
"Meadwestvaco Corporation (Cottonton, AL)",4x6 | #3 | 16ft,0.0,,2
"Meadwestvaco Corporation (Cottonton, AL)",4x6 | #3 | 8ft,0.0,,1
"Meadwestvaco Corporation (Cottonton, AL)",4x6 | #4 | 10ft,0.0,,1
"Meadwestvaco Corporation (Cottonton, AL)",4x6 | #4 | 12ft,0.0,,3
"Meadwestvaco Corporation (Cottonton, AL)",4x6 | #4 | 16ft,0.0,,3
"Meadwestvaco Corporation (Cottonton, AL)",4x6 | #4 | 6ft,0.0,,1
"Meadwestvaco Corporation (Cottonton, AL)",4x6 | #4 | 8ft,0.0,,3
"Meadwestvaco Corporation (Cottonton, AL)",4x6 | #4 | <NA>ft,0.0,,1
"Meadwestvaco Corporation (Cottonton, AL)",6x6 | #3 | 10ft,0.0,,2
"Meadwestvaco Corporation (Cottonton, AL)",6x6 | #3 | 12ft,0.0,,5
"Meadwestvaco Corporation (Cottonton, AL)",6x6 | #3 | 16ft,0.0,,1
"Meadwestvaco Corporation (Cottonton, AL)",6x6 | #4 | <NA>ft,0.0,,4
"Mid South Lumber, Inc (Meridian, MS)",2x4 | #3 | 8ft,0.0,,6
"Mid South Lumber, Inc (Meridian, MS)",2x4 | #4 | 6ft,0.0,,3
"Mid South Lumber, Inc (Meridian, MS)",2x4 | #4 | <NA>ft,0.0,,7
"Mid South Lumber, Inc (Meridian, MS)",2x6 | #3 | 16ft,0.0,0.0,1
"Mid South Lumber, Inc (Meridian, MS)",2x6 | #4 | 6ft,0.0,,1
"Mid South Lumber, Inc (Meridian, MS)",2x6 | #4 | <NA>ft,0.0,,1
"Mid South Lumber, Inc (Meridian, MS)",2x8 | #4 | <NA>ft,0.0,,1
"Mid South Lumber, Inc (Meridian, MS)",2x6 | #4 | 10ft,10.0,10.0,1
"Mid South Lumber, Inc (Meridian, MS)",2x6 | #4 | 12ft,10.000012207030977,10.000012207030977,1
"Mid South Lumber, Inc (Meridian, MS)",2x6 | #4 | 8ft,23.043478260870017,23.043478260870017,1
"Mid South Lumber, Inc (Meridian, MS)",2x6 | #4 | 14ft,30.000023179944947,7.500005794986237,4
"Mid South Lumber, Inc (Meridian, MS)",2x8 | #4 | 8ft,49.9999921875,49.9999921875,1
"Mid South Lumber, Inc (Meridian, MS)",2x8 | #4 | 10ft,50.0,50.0,1
"Mid South Lumber, Inc (Meridian, MS)",2x8 | #4 | 14ft,50.0,50.0,1
"Mid South Lumber, Inc (Meridian, MS)",2x4 | #4 | 14ft,59.928988624167005,8.561284089166715,7
"Mid South Lumber, Inc (Meridian, MS)",2x4 | #4 | 10ft,84.98538714948,28.32846238316,3
"Mid South Lumber, Inc (Meridian, MS)",2x4 | #4 | 16ft,102.28164310375007,7.867818700288467,13
"Mid South Lumber, Inc (Meridian, MS)",2x4 | #4 | 12ft,109.93975938424498,27.484939846061245,4
"Mid South Lumber, Inc (Meridian, MS)",2x6 | #4 | 16ft,145.00001261393197,18.125001576741496,8
"Mid South Lumber, Inc (Meridian, MS)",2x4 | #4 | 8ft,419.6892802884621,24.68760472285071,17
"Mission Forest Products, LP (Corinth, MS)",2x4 | #4 | 14ft,-59.79597435206102,-8.542282050294432,7
"Mission Forest Products, LP (Corinth, MS)",2x6 | #3 | 10ft,-30.555555555555998,-15.277777777777999,2
"Mission Forest Products, LP (Corinth, MS)",2x8 | #4 | 8ft,-20.0,-10.0,2
"Mission Forest Products, LP (Corinth, MS)",2x4 | #3 | 10ft,0.0,,11
"Mission Forest Products, LP (Corinth, MS)",2x4 | #3 | 14ft,0.0,,2
"Mission Forest Products, LP (Corinth, MS)",2x4 | #3 | 16ft,0.0,,1
"Mission Forest Products, LP (Corinth, MS)",2x4 | #3 | 8ft,0.0,,7
"Mission Forest Products, LP (Corinth, MS)",2x4 | #4 | 6ft,0.0,,13
"Mission Forest Products, LP (Corinth, MS)",2x4 | #4 | <NA>ft,0.0,,2
"Mission Forest Products, LP (Corinth, MS)",2x6 | #4 | <NA>ft,0.0,,2
"Mission Forest Products, LP (Corinth, MS)",2x8 | #4 | 6ft,0.0,,1
"Mission Forest Products, LP (Corinth, MS)",2x8 | #4 | <NA>ft,0.0,,1
"Mission Forest Products, LP (Corinth, MS)",2x6 | #3 | 14ft,20.0,20.0,1
"Mission Forest Products, LP (Corinth, MS)",2x6 | #4 | 12ft,25.0,25.0,1
"Mission Forest Products, LP (Corinth, MS)",2x6 | #4 | 14ft,60.0,30.0,2
"Mission Forest Products, LP (Corinth, MS)",2x6 | #4 | 10ft,60.00002734374999,30.000013671874996,2
"Mission Forest Products, LP (Corinth, MS)",2x8 | #4 | 10ft,64.993618158641,64.993618158641,1
"Mission Forest Products, LP (Corinth, MS)",2x6 | #3 | 8ft,75.00007218070704,12.500012030117839,6
"Mission Forest Products, LP (Corinth, MS)",2x6 | #4 | 16ft,85.00002197265599,28.333340657551997,3
"Mission Forest Products, LP (Corinth, MS)",2x6 | #4 | 8ft,120.20839400758697,20.03473233459783,6
"Mission Forest Products, LP (Corinth, MS)",2x8 | #4 | 12ft,205.0,51.25,4
"Mission Forest Products, LP (Corinth, MS)",2x4 | #4 | 10ft,463.73603511101305,46.37360351110131,10
"Mission Forest Products, LP (Corinth, MS)",2x4 | #4 | 12ft,525.6190476190479,43.801587301587325,12
"Mission Forest Products, LP (Corinth, MS)",2x4 | #4 | 8ft,1037.485002487646,33.46725814476277,31
"Pinecrest Lbr / Green Bay Packaging (Plumerville, AR)",2x4 | #4 | 12ft,-94.61538461538498,-31.53846153846166,3
"Pinecrest Lbr / Green Bay Packaging (Plumerville, AR)",2x4 | #4 | 10ft,-54.651970943682954,-18.217323647894318,3
"Pinecrest Lbr / Green Bay Packaging (Plumerville, AR)",2x6 | #4 | 16ft,-15.0,-5.0,3
"Pinecrest Lbr / Green Bay Packaging (Plumerville, AR)",2x6 | #4 | 14ft,-14.999990513392987,-4.999996837797663,3
"Pinecrest Lbr / Green Bay Packaging (Plumerville, AR)",2x6 | #4 | 12ft,-14.999990234374991,-4.999996744791663,3
"Pinecrest Lbr / Green Bay Packaging (Plumerville, AR)",2x6 | #4 | 10ft,-14.999986328125004,-3.749996582031251,4
"Pinecrest Lbr / Green Bay Packaging (Plumerville, AR)",2x6 | #4 | 8ft,-14.999981933593972,-3.749995483398493,4
"Pinecrest Lbr / Green Bay Packaging (Plumerville, AR)",4x4 | #3 | 10ft,0.0,,2
"Pinecrest Lbr / Green Bay Packaging (Plumerville, AR)",4x4 | #3 | 12ft,0.0,,3
"Pinecrest Lbr / Green Bay Packaging (Plumerville, AR)",4x4 | #3 | 14ft,0.0,,3
"Pinecrest Lbr / Green Bay Packaging (Plumerville, AR)",4x4 | #3 | 16ft,0.0,,3
"Pinecrest Lbr / Green Bay Packaging (Plumerville, AR)",4x4 | #3 | 8ft,0.0,,5
"Pinecrest Lbr / Green Bay Packaging (Plumerville, AR)",4x4 | #4 | 10ft,0.0,,25
"Pinecrest Lbr / Green Bay Packaging (Plumerville, AR)",4x4 | #4 | 12ft,0.0,,29
"Pinecrest Lbr / Green Bay Packaging (Plumerville, AR)",4x4 | #4 | 14ft,0.0,,23
"Pinecrest Lbr / Green Bay Packaging (Plumerville, AR)",4x4 | #4 | 16ft,0.0,,17
"Pinecrest Lbr / Green Bay Packaging (Plumerville, AR)",4x4 | #4 | 8ft,0.0,,37
"Pinecrest Lbr / Green Bay Packaging (Plumerville, AR)",4x6 | #3 | 12ft,0.0,,1
"Pinecrest Lbr / Green Bay Packaging (Plumerville, AR)",4x6 | #4 | 10ft,0.0,,11
"Pinecrest Lbr / Green Bay Packaging (Plumerville, AR)",4x6 | #4 | 12ft,0.0,,11
"Pinecrest Lbr / Green Bay Packaging (Plumerville, AR)",4x6 | #4 | 14ft,0.0,,11
"Pinecrest Lbr / Green Bay Packaging (Plumerville, AR)",4x6 | #4 | 16ft,0.0,,10
"Pinecrest Lbr / Green Bay Packaging (Plumerville, AR)",4x6 | #4 | 8ft,0.0,,12
"Pinecrest Lbr / Green Bay Packaging (Plumerville, AR)",2x4 | #4 | 16ft,0.3846153846150173,0.19230769230750866,2
"Pinecrest Lbr / Green Bay Packaging (Plumerville, AR)",2x4 | #4 | 14ft,25.21154478551901,8.40384826183967,3
"Pinecrest Lbr / Green Bay Packaging (Plumerville, AR)",2x4 | #4 | 8ft,85.18610210263799,28.395367367545997,3
"Potlatch Land & Lumber, LLC (Ola, AR)",2x8 | #3 | 12ft,-20.0,-10.0,2
"Potlatch Land & Lumber, LLC (Ola, AR)",2x8 | #3 | 10ft,-10.019142120477994,-10.019142120477994,1
"Potlatch Land & Lumber, LLC (Ola, AR)",2x8 | #3 | 14ft,-10.0,-10.0,1
"Potlatch Land & Lumber, LLC (Ola, AR)",2x8 | #3 | 8ft,-10.0,-10.0,1
"Potlatch Land & Lumber, LLC (Ola, AR)",2x6 | #3 | 10ft,-5.0,-5.0,1
"Potlatch Land & Lumber, LLC (Ola, AR)",2x8 | #4 | 12ft,0.0,0.0,1
"Potlatch Land & Lumber, LLC (Ola, AR)",2x8 | #4 | 16ft,0.0,0.0,1
"Potlatch Land & Lumber, LLC (Ola, AR)",2x8 | #4 | 8ft,0.0,0.0,1
"Potlatch Land & Lumber, LLC (Ola, AR)",4x6 | #4 | 6ft,0.0,,1
"Potlatch Land & Lumber, LLC (Ola, AR)",4x6 | #4 | <NA>ft,0.0,,1
"Potlatch Land & Lumber, LLC (Waldo, AR)",2x12 | #4 | 16ft,0.0,0.0,1
"Potlatch Land & Lumber, LLC (Waldo, AR)",2x6 | #3 | 8ft,0.0,0.0,1
"Potlatch Land & Lumber, LLC (Waldo, AR)",2x6 | #4 | 10ft,0.0,0.0,2
"Potlatch Land & Lumber, LLC (Waldo, AR)",2x6 | #4 | 14ft,0.0,0.0,1
"Potlatch Land & Lumber, LLC (Waldo, AR)",2x8 | #4 | 12ft,0.0,0.0,1
"Potlatch Land & Lumber, LLC (Waldo, AR)",2x8 | #3 | 8ft,0.6521739130429864,0.6521739130429864,1
"Potlatch Land & Lumber, LLC (Warren, AR)",2x8 | #3 | 10ft,-20.038287232379986,-20.038287232379986,1
"Potlatch Land & Lumber, LLC (Warren, AR)",2x8 | #3 | 8ft,-7.041062801933009,-1.7602657004832523,4
"Potlatch Land & Lumber, LLC (Warren, AR)",2x12 | #4 | 10ft,-5.0,-5.0,1
"Potlatch Land & Lumber, LLC (Warren, AR)",2x12 | #4 | 14ft,-5.0,-5.0,1
"Potlatch Land & Lumber, LLC (Warren, AR)",2x12 | #4 | 16ft,-5.0,-5.0,1
"Potlatch Land & Lumber, LLC (Warren, AR)",2x12 | #4 | 8ft,-5.0,-5.0,1
"Potlatch Land & Lumber, LLC (Warren, AR)",2x12 | #4 | 12ft,-4.999990017361,-4.999990017361,1
"Potlatch Land & Lumber, LLC (Warren, AR)",2x6 | #4 | 10ft,0.0,0.0,1
"Randy Miller Lumber Co, Inc (Wilkesboro, NC)",1x4 | #3 | 10ft,0.0,,1
"Randy Miller Lumber Co, Inc (Wilkesboro, NC)",1x4 | #3 | 12ft,0.0,,1
"Randy Miller Lumber Co, Inc (Wilkesboro, NC)",1x4 | #3 | 16ft,0.0,,1
"Resolute FP US, Inc (Glenwood, AR)",2x8 | #3 | 16ft,-0.05493431013400141,-0.05493431013400141,1
"Resolute FP US, Inc (Glenwood, AR)",2x8 | #3 | 12ft,0.0,0.0,1
"Resolute FP US, Inc (Glenwood, AR)",2x8 | #3 | 14ft,0.0,0.0,1
"Rex Lumber Troy, LLC (Troy, AL)",2x6 | #3 | 14ft,-55.0,-55.0,1
"Rex Lumber Troy, LLC (Troy, AL)",2x6 | #3 | 16ft,-55.0,-55.0,1
"Rex Lumber Troy, LLC (Troy, AL)",2x6 | #3 | 12ft,-45.0,-45.0,1
"Rex Lumber Troy, LLC (Troy, AL)",2x6 | #3 | 10ft,-40.0,-40.0,1
"Rex Lumber Troy, LLC (Troy, AL)",2x6 | #3 | 8ft,-25.0,-25.0,1
"Rex Lumber Troy, LLC (Troy, AL)",2x12 | #3 | 8ft,5.869565217390999,5.869565217390999,1
"Rex Lumber Troy, LLC (Troy, AL)",2x6 | #4 | 8ft,54.99992587002794,10.999985174005587,5
"Rex Lumber-Brookhaven (Brookhaven, MS)",2x6 | #3 | 8ft,-45.0,-15.0,3
"Rex Lumber-Brookhaven (Brookhaven, MS)",2x4 | #4 | 8ft,-34.86420953692499,-17.432104768462494,2
"Rex Lumber-Brookhaven (Brookhaven, MS)",2x4 | #4 | 12ft,-20.0,-20.0,1
"Rex Lumber-Brookhaven (Brookhaven, MS)",2x4 | #4 | 10ft,-19.988667971566997,-19.988667971566997,1
"Shuqualak Lumber Co., Inc. (Shuqualak, MS)",2x10 | #4 | 6ft,0.0,,1
"Shuqualak Lumber Co., Inc. (Shuqualak, MS)",2x10 | #4 | <NA>ft,0.0,,2
"Shuqualak Lumber Co., Inc. (Shuqualak, MS)",2x12 | #4 | 6ft,0.0,,3
"Shuqualak Lumber Co., Inc. (Shuqualak, MS)",2x12 | #4 | <NA>ft,0.0,,20
"Shuqualak Lumber Co., Inc. (Shuqualak, MS)",2x8 | #4 | 6ft,0.0,,2
"Shuqualak Lumber Co., Inc. (Shuqualak, MS)",2x8 | #4 | <NA>ft,0.0,,7
"Shuqualak Lumber Co., Inc. (Shuqualak, MS)",2x10 | #4 | 10ft,29.951222055513995,29.951222055513995,1
"Snider Industries, LLP (Marshall, TX)",1x10 | #3 | 14ft,0.0,,1
"Snider Industries, LLP (Marshall, TX)",1x12 | #3 | 14ft,0.0,,2
"Snider Industries, LLP (Marshall, TX)",1x12 | #3 | 16ft,0.0,,1
"Snider Industries, LLP (Marshall, TX)",1x4 | #3 | 10ft,0.0,,2
"Snider Industries, LLP (Marshall, TX)",1x8 | #3 | 12ft,0.0,,1
"Snider Industries, LLP (Marshall, TX)",1x8 | #3 | 14ft,0.0,,2
"Snider Industries, LLP (Marshall, TX)",1x8 | #3 | 16ft,0.0,,1
"Southeast Forest Products Mfg, Inc (Louisville, AL)",2x4 | #3 | 10ft,0.0,,1
"Southeast Forest Products Mfg, Inc (Louisville, AL)",2x4 | #4 | <NA>ft,0.0,,1
"Southeast Forest Products Mfg, Inc (Louisville, AL)",4x4 | #4 | 10ft,0.0,,1
"Southeast Forest Products Mfg, Inc (Louisville, AL)",4x4 | #4 | <NA>ft,0.0,,3
"Southeast Forest Products Mfg, Inc (Louisville, AL)",4x6 | #4 | 14ft,0.0,,1
"Southeast Forest Products Mfg, Inc (Louisville, AL)",4x6 | #4 | 8ft,0.0,,1
"Southeast Forest Products Mfg, Inc (Louisville, AL)",6x6 | #4 | 10ft,0.0,,4
"Southeast Forest Products Mfg, Inc (Louisville, AL)",6x6 | #4 | 12ft,0.0,,5
"Southeast Forest Products Mfg, Inc (Louisville, AL)",6x6 | #4 | 14ft,0.0,,4
"Southeast Forest Products Mfg, Inc (Louisville, AL)",6x6 | #4 | 16ft,0.0,,26
"Southeast Forest Products Mfg, Inc (Louisville, AL)",2x6 | #4 | 16ft,57.871077067057,57.871077067057,1
"Southeastern Timber Products, LLC (Ackerman, MS)",2x4 | #3 | 10ft,0.0,,3
"Southeastern Timber Products, LLC (Ackerman, MS)",2x4 | #3 | 12ft,0.0,,2
"Southeastern Timber Products, LLC (Ackerman, MS)",2x4 | #3 | 16ft,0.0,,9
"Southeastern Timber Products, LLC (Ackerman, MS)",2x4 | #3 | 8ft,0.0,,2
"Southeastern Timber Products, LLC (Ackerman, MS)",2x4 | #4 | 6ft,0.0,,2
"Southeastern Timber Products, LLC (Ackerman, MS)",2x4 | #4 | <NA>ft,0.0,,2
"Southeastern Timber Products, LLC (Ackerman, MS)",4x4 | #4 | 10ft,0.0,,20
"Southeastern Timber Products, LLC (Ackerman, MS)",4x4 | #4 | 12ft,0.0,,20
"Southeastern Timber Products, LLC (Ackerman, MS)",4x4 | #4 | 14ft,0.0,,17
"Southeastern Timber Products, LLC (Ackerman, MS)",4x4 | #4 | 16ft,0.0,,20
"Southeastern Timber Products, LLC (Ackerman, MS)",4x4 | #4 | 6ft,0.0,,1
"Southeastern Timber Products, LLC (Ackerman, MS)",4x4 | #4 | 8ft,0.0,,10
"Southeastern Timber Products, LLC (Ackerman, MS)",4x4 | #4 | <NA>ft,0.0,,8
"Southeastern Timber Products, LLC (Ackerman, MS)",4x6 | #4 | 10ft,0.0,,42
"Southeastern Timber Products, LLC (Ackerman, MS)",4x6 | #4 | 12ft,0.0,,36
"Southeastern Timber Products, LLC (Ackerman, MS)",4x6 | #4 | 14ft,0.0,,16
"Southeastern Timber Products, LLC (Ackerman, MS)",4x6 | #4 | 16ft,0.0,,24
"Southeastern Timber Products, LLC (Ackerman, MS)",4x6 | #4 | 8ft,0.0,,37
"Southeastern Timber Products, LLC (Ackerman, MS)",2x6 | #3 | 10ft,20.000028531614987,10.000014265807494,2
"Southeastern Timber Products, LLC (Ackerman, MS)",2x6 | #4 | 16ft,39.999993652342994,4.4444437391492215,9
"Southeastern Timber Products, LLC (Ackerman, MS)",2x6 | #4 | 8ft,40.00001098632799,4.444445665147555,9
"Southeastern Timber Products, LLC (Ackerman, MS)",2x4 | #4 | 14ft,57.723866269426054,2.6238121031557298,22
"Southeastern Timber Products, LLC (Ackerman, MS)",2x6 | #4 | 12ft,59.999994140625034,8.571427734375005,7
"Southeastern Timber Products, LLC (Ackerman, MS)",2x6 | #4 | 10ft,85.00001367187502,10.625001708984378,8
"Southeastern Timber Products, LLC (Ackerman, MS)",2x4 | #4 | 8ft,98.22909477745998,4.270830207715651,23
"Southeastern Timber Products, LLC (Ackerman, MS)",2x4 | #4 | 16ft,121.87038098781304,5.53956277217332,22
"Southeastern Timber Products, LLC (Ackerman, MS)",2x4 | #4 | 10ft,137.20828676323106,5.081788398638188,27
"Southeastern Timber Products, LLC (Ackerman, MS)",2x4 | #4 | 12ft,177.0474243790061,6.809516322269465,26
"Southern Lumber Company, Inc. (Hermanville, MS)",2x6 | #4 | 12ft,-28.426896701389012,-28.426896701389012,1
"Southern Lumber Company, Inc. (Hermanville, MS)",2x6 | #4 | 14ft,-28.42614317601999,-28.42614317601999,1
"Southern Lumber Company, Inc. (Hermanville, MS)",2x10 | #3 | 14ft,-0.11564844587400103,-0.11564844587400103,1
"Southern Lumber Company, Inc. (Hermanville, MS)",2x10 | #3 | 10ft,-0.03269126912701381,-0.03269126912701381,1
"Southern Lumber Company, Inc. (Hermanville, MS)",2x10 | #3 | 8ft,-0.022814876550000918,-0.022814876550000918,1
"Southern Lumber Company, Inc. (Hermanville, MS)",2x10 | #3 | 12ft,-0.00043750000000386535,-0.00043750000000386535,1
"Southern Lumber Company, Inc. (Hermanville, MS)",2x10 | #3 | 16ft,-0.0004219409279926367,-0.0004219409279926367,1
"Southern Lumber Company, Inc. (Hermanville, MS)",2x10 | #4 | 6ft,0.0,,1
"Southern Lumber Company, Inc. (Hermanville, MS)",2x12 | #4 | <NA>ft,0.0,,11
"Southern Lumber Company, Inc. (Hermanville, MS)",2x8 | #4 | 14ft,0.0,0.0,1
"Southern Lumber Company, Inc. (Hermanville, MS)",2x8 | #4 | 6ft,0.0,,1
"Southern Lumber Company, Inc. (Hermanville, MS)",2x12 | #3 | 14ft,55.0,55.0,1
"Southern Lumber Company, Inc. (Hermanville, MS)",2x12 | #3 | 10ft,55.000014648437,55.000014648437,1
"Southern Lumber Company, Inc. (Hermanville, MS)",2x4 | #4 | 8ft,74.981687217678,74.981687217678,1
"Southern Lumber Company, Inc. (Hermanville, MS)",2x12 | #3 | 12ft,74.99999088541699,37.499995442708496,2
"Southern Lumber Company, Inc. (Hermanville, MS)",2x4 | #4 | 16ft,75.0,75.0,1
"Southern Lumber Company, Inc. (Hermanville, MS)",2x12 | #3 | 16ft,75.000014648437,37.5000073242185,2
"Southern Lumber Company, Inc. (Hermanville, MS)",2x8 | #4 | 16ft,84.999988037109,84.999988037109,1
"Southern Lumber Company, Inc. (Hermanville, MS)",2x8 | #4 | 10ft,85.0,85.0,1
"Southern Lumber Company, Inc. (Hermanville, MS)",2x8 | #4 | 8ft,85.0,85.0,1
"Southern Lumber Company, Inc. (Hermanville, MS)",2x12 | #3 | 8ft,130.000022949219,43.33334098307299,3
"Southern Lumber Company, Inc. (Hermanville, MS)",2x4 | #4 | 12ft,150.0,75.0,2
"Southern Lumber Company, Inc. (Hermanville, MS)",2x12 | #4 | 16ft,200.000008951823,100.0000044759115,2
"Southern Lumber Company, Inc. (Hermanville, MS)",2x12 | #4 | 10ft,215.0,71.66666666666667,3
"Southern Lumber Company, Inc. (Hermanville, MS)",2x12 | #4 | 14ft,215.000004650298,71.666668216766,3
"Southern Lumber Company, Inc. (Hermanville, MS)",2x12 | #4 | 8ft,215.000011160714,71.66667038690467,3
"Southern Lumber Company, Inc. (Hermanville, MS)",2x12 | #4 | 12ft,315.0,78.75,4
"Spanish Trails Lumber Company (Marianna, FL)",2x4 | #4 | 6ft,0.0,,2
"Steely Lumber (Huntsville, TX)",1x4 | #4 | 12ft,0.0,,1
"Steely Lumber (Huntsville, TX)",1x4 | #4 | 14ft,0.0,,1
"Steely Lumber (Huntsville, TX)",1x4 | #4 | 16ft,0.0,,1
"T R Miller Co, Inc. (Brewton, AL)",2x12 | #4 | <NA>ft,0.0,,1
"Trimjoist Corporation (Columbus, MS)",2x4 | #4 | 8ft,-45.760624634986016,-5.720078079373252,8
"Trimjoist Corporation (Columbus, MS)",2x4 | #3 | 8ft,0.0,,1
"Trimjoist Corporation (Columbus, MS)",2x4 | #4 | 6ft,0.0,,2
"Trimjoist Corporation (Columbus, MS)",2x4 | #4 | <NA>ft,0.0,,7
"Two Rivers Lumber Company, LLC (Demopolis, AL)",2x6 | #3 | 16ft,-25.0,-25.0,1
"Two Rivers Lumber Company, LLC (Demopolis, AL)",2x6 | #3 | 8ft,5.000018257473016,5.000018257473016,1
"Vicksburg Forest Products, LLC (Vicksburg, MS)",2x4 | #4 | 16ft,-218.5979241543689,-9.504257571929083,23
"Vicksburg Forest Products, LLC (Vicksburg, MS)",2x10 | #4 | 8ft,-213.3041312134629,-13.331508200841432,16
"Vicksburg Forest Products, LLC (Vicksburg, MS)",2x4 | #4 | 14ft,-190.267184926667,-8.64850840575759,22
"Vicksburg Forest Products, LLC (Vicksburg, MS)",2x4 | #4 | 10ft,-180.7074664457909,-7.8568463672083,23
"Vicksburg Forest Products, LLC (Vicksburg, MS)",2x10 | #4 | 16ft,-161.13024193760697,-7.005662692939433,23
"Vicksburg Forest Products, LLC (Vicksburg, MS)",2x4 | #4 | 12ft,-159.99704740441888,-7.272593063837221,22
"Vicksburg Forest Products, LLC (Vicksburg, MS)",2x10 | #4 | 12ft,-120.05837500000001,-7.062257352941177,17
"Vicksburg Forest Products, LLC (Vicksburg, MS)",2x10 | #4 | 14ft,-90.43370947408906,-5.319629969064062,17
"Vicksburg Forest Products, LLC (Vicksburg, MS)",2x4 | #4 | 8ft,-75.42689050657307,-3.591756690789194,21
"Vicksburg Forest Products, LLC (Vicksburg, MS)",2x10 | #4 | 10ft,-70.06085170749097,-4.3788032317181855,16
"Vicksburg Forest Products, LLC (Vicksburg, MS)",2x10 | #3 | 14ft,-40.18428627115901,-13.394762090386337,3
"Vicksburg Forest Products, LLC (Vicksburg, MS)",2x10 | #3 | 12ft,-40.000833333334015,-13.333611111111338,3
"Vicksburg Forest Products, LLC (Vicksburg, MS)",2x10 | #3 | 8ft,-35.29803236534198,-11.766010788447327,3
"Vicksburg Forest Products, LLC (Vicksburg, MS)",2x10 | #3 | 10ft,-34.91054294152602,-11.636847647175339,3
"Vicksburg Forest Products, LLC (Vicksburg, MS)",2x10 | #3 | 16ft,-30.08291462026898,-15.04145731013449,2
"Vicksburg Forest Products, LLC (Vicksburg, MS)",2x8 | #3 | 8ft,-20.000020282452,-10.000010141226,2
"Vicksburg Forest Products, LLC (Vicksburg, MS)",2x8 | #3 | 12ft,-20.0,-10.0,2
"Vicksburg Forest Products, LLC (Vicksburg, MS)",2x8 | #3 | 10ft,-15.059581949599988,-15.059581949599988,1
"Vicksburg Forest Products, LLC (Vicksburg, MS)",2x8 | #3 | 14ft,-15.0,-15.0,1
"Vicksburg Forest Products, LLC (Vicksburg, MS)",2x8 | #3 | 16ft,-5.151441133366006,-5.151441133366006,1
"Vicksburg Forest Products, LLC (Vicksburg, MS)",2x10 | #4 | 6ft,0.0,,1
"Vicksburg Forest Products, LLC (Vicksburg, MS)",2x4 | #3 | 10ft,0.0,,3
"Vicksburg Forest Products, LLC (Vicksburg, MS)",2x4 | #3 | 8ft,0.0,,10
"Vicksburg Forest Products, LLC (Vicksburg, MS)",2x4 | #4 | 6ft,0.0,,9
"Vicksburg Forest Products, LLC (Vicksburg, MS)",2x4 | #4 | <NA>ft,0.0,,6
"Vicksburg Forest Products, LLC (Vicksburg, MS)",2x6 | #4 | 6ft,0.0,,1
"Vicksburg Forest Products, LLC (Vicksburg, MS)",2x6 | #4 | <NA>ft,0.0,,7
"Vicksburg Forest Products, LLC (Vicksburg, MS)",2x8 | #4 | 6ft,0.0,,1
"Vicksburg Forest Products, LLC (Vicksburg, MS)",2x8 | #4 | 8ft,0.0,0.0,11
"Vicksburg Forest Products, LLC (Vicksburg, MS)",4x4 | #4 | 10ft,0.0,,5
"Vicksburg Forest Products, LLC (Vicksburg, MS)",4x4 | #4 | 12ft,0.0,,8
"Vicksburg Forest Products, LLC (Vicksburg, MS)",4x4 | #4 | 14ft,0.0,,4
"Vicksburg Forest Products, LLC (Vicksburg, MS)",4x4 | #4 | 16ft,0.0,,5
"Vicksburg Forest Products, LLC (Vicksburg, MS)",4x4 | #4 | 8ft,0.0,,3
"Vicksburg Forest Products, LLC (Vicksburg, MS)",4x4 | #4 | <NA>ft,0.0,,8
"Vicksburg Forest Products, LLC (Vicksburg, MS)",4x6 | #4 | 10ft,0.0,,7
"Vicksburg Forest Products, LLC (Vicksburg, MS)",4x6 | #4 | 12ft,0.0,,14
"Vicksburg Forest Products, LLC (Vicksburg, MS)",4x6 | #4 | 14ft,0.0,,2
"Vicksburg Forest Products, LLC (Vicksburg, MS)",4x6 | #4 | 16ft,0.0,,15
"Vicksburg Forest Products, LLC (Vicksburg, MS)",4x6 | #4 | 6ft,0.0,,4
"Vicksburg Forest Products, LLC (Vicksburg, MS)",4x6 | #4 | 8ft,0.0,,8
"Vicksburg Forest Products, LLC (Vicksburg, MS)",4x6 | #4 | <NA>ft,0.0,,7
"Vicksburg Forest Products, LLC (Vicksburg, MS)",2x8 | #4 | 12ft,10.000044487847049,0.7692341913728499,13
"Vicksburg Forest Products, LLC (Vicksburg, MS)",2x6 | #3 | 12ft,20.0,20.0,1
"Vicksburg Forest Products, LLC (Vicksburg, MS)",2x8 | #4 | 14ft,25.00000409226203,1.7857145780187165,14
"Vicksburg Forest Products, LLC (Vicksburg, MS)",2x8 | #4 | 16ft,44.881161512559004,2.9920774341706005,15
"Vicksburg Forest Products, LLC (Vicksburg, MS)",2x6 | #3 | 14ft,60.000012448488974,30.000006224244487,2
"Vicksburg Forest Products, LLC (Vicksburg, MS)",2x8 | #4 | 10ft,64.84174421399197,6.484174421399198,10
"Vicksburg Forest Products, LLC (Vicksburg, MS)",2x6 | #3 | 8ft,70.00005052649504,17.50001263162376,4
"Vicksburg Forest Products, LLC (Vicksburg, MS)",2x6 | #4 | 10ft,96.42857142857198,6.026785714285749,16
"Vicksburg Forest Products, LLC (Vicksburg, MS)",2x6 | #4 | 14ft,108.299471711882,5.4149735855941,20
"Vicksburg Forest Products, LLC (Vicksburg, MS)",2x6 | #4 | 16ft,154.583374837238,9.093139696308118,17
"Vicksburg Forest Products, LLC (Vicksburg, MS)",2x6 | #3 | 10ft,185.000025173611,18.5000025173611,10
"Vicksburg Forest Products, LLC (Vicksburg, MS)",2x6 | #4 | 8ft,202.500042317708,14.464288736979142,14
"Vicksburg Forest Products, LLC (Vicksburg, MS)",2x6 | #4 | 12ft,213.29941120515102,10.157114819292905,21
"Warren Timbers Company, LLC (Warren, AR)",4x4 | #4 | 10ft,0.0,,2
"Warren Timbers Company, LLC (Warren, AR)",4x4 | #4 | 12ft,0.0,,2
"Warren Timbers Company, LLC (Warren, AR)",4x4 | #4 | 8ft,0.0,,2
"Warren Timbers Company, LLC (Warren, AR)",6x6 | #4 | 10ft,0.0,,7
"Warren Timbers Company, LLC (Warren, AR)",6x6 | #4 | 12ft,0.0,,10
"Warren Timbers Company, LLC (Warren, AR)",6x6 | #4 | 14ft,0.0,,1
"Warren Timbers Company, LLC (Warren, AR)",6x6 | #4 | 8ft,0.0,,5
"West Fraser Mills Ltd (, )",2x8 | #3 | 16ft,-33.033936927772004,-33.033936927772004,1
"West Fraser Mills Ltd (Dudley, GA)",2x4 | #3 | <NA>ft,0.0,,1
"West Fraser Mills Ltd (Joyce, LA)",2x10 | #4 | 8ft,-85.03752180028101,-42.51876090014051,2
"West Fraser Mills Ltd (Joyce, LA)",2x10 | #4 | 12ft,-85.0,-42.5,2
"West Fraser Mills Ltd (Joyce, LA)",2x10 | #4 | 10ft,-35.0,-35.0,1
"West Fraser Mills Ltd (Joyce, LA)",2x10 | #3 | 10ft,-30.105189855968007,-10.03506328532267,3
"West Fraser Mills Ltd (Joyce, LA)",2x10 | #3 | 14ft,-30.04232480003202,-10.01410826667734,3
"West Fraser Mills Ltd (Joyce, LA)",2x10 | #3 | 16ft,-30.042220678058953,-10.014073559352985,3
"West Fraser Mills Ltd (Joyce, LA)",2x10 | #3 | 12ft,-30.01557291666697,-15.007786458333484,2
"West Fraser Mills Ltd (Joyce, LA)",2x8 | #3 | 14ft,-15.0,-7.5,2
"West Fraser Mills Ltd (Joyce, LA)",2x8 | #3 | 16ft,-10.033286792868012,-5.016643396434006,2
"West Fraser Mills Ltd (Joyce, LA)",2x8 | #3 | 18ft,-10.0,-10.0,1
"West Fraser Mills Ltd (Joyce, LA)",2x8 | #3 | 20ft,-10.0,-10.0,1
"West Fraser Mills Ltd (Joyce, LA)",2x8 | #3 | 10ft,-5.1055099648299915,-5.1055099648299915,1
"West Fraser Mills Ltd (Joyce, LA)",2x4 | #3 | 10ft,0.0,,1
"West Fraser Mills Ltd (Joyce, LA)",2x10 | #3 | 8ft,0.007983124341023995,0.007983124341023995,1
"West Fraser Mills Ltd (Joyce, LA)",2x8 | #3 | 8ft,20.000006098691017,5.000001524672754,4
"West Fraser Mills Ltd (Leola, AR)",2x6 | #4 | 8ft,-47.67485351562499,-47.67485351562499,1
"West Fraser Mills Ltd (Leola, AR)",2x6 | #4 | 16ft,-47.674845377604015,-47.674845377604015,1
"West Fraser Mills Ltd (Leola, AR)",2x6 | #4 | 10ft,-47.674837890624985,-47.674837890624985,1
"West Fraser Mills Ltd (Leola, AR)",2x6 | #4 | 20ft,-47.674837890624985,-47.674837890624985,1
"West Fraser Mills Ltd (Leola, AR)",2x6 | #4 | 12ft,-47.674837239582985,-47.674837239582985,1
"West Fraser Mills Ltd (Leola, AR)",2x10 | #4 | 10ft,-45.0,-45.0,1
"West Fraser Mills Ltd (Leola, AR)",2x10 | #4 | 12ft,-45.0,-45.0,1
"West Fraser Mills Ltd (Leola, AR)",2x10 | #4 | 14ft,-45.0,-45.0,1
"West Fraser Mills Ltd (Leola, AR)",2x10 | #4 | 16ft,-45.0,-45.0,1
"West Fraser Mills Ltd (Leola, AR)",2x10 | #4 | 8ft,-45.0,-45.0,1
"West Fraser Mills Ltd (Leola, AR)",2x8 | #3 | 16ft,-10.013428390057982,-10.013428390057982,1
"West Fraser Mills Ltd (Leola, AR)",2x8 | #3 | 8ft,1.9042968972371455e-05,1.9042968972371455e-05,1
"West Fraser Mills Ltd (New Boston, TX)",2x10 | #4 | 8ft,-611.340911980952,-55.57644654372291,11
"West Fraser Mills Ltd (New Boston, TX)",2x12 | #4 | 8ft,-575.8963240559889,-57.58963240559889,10
"West Fraser Mills Ltd (New Boston, TX)",2x12 | #4 | 12ft,-575.8962592230898,-57.58962592230898,10
"West Fraser Mills Ltd (New Boston, TX)",2x10 | #4 | 10ft,-566.605023606392,-56.6605023606392,10
"West Fraser Mills Ltd (New Boston, TX)",2x10 | #4 | 12ft,-566.377752083333,-56.6377752083333,10
"West Fraser Mills Ltd (New Boston, TX)",2x12 | #4 | 10ft,-518.5297602306539,-57.614417803405985,9
"West Fraser Mills Ltd (New Boston, TX)",2x12 | #4 | 16ft,-517.3720096842449,-57.48577885380499,9
"West Fraser Mills Ltd (New Boston, TX)",2x10 | #4 | 14ft,-509.192106447827,-56.57690071642522,9
"West Fraser Mills Ltd (New Boston, TX)",2x10 | #4 | 16ft,-464.121590706862,-58.01519883835775,8
"West Fraser Mills Ltd (New Boston, TX)",2x8 | #4 | 10ft,-296.937703633081,-59.3875407266162,5
"West Fraser Mills Ltd (New Boston, TX)",2x8 | #4 | 16ft,-296.85113004164094,-59.37022600832819,5
"West Fraser Mills Ltd (New Boston, TX)",2x8 | #4 | 8ft,-296.78805338541696,-59.35761067708339,5
"West Fraser Mills Ltd (New Boston, TX)",2x8 | #4 | 14ft,-296.78796875,-59.35759375,5
"West Fraser Mills Ltd (New Boston, TX)",2x8 | #4 | 12ft,-296.78795138889006,-59.357590277778016,5
"West Fraser Mills Ltd (New Boston, TX)",2x12 | #4 | 14ft,-230.34462797618892,-57.58615699404723,4
"West Fraser Mills Ltd (New Boston, TX)",2x6 | #4 | 8ft,-149.372491319444,-37.343122829861,4
"West Fraser Mills Ltd (New Boston, TX)",2x6 | #4 | 12ft,-149.37246430121604,-37.34311607530401,4
"West Fraser Mills Ltd (New Boston, TX)",2x6 | #4 | 16ft,-149.372462565104,-37.343115641276,4
"West Fraser Mills Ltd (New Boston, TX)",2x6 | #4 | 14ft,-149.37243303571398,-37.343108258928496,4
"West Fraser Mills Ltd (New Boston, TX)",2x6 | #3 | 8ft,-86.66666666666703,-86.66666666666703,1
"West Fraser Mills Ltd (New Boston, TX)",2x8 | #3 | 8ft,-24.999952646775,-4.999990529355,5
"West Fraser Mills Ltd (New Boston, TX)",2x8 | #3 | 16ft,-10.067155067155,-5.0335775335775,2
"West Fraser Mills Ltd (New Boston, TX)",2x10 | #3 | 10ft,-10.063765941485002,-10.063765941485002,1
"West Fraser Mills Ltd (New Boston, TX)",2x10 | #3 | 14ft,-10.044650830504992,-10.044650830504992,1
"West Fraser Mills Ltd (New Boston, TX)",2x10 | #3 | 16ft,-10.03959446788599,-10.03959446788599,1
"West Fraser Mills Ltd (New Boston, TX)",2x10 | #3 | 8ft,-10.034055970861004,-5.017027985430502,2
"West Fraser Mills Ltd (New Boston, TX)",2x12 | #3 | 8ft,-10.0,-10.0,1
"West Fraser Mills Ltd (New Boston, TX)",2x6 | #3 | 10ft,-4.999985839843987,-4.999985839843987,1
"West Fraser Mills Ltd (New Boston, TX)",2x4 | #3 | 8ft,0.0,,6
"West Fraser Mills Ltd. (Henderson, TX)",2x4 | #3 | 10ft,0.0,,6
"West Fraser Mills Ltd. (Henderson, TX)",2x4 | #3 | 8ft,0.0,,12
"West Fraser Mills Ltd. (Huttig, AR)",2x8 | #4 | 16ft,-526.46984054265,-58.49664894918333,9
"West Fraser Mills Ltd. (Huttig, AR)",2x8 | #4 | 8ft,-526.427448242187,-58.49193869357633,9
"West Fraser Mills Ltd. (Huttig, AR)",2x8 | #4 | 12ft,-526.427420464409,-58.491935607156556,9
"West Fraser Mills Ltd. (Huttig, AR)",2x8 | #4 | 10ft,-469.099499576612,-58.6374374470765,8
"West Fraser Mills Ltd. (Huttig, AR)",2x8 | #4 | 14ft,-344.242502976191,-57.37375049603184,6
"West Fraser Mills Ltd. (Huttig, AR)",2x4 | #4 | 10ft,-229.85509930233798,-57.463774825584494,4
"West Fraser Mills Ltd. (Huttig, AR)",2x4 | #4 | 14ft,-229.75844436813202,-57.439611092033005,4
"West Fraser Mills Ltd. (Huttig, AR)",2x4 | #4 | 16ft,-229.75843149038405,-57.439607872596014,4
"West Fraser Mills Ltd. (Huttig, AR)",2x4 | #4 | 8ft,-229.75843149038405,-57.439607872596014,4
"West Fraser Mills Ltd. (Huttig, AR)",2x4 | #4 | 12ft,-229.758373397436,-57.439593349359,4
"West Fraser Mills Ltd. (Huttig, AR)",2x6 | #4 | 10ft,-112.00720442708297,-37.335734809027656,3
"West Fraser Mills Ltd. (Huttig, AR)",2x6 | #4 | 16ft,-112.00720418294196,-37.33573472764732,3
"West Fraser Mills Ltd. (Huttig, AR)",2x6 | #4 | 12ft,-112.00720377604097,-37.33573459201366,3
"West Fraser Mills Ltd. (Huttig, AR)",2x6 | #4 | 8ft,-74.73249348958296,-37.36624674479148,2
"West Fraser Mills Ltd. (Huttig, AR)",2x6 | #4 | 14ft,-37.39583333333297,-37.39583333333297,1
"West Fraser Mills Ltd. (Mansfield, AR)",2x12 | #4 | 10ft,-25.0,-25.0,1
"West Fraser Mills Ltd. (Mansfield, AR)",2x12 | #4 | 12ft,-25.0,-25.0,1
"West Fraser Mills Ltd. (Mansfield, AR)",2x12 | #4 | 14ft,-25.0,-25.0,1
"West Fraser Mills Ltd. (Mansfield, AR)",2x12 | #4 | 16ft,-25.0,-25.0,1
"West Fraser Mills Ltd. (Mansfield, AR)",2x12 | #4 | 8ft,-25.0,-25.0,1
"West Fraser Mills Ltd. (Mansfield, AR)",2x10 | #4 | 14ft,-15.098655211234018,-7.549327605617009,2
"West Fraser Mills Ltd. (Mansfield, AR)",2x10 | #4 | 16ft,-15.051570557899993,-7.525785278949996,2
"West Fraser Mills Ltd. (Mansfield, AR)",2x10 | #4 | 8ft,-15.032817627754014,-7.516408813877007,2
"West Fraser Mills Ltd. (Mansfield, AR)",2x10 | #4 | 10ft,-15.013125820363996,-7.506562910181998,2
"West Fraser Mills Ltd. (Mansfield, AR)",2x10 | #4 | 12ft,-15.0,-7.5,2
"West Fraser Mills Ltd. (Mansfield, AR)",2x8 | #3 | 18ft,-10.0,-3.3333333333333335,3
"West Fraser Mills Ltd. (Mansfield, AR)",2x8 | #3 | 20ft,-10.0,-3.3333333333333335,3
"West Fraser Mills Ltd. (Mansfield, AR)",2x10 | #4 | <NA>ft,0.0,,1
"West Fraser Mills Ltd. (Mansfield, AR)",4x6 | #4 | 10ft,0.0,,7
"West Fraser Mills Ltd. (Mansfield, AR)",4x6 | #4 | 12ft,0.0,,5
"West Fraser Mills Ltd. (Mansfield, AR)",4x6 | #4 | 14ft,0.0,,4
"West Fraser Mills Ltd. (Mansfield, AR)",4x6 | #4 | 16ft,0.0,,5
"West Fraser Mills Ltd. (Mansfield, AR)",4x6 | #4 | 6ft,0.0,,3
"West Fraser Mills Ltd. (Mansfield, AR)",4x6 | #4 | 8ft,0.0,,4
"West Fraser Mills Ltd. (Mansfield, AR)",4x6 | #4 | <NA>ft,0.0,,3
"West Fraser Mills Ltd. (Mansfield, AR)",6x6 | #4 | 10ft,0.0,,5
"West Fraser Mills Ltd. (Mansfield, AR)",6x6 | #4 | 12ft,0.0,,8
"West Fraser Mills Ltd. (Mansfield, AR)",6x6 | #4 | 14ft,0.0,,5
"West Fraser Mills Ltd. (Mansfield, AR)",6x6 | #4 | 16ft,0.0,,8
"West Fraser Mills Ltd. (Mansfield, AR)",6x6 | #4 | 6ft,0.0,,1
"West Fraser Mills Ltd. (Mansfield, AR)",6x6 | #4 | 8ft,0.0,,5
"West Fraser Mills Ltd. (Mansfield, AR)",6x6 | #4 | <NA>ft,0.0,,1
"West Fraser Mills Ltd. (Mansfield, AR)",2x6 | #4 | 14ft,5.000012276786009,5.000012276786009,1
"West Fraser Mills Ltd. (Mansfield, AR)",2x8 | #3 | 10ft,9.601428684708026,1.920285736941605,5
"West Fraser Mills Ltd. (Mansfield, AR)",2x8 | #3 | 16ft,9.777211079971948,1.9554422159943896,5
"West Fraser Mills Ltd. (Mansfield, AR)",2x8 | #3 | 14ft,10.0,2.0,5
"West Fraser Mills Ltd. (Mansfield, AR)",2x8 | #3 | 8ft,10.000036132812056,2.000007226562411,5
"West Fraser Mills Ltd. (Mansfield, AR)",2x6 | #4 | 8ft,15.000009765625009,5.000003255208337,3
"West Fraser Mills Ltd. (Mansfield, AR)",2x6 | #4 | 12ft,49.285698474702,16.428566158234002,3
"West Fraser Mills Ltd. (Mansfield, AR)",2x6 | #4 | 10ft,55.0,18.333333333333332,3
"West Fraser Mills Ltd. (Mansfield, AR)",2x8 | #4 | 8ft,120.0,30.0,4
"West Fraser Mills Ltd. (Mansfield, AR)",2x8 | #4 | 16ft,149.81734065003897,29.963468130007794,5
"West Fraser Mills Ltd. (Mansfield, AR)",2x8 | #4 | 10ft,149.86716674480505,29.97343334896101,5
"West Fraser Mills Ltd. (Mansfield, AR)",2x8 | #4 | 12ft,150.0,30.0,5
"West Fraser Mills Ltd. (Mansfield, AR)",2x8 | #4 | 14ft,150.0,30.0,5
"West Fraser Mills Ltd. (Mansfield, AR)",2x8 | #3 | 12ft,211.250029839409,42.2500059678818,5
"West Fraser Mills Ltd. (Maplesville, AL)",2x8 | #4 | 8ft,-65.0,-65.0,1
"West Fraser Mills Ltd. (Maplesville, AL)",2x8 | #3 | 10ft,-5.0,-5.0,1
"West Fraser Mills Ltd. (Maplesville, AL)",2x8 | #3 | 12ft,-5.0,-5.0,1
"West Fraser Mills Ltd. (Maplesville, AL)",2x8 | #3 | 14ft,-5.0,-5.0,1
"West Fraser Mills Ltd. (Maplesville, AL)",2x6 | #3 | 14ft,-1.674107102189737e-05,-1.674107102189737e-05,1
"West Fraser Mills Ltd. (Maplesville, AL)",2x6 | #3 | 12ft,-1.5190972021628113e-05,-1.5190972021628113e-05,1
"West Fraser Mills Ltd. (Maplesville, AL)",2x6 | #3 | 16ft,0.0,0.0,1
"West Fraser Mills Ltd. (Maplesville, AL)",2x6 | #3 | 8ft,20.000019106657987,20.000019106657987,1
"West Fraser Mills Ltd. (Mc David, FL)",2x4 | #4 | 6ft,0.0,,2
"West Fraser Mills Ltd. (Opelika, AL)",2x6 | #4 | 14ft,-70.0,-35.0,2
"West Fraser Mills Ltd. (Opelika, AL)",2x6 | #4 | 16ft,-70.0,-35.0,2
"West Fraser Mills Ltd. (Opelika, AL)",2x6 | #3 | 14ft,0.0,0.0,1
"West Fraser Mills Ltd. (Opelika, AL)",2x6 | #3 | 16ft,0.0,0.0,1
"West Fraser Mills Ltd. (Opelika, AL)",2x8 | #3 | 12ft,0.0,0.0,1
"West Fraser Mills Ltd. (Opelika, AL)",2x8 | #3 | 8ft,1.0614810008746645e-05,3.538270002915548e-06,3
"West Fraser Mills Ltd. (Opelika, AL)",2x6 | #3 | 12ft,3.472222203981801e-05,1.157407401327267e-05,3
"West Fraser Mills Ltd. (Opelika, AL)",2x6 | #3 | 8ft,20.000019106657987,6.666673035552662,3
"West Fraser Mills Ltd. (Opelika, AL)",2x6 | #3 | 10ft,27.0,9.0,3
"West Fraser Mills Ltd. (Russellville, AR)",2x8 | #3 | 10ft,-5.071633237822027,-5.071633237822027,1
"West Fraser Mills Ltd. (Russellville, AR)",2x8 | #3 | 16ft,-5.067155067154999,-5.067155067154999,1
"West Fraser Mills Ltd. (Russellville, AR)",2x8 | #3 | 12ft,-5.0,-5.0,1
"West Fraser Mills Ltd. (Russellville, AR)",2x8 | #3 | 14ft,-4.999988839286004,-4.999988839286004,1
"West Fraser Mills Ltd. (Russellville, AR)",2x6 | #3 | 20ft,0.0,0.0,1
"West Fraser Mills Ltd. (Russellville, AR)",4x4 | #4 | 10ft,0.0,,2
"West Fraser Mills Ltd. (Russellville, AR)",4x4 | #4 | 12ft,0.0,,2
"West Fraser Mills Ltd. (Russellville, AR)",4x4 | #4 | 8ft,0.0,,2
"West Fraser Mills Ltd. (Russellville, AR)",4x6 | #4 | 10ft,0.0,,1
"West Fraser Mills Ltd. (Russellville, AR)",4x6 | #4 | 12ft,0.0,,1
"West Fraser Mills Ltd. (Russellville, AR)",4x6 | #4 | 14ft,0.0,,1
"West Fraser Mills Ltd. (Russellville, AR)",4x6 | #4 | 16ft,0.0,,1
"West Fraser Mills Ltd. (Russellville, AR)",6x6 | #4 | 12ft,0.0,,10
"West Fraser Mills Ltd. (Russellville, AR)",6x6 | #4 | 16ft,0.0,,1
"West Fraser Mills Ltd. (Russellville, AR)",6x6 | #4 | 8ft,0.0,,1
"West Fraser Mills Ltd. (Russellville, AR)",2x8 | #3 | 8ft,5.0,5.0,1
"Westervelt Lumber Division (Moundville, AL)",2x10 | #4 | 16ft,-201.59844767080295,-16.79987063923358,12
"Westervelt Lumber Division (Moundville, AL)",2x10 | #4 | 12ft,-115.0,-9.583333333333334,12
"Westervelt Lumber Division (Moundville, AL)",2x10 | #4 | 8ft,-90.01626879004601,-8.183297162731456,11
"Westervelt Lumber Division (Moundville, AL)",2x4 | #4 | 16ft,-83.409188426973,-13.9015314044955,6
"Westervelt Lumber Division (Moundville, AL)",2x10 | #4 | 10ft,-75.01242797628996,-6.251035664690829,12
"Westervelt Lumber Division (Moundville, AL)",2x8 | #4 | 16ft,-70.10386409782296,-8.76298301222787,8
"Westervelt Lumber Division (Moundville, AL)",2x10 | #4 | 14ft,-70.024557198921,-10.00350817127443,7
"Westervelt Lumber Division (Moundville, AL)",2x8 | #4 | 8ft,-49.99998958333299,-8.333331597222164,6
"Westervelt Lumber Division (Moundville, AL)",2x8 | #4 | 12ft,-49.99997916666598,-8.333329861110997,6
"Westervelt Lumber Division (Moundville, AL)",2x8 | #4 | 14ft,-40.0,-8.0,5
"Westervelt Lumber Division (Moundville, AL)",2x4 | #4 | 12ft,-30.00045132211497,-3.750056415264371,8
"Westervelt Lumber Division (Moundville, AL)",2x12 | #4 | 12ft,-15.000049913194005,-1.6666722125771116,9
"Westervelt Lumber Division (Moundville, AL)",2x6 | #3 | 8ft,-15.0,-15.0,1
"Westervelt Lumber Division (Moundville, AL)",2x4 | #4 | 10ft,-5.289607278651999,-0.6612009098314999,8
"Westervelt Lumber Division (Moundville, AL)",2x12 | #4 | 14ft,-4.999963448660992,-0.624995431082624,8
"Westervelt Lumber Division (Moundville, AL)",2x6 | #4 | 12ft,-0.5092304687500189,-0.05658116319444654,9
"Westervelt Lumber Division (Moundville, AL)",1x6 | #4 | <NA>ft,0.0,,1
"Westervelt Lumber Division (Moundville, AL)",2x4 | #3 | 10ft,0.0,,2
"Westervelt Lumber Division (Moundville, AL)",2x4 | #3 | 12ft,0.0,,2
"Westervelt Lumber Division (Moundville, AL)",2x4 | #3 | 16ft,0.0,,1
"Westervelt Lumber Division (Moundville, AL)",2x4 | #3 | 8ft,0.0,,26
"Westervelt Lumber Division (Moundville, AL)",4x4 | #4 | 10ft,0.0,,1
"Westervelt Lumber Division (Moundville, AL)",4x4 | #4 | 12ft,0.0,,1
"Westervelt Lumber Division (Moundville, AL)",4x4 | #4 | 14ft,0.0,,1
"Westervelt Lumber Division (Moundville, AL)",4x4 | #4 | 16ft,0.0,,1
"Westervelt Lumber Division (Moundville, AL)",4x4 | #4 | 8ft,0.0,,1
"Westervelt Lumber Division (Moundville, AL)",4x4 | #4 | <NA>ft,0.0,,3
"Westervelt Lumber Division (Moundville, AL)",4x5 | #4 | 10ft,0.0,,12
"Westervelt Lumber Division (Moundville, AL)",4x5 | #4 | 12ft,0.0,,10
"Westervelt Lumber Division (Moundville, AL)",4x5 | #4 | 14ft,0.0,,30
"Westervelt Lumber Division (Moundville, AL)",4x5 | #4 | 16ft,0.0,,3
"Westervelt Lumber Division (Moundville, AL)",4x5 | #4 | 8ft,0.0,,22
"Westervelt Lumber Division (Moundville, AL)",4x6 | #4 | 8ft,0.0,,3
"Westervelt Lumber Division (Moundville, AL)",4x6 | #4 | <NA>ft,0.0,,2
"Westervelt Lumber Division (Moundville, AL)",6x6 | #4 | 10ft,0.0,,16
"Westervelt Lumber Division (Moundville, AL)",6x6 | #4 | 12ft,0.0,,16
"Westervelt Lumber Division (Moundville, AL)",6x6 | #4 | 14ft,0.0,,3
"Westervelt Lumber Division (Moundville, AL)",6x6 | #4 | 16ft,0.0,,46
"Westervelt Lumber Division (Moundville, AL)",6x6 | #4 | 8ft,0.0,,28
"Westervelt Lumber Division (Moundville, AL)",2x8 | #3 | 16ft,19.94627594627599,19.94627594627599,1
"Westervelt Lumber Division (Moundville, AL)",2x8 | #3 | 12ft,20.0,20.0,1
"Westervelt Lumber Division (Moundville, AL)",2x8 | #3 | 8ft,20.0,20.0,1
"Westervelt Lumber Division (Moundville, AL)",2x8 | #4 | 10ft,29.792138611811993,4.256019801687428,7
"Westervelt Lumber Division (Moundville, AL)",2x4 | #4 | 14ft,44.94246951743099,14.980823172476997,3
"Westervelt Lumber Division (Moundville, AL)",2x6 | #4 | 8ft,64.43951478019602,8.054939347524503,8
"Westervelt Lumber Division (Moundville, AL)",2x12 | #4 | 10ft,85.0,7.7272727272727275,11
"Westervelt Lumber Division (Moundville, AL)",2x12 | #4 | 16ft,85.0,7.7272727272727275,11
"Westervelt Lumber Division (Moundville, AL)",2x6 | #4 | 16ft,85.86808797200601,8.5868087972006,10
"Westervelt Lumber Division (Moundville, AL)",2x6 | #4 | 10ft,105.86808203124997,13.233510253906246,8
"Westervelt Lumber Division (Moundville, AL)",2x4 | #4 | 8ft,125.12062189302804,9.624663222540619,13
"Westervelt Lumber Division (Moundville, AL)",2x12 | #4 | 8ft,140.00002101934604,17.500002627418255,8
"Westervelt Lumber Division (Moundville, AL)",2x6 | #4 | 14ft,145.434012276786,48.478004092262005,3
"Westervelt Lumber Division (Thomasville, AL)",2x4 | #4 | 8ft,-94.82481025813803,-10.536090028682004,9
"Westervelt Lumber Division (Thomasville, AL)",2x4 | #4 | 10ft,-90.78683397267503,-10.087425996963892,9
"Westervelt Lumber Division (Thomasville, AL)",2x4 | #4 | 12ft,-90.06161458333298,-10.006846064814775,9
"Westervelt Lumber Division (Thomasville, AL)",2x4 | #4 | 16ft,-80.43253787041999,-10.054067233802499,8
"Westervelt Lumber Division (Thomasville, AL)",2x6 | #4 | 10ft,-30.000454687499996,-7.500113671874999,4
"Westervelt Lumber Division (Thomasville, AL)",2x6 | #4 | 8ft,-30.000428222656012,-7.500107055664003,4
"Westervelt Lumber Division (Thomasville, AL)",2x4 | #4 | 14ft,-20.095002575991998,-10.047501287995999,2
"Westervelt Lumber Division (Thomasville, AL)",2x6 | #4 | 12ft,-19.999990017361,-6.666663339120333,3
"Westervelt Lumber Division (Thomasville, AL)",2x6 | #4 | 14ft,-10.0,-5.0,2
"Westervelt Lumber Division (Thomasville, AL)",2x6 | #4 | 16ft,-2.5,-0.8333333333333334,3
"Westervelt Lumber Division (Thomasville, AL)",2x4 | #3 | 8ft,0.0,,13
"Westervelt Lumber Division (Thomasville, AL)",2x4 | #4 | 6ft,0.0,,1
"Westervelt Lumber Division (Thomasville, AL)",2x8 | #3 | 8ft,19.999987127130993,19.999987127130993,1
"Westervelt Lumber Division (Thomasville, AL)",2x8 | #4 | 10ft,79.96092732482401,79.96092732482401,1
"Westervelt Lumber Division (Thomasville, AL)",2x8 | #4 | 16ft,79.981687217678,79.981687217678,1
"Westervelt Lumber Division (Thomasville, AL)",2x8 | #4 | 12ft,80.0,80.0,1
"Westervelt Lumber Division (Thomasville, AL)",2x8 | #4 | 8ft,80.0,80.0,1
"Westervelt Lumber Division (Thomasville, AL)",2x8 | #4 | 14ft,80.00001171874999,80.00001171874999,1
"Weyerhaeuser NR Company (Bruce, MS)",2x8 | #4 | 16ft,-216.09129931640604,-36.01521655273434,6
"Weyerhaeuser NR Company (Bruce, MS)",2x10 | #4 | 12ft,-193.95885416666698,-27.708407738095282,7
"Weyerhaeuser NR Company (Bruce, MS)",2x8 | #4 | 8ft,-182.37499273138195,-26.05357039019742,7
"Weyerhaeuser NR Company (Bruce, MS)",2x10 | #4 | 8ft,-157.03021584215497,-15.703021584215497,10
"Weyerhaeuser NR Company (Bruce, MS)",2x10 | #4 | 16ft,-144.263238207516,-28.8526476415032,5
"Weyerhaeuser NR Company (Bruce, MS)",2x8 | #4 | 12ft,-134.99997721354202,-26.999995442708403,5
"Weyerhaeuser NR Company (Bruce, MS)",2x10 | #4 | 14ft,-128.92658575805405,-21.487764293009008,6
"Weyerhaeuser NR Company (Bruce, MS)",2x12 | #4 | 12ft,-122.22591145833297,-61.11295572916649,2
"Weyerhaeuser NR Company (Bruce, MS)",2x12 | #4 | 8ft,-112.224709472656,-56.112354736328,2
"Weyerhaeuser NR Company (Bruce, MS)",2x6 | #3 | 16ft,-76.33787801106803,-76.33787801106803,1
"Weyerhaeuser NR Company (Bruce, MS)",2x12 | #4 | 14ft,-76.13314174107097,-76.13314174107097,1
"Weyerhaeuser NR Company (Bruce, MS)",2x10 | #4 | 10ft,-60.921243344582024,-60.921243344582024,1
"Weyerhaeuser NR Company (Bruce, MS)",2x8 | #4 | 10ft,-50.0,-50.0,1
"Weyerhaeuser NR Company (Bruce, MS)",2x8 | #4 | 14ft,-31.597435672257973,-31.597435672257973,1
"Weyerhaeuser NR Company (Bruce, MS)",2x6 | #3 | 12ft,-29.0,-9.666666666666666,3
"Weyerhaeuser NR Company (Bruce, MS)",2x12 | #4 | 10ft,-28.133680555555998,-28.133680555555998,1
"Weyerhaeuser NR Company (Bruce, MS)",2x8 | #3 | 16ft,-5.690026915434913,-0.3347074656138184,17
"Weyerhaeuser NR Company (Bruce, MS)",2x10 | #3 | 10ft,0.0,0.0,1
"Weyerhaeuser NR Company (Bruce, MS)",2x10 | #4 | 6ft,0.0,,4
"Weyerhaeuser NR Company (Bruce, MS)",2x10 | #4 | <NA>ft,0.0,,12
"Weyerhaeuser NR Company (Bruce, MS)",2x12 | #4 | <NA>ft,0.0,,9
"Weyerhaeuser NR Company (Bruce, MS)",2x4 | #3 | 10ft,0.0,,8
"Weyerhaeuser NR Company (Bruce, MS)",2x4 | #3 | 14ft,0.0,,5
"Weyerhaeuser NR Company (Bruce, MS)",2x4 | #3 | 16ft,0.0,,12
"Weyerhaeuser NR Company (Bruce, MS)",2x4 | #3 | 18ft,0.0,,11
"Weyerhaeuser NR Company (Bruce, MS)",2x4 | #3 | 8ft,0.0,,190
"Weyerhaeuser NR Company (Bruce, MS)",2x4 | #4 | 6ft,0.0,,7
"Weyerhaeuser NR Company (Bruce, MS)",2x4 | #4 | <NA>ft,0.0,,16
"Weyerhaeuser NR Company (Bruce, MS)",2x6 | #4 | <NA>ft,0.0,,2
"Weyerhaeuser NR Company (Bruce, MS)",2x8 | #4 | 6ft,0.0,,2
"Weyerhaeuser NR Company (Bruce, MS)",2x8 | #4 | <NA>ft,0.0,,6
"Weyerhaeuser NR Company (Bruce, MS)",2x6 | #4 | 8ft,19.999987413193992,19.999987413193992,1
"Weyerhaeuser NR Company (Bruce, MS)",2x10 | #3 | 16ft,33.30572351358899,5.550953918931498,6
"Weyerhaeuser NR Company (Bruce, MS)",2x6 | #3 | 10ft,48.0,16.0,3
"Weyerhaeuser NR Company (Bruce, MS)",2x12 | #3 | 10ft,55.00002604166701,27.500013020833507,2
"Weyerhaeuser NR Company (Bruce, MS)",2x12 | #3 | 14ft,58.11157924107101,19.37052641369034,3
"Weyerhaeuser NR Company (Bruce, MS)",2x10 | #3 | 12ft,63.00248625000003,10.500414375000005,6
"Weyerhaeuser NR Company (Bruce, MS)",2x8 | #3 | 12ft,75.77072717180926,2.7060973989931876,28
"Weyerhaeuser NR Company (Bruce, MS)",2x8 | #3 | 14ft,107.71731956845298,8.976443297371082,12
"Weyerhaeuser NR Company (Bruce, MS)",2x12 | #3 | 12ft,167.27736273871503,27.879560456452506,6
"Weyerhaeuser NR Company (Bruce, MS)",2x12 | #3 | 16ft,207.27640624999998,34.54606770833333,6
"Weyerhaeuser NR Company (Bruce, MS)",2x8 | #3 | 10ft,260.797693477012,16.29985584231325,16
"Weyerhaeuser NR Company (Bruce, MS)",2x10 | #3 | 8ft,299.544978111834,23.041921393217997,13
"Weyerhaeuser NR Company (Bruce, MS)",2x8 | #3 | 8ft,347.504315536945,7.722318123043222,45
"Weyerhaeuser NR Company (Bruce, MS)",2x12 | #3 | 8ft,370.31683254903203,26.451202324930858,14
"Weyerhaeuser NR Company (Bruce, MS)",2x6 | #3 | 8ft,467.999716460741,27.52939508592594,17
"Weyerhaeuser NR Company (Dierks, AR)",2x10 | #4 | 16ft,-1644.886522907061,-42.17657751043746,39
"Weyerhaeuser NR Company (Dierks, AR)",2x8 | #4 | 16ft,-1180.090088867665,-36.87781527711453,32
"Weyerhaeuser NR Company (Dierks, AR)",2x8 | #4 | 8ft,-1089.985256393927,-45.41605234974696,24
"Weyerhaeuser NR Company (Dierks, AR)",2x8 | #4 | 12ft,-1037.8082887834807,-51.89041443917404,20
"Weyerhaeuser NR Company (Dierks, AR)",2x8 | #4 | 10ft,-1035.4180641641128,-28.761612893447577,36
"Weyerhaeuser NR Company (Dierks, AR)",2x8 | #4 | 14ft,-1001.735750744047,-52.72293424968668,19
"Weyerhaeuser NR Company (Dierks, AR)",2x12 | #4 | 16ft,-747.3617068758849,-25.771093340547758,29
"Weyerhaeuser NR Company (Dierks, AR)",2x10 | #4 | 12ft,-734.718183382934,-40.81767685460744,18
"Weyerhaeuser NR Company (Dierks, AR)",2x10 | #4 | 14ft,-509.71587725475297,-46.337807023159364,11
"Weyerhaeuser NR Company (Dierks, AR)",2x12 | #4 | 8ft,-464.0899618758531,-25.782775659769616,18
"Weyerhaeuser NR Company (Dierks, AR)",2x6 | #4 | 16ft,-457.34909153793893,-25.40828286321883,18
"Weyerhaeuser NR Company (Dierks, AR)",2x10 | #4 | 8ft,-442.208591329023,-31.586327952073074,14
"Weyerhaeuser NR Company (Dierks, AR)",2x12 | #4 | 12ft,-361.449262478298,-20.080514582127666,18
"Weyerhaeuser NR Company (Dierks, AR)",2x10 | #4 | 10ft,-332.27265041114504,-20.767040650696565,16
"Weyerhaeuser NR Company (Dierks, AR)",2x10 | #3 | 16ft,-188.99604789754997,-20.99956087750555,9
"Weyerhaeuser NR Company (Dierks, AR)",2x12 | #4 | 14ft,-184.268934366414,-20.474326040712665,9
"Weyerhaeuser NR Company (Dierks, AR)",2x10 | #3 | 12ft,-125.28566651785695,-9.637358962912073,13
"Weyerhaeuser NR Company (Dierks, AR)",2x6 | #4 | 14ft,-118.79681638376499,-14.849602047970624,8
"Weyerhaeuser NR Company (Dierks, AR)",2x8 | #3 | 16ft,-80.27511163690488,-2.675837054563496,30
"Weyerhaeuser NR Company (Dierks, AR)",2x8 | #3 | 12ft,-77.90287994481488,-2.1054832417517537,37
"Weyerhaeuser NR Company (Dierks, AR)",2x12 | #4 | 10ft,-62.20983309659101,-15.552458274147753,4
"Weyerhaeuser NR Company (Dierks, AR)",2x10 | #3 | 14ft,-57.50396666854601,-7.187995833568252,8
"Weyerhaeuser NR Company (Dierks, AR)",2x8 | #3 | 10ft,-51.64149975673595,-1.6137968673979985,32
"Weyerhaeuser NR Company (Dierks, AR)",2x4 | #4 | 12ft,-40.00034655448701,-4.444482950498557,9
"Weyerhaeuser NR Company (Dierks, AR)",2x6 | #3 | 14ft,-35.000027901785984,-35.000027901785984,1
"Weyerhaeuser NR Company (Dierks, AR)",2x4 | #4 | 10ft,-34.51502131019501,-3.451502131019501,10
"Weyerhaeuser NR Company (Dierks, AR)",2x10 | #3 | 10ft,-30.453697082335083,-2.53780809019459,12
"Weyerhaeuser NR Company (Dierks, AR)",2x6 | #4 | 10ft,-12.830678106724974,-0.9164770076232125,14
"Weyerhaeuser NR Company (Dierks, AR)",2x10 | #3 | 8ft,-5.025530628086955,-0.31409566425543467,16
"Weyerhaeuser NR Company (Dierks, AR)",2x10 | #4 | 6ft,0.0,,18
"Weyerhaeuser NR Company (Dierks, AR)",2x10 | #4 | <NA>ft,0.0,,12
"Weyerhaeuser NR Company (Dierks, AR)",2x12 | #4 | 6ft,0.0,,8
"Weyerhaeuser NR Company (Dierks, AR)",2x12 | #4 | <NA>ft,0.0,,26
"Weyerhaeuser NR Company (Dierks, AR)",2x4 | #3 | 10ft,0.0,,58
"Weyerhaeuser NR Company (Dierks, AR)",2x4 | #3 | 12ft,0.0,,31
"Weyerhaeuser NR Company (Dierks, AR)",2x4 | #3 | 14ft,0.0,,6
"Weyerhaeuser NR Company (Dierks, AR)",2x4 | #3 | 16ft,0.0,,1
"Weyerhaeuser NR Company (Dierks, AR)",2x4 | #3 | 8ft,0.0,,86
"Weyerhaeuser NR Company (Dierks, AR)",2x4 | #4 | 6ft,0.0,,2
"Weyerhaeuser NR Company (Dierks, AR)",2x4 | #4 | <NA>ft,0.0,,4
"Weyerhaeuser NR Company (Dierks, AR)",2x6 | #4 | 6ft,0.0,,6
"Weyerhaeuser NR Company (Dierks, AR)",2x6 | #4 | <NA>ft,0.0,,1
"Weyerhaeuser NR Company (Dierks, AR)",2x8 | #4 | 6ft,0.0,,6
"Weyerhaeuser NR Company (Dierks, AR)",2x8 | #4 | <NA>ft,0.0,,16
"Weyerhaeuser NR Company (Dierks, AR)",2x8 | #3 | 14ft,7.682630872514068,0.36583956535781276,21
"Weyerhaeuser NR Company (Dierks, AR)",2x6 | #4 | 12ft,26.666648220486024,3.333331027560753,8
"Weyerhaeuser NR Company (Dierks, AR)",2x12 | #3 | 14ft,35.758171875000016,7.151634375000003,5
"Weyerhaeuser NR Company (Dierks, AR)",2x12 | #3 | 10ft,64.97760761718797,8.122200952148496,8
"Weyerhaeuser NR Company (Dierks, AR)",2x8 | #3 | 8ft,93.20719176938292,2.2733461407166566,41
"Weyerhaeuser NR Company (Dierks, AR)",2x6 | #3 | 12ft,95.99998480902798,13.714283544146854,7
"Weyerhaeuser NR Company (Dierks, AR)",2x4 | #4 | 8ft,112.68333428353,10.24393948032091,11
"Weyerhaeuser NR Company (Dierks, AR)",2x6 | #4 | 8ft,157.391335458317,15.7391335458317,10
"Weyerhaeuser NR Company (Dierks, AR)",2x12 | #3 | 16ft,188.65163264973899,15.720969387478249,12
"Weyerhaeuser NR Company (Dierks, AR)",2x4 | #4 | 14ft,194.877411105937,24.359676388242125,8
"Weyerhaeuser NR Company (Dierks, AR)",2x6 | #3 | 10ft,198.999933396465,12.437495837279062,16
"Weyerhaeuser NR Company (Dierks, AR)",2x4 | #4 | 16ft,243.905772645495,24.3905772645495,10
"Weyerhaeuser NR Company (Dierks, AR)",2x12 | #3 | 12ft,329.65178289310495,21.976785526206996,15
"Weyerhaeuser NR Company (Dierks, AR)",2x12 | #3 | 8ft,461.204395858101,23.060219792905052,20
"Weyerhaeuser NR Company (Dierks, AR)",2x6 | #3 | 8ft,661.217435317056,27.550726471544,24
"Weyerhaeuser NR Company (Dodson, LA)",2x8 | #4 | 16ft,-416.89123283489096,-32.06855637191469,13
"Weyerhaeuser NR Company (Dodson, LA)",2x8 | #4 | 14ft,-361.83925595238105,-32.89447781385282,11
"Weyerhaeuser NR Company (Dodson, LA)",2x8 | #3 | 16ft,-275.18200876153196,-8.093588492986234,34
"Weyerhaeuser NR Company (Dodson, LA)",2x8 | #3 | 12ft,-225.93060329861197,-12.551700183256221,18
"Weyerhaeuser NR Company (Dodson, LA)",2x8 | #4 | 12ft,-186.43095845734095,-18.643095845734095,10
"Weyerhaeuser NR Company (Dodson, LA)",2x8 | #3 | 14ft,-160.93045810746196,-10.058153631716372,16
"Weyerhaeuser NR Company (Dodson, LA)",2x4 | #4 | 14ft,-150.59854006630897,-25.09975667771816,6
"Weyerhaeuser NR Company (Dodson, LA)",2x4 | #4 | 8ft,-150.559373603432,-25.093228933905333,6
"Weyerhaeuser NR Company (Dodson, LA)",2x4 | #4 | 12ft,-150.34395355425903,-25.057325592376504,6
"Weyerhaeuser NR Company (Dodson, LA)",2x4 | #4 | 10ft,-145.319656153284,-29.0639312306568,5
"Weyerhaeuser NR Company (Dodson, LA)",2x8 | #3 | 10ft,-121.31716063347187,-7.582322539591992,16
"Weyerhaeuser NR Company (Dodson, LA)",2x8 | #4 | 8ft,-72.78510742187501,-24.261702473958337,3
"Weyerhaeuser NR Company (Dodson, LA)",2x8 | #4 | 10ft,-67.51432937976199,-13.502865875952399,5
"Weyerhaeuser NR Company (Dodson, LA)",2x6 | #4 | 10ft,-66.13366232638901,-13.226732465277802,5
"Weyerhaeuser NR Company (Dodson, LA)",2x12 | #4 | 12ft,-62.391025390624975,-31.195512695312487,2
"Weyerhaeuser NR Company (Dodson, LA)",2x4 | #4 | 16ft,-60.722192923146,-15.1805482307865,4
"Weyerhaeuser NR Company (Dodson, LA)",2x6 | #3 | 16ft,-30.0,-30.0,1
"Weyerhaeuser NR Company (Dodson, LA)",2x6 | #3 | 14ft,-15.0,-15.0,1
"Weyerhaeuser NR Company (Dodson, LA)",2x6 | #4 | 16ft,-15.0,-5.0,3
"Weyerhaeuser NR Company (Dodson, LA)",2x10 | #4 | 10ft,-10.017813613350995,-10.017813613350995,1
"Weyerhaeuser NR Company (Dodson, LA)",2x10 | #4 | 14ft,-10.0,-10.0,1
"Weyerhaeuser NR Company (Dodson, LA)",2x10 | #4 | 20ft,-9.964379452567982,-9.964379452567982,1
"Weyerhaeuser NR Company (Dodson, LA)",2x6 | #3 | 18ft,-5.0000217013890165,-5.0000217013890165,1
"Weyerhaeuser NR Company (Dodson, LA)",2x6 | #4 | 12ft,-5.0,-1.25,4
"Weyerhaeuser NR Company (Dodson, LA)",2x6 | #4 | 14ft,-4.999991071429008,-1.249997767857252,4
"Weyerhaeuser NR Company (Dodson, LA)",2x10 | #3 | 12ft,0.0,0.0,4
"Weyerhaeuser NR Company (Dodson, LA)",2x10 | #4 | <NA>ft,0.0,,4
"Weyerhaeuser NR Company (Dodson, LA)",2x12 | #4 | 6ft,0.0,,2
"Weyerhaeuser NR Company (Dodson, LA)",2x12 | #4 | <NA>ft,0.0,,183
"Weyerhaeuser NR Company (Dodson, LA)",2x4 | #3 | 10ft,0.0,,47
"Weyerhaeuser NR Company (Dodson, LA)",2x4 | #3 | 12ft,0.0,,10
"Weyerhaeuser NR Company (Dodson, LA)",2x4 | #3 | 14ft,0.0,,1
"Weyerhaeuser NR Company (Dodson, LA)",2x4 | #3 | 16ft,0.0,,2
"Weyerhaeuser NR Company (Dodson, LA)",2x4 | #3 | 18ft,0.0,,4
"Weyerhaeuser NR Company (Dodson, LA)",2x4 | #3 | 20ft,0.0,,16
"Weyerhaeuser NR Company (Dodson, LA)",2x4 | #3 | 8ft,0.0,,29
"Weyerhaeuser NR Company (Dodson, LA)",2x4 | #4 | <NA>ft,0.0,,5
"Weyerhaeuser NR Company (Dodson, LA)",2x8 | #4 | 6ft,0.0,,2
"Weyerhaeuser NR Company (Dodson, LA)",2x8 | #4 | <NA>ft,0.0,,9
"Weyerhaeuser NR Company (Dodson, LA)",2x12 | #4 | 8ft,2.7573486328129775,2.7573486328129775,1
"Weyerhaeuser NR Company (Dodson, LA)",2x12 | #4 | 16ft,3.004828559027999,3.004828559027999,1
"Weyerhaeuser NR Company (Dodson, LA)",2x10 | #3 | 14ft,3.3216831619729703,0.8304207904932426,4
"Weyerhaeuser NR Company (Dodson, LA)",2x10 | #4 | 12ft,5.0,2.5,2
"Weyerhaeuser NR Company (Dodson, LA)",2x6 | #4 | 8ft,5.0,2.5,2
"Weyerhaeuser NR Company (Dodson, LA)",2x10 | #4 | 8ft,5.1593252108720264,2.5796626054360132,2
"Weyerhaeuser NR Company (Dodson, LA)",2x10 | #3 | 10ft,8.556960990248001,2.852320330082667,3
"Weyerhaeuser NR Company (Dodson, LA)",2x10 | #3 | 16ft,13.641459601065009,1.948779943009287,7
"Weyerhaeuser NR Company (Dodson, LA)",2x12 | #3 | 8ft,20.260661132813027,10.130330566406514,2
"Weyerhaeuser NR Company (Dodson, LA)",2x12 | #3 | 20ft,30.0,10.0,3
"Weyerhaeuser NR Company (Dodson, LA)",2x10 | #3 | 8ft,33.19549718574103,11.065165728580345,3
"Weyerhaeuser NR Company (Dodson, LA)",2x8 | #3 | 8ft,36.65917708333302,3.665917708333302,10
"Weyerhaeuser NR Company (Dodson, LA)",2x12 | #3 | 18ft,40.0,13.333333333333334,3
"Weyerhaeuser NR Company (Dodson, LA)",2x6 | #3 | 12ft,40.3125,20.15625,2
"Weyerhaeuser NR Company (Dodson, LA)",2x10 | #4 | 16ft,54.95759244245801,18.319197480819337,3
"Weyerhaeuser NR Company (Dodson, LA)",2x8 | #3 | 20ft,61.0,20.333333333333332,3
"Weyerhaeuser NR Company (Dodson, LA)",2x12 | #3 | 14ft,83.34376953124996,10.417971191406245,8
"Weyerhaeuser NR Company (Dodson, LA)",2x8 | #3 | 18ft,85.99997439236097,21.499993598090242,4
"Weyerhaeuser NR Company (Dodson, LA)",2x12 | #3 | 16ft,115.29815873579398,9.608179894649497,12
"Weyerhaeuser NR Company (Dodson, LA)",2x6 | #3 | 10ft,116.703125,23.340625,5
"Weyerhaeuser NR Company (Dodson, LA)",2x12 | #3 | 10ft,126.35589843749997,31.588974609374993,4
"Weyerhaeuser NR Company (Dodson, LA)",2x6 | #3 | 8ft,174.868036684783,34.9736073369566,5
"Weyerhaeuser NR Company (Dodson, LA)",2x12 | #3 | 12ft,396.8120431857641,39.681204318576405,10
"Weyerhaeuser NR Company (Holden, LA)",2x4 | #3 | 10ft,0.0,,16
"Weyerhaeuser NR Company (Holden, LA)",2x4 | #3 | 12ft,0.0,,57
"Weyerhaeuser NR Company (Holden, LA)",2x4 | #4 | 7ft,0.0,,1
"Weyerhaeuser NR Company (Holden, LA)",4x4 | #3 | 8ft,0.0,,16
"Weyerhaeuser NR Company (Holden, LA)",4x4 | #4 | 8ft,0.0,,2
"Weyerhaeuser NR Company (Holden, LA)",2x4 | #4 | 10ft,18.295020316148054,0.5227148661756587,35
"Weyerhaeuser NR Company (Holden, LA)",2x4 | #4 | 8ft,580.116788463586,18.12864963948706,32
"Weyerhaeuser NR Company (Holden, LA)",2x4 | #4 | 12ft,650.186985268004,18.576771007657257,35
"Weyerhaeuser NR Company (Magnolia, MS)",2x8 | #4 | 10ft,-607.543856993481,-43.39598978524864,14
"Weyerhaeuser NR Company (Magnolia, MS)",2x8 | #4 | 14ft,-557.4338318718119,-42.879525528600915,13
"Weyerhaeuser NR Company (Magnolia, MS)",2x10 | #4 | 16ft,-358.5291500508039,-18.869955265831784,19
"Weyerhaeuser NR Company (Magnolia, MS)",2x10 | #4 | 12ft,-275.80025502232104,-17.237515938895065,16
"Weyerhaeuser NR Company (Magnolia, MS)",2x8 | #4 | 12ft,-234.82858170572894,-26.092064633969883,9
"Weyerhaeuser NR Company (Magnolia, MS)",2x8 | #4 | 8ft,-209.77655194382396,-23.308505771535994,9
"Weyerhaeuser NR Company (Magnolia, MS)",2x10 | #4 | 8ft,-161.06716892346796,-10.73781126156453,15
"Weyerhaeuser NR Company (Magnolia, MS)",2x10 | #4 | 14ft,-136.025412944568,-12.365946631324363,11
"Weyerhaeuser NR Company (Magnolia, MS)",2x10 | #4 | 10ft,-130.97286225749102,-16.371607782186377,8
"Weyerhaeuser NR Company (Magnolia, MS)",2x8 | #4 | 16ft,-121.719847980878,-15.21498099760975,8
"Weyerhaeuser NR Company (Magnolia, MS)",2x4 | #4 | 16ft,-105.83869027000802,-13.229836283751002,8
"Weyerhaeuser NR Company (Magnolia, MS)",2x6 | #4 | 16ft,-91.45336351799199,-30.48445450599733,3
"Weyerhaeuser NR Company (Magnolia, MS)",2x6 | #4 | 14ft,-90.45311858258901,-45.22655929129451,2
"Weyerhaeuser NR Company (Magnolia, MS)",2x6 | #4 | 10ft,-90.452597265625,-45.2262986328125,2
"Weyerhaeuser NR Company (Magnolia, MS)",2x6 | #4 | 8ft,-70.45327473958298,-23.484424913194328,3
"Weyerhaeuser NR Company (Magnolia, MS)",2x4 | #4 | 14ft,-58.94696449645497,-7.368370562056871,8
"Weyerhaeuser NR Company (Magnolia, MS)",2x4 | #4 | 8ft,-58.80751507464606,-7.350939384330758,8
"Weyerhaeuser NR Company (Magnolia, MS)",2x4 | #4 | 10ft,-48.59849960642697,-8.099749934404494,6
"Weyerhaeuser NR Company (Magnolia, MS)",2x6 | #4 | 12ft,-45.21542968749998,-45.21542968749998,1
"Weyerhaeuser NR Company (Magnolia, MS)",2x12 | #4 | 16ft,-30.0,-7.5,4
"Weyerhaeuser NR Company (Magnolia, MS)",2x12 | #4 | 12ft,-29.999986328124976,-7.499996582031244,4
"Weyerhaeuser NR Company (Magnolia, MS)",2x12 | #4 | 14ft,-25.0,-8.333333333333334,3
"Weyerhaeuser NR Company (Magnolia, MS)",2x12 | #3 | 18ft,-15.000030044367008,-3.750007511091752,4
"Weyerhaeuser NR Company (Magnolia, MS)",2x6 | #3 | 16ft,-5.631365094867078,-0.9385608491445131,6
"Weyerhaeuser NR Company (Magnolia, MS)",2x12 | #4 | 8ft,-5.0,-5.0,1
"Weyerhaeuser NR Company (Magnolia, MS)",2x10 | #4 | 6ft,0.0,,5
"Weyerhaeuser NR Company (Magnolia, MS)",2x10 | #4 | <NA>ft,0.0,,4
"Weyerhaeuser NR Company (Magnolia, MS)",2x12 | #4 | 6ft,0.0,,2
"Weyerhaeuser NR Company (Magnolia, MS)",2x12 | #4 | <NA>ft,0.0,,7
"Weyerhaeuser NR Company (Magnolia, MS)",2x4 | #3 | 10ft,0.0,,3
"Weyerhaeuser NR Company (Magnolia, MS)",2x4 | #3 | 14ft,0.0,,4
"Weyerhaeuser NR Company (Magnolia, MS)",2x4 | #3 | 16ft,0.0,,3
"Weyerhaeuser NR Company (Magnolia, MS)",2x4 | #3 | 8ft,0.0,,36
"Weyerhaeuser NR Company (Magnolia, MS)",2x4 | #4 | <NA>ft,0.0,,2
"Weyerhaeuser NR Company (Magnolia, MS)",2x8 | #4 | 6ft,0.0,,2
"Weyerhaeuser NR Company (Magnolia, MS)",2x8 | #4 | <NA>ft,0.0,,5
"Weyerhaeuser NR Company (Magnolia, MS)",2x10 | #3 | 10ft,4.614799733502025,0.7691332889170042,6
"Weyerhaeuser NR Company (Magnolia, MS)",2x4 | #4 | 12ft,27.92451292067298,3.4905641150841227,8
"Weyerhaeuser NR Company (Magnolia, MS)",2x12 | #4 | 10ft,40.0,13.333333333333334,3
"Weyerhaeuser NR Company (Magnolia, MS)",2x6 | #3 | 14ft,49.36866443452402,16.456221478174673,3
"Weyerhaeuser NR Company (Magnolia, MS)",2x12 | #3 | 20ft,51.000020833333,51.000020833333,1
"Weyerhaeuser NR Company (Magnolia, MS)",2x8 | #3 | 20ft,54.999957868303,10.9999915736606,5
"Weyerhaeuser NR Company (Magnolia, MS)",2x10 | #3 | 16ft,113.52661722955602,8.732816709965848,13
"Weyerhaeuser NR Company (Magnolia, MS)",2x6 | #3 | 10ft,120.92411740451399,30.231029351128498,4
"Weyerhaeuser NR Company (Magnolia, MS)",2x12 | #3 | 14ft,163.11111328124997,18.12345703125,9
"Weyerhaeuser NR Company (Magnolia, MS)",2x8 | #3 | 12ft,164.90714418290307,3.9263605757834066,42
"Weyerhaeuser NR Company (Magnolia, MS)",2x8 | #3 | 8ft,174.6035694444431,7.591459541062744,23
"Weyerhaeuser NR Company (Magnolia, MS)",2x10 | #3 | 14ft,181.74744528879802,15.145620440733168,12
"Weyerhaeuser NR Company (Magnolia, MS)",2x12 | #3 | 10ft,183.111129743304,22.888891217913,8
"Weyerhaeuser NR Company (Magnolia, MS)",2x8 | #3 | 14ft,183.52182756696496,4.960049393701755,37
"Weyerhaeuser NR Company (Magnolia, MS)",2x8 | #3 | 10ft,235.68641103778,9.4274564415112,25
"Weyerhaeuser NR Company (Magnolia, MS)",2x8 | #3 | 18ft,262.0,26.2,10
"Weyerhaeuser NR Company (Magnolia, MS)",2x6 | #3 | 12ft,302.493455674913,30.249345567491297,10
"Weyerhaeuser NR Company (Magnolia, MS)",2x10 | #3 | 12ft,317.571428571429,17.642857142857167,18
"Weyerhaeuser NR Company (Magnolia, MS)",2x10 | #3 | 8ft,332.40930689246795,15.829014613927045,21
"Weyerhaeuser NR Company (Magnolia, MS)",2x8 | #3 | 16ft,370.3713233989081,8.051550508671914,46
"Weyerhaeuser NR Company (Magnolia, MS)",2x12 | #3 | 12ft,403.1111585829,31.008550660223076,13
"Weyerhaeuser NR Company (Magnolia, MS)",2x12 | #3 | 16ft,435.00003222656096,39.54545747514191,11
"Weyerhaeuser NR Company (Magnolia, MS)",2x12 | #3 | 8ft,552.0009047335981,42.46160805643062,13
"Weyerhaeuser NR Company (Magnolia, MS)",2x6 | #3 | 8ft,637.8033940138059,28.991063364263905,22
"Weyerhaeuser NR Company (Millport, AL)",2x8 | #4 | 8ft,-507.5547945799119,-24.169275932376756,21
"Weyerhaeuser NR Company (Millport, AL)",2x10 | #4 | 16ft,-408.02810884350606,-17.740352558413306,23
"Weyerhaeuser NR Company (Millport, AL)",2x10 | #4 | 8ft,-276.6167854965479,-12.573490249843086,22
"Weyerhaeuser NR Company (Millport, AL)",2x10 | #4 | 12ft,-183.40175006696398,-14.107826928227999,13
"Weyerhaeuser NR Company (Millport, AL)",2x6 | #4 | 8ft,-116.98962539628698,-10.635420490571544,11
"Weyerhaeuser NR Company (Millport, AL)",2x4 | #4 | 12ft,-113.33332031249995,-18.88888671874999,6
"Weyerhaeuser NR Company (Millport, AL)",2x8 | #4 | 16ft,-107.22732295138002,-8.935610245948334,12
"Weyerhaeuser NR Company (Millport, AL)",2x10 | #4 | 14ft,-101.837844051838,-14.548263435976859,7
"Weyerhaeuser NR Company (Millport, AL)",2x6 | #4 | 12ft,-101.34844835069492,-14.478349764384989,7
"Weyerhaeuser NR Company (Millport, AL)",2x12 | #4 | 8ft,-96.81611932663697,-10.757346591848552,9
"Weyerhaeuser NR Company (Millport, AL)",2x10 | #4 | 10ft,-92.245499427141,-23.06137485678525,4
"Weyerhaeuser NR Company (Millport, AL)",2x6 | #4 | 16ft,-86.34846354166694,-21.587115885416736,4
"Weyerhaeuser NR Company (Millport, AL)",2x8 | #4 | 12ft,-84.88851660275503,-10.611064575344379,8
"Weyerhaeuser NR Company (Millport, AL)",2x12 | #4 | 16ft,-71.817998046875,-11.969666341145833,6
"Weyerhaeuser NR Company (Millport, AL)",2x8 | #3 | 12ft,-68.04689192708298,-68.04689192708298,1
"Weyerhaeuser NR Company (Millport, AL)",2x12 | #4 | 12ft,-66.174238498264,-8.271779812283,8
"Weyerhaeuser NR Company (Millport, AL)",2x4 | #4 | 16ft,-48.254637939318,-5.361626437702,9
"Weyerhaeuser NR Company (Millport, AL)",2x6 | #4 | 10ft,-42.05980823863507,-6.008544034090725,7
"Weyerhaeuser NR Company (Millport, AL)",2x8 | #4 | 14ft,-38.69791666666703,-7.739583333333405,5
"Weyerhaeuser NR Company (Millport, AL)",2x8 | #4 | 10ft,-23.761735369454016,-11.880867684727008,2
"Weyerhaeuser NR Company (Millport, AL)",2x12 | #4 | 14ft,-14.999963209501999,-2.4999938682503333,6
"Weyerhaeuser NR Company (Millport, AL)",2x12 | #4 | 10ft,-5.0,-1.25,4
"Weyerhaeuser NR Company (Millport, AL)",2x6 | #4 | 20ft,-5.0,-5.0,1
"Weyerhaeuser NR Company (Millport, AL)",2x4 | #3 | 10ft,0.0,,4
"Weyerhaeuser NR Company (Millport, AL)",2x4 | #3 | 12ft,0.0,,5
"Weyerhaeuser NR Company (Millport, AL)",2x4 | #3 | 14ft,0.0,,6
"Weyerhaeuser NR Company (Millport, AL)",2x4 | #3 | 16ft,0.0,,10
"Weyerhaeuser NR Company (Millport, AL)",2x4 | #3 | 8ft,0.0,,71
"Weyerhaeuser NR Company (Millport, AL)",2x8 | #4 | <NA>ft,0.0,,4
"Weyerhaeuser NR Company (Millport, AL)",2x12 | #3 | 16ft,3.222656204115992e-05,8.05664051028998e-06,4
"Weyerhaeuser NR Company (Millport, AL)",2x6 | #4 | 14ft,1.6872467864189957,0.15338607149263597,11
"Weyerhaeuser NR Company (Millport, AL)",2x10 | #3 | 12ft,15.127576562499996,7.563788281249998,2
"Weyerhaeuser NR Company (Millport, AL)",2x4 | #4 | 8ft,19.944136812274905,1.4245812008767789,14
"Weyerhaeuser NR Company (Millport, AL)",2x6 | #3 | 12ft,80.000006510417,26.666668836805666,3
"Weyerhaeuser NR Company (Millport, AL)",2x8 | #3 | 8ft,104.33390076568298,4.012842337141653,26
"Weyerhaeuser NR Company (Millport, AL)",2x12 | #3 | 14ft,105.0,21.0,5
"Weyerhaeuser NR Company (Millport, AL)",2x10 | #3 | 16ft,139.96160061365197,34.99040015341299,4
"Weyerhaeuser NR Company (Millport, AL)",2x12 | #3 | 10ft,150.19108281249999,18.773885351562498,8
"Weyerhaeuser NR Company (Millport, AL)",2x4 | #4 | 10ft,166.56054190022596,18.506726877802883,9
"Weyerhaeuser NR Company (Millport, AL)",2x4 | #4 | 14ft,179.962923587784,22.495365448473,8
"Weyerhaeuser NR Company (Millport, AL)",2x12 | #3 | 12ft,179.999973958334,22.49999674479175,8
"Weyerhaeuser NR Company (Millport, AL)",2x12 | #3 | 8ft,438.43705409542895,23.075634426075208,19
"Weyerhaeuser NR Company (Millport, AL)",2x10 | #3 | 8ft,488.1482996767729,24.407414983838645,20
"Weyerhaeuser NR Company (Millport, AL)",2x6 | #3 | 8ft,1391.891378651495,34.79728446628737,40
"Weyerhaeuser NR Company (Philadelphia, MS)",2x8 | #4 | 8ft,-823.5683024031271,-34.315345933463625,24
"Weyerhaeuser NR Company (Philadelphia, MS)",2x6 | #4 | 14ft,-819.0702855712279,-34.12792856546783,24
"Weyerhaeuser NR Company (Philadelphia, MS)",2x10 | #4 | 8ft,-787.2741075135069,-34.22930902232639,23
"Weyerhaeuser NR Company (Philadelphia, MS)",2x10 | #4 | 12ft,-784.301794188989,-39.21508970944945,20
"Weyerhaeuser NR Company (Philadelphia, MS)",2x8 | #4 | 12ft,-782.7873933376729,-43.48818851875961,18
"Weyerhaeuser NR Company (Philadelphia, MS)",2x8 | #4 | 16ft,-702.0885035766341,-43.880531473539634,16
"Weyerhaeuser NR Company (Philadelphia, MS)",2x8 | #4 | 10ft,-615.0228873839509,-34.16793818799727,18
"Weyerhaeuser NR Company (Philadelphia, MS)",2x10 | #4 | 16ft,-603.3717320538731,-35.49245482669841,17
"Weyerhaeuser NR Company (Philadelphia, MS)",2x6 | #4 | 8ft,-564.022300577085,-24.522708720742827,23
"Weyerhaeuser NR Company (Philadelphia, MS)",2x6 | #4 | 12ft,-553.891435961826,-30.771746442323668,18
"Weyerhaeuser NR Company (Philadelphia, MS)",2x8 | #4 | 14ft,-546.6300470610101,-39.045003361500726,14
"Weyerhaeuser NR Company (Philadelphia, MS)",2x6 | #4 | 16ft,-542.4667113567309,-33.90416945979568,16
"Weyerhaeuser NR Company (Philadelphia, MS)",2x6 | #4 | 10ft,-430.3745944314809,-26.898412151967555,16
"Weyerhaeuser NR Company (Philadelphia, MS)",2x12 | #4 | 8ft,-402.17303032769206,-44.68589225863245,9
"Weyerhaeuser NR Company (Philadelphia, MS)",2x10 | #4 | 14ft,-397.2970880537181,-36.117917095792556,11
"Weyerhaeuser NR Company (Philadelphia, MS)",2x4 | #4 | 16ft,-295.45806753693205,-19.697204502462135,15
"Weyerhaeuser NR Company (Philadelphia, MS)",2x4 | #4 | 10ft,-232.29126628543503,-11.061488870735001,21
"Weyerhaeuser NR Company (Philadelphia, MS)",2x12 | #4 | 12ft,-188.70214688739998,-62.90071562913332,3
"Weyerhaeuser NR Company (Philadelphia, MS)",2x12 | #4 | 14ft,-142.58385044642802,-71.29192522321401,2
"Weyerhaeuser NR Company (Philadelphia, MS)",2x10 | #4 | 10ft,-137.05340407322296,-22.84223401220383,6
"Weyerhaeuser NR Company (Philadelphia, MS)",2x4 | #4 | 8ft,-133.17810197139903,-7.83400599831759,17
"Weyerhaeuser NR Company (Philadelphia, MS)",2x4 | #4 | 14ft,-128.80813267325712,-6.779375403855638,19
"Weyerhaeuser NR Company (Philadelphia, MS)",2x12 | #4 | 16ft,-81.99147727272702,-40.99573863636351,2
"Weyerhaeuser NR Company (Philadelphia, MS)",2x10 | #3 | 12ft,-50.508981770833,-5.612109085648111,9
"Weyerhaeuser NR Company (Philadelphia, MS)",2x12 | #4 | 10ft,-46.00035286458302,-46.00035286458302,1
"Weyerhaeuser NR Company (Philadelphia, MS)",2x10 | #3 | 10ft,-18.380923342333972,-6.126974447444657,3
"Weyerhaeuser NR Company (Philadelphia, MS)",2x8 | #3 | 12ft,-9.146048318978842,-0.29503381674125295,31
"Weyerhaeuser NR Company (Philadelphia, MS)",2x10 | #3 | 14ft,-0.009078958212995758,-0.009078958212995758,1
"Weyerhaeuser NR Company (Philadelphia, MS)",2x10 | #4 | <NA>ft,0.0,,3
"Weyerhaeuser NR Company (Philadelphia, MS)",2x12 | #4 | <NA>ft,0.0,,28
"Weyerhaeuser NR Company (Philadelphia, MS)",2x4 | #3 | 10ft,0.0,,7
"Weyerhaeuser NR Company (Philadelphia, MS)",2x4 | #3 | 12ft,0.0,,4
"Weyerhaeuser NR Company (Philadelphia, MS)",2x4 | #3 | 14ft,0.0,,6
"Weyerhaeuser NR Company (Philadelphia, MS)",2x4 | #3 | 16ft,0.0,,5
"Weyerhaeuser NR Company (Philadelphia, MS)",2x4 | #3 | 18ft,0.0,,1
"Weyerhaeuser NR Company (Philadelphia, MS)",2x4 | #3 | 8ft,0.0,,113
"Weyerhaeuser NR Company (Philadelphia, MS)",2x4 | #4 | <NA>ft,0.0,,19
"Weyerhaeuser NR Company (Philadelphia, MS)",2x6 | #4 | <NA>ft,0.0,,1
"Weyerhaeuser NR Company (Philadelphia, MS)",2x8 | #4 | <NA>ft,0.0,,11
"Weyerhaeuser NR Company (Philadelphia, MS)",2x6 | #3 | 16ft,3.3331152343749864,1.6665576171874932,2
"Weyerhaeuser NR Company (Philadelphia, MS)",2x8 | #3 | 16ft,52.7182275374561,3.7655876812468643,14
"Weyerhaeuser NR Company (Philadelphia, MS)",2x4 | #4 | 12ft,66.84678765181695,2.9063820718181286,23
"Weyerhaeuser NR Company (Philadelphia, MS)",2x12 | #3 | 16ft,72.397202148438,14.4794404296876,5
"Weyerhaeuser NR Company (Philadelphia, MS)",2x10 | #3 | 16ft,73.27093385817196,7.327093385817196,10
"Weyerhaeuser NR Company (Philadelphia, MS)",2x8 | #3 | 14ft,94.11583891369094,5.228657717427274,18
"Weyerhaeuser NR Company (Philadelphia, MS)",2x8 | #3 | 10ft,149.79406644600795,6.80882120209127,22
"Weyerhaeuser NR Company (Philadelphia, MS)",2x12 | #3 | 10ft,157.67407996031696,26.279013326719493,6
"Weyerhaeuser NR Company (Philadelphia, MS)",2x12 | #3 | 14ft,167.67421875000002,20.959277343750003,8
"Weyerhaeuser NR Company (Philadelphia, MS)",2x6 | #3 | 10ft,182.48559728161501,9.604505120085001,19
"Weyerhaeuser NR Company (Philadelphia, MS)",2x6 | #3 | 12ft,201.222317165799,15.478639781984539,13
"Weyerhaeuser NR Company (Philadelphia, MS)",2x8 | #3 | 8ft,237.94439081040903,5.6653426383430725,42
"Weyerhaeuser NR Company (Philadelphia, MS)",2x10 | #3 | 8ft,331.24141074992605,22.082760716661735,15
"Weyerhaeuser NR Company (Philadelphia, MS)",2x12 | #3 | 8ft,340.85399111515596,24.34671365108257,14
"Weyerhaeuser NR Company (Philadelphia, MS)",2x12 | #3 | 12ft,451.3943775844381,50.154930842715345,9
"Weyerhaeuser NR Company (Philadelphia, MS)",2x6 | #3 | 8ft,1013.903364682041,24.140556301953357,42
"WoodPerfect (Albertville, AL)",2x4 | #3 | 10ft,0.0,,1
"WoodPerfect (Albertville, AL)",2x8 | #4 | 8ft,55.0,55.0,1
"WoodPerfect (Boaz, AL)",2x4 | #4 | 8ft,9.991262446220048,4.995631223110024,2
"WoodPerfect (Boaz, AL)",2x6 | #4 | 8ft,40.0,40.0,1
"WoodPerfect (Boaz, AL)",2x8 | #4 | 8ft,45.0,15.0,3
