region,dimension,grade,length_ft,rl_date,rl_price_per_mbf
Central,2x10,1,14.0,2025-05-30,450.0
Central,2x10,1,16.0,2025-03-21,415.0
Central,2x10,1,16.0,2025-04-11,450.0
Central,2x10,2,8.0,2025-02-21,280.0
Central,2x10,2,8.0,2025-02-28,280.0
Central,2x10,2,8.0,2025-04-25,385.0
Central,2x10,2,12.0,2025-05-16,410.0
Central,2x10,2,16.0,2025-04-11,375.0
Central,2x12,2,8.0,2025-02-14,275.0
Central,2x12,2,14.0,2025-01-31,340.0
Central,2x12,2,16.0,2025-03-14,430.0
Central,2x4,1,8.0,2025-03-07,470.0
Central,2x4,1,10.0,2025-03-14,440.0
Central,2x4,1,10.0,2025-04-04,460.0
Central,2x4,1,10.0,2025-07-11,375.0
Central,2x4,1,10.0,2025-08-01,375.0
Central,2x4,1,12.0,2025-02-07,410.0
Central,2x4,1,12.0,2025-03-14,445.0
Central,2x4,1,12.0,2025-03-28,455.0
Central,2x4,1,12.0,2025-04-04,465.0
Central,2x4,1,12.0,2025-05-02,505.0
Central,2x4,1,12.0,2025-07-11,375.0
Central,2x4,1,14.0,2025-02-07,435.0
Central,2x4,1,14.0,2025-03-14,475.0
Central,2x4,1,14.0,2025-05-02,550.0
Central,2x4,1,14.0,2025-06-13,420.0
Central,2x4,1,14.0,2025-07-11,395.0
Central,2x4,1,14.0,2025-08-15,395.0
Central,2x4,1,16.0,2025-03-14,475.0
Central,2x4,1,16.0,2025-08-15,440.0
Central,2x4,1,18.0,2025-03-14,430.0
Central,2x4,1,18.0,2025-05-02,515.0
Central,2x4,1,18.0,2025-05-16,495.0
Central,2x4,1,18.0,2025-05-30,455.0
Central,2x4,1,20.0,2025-03-21,425.0
Central,2x4,1,20.0,2025-05-09,510.0
Central,2x4,1,20.0,2025-05-16,490.0
Central,2x4,1,20.0,2025-07-03,395.0
Central,2x4,2,8.0,2025-05-02,510.0
Central,2x4,2,8.0,2025-05-16,495.0
Central,2x4,2,8.0,2025-08-15,350.0
Central,2x4,2,10.0,2025-01-10,340.0
Central,2x4,2,10.0,2025-01-17,350.0
Central,2x4,2,10.0,2025-01-31,340.0
Central,2x4,2,10.0,2025-02-07,355.0
Central,2x4,2,10.0,2025-02-14,365.0
Central,2x4,2,10.0,2025-04-04,410.0
Central,2x4,2,10.0,2025-04-11,420.0
Central,2x4,2,10.0,2025-04-18,430.0
Central,2x4,2,10.0,2025-04-25,440.0
Central,2x4,2,10.0,2025-05-09,435.0
Central,2x4,2,10.0,2025-05-30,360.0
Central,2x4,2,10.0,2025-06-19,300.0
Central,2x4,2,12.0,2024-11-27,300.0
Central,2x4,2,12.0,2025-01-03,325.0
Central,2x4,2,12.0,2025-01-10,340.0
Central,2x4,2,12.0,2025-01-17,350.0
Central,2x4,2,12.0,2025-02-14,360.0
Central,2x4,2,12.0,2025-02-21,365.0
Central,2x4,2,12.0,2025-02-28,370.0
Central,2x4,2,12.0,2025-03-14,395.0
Central,2x4,2,12.0,2025-04-04,415.0
Central,2x4,2,12.0,2025-04-18,440.0
Central,2x4,2,12.0,2025-04-25,450.0
Central,2x4,2,12.0,2025-05-30,365.0
Central,2x4,2,14.0,2025-01-03,380.0
Central,2x4,2,14.0,2025-04-11,455.0
Central,2x4,2,14.0,2025-04-18,470.0
Central,2x4,2,16.0,2024-12-20,380.0
Central,2x4,2,16.0,2025-01-03,405.0
Central,2x4,2,16.0,2025-03-14,430.0
Central,2x4,2,16.0,2025-03-28,440.0
Central,2x4,2,16.0,2025-04-18,485.0
Central,2x4,2,16.0,2025-06-06,425.0
Central,2x4,2,16.0,2025-06-19,385.0
Central,2x4,2,16.0,2025-06-27,375.0
Central,2x4,2,18.0,2025-01-03,335.0
Central,2x4,2,18.0,2025-01-17,345.0
Central,2x4,2,18.0,2025-01-31,340.0
Central,2x4,2,18.0,2025-04-11,410.0
Central,2x4,2,18.0,2025-04-18,425.0
Central,2x4,2,18.0,2025-04-25,435.0
Central,2x4,2,18.0,2025-05-16,420.0
Central,2x4,2,20.0,2025-01-03,340.0
Central,2x4,2,20.0,2025-04-18,435.0
Central,2x4,2,20.0,2025-05-02,445.0
Central,2x4,2,20.0,2025-05-30,380.0
Central,2x4,2,20.0,2025-06-27,325.0
Central,2x4,2,20.0,2025-08-01,350.0
Central,2x6,1,10.0,2025-01-10,420.0
Central,2x6,1,12.0,2025-01-10,430.0
Central,2x6,1,14.0,2025-01-10,430.0
Central,2x6,1,16.0,2025-01-10,450.0
Central,2x6,1,20.0,2025-07-25,355.0
Central,2x6,2,8.0,2025-03-14,355.0
Central,2x6,2,8.0,2025-04-04,340.0
Central,2x6,2,8.0,2025-04-11,340.0
Central,2x6,2,8.0,2025-04-18,340.0
Central,2x6,2,8.0,2025-04-25,345.0
Central,2x6,2,8.0,2025-08-08,300.0
Central,2x6,2,10.0,2025-04-11,355.0
Central,2x6,2,10.0,2025-04-18,355.0
Central,2x6,2,12.0,2025-04-18,350.0
Central,2x6,2,12.0,2025-05-02,350.0
Central,2x6,2,12.0,2025-05-09,325.0
Central,2x6,2,12.0,2025-05-16,295.0
Central,2x6,2,14.0,2025-03-14,370.0
Central,2x6,2,14.0,2025-03-21,365.0
Central,2x6,2,14.0,2025-04-25,355.0
Central,2x6,2,16.0,2025-03-14,370.0
Central,2x6,2,16.0,2025-03-21,365.0
Central,2x6,2,16.0,2025-03-28,355.0
Central,2x6,2,16.0,2025-05-02,355.0
Central,2x6,2,16.0,2025-05-09,335.0
Central,2x6,2,16.0,2025-07-11,300.0
Central,2x6,2,20.0,2025-04-18,345.0
Central,2x6,2,20.0,2025-07-18,300.0
Central,2x6,2,20.0,2025-08-01,305.0
Central,2x6,2,20.0,2025-08-22,290.0
Central,2x8,1,8.0,2024-12-13,340.0
Central,2x8,1,8.0,2025-01-24,370.0
Central,2x8,1,16.0,2025-01-31,380.0
Central,2x8,2,8.0,2025-03-07,320.0
Central,2x8,2,8.0,2025-04-04,325.0
Central,2x8,2,8.0,2025-04-11,330.0
Central,2x8,2,8.0,2025-04-25,345.0
Central,2x8,2,8.0,2025-07-03,275.0
Central,2x8,2,10.0,2025-02-21,325.0
Central,2x8,2,10.0,2025-02-28,325.0
Central,2x8,2,10.0,2025-03-07,325.0
Central,2x8,2,10.0,2025-04-04,330.0
Central,2x8,2,10.0,2025-04-11,330.0
Central,2x8,2,10.0,2025-04-25,345.0
Central,2x8,2,10.0,2025-05-09,335.0
Central,2x8,2,10.0,2025-07-03,270.0
Central,2x8,2,12.0,2025-02-21,325.0
Central,2x8,2,12.0,2025-02-28,325.0
Central,2x8,2,12.0,2025-03-07,325.0
Central,2x8,2,12.0,2025-04-04,330.0
Central,2x8,2,12.0,2025-04-11,335.0
Central,2x8,2,12.0,2025-05-09,340.0
Central,2x8,2,12.0,2025-05-23,305.0
Central,2x8,2,12.0,2025-07-03,280.0
Central,2x8,2,14.0,2025-05-16,340.0
Central,2x8,2,14.0,2025-07-03,280.0
Central,2x8,2,16.0,2025-05-09,350.0
East,2x10,2,16.0,2025-05-30,435.0
East,2x4,2,16.0,2025-05-30,525.0
East,2x4,2,20.0,2025-02-28,395.0
East,2x6,2,8.0,2024-12-13,330.0
East,2x6,2,8.0,2025-02-28,370.0
East,2x6,2,8.0,2025-03-07,370.0
East,2x6,2,8.0,2025-04-04,325.0
East,2x6,2,8.0,2025-04-18,325.0
East,2x6,2,8.0,2025-04-25,325.0
East,2x6,2,8.0,2025-05-02,325.0
East,2x6,2,8.0,2025-05-09,315.0
East,2x6,2,8.0,2025-05-16,290.0
East,2x6,2,8.0,2025-08-01,295.0
East,2x6,2,10.0,2025-04-04,350.0
East,2x6,2,10.0,2025-04-25,350.0
East,2x6,2,12.0,2025-03-21,380.0
East,2x6,2,16.0,2025-03-28,380.0
East,2x6,2,16.0,2025-05-30,295.0
East,2x8,2,8.0,2025-03-21,350.0
East,2x8,2,8.0,2025-04-18,360.0
East,2x8,2,8.0,2025-05-09,355.0
East,2x8,2,8.0,2025-06-06,300.0
East,2x8,2,12.0,2025-03-21,365.0
East,2x8,2,12.0,2025-03-28,365.0
East,2x8,2,12.0,2025-04-18,365.0
East,2x8,2,12.0,2025-05-09,350.0
East,2x8,2,12.0,2025-06-06,300.0
East,2x8,2,12.0,2025-06-13,300.0
East,2x8,2,16.0,2025-05-30,325.0
West,2x10,1,14.0,2025-04-04,370.0
West,2x10,1,16.0,2025-07-11,400.0
West,2x10,1,18.0,2024-12-20,290.0
West,2x10,1,18.0,2025-01-31,290.0
West,2x10,1,18.0,2025-02-14,290.0
West,2x10,1,18.0,2025-08-29,300.0
West,2x10,2,8.0,2025-06-19,310.0
West,2x10,2,8.0,2025-07-03,285.0
West,2x10,2,12.0,2025-01-24,285.0
West,2x10,2,14.0,2025-01-03,290.0
West,2x10,2,14.0,2025-06-13,340.0
West,2x10,2,14.0,2025-07-25,290.0
West,2x10,2,14.0,2025-08-08,290.0
West,2x10,2,16.0,2025-06-13,350.0
West,2x10,2,18.0,2025-05-23,340.0
West,2x12,2,10.0,2025-02-21,375.0
West,2x12,2,10.0,2025-08-15,335.0
West,2x12,2,20.0,2025-06-19,550.0
West,2x12,2,20.0,2025-06-27,470.0
West,2x4,1,8.0,2025-01-03,430.0
West,2x4,1,8.0,2025-02-28,440.0
West,2x4,1,8.0,2025-03-07,440.0
West,2x4,1,8.0,2025-05-09,495.0
West,2x4,1,8.0,2025-05-30,450.0
West,2x4,1,10.0,2025-01-03,355.0
West,2x4,1,10.0,2025-01-10,365.0
West,2x4,1,10.0,2025-01-17,365.0
West,2x4,1,10.0,2025-02-28,375.0
West,2x4,1,10.0,2025-03-07,375.0
West,2x4,1,10.0,2025-05-09,430.0
West,2x4,1,10.0,2025-05-30,375.0
West,2x4,1,10.0,2025-06-13,335.0
West,2x4,1,10.0,2025-06-27,320.0
West,2x4,1,10.0,2025-07-11,335.0
West,2x4,1,12.0,2025-01-03,395.0
West,2x4,1,12.0,2025-01-10,405.0
West,2x4,1,12.0,2025-03-07,415.0
West,2x4,1,12.0,2025-05-09,445.0
West,2x4,1,12.0,2025-05-30,385.0
West,2x4,1,12.0,2025-06-06,365.0
West,2x4,1,12.0,2025-07-11,345.0
West,2x4,1,12.0,2025-07-25,360.0
West,2x4,1,14.0,2025-01-03,415.0
West,2x4,1,14.0,2025-01-10,425.0
West,2x4,1,14.0,2025-01-24,420.0
West,2x4,1,14.0,2025-02-28,430.0
West,2x4,1,14.0,2025-03-07,430.0
West,2x4,1,14.0,2025-03-21,440.0
West,2x4,1,14.0,2025-04-25,485.0
West,2x4,1,14.0,2025-05-09,470.0
West,2x4,1,14.0,2025-05-16,460.0
West,2x4,1,14.0,2025-05-30,410.0
West,2x4,1,14.0,2025-06-13,370.0
West,2x4,1,14.0,2025-08-08,380.0
West,2x4,1,16.0,2025-01-03,490.0
West,2x4,1,16.0,2025-01-10,500.0
West,2x4,1,16.0,2025-01-17,500.0
West,2x4,1,16.0,2025-01-24,495.0
West,2x4,1,16.0,2025-01-31,485.0
West,2x4,1,16.0,2025-02-28,505.0
West,2x4,1,16.0,2025-03-07,505.0
West,2x4,1,16.0,2025-03-21,515.0
West,2x4,1,16.0,2025-05-02,570.0
West,2x4,1,16.0,2025-06-13,485.0
West,2x4,1,16.0,2025-06-27,475.0
West,2x4,1,16.0,2025-07-25,505.0
West,2x4,1,16.0,2025-08-01,505.0
West,2x4,1,16.0,2025-08-15,495.0
West,2x4,1,18.0,2025-01-03,405.0
West,2x4,1,18.0,2025-01-10,415.0
West,2x4,1,18.0,2025-01-17,415.0
West,2x4,1,18.0,2025-01-24,410.0
West,2x4,1,18.0,2025-03-07,420.0
West,2x4,1,18.0,2025-06-13,380.0
West,2x4,1,18.0,2025-07-11,380.0
West,2x4,1,18.0,2025-07-25,390.0
West,2x4,1,18.0,2025-08-08,390.0
West,2x4,1,18.0,2025-08-15,390.0
West,2x4,1,20.0,2025-01-03,430.0
West,2x4,1,20.0,2025-01-24,435.0
West,2x4,1,20.0,2025-02-07,430.0
West,2x4,1,20.0,2025-03-07,445.0
West,2x4,1,20.0,2025-04-11,475.0
West,2x4,1,20.0,2025-05-16,490.0
West,2x4,1,20.0,2025-05-30,440.0
West,2x4,1,20.0,2025-06-13,400.0
West,2x4,1,20.0,2025-07-11,395.0
West,2x4,1,20.0,2025-07-25,405.0
West,2x4,2,8.0,2025-06-06,430.0
West,2x4,2,8.0,2025-06-13,410.0
West,2x4,2,8.0,2025-06-27,380.0
West,2x4,2,8.0,2025-08-22,355.0
West,2x4,2,10.0,2024-12-20,305.0
West,2x4,2,10.0,2025-01-03,330.0
West,2x4,2,10.0,2025-01-10,340.0
West,2x4,2,10.0,2025-01-17,340.0
West,2x4,2,10.0,2025-01-31,325.0
West,2x4,2,10.0,2025-02-07,335.0
West,2x4,2,10.0,2025-02-14,345.0
West,2x4,2,10.0,2025-02-21,350.0
West,2x4,2,10.0,2025-02-28,355.0
West,2x4,2,10.0,2025-03-07,360.0
West,2x4,2,10.0,2025-03-14,370.0
West,2x4,2,10.0,2025-03-21,380.0
West,2x4,2,10.0,2025-03-28,390.0
West,2x4,2,10.0,2025-04-04,405.0
West,2x4,2,10.0,2025-04-11,410.0
West,2x4,2,10.0,2025-04-25,430.0
West,2x4,2,10.0,2025-05-02,435.0
West,2x4,2,10.0,2025-05-09,425.0
West,2x4,2,10.0,2025-05-16,410.0
West,2x4,2,10.0,2025-05-23,385.0
West,2x4,2,10.0,2025-06-13,320.0
West,2x4,2,10.0,2025-06-19,300.0
West,2x4,2,10.0,2025-06-27,285.0
West,2x4,2,10.0,2025-07-03,285.0
West,2x4,2,10.0,2025-07-11,300.0
West,2x4,2,10.0,2025-07-25,310.0
West,2x4,2,10.0,2025-08-01,320.0
West,2x4,2,10.0,2025-08-22,295.0
West,2x4,2,12.0,2024-12-13,290.0
West,2x4,2,12.0,2025-01-03,325.0
West,2x4,2,12.0,2025-01-10,335.0
West,2x4,2,12.0,2025-01-17,335.0
West,2x4,2,12.0,2025-01-24,340.0
West,2x4,2,12.0,2025-01-31,330.0
West,2x4,2,12.0,2025-02-07,340.0
West,2x4,2,12.0,2025-02-21,355.0
West,2x4,2,12.0,2025-02-28,360.0
West,2x4,2,12.0,2025-03-07,365.0
West,2x4,2,12.0,2025-03-14,375.0
West,2x4,2,12.0,2025-04-04,405.0
West,2x4,2,12.0,2025-04-11,410.0
West,2x4,2,12.0,2025-04-18,425.0
West,2x4,2,12.0,2025-04-25,430.0
West,2x4,2,12.0,2025-05-02,435.0
West,2x4,2,12.0,2025-05-09,425.0
West,2x4,2,12.0,2025-05-16,410.0
West,2x4,2,12.0,2025-05-23,380.0
West,2x4,2,12.0,2025-06-06,335.0
West,2x4,2,12.0,2025-06-13,315.0
West,2x4,2,12.0,2025-06-27,285.0
West,2x4,2,12.0,2025-07-03,285.0
West,2x4,2,12.0,2025-07-11,300.0
West,2x4,2,12.0,2025-07-18,310.0
West,2x4,2,12.0,2025-08-08,325.0
West,2x4,2,12.0,2025-08-15,305.0
West,2x4,2,12.0,2025-08-22,295.0
West,2x4,2,14.0,2025-04-18,440.0
West,2x4,2,14.0,2025-04-25,455.0
West,2x4,2,14.0,2025-05-09,460.0
West,2x4,2,14.0,2025-06-27,320.0
West,2x4,2,14.0,2025-07-03,320.0
West,2x4,2,14.0,2025-07-18,340.0
West,2x4,2,14.0,2025-07-25,340.0
West,2x4,2,16.0,2025-01-17,435.0
West,2x4,2,16.0,2025-02-28,420.0
West,2x4,2,16.0,2025-03-07,425.0
West,2x4,2,16.0,2025-03-21,440.0
West,2x4,2,16.0,2025-04-11,475.0
West,2x4,2,16.0,2025-04-25,505.0
West,2x4,2,16.0,2025-05-02,515.0
West,2x4,2,16.0,2025-05-09,525.0
West,2x4,2,16.0,2025-05-30,490.0
West,2x4,2,16.0,2025-06-06,475.0
West,2x4,2,16.0,2025-06-19,435.0
West,2x4,2,16.0,2025-06-27,425.0
West,2x4,2,16.0,2025-07-03,425.0
West,2x4,2,16.0,2025-07-11,435.0
West,2x4,2,16.0,2025-08-08,430.0
West,2x4,2,16.0,2025-08-22,400.0
West,2x4,2,18.0,2025-01-03,330.0
West,2x4,2,18.0,2025-02-21,350.0
West,2x4,2,18.0,2025-02-28,355.0
West,2x4,2,18.0,2025-03-07,360.0
West,2x4,2,18.0,2025-03-14,370.0
West,2x4,2,18.0,2025-04-04,405.0
West,2x4,2,18.0,2025-04-11,415.0
West,2x4,2,18.0,2025-04-25,440.0
West,2x4,2,18.0,2025-05-02,445.0
West,2x4,2,18.0,2025-05-09,445.0
West,2x4,2,18.0,2025-05-16,435.0
West,2x4,2,18.0,2025-05-23,415.0
West,2x4,2,18.0,2025-07-03,315.0
West,2x4,2,20.0,2025-01-31,365.0
West,2x4,2,20.0,2025-02-07,370.0
West,2x4,2,20.0,2025-03-07,390.0
West,2x4,2,20.0,2025-03-28,415.0
West,2x4,2,20.0,2025-04-25,455.0
West,2x4,2,20.0,2025-05-23,430.0
West,2x4,2,20.0,2025-07-03,325.0
West,2x4,2,20.0,2025-07-11,330.0
West,2x6,1,10.0,2025-06-27,270.0
West,2x6,1,10.0,2025-08-01,310.0
West,2x6,1,12.0,2025-05-09,405.0
West,2x6,1,12.0,2025-06-27,320.0
West,2x6,1,12.0,2025-07-03,330.0
West,2x6,1,14.0,2024-12-06,340.0
West,2x6,1,14.0,2025-05-09,395.0
West,2x6,1,14.0,2025-05-16,375.0
West,2x6,1,14.0,2025-06-06,300.0
West,2x6,1,14.0,2025-06-27,315.0
West,2x6,1,16.0,2024-12-06,365.0
West,2x6,1,16.0,2025-02-07,445.0
West,2x6,1,16.0,2025-06-27,335.0
West,2x6,1,16.0,2025-07-03,345.0
West,2x6,1,18.0,2025-05-09,360.0
West,2x6,1,18.0,2025-08-15,320.0
West,2x6,1,20.0,2025-02-07,415.0
West,2x6,1,20.0,2025-05-09,380.0
West,2x6,1,20.0,2025-07-03,305.0
West,2x6,1,20.0,2025-08-15,330.0
West,2x6,2,8.0,2025-01-17,370.0
West,2x6,2,8.0,2025-05-16,320.0
West,2x6,2,8.0,2025-06-06,245.0
West,2x6,2,10.0,2025-04-04,355.0
West,2x6,2,10.0,2025-05-23,295.0
West,2x6,2,10.0,2025-05-30,270.0
West,2x6,2,12.0,2025-02-07,410.0
West,2x6,2,12.0,2025-03-14,425.0
West,2x6,2,12.0,2025-03-28,395.0
West,2x6,2,12.0,2025-04-11,390.0
West,2x6,2,12.0,2025-04-25,400.0
West,2x6,2,12.0,2025-06-13,280.0
West,2x6,2,12.0,2025-08-15,325.0
West,2x6,2,14.0,2025-04-04,370.0
West,2x6,2,14.0,2025-05-09,365.0
West,2x6,2,14.0,2025-07-18,310.0
West,2x6,2,14.0,2025-07-25,315.0
West,2x6,2,14.0,2025-08-01,320.0
West,2x6,2,14.0,2025-08-08,320.0
West,2x6,2,14.0,2025-08-15,315.0
West,2x6,2,14.0,2025-08-22,305.0
West,2x6,2,16.0,2025-01-10,415.0
West,2x6,2,16.0,2025-03-14,420.0
West,2x6,2,16.0,2025-04-11,385.0
West,2x6,2,16.0,2025-06-19,280.0
West,2x6,2,16.0,2025-08-22,315.0
West,2x6,2,18.0,2024-12-20,320.0
West,2x6,2,18.0,2025-03-07,385.0
West,2x6,2,18.0,2025-04-11,350.0
West,2x6,2,20.0,2024-12-20,335.0
West,2x6,2,20.0,2025-01-03,375.0
West,2x6,2,20.0,2025-01-24,385.0
West,2x6,2,20.0,2025-01-31,375.0
West,2x6,2,20.0,2025-02-07,380.0
West,2x6,2,20.0,2025-02-28,390.0
West,2x6,2,20.0,2025-03-28,365.0
West,2x6,2,20.0,2025-04-04,355.0
West,2x6,2,20.0,2025-04-11,355.0
West,2x6,2,20.0,2025-04-25,365.0
West,2x6,2,20.0,2025-05-09,350.0
West,2x6,2,20.0,2025-06-13,235.0
West,2x6,2,20.0,2025-06-27,250.0
West,2x6,2,20.0,2025-07-18,275.0
West,2x6,2,20.0,2025-07-25,280.0
West,2x6,2,20.0,2025-08-15,275.0
West,2x8,1,8.0,2025-08-15,345.0
West,2x8,1,12.0,2025-08-22,350.0
West,2x8,1,12.0,2025-08-29,340.0
West,2x8,1,16.0,2025-05-16,395.0
West,2x8,1,16.0,2025-08-22,350.0
West,2x8,1,16.0,2025-08-29,340.0
West,2x8,1,20.0,2024-12-20,380.0
West,2x8,1,20.0,2025-03-07,400.0
West,2x8,2,8.0,2025-01-03,325.0
West,2x8,2,8.0,2025-01-24,335.0
West,2x8,2,8.0,2025-02-14,335.0
West,2x8,2,8.0,2025-02-21,335.0
West,2x8,2,8.0,2025-02-28,335.0
West,2x8,2,8.0,2025-03-21,335.0
West,2x8,2,8.0,2025-03-28,335.0
West,2x8,2,8.0,2025-04-04,335.0
West,2x8,2,8.0,2025-05-02,355.0
West,2x8,2,8.0,2025-05-09,350.0
West,2x8,2,8.0,2025-05-16,345.0
West,2x8,2,8.0,2025-05-23,325.0
West,2x8,2,8.0,2025-06-27,290.0
West,2x8,2,8.0,2025-07-03,295.0
West,2x8,2,8.0,2025-07-18,310.0
West,2x8,2,8.0,2025-08-15,305.0
West,2x8,2,10.0,2025-02-14,315.0
West,2x8,2,10.0,2025-02-21,315.0
West,2x8,2,10.0,2025-02-28,315.0
West,2x8,2,10.0,2025-03-07,315.0
West,2x8,2,10.0,2025-03-14,315.0
West,2x8,2,10.0,2025-03-28,315.0
West,2x8,2,10.0,2025-05-16,320.0
West,2x8,2,10.0,2025-05-23,300.0
West,2x8,2,10.0,2025-07-03,275.0
West,2x8,2,10.0,2025-07-11,285.0
West,2x8,2,12.0,2025-01-31,320.0
West,2x8,2,12.0,2025-02-14,325.0
West,2x8,2,12.0,2025-02-21,325.0
West,2x8,2,12.0,2025-02-28,325.0
West,2x8,2,12.0,2025-03-07,325.0
West,2x8,2,12.0,2025-03-14,325.0
West,2x8,2,12.0,2025-03-21,325.0
West,2x8,2,12.0,2025-03-28,325.0
West,2x8,2,12.0,2025-04-04,325.0
West,2x8,2,12.0,2025-05-02,350.0
West,2x8,2,12.0,2025-05-09,345.0
West,2x8,2,12.0,2025-05-30,300.0
West,2x8,2,12.0,2025-07-03,290.0
West,2x8,2,12.0,2025-08-15,305.0
West,2x8,2,12.0,2025-08-22,300.0
West,2x8,2,14.0,2025-07-03,290.0
West,2x8,2,16.0,2025-02-21,365.0
West,2x8,2,16.0,2025-05-16,380.0
West,2x8,2,16.0,2025-05-23,360.0
West,2x8,2,16.0,2025-05-30,345.0
West,2x8,2,16.0,2025-08-29,320.0
West,2x8,2,18.0,2025-02-21,320.0
West,2x8,2,18.0,2025-02-28,320.0
West,2x8,2,18.0,2025-03-07,320.0
West,2x8,2,18.0,2025-07-25,305.0
West,2x8,2,20.0,2025-02-21,355.0
West,2x8,2,20.0,2025-07-18,330.0
central,2x10,3,8.0,2024-12-20,210.0
central,2x10,3,8.0,2025-01-10,215.0
central,2x10,3,8.0,2025-01-17,215.0
central,2x10,3,8.0,2025-01-24,215.0
central,2x10,3,8.0,2025-01-31,220.0
central,2x10,3,8.0,2025-02-07,225.0
central,2x10,3,8.0,2025-02-14,225.0
central,2x10,3,8.0,2025-02-21,230.0
central,2x10,3,8.0,2025-02-28,230.0
central,2x10,3,8.0,2025-03-07,235.0
central,2x10,3,8.0,2025-03-14,240.0
central,2x10,3,8.0,2025-03-21,250.0
central,2x10,3,8.0,2025-03-28,255.0
central,2x10,3,8.0,2025-04-04,260.0
central,2x10,3,8.0,2025-04-11,270.0
central,2x10,3,8.0,2025-04-18,275.0
central,2x10,3,8.0,2025-04-25,280.0
central,2x10,3,8.0,2025-05-02,285.0
central,2x10,3,8.0,2025-05-23,260.0
central,2x10,3,8.0,2025-05-30,255.0
central,2x10,3,8.0,2025-06-06,250.0
central,2x10,3,8.0,2025-06-13,250.0
central,2x10,3,8.0,2025-06-19,245.0
central,2x10,3,8.0,2025-07-11,235.0
central,2x10,3,8.0,2025-07-18,235.0
central,2x10,3,8.0,2025-08-15,225.0
central,2x10,3,10.0,2025-01-24,215.0
central,2x10,3,10.0,2025-01-31,220.0
central,2x10,3,10.0,2025-02-07,225.0
central,2x10,3,10.0,2025-03-14,240.0
central,2x10,3,10.0,2025-03-28,255.0
central,2x10,3,10.0,2025-04-04,260.0
central,2x10,3,10.0,2025-04-25,280.0
central,2x10,3,10.0,2025-06-19,245.0
central,2x10,3,10.0,2025-07-18,235.0
central,2x10,3,12.0,2024-12-20,210.0
central,2x10,3,12.0,2025-01-10,215.0
central,2x10,3,12.0,2025-01-24,215.0
central,2x10,3,12.0,2025-01-31,220.0
central,2x10,3,12.0,2025-02-07,225.0
central,2x10,3,12.0,2025-02-14,225.0
central,2x10,3,12.0,2025-02-21,230.0
central,2x10,3,12.0,2025-02-28,230.0
central,2x10,3,12.0,2025-03-14,240.0
central,2x10,3,12.0,2025-03-21,250.0
central,2x10,3,12.0,2025-03-28,255.0
central,2x10,3,12.0,2025-04-04,260.0
central,2x10,3,12.0,2025-04-11,270.0
central,2x10,3,12.0,2025-04-18,275.0
central,2x10,3,12.0,2025-04-25,280.0
central,2x10,3,12.0,2025-05-02,285.0
central,2x10,3,12.0,2025-06-06,250.0
central,2x10,3,12.0,2025-06-19,245.0
central,2x10,3,12.0,2025-07-11,235.0
central,2x10,3,12.0,2025-07-18,235.0
central,2x10,3,14.0,2025-01-24,215.0
central,2x10,3,14.0,2025-01-31,220.0
central,2x10,3,14.0,2025-02-07,225.0
central,2x10,3,14.0,2025-03-14,240.0
central,2x10,3,14.0,2025-03-28,255.0
central,2x10,3,14.0,2025-04-04,260.0
central,2x10,3,14.0,2025-04-18,275.0
central,2x10,3,14.0,2025-04-25,280.0
central,2x10,3,14.0,2025-06-06,250.0
central,2x10,3,14.0,2025-06-19,245.0
central,2x10,3,14.0,2025-07-11,235.0
central,2x10,3,14.0,2025-08-01,235.0
central,2x10,3,16.0,2025-01-10,215.0
central,2x10,3,16.0,2025-01-24,215.0
central,2x10,3,16.0,2025-01-31,220.0
central,2x10,3,16.0,2025-02-07,225.0
central,2x10,3,16.0,2025-02-14,225.0
central,2x10,3,16.0,2025-02-28,230.0
central,2x10,3,16.0,2025-03-28,255.0
central,2x10,3,16.0,2025-04-04,260.0
central,2x10,3,16.0,2025-04-11,270.0
central,2x10,3,16.0,2025-04-18,275.0
central,2x10,3,16.0,2025-04-25,280.0
central,2x10,3,16.0,2025-05-23,260.0
central,2x10,3,16.0,2025-06-06,250.0
central,2x10,3,16.0,2025-06-19,245.0
central,2x10,3,16.0,2025-07-11,235.0
central,2x10,3,16.0,2025-07-18,235.0
central,2x10,4,8.0,2024-12-06,175.0
central,2x10,4,8.0,2024-12-13,175.0
central,2x10,4,8.0,2024-12-20,175.0
central,2x10,4,8.0,2025-01-03,180.0
central,2x10,4,8.0,2025-01-10,185.0
central,2x10,4,8.0,2025-01-17,190.0
central,2x10,4,8.0,2025-01-24,195.0
central,2x10,4,8.0,2025-01-31,200.0
central,2x10,4,8.0,2025-02-07,205.0
central,2x10,4,8.0,2025-02-14,215.0
central,2x10,4,8.0,2025-02-21,220.0
central,2x10,4,8.0,2025-02-28,225.0
central,2x10,4,8.0,2025-03-07,225.0
central,2x10,4,8.0,2025-03-14,230.0
central,2x10,4,8.0,2025-03-21,230.0
central,2x10,4,8.0,2025-03-28,230.0
central,2x10,4,8.0,2025-04-04,235.0
central,2x10,4,8.0,2025-04-11,245.0
central,2x10,4,8.0,2025-04-18,245.0
central,2x10,4,8.0,2025-04-25,245.0
central,2x10,4,8.0,2025-05-02,245.0
central,2x10,4,8.0,2025-05-09,240.0
central,2x10,4,8.0,2025-05-16,230.0
central,2x10,4,8.0,2025-05-23,225.0
central,2x10,4,8.0,2025-05-30,225.0
central,2x10,4,8.0,2025-06-06,220.0
central,2x10,4,8.0,2025-06-13,220.0
central,2x10,4,8.0,2025-06-19,220.0
central,2x10,4,8.0,2025-06-27,220.0
central,2x10,4,8.0,2025-07-03,220.0
central,2x10,4,8.0,2025-07-11,210.0
central,2x10,4,8.0,2025-07-18,205.0
central,2x10,4,8.0,2025-07-25,205.0
central,2x10,4,8.0,2025-08-01,205.0
central,2x10,4,8.0,2025-08-08,205.0
central,2x10,4,8.0,2025-08-15,200.0
central,2x10,4,10.0,2024-12-13,175.0
central,2x10,4,10.0,2024-12-20,175.0
central,2x10,4,10.0,2025-01-03,180.0
central,2x10,4,10.0,2025-01-10,185.0
central,2x10,4,10.0,2025-01-17,190.0
central,2x10,4,10.0,2025-01-24,195.0
central,2x10,4,10.0,2025-01-31,200.0
central,2x10,4,10.0,2025-02-07,205.0
central,2x10,4,10.0,2025-02-14,215.0
central,2x10,4,10.0,2025-02-21,220.0
central,2x10,4,10.0,2025-02-28,225.0
central,2x10,4,10.0,2025-03-07,225.0
central,2x10,4,10.0,2025-03-14,230.0
central,2x10,4,10.0,2025-03-21,230.0
central,2x10,4,10.0,2025-04-04,235.0
central,2x10,4,10.0,2025-04-11,245.0
central,2x10,4,10.0,2025-04-25,245.0
central,2x10,4,10.0,2025-05-02,245.0
central,2x10,4,10.0,2025-05-09,240.0
central,2x10,4,10.0,2025-05-16,230.0
central,2x10,4,10.0,2025-05-23,225.0
central,2x10,4,10.0,2025-05-30,225.0
central,2x10,4,10.0,2025-06-06,220.0
central,2x10,4,10.0,2025-06-13,220.0
central,2x10,4,10.0,2025-06-27,220.0
central,2x10,4,10.0,2025-07-03,220.0
central,2x10,4,10.0,2025-07-11,210.0
central,2x10,4,10.0,2025-07-18,205.0
central,2x10,4,10.0,2025-08-08,205.0
central,2x10,4,10.0,2025-08-15,200.0
central,2x10,4,12.0,2024-12-13,175.0
central,2x10,4,12.0,2024-12-20,175.0
central,2x10,4,12.0,2025-01-03,180.0
central,2x10,4,12.0,2025-01-10,185.0
central,2x10,4,12.0,2025-01-24,195.0
central,2x10,4,12.0,2025-01-31,200.0
central,2x10,4,12.0,2025-02-07,205.0
central,2x10,4,12.0,2025-02-14,215.0
central,2x10,4,12.0,2025-02-21,220.0
central,2x10,4,12.0,2025-02-28,225.0
central,2x10,4,12.0,2025-03-07,225.0
central,2x10,4,12.0,2025-03-14,230.0
central,2x10,4,12.0,2025-03-21,230.0
central,2x10,4,12.0,2025-03-28,230.0
central,2x10,4,12.0,2025-04-04,235.0
central,2x10,4,12.0,2025-04-11,245.0
central,2x10,4,12.0,2025-04-25,245.0
central,2x10,4,12.0,2025-05-02,245.0
central,2x10,4,12.0,2025-05-09,240.0
central,2x10,4,12.0,2025-05-16,230.0
central,2x10,4,12.0,2025-05-23,225.0
central,2x10,4,12.0,2025-05-30,225.0
central,2x10,4,12.0,2025-06-06,220.0
central,2x10,4,12.0,2025-06-13,220.0
central,2x10,4,12.0,2025-06-19,220.0
central,2x10,4,12.0,2025-06-27,220.0
central,2x10,4,12.0,2025-07-03,220.0
central,2x10,4,12.0,2025-07-11,210.0
central,2x10,4,12.0,2025-07-18,205.0
central,2x10,4,12.0,2025-08-08,205.0
central,2x10,4,12.0,2025-08-15,200.0
central,2x10,4,14.0,2024-12-13,175.0
central,2x10,4,14.0,2025-01-03,180.0
central,2x10,4,14.0,2025-01-10,185.0
central,2x10,4,14.0,2025-01-17,190.0
central,2x10,4,14.0,2025-01-24,195.0
central,2x10,4,14.0,2025-01-31,200.0
central,2x10,4,14.0,2025-02-07,205.0
central,2x10,4,14.0,2025-02-14,215.0
central,2x10,4,14.0,2025-02-21,220.0
central,2x10,4,14.0,2025-02-28,225.0
central,2x10,4,14.0,2025-03-07,225.0
central,2x10,4,14.0,2025-03-14,230.0
central,2x10,4,14.0,2025-03-21,230.0
central,2x10,4,14.0,2025-03-28,230.0
central,2x10,4,14.0,2025-04-04,235.0
central,2x10,4,14.0,2025-04-11,245.0
central,2x10,4,14.0,2025-04-18,245.0
central,2x10,4,14.0,2025-04-25,245.0
central,2x10,4,14.0,2025-05-02,245.0
central,2x10,4,14.0,2025-05-09,240.0
central,2x10,4,14.0,2025-05-16,230.0
central,2x10,4,14.0,2025-05-23,225.0
central,2x10,4,14.0,2025-06-06,220.0
central,2x10,4,14.0,2025-06-13,220.0
central,2x10,4,14.0,2025-06-19,220.0
central,2x10,4,14.0,2025-06-27,220.0
central,2x10,4,14.0,2025-07-03,220.0
central,2x10,4,14.0,2025-07-11,210.0
central,2x10,4,14.0,2025-07-18,205.0
central,2x10,4,14.0,2025-08-08,205.0
central,2x10,4,16.0,2024-12-13,175.0
central,2x10,4,16.0,2024-12-20,175.0
central,2x10,4,16.0,2025-01-03,180.0
central,2x10,4,16.0,2025-01-10,185.0
central,2x10,4,16.0,2025-01-17,190.0
central,2x10,4,16.0,2025-01-24,195.0
central,2x10,4,16.0,2025-01-31,200.0
central,2x10,4,16.0,2025-02-07,205.0
central,2x10,4,16.0,2025-02-14,215.0
central,2x10,4,16.0,2025-02-21,220.0
central,2x10,4,16.0,2025-02-28,225.0
central,2x10,4,16.0,2025-03-07,225.0
central,2x10,4,16.0,2025-03-14,230.0
central,2x10,4,16.0,2025-03-21,230.0
central,2x10,4,16.0,2025-03-28,230.0
central,2x10,4,16.0,2025-04-04,235.0
central,2x10,4,16.0,2025-04-11,245.0
central,2x10,4,16.0,2025-04-18,245.0
central,2x10,4,16.0,2025-04-25,245.0
central,2x10,4,16.0,2025-05-02,245.0
central,2x10,4,16.0,2025-05-09,240.0
central,2x10,4,16.0,2025-05-16,230.0
central,2x10,4,16.0,2025-05-23,225.0
central,2x10,4,16.0,2025-05-30,225.0
central,2x10,4,16.0,2025-06-06,220.0
central,2x10,4,16.0,2025-06-13,220.0
central,2x10,4,16.0,2025-06-19,220.0
central,2x10,4,16.0,2025-07-03,220.0
central,2x10,4,16.0,2025-07-11,210.0
central,2x10,4,16.0,2025-07-18,205.0
central,2x10,4,16.0,2025-08-08,205.0
central,2x10,4,18.0,2025-05-02,245.0
central,2x10,4,20.0,2025-05-02,245.0
central,2x12,3,8.0,2024-12-20,245.0
central,2x12,3,8.0,2025-01-03,245.0
central,2x12,3,8.0,2025-01-10,245.0
central,2x12,3,8.0,2025-01-31,250.0
central,2x12,3,8.0,2025-02-07,250.0
central,2x12,3,8.0,2025-02-14,255.0
central,2x12,3,8.0,2025-02-21,255.0
central,2x12,3,8.0,2025-02-28,265.0
central,2x12,3,8.0,2025-03-07,270.0
central,2x12,3,8.0,2025-03-14,275.0
central,2x12,3,8.0,2025-03-28,275.0
central,2x12,3,8.0,2025-04-11,285.0
central,2x12,3,8.0,2025-04-18,295.0
central,2x12,3,8.0,2025-04-25,295.0
central,2x12,3,8.0,2025-05-23,290.0
central,2x12,3,8.0,2025-05-30,285.0
central,2x12,3,8.0,2025-06-06,275.0
central,2x12,3,8.0,2025-06-13,275.0
central,2x12,3,8.0,2025-06-19,270.0
central,2x12,3,8.0,2025-06-27,265.0
central,2x12,3,8.0,2025-07-18,250.0
central,2x12,3,8.0,2025-07-25,250.0
central,2x12,3,8.0,2025-08-01,250.0
central,2x12,3,8.0,2025-08-08,250.0
central,2x12,3,10.0,2025-01-31,250.0
central,2x12,3,10.0,2025-02-07,250.0
central,2x12,3,10.0,2025-02-14,255.0
central,2x12,3,10.0,2025-02-21,255.0
central,2x12,3,10.0,2025-02-28,265.0
central,2x12,3,10.0,2025-03-07,270.0
central,2x12,3,10.0,2025-03-14,275.0
central,2x12,3,10.0,2025-03-21,275.0
central,2x12,3,10.0,2025-03-28,275.0
central,2x12,3,10.0,2025-04-11,285.0
central,2x12,3,10.0,2025-04-18,295.0
central,2x12,3,10.0,2025-04-25,295.0
central,2x12,3,10.0,2025-05-23,290.0
central,2x12,3,10.0,2025-05-30,285.0
central,2x12,3,10.0,2025-06-06,275.0
central,2x12,3,10.0,2025-06-13,275.0
central,2x12,3,10.0,2025-06-27,265.0
central,2x12,3,10.0,2025-07-25,250.0
central,2x12,3,12.0,2024-12-20,245.0
central,2x12,3,12.0,2025-01-31,250.0
central,2x12,3,12.0,2025-02-07,250.0
central,2x12,3,12.0,2025-02-14,255.0
central,2x12,3,12.0,2025-02-28,265.0
central,2x12,3,12.0,2025-03-07,270.0
central,2x12,3,12.0,2025-03-14,275.0
central,2x12,3,12.0,2025-03-21,275.0
central,2x12,3,12.0,2025-03-28,275.0
central,2x12,3,12.0,2025-04-11,285.0
central,2x12,3,12.0,2025-04-18,295.0
central,2x12,3,12.0,2025-05-23,290.0
central,2x12,3,12.0,2025-05-30,285.0
central,2x12,3,12.0,2025-06-06,275.0
central,2x12,3,12.0,2025-06-19,270.0
central,2x12,3,12.0,2025-06-27,265.0
central,2x12,3,12.0,2025-07-18,250.0
central,2x12,3,12.0,2025-07-25,250.0
central,2x12,3,12.0,2025-08-01,250.0
central,2x12,3,14.0,2024-12-20,245.0
central,2x12,3,14.0,2025-01-31,250.0
central,2x12,3,14.0,2025-02-14,255.0
central,2x12,3,14.0,2025-02-28,265.0
central,2x12,3,14.0,2025-03-07,270.0
central,2x12,3,14.0,2025-03-14,275.0
central,2x12,3,14.0,2025-03-21,275.0
central,2x12,3,14.0,2025-03-28,275.0
central,2x12,3,14.0,2025-04-11,285.0
central,2x12,3,14.0,2025-04-18,295.0
central,2x12,3,14.0,2025-05-23,290.0
central,2x12,3,14.0,2025-05-30,285.0
central,2x12,3,14.0,2025-06-13,275.0
central,2x12,3,14.0,2025-06-27,265.0
central,2x12,3,14.0,2025-07-25,250.0
central,2x12,3,14.0,2025-08-01,250.0
central,2x12,3,16.0,2024-12-13,245.0
central,2x12,3,16.0,2025-01-03,245.0
central,2x12,3,16.0,2025-02-14,255.0
central,2x12,3,16.0,2025-03-07,270.0
central,2x12,3,16.0,2025-03-21,275.0
central,2x12,3,16.0,2025-03-28,275.0
central,2x12,3,16.0,2025-04-11,285.0
central,2x12,3,16.0,2025-04-18,295.0
central,2x12,3,16.0,2025-05-23,290.0
central,2x12,3,16.0,2025-05-30,285.0
central,2x12,3,16.0,2025-06-06,275.0
central,2x12,3,16.0,2025-06-13,275.0
central,2x12,3,16.0,2025-06-19,270.0
central,2x12,3,16.0,2025-06-27,265.0
central,2x12,3,16.0,2025-07-18,250.0
central,2x12,3,16.0,2025-08-01,250.0
central,2x12,3,16.0,2025-08-08,250.0
central,2x12,3,18.0,2025-02-28,265.0
central,2x12,3,18.0,2025-03-28,275.0
central,2x12,3,18.0,2025-04-18,295.0
central,2x12,3,20.0,2025-03-28,275.0
central,2x12,4,8.0,2025-01-10,215.0
central,2x12,4,8.0,2025-01-17,215.0
central,2x12,4,8.0,2025-01-31,215.0
central,2x12,4,8.0,2025-02-07,215.0
central,2x12,4,8.0,2025-03-14,245.0
central,2x12,4,8.0,2025-03-21,250.0
central,2x12,4,8.0,2025-03-28,250.0
central,2x12,4,8.0,2025-04-04,255.0
central,2x12,4,8.0,2025-04-11,260.0
central,2x12,4,8.0,2025-04-18,265.0
central,2x12,4,8.0,2025-04-25,265.0
central,2x12,4,8.0,2025-05-09,260.0
central,2x12,4,8.0,2025-05-16,255.0
central,2x12,4,8.0,2025-05-23,255.0
central,2x12,4,8.0,2025-05-30,255.0
central,2x12,4,8.0,2025-06-06,250.0
central,2x12,4,8.0,2025-06-19,250.0
central,2x12,4,8.0,2025-06-27,250.0
central,2x12,4,8.0,2025-07-03,250.0
central,2x12,4,8.0,2025-07-11,240.0
central,2x12,4,8.0,2025-07-18,230.0
central,2x12,4,8.0,2025-08-01,230.0
central,2x12,4,8.0,2025-08-15,230.0
central,2x12,4,10.0,2025-01-10,215.0
central,2x12,4,10.0,2025-01-17,215.0
central,2x12,4,10.0,2025-01-31,215.0
central,2x12,4,10.0,2025-02-07,215.0
central,2x12,4,10.0,2025-02-14,220.0
central,2x12,4,10.0,2025-03-14,245.0
central,2x12,4,10.0,2025-03-28,250.0
central,2x12,4,10.0,2025-04-11,260.0
central,2x12,4,10.0,2025-04-18,265.0
central,2x12,4,10.0,2025-05-02,265.0
central,2x12,4,10.0,2025-05-09,260.0
central,2x12,4,10.0,2025-05-16,255.0
central,2x12,4,10.0,2025-05-23,255.0
central,2x12,4,10.0,2025-05-30,255.0
central,2x12,4,10.0,2025-06-06,250.0
central,2x12,4,10.0,2025-06-19,250.0
central,2x12,4,10.0,2025-06-27,250.0
central,2x12,4,10.0,2025-07-03,250.0
central,2x12,4,10.0,2025-07-18,230.0
central,2x12,4,10.0,2025-08-01,230.0
central,2x12,4,10.0,2025-08-15,230.0
central,2x12,4,12.0,2025-01-10,215.0
central,2x12,4,12.0,2025-01-17,215.0
central,2x12,4,12.0,2025-01-31,215.0
central,2x12,4,12.0,2025-02-07,215.0
central,2x12,4,12.0,2025-02-14,220.0
central,2x12,4,12.0,2025-03-07,240.0
central,2x12,4,12.0,2025-03-14,245.0
central,2x12,4,12.0,2025-03-21,250.0
central,2x12,4,12.0,2025-03-28,250.0
central,2x12,4,12.0,2025-04-04,255.0
central,2x12,4,12.0,2025-04-11,260.0
central,2x12,4,12.0,2025-04-18,265.0
central,2x12,4,12.0,2025-04-25,265.0
central,2x12,4,12.0,2025-05-02,265.0
central,2x12,4,12.0,2025-05-09,260.0
central,2x12,4,12.0,2025-05-16,255.0
central,2x12,4,12.0,2025-05-23,255.0
central,2x12,4,12.0,2025-05-30,255.0
central,2x12,4,12.0,2025-06-06,250.0
central,2x12,4,12.0,2025-06-19,250.0
central,2x12,4,12.0,2025-06-27,250.0
central,2x12,4,12.0,2025-07-03,250.0
central,2x12,4,12.0,2025-07-18,230.0
central,2x12,4,12.0,2025-08-01,230.0
central,2x12,4,12.0,2025-08-15,230.0
central,2x12,4,14.0,2025-01-17,215.0
central,2x12,4,14.0,2025-02-07,215.0
central,2x12,4,14.0,2025-02-14,220.0
central,2x12,4,14.0,2025-03-14,245.0
central,2x12,4,14.0,2025-03-21,250.0
central,2x12,4,14.0,2025-04-04,255.0
central,2x12,4,14.0,2025-04-11,260.0
central,2x12,4,14.0,2025-04-18,265.0
central,2x12,4,14.0,2025-04-25,265.0
central,2x12,4,14.0,2025-05-02,265.0
central,2x12,4,14.0,2025-05-09,260.0
central,2x12,4,14.0,2025-05-23,255.0
central,2x12,4,14.0,2025-05-30,255.0
central,2x12,4,14.0,2025-06-06,250.0
central,2x12,4,14.0,2025-06-19,250.0
central,2x12,4,14.0,2025-06-27,250.0
central,2x12,4,14.0,2025-08-15,230.0
central,2x12,4,16.0,2025-01-17,215.0
central,2x12,4,16.0,2025-02-07,215.0
central,2x12,4,16.0,2025-02-14,220.0
central,2x12,4,16.0,2025-03-14,245.0
central,2x12,4,16.0,2025-03-21,250.0
central,2x12,4,16.0,2025-04-18,265.0
central,2x12,4,16.0,2025-05-02,265.0
central,2x12,4,16.0,2025-05-09,260.0
central,2x12,4,16.0,2025-05-16,255.0
central,2x12,4,16.0,2025-05-23,255.0
central,2x12,4,16.0,2025-05-30,255.0
central,2x12,4,16.0,2025-06-06,250.0
central,2x12,4,16.0,2025-06-19,250.0
central,2x12,4,16.0,2025-06-27,250.0
central,2x12,4,16.0,2025-07-18,230.0
central,2x12,4,16.0,2025-08-01,230.0
central,2x12,4,16.0,2025-08-08,230.0
central,2x12,4,16.0,2025-08-15,230.0
central,2x4,4,8.0,2024-12-06,240.0
central,2x4,4,8.0,2024-12-20,245.0
central,2x4,4,8.0,2025-01-03,250.0
central,2x4,4,8.0,2025-01-10,255.0
central,2x4,4,8.0,2025-01-17,270.0
central,2x4,4,8.0,2025-01-24,280.0
central,2x4,4,8.0,2025-01-31,285.0
central,2x4,4,8.0,2025-02-07,295.0
central,2x4,4,8.0,2025-02-14,310.0
central,2x4,4,8.0,2025-02-21,320.0
central,2x4,4,8.0,2025-02-28,335.0
central,2x4,4,8.0,2025-03-07,340.0
central,2x4,4,8.0,2025-03-14,345.0
central,2x4,4,8.0,2025-03-21,350.0
central,2x4,4,8.0,2025-03-28,355.0
central,2x4,4,8.0,2025-04-04,355.0
central,2x4,4,8.0,2025-04-11,355.0
central,2x4,4,8.0,2025-04-18,355.0
central,2x4,4,8.0,2025-04-25,355.0
central,2x4,4,8.0,2025-05-02,350.0
central,2x4,4,8.0,2025-05-09,335.0
central,2x4,4,8.0,2025-05-16,310.0
central,2x4,4,8.0,2025-05-23,285.0
central,2x4,4,8.0,2025-05-30,265.0
central,2x4,4,8.0,2025-06-06,245.0
central,2x4,4,8.0,2025-06-13,230.0
central,2x4,4,8.0,2025-06-19,225.0
central,2x4,4,8.0,2025-06-27,210.0
central,2x4,4,8.0,2025-07-03,205.0
central,2x4,4,8.0,2025-07-11,205.0
central,2x4,4,8.0,2025-07-18,200.0
central,2x4,4,8.0,2025-07-25,200.0
central,2x4,4,8.0,2025-08-01,200.0
central,2x4,4,8.0,2025-08-08,190.0
central,2x4,4,8.0,2025-08-15,190.0
central,2x4,4,8.0,2025-08-22,180.0
central,2x4,4,8.0,2025-08-29,175.0
central,2x4,4,10.0,2024-12-06,240.0
central,2x4,4,10.0,2024-12-13,240.0
central,2x4,4,10.0,2024-12-20,245.0
central,2x4,4,10.0,2025-01-03,250.0
central,2x4,4,10.0,2025-01-10,255.0
central,2x4,4,10.0,2025-01-17,270.0
central,2x4,4,10.0,2025-01-24,280.0
central,2x4,4,10.0,2025-01-31,285.0
central,2x4,4,10.0,2025-02-07,295.0
central,2x4,4,10.0,2025-02-14,310.0
central,2x4,4,10.0,2025-02-21,320.0
central,2x4,4,10.0,2025-02-28,335.0
central,2x4,4,10.0,2025-03-07,340.0
central,2x4,4,10.0,2025-03-14,345.0
central,2x4,4,10.0,2025-03-21,350.0
central,2x4,4,10.0,2025-03-28,355.0
central,2x4,4,10.0,2025-04-04,355.0
central,2x4,4,10.0,2025-04-11,355.0
central,2x4,4,10.0,2025-04-18,355.0
central,2x4,4,10.0,2025-04-25,355.0
central,2x4,4,10.0,2025-05-02,350.0
central,2x4,4,10.0,2025-05-09,335.0
central,2x4,4,10.0,2025-05-16,310.0
central,2x4,4,10.0,2025-05-23,285.0
central,2x4,4,10.0,2025-05-30,265.0
central,2x4,4,10.0,2025-06-06,245.0
central,2x4,4,10.0,2025-06-13,230.0
central,2x4,4,10.0,2025-06-19,225.0
central,2x4,4,10.0,2025-06-27,210.0
central,2x4,4,10.0,2025-07-03,205.0
central,2x4,4,10.0,2025-07-11,205.0
central,2x4,4,10.0,2025-07-18,200.0
central,2x4,4,10.0,2025-07-25,200.0
central,2x4,4,10.0,2025-08-01,200.0
central,2x4,4,10.0,2025-08-08,190.0
central,2x4,4,10.0,2025-08-15,190.0
central,2x4,4,10.0,2025-08-22,180.0
central,2x4,4,10.0,2025-08-29,175.0
central,2x4,4,12.0,2024-12-06,240.0
central,2x4,4,12.0,2024-12-13,240.0
central,2x4,4,12.0,2024-12-20,245.0
central,2x4,4,12.0,2025-01-03,250.0
central,2x4,4,12.0,2025-01-10,255.0
central,2x4,4,12.0,2025-01-17,270.0
central,2x4,4,12.0,2025-01-24,280.0
central,2x4,4,12.0,2025-01-31,285.0
central,2x4,4,12.0,2025-02-07,295.0
central,2x4,4,12.0,2025-02-14,310.0
central,2x4,4,12.0,2025-02-21,320.0
central,2x4,4,12.0,2025-02-28,335.0
central,2x4,4,12.0,2025-03-07,340.0
central,2x4,4,12.0,2025-03-14,345.0
central,2x4,4,12.0,2025-03-21,350.0
central,2x4,4,12.0,2025-03-28,355.0
central,2x4,4,12.0,2025-04-04,355.0
central,2x4,4,12.0,2025-04-11,355.0
central,2x4,4,12.0,2025-04-18,355.0
central,2x4,4,12.0,2025-04-25,355.0
central,2x4,4,12.0,2025-05-02,350.0
central,2x4,4,12.0,2025-05-09,335.0
central,2x4,4,12.0,2025-05-16,310.0
central,2x4,4,12.0,2025-05-23,285.0
central,2x4,4,12.0,2025-05-30,265.0
central,2x4,4,12.0,2025-06-06,245.0
central,2x4,4,12.0,2025-06-13,230.0
central,2x4,4,12.0,2025-06-19,225.0
central,2x4,4,12.0,2025-06-27,210.0
central,2x4,4,12.0,2025-07-03,205.0
central,2x4,4,12.0,2025-07-11,205.0
central,2x4,4,12.0,2025-07-18,200.0
central,2x4,4,12.0,2025-07-25,200.0
central,2x4,4,12.0,2025-08-01,200.0
central,2x4,4,12.0,2025-08-08,190.0
central,2x4,4,12.0,2025-08-15,190.0
central,2x4,4,12.0,2025-08-22,180.0
central,2x4,4,12.0,2025-08-29,175.0
central,2x4,4,14.0,2024-12-06,240.0
central,2x4,4,14.0,2024-12-13,240.0
central,2x4,4,14.0,2024-12-20,245.0
central,2x4,4,14.0,2025-01-03,250.0
central,2x4,4,14.0,2025-01-10,255.0
central,2x4,4,14.0,2025-01-17,270.0
central,2x4,4,14.0,2025-01-24,280.0
central,2x4,4,14.0,2025-01-31,285.0
central,2x4,4,14.0,2025-02-07,295.0
central,2x4,4,14.0,2025-02-14,310.0
central,2x4,4,14.0,2025-02-21,320.0
central,2x4,4,14.0,2025-02-28,335.0
central,2x4,4,14.0,2025-03-07,340.0
central,2x4,4,14.0,2025-03-14,345.0
central,2x4,4,14.0,2025-03-21,350.0
central,2x4,4,14.0,2025-03-28,355.0
central,2x4,4,14.0,2025-04-04,355.0
central,2x4,4,14.0,2025-04-11,355.0
central,2x4,4,14.0,2025-04-18,355.0
central,2x4,4,14.0,2025-04-25,355.0
central,2x4,4,14.0,2025-05-02,350.0
central,2x4,4,14.0,2025-05-09,335.0
central,2x4,4,14.0,2025-05-16,310.0
central,2x4,4,14.0,2025-05-23,285.0
central,2x4,4,14.0,2025-05-30,265.0
central,2x4,4,14.0,2025-06-06,245.0
central,2x4,4,14.0,2025-06-13,230.0
central,2x4,4,14.0,2025-06-19,225.0
central,2x4,4,14.0,2025-06-27,210.0
central,2x4,4,14.0,2025-07-03,205.0
central,2x4,4,14.0,2025-07-11,205.0
central,2x4,4,14.0,2025-07-18,200.0
central,2x4,4,14.0,2025-07-25,200.0
central,2x4,4,14.0,2025-08-01,200.0
central,2x4,4,14.0,2025-08-08,190.0
central,2x4,4,14.0,2025-08-15,190.0
central,2x4,4,14.0,2025-08-22,180.0
central,2x4,4,14.0,2025-08-29,175.0
central,2x4,4,16.0,2024-11-01,235.0
central,2x4,4,16.0,2024-12-06,240.0
central,2x4,4,16.0,2024-12-13,240.0
central,2x4,4,16.0,2024-12-20,245.0
central,2x4,4,16.0,2025-01-03,250.0
central,2x4,4,16.0,2025-01-10,255.0
central,2x4,4,16.0,2025-01-17,270.0
central,2x4,4,16.0,2025-01-24,280.0
central,2x4,4,16.0,2025-01-31,285.0
central,2x4,4,16.0,2025-02-07,295.0
central,2x4,4,16.0,2025-02-14,310.0
central,2x4,4,16.0,2025-02-21,320.0
central,2x4,4,16.0,2025-02-28,335.0
central,2x4,4,16.0,2025-03-07,340.0
central,2x4,4,16.0,2025-03-14,345.0
central,2x4,4,16.0,2025-03-21,350.0
central,2x4,4,16.0,2025-03-28,355.0
central,2x4,4,16.0,2025-04-04,355.0
central,2x4,4,16.0,2025-04-11,355.0
central,2x4,4,16.0,2025-04-18,355.0
central,2x4,4,16.0,2025-04-25,355.0
central,2x4,4,16.0,2025-05-02,350.0
central,2x4,4,16.0,2025-05-09,335.0
central,2x4,4,16.0,2025-05-16,310.0
central,2x4,4,16.0,2025-05-23,285.0
central,2x4,4,16.0,2025-05-30,265.0
central,2x4,4,16.0,2025-06-06,245.0
central,2x4,4,16.0,2025-06-13,230.0
central,2x4,4,16.0,2025-06-19,225.0
central,2x4,4,16.0,2025-06-27,210.0
central,2x4,4,16.0,2025-07-03,205.0
central,2x4,4,16.0,2025-07-11,205.0
central,2x4,4,16.0,2025-07-18,200.0
central,2x4,4,16.0,2025-07-25,200.0
central,2x4,4,16.0,2025-08-01,200.0
central,2x4,4,16.0,2025-08-08,190.0
central,2x4,4,16.0,2025-08-15,190.0
central,2x4,4,16.0,2025-08-22,180.0
central,2x4,4,16.0,2025-08-29,175.0
central,2x6,3,8.0,2024-12-13,255.0
central,2x6,3,8.0,2024-12-20,260.0
central,2x6,3,8.0,2025-01-03,265.0
central,2x6,3,8.0,2025-01-10,270.0
central,2x6,3,8.0,2025-01-24,285.0
central,2x6,3,8.0,2025-01-31,285.0
central,2x6,3,8.0,2025-02-07,295.0
central,2x6,3,8.0,2025-02-14,310.0
central,2x6,3,8.0,2025-02-21,320.0
central,2x6,3,8.0,2025-02-28,335.0
central,2x6,3,8.0,2025-03-07,340.0
central,2x6,3,8.0,2025-03-14,340.0
central,2x6,3,8.0,2025-03-21,340.0
central,2x6,3,8.0,2025-04-04,330.0
central,2x6,3,8.0,2025-04-11,335.0
central,2x6,3,8.0,2025-04-18,330.0
central,2x6,3,8.0,2025-04-25,330.0
central,2x6,3,8.0,2025-05-02,320.0
central,2x6,3,8.0,2025-05-09,300.0
central,2x6,3,8.0,2025-05-16,280.0
central,2x6,3,8.0,2025-05-23,260.0
central,2x6,3,8.0,2025-05-30,245.0
central,2x6,3,8.0,2025-06-19,220.0
central,2x6,3,8.0,2025-06-27,210.0
central,2x6,3,8.0,2025-07-03,210.0
central,2x6,3,8.0,2025-07-11,210.0
central,2x6,3,8.0,2025-07-18,205.0
central,2x6,3,8.0,2025-07-25,205.0
central,2x6,3,8.0,2025-08-08,200.0
central,2x6,3,8.0,2025-08-15,200.0
central,2x6,3,10.0,2024-12-13,255.0
central,2x6,3,10.0,2024-12-20,260.0
central,2x6,3,10.0,2025-01-03,265.0
central,2x6,3,10.0,2025-01-10,270.0
central,2x6,3,10.0,2025-01-24,285.0
central,2x6,3,10.0,2025-01-31,285.0
central,2x6,3,10.0,2025-02-07,295.0
central,2x6,3,10.0,2025-02-14,310.0
central,2x6,3,10.0,2025-02-21,320.0
central,2x6,3,10.0,2025-02-28,335.0
central,2x6,3,10.0,2025-03-07,340.0
central,2x6,3,10.0,2025-03-14,340.0
central,2x6,3,10.0,2025-03-21,340.0
central,2x6,3,10.0,2025-03-28,340.0
central,2x6,3,10.0,2025-04-04,330.0
central,2x6,3,10.0,2025-04-11,335.0
central,2x6,3,10.0,2025-04-25,330.0
central,2x6,3,10.0,2025-05-23,260.0
central,2x6,3,10.0,2025-06-27,210.0
central,2x6,3,10.0,2025-07-18,205.0
central,2x6,3,10.0,2025-07-25,205.0
central,2x6,3,10.0,2025-08-01,205.0
central,2x6,3,10.0,2025-08-08,200.0
central,2x6,3,12.0,2024-12-20,260.0
central,2x6,3,12.0,2025-01-03,265.0
central,2x6,3,12.0,2025-01-10,270.0
central,2x6,3,12.0,2025-01-24,285.0
central,2x6,3,12.0,2025-01-31,285.0
central,2x6,3,12.0,2025-02-07,295.0
central,2x6,3,12.0,2025-02-14,310.0
central,2x6,3,12.0,2025-03-07,340.0
central,2x6,3,12.0,2025-03-14,340.0
central,2x6,3,12.0,2025-04-04,330.0
central,2x6,3,12.0,2025-04-11,335.0
central,2x6,3,12.0,2025-05-09,300.0
central,2x6,3,12.0,2025-06-06,230.0
central,2x6,3,12.0,2025-07-03,210.0
central,2x6,3,12.0,2025-08-08,200.0
central,2x6,3,12.0,2025-08-22,200.0
central,2x6,3,14.0,2025-01-24,285.0
central,2x6,3,14.0,2025-01-31,285.0
central,2x6,3,14.0,2025-03-07,340.0
central,2x6,3,14.0,2025-04-25,330.0
central,2x6,3,14.0,2025-06-06,230.0
central,2x6,3,14.0,2025-07-03,210.0
central,2x6,3,14.0,2025-08-22,200.0
central,2x6,3,16.0,2024-12-20,260.0
central,2x6,3,16.0,2025-01-03,265.0
central,2x6,3,16.0,2025-01-10,270.0
central,2x6,3,16.0,2025-01-24,285.0
central,2x6,3,16.0,2025-01-31,285.0
central,2x6,3,16.0,2025-04-11,335.0
central,2x6,3,16.0,2025-06-19,220.0
central,2x6,3,16.0,2025-06-27,210.0
central,2x6,3,16.0,2025-07-03,210.0
central,2x6,3,16.0,2025-08-15,200.0
central,2x6,3,16.0,2025-08-22,200.0
central,2x6,4,8.0,2024-12-13,220.0
central,2x6,4,8.0,2024-12-20,225.0
central,2x6,4,8.0,2025-01-03,230.0
central,2x6,4,8.0,2025-01-10,235.0
central,2x6,4,8.0,2025-01-17,245.0
central,2x6,4,8.0,2025-01-24,250.0
central,2x6,4,8.0,2025-01-31,260.0
central,2x6,4,8.0,2025-02-07,260.0
central,2x6,4,8.0,2025-02-14,275.0
central,2x6,4,8.0,2025-02-21,285.0
central,2x6,4,8.0,2025-02-28,300.0
central,2x6,4,8.0,2025-03-07,305.0
central,2x6,4,8.0,2025-03-14,305.0
central,2x6,4,8.0,2025-03-21,305.0
central,2x6,4,8.0,2025-03-28,305.0
central,2x6,4,8.0,2025-04-04,305.0
central,2x6,4,8.0,2025-04-11,310.0
central,2x6,4,8.0,2025-04-18,310.0
central,2x6,4,8.0,2025-04-25,310.0
central,2x6,4,8.0,2025-05-02,310.0
central,2x6,4,8.0,2025-05-09,295.0
central,2x6,4,8.0,2025-05-16,265.0
central,2x6,4,8.0,2025-05-23,240.0
central,2x6,4,8.0,2025-05-30,235.0
central,2x6,4,8.0,2025-06-06,220.0
central,2x6,4,8.0,2025-06-13,215.0
central,2x6,4,8.0,2025-06-19,210.0
central,2x6,4,8.0,2025-06-27,200.0
central,2x6,4,8.0,2025-07-03,200.0
central,2x6,4,8.0,2025-07-11,190.0
central,2x6,4,8.0,2025-07-18,190.0
central,2x6,4,8.0,2025-07-25,190.0
central,2x6,4,8.0,2025-08-01,190.0
central,2x6,4,8.0,2025-08-08,185.0
central,2x6,4,8.0,2025-08-15,185.0
central,2x6,4,10.0,2024-12-13,220.0
central,2x6,4,10.0,2024-12-20,225.0
central,2x6,4,10.0,2025-01-03,230.0
central,2x6,4,10.0,2025-01-10,235.0
central,2x6,4,10.0,2025-01-17,245.0
central,2x6,4,10.0,2025-01-24,250.0
central,2x6,4,10.0,2025-01-31,260.0
central,2x6,4,10.0,2025-02-07,260.0
central,2x6,4,10.0,2025-02-14,275.0
central,2x6,4,10.0,2025-02-21,285.0
central,2x6,4,10.0,2025-02-28,300.0
central,2x6,4,10.0,2025-03-07,305.0
central,2x6,4,10.0,2025-03-14,305.0
central,2x6,4,10.0,2025-03-21,305.0
central,2x6,4,10.0,2025-03-28,305.0
central,2x6,4,10.0,2025-04-04,305.0
central,2x6,4,10.0,2025-04-11,310.0
central,2x6,4,10.0,2025-04-18,310.0
central,2x6,4,10.0,2025-04-25,310.0
central,2x6,4,10.0,2025-05-02,310.0
central,2x6,4,10.0,2025-05-09,295.0
central,2x6,4,10.0,2025-05-16,265.0
central,2x6,4,10.0,2025-05-23,240.0
central,2x6,4,10.0,2025-05-30,235.0
central,2x6,4,10.0,2025-06-06,220.0
central,2x6,4,10.0,2025-06-13,215.0
central,2x6,4,10.0,2025-06-19,210.0
central,2x6,4,10.0,2025-06-27,200.0
central,2x6,4,10.0,2025-07-03,200.0
central,2x6,4,10.0,2025-07-11,190.0
central,2x6,4,10.0,2025-07-18,190.0
central,2x6,4,10.0,2025-07-25,190.0
central,2x6,4,10.0,2025-08-01,190.0
central,2x6,4,10.0,2025-08-08,185.0
central,2x6,4,10.0,2025-08-15,185.0
central,2x6,4,10.0,2025-08-22,180.0
central,2x6,4,12.0,2024-12-13,220.0
central,2x6,4,12.0,2024-12-20,225.0
central,2x6,4,12.0,2025-01-03,230.0
central,2x6,4,12.0,2025-01-10,235.0
central,2x6,4,12.0,2025-01-17,245.0
central,2x6,4,12.0,2025-01-24,250.0
central,2x6,4,12.0,2025-01-31,260.0
central,2x6,4,12.0,2025-02-07,260.0
central,2x6,4,12.0,2025-02-14,275.0
central,2x6,4,12.0,2025-02-21,285.0
central,2x6,4,12.0,2025-02-28,300.0
central,2x6,4,12.0,2025-03-07,305.0
central,2x6,4,12.0,2025-03-14,305.0
central,2x6,4,12.0,2025-03-21,305.0
central,2x6,4,12.0,2025-03-28,305.0
central,2x6,4,12.0,2025-04-04,305.0
central,2x6,4,12.0,2025-04-11,310.0
central,2x6,4,12.0,2025-04-18,310.0
central,2x6,4,12.0,2025-04-25,310.0
central,2x6,4,12.0,2025-05-02,310.0
central,2x6,4,12.0,2025-05-09,295.0
central,2x6,4,12.0,2025-05-16,265.0
central,2x6,4,12.0,2025-05-30,235.0
central,2x6,4,12.0,2025-06-06,220.0
central,2x6,4,12.0,2025-06-13,215.0
central,2x6,4,12.0,2025-06-19,210.0
central,2x6,4,12.0,2025-06-27,200.0
central,2x6,4,12.0,2025-07-03,200.0
central,2x6,4,12.0,2025-07-11,190.0
central,2x6,4,12.0,2025-07-18,190.0
central,2x6,4,12.0,2025-08-01,190.0
central,2x6,4,12.0,2025-08-08,185.0
central,2x6,4,12.0,2025-08-15,185.0
central,2x6,4,14.0,2024-12-13,220.0
central,2x6,4,14.0,2024-12-20,225.0
central,2x6,4,14.0,2025-01-10,235.0
central,2x6,4,14.0,2025-01-17,245.0
central,2x6,4,14.0,2025-01-24,250.0
central,2x6,4,14.0,2025-01-31,260.0
central,2x6,4,14.0,2025-02-07,260.0
central,2x6,4,14.0,2025-02-14,275.0
central,2x6,4,14.0,2025-02-21,285.0
central,2x6,4,14.0,2025-02-28,300.0
central,2x6,4,14.0,2025-03-07,305.0
central,2x6,4,14.0,2025-03-14,305.0
central,2x6,4,14.0,2025-03-21,305.0
central,2x6,4,14.0,2025-03-28,305.0
central,2x6,4,14.0,2025-04-04,305.0
central,2x6,4,14.0,2025-04-11,310.0
central,2x6,4,14.0,2025-04-25,310.0
central,2x6,4,14.0,2025-05-02,310.0
central,2x6,4,14.0,2025-05-09,295.0
central,2x6,4,14.0,2025-05-16,265.0
central,2x6,4,14.0,2025-05-23,240.0
central,2x6,4,14.0,2025-05-30,235.0
central,2x6,4,14.0,2025-06-06,220.0
central,2x6,4,14.0,2025-06-13,215.0
central,2x6,4,14.0,2025-06-19,210.0
central,2x6,4,14.0,2025-06-27,200.0
central,2x6,4,14.0,2025-07-03,200.0
central,2x6,4,14.0,2025-07-11,190.0
central,2x6,4,14.0,2025-07-18,190.0
central,2x6,4,14.0,2025-08-01,190.0
central,2x6,4,14.0,2025-08-08,185.0
central,2x6,4,14.0,2025-08-15,185.0
central,2x6,4,16.0,2024-12-06,220.0
central,2x6,4,16.0,2024-12-13,220.0
central,2x6,4,16.0,2024-12-20,225.0
central,2x6,4,16.0,2025-01-03,230.0
central,2x6,4,16.0,2025-01-10,235.0
central,2x6,4,16.0,2025-01-17,245.0
central,2x6,4,16.0,2025-01-24,250.0
central,2x6,4,16.0,2025-01-31,260.0
central,2x6,4,16.0,2025-02-07,260.0
central,2x6,4,16.0,2025-02-14,275.0
central,2x6,4,16.0,2025-02-21,285.0
central,2x6,4,16.0,2025-02-28,300.0
central,2x6,4,16.0,2025-03-07,305.0
central,2x6,4,16.0,2025-03-14,305.0
central,2x6,4,16.0,2025-03-21,305.0
central,2x6,4,16.0,2025-03-28,305.0
central,2x6,4,16.0,2025-04-04,305.0
central,2x6,4,16.0,2025-04-11,310.0
central,2x6,4,16.0,2025-04-18,310.0
central,2x6,4,16.0,2025-04-25,310.0
central,2x6,4,16.0,2025-05-02,310.0
central,2x6,4,16.0,2025-05-09,295.0
central,2x6,4,16.0,2025-05-16,265.0
central,2x6,4,16.0,2025-05-23,240.0
central,2x6,4,16.0,2025-05-30,235.0
central,2x6,4,16.0,2025-06-06,220.0
central,2x6,4,16.0,2025-06-13,215.0
central,2x6,4,16.0,2025-06-19,210.0
central,2x6,4,16.0,2025-06-27,200.0
central,2x6,4,16.0,2025-07-03,200.0
central,2x6,4,16.0,2025-07-11,190.0
central,2x6,4,16.0,2025-07-18,190.0
central,2x6,4,16.0,2025-08-01,190.0
central,2x6,4,16.0,2025-08-08,185.0
central,2x6,4,16.0,2025-08-15,185.0
central,2x6,4,20.0,2025-01-31,260.0
central,2x8,3,8.0,2024-12-20,255.0
central,2x8,3,8.0,2025-01-03,260.0
central,2x8,3,8.0,2025-01-10,260.0
central,2x8,3,8.0,2025-01-17,265.0
central,2x8,3,8.0,2025-01-24,265.0
central,2x8,3,8.0,2025-01-31,270.0
central,2x8,3,8.0,2025-02-07,280.0
central,2x8,3,8.0,2025-02-14,285.0
central,2x8,3,8.0,2025-02-21,290.0
central,2x8,3,8.0,2025-02-28,300.0
central,2x8,3,8.0,2025-03-07,300.0
central,2x8,3,8.0,2025-03-14,300.0
central,2x8,3,8.0,2025-03-28,305.0
central,2x8,3,8.0,2025-04-04,305.0
central,2x8,3,8.0,2025-04-11,305.0
central,2x8,3,8.0,2025-04-18,305.0
central,2x8,3,8.0,2025-04-25,310.0
central,2x8,3,8.0,2025-05-02,310.0
central,2x8,3,8.0,2025-05-16,290.0
central,2x8,3,8.0,2025-05-23,280.0
central,2x8,3,8.0,2025-05-30,270.0
central,2x8,3,8.0,2025-06-06,260.0
central,2x8,3,8.0,2025-06-13,255.0
central,2x8,3,8.0,2025-06-19,250.0
central,2x8,3,8.0,2025-06-27,250.0
central,2x8,3,8.0,2025-07-03,245.0
central,2x8,3,8.0,2025-07-11,240.0
central,2x8,3,8.0,2025-07-18,240.0
central,2x8,3,8.0,2025-07-25,240.0
central,2x8,3,8.0,2025-08-01,240.0
central,2x8,3,8.0,2025-08-08,235.0
central,2x8,3,8.0,2025-08-15,235.0
central,2x8,3,8.0,2025-08-22,235.0
central,2x8,3,10.0,2024-12-20,255.0
central,2x8,3,10.0,2025-01-03,260.0
central,2x8,3,10.0,2025-01-10,260.0
central,2x8,3,10.0,2025-01-17,265.0
central,2x8,3,10.0,2025-01-24,265.0
central,2x8,3,10.0,2025-01-31,270.0
central,2x8,3,10.0,2025-02-07,280.0
central,2x8,3,10.0,2025-02-14,285.0
central,2x8,3,10.0,2025-02-21,290.0
central,2x8,3,10.0,2025-02-28,300.0
central,2x8,3,10.0,2025-03-07,300.0
central,2x8,3,10.0,2025-03-28,305.0
central,2x8,3,10.0,2025-04-04,305.0
central,2x8,3,10.0,2025-04-11,305.0
central,2x8,3,10.0,2025-04-18,305.0
central,2x8,3,10.0,2025-04-25,310.0
central,2x8,3,10.0,2025-05-02,310.0
central,2x8,3,10.0,2025-05-09,300.0
central,2x8,3,10.0,2025-05-16,290.0
central,2x8,3,10.0,2025-05-23,280.0
central,2x8,3,10.0,2025-05-30,270.0
central,2x8,3,10.0,2025-06-06,260.0
central,2x8,3,10.0,2025-06-13,255.0
central,2x8,3,10.0,2025-06-19,250.0
central,2x8,3,10.0,2025-07-03,245.0
central,2x8,3,10.0,2025-07-25,240.0
central,2x8,3,10.0,2025-08-01,240.0
central,2x8,3,10.0,2025-08-08,235.0
central,2x8,3,10.0,2025-08-15,235.0
central,2x8,3,10.0,2025-08-22,235.0
central,2x8,3,12.0,2024-12-20,255.0
central,2x8,3,12.0,2025-01-03,260.0
central,2x8,3,12.0,2025-01-10,260.0
central,2x8,3,12.0,2025-01-17,265.0
central,2x8,3,12.0,2025-01-24,265.0
central,2x8,3,12.0,2025-01-31,270.0
central,2x8,3,12.0,2025-02-07,280.0
central,2x8,3,12.0,2025-02-14,285.0
central,2x8,3,12.0,2025-02-21,290.0
central,2x8,3,12.0,2025-02-28,300.0
central,2x8,3,12.0,2025-03-07,300.0
central,2x8,3,12.0,2025-03-14,300.0
central,2x8,3,12.0,2025-03-28,305.0
central,2x8,3,12.0,2025-04-04,305.0
central,2x8,3,12.0,2025-04-11,305.0
central,2x8,3,12.0,2025-04-18,305.0
central,2x8,3,12.0,2025-04-25,310.0
central,2x8,3,12.0,2025-05-02,310.0
central,2x8,3,12.0,2025-05-09,300.0
central,2x8,3,12.0,2025-05-16,290.0
central,2x8,3,12.0,2025-05-23,280.0
central,2x8,3,12.0,2025-05-30,270.0
central,2x8,3,12.0,2025-06-06,260.0
central,2x8,3,12.0,2025-06-13,255.0
central,2x8,3,12.0,2025-06-19,250.0
central,2x8,3,12.0,2025-06-27,250.0
central,2x8,3,12.0,2025-07-03,245.0
central,2x8,3,12.0,2025-07-11,240.0
central,2x8,3,12.0,2025-07-18,240.0
central,2x8,3,12.0,2025-07-25,240.0
central,2x8,3,12.0,2025-08-01,240.0
central,2x8,3,12.0,2025-08-08,235.0
central,2x8,3,12.0,2025-08-15,235.0
central,2x8,3,12.0,2025-08-22,235.0
central,2x8,3,14.0,2024-12-20,255.0
central,2x8,3,14.0,2025-01-03,260.0
central,2x8,3,14.0,2025-01-10,260.0
central,2x8,3,14.0,2025-01-17,265.0
central,2x8,3,14.0,2025-01-24,265.0
central,2x8,3,14.0,2025-01-31,270.0
central,2x8,3,14.0,2025-02-07,280.0
central,2x8,3,14.0,2025-02-14,285.0
central,2x8,3,14.0,2025-02-21,290.0
central,2x8,3,14.0,2025-02-28,300.0
central,2x8,3,14.0,2025-03-07,300.0
central,2x8,3,14.0,2025-03-28,305.0
central,2x8,3,14.0,2025-04-04,305.0
central,2x8,3,14.0,2025-04-11,305.0
central,2x8,3,14.0,2025-04-18,305.0
central,2x8,3,14.0,2025-04-25,310.0
central,2x8,3,14.0,2025-05-02,310.0
central,2x8,3,14.0,2025-05-09,300.0
central,2x8,3,14.0,2025-05-16,290.0
central,2x8,3,14.0,2025-05-23,280.0
central,2x8,3,14.0,2025-05-30,270.0
central,2x8,3,14.0,2025-06-06,260.0
central,2x8,3,14.0,2025-06-13,255.0
central,2x8,3,14.0,2025-06-19,250.0
central,2x8,3,14.0,2025-07-03,245.0
central,2x8,3,14.0,2025-07-18,240.0
central,2x8,3,14.0,2025-07-25,240.0
central,2x8,3,14.0,2025-08-01,240.0
central,2x8,3,14.0,2025-08-08,235.0
central,2x8,3,14.0,2025-08-15,235.0
central,2x8,3,16.0,2024-12-20,255.0
central,2x8,3,16.0,2025-01-03,260.0
central,2x8,3,16.0,2025-01-10,260.0
central,2x8,3,16.0,2025-01-17,265.0
central,2x8,3,16.0,2025-01-24,265.0
central,2x8,3,16.0,2025-01-31,270.0
central,2x8,3,16.0,2025-02-07,280.0
central,2x8,3,16.0,2025-02-14,285.0
central,2x8,3,16.0,2025-02-21,290.0
central,2x8,3,16.0,2025-02-28,300.0
central,2x8,3,16.0,2025-03-07,300.0
central,2x8,3,16.0,2025-03-28,305.0
central,2x8,3,16.0,2025-04-04,305.0
central,2x8,3,16.0,2025-04-11,305.0
central,2x8,3,16.0,2025-04-18,305.0
central,2x8,3,16.0,2025-04-25,310.0
central,2x8,3,16.0,2025-05-02,310.0
central,2x8,3,16.0,2025-05-09,300.0
central,2x8,3,16.0,2025-05-16,290.0
central,2x8,3,16.0,2025-05-23,280.0
central,2x8,3,16.0,2025-05-30,270.0
central,2x8,3,16.0,2025-06-06,260.0
central,2x8,3,16.0,2025-06-13,255.0
central,2x8,3,16.0,2025-06-19,250.0
central,2x8,3,16.0,2025-06-27,250.0
central,2x8,3,16.0,2025-07-03,245.0
central,2x8,3,16.0,2025-07-11,240.0
central,2x8,3,16.0,2025-07-18,240.0
central,2x8,3,16.0,2025-07-25,240.0
central,2x8,3,16.0,2025-08-01,240.0
central,2x8,3,16.0,2025-08-08,235.0
central,2x8,3,16.0,2025-08-15,235.0
central,2x8,3,16.0,2025-08-22,235.0
central,2x8,3,18.0,2025-04-18,305.0
central,2x8,3,18.0,2025-04-25,310.0
central,2x8,3,18.0,2025-05-02,310.0
central,2x8,3,18.0,2025-05-30,270.0
central,2x8,3,18.0,2025-08-01,240.0
central,2x8,3,20.0,2025-04-18,305.0
central,2x8,3,20.0,2025-04-25,310.0
central,2x8,3,20.0,2025-05-02,310.0
central,2x8,3,20.0,2025-06-13,255.0
central,2x8,3,20.0,2025-08-01,240.0
central,2x8,4,8.0,2024-12-06,220.0
central,2x8,4,8.0,2024-12-13,220.0
central,2x8,4,8.0,2024-12-20,225.0
central,2x8,4,8.0,2025-01-03,225.0
central,2x8,4,8.0,2025-01-17,235.0
central,2x8,4,8.0,2025-01-24,240.0
central,2x8,4,8.0,2025-01-31,245.0
central,2x8,4,8.0,2025-02-07,250.0
central,2x8,4,8.0,2025-02-14,260.0
central,2x8,4,8.0,2025-02-21,265.0
central,2x8,4,8.0,2025-02-28,275.0
central,2x8,4,8.0,2025-03-07,280.0
central,2x8,4,8.0,2025-03-14,280.0
central,2x8,4,8.0,2025-03-21,285.0
central,2x8,4,8.0,2025-03-28,285.0
central,2x8,4,8.0,2025-04-04,285.0
central,2x8,4,8.0,2025-04-11,285.0
central,2x8,4,8.0,2025-04-18,285.0
central,2x8,4,8.0,2025-04-25,285.0
central,2x8,4,8.0,2025-05-02,285.0
central,2x8,4,8.0,2025-05-09,280.0
central,2x8,4,8.0,2025-05-16,270.0
central,2x8,4,8.0,2025-05-23,260.0
central,2x8,4,8.0,2025-05-30,255.0
central,2x8,4,8.0,2025-06-06,245.0
central,2x8,4,8.0,2025-06-19,235.0
central,2x8,4,8.0,2025-06-27,230.0
central,2x8,4,8.0,2025-07-03,230.0
central,2x8,4,8.0,2025-07-11,225.0
central,2x8,4,8.0,2025-07-25,220.0
central,2x8,4,8.0,2025-08-01,220.0
central,2x8,4,8.0,2025-08-08,215.0
central,2x8,4,8.0,2025-08-22,210.0
central,2x8,4,10.0,2024-12-13,220.0
central,2x8,4,10.0,2024-12-20,225.0
central,2x8,4,10.0,2025-01-03,225.0
central,2x8,4,10.0,2025-01-17,235.0
central,2x8,4,10.0,2025-01-24,240.0
central,2x8,4,10.0,2025-01-31,245.0
central,2x8,4,10.0,2025-02-07,250.0
central,2x8,4,10.0,2025-02-14,260.0
central,2x8,4,10.0,2025-02-21,265.0
central,2x8,4,10.0,2025-02-28,275.0
central,2x8,4,10.0,2025-03-07,280.0
central,2x8,4,10.0,2025-03-14,280.0
central,2x8,4,10.0,2025-03-21,285.0
central,2x8,4,10.0,2025-03-28,285.0
central,2x8,4,10.0,2025-04-04,285.0
central,2x8,4,10.0,2025-04-11,285.0
central,2x8,4,10.0,2025-04-18,285.0
central,2x8,4,10.0,2025-04-25,285.0
central,2x8,4,10.0,2025-05-02,285.0
central,2x8,4,10.0,2025-05-16,270.0
central,2x8,4,10.0,2025-05-30,255.0
central,2x8,4,10.0,2025-06-06,245.0
central,2x8,4,10.0,2025-06-13,240.0
central,2x8,4,10.0,2025-06-19,235.0
central,2x8,4,10.0,2025-06-27,230.0
central,2x8,4,10.0,2025-07-03,230.0
central,2x8,4,10.0,2025-07-11,225.0
central,2x8,4,10.0,2025-07-18,220.0
central,2x8,4,10.0,2025-08-01,220.0
central,2x8,4,10.0,2025-08-08,215.0
central,2x8,4,10.0,2025-08-22,210.0
central,2x8,4,12.0,2024-12-13,220.0
central,2x8,4,12.0,2024-12-20,225.0
central,2x8,4,12.0,2025-01-03,225.0
central,2x8,4,12.0,2025-01-17,235.0
central,2x8,4,12.0,2025-01-24,240.0
central,2x8,4,12.0,2025-02-07,250.0
central,2x8,4,12.0,2025-02-14,260.0
central,2x8,4,12.0,2025-02-21,265.0
central,2x8,4,12.0,2025-02-28,275.0
central,2x8,4,12.0,2025-03-07,280.0
central,2x8,4,12.0,2025-03-14,280.0
central,2x8,4,12.0,2025-03-21,285.0
central,2x8,4,12.0,2025-03-28,285.0
central,2x8,4,12.0,2025-04-04,285.0
central,2x8,4,12.0,2025-04-11,285.0
central,2x8,4,12.0,2025-04-18,285.0
central,2x8,4,12.0,2025-04-25,285.0
central,2x8,4,12.0,2025-05-02,285.0
central,2x8,4,12.0,2025-05-09,280.0
central,2x8,4,12.0,2025-05-16,270.0
central,2x8,4,12.0,2025-05-23,260.0
central,2x8,4,12.0,2025-05-30,255.0
central,2x8,4,12.0,2025-06-06,245.0
central,2x8,4,12.0,2025-06-13,240.0
central,2x8,4,12.0,2025-06-19,235.0
central,2x8,4,12.0,2025-06-27,230.0
central,2x8,4,12.0,2025-07-03,230.0
central,2x8,4,12.0,2025-07-11,225.0
central,2x8,4,12.0,2025-07-25,220.0
central,2x8,4,12.0,2025-08-01,220.0
central,2x8,4,12.0,2025-08-08,215.0
central,2x8,4,14.0,2024-12-13,220.0
central,2x8,4,14.0,2024-12-20,225.0
central,2x8,4,14.0,2025-01-03,225.0
central,2x8,4,14.0,2025-01-17,235.0
central,2x8,4,14.0,2025-01-24,240.0
central,2x8,4,14.0,2025-02-14,260.0
central,2x8,4,14.0,2025-02-21,265.0
central,2x8,4,14.0,2025-02-28,275.0
central,2x8,4,14.0,2025-03-07,280.0
central,2x8,4,14.0,2025-03-14,280.0
central,2x8,4,14.0,2025-03-21,285.0
central,2x8,4,14.0,2025-03-28,285.0
central,2x8,4,14.0,2025-04-04,285.0
central,2x8,4,14.0,2025-04-11,285.0
central,2x8,4,14.0,2025-04-18,285.0
central,2x8,4,14.0,2025-04-25,285.0
central,2x8,4,14.0,2025-05-02,285.0
central,2x8,4,14.0,2025-05-16,270.0
central,2x8,4,14.0,2025-05-23,260.0
central,2x8,4,14.0,2025-05-30,255.0
central,2x8,4,14.0,2025-06-06,245.0
central,2x8,4,14.0,2025-06-13,240.0
central,2x8,4,14.0,2025-06-27,230.0
central,2x8,4,14.0,2025-07-03,230.0
central,2x8,4,14.0,2025-07-11,225.0
central,2x8,4,14.0,2025-08-01,220.0
central,2x8,4,14.0,2025-08-08,215.0
central,2x8,4,16.0,2024-12-13,220.0
central,2x8,4,16.0,2024-12-20,225.0
central,2x8,4,16.0,2025-01-03,225.0
central,2x8,4,16.0,2025-01-17,235.0
central,2x8,4,16.0,2025-01-24,240.0
central,2x8,4,16.0,2025-01-31,245.0
central,2x8,4,16.0,2025-02-14,260.0
central,2x8,4,16.0,2025-02-21,265.0
central,2x8,4,16.0,2025-02-28,275.0
central,2x8,4,16.0,2025-03-07,280.0
central,2x8,4,16.0,2025-03-14,280.0
central,2x8,4,16.0,2025-03-21,285.0
central,2x8,4,16.0,2025-03-28,285.0
central,2x8,4,16.0,2025-04-04,285.0
central,2x8,4,16.0,2025-04-11,285.0
central,2x8,4,16.0,2025-04-18,285.0
central,2x8,4,16.0,2025-04-25,285.0
central,2x8,4,16.0,2025-05-02,285.0
central,2x8,4,16.0,2025-05-09,280.0
central,2x8,4,16.0,2025-05-16,270.0
central,2x8,4,16.0,2025-05-23,260.0
central,2x8,4,16.0,2025-05-30,255.0
central,2x8,4,16.0,2025-06-06,245.0
central,2x8,4,16.0,2025-06-13,240.0
central,2x8,4,16.0,2025-06-19,235.0
central,2x8,4,16.0,2025-06-27,230.0
central,2x8,4,16.0,2025-07-03,230.0
central,2x8,4,16.0,2025-07-11,225.0
central,2x8,4,16.0,2025-07-25,220.0
central,2x8,4,16.0,2025-08-01,220.0
central,2x8,4,16.0,2025-08-08,215.0
east,2x10,3,10.0,2025-04-11,300.0
east,2x10,3,12.0,2025-04-11,300.0
east,2x10,3,14.0,2025-04-11,300.0
east,2x10,3,16.0,2025-04-11,300.0
east,2x10,4,10.0,2025-03-07,230.0
east,2x10,4,10.0,2025-05-30,220.0
east,2x10,4,10.0,2025-08-08,190.0
east,2x10,4,12.0,2025-03-07,230.0
east,2x10,4,12.0,2025-04-04,245.0
east,2x10,4,12.0,2025-05-30,220.0
east,2x10,4,12.0,2025-08-08,190.0
east,2x10,4,14.0,2025-03-07,230.0
east,2x10,4,14.0,2025-04-04,245.0
east,2x10,4,14.0,2025-05-09,235.0
east,2x10,4,14.0,2025-05-30,220.0
east,2x10,4,14.0,2025-08-08,190.0
east,2x10,4,16.0,2025-03-07,230.0
east,2x10,4,16.0,2025-05-30,220.0
east,2x10,4,16.0,2025-07-03,190.0
east,2x12,3,8.0,2025-06-13,290.0
east,2x12,3,12.0,2025-06-13,290.0
east,2x12,3,12.0,2025-06-27,275.0
east,2x4,4,8.0,2024-12-13,290.0
east,2x4,4,8.0,2024-12-20,290.0
east,2x4,4,8.0,2025-01-03,295.0
east,2x4,4,8.0,2025-01-10,305.0
east,2x4,4,8.0,2025-01-17,305.0
east,2x4,4,8.0,2025-02-21,345.0
east,2x4,4,8.0,2025-02-28,355.0
east,2x4,4,8.0,2025-03-14,370.0
east,2x4,4,8.0,2025-03-21,365.0
east,2x4,4,8.0,2025-03-28,370.0
east,2x4,4,8.0,2025-04-04,355.0
east,2x4,4,8.0,2025-04-11,345.0
east,2x4,4,8.0,2025-04-18,335.0
east,2x4,4,8.0,2025-04-25,330.0
east,2x4,4,8.0,2025-05-02,320.0
east,2x4,4,8.0,2025-05-09,310.0
east,2x4,4,8.0,2025-05-16,300.0
east,2x4,4,8.0,2025-05-23,285.0
east,2x4,4,8.0,2025-06-06,255.0
east,2x4,4,8.0,2025-06-13,235.0
east,2x4,4,8.0,2025-06-19,225.0
east,2x4,4,8.0,2025-06-27,205.0
east,2x4,4,8.0,2025-07-03,205.0
east,2x4,4,8.0,2025-07-11,205.0
east,2x4,4,8.0,2025-07-18,205.0
east,2x4,4,8.0,2025-07-25,210.0
east,2x4,4,8.0,2025-08-01,205.0
east,2x4,4,8.0,2025-08-08,200.0
east,2x4,4,8.0,2025-08-15,195.0
east,2x4,4,8.0,2025-08-22,195.0
east,2x4,4,8.0,2025-08-29,195.0
east,2x4,4,10.0,2024-12-20,290.0
east,2x4,4,10.0,2025-01-03,295.0
east,2x4,4,10.0,2025-01-10,305.0
east,2x4,4,10.0,2025-01-17,305.0
east,2x4,4,10.0,2025-02-21,345.0
east,2x4,4,10.0,2025-03-07,365.0
east,2x4,4,10.0,2025-03-14,370.0
east,2x4,4,10.0,2025-03-21,365.0
east,2x4,4,10.0,2025-03-28,370.0
east,2x4,4,10.0,2025-04-04,355.0
east,2x4,4,10.0,2025-04-11,345.0
east,2x4,4,10.0,2025-04-18,335.0
east,2x4,4,10.0,2025-04-25,330.0
east,2x4,4,10.0,2025-05-02,320.0
east,2x4,4,10.0,2025-05-09,310.0
east,2x4,4,10.0,2025-05-16,300.0
east,2x4,4,10.0,2025-05-23,285.0
east,2x4,4,10.0,2025-05-30,270.0
east,2x4,4,10.0,2025-06-13,235.0
east,2x4,4,10.0,2025-06-19,225.0
east,2x4,4,10.0,2025-06-27,205.0
east,2x4,4,10.0,2025-07-03,205.0
east,2x4,4,10.0,2025-07-11,205.0
east,2x4,4,10.0,2025-07-18,205.0
east,2x4,4,10.0,2025-07-25,210.0
east,2x4,4,10.0,2025-08-08,200.0
east,2x4,4,10.0,2025-08-15,195.0
east,2x4,4,10.0,2025-08-22,195.0
east,2x4,4,10.0,2025-08-29,195.0
east,2x4,4,12.0,2024-12-20,290.0
east,2x4,4,12.0,2025-01-03,295.0
east,2x4,4,12.0,2025-01-10,305.0
east,2x4,4,12.0,2025-01-17,305.0
east,2x4,4,12.0,2025-01-24,310.0
east,2x4,4,12.0,2025-02-14,340.0
east,2x4,4,12.0,2025-02-21,345.0
east,2x4,4,12.0,2025-03-14,370.0
east,2x4,4,12.0,2025-03-21,365.0
east,2x4,4,12.0,2025-03-28,370.0
east,2x4,4,12.0,2025-04-04,355.0
east,2x4,4,12.0,2025-04-11,345.0
east,2x4,4,12.0,2025-04-18,335.0
east,2x4,4,12.0,2025-04-25,330.0
east,2x4,4,12.0,2025-05-02,320.0
east,2x4,4,12.0,2025-05-09,310.0
east,2x4,4,12.0,2025-05-16,300.0
east,2x4,4,12.0,2025-05-23,285.0
east,2x4,4,12.0,2025-05-30,270.0
east,2x4,4,12.0,2025-06-13,235.0
east,2x4,4,12.0,2025-06-19,225.0
east,2x4,4,12.0,2025-06-27,205.0
east,2x4,4,12.0,2025-07-03,205.0
east,2x4,4,12.0,2025-07-11,205.0
east,2x4,4,12.0,2025-07-18,205.0
east,2x4,4,12.0,2025-07-25,210.0
east,2x4,4,12.0,2025-08-08,200.0
east,2x4,4,12.0,2025-08-15,195.0
east,2x4,4,12.0,2025-08-22,195.0
east,2x4,4,12.0,2025-08-29,195.0
east,2x4,4,14.0,2025-01-03,295.0
east,2x4,4,14.0,2025-01-10,305.0
east,2x4,4,14.0,2025-01-17,305.0
east,2x4,4,14.0,2025-01-31,315.0
east,2x4,4,14.0,2025-02-07,330.0
east,2x4,4,14.0,2025-02-14,340.0
east,2x4,4,14.0,2025-03-07,365.0
east,2x4,4,14.0,2025-03-14,370.0
east,2x4,4,14.0,2025-03-21,365.0
east,2x4,4,14.0,2025-03-28,370.0
east,2x4,4,14.0,2025-04-04,355.0
east,2x4,4,14.0,2025-04-11,345.0
east,2x4,4,14.0,2025-04-18,335.0
east,2x4,4,14.0,2025-04-25,330.0
east,2x4,4,14.0,2025-05-02,320.0
east,2x4,4,14.0,2025-05-09,310.0
east,2x4,4,14.0,2025-05-16,300.0
east,2x4,4,14.0,2025-05-23,285.0
east,2x4,4,14.0,2025-05-30,270.0
east,2x4,4,14.0,2025-06-13,235.0
east,2x4,4,14.0,2025-06-19,225.0
east,2x4,4,14.0,2025-06-27,205.0
east,2x4,4,14.0,2025-07-03,205.0
east,2x4,4,14.0,2025-07-11,205.0
east,2x4,4,14.0,2025-07-18,205.0
east,2x4,4,14.0,2025-07-25,210.0
east,2x4,4,14.0,2025-08-01,205.0
east,2x4,4,14.0,2025-08-08,200.0
east,2x4,4,14.0,2025-08-15,195.0
east,2x4,4,14.0,2025-08-22,195.0
east,2x4,4,14.0,2025-08-29,195.0
east,2x4,4,16.0,2024-12-20,290.0
east,2x4,4,16.0,2025-01-03,295.0
east,2x4,4,16.0,2025-01-10,305.0
east,2x4,4,16.0,2025-01-17,305.0
east,2x4,4,16.0,2025-01-31,315.0
east,2x4,4,16.0,2025-02-07,330.0
east,2x4,4,16.0,2025-02-14,340.0
east,2x4,4,16.0,2025-03-07,365.0
east,2x4,4,16.0,2025-03-14,370.0
east,2x4,4,16.0,2025-03-21,365.0
east,2x4,4,16.0,2025-03-28,370.0
east,2x4,4,16.0,2025-04-04,355.0
east,2x4,4,16.0,2025-04-11,345.0
east,2x4,4,16.0,2025-04-18,335.0
east,2x4,4,16.0,2025-05-02,320.0
east,2x4,4,16.0,2025-05-09,310.0
east,2x4,4,16.0,2025-05-16,300.0
east,2x4,4,16.0,2025-05-23,285.0
east,2x4,4,16.0,2025-05-30,270.0
east,2x4,4,16.0,2025-06-13,235.0
east,2x4,4,16.0,2025-06-19,225.0
east,2x4,4,16.0,2025-06-27,205.0
east,2x4,4,16.0,2025-07-03,205.0
east,2x4,4,16.0,2025-07-11,205.0
east,2x4,4,16.0,2025-07-18,205.0
east,2x4,4,16.0,2025-07-25,210.0
east,2x4,4,16.0,2025-08-08,200.0
east,2x4,4,16.0,2025-08-15,195.0
east,2x4,4,16.0,2025-08-22,195.0
east,2x4,4,16.0,2025-08-29,195.0
east,2x6,3,10.0,2025-01-03,320.0
east,2x6,3,12.0,2025-01-03,320.0
east,2x6,3,16.0,2025-01-03,320.0
east,2x6,4,8.0,2025-01-03,280.0
east,2x6,4,8.0,2025-02-14,315.0
east,2x6,4,8.0,2025-02-21,320.0
east,2x6,4,8.0,2025-04-11,320.0
east,2x6,4,8.0,2025-05-02,300.0
east,2x6,4,8.0,2025-05-09,290.0
east,2x6,4,8.0,2025-05-30,235.0
east,2x6,4,8.0,2025-07-18,200.0
east,2x6,4,10.0,2025-01-03,280.0
east,2x6,4,10.0,2025-02-14,315.0
east,2x6,4,10.0,2025-02-21,320.0
east,2x6,4,10.0,2025-05-02,300.0
east,2x6,4,10.0,2025-05-09,290.0
east,2x6,4,10.0,2025-07-18,200.0
east,2x6,4,12.0,2025-01-03,280.0
east,2x6,4,12.0,2025-02-14,315.0
east,2x6,4,12.0,2025-02-21,320.0
east,2x6,4,12.0,2025-05-02,300.0
east,2x6,4,12.0,2025-05-09,290.0
east,2x6,4,12.0,2025-07-18,200.0
east,2x6,4,14.0,2025-01-03,280.0
east,2x6,4,14.0,2025-02-14,315.0
east,2x6,4,14.0,2025-02-21,320.0
east,2x6,4,14.0,2025-05-02,300.0
east,2x6,4,14.0,2025-05-09,290.0
east,2x6,4,14.0,2025-07-18,200.0
east,2x8,3,8.0,2025-01-10,315.0
east,2x8,3,8.0,2025-03-07,340.0
east,2x8,3,10.0,2025-06-19,245.0
east,2x8,3,12.0,2025-01-17,315.0
east,2x8,3,12.0,2025-02-28,330.0
east,2x8,3,12.0,2025-03-07,340.0
east,2x8,3,12.0,2025-08-01,245.0
west,2x10,3,8.0,2025-01-17,240.0
west,2x10,3,8.0,2025-01-24,240.0
west,2x10,3,8.0,2025-01-31,240.0
west,2x10,3,8.0,2025-02-07,240.0
west,2x10,3,8.0,2025-02-14,240.0
west,2x10,3,8.0,2025-02-28,245.0
west,2x10,3,8.0,2025-03-07,250.0
west,2x10,3,8.0,2025-03-14,260.0
west,2x10,3,8.0,2025-04-04,280.0
west,2x10,3,8.0,2025-04-11,285.0
west,2x10,3,8.0,2025-04-18,290.0
west,2x10,3,8.0,2025-04-25,290.0
west,2x10,3,8.0,2025-06-06,250.0
west,2x10,3,8.0,2025-07-25,215.0
west,2x10,3,10.0,2025-01-24,240.0
west,2x10,3,10.0,2025-01-31,240.0
west,2x10,3,10.0,2025-02-07,240.0
west,2x10,3,10.0,2025-02-14,240.0
west,2x10,3,10.0,2025-02-21,240.0
west,2x10,3,10.0,2025-02-28,245.0
west,2x10,3,10.0,2025-03-14,260.0
west,2x10,3,10.0,2025-04-04,280.0
west,2x10,3,10.0,2025-04-18,290.0
west,2x10,3,10.0,2025-04-25,290.0
west,2x10,3,10.0,2025-07-11,215.0
west,2x10,3,10.0,2025-08-08,215.0
west,2x10,3,12.0,2025-01-31,240.0
west,2x10,3,12.0,2025-02-07,240.0
west,2x10,3,12.0,2025-02-14,240.0
west,2x10,3,12.0,2025-02-21,240.0
west,2x10,3,12.0,2025-03-14,260.0
west,2x10,3,12.0,2025-04-18,290.0
west,2x10,3,12.0,2025-04-25,290.0
west,2x10,3,12.0,2025-06-06,250.0
west,2x10,3,12.0,2025-07-11,215.0
west,2x10,3,12.0,2025-07-25,215.0
west,2x10,3,12.0,2025-08-08,215.0
west,2x10,3,14.0,2025-01-31,240.0
west,2x10,3,14.0,2025-02-07,240.0
west,2x10,3,14.0,2025-02-14,240.0
west,2x10,3,14.0,2025-02-21,240.0
west,2x10,3,14.0,2025-02-28,245.0
west,2x10,3,14.0,2025-03-14,260.0
west,2x10,3,14.0,2025-04-18,290.0
west,2x10,3,14.0,2025-04-25,290.0
west,2x10,3,14.0,2025-08-01,215.0
west,2x10,3,14.0,2025-08-08,215.0
west,2x10,3,16.0,2025-01-31,240.0
west,2x10,3,16.0,2025-02-07,240.0
west,2x10,3,16.0,2025-02-14,240.0
west,2x10,3,16.0,2025-02-21,240.0
west,2x10,3,16.0,2025-03-07,250.0
west,2x10,3,16.0,2025-03-14,260.0
west,2x10,3,16.0,2025-04-18,290.0
west,2x10,3,16.0,2025-04-25,290.0
west,2x10,3,16.0,2025-06-06,250.0
west,2x10,3,16.0,2025-07-11,215.0
west,2x10,3,16.0,2025-07-25,215.0
west,2x10,3,16.0,2025-08-01,215.0
west,2x10,3,16.0,2025-08-08,215.0
west,2x10,4,8.0,2024-12-13,200.0
west,2x10,4,8.0,2024-12-20,200.0
west,2x10,4,8.0,2025-01-03,200.0
west,2x10,4,8.0,2025-01-10,200.0
west,2x10,4,8.0,2025-01-17,200.0
west,2x10,4,8.0,2025-01-31,200.0
west,2x10,4,8.0,2025-02-07,205.0
west,2x10,4,8.0,2025-02-14,210.0
west,2x10,4,8.0,2025-02-21,215.0
west,2x10,4,8.0,2025-02-28,225.0
west,2x10,4,8.0,2025-03-07,235.0
west,2x10,4,8.0,2025-03-21,245.0
west,2x10,4,8.0,2025-04-04,255.0
west,2x10,4,8.0,2025-05-02,275.0
west,2x10,4,8.0,2025-05-23,260.0
west,2x10,4,8.0,2025-05-30,240.0
west,2x10,4,8.0,2025-06-06,230.0
west,2x10,4,8.0,2025-06-19,200.0
west,2x10,4,8.0,2025-07-11,195.0
west,2x10,4,8.0,2025-07-18,190.0
west,2x10,4,8.0,2025-08-01,185.0
west,2x10,4,10.0,2024-12-13,200.0
west,2x10,4,10.0,2024-12-20,200.0
west,2x10,4,10.0,2025-01-03,200.0
west,2x10,4,10.0,2025-01-10,200.0
west,2x10,4,10.0,2025-01-17,200.0
west,2x10,4,10.0,2025-01-31,200.0
west,2x10,4,10.0,2025-02-07,205.0
west,2x10,4,10.0,2025-02-14,210.0
west,2x10,4,10.0,2025-02-21,215.0
west,2x10,4,10.0,2025-02-28,225.0
west,2x10,4,10.0,2025-03-07,235.0
west,2x10,4,10.0,2025-04-04,255.0
west,2x10,4,10.0,2025-04-11,260.0
west,2x10,4,10.0,2025-04-25,275.0
west,2x10,4,10.0,2025-05-02,275.0
west,2x10,4,10.0,2025-05-30,240.0
west,2x10,4,10.0,2025-06-06,230.0
west,2x10,4,10.0,2025-06-19,200.0
west,2x10,4,10.0,2025-07-11,195.0
west,2x10,4,10.0,2025-07-25,185.0
west,2x10,4,10.0,2025-08-01,185.0
west,2x10,4,12.0,2024-12-13,200.0
west,2x10,4,12.0,2024-12-20,200.0
west,2x10,4,12.0,2025-01-03,200.0
west,2x10,4,12.0,2025-01-10,200.0
west,2x10,4,12.0,2025-01-17,200.0
west,2x10,4,12.0,2025-01-24,200.0
west,2x10,4,12.0,2025-01-31,200.0
west,2x10,4,12.0,2025-02-07,205.0
west,2x10,4,12.0,2025-02-14,210.0
west,2x10,4,12.0,2025-02-21,215.0
west,2x10,4,12.0,2025-02-28,225.0
west,2x10,4,12.0,2025-03-07,235.0
west,2x10,4,12.0,2025-03-21,245.0
west,2x10,4,12.0,2025-04-04,255.0
west,2x10,4,12.0,2025-04-11,260.0
west,2x10,4,12.0,2025-05-02,275.0
west,2x10,4,12.0,2025-05-23,260.0
west,2x10,4,12.0,2025-05-30,240.0
west,2x10,4,12.0,2025-06-06,230.0
west,2x10,4,12.0,2025-07-03,195.0
west,2x10,4,12.0,2025-07-11,195.0
west,2x10,4,12.0,2025-07-18,190.0
west,2x10,4,12.0,2025-08-01,185.0
west,2x10,4,14.0,2024-12-20,200.0
west,2x10,4,14.0,2025-01-03,200.0
west,2x10,4,14.0,2025-01-10,200.0
west,2x10,4,14.0,2025-01-17,200.0
west,2x10,4,14.0,2025-01-31,200.0
west,2x10,4,14.0,2025-02-07,205.0
west,2x10,4,14.0,2025-02-14,210.0
west,2x10,4,14.0,2025-02-21,215.0
west,2x10,4,14.0,2025-02-28,225.0
west,2x10,4,14.0,2025-03-07,235.0
west,2x10,4,14.0,2025-03-21,245.0
west,2x10,4,14.0,2025-04-04,255.0
west,2x10,4,14.0,2025-04-11,260.0
west,2x10,4,14.0,2025-04-25,275.0
west,2x10,4,14.0,2025-05-02,275.0
west,2x10,4,14.0,2025-05-23,260.0
west,2x10,4,14.0,2025-05-30,240.0
west,2x10,4,14.0,2025-06-06,230.0
west,2x10,4,14.0,2025-07-11,195.0
west,2x10,4,14.0,2025-08-01,185.0
west,2x10,4,16.0,2024-12-13,200.0
west,2x10,4,16.0,2024-12-20,200.0
west,2x10,4,16.0,2025-01-03,200.0
west,2x10,4,16.0,2025-01-10,200.0
west,2x10,4,16.0,2025-01-17,200.0
west,2x10,4,16.0,2025-01-24,200.0
west,2x10,4,16.0,2025-01-31,200.0
west,2x10,4,16.0,2025-02-07,205.0
west,2x10,4,16.0,2025-02-14,210.0
west,2x10,4,16.0,2025-02-21,215.0
west,2x10,4,16.0,2025-02-28,225.0
west,2x10,4,16.0,2025-03-07,235.0
west,2x10,4,16.0,2025-03-14,240.0
west,2x10,4,16.0,2025-03-21,245.0
west,2x10,4,16.0,2025-04-04,255.0
west,2x10,4,16.0,2025-04-11,260.0
west,2x10,4,16.0,2025-04-18,275.0
west,2x10,4,16.0,2025-04-25,275.0
west,2x10,4,16.0,2025-05-02,275.0
west,2x10,4,16.0,2025-05-16,275.0
west,2x10,4,16.0,2025-05-23,260.0
west,2x10,4,16.0,2025-05-30,240.0
west,2x10,4,16.0,2025-06-06,230.0
west,2x10,4,16.0,2025-06-19,200.0
west,2x10,4,16.0,2025-07-11,195.0
west,2x10,4,16.0,2025-07-18,190.0
west,2x10,4,16.0,2025-08-01,185.0
west,2x10,4,20.0,2025-05-02,275.0
west,2x12,3,8.0,2024-12-20,255.0
west,2x12,3,8.0,2025-01-03,260.0
west,2x12,3,8.0,2025-01-31,260.0
west,2x12,3,8.0,2025-02-07,260.0
west,2x12,3,8.0,2025-02-14,260.0
west,2x12,3,8.0,2025-02-21,265.0
west,2x12,3,8.0,2025-02-28,270.0
west,2x12,3,8.0,2025-03-14,285.0
west,2x12,3,8.0,2025-03-28,305.0
west,2x12,3,8.0,2025-04-04,310.0
west,2x12,3,8.0,2025-04-18,320.0
west,2x12,3,8.0,2025-05-23,295.0
west,2x12,3,8.0,2025-05-30,280.0
west,2x12,3,8.0,2025-06-13,260.0
west,2x12,3,8.0,2025-06-19,240.0
west,2x12,3,8.0,2025-06-27,237.0
west,2x12,3,8.0,2025-07-03,237.0
west,2x12,3,8.0,2025-07-11,240.0
west,2x12,3,8.0,2025-07-25,240.0
west,2x12,3,8.0,2025-08-01,240.0
west,2x12,3,8.0,2025-08-08,240.0
west,2x12,3,10.0,2025-01-03,260.0
west,2x12,3,10.0,2025-01-31,260.0
west,2x12,3,10.0,2025-02-07,260.0
west,2x12,3,10.0,2025-02-14,260.0
west,2x12,3,10.0,2025-02-21,265.0
west,2x12,3,10.0,2025-02-28,270.0
west,2x12,3,10.0,2025-03-14,285.0
west,2x12,3,10.0,2025-03-28,305.0
west,2x12,3,10.0,2025-04-04,310.0
west,2x12,3,10.0,2025-04-18,320.0
west,2x12,3,10.0,2025-05-30,280.0
west,2x12,3,10.0,2025-06-06,270.0
west,2x12,3,10.0,2025-06-13,260.0
west,2x12,3,10.0,2025-06-19,240.0
west,2x12,3,10.0,2025-06-27,237.0
west,2x12,3,10.0,2025-07-03,237.0
west,2x12,3,10.0,2025-08-01,240.0
west,2x12,3,10.0,2025-08-08,240.0
west,2x12,3,12.0,2024-12-20,255.0
west,2x12,3,12.0,2025-01-03,260.0
west,2x12,3,12.0,2025-01-31,260.0
west,2x12,3,12.0,2025-02-07,260.0
west,2x12,3,12.0,2025-02-14,260.0
west,2x12,3,12.0,2025-02-21,265.0
west,2x12,3,12.0,2025-02-28,270.0
west,2x12,3,12.0,2025-03-14,285.0
west,2x12,3,12.0,2025-03-28,305.0
west,2x12,3,12.0,2025-04-04,310.0
west,2x12,3,12.0,2025-04-18,320.0
west,2x12,3,12.0,2025-05-23,295.0
west,2x12,3,12.0,2025-05-30,280.0
west,2x12,3,12.0,2025-06-06,270.0
west,2x12,3,12.0,2025-06-13,260.0
west,2x12,3,12.0,2025-06-19,240.0
west,2x12,3,12.0,2025-06-27,237.0
west,2x12,3,12.0,2025-07-03,237.0
west,2x12,3,12.0,2025-08-01,240.0
west,2x12,3,12.0,2025-08-08,240.0
west,2x12,3,14.0,2024-12-13,255.0
west,2x12,3,14.0,2024-12-20,255.0
west,2x12,3,14.0,2025-01-03,260.0
west,2x12,3,14.0,2025-01-31,260.0
west,2x12,3,14.0,2025-02-07,260.0
west,2x12,3,14.0,2025-02-14,260.0
west,2x12,3,14.0,2025-02-21,265.0
west,2x12,3,14.0,2025-02-28,270.0
west,2x12,3,14.0,2025-03-14,285.0
west,2x12,3,14.0,2025-03-28,305.0
west,2x12,3,14.0,2025-04-04,310.0
west,2x12,3,14.0,2025-04-18,320.0
west,2x12,3,14.0,2025-05-23,295.0
west,2x12,3,14.0,2025-06-06,270.0
west,2x12,3,14.0,2025-06-13,260.0
west,2x12,3,14.0,2025-06-27,237.0
west,2x12,3,14.0,2025-07-03,237.0
west,2x12,3,14.0,2025-08-01,240.0
west,2x12,3,14.0,2025-08-08,240.0
west,2x12,3,16.0,2024-12-13,255.0
west,2x12,3,16.0,2024-12-20,255.0
west,2x12,3,16.0,2025-01-03,260.0
west,2x12,3,16.0,2025-01-31,260.0
west,2x12,3,16.0,2025-02-07,260.0
west,2x12,3,16.0,2025-02-14,260.0
west,2x12,3,16.0,2025-02-21,265.0
west,2x12,3,16.0,2025-02-28,270.0
west,2x12,3,16.0,2025-03-14,285.0
west,2x12,3,16.0,2025-03-28,305.0
west,2x12,3,16.0,2025-04-04,310.0
west,2x12,3,16.0,2025-04-18,320.0
west,2x12,3,16.0,2025-04-25,320.0
west,2x12,3,16.0,2025-05-16,310.0
west,2x12,3,16.0,2025-05-23,295.0
west,2x12,3,16.0,2025-05-30,280.0
west,2x12,3,16.0,2025-06-06,270.0
west,2x12,3,16.0,2025-06-13,260.0
west,2x12,3,16.0,2025-06-19,240.0
west,2x12,3,16.0,2025-06-27,237.0
west,2x12,3,16.0,2025-07-03,237.0
west,2x12,3,16.0,2025-07-11,240.0
west,2x12,3,16.0,2025-08-01,240.0
west,2x12,3,16.0,2025-08-08,240.0
west,2x12,3,16.0,2025-08-15,243.0
west,2x12,3,16.0,2025-08-29,230.0
west,2x12,3,18.0,2024-12-13,255.0
west,2x12,3,18.0,2025-01-31,260.0
west,2x12,3,18.0,2025-02-28,270.0
west,2x12,3,18.0,2025-03-14,285.0
west,2x12,3,18.0,2025-03-28,305.0
west,2x12,3,18.0,2025-04-18,320.0
west,2x12,3,18.0,2025-04-25,320.0
west,2x12,3,18.0,2025-06-06,270.0
west,2x12,3,20.0,2024-12-20,255.0
west,2x12,3,20.0,2025-01-31,260.0
west,2x12,3,20.0,2025-03-14,285.0
west,2x12,3,20.0,2025-03-28,305.0
west,2x12,3,20.0,2025-04-18,320.0
west,2x12,3,20.0,2025-04-25,320.0
west,2x12,3,20.0,2025-05-30,280.0
west,2x12,3,20.0,2025-06-06,270.0
west,2x12,4,8.0,2024-12-06,220.0
west,2x12,4,8.0,2024-12-13,220.0
west,2x12,4,8.0,2025-01-03,220.0
west,2x12,4,8.0,2025-01-10,220.0
west,2x12,4,8.0,2025-01-17,220.0
west,2x12,4,8.0,2025-01-31,220.0
west,2x12,4,8.0,2025-02-14,230.0
west,2x12,4,8.0,2025-02-21,235.0
west,2x12,4,8.0,2025-03-07,255.0
west,2x12,4,8.0,2025-03-14,260.0
west,2x12,4,8.0,2025-04-04,275.0
west,2x12,4,8.0,2025-04-11,280.0
west,2x12,4,8.0,2025-04-18,290.0
west,2x12,4,8.0,2025-04-25,290.0
west,2x12,4,8.0,2025-05-02,290.0
west,2x12,4,8.0,2025-05-09,285.0
west,2x12,4,8.0,2025-05-16,280.0
west,2x12,4,8.0,2025-05-23,265.0
west,2x12,4,8.0,2025-06-06,235.0
west,2x12,4,8.0,2025-06-13,220.0
west,2x12,4,8.0,2025-07-18,200.0
west,2x12,4,8.0,2025-07-25,195.0
west,2x12,4,8.0,2025-08-01,195.0
west,2x12,4,8.0,2025-08-08,195.0
west,2x12,4,8.0,2025-08-22,195.0
west,2x12,4,10.0,2024-12-13,220.0
west,2x12,4,10.0,2025-01-10,220.0
west,2x12,4,10.0,2025-01-17,220.0
west,2x12,4,10.0,2025-01-31,220.0
west,2x12,4,10.0,2025-02-21,235.0
west,2x12,4,10.0,2025-03-07,255.0
west,2x12,4,10.0,2025-04-04,275.0
west,2x12,4,10.0,2025-04-11,280.0
west,2x12,4,10.0,2025-04-18,290.0
west,2x12,4,10.0,2025-04-25,290.0
west,2x12,4,10.0,2025-05-02,290.0
west,2x12,4,10.0,2025-05-16,280.0
west,2x12,4,10.0,2025-06-06,235.0
west,2x12,4,10.0,2025-06-13,220.0
west,2x12,4,10.0,2025-07-18,200.0
west,2x12,4,10.0,2025-07-25,195.0
west,2x12,4,10.0,2025-08-01,195.0
west,2x12,4,12.0,2024-12-06,220.0
west,2x12,4,12.0,2024-12-13,220.0
west,2x12,4,12.0,2024-12-20,220.0
west,2x12,4,12.0,2025-01-03,220.0
west,2x12,4,12.0,2025-01-10,220.0
west,2x12,4,12.0,2025-01-17,220.0
west,2x12,4,12.0,2025-01-31,220.0
west,2x12,4,12.0,2025-02-21,235.0
west,2x12,4,12.0,2025-02-28,245.0
west,2x12,4,12.0,2025-03-07,255.0
west,2x12,4,12.0,2025-03-14,260.0
west,2x12,4,12.0,2025-04-04,275.0
west,2x12,4,12.0,2025-04-11,280.0
west,2x12,4,12.0,2025-04-18,290.0
west,2x12,4,12.0,2025-04-25,290.0
west,2x12,4,12.0,2025-05-02,290.0
west,2x12,4,12.0,2025-05-09,285.0
west,2x12,4,12.0,2025-05-16,280.0
west,2x12,4,12.0,2025-05-23,265.0
west,2x12,4,12.0,2025-06-06,235.0
west,2x12,4,12.0,2025-06-13,220.0
west,2x12,4,12.0,2025-07-18,200.0
west,2x12,4,12.0,2025-07-25,195.0
west,2x12,4,12.0,2025-08-01,195.0
west,2x12,4,12.0,2025-08-22,195.0
west,2x12,4,14.0,2024-12-13,220.0
west,2x12,4,14.0,2024-12-20,220.0
west,2x12,4,14.0,2025-01-10,220.0
west,2x12,4,14.0,2025-01-17,220.0
west,2x12,4,14.0,2025-01-31,220.0
west,2x12,4,14.0,2025-02-21,235.0
west,2x12,4,14.0,2025-02-28,245.0
west,2x12,4,14.0,2025-03-07,255.0
west,2x12,4,14.0,2025-04-11,280.0
west,2x12,4,14.0,2025-04-18,290.0
west,2x12,4,14.0,2025-04-25,290.0
west,2x12,4,14.0,2025-05-02,290.0
west,2x12,4,14.0,2025-05-16,280.0
west,2x12,4,14.0,2025-05-23,265.0
west,2x12,4,14.0,2025-06-06,235.0
west,2x12,4,14.0,2025-06-13,220.0
west,2x12,4,14.0,2025-07-25,195.0
west,2x12,4,14.0,2025-08-01,195.0
west,2x12,4,14.0,2025-08-22,195.0
west,2x12,4,16.0,2024-12-06,220.0
west,2x12,4,16.0,2024-12-13,220.0
west,2x12,4,16.0,2024-12-20,220.0
west,2x12,4,16.0,2025-01-03,220.0
west,2x12,4,16.0,2025-01-10,220.0
west,2x12,4,16.0,2025-01-17,220.0
west,2x12,4,16.0,2025-01-24,220.0
west,2x12,4,16.0,2025-01-31,220.0
west,2x12,4,16.0,2025-02-28,245.0
west,2x12,4,16.0,2025-03-07,255.0
west,2x12,4,16.0,2025-03-14,260.0
west,2x12,4,16.0,2025-04-04,275.0
west,2x12,4,16.0,2025-04-11,280.0
west,2x12,4,16.0,2025-04-18,290.0
west,2x12,4,16.0,2025-04-25,290.0
west,2x12,4,16.0,2025-05-02,290.0
west,2x12,4,16.0,2025-05-16,280.0
west,2x12,4,16.0,2025-05-23,265.0
west,2x12,4,16.0,2025-06-06,235.0
west,2x12,4,16.0,2025-06-13,220.0
west,2x12,4,16.0,2025-07-18,200.0
west,2x12,4,16.0,2025-07-25,195.0
west,2x12,4,16.0,2025-08-01,195.0
west,2x12,4,16.0,2025-08-08,195.0
west,2x12,4,16.0,2025-08-15,195.0
west,2x12,4,16.0,2025-08-22,195.0
west,2x12,4,18.0,2025-03-07,255.0
west,2x12,4,20.0,2025-03-07,255.0
west,2x4,4,8.0,2024-12-13,260.0
west,2x4,4,8.0,2024-12-20,260.0
west,2x4,4,8.0,2025-01-03,260.0
west,2x4,4,8.0,2025-01-10,260.0
west,2x4,4,8.0,2025-01-17,265.0
west,2x4,4,8.0,2025-01-24,265.0
west,2x4,4,8.0,2025-01-31,265.0
west,2x4,4,8.0,2025-02-07,275.0
west,2x4,4,8.0,2025-02-14,285.0
west,2x4,4,8.0,2025-02-21,295.0
west,2x4,4,8.0,2025-02-28,305.0
west,2x4,4,8.0,2025-03-07,315.0
west,2x4,4,8.0,2025-03-14,325.0
west,2x4,4,8.0,2025-03-21,335.0
west,2x4,4,8.0,2025-03-28,350.0
west,2x4,4,8.0,2025-04-04,360.0
west,2x4,4,8.0,2025-04-11,365.0
west,2x4,4,8.0,2025-04-18,370.0
west,2x4,4,8.0,2025-04-25,375.0
west,2x4,4,8.0,2025-05-02,375.0
west,2x4,4,8.0,2025-05-09,375.0
west,2x4,4,8.0,2025-05-16,365.0
west,2x4,4,8.0,2025-05-23,335.0
west,2x4,4,8.0,2025-05-30,300.0
west,2x4,4,8.0,2025-06-06,280.0
west,2x4,4,8.0,2025-06-13,250.0
west,2x4,4,8.0,2025-06-19,235.0
west,2x4,4,8.0,2025-06-27,225.0
west,2x4,4,8.0,2025-07-03,225.0
west,2x4,4,8.0,2025-07-11,220.0
west,2x4,4,8.0,2025-07-18,210.0
west,2x4,4,8.0,2025-07-25,205.0
west,2x4,4,8.0,2025-08-01,205.0
west,2x4,4,8.0,2025-08-08,205.0
west,2x4,4,8.0,2025-08-15,205.0
west,2x4,4,8.0,2025-08-22,205.0
west,2x4,4,8.0,2025-08-29,200.0
west,2x4,4,10.0,2024-12-13,260.0
west,2x4,4,10.0,2024-12-20,260.0
west,2x4,4,10.0,2025-01-03,260.0
west,2x4,4,10.0,2025-01-10,260.0
west,2x4,4,10.0,2025-01-17,265.0
west,2x4,4,10.0,2025-01-24,265.0
west,2x4,4,10.0,2025-01-31,265.0
west,2x4,4,10.0,2025-02-07,275.0
west,2x4,4,10.0,2025-02-14,285.0
west,2x4,4,10.0,2025-02-21,295.0
west,2x4,4,10.0,2025-02-28,305.0
west,2x4,4,10.0,2025-03-07,315.0
west,2x4,4,10.0,2025-03-14,325.0
west,2x4,4,10.0,2025-03-21,335.0
west,2x4,4,10.0,2025-03-28,350.0
west,2x4,4,10.0,2025-04-04,360.0
west,2x4,4,10.0,2025-04-11,365.0
west,2x4,4,10.0,2025-04-18,370.0
west,2x4,4,10.0,2025-04-25,375.0
west,2x4,4,10.0,2025-05-02,375.0
west,2x4,4,10.0,2025-05-09,375.0
west,2x4,4,10.0,2025-05-16,365.0
west,2x4,4,10.0,2025-05-23,335.0
west,2x4,4,10.0,2025-05-30,300.0
west,2x4,4,10.0,2025-06-06,280.0
west,2x4,4,10.0,2025-06-13,250.0
west,2x4,4,10.0,2025-06-19,235.0
west,2x4,4,10.0,2025-06-27,225.0
west,2x4,4,10.0,2025-07-03,225.0
west,2x4,4,10.0,2025-07-11,220.0
west,2x4,4,10.0,2025-07-18,210.0
west,2x4,4,10.0,2025-07-25,205.0
west,2x4,4,10.0,2025-08-01,205.0
west,2x4,4,10.0,2025-08-08,205.0
west,2x4,4,10.0,2025-08-15,205.0
west,2x4,4,10.0,2025-08-22,205.0
west,2x4,4,10.0,2025-08-29,200.0
west,2x4,4,12.0,2024-12-13,260.0
west,2x4,4,12.0,2024-12-20,260.0
west,2x4,4,12.0,2025-01-03,260.0
west,2x4,4,12.0,2025-01-10,260.0
west,2x4,4,12.0,2025-01-17,265.0
west,2x4,4,12.0,2025-01-24,265.0
west,2x4,4,12.0,2025-01-31,265.0
west,2x4,4,12.0,2025-02-07,275.0
west,2x4,4,12.0,2025-02-14,285.0
west,2x4,4,12.0,2025-02-21,295.0
west,2x4,4,12.0,2025-02-28,305.0
west,2x4,4,12.0,2025-03-07,315.0
west,2x4,4,12.0,2025-03-14,325.0
west,2x4,4,12.0,2025-03-21,335.0
west,2x4,4,12.0,2025-03-28,350.0
west,2x4,4,12.0,2025-04-04,360.0
west,2x4,4,12.0,2025-04-11,365.0
west,2x4,4,12.0,2025-04-18,370.0
west,2x4,4,12.0,2025-04-25,375.0
west,2x4,4,12.0,2025-05-02,375.0
west,2x4,4,12.0,2025-05-09,375.0
west,2x4,4,12.0,2025-05-16,365.0
west,2x4,4,12.0,2025-05-23,335.0
west,2x4,4,12.0,2025-05-30,300.0
west,2x4,4,12.0,2025-06-06,280.0
west,2x4,4,12.0,2025-06-13,250.0
west,2x4,4,12.0,2025-06-19,235.0
west,2x4,4,12.0,2025-06-27,225.0
west,2x4,4,12.0,2025-07-03,225.0
west,2x4,4,12.0,2025-07-11,220.0
west,2x4,4,12.0,2025-07-18,210.0
west,2x4,4,12.0,2025-07-25,205.0
west,2x4,4,12.0,2025-08-01,205.0
west,2x4,4,12.0,2025-08-08,205.0
west,2x4,4,12.0,2025-08-15,205.0
west,2x4,4,12.0,2025-08-22,205.0
west,2x4,4,12.0,2025-08-29,200.0
west,2x4,4,14.0,2024-12-13,260.0
west,2x4,4,14.0,2024-12-20,260.0
west,2x4,4,14.0,2025-01-03,260.0
west,2x4,4,14.0,2025-01-10,260.0
west,2x4,4,14.0,2025-01-17,265.0
west,2x4,4,14.0,2025-01-24,265.0
west,2x4,4,14.0,2025-01-31,265.0
west,2x4,4,14.0,2025-02-07,275.0
west,2x4,4,14.0,2025-02-14,285.0
west,2x4,4,14.0,2025-02-21,295.0
west,2x4,4,14.0,2025-02-28,305.0
west,2x4,4,14.0,2025-03-07,315.0
west,2x4,4,14.0,2025-03-14,325.0
west,2x4,4,14.0,2025-03-21,335.0
west,2x4,4,14.0,2025-03-28,350.0
west,2x4,4,14.0,2025-04-04,360.0
west,2x4,4,14.0,2025-04-11,365.0
west,2x4,4,14.0,2025-04-18,370.0
west,2x4,4,14.0,2025-04-25,375.0
west,2x4,4,14.0,2025-05-02,375.0
west,2x4,4,14.0,2025-05-16,365.0
west,2x4,4,14.0,2025-05-23,335.0
west,2x4,4,14.0,2025-05-30,300.0
west,2x4,4,14.0,2025-06-13,250.0
west,2x4,4,14.0,2025-06-19,235.0
west,2x4,4,14.0,2025-06-27,225.0
west,2x4,4,14.0,2025-07-03,225.0
west,2x4,4,14.0,2025-07-11,220.0
west,2x4,4,14.0,2025-07-18,210.0
west,2x4,4,14.0,2025-07-25,205.0
west,2x4,4,14.0,2025-08-01,205.0
west,2x4,4,14.0,2025-08-08,205.0
west,2x4,4,14.0,2025-08-15,205.0
west,2x4,4,14.0,2025-08-22,205.0
west,2x4,4,14.0,2025-08-29,200.0
west,2x4,4,16.0,2024-12-13,260.0
west,2x4,4,16.0,2024-12-20,260.0
west,2x4,4,16.0,2025-01-03,260.0
west,2x4,4,16.0,2025-01-10,260.0
west,2x4,4,16.0,2025-01-17,265.0
west,2x4,4,16.0,2025-01-24,265.0
west,2x4,4,16.0,2025-01-31,265.0
west,2x4,4,16.0,2025-02-07,275.0
west,2x4,4,16.0,2025-02-14,285.0
west,2x4,4,16.0,2025-02-21,295.0
west,2x4,4,16.0,2025-02-28,305.0
west,2x4,4,16.0,2025-03-07,315.0
west,2x4,4,16.0,2025-03-14,325.0
west,2x4,4,16.0,2025-03-21,335.0
west,2x4,4,16.0,2025-03-28,350.0
west,2x4,4,16.0,2025-04-04,360.0
west,2x4,4,16.0,2025-04-11,365.0
west,2x4,4,16.0,2025-04-18,370.0
west,2x4,4,16.0,2025-04-25,375.0
west,2x4,4,16.0,2025-05-02,375.0
west,2x4,4,16.0,2025-05-09,375.0
west,2x4,4,16.0,2025-05-16,365.0
west,2x4,4,16.0,2025-05-23,335.0
west,2x4,4,16.0,2025-05-30,300.0
west,2x4,4,16.0,2025-06-06,280.0
west,2x4,4,16.0,2025-06-13,250.0
west,2x4,4,16.0,2025-06-19,235.0
west,2x4,4,16.0,2025-06-27,225.0
west,2x4,4,16.0,2025-07-03,225.0
west,2x4,4,16.0,2025-07-11,220.0
west,2x4,4,16.0,2025-07-18,210.0
west,2x4,4,16.0,2025-07-25,205.0
west,2x4,4,16.0,2025-08-01,205.0
west,2x4,4,16.0,2025-08-08,205.0
west,2x4,4,16.0,2025-08-22,205.0
west,2x4,4,16.0,2025-08-29,200.0
west,2x4,4,20.0,2025-06-13,250.0
west,2x6,3,8.0,2024-12-13,270.0
west,2x6,3,8.0,2024-12-20,270.0
west,2x6,3,8.0,2025-01-03,280.0
west,2x6,3,8.0,2025-01-10,285.0
west,2x6,3,8.0,2025-01-17,290.0
west,2x6,3,8.0,2025-01-31,295.0
west,2x6,3,8.0,2025-02-07,305.0
west,2x6,3,8.0,2025-02-14,315.0
west,2x6,3,8.0,2025-02-21,325.0
west,2x6,3,8.0,2025-02-28,335.0
west,2x6,3,8.0,2025-03-07,340.0
west,2x6,3,8.0,2025-03-14,350.0
west,2x6,3,8.0,2025-03-28,360.0
west,2x6,3,8.0,2025-04-04,365.0
west,2x6,3,8.0,2025-04-11,365.0
west,2x6,3,8.0,2025-04-18,365.0
west,2x6,3,8.0,2025-04-25,350.0
west,2x6,3,8.0,2025-05-02,340.0
west,2x6,3,8.0,2025-05-09,330.0
west,2x6,3,8.0,2025-05-16,305.0
west,2x6,3,8.0,2025-05-23,275.0
west,2x6,3,8.0,2025-05-30,250.0
west,2x6,3,8.0,2025-06-06,230.0
west,2x6,3,8.0,2025-06-13,215.0
west,2x6,3,8.0,2025-06-19,210.0
west,2x6,3,8.0,2025-06-27,212.0
west,2x6,3,8.0,2025-07-03,212.0
west,2x6,3,8.0,2025-07-11,216.0
west,2x6,3,8.0,2025-07-18,216.0
west,2x6,3,8.0,2025-07-25,213.0
west,2x6,3,8.0,2025-08-01,220.0
west,2x6,3,8.0,2025-08-08,220.0
west,2x6,3,8.0,2025-08-15,225.0
west,2x6,3,8.0,2025-08-22,225.0
west,2x6,3,10.0,2024-12-13,270.0
west,2x6,3,10.0,2024-12-20,270.0
west,2x6,3,10.0,2025-01-03,280.0
west,2x6,3,10.0,2025-01-10,285.0
west,2x6,3,10.0,2025-01-17,290.0
west,2x6,3,10.0,2025-01-24,290.0
west,2x6,3,10.0,2025-01-31,295.0
west,2x6,3,10.0,2025-02-07,305.0
west,2x6,3,10.0,2025-02-14,315.0
west,2x6,3,10.0,2025-02-21,325.0
west,2x6,3,10.0,2025-02-28,335.0
west,2x6,3,10.0,2025-03-07,340.0
west,2x6,3,10.0,2025-03-14,350.0
west,2x6,3,10.0,2025-03-21,360.0
west,2x6,3,10.0,2025-03-28,360.0
west,2x6,3,10.0,2025-04-04,365.0
west,2x6,3,10.0,2025-04-11,365.0
west,2x6,3,10.0,2025-04-18,365.0
west,2x6,3,10.0,2025-04-25,350.0
west,2x6,3,10.0,2025-05-02,340.0
west,2x6,3,10.0,2025-05-09,330.0
west,2x6,3,10.0,2025-05-16,305.0
west,2x6,3,10.0,2025-05-23,275.0
west,2x6,3,10.0,2025-05-30,250.0
west,2x6,3,10.0,2025-06-06,230.0
west,2x6,3,10.0,2025-06-13,215.0
west,2x6,3,10.0,2025-06-19,210.0
west,2x6,3,10.0,2025-06-27,212.0
west,2x6,3,10.0,2025-07-03,212.0
west,2x6,3,10.0,2025-07-11,216.0
west,2x6,3,10.0,2025-07-18,216.0
west,2x6,3,10.0,2025-07-25,213.0
west,2x6,3,10.0,2025-08-01,220.0
west,2x6,3,10.0,2025-08-08,220.0
west,2x6,3,10.0,2025-08-15,225.0
west,2x6,3,12.0,2024-12-20,270.0
west,2x6,3,12.0,2025-01-03,280.0
west,2x6,3,12.0,2025-01-10,285.0
west,2x6,3,12.0,2025-02-07,305.0
west,2x6,3,12.0,2025-02-21,325.0
west,2x6,3,12.0,2025-03-14,350.0
west,2x6,3,12.0,2025-03-28,360.0
west,2x6,3,12.0,2025-04-04,365.0
west,2x6,3,12.0,2025-04-18,365.0
west,2x6,3,12.0,2025-04-25,350.0
west,2x6,3,12.0,2025-05-09,330.0
west,2x6,3,12.0,2025-05-16,305.0
west,2x6,3,12.0,2025-05-23,275.0
west,2x6,3,12.0,2025-05-30,250.0
west,2x6,3,12.0,2025-06-13,215.0
west,2x6,3,12.0,2025-07-11,216.0
west,2x6,3,12.0,2025-08-01,220.0
west,2x6,3,14.0,2025-01-03,280.0
west,2x6,3,14.0,2025-02-07,305.0
west,2x6,3,14.0,2025-02-21,325.0
west,2x6,3,14.0,2025-03-28,360.0
west,2x6,3,14.0,2025-04-04,365.0
west,2x6,3,14.0,2025-04-18,365.0
west,2x6,3,14.0,2025-04-25,350.0
west,2x6,3,14.0,2025-05-16,305.0
west,2x6,3,14.0,2025-05-23,275.0
west,2x6,3,14.0,2025-06-06,230.0
west,2x6,3,14.0,2025-08-29,225.0
west,2x6,3,16.0,2025-01-03,280.0
west,2x6,3,16.0,2025-02-07,305.0
west,2x6,3,16.0,2025-04-04,365.0
west,2x6,3,16.0,2025-04-11,365.0
west,2x6,3,16.0,2025-04-18,365.0
west,2x6,3,16.0,2025-05-16,305.0
west,2x6,3,16.0,2025-05-23,275.0
west,2x6,3,16.0,2025-07-25,213.0
west,2x6,3,16.0,2025-08-29,225.0
west,2x6,3,18.0,2025-03-21,360.0
west,2x6,3,18.0,2025-05-02,340.0
west,2x6,3,18.0,2025-05-09,330.0
west,2x6,3,18.0,2025-05-23,275.0
west,2x6,3,20.0,2025-02-21,325.0
west,2x6,3,20.0,2025-02-28,335.0
west,2x6,3,20.0,2025-03-07,340.0
west,2x6,3,20.0,2025-03-21,360.0
west,2x6,3,20.0,2025-04-04,365.0
west,2x6,3,20.0,2025-04-25,350.0
west,2x6,3,20.0,2025-05-02,340.0
west,2x6,3,20.0,2025-05-23,275.0
west,2x6,3,20.0,2025-05-30,250.0
west,2x6,3,20.0,2025-07-18,216.0
west,2x6,4,8.0,2024-12-13,235.0
west,2x6,4,8.0,2024-12-20,235.0
west,2x6,4,8.0,2025-01-03,235.0
west,2x6,4,8.0,2025-01-10,235.0
west,2x6,4,8.0,2025-01-17,235.0
west,2x6,4,8.0,2025-01-24,235.0
west,2x6,4,8.0,2025-01-31,245.0
west,2x6,4,8.0,2025-02-07,245.0
west,2x6,4,8.0,2025-02-14,250.0
west,2x6,4,8.0,2025-02-21,260.0
west,2x6,4,8.0,2025-02-28,270.0
west,2x6,4,8.0,2025-03-07,275.0
west,2x6,4,8.0,2025-03-14,285.0
west,2x6,4,8.0,2025-03-21,295.0
west,2x6,4,8.0,2025-03-28,305.0
west,2x6,4,8.0,2025-04-04,310.0
west,2x6,4,8.0,2025-04-11,315.0
west,2x6,4,8.0,2025-04-18,320.0
west,2x6,4,8.0,2025-05-02,305.0
west,2x6,4,8.0,2025-05-09,295.0
west,2x6,4,8.0,2025-05-16,285.0
west,2x6,4,8.0,2025-05-23,255.0
west,2x6,4,8.0,2025-06-06,215.0
west,2x6,4,8.0,2025-06-13,195.0
west,2x6,4,8.0,2025-06-19,190.0
west,2x6,4,8.0,2025-06-27,180.0
west,2x6,4,8.0,2025-07-03,180.0
west,2x6,4,8.0,2025-07-11,180.0
west,2x6,4,8.0,2025-07-18,175.0
west,2x6,4,8.0,2025-07-25,170.0
west,2x6,4,8.0,2025-08-08,170.0
west,2x6,4,8.0,2025-08-15,170.0
west,2x6,4,8.0,2025-08-22,170.0
west,2x6,4,10.0,2024-12-13,235.0
west,2x6,4,10.0,2024-12-20,235.0
west,2x6,4,10.0,2025-01-03,235.0
west,2x6,4,10.0,2025-01-10,235.0
west,2x6,4,10.0,2025-01-17,235.0
west,2x6,4,10.0,2025-01-24,235.0
west,2x6,4,10.0,2025-01-31,245.0
west,2x6,4,10.0,2025-02-07,245.0
west,2x6,4,10.0,2025-02-14,250.0
west,2x6,4,10.0,2025-02-21,260.0
west,2x6,4,10.0,2025-02-28,270.0
west,2x6,4,10.0,2025-03-07,275.0
west,2x6,4,10.0,2025-03-14,285.0
west,2x6,4,10.0,2025-03-21,295.0
west,2x6,4,10.0,2025-03-28,305.0
west,2x6,4,10.0,2025-04-04,310.0
west,2x6,4,10.0,2025-04-11,315.0
west,2x6,4,10.0,2025-04-18,320.0
west,2x6,4,10.0,2025-04-25,310.0
west,2x6,4,10.0,2025-05-02,305.0
west,2x6,4,10.0,2025-05-09,295.0
west,2x6,4,10.0,2025-05-16,285.0
west,2x6,4,10.0,2025-05-23,255.0
west,2x6,4,10.0,2025-05-30,225.0
west,2x6,4,10.0,2025-06-06,215.0
west,2x6,4,10.0,2025-06-13,195.0
west,2x6,4,10.0,2025-06-19,190.0
west,2x6,4,10.0,2025-06-27,180.0
west,2x6,4,10.0,2025-07-03,180.0
west,2x6,4,10.0,2025-07-11,180.0
west,2x6,4,10.0,2025-07-18,175.0
west,2x6,4,10.0,2025-07-25,170.0
west,2x6,4,10.0,2025-08-01,170.0
west,2x6,4,10.0,2025-08-08,170.0
west,2x6,4,10.0,2025-08-15,170.0
west,2x6,4,10.0,2025-08-22,170.0
west,2x6,4,10.0,2025-08-29,165.0
west,2x6,4,12.0,2024-12-13,235.0
west,2x6,4,12.0,2024-12-20,235.0
west,2x6,4,12.0,2025-01-03,235.0
west,2x6,4,12.0,2025-01-10,235.0
west,2x6,4,12.0,2025-01-17,235.0
west,2x6,4,12.0,2025-01-24,235.0
west,2x6,4,12.0,2025-01-31,245.0
west,2x6,4,12.0,2025-02-07,245.0
west,2x6,4,12.0,2025-02-14,250.0
west,2x6,4,12.0,2025-02-21,260.0
west,2x6,4,12.0,2025-02-28,270.0
west,2x6,4,12.0,2025-03-07,275.0
west,2x6,4,12.0,2025-03-14,285.0
west,2x6,4,12.0,2025-03-21,295.0
west,2x6,4,12.0,2025-03-28,305.0
west,2x6,4,12.0,2025-04-04,310.0
west,2x6,4,12.0,2025-04-11,315.0
west,2x6,4,12.0,2025-04-18,320.0
west,2x6,4,12.0,2025-04-25,310.0
west,2x6,4,12.0,2025-05-02,305.0
west,2x6,4,12.0,2025-05-09,295.0
west,2x6,4,12.0,2025-05-16,285.0
west,2x6,4,12.0,2025-05-23,255.0
west,2x6,4,12.0,2025-06-06,215.0
west,2x6,4,12.0,2025-06-19,190.0
west,2x6,4,12.0,2025-07-11,180.0
west,2x6,4,12.0,2025-07-18,175.0
west,2x6,4,12.0,2025-07-25,170.0
west,2x6,4,12.0,2025-08-01,170.0
west,2x6,4,12.0,2025-08-08,170.0
west,2x6,4,12.0,2025-08-15,170.0
west,2x6,4,12.0,2025-08-22,170.0
west,2x6,4,14.0,2024-12-20,235.0
west,2x6,4,14.0,2025-01-03,235.0
west,2x6,4,14.0,2025-01-10,235.0
west,2x6,4,14.0,2025-01-17,235.0
west,2x6,4,14.0,2025-01-24,235.0
west,2x6,4,14.0,2025-01-31,245.0
west,2x6,4,14.0,2025-02-07,245.0
west,2x6,4,14.0,2025-02-14,250.0
west,2x6,4,14.0,2025-02-21,260.0
west,2x6,4,14.0,2025-02-28,270.0
west,2x6,4,14.0,2025-03-07,275.0
west,2x6,4,14.0,2025-03-14,285.0
west,2x6,4,14.0,2025-03-21,295.0
west,2x6,4,14.0,2025-03-28,305.0
west,2x6,4,14.0,2025-04-04,310.0
west,2x6,4,14.0,2025-04-11,315.0
west,2x6,4,14.0,2025-04-18,320.0
west,2x6,4,14.0,2025-04-25,310.0
west,2x6,4,14.0,2025-05-02,305.0
west,2x6,4,14.0,2025-05-09,295.0
west,2x6,4,14.0,2025-05-16,285.0
west,2x6,4,14.0,2025-05-23,255.0
west,2x6,4,14.0,2025-05-30,225.0
west,2x6,4,14.0,2025-06-06,215.0
west,2x6,4,14.0,2025-06-19,190.0
west,2x6,4,14.0,2025-06-27,180.0
west,2x6,4,14.0,2025-07-03,180.0
west,2x6,4,14.0,2025-07-11,180.0
west,2x6,4,14.0,2025-07-18,175.0
west,2x6,4,14.0,2025-07-25,170.0
west,2x6,4,14.0,2025-08-01,170.0
west,2x6,4,14.0,2025-08-08,170.0
west,2x6,4,14.0,2025-08-22,170.0
west,2x6,4,14.0,2025-08-29,165.0
west,2x6,4,16.0,2024-12-13,235.0
west,2x6,4,16.0,2024-12-20,235.0
west,2x6,4,16.0,2025-01-03,235.0
west,2x6,4,16.0,2025-01-10,235.0
west,2x6,4,16.0,2025-01-17,235.0
west,2x6,4,16.0,2025-01-24,235.0
west,2x6,4,16.0,2025-01-31,245.0
west,2x6,4,16.0,2025-02-07,245.0
west,2x6,4,16.0,2025-02-14,250.0
west,2x6,4,16.0,2025-02-21,260.0
west,2x6,4,16.0,2025-02-28,270.0
west,2x6,4,16.0,2025-03-07,275.0
west,2x6,4,16.0,2025-03-14,285.0
west,2x6,4,16.0,2025-03-21,295.0
west,2x6,4,16.0,2025-03-28,305.0
west,2x6,4,16.0,2025-04-04,310.0
west,2x6,4,16.0,2025-04-11,315.0
west,2x6,4,16.0,2025-04-18,320.0
west,2x6,4,16.0,2025-04-25,310.0
west,2x6,4,16.0,2025-05-09,295.0
west,2x6,4,16.0,2025-05-16,285.0
west,2x6,4,16.0,2025-05-23,255.0
west,2x6,4,16.0,2025-05-30,225.0
west,2x6,4,16.0,2025-06-06,215.0
west,2x6,4,16.0,2025-06-13,195.0
west,2x6,4,16.0,2025-06-19,190.0
west,2x6,4,16.0,2025-07-11,180.0
west,2x6,4,16.0,2025-07-25,170.0
west,2x6,4,16.0,2025-08-01,170.0
west,2x6,4,16.0,2025-08-08,170.0
west,2x6,4,16.0,2025-08-15,170.0
west,2x6,4,16.0,2025-08-22,170.0
west,2x6,4,20.0,2025-01-03,235.0
west,2x8,3,8.0,2024-12-13,255.0
west,2x8,3,8.0,2024-12-20,255.0
west,2x8,3,8.0,2025-01-03,260.0
west,2x8,3,8.0,2025-01-10,265.0
west,2x8,3,8.0,2025-01-17,265.0
west,2x8,3,8.0,2025-01-24,265.0
west,2x8,3,8.0,2025-01-31,270.0
west,2x8,3,8.0,2025-02-07,275.0
west,2x8,3,8.0,2025-02-21,285.0
west,2x8,3,8.0,2025-02-28,290.0
west,2x8,3,8.0,2025-03-07,295.0
west,2x8,3,8.0,2025-03-14,305.0
west,2x8,3,8.0,2025-03-21,315.0
west,2x8,3,8.0,2025-03-28,325.0
west,2x8,3,8.0,2025-04-04,330.0
west,2x8,3,8.0,2025-04-11,330.0
west,2x8,3,8.0,2025-04-18,335.0
west,2x8,3,8.0,2025-04-25,335.0
west,2x8,3,8.0,2025-05-02,335.0
west,2x8,3,8.0,2025-05-16,315.0
west,2x8,3,8.0,2025-05-23,290.0
west,2x8,3,8.0,2025-05-30,270.0
west,2x8,3,8.0,2025-06-06,250.0
west,2x8,3,8.0,2025-06-13,235.0
west,2x8,3,8.0,2025-06-19,225.0
west,2x8,3,8.0,2025-06-27,225.0
west,2x8,3,8.0,2025-07-03,225.0
west,2x8,3,8.0,2025-07-11,225.0
west,2x8,3,8.0,2025-07-18,225.0
west,2x8,3,8.0,2025-07-25,225.0
west,2x8,3,8.0,2025-08-01,225.0
west,2x8,3,8.0,2025-08-08,225.0
west,2x8,3,8.0,2025-08-15,235.0
west,2x8,3,8.0,2025-08-22,235.0
west,2x8,3,8.0,2025-08-29,225.0
west,2x8,3,10.0,2024-12-20,255.0
west,2x8,3,10.0,2025-01-03,260.0
west,2x8,3,10.0,2025-01-10,265.0
west,2x8,3,10.0,2025-01-17,265.0
west,2x8,3,10.0,2025-01-24,265.0
west,2x8,3,10.0,2025-01-31,270.0
west,2x8,3,10.0,2025-02-07,275.0
west,2x8,3,10.0,2025-02-21,285.0
west,2x8,3,10.0,2025-02-28,290.0
west,2x8,3,10.0,2025-03-07,295.0
west,2x8,3,10.0,2025-03-14,305.0
west,2x8,3,10.0,2025-03-21,315.0
west,2x8,3,10.0,2025-03-28,325.0
west,2x8,3,10.0,2025-04-04,330.0
west,2x8,3,10.0,2025-04-11,330.0
west,2x8,3,10.0,2025-04-18,335.0
west,2x8,3,10.0,2025-04-25,335.0
west,2x8,3,10.0,2025-05-02,335.0
west,2x8,3,10.0,2025-05-16,315.0
west,2x8,3,10.0,2025-05-23,290.0
west,2x8,3,10.0,2025-05-30,270.0
west,2x8,3,10.0,2025-06-06,250.0
west,2x8,3,10.0,2025-06-13,235.0
west,2x8,3,10.0,2025-06-19,225.0
west,2x8,3,10.0,2025-06-27,225.0
west,2x8,3,10.0,2025-07-03,225.0
west,2x8,3,10.0,2025-07-11,225.0
west,2x8,3,10.0,2025-07-18,225.0
west,2x8,3,10.0,2025-07-25,225.0
west,2x8,3,10.0,2025-08-01,225.0
west,2x8,3,10.0,2025-08-08,225.0
west,2x8,3,10.0,2025-08-15,235.0
west,2x8,3,10.0,2025-08-22,235.0
west,2x8,3,12.0,2024-12-13,255.0
west,2x8,3,12.0,2024-12-20,255.0
west,2x8,3,12.0,2025-01-03,260.0
west,2x8,3,12.0,2025-01-10,265.0
west,2x8,3,12.0,2025-01-17,265.0
west,2x8,3,12.0,2025-01-24,265.0
west,2x8,3,12.0,2025-01-31,270.0
west,2x8,3,12.0,2025-02-07,275.0
west,2x8,3,12.0,2025-02-14,280.0
west,2x8,3,12.0,2025-02-21,285.0
west,2x8,3,12.0,2025-02-28,290.0
west,2x8,3,12.0,2025-03-07,295.0
west,2x8,3,12.0,2025-03-14,305.0
west,2x8,3,12.0,2025-03-21,315.0
west,2x8,3,12.0,2025-03-28,325.0
west,2x8,3,12.0,2025-04-04,330.0
west,2x8,3,12.0,2025-04-11,330.0
west,2x8,3,12.0,2025-04-18,335.0
west,2x8,3,12.0,2025-04-25,335.0
west,2x8,3,12.0,2025-05-02,335.0
west,2x8,3,12.0,2025-05-16,315.0
west,2x8,3,12.0,2025-05-23,290.0
west,2x8,3,12.0,2025-05-30,270.0
west,2x8,3,12.0,2025-06-06,250.0
west,2x8,3,12.0,2025-06-13,235.0
west,2x8,3,12.0,2025-06-19,225.0
west,2x8,3,12.0,2025-06-27,225.0
west,2x8,3,12.0,2025-07-03,225.0
west,2x8,3,12.0,2025-07-11,225.0
west,2x8,3,12.0,2025-07-18,225.0
west,2x8,3,12.0,2025-07-25,225.0
west,2x8,3,12.0,2025-08-01,225.0
west,2x8,3,12.0,2025-08-08,225.0
west,2x8,3,12.0,2025-08-15,235.0
west,2x8,3,12.0,2025-08-22,235.0
west,2x8,3,14.0,2024-12-06,255.0
west,2x8,3,14.0,2024-12-13,255.0
west,2x8,3,14.0,2024-12-20,255.0
west,2x8,3,14.0,2025-01-03,260.0
west,2x8,3,14.0,2025-01-10,265.0
west,2x8,3,14.0,2025-01-17,265.0
west,2x8,3,14.0,2025-01-24,265.0
west,2x8,3,14.0,2025-01-31,270.0
west,2x8,3,14.0,2025-02-07,275.0
west,2x8,3,14.0,2025-02-14,280.0
west,2x8,3,14.0,2025-02-21,285.0
west,2x8,3,14.0,2025-02-28,290.0
west,2x8,3,14.0,2025-03-07,295.0
west,2x8,3,14.0,2025-03-14,305.0
west,2x8,3,14.0,2025-03-21,315.0
west,2x8,3,14.0,2025-03-28,325.0
west,2x8,3,14.0,2025-04-04,330.0
west,2x8,3,14.0,2025-04-18,335.0
west,2x8,3,14.0,2025-04-25,335.0
west,2x8,3,14.0,2025-05-02,335.0
west,2x8,3,14.0,2025-05-16,315.0
west,2x8,3,14.0,2025-05-23,290.0
west,2x8,3,14.0,2025-05-30,270.0
west,2x8,3,14.0,2025-06-06,250.0
west,2x8,3,14.0,2025-06-13,235.0
west,2x8,3,14.0,2025-06-19,225.0
west,2x8,3,14.0,2025-06-27,225.0
west,2x8,3,14.0,2025-07-03,225.0
west,2x8,3,14.0,2025-07-11,225.0
west,2x8,3,14.0,2025-07-18,225.0
west,2x8,3,14.0,2025-07-25,225.0
west,2x8,3,14.0,2025-08-01,225.0
west,2x8,3,14.0,2025-08-08,225.0
west,2x8,3,14.0,2025-08-15,235.0
west,2x8,3,14.0,2025-08-22,235.0
west,2x8,3,16.0,2024-12-06,255.0
west,2x8,3,16.0,2024-12-13,255.0
west,2x8,3,16.0,2024-12-20,255.0
west,2x8,3,16.0,2025-01-03,260.0
west,2x8,3,16.0,2025-01-10,265.0
west,2x8,3,16.0,2025-01-17,265.0
west,2x8,3,16.0,2025-01-24,265.0
west,2x8,3,16.0,2025-01-31,270.0
west,2x8,3,16.0,2025-02-07,275.0
west,2x8,3,16.0,2025-02-14,280.0
west,2x8,3,16.0,2025-02-21,285.0
west,2x8,3,16.0,2025-02-28,290.0
west,2x8,3,16.0,2025-03-07,295.0
west,2x8,3,16.0,2025-03-14,305.0
west,2x8,3,16.0,2025-03-21,315.0
west,2x8,3,16.0,2025-03-28,325.0
west,2x8,3,16.0,2025-04-04,330.0
west,2x8,3,16.0,2025-04-11,330.0
west,2x8,3,16.0,2025-04-18,335.0
west,2x8,3,16.0,2025-04-25,335.0
west,2x8,3,16.0,2025-05-02,335.0
west,2x8,3,16.0,2025-05-16,315.0
west,2x8,3,16.0,2025-05-23,290.0
west,2x8,3,16.0,2025-05-30,270.0
west,2x8,3,16.0,2025-06-06,250.0
west,2x8,3,16.0,2025-06-13,235.0
west,2x8,3,16.0,2025-06-19,225.0
west,2x8,3,16.0,2025-06-27,225.0
west,2x8,3,16.0,2025-07-03,225.0
west,2x8,3,16.0,2025-07-11,225.0
west,2x8,3,16.0,2025-07-18,225.0
west,2x8,3,16.0,2025-07-25,225.0
west,2x8,3,16.0,2025-08-01,225.0
west,2x8,3,16.0,2025-08-08,225.0
west,2x8,3,16.0,2025-08-15,235.0
west,2x8,3,16.0,2025-08-22,235.0
west,2x8,3,18.0,2024-12-20,255.0
west,2x8,3,18.0,2025-01-31,270.0
west,2x8,3,18.0,2025-02-21,285.0
west,2x8,3,18.0,2025-04-25,335.0
west,2x8,3,18.0,2025-05-30,270.0
west,2x8,3,18.0,2025-06-06,250.0
west,2x8,3,18.0,2025-08-01,225.0
west,2x8,3,18.0,2025-08-08,225.0
west,2x8,3,20.0,2024-12-20,255.0
west,2x8,3,20.0,2025-01-10,265.0
west,2x8,3,20.0,2025-01-24,265.0
west,2x8,3,20.0,2025-02-21,285.0
west,2x8,3,20.0,2025-04-25,335.0
west,2x8,3,20.0,2025-05-30,270.0
west,2x8,3,20.0,2025-06-06,250.0
west,2x8,3,20.0,2025-08-01,225.0
west,2x8,3,20.0,2025-08-08,225.0
west,2x8,4,8.0,2024-12-13,225.0
west,2x8,4,8.0,2024-12-20,225.0
west,2x8,4,8.0,2025-01-10,225.0
west,2x8,4,8.0,2025-01-17,225.0
west,2x8,4,8.0,2025-01-24,225.0
west,2x8,4,8.0,2025-01-31,225.0
west,2x8,4,8.0,2025-02-07,230.0
west,2x8,4,8.0,2025-02-14,235.0
west,2x8,4,8.0,2025-02-21,240.0
west,2x8,4,8.0,2025-02-28,250.0
west,2x8,4,8.0,2025-03-07,260.0
west,2x8,4,8.0,2025-03-14,270.0
west,2x8,4,8.0,2025-03-21,280.0
west,2x8,4,8.0,2025-03-28,290.0
west,2x8,4,8.0,2025-04-04,295.0
west,2x8,4,8.0,2025-04-11,300.0
west,2x8,4,8.0,2025-04-18,310.0
west,2x8,4,8.0,2025-04-25,310.0
west,2x8,4,8.0,2025-05-02,310.0
west,2x8,4,8.0,2025-05-09,305.0
west,2x8,4,8.0,2025-05-16,300.0
west,2x8,4,8.0,2025-05-30,260.0
west,2x8,4,8.0,2025-06-13,220.0
west,2x8,4,8.0,2025-06-19,210.0
west,2x8,4,8.0,2025-06-27,205.0
west,2x8,4,8.0,2025-07-03,205.0
west,2x8,4,8.0,2025-07-11,205.0
west,2x8,4,8.0,2025-07-18,200.0
west,2x8,4,8.0,2025-07-25,200.0
west,2x8,4,8.0,2025-08-01,200.0
west,2x8,4,8.0,2025-08-08,200.0
west,2x8,4,8.0,2025-08-15,200.0
west,2x8,4,8.0,2025-08-22,200.0
west,2x8,4,8.0,2025-08-29,200.0
west,2x8,4,10.0,2024-12-13,225.0
west,2x8,4,10.0,2024-12-20,225.0
west,2x8,4,10.0,2025-01-10,225.0
west,2x8,4,10.0,2025-01-17,225.0
west,2x8,4,10.0,2025-01-24,225.0
west,2x8,4,10.0,2025-01-31,225.0
west,2x8,4,10.0,2025-02-07,230.0
west,2x8,4,10.0,2025-02-14,235.0
west,2x8,4,10.0,2025-02-21,240.0
west,2x8,4,10.0,2025-02-28,250.0
west,2x8,4,10.0,2025-03-07,260.0
west,2x8,4,10.0,2025-03-14,270.0
west,2x8,4,10.0,2025-03-21,280.0
west,2x8,4,10.0,2025-03-28,290.0
west,2x8,4,10.0,2025-04-04,295.0
west,2x8,4,10.0,2025-04-11,300.0
west,2x8,4,10.0,2025-04-18,310.0
west,2x8,4,10.0,2025-04-25,310.0
west,2x8,4,10.0,2025-05-02,310.0
west,2x8,4,10.0,2025-05-09,305.0
west,2x8,4,10.0,2025-05-16,300.0
west,2x8,4,10.0,2025-05-23,285.0
west,2x8,4,10.0,2025-05-30,260.0
west,2x8,4,10.0,2025-06-13,220.0
west,2x8,4,10.0,2025-06-19,210.0
west,2x8,4,10.0,2025-06-27,205.0
west,2x8,4,10.0,2025-07-03,205.0
west,2x8,4,10.0,2025-07-11,205.0
west,2x8,4,10.0,2025-07-18,200.0
west,2x8,4,10.0,2025-07-25,200.0
west,2x8,4,10.0,2025-08-01,200.0
west,2x8,4,10.0,2025-08-08,200.0
west,2x8,4,10.0,2025-08-15,200.0
west,2x8,4,12.0,2024-12-13,225.0
west,2x8,4,12.0,2024-12-20,225.0
west,2x8,4,12.0,2025-01-03,225.0
west,2x8,4,12.0,2025-01-10,225.0
west,2x8,4,12.0,2025-01-17,225.0
west,2x8,4,12.0,2025-01-24,225.0
west,2x8,4,12.0,2025-01-31,225.0
west,2x8,4,12.0,2025-02-07,230.0
west,2x8,4,12.0,2025-02-14,235.0
west,2x8,4,12.0,2025-02-21,240.0
west,2x8,4,12.0,2025-02-28,250.0
west,2x8,4,12.0,2025-03-07,260.0
west,2x8,4,12.0,2025-03-14,270.0
west,2x8,4,12.0,2025-03-21,280.0
west,2x8,4,12.0,2025-03-28,290.0
west,2x8,4,12.0,2025-04-04,295.0
west,2x8,4,12.0,2025-04-11,300.0
west,2x8,4,12.0,2025-04-18,310.0
west,2x8,4,12.0,2025-04-25,310.0
west,2x8,4,12.0,2025-05-02,310.0
west,2x8,4,12.0,2025-05-09,305.0
west,2x8,4,12.0,2025-05-16,300.0
west,2x8,4,12.0,2025-05-23,285.0
west,2x8,4,12.0,2025-05-30,260.0
west,2x8,4,12.0,2025-06-13,220.0
west,2x8,4,12.0,2025-06-27,205.0
west,2x8,4,12.0,2025-07-03,205.0
west,2x8,4,12.0,2025-07-11,205.0
west,2x8,4,12.0,2025-07-18,200.0
west,2x8,4,12.0,2025-07-25,200.0
west,2x8,4,12.0,2025-08-01,200.0
west,2x8,4,12.0,2025-08-08,200.0
west,2x8,4,12.0,2025-08-15,200.0
west,2x8,4,12.0,2025-08-22,200.0
west,2x8,4,12.0,2025-08-29,200.0
west,2x8,4,14.0,2024-12-13,225.0
west,2x8,4,14.0,2024-12-20,225.0
west,2x8,4,14.0,2025-01-10,225.0
west,2x8,4,14.0,2025-01-17,225.0
west,2x8,4,14.0,2025-01-24,225.0
west,2x8,4,14.0,2025-01-31,225.0
west,2x8,4,14.0,2025-02-07,230.0
west,2x8,4,14.0,2025-02-14,235.0
west,2x8,4,14.0,2025-02-21,240.0
west,2x8,4,14.0,2025-02-28,250.0
west,2x8,4,14.0,2025-03-07,260.0
west,2x8,4,14.0,2025-03-14,270.0
west,2x8,4,14.0,2025-03-21,280.0
west,2x8,4,14.0,2025-03-28,290.0
west,2x8,4,14.0,2025-04-04,295.0
west,2x8,4,14.0,2025-04-11,300.0
west,2x8,4,14.0,2025-04-25,310.0
west,2x8,4,14.0,2025-05-02,310.0
west,2x8,4,14.0,2025-05-09,305.0
west,2x8,4,14.0,2025-05-16,300.0
west,2x8,4,14.0,2025-05-23,285.0
west,2x8,4,14.0,2025-05-30,260.0
west,2x8,4,14.0,2025-06-13,220.0
west,2x8,4,14.0,2025-06-27,205.0
west,2x8,4,14.0,2025-07-18,200.0
west,2x8,4,14.0,2025-07-25,200.0
west,2x8,4,14.0,2025-08-01,200.0
west,2x8,4,14.0,2025-08-08,200.0
west,2x8,4,14.0,2025-08-15,200.0
west,2x8,4,16.0,2024-12-13,225.0
west,2x8,4,16.0,2024-12-20,225.0
west,2x8,4,16.0,2025-01-10,225.0
west,2x8,4,16.0,2025-01-17,225.0
west,2x8,4,16.0,2025-01-24,225.0
west,2x8,4,16.0,2025-01-31,225.0
west,2x8,4,16.0,2025-02-07,230.0
west,2x8,4,16.0,2025-02-14,235.0
west,2x8,4,16.0,2025-02-21,240.0
west,2x8,4,16.0,2025-02-28,250.0
west,2x8,4,16.0,2025-03-07,260.0
west,2x8,4,16.0,2025-03-14,270.0
west,2x8,4,16.0,2025-03-21,280.0
west,2x8,4,16.0,2025-03-28,290.0
west,2x8,4,16.0,2025-04-04,295.0
west,2x8,4,16.0,2025-04-11,300.0
west,2x8,4,16.0,2025-04-18,310.0
west,2x8,4,16.0,2025-04-25,310.0
west,2x8,4,16.0,2025-05-02,310.0
west,2x8,4,16.0,2025-05-16,300.0
west,2x8,4,16.0,2025-05-23,285.0
west,2x8,4,16.0,2025-05-30,260.0
west,2x8,4,16.0,2025-06-13,220.0
west,2x8,4,16.0,2025-06-19,210.0
west,2x8,4,16.0,2025-07-11,205.0
west,2x8,4,16.0,2025-07-18,200.0
west,2x8,4,16.0,2025-08-01,200.0
west,2x8,4,16.0,2025-08-08,200.0
west,2x8,4,16.0,2025-08-15,200.0
west,2x8,4,16.0,2025-08-22,200.0
west,2x8,4,16.0,2025-08-29,200.0
west,2x8,4,18.0,2025-03-07,260.0
