mill,vendor_cid,mill_region,dest_location_type,dest_city,dest_st,dimension,grade,length_ft,volume_bf,delivered_cost_per_mbf_avg,rl_price_per_mbf_avg,index_relative_margin_per_mbf_avg
"Alabama Pallets (Birmingham, AL)",373025,nan,Customer,Trafford,AL,96x72,,,3.0,81666.66666666667,,
"Anthony Timberlands, Inc (Bearden, AR)",938,west,Customer,Bryan,TX,2x10,,8.0,39.99999,241.67609162545367,,
"Anthony Timberlands, Inc (Bearden, AR)",938,west,Customer,Bryan,TX,2x10,,16.0,106.66668,224.987989219592,,
"Anthony Timberlands, Inc (Bearden, AR)",938,west,Customer,Bryan,TX,2x10,,,6.66667,250.0,,
"Anthony Timberlands, Inc (Bearden, AR)",938,west,Customer,Bryan,TX,2x10,,6.0,20.0,217.5,,
"Anthony Timberlands, Inc (Bearden, AR)",938,west,Customer,Bryan,TX,2x10,,10.0,50.00001,241.64792363454566,,
"Anthony Timberlands, Inc (Bearden, AR)",938,west,Customer,Bryan,TX,2x10,,12.0,80.0,225.0,,
"Anthony Timberlands, Inc (Bearden, AR)",938,west,Customer,Bryan,TX,2x10,,14.0,46.66666,224.9979948378015,,
"Anthony Timberlands, Inc (Bearden, AR)",938,west,Customer,Bryan,TX,2x12,,8.0,112.0,244.28571428571428,,
"Anthony Timberlands, Inc (Bearden, AR)",938,west,Customer,Bryan,TX,2x12,,16.0,96.0,258.3333333333333,,
"Anthony Timberlands, Inc (Bearden, AR)",938,west,Customer,Bryan,TX,2x12,,,8.0,205.000018643466,,
"Anthony Timberlands, Inc (Bearden, AR)",938,west,Customer,Bryan,TX,2x12,,6.0,48.0,236.25000253182876,,
"Anthony Timberlands, Inc (Bearden, AR)",938,west,Customer,Bryan,TX,2x12,,10.0,140.0,240.71428571428572,,
"Anthony Timberlands, Inc (Bearden, AR)",938,west,Customer,Bryan,TX,2x12,,12.0,144.0,262.49999348958335,,
"Anthony Timberlands, Inc (Bearden, AR)",938,west,Customer,Bryan,TX,2x12,,14.0,196.0,237.14285873724484,,
"Anthony Timberlands, Inc (Bearden, AR)",938,west,Customer,Bullard,TX,2x12,,16.0,32.0,184.999988839286,,
"Anthony Timberlands, Inc (Bearden, AR)",938,west,Customer,Bullard,TX,2x12,,12.0,24.0,185.000009114583,,
"Anthony Timberlands, Inc (Bearden, AR)",938,west,Customer,Flintville,TN,2x12,,6.0,12.0,200.000009014423,,
"Anthony Timberlands, Inc (Bearden, AR)",938,west,Customer,Flintville,TN,2x12,,12.0,24.0,245.0,,
"Anthony Timberlands, Inc (Bearden, AR)",938,west,Customer,Flintville,TN,2x12,,14.0,28.0,245.0,,
"Anthony Timberlands, Inc (Bearden, AR)",938,west,Customer,Gordo,AL,6x6,,8.0,24.0,300.0,,
"Anthony Timberlands, Inc (Bearden, AR)",938,west,Customer,Gordo,AL,6x6,,16.0,48.0,299.999986979167,,
"Anthony Timberlands, Inc (Bearden, AR)",938,west,Customer,Gordo,AL,6x6,,12.0,108.0,300.00000868055537,,
"Anthony Timberlands, Inc (Bearden, AR)",938,west,Customer,Gordo,AL,6x6,,14.0,42.0,300.0,,
"Anthony Timberlands, Inc (Bearden, AR)",938,west,Customer,Markleville,IN,2x8,,,5.33333,200.008478196255,,
"Anthony Timberlands, Inc (Bearden, AR)",938,west,Customer,Silsbee,TX,2x12,,8.0,176.0,249.45454445578835,,
"Anthony Timberlands, Inc (Bearden, AR)",938,west,Customer,Silsbee,TX,2x12,,16.0,384.0,241.58332918294275,,
"Anthony Timberlands, Inc (Bearden, AR)",938,west,Customer,Silsbee,TX,2x12,,,16.0,264.999990446671,,
"Anthony Timberlands, Inc (Bearden, AR)",938,west,Customer,Silsbee,TX,2x12,,10.0,220.0,267.4848472419507,,
"Anthony Timberlands, Inc (Bearden, AR)",938,west,Customer,Silsbee,TX,2x12,,12.0,312.0,256.0769230769231,,
"Anthony Timberlands, Inc (Bearden, AR)",938,west,Customer,Silsbee,TX,2x12,,14.0,336.0,256.79166350446417,,
"Anthony Timberlands, Inc (Bearden, AR)",938,west,Customer,Silsbee,TX,2x12,,18.0,108.0,255.0,,
"Anthony Timberlands, Inc (Bearden, AR)",938,west,Customer,Silsbee,TX,2x12,,20.0,80.0,250.0,,
"Anthony Timberlands, Inc (Bearden, AR)",938,west,Customer,Silsbee,TX,2x8,,,5.33333,285.025304093048,,
"Anthony Timberlands, Inc (Bearden, AR)",938,west,Customer,Somerset,KY,6x6,,8.0,24.0,299.999986979167,,
"Anthony Timberlands, Inc (Bearden, AR)",938,west,Customer,Somerset,KY,6x6,,10.0,30.0,300.0,,
"Anthony Timberlands, Inc (Bearden, AR)",938,west,Customer,Somerset,KY,6x6,,12.0,36.0,300.000013020833,,
"Anthony Timberlands, Inc (Bearden, AR)",938,west,Customer,Springfield,MO,2x4,,16.0,10.66667,260.029299075952,,
"Anthony Timberlands, Inc (Bearden, AR)",938,west,Customer,Springfield,MO,2x4,,12.0,8.0,260.0,,
"Anthony Timberlands, Inc (Bearden, AR)",938,west,Customer,Springfield,MO,2x4,,14.0,9.33333,260.0,,
"Anthony Timberlands, Inc (Bearden, AR)",938,west,Customer,Tuscumbia,AL,6x6,,8.0,48.0,325.000021339699,,
"Anthony Timberlands, Inc (Bearden, AR)",938,west,Customer,Tuscumbia,AL,6x6,,16.0,48.0,350.00001953125,,
"Anthony Timberlands, Inc (Bearden, AR)",938,west,Customer,Tuscumbia,AL,6x6,,12.0,72.0,325.000009765625,,
"Anthony Timberlands, Inc (Bearden, AR)",938,west,Customer,West Union,OH,6x6,,8.0,48.0,275.0,,
"Anthony Timberlands, Inc (Bearden, AR)",938,west,Customer,West Union,OH,6x6,,16.0,96.0,275.0,,
"Anthony Timberlands, Inc (Bearden, AR)",938,west,Customer,West Union,OH,6x6,,,24.0,250.0,,
"Anthony Timberlands, Inc (Bearden, AR)",938,west,Customer,West Union,OH,6x6,,10.0,30.0,275.0,,
"Anthony Timberlands, Inc (Bearden, AR)",938,west,Customer,West Union,OH,6x6,,12.0,72.0,275.0,,
"Anthony Timberlands, Inc (Bearden, AR)",938,west,Customer,West Union,OH,6x6,,14.0,84.0,275.00000992063497,,
"Anthony Timberlands, Inc (Bearden, AR)",938,west,TLR,Birmingham,AL,6x6,,,12.0,250.0,,
"Anthony Timberlands, Inc (Malvern, AR)",939,west,Customer,Bryan,TX,2x10,,8.0,39.99999,220.6658805115147,,
"Anthony Timberlands, Inc (Malvern, AR)",939,west,Customer,Bryan,TX,2x10,,16.0,26.66667,234.982423248184,,
"Anthony Timberlands, Inc (Malvern, AR)",939,west,Customer,Bryan,TX,2x10,,,13.33334,232.498311138875,,
"Anthony Timberlands, Inc (Malvern, AR)",939,west,Customer,Bryan,TX,2x10,,6.0,30.0,226.66666666666666,,
"Anthony Timberlands, Inc (Malvern, AR)",939,west,Customer,Bryan,TX,2x10,,10.0,16.66667,235.056264066017,,
"Anthony Timberlands, Inc (Malvern, AR)",939,west,Customer,Bryan,TX,2x10,,12.0,40.0,217.5,,
"Anthony Timberlands, Inc (Malvern, AR)",939,west,Customer,Bryan,TX,2x10,,14.0,23.33333,200.018751674257,,
"Anthony Timberlands, Inc (Malvern, AR)",939,west,Customer,Bryan,TX,2x12,,8.0,16.0,245.0,,
"Anthony Timberlands, Inc (Malvern, AR)",939,west,Customer,Bryan,TX,2x12,,,8.0,160.0,,
"Anthony Timberlands, Inc (Malvern, AR)",939,west,Customer,Bryan,TX,2x12,,6.0,12.0,160.0,,
"Anthony Timberlands, Inc (Malvern, AR)",939,west,Customer,Bryan,TX,2x8,,8.0,21.33334,285.0,,
"Anthony Timberlands, Inc (Malvern, AR)",939,west,Customer,Bryan,TX,2x8,,16.0,42.66666,265.05495359062047,,
"Anthony Timberlands, Inc (Malvern, AR)",939,west,Customer,Bryan,TX,2x8,,10.0,26.66666,265.043962485346,,
"Anthony Timberlands, Inc (Malvern, AR)",939,west,Customer,Bryan,TX,2x8,,12.0,32.0,264.999988064236,,
"Anthony Timberlands, Inc (Malvern, AR)",939,west,Customer,Bryan,TX,2x8,,14.0,37.33334,265.0,,
"Anthony Timberlands, Inc (Malvern, AR)",939,west,Customer,Dallas,TX,2x4,,8.0,10.66666,314.909813562795,,
"Anthony Timberlands, Inc (Malvern, AR)",939,west,Customer,Ennis,TX,2x4,,,2.66667,234.929011418269,,
"Anthony Timberlands, Inc (Malvern, AR)",939,west,Customer,Ennis,TX,2x4,,6.0,4.0,235.0,,
"Anthony Timberlands, Inc (Malvern, AR)",939,west,Customer,Silsbee,TX,2x10,,,6.66667,205.06976050456,,
"Anthony Timberlands, Inc (Malvern, AR)",939,west,Customer,Silsbee,TX,2x12,,8.0,32.0,158.33333333333348,,
"Anthony Timberlands, Inc (Malvern, AR)",939,west,Customer,Silsbee,TX,2x12,,16.0,64.0,158.33333333333348,,
"Anthony Timberlands, Inc (Malvern, AR)",939,west,Customer,Silsbee,TX,2x12,,10.0,20.0,253.333323697917,,
"Anthony Timberlands, Inc (Malvern, AR)",939,west,Customer,Silsbee,TX,2x12,,12.0,48.0,190.0,,
"Anthony Timberlands, Inc (Malvern, AR)",939,west,Customer,Silsbee,TX,2x12,,14.0,56.0,221.66666666666652,,
"Anthony Timberlands, Inc (Malvern, AR)",939,west,Customer,Springfield,MO,1x4,,8.0,2.66667,275.0,,
"Anthony Timberlands, Inc (Malvern, AR)",939,west,Customer,Springfield,MO,1x4,,16.0,5.33333,275.067155067155,,
"Anthony Timberlands, Inc (Malvern, AR)",939,west,Customer,Springfield,MO,1x4,,10.0,3.33333,275.035811954682,,
"Anthony Timberlands, Inc (Malvern, AR)",939,west,Customer,Springfield,MO,1x4,,12.0,4.0,275.0,,
"Anthony Timberlands, Inc (Malvern, AR)",939,west,Customer,Springfield,MO,1x4,,14.0,4.66667,274.999988839286,,
"Anthony Timberlands, Inc (Malvern, AR)",939,west,Customer,Winfield,KS,1x4,,8.0,8.00001,266.66667100694434,,
"Anthony Timberlands, Inc (Malvern, AR)",939,west,Customer,Winfield,KS,1x4,,16.0,5.33333,250.06105006105,,
"Anthony Timberlands, Inc (Malvern, AR)",939,west,Customer,Winfield,KS,1x4,,,1.33333,200.02604505795,,
"Anthony Timberlands, Inc (Malvern, AR)",939,west,Customer,Winfield,KS,1x4,,6.0,4.0,287.5,,
"Anthony Timberlands, Inc (Malvern, AR)",939,west,Customer,Winfield,KS,1x4,,10.0,6.66666,375.4400835126695,,
"Anthony Timberlands, Inc (Malvern, AR)",939,west,Customer,Winfield,KS,1x4,,12.0,8.0,250.0,,
"Anthony Timberlands, Inc (Malvern, AR)",939,west,Customer,Winfield,KS,1x4,,14.0,4.66667,250.0,,
"Anthony Timberlands, Inc (Malvern, AR)",939,west,Customer,Winfield,KS,1x6,,8.0,4.0,275.0,,
"Anthony Timberlands, Inc (Malvern, AR)",939,west,Customer,Winfield,KS,1x6,,16.0,8.0,275.0,,
"Anthony Timberlands, Inc (Malvern, AR)",939,west,Customer,Winfield,KS,1x6,,,2.0,250.0,,
"Anthony Timberlands, Inc (Malvern, AR)",939,west,Customer,Winfield,KS,1x6,,6.0,3.0,250.0,,
"Anthony Timberlands, Inc (Malvern, AR)",939,west,Customer,Winfield,KS,1x6,,10.0,5.0,275.0,,
"Anthony Timberlands, Inc (Malvern, AR)",939,west,Customer,Winfield,KS,1x6,,12.0,6.0,275.0,,
"Anthony Timberlands, Inc (Malvern, AR)",939,west,Customer,Winfield,KS,1x6,,14.0,7.0,274.999988839286,,
"Anthony Timberlands, Inc (Malvern, AR)",939,west,TLR,Birmingham,AL,2x10,,8.0,13.33333,224.99680402267,,
"Anthony Timberlands, Inc (Malvern, AR)",939,west,TLR,Birmingham,AL,2x12,,,8.0,160.0,,
"Anthony Timberlands, Inc (Malvern, AR)",939,west,TLR,Birmingham,AL,2x12,,6.0,12.0,160.0,,
"Atlee E Hershberger (Summersville, MO)",377767,nan,Customer,Catoosa,OK,3x4,,8.0,8.0,425.0,,
"Atlee E Hershberger (Summersville, MO)",377767,nan,Customer,Evansville,WI,3x4,,8.0,8.0,425.0,,
"Atlee E Hershberger (Summersville, MO)",377767,nan,Customer,Fulton,MS,3x4,,8.0,8.0,385.0,,
"Atlee E Hershberger (Summersville, MO)",377767,nan,Customer,Grapeland,TX,3x4,,8.0,8.0,410.015782828283,,
"Atlee E Hershberger (Summersville, MO)",377767,nan,Customer,Houston,TX,3x4,,8.0,8.0,389.583333333333,,
"Atlee E Hershberger (Summersville, MO)",377767,nan,Customer,Indianapolis,IN,3x4,,8.0,8.0,410.0,,
"Atlee E Hershberger (Summersville, MO)",377767,nan,Customer,Jewett,TX,3x4,,8.0,16.0,425.0,,
"Atlee E Hershberger (Summersville, MO)",377767,nan,Customer,Longview,TX,3x4,,8.0,16.0,412.50000385993053,,
"Atlee E Hershberger (Summersville, MO)",377767,nan,Customer,Monroe,LA,3x4,,8.0,8.0,410.0,,
"Atlee E Hershberger (Summersville, MO)",377767,nan,Customer,Portland,IN,3x4,,8.0,8.0,399.999973958333,,
"Atlee E Hershberger (Summersville, MO)",377767,nan,Customer,Rensselaer,IN,3x4,,8.0,32.0,412.5,,
"Atlee E Hershberger (Summersville, MO)",377767,nan,Customer,Saint Joseph,MO,3x4,,8.0,8.0,425.000020777926,,
"Austell Forest Products Inc (Gordo, AL)",942,central,Customer,Auburn,KY,4x6,,10.0,80.0,329.999980654762,,
"Austell Forest Products Inc (Gordo, AL)",942,central,Customer,Carrollton,KY,1x4,,8.0,2.66667,699.999968927557,,
"Austell Forest Products Inc (Gordo, AL)",942,central,Customer,Chattanooga,TN,1x6,,6.0,9.0,151.078431139122,,
"Austell Forest Products Inc (Gordo, AL)",942,central,Customer,Meridian,MS,1x4,,8.0,16.00002,671.7391252560421,,
"Austell Forest Products Inc (Gordo, AL)",942,central,Customer,Ranburne,AL,1x4,,8.0,10.66668,549.999970278533,,
"Austell Forest Products Inc (Gordo, AL)",942,central,Customer,Ranburne,AL,1x4,,10.0,33.3333,578.0250878944394,,
"B & B Log & Lumber Co, Inc. (Atoka, OK)",14328,nan,Customer,Arcadia,OK,4x8,,8.0,21.33333,600.093764650727,,
"B & B Log & Lumber Co, Inc. (Atoka, OK)",14328,nan,Customer,Dallas,TX,2x10,,8.0,13.33333,800.500312695435,,
"B & B Log & Lumber Co, Inc. (Atoka, OK)",14328,nan,Customer,Dallas,TX,2x10,,10.0,16.66667,800.0,,
"B & B Log & Lumber Co, Inc. (Atoka, OK)",14328,nan,Customer,Dallas,TX,2x4,,8.0,5.33333,700.437773608505,,
"B & B Log & Lumber Co, Inc. (Atoka, OK)",14328,nan,Customer,Dallas,TX,2x4,,10.0,6.66667,700.0,,
"B & B Log & Lumber Co, Inc. (Atoka, OK)",14328,nan,Customer,Dallas,TX,2x6,,8.0,8.0,700.0,,
"B & B Log & Lumber Co, Inc. (Atoka, OK)",14328,nan,Customer,Dallas,TX,2x8,,8.0,10.66667,800.0,,
"B & B Log & Lumber Co, Inc. (Atoka, OK)",14328,nan,Customer,Dallas,TX,4x4,,8.0,10.66667,800.0,,
"B & B Log & Lumber Co, Inc. (Atoka, OK)",14328,nan,Customer,Dallas,TX,4x4,,10.0,13.33333,700.175517629407,,
"B & B Log & Lumber Co, Inc. (Atoka, OK)",14328,nan,Customer,Midland,TX,8x8,,16.0,85.33334,750.079906243341,,
"B & B Log & Lumber Co, Inc. (Atoka, OK)",14328,nan,Customer,Oklahoma City,OK,3x8,,8.0,16.0,850.0,,
"B & B Log & Lumber Co, Inc. (Atoka, OK)",14328,nan,Customer,Oklahoma City,OK,3x8,,12.0,120.0,872.6270273838921,,
"B & B Log & Lumber Co, Inc. (Atoka, OK)",14328,nan,Customer,Oklahoma City,OK,5x8,,8.0,53.33334,850.227757230958,,
"B & B Log & Lumber Co, Inc. (Atoka, OK)",14328,nan,Customer,Oklahoma City,OK,5x8,,10.0,99.99999,850.0701077245427,,
"B & B Log & Lumber Co, Inc. (Atoka, OK)",14328,nan,Customer,Oklahoma City,OK,6x8,,12.0,144.0,850.0,,
"B & B Log & Lumber Co, Inc. (Atoka, OK)",14328,nan,Customer,Robstown,TX,10x10,,16.0,133.3333,800.200050012503,,
"B & B Log & Lumber Co, Inc. (Atoka, OK)",14328,nan,Customer,Robstown,TX,2x8,,10.0,13.33333,699.999968492123,,
"B & B Log & Lumber Co, Inc. (Atoka, OK)",14328,nan,Customer,Robstown,TX,3x4,,8.0,8.0,600.0,,
"B & B Log & Lumber Co, Inc. (Atoka, OK)",14328,nan,Customer,Seguin,TX,6x6,,14.0,42.0,800.0,,
"B & B Log & Lumber Co, Inc. (Atoka, OK)",14328,nan,Customer,,,2x6,,10.0,10.0,699.9726,,
"B & B Log & Lumber Co, Inc. (Atoka, OK)",14328,nan,Customer,,,2x8,,10.0,13.33333,800.137100287711,,
"B&C Industries, Inc (Somerset, KY)",376756,nan,Customer,Bourbonnais,IL,2x4,,6.0,0.66666,742.9833798379835,,
"B&C Industries, Inc (Somerset, KY)",376756,nan,Customer,Bourbonnais,IL,4x6,,24.0,4.0,936.8181775,,
"B&C Industries, Inc (Somerset, KY)",376756,nan,Customer,Cleveland,TN,4x4,,,0.31944,236.548620622187,,
"B&C Industries, Inc (Somerset, KY)",376756,nan,Customer,Decatur,AL,2x6,,12.0,10.16667,932.154572400922,,
"B&C Industries, Inc (Somerset, KY)",376756,nan,Customer,Decatur,AL,3x4,,,10.0,841.428571428571,,
"B&C Industries, Inc (Somerset, KY)",376756,nan,Customer,Memphis,TN,3x4,,8.0,16.0,825.625,,
"B&C Industries, Inc (Somerset, KY)",376756,nan,Customer,Memphis,TN,4x4,,10.0,13.33333,710.524654334238,,
"B&C Industries, Inc (Somerset, KY)",376756,nan,Customer,North Birmingham,AL,12x12,,,1.0,2150.54563492063,,
"B&C Industries, Inc (Somerset, KY)",376756,nan,Customer,Toccoa,GA,4x4,,,0.33333,510.066414897773,,
"Ball Lumber Company Inc. (Millers Tavern, VA)",376842,east,Customer,Summer Shade,KY,4x4,,12.0,48.0,560.0,,
"Ball Lumber Company Inc. (Millers Tavern, VA)",376842,east,Customer,Summer Shade,KY,4x4,,14.0,1176.00021,563.0555555555555,,
"Battle Lumber Company, Inc (Wadley, GA)",861,nan,Customer,Lawrenceville,GA,2x4,,,16.00002,365.9926551525817,,
"Beasley Forest Prod - Yawn (Hazlehurst, GA)",372786,east,Customer,Auburn,KY,6x6,,10.0,30.0,268.125,,
"Beasley Forest Prod - Yawn (Hazlehurst, GA)",372786,east,Customer,Auburn,KY,6x6,,12.0,36.0,325.000018325617,,
"Beasley Forest Prod - Yawn (Hazlehurst, GA)",372786,east,Customer,Mc Intyre,GA,2x8,,12.0,32.0,347.50000846354146,,
"Beasley Forest Prod - Yawn (Hazlehurst, GA)",372786,east,Customer,West Union,OH,6x6,,8.0,48.0,377.8846153846155,,
"Beasley Forest Prod - Yawn (Hazlehurst, GA)",372786,east,Customer,West Union,OH,6x6,,10.0,60.0,390.0,,
"Beasley Forest Prod - Yawn (Hazlehurst, GA)",372786,east,TLR,Birmingham,AL,6x6,,6.0,18.0,350.0,,
"Beasley Forest Prod - Yawn (Hazlehurst, GA)",372786,east,TLR,Birmingham,AL,6x6,,10.0,30.0,400.0,,
"Bienville Lumber Company, LLC (Taylor, LA)",377137,west,Customer,Acworth,GA,2x4,,12.0,16.0,394.999958554377,,
"Bienville Lumber Company, LLC (Taylor, LA)",377137,west,Customer,Adair,OK,2x6,,12.0,12.0,408.785987413195,,
"Bienville Lumber Company, LLC (Taylor, LA)",377137,west,Customer,Adair,OK,2x6,,14.0,14.0,403.785993303571,,
"Bienville Lumber Company, LLC (Taylor, LA)",377137,west,Customer,Adair,OK,2x6,,18.0,18.0,368.786024305556,,
"Bienville Lumber Company, LLC (Taylor, LA)",377137,west,Customer,Adair,OK,2x6,,20.0,20.0,383.785982421875,,
"Bienville Lumber Company, LLC (Taylor, LA)",377137,west,Customer,Alvarado,TX,2x4,,10.0,6.66667,300.004242141433,,
"Bienville Lumber Company, LLC (Taylor, LA)",377137,west,Customer,Athens,TX,2x4,,8.0,5.33333,315.004080721164,,
"Bienville Lumber Company, LLC (Taylor, LA)",377137,west,Customer,Atlanta,GA,2x4,,16.0,10.66667,254.548903913133,,
"Bienville Lumber Company, LLC (Taylor, LA)",377137,west,Customer,Atlanta,GA,2x4,,10.0,6.66667,260.003804776651,,
"Bienville Lumber Company, LLC (Taylor, LA)",377137,west,Customer,Austin,TX,2x4,,14.0,9.33333,445.019102811762,,
"Bienville Lumber Company, LLC (Taylor, LA)",377137,west,Customer,Austin,TX,2x4,,18.0,60.0,417.6499825826584,,
"Bienville Lumber Company, LLC (Taylor, LA)",377137,west,Customer,Baton Rouge,LA,2x4,,16.0,10.66667,455.71431146978,,
"Bienville Lumber Company, LLC (Taylor, LA)",377137,west,Customer,Beloit,WI,2x6,,10.0,10.0,270.0,,
"Bienville Lumber Company, LLC (Taylor, LA)",377137,west,Customer,Big Spring,TX,2x6,,10.0,10.0,200.0,,
"Bienville Lumber Company, LLC (Taylor, LA)",377137,west,Customer,Blountsville,AL,2x4,,20.0,13.33333,315.004242141433,,
"Bienville Lumber Company, LLC (Taylor, LA)",377137,west,Customer,Bolivar,TN,2x6,,8.0,8.0,189.999985139266,,
"Bienville Lumber Company, LLC (Taylor, LA)",377137,west,Customer,Bonham,TX,2x8,,10.0,13.33333,325.01336403635,,
"Bienville Lumber Company, LLC (Taylor, LA)",377137,west,Customer,Bonham,TX,2x8,,12.0,16.0,335.0,,
"Bienville Lumber Company, LLC (Taylor, LA)",377137,west,Customer,Bonham,TX,2x8,,14.0,37.33334,265.0,,
"Bienville Lumber Company, LLC (Taylor, LA)",377137,west,Customer,Brookline Station,MO,2x4,,10.0,20.00001,373.34316739470864,,
"Bienville Lumber Company, LLC (Taylor, LA)",377137,west,Customer,Brookline Station,MO,2x4,,12.0,8.0,357.321428571429,,
"Bienville Lumber Company, LLC (Taylor, LA)",377137,west,Customer,Brownsville,TX,2x8,,16.0,21.33333,325.013785826504,,
"Bienville Lumber Company, LLC (Taylor, LA)",377137,west,Customer,Brownwood,TX,2x4,,14.0,9.33333,215.009229448379,,
"Bienville Lumber Company, LLC (Taylor, LA)",377137,west,Customer,Bryan,TX,2x10,,8.0,53.33332,246.26438727947726,,
"Bienville Lumber Company, LLC (Taylor, LA)",377137,west,Customer,Bryan,TX,2x10,,16.0,80.00001,253.121006269587,,
"Bienville Lumber Company, LLC (Taylor, LA)",377137,west,Customer,Bryan,TX,2x10,,10.0,16.66667,264.3214425,,
"Bienville Lumber Company, LLC (Taylor, LA)",377137,west,Customer,Bryan,TX,2x10,,12.0,40.0,247.5208378125,,
"Bienville Lumber Company, LLC (Taylor, LA)",377137,west,Customer,Bryan,TX,2x10,,14.0,69.99999,253.11641488976235,,
"Bienville Lumber Company, LLC (Taylor, LA)",377137,west,Customer,Bryan,TX,2x4,,16.0,32.00001,381.67192515195,,
"Bienville Lumber Company, LLC (Taylor, LA)",377137,west,Customer,Bryan,TX,2x4,,10.0,60.000029999999995,305.0002404371558,,
"Bienville Lumber Company, LLC (Taylor, LA)",377137,west,Customer,Bryan,TX,2x4,,12.0,24.0,323.57345421640133,,
"Bienville Lumber Company, LLC (Taylor, LA)",377137,west,Customer,Bryan,TX,2x4,,14.0,9.33333,367.015668598412,,
"Bienville Lumber Company, LLC (Taylor, LA)",377137,west,Customer,Bryan,TX,2x6,,10.0,20.0,298.5,,
"Bienville Lumber Company, LLC (Taylor, LA)",377137,west,Customer,Bryan,TX,2x6,,14.0,42.0,328.3333333333333,,
"Bienville Lumber Company, LLC (Taylor, LA)",377137,west,Customer,Bryan,TX,2x6,,18.0,36.0,290.000012586806,,
"Bienville Lumber Company, LLC (Taylor, LA)",377137,west,Customer,Bryan,TX,2x6,,20.0,40.0,347.4309210526315,,
"Bienville Lumber Company, LLC (Taylor, LA)",377137,west,Customer,Bryan,TX,2x8,,8.0,42.66668,239.12498102361502,,
"Bienville Lumber Company, LLC (Taylor, LA)",377137,west,Customer,Bryan,TX,2x8,,16.0,21.33333,180.000013427734,,
"Bienville Lumber Company, LLC (Taylor, LA)",377137,west,Customer,Bryan,TX,2x8,,10.0,39.99999,235.67080609125932,,
"Bienville Lumber Company, LLC (Taylor, LA)",377137,west,Customer,Bryan,TX,2x8,,12.0,48.0,265.0,,
"Bienville Lumber Company, LLC (Taylor, LA)",377137,west,Customer,Bryan,TX,2x8,,14.0,18.66667,225.0,,
"Bienville Lumber Company, LLC (Taylor, LA)",377137,west,Customer,Carrollton,MO,2x4,,18.0,84.0,347.85713080778856,,
"Bienville Lumber Company, LLC (Taylor, LA)",377137,west,Customer,Carrollton,MO,2x4,,20.0,26.66666,275.01036250642,,
"Bienville Lumber Company, LLC (Taylor, LA)",377137,west,Customer,Carrollton,MO,2x6,,10.0,10.0,290.0,,
"Bienville Lumber Company, LLC (Taylor, LA)",377137,west,Customer,Cassville,MO,2x4,,16.0,10.66667,254.549026838763,,
"Bienville Lumber Company, LLC (Taylor, LA)",377137,west,Customer,Castor,LA,2x10,,8.0,13.33333,210.009316770186,,
"Bienville Lumber Company, LLC (Taylor, LA)",377137,west,Customer,Castor,LA,2x10,,12.0,20.0,209.99703125,,
"Bienville Lumber Company, LLC (Taylor, LA)",377137,west,Customer,Cherry Valley,IL,2x4,,18.0,24.0,360.0,,
"Bienville Lumber Company, LLC (Taylor, LA)",377137,west,Customer,Coal Valley,IL,2x6,,18.0,18.0,310.0,,
"Bienville Lumber Company, LLC (Taylor, LA)",377137,west,Customer,College Station,TX,2x4,,16.0,10.66667,564.876894079082,,
"Bienville Lumber Company, LLC (Taylor, LA)",377137,west,Customer,Conroe,TX,2x4,,10.0,6.66667,355.004878462648,,
"Bienville Lumber Company, LLC (Taylor, LA)",377137,west,Customer,Conroe,TX,2x8,,8.0,10.66667,219.999987686821,,
"Bienville Lumber Company, LLC (Taylor, LA)",377137,west,Customer,Conroe,TX,2x8,,12.0,32.0,323.222676595052,,
"Bienville Lumber Company, LLC (Taylor, LA)",377137,west,Customer,Conroe,TX,2x8,,14.0,18.66667,235.0,,
"Bienville Lumber Company, LLC (Taylor, LA)",377137,west,Customer,Crowley,TX,2x4,,16.0,10.66667,195.0024585126,,
"Bienville Lumber Company, LLC (Taylor, LA)",377137,west,Customer,Crowley,TX,2x6,,16.0,16.0,200.0,,
"Bienville Lumber Company, LLC (Taylor, LA)",377137,west,Customer,Dallas,TX,2x4,,8.0,79.99995,315.20433632452387,,
"Bienville Lumber Company, LLC (Taylor, LA)",377137,west,Customer,Dallas,TX,2x4,,16.0,10.66667,195.0024585126,,
"Bienville Lumber Company, LLC (Taylor, LA)",377137,west,Customer,Dallas,TX,2x4,,10.0,40.00002,259.836944032014,,
"Bienville Lumber Company, LLC (Taylor, LA)",377137,west,Customer,Dallas,TX,2x4,,12.0,16.0,263.1145833333335,,
"Bienville Lumber Company, LLC (Taylor, LA)",377137,west,Customer,Dallas,TX,2x4,,14.0,18.66666,245.01051727838552,,
"Bienville Lumber Company, LLC (Taylor, LA)",377137,west,Customer,Dallas,TX,2x6,,8.0,120.0,289.72506187726464,,
"Bienville Lumber Company, LLC (Taylor, LA)",377137,west,Customer,Dallas,TX,2x6,,16.0,16.0,199.833333333333,,
"Bienville Lumber Company, LLC (Taylor, LA)",377137,west,Customer,Dallas,TX,2x6,,10.0,60.0,261.5740810908565,,
"Bienville Lumber Company, LLC (Taylor, LA)",377137,west,Customer,Dallas,TX,2x8,,8.0,21.33334,292.49999129585603,,
"Bienville Lumber Company, LLC (Taylor, LA)",377137,west,Customer,Dallas,TX,2x8,,10.0,26.66666,297.5122332332745,,
"Bienville Lumber Company, LLC (Taylor, LA)",377137,west,Customer,Dallas,TX,2x8,,12.0,16.0,310.0,,
"Bienville Lumber Company, LLC (Taylor, LA)",377137,west,Customer,Dallas,TX,2x8,,14.0,37.33334,260.0,,
"Bienville Lumber Company, LLC (Taylor, LA)",377137,west,Customer,Denton,TX,2x6,,20.0,40.0,290.000012586806,,
"Bienville Lumber Company, LLC (Taylor, LA)",377137,west,Customer,Duluth,GA,2x4,,12.0,40.0,392.4999917108754,,
"Bienville Lumber Company, LLC (Taylor, LA)",377137,west,Customer,Edinburg,TX,2x4,,8.0,5.33333,343.641057160418,,
"Bienville Lumber Company, LLC (Taylor, LA)",377137,west,Customer,Edinburg,TX,2x4,,12.0,8.0,340.707417582418,,
"Bienville Lumber Company, LLC (Taylor, LA)",377137,west,Customer,Edinburg,TX,2x6,,8.0,8.0,310.0,,
"Bienville Lumber Company, LLC (Taylor, LA)",377137,west,Customer,Ennis,TX,2x4,,10.0,13.33334,289.504348194969,,
"Bienville Lumber Company, LLC (Taylor, LA)",377137,west,Customer,Ennis,TX,2x6,,8.0,24.0,185.99999095489534,,
"Bienville Lumber Company, LLC (Taylor, LA)",377137,west,Customer,Flintville,TN,2x4,,12.0,32.0,413.98823832417577,,
"Bienville Lumber Company, LLC (Taylor, LA)",377137,west,Customer,Fort Worth,TX,2x4,,10.0,6.66667,350.009437072447,,
"Bienville Lumber Company, LLC (Taylor, LA)",377137,west,Customer,Fort Worth,TX,2x4,,12.0,8.0,355.0,,
"Bienville Lumber Company, LLC (Taylor, LA)",377137,west,Customer,Ft Worth,TX,2x4,,8.0,5.33333,224.321245646384,,
"Bienville Lumber Company, LLC (Taylor, LA)",377137,west,Customer,Ft Worth,TX,2x4,,16.0,10.66667,260.0036877689,,
"Bienville Lumber Company, LLC (Taylor, LA)",377137,west,Customer,Ft Worth,TX,2x4,,10.0,66.66669999999999,275.0052702494853,,
"Bienville Lumber Company, LLC (Taylor, LA)",377137,west,Customer,Ft Worth,TX,2x4,,12.0,48.0,320.0,,
"Bienville Lumber Company, LLC (Taylor, LA)",377137,west,Customer,Ft Worth,TX,2x6,,8.0,24.0,236.6666576086957,,
"Bienville Lumber Company, LLC (Taylor, LA)",377137,west,Customer,Ft Worth,TX,2x6,,10.0,160.0,294.02922166541026,,
"Bienville Lumber Company, LLC (Taylor, LA)",377137,west,Customer,Ft Worth,TX,2x8,,16.0,21.33333,287.511698880977,,
"Bienville Lumber Company, LLC (Taylor, LA)",377137,west,Customer,Ft. Smith,AR,2x4,,10.0,6.66667,342.005514783863,,
"Bienville Lumber Company, LLC (Taylor, LA)",377137,west,Customer,Ft. Smith,AR,2x6,,10.0,20.0,220.5,,
"Bienville Lumber Company, LLC (Taylor, LA)",377137,west,Customer,Grand Prairie,TX,2x10,,18.0,30.0,305.0,,
"Bienville Lumber Company, LLC (Taylor, LA)",377137,west,Customer,Grand Prairie,TX,2x4,,10.0,6.66667,190.003011920417,,
"Bienville Lumber Company, LLC (Taylor, LA)",377137,west,Customer,Grand Prairie,TX,2x4,,18.0,12.0,435.0,,
"Bienville Lumber Company, LLC (Taylor, LA)",377137,west,Customer,Grand Prairie,TX,2x4,,20.0,26.66666,412.30729074149747,,
"Bienville Lumber Company, LLC (Taylor, LA)",377137,west,Customer,Grand Prairie,TX,2x6,,18.0,18.0,390.0,,
"Bienville Lumber Company, LLC (Taylor, LA)",377137,west,Customer,Groveton,TX,2x6,,8.0,8.0,175.0,,
"Bienville Lumber Company, LLC (Taylor, LA)",377137,west,Customer,Groveton,TX,2x8,,8.0,10.66667,284.999982591712,,
"Bienville Lumber Company, LLC (Taylor, LA)",377137,west,Customer,Guthrie,OK,2x4,,16.0,10.66667,295.003676705593,,
"Bienville Lumber Company, LLC (Taylor, LA)",377137,west,Customer,Guthrie,OK,2x4,,10.0,6.66667,300.004242141433,,
"Bienville Lumber Company, LLC (Taylor, LA)",377137,west,Customer,Guthrie,OK,2x6,,20.0,20.0,230.000016927083,,
"Bienville Lumber Company, LLC (Taylor, LA)",377137,west,Customer,Haleyville,AL,2x8,,16.0,63.99999,270.01165266989864,,
"Bienville Lumber Company, LLC (Taylor, LA)",377137,west,Customer,Haleyville,AL,2x8,,12.0,16.0,260.0,,
"Bienville Lumber Company, LLC (Taylor, LA)",377137,west,Customer,Harrisburg,IL,2x4,,12.0,8.0,470.000024896978,,
"Bienville Lumber Company, LLC (Taylor, LA)",377137,west,Customer,Harrisburg,IL,2x6,,16.0,16.0,458.18154296875,,
"Bienville Lumber Company, LLC (Taylor, LA)",377137,west,Customer,Harrisburg,IL,2x6,,14.0,28.0,453.1815287853425,,
"Bienville Lumber Company, LLC (Taylor, LA)",377137,west,Customer,Harrisburg,IL,2x8,,16.0,21.33333,430.042034378357,,
"Bienville Lumber Company, LLC (Taylor, LA)",377137,west,Customer,Haven,KS,2x4,,16.0,21.33334,750.225428313795,,
"Bienville Lumber Company, LLC (Taylor, LA)",377137,west,Customer,Haven,KS,2x4,,10.0,6.66667,370.0,,
"Bienville Lumber Company, LLC (Taylor, LA)",377137,west,Customer,Haven,KS,2x4,,12.0,8.0,410.0,,
"Bienville Lumber Company, LLC (Taylor, LA)",377137,west,Customer,Haven,KS,2x4,,14.0,9.33333,425.07298643311,,
"Bienville Lumber Company, LLC (Taylor, LA)",377137,west,Customer,Haven,KS,2x6,,16.0,48.0,439.76626247829864,,
"Bienville Lumber Company, LLC (Taylor, LA)",377137,west,Customer,Haven,KS,2x6,,10.0,10.0,391.58203125,,
"Bienville Lumber Company, LLC (Taylor, LA)",377137,west,Customer,Haven,KS,2x6,,12.0,36.0,475.692642361111,,
"Bienville Lumber Company, LLC (Taylor, LA)",377137,west,Customer,Haven,KS,2x6,,14.0,42.0,470.69266880580363,,
"Bienville Lumber Company, LLC (Taylor, LA)",377137,west,Customer,Henderson,TX,2x4,,8.0,37.33331,279.4055817847913,,
"Bienville Lumber Company, LLC (Taylor, LA)",377137,west,Customer,Henderson,TX,2x4,,10.0,133.33339999999998,305.1899056560629,,
"Bienville Lumber Company, LLC (Taylor, LA)",377137,west,Customer,Henderson,TX,2x4,,12.0,152.0,326.20752650754036,,
"Bienville Lumber Company, LLC (Taylor, LA)",377137,west,Customer,Henderson,TX,2x4,,20.0,13.33333,311.679153812252,,
"Bienville Lumber Company, LLC (Taylor, LA)",377137,west,Customer,Hidalgo,TX,2x10,,8.0,13.33333,250.023438964935,,
"Bienville Lumber Company, LLC (Taylor, LA)",377137,west,Customer,Hidalgo,TX,2x10,,10.0,16.66667,242.21680420105,,
"Bienville Lumber Company, LLC (Taylor, LA)",377137,west,Customer,Hidalgo,TX,2x10,,12.0,20.0,250.0,,
"Bienville Lumber Company, LLC (Taylor, LA)",377137,west,Customer,Hidalgo,TX,2x4,,10.0,6.66667,375.010261270914,,
"Bienville Lumber Company, LLC (Taylor, LA)",377137,west,Customer,Hidalgo,TX,2x6,,8.0,8.0,227.5,,
"Bienville Lumber Company, LLC (Taylor, LA)",377137,west,Customer,Hondo,TX,2x4,,8.0,5.33333,185.002444171276,,
"Bienville Lumber Company, LLC (Taylor, LA)",377137,west,Customer,Houston,TX,2x4,,8.0,5.33333,349.010817455439,,
"Bienville Lumber Company, LLC (Taylor, LA)",377137,west,Customer,Houston,TX,2x4,,16.0,64.00002,264.6952228330986,,
"Bienville Lumber Company, LLC (Taylor, LA)",377137,west,Customer,Houston,TX,2x4,,10.0,26.66668,375.00772743272125,,
"Bienville Lumber Company, LLC (Taylor, LA)",377137,west,Customer,Houston,TX,2x4,,12.0,128.0,386.25,,
"Bienville Lumber Company, LLC (Taylor, LA)",377137,west,Customer,Houston,TX,2x4,,14.0,65.33331,297.15300881838186,,
"Bienville Lumber Company, LLC (Taylor, LA)",377137,west,Customer,Houston,TX,2x4,,18.0,12.0,350.0,,
"Bienville Lumber Company, LLC (Taylor, LA)",377137,west,Customer,Houston,TX,2x4,,20.0,13.33333,297.51171921952,,
"Bienville Lumber Company, LLC (Taylor, LA)",377137,west,Customer,Houston,TX,2x6,,8.0,40.0,237.2521707710598,,
"Bienville Lumber Company, LLC (Taylor, LA)",377137,west,Customer,Houston,TX,2x6,,10.0,30.0,237.3157894736843,,
"Bienville Lumber Company, LLC (Taylor, LA)",377137,west,Customer,Houston,TX,2x6,,12.0,12.0,210.0,,
"Bienville Lumber Company, LLC (Taylor, LA)",377137,west,Customer,Houston,TX,2x6,,14.0,28.0,230.0,,
"Bienville Lumber Company, LLC (Taylor, LA)",377137,west,Customer,Houston,TX,2x8,,16.0,21.33333,300.01331735251,,
"Bienville Lumber Company, LLC (Taylor, LA)",377137,west,Customer,Hutchins,TX,2x4,,8.0,10.66666,380.00536775251,,
"Bienville Lumber Company, LLC (Taylor, LA)",377137,west,Customer,Hutchins,TX,2x4,,16.0,21.33334,422.50584921122754,,
"Bienville Lumber Company, LLC (Taylor, LA)",377137,west,Customer,Hutchins,TX,2x4,,10.0,6.66667,275.007222863266,,
"Bienville Lumber Company, LLC (Taylor, LA)",377137,west,Customer,Hutchins,TX,2x4,,12.0,8.0,359.333333333333,,
"Bienville Lumber Company, LLC (Taylor, LA)",377137,west,Customer,Irving,TX,2x4,,10.0,13.33334,327.504475459212,,
"Bienville Lumber Company, LLC (Taylor, LA)",377137,west,Customer,Irving,TX,2x4,,12.0,16.0,270.00001674107153,,
"Bienville Lumber Company, LLC (Taylor, LA)",377137,west,Customer,Irving,TX,2x6,,8.0,8.0,274.999981742527,,
"Bienville Lumber Company, LLC (Taylor, LA)",377137,west,Customer,Irving,TX,2x6,,10.0,40.0,195.34722222222226,,
"Bienville Lumber Company, LLC (Taylor, LA)",377137,west,Customer,Jackson,TN,2x4,,16.0,10.66667,260.0036877689,,
"Bienville Lumber Company, LLC (Taylor, LA)",377137,west,Customer,Jackson,TN,2x6,,16.0,16.0,229.166666666667,,
"Bienville Lumber Company, LLC (Taylor, LA)",377137,west,Customer,Jacksonville,TX,2x6,,8.0,56.0,214.99999387373828,,
"Bienville Lumber Company, LLC (Taylor, LA)",377137,west,Customer,Jacksonville,TX,2x8,,8.0,128.00004,261.53370144803574,,
"Bienville Lumber Company, LLC (Taylor, LA)",377137,west,Customer,Jacksonville,TX,2x8,,16.0,21.33333,250.011097793759,,
"Bienville Lumber Company, LLC (Taylor, LA)",377137,west,Customer,Jacksonville,TX,2x8,,10.0,39.99999,252.9807168437293,,
"Bienville Lumber Company, LLC (Taylor, LA)",377137,west,Customer,Jacksonville,TX,2x8,,12.0,128.0,291.1089486762151,,
"Bienville Lumber Company, LLC (Taylor, LA)",377137,west,Customer,Kenton,OH,2x6,,12.0,12.0,487.527777777778,,
"Bienville Lumber Company, LLC (Taylor, LA)",377137,west,Customer,Kenton,OH,2x6,,14.0,14.0,497.527781808036,,
"Bienville Lumber Company, LLC (Taylor, LA)",377137,west,Customer,Kenton,OH,2x6,,18.0,18.0,462.527777777778,,
"Bienville Lumber Company, LLC (Taylor, LA)",377137,west,Customer,Kenton,OH,2x6,,20.0,20.0,482.527799804688,,
"Bienville Lumber Company, LLC (Taylor, LA)",377137,west,Customer,Kilgore,TX,2x4,,16.0,21.33334,485.3609428171385,,
"Bienville Lumber Company, LLC (Taylor, LA)",377137,west,Customer,La Porte,TX,2x4,,16.0,42.66668,298.914348289285,,
"Bienville Lumber Company, LLC (Taylor, LA)",377137,west,Customer,La Porte,TX,2x6,,16.0,16.0,315.0,,
"Bienville Lumber Company, LLC (Taylor, LA)",377137,west,Customer,Lampasas,TX,2x4,,18.0,12.0,275.0,,
"Bienville Lumber Company, LLC (Taylor, LA)",377137,west,Customer,Lott,TX,2x4,,8.0,5.33333,540.01945248375,,
"Bienville Lumber Company, LLC (Taylor, LA)",377137,west,Customer,Lott,TX,2x4,,16.0,21.33334,554.2094845182185,,
"Bienville Lumber Company, LLC (Taylor, LA)",377137,west,Customer,Lott,TX,2x4,,10.0,13.33334,417.8618758581075,,
"Bienville Lumber Company, LLC (Taylor, LA)",377137,west,Customer,Lott,TX,2x4,,12.0,8.0,499.931706730769,,
"Bienville Lumber Company, LLC (Taylor, LA)",377137,west,Customer,Lott,TX,2x4,,14.0,27.99999,475.7466748873867,,
"Bienville Lumber Company, LLC (Taylor, LA)",377137,west,Customer,Lott,TX,2x4,,18.0,24.0,690.903345352564,,
"Bienville Lumber Company, LLC (Taylor, LA)",377137,west,Customer,Lott,TX,2x4,,20.0,39.99999,463.42926046383303,,
"Bienville Lumber Company, LLC (Taylor, LA)",377137,west,Customer,Lott,TX,2x6,,16.0,96.0,417.6078755018446,,
"Bienville Lumber Company, LLC (Taylor, LA)",377137,west,Customer,Lott,TX,2x6,,10.0,60.0,428.2055689453125,,
"Bienville Lumber Company, LLC (Taylor, LA)",377137,west,Customer,Lott,TX,2x6,,12.0,48.0,437.36784342447925,,
"Bienville Lumber Company, LLC (Taylor, LA)",377137,west,Customer,Lott,TX,2x6,,14.0,70.0,441.8631781994048,,
"Bienville Lumber Company, LLC (Taylor, LA)",377137,west,Customer,Lott,TX,2x6,,18.0,90.0,410.8632589905752,,
"Bienville Lumber Company, LLC (Taylor, LA)",377137,west,Customer,Lott,TX,2x6,,20.0,120.0,429.1344674479167,,
"Bienville Lumber Company, LLC (Taylor, LA)",377137,west,Customer,Mc Leansboro,IL,2x4,,10.0,13.33334,312.5083299678565,,
"Bienville Lumber Company, LLC (Taylor, LA)",377137,west,Customer,Memphis,TN,2x4,,10.0,6.66667,260.004242141433,,
"Bienville Lumber Company, LLC (Taylor, LA)",377137,west,Customer,Middleton,TN,2x4,,8.0,5.33333,225.009658725048,,
"Bienville Lumber Company, LLC (Taylor, LA)",377137,west,Customer,Middleton,TN,2x6,,8.0,16.0,302.82609481148097,,
"Bienville Lumber Company, LLC (Taylor, LA)",377137,west,Customer,Middleton,TN,2x6,,10.0,90.0,267.31807329485446,,
"Bienville Lumber Company, LLC (Taylor, LA)",377137,west,Customer,Middleton,TN,2x6,,12.0,12.0,300.0,,
"Bienville Lumber Company, LLC (Taylor, LA)",377137,west,Customer,Midland,TX,2x4,,16.0,21.33334,503.25346240524505,,
"Bienville Lumber Company, LLC (Taylor, LA)",377137,west,Customer,Mount Pleasant,TX,2x4,,10.0,6.66667,375.005217833963,,
"Bienville Lumber Company, LLC (Taylor, LA)",377137,west,Customer,Mt Pleasant,TX,2x4,,8.0,5.33333,225.009658725048,,
"Bienville Lumber Company, LLC (Taylor, LA)",377137,west,Customer,Niederwald,TX,2x6,,8.0,16.0,205.0,,
"Bienville Lumber Company, LLC (Taylor, LA)",377137,west,Customer,Northport,AL,2x6,,12.0,12.0,290.000012586806,,
"Bienville Lumber Company, LLC (Taylor, LA)",377137,west,Customer,Pasadena,TX,2x6,,8.0,8.0,225.0,,
"Bienville Lumber Company, LLC (Taylor, LA)",377137,west,Customer,Pasadena,TX,2x8,,8.0,10.66667,235.0,,
"Bienville Lumber Company, LLC (Taylor, LA)",377137,west,Customer,Pasadena,TX,2x8,,16.0,21.33333,235.114802149487,,
"Bienville Lumber Company, LLC (Taylor, LA)",377137,west,Customer,Pasadena,TX,2x8,,14.0,18.66667,231.328133370536,,
"Bienville Lumber Company, LLC (Taylor, LA)",377137,west,Customer,Pharr,TX,2x4,,10.0,13.33334,380.005514783863,,
"Bienville Lumber Company, LLC (Taylor, LA)",377137,west,Customer,Pine Bluff,AR,2x6,,16.0,16.0,315.0,,
"Bienville Lumber Company, LLC (Taylor, LA)",377137,west,Customer,Pine Bluff,AR,2x6,,12.0,12.0,315.0,,
"Bienville Lumber Company, LLC (Taylor, LA)",377137,west,Customer,Plantersville,TX,2x6,,20.0,20.0,293.046875,,
"Bienville Lumber Company, LLC (Taylor, LA)",377137,west,Customer,Plantersville,TX,2x8,,20.0,26.66667,353.046875,,
"Bienville Lumber Company, LLC (Taylor, LA)",377137,west,Customer,Pollard,AR,2x4,,8.0,5.33333,224.321245646384,,
"Bienville Lumber Company, LLC (Taylor, LA)",377137,west,Customer,Poplar Bluff,MO,2x4,,20.0,13.33333,330.004666355576,,
"Bienville Lumber Company, LLC (Taylor, LA)",377137,west,Customer,Port Neches,TX,2x4,,8.0,5.33333,250.0032780168,,
"Bienville Lumber Company, LLC (Taylor, LA)",377137,west,Customer,Port Neches,TX,2x6,,8.0,56.0,181.42857142857142,,
"Bienville Lumber Company, LLC (Taylor, LA)",377137,west,Customer,Port Neches,TX,2x8,,8.0,74.66669,252.1242345646883,,
"Bienville Lumber Company, LLC (Taylor, LA)",377137,west,Customer,Port Neches,TX,2x8,,12.0,80.0,266.9913416015624,,
"Bienville Lumber Company, LLC (Taylor, LA)",377137,west,Customer,Princeville,IL,2x4,,18.0,12.0,354.99995782726,,
"Bienville Lumber Company, LLC (Taylor, LA)",377137,west,Customer,Saginaw,TX,2x4,,8.0,5.33333,300.004097521,,
"Bienville Lumber Company, LLC (Taylor, LA)",377137,west,Customer,Saginaw,TX,2x6,,8.0,16.0,217.4999929942255,,
"Bienville Lumber Company, LLC (Taylor, LA)",377137,west,Customer,Saginaw,TX,2x6,,10.0,40.0,337.5,,
"Bienville Lumber Company, LLC (Taylor, LA)",377137,west,Customer,Saint Rose,IL,2x4,,16.0,10.66667,475.035947712418,,
"Bienville Lumber Company, LLC (Taylor, LA)",377137,west,Customer,Saint Rose,IL,2x4,,10.0,26.66668,378.76883059397073,,
"Bienville Lumber Company, LLC (Taylor, LA)",377137,west,Customer,Saint Rose,IL,2x4,,12.0,48.0,400.56547619047615,,
"Bienville Lumber Company, LLC (Taylor, LA)",377137,west,Customer,Saint Rose,IL,2x4,,18.0,24.0,399.50339743589745,,
"Bienville Lumber Company, LLC (Taylor, LA)",377137,west,Customer,Saint Rose,IL,2x4,,20.0,26.66666,362.005366653118,,
"Bienville Lumber Company, LLC (Taylor, LA)",377137,west,Customer,Saint Rose,IL,2x6,,16.0,16.0,394.999975585938,,
"Bienville Lumber Company, LLC (Taylor, LA)",377137,west,Customer,Saint Rose,IL,2x6,,14.0,14.0,380.000025111607,,
"Bienville Lumber Company, LLC (Taylor, LA)",377137,west,Customer,Saint Rose,IL,2x6,,18.0,18.0,350.0,,
"Bienville Lumber Company, LLC (Taylor, LA)",377137,west,Customer,Schiller Park,IL,2x6,,8.0,16.0,165.0,,
"Bienville Lumber Company, LLC (Taylor, LA)",377137,west,Customer,Scottsville,TX,2x4,,8.0,5.33333,225.009658725048,,
"Bienville Lumber Company, LLC (Taylor, LA)",377137,west,Customer,Seguin,TX,2x4,,10.0,13.33334,370.00526025537704,,
"Bienville Lumber Company, LLC (Taylor, LA)",377137,west,Customer,Seminole,TX,2x4,,16.0,10.66667,497.836229434302,,
"Bienville Lumber Company, LLC (Taylor, LA)",377137,west,Customer,Seminole,TX,2x4,,18.0,12.0,349.999987980769,,
"Bienville Lumber Company, LLC (Taylor, LA)",377137,west,Customer,Seminole,TX,2x4,,20.0,26.66666,555.419070801779,,
"Bienville Lumber Company, LLC (Taylor, LA)",377137,west,Customer,Seminole,TX,2x6,,20.0,20.0,412.83628515625,,
"Bienville Lumber Company, LLC (Taylor, LA)",377137,west,Customer,Sheffield,IA,2x6,,20.0,20.0,448.659722222222,,
"Bienville Lumber Company, LLC (Taylor, LA)",377137,west,Customer,Sherman,TX,2x4,,10.0,6.66667,290.004242141433,,
"Bienville Lumber Company, LLC (Taylor, LA)",377137,west,Customer,Sherman,TX,2x4,,12.0,16.0,298.8333333333335,,
"Bienville Lumber Company, LLC (Taylor, LA)",377137,west,Customer,Sherman,TX,2x6,,10.0,10.0,310.0,,
"Bienville Lumber Company, LLC (Taylor, LA)",377137,west,Customer,Shreveport,LA,2x4,,8.0,26.66665,317.733916447774,,
"Bienville Lumber Company, LLC (Taylor, LA)",377137,west,Customer,Sikeston,MO,2x4,,16.0,21.33334,420.005757017005,,
"Bienville Lumber Company, LLC (Taylor, LA)",377137,west,Customer,Sikeston,MO,2x4,,10.0,20.00001,333.34082624479737,,
"Bienville Lumber Company, LLC (Taylor, LA)",377137,west,Customer,Sikeston,MO,2x4,,12.0,8.0,375.0,,
"Bienville Lumber Company, LLC (Taylor, LA)",377137,west,Customer,Sikeston,MO,2x4,,18.0,12.0,354.99995782726,,
"Bienville Lumber Company, LLC (Taylor, LA)",377137,west,Customer,Silsbee,TX,2x10,,8.0,66.66665,250.5236566498486,,
"Bienville Lumber Company, LLC (Taylor, LA)",377137,west,Customer,Silsbee,TX,2x10,,16.0,106.66668,248.19369446567424,,
"Bienville Lumber Company, LLC (Taylor, LA)",377137,west,Customer,Silsbee,TX,2x10,,10.0,100.00002,238.81224007545117,,
"Bienville Lumber Company, LLC (Taylor, LA)",377137,west,Customer,Silsbee,TX,2x10,,12.0,100.0,220.806263095238,,
"Bienville Lumber Company, LLC (Taylor, LA)",377137,west,Customer,Silsbee,TX,2x10,,14.0,93.33332,299.7986135142887,,
"Bienville Lumber Company, LLC (Taylor, LA)",377137,west,Customer,Silsbee,TX,2x4,,16.0,10.66667,195.002856381889,,
"Bienville Lumber Company, LLC (Taylor, LA)",377137,west,Customer,Silsbee,TX,2x4,,12.0,8.0,175.000011589973,,
"Bienville Lumber Company, LLC (Taylor, LA)",377137,west,Customer,Silsbee,TX,2x6,,8.0,40.0,200.47826316236402,,
"Bienville Lumber Company, LLC (Taylor, LA)",377137,west,Customer,Silsbee,TX,2x6,,10.0,70.0,298.4127055105211,,
"Bienville Lumber Company, LLC (Taylor, LA)",377137,west,Customer,Silsbee,TX,2x6,,12.0,12.0,300.0,,
"Bienville Lumber Company, LLC (Taylor, LA)",377137,west,Customer,Silsbee,TX,2x8,,8.0,64.00002,227.56944140153232,,
"Bienville Lumber Company, LLC (Taylor, LA)",377137,west,Customer,Silsbee,TX,2x8,,16.0,21.33333,235.022936810235,,
"Bienville Lumber Company, LLC (Taylor, LA)",377137,west,Customer,Silsbee,TX,2x8,,10.0,53.33332,267.3901757888392,,
"Bienville Lumber Company, LLC (Taylor, LA)",377137,west,Customer,Silsbee,TX,2x8,,12.0,32.0,267.5,,
"Bienville Lumber Company, LLC (Taylor, LA)",377137,west,Customer,Silsbee,TX,2x8,,14.0,37.33334,222.5,,
"Bienville Lumber Company, LLC (Taylor, LA)",377137,west,Customer,Springfield,MO,2x4,,16.0,21.33334,319.008383665375,,
"Bienville Lumber Company, LLC (Taylor, LA)",377137,west,Customer,Springfield,MO,2x4,,14.0,9.33333,250.01073191672,,
"Bienville Lumber Company, LLC (Taylor, LA)",377137,west,Customer,Strafford,MO,2x4,,10.0,6.66667,280.007829885436,,
"Bienville Lumber Company, LLC (Taylor, LA)",377137,west,Customer,Teague,TX,2x4,,8.0,5.33333,435.529122129212,,
"Bienville Lumber Company, LLC (Taylor, LA)",377137,west,Customer,Toledo,OH,2x4,,10.0,6.66667,375.00509056972,,
"Bienville Lumber Company, LLC (Taylor, LA)",377137,west,Customer,Tulsa,OK,2x4,,20.0,13.33333,330.005414669325,,
"Bienville Lumber Company, LLC (Taylor, LA)",377137,west,Customer,Tunas,MO,2x4,,8.0,5.33333,435.131048993087,,
"Bienville Lumber Company, LLC (Taylor, LA)",377137,west,Customer,Tunas,MO,2x4,,12.0,16.0,404.870747195513,,
"Bienville Lumber Company, LLC (Taylor, LA)",377137,west,Customer,Tunas,MO,2x4,,14.0,9.33333,333.362067485189,,
"Bienville Lumber Company, LLC (Taylor, LA)",377137,west,Customer,Tunas,MO,2x6,,16.0,16.0,514.329071289063,,
"Bienville Lumber Company, LLC (Taylor, LA)",377137,west,Customer,Tunas,MO,2x6,,10.0,20.0,372.4114453125,,
"Bienville Lumber Company, LLC (Taylor, LA)",377137,west,Customer,Tunas,MO,2x6,,12.0,24.0,447.49086623418896,,
"Bienville Lumber Company, LLC (Taylor, LA)",377137,west,Customer,Tunas,MO,2x6,,14.0,14.0,418.240652901786,,
"Bienville Lumber Company, LLC (Taylor, LA)",377137,west,Customer,Tunas,MO,2x6,,18.0,36.0,448.7848632812505,,
"Bienville Lumber Company, LLC (Taylor, LA)",377137,west,Customer,Tuscola,IL,2x4,,10.0,6.66667,375.010261270914,,
"Bienville Lumber Company, LLC (Taylor, LA)",377137,west,Customer,Tuscola,IL,2x4,,12.0,48.0,359.6726190476192,,
"Bienville Lumber Company, LLC (Taylor, LA)",377137,west,Customer,Walnut,MS,2x6,,10.0,10.0,285.0,,
"Bienville Lumber Company, LLC (Taylor, LA)",377137,west,Customer,Whitesboro,TX,2x4,,18.0,12.0,370.0,,
"Bienville Lumber Company, LLC (Taylor, LA)",377137,west,Customer,Wichita,KS,2x4,,12.0,8.0,242.666666666667,,
"Bienville Lumber Company, LLC (Taylor, LA)",377137,west,Customer,Wichita,KS,2x4,,20.0,13.33333,275.008293518435,,
"Bienville Lumber Company, LLC (Taylor, LA)",377137,west,Customer,,,2x4,,8.0,10.66666,202.389050399508,,
"Bienville Lumber Company, LLC (Taylor, LA)",377137,west,Customer,,,2x4,,10.0,6.66667,275.007222863266,,
"Bienville Lumber Company, LLC (Taylor, LA)",377137,west,Customer,,,2x4,,14.0,18.66666,417.66582099162895,,
"Bienville Lumber Company, LLC (Taylor, LA)",377137,west,Customer,,,2x6,,8.0,16.0,175.0,,
"Bienville Lumber Company, LLC (Taylor, LA)",377137,west,Customer,,,2x6,,16.0,16.0,199.833333333333,,
"Bienville Lumber Company, LLC (Taylor, LA)",377137,west,Customer,,,2x6,,10.0,30.0,237.65064571150097,,
"Bienville Lumber Company, LLC (Taylor, LA)",377137,west,Customer,,,2x6,,20.0,20.0,314.63808046875,,
"Bienville Lumber Company, LLC (Taylor, LA)",377137,west,Customer,,,2x8,,10.0,13.33333,223.95657716189,,
"Bienville Lumber Company, LLC (Taylor, LA)",377137,west,Customer,,,2x8,,18.0,24.0,349.638100043403,,
"Bienville Lumber Company, LLC (Taylor, LA)",377137,west,TLR,Birmingham,AL,2x6,,14.0,14.0,250.0,,
"Bienville Lumber Company, LLC (Taylor, LA)",377137,west,TLR,Birmingham,AL,2x8,,8.0,10.66667,255.000014648438,,
"Bienville Lumber Company, LLC (Taylor, LA)",377137,west,TLR,Birmingham,AL,2x8,,12.0,16.0,260.0,,
"Biewer Lumber (Winona, MS)",374606,central,Customer,Beloit,WI,2x4,,8.0,10.66666,324.775689632968,,
"Biewer Lumber (Winona, MS)",374606,central,Customer,,,2x4,,8.0,5.33333,324.775574157545,,
"Binderholz Timber, LLC (Lake Charles, LA)",374071,west,Customer,Bryan,TX,2x4,,16.0,10.66667,646.931689342404,,
"Binderholz Timber, LLC (Lake Charles, LA)",374071,west,Customer,Lexington,TX,2x4,,16.0,10.66667,633.787202380952,,
"Binderholz Timber, LLC (New Orleans, LA)",378391,west,Customer,Silsbee,TX,2x12,,10.0,20.0,300.0,,
"Binderholz Timber, LLC (New Orleans, LA)",378391,west,Customer,Silsbee,TX,2x12,,12.0,120.0,300.0,,
"Bluelinx Corporation (Fort Worth, TX)",811,nan,Customer,Argyle,TX,4x4,,8.0,32.0,768.328125,,
"Bluelinx Corporation (Fort Worth, TX)",811,nan,Customer,Buda,TX,2x4,,16.0,10.66667,593.2607421875,,
"Bluelinx Corporation (Fort Worth, TX)",811,nan,Customer,Buda,TX,2x6,,16.0,16.0,770.838538359788,,
"Bluelinx Corporation (Fort Worth, TX)",811,nan,Customer,Buda,TX,4x4,,8.0,32.0,1220.8384375,,
"Bluelinx Corporation (Fort Worth, TX)",811,nan,Customer,Crossville,TN,2x6,,12.0,12.0,485.659722222222,,
"Bluelinx Corporation (Fort Worth, TX)",811,nan,Customer,Denison,TX,2x10,,10.0,16.66667,742.520579886456,,
"Bluelinx Corporation (Fort Worth, TX)",811,nan,Customer,Denison,TX,2x10,,12.0,20.0,617.219965,,
"Bluelinx Corporation (Fort Worth, TX)",811,nan,Customer,Duncan,OK,8x4,,8.0,32.0,689.000045797414,,
"Bluelinx Corporation (Fort Worth, TX)",811,nan,Customer,Fort Worth,TX,2x4,,16.0,10.66667,635.193417493237,,
"Bluelinx Corporation (Fort Worth, TX)",811,nan,Customer,Fort Worth,TX,4x4,,8.0,32.0,1133.75,,
"Bluelinx Corporation (Fort Worth, TX)",811,nan,Customer,Ft Worth,TX,8x4,,8.0,32.0,494.5625,,
"Bluelinx Corporation (Fort Worth, TX)",811,nan,Customer,Grand Prairie,TX,2x4,,10.0,20.00001,410.0550505050507,,
"Bluelinx Corporation (Fort Worth, TX)",811,nan,Customer,Kaufman,TX,1x2,,8.0,1.33333,1125.65141864505,,
"Bluelinx Corporation (Fort Worth, TX)",811,nan,Customer,Kilgore,TX,2x4,,16.0,10.66667,585.045977011494,,
"Bluelinx Corporation (Fort Worth, TX)",811,nan,Customer,Kilgore,TX,8x4,,8.0,32.0,516.222222222222,,
"Bluelinx Corporation (Fort Worth, TX)",811,nan,Customer,Longview,TX,1x4,,8.0,32.0,2321.875,,
"Bluelinx Corporation (Fort Worth, TX)",811,nan,Customer,Pelham,AL,1x6,,8.0,4.0,764.4921875,,
"Bluelinx Corporation (Fort Worth, TX)",811,nan,Customer,Rhome,TX,2x4,,12.0,8.0,528.4375,,
"Bluelinx Corporation (Fort Worth, TX)",811,nan,Customer,Rhome,TX,4x4,,8.0,32.0,867.43755859375,,
"Bluelinx Corporation (Fort Worth, TX)",811,nan,Customer,SULPHUR BLUFF,TX,1x6,,16.0,8.0,794.873046875,,
"Bluelinx Corporation (Fort Worth, TX)",811,nan,Customer,Weslaco,TX,16x4,,8.0,32.0,335.0,,
"Boise Bldg Solutions/Distribution (Birmingham, AL)",376322,nan,Customer,Bessemer,AL,16x4,,8.0,32.0,458.656006433824,,
"Boise Bldg Solutions/Distribution (Birmingham, AL)",376322,nan,Customer,Bessemer,AL,2x4,,8.0,5.33333,488.655996393147,,
"Boise Bldg Solutions/Distribution (Birmingham, AL)",376322,nan,Customer,Port Saint Joe,FL,4x4,,8.0,32.0,856.771276595745,,
"Boise Bldg Solutions/Distribution (Birmingham, AL)",376322,nan,Customer,Tarrant,AL,1x4,,16.0,5.33333,800.136785539814,,
"Boise Bldg Solutions/Distribution (Dallas, TX)",812,nan,Customer,Argyle,TX,4x4,,8.0,64.0,902.448895596591,,
"Boise Bldg Solutions/Distribution (Dallas, TX)",812,nan,Customer,Coppell,TX,1x4,,8.0,2.66667,908.022740625,,
"Boise Bldg Solutions/Distribution (Dallas, TX)",812,nan,Customer,Coppell,TX,1x4,,10.0,3.33333,466.979288784682,,
"Boise Bldg Solutions/Distribution (Dallas, TX)",812,nan,Customer,Coppell,TX,1x6,,8.0,4.0,699.702255859375,,
"Boise Bldg Solutions/Distribution (Dallas, TX)",812,nan,Customer,Coppell,TX,1x6,,12.0,54.0,896.4217087753987,,
"Boise Bldg Solutions/Distribution (Dallas, TX)",812,nan,Customer,Ft Worth,TX,8x4,,8.0,32.0,405.173233695652,,
"Boise Bldg Solutions/Distribution (Dallas, TX)",812,nan,Customer,Grand Prairie,TX,2x4,,10.0,46.66669,452.9727648938364,,
"Boise Bldg Solutions/Distribution (Dallas, TX)",812,nan,Customer,Keithville,LA,1x6,,12.0,30.0,917.4092480034726,,
"Boise Bldg Solutions/Distribution (Dallas, TX)",812,nan,Customer,Keithville,LA,2x4,,12.0,16.0,463.7453125,,
"Boise Bldg Solutions/Distribution (Dallas, TX)",812,nan,Customer,Keithville,LA,8x4,,8.0,96.0,491.54317149758464,,
"Boise Bldg Solutions/Distribution (Dallas, TX)",812,nan,Customer,Piedmont,SC,2x6,,16.0,16.0,,,
"Boise Bldg Solutions/Distribution (Dallas, TX)",812,nan,Customer,Rhome,TX,2x4,,12.0,80.0,462.7146286057693,,
"Boise Bldg Solutions/Distribution (Dallas, TX)",812,nan,Customer,Rhome,TX,4x4,,8.0,128.0,846.0017159386834,,
"Boise Bldg Solutions/Distribution (Dallas, TX)",812,nan,Customer,Richardson,TX,1x4,,12.0,4.0,642.708333333333,,
"Boise Bldg Solutions/Distribution (Dallas, TX)",812,nan,Customer,SULPHUR BLUFF,TX,1x6,,16.0,8.0,1131.34814453125,,
"Boise Bldg Solutions/Distribution (Dallas, TX)",812,nan,Customer,SULPHUR BLUFF,TX,2x4,,8.0,5.33333,562.518034265104,,
"Boise Bldg Solutions/Distribution (Dallas, TX)",812,nan,Customer,,,1x4,,8.0,2.66667,841.6208984375,,
"Boise Bldg Solutions/Distribution (Dallas, TX)",812,nan,Customer,,,1x6,,12.0,12.0,889.892508572049,,
"Boise Bldg Solutions/Distribution (Sugarland, TX)",813,nan,Customer,Bryan,TX,16x4,,8.0,32.0,435.174632352941,,
"Boise Bldg Solutions/Distribution (Sugarland, TX)",813,nan,Customer,Bryan,TX,2x4,,18.0,12.0,413.317307692308,,
"Boise Bldg Solutions/Distribution (Sugarland, TX)",813,nan,Customer,Bryan,TX,4x4,,8.0,64.0,864.429924242424,,
"Boise Bldg Solutions/Distribution (Sugarland, TX)",813,nan,Customer,Bryan,TX,8x4,,8.0,64.0,644.4299823113205,,
"Boise Bldg Solutions/Distribution (Sugarland, TX)",813,nan,Customer,Houston,TX,4x4,,8.0,32.0,782.542613636364,,
"Boise Bldg Solutions/Distribution (Sugarland, TX)",813,nan,Customer,New Braunfels,TX,2x4,,16.0,21.33334,697.8260522959185,,
"Boise Bldg Solutions/Distribution (Sugarland, TX)",813,nan,Customer,New Braunfels,TX,2x6,,16.0,16.0,589.000383597884,,
"Boise Bldg Solutions/Distribution (Sugarland, TX)",813,nan,Customer,New Braunfels,TX,4x4,,8.0,32.0,1105.00042613636,,
"Boise Bldg Solutions/Distribution (Sugarland, TX)",813,nan,Customer,Sealy,TX,2x8,,8.0,10.66667,423.291015625,,
"Boise Building Solutions/Distribution (Tulsa, OK)",374413,west,Customer,Grand Prairie,TX,2x4,,10.0,6.66667,506.09632034632,,
"Boise Cascade, LLC (Chapman, AL)",964,central,Customer,Armorel,AR,3x4,,8.0,16.0,168.75,,
"Boise Cascade, LLC (Chapman, AL)",964,central,Customer,Claxton,GA,3x4,,8.0,8.0,168.75,,
"Boise Cascade, LLC (Chapman, AL)",964,central,Customer,Frostproof,FL,3x4,,8.0,24.0,168.75,,
"Boise Cascade, LLC (Chapman, AL)",964,central,Customer,Somerset,KY,3x4,,8.0,8.0,159.868421052632,,
"Boise Cascade, LLC (Dallas, TX)",945,west,Customer,Athens,GA,3x4,,8.0,8.0,168.75,,
"Boise Cascade, LLC (Dallas, TX)",945,west,Customer,Frostproof,FL,3x4,,8.0,32.0,171.475779194079,,
"Boise Cascade, LLC (Dallas, TX)",945,west,Customer,Hendricks,WV,3x4,,8.0,8.0,168.75,,
"Boise Cascade, LLC (Florien, LA)",948,west,Customer,Brenham,TX,3x4,,8.0,8.0,168.75,,
"Boise Cascade, LLC (Florien, LA)",948,west,Customer,Bryan,TX,3x4,,8.0,80.0,164.0,,
"Boise Cascade, LLC (Florien, LA)",948,west,Customer,Converse,TX,3x4,,8.0,8.0,168.75,,
"Boise Cascade, LLC (Florien, LA)",948,west,Customer,Corpus Christi,TX,3x4,,8.0,24.0,159.16666666666666,,
"Boise Cascade, LLC (Florien, LA)",948,west,Customer,Duncan,OK,8x4,,8.0,64.0,363.6666470125785,,
"Boise Cascade, LLC (Florien, LA)",948,west,Customer,Elmendorf,TX,3x4,,8.0,8.0,168.75,,
"Boise Cascade, LLC (Florien, LA)",948,west,Customer,Farmersville,TX,3x4,,8.0,8.0,146.25,,
"Boise Cascade, LLC (Florien, LA)",948,west,Customer,Grand Prairie,TX,3x4,,8.0,8.0,168.75,,
"Boise Cascade, LLC (Florien, LA)",948,west,Customer,Hot Springs National Park,AR,3x4,,8.0,8.0,143.75,,
"Boise Cascade, LLC (Florien, LA)",948,west,Customer,Houston,TX,3x4,,8.0,64.0,146.09375,,
"Boise Cascade, LLC (Florien, LA)",948,west,Customer,Jewett,TX,3x4,,8.0,8.0,168.75,,
"Boise Cascade, LLC (Florien, LA)",948,west,Customer,La Porte,TX,3x4,,8.0,80.0,166.25,,
"Boise Cascade, LLC (Florien, LA)",948,west,Customer,Lilburn,GA,3x4,,8.0,16.0,168.75,,
"Boise Cascade, LLC (Florien, LA)",948,west,Customer,Monroe,LA,3x4,,8.0,24.0,168.75,,
"Boise Cascade, LLC (Florien, LA)",948,west,Customer,Morgan City,LA,3x4,,8.0,8.0,162.5,,
"Boise Cascade, LLC (Florien, LA)",948,west,Customer,Mt Pleasant,TX,3x4,,8.0,160.0,161.8125,,
"Boise Cascade, LLC (Florien, LA)",948,west,Customer,Port Allen,LA,3x4,,8.0,32.0,156.25,,
"Boise Cascade, LLC (Florien, LA)",948,west,Customer,Seguin,TX,3x4,,8.0,24.0,160.41666666666666,,
"Boise Cascade, LLC (Florien, LA)",948,west,Customer,Sherman,TX,3x4,,8.0,8.0,162.5,,
"Boise Cascade, LLC (Florien, LA)",948,west,Customer,Waskom,TX,3x4,,8.0,8.0,168.75,,
"Boise Cascade, LLC (Florien, LA)",948,west,Customer,Willow Park,TX,3x4,,8.0,40.0,168.75,,
"Boise Cascade, LLC (Florien, LA)",948,west,Customer,,,3x4,,8.0,16.0,168.75,,
"Boise Cascade, LLC (Florien, LA)",948,west,TLR,Birmingham,AL,3x4,,8.0,8.0,168.75,,
"Boise Cascade, LLC (Havana, FL)",965,east,Customer,Athens,GA,3x4,,8.0,8.0,168.746271306818,,
"Boise Cascade, LLC (Havana, FL)",965,east,Customer,Athens,GA,4x4,,8.0,10.66667,126.595569294178,,
"Boise Cascade, LLC (Havana, FL)",965,east,Customer,Frostproof,FL,3x4,,8.0,8.0,151.875,,
"Boise Cascade, LLC (Havana, FL)",965,east,Customer,Riverside,AL,3x4,,8.0,8.0,178.124986584596,,
"Boise Cascade, LLC (Havana, FL)",965,east,Customer,Whiteville,TN,3x3,,8.0,6.0,213.75,,
"Boise Cascade, LLC (Oakdale, LA)",946,west,Customer,Bryan,TX,3x4,,8.0,16.0,168.75,,
"Boise Cascade, LLC (Oakdale, LA)",946,west,Customer,Fernwood,MS,3x4,,8.0,8.0,168.75,,
"Boise Cascade, LLC (Oakdale, LA)",946,west,Customer,Hendricks,WV,3x4,,8.0,8.0,168.75,,
"Boise Cascade, LLC (Oakdale, LA)",946,west,Customer,Houston,TX,3x4,,8.0,16.0,168.75,,
"Boise Cascade, LLC (Oakdale, LA)",946,west,Customer,La Porte,TX,3x4,,8.0,16.0,168.75,,
"Boise Cascade, LLC (Oakdale, LA)",946,west,Customer,Seguin,TX,3x4,,8.0,24.0,168.75,,
"Boise Cascade, LLC (Oakdale, LA)",946,west,Customer,Sherman,TX,3x4,,8.0,16.0,168.75,,
"Boise Cascade, LLC (Oakdale, LA)",946,west,Customer,Wilmar,AR,3x4,,8.0,8.0,168.75,,
"Boise Cascade, LLC (Thorsby, AL)",378460,central,Customer,Birmingham,AL,3x4,,8.0,16.0,168.75,,
"Boise Cascade, LLC (Thorsby, AL)",378460,central,Customer,Bryan,TX,3x4,,8.0,24.0,168.75,,
"Boise Cascade, LLC (Thorsby, AL)",378460,central,Customer,Claxton,GA,3x4,,8.0,8.0,168.75,,
"Boise Cascade, LLC (Thorsby, AL)",378460,central,Customer,Frostproof,FL,3x4,,8.0,48.0,192.47843013468017,,
"Boise Cascade, LLC (Thorsby, AL)",378460,central,Customer,Gastonia,NC,3x4,,8.0,8.0,168.75,,
"Boise Cascade, LLC (Thorsby, AL)",378460,central,Customer,Hendricks,WV,3x4,,8.0,8.0,168.75,,
"Boise Cascade, LLC (Thorsby, AL)",378460,central,Customer,Houston,TX,3x4,,8.0,8.0,168.75,,
"Boise Cascade, LLC (Thorsby, AL)",378460,central,Customer,Milton,FL,3x4,,8.0,16.0,168.75,,
"Boise Cascade, LLC (Thorsby, AL)",378460,central,Customer,Port Allen,LA,3x4,,8.0,8.0,168.75,,
"Boise Cascade, LLC (Thorsby, AL)",378460,central,Customer,Riverside,AL,3x4,,8.0,16.0,168.75,,
"Boise Cascade, LLC (Thorsby, AL)",378460,central,Customer,Sellersburg,IN,3x4,,8.0,8.0,168.75,,
"Boscus Canada Inc (Joshua, TX)",379004,nan,Customer,Bryan,TX,2x4,,12.0,8.0,573.371683673469,,
"Boscus Canada Inc (Joshua, TX)",379004,nan,Customer,Bryan,TX,2x6,,12.0,12.0,600.371567145377,,
"Brand Wood Products, LLC (Steelville, MO)",373473,nan,Customer,Grapeland,TX,3x4,,8.0,8.0,437.745975378788,,
"Brazos Forest Products, LP (Houston, TX)",377981,nan,Customer,Weslaco,TX,8x4,,8.0,3.0,183.75,,
"Brunswick Valley Lumber, Inc (Fredericton, NB)",379764,nan,Customer,Bronx,NY,2x6,,16.0,16.0,583.530276308054,,
"Burkholder's Wood Products, LLC (Verona, MO)",373459,nan,Customer,Fulton,MS,3x4,,8.0,8.0,425.0,,
"Burkholder's Wood Products, LLC (Verona, MO)",373459,nan,Customer,Greeley,CO,3x4,,8.0,8.0,425.0,,
"Burkholder's Wood Products, LLC (Verona, MO)",373459,nan,Customer,Houston,TX,3x4,,8.0,8.0,425.0,,
"Burkholder's Wood Products, LLC (Verona, MO)",373459,nan,Customer,Indianapolis,IN,3x4,,8.0,8.0,399.999973958333,,
"Burkholder's Wood Products, LLC (Verona, MO)",373459,nan,Customer,Jackson,TN,3x4,,8.0,8.0,385.0,,
"Burkholder's Wood Products, LLC (Verona, MO)",373459,nan,Customer,Jewett,TX,3x4,,8.0,32.0,412.5,,
"CLW, Inc. (Splendora, TX)",962,west,Customer,Ft Worth,TX,2x4,,16.0,10.66667,145.129194837124,,
"CLW, Inc. (Splendora, TX)",962,west,Customer,Ft Worth,TX,2x4,,12.0,8.0,145.144402472527,,
"CLW, Inc. (Splendora, TX)",962,west,Customer,,,2x4,,10.0,6.66667,175.162682876571,,
"CLW, Inc. (Splendora, TX)",962,west,Customer,,,2x4,,14.0,9.33333,175.144675840754,,
"CMFP Eldon LLC (Eldon, MO)",376577,nan,Customer,Fulton,MS,3x4,,8.0,8.0,410.0,,
"CMFP Eldon LLC (Eldon, MO)",376577,nan,Customer,Grapeland,TX,3x4,,8.0,16.0,425.0,,
"CMFP Eldon LLC (Eldon, MO)",376577,nan,Customer,Houston,TX,3x4,,8.0,16.0,425.0,,
"CMFP Eldon LLC (Eldon, MO)",376577,nan,Customer,Longview,TX,3x4,,8.0,8.0,375.833333333333,,
"CMFP Eldon LLC (Eldon, MO)",376577,nan,Customer,Seguin,TX,3x4,,8.0,8.0,410.0,,
"Cal-Tex Lumber Co. (Nacogdoches, TX)",952,west,Customer,Bryan,TX,2x10,,,9.99999,100.00187724232767,,
"Cal-Tex Lumber Co. (Nacogdoches, TX)",952,west,Customer,Bryan,TX,2x10,,6.0,20.0,257.5,,
"Cal-Tex Lumber Co. (Nacogdoches, TX)",952,west,Customer,Bryan,TX,2x12,,,16.0,100.0,,
"Cal-Tex Lumber Co. (Nacogdoches, TX)",952,west,Customer,Bryan,TX,2x12,,6.0,24.0,257.4999905711205,,
"Cal-Tex Lumber Co. (Nacogdoches, TX)",952,west,Customer,Bryan,TX,2x8,,,8.00001,100.0,,
"Cal-Tex Lumber Co. (Nacogdoches, TX)",952,west,Customer,Bryan,TX,2x8,,6.0,16.0,257.5,,
"Cal-Tex Lumber Co. (Nacogdoches, TX)",952,west,Customer,Dallas,TX,2x4,,16.0,10.66667,575.00020487605,,
"Cal-Tex Lumber Co. (Nacogdoches, TX)",952,west,Customer,Houston,TX,2x6,,6.0,6.0,215.25,,
"Cal-Tex Lumber Co. (Pollok, TX)",953,west,Customer,Bryan,TX,4x4,,8.0,32.00001,416.6733977595077,,
"Cal-Tex Lumber Co. (Pollok, TX)",953,west,Customer,Bryan,TX,4x4,,10.0,26.66666,445.0100966392615,,
"Cal-Tex Lumber Co. (Pollok, TX)",953,west,Customer,Bryan,TX,4x4,,12.0,16.0,420.0,,
"Cal-Tex Lumber Co. (Pollok, TX)",953,west,Customer,Carter Lake,IA,4x4,,10.0,13.33333,475.022837636425,,
"Cal-Tex Lumber Co. (Pollok, TX)",953,west,Customer,Dallas,TX,2x4,,8.0,5.33333,284.19422249539,,
"Cal-Tex Lumber Co. (Pollok, TX)",953,west,Customer,Dallas,TX,4x4,,12.0,16.0,290.178571428571,,
"Cal-Tex Lumber Co. (Pollok, TX)",953,west,Customer,Edinburg,TX,4x4,,12.0,16.0,345.0,,
"Cal-Tex Lumber Co. (Pollok, TX)",953,west,Customer,Ennis,TX,2x4,,8.0,5.33333,235.728131358661,,
"Cal-Tex Lumber Co. (Pollok, TX)",953,west,Customer,Ennis,TX,2x4,,10.0,6.66667,387.767344583874,,
"Cal-Tex Lumber Co. (Pollok, TX)",953,west,Customer,Ennis,TX,2x4,,12.0,8.0,346.48471875,,
"Cal-Tex Lumber Co. (Pollok, TX)",953,west,Customer,Fort Worth,TX,4x4,,8.0,10.66667,390.0,,
"Cal-Tex Lumber Co. (Pollok, TX)",953,west,Customer,Houston,TX,4x4,,8.0,10.66667,304.6875,,
"Cal-Tex Lumber Co. (Pollok, TX)",953,west,Customer,Laredo,TX,4x4,,8.0,10.66667,304.6875,,
"Cal-Tex Lumber Co. (Pollok, TX)",953,west,Customer,Scottsville,TX,4x4,,8.0,10.66667,380.0,,
"Cal-Tex Lumber Co. (Pollok, TX)",953,west,Customer,Seguin,TX,4x4,,8.0,64.00002,397.83437499999997,,
"Cal-Tex Lumber Co. (Pollok, TX)",953,west,Customer,Stephenville,TX,4x4,,12.0,16.0,475.0,,
"Cal-Tex Lumber Co. (Pollok, TX)",953,west,Customer,Weslaco,TX,4x4,,12.0,16.0,345.0,,
"Cal-Tex Lumber Co. (Pollok, TX)",953,west,Customer,,,4x4,,8.0,10.66667,380.0,,
"Callaway Lumber Co Inc (Bryan, TX)",378240,west,Customer,Bryan,TX,2x6,,8.0,8.0,224.739583333333,,
"Canfor Southern Pine (Bucks, AL)",378073,central,Customer,Acworth,GA,2x4,,8.0,5.33333,215.018111784953,,
"Canfor Southern Pine (Bucks, AL)",378073,central,Customer,Acworth,GA,2x4,,16.0,32.00001,213.34277742004733,,
"Canfor Southern Pine (Bucks, AL)",378073,central,Customer,Acworth,GA,2x4,,10.0,6.66667,215.022666391923,,
"Canfor Southern Pine (Bucks, AL)",378073,central,Customer,Acworth,GA,2x4,,12.0,16.0,220.0,,
"Canfor Southern Pine (Bucks, AL)",378073,central,Customer,Acworth,GA,2x4,,14.0,27.99999,213.36538941190167,,
"Canfor Southern Pine (Bucks, AL)",378073,central,Customer,Anniston,AL,2x4,,12.0,16.0,230.0,,
"Canfor Southern Pine (Bucks, AL)",378073,central,Customer,Birmingham,AL,2x4,,10.0,6.66667,225.888940737284,,
"Canfor Southern Pine (Bucks, AL)",378073,central,Customer,Camp Douglas,WI,2x4,,16.0,10.66667,225.025805724589,,
"Canfor Southern Pine (Bucks, AL)",378073,central,Customer,Camp Douglas,WI,2x4,,10.0,6.66667,225.162842712843,,
"Canfor Southern Pine (Bucks, AL)",378073,central,Customer,Camp Douglas,WI,2x4,,12.0,8.0,225.000500801282,,
"Canfor Southern Pine (Bucks, AL)",378073,central,Customer,Camp Douglas,WI,2x4,,14.0,9.33333,225.000454920144,,
"Canfor Southern Pine (Bucks, AL)",378073,central,Customer,Douglas,GA,2x4,,12.0,8.0,403.381524725275,,
"Canfor Southern Pine (Bucks, AL)",378073,central,Customer,Duluth,GA,2x4,,8.0,5.33333,215.038766678687,,
"Canfor Southern Pine (Bucks, AL)",378073,central,Customer,Duluth,GA,2x4,,16.0,10.66667,215.000010516827,,
"Canfor Southern Pine (Bucks, AL)",378073,central,Customer,Duluth,GA,2x4,,12.0,8.0,215.000010216346,,
"Canfor Southern Pine (Bucks, AL)",378073,central,Customer,Middleton,TN,2x4,,8.0,5.33333,209.535951921013,,
"Canfor Southern Pine (Bucks, AL)",378073,central,Customer,,,2x4,,8.0,5.33333,110.01652892562,,
"Canfor Southern Pine (Bucks, AL)",378073,central,Customer,,,2x4,,16.0,21.33334,225.049594229035,,
"Canfor Southern Pine (Bucks, AL)",378073,central,Customer,,,2x4,,10.0,6.66667,220.039668229354,,
"Canfor Southern Pine (Bucks, AL)",378073,central,Customer,,,2x4,,12.0,8.0,220.0,,
"Canfor Southern Pine (Bucks, AL)",378073,central,Customer,,,2x4,,14.0,18.66666,202.02125563815548,,
"Canfor Southern Pine (Bucks, AL)",378073,central,TLR,Birmingham,AL,2x10,,8.0,39.99999,263.266339169206,,
"Canfor Southern Pine (Bucks, AL)",378073,central,TLR,Birmingham,AL,2x10,,16.0,80.00001,263.26633656503935,,
"Canfor Southern Pine (Bucks, AL)",378073,central,TLR,Birmingham,AL,2x10,,,6.66667,213.480184096139,,
"Canfor Southern Pine (Bucks, AL)",378073,central,TLR,Birmingham,AL,2x10,,10.0,16.66667,270.0178525,,
"Canfor Southern Pine (Bucks, AL)",378073,central,TLR,Birmingham,AL,2x10,,12.0,40.0,257.245859375,,
"Canfor Southern Pine (Bucks, AL)",378073,central,TLR,Birmingham,AL,2x10,,14.0,46.66666,258.4824378245475,,
"Canfor Southern Pine (Bucks, AL)",378073,central,TLR,Birmingham,AL,2x4,,8.0,10.66666,221.961508991752,,
"Canfor Southern Pine (Bucks, AL)",378073,central,TLR,Birmingham,AL,2x4,,10.0,20.00001,276.40816738354766,,
"Canfor Southern Pine (Bucks, AL)",378073,central,TLR,Birmingham,AL,2x4,,12.0,8.0,200.0,,
"Canfor Southern Pine (Bucks, AL)",378073,central,TLR,Birmingham,AL,2x4,,14.0,9.33333,385.188430135222,,
"Canfor Southern Pine (Bucks, AL)",378073,central,TLR,Birmingham,AL,2x6,,8.0,24.0,344.04086328125004,,
"Canfor Southern Pine (Bucks, AL)",378073,central,TLR,Birmingham,AL,2x6,,16.0,16.0,345.26861328125,,
"Canfor Southern Pine (Bucks, AL)",378073,central,TLR,Birmingham,AL,2x8,,8.0,10.66667,290.0,,
"Canfor Southern Pine (Bucks, AL)",378073,central,TLR,Birmingham,AL,2x8,,16.0,42.66666,305.20635782977,,
"Canfor Southern Pine (Bucks, AL)",378073,central,TLR,Birmingham,AL,2x8,,12.0,16.0,320.269945746528,,
"Canfor Southern Pine (Bucks, AL)",378073,central,TLR,Birmingham,AL,2x8,,14.0,18.66667,290.0,,
"Canfor Southern Pine (Camden, SC)",955,east,Customer,Ridgeway,VA,2x6,,8.0,8.0,375.0,,
"Canfor Southern Pine (Deridder, LA)",376059,west,Customer,Austin,TX,2x4,,20.0,26.66666,440.019877400162,,
"Canfor Southern Pine (Deridder, LA)",376059,west,Customer,Bryan,TX,2x4,,8.0,26.66665,312.8281906343032,,
"Canfor Southern Pine (Deridder, LA)",376059,west,Customer,Bryan,TX,2x4,,10.0,46.66669,286.0951283770636,,
"Canfor Southern Pine (Deridder, LA)",376059,west,Customer,Bryan,TX,2x4,,12.0,16.0,314.35679587339746,,
"Canfor Southern Pine (Deridder, LA)",376059,west,Customer,Bryan,TX,4x4,,8.0,10.66667,325.0,,
"Canfor Southern Pine (Deridder, LA)",376059,west,Customer,Bryan,TX,4x4,,10.0,13.33333,325.041672009232,,
"Canfor Southern Pine (Deridder, LA)",376059,west,Customer,Bryan,TX,4x4,,12.0,16.0,325.0,,
"Canfor Southern Pine (Deridder, LA)",376059,west,Customer,Cherry Valley,IL,2x4,,16.0,10.66667,591.662215460897,,
"Canfor Southern Pine (Deridder, LA)",376059,west,Customer,Cherry Valley,IL,2x4,,10.0,6.66667,591.662387306167,,
"Canfor Southern Pine (Deridder, LA)",376059,west,Customer,Cherry Valley,IL,2x4,,12.0,8.0,591.6622265625,,
"Canfor Southern Pine (Deridder, LA)",376059,west,Customer,Cherry Valley,IL,2x4,,14.0,9.33333,591.814714064915,,
"Canfor Southern Pine (Deridder, LA)",376059,west,Customer,Cherry Valley,IL,2x4,,18.0,12.0,591.662079326923,,
"Canfor Southern Pine (Deridder, LA)",376059,west,Customer,Cherry Valley,IL,2x4,,20.0,13.33333,591.768918139199,,
"Canfor Southern Pine (Deridder, LA)",376059,west,Customer,Dallas,TX,2x4,,8.0,10.66666,256.2638845533105,,
"Canfor Southern Pine (Deridder, LA)",376059,west,Customer,Dallas,TX,2x4,,10.0,6.66667,215.000504868374,,
"Canfor Southern Pine (Deridder, LA)",376059,west,Customer,Dallas,TX,2x4,,12.0,8.0,215.000400641026,,
"Canfor Southern Pine (Deridder, LA)",376059,west,Customer,Dallas,TX,2x4,,14.0,9.33333,215.000452859351,,
"Canfor Southern Pine (Deridder, LA)",376059,west,Customer,Henderson,TX,2x4,,8.0,21.33332,216.97613486754202,,
"Canfor Southern Pine (Deridder, LA)",376059,west,Customer,Henderson,TX,2x4,,10.0,13.33334,228.096756701992,,
"Canfor Southern Pine (Deridder, LA)",376059,west,Customer,Henderson,TX,2x4,,12.0,8.0,272.42825443787,,
"Canfor Southern Pine (Deridder, LA)",376059,west,Customer,Lott,TX,2x4,,16.0,10.66667,511.395138607167,,
"Canfor Southern Pine (Deridder, LA)",376059,west,Customer,Lott,TX,2x4,,10.0,13.33334,467.643249387388,,
"Canfor Southern Pine (Deridder, LA)",376059,west,Customer,Lott,TX,2x4,,12.0,16.0,491.323853880495,,
"Canfor Southern Pine (Deridder, LA)",376059,west,Customer,Lott,TX,2x4,,14.0,18.66666,512.552670015456,,
"Canfor Southern Pine (Deridder, LA)",376059,west,Customer,Lott,TX,2x4,,18.0,36.0,472.7612459935896,,
"Canfor Southern Pine (Deridder, LA)",376059,west,Customer,Lott,TX,2x4,,20.0,53.33332,485.306881940416,,
"Canfor Southern Pine (Deridder, LA)",376059,west,Customer,Lott,TX,2x6,,10.0,20.0,472.995251953125,,
"Canfor Southern Pine (Deridder, LA)",376059,west,Customer,Lott,TX,2x6,,12.0,12.0,456.211588541667,,
"Canfor Southern Pine (Deridder, LA)",376059,west,Customer,Lott,TX,2x6,,14.0,42.0,540.9410382564483,,
"Canfor Southern Pine (Deridder, LA)",376059,west,Customer,Lott,TX,2x6,,18.0,36.0,512.995198206019,,
"Canfor Southern Pine (Deridder, LA)",376059,west,Customer,Lott,TX,2x6,,20.0,60.0,486.601720610119,,
"Canfor Southern Pine (Deridder, LA)",376059,west,Customer,Middleton,TN,2x6,,8.0,8.0,315.0,,
"Canfor Southern Pine (Deridder, LA)",376059,west,Customer,Middleton,TN,2x6,,10.0,10.0,315.0,,
"Canfor Southern Pine (Deridder, LA)",376059,west,Customer,Mt Pleasant,TX,2x4,,8.0,5.33333,276.294827216141,,
"Canfor Southern Pine (Deridder, LA)",376059,west,Customer,Mt Pleasant,TX,2x4,,10.0,6.66667,266.122046409027,,
"Canfor Southern Pine (Deridder, LA)",376059,west,Customer,Pharr,TX,2x4,,10.0,6.66667,210.009465428649,,
"Canfor Southern Pine (Deridder, LA)",376059,west,Customer,Port Neches,TX,2x8,,8.0,21.33334,320.0,,
"Canfor Southern Pine (Deridder, LA)",376059,west,Customer,Pottsville,AR,2x4,,14.0,9.33333,484.999948488127,,
"Canfor Southern Pine (Deridder, LA)",376059,west,Customer,Schiller Park,IL,2x4,,8.0,5.33333,210.009465428649,,
"Canfor Southern Pine (Deridder, LA)",376059,west,Customer,Scottsville,TX,2x4,,8.0,5.33333,252.503995082975,,
"Canfor Southern Pine (Deridder, LA)",376059,west,Customer,Silsbee,TX,2x4,,8.0,21.33332,245.68785218089852,,
"Canfor Southern Pine (Deridder, LA)",376059,west,Customer,Silsbee,TX,2x4,,10.0,20.00001,251.962194403503,,
"Canfor Southern Pine (Deridder, LA)",376059,west,Customer,Silsbee,TX,2x4,,12.0,8.0,258.842600661058,,
"Canfor Southern Pine (Deridder, LA)",376059,west,Customer,Silsbee,TX,2x4,,14.0,9.33333,258.909286450283,,
"Canfor Southern Pine (Deridder, LA)",376059,west,Customer,Silsbee,TX,2x6,,10.0,10.0,325.0,,
"Canfor Southern Pine (Deridder, LA)",376059,west,Customer,Waskom,TX,2x4,,16.0,10.66667,593.195612980769,,
"Canfor Southern Pine (Deridder, LA)",376059,west,Customer,West Monroe,LA,2x4,,10.0,6.66667,235.010592265393,,
"Canfor Southern Pine (El Dorado, AR)",372322,west,Customer,Bossier City,LA,2x4,,8.0,5.33333,190.019032355004,,
"Canfor Southern Pine (El Dorado, AR)",372322,west,Customer,Bossier City,LA,2x4,,10.0,6.66667,189.999987980769,,
"Canfor Southern Pine (El Dorado, AR)",372322,west,Customer,Bryan,TX,2x10,,8.0,13.33333,194.997230152981,,
"Canfor Southern Pine (El Dorado, AR)",372322,west,Customer,Bryan,TX,2x4,,8.0,5.33333,255.38199531257,,
"Canfor Southern Pine (El Dorado, AR)",372322,west,Customer,Bryan,TX,2x4,,10.0,6.66667,255.510300480769,,
"Canfor Southern Pine (El Dorado, AR)",372322,west,Customer,Bryan,TX,2x4,,12.0,8.0,255.510438034188,,
"Canfor Southern Pine (El Dorado, AR)",372322,west,Customer,Bryan,TX,2x6,,8.0,8.0,265.0,,
"Canfor Southern Pine (El Dorado, AR)",372322,west,Customer,Bryan,TX,2x6,,10.0,10.0,265.0,,
"Canfor Southern Pine (El Dorado, AR)",372322,west,Customer,Dallas,TX,2x4,,8.0,5.33333,165.007083065035,,
"Canfor Southern Pine (El Dorado, AR)",372322,west,Customer,Fort Payne,AL,2x4,,10.0,6.66667,200.009014693951,,
"Canfor Southern Pine (El Dorado, AR)",372322,west,Customer,Grabill,IN,2x10,,12.0,20.0,200.0,,
"Canfor Southern Pine (El Dorado, AR)",372322,west,Customer,Grand Prairie,TX,2x10,,18.0,30.0,290.0,,
"Canfor Southern Pine (El Dorado, AR)",372322,west,Customer,Hutchinson,KS,2x4,,8.0,10.66666,235.000468785215,,
"Canfor Southern Pine (El Dorado, AR)",372322,west,Customer,Hutchinson,KS,2x4,,10.0,13.33334,235.000450734698,,
"Canfor Southern Pine (El Dorado, AR)",372322,west,Customer,Hutchinson,KS,2x4,,12.0,16.0,235.000360576923,,
"Canfor Southern Pine (El Dorado, AR)",372322,west,Customer,Irving,TX,2x4,,10.0,6.66667,165.00743712251,,
"Canfor Southern Pine (El Dorado, AR)",372322,west,Customer,Pollard,AR,2x4,,10.0,13.33334,267.5066570509265,,
"Canfor Southern Pine (El Dorado, AR)",372322,west,Customer,Schiller Park,IL,2x6,,8.0,16.0,155.0,,
"Canfor Southern Pine (El Dorado, AR)",372322,west,Customer,South Wayne,WI,2x6,,10.0,10.0,398.519736842105,,
"Canfor Southern Pine (El Dorado, AR)",372322,west,Customer,Tuscola,IL,2x4,,14.0,9.33333,330.014166130071,,
"Canfor Southern Pine (El Dorado, AR)",372322,west,Customer,Wichita Falls,TX,2x4,,8.0,5.33333,250.075142771265,,
"Canfor Southern Pine (El Dorado, AR)",372322,west,Customer,Wichita Falls,TX,2x4,,10.0,6.66667,250.0,,
"Canfor Southern Pine (El Dorado, AR)",372322,west,Customer,Wichita Falls,TX,2x4,,12.0,8.0,250.0,,
"Canfor Southern Pine (El Dorado, AR)",372322,west,Customer,Wichita Falls,TX,2x4,,14.0,9.33333,250.042933195947,,
"Canfor Southern Pine (El Dorado, AR)",372322,west,Customer,,,2x4,,8.0,5.33333,165.000450856628,,
"Canfor Southern Pine (El Dorado, AR)",372322,west,Customer,,,2x4,,10.0,6.66667,165.119490620491,,
"Canfor Southern Pine (El Dorado, AR)",372322,west,Customer,,,2x4,,12.0,16.0,202.5987830528845,,
"Canfor Southern Pine (Estill, SC)",376471,east,Customer,Mc Intyre,GA,2x8,,8.0,10.66667,378.177083333333,,
"Canfor Southern Pine (Estill, SC)",376471,east,Customer,Mc Intyre,GA,2x8,,12.0,32.0,360.7204810887895,,
"Canfor Southern Pine (Estill, SC)",376471,east,Customer,Ridgeway,VA,2x6,,8.0,40.0,333.084239130435,,
"Canfor Southern Pine (Fulton, AL)",960,central,Customer,Bonham,TX,2x8,,12.0,16.0,205.000016927083,,
"Canfor Southern Pine (Fulton, AL)",960,central,Customer,Bullard,TX,2x12,,16.0,32.0,220.000012872869,,
"Canfor Southern Pine (Fulton, AL)",960,central,Customer,Conroe,TX,2x8,,8.0,21.33334,220.0000066583805,,
"Canfor Southern Pine (Fulton, AL)",960,central,Customer,Conroe,TX,2x8,,16.0,21.33333,220.053724053724,,
"Canfor Southern Pine (Fulton, AL)",960,central,Customer,Conroe,TX,2x8,,10.0,26.66666,220.05014186711549,,
"Canfor Southern Pine (Fulton, AL)",960,central,Customer,Conroe,TX,2x8,,12.0,16.0,220.0,,
"Canfor Southern Pine (Fulton, AL)",960,central,Customer,Conroe,TX,2x8,,14.0,37.33334,219.9999948381695,,
"Canfor Southern Pine (Fulton, AL)",960,central,Customer,Crossville,TN,2x4,,8.0,5.33333,235.106402164112,,
"Canfor Southern Pine (Fulton, AL)",960,central,Customer,Crossville,TN,2x4,,10.0,6.66667,235.000432692308,,
"Canfor Southern Pine (Fulton, AL)",960,central,Customer,Crossville,TN,2x4,,12.0,8.0,235.000450721154,,
"Canfor Southern Pine (Fulton, AL)",960,central,Customer,Crossville,TN,2x4,,14.0,9.33333,235.000374758532,,
"Canfor Southern Pine (Fulton, AL)",960,central,Customer,Crossville,TN,2x6,,8.0,8.0,205.000439453125,,
"Canfor Southern Pine (Fulton, AL)",960,central,Customer,Jacksonville,TX,2x8,,8.0,10.66667,220.000012872869,,
"Canfor Southern Pine (Fulton, AL)",960,central,Customer,Jacksonville,TX,2x8,,16.0,21.33333,305.074481074481,,
"Canfor Southern Pine (Fulton, AL)",960,central,Customer,Jacksonville,TX,2x8,,12.0,16.0,305.0,,
"Canfor Southern Pine (Fulton, AL)",960,central,Customer,Jacksonville,TX,2x8,,14.0,18.66667,305.0,,
"Canfor Southern Pine (Fulton, AL)",960,central,Customer,Mc Intyre,GA,2x12,,12.0,24.0,225.0,,
"Canfor Southern Pine (Fulton, AL)",960,central,Customer,Mc Intyre,GA,2x12,,14.0,28.0,224.99998963648,,
"Canfor Southern Pine (Fulton, AL)",960,central,Customer,Ranburne,AL,2x12,,8.0,16.0,215.0,,
"Canfor Southern Pine (Fulton, AL)",960,central,Customer,Ranburne,AL,2x12,,16.0,32.0,215.0,,
"Canfor Southern Pine (Fulton, AL)",960,central,Customer,Ranburne,AL,2x12,,10.0,20.0,215.0,,
"Canfor Southern Pine (Fulton, AL)",960,central,Customer,Ranburne,AL,2x12,,12.0,48.0,214.999989040799,,
"Canfor Southern Pine (Fulton, AL)",960,central,Customer,Ranburne,AL,2x12,,14.0,28.0,215.0,,
"Canfor Southern Pine (Fulton, AL)",960,central,Customer,Toledo,OH,2x6,,8.0,8.0,305.0,,
"Canfor Southern Pine (Fulton, AL)",960,central,Customer,Toledo,OH,2x6,,10.0,10.0,305.0,,
"Canfor Southern Pine (Fulton, AL)",960,central,TLR,Birmingham,AL,2x10,,8.0,39.99999,245.63967707246567,,
"Canfor Southern Pine (Fulton, AL)",960,central,TLR,Birmingham,AL,2x10,,16.0,26.66667,245.641473980309,,
"Canfor Southern Pine (Fulton, AL)",960,central,TLR,Birmingham,AL,2x10,,,6.66667,218.701857544517,,
"Canfor Southern Pine (Fulton, AL)",960,central,TLR,Birmingham,AL,2x10,,10.0,16.66667,254.828269317329,,
"Canfor Southern Pine (Fulton, AL)",960,central,TLR,Birmingham,AL,2x10,,12.0,20.0,245.604655208333,,
"Canfor Southern Pine (Fulton, AL)",960,central,TLR,Birmingham,AL,2x10,,14.0,23.33333,245.625697830163,,
"Canfor Southern Pine (Fulton, AL)",960,central,TLR,Birmingham,AL,2x4,,8.0,10.66666,228.17785026212448,,
"Canfor Southern Pine (Fulton, AL)",960,central,TLR,Birmingham,AL,2x4,,10.0,13.33334,228.17207880429152,,
"Canfor Southern Pine (Fulton, AL)",960,central,TLR,Birmingham,AL,2x4,,12.0,16.0,228.17779447115402,,
"Canfor Southern Pine (Fulton, AL)",960,central,TLR,Birmingham,AL,2x4,,14.0,18.66666,228.217407006698,,
"Canfor Southern Pine (Fulton, AL)",960,central,TLR,Birmingham,AL,2x6,,8.0,8.0,330.0,,
"Canfor Southern Pine (Fulton, AL)",960,central,TLR,Birmingham,AL,2x6,,10.0,10.0,324.76706484375,,
"Canfor Southern Pine (Fulton, AL)",960,central,TLR,Birmingham,AL,2x6,,12.0,12.0,324.769661458333,,
"Canfor Southern Pine (Fulton, AL)",960,central,TLR,Birmingham,AL,2x6,,14.0,14.0,324.765959821429,,
"Canfor Southern Pine (Fulton, AL)",960,central,TLR,Birmingham,AL,2x8,,8.0,32.00001,303.2560145399307,,
"Canfor Southern Pine (Fulton, AL)",960,central,TLR,Birmingham,AL,2x8,,16.0,63.99999,294.92269449869804,,
"Canfor Southern Pine (Fulton, AL)",960,central,TLR,Birmingham,AL,2x8,,,5.33333,218.76708984375,,
"Canfor Southern Pine (Fulton, AL)",960,central,TLR,Birmingham,AL,2x8,,10.0,26.66666,304.88353794642853,,
"Canfor Southern Pine (Fulton, AL)",960,central,TLR,Birmingham,AL,2x8,,12.0,32.0,289.9999934895835,,
"Canfor Southern Pine (Fulton, AL)",960,central,TLR,Birmingham,AL,2x8,,14.0,18.66667,280.0,,
"Canfor Southern Pine (Graham, NC)",954,east,Customer,Ridgeway,VA,2x6,,8.0,8.0,385.0,,
"Canfor Southern Pine (Moultrie, GA)",375292,east,Customer,Mc Intyre,GA,2x8,,8.0,21.33334,318.224431818182,,
"Canfor Southern Pine (Strong, AR)",936,west,Customer,Brenham,TX,2x12,,20.0,40.0,410.0,,
"Canfor Southern Pine (Strong, AR)",936,west,Customer,Bryan,TX,2x10,,10.0,33.33334,232.349671328363,,
"Canfor Southern Pine (Strong, AR)",936,west,Customer,Bryan,TX,2x12,,8.0,32.0,252.5,,
"Canfor Southern Pine (Strong, AR)",936,west,Customer,Bryan,TX,2x12,,16.0,32.0,310.0,,
"Canfor Southern Pine (Strong, AR)",936,west,Customer,Bryan,TX,2x12,,10.0,20.0,310.0,,
"Canfor Southern Pine (Strong, AR)",936,west,Customer,Bryan,TX,2x12,,12.0,48.0,310.0,,
"Canfor Southern Pine (Strong, AR)",936,west,Customer,Bryan,TX,2x12,,14.0,28.0,310.000014880952,,
"Canfor Southern Pine (Strong, AR)",936,west,Customer,Bryan,TX,2x12,,20.0,120.0,477.0703125,,
"Canfor Southern Pine (Strong, AR)",936,west,Customer,Bryan,TX,2x8,,8.0,21.33334,267.5,,
"Canfor Southern Pine (Strong, AR)",936,west,Customer,Bryan,TX,2x8,,16.0,21.33333,205.0,,
"Canfor Southern Pine (Strong, AR)",936,west,Customer,Bryan,TX,2x8,,10.0,26.66666,267.5,,
"Canfor Southern Pine (Strong, AR)",936,west,Customer,Bryan,TX,2x8,,12.0,32.0,327.5,,
"Canfor Southern Pine (Strong, AR)",936,west,Customer,Bryan,TX,2x8,,14.0,18.66667,204.999984933036,,
"Canfor Southern Pine (Strong, AR)",936,west,Customer,Buffalo,TX,2x12,,20.0,40.0,410.0,,
"Canfor Southern Pine (Strong, AR)",936,west,Customer,Exeter,MO,2x10,,8.0,13.33333,347.783383186749,,
"Canfor Southern Pine (Strong, AR)",936,west,Customer,Fort Worth,TX,2x10,,18.0,30.0,288.0,,
"Canfor Southern Pine (Strong, AR)",936,west,Customer,Oklahoma City,OK,2x12,,8.0,16.0,97.499994140625,,
"Canfor Southern Pine (Strong, AR)",936,west,Customer,Oklahoma City,OK,2x12,,16.0,32.0,194.999987792969,,
"Canfor Southern Pine (Strong, AR)",936,west,Customer,Oklahoma City,OK,2x12,,10.0,20.0,195.0,,
"Canfor Southern Pine (Strong, AR)",936,west,Customer,Oklahoma City,OK,2x12,,12.0,24.0,194.999988606771,,
"Canfor Southern Pine (Strong, AR)",936,west,Customer,Schiller Park,IL,2x10,,14.0,23.33333,407.446761016117,,
"Canfor Southern Pine (Strong, AR)",936,west,Customer,Wood Dale,IL,2x10,,14.0,23.33333,479.724987722666,,
"Canfor Southern Pine (Strong, AR)",936,west,TLR,Birmingham,AL,2x8,,12.0,16.0,262.395833333333,,
"Carter Forest Products, Inc (Calgary, AB)",379812,nan,Customer,South Wayne,WI,2x4,,16.0,10.66667,773.582723922902,,
"Carthage Forest Products, LLC (Carthage, AR)",1019,west,Customer,Armorel,AR,4x6,,10.0,6.25,315.0,,
"Carthage Forest Products, LLC (Carthage, AR)",1019,west,Customer,Denton,TX,4x6,,16.0,20.0,330.0,,
"Carthage Forest Products, LLC (Carthage, AR)",1019,west,Customer,Houston,TX,4x6,,,8.75,69.15584415584416,,
"Carthage Forest Products, LLC (Carthage, AR)",1019,west,Customer,Memphis,TN,4x6,,16.0,10.0,261.250012586806,,
"Carthage Forest Products, LLC (Carthage, AR)",1019,west,Customer,Toledo,OH,4x6,,16.0,10.0,254.545454545455,,
"Carthage Forest Products, LLC (Carthage, AR)",1019,west,Customer,Winfield,KS,4x6,,16.0,10.0,300.0,,
"Carthage Hardwoods, LLC (Carthage, TX)",15918,nan,Customer,,,1x4,,8.0,2.66667,399.035628181088,,
"Central Missouri Forest Products, LLC (New Bloomfield, MO)",376578,nan,Customer,Evansville,WI,3x4,,8.0,8.0,410.0,,
"Charles Ingram (Effingham, SC)",14376,east,Customer,Alto,GA,4x6,,12.0,7.5,295.0,,
"Charles Ingram (Effingham, SC)",14376,east,Customer,Buchanan,GA,4x6,,8.0,64.0,392.7692307692307,,
"Charles Ingram (Effingham, SC)",14376,east,Customer,Buchanan,GA,4x6,,,8.0,327.5,,
"Charles Ingram (Effingham, SC)",14376,east,Customer,Greenville,GA,4x6,,,16.0,380.59523809523796,,
"Charles Ingram (Effingham, SC)",14376,east,Customer,Ridgeway,VA,4x6,,16.0,64.0,500.8928431919645,,
"Charles Ingram (Effingham, SC)",14376,east,Customer,Toledo,OH,4x6,,12.0,7.5,290.0,,
"Charles Ingram (Effingham, SC)",14376,east,Customer,Wellford,SC,1x4,,10.0,3.33333,600.750938673342,,
"Charles Ingram (Effingham, SC)",14376,east,Customer,Wellford,SC,1x4,,12.0,4.0,540.0,,
"Charles Ingram (Effingham, SC)",14376,east,Customer,Wellford,SC,1x4,,14.0,4.66667,570.0,,
"Charles Ingram (Effingham, SC)",14376,east,Customer,Wellford,SC,4x4,,16.0,21.33333,375.000409635079,,
"Charles Ingram (Effingham, SC)",14376,east,Customer,Wellford,SC,4x4,,10.0,13.33333,375.174474959612,,
"Charles Ingram (Effingham, SC)",14376,east,Customer,Wellford,SC,4x4,,12.0,16.0,375.000480769231,,
"Charles Ingram (Effingham, SC)",14376,east,Customer,Wellford,SC,4x4,,14.0,18.66667,375.062314540059,,
"Charles Ingram (Effingham, SC)",14376,east,TLR,Birmingham,AL,4x6,,6.0,3.75,240.0,,
"Charles Ingram (Effingham, SC)",14376,east,TLR,Birmingham,AL,4x6,,10.0,6.25,288.571428571429,,
"Charles Ingram (Effingham, SC)",14376,east,TLR,Birmingham,AL,4x6,,14.0,8.75,290.0,,
"Chickasaw Lumber Company, LLC (Navasota, TX)",372519,west,Customer,Austin,TX,2x6,,8.0,8.0,850.0,,
"Chickasaw Lumber Company, LLC (Navasota, TX)",372519,west,Customer,Austin,TX,2x8,,8.0,10.66667,903.383458646616,,
"Chickasaw Lumber Company, LLC (Navasota, TX)",372519,west,Customer,Austin,TX,2x8,,12.0,16.0,900.0,,
"Chickasaw Lumber Company, LLC (Navasota, TX)",372519,west,Customer,Austin,TX,4x6,,8.0,16.0,875.0,,
"Chickasaw Lumber Company, LLC (Navasota, TX)",372519,west,Customer,Bryan,TX,8x8,,10.0,53.33333,900.0,,
"Chickasaw Lumber Company, LLC (Navasota, TX)",372519,west,Customer,Burnet,TX,8x8,,8.0,42.66667,900.0,,
"Chickasaw Lumber Company, LLC (Navasota, TX)",372519,west,Customer,Channelview,TX,10x10,,10.0,250.00002,900.0,,
"Chickasaw Lumber Company, LLC (Navasota, TX)",372519,west,Customer,Channelview,TX,6x6,,10.0,90.0,850.0,,
"Chickasaw Lumber Company, LLC (Navasota, TX)",372519,west,Customer,Ennis,TX,10x10,,24.0,200.0,1000.0,,
"Chickasaw Lumber Company, LLC (Navasota, TX)",372519,west,Customer,Ferris,TX,2x12,,10.0,20.0,1050.0,,
"Chickasaw Lumber Company, LLC (Navasota, TX)",372519,west,Customer,Ferris,TX,2x12,,12.0,24.0,1050.0,,
"Chickasaw Lumber Company, LLC (Navasota, TX)",372519,west,Customer,Ferris,TX,3x12,,10.0,30.0,1050.0,,
"Chickasaw Lumber Company, LLC (Navasota, TX)",372519,west,Customer,Ferris,TX,3x12,,12.0,36.0,1050.0,,
"Chickasaw Lumber Company, LLC (Navasota, TX)",372519,west,Customer,Grand Prairie,TX,3x8,,8.0,352.0,550.0,,
"Chickasaw Lumber Company, LLC (Navasota, TX)",372519,west,Customer,Hamshire,TX,4x6,,,16.0,702.875021412037,,
"Chickasaw Lumber Company, LLC (Navasota, TX)",372519,west,Customer,Houston,TX,2x4,,10.0,6.66667,775.0,,
"Chickasaw Lumber Company, LLC (Navasota, TX)",372519,west,Customer,Houston,TX,4x4,,10.0,13.33333,875.218804701175,,
"Chickasaw Lumber Company, LLC (Navasota, TX)",372519,west,Customer,Kennedale,TX,2x12,,,64.0,1050.0,,
"Chickasaw Lumber Company, LLC (Navasota, TX)",372519,west,Customer,Lubbock,TX,8x8,,10.0,53.33333,890.22255563891,,
"Chickasaw Lumber Company, LLC (Navasota, TX)",372519,west,Customer,Mansfield,TX,2x6,,12.0,12.0,650.0,,
"Chickasaw Lumber Company, LLC (Navasota, TX)",372519,west,Customer,Pass Christian,MS,4x6,,,8.0,718.750231481481,,
"Chickasaw Lumber Company, LLC (Navasota, TX)",372519,west,Customer,Pflugerville,TX,4x6,,10.0,20.0,875.0,,
"Chickasaw Lumber Company, LLC (Navasota, TX)",372519,west,Customer,San Antonio,TX,4x4,,8.0,128.00004,474.7303115776593,,
"Chickasaw Lumber Company, LLC (Navasota, TX)",372519,west,Customer,San Antonio,TX,4x4,,7.0,55.99998,475.144928968419,,
"Chickasaw Lumber Company, LLC (Navasota, TX)",372519,west,Customer,San Antonio,TX,4x4,,10.0,146.66663,474.66607415490256,,
"Chickasaw Lumber Company, LLC (Navasota, TX)",372519,west,Customer,San Antonio,TX,4x4,,12.0,144.0,474.47978802910046,,
"Chickasaw Lumber Company, LLC (Navasota, TX)",372519,west,Customer,San Antonio,TX,5x6,,8.0,20.0,913.333333333333,,
"Chickasaw Lumber Company, LLC (Navasota, TX)",372519,west,Customer,Snyder,TX,8x10,,,213.3333,2000.1105809476,,
"Chickasaw Lumber Company, LLC (Navasota, TX)",372519,west,Customer,Snyder,TX,,,,1.0,15000.0,,
"Chickasaw Lumber Company, LLC (Navasota, TX)",372519,west,Customer,Venus,TX,2x8,,12.0,16.0,900.0,,
"Chinook Wood Products Ltd (Vauxhall, AB)",379011,nan,Customer,Beloit,WI,2x4,,8.0,5.33333,313.511161132996,,
"Chinook Wood Products Ltd (Vauxhall, AB)",379011,nan,Customer,Dallas,TX,2x4,,8.0,5.33333,328.511761395611,,
"Church & Church Lumber Company, LLC (Wilkesboro, NC)",868,nan,Customer,Hartwell,GA,1x4,,,2.33334,863.214876953094,,
"Church & Church Lumber Company, LLC (Wilkesboro, NC)",868,nan,Customer,Hartwell,GA,2x4,,,5.33334,664.6879704348335,,
"Church & Church Lumber Company, LLC (Wilkesboro, NC)",868,nan,Customer,Hartwell,GA,2x4,,14.0,16.22222,594.3782367447595,,
"Church & Church Lumber Company, LLC (Wilkesboro, NC)",868,nan,Customer,Winston Salem,NC,1x4,,8.0,2.66667,431.39622833843,,
"Church & Church Lumber Company, LLC (Wilkesboro, NC)",868,nan,Customer,Winston Salem,NC,3x4,,8.0,16.0,683.6688701923075,,
"Church & Church Lumber Company, LLC (Wilkesboro, NC)",869,nan,Customer,Hartwell,GA,1x4,,,1.16667,814.318771289538,,
"Church & Church Lumber Company, LLC (Wilkesboro, NC)",869,nan,Customer,Hartwell,GA,2x4,,14.0,8.11111,579.551045510455,,
"Clays Pallet Mill Inc (Pocahontas, AR)",379606,nan,Customer,Jewett,TX,3x4,,8.0,40.0,660.0,,
"Corrigan OSB LLC (Corrigan, TX)",15096,west,Customer,Golden,MS,16x4,,8.0,32.0,160.791666666667,,
"Coushatta Forest Products, LLC (Coushatta, LA)",1021,west,Customer,Bryan,TX,2x4,,8.0,26.66665,305.602428674105,,
"Coushatta Forest Products, LLC (Coushatta, LA)",1021,west,Customer,Bryan,TX,2x4,,16.0,32.00001,276.6508980528153,,
"Coushatta Forest Products, LLC (Coushatta, LA)",1021,west,Customer,Bryan,TX,2x4,,10.0,33.333349999999996,349.546009673946,,
"Coushatta Forest Products, LLC (Coushatta, LA)",1021,west,Customer,Bryan,TX,2x4,,12.0,16.0,348.7518594751605,,
"Coushatta Forest Products, LLC (Coushatta, LA)",1021,west,Customer,Bryan,TX,2x4,,14.0,27.99999,320.8485958321783,,
"Coushatta Forest Products, LLC (Coushatta, LA)",1021,west,Customer,Bryan,TX,2x6,,8.0,40.0,338.604044921875,,
"Coushatta Forest Products, LLC (Coushatta, LA)",1021,west,Customer,Bryan,TX,2x6,,,4.0,250.0,,
"Coushatta Forest Products, LLC (Coushatta, LA)",1021,west,Customer,Bryan,TX,2x6,,6.0,6.0,250.0,,
"Coushatta Forest Products, LLC (Coushatta, LA)",1021,west,Customer,Bryan,TX,2x6,,10.0,30.0,360.00246597222235,,
"Coushatta Forest Products, LLC (Coushatta, LA)",1021,west,Customer,Bryan,TX,2x6,,12.0,24.0,348.7518587239585,,
"Coushatta Forest Products, LLC (Coushatta, LA)",1021,west,Customer,Bryan,TX,2x8,,8.0,10.66667,290.0,,
"Coushatta Forest Products, LLC (Coushatta, LA)",1021,west,Customer,Bryan,TX,2x8,,16.0,63.99999,274.42129848287567,,
"Coushatta Forest Products, LLC (Coushatta, LA)",1021,west,Customer,Bryan,TX,2x8,,,2.66667,113.021700473293,,
"Coushatta Forest Products, LLC (Coushatta, LA)",1021,west,Customer,Bryan,TX,2x8,,10.0,53.33332,309.572319050637,,
"Coushatta Forest Products, LLC (Coushatta, LA)",1021,west,Customer,Bryan,TX,2x8,,12.0,64.0,312.0659656032985,,
"Coushatta Forest Products, LLC (Coushatta, LA)",1021,west,Customer,Bryan,TX,2x8,,14.0,18.66667,298.263895089286,,
"Coushatta Forest Products, LLC (Coushatta, LA)",1021,west,Customer,Bryan,TX,4x4,,8.0,85.33336,383.4869366667635,,
"Coushatta Forest Products, LLC (Coushatta, LA)",1021,west,Customer,Bryan,TX,4x4,,16.0,106.66665,364.0166833618624,,
"Coushatta Forest Products, LLC (Coushatta, LA)",1021,west,Customer,Bryan,TX,4x4,,,16.0,265.02739563036,,
"Coushatta Forest Products, LLC (Coushatta, LA)",1021,west,Customer,Bryan,TX,4x4,,6.0,8.0,338.010621794872,,
"Coushatta Forest Products, LLC (Coushatta, LA)",1021,west,Customer,Bryan,TX,4x4,,10.0,79.99998,376.68447115210535,,
"Coushatta Forest Products, LLC (Coushatta, LA)",1021,west,Customer,Bryan,TX,4x4,,12.0,64.0,372.5,,
"Coushatta Forest Products, LLC (Coushatta, LA)",1021,west,Customer,Bryan,TX,4x4,,14.0,74.66668,367.5288593247645,,
"Coushatta Forest Products, LLC (Coushatta, LA)",1021,west,Customer,Bryan,TX,4x6,,8.0,96.0,404.65392094494047,,
"Coushatta Forest Products, LLC (Coushatta, LA)",1021,west,Customer,Bryan,TX,4x6,,16.0,128.0,411.25,,
"Coushatta Forest Products, LLC (Coushatta, LA)",1021,west,Customer,Bryan,TX,4x6,,,12.0,293.012834821429,,
"Coushatta Forest Products, LLC (Coushatta, LA)",1021,west,Customer,Bryan,TX,4x6,,6.0,12.0,343.012867063492,,
"Coushatta Forest Products, LLC (Coushatta, LA)",1021,west,Customer,Bryan,TX,4x6,,10.0,80.0,379.48089285714275,,
"Coushatta Forest Products, LLC (Coushatta, LA)",1021,west,Customer,Bryan,TX,4x6,,12.0,96.0,374.48088541666675,,
"Coushatta Forest Products, LLC (Coushatta, LA)",1021,west,Customer,Bryan,TX,4x6,,14.0,84.0,366.6666666666667,,
"Coushatta Forest Products, LLC (Coushatta, LA)",1021,west,Customer,Crossville,TN,4x6,,8.0,16.0,395.0,,
"Coushatta Forest Products, LLC (Coushatta, LA)",1021,west,Customer,Crossville,TN,4x6,,16.0,32.0,395.000027901786,,
"Coushatta Forest Products, LLC (Coushatta, LA)",1021,west,Customer,Crossville,TN,4x6,,10.0,20.0,395.0,,
"Coushatta Forest Products, LLC (Coushatta, LA)",1021,west,Customer,Crossville,TN,4x6,,12.0,24.0,395.0,,
"Coushatta Forest Products, LLC (Coushatta, LA)",1021,west,Customer,Crossville,TN,4x6,,14.0,28.0,395.0,,
"Coushatta Forest Products, LLC (Coushatta, LA)",1021,west,Customer,Crowley,TX,2x4,,16.0,10.66667,285.064482758621,,
"Coushatta Forest Products, LLC (Coushatta, LA)",1021,west,Customer,Crowley,TX,2x4,,12.0,8.0,285.000420673077,,
"Coushatta Forest Products, LLC (Coushatta, LA)",1021,west,Customer,Crowley,TX,2x4,,14.0,9.33333,284.967717932574,,
"Coushatta Forest Products, LLC (Coushatta, LA)",1021,west,Customer,Crowley,TX,2x6,,8.0,8.0,259.999986328125,,
"Coushatta Forest Products, LLC (Coushatta, LA)",1021,west,Customer,Crowley,TX,2x6,,16.0,16.0,260.0,,
"Coushatta Forest Products, LLC (Coushatta, LA)",1021,west,Customer,Crowley,TX,2x6,,10.0,10.0,259.9999859375,,
"Coushatta Forest Products, LLC (Coushatta, LA)",1021,west,Customer,Crowley,TX,2x6,,12.0,12.0,260.0,,
"Coushatta Forest Products, LLC (Coushatta, LA)",1021,west,Customer,Crowley,TX,2x6,,14.0,14.0,260.0,,
"Coushatta Forest Products, LLC (Coushatta, LA)",1021,west,Customer,Dallas,TX,2x4,,8.0,5.33333,295.000020283976,,
"Coushatta Forest Products, LLC (Coushatta, LA)",1021,west,Customer,Dallas,TX,2x4,,16.0,10.66667,295.03324318233,,
"Coushatta Forest Products, LLC (Coushatta, LA)",1021,west,Customer,Dallas,TX,2x4,,10.0,6.66667,295.212842712843,,
"Coushatta Forest Products, LLC (Coushatta, LA)",1021,west,Customer,Dallas,TX,2x4,,12.0,8.0,295.0,,
"Coushatta Forest Products, LLC (Coushatta, LA)",1021,west,Customer,Denison,TX,4x6,,14.0,28.0,485.0,,
"Coushatta Forest Products, LLC (Coushatta, LA)",1021,west,Customer,Edinburg,TX,4x4,,8.0,10.66667,574.723557692308,,
"Coushatta Forest Products, LLC (Coushatta, LA)",1021,west,Customer,Ennis,TX,2x4,,8.0,5.33333,305.00120228434,,
"Coushatta Forest Products, LLC (Coushatta, LA)",1021,west,Customer,Ennis,TX,2x4,,,2.66667,284.914513221154,,
"Coushatta Forest Products, LLC (Coushatta, LA)",1021,west,Customer,Ennis,TX,2x4,,6.0,4.0,285.000400641026,,
"Coushatta Forest Products, LLC (Coushatta, LA)",1021,west,Customer,Ennis,TX,2x4,,10.0,6.66667,305.0734375,,
"Coushatta Forest Products, LLC (Coushatta, LA)",1021,west,Customer,Houston,TX,2x4,,8.0,5.33333,284.935654721659,,
"Coushatta Forest Products, LLC (Coushatta, LA)",1021,west,Customer,Houston,TX,2x4,,16.0,10.66667,285.064570655849,,
"Coushatta Forest Products, LLC (Coushatta, LA)",1021,west,Customer,Houston,TX,2x4,,12.0,8.0,285.000493689904,,
"Coushatta Forest Products, LLC (Coushatta, LA)",1021,west,Customer,Houston,TX,2x4,,14.0,9.33333,234.969521356514,,
"Coushatta Forest Products, LLC (Coushatta, LA)",1021,west,Customer,Houston,TX,2x6,,14.0,14.0,260.0,,
"Coushatta Forest Products, LLC (Coushatta, LA)",1021,west,Customer,Houston,TX,4x4,,16.0,21.33333,395.109896815711,,
"Coushatta Forest Products, LLC (Coushatta, LA)",1021,west,Customer,Houston,TX,4x4,,14.0,18.66667,395.000741962077,,
"Coushatta Forest Products, LLC (Coushatta, LA)",1021,west,Customer,Jacksonville,TX,2x8,,8.0,10.66667,305.0,,
"Coushatta Forest Products, LLC (Coushatta, LA)",1021,west,Customer,Jacksonville,TX,2x8,,16.0,21.33333,305.024822983641,,
"Coushatta Forest Products, LLC (Coushatta, LA)",1021,west,Customer,Jacksonville,TX,2x8,,10.0,13.33333,305.079421724407,,
"Coushatta Forest Products, LLC (Coushatta, LA)",1021,west,Customer,Jacksonville,TX,2x8,,12.0,16.0,305.0,,
"Coushatta Forest Products, LLC (Coushatta, LA)",1021,west,Customer,Jacksonville,TX,2x8,,14.0,18.66667,305.0,,
"Coushatta Forest Products, LLC (Coushatta, LA)",1021,west,Customer,Kennard,TX,2x6,,16.0,16.0,215.416666666667,,
"Coushatta Forest Products, LLC (Coushatta, LA)",1021,west,Customer,Pasadena,TX,2x6,,8.0,8.0,235.0,,
"Coushatta Forest Products, LLC (Coushatta, LA)",1021,west,Customer,Pasadena,TX,2x6,,16.0,16.0,234.999985351563,,
"Coushatta Forest Products, LLC (Coushatta, LA)",1021,west,Customer,Pasadena,TX,2x6,,10.0,10.0,234.999985546875,,
"Coushatta Forest Products, LLC (Coushatta, LA)",1021,west,Customer,Pasadena,TX,2x6,,12.0,12.0,235.0,,
"Coushatta Forest Products, LLC (Coushatta, LA)",1021,west,Customer,Pasadena,TX,2x6,,14.0,14.0,235.0,,
"Coushatta Forest Products, LLC (Coushatta, LA)",1021,west,Customer,Saginaw,TX,2x4,,8.0,5.33333,259.941401848096,,
"Coushatta Forest Products, LLC (Coushatta, LA)",1021,west,Customer,Saginaw,TX,2x4,,16.0,10.66667,260.058598151904,,
"Coushatta Forest Products, LLC (Coushatta, LA)",1021,west,Customer,Saginaw,TX,2x4,,10.0,6.66667,260.093761269383,,
"Coushatta Forest Products, LLC (Coushatta, LA)",1021,west,Customer,Saginaw,TX,2x4,,12.0,8.0,260.000013521635,,
"Coushatta Forest Products, LLC (Coushatta, LA)",1021,west,Customer,Saginaw,TX,2x4,,14.0,9.33333,260.0,,
"Coushatta Forest Products, LLC (Coushatta, LA)",1021,west,Customer,Silsbee,TX,2x8,,8.0,10.66667,117.5,,
"Coushatta Forest Products, LLC (Coushatta, LA)",1021,west,Customer,Silsbee,TX,2x8,,12.0,32.0,269.888888888889,,
"Coushatta Forest Products, LLC (Coushatta, LA)",1021,west,Customer,Waco,TX,4x6,,,12.0,245.5555555555555,,
"Coushatta Forest Products, LLC (Coushatta, LA)",1021,west,Customer,Waco,TX,4x6,,6.0,12.0,300.0,,
"D B Hostetler Sawmill (Warm Springs, AR)",373376,nan,Customer,Evansville,WI,3x4,,8.0,8.0,387.91682449495,,
"D B Hostetler Sawmill (Warm Springs, AR)",373376,nan,Customer,Jewett,TX,3x4,,8.0,32.0,387.91682449495,,
"D B Hostetler Sawmill (Warm Springs, AR)",373376,nan,Customer,Longview,TX,3x4,,8.0,8.0,387.91682449495,,
"Davie Ashley Sawmill, LLC (Elora, TN)",875,nan,Customer,Birmingham,AL,2x8,,8.0,10.66667,700.019858518708,,
"Davie Ashley Sawmill, LLC (Elora, TN)",875,nan,Customer,Birmingham,AL,4x6,,12.0,24.0,561.224489795918,,
"Davie Ashley Sawmill, LLC (Elora, TN)",875,nan,Customer,Decatur,AL,4x4,,8.0,10.66667,650.0,,
"Dewey Hostetler (Salem, KY)",378967,nan,Customer,Fort Worth,TX,3x4,,8.0,8.0,433.889125631313,,
"Dewey Hostetler (Salem, KY)",378967,nan,Customer,Rensselaer,IN,3x4,,8.0,8.0,433.2578125,,
"Dewey Hostetler (Salem, KY)",378967,nan,Customer,Savannah,GA,3x4,,8.0,8.0,433.257654671717,,
"Dewey Hostetler (Salem, KY)",378967,nan,Customer,Wolcott,IN,3x4,,8.0,8.0,433.257891414141,,
"Dickerson Lumber Co (Summer Shade, KY)",377490,nan,Customer,Decatur,AL,3x4,,,45.0,816.3474119191175,,
"Dixie Plywood And Lumber Co (Garland, TX)",817,nan,Customer,Kilgore,TX,8x4,,8.0,32.0,555.312053571429,,
"Doman Lumber (Caddo Mills, TX)",1006,west,Customer,Jacksonville,TX,1x4,,8.0,5.33334,892.5,,
"Doman Lumber (Caddo Mills, TX)",1006,west,Customer,Jacksonville,TX,2x12,,10.0,40.0,565.0,,
"Doman Lumber (Caddo Mills, TX)",1006,west,Customer,Jacksonville,TX,2x4,,12.0,8.0,500.0,,
"Doman Lumber (Caddo Mills, TX)",1006,west,Customer,Jacksonville,TX,2x8,,12.0,16.0,495.0,,
"Doman Lumber (Caddo Mills, TX)",1006,west,Customer,Lott,TX,2x4,,8.0,5.33333,805.240396753832,,
"Doman Lumber (Caddo Mills, TX)",1006,west,Customer,Lott,TX,2x4,,16.0,10.66667,880.064870407933,,
"Doman Lumber (Caddo Mills, TX)",1006,west,Customer,Lott,TX,2x4,,10.0,20.00001,748.3635773516022,,
"Doman Lumber (Caddo Mills, TX)",1006,west,Customer,Lott,TX,2x4,,12.0,8.0,739.99859775641,,
"Doman Lumber (Gilmer, TX)",1004,west,Customer,Brownwood,TX,1x4,,10.0,3.33333,450.019532097747,,
"Doman Lumber (Gilmer, TX)",1004,west,Customer,Chattanooga,TN,1x6,,6.0,3.0,187.0,,
"Doman Lumber (Gilmer, TX)",1004,west,Customer,Longview,TX,4x4,,10.0,13.33333,535.102904404693,,
"Doman Lumber (Gilmer, TX)",1004,west,Customer,Mt Pleasant,TX,1x4,,10.0,13.33332,525.1025590935731,,
"Doman Lumber (Gilmer, TX)",1004,west,Customer,Shreveport,LA,4x4,,10.0,13.33333,645.121177149452,,
"Doman Lumber (Hattiesburg, MS)",371844,central,Customer,Biloxi,MS,2x8,,16.0,21.33333,1780.46376400104,,
"Doman Lumber (Hattiesburg, MS)",371844,central,Customer,Biloxi,MS,2x8,,12.0,16.0,1750.0,,
"Doman Lumber (Hattiesburg, MS)",371844,central,Customer,Birmingham,AL,6x6,,8.0,24.0,725.000037615741,,
"Doman Lumber (Hattiesburg, MS)",371844,central,Customer,Birmingham,AL,6x6,,10.0,30.0,780.000045138889,,
"Doman Lumber (Magnolia, AR)",1005,west,Customer,Benton,AR,1x4,,8.0,2.66667,550.0,,
"Doman Lumber (Magnolia, AR)",1005,west,Customer,Chattanooga,TN,1x6,,6.0,9.0,154.999997605364,,
"Doman Lumber (Magnolia, AR)",1005,west,Customer,Crowley,TX,1x6,,6.0,6.0,117.21153846153851,,
"Doman Lumber (Magnolia, AR)",1005,west,Customer,Park City,KS,1x6,,14.0,7.0,500.751201923077,,
"Doman Lumber (Magnolia, AR)",1005,west,Customer,Ripley,TN,1x6,,14.0,7.0,455.0,,
"Doman Lumber (Magnolia, AR)",1005,west,Customer,San Antonio,TX,1x6,,6.0,3.0,200.0,,
"Doman Lumber (Plumerville, AR)",373183,west,Customer,Chattanooga,TN,1x6,,6.0,3.0,115.0,,
"Doman Lumber (Rison, AR)",372211,west,Customer,Kankakee,IL,1x6,,12.0,6.0,630.0,,
"Doman Lumber (Rison, AR)",372211,west,Customer,Park City,KS,1x6,,14.0,7.0,530.0,,
"Doman Lumber (Russellville, AR)",1008,west,Customer,Benton,AR,1x4,,8.0,2.66667,500.0,,
"Doman Lumber (Russellville, AR)",1008,west,Customer,Berrien Springs,MI,1x6,,8.0,20.0,321.6666615885418,,
"Doman Lumber (Russellville, AR)",1008,west,Customer,Berrien Springs,MI,1x6,,16.0,40.0,312.49999479166684,,
"Doman Lumber (Russellville, AR)",1008,west,Customer,Berrien Springs,MI,1x6,,10.0,20.0,287.5,,
"Doman Lumber (Russellville, AR)",1008,west,Customer,Berrien Springs,MI,1x6,,12.0,30.0,285.00000520833316,,
"Doman Lumber (Russellville, AR)",1008,west,Customer,Berrien Springs,MI,1x6,,14.0,21.0,291.66666276041667,,
"Doman Lumber (Russellville, AR)",1008,west,Customer,Houston,TX,1x4,,,0.66667,95.0,,
"Doman Lumber (Russellville, AR)",1008,west,Customer,Houston,TX,1x6,,,1.0,95.0,,
"Doman Lumber (Russellville, AR)",1008,west,Customer,Houston,TX,1x6,,10.0,10.0,287.5,,
"Doman Lumber (Russellville, AR)",1008,west,Customer,Moscow,TN,1x6,,16.0,8.0,275.000014648438,,
"Doman Lumber (Russellville, AR)",1008,west,Customer,Park City,KS,1x6,,14.0,35.0,554.0,,
"Doman Lumber (Russellville, AR)",1008,west,Customer,Winfield,KS,1x6,,8.0,4.0,275.0,,
"Doman Lumber (Russellville, AR)",1008,west,Customer,Winfield,KS,1x6,,16.0,8.0,275.0,,
"Doman Lumber (Russellville, AR)",1008,west,Customer,Winfield,KS,1x6,,10.0,5.0,264.999981770833,,
"Doman Lumber (Russellville, AR)",1008,west,Customer,Winfield,KS,1x6,,12.0,6.0,275.0,,
"Doman Lumber (Russellville, AR)",1008,west,Customer,Winfield,KS,1x6,,14.0,7.0,265.0,,
"Doman Lumber (Russellville, AR)",1008,west,Customer,,,1x6,,14.0,7.0,510.0,,
"Doman Lumber - Winnfield (Winnfield, LA)",378383,west,Customer,Port Allen,LA,3x4,,8.0,8.0,231.25,,
"Dupont Pine Products, LLC (Alapaha, GA)",375656,east,Customer,Independence,OH,4x4,,,5.33333,374.980476999948,,
"Dupont Pine Products, LLC (Alapaha, GA)",375656,east,Customer,Mc Intyre,GA,4x6,,,8.0,350.0,,
"Dupont Pine Products, LLC (Alapaha, GA)",375656,east,Customer,Ranburne,AL,4x6,,8.0,240.0,439.9740259740259,,
"Dupont Pine Products, LLC (Alapaha, GA)",375656,east,Customer,Ranburne,AL,4x6,,16.0,96.0,439.99999392361104,,
"Dupont Pine Products, LLC (Alapaha, GA)",375656,east,Customer,Ridgeway,VA,4x6,,16.0,480.0,437.51111111111084,,
"Dupont Pine Products, LLC (Alapaha, GA)",375656,east,Customer,Sarasota,FL,4x4,,8.0,10.66667,315.966796875,,
"Dupont Pine Products, LLC (Alapaha, GA)",375656,east,Customer,West Union,OH,6x6,,8.0,120.0,451.50000928819435,,
"Dupont Pine Products, LLC (Alapaha, GA)",375656,east,Customer,West Union,OH,6x6,,16.0,192.0,675.000015733507,,
"Dupont Pine Products, LLC (Alapaha, GA)",375656,east,Customer,West Union,OH,6x6,,10.0,120.0,159.375,,
"Dupont Pine Products, LLC (Alapaha, GA)",375656,east,Customer,West Union,OH,6x6,,12.0,144.0,295.31250108506947,,
"Eastex Forest Products (Houston, TX)",969,west,Customer,Kilgore,TX,2x6,,16.0,16.0,580.0,,
"Eastex Forest Products (Houston, TX)",969,west,Customer,Kilgore,TX,4x4,,16.0,21.33333,600.111627906977,,
"Eastex Forest Products (Houston, TX)",969,west,Customer,Kilgore,TX,8x4,,8.0,64.0,522.5,,
"Eastex Forest Products (Houston, TX)",969,west,Customer,Longview,TX,4x4,,10.0,53.33332,635.2443247402848,,
"Eastex Forest Products (Houston, TX)",969,west,Customer,Round Rock,TX,1x4,,12.0,4.0,610.0,,
"Eastex Forest Products (Houston, TX)",969,west,Customer,Round Rock,TX,2x4,,8.0,32.0,520.0,,
"Eastex Forest Products (Houston, TX)",969,west,Customer,Round Rock,TX,2x4,,12.0,8.0,400.0,,
"Eastex Forest Products (Houston, TX)",969,west,Customer,Round Rock,TX,4x4,,8.0,32.0,695.000045572917,,
"Eastex Forest Products (Houston, TX)",969,west,Customer,Round Rock,TX,4x4,,12.0,16.0,495.0,,
"Eastex Forest Products (Houston, TX)",969,west,Customer,Shreveport,LA,2x8,,10.0,13.33333,620.242282141461,,
"Eastex Forest Products (Houston, TX)",969,west,Customer,Shreveport,LA,4x4,,8.0,10.66667,820.585216450216,,
"Eastex Forest Products (Houston, TX)",969,west,Customer,Shreveport,LA,4x4,,10.0,13.33333,749.993652625505,,
"FG Lumber, Inc (Sylvania, AL)",15419,nan,Customer,Rainsville,AL,3x3,,8.0,12.0,647.777777777778,,
"FG Sawmill (Tahlequah, OK)",880,nan,Customer,Athens,TX,2x3,,8.0,4.0,837.5,,
"FG Sawmill (Tahlequah, OK)",880,nan,Customer,Athens,TX,2x3,,,4.5,827.1587579365083,,
"FG Sawmill (Tahlequah, OK)",880,nan,Customer,Athens,TX,4x4,,8.0,10.66667,675.0,,
"FG Sawmill (Tahlequah, OK)",880,nan,Customer,Fort Worth,TX,2x3,,8.0,4.0,628.595679012346,,
"FG Sawmill (Tahlequah, OK)",880,nan,Customer,Grand Prairie,TX,4x4,,8.0,0.88889,973.368342085521,,
"FG Sawmill (Tahlequah, OK)",880,nan,Customer,Litchfield,IL,4x4,,,0.27777,2027.61104441777,,
"FG Sawmill (Tahlequah, OK)",880,nan,Customer,Litchfield,IL,4x6,,8.0,1.33332,1296.444202306365,,
"FG Sawmill (Tahlequah, OK)",880,nan,Customer,Lubbock,TX,40x54,,,2.0,46580.0,,
"FG Sawmill (Tahlequah, OK)",880,nan,Customer,Lubbock,TX,45x45,,,1.0,14120.0,,
"FG Sawmill (Tahlequah, OK)",880,nan,Customer,Lubbock,TX,46x54,,,1.0,48200.0,,
"FG Sawmill (Tahlequah, OK)",880,nan,Customer,Lubbock,TX,60x60,,,1.0,23080.0,,
"FG Sawmill (Tahlequah, OK)",880,nan,Customer,Lubbock,TX,78x78,,,2.0,29129.99875,,
"FG Sawmill (Tahlequah, OK)",880,nan,Customer,Lubbock,TX,90x90,,,1.0,48200.0,,
"FG Sawmill (Tahlequah, OK)",880,nan,Customer,Sunnyvale,CA,6x10,,18.0,15.0,4159.99956111111,,
"Flowers Timber Company, Inc (Seven Springs, NC)",14713,nan,Customer,Belmont,NC,3x4,,8.0,24.0,675.0,,
"Flowers Timber Company, Inc (Seven Springs, NC)",14713,nan,Customer,Cayce,SC,4x4,,8.0,42.66668,800.0251130085385,,
"Flowers Timber Company, Inc (Seven Springs, NC)",14713,nan,Customer,Charlotte,NC,1x4,,8.0,5.33334,675.2110236491925,,
"Flowers Timber Company, Inc (Seven Springs, NC)",14713,nan,Customer,Charlotte,NC,2x4,,8.0,26.66665,675.084142904994,,
"Flowers Timber Company, Inc (Seven Springs, NC)",14713,nan,Customer,Charlotte,NC,3x4,,8.0,64.0,675.0,,
"Flowers Timber Company, Inc (Seven Springs, NC)",14713,nan,Customer,Charlotte,NC,4x6,,8.0,656.0,675.0,,
"Flowers Timber Company, Inc (Seven Springs, NC)",14713,nan,Customer,Charlotte,NC,6x8,,8.0,96.0,675.0,,
"Flowers Timber Company, Inc (Seven Springs, NC)",14713,nan,Customer,Huntersville,NC,12x12,,8.0,96.0,925.0,,
"Flowers Timber Company, Inc (Seven Springs, NC)",14713,nan,Customer,Roanoke,VA,2x4,,8.0,5.33333,675.055334493907,,
"Fred Netterville Lumber Co (Woodville, MS)",15844,nan,Customer,Hamshire,TX,2x8,,8.0,362.66678,697.5456182567998,,
"Fred Netterville Lumber Co (Woodville, MS)",15844,nan,Customer,Hamshire,TX,2x8,,16.0,725.33322,700.5163395832287,,
"Fred Netterville Lumber Co (Woodville, MS)",15844,nan,Customer,Pass Christian,MS,8x16,,,1.0,500000.0,,
"Fred Netterville Lumber Co (Woodville, MS)",15844,nan,Customer,Pelham,AL,12x12,,,48.0,1200.00005839646,,
"Fred Netterville Lumber Co (Woodville, MS)",15844,nan,Customer,Reserve,LA,10x10,,12.0,100.0,1000.0,,
"Fred Netterville Lumber Co (Woodville, MS)",15844,nan,Customer,Reserve,LA,12x12,,12.0,144.0,1000.0,,
"Frizzell Sawmill (Salem, MO)",881,nan,Customer,Evansville,WI,3x4,,8.0,8.0,430.0,,
"Frizzell Sawmill (Salem, MO)",881,nan,Customer,Jewett,TX,3x4,,8.0,8.0,370.0,,
"Frizzell Sawmill (Salem, MO)",881,nan,Customer,Litchfield,IL,3x4,,8.0,8.0,430.0,,
"Frizzell Sawmill (Salem, MO)",881,nan,Customer,Rensselaer,IN,3x4,,8.0,8.0,430.0,,
"G & S Lumber (Nacogdoches, TX)",14324,nan,Customer,Bellville,TX,2x12,,10.0,20.0,1750.0,,
"G & S Lumber (Nacogdoches, TX)",14324,nan,Customer,Crosby,TX,2x4,,10.0,6.66667,475.0,,
"G & S Lumber (Nacogdoches, TX)",14324,nan,Customer,Fort Worth,TX,6x6,,8.0,24.0,700.0,,
"G & S Lumber (Nacogdoches, TX)",14324,nan,Customer,Grapeland,TX,4x6,,8.0,16.0,450.0,,
"G & S Lumber (Nacogdoches, TX)",14324,nan,Customer,Houston,TX,2x4,,8.0,10.66666,462.5525627912265,,
"G & S Lumber (Nacogdoches, TX)",14324,nan,Customer,Mt Pleasant,TX,4x4,,8.0,85.33336,420.94182722027614,,
"G & S Lumber (Nacogdoches, TX)",14324,nan,Customer,Port Allen,LA,4x4,,8.0,10.66667,650.057058665952,,
"G & S Lumber (Nacogdoches, TX)",14324,nan,Customer,Schulenburg,TX,2x4,,8.0,10.66666,487.5554040231845,,
"G & S Lumber (Nacogdoches, TX)",14324,nan,Customer,Taylor,TX,2x4,,8.0,10.66666,462.5525627912265,,
"G K Sawmill, LLC (Halfway, MO)",371800,nan,Customer,Cayce,SC,3x4,,9.0,9.0,398.275862068966,,
"G K Sawmill, LLC (Halfway, MO)",371800,nan,Customer,Evansville,WI,3x4,,8.0,8.0,430.0,,
"G K Sawmill, LLC (Halfway, MO)",371800,nan,Customer,Fulton,MS,3x4,,8.0,8.0,399.999973958333,,
"G K Sawmill, LLC (Halfway, MO)",371800,nan,Customer,Greenville,TX,3x4,,8.0,8.0,389.583333333333,,
"G K Sawmill, LLC (Halfway, MO)",371800,nan,Customer,Harrisburg,AR,3x4,,8.0,8.0,395.0,,
"G K Sawmill, LLC (Halfway, MO)",371800,nan,Customer,Jewett,TX,3x4,,8.0,48.0,422.5,,
"G K Sawmill, LLC (Halfway, MO)",371800,nan,Customer,Kansas City,MO,3x4,,8.0,8.0,400.0,,
"G K Sawmill, LLC (Halfway, MO)",371800,nan,Customer,Kansas City,MO,6x6,,8.0,24.0,525.000052083333,,
"G K Sawmill, LLC (Halfway, MO)",371800,nan,Customer,Little Rock,AR,1x4,,8.0,5.33334,600.0,,
"G K Sawmill, LLC (Halfway, MO)",371800,nan,Customer,Little Rock,AR,3x4,,8.0,16.0,427.5,,
"G K Sawmill, LLC (Halfway, MO)",371800,nan,Customer,Longview,TX,3x4,,8.0,8.0,399.999973958333,,
"G K Sawmill, LLC (Halfway, MO)",371800,nan,Customer,Rensselaer,IN,3x4,,8.0,16.0,425.0,,
"G K Sawmill, LLC (Halfway, MO)",371800,nan,Customer,Saint Joseph,MO,3x4,,8.0,8.0,385.0,,
"G K Sawmill, LLC (Halfway, MO)",371800,nan,Customer,Seguin,TX,3x4,,8.0,8.0,395.0,,
"Gary D Liverett (Ashville, AL)",372305,nan,Customer,Birmingham,AL,128x20,,20.0,1.0,295000.0,,
"Gary D Liverett (Ashville, AL)",372305,nan,Customer,Birmingham,AL,132x11,,,1.0,210000.0,,
"Gary D Liverett (Ashville, AL)",372305,nan,Customer,Birmingham,AL,18x8,,6.0,3.0,30000.0,,
"Gary D Liverett (Ashville, AL)",372305,nan,Customer,Birmingham,AL,20x20,,,1.0,40000.0,,
"Gary D Liverett (Ashville, AL)",372305,nan,Customer,Birmingham,AL,2x97,,,8.0,312500.0,,
"Gary D Liverett (Ashville, AL)",372305,nan,Customer,Birmingham,AL,36x16,,,2.0,45000.0,,
"Gary D Liverett (Ashville, AL)",372305,nan,Customer,Birmingham,AL,40x24,,8.0,1.0,125000.0,,
"Gary D Liverett (Ashville, AL)",372305,nan,Customer,Birmingham,AL,55x27,,,2.0,155000.0,,
"Gary D Liverett (Ashville, AL)",372305,nan,Customer,Birmingham,AL,55x48,,,1.0,275000.0,,
"Gary D Liverett (Ashville, AL)",372305,nan,Customer,Birmingham,AL,60x24,,12.0,1.0,170000.0,,
"Gary D Liverett (Ashville, AL)",372305,nan,Customer,Birmingham,AL,60x32,,12.0,4.0,173750.0,,
"Gary D Liverett (Ashville, AL)",372305,nan,Customer,Birmingham,AL,75x24,,10.0,1.0,180000.0,,
"Gary D Liverett (Ashville, AL)",372305,nan,Customer,Birmingham,AL,80x12,,8.0,1.0,130000.0,,
"Gary D Liverett (Ashville, AL)",372305,nan,Customer,Birmingham,AL,92x22,,23.0,2.0,330000.0,,
"Georgia-Pacfic Corp (Talladega, AL)",15451,central,Customer,Acworth,GA,2x4,,8.0,5.33333,220.099594229035,,
"Georgia-Pacfic Corp (Talladega, AL)",15451,central,Customer,Acworth,GA,2x4,,16.0,10.66667,220.000450721154,,
"Georgia-Pacfic Corp (Talladega, AL)",15451,central,Customer,Acworth,GA,2x4,,10.0,6.66667,220.000408653846,,
"Georgia-Pacfic Corp (Talladega, AL)",15451,central,Customer,Acworth,GA,2x4,,12.0,8.0,220.000380608974,,
"Georgia-Pacfic Corp (Talladega, AL)",15451,central,Customer,Acworth,GA,2x4,,14.0,9.33333,220.038124678001,,
"Georgia-Pacfic Corp (Talladega, AL)",15451,central,Customer,Acworth,GA,2x6,,8.0,16.0,371.1327584609685,,
"Georgia-Pacfic Corp (Talladega, AL)",15451,central,Customer,Acworth,GA,2x6,,16.0,48.0,325.0,,
"Georgia-Pacfic Corp (Talladega, AL)",15451,central,Customer,Acworth,GA,2x6,,12.0,36.0,319.99999606662334,,
"Georgia-Pacfic Corp (Talladega, AL)",15451,central,Customer,Atlanta,GA,2x4,,8.0,5.33333,235.105951307484,,
"Georgia-Pacfic Corp (Talladega, AL)",15451,central,Customer,Atlanta,GA,2x4,,16.0,10.66667,235.000009014423,,
"Georgia-Pacfic Corp (Talladega, AL)",15451,central,Customer,Atlanta,GA,2x4,,10.0,6.66667,234.999991105769,,
"Georgia-Pacfic Corp (Talladega, AL)",15451,central,Customer,Atlanta,GA,2x4,,12.0,8.0,235.0,,
"Georgia-Pacfic Corp (Talladega, AL)",15451,central,Customer,Atlanta,GA,2x4,,14.0,9.33333,235.04035720419,,
"Georgia-Pacfic Corp (Talladega, AL)",15451,central,Customer,Blountsville,AL,2x6,,10.0,10.0,256.0,,
"Georgia-Pacfic Corp (Talladega, AL)",15451,central,Customer,Blountsville,AL,2x6,,12.0,12.0,335.000020073785,,
"Georgia-Pacfic Corp (Talladega, AL)",15451,central,Customer,Cantonment,FL,2x4,,16.0,10.66667,370.0,,
"Georgia-Pacfic Corp (Talladega, AL)",15451,central,Customer,Carrollton,KY,2x6,,20.0,80.0,329.2361142578125,,
"Georgia-Pacfic Corp (Talladega, AL)",15451,central,Customer,Duluth,GA,2x6,,8.0,24.0,310.7246376811593,,
"Georgia-Pacfic Corp (Talladega, AL)",15451,central,Customer,Duluth,GA,2x6,,10.0,40.0,331.240017361111,,
"Georgia-Pacfic Corp (Talladega, AL)",15451,central,Customer,East Point,GA,2x4,,8.0,15.99999,332.574488501261,,
"Georgia-Pacfic Corp (Talladega, AL)",15451,central,Customer,East Point,GA,2x4,,16.0,32.00001,292.75438058748404,,
"Georgia-Pacfic Corp (Talladega, AL)",15451,central,Customer,East Point,GA,2x4,,10.0,13.33334,311.7265252525255,,
"Georgia-Pacfic Corp (Talladega, AL)",15451,central,Customer,East Point,GA,2x4,,12.0,16.0,311.6315174278845,,
"Georgia-Pacfic Corp (Talladega, AL)",15451,central,Customer,East Point,GA,2x4,,14.0,27.99999,292.7822738408167,,
"Georgia-Pacfic Corp (Talladega, AL)",15451,central,Customer,Eatonton,GA,2x4,,10.0,6.66667,306.671233974359,,
"Georgia-Pacfic Corp (Talladega, AL)",15451,central,Customer,Eclectic,AL,2x4,,12.0,8.0,320.0,,
"Georgia-Pacfic Corp (Talladega, AL)",15451,central,Customer,Elora,TN,2x4,,8.0,5.33333,249.010867932088,,
"Georgia-Pacfic Corp (Talladega, AL)",15451,central,Customer,Fort Payne,AL,2x4,,8.0,5.33333,240.0,,
"Georgia-Pacfic Corp (Talladega, AL)",15451,central,Customer,Fort Payne,AL,2x4,,16.0,10.66667,215.009690795998,,
"Georgia-Pacfic Corp (Talladega, AL)",15451,central,Customer,Fort Payne,AL,2x4,,10.0,6.66667,240.043274432023,,
"Georgia-Pacfic Corp (Talladega, AL)",15451,central,Customer,Fort Payne,AL,2x4,,12.0,8.0,240.0,,
"Georgia-Pacfic Corp (Talladega, AL)",15451,central,Customer,Fort Payne,AL,2x4,,14.0,18.66666,227.5046102167845,,
"Georgia-Pacfic Corp (Talladega, AL)",15451,central,Customer,Grabill,IN,2x4,,8.0,15.99999,201.709014367054,,
"Georgia-Pacfic Corp (Talladega, AL)",15451,central,Customer,Grabill,IN,2x4,,16.0,32.00001,201.69474316200765,,
"Georgia-Pacfic Corp (Talladega, AL)",15451,central,Customer,Grabill,IN,2x4,,10.0,20.00001,201.67802027558534,,
"Georgia-Pacfic Corp (Talladega, AL)",15451,central,Customer,Grabill,IN,2x4,,12.0,24.0,201.66692174145297,,
"Georgia-Pacfic Corp (Talladega, AL)",15451,central,Customer,Grabill,IN,2x4,,14.0,37.33332,197.4226808762,,
"Georgia-Pacfic Corp (Talladega, AL)",15451,central,Customer,Haleyville,AL,2x4,,16.0,10.66667,248.873175953575,,
"Georgia-Pacfic Corp (Talladega, AL)",15451,central,Customer,Haleyville,AL,2x4,,12.0,24.0,248.998397435897,,
"Georgia-Pacfic Corp (Talladega, AL)",15451,central,Customer,Jackson,TN,2x4,,16.0,10.66667,289.582091346154,,
"Georgia-Pacfic Corp (Talladega, AL)",15451,central,Customer,Jackson,TN,2x4,,10.0,6.66667,289.611932825057,,
"Georgia-Pacfic Corp (Talladega, AL)",15451,central,Customer,Jackson,TN,2x4,,12.0,8.0,289.582091346154,,
"Georgia-Pacfic Corp (Talladega, AL)",15451,central,Customer,Jackson,TN,2x4,,14.0,9.33333,289.656697578568,,
"Georgia-Pacfic Corp (Talladega, AL)",15451,central,Customer,Lebanon,TN,2x6,,8.0,8.0,243.913054942255,,
"Georgia-Pacfic Corp (Talladega, AL)",15451,central,Customer,Lincoln,AL,2x6,,16.0,16.0,309.999985839844,,
"Georgia-Pacfic Corp (Talladega, AL)",15451,central,Customer,Markleville,IN,2x4,,8.0,10.66666,302.618349864743,,
"Georgia-Pacfic Corp (Talladega, AL)",15451,central,Customer,Markleville,IN,2x4,,16.0,21.33334,302.5,,
"Georgia-Pacfic Corp (Talladega, AL)",15451,central,Customer,Markleville,IN,2x4,,10.0,13.33334,302.5000084134615,,
"Georgia-Pacfic Corp (Talladega, AL)",15451,central,Customer,Markleville,IN,2x4,,12.0,16.0,302.499983974359,,
"Georgia-Pacfic Corp (Talladega, AL)",15451,central,Customer,Markleville,IN,2x4,,14.0,18.66666,302.551960329727,,
"Georgia-Pacfic Corp (Talladega, AL)",15451,central,Customer,Moore,SC,2x4,,8.0,5.33333,199.999563669146,,
"Georgia-Pacfic Corp (Talladega, AL)",15451,central,Customer,Moore,SC,2x4,,16.0,10.66667,199.999563669146,,
"Georgia-Pacfic Corp (Talladega, AL)",15451,central,Customer,Moore,SC,2x4,,12.0,8.0,199.999549278846,,
"Georgia-Pacfic Corp (Talladega, AL)",15451,central,Customer,Moore,SC,2x4,,14.0,9.33333,199.999600772698,,
"Georgia-Pacfic Corp (Talladega, AL)",15451,central,Customer,Moscow,TN,2x4,,16.0,10.66667,410.0,,
"Georgia-Pacfic Corp (Talladega, AL)",15451,central,Customer,Nashville,TN,2x4,,8.0,47.999970000000005,283.6113618848512,,
"Georgia-Pacfic Corp (Talladega, AL)",15451,central,Customer,Nashville,TN,2x4,,16.0,117.33337,314.0909052666084,,
"Georgia-Pacfic Corp (Talladega, AL)",15451,central,Customer,Nashville,TN,2x4,,10.0,73.33337,272.437881232404,,
"Georgia-Pacfic Corp (Talladega, AL)",15451,central,Customer,Nashville,TN,2x4,,12.0,88.0,314.0909100378788,,
"Georgia-Pacfic Corp (Talladega, AL)",15451,central,Customer,Nashville,TN,2x4,,14.0,102.66663,305.35372422610857,,
"Georgia-Pacfic Corp (Talladega, AL)",15451,central,Customer,Northport,AL,2x4,,8.0,58.66663,232.77061316501351,,
"Georgia-Pacfic Corp (Talladega, AL)",15451,central,Customer,Northport,AL,2x4,,16.0,128.00004,270.8011014704325,,
"Georgia-Pacfic Corp (Talladega, AL)",15451,central,Customer,Northport,AL,2x4,,10.0,73.33337,269.9613957386364,,
"Georgia-Pacfic Corp (Talladega, AL)",15451,central,Customer,Northport,AL,2x4,,12.0,80.0,263.2574763621796,,
"Georgia-Pacfic Corp (Talladega, AL)",15451,central,Customer,Northport,AL,2x4,,14.0,130.66662,287.5099230505949,,
"Georgia-Pacfic Corp (Talladega, AL)",15451,central,Customer,Ottawa Lake,MI,2x6,,8.0,16.0,360.732263849432,,
"Georgia-Pacfic Corp (Talladega, AL)",15451,central,Customer,Ottawa Lake,MI,2x6,,14.0,28.0,420.3054846938775,,
"Georgia-Pacfic Corp (Talladega, AL)",15451,central,Customer,Selmer,TN,2x4,,14.0,9.33333,190.008156256707,,
"Georgia-Pacfic Corp (Talladega, AL)",15451,central,Customer,Toledo,OH,2x6,,8.0,16.0,330.0,,
"Georgia-Pacfic Corp (Talladega, AL)",15451,central,Customer,Toledo,OH,2x6,,14.0,28.0,370.0,,
"Georgia-Pacfic Corp (Talladega, AL)",15451,central,Customer,Tuscumbia,AL,2x4,,8.0,42.66664,300.1390089459933,,
"Georgia-Pacfic Corp (Talladega, AL)",15451,central,Customer,Tuscumbia,AL,2x4,,16.0,53.333349999999996,323.0000901442308,,
"Georgia-Pacfic Corp (Talladega, AL)",15451,central,Customer,Tuscumbia,AL,2x4,,10.0,40.00002,297.2149907852565,,
"Georgia-Pacfic Corp (Talladega, AL)",15451,central,Customer,Tuscumbia,AL,2x4,,12.0,64.0,296.614632036258,,
"Georgia-Pacfic Corp (Talladega, AL)",15451,central,Customer,Tuscumbia,AL,2x4,,14.0,55.99998,377.28456494361467,,
"Georgia-Pacfic Corp (Talladega, AL)",15451,central,Customer,,,2x4,,8.0,10.66666,232.56988277727697,,
"Georgia-Pacfic Corp (Talladega, AL)",15451,central,Customer,,,2x4,,16.0,21.33334,232.5,,
"Georgia-Pacfic Corp (Talladega, AL)",15451,central,Customer,,,2x4,,10.0,13.33334,232.5,,
"Georgia-Pacfic Corp (Talladega, AL)",15451,central,Customer,,,2x4,,12.0,16.0,232.5,,
"Georgia-Pacfic Corp (Talladega, AL)",15451,central,Customer,,,2x4,,14.0,18.66666,232.53992787223098,,
"Georgia-Pacfic Corp (Talladega, AL)",15451,central,TLR,Birmingham,AL,2x4,,8.0,21.33332,327.4836619450635,,
"Georgia-Pacfic Corp (Talladega, AL)",15451,central,TLR,Birmingham,AL,2x4,,16.0,32.00001,331.66794518453463,,
"Georgia-Pacfic Corp (Talladega, AL)",15451,central,TLR,Birmingham,AL,2x4,,10.0,26.66668,327.4914431224085,,
"Georgia-Pacfic Corp (Talladega, AL)",15451,central,TLR,Birmingham,AL,2x4,,12.0,40.0,332.0,,
"Georgia-Pacfic Corp (Talladega, AL)",15451,central,TLR,Birmingham,AL,2x4,,14.0,55.99998,334.956072748317,,
"Georgia-Pacific Corp (Albany, GA)",373354,east,Customer,Douglas,GA,2x4,,8.0,5.33333,267.150662803177,,
"Georgia-Pacific Corp (Albany, GA)",373354,east,Customer,Fort Payne,AL,2x4,,10.0,6.66667,280.0,,
"Georgia-Pacific Corp (Albany, GA)",373354,east,Customer,Willacoochee,GA,2x4,,16.0,10.66667,234.999983200164,,
"Georgia-Pacific Corp (Madison, GA)",15757,east,Customer,Anniston,AL,4x4,,8.0,32.0,443.333333333333,,
"Georgia-Pacific Corp. (Adairsville, GA)",376400,east,Customer,Brent,AL,8x4,,8.0,32.0,279.305535714286,,
"Georgia-Pacific Corp. (Alcolu, SC)",373779,east,Customer,Douglas,GA,16x4,,8.0,96.0,422.96095269097196,,
"Georgia-Pacific Corp. (Camden, TX)",977,west,Customer,Athens,TX,4x4,,8.0,10.66667,394.479199372057,,
"Georgia-Pacific Corp. (Camden, TX)",977,west,Customer,Bellville,TX,4x4,,8.0,21.33334,433.5256626429365,,
"Georgia-Pacific Corp. (Camden, TX)",977,west,Customer,Bryan,TX,4x4,,8.0,32.00001,396.66245219698766,,
"Georgia-Pacific Corp. (Camden, TX)",977,west,Customer,Carrollton,TX,2x4,,8.0,32.0,537.0,,
"Georgia-Pacific Corp. (Camden, TX)",977,west,Customer,Carrollton,TX,4x4,,8.0,32.0,793.0,,
"Georgia-Pacific Corp. (Camden, TX)",977,west,Customer,Carrollton,TX,8x4,,8.0,32.0,430.0,,
"Georgia-Pacific Corp. (Camden, TX)",977,west,Customer,Dallas,TX,4x4,,8.0,10.66667,395.018497705348,,
"Georgia-Pacific Corp. (Camden, TX)",977,west,Customer,Duncan,OK,8x4,,8.0,32.0,370.0,,
"Georgia-Pacific Corp. (Camden, TX)",977,west,Customer,Edinburg,TX,2x4,,8.0,32.0,280.0,,
"Georgia-Pacific Corp. (Camden, TX)",977,west,Customer,Edinburg,TX,4x4,,8.0,32.0,485.0,,
"Georgia-Pacific Corp. (Camden, TX)",977,west,Customer,Ft Worth,TX,4x4,,8.0,21.33334,382.51791233492554,,
"Georgia-Pacific Corp. (Camden, TX)",977,west,Customer,Houston,TX,2x4,,8.0,32.0,289.146918402778,,
"Georgia-Pacific Corp. (Camden, TX)",977,west,Customer,Houston,TX,4x4,,8.0,224.0,258.1904779177297,,
"Georgia-Pacific Corp. (Camden, TX)",977,west,Customer,Midland,TX,4x4,,8.0,96.0,850.1864769345237,,
"Georgia-Pacific Corp. (Camden, TX)",977,west,Customer,Oklahoma City,OK,2x4,,8.0,64.0,347.4999802714645,,
"Georgia-Pacific Corp. (Camden, TX)",977,west,Customer,Saginaw,TX,4x4,,8.0,10.66667,475.022009927882,,
"Georgia-Pacific Corp. (Camden, TX)",977,west,Customer,Seguin,TX,4x4,,8.0,106.66669999999999,415.80014759403014,,
"Georgia-Pacific Corp. (Camden, TX)",977,west,Customer,Silsbee,TX,4x4,,8.0,32.00001,350.535336318695,,
"Georgia-Pacific Corp. (Camden, TX)",977,west,Customer,Waskom,TX,4x4,,8.0,32.0,478.0,,
"Georgia-Pacific Corp. (Camden, TX)",977,west,Customer,Wichita Falls,TX,2x4,,8.0,32.0,315.0,,
"Georgia-Pacific Corp. (Camden, TX)",978,west,Customer,Saginaw,TX,2x4,,8.0,32.0,471.0,,
"Georgia-Pacific Corp. (Camden, TX)",978,west,Customer,Weslaco,TX,2x4,,8.0,32.0,520.0,,
"Georgia-Pacific Corp. (Camden, TX)",978,west,Customer,Weslaco,TX,8x4,,8.0,32.0,416.999980902778,,
"Georgia-Pacific Corp. (Corrigan, TX)",983,west,Customer,Duncan,OK,8x4,,8.0,32.0,397.999923029557,,
"Georgia-Pacific Corp. (Corrigan, TX)",983,west,Customer,Itasca,TX,4x4,,8.0,32.0,945.0,,
"Georgia-Pacific Corp. (Diboll, TX)",973,west,Customer,Austin,TX,2x4,,8.0,5.33333,365.923654944394,,
"Georgia-Pacific Corp. (Diboll, TX)",973,west,Customer,Austin,TX,2x4,,16.0,10.66667,274.133112980769,,
"Georgia-Pacific Corp. (Diboll, TX)",973,west,Customer,Austin,TX,2x4,,10.0,6.66667,271.497115384615,,
"Georgia-Pacific Corp. (Diboll, TX)",973,west,Customer,Austin,TX,2x4,,12.0,8.0,274.119391025641,,
"Georgia-Pacific Corp. (Diboll, TX)",973,west,Customer,Austin,TX,2x4,,14.0,37.33332,446.9618823492405,,
"Georgia-Pacific Corp. (Diboll, TX)",973,west,Customer,Austin,TX,2x4,,18.0,24.0,484.999975961539,,
"Georgia-Pacific Corp. (Diboll, TX)",973,west,Customer,Austin,TX,2x4,,20.0,26.66666,462.518518370127,,
"Georgia-Pacific Corp. (Diboll, TX)",973,west,Customer,Batesville,AR,2x4,,20.0,13.33333,493.332665571537,,
"Georgia-Pacific Corp. (Diboll, TX)",973,west,Customer,Bonham,TX,2x8,,16.0,21.33333,365.089133089133,,
"Georgia-Pacific Corp. (Diboll, TX)",973,west,Customer,Bonham,TX,2x8,,12.0,16.0,309.642857142857,,
"Georgia-Pacific Corp. (Diboll, TX)",973,west,Customer,Brownsville,TX,2x4,,8.0,10.66666,296.5299966494415,,
"Georgia-Pacific Corp. (Diboll, TX)",973,west,Customer,Brownsville,TX,2x4,,16.0,10.66667,209.763341221546,,
"Georgia-Pacific Corp. (Diboll, TX)",973,west,Customer,Brownsville,TX,2x4,,12.0,24.0,240.60855959278433,,
"Georgia-Pacific Corp. (Diboll, TX)",973,west,Customer,Brownsville,TX,2x4,,14.0,9.33333,279.386913961875,,
"Georgia-Pacific Corp. (Diboll, TX)",973,west,Customer,Brownwood,TX,2x4,,16.0,10.66667,324.720333128457,,
"Georgia-Pacific Corp. (Diboll, TX)",973,west,Customer,Bryan,TX,2x4,,8.0,42.66664,323.12290387564764,,
"Georgia-Pacific Corp. (Diboll, TX)",973,west,Customer,Bryan,TX,2x4,,16.0,128.00004,311.0466948571047,,
"Georgia-Pacific Corp. (Diboll, TX)",973,west,Customer,Bryan,TX,2x4,,10.0,60.000029999999995,346.0811392623919,,
"Georgia-Pacific Corp. (Diboll, TX)",973,west,Customer,Bryan,TX,2x4,,12.0,24.0,343.3333333333333,,
"Georgia-Pacific Corp. (Diboll, TX)",973,west,Customer,Bryan,TX,2x4,,14.0,65.33331,333.57119916123156,,
"Georgia-Pacific Corp. (Diboll, TX)",973,west,Customer,Bryan,TX,2x6,,8.0,16.0,294.71318635360046,,
"Georgia-Pacific Corp. (Diboll, TX)",973,west,Customer,Bryan,TX,2x6,,16.0,48.0,257.73516414141403,,
"Georgia-Pacific Corp. (Diboll, TX)",973,west,Customer,Bryan,TX,2x6,,10.0,20.0,317.5,,
"Georgia-Pacific Corp. (Diboll, TX)",973,west,Customer,Bryan,TX,2x6,,12.0,12.0,315.0,,
"Georgia-Pacific Corp. (Diboll, TX)",973,west,Customer,Bryan,TX,2x6,,14.0,70.0,257.8850428944424,,
"Georgia-Pacific Corp. (Diboll, TX)",973,west,Customer,Bryan,TX,2x8,,8.0,53.333349999999996,356.7784661393768,,
"Georgia-Pacific Corp. (Diboll, TX)",973,west,Customer,Bryan,TX,2x8,,16.0,42.66666,404.9136442141625,,
"Georgia-Pacific Corp. (Diboll, TX)",973,west,Customer,Bryan,TX,2x8,,10.0,13.33333,350.631263439109,,
"Georgia-Pacific Corp. (Diboll, TX)",973,west,Customer,Bryan,TX,2x8,,12.0,48.0,366.996624228395,,
"Georgia-Pacific Corp. (Diboll, TX)",973,west,Customer,Bryan,TX,2x8,,14.0,18.66667,350.61911518122,,
"Georgia-Pacific Corp. (Diboll, TX)",973,west,Customer,Bullard,TX,2x6,,16.0,32.0,421.666666666667,,
"Georgia-Pacific Corp. (Diboll, TX)",973,west,Customer,Columbus,MS,2x4,,14.0,18.66666,478.924396719103,,
"Georgia-Pacific Corp. (Diboll, TX)",973,west,Customer,Corsicana,TX,2x6,,8.0,8.0,329.140625,,
"Georgia-Pacific Corp. (Diboll, TX)",973,west,Customer,Corsicana,TX,2x6,,16.0,16.0,329.140625,,
"Georgia-Pacific Corp. (Diboll, TX)",973,west,Customer,Corsicana,TX,2x6,,10.0,10.0,329.999973958333,,
"Georgia-Pacific Corp. (Diboll, TX)",973,west,Customer,Corsicana,TX,2x6,,12.0,12.0,329.140625,,
"Georgia-Pacific Corp. (Diboll, TX)",973,west,Customer,Corsicana,TX,2x6,,14.0,14.0,275.0,,
"Georgia-Pacific Corp. (Diboll, TX)",973,west,Customer,Crowley,TX,2x6,,8.0,8.0,305.0,,
"Georgia-Pacific Corp. (Diboll, TX)",973,west,Customer,Crowley,TX,2x6,,16.0,16.0,305.0,,
"Georgia-Pacific Corp. (Diboll, TX)",973,west,Customer,Crowley,TX,2x6,,10.0,10.0,304.999973958333,,
"Georgia-Pacific Corp. (Diboll, TX)",973,west,Customer,Crowley,TX,2x6,,12.0,12.0,305.0,,
"Georgia-Pacific Corp. (Diboll, TX)",973,west,Customer,Crowley,TX,2x6,,14.0,14.0,305.0,,
"Georgia-Pacific Corp. (Diboll, TX)",973,west,Customer,Dallas,TX,2x4,,8.0,15.99999,333.5614950590777,,
"Georgia-Pacific Corp. (Diboll, TX)",973,west,Customer,Dallas,TX,2x4,,16.0,10.66667,357.674278846154,,
"Georgia-Pacific Corp. (Diboll, TX)",973,west,Customer,Dallas,TX,2x4,,,5.33334,328.9883087916495,,
"Georgia-Pacific Corp. (Diboll, TX)",973,west,Customer,Dallas,TX,2x4,,10.0,20.00001,357.746468835828,,
"Georgia-Pacific Corp. (Diboll, TX)",973,west,Customer,Dallas,TX,2x4,,12.0,8.0,360.0,,
"Georgia-Pacific Corp. (Diboll, TX)",973,west,Customer,Dallas,TX,2x4,,14.0,9.33333,360.061823802164,,
"Georgia-Pacific Corp. (Diboll, TX)",973,west,Customer,Dallas,TX,2x6,,8.0,8.0,402.890625,,
"Georgia-Pacific Corp. (Diboll, TX)",973,west,Customer,Dallas,TX,2x6,,16.0,16.0,269.296886393229,,
"Georgia-Pacific Corp. (Diboll, TX)",973,west,Customer,Dallas,TX,2x6,,10.0,30.0,244.71715856481467,,
"Georgia-Pacific Corp. (Diboll, TX)",973,west,Customer,Dallas,TX,2x6,,12.0,12.0,269.296875,,
"Georgia-Pacific Corp. (Diboll, TX)",973,west,Customer,Dallas,TX,2x6,,14.0,28.0,232.63849431818198,,
"Georgia-Pacific Corp. (Diboll, TX)",973,west,Customer,Dallas,TX,2x8,,8.0,10.66667,300.0,,
"Georgia-Pacific Corp. (Diboll, TX)",973,west,Customer,Dallas,TX,2x8,,10.0,13.33333,300.021308331558,,
"Georgia-Pacific Corp. (Diboll, TX)",973,west,Customer,Edinburg,TX,2x4,,8.0,5.33333,229.400995692678,,
"Georgia-Pacific Corp. (Diboll, TX)",973,west,Customer,Edinburg,TX,2x4,,16.0,21.33334,354.8385619989595,,
"Georgia-Pacific Corp. (Diboll, TX)",973,west,Customer,Edinburg,TX,2x4,,12.0,8.0,229.999990651709,,
"Georgia-Pacific Corp. (Diboll, TX)",973,west,Customer,Edinburg,TX,2x4,,14.0,9.33333,381.137853152118,,
"Georgia-Pacific Corp. (Diboll, TX)",973,west,Customer,Edinburg,TX,2x6,,8.0,8.0,292.916666666667,,
"Georgia-Pacific Corp. (Diboll, TX)",973,west,Customer,Ennis,TX,2x4,,8.0,15.99999,311.862496307582,,
"Georgia-Pacific Corp. (Diboll, TX)",973,west,Customer,Ennis,TX,2x4,,6.0,4.0,179.999984375,,
"Georgia-Pacific Corp. (Diboll, TX)",973,west,Customer,Ennis,TX,2x4,,10.0,13.33334,373.0050077692825,,
"Georgia-Pacific Corp. (Diboll, TX)",973,west,Customer,Ennis,TX,2x4,,12.0,16.0,345.0003405448715,,
"Georgia-Pacific Corp. (Diboll, TX)",973,west,Customer,Ennis,TX,2x4,,14.0,18.66666,344.20056156620296,,
"Georgia-Pacific Corp. (Diboll, TX)",973,west,Customer,Ennis,TX,2x6,,12.0,12.0,405.0,,
"Georgia-Pacific Corp. (Diboll, TX)",973,west,Customer,Ft Worth,TX,2x4,,16.0,21.33334,434.0512022589765,,
"Georgia-Pacific Corp. (Diboll, TX)",973,west,Customer,Ft Worth,TX,2x4,,10.0,20.00001,366.14843932443597,,
"Georgia-Pacific Corp. (Diboll, TX)",973,west,Customer,Ft Worth,TX,2x4,,12.0,24.0,282.6120932158117,,
"Georgia-Pacific Corp. (Diboll, TX)",973,west,Customer,Ft Worth,TX,2x4,,14.0,18.66666,546.716127676745,,
"Georgia-Pacific Corp. (Diboll, TX)",973,west,Customer,Ft Worth,TX,2x6,,10.0,40.0,281.623075908358,,
"Georgia-Pacific Corp. (Diboll, TX)",973,west,Customer,Ft Worth,TX,2x6,,14.0,14.0,268.214080171131,,
"Georgia-Pacific Corp. (Diboll, TX)",973,west,Customer,Gentry,AR,2x4,,20.0,13.33333,476.813974918867,,
"Georgia-Pacific Corp. (Diboll, TX)",973,west,Customer,Grand Prairie,TX,2x4,,8.0,5.33333,234.511836638708,,
"Georgia-Pacific Corp. (Diboll, TX)",973,west,Customer,Grand Prairie,TX,2x4,,,2.66667,350.000019155649,,
"Georgia-Pacific Corp. (Diboll, TX)",973,west,Customer,Guthrie,OK,2x6,,8.0,8.0,180.0,,
"Georgia-Pacific Corp. (Diboll, TX)",973,west,Customer,Guthrie,OK,2x6,,16.0,16.0,180.0,,
"Georgia-Pacific Corp. (Diboll, TX)",973,west,Customer,Guthrie,OK,2x6,,10.0,10.0,179.999990625,,
"Georgia-Pacific Corp. (Diboll, TX)",973,west,Customer,Guthrie,OK,2x6,,12.0,12.0,139.21875,,
"Georgia-Pacific Corp. (Diboll, TX)",973,west,Customer,Harrisburg,IL,2x4,,16.0,10.66667,444.99979512395,,
"Georgia-Pacific Corp. (Diboll, TX)",973,west,Customer,Haven,KS,2x4,,10.0,6.66667,407.704407051282,,
"Georgia-Pacific Corp. (Diboll, TX)",973,west,Customer,Haven,KS,2x4,,12.0,8.0,422.704402043269,,
"Georgia-Pacific Corp. (Diboll, TX)",973,west,Customer,Henderson,TX,2x4,,10.0,13.33334,248.0,,
"Georgia-Pacific Corp. (Diboll, TX)",973,west,Customer,Houston,TX,2x4,,8.0,10.66666,281.5120597912925,,
"Georgia-Pacific Corp. (Diboll, TX)",973,west,Customer,Houston,TX,2x4,,16.0,117.33337,346.7906606181111,,
"Georgia-Pacific Corp. (Diboll, TX)",973,west,Customer,Houston,TX,2x4,,10.0,6.66667,276.317307692308,,
"Georgia-Pacific Corp. (Diboll, TX)",973,west,Customer,Houston,TX,2x4,,12.0,48.0,284.1626984126983,,
"Georgia-Pacific Corp. (Diboll, TX)",973,west,Customer,Houston,TX,2x4,,14.0,83.99997,321.0377392838914,,
"Georgia-Pacific Corp. (Diboll, TX)",973,west,Customer,Houston,TX,2x6,,8.0,24.0,278.603106562397,,
"Georgia-Pacific Corp. (Diboll, TX)",973,west,Customer,Houston,TX,2x6,,6.0,6.0,115.0,,
"Georgia-Pacific Corp. (Diboll, TX)",973,west,Customer,Hutchins,TX,2x4,,10.0,6.66667,374.234652483548,,
"Georgia-Pacific Corp. (Diboll, TX)",973,west,Customer,Hutchins,TX,2x4,,12.0,8.0,343.963319561298,,
"Georgia-Pacific Corp. (Diboll, TX)",973,west,Customer,Irving,TX,2x4,,8.0,5.33333,244.44305087403,,
"Georgia-Pacific Corp. (Diboll, TX)",973,west,Customer,Irving,TX,2x4,,10.0,20.00001,267.830407166722,,
"Georgia-Pacific Corp. (Diboll, TX)",973,west,Customer,Irving,TX,2x4,,12.0,24.0,286.5272438568377,,
"Georgia-Pacific Corp. (Diboll, TX)",973,west,Customer,Irving,TX,2x6,,10.0,10.0,163.761488970588,,
"Georgia-Pacific Corp. (Diboll, TX)",973,west,Customer,Jacksonville,TX,2x6,,8.0,8.0,238.333333333333,,
"Georgia-Pacific Corp. (Diboll, TX)",973,west,Customer,Jacksonville,TX,2x8,,8.0,53.333349999999996,259.9166803385416,,
"Georgia-Pacific Corp. (Diboll, TX)",973,west,Customer,Jacksonville,TX,2x8,,16.0,42.66666,282.5401386544035,,
"Georgia-Pacific Corp. (Diboll, TX)",973,west,Customer,Jacksonville,TX,2x8,,10.0,53.33332,276.18602375562375,,
"Georgia-Pacific Corp. (Diboll, TX)",973,west,Customer,Jacksonville,TX,2x8,,12.0,48.0,248.19446614583333,,
"Georgia-Pacific Corp. (Diboll, TX)",973,west,Customer,Jacksonville,TX,2x8,,14.0,56.00001,271.6666730737433,,
"Georgia-Pacific Corp. (Diboll, TX)",973,west,Customer,Kennard,TX,2x4,,16.0,32.00001,301.7880756085173,,
"Georgia-Pacific Corp. (Diboll, TX)",973,west,Customer,Lott,TX,2x4,,12.0,8.0,405.93447265625,,
"Georgia-Pacific Corp. (Diboll, TX)",973,west,Customer,Lott,TX,2x4,,14.0,27.99999,468.23307106808767,,
"Georgia-Pacific Corp. (Diboll, TX)",973,west,Customer,Lott,TX,2x4,,18.0,24.0,473.603004807692,,
"Georgia-Pacific Corp. (Diboll, TX)",973,west,Customer,Lott,TX,2x4,,20.0,39.99999,450.8725049295376,,
"Georgia-Pacific Corp. (Diboll, TX)",973,west,Customer,Lott,TX,2x6,,16.0,16.0,522.588725585937,,
"Georgia-Pacific Corp. (Diboll, TX)",973,west,Customer,Lott,TX,2x6,,10.0,10.0,417.588729166667,,
"Georgia-Pacific Corp. (Diboll, TX)",973,west,Customer,Lott,TX,2x6,,12.0,12.0,482.588723958333,,
"Georgia-Pacific Corp. (Diboll, TX)",973,west,Customer,Lott,TX,2x6,,14.0,14.0,527.588755580357,,
"Georgia-Pacific Corp. (Diboll, TX)",973,west,Customer,Lott,TX,2x6,,18.0,18.0,527.588758680556,,
"Georgia-Pacific Corp. (Diboll, TX)",973,west,Customer,Mount Pleasant,TX,2x4,,10.0,20.00001,271.37950913347566,,
"Georgia-Pacific Corp. (Diboll, TX)",973,west,Customer,Port Neches,TX,2x4,,12.0,8.0,269.600591715976,,
"Georgia-Pacific Corp. (Diboll, TX)",973,west,Customer,Port Neches,TX,2x4,,14.0,9.33333,267.496136012365,,
"Georgia-Pacific Corp. (Diboll, TX)",973,west,Customer,Port Neches,TX,2x6,,8.0,24.0,259.46180053710935,,
"Georgia-Pacific Corp. (Diboll, TX)",973,west,Customer,Port Neches,TX,2x6,,16.0,32.0,272.8657670454545,,
"Georgia-Pacific Corp. (Diboll, TX)",973,west,Customer,Port Neches,TX,2x6,,10.0,10.0,315.0,,
"Georgia-Pacific Corp. (Diboll, TX)",973,west,Customer,Port Neches,TX,2x6,,12.0,12.0,315.0,,
"Georgia-Pacific Corp. (Diboll, TX)",973,west,Customer,Port Neches,TX,2x6,,14.0,14.0,315.0,,
"Georgia-Pacific Corp. (Diboll, TX)",973,west,Customer,Port Neches,TX,2x8,,8.0,10.66667,250.0,,
"Georgia-Pacific Corp. (Diboll, TX)",973,west,Customer,Port Neches,TX,2x8,,10.0,13.33333,250.09769441188,,
"Georgia-Pacific Corp. (Diboll, TX)",973,west,Customer,Port Neches,TX,2x8,,12.0,16.0,250.0,,
"Georgia-Pacific Corp. (Diboll, TX)",973,west,Customer,Saginaw,TX,2x4,,8.0,10.66666,299.188680724308,,
"Georgia-Pacific Corp. (Diboll, TX)",973,west,Customer,Saginaw,TX,2x4,,10.0,6.66667,273.898237179487,,
"Georgia-Pacific Corp. (Diboll, TX)",973,west,Customer,Saginaw,TX,2x6,,10.0,10.0,220.0,,
"Georgia-Pacific Corp. (Diboll, TX)",973,west,Customer,San Antonio,TX,2x4,,20.0,26.66666,382.3166447777245,,
"Georgia-Pacific Corp. (Diboll, TX)",973,west,Customer,Silsbee,TX,2x6,,8.0,32.0,302.4999960725205,,
"Georgia-Pacific Corp. (Diboll, TX)",973,west,Customer,Silsbee,TX,2x6,,6.0,6.0,111.166672743056,,
"Georgia-Pacific Corp. (Diboll, TX)",973,west,Customer,Silsbee,TX,2x6,,12.0,24.0,175.781988728841,,
"Georgia-Pacific Corp. (Diboll, TX)",973,west,Customer,Silsbee,TX,2x8,,8.0,21.33334,236.818175159801,,
"Georgia-Pacific Corp. (Diboll, TX)",973,west,Customer,Silsbee,TX,2x8,,16.0,42.66666,252.53418691628252,,
"Georgia-Pacific Corp. (Diboll, TX)",973,west,Customer,Silsbee,TX,2x8,,10.0,26.66666,244.213268787054,,
"Georgia-Pacific Corp. (Diboll, TX)",973,west,Customer,Silsbee,TX,2x8,,12.0,16.0,230.104166666667,,
"Georgia-Pacific Corp. (Diboll, TX)",973,west,Customer,Silsbee,TX,2x8,,14.0,18.66667,235.0,,
"Georgia-Pacific Corp. (Diboll, TX)",973,west,Customer,,,2x4,,16.0,10.66667,465.0,,
"Georgia-Pacific Corp. (Diboll, TX)",973,west,Customer,,,2x4,,14.0,9.33333,460.021588461178,,
"Georgia-Pacific Corp. (Diboll, TX)",973,west,Customer,,,2x6,,16.0,16.0,146.220703125,,
"Georgia-Pacific Corp. (Diboll, TX)",973,west,Customer,,,2x6,,10.0,10.0,153.819444444444,,
"Georgia-Pacific Corp. (Diboll, TX)",995,west,Customer,Haven,KS,2x4,,16.0,10.66667,611.594501201923,,
"Georgia-Pacific Corp. (Diboll, TX)",995,west,Customer,Haven,KS,2x4,,10.0,6.66667,491.59453125,,
"Georgia-Pacific Corp. (Diboll, TX)",995,west,Customer,Haven,KS,2x4,,12.0,8.0,516.59453125,,
"Georgia-Pacific Corp. (Diboll, TX)",995,west,Customer,Haven,KS,2x4,,14.0,9.33333,546.688445818307,,
"Georgia-Pacific Corp. (Dudley, NC)",991,east,Customer,Ridgeway,VA,2x6,,8.0,16.0,308.1521739130435,,
"Georgia-Pacific Corp. (Fordyce, AR)",989,west,Customer,Benton,KY,16x4,,8.0,32.0,305.985677083333,,
"Georgia-Pacific Corp. (Fordyce, AR)",989,west,Customer,Brownwood,TX,16x4,,8.0,416.0,264.406164774184,,
"Georgia-Pacific Corp. (Fordyce, AR)",989,west,Customer,Jackson,TN,16x4,,8.0,64.0,190.0,,
"Georgia-Pacific Corp. (Fordyce, AR)",989,west,Customer,Kilgore,TX,16x4,,8.0,32.0,422.12890625,,
"Georgia-Pacific Corp. (Fordyce, AR)",989,west,Customer,Ripley,TN,16x4,,8.0,32.0,190.0,,
"Georgia-Pacific Corp. (Fordyce, AR)",989,west,Customer,Somerset,KY,16x4,,8.0,32.0,270.0,,
"Georgia-Pacific Corp. (Gurdon, AR)",970,west,Customer,Abilene,KS,2x4,,8.0,5.33333,287.704616309206,,
"Georgia-Pacific Corp. (Gurdon, AR)",970,west,Customer,Alvarado,TX,2x4,,8.0,5.33333,307.013837555215,,
"Georgia-Pacific Corp. (Gurdon, AR)",970,west,Customer,Alvarado,TX,2x4,,10.0,13.33334,200.0,,
"Georgia-Pacific Corp. (Gurdon, AR)",970,west,Customer,Alvarado,TX,2x4,,12.0,16.0,253.499990985577,,
"Georgia-Pacific Corp. (Gurdon, AR)",970,west,Customer,Amity,AR,2x6,,8.0,16.0,237.0,,
"Georgia-Pacific Corp. (Gurdon, AR)",970,west,Customer,Amity,AR,2x6,,16.0,32.0,474.0,,
"Georgia-Pacific Corp. (Gurdon, AR)",970,west,Customer,Amity,AR,2x6,,10.0,20.0,237.0,,
"Georgia-Pacific Corp. (Gurdon, AR)",970,west,Customer,Amity,AR,2x6,,12.0,24.0,237.0,,
"Georgia-Pacific Corp. (Gurdon, AR)",970,west,Customer,Amity,AR,2x6,,14.0,28.0,237.000013020833,,
"Georgia-Pacific Corp. (Gurdon, AR)",970,west,Customer,Baton Rouge,LA,4x4,,8.0,96.0,826.085653935187,,
"Georgia-Pacific Corp. (Gurdon, AR)",970,west,Customer,Bonham,TX,2x6,,16.0,16.0,349.999979248047,,
"Georgia-Pacific Corp. (Gurdon, AR)",970,west,Customer,Bonham,TX,2x6,,10.0,10.0,221.052631578947,,
"Georgia-Pacific Corp. (Gurdon, AR)",970,west,Customer,Bonham,TX,2x6,,12.0,24.0,300.0,,
"Georgia-Pacific Corp. (Gurdon, AR)",970,west,Customer,Bonham,TX,2x8,,8.0,10.66667,300.0,,
"Georgia-Pacific Corp. (Gurdon, AR)",970,west,Customer,Bonham,TX,2x8,,10.0,13.33333,325.018137172833,,
"Georgia-Pacific Corp. (Gurdon, AR)",970,west,Customer,Bonham,TX,2x8,,12.0,32.0,284.999994913737,,
"Georgia-Pacific Corp. (Gurdon, AR)",970,west,Customer,Brookline Station,MO,2x4,,12.0,8.0,337.499962439904,,
"Georgia-Pacific Corp. (Gurdon, AR)",970,west,Customer,Brownsville,TX,2x4,,12.0,8.0,212.0,,
"Georgia-Pacific Corp. (Gurdon, AR)",970,west,Customer,Brownsville,TX,2x6,,16.0,16.0,217.0,,
"Georgia-Pacific Corp. (Gurdon, AR)",970,west,Customer,Brownsville,TX,2x6,,10.0,10.0,217.0,,
"Georgia-Pacific Corp. (Gurdon, AR)",970,west,Customer,Brownsville,TX,2x6,,12.0,12.0,216.999989149306,,
"Georgia-Pacific Corp. (Gurdon, AR)",970,west,Customer,Brownsville,TX,2x6,,14.0,14.0,217.0,,
"Georgia-Pacific Corp. (Gurdon, AR)",970,west,Customer,Bryan,TX,2x4,,8.0,31.99998,310.05576496919383,,
"Georgia-Pacific Corp. (Gurdon, AR)",970,west,Customer,Bryan,TX,2x4,,16.0,85.33336,304.78925980982723,,
"Georgia-Pacific Corp. (Gurdon, AR)",970,west,Customer,Bryan,TX,2x4,,10.0,53.33336,308.0034917528295,,
"Georgia-Pacific Corp. (Gurdon, AR)",970,west,Customer,Bryan,TX,2x4,,12.0,48.0,322.55191372863266,,
"Georgia-Pacific Corp. (Gurdon, AR)",970,west,Customer,Bryan,TX,2x4,,14.0,37.33332,309.07838620364,,
"Georgia-Pacific Corp. (Gurdon, AR)",970,west,Customer,Bryan,TX,2x6,,8.0,48.0,286.13268593715685,,
"Georgia-Pacific Corp. (Gurdon, AR)",970,west,Customer,Bryan,TX,2x6,,16.0,128.0,313.32631815592435,,
"Georgia-Pacific Corp. (Gurdon, AR)",970,west,Customer,Bryan,TX,2x6,,10.0,80.0,304.4022225023414,,
"Georgia-Pacific Corp. (Gurdon, AR)",970,west,Customer,Bryan,TX,2x6,,12.0,48.0,304.9495144992405,,
"Georgia-Pacific Corp. (Gurdon, AR)",970,west,Customer,Bryan,TX,2x6,,14.0,168.0,335.11705424806775,,
"Georgia-Pacific Corp. (Gurdon, AR)",970,west,Customer,Bryan,TX,2x8,,8.0,32.00001,325.00002712673603,,
"Georgia-Pacific Corp. (Gurdon, AR)",970,west,Customer,Bryan,TX,4x4,,8.0,192.00006,439.47387643794656,,
"Georgia-Pacific Corp. (Gurdon, AR)",970,west,Customer,Cassville,MO,2x4,,16.0,42.66668,246.8521670041035,,
"Georgia-Pacific Corp. (Gurdon, AR)",970,west,Customer,Cassville,MO,2x4,,14.0,18.66666,314.94592352511245,,
"Georgia-Pacific Corp. (Gurdon, AR)",970,west,Customer,Catoosa,OK,2x4,,16.0,32.00001,416.6646658403447,,
"Georgia-Pacific Corp. (Gurdon, AR)",970,west,Customer,Catoosa,OK,2x4,,14.0,9.33333,465.000198121805,,
"Georgia-Pacific Corp. (Gurdon, AR)",970,west,Customer,Center,TX,2x4,,8.0,5.33333,470.141268409979,,
"Georgia-Pacific Corp. (Gurdon, AR)",970,west,Customer,Center,TX,2x4,,16.0,10.66667,450.000018030201,,
"Georgia-Pacific Corp. (Gurdon, AR)",970,west,Customer,Center,TX,2x4,,10.0,6.66667,405.000024038462,,
"Georgia-Pacific Corp. (Gurdon, AR)",970,west,Customer,Center,TX,2x4,,14.0,9.33333,460.11851880474,,
"Georgia-Pacific Corp. (Gurdon, AR)",970,west,Customer,Center,TX,2x4,,18.0,12.0,424.999978632479,,
"Georgia-Pacific Corp. (Gurdon, AR)",970,west,Customer,Center,TX,2x4,,20.0,13.33333,460.0,,
"Georgia-Pacific Corp. (Gurdon, AR)",970,west,Customer,Chickasha,OK,4x4,,8.0,21.33334,402.519132943636,,
"Georgia-Pacific Corp. (Gurdon, AR)",970,west,Customer,Conroe,TX,2x4,,16.0,10.66667,501.825035853309,,
"Georgia-Pacific Corp. (Gurdon, AR)",970,west,Customer,Crowley,TX,2x4,,8.0,5.33333,337.060764514966,,
"Georgia-Pacific Corp. (Gurdon, AR)",970,west,Customer,Crowley,TX,2x4,,16.0,10.66667,337.0,,
"Georgia-Pacific Corp. (Gurdon, AR)",970,west,Customer,Crowley,TX,2x4,,10.0,6.66667,336.999972594836,,
"Georgia-Pacific Corp. (Gurdon, AR)",970,west,Customer,Crowley,TX,2x6,,8.0,16.0,181.66666666666652,,
"Georgia-Pacific Corp. (Gurdon, AR)",970,west,Customer,Crowley,TX,2x6,,16.0,48.0,201.33332573784733,,
"Georgia-Pacific Corp. (Gurdon, AR)",970,west,Customer,Crowley,TX,2x6,,10.0,30.0,251.999996875,,
"Georgia-Pacific Corp. (Gurdon, AR)",970,west,Customer,Crowley,TX,2x6,,12.0,36.0,240.62962962962968,,
"Georgia-Pacific Corp. (Gurdon, AR)",970,west,Customer,Crowley,TX,2x6,,14.0,28.0,224.5,,
"Georgia-Pacific Corp. (Gurdon, AR)",970,west,Customer,Dallas,TX,2x4,,8.0,106.6666,282.10930543060215,,
"Georgia-Pacific Corp. (Gurdon, AR)",970,west,Customer,Dallas,TX,2x6,,8.0,32.0,271.83333333333326,,
"Georgia-Pacific Corp. (Gurdon, AR)",970,west,Customer,Dallas,TX,2x6,,10.0,70.0,311.93880011307556,,
"Georgia-Pacific Corp. (Gurdon, AR)",970,west,Customer,Dallas,TX,2x6,,12.0,36.0,315.221233226635,,
"Georgia-Pacific Corp. (Gurdon, AR)",970,west,Customer,Dallas,TX,2x6,,14.0,14.0,335.000039859694,,
"Georgia-Pacific Corp. (Gurdon, AR)",970,west,Customer,Dallas,TX,4x4,,8.0,21.33334,398.4427116199405,,
"Georgia-Pacific Corp. (Gurdon, AR)",970,west,Customer,Denver,CO,2x4,,8.0,5.33333,237.015647134578,,
"Georgia-Pacific Corp. (Gurdon, AR)",970,west,Customer,Denver,CO,2x4,,16.0,10.66667,237.027134324994,,
"Georgia-Pacific Corp. (Gurdon, AR)",970,west,Customer,Durant,OK,2x4,,12.0,8.0,181.125,,
"Georgia-Pacific Corp. (Gurdon, AR)",970,west,Customer,Edinburg,TX,2x4,,16.0,32.00001,255.808230766134,,
"Georgia-Pacific Corp. (Gurdon, AR)",970,west,Customer,Edinburg,TX,2x4,,10.0,6.66667,276.999989182692,,
"Georgia-Pacific Corp. (Gurdon, AR)",970,west,Customer,Edinburg,TX,2x4,,14.0,18.66666,304.87252678524055,,
"Georgia-Pacific Corp. (Gurdon, AR)",970,west,Customer,Enid,OK,2x4,,16.0,21.33334,450.0,,
"Georgia-Pacific Corp. (Gurdon, AR)",970,west,Customer,Ennis,TX,2x4,,8.0,10.66666,287.749329439039,,
"Georgia-Pacific Corp. (Gurdon, AR)",970,west,Customer,Ennis,TX,2x4,,16.0,10.66667,377.000450721154,,
"Georgia-Pacific Corp. (Gurdon, AR)",970,west,Customer,Ennis,TX,2x4,,10.0,13.33334,350.94128939580696,,
"Georgia-Pacific Corp. (Gurdon, AR)",970,west,Customer,Ennis,TX,2x4,,12.0,8.0,377.000300480769,,
"Georgia-Pacific Corp. (Gurdon, AR)",970,west,Customer,Ennis,TX,2x4,,14.0,9.33333,377.065086725056,,
"Georgia-Pacific Corp. (Gurdon, AR)",970,west,Customer,Ennis,TX,2x6,,10.0,10.0,158.368421052632,,
"Georgia-Pacific Corp. (Gurdon, AR)",970,west,Customer,Ennis,TX,2x6,,12.0,24.0,255.999996310764,,
"Georgia-Pacific Corp. (Gurdon, AR)",970,west,Customer,Flintville,TN,2x4,,12.0,8.0,355.915024038462,,
"Georgia-Pacific Corp. (Gurdon, AR)",970,west,Customer,Fort Worth,TX,2x4,,8.0,5.33333,355.073755377996,,
"Georgia-Pacific Corp. (Gurdon, AR)",970,west,Customer,Ft Worth,TX,2x4,,8.0,5.33333,308.924088194418,,
"Georgia-Pacific Corp. (Gurdon, AR)",970,west,Customer,Ft Worth,TX,2x4,,16.0,21.33334,263.0797353891225,,
"Georgia-Pacific Corp. (Gurdon, AR)",970,west,Customer,Ft Worth,TX,2x4,,10.0,53.33336,264.8407241729386,,
"Georgia-Pacific Corp. (Gurdon, AR)",970,west,Customer,Ft Worth,TX,2x4,,12.0,40.0,230.7363956501832,,
"Georgia-Pacific Corp. (Gurdon, AR)",970,west,Customer,Ft Worth,TX,2x6,,10.0,40.0,306.97573278166124,,
"Georgia-Pacific Corp. (Gurdon, AR)",970,west,Customer,Graham,TX,4x4,,8.0,21.33334,400.0,,
"Georgia-Pacific Corp. (Gurdon, AR)",970,west,Customer,Grand Prairie,TX,2x4,,8.0,10.66666,222.008537024139,,
"Georgia-Pacific Corp. (Gurdon, AR)",970,west,Customer,Guthrie,OK,2x4,,8.0,10.66666,337.101292455666,,
"Georgia-Pacific Corp. (Gurdon, AR)",970,west,Customer,Guthrie,OK,2x4,,16.0,53.333349999999996,325.467320221266,,
"Georgia-Pacific Corp. (Gurdon, AR)",970,west,Customer,Guthrie,OK,2x4,,10.0,33.333349999999996,303.065501252343,,
"Georgia-Pacific Corp. (Gurdon, AR)",970,west,Customer,Guthrie,OK,2x4,,12.0,32.0,321.6250013772035,,
"Georgia-Pacific Corp. (Gurdon, AR)",970,west,Customer,Guthrie,OK,2x4,,14.0,27.99999,348.7159069788474,,
"Georgia-Pacific Corp. (Gurdon, AR)",970,west,Customer,Guthrie,OK,2x6,,16.0,16.0,227.0,,
"Georgia-Pacific Corp. (Gurdon, AR)",970,west,Customer,Harrisburg,IL,2x4,,16.0,21.33334,538.8768101103745,,
"Georgia-Pacific Corp. (Gurdon, AR)",970,west,Customer,Harrisburg,IL,2x4,,12.0,8.0,365.00002189217,,
"Georgia-Pacific Corp. (Gurdon, AR)",970,west,Customer,Harrisburg,IL,2x4,,14.0,9.33333,527.240806216193,,
"Georgia-Pacific Corp. (Gurdon, AR)",970,west,Customer,Haven,KS,2x4,,16.0,10.66667,533.13494140625,,
"Georgia-Pacific Corp. (Gurdon, AR)",970,west,Customer,Haven,KS,2x4,,10.0,6.66667,458.217569419401,,
"Georgia-Pacific Corp. (Gurdon, AR)",970,west,Customer,Haven,KS,2x4,,12.0,8.0,488.134962940705,,
"Georgia-Pacific Corp. (Gurdon, AR)",970,west,Customer,Haven,KS,2x4,,14.0,9.33333,508.134950540958,,
"Georgia-Pacific Corp. (Gurdon, AR)",970,west,Customer,Heber Springs,AR,2x4,,12.0,8.0,340.0,,
"Georgia-Pacific Corp. (Gurdon, AR)",970,west,Customer,Henderson,TX,2x4,,8.0,5.33333,373.884695759066,,
"Georgia-Pacific Corp. (Gurdon, AR)",970,west,Customer,Houston,TX,2x4,,8.0,10.66666,193.50758936270302,,
"Georgia-Pacific Corp. (Gurdon, AR)",970,west,Customer,Houston,TX,2x4,,16.0,42.66668,307.33215106670673,,
"Georgia-Pacific Corp. (Gurdon, AR)",970,west,Customer,Houston,TX,2x4,,12.0,16.0,249.499994591346,,
"Georgia-Pacific Corp. (Gurdon, AR)",970,west,Customer,Houston,TX,2x4,,14.0,55.99998,270.7260561512558,,
"Georgia-Pacific Corp. (Gurdon, AR)",970,west,Customer,Houston,TX,2x6,,8.0,16.0,300.0,,
"Georgia-Pacific Corp. (Gurdon, AR)",970,west,Customer,Houston,TX,2x6,,16.0,16.0,215.0,,
"Georgia-Pacific Corp. (Gurdon, AR)",970,west,Customer,Houston,TX,2x6,,10.0,20.0,311.57894736842104,,
"Georgia-Pacific Corp. (Gurdon, AR)",970,west,Customer,Houston,TX,4x4,,8.0,10.66667,450.0,,
"Georgia-Pacific Corp. (Gurdon, AR)",970,west,Customer,Hutchins,TX,2x4,,8.0,15.99999,363.2405600485233,,
"Georgia-Pacific Corp. (Gurdon, AR)",970,west,Customer,Hutchins,TX,2x4,,16.0,10.66667,348.283879206731,,
"Georgia-Pacific Corp. (Gurdon, AR)",970,west,Customer,Hutchins,TX,2x4,,10.0,6.66667,342.112259615385,,
"Georgia-Pacific Corp. (Gurdon, AR)",970,west,Customer,Hutchins,TX,2x4,,12.0,8.0,347.863461538461,,
"Georgia-Pacific Corp. (Gurdon, AR)",970,west,Customer,Irving,TX,2x4,,8.0,37.33331,296.6096260876381,,
"Georgia-Pacific Corp. (Gurdon, AR)",970,west,Customer,Irving,TX,2x4,,10.0,40.00002,252.5012616084315,,
"Georgia-Pacific Corp. (Gurdon, AR)",970,west,Customer,Irving,TX,2x4,,12.0,40.0,284.9202270582934,,
"Georgia-Pacific Corp. (Gurdon, AR)",970,west,Customer,Irving,TX,2x6,,8.0,16.0,256.0,,
"Georgia-Pacific Corp. (Gurdon, AR)",970,west,Customer,Irving,TX,2x6,,12.0,12.0,287.8125,,
"Georgia-Pacific Corp. (Gurdon, AR)",970,west,Customer,Jacksonville,TX,2x8,,8.0,21.33334,257.5,,
"Georgia-Pacific Corp. (Gurdon, AR)",970,west,Customer,Jacksonville,TX,2x8,,10.0,39.99999,257.6472261716827,,
"Georgia-Pacific Corp. (Gurdon, AR)",970,west,Customer,Jacksonville,TX,2x8,,12.0,16.0,270.0,,
"Georgia-Pacific Corp. (Gurdon, AR)",970,west,Customer,Kankakee,IL,2x4,,10.0,6.66667,200.0,,
"Georgia-Pacific Corp. (Gurdon, AR)",970,west,Customer,Kankakee,IL,2x4,,12.0,16.0,196.6,,
"Georgia-Pacific Corp. (Gurdon, AR)",970,west,Customer,Kansas City,KS,2x4,,10.0,6.66667,200.0,,
"Georgia-Pacific Corp. (Gurdon, AR)",970,west,Customer,Kennard,TX,2x4,,16.0,10.66667,266.999981561155,,
"Georgia-Pacific Corp. (Gurdon, AR)",970,west,Customer,La Porte,TX,2x4,,16.0,96.00003,247.47833718961908,,
"Georgia-Pacific Corp. (Gurdon, AR)",970,west,Customer,La Porte,TX,2x6,,12.0,12.0,278.4375,,
"Georgia-Pacific Corp. (Gurdon, AR)",970,west,Customer,Lott,TX,2x4,,16.0,21.33334,428.3483746820665,,
"Georgia-Pacific Corp. (Gurdon, AR)",970,west,Customer,Lott,TX,2x4,,14.0,37.33332,451.59459911364127,,
"Georgia-Pacific Corp. (Gurdon, AR)",970,west,Customer,Lott,TX,2x4,,18.0,24.0,434.596155849359,,
"Georgia-Pacific Corp. (Gurdon, AR)",970,west,Customer,Louisville,KY,2x4,,8.0,32.0,563.0303359375,,
"Georgia-Pacific Corp. (Gurdon, AR)",970,west,Customer,Louisville,KY,4x4,,8.0,32.0,867.030416666667,,
"Georgia-Pacific Corp. (Gurdon, AR)",970,west,Customer,Louisville,KY,8x4,,8.0,32.0,462.030334201389,,
"Georgia-Pacific Corp. (Gurdon, AR)",970,west,Customer,Macalester,OK,2x4,,16.0,10.66667,298.115140340094,,
"Georgia-Pacific Corp. (Gurdon, AR)",970,west,Customer,Markleville,IN,8x4,,8.0,32.0,350.0,,
"Georgia-Pacific Corp. (Gurdon, AR)",970,west,Customer,Mc Leansboro,IL,2x4,,10.0,6.66667,393.353070674865,,
"Georgia-Pacific Corp. (Gurdon, AR)",970,west,Customer,Mc Pherson,KS,2x6,,8.0,16.0,248.546875,,
"Georgia-Pacific Corp. (Gurdon, AR)",970,west,Customer,Memphis,TN,2x4,,16.0,10.66667,260.074150788773,,
"Georgia-Pacific Corp. (Gurdon, AR)",970,west,Customer,Midland,TX,2x4,,16.0,21.33334,510.31268780048094,,
"Georgia-Pacific Corp. (Gurdon, AR)",970,west,Customer,Midlothian,TX,4x4,,8.0,10.66667,437.883310845392,,
"Georgia-Pacific Corp. (Gurdon, AR)",970,west,Customer,Montgomery,AL,2x6,,10.0,10.0,295.0,,
"Georgia-Pacific Corp. (Gurdon, AR)",970,west,Customer,Moscow,TN,2x4,,16.0,21.33334,428.535929987981,,
"Georgia-Pacific Corp. (Gurdon, AR)",970,west,Customer,Moscow,TN,8x4,,8.0,64.0,323.0,,
"Georgia-Pacific Corp. (Gurdon, AR)",970,west,Customer,Mount Pleasant,TX,2x4,,10.0,6.66667,266.999985176282,,
"Georgia-Pacific Corp. (Gurdon, AR)",970,west,Customer,Mt Pleasant,TX,2x4,,8.0,5.33333,277.052858020897,,
"Georgia-Pacific Corp. (Gurdon, AR)",970,west,Customer,Nashville,TN,2x4,,12.0,8.0,286.0,,
"Georgia-Pacific Corp. (Gurdon, AR)",970,west,Customer,Nashville,TN,2x6,,10.0,10.0,297.0,,
"Georgia-Pacific Corp. (Gurdon, AR)",970,west,Customer,Newton,IA,2x4,,10.0,13.33334,200.0,,
"Georgia-Pacific Corp. (Gurdon, AR)",970,west,Customer,Park City,KS,2x6,,14.0,28.0,416.967505151099,,
"Georgia-Pacific Corp. (Gurdon, AR)",970,west,Customer,Pasadena,TX,2x6,,8.0,8.0,297.0,,
"Georgia-Pacific Corp. (Gurdon, AR)",970,west,Customer,Pasadena,TX,2x6,,16.0,16.0,309.999985839844,,
"Georgia-Pacific Corp. (Gurdon, AR)",970,west,Customer,Pasadena,TX,2x6,,12.0,24.0,309.49999121093754,,
"Georgia-Pacific Corp. (Gurdon, AR)",970,west,Customer,Pasadena,TX,2x6,,14.0,14.0,297.0,,
"Georgia-Pacific Corp. (Gurdon, AR)",970,west,Customer,Pflugerville,TX,2x4,,8.0,5.33333,325.424482590242,,
"Georgia-Pacific Corp. (Gurdon, AR)",970,west,Customer,Poplar Bluff,MO,2x6,,16.0,32.0,237.000016424006,,
"Georgia-Pacific Corp. (Gurdon, AR)",970,west,Customer,Port Neches,TX,2x6,,12.0,24.0,274.43751175944,,
"Georgia-Pacific Corp. (Gurdon, AR)",970,west,Customer,Princeville,IL,2x6,,12.0,12.0,251.999989420573,,
"Georgia-Pacific Corp. (Gurdon, AR)",970,west,Customer,Prosper,TX,2x4,,16.0,10.66667,295.0,,
"Georgia-Pacific Corp. (Gurdon, AR)",970,west,Customer,Prosper,TX,2x4,,14.0,9.33333,295.010854367503,,
"Georgia-Pacific Corp. (Gurdon, AR)",970,west,Customer,Ripley,TN,2x6,,16.0,16.0,293.333333333333,,
"Georgia-Pacific Corp. (Gurdon, AR)",970,west,Customer,Rosenberg,TX,2x4,,14.0,9.33333,295.0,,
"Georgia-Pacific Corp. (Gurdon, AR)",970,west,Customer,Saginaw,TX,2x4,,8.0,42.66666,273.052499749524,,
"Georgia-Pacific Corp. (Gurdon, AR)",970,west,Customer,Saginaw,TX,2x4,,16.0,32.00001,297.0,,
"Georgia-Pacific Corp. (Gurdon, AR)",970,west,Customer,Saginaw,TX,2x4,,10.0,13.33334,262.000021634615,,
"Georgia-Pacific Corp. (Gurdon, AR)",970,west,Customer,Saginaw,TX,2x4,,12.0,16.0,262.0,,
"Georgia-Pacific Corp. (Gurdon, AR)",970,west,Customer,Saginaw,TX,2x4,,14.0,27.99999,279.556369610908,,
"Georgia-Pacific Corp. (Gurdon, AR)",970,west,Customer,Saginaw,TX,2x6,,10.0,10.0,371.125,,
"Georgia-Pacific Corp. (Gurdon, AR)",970,west,Customer,Saginaw,TX,4x4,,8.0,32.0,530.0,,
"Georgia-Pacific Corp. (Gurdon, AR)",970,west,Customer,Saint Rose,IL,2x4,,16.0,10.66667,375.0,,
"Georgia-Pacific Corp. (Gurdon, AR)",970,west,Customer,Scammon,KS,4x4,,8.0,10.66667,425.021137968765,,
"Georgia-Pacific Corp. (Gurdon, AR)",970,west,Customer,Schiller Park,IL,2x6,,8.0,16.0,293.75,,
"Georgia-Pacific Corp. (Gurdon, AR)",970,west,Customer,Scottsville,TX,4x4,,8.0,53.333349999999996,400.1006400432704,,
"Georgia-Pacific Corp. (Gurdon, AR)",970,west,Customer,Seguin,TX,4x4,,8.0,21.33334,432.499976736612,,
"Georgia-Pacific Corp. (Gurdon, AR)",970,west,Customer,Sellersburg,IN,2x6,,10.0,10.0,310.000011924342,,
"Georgia-Pacific Corp. (Gurdon, AR)",970,west,Customer,Selmer,TN,2x4,,8.0,10.66666,257.01205804065603,,
"Georgia-Pacific Corp. (Gurdon, AR)",970,west,Customer,Selmer,TN,2x4,,10.0,6.66667,287.051749008294,,
"Georgia-Pacific Corp. (Gurdon, AR)",970,west,Customer,Seminole,TX,2x4,,18.0,12.0,510.592948717949,,
"Georgia-Pacific Corp. (Gurdon, AR)",970,west,Customer,Silsbee,TX,2x6,,10.0,10.0,310.000011924342,,
"Georgia-Pacific Corp. (Gurdon, AR)",970,west,Customer,Silsbee,TX,2x6,,12.0,24.0,299.999987386068,,
"Georgia-Pacific Corp. (Gurdon, AR)",970,west,Customer,Silsbee,TX,2x8,,16.0,63.99999,253.56653271936867,,
"Georgia-Pacific Corp. (Gurdon, AR)",970,west,Customer,Silsbee,TX,2x8,,10.0,13.33333,235.183723221267,,
"Georgia-Pacific Corp. (Gurdon, AR)",970,west,Customer,Silsbee,TX,2x8,,12.0,32.0,234.999994913737,,
"Georgia-Pacific Corp. (Gurdon, AR)",970,west,Customer,Silsbee,TX,2x8,,14.0,37.33334,235.0,,
"Georgia-Pacific Corp. (Gurdon, AR)",970,west,Customer,Skidmore,TX,2x4,,8.0,5.33333,267.0,,
"Georgia-Pacific Corp. (Gurdon, AR)",970,west,Customer,Skidmore,TX,2x4,,10.0,6.66667,267.019255733449,,
"Georgia-Pacific Corp. (Gurdon, AR)",970,west,Customer,South Wayne,WI,2x6,,10.0,10.0,430.888157894737,,
"Georgia-Pacific Corp. (Gurdon, AR)",970,west,Customer,Springfield,MO,2x4,,16.0,42.66668,309.971175475192,,
"Georgia-Pacific Corp. (Gurdon, AR)",970,west,Customer,Springfield,MO,2x4,,12.0,32.0,263.0182004206732,,
"Georgia-Pacific Corp. (Gurdon, AR)",970,west,Customer,Springfield,MO,2x4,,14.0,27.99999,298.1137079451857,,
"Georgia-Pacific Corp. (Gurdon, AR)",970,west,Customer,Terrell,TX,2x4,,16.0,10.66667,295.0,,
"Georgia-Pacific Corp. (Gurdon, AR)",970,west,Customer,Terrell,TX,2x4,,14.0,9.33333,295.010854367503,,
"Georgia-Pacific Corp. (Gurdon, AR)",970,west,Customer,Tipp City,OH,2x4,,16.0,10.66667,215.000010516827,,
"Georgia-Pacific Corp. (Gurdon, AR)",970,west,Customer,Tipp City,OH,2x4,,14.0,9.33333,215.012306107263,,
"Georgia-Pacific Corp. (Gurdon, AR)",970,west,Customer,Tulsa,OK,2x6,,10.0,10.0,325.0,,
"Georgia-Pacific Corp. (Gurdon, AR)",970,west,Customer,Tunas,MO,2x4,,8.0,5.33333,470.141568981064,,
"Georgia-Pacific Corp. (Gurdon, AR)",970,west,Customer,Tunas,MO,2x4,,16.0,21.33334,477.8248546315075,,
"Georgia-Pacific Corp. (Gurdon, AR)",970,west,Customer,Tunas,MO,2x4,,10.0,13.33334,417.84630364226496,,
"Georgia-Pacific Corp. (Gurdon, AR)",970,west,Customer,Tunas,MO,2x4,,14.0,18.66666,480.0110517278385,,
"Georgia-Pacific Corp. (Gurdon, AR)",970,west,Customer,Tunas,MO,2x4,,18.0,12.0,384.433253205128,,
"Georgia-Pacific Corp. (Gurdon, AR)",970,west,Customer,Whitesboro,TX,2x4,,16.0,10.66667,345.0,,
"Georgia-Pacific Corp. (Gurdon, AR)",970,west,Customer,Wichita Falls,TX,2x6,,8.0,8.0,296.999986328125,,
"Georgia-Pacific Corp. (Gurdon, AR)",970,west,Customer,Wichita Falls,TX,2x6,,16.0,16.0,296.999986979167,,
"Georgia-Pacific Corp. (Gurdon, AR)",970,west,Customer,Wichita Falls,TX,2x6,,10.0,10.0,296.999981770833,,
"Georgia-Pacific Corp. (Gurdon, AR)",970,west,Customer,Wichita Falls,TX,2x6,,12.0,12.0,297.00001953125,,
"Georgia-Pacific Corp. (Gurdon, AR)",970,west,Customer,Wichita Falls,TX,2x6,,14.0,14.0,297.0,,
"Georgia-Pacific Corp. (Gurdon, AR)",970,west,Customer,Winfield,KS,2x4,,14.0,9.33333,204.0,,
"Georgia-Pacific Corp. (Gurdon, AR)",970,west,Customer,,,2x4,,16.0,10.66667,343.745304987981,,
"Georgia-Pacific Corp. (Gurdon, AR)",970,west,Customer,,,2x6,,10.0,20.0,239.888888888889,,
"Georgia-Pacific Corp. (Gurdon, AR)",970,west,Customer,,,2x8,,8.0,10.66667,235.0,,
"Georgia-Pacific Corp. (Gurdon, AR)",970,west,Customer,,,2x8,,16.0,42.66666,235.023898773865,,
"Georgia-Pacific Corp. (Gurdon, AR)",970,west,Customer,,,2x8,,10.0,13.33333,235.183723221267,,
"Georgia-Pacific Corp. (Gurdon, AR)",970,west,Customer,,,2x8,,12.0,16.0,235.0,,
"Georgia-Pacific Corp. (Gurdon, AR)",970,west,Customer,,,2x8,,14.0,37.33334,235.0,,
"Georgia-Pacific Corp. (Gurdon, AR)",970,west,TLR,Birmingham,AL,2x4,,16.0,42.66668,262.795743981862,,
"Georgia-Pacific Corp. (Gurdon, AR)",970,west,TLR,Birmingham,AL,2x6,,14.0,42.0,243.937013507326,,
"Georgia-Pacific Corp. (Hosford, FL)",985,east,Customer,Douglas,GA,16x4,,8.0,32.0,362.189814814815,,
"Georgia-Pacific Corp. (Mexia, AL)",979,central,Customer,Auburn,KY,4x6,,16.0,32.0,495.0,,
"Georgia-Pacific Corp. (Mexia, AL)",979,central,Customer,Auburn,KY,4x6,,10.0,20.0,466.346153846154,,
"Georgia-Pacific Corp. (Mexia, AL)",979,central,Customer,Auburn,KY,4x6,,12.0,24.0,567.989583333333,,
"Georgia-Pacific Corp. (Mexia, AL)",979,central,Customer,Grabill,IN,4x6,,18.0,36.0,450.0,,
"Georgia-Pacific Corp. (Mexia, AL)",979,central,Customer,Haleyville,AL,4x6,,20.0,80.0,432.5,,
"Georgia-Pacific Corp. (Mexia, AL)",979,central,Customer,Kilgore,TX,4x4,,16.0,21.33333,540.024380239791,,
"Georgia-Pacific Corp. (Mexia, AL)",979,central,Customer,Louisville,KY,4x4,,8.0,10.66667,470.000360620267,,
"Georgia-Pacific Corp. (Mexia, AL)",979,central,Customer,Louisville,KY,4x4,,16.0,21.33333,465.084385142445,,
"Georgia-Pacific Corp. (Mexia, AL)",979,central,Customer,Louisville,KY,4x4,,10.0,13.33333,435.126064627813,,
"Georgia-Pacific Corp. (Mexia, AL)",979,central,Customer,Louisville,KY,4x4,,12.0,16.0,395.0005,,
"Georgia-Pacific Corp. (Mexia, AL)",979,central,Customer,Louisville,KY,4x4,,14.0,18.66667,410.000428600865,,
"Georgia-Pacific Corp. (Mexia, AL)",979,central,Customer,Louisville,KY,4x6,,16.0,32.0,495.00046875,,
"Georgia-Pacific Corp. (Mexia, AL)",979,central,Customer,Mc Intyre,GA,4x6,,8.0,16.0,455.000048828125,,
"Georgia-Pacific Corp. (Mexia, AL)",979,central,Customer,Mc Intyre,GA,4x6,,10.0,140.0,432.5,,
"Georgia-Pacific Corp. (Mexia, AL)",979,central,Customer,Mc Intyre,GA,4x6,,12.0,72.0,439.20634920634933,,
"Georgia-Pacific Corp. (Mexia, AL)",979,central,Customer,Mc Intyre,GA,4x6,,14.0,112.0,499.9067398313492,,
"Georgia-Pacific Corp. (Mexia, AL)",979,central,Customer,Pella,IA,4x4,,8.0,10.66667,380.039151040593,,
"Georgia-Pacific Corp. (Mexia, AL)",979,central,Customer,Pella,IA,4x4,,10.0,13.33333,380.029233017924,,
"Georgia-Pacific Corp. (Mexia, AL)",979,central,Customer,Ranburne,AL,4x4,,10.0,26.66666,385.00888488876603,,
"Georgia-Pacific Corp. (Mexia, AL)",979,central,Customer,Ranburne,AL,4x4,,12.0,48.0,386.287878787879,,
"Georgia-Pacific Corp. (Mexia, AL)",979,central,Customer,Ranburne,AL,4x4,,14.0,18.66667,422.216117216117,,
"Georgia-Pacific Corp. (Mexia, AL)",979,central,Customer,Ranburne,AL,4x6,,10.0,180.0,432.1341880341881,,
"Georgia-Pacific Corp. (Mexia, AL)",979,central,Customer,Schiller Park,IL,4x4,,8.0,21.33334,375.016902551158,,
"Georgia-Pacific Corp. (Mexia, AL)",979,central,Customer,Schiller Park,IL,4x4,,14.0,18.66667,549.580128205128,,
"Georgia-Pacific Corp. (Mexia, AL)",979,central,Customer,Schiller Park,IL,4x6,,10.0,20.0,485.0,,
"Georgia-Pacific Corp. (Mexia, AL)",979,central,Customer,Somerset,KY,4x6,,10.0,40.0,571.3552083333335,,
"Georgia-Pacific Corp. (Mexia, AL)",979,central,Customer,Tuscumbia,AL,4x6,,16.0,32.0,427.272727272727,,
"Georgia-Pacific Corp. (Mexia, AL)",979,central,Customer,Tuscumbia,AL,4x6,,20.0,40.0,420.0,,
"Georgia-Pacific Corp. (Mexia, AL)",979,central,TLR,Birmingham,AL,4x4,,8.0,10.66667,595.323387569297,,
"Georgia-Pacific Corp. (Pineland, TX)",972,west,Customer,Alvarado,TX,2x4,,6.0,4.0,160.0,,
"Georgia-Pacific Corp. (Pineland, TX)",972,west,Customer,Austin,TX,2x4,,10.0,20.00001,446.6666666666667,,
"Georgia-Pacific Corp. (Pineland, TX)",972,west,Customer,Austin,TX,2x4,,12.0,8.0,445.0,,
"Georgia-Pacific Corp. (Pineland, TX)",972,west,Customer,Bonham,TX,2x6,,16.0,16.0,225.0,,
"Georgia-Pacific Corp. (Pineland, TX)",972,west,Customer,Bonham,TX,2x6,,6.0,6.0,295.0,,
"Georgia-Pacific Corp. (Pineland, TX)",972,west,Customer,Bonham,TX,2x6,,10.0,40.0,242.500006293403,,
"Georgia-Pacific Corp. (Pineland, TX)",972,west,Customer,Bonham,TX,2x8,,16.0,21.33333,270.010986775178,,
"Georgia-Pacific Corp. (Pineland, TX)",972,west,Customer,Brownsville,TX,2x4,,8.0,5.33333,240.0,,
"Georgia-Pacific Corp. (Pineland, TX)",972,west,Customer,Brownsville,TX,2x4,,12.0,8.0,342.737637362637,,
"Georgia-Pacific Corp. (Pineland, TX)",972,west,Customer,Bryan,TX,2x12,,8.0,80.0,276.701661035156,,
"Georgia-Pacific Corp. (Pineland, TX)",972,west,Customer,Bryan,TX,2x12,,16.0,128.0,292.287807861328,,
"Georgia-Pacific Corp. (Pineland, TX)",972,west,Customer,Bryan,TX,2x12,,10.0,80.0,278.23275,,
"Georgia-Pacific Corp. (Pineland, TX)",972,west,Customer,Bryan,TX,2x12,,12.0,48.0,271.889642578125,,
"Georgia-Pacific Corp. (Pineland, TX)",972,west,Customer,Bryan,TX,2x12,,14.0,112.0,291.53819691685277,,
"Georgia-Pacific Corp. (Pineland, TX)",972,west,Customer,Bryan,TX,2x4,,8.0,10.66666,297.079257437215,,
"Georgia-Pacific Corp. (Pineland, TX)",972,west,Customer,Bryan,TX,2x4,,16.0,138.66671,298.3049873204043,,
"Georgia-Pacific Corp. (Pineland, TX)",972,west,Customer,Bryan,TX,2x4,,10.0,60.000029999999995,293.64444264367046,,
"Georgia-Pacific Corp. (Pineland, TX)",972,west,Customer,Bryan,TX,2x4,,12.0,16.0,277.5,,
"Georgia-Pacific Corp. (Pineland, TX)",972,west,Customer,Bryan,TX,2x4,,14.0,102.66663,296.6770550741032,,
"Georgia-Pacific Corp. (Pineland, TX)",972,west,Customer,Bryan,TX,2x6,,16.0,240.0,252.67960898289547,,
"Georgia-Pacific Corp. (Pineland, TX)",972,west,Customer,Bryan,TX,2x6,,6.0,12.0,141.740451388889,,
"Georgia-Pacific Corp. (Pineland, TX)",972,west,Customer,Bryan,TX,2x6,,10.0,20.0,359.871527777778,,
"Georgia-Pacific Corp. (Pineland, TX)",972,west,Customer,Bryan,TX,2x6,,12.0,12.0,255.0,,
"Georgia-Pacific Corp. (Pineland, TX)",972,west,Customer,Bryan,TX,2x6,,14.0,196.0,283.80157397499266,,
"Georgia-Pacific Corp. (Pineland, TX)",972,west,Customer,Bryan,TX,2x8,,8.0,245.33341,264.28661683091593,,
"Georgia-Pacific Corp. (Pineland, TX)",972,west,Customer,Bryan,TX,2x8,,16.0,298.66662,270.0710533627401,,
"Georgia-Pacific Corp. (Pineland, TX)",972,west,Customer,Bryan,TX,2x8,,10.0,186.66662,263.1746844956844,,
"Georgia-Pacific Corp. (Pineland, TX)",972,west,Customer,Bryan,TX,2x8,,12.0,240.0,266.5578379991319,,
"Georgia-Pacific Corp. (Pineland, TX)",972,west,Customer,Bryan,TX,2x8,,14.0,149.33336,278.8016086425781,,
"Georgia-Pacific Corp. (Pineland, TX)",972,west,Customer,Cherry Valley,IL,2x4,,20.0,13.33333,497.015104771826,,
"Georgia-Pacific Corp. (Pineland, TX)",972,west,Customer,Conroe,TX,2x4,,16.0,21.33334,390.00009608686753,,
"Georgia-Pacific Corp. (Pineland, TX)",972,west,Customer,Conroe,TX,2x6,,8.0,24.0,177.99998952672135,,
"Georgia-Pacific Corp. (Pineland, TX)",972,west,Customer,Conroe,TX,2x8,,16.0,21.33333,260.127015144113,,
"Georgia-Pacific Corp. (Pineland, TX)",972,west,Customer,Conroe,TX,2x8,,10.0,13.33333,245.021269207396,,
"Georgia-Pacific Corp. (Pineland, TX)",972,west,Customer,Conroe,TX,2x8,,12.0,16.0,255.000017361111,,
"Georgia-Pacific Corp. (Pineland, TX)",972,west,Customer,Conroe,TX,2x8,,14.0,18.66667,260.0,,
"Georgia-Pacific Corp. (Pineland, TX)",972,west,Customer,Corsicana,TX,2x6,,16.0,64.0,217.60416819254576,,
"Georgia-Pacific Corp. (Pineland, TX)",972,west,Customer,Corsicana,TX,2x6,,6.0,6.0,250.666655815972,,
"Georgia-Pacific Corp. (Pineland, TX)",972,west,Customer,Crowley,TX,2x4,,14.0,9.33333,195.0,,
"Georgia-Pacific Corp. (Pineland, TX)",972,west,Customer,Dallas,TX,2x4,,8.0,79.99995,273.68121478679365,,
"Georgia-Pacific Corp. (Pineland, TX)",972,west,Customer,Dallas,TX,2x4,,10.0,26.66668,277.7206974207983,,
"Georgia-Pacific Corp. (Pineland, TX)",972,west,Customer,Dallas,TX,2x4,,12.0,8.0,220.0,,
"Georgia-Pacific Corp. (Pineland, TX)",972,west,Customer,Dallas,TX,2x6,,8.0,56.0,243.13665020865685,,
"Georgia-Pacific Corp. (Pineland, TX)",972,west,Customer,Dallas,TX,2x6,,16.0,64.0,229.37499654134126,,
"Georgia-Pacific Corp. (Pineland, TX)",972,west,Customer,Dallas,TX,2x6,,10.0,70.0,229.52381312003988,,
"Georgia-Pacific Corp. (Pineland, TX)",972,west,Customer,Dallas,TX,2x6,,12.0,12.0,190.000012586806,,
"Georgia-Pacific Corp. (Pineland, TX)",972,west,Customer,Dallas,TX,2x6,,14.0,28.0,277.5,,
"Georgia-Pacific Corp. (Pineland, TX)",972,west,Customer,Dallas,TX,2x8,,10.0,13.33333,244.958763781578,,
"Georgia-Pacific Corp. (Pineland, TX)",972,west,Customer,Dallas,TX,2x8,,12.0,16.0,317.282944878472,,
"Georgia-Pacific Corp. (Pineland, TX)",972,west,Customer,Del Rio,TX,2x4,,16.0,10.66667,345.0,,
"Georgia-Pacific Corp. (Pineland, TX)",972,west,Customer,Denison,TX,2x8,,20.0,53.33334,353.3333550347225,,
"Georgia-Pacific Corp. (Pineland, TX)",972,west,Customer,Durant,OK,2x4,,12.0,8.0,270.0,,
"Georgia-Pacific Corp. (Pineland, TX)",972,west,Customer,Edinburg,TX,2x4,,8.0,5.33333,270.0,,
"Georgia-Pacific Corp. (Pineland, TX)",972,west,Customer,Edinburg,TX,2x4,,10.0,6.66667,344.71734775641,,
"Georgia-Pacific Corp. (Pineland, TX)",972,west,Customer,Edinburg,TX,2x4,,12.0,8.0,317.208653846154,,
"Georgia-Pacific Corp. (Pineland, TX)",972,west,Customer,Edinburg,TX,2x4,,14.0,9.33333,195.0,,
"Georgia-Pacific Corp. (Pineland, TX)",972,west,Customer,Edinburg,TX,2x6,,8.0,8.0,165.0,,
"Georgia-Pacific Corp. (Pineland, TX)",972,west,Customer,Ennis,TX,2x4,,8.0,5.33333,195.007642862742,,
"Georgia-Pacific Corp. (Pineland, TX)",972,west,Customer,Ennis,TX,2x4,,,5.33334,305.0,,
"Georgia-Pacific Corp. (Pineland, TX)",972,west,Customer,Ennis,TX,2x4,,6.0,4.0,260.000013521635,,
"Georgia-Pacific Corp. (Pineland, TX)",972,west,Customer,Ennis,TX,2x4,,10.0,33.333349999999996,262.5553495306996,,
"Georgia-Pacific Corp. (Pineland, TX)",972,west,Customer,Ennis,TX,2x6,,10.0,20.0,220.83333333333348,,
"Georgia-Pacific Corp. (Pineland, TX)",972,west,Customer,Fort Worth,TX,2x4,,12.0,8.0,264.99998838141,,
"Georgia-Pacific Corp. (Pineland, TX)",972,west,Customer,Fremont,NE,2x4,,12.0,8.0,430.794871794872,,
"Georgia-Pacific Corp. (Pineland, TX)",972,west,Customer,Ft Worth,TX,2x4,,8.0,5.33333,270.0,,
"Georgia-Pacific Corp. (Pineland, TX)",972,west,Customer,Ft Worth,TX,2x4,,16.0,10.66667,204.9995902479,,
"Georgia-Pacific Corp. (Pineland, TX)",972,west,Customer,Ft Worth,TX,2x4,,10.0,53.33336,315.8323116987177,,
"Georgia-Pacific Corp. (Pineland, TX)",972,west,Customer,Ft Worth,TX,2x6,,8.0,8.0,245.0,,
"Georgia-Pacific Corp. (Pineland, TX)",972,west,Customer,Ft Worth,TX,2x6,,16.0,16.0,245.0,,
"Georgia-Pacific Corp. (Pineland, TX)",972,west,Customer,Ft Worth,TX,2x6,,10.0,100.0,245.6666653339461,,
"Georgia-Pacific Corp. (Pineland, TX)",972,west,Customer,Ft Worth,TX,2x6,,14.0,14.0,245.0,,
"Georgia-Pacific Corp. (Pineland, TX)",972,west,Customer,Hamilton,MT,2x6,,10.0,10.0,220.0,,
"Georgia-Pacific Corp. (Pineland, TX)",972,west,Customer,Hearne,TX,2x4,,10.0,6.66667,280.0,,
"Georgia-Pacific Corp. (Pineland, TX)",972,west,Customer,Henderson,TX,2x4,,8.0,26.66665,296.7999933620158,,
"Georgia-Pacific Corp. (Pineland, TX)",972,west,Customer,Henderson,TX,2x4,,10.0,86.66671,285.0076976850197,,
"Georgia-Pacific Corp. (Pineland, TX)",972,west,Customer,Henderson,TX,2x4,,14.0,27.99999,364.99964338075,,
"Georgia-Pacific Corp. (Pineland, TX)",972,west,Customer,Hidalgo,TX,2x6,,8.0,16.0,288.586956521739,,
"Georgia-Pacific Corp. (Pineland, TX)",972,west,Customer,Hidalgo,TX,2x8,,8.0,10.66667,268.333333333333,,
"Georgia-Pacific Corp. (Pineland, TX)",972,west,Customer,Houston,TX,2x4,,8.0,10.66666,280.546750242396,,
"Georgia-Pacific Corp. (Pineland, TX)",972,west,Customer,Houston,TX,2x4,,16.0,85.33336,339.705979794065,,
"Georgia-Pacific Corp. (Pineland, TX)",972,west,Customer,Houston,TX,2x4,,10.0,6.66667,195.0,,
"Georgia-Pacific Corp. (Pineland, TX)",972,west,Customer,Houston,TX,2x4,,12.0,88.0,237.07998154189565,,
"Georgia-Pacific Corp. (Pineland, TX)",972,west,Customer,Houston,TX,2x4,,14.0,83.99997,390.8933815219291,,
"Georgia-Pacific Corp. (Pineland, TX)",972,west,Customer,Houston,TX,2x6,,8.0,24.0,292.995174318765,,
"Georgia-Pacific Corp. (Pineland, TX)",972,west,Customer,Houston,TX,2x6,,16.0,64.0,250.74999703543526,,
"Georgia-Pacific Corp. (Pineland, TX)",972,west,Customer,Houston,TX,2x6,,,4.0,125.0,,
"Georgia-Pacific Corp. (Pineland, TX)",972,west,Customer,Houston,TX,2x6,,6.0,12.0,140.30554861111102,,
"Georgia-Pacific Corp. (Pineland, TX)",972,west,Customer,Houston,TX,2x6,,10.0,40.0,207.5000031467015,,
"Georgia-Pacific Corp. (Pineland, TX)",972,west,Customer,Houston,TX,2x6,,12.0,108.0,220.0000063657409,,
"Georgia-Pacific Corp. (Pineland, TX)",972,west,Customer,Houston,TX,2x6,,14.0,28.0,249.5,,
"Georgia-Pacific Corp. (Pineland, TX)",972,west,Customer,Hutchins,TX,2x4,,10.0,6.66667,200.0,,
"Georgia-Pacific Corp. (Pineland, TX)",972,west,Customer,Hutto,TX,2x4,,10.0,20.00001,390.0,,
"Georgia-Pacific Corp. (Pineland, TX)",972,west,Customer,Irving,TX,2x4,,8.0,10.66666,321.523399808762,,
"Georgia-Pacific Corp. (Pineland, TX)",972,west,Customer,Irving,TX,2x4,,10.0,40.00002,251.29500148076966,,
"Georgia-Pacific Corp. (Pineland, TX)",972,west,Customer,Irving,TX,2x4,,12.0,16.0,291.64147815075546,,
"Georgia-Pacific Corp. (Pineland, TX)",972,west,Customer,Irving,TX,2x6,,10.0,30.0,217.68518663194433,,
"Georgia-Pacific Corp. (Pineland, TX)",972,west,Customer,Irving,TX,2x6,,12.0,24.0,210.0000032552085,,
"Georgia-Pacific Corp. (Pineland, TX)",972,west,Customer,Jacksonville,TX,2x6,,8.0,32.0,247.83333571282,,
"Georgia-Pacific Corp. (Pineland, TX)",972,west,Customer,Jacksonville,TX,2x6,,12.0,24.0,320.0,,
"Georgia-Pacific Corp. (Pineland, TX)",972,west,Customer,Jacksonville,TX,2x8,,8.0,21.33334,274.81195427389696,,
"Georgia-Pacific Corp. (Pineland, TX)",972,west,Customer,Jacksonville,TX,2x8,,10.0,26.66666,284.1061486234415,,
"Georgia-Pacific Corp. (Pineland, TX)",972,west,Customer,Jacksonville,TX,2x8,,12.0,32.0,302.5,,
"Georgia-Pacific Corp. (Pineland, TX)",972,west,Customer,Jacksonville,TX,2x8,,14.0,37.33334,312.5,,
"Georgia-Pacific Corp. (Pineland, TX)",972,west,Customer,Kansas City,KS,2x6,,10.0,10.0,213.333333333333,,
"Georgia-Pacific Corp. (Pineland, TX)",972,west,Customer,Katy,TX,2x4,,14.0,18.66666,305.0,,
"Georgia-Pacific Corp. (Pineland, TX)",972,west,Customer,Katy,TX,2x6,,16.0,16.0,230.0,,
"Georgia-Pacific Corp. (Pineland, TX)",972,west,Customer,Katy,TX,2x6,,14.0,14.0,230.0,,
"Georgia-Pacific Corp. (Pineland, TX)",972,west,Customer,Kennard,TX,2x4,,16.0,21.33334,267.5,,
"Georgia-Pacific Corp. (Pineland, TX)",972,west,Customer,Kennard,TX,2x4,,14.0,18.66666,245.02489911565198,,
"Georgia-Pacific Corp. (Pineland, TX)",972,west,Customer,Kennard,TX,2x6,,16.0,32.0,279.5,,
"Georgia-Pacific Corp. (Pineland, TX)",972,west,Customer,Kilgore,TX,2x4,,16.0,10.66667,474.551956566277,,
"Georgia-Pacific Corp. (Pineland, TX)",972,west,Customer,Kilgore,TX,2x6,,16.0,16.0,320.0,,
"Georgia-Pacific Corp. (Pineland, TX)",972,west,Customer,La Porte,TX,2x4,,16.0,21.33334,275.0,,
"Georgia-Pacific Corp. (Pineland, TX)",972,west,Customer,La Porte,TX,2x6,,16.0,16.0,240.0,,
"Georgia-Pacific Corp. (Pineland, TX)",972,west,Customer,La Porte,TX,2x6,,14.0,28.0,207.5,,
"Georgia-Pacific Corp. (Pineland, TX)",972,west,Customer,Lott,TX,2x4,,16.0,42.66668,403.120982008714,,
"Georgia-Pacific Corp. (Pineland, TX)",972,west,Customer,Memphis,TN,2x4,,10.0,6.66667,244.448106971154,,
"Georgia-Pacific Corp. (Pineland, TX)",972,west,Customer,Midland,TX,2x4,,16.0,10.66667,515.902479000205,,
"Georgia-Pacific Corp. (Pineland, TX)",972,west,Customer,Mount Pleasant,TX,2x4,,10.0,6.66667,285.886395452424,,
"Georgia-Pacific Corp. (Pineland, TX)",972,west,Customer,Mt Pleasant,TX,2x4,,10.0,6.66667,355.0,,
"Georgia-Pacific Corp. (Pineland, TX)",972,west,Customer,Olive Branch,MS,2x6,,12.0,24.0,252.7413194444445,,
"Georgia-Pacific Corp. (Pineland, TX)",972,west,Customer,Pasadena,TX,2x6,,16.0,96.0,369.72236059323717,,
"Georgia-Pacific Corp. (Pineland, TX)",972,west,Customer,Pasadena,TX,2x6,,12.0,12.0,330.0,,
"Georgia-Pacific Corp. (Pineland, TX)",972,west,Customer,Pasadena,TX,2x6,,14.0,70.0,309.00018601190476,,
"Georgia-Pacific Corp. (Pineland, TX)",972,west,Customer,Pharr,TX,2x4,,8.0,10.66666,336.699851062162,,
"Georgia-Pacific Corp. (Pineland, TX)",972,west,Customer,Pharr,TX,2x4,,10.0,20.00001,335.0,,
"Georgia-Pacific Corp. (Pineland, TX)",972,west,Customer,Plantersville,TX,2x6,,20.0,20.0,428.263888888889,,
"Georgia-Pacific Corp. (Pineland, TX)",972,west,Customer,Poplar Bluff,MO,2x6,,16.0,32.0,245.8258463541665,,
"Georgia-Pacific Corp. (Pineland, TX)",972,west,Customer,Port Neches,TX,2x4,,8.0,5.33333,263.046758642314,,
"Georgia-Pacific Corp. (Pineland, TX)",972,west,Customer,Port Neches,TX,2x6,,8.0,72.0,232.99033806989758,,
"Georgia-Pacific Corp. (Pineland, TX)",972,west,Customer,Port Neches,TX,2x6,,16.0,32.0,316.2499920654295,,
"Georgia-Pacific Corp. (Pineland, TX)",972,west,Customer,Port Neches,TX,2x6,,12.0,132.0,221.66477616003797,,
"Georgia-Pacific Corp. (Pineland, TX)",972,west,Customer,Port Neches,TX,2x6,,14.0,14.0,470.0,,
"Georgia-Pacific Corp. (Pineland, TX)",972,west,Customer,Prosper,TX,2x4,,12.0,8.0,264.99998838141,,
"Georgia-Pacific Corp. (Pineland, TX)",972,west,Customer,Saginaw,TX,2x6,,10.0,30.0,243.33334461805535,,
"Georgia-Pacific Corp. (Pineland, TX)",972,west,Customer,San Antonio,TX,2x4,,8.0,5.33333,246.528180606726,,
"Georgia-Pacific Corp. (Pineland, TX)",972,west,Customer,San Antonio,TX,2x4,,16.0,10.66667,430.000028682647,,
"Georgia-Pacific Corp. (Pineland, TX)",972,west,Customer,San Antonio,TX,2x4,,10.0,6.66667,257.484375,,
"Georgia-Pacific Corp. (Pineland, TX)",972,west,Customer,San Antonio,TX,2x4,,12.0,8.0,257.484405048077,,
"Georgia-Pacific Corp. (Pineland, TX)",972,west,Customer,San Antonio,TX,2x4,,14.0,9.33333,257.550710973725,,
"Georgia-Pacific Corp. (Pineland, TX)",972,west,Customer,Seguin,TX,2x4,,10.0,20.00001,281.66666279380337,,
"Georgia-Pacific Corp. (Pineland, TX)",972,west,Customer,Silsbee,TX,2x12,,8.0,48.0,339.99984277343765,,
"Georgia-Pacific Corp. (Pineland, TX)",972,west,Customer,Silsbee,TX,2x12,,16.0,64.0,394.9996337890625,,
"Georgia-Pacific Corp. (Pineland, TX)",972,west,Customer,Silsbee,TX,2x12,,10.0,60.0,739.9994791666667,,
"Georgia-Pacific Corp. (Pineland, TX)",972,west,Customer,Silsbee,TX,2x12,,12.0,72.0,738.3326822916666,,
"Georgia-Pacific Corp. (Pineland, TX)",972,west,Customer,Silsbee,TX,2x12,,14.0,28.0,300.0,,
"Georgia-Pacific Corp. (Pineland, TX)",972,west,Customer,Silsbee,TX,2x6,,8.0,24.0,233.39646464646466,,
"Georgia-Pacific Corp. (Pineland, TX)",972,west,Customer,Silsbee,TX,2x6,,16.0,48.0,270.6133626302083,,
"Georgia-Pacific Corp. (Pineland, TX)",972,west,Customer,Silsbee,TX,2x6,,10.0,180.0,256.40692643229164,,
"Georgia-Pacific Corp. (Pineland, TX)",972,west,Customer,Silsbee,TX,2x6,,12.0,156.0,240.4801957131411,,
"Georgia-Pacific Corp. (Pineland, TX)",972,west,Customer,Silsbee,TX,2x6,,14.0,42.0,268.1349147922387,,
"Georgia-Pacific Corp. (Pineland, TX)",972,west,Customer,Silsbee,TX,2x8,,8.0,32.00001,249.999853515625,,
"Georgia-Pacific Corp. (Pineland, TX)",972,west,Customer,Silsbee,TX,2x8,,16.0,21.33333,480.117196581197,,
"Georgia-Pacific Corp. (Pineland, TX)",972,west,Customer,Silsbee,TX,2x8,,10.0,53.33332,275.480310142239,,
"Georgia-Pacific Corp. (Pineland, TX)",972,west,Customer,Silsbee,TX,2x8,,12.0,16.0,261.847842261905,,
"Georgia-Pacific Corp. (Pineland, TX)",972,west,Customer,Silsbee,TX,2x8,,18.0,240.0,314.0,,
"Georgia-Pacific Corp. (Pineland, TX)",972,west,Customer,Silsbee,TX,2x8,,20.0,106.66668,330.000016927083,,
"Georgia-Pacific Corp. (Pineland, TX)",972,west,Customer,Strafford,MO,2x4,,10.0,6.66667,486.995192307692,,
"Georgia-Pacific Corp. (Pineland, TX)",972,west,Customer,Wichita,KS,2x6,,16.0,48.0,266.90507620146803,,
"Georgia-Pacific Corp. (Pineland, TX)",972,west,Customer,,,2x4,,8.0,5.33333,204.9995902479,,
"Georgia-Pacific Corp. (Pineland, TX)",972,west,Customer,,,2x4,,16.0,10.66667,275.0,,
"Georgia-Pacific Corp. (Pineland, TX)",972,west,Customer,,,2x4,,6.0,4.0,160.0,,
"Georgia-Pacific Corp. (Pineland, TX)",972,west,Customer,,,2x4,,10.0,13.33334,239.999993848895,,
"Georgia-Pacific Corp. (Pineland, TX)",972,west,Customer,,,2x4,,12.0,8.0,205.0,,
"Georgia-Pacific Corp. (Pineland, TX)",972,west,Customer,,,2x4,,14.0,9.33333,195.0,,
"Georgia-Pacific Corp. (Pineland, TX)",972,west,Customer,,,2x6,,6.0,6.0,115.0,,
"Georgia-Pacific Corp. (Prosperity, SC)",984,east,Customer,Ghent,KY,4x4,,8.0,21.33334,470.0,,
"Georgia-Pacific Corp. (Prosperity, SC)",984,east,Customer,Moore,SC,4x4,,8.0,10.66667,350.446227350581,,
"Georgia-Pacific Corp. (Rome, GA)",976,east,Customer,Anniston,AL,2x6,,8.0,8.0,320.117527173913,,
"Georgia-Pacific Corp. (Rome, GA)",976,east,Customer,Atlanta,GA,2x4,,8.0,10.66666,270.08116020438854,,
"Georgia-Pacific Corp. (Rome, GA)",976,east,Customer,Atlanta,GA,2x4,,16.0,21.33334,270.0000060096155,,
"Georgia-Pacific Corp. (Rome, GA)",976,east,Customer,Atlanta,GA,2x4,,10.0,13.33334,270.0,,
"Georgia-Pacific Corp. (Rome, GA)",976,east,Customer,Atlanta,GA,2x4,,12.0,16.0,269.999985977564,,
"Georgia-Pacific Corp. (Rome, GA)",976,east,Customer,Atlanta,GA,2x4,,14.0,27.99999,300.03606322110767,,
"Georgia-Pacific Corp. (Rome, GA)",976,east,Customer,Carrollton,GA,2x4,,12.0,16.0,402.338141025641,,
"Georgia-Pacific Corp. (Rome, GA)",976,east,Customer,Chattanooga,TN,2x4,,8.0,5.33333,210.094679891794,,
"Georgia-Pacific Corp. (Rome, GA)",976,east,Customer,Chattanooga,TN,2x4,,16.0,10.66667,210.0,,
"Georgia-Pacific Corp. (Rome, GA)",976,east,Customer,Chattanooga,TN,2x4,,10.0,6.66667,209.999991105769,,
"Georgia-Pacific Corp. (Rome, GA)",976,east,Customer,Chattanooga,TN,2x4,,12.0,8.0,209.999981971154,,
"Georgia-Pacific Corp. (Rome, GA)",976,east,Customer,Chattanooga,TN,2x4,,14.0,9.33333,210.036063884596,,
"Georgia-Pacific Corp. (Rome, GA)",976,east,Customer,Douglas,GA,2x4,,8.0,5.33333,303.091051998798,,
"Georgia-Pacific Corp. (Rome, GA)",976,east,Customer,Douglas,GA,2x4,,16.0,10.66667,302.999977463942,,
"Georgia-Pacific Corp. (Rome, GA)",976,east,Customer,Douglas,GA,2x4,,10.0,6.66667,303.0,,
"Georgia-Pacific Corp. (Rome, GA)",976,east,Customer,Douglas,GA,2x4,,12.0,8.0,303.0,,
"Georgia-Pacific Corp. (Rome, GA)",976,east,Customer,Douglas,GA,2x4,,14.0,9.33333,303.052035033488,,
"Georgia-Pacific Corp. (Rome, GA)",976,east,Customer,Duluth,GA,2x6,,8.0,8.0,315.652189622962,,
"Georgia-Pacific Corp. (Rome, GA)",976,east,Customer,East Point,GA,2x4,,8.0,106.6666,262.4415613426238,,
"Georgia-Pacific Corp. (Rome, GA)",976,east,Customer,East Point,GA,2x4,,16.0,181.33339,264.7059133045112,,
"Georgia-Pacific Corp. (Rome, GA)",976,east,Customer,East Point,GA,2x4,,10.0,126.66673,272.65070398692103,,
"Georgia-Pacific Corp. (Rome, GA)",976,east,Customer,East Point,GA,2x4,,12.0,160.0,270.4999787409856,,
"Georgia-Pacific Corp. (Rome, GA)",976,east,Customer,East Point,GA,2x4,,14.0,167.99994,267.81138232632424,,
"Georgia-Pacific Corp. (Rome, GA)",976,east,Customer,East Point,GA,2x6,,8.0,32.0,283.749991455078,,
"Georgia-Pacific Corp. (Rome, GA)",976,east,Customer,East Point,GA,2x6,,10.0,30.0,298.3333333333333,,
"Georgia-Pacific Corp. (Rome, GA)",976,east,Customer,East Point,GA,2x6,,12.0,36.0,298.3333333333333,,
"Georgia-Pacific Corp. (Rome, GA)",976,east,Customer,East Point,GA,2x6,,14.0,42.0,298.333347284226,,
"Georgia-Pacific Corp. (Rome, GA)",976,east,Customer,Fort Payne,AL,2x4,,8.0,5.33333,230.00001352265,,
"Georgia-Pacific Corp. (Rome, GA)",976,east,Customer,Fort Payne,AL,2x4,,10.0,6.66667,230.041471330689,,
"Georgia-Pacific Corp. (Rome, GA)",976,east,Customer,Fort Payne,AL,2x4,,12.0,8.0,230.0,,
"Georgia-Pacific Corp. (Rome, GA)",976,east,Customer,Fort Payne,AL,2x4,,14.0,18.66666,270.0057157442455,,
"Georgia-Pacific Corp. (Rome, GA)",976,east,Customer,Grabill,IN,2x4,,8.0,10.66666,200.060114217012,,
"Georgia-Pacific Corp. (Rome, GA)",976,east,Customer,Grabill,IN,2x4,,16.0,21.33334,200.0,,
"Georgia-Pacific Corp. (Rome, GA)",976,east,Customer,Grabill,IN,2x4,,10.0,13.33334,200.0,,
"Georgia-Pacific Corp. (Rome, GA)",976,east,Customer,Grabill,IN,2x4,,12.0,16.0,200.000010016026,,
"Georgia-Pacific Corp. (Rome, GA)",976,east,Customer,Grabill,IN,2x4,,14.0,27.99999,200.02289770450534,,
"Georgia-Pacific Corp. (Rome, GA)",976,east,Customer,Jackson,TN,2x4,,16.0,10.66667,329.999987297685,,
"Georgia-Pacific Corp. (Rome, GA)",976,east,Customer,LaGrange,GA,2x4,,14.0,9.33333,210.0,,
"Georgia-Pacific Corp. (Rome, GA)",976,east,Customer,Nashville,TN,2x4,,8.0,10.66666,300.108205590622,,
"Georgia-Pacific Corp. (Rome, GA)",976,east,Customer,Nashville,TN,2x4,,16.0,21.33334,360.0,,
"Georgia-Pacific Corp. (Rome, GA)",976,east,Customer,Nashville,TN,2x4,,10.0,13.33334,360.0,,
"Georgia-Pacific Corp. (Rome, GA)",976,east,Customer,Nashville,TN,2x4,,12.0,16.0,360.0,,
"Georgia-Pacific Corp. (Rome, GA)",976,east,Customer,Nashville,TN,2x4,,14.0,18.66666,360.061823802164,,
"Georgia-Pacific Corp. (Rome, GA)",976,east,Customer,Northport,AL,2x4,,8.0,5.33333,226.768860835588,,
"Georgia-Pacific Corp. (Rome, GA)",976,east,Customer,Northport,AL,2x4,,16.0,10.66667,340.0,,
"Georgia-Pacific Corp. (Rome, GA)",976,east,Customer,Northport,AL,2x4,,10.0,6.66667,340.000016826923,,
"Georgia-Pacific Corp. (Rome, GA)",976,east,Customer,Northport,AL,2x4,,12.0,8.0,340.0,,
"Georgia-Pacific Corp. (Rome, GA)",976,east,Customer,Northport,AL,2x4,,14.0,9.33333,340.058389146488,,
"Georgia-Pacific Corp. (Rome, GA)",976,east,Customer,Salisbury,NC,2x4,,8.0,5.33333,330.0,,
"Georgia-Pacific Corp. (Rome, GA)",976,east,Customer,Salisbury,NC,2x4,,20.0,13.33333,415.049903834595,,
"Georgia-Pacific Corp. (Rome, GA)",976,east,Customer,Savannah,GA,2x4,,8.0,5.33333,310.093198076345,,
"Georgia-Pacific Corp. (Rome, GA)",976,east,Customer,Savannah,GA,2x4,,16.0,10.66667,310.000021033654,,
"Georgia-Pacific Corp. (Rome, GA)",976,east,Customer,Savannah,GA,2x4,,10.0,6.66667,310.055883519654,,
"Georgia-Pacific Corp. (Rome, GA)",976,east,Customer,Savannah,GA,2x4,,12.0,8.0,310.0,,
"Georgia-Pacific Corp. (Rome, GA)",976,east,Customer,Savannah,GA,2x4,,14.0,9.33333,310.079855744462,,
"Georgia-Pacific Corp. (Rome, GA)",976,east,Customer,Selmer,TN,2x4,,8.0,5.33333,305.0,,
"Georgia-Pacific Corp. (Rome, GA)",976,east,Customer,Selmer,TN,2x4,,16.0,10.66667,304.999978966346,,
"Georgia-Pacific Corp. (Rome, GA)",976,east,Customer,Selmer,TN,2x4,,10.0,13.33334,290.000012019231,,
"Georgia-Pacific Corp. (Rome, GA)",976,east,Customer,Selmer,TN,2x4,,12.0,8.0,305.0,,
"Georgia-Pacific Corp. (Rome, GA)",976,east,Customer,Selmer,TN,2x4,,14.0,9.33333,305.052378499055,,
"Georgia-Pacific Corp. (Rome, GA)",976,east,Customer,Tipp City,OH,2x4,,8.0,10.66666,139.19822663059816,,
"Georgia-Pacific Corp. (Rome, GA)",976,east,Customer,Tipp City,OH,2x4,,16.0,21.33334,207.5,,
"Georgia-Pacific Corp. (Rome, GA)",976,east,Customer,Tipp City,OH,2x4,,10.0,13.33334,207.4999955528845,,
"Georgia-Pacific Corp. (Rome, GA)",976,east,Customer,Tipp City,OH,2x4,,12.0,16.0,207.499990985577,,
"Georgia-Pacific Corp. (Rome, GA)",976,east,Customer,Tipp City,OH,2x4,,14.0,18.66666,207.5356345526365,,
"Georgia-Pacific Corp. (Rome, GA)",976,east,Customer,Tuscumbia,AL,2x4,,8.0,10.66666,370.0906593971675,,
"Georgia-Pacific Corp. (Rome, GA)",976,east,Customer,Tuscumbia,AL,2x4,,16.0,10.66667,370.0,,
"Georgia-Pacific Corp. (Rome, GA)",976,east,Customer,Tuscumbia,AL,2x4,,10.0,6.66667,370.0,,
"Georgia-Pacific Corp. (Rome, GA)",976,east,Customer,Tuscumbia,AL,2x4,,12.0,8.0,370.0,,
"Georgia-Pacific Corp. (Rome, GA)",976,east,Customer,Tuscumbia,AL,2x4,,14.0,9.33333,370.063541130002,,
"Georgia-Pacific Corp. (Rome, GA)",976,east,Customer,Willacoochee,GA,2x4,,16.0,32.00001,358.3334699173667,,
"Georgia-Pacific Corp. (Rome, GA)",976,east,TLR,Birmingham,AL,2x4,,8.0,10.66666,314.999969951923,,
"Georgia-Pacific Corp. (Rome, GA)",976,east,TLR,Birmingham,AL,2x4,,16.0,64.00002,335.264034858247,,
"Georgia-Pacific Corp. (Rome, GA)",976,east,TLR,Birmingham,AL,2x4,,10.0,20.00001,339.91933760683764,,
"Georgia-Pacific Corp. (Rome, GA)",976,east,TLR,Birmingham,AL,2x4,,12.0,32.0,329.6818259214742,,
"Georgia-Pacific Corp. (Rome, GA)",976,east,TLR,Birmingham,AL,2x4,,14.0,55.99998,342.5966792171882,,
"Georgia-Pacific Corp. (Rome, GA)",976,east,TLR,Birmingham,AL,2x6,,8.0,32.0,298.88303407118053,,
"Georgia-Pacific Corp. (Rome, GA)",976,east,TLR,Birmingham,AL,2x6,,10.0,30.0,290.17723567708333,,
"Georgia-Pacific Corp. (Rome, GA)",976,east,TLR,Birmingham,AL,2x6,,12.0,36.0,290.17691731770833,,
"Georgia-Pacific Corp. (Rome, GA)",976,east,TLR,Birmingham,AL,2x6,,14.0,42.0,290.177292906746,,
"Georgia-Pacific Corp. (Taylorsville, MS)",975,central,Customer,Atlanta,GA,4x4,,8.0,10.66667,425.0,,
"Georgia-Pacific Corp. (Taylorsville, MS)",975,central,Customer,Baton Rouge,LA,4x4,,8.0,64.0,972.500040147572,,
"Georgia-Pacific Corp. (Taylorsville, MS)",975,central,Customer,Bryan,TX,4x4,,8.0,10.66667,464.992741746664,,
"Georgia-Pacific Corp. (Taylorsville, MS)",975,central,Customer,Dallas,TX,4x4,,8.0,21.33334,355.4468309070545,,
"Georgia-Pacific Corp. (Taylorsville, MS)",975,central,Customer,DuQuoin,IL,4x4,,8.0,10.66667,371.142408916362,,
"Georgia-Pacific Corp. (Taylorsville, MS)",975,central,Customer,Ft Worth,TX,4x4,,8.0,21.33334,320.0,,
"Georgia-Pacific Corp. (Taylorsville, MS)",975,central,Customer,Fulton,MS,4x4,,8.0,10.66667,552.389423076923,,
"Georgia-Pacific Corp. (Taylorsville, MS)",975,central,Customer,Halls,TN,2x4,,8.0,32.0,293.142839285714,,
"Georgia-Pacific Corp. (Taylorsville, MS)",975,central,Customer,Halls,TN,8x4,,8.0,128.0,263.75,,
"Georgia-Pacific Corp. (Taylorsville, MS)",975,central,Customer,Hickman,KY,4x4,,8.0,10.66667,320.0,,
"Georgia-Pacific Corp. (Taylorsville, MS)",975,central,Customer,Houston,TX,4x4,,8.0,10.66667,410.0,,
"Georgia-Pacific Corp. (Taylorsville, MS)",975,central,Customer,Iuka,MS,4x4,,8.0,21.33334,250.000005593139,,
"Georgia-Pacific Corp. (Taylorsville, MS)",975,central,Customer,Midlothian,TX,4x4,,8.0,10.66667,363.489361702128,,
"Georgia-Pacific Corp. (Taylorsville, MS)",975,central,Customer,Mt Pleasant,TX,4x4,,8.0,21.33334,200.000011186278,,
"Georgia-Pacific Corp. (Taylorsville, MS)",975,central,Customer,Saginaw,TX,4x4,,8.0,21.33334,335.00280977802754,,
"Georgia-Pacific Corp. (Taylorsville, MS)",975,central,Customer,Sarasota,FL,4x4,,8.0,21.33334,440.36094309648604,,
"Georgia-Pacific Corp. (Taylorsville, MS)",975,central,Customer,Scammon,KS,4x4,,8.0,10.66667,306.096304591265,,
"Georgia-Pacific Corp. (Taylorsville, MS)",975,central,Customer,Seguin,TX,4x4,,8.0,10.66667,310.0,,
"Georgia-Pacific Corp. (Taylorsville, MS)",975,central,Customer,,,4x4,,8.0,10.66667,305.874132138858,,
"Georgia-Pacific Corp. (Taylorsville, MS)",975,central,TLR,Birmingham,AL,4x4,,8.0,32.00001,392.31084943212335,,
"Georgia-Pacific Corp. (Warrenton, GA)",988,east,Customer,Acworth,GA,2x6,,16.0,16.0,343.75,,
"Georgia-Pacific Corp. (Warrenton, GA)",988,east,Customer,Cleveland,NC,2x4,,16.0,10.66667,320.0,,
"Georgia-Pacific Corp. (Warrenton, GA)",988,east,Customer,Cleveland,NC,2x4,,10.0,6.66667,300.0,,
"Georgia-Pacific Corp. (Warrenton, GA)",988,east,Customer,Cleveland,NC,2x4,,12.0,8.0,330.0,,
"Georgia-Pacific Corp. (Warrenton, GA)",988,east,Customer,Cleveland,NC,2x6,,16.0,16.0,279.999986979167,,
"Georgia-Pacific Corp. (Warrenton, GA)",988,east,Customer,Cleveland,NC,2x6,,10.0,10.0,290.0,,
"Georgia-Pacific Corp. (Warrenton, GA)",988,east,Customer,Cleveland,NC,2x6,,12.0,12.0,285.0,,
"Georgia-Pacific Corp. (Warrenton, GA)",988,east,Customer,Duluth,GA,2x6,,12.0,12.0,397.307291666667,,
"Georgia-Pacific Corp. (Warrenton, GA)",988,east,Customer,Medley,FL,2x4,,8.0,5.33333,350.0,,
"Georgia-Pacific Corp. (Warrenton, GA)",988,east,Customer,Medley,FL,2x4,,10.0,6.66667,350.0,,
"Georgia-Pacific Corp. (Warrenton, GA)",988,east,Customer,Medley,FL,2x4,,12.0,8.0,350.00001953125,,
"Georgia-Pacific Corp. (Warrenton, GA)",988,east,Customer,Ridgeway,VA,2x6,,8.0,136.0,338.7050804534465,,
"Georgia-Pacific Corp. (Warrenton, GA)",988,east,TLR,Birmingham,AL,2x4,,8.0,5.33333,264.99627669998,,
"Gloster Forest Products (Gloster, MS)",377410,central,Customer,Acworth,GA,2x4,,8.0,5.33333,248.110592091784,,
"Gloster Forest Products (Gloster, MS)",377410,central,Customer,Alvarado,TX,2x4,,8.0,5.33333,319.681089940586,,
"Gloster Forest Products (Gloster, MS)",377410,central,Customer,Amite,LA,4x4,,8.0,10.66667,300.102960655416,,
"Gloster Forest Products (Gloster, MS)",377410,central,Customer,Armorel,AR,2x4,,10.0,6.66667,300.076443388623,,
"Gloster Forest Products (Gloster, MS)",377410,central,Customer,Austin,TX,2x4,,8.0,5.33333,315.000901713255,,
"Gloster Forest Products (Gloster, MS)",377410,central,Customer,Austin,TX,2x4,,16.0,10.66667,315.000901442308,,
"Gloster Forest Products (Gloster, MS)",377410,central,Customer,Austin,TX,2x4,,10.0,6.66667,315.076923076923,,
"Gloster Forest Products (Gloster, MS)",377410,central,Customer,Austin,TX,2x4,,12.0,8.0,315.000801282051,,
"Gloster Forest Products (Gloster, MS)",377410,central,Customer,Austin,TX,2x4,,14.0,9.33333,315.054944186845,,
"Gloster Forest Products (Gloster, MS)",377410,central,Customer,Bryan,TX,2x10,,8.0,199.99995,240.00812700395306,,
"Gloster Forest Products (Gloster, MS)",377410,central,Customer,Bryan,TX,2x10,,16.0,186.66669,234.29546195567286,,
"Gloster Forest Products (Gloster, MS)",377410,central,Customer,Bryan,TX,2x10,,10.0,100.00002,232.4965633983545,,
"Gloster Forest Products (Gloster, MS)",377410,central,Customer,Bryan,TX,2x10,,12.0,260.0,236.53846153846155,,
"Gloster Forest Products (Gloster, MS)",377410,central,Customer,Bryan,TX,2x10,,14.0,116.66665,241.0021457746464,,
"Gloster Forest Products (Gloster, MS)",377410,central,Customer,Bryan,TX,2x10,,18.0,30.0,275.0,,
"Gloster Forest Products (Gloster, MS)",377410,central,Customer,Bryan,TX,2x10,,20.0,33.33333,274.964379452568,,
"Gloster Forest Products (Gloster, MS)",377410,central,Customer,Bryan,TX,2x12,,8.0,16.0,164.999988839286,,
"Gloster Forest Products (Gloster, MS)",377410,central,Customer,Bryan,TX,2x12,,10.0,20.0,165.0,,
"Gloster Forest Products (Gloster, MS)",377410,central,Customer,Bryan,TX,2x12,,12.0,24.0,165.0,,
"Gloster Forest Products (Gloster, MS)",377410,central,Customer,Bryan,TX,2x4,,8.0,95.99994000000001,330.7744661218272,,
"Gloster Forest Products (Gloster, MS)",377410,central,Customer,Bryan,TX,2x4,,16.0,149.33338,332.25404207702337,,
"Gloster Forest Products (Gloster, MS)",377410,central,Customer,Bryan,TX,2x4,,10.0,133.33339999999998,336.0863313496623,,
"Gloster Forest Products (Gloster, MS)",377410,central,Customer,Bryan,TX,2x4,,12.0,120.0,339.0988142933455,,
"Gloster Forest Products (Gloster, MS)",377410,central,Customer,Bryan,TX,2x4,,14.0,121.33329,337.04148570103615,,
"Gloster Forest Products (Gloster, MS)",377410,central,Customer,Bryan,TX,2x6,,8.0,64.0,259.37499739583336,,
"Gloster Forest Products (Gloster, MS)",377410,central,Customer,Bryan,TX,2x6,,16.0,144.0,278.3333333333333,,
"Gloster Forest Products (Gloster, MS)",377410,central,Customer,Bryan,TX,2x6,,10.0,90.0,271.1111111111111,,
"Gloster Forest Products (Gloster, MS)",377410,central,Customer,Bryan,TX,2x6,,12.0,96.0,275.624994249132,,
"Gloster Forest Products (Gloster, MS)",377410,central,Customer,Bryan,TX,2x6,,14.0,84.0,261.6666691468253,,
"Gloster Forest Products (Gloster, MS)",377410,central,Customer,Bryan,TX,2x8,,10.0,13.33333,141.0550996483,,
"Gloster Forest Products (Gloster, MS)",377410,central,Customer,Bryan,TX,4x4,,8.0,74.66669,356.43096966478316,,
"Gloster Forest Products (Gloster, MS)",377410,central,Customer,Bryan,TX,4x4,,16.0,63.99999,398.338493238524,,
"Gloster Forest Products (Gloster, MS)",377410,central,Customer,Bryan,TX,4x4,,10.0,146.66663,390.0089525247466,,
"Gloster Forest Products (Gloster, MS)",377410,central,Customer,Bryan,TX,4x4,,12.0,160.0,380.0000022633617,,
"Gloster Forest Products (Gloster, MS)",377410,central,Customer,Bryan,TX,4x4,,14.0,56.00001,400.02285956513333,,
"Gloster Forest Products (Gloster, MS)",377410,central,Customer,Castor,LA,2x10,,8.0,13.33333,235.094418698098,,
"Gloster Forest Products (Gloster, MS)",377410,central,Customer,Castor,LA,2x10,,16.0,26.66667,235.002015939991,,
"Gloster Forest Products (Gloster, MS)",377410,central,Customer,Castor,LA,2x10,,12.0,20.0,235.0,,
"Gloster Forest Products (Gloster, MS)",377410,central,Customer,Crossville,TN,2x4,,8.0,5.33333,315.095281033965,,
"Gloster Forest Products (Gloster, MS)",377410,central,Customer,Crossville,TN,2x4,,16.0,10.66667,315.03592404778,,
"Gloster Forest Products (Gloster, MS)",377410,central,Customer,Crossville,TN,2x4,,10.0,6.66667,315.227705627706,,
"Gloster Forest Products (Gloster, MS)",377410,central,Customer,Crossville,TN,2x4,,12.0,8.0,315.000450721154,,
"Gloster Forest Products (Gloster, MS)",377410,central,Customer,Crossville,TN,2x4,,14.0,9.33333,315.000463678516,,
"Gloster Forest Products (Gloster, MS)",377410,central,Customer,Dallas,TX,2x4,,8.0,74.66662,259.2934766662837,,
"Gloster Forest Products (Gloster, MS)",377410,central,Customer,Dallas,TX,2x4,,16.0,10.66667,464.478499954927,,
"Gloster Forest Products (Gloster, MS)",377410,central,Customer,Dallas,TX,2x4,,10.0,20.00001,345.09439558067766,,
"Gloster Forest Products (Gloster, MS)",377410,central,Customer,Dallas,TX,2x6,,8.0,24.0,235.50724637681137,,
"Gloster Forest Products (Gloster, MS)",377410,central,Customer,Dallas,TX,4x4,,8.0,10.66667,335.14896066905,,
"Gloster Forest Products (Gloster, MS)",377410,central,Customer,Dallas,TX,4x4,,12.0,16.0,335.0,,
"Gloster Forest Products (Gloster, MS)",377410,central,Customer,Des Plaines,IL,4x4,,14.0,18.66667,464.721524318449,,
"Gloster Forest Products (Gloster, MS)",377410,central,Customer,Desoto,TX,2x10,,12.0,20.0,435.9375,,
"Gloster Forest Products (Gloster, MS)",377410,central,Customer,Edinburg,TX,2x4,,8.0,10.66666,352.762288044645,,
"Gloster Forest Products (Gloster, MS)",377410,central,Customer,Edinburg,TX,2x4,,10.0,6.66667,345.088024434735,,
"Gloster Forest Products (Gloster, MS)",377410,central,Customer,Flintville,TN,2x4,,8.0,5.33333,214.686744519566,,
"Gloster Forest Products (Gloster, MS)",377410,central,Customer,Fort Worth,TX,2x10,,16.0,106.66668,430.0591572552335,,
"Gloster Forest Products (Gloster, MS)",377410,central,Customer,Ft Worth,TX,2x4,,16.0,21.33334,320.057597584062,,
"Gloster Forest Products (Gloster, MS)",377410,central,Customer,Ft Worth,TX,2x4,,10.0,20.00001,321.748766243867,,
"Gloster Forest Products (Gloster, MS)",377410,central,Customer,Ft Worth,TX,2x6,,10.0,10.0,184.166666666667,,
"Gloster Forest Products (Gloster, MS)",377410,central,Customer,Grabill,IN,2x10,,8.0,13.33333,280.099959819635,,
"Gloster Forest Products (Gloster, MS)",377410,central,Customer,Groveton,TX,2x8,,8.0,10.66667,300.0,,
"Gloster Forest Products (Gloster, MS)",377410,central,Customer,Groveton,TX,2x8,,10.0,13.33333,300.023439331198,,
"Gloster Forest Products (Gloster, MS)",377410,central,Customer,Gunter,TX,2x4,,8.0,10.66666,304.921442369607,,
"Gloster Forest Products (Gloster, MS)",377410,central,Customer,Hearne,TX,2x4,,8.0,5.33333,248.110592091784,,
"Gloster Forest Products (Gloster, MS)",377410,central,Customer,Henderson,TX,2x4,,8.0,15.99999,254.16806181584067,,
"Gloster Forest Products (Gloster, MS)",377410,central,Customer,Henderson,TX,2x4,,10.0,66.66669999999999,357.0939214355405,,
"Gloster Forest Products (Gloster, MS)",377410,central,Customer,Henderson,TX,2x4,,12.0,16.0,328.3370535714285,,
"Gloster Forest Products (Gloster, MS)",377410,central,Customer,Hidalgo,TX,4x4,,12.0,16.0,400.0,,
"Gloster Forest Products (Gloster, MS)",377410,central,Customer,Houston,TX,2x12,,16.0,32.0,165.0,,
"Gloster Forest Products (Gloster, MS)",377410,central,Customer,Houston,TX,2x4,,8.0,117.33326,275.8563963339339,,
"Gloster Forest Products (Gloster, MS)",377410,central,Customer,Houston,TX,2x4,,16.0,21.33334,220.8270733342385,,
"Gloster Forest Products (Gloster, MS)",377410,central,Customer,Houston,TX,2x4,,10.0,53.33336,336.06920346554426,,
"Gloster Forest Products (Gloster, MS)",377410,central,Customer,Houston,TX,2x4,,12.0,56.0,292.14296703296714,,
"Gloster Forest Products (Gloster, MS)",377410,central,Customer,Houston,TX,2x4,,14.0,18.66666,265.046024386055,,
"Gloster Forest Products (Gloster, MS)",377410,central,Customer,Houston,TX,2x6,,8.0,8.0,136.95652173913,,
"Gloster Forest Products (Gloster, MS)",377410,central,Customer,Houston,TX,2x6,,16.0,16.0,159.999994229403,,
"Gloster Forest Products (Gloster, MS)",377410,central,Customer,Houston,TX,2x6,,10.0,10.0,160.000006893382,,
"Gloster Forest Products (Gloster, MS)",377410,central,Customer,Houston,TX,4x4,,10.0,13.33333,264.383900361738,,
"Gloster Forest Products (Gloster, MS)",377410,central,Customer,Irving,TX,2x4,,10.0,20.00001,285.8269582431877,,
"Gloster Forest Products (Gloster, MS)",377410,central,Customer,Irving,TX,2x4,,12.0,8.0,296.780563186813,,
"Gloster Forest Products (Gloster, MS)",377410,central,Customer,Irving,TX,2x6,,10.0,10.0,145.0,,
"Gloster Forest Products (Gloster, MS)",377410,central,Customer,Iuka,MS,4x4,,,2.66667,200.087980769231,,
"Gloster Forest Products (Gloster, MS)",377410,central,Customer,Iuka,MS,4x4,,6.0,8.0,300.0,,
"Gloster Forest Products (Gloster, MS)",377410,central,Customer,Jackson,TN,2x4,,16.0,21.33334,160.026019258349,,
"Gloster Forest Products (Gloster, MS)",377410,central,Customer,Jacksonville,TX,2x6,,8.0,8.0,300.0,,
"Gloster Forest Products (Gloster, MS)",377410,central,Customer,Jacksonville,TX,2x8,,10.0,13.33333,330.015148214532,,
"Gloster Forest Products (Gloster, MS)",377410,central,Customer,Kennard,TX,2x6,,16.0,16.0,230.0,,
"Gloster Forest Products (Gloster, MS)",377410,central,Customer,Knoxville,TN,2x4,,10.0,13.33334,357.59095151232304,,
"Gloster Forest Products (Gloster, MS)",377410,central,Customer,La Porte,TX,2x12,,16.0,32.0,165.0,,
"Gloster Forest Products (Gloster, MS)",377410,central,Customer,Lott,TX,2x4,,20.0,26.66666,521.797552510592,,
"Gloster Forest Products (Gloster, MS)",377410,central,Customer,Memphis,TN,2x4,,10.0,40.00002,329.250590364683,,
"Gloster Forest Products (Gloster, MS)",377410,central,Customer,Middleton,TN,2x4,,8.0,10.66666,1702.4614509551404,,
"Gloster Forest Products (Gloster, MS)",377410,central,Customer,Middleton,TN,2x6,,8.0,8.0,255.652173913043,,
"Gloster Forest Products (Gloster, MS)",377410,central,Customer,Middleton,TN,2x6,,10.0,10.0,174.722222222222,,
"Gloster Forest Products (Gloster, MS)",377410,central,Customer,Mt Pleasant,TX,2x4,,10.0,6.66667,300.076443388623,,
"Gloster Forest Products (Gloster, MS)",377410,central,Customer,Northport,AL,2x4,,10.0,6.66667,250.069288805059,,
"Gloster Forest Products (Gloster, MS)",377410,central,Customer,Northport,AL,2x4,,12.0,8.0,250.000382612179,,
"Gloster Forest Products (Gloster, MS)",377410,central,Customer,Northport,AL,2x6,,8.0,16.0,260.0,,
"Gloster Forest Products (Gloster, MS)",377410,central,Customer,Northport,AL,2x6,,16.0,32.0,260.0,,
"Gloster Forest Products (Gloster, MS)",377410,central,Customer,Northport,AL,2x6,,10.0,20.0,260.0,,
"Gloster Forest Products (Gloster, MS)",377410,central,Customer,Northport,AL,2x6,,12.0,24.0,260.0,,
"Gloster Forest Products (Gloster, MS)",377410,central,Customer,Northport,AL,2x6,,14.0,28.0,225.625,,
"Gloster Forest Products (Gloster, MS)",377410,central,Customer,Oklahoma City,OK,2x4,,8.0,5.33333,280.084172527803,,
"Gloster Forest Products (Gloster, MS)",377410,central,Customer,Oklahoma City,OK,2x4,,16.0,10.66667,280.000012019231,,
"Gloster Forest Products (Gloster, MS)",377410,central,Customer,Oklahoma City,OK,2x4,,10.0,6.66667,280.000024038462,,
"Gloster Forest Products (Gloster, MS)",377410,central,Customer,Oklahoma City,OK,2x4,,12.0,8.0,280.0,,
"Gloster Forest Products (Gloster, MS)",377410,central,Customer,Oklahoma City,OK,2x4,,14.0,9.33333,280.048085179461,,
"Gloster Forest Products (Gloster, MS)",377410,central,Customer,Oklahoma City,OK,4x4,,8.0,10.66667,395.00106456044,,
"Gloster Forest Products (Gloster, MS)",377410,central,Customer,Oklahoma City,OK,4x4,,16.0,21.33333,395.068730894728,,
"Gloster Forest Products (Gloster, MS)",377410,central,Customer,Oklahoma City,OK,4x4,,10.0,13.33333,395.000920032976,,
"Gloster Forest Products (Gloster, MS)",377410,central,Customer,Oklahoma City,OK,4x4,,12.0,16.0,395.000897149725,,
"Gloster Forest Products (Gloster, MS)",377410,central,Customer,Ottawa Lake,MI,2x4,,10.0,13.33334,340.08641242099,,
"Gloster Forest Products (Gloster, MS)",377410,central,Customer,Pharr,TX,2x4,,8.0,5.33333,344.911225584889,,
"Gloster Forest Products (Gloster, MS)",377410,central,Customer,Pharr,TX,2x4,,10.0,6.66667,345.088024434735,,
"Gloster Forest Products (Gloster, MS)",377410,central,Customer,Pollard,AR,2x4,,10.0,6.66667,345.088024434735,,
"Gloster Forest Products (Gloster, MS)",377410,central,Customer,Port Neches,TX,2x4,,8.0,10.66666,351.710833484055,,
"Gloster Forest Products (Gloster, MS)",377410,central,Customer,Port Neches,TX,2x6,,8.0,24.0,291.304346807065,,
"Gloster Forest Products (Gloster, MS)",377410,central,Customer,Port Neches,TX,2x6,,16.0,32.0,284.9999926757815,,
"Gloster Forest Products (Gloster, MS)",377410,central,Customer,Port Neches,TX,2x6,,10.0,10.0,189.999990364583,,
"Gloster Forest Products (Gloster, MS)",377410,central,Customer,Port Neches,TX,2x6,,12.0,12.0,285.000015190972,,
"Gloster Forest Products (Gloster, MS)",377410,central,Customer,Port Neches,TX,2x8,,8.0,10.66667,322.826103515625,,
"Gloster Forest Products (Gloster, MS)",377410,central,Customer,Ripley,TN,2x4,,16.0,10.66667,260.046696114667,,
"Gloster Forest Products (Gloster, MS)",377410,central,Customer,Ripley,TN,2x6,,8.0,8.0,156.666666666667,,
"Gloster Forest Products (Gloster, MS)",377410,central,Customer,Ripley,TN,2x6,,16.0,16.0,234.999990234375,,
"Gloster Forest Products (Gloster, MS)",377410,central,Customer,Ripley,TN,2x6,,10.0,10.0,235.000009635417,,
"Gloster Forest Products (Gloster, MS)",377410,central,Customer,Ripley,TN,2x6,,12.0,12.0,235.0,,
"Gloster Forest Products (Gloster, MS)",377410,central,Customer,Ripley,TN,2x6,,14.0,14.0,235.0,,
"Gloster Forest Products (Gloster, MS)",377410,central,Customer,Rock Island,IL,2x4,,10.0,6.66667,315.119416281339,,
"Gloster Forest Products (Gloster, MS)",377410,central,Customer,Saginaw,TX,2x4,,8.0,10.66666,351.7227057411335,,
"Gloster Forest Products (Gloster, MS)",377410,central,Customer,Saginaw,TX,4x4,,16.0,63.99999,343.29839850372133,,
"Gloster Forest Products (Gloster, MS)",377410,central,Customer,Saginaw,TX,4x4,,12.0,16.0,300.0,,
"Gloster Forest Products (Gloster, MS)",377410,central,Customer,Saginaw,TX,4x4,,14.0,18.66667,300.0,,
"Gloster Forest Products (Gloster, MS)",377410,central,Customer,San Antonio,TX,2x6,,16.0,16.0,159.999994229403,,
"Gloster Forest Products (Gloster, MS)",377410,central,Customer,Selmer,TN,2x6,,14.0,14.0,345.0,,
"Gloster Forest Products (Gloster, MS)",377410,central,Customer,Sherman,TX,2x4,,10.0,6.66667,260.066007720697,,
"Gloster Forest Products (Gloster, MS)",377410,central,Customer,Silsbee,TX,2x10,,8.0,66.66665,217.3699719778016,,
"Gloster Forest Products (Gloster, MS)",377410,central,Customer,Silsbee,TX,2x10,,16.0,80.00001,181.66147904277298,,
"Gloster Forest Products (Gloster, MS)",377410,central,Customer,Silsbee,TX,2x10,,10.0,50.00001,398.30033333333336,,
"Gloster Forest Products (Gloster, MS)",377410,central,Customer,Silsbee,TX,2x10,,12.0,60.0,213.33348958333332,,
"Gloster Forest Products (Gloster, MS)",377410,central,Customer,Silsbee,TX,2x10,,14.0,69.99999,198.38638897947467,,
"Gloster Forest Products (Gloster, MS)",377410,central,Customer,Silsbee,TX,2x12,,16.0,32.0,220.000012872869,,
"Gloster Forest Products (Gloster, MS)",377410,central,Customer,Silsbee,TX,2x4,,10.0,13.33334,175.055996266916,,
"Gloster Forest Products (Gloster, MS)",377410,central,Customer,Silsbee,TX,2x4,,12.0,16.0,154.999993990385,,
"Gloster Forest Products (Gloster, MS)",377410,central,Customer,Silsbee,TX,2x6,,8.0,24.0,138.47826086956533,,
"Gloster Forest Products (Gloster, MS)",377410,central,Customer,Silsbee,TX,2x6,,10.0,10.0,355.0,,
"Gloster Forest Products (Gloster, MS)",377410,central,Customer,Silsbee,TX,2x6,,12.0,24.0,155.0,,
"Gloster Forest Products (Gloster, MS)",377410,central,Customer,Silsbee,TX,4x4,,8.0,10.66667,350.048008241758,,
"Gloster Forest Products (Gloster, MS)",377410,central,Customer,Silsbee,TX,4x4,,10.0,13.33333,350.096029674406,,
"Gloster Forest Products (Gloster, MS)",377410,central,Customer,Simpsonville,SC,4x4,,16.0,21.33333,394.944506883956,,
"Gloster Forest Products (Gloster, MS)",377410,central,Customer,Skidmore,TX,2x4,,10.0,6.66667,360.091460569295,,
"Gloster Forest Products (Gloster, MS)",377410,central,Customer,Skidmore,TX,4x4,,8.0,10.66667,395.136446886447,,
"Gloster Forest Products (Gloster, MS)",377410,central,Customer,Skidmore,TX,4x4,,10.0,13.33333,394.911059493481,,
"Gloster Forest Products (Gloster, MS)",377410,central,Customer,Somerset,KY,2x6,,16.0,16.0,250.0,,
"Gloster Forest Products (Gloster, MS)",377410,central,Customer,Springfield,MO,2x4,,12.0,8.0,325.0,,
"Gloster Forest Products (Gloster, MS)",377410,central,Customer,Springfield,MO,2x4,,14.0,9.33333,324.971924100627,,
"Gloster Forest Products (Gloster, MS)",377410,central,Customer,Springfield,MO,4x4,,10.0,13.33333,399.926641633849,,
"Gloster Forest Products (Gloster, MS)",377410,central,Customer,Springfield,MO,4x4,,12.0,16.0,400.000024529042,,
"Gloster Forest Products (Gloster, MS)",377410,central,Customer,Toccoa,GA,4x4,,10.0,13.33333,424.897071657132,,
"Gloster Forest Products (Gloster, MS)",377410,central,Customer,Toledo,OH,2x4,,10.0,13.33334,340.08641242099,,
"Gloster Forest Products (Gloster, MS)",377410,central,Customer,Vinemont,AL,2x4,,10.0,13.33334,373.8307809782375,,
"Gloster Forest Products (Gloster, MS)",377410,central,Customer,Wellford,SC,4x4,,16.0,21.33333,395.000894727804,,
"Gloster Forest Products (Gloster, MS)",377410,central,Customer,Wellford,SC,4x4,,10.0,13.33333,395.000530365485,,
"Gloster Forest Products (Gloster, MS)",377410,central,Customer,Wellford,SC,4x4,,12.0,16.0,395.0,,
"Gloster Forest Products (Gloster, MS)",377410,central,Customer,West Monroe,LA,2x4,,8.0,5.33333,324.90736209487,,
"Gloster Forest Products (Gloster, MS)",377410,central,Customer,Wichita Falls,TX,2x6,,8.0,16.0,257.5,,
"Gloster Forest Products (Gloster, MS)",377410,central,Customer,Wichita Falls,TX,2x6,,16.0,32.0,257.5,,
"Gloster Forest Products (Gloster, MS)",377410,central,Customer,Wichita Falls,TX,2x6,,10.0,20.0,257.4999927734375,,
"Gloster Forest Products (Gloster, MS)",377410,central,Customer,Wichita Falls,TX,2x6,,12.0,24.0,257.5,,
"Gloster Forest Products (Gloster, MS)",377410,central,Customer,Wichita Falls,TX,2x6,,14.0,28.0,257.4999991629465,,
"Gloster Forest Products (Gloster, MS)",377410,central,Customer,Willacoochee,GA,2x4,,16.0,10.66667,186.39397664413,,
"Gloster Forest Products (Gloster, MS)",377410,central,Customer,,,2x10,,8.0,13.33333,240.085718112416,,
"Gloster Forest Products (Gloster, MS)",377410,central,Customer,,,2x4,,8.0,5.33333,205.062077246769,,
"Gloster Forest Products (Gloster, MS)",377410,central,Customer,,,2x4,,16.0,10.66667,205.000459735577,,
"Gloster Forest Products (Gloster, MS)",377410,central,Customer,,,2x4,,10.0,13.33334,241.263292747121,,
"Gloster Forest Products (Gloster, MS)",377410,central,Customer,,,2x4,,12.0,16.0,205.000200320513,,
"Gloster Forest Products (Gloster, MS)",377410,central,Customer,,,2x4,,14.0,9.33333,205.053245749614,,
"Gloster Forest Products (Gloster, MS)",377410,central,Customer,,,2x6,,8.0,8.0,132.391304347826,,
"Gloster Forest Products (Gloster, MS)",377410,central,Customer,,,2x6,,16.0,32.0,153.333327803178,,
"Gloster Forest Products (Gloster, MS)",377410,central,Customer,,,2x6,,10.0,10.0,165.277777777778,,
"Gloster Forest Products (Gloster, MS)",377410,central,TLR,Birmingham,AL,2x10,,8.0,79.99998,241.66832688776898,,
"Gloster Forest Products (Gloster, MS)",377410,central,TLR,Birmingham,AL,2x10,,16.0,106.66668,241.24938519887723,,
"Gloster Forest Products (Gloster, MS)",377410,central,TLR,Birmingham,AL,2x10,,10.0,33.33334,237.482189726284,,
"Gloster Forest Products (Gloster, MS)",377410,central,TLR,Birmingham,AL,2x10,,12.0,80.0,241.25,,
"Gloster Forest Products (Gloster, MS)",377410,central,TLR,Birmingham,AL,2x10,,14.0,46.66666,260.0113849450845,,
"Gloster Forest Products (Gloster, MS)",377410,central,TLR,Birmingham,AL,2x12,,16.0,32.0,165.000013760653,,
"Gloster Forest Products (Gloster, MS)",377410,central,TLR,Birmingham,AL,2x4,,8.0,31.99998,255.85046949969833,,
"Gloster Forest Products (Gloster, MS)",377410,central,TLR,Birmingham,AL,2x4,,16.0,53.333349999999996,249.99405087018522,,
"Gloster Forest Products (Gloster, MS)",377410,central,TLR,Birmingham,AL,2x4,,10.0,53.33336,292.50390282518725,,
"Gloster Forest Products (Gloster, MS)",377410,central,TLR,Birmingham,AL,2x4,,12.0,24.0,256.6666708733973,,
"Gloster Forest Products (Gloster, MS)",377410,central,TLR,Birmingham,AL,2x4,,14.0,27.99999,284.98832497472534,,
"Gloster Forest Products (Gloster, MS)",377410,central,TLR,Birmingham,AL,2x6,,8.0,112.0,226.0714333503643,,
"Gloster Forest Products (Gloster, MS)",377410,central,TLR,Birmingham,AL,2x6,,16.0,80.0,215.00000395951702,,
"Gloster Forest Products (Gloster, MS)",377410,central,TLR,Birmingham,AL,2x6,,10.0,70.0,253.57142857142858,,
"Gloster Forest Products (Gloster, MS)",377410,central,TLR,Birmingham,AL,2x6,,12.0,48.0,210.0,,
"Gloster Forest Products (Gloster, MS)",377410,central,TLR,Birmingham,AL,2x6,,14.0,56.0,197.5,,
"Gloster Forest Products (Gloster, MS)",377410,central,TLR,Birmingham,AL,4x4,,8.0,42.66668,398.07553933074973,,
"Gloster Forest Products (Gloster, MS)",377410,central,TLR,Birmingham,AL,4x4,,16.0,106.66665,398.4644958768526,,
"Gloster Forest Products (Gloster, MS)",377410,central,TLR,Birmingham,AL,4x4,,10.0,39.99999,430.7689408837277,,
"Gloster Forest Products (Gloster, MS)",377410,central,TLR,Birmingham,AL,4x4,,12.0,96.0,398.3333311870422,,
"Gloster Forest Products (Gloster, MS)",377410,central,TLR,Birmingham,AL,4x4,,14.0,37.33334,374.9948343605595,,
"Grayson Lumber Corporation (Grayson, AL)",1002,central,Customer,Memphis,TN,2x4,,9.0,6.0,330.0,,
"Great Southern Wood Preserving (Abbeville, AL)",373392,central,Customer,Auburn,KY,6x6,,10.0,30.0,330.0,,
"Great Southern Wood Preserving (Abbeville, AL)",373392,central,Customer,Dallas,TX,4x4,,,29.33337,298.5471734257109,,
"Great Southern Wood Preserving (Abbeville, AL)",373392,central,Customer,Flintville,TN,4x4,,,21.33336,324.0060473382733,,
"Great Southern Wood Preserving (Abbeville, AL)",373392,central,Customer,Houston,TX,4x4,,10.0,13.33333,451.767671870455,,
"Great Southern Wood Preserving (Abbeville, AL)",373392,central,Customer,Irving,TX,4x4,,,2.66667,300.042497295627,,
"Great Southern Wood Preserving (Abbeville, AL)",373392,central,Customer,Montgomery,AL,4x4,,10.0,13.33333,479.996497192603,,
"Great Southern Wood Preserving (Abbeville, AL)",373392,central,Customer,Prichard,AL,2x4,,8.0,5.33333,179.991384142594,,
"Great Southern Wood Preserving (Abbeville, AL)",373392,central,Customer,Scammon,KS,4x4,,8.0,10.66667,490.023540926184,,
"Great Southern Wood Preserving (Abbeville, AL)",373392,central,Customer,,,6x6,,10.0,60.0,310.588235294118,,
"Great Southern Wood Preserving (Abbeville, AL)",373392,central,TLR,Birmingham,AL,4x4,,,5.33334,290.005151187349,,
"Griffin Lumber Company, Inc. (Cordele, GA)",14372,east,Customer,Alto,GA,4x6,,10.0,12.5,320.0,,
"Griffin Lumber Company, Inc. (Cordele, GA)",14372,east,Customer,Alto,GA,4x6,,12.0,15.0,320.00000868055554,,
"Griffin Lumber Company, Inc. (Cordele, GA)",14372,east,Customer,Halls,TN,4x6,,16.0,10.0,290.0,,
"Griffin Lumber Company, Inc. (Cordele, GA)",14372,east,Customer,Houston,TX,4x6,,,1.25,115.0,,
"Griffin Lumber Company, Inc. (Cordele, GA)",14372,east,Customer,Toledo,OH,4x6,,8.0,5.0,280.0,,
"Griffin Lumber Company, Inc. (Cordele, GA)",14372,east,Customer,Toledo,OH,4x6,,10.0,6.25,280.0,,
"Griffin Lumber Company, Inc. (Cordele, GA)",14372,east,Customer,Toledo,OH,4x6,,12.0,7.5,280.000017013889,,
"Griffin Lumber Company, Inc. (Cordele, GA)",14372,east,Customer,Toledo,OH,4x6,,14.0,8.75,186.666666666667,,
"Griffin Lumber Company, Inc. (Cordele, GA)",14372,east,TLR,Birmingham,AL,4x6,,,8.75,188.45,,
"Griffin Lumber Company, Inc. (Cordele, GA)",14372,east,TLR,Birmingham,AL,4x6,,6.0,7.5,235.0,,
"Griffin Lumber Company, Inc. (Cordele, GA)",14372,east,TLR,Birmingham,AL,4x6,,10.0,12.5,280.0,,
"Griffin Lumber Company, Inc. (Cordele, GA)",14372,east,TLR,Birmingham,AL,4x6,,14.0,8.75,260.0,,
"HLS Hostetler Logging Sawmill (Warm Springs, AR)",378312,nan,Customer,Beebe,AR,3x4,,8.0,8.0,433.2578125,,
"HLS Hostetler Logging Sawmill (Warm Springs, AR)",378312,nan,Customer,Evansville,WI,3x4,,8.0,80.0,424.69326120580797,,
"HLS Hostetler Logging Sawmill (Warm Springs, AR)",378312,nan,Customer,Fulton,MS,3x4,,8.0,16.0,430.73882339015154,,
"HLS Hostetler Logging Sawmill (Warm Springs, AR)",378312,nan,Customer,Grapeland,TX,3x4,,8.0,16.0,415.6248579545455,,
"HLS Hostetler Logging Sawmill (Warm Springs, AR)",378312,nan,Customer,Hewitt,TX,3x4,,8.0,8.0,420.327967171717,,
"HLS Hostetler Logging Sawmill (Warm Springs, AR)",378312,nan,Customer,Jewett,TX,3x4,,8.0,40.0,428.2198349116162,,
"HLS Hostetler Logging Sawmill (Warm Springs, AR)",378312,nan,Customer,Little Rock,AR,3x4,,8.0,8.0,433.2578125,,
"HLS Hostetler Logging Sawmill (Warm Springs, AR)",378312,nan,Customer,North Birmingham,AL,3x4,,8.0,8.0,320.0,,
"HLS Hostetler Logging Sawmill (Warm Springs, AR)",378312,nan,Customer,Rensselaer,IN,3x4,,8.0,8.0,403.029960542929,,
"HLS Hostetler Logging Sawmill (Warm Springs, AR)",378312,nan,Customer,Seguin,TX,3x4,,8.0,8.0,413.105981691919,,
"Hampton Lumber Sales (Fort Worth, TX)",14371,nan,Customer,Dallas,TX,2x4,,,15.99999,253.38671499300997,,
"Hampton Lumber Sales (Fort Worth, TX)",14371,nan,Customer,Dallas,TX,2x4,,10.0,18.0,252.52242619740468,,
"Hampton Lumber Sales (Fort Worth, TX)",14371,nan,Customer,Kuna,ID,2x4,,7.0,18.66668,543.0436103012635,,
"Hampton Lumber Sales (San Antonio, TX)",14370,nan,Customer,Bryan,TX,2x4,,,5.33333,514.600891140855,,
"Hampton Lumber Sales (San Antonio, TX)",14370,nan,Customer,Bryan,TX,2x4,,10.0,6.0,598.297534013605,,
"Hampton Lumber Sales (San Antonio, TX)",14370,nan,Customer,Bryan,TX,2x4,,11.0,6.66667,575.784667160387,,
"Hankins Lumber Company, Inc (Grenada, MS)",15684,central,Customer,Bryan,TX,2x12,,,4.0,65.0,,
"Hankins Lumber Company, Inc (Grenada, MS)",15684,central,Customer,Bryan,TX,2x8,,,2.66667,65.0,,
"Hankins Lumber Company, Inc (Grenada, MS)",373870,central,Customer,Auburn,KY,4x6,,10.0,40.0,466.666666666667,,
"Hankins Lumber Company, Inc (Grenada, MS)",373870,central,Customer,Bryan,TX,4x6,,,4.0,250.0,,
"Hankins, Inc. (Memphis, TN)",14554,nan,Customer,Haleyville,AL,4x6,,20.0,40.0,579.375,,
"Hankins, Inc. (Memphis, TN)",14554,nan,Customer,Tuscumbia,AL,4x6,,20.0,40.0,573.749966517857,,
"Hardy Technologies, LLC (Lumberton, MS)",375185,central,Customer,Jacksonville,TX,2x8,,8.0,10.66667,234.999989420573,,
"Hardy Technologies, LLC (Lumberton, MS)",375185,central,Customer,Jacksonville,TX,2x8,,16.0,21.33333,235.028690025638,,
"Hardy Technologies, LLC (Lumberton, MS)",375185,central,Customer,Jacksonville,TX,2x8,,12.0,16.0,234.999989583333,,
"Hardy Technologies, LLC (Lumberton, MS)",375185,central,Customer,La Place,LA,2x4,,16.0,10.66667,475.096123506874,,
"Hardy Technologies, LLC (Lumberton, MS)",375185,central,Customer,La Place,LA,2x6,,16.0,16.0,370.007568359375,,
"Harrigan Lumber Company, Inc. (Monroeville, AL)",14369,central,Customer,Auburn,KY,4x6,,16.0,192.0,398.57142857142907,,
"Harrigan Lumber Company, Inc. (Monroeville, AL)",14369,central,Customer,Gordo,AL,4x6,,16.0,96.0,398.57142857142907,,
"Harrigan Lumber Company, Inc. (Monroeville, AL)",14369,central,Customer,Grabill,IN,4x6,,18.0,72.0,406.785727267795,,
"Harrigan Lumber Company, Inc. (Monroeville, AL)",14369,central,Customer,Mc Intyre,GA,4x6,,8.0,48.0,462.9365234375,,
"Harrigan Lumber Company, Inc. (Monroeville, AL)",14369,central,Customer,Mc Intyre,GA,4x6,,16.0,32.0,354.285714285714,,
"Harrigan Lumber Company, Inc. (Monroeville, AL)",14369,central,Customer,Mc Intyre,GA,4x6,,10.0,140.0,393.39286358019757,,
"Harrigan Lumber Company, Inc. (Monroeville, AL)",14369,central,Customer,Mc Intyre,GA,4x6,,12.0,48.0,333.4375,,
"Harrigan Lumber Company, Inc. (Monroeville, AL)",14369,central,Customer,Mc Intyre,GA,4x6,,14.0,28.0,483.516483516484,,
"Harrigan Lumber Company, Inc. (Monroeville, AL)",14369,central,Customer,Moscow,TN,2x6,,16.0,16.0,215.0,,
"Harrigan Lumber Company, Inc. (Monroeville, AL)",14369,central,Customer,West Union,OH,4x6,,8.0,16.0,425.0,,
"Harrigan Lumber Company, Inc. (Monroeville, AL)",14369,central,Customer,Wood Dale,IL,2x10,,14.0,23.33333,400.017857940087,,
"Harrigan Lumber Company, Inc. (Monroeville, AL)",14369,central,Customer,,,2x6,,12.0,12.0,280.0,,
"Harrigan Lumber Company, Inc. (Monroeville, AL)",14369,central,Customer,,,4x6,,18.0,36.0,425.0,,
"Harrigan Lumber Company, Inc. (Monroeville, AL)",14369,central,TLR,Birmingham,AL,2x8,,,2.66667,110.0,,
"Harrigan Lumber Company, Inc. (Monroeville, AL)",14369,central,TLR,Birmingham,AL,4x6,,8.0,16.0,415.0,,
"Harrigan Lumber Company, Inc. (Monroeville, AL)",14369,central,TLR,Birmingham,AL,4x6,,,4.0,300.0,,
"Harrigan Lumber Company, Inc. (Monroeville, AL)",14369,central,TLR,Birmingham,AL,4x6,,10.0,40.0,490.0,,
"Hatfield Lumber Co (Hatfield, AR)",372018,west,Customer,Blytheville,AR,6x6,,10.0,120.0,1033.1883677083324,,
"Hatfield Lumber Co (Hatfield, AR)",372018,west,Customer,Blytheville,AR,6x6,,20.0,120.0,1105.8039062500002,,
"Hatfield Lumber Co (Hatfield, AR)",372018,west,Customer,Bryan,TX,2x10,,,3.33333,110.0,,
"Hatfield Lumber Co (Hatfield, AR)",372018,west,Customer,Bryan,TX,2x6,,,2.0,110.0,,
"Hatfield Lumber Co (Hatfield, AR)",372018,west,Customer,Bryan,TX,2x8,,,5.33334,105.0,,
"Hatfield Lumber Co (Hatfield, AR)",372018,west,Customer,Bryan,TX,4x6,,,4.0,100.0,,
"Hatfield Lumber Co (Hatfield, AR)",372018,west,Customer,Buena Vista,CO,2x12,,,4.0,105.00048828125,,
"Hatfield Lumber Co (Hatfield, AR)",372018,west,Customer,Buena Vista,CO,2x8,,,2.66667,105.13149344308,,
"Hatfield Lumber Co (Hatfield, AR)",372018,west,Customer,Center,TX,2x6,,16.0,16.0,556.64306640625,,
"Hatfield Lumber Co (Hatfield, AR)",372018,west,Customer,Newton,KS,2x10,,,3.33333,104.896451507055,,
"Hatfield Lumber Co (Hatfield, AR)",372018,west,Customer,Plantersville,TX,2x4,,12.0,16.0,518.653004807692,,
"Hatfield Lumber Co (Hatfield, AR)",372018,west,Customer,Plantersville,TX,2x6,,12.0,96.0,528.0592008463541,,
"Hatfield Lumber Co (Hatfield, AR)",372018,west,Customer,Plantersville,TX,2x6,,20.0,240.0,531.0749117296007,,
"Hatfield Lumber Co (Hatfield, AR)",372018,west,Customer,Plantersville,TX,6x6,,16.0,432.0,870.7451613136576,,
"Hatfield Lumber Co (Hatfield, AR)",372018,west,Customer,Plantersville,TX,6x6,,14.0,294.0,783.4243203479307,,
"Hatfield Lumber Co (Hatfield, AR)",372018,west,Customer,Plantersville,TX,6x6,,20.0,420.0,1040.1019237351172,,
"Hatfield Lumber Co (Hatfield, AR)",372018,west,Customer,Springfield,MO,2x4,,16.0,10.66667,708.665221996845,,
"Hatfield Lumber Co (Hatfield, AR)",372018,west,Customer,Springfield,MO,2x4,,18.0,48.0,648.6652435897436,,
"Hatfield Lumber Co (Hatfield, AR)",372018,west,Customer,Springfield,MO,2x6,,16.0,16.0,628.665205078125,,
"Hatfield Lumber Co (Hatfield, AR)",372018,west,Customer,Springfield,MO,2x6,,18.0,72.0,593.6652391493055,,
"Hatfield Lumber Co (Hatfield, AR)",372018,west,Customer,,,2x6,,20.0,80.0,523.4681763671874,,
"Hatfield Lumber Co (Hatfield, AR)",372018,west,Customer,,,6x6,,16.0,48.0,803.468129340278,,
"Hatfield Lumber Co (Hatfield, AR)",372018,west,Customer,,,6x6,,14.0,42.0,728.468102678571,,
"Hatfield Lumber Co (Hatfield, AR)",372018,west,Customer,,,6x6,,20.0,60.0,1068.46814583333,,
"Homan Forest Products Corporate, Inc (Fulton, MS)",14770,central,Customer,Auburn,KY,4x6,,16.0,160.0,453.57142857142844,,
"Homan Forest Products Corporate, Inc (Fulton, MS)",14770,central,Customer,Auburn,KY,4x6,,12.0,96.0,404.79167305651976,,
"Homan Forest Products Corporate, Inc (Fulton, MS)",14770,central,Customer,Auburn,KY,4x6,,14.0,56.0,426.1029411764705,,
"Homan Forest Products Corporate, Inc (Fulton, MS)",14770,central,Customer,Blytheville,AR,6x6,,8.0,48.0,805.0,,
"Homan Forest Products Corporate, Inc (Fulton, MS)",14770,central,Customer,Blytheville,AR,6x6,,20.0,300.0,820.2142857142859,,
"Homan Forest Products Corporate, Inc (Fulton, MS)",14770,central,Customer,Denison,TX,4x6,,14.0,28.0,505.0,,
"Homan Forest Products Corporate, Inc (Fulton, MS)",14770,central,Customer,Fulton,MS,6x6,,8.0,24.0,820.0,,
"Homan Forest Products Corporate, Inc (Fulton, MS)",14770,central,Customer,Gordo,AL,4x6,,16.0,160.0,496.4285714285714,,
"Homan Forest Products Corporate, Inc (Fulton, MS)",14770,central,Customer,Haleyville,AL,4x6,,16.0,32.0,370.833333333333,,
"Homan Forest Products Corporate, Inc (Fulton, MS)",14770,central,Customer,Haleyville,AL,4x6,,12.0,192.0,513.9552674979859,,
"Homan Forest Products Corporate, Inc (Fulton, MS)",14770,central,Customer,Haleyville,AL,4x6,,20.0,1280.0,536.2812544148762,,
"Homan Forest Products Corporate, Inc (Fulton, MS)",14770,central,Customer,Haleyville,AL,6x6,,16.0,384.0,475.38459622896676,,
"Homan Forest Products Corporate, Inc (Fulton, MS)",14770,central,Customer,Haughton,LA,6x8,,24.0,96.0,960.0,,
"Homan Forest Products Corporate, Inc (Fulton, MS)",14770,central,Customer,Mc Intyre,GA,4x6,,14.0,56.0,400.0,,
"Homan Forest Products Corporate, Inc (Fulton, MS)",14770,central,Customer,Port Neches,TX,4x6,,8.0,16.0,473.94225761218,,
"Homan Forest Products Corporate, Inc (Fulton, MS)",14770,central,Customer,Ranburne,AL,4x6,,8.0,32.0,534.519230769231,,
"Homan Forest Products Corporate, Inc (Fulton, MS)",14770,central,Customer,Ranburne,AL,4x6,,16.0,224.0,437.75510204081627,,
"Homan Forest Products Corporate, Inc (Fulton, MS)",14770,central,Customer,Ranburne,AL,4x6,,10.0,280.0,453.7175257034632,,
"Homan Forest Products Corporate, Inc (Fulton, MS)",14770,central,Customer,Scammon,KS,4x6,,8.0,32.0,505.925925925926,,
"Homan Forest Products Corporate, Inc (Fulton, MS)",14770,central,Customer,Summer Shade,KY,4x4,,8.0,21.33334,710.0229157873375,,
"Homan Forest Products Corporate, Inc (Fulton, MS)",14770,central,Customer,Summer Shade,KY,4x4,,14.0,802.6668099999999,617.3676606589534,,
"Homan Forest Products Corporate, Inc (Fulton, MS)",14770,central,Customer,Tuscumbia,AL,4x6,,16.0,96.0,455.38462389823763,,
"Homan Forest Products Corporate, Inc (Fulton, MS)",14770,central,Customer,Tuscumbia,AL,4x6,,20.0,80.0,555.75,,
"Homan Forest Products Corporate, Inc (Fulton, MS)",14770,central,Customer,Weslaco,TX,4x4,,12.0,16.0,565.0,,
"Homan Forest Products Corporate, Inc (Fulton, MS)",14770,central,Customer,Weslaco,TX,4x6,,12.0,24.0,580.0,,
"Homan Forest Products Corporate, Inc (Fulton, MS)",14770,central,Customer,West Union,OH,6x6,,8.0,24.0,300.0,,
"Homan Forest Products Corporate, Inc (Fulton, MS)",14770,central,Customer,West Union,OH,6x6,,16.0,48.0,267.857142857143,,
"Homan Forest Products Corporate, Inc (Fulton, MS)",14770,central,Customer,West Union,OH,6x6,,10.0,30.0,300.0,,
"Homan Forest Products Corporate, Inc (Fulton, MS)",14770,central,Customer,West Union,OH,6x6,,12.0,36.0,311.999977777778,,
"Homan Forest Products Corporate, Inc (Fulton, MS)",14770,central,Customer,West Union,OH,6x6,,14.0,42.0,320.0,,
"Hood Industries, Inc (Waynesboro, MS)",1011,central,Customer,Acworth,GA,2x4,,8.0,5.33333,334.00954722393,,
"Hood Industries, Inc (Waynesboro, MS)",1011,central,Customer,Acworth,GA,2x4,,12.0,8.0,365.00002189217,,
"Hood Industries, Inc (Waynesboro, MS)",1011,central,Customer,Beloit,WI,2x4,,8.0,5.33333,219.952854260571,,
"Hood Industries, Inc (Waynesboro, MS)",1011,central,Customer,Bonham,TX,2x6,,6.0,6.0,270.0,,
"Hood Industries, Inc (Waynesboro, MS)",1011,central,Customer,Brazil,IN,2x8,,8.0,21.33334,210.0,,
"Hood Industries, Inc (Waynesboro, MS)",1011,central,Customer,Brazil,IN,2x8,,16.0,21.33333,210.102577918906,,
"Hood Industries, Inc (Waynesboro, MS)",1011,central,Customer,Brazil,IN,2x8,,10.0,13.33333,210.027356426618,,
"Hood Industries, Inc (Waynesboro, MS)",1011,central,Customer,Brazil,IN,2x8,,12.0,16.0,210.000011574074,,
"Hood Industries, Inc (Waynesboro, MS)",1011,central,Customer,Brazil,IN,2x8,,14.0,18.66667,210.0,,
"Hood Industries, Inc (Waynesboro, MS)",1011,central,Customer,Bryan,TX,2x12,,,8.0,80.0,,
"Hood Industries, Inc (Waynesboro, MS)",1011,central,Customer,Bryan,TX,2x8,,8.0,21.33334,255.0,,
"Hood Industries, Inc (Waynesboro, MS)",1011,central,Customer,Bryan,TX,2x8,,16.0,21.33333,275.0,,
"Hood Industries, Inc (Waynesboro, MS)",1011,central,Customer,Bryan,TX,2x8,,,5.33334,80.0,,
"Hood Industries, Inc (Waynesboro, MS)",1011,central,Customer,Bryan,TX,2x8,,10.0,26.66666,255.02294686462199,,
"Hood Industries, Inc (Waynesboro, MS)",1011,central,Customer,Bryan,TX,2x8,,12.0,32.0,255.000009765625,,
"Hood Industries, Inc (Waynesboro, MS)",1011,central,Customer,Bryan,TX,2x8,,14.0,18.66667,275.000024181548,,
"Hood Industries, Inc (Waynesboro, MS)",1011,central,Customer,Dallas,TX,2x8,,,10.66666,249.24994982926398,,
"Hood Industries, Inc (Waynesboro, MS)",1011,central,Customer,East Point,GA,2x4,,8.0,5.33333,245.04417598269,,
"Hood Industries, Inc (Waynesboro, MS)",1011,central,Customer,East Point,GA,2x4,,10.0,6.66667,245.0,,
"Hood Industries, Inc (Waynesboro, MS)",1011,central,Customer,East Point,GA,2x4,,12.0,8.0,245.0,,
"Hood Industries, Inc (Waynesboro, MS)",1011,central,Customer,Flintville,TN,2x8,,,5.33333,270.011464481338,,
"Hood Industries, Inc (Waynesboro, MS)",1011,central,Customer,Florien,LA,2x10,,,6.66667,220.074789056507,,
"Hood Industries, Inc (Waynesboro, MS)",1011,central,Customer,Ft Worth,TX,2x4,,,2.66667,209.936856112637,,
"Hood Industries, Inc (Waynesboro, MS)",1011,central,Customer,Haleyville,AL,2x4,,8.0,5.33333,220.024342599549,,
"Hood Industries, Inc (Waynesboro, MS)",1011,central,Customer,Haleyville,AL,2x4,,10.0,6.66667,240.016072532454,,
"Hood Industries, Inc (Waynesboro, MS)",1011,central,Customer,Haleyville,AL,2x4,,12.0,8.0,249.991286057692,,
"Hood Industries, Inc (Waynesboro, MS)",1011,central,Customer,Henderson,TX,2x4,,8.0,10.66666,199.948443872076,,
"Hood Industries, Inc (Waynesboro, MS)",1011,central,Customer,Henderson,TX,2x4,,16.0,10.66667,325.054945054945,,
"Hood Industries, Inc (Waynesboro, MS)",1011,central,Customer,Henderson,TX,2x4,,10.0,13.33334,180.048503095169,,
"Hood Industries, Inc (Waynesboro, MS)",1011,central,Customer,Henderson,TX,2x4,,12.0,16.0,200.0,,
"Hood Industries, Inc (Waynesboro, MS)",1011,central,Customer,Henderson,TX,2x4,,14.0,9.33333,199.974028761537,,
"Hood Industries, Inc (Waynesboro, MS)",1011,central,Customer,Iuka,MS,2x4,,,1.33333,133.5979512395,,
"Hood Industries, Inc (Waynesboro, MS)",1011,central,Customer,Jacksonville,TX,2x8,,8.0,42.66668,220.0,,
"Hood Industries, Inc (Waynesboro, MS)",1011,central,Customer,Jacksonville,TX,2x8,,16.0,42.66666,220.03833061085498,,
"Hood Industries, Inc (Waynesboro, MS)",1011,central,Customer,Jacksonville,TX,2x8,,10.0,39.99999,225.05738484487503,,
"Hood Industries, Inc (Waynesboro, MS)",1011,central,Customer,Jacksonville,TX,2x8,,12.0,64.0,221.24999807646776,,
"Hood Industries, Inc (Waynesboro, MS)",1011,central,Customer,Jacksonville,TX,2x8,,14.0,37.33334,249.1666666666665,,
"Hood Industries, Inc (Waynesboro, MS)",1011,central,Customer,Northport,AL,2x4,,8.0,5.33333,354.908950418545,,
"Hood Industries, Inc (Waynesboro, MS)",1011,central,Customer,Northport,AL,2x4,,10.0,6.66667,355.086057692308,,
"Hood Industries, Inc (Waynesboro, MS)",1011,central,Customer,Northport,AL,2x4,,12.0,8.0,355.0,,
"Hood Industries, Inc (Waynesboro, MS)",1011,central,Customer,Northport,AL,2x6,,8.0,8.0,180.0,,
"Hood Industries, Inc (Waynesboro, MS)",1011,central,Customer,Northport,AL,2x6,,10.0,10.0,179.999985795455,,
"Hood Industries, Inc (Waynesboro, MS)",1011,central,Customer,Northport,AL,2x6,,12.0,12.0,180.0,,
"Hood Industries, Inc (Waynesboro, MS)",1011,central,Customer,Pottsville,AR,2x10,,,6.66666,80.03238968118939,,
"Hood Industries, Inc (Waynesboro, MS)",1011,central,Customer,Pottsville,AR,2x12,,,4.0,80.0000065104167,,
"Hood Industries, Inc (Waynesboro, MS)",1011,central,Customer,Ripley,TN,2x6,,8.0,8.0,239.999987444196,,
"Hood Industries, Inc (Waynesboro, MS)",1011,central,Customer,Ripley,TN,2x6,,10.0,10.0,240.0,,
"Hood Industries, Inc (Waynesboro, MS)",1011,central,Customer,Ripley,TN,2x6,,12.0,12.0,240.0,,
"Hood Industries, Inc (Waynesboro, MS)",1011,central,Customer,Schiller Park,IL,2x12,,8.0,16.0,265.0,,
"Hood Industries, Inc (Waynesboro, MS)",1011,central,Customer,Silsbee,TX,2x10,,8.0,26.66666,163.0550374588285,,
"Hood Industries, Inc (Waynesboro, MS)",1011,central,Customer,Silsbee,TX,2x10,,,13.33334,220.07181445267298,,
"Hood Industries, Inc (Waynesboro, MS)",1011,central,Customer,Silsbee,TX,2x10,,10.0,33.33334,179.9634987248725,,
"Hood Industries, Inc (Waynesboro, MS)",1011,central,Customer,Silsbee,TX,2x10,,12.0,40.0,169.37525,,
"Hood Industries, Inc (Waynesboro, MS)",1011,central,Customer,Silsbee,TX,2x12,,8.0,32.0,269.9999926757815,,
"Hood Industries, Inc (Waynesboro, MS)",1011,central,Customer,Silsbee,TX,2x12,,16.0,32.0,280.0,,
"Hood Industries, Inc (Waynesboro, MS)",1011,central,Customer,Silsbee,TX,2x12,,,16.0,247.5,,
"Hood Industries, Inc (Waynesboro, MS)",1011,central,Customer,Silsbee,TX,2x12,,10.0,40.0,269.99999153645797,,
"Hood Industries, Inc (Waynesboro, MS)",1011,central,Customer,Silsbee,TX,2x12,,12.0,48.0,279.999986653646,,
"Hood Industries, Inc (Waynesboro, MS)",1011,central,Customer,Silsbee,TX,2x12,,14.0,56.0,326.6666666666665,,
"Hood Industries, Inc (Waynesboro, MS)",1011,central,Customer,Silsbee,TX,2x4,,8.0,5.33333,166.648685199098,,
"Hood Industries, Inc (Waynesboro, MS)",1011,central,Customer,Silsbee,TX,2x4,,10.0,6.66667,200.008403846154,,
"Hood Industries, Inc (Waynesboro, MS)",1011,central,Customer,Silsbee,TX,2x4,,12.0,8.0,200.008421474359,,
"Hood Industries, Inc (Waynesboro, MS)",1011,central,Customer,Silsbee,TX,2x8,,,5.33333,258.271835590845,,
"Hood Industries, Inc (Waynesboro, MS)",1011,central,TLR,Birmingham,AL,2x10,,8.0,106.66664,213.75481762922163,,
"Hood Industries, Inc (Waynesboro, MS)",1011,central,TLR,Birmingham,AL,2x10,,,33.333349999999996,175.4047626766584,,
"Hood Industries, Inc (Waynesboro, MS)",1011,central,TLR,Birmingham,AL,2x10,,10.0,116.66669,214.2958975450997,,
"Hood Industries, Inc (Waynesboro, MS)",1011,central,TLR,Birmingham,AL,2x10,,12.0,140.0,214.28571428571428,,
"Hood Industries, Inc (Waynesboro, MS)",1011,central,TLR,Birmingham,AL,2x12,,8.0,128.0,235.0,,
"Hood Industries, Inc (Waynesboro, MS)",1011,central,TLR,Birmingham,AL,2x12,,,68.0,179.88896504678934,,
"Hood Industries, Inc (Waynesboro, MS)",1011,central,TLR,Birmingham,AL,2x12,,6.0,36.0,111.99987208581332,,
"Hood Industries, Inc (Waynesboro, MS)",1011,central,TLR,Birmingham,AL,2x12,,10.0,160.0,235.0,,
"Hood Industries, Inc (Waynesboro, MS)",1011,central,TLR,Birmingham,AL,2x12,,12.0,192.0,234.9999951171875,,
"Hood Industries, Inc (Waynesboro, MS)",1011,central,TLR,Birmingham,AL,2x4,,8.0,15.99999,318.3543566633977,,
"Hood Industries, Inc (Waynesboro, MS)",1011,central,TLR,Birmingham,AL,2x4,,10.0,13.33334,310.0207356653445,,
"Hood Industries, Inc (Waynesboro, MS)",1011,central,TLR,Birmingham,AL,2x4,,12.0,16.0,310.0,,
"Hood Industries, Inc (Waynesboro, MS)",1011,central,TLR,Birmingham,AL,2x6,,8.0,24.0,241.66666666666666,,
"Hood Industries, Inc (Waynesboro, MS)",1011,central,TLR,Birmingham,AL,2x6,,,8.0,172.5,,
"Hood Industries, Inc (Waynesboro, MS)",1011,central,TLR,Birmingham,AL,2x6,,10.0,50.0,257.58333333333337,,
"Hood Industries, Inc (Waynesboro, MS)",1011,central,TLR,Birmingham,AL,2x6,,12.0,48.0,255.000003138951,,
"Hood Industries, Inc (Waynesboro, MS)",1011,central,TLR,Birmingham,AL,2x8,,8.0,74.66669,232.14285209396257,,
"Hood Industries, Inc (Waynesboro, MS)",1011,central,TLR,Birmingham,AL,2x8,,16.0,21.33333,230.0,,
"Hood Industries, Inc (Waynesboro, MS)",1011,central,TLR,Birmingham,AL,2x8,,,18.66666,155.5046537546335,,
"Hood Industries, Inc (Waynesboro, MS)",1011,central,TLR,Birmingham,AL,2x8,,6.0,8.0,111.999732730263,,
"Hood Industries, Inc (Waynesboro, MS)",1011,central,TLR,Birmingham,AL,2x8,,10.0,93.33331,240.022556223363,,
"Hood Industries, Inc (Waynesboro, MS)",1011,central,TLR,Birmingham,AL,2x8,,12.0,112.0,232.1428541976687,,
"Hood Industries, Inc (Waynesboro, MS)",1011,central,TLR,Birmingham,AL,2x8,,14.0,18.66667,230.0,,
"Hood Industries, Inc. (Bogalusa, LA)",1015,west,Customer,Adair,OK,2x4,,16.0,10.66667,445.002253605769,,
"Hood Industries, Inc. (Bogalusa, LA)",1015,west,Customer,Adair,OK,2x4,,12.0,8.0,365.002188701923,,
"Hood Industries, Inc. (Bogalusa, LA)",1015,west,Customer,Adair,OK,2x4,,14.0,9.33333,395.002189311011,,
"Hood Industries, Inc. (Bogalusa, LA)",1015,west,Customer,Amarillo,TX,2x4,,8.0,5.33333,234.942429829953,,
"Hood Industries, Inc. (Bogalusa, LA)",1015,west,Customer,Armorel,AR,2x4,,8.0,5.33333,234.942224953903,,
"Hood Industries, Inc. (Bogalusa, LA)",1015,west,Customer,Ballinger,TX,2x4,,8.0,10.66666,264.9294029911905,,
"Hood Industries, Inc. (Bogalusa, LA)",1015,west,Customer,Beloit,WI,2x4,,8.0,31.99998,314.0831370058117,,
"Hood Industries, Inc. (Bogalusa, LA)",1015,west,Customer,Beloit,WI,2x4,,12.0,8.0,166.071428571429,,
"Hood Industries, Inc. (Bogalusa, LA)",1015,west,Customer,Birmingham,AL,2x4,,8.0,5.33333,224.935247285392,,
"Hood Industries, Inc. (Bogalusa, LA)",1015,west,Customer,Bolivar,TN,2x6,,8.0,8.0,165.0,,
"Hood Industries, Inc. (Bogalusa, LA)",1015,west,Customer,Bonham,TX,2x8,,16.0,21.33333,305.021276595745,,
"Hood Industries, Inc. (Bogalusa, LA)",1015,west,Customer,Bonham,TX,2x8,,12.0,16.0,305.0,,
"Hood Industries, Inc. (Bogalusa, LA)",1015,west,Customer,Brazil,IN,2x8,,8.0,21.33334,234.78261612601898,,
"Hood Industries, Inc. (Bogalusa, LA)",1015,west,Customer,Brazil,IN,2x8,,16.0,21.33333,240.011719322233,,
"Hood Industries, Inc. (Bogalusa, LA)",1015,west,Customer,Brazil,IN,2x8,,10.0,13.33333,360.025554016621,,
"Hood Industries, Inc. (Bogalusa, LA)",1015,west,Customer,Brazil,IN,2x8,,14.0,18.66667,240.0,,
"Hood Industries, Inc. (Bogalusa, LA)",1015,west,Customer,Bryan,TX,2x4,,8.0,111.99993,284.02283205620665,,
"Hood Industries, Inc. (Bogalusa, LA)",1015,west,Customer,Bryan,TX,2x4,,10.0,126.66673,296.61671590860163,,
"Hood Industries, Inc. (Bogalusa, LA)",1015,west,Customer,Bryan,TX,2x4,,12.0,232.0,289.440907271832,,
"Hood Industries, Inc. (Bogalusa, LA)",1015,west,Customer,Bryan,TX,2x4,,14.0,149.33328,283.15657821707674,,
"Hood Industries, Inc. (Bogalusa, LA)",1015,west,Customer,Bryan,TX,2x6,,8.0,64.0,274.9999986699895,,
"Hood Industries, Inc. (Bogalusa, LA)",1015,west,Customer,Bryan,TX,2x6,,16.0,32.0,352.0833333333335,,
"Hood Industries, Inc. (Bogalusa, LA)",1015,west,Customer,Bryan,TX,2x6,,10.0,90.0,287.22222222222223,,
"Hood Industries, Inc. (Bogalusa, LA)",1015,west,Customer,Bryan,TX,2x6,,12.0,72.0,275.83332951750566,,
"Hood Industries, Inc. (Bogalusa, LA)",1015,west,Customer,Bryan,TX,2x6,,14.0,84.0,279.99999400111614,,
"Hood Industries, Inc. (Bogalusa, LA)",1015,west,Customer,Bryan,TX,2x8,,8.0,202.66673,270.10526232733247,,
"Hood Industries, Inc. (Bogalusa, LA)",1015,west,Customer,Bryan,TX,2x8,,16.0,63.99999,296.7163328448137,,
"Hood Industries, Inc. (Bogalusa, LA)",1015,west,Customer,Bryan,TX,2x8,,,2.66667,80.0,,
"Hood Industries, Inc. (Bogalusa, LA)",1015,west,Customer,Bryan,TX,2x8,,10.0,253.33327,281.640352671689,,
"Hood Industries, Inc. (Bogalusa, LA)",1015,west,Customer,Bryan,TX,2x8,,12.0,288.0,274.74536679566944,,
"Hood Industries, Inc. (Bogalusa, LA)",1015,west,Customer,Bryan,TX,2x8,,14.0,168.00003,296.66666925016534,,
"Hood Industries, Inc. (Bogalusa, LA)",1015,west,Customer,Bryan,TX,4x4,,8.0,64.00002,401.6666666666667,,
"Hood Industries, Inc. (Bogalusa, LA)",1015,west,Customer,Bunkie,LA,2x4,,8.0,5.33333,289.962669671603,,
"Hood Industries, Inc. (Bogalusa, LA)",1015,west,Customer,Bunkie,LA,2x4,,10.0,6.66667,290.104579877389,,
"Hood Industries, Inc. (Bogalusa, LA)",1015,west,Customer,Bunkie,LA,2x4,,12.0,8.0,290.0,,
"Hood Industries, Inc. (Bogalusa, LA)",1015,west,Customer,Cantonment,FL,2x4,,8.0,5.33333,234.932417947142,,
"Hood Industries, Inc. (Bogalusa, LA)",1015,west,Customer,Columbus,MS,2x4,,20.0,13.33333,434.960650860903,,
"Hood Industries, Inc. (Bogalusa, LA)",1015,west,Customer,Dallas,TX,2x4,,8.0,21.33332,279.6986420234632,,
"Hood Industries, Inc. (Bogalusa, LA)",1015,west,Customer,Dallas,TX,2x4,,16.0,10.66667,359.080443993689,,
"Hood Industries, Inc. (Bogalusa, LA)",1015,west,Customer,Dallas,TX,2x4,,,5.33334,264.923921532473,,
"Hood Industries, Inc. (Bogalusa, LA)",1015,west,Customer,Dallas,TX,2x4,,12.0,8.0,359.0,,
"Hood Industries, Inc. (Bogalusa, LA)",1015,west,Customer,Dallas,TX,2x4,,14.0,9.33333,358.999690880989,,
"Hood Industries, Inc. (Bogalusa, LA)",1015,west,Customer,Dallas,TX,2x6,,8.0,24.0,248.62319661458332,,
"Hood Industries, Inc. (Bogalusa, LA)",1015,west,Customer,Dallas,TX,2x6,,16.0,16.0,324.999982910156,,
"Hood Industries, Inc. (Bogalusa, LA)",1015,west,Customer,Dallas,TX,2x6,,10.0,10.0,325.0,,
"Hood Industries, Inc. (Bogalusa, LA)",1015,west,Customer,Dallas,TX,2x8,,8.0,21.33334,217.5,,
"Hood Industries, Inc. (Bogalusa, LA)",1015,west,Customer,Dallas,TX,2x8,,16.0,42.66666,190.03247385472548,,
"Hood Industries, Inc. (Bogalusa, LA)",1015,west,Customer,Dallas,TX,2x8,,,5.33333,265.011763661384,,
"Hood Industries, Inc. (Bogalusa, LA)",1015,west,Customer,Dallas,TX,2x8,,10.0,26.66666,217.54118418292,,
"Hood Industries, Inc. (Bogalusa, LA)",1015,west,Customer,Dallas,TX,2x8,,12.0,48.0,208.333337673611,,
"Hood Industries, Inc. (Bogalusa, LA)",1015,west,Customer,Dallas,TX,2x8,,14.0,37.33334,217.5,,
"Hood Industries, Inc. (Bogalusa, LA)",1015,west,Customer,East Point,GA,2x6,,8.0,8.0,198.0,,
"Hood Industries, Inc. (Bogalusa, LA)",1015,west,Customer,East Point,GA,2x6,,10.0,10.0,220.0,,
"Hood Industries, Inc. (Bogalusa, LA)",1015,west,Customer,East Point,GA,2x6,,12.0,12.0,220.0,,
"Hood Industries, Inc. (Bogalusa, LA)",1015,west,Customer,East Point,GA,2x6,,14.0,14.0,219.999989676339,,
"Hood Industries, Inc. (Bogalusa, LA)",1015,west,Customer,Eclectic,AL,2x4,,12.0,8.0,334.999959935897,,
"Hood Industries, Inc. (Bogalusa, LA)",1015,west,Customer,Edinburg,TX,2x4,,8.0,10.66666,247.44220753943853,,
"Hood Industries, Inc. (Bogalusa, LA)",1015,west,Customer,Edinburg,TX,2x4,,,2.66667,209.939848391723,,
"Hood Industries, Inc. (Bogalusa, LA)",1015,west,Customer,Edinburg,TX,2x6,,,4.0,250.0,,
"Hood Industries, Inc. (Bogalusa, LA)",1015,west,Customer,Flintville,TN,2x4,,8.0,5.33333,169.952999098537,,
"Hood Industries, Inc. (Bogalusa, LA)",1015,west,Customer,Flintville,TN,2x4,,12.0,32.0,173.03571603851876,,
"Hood Industries, Inc. (Bogalusa, LA)",1015,west,Customer,Fort Payne,AL,2x4,,8.0,10.66666,295.44453484395797,,
"Hood Industries, Inc. (Bogalusa, LA)",1015,west,Customer,Fort Payne,AL,2x4,,16.0,10.66667,365.995154383592,,
"Hood Industries, Inc. (Bogalusa, LA)",1015,west,Customer,Fort Payne,AL,2x4,,12.0,8.0,365.953826121795,,
"Hood Industries, Inc. (Bogalusa, LA)",1015,west,Customer,Ft Worth,TX,2x4,,8.0,5.33333,279.96799639396,,
"Hood Industries, Inc. (Bogalusa, LA)",1015,west,Customer,Ft Worth,TX,2x4,,10.0,6.66667,280.040386557046,,
"Hood Industries, Inc. (Bogalusa, LA)",1015,west,Customer,Ft Worth,TX,2x4,,12.0,8.0,280.000450721154,,
"Hood Industries, Inc. (Bogalusa, LA)",1015,west,Customer,Ft Worth,TX,2x4,,14.0,9.33333,280.000412158681,,
"Hood Industries, Inc. (Bogalusa, LA)",1015,west,Customer,Grabill,IN,2x4,,12.0,8.0,154.999993990385,,
"Hood Industries, Inc. (Bogalusa, LA)",1015,west,Customer,Grabill,IN,2x6,,8.0,8.0,139.999991566051,,
"Hood Industries, Inc. (Bogalusa, LA)",1015,west,Customer,Grand Prairie,TX,2x4,,8.0,5.33333,164.952468756402,,
"Hood Industries, Inc. (Bogalusa, LA)",1015,west,Customer,Groveton,TX,2x8,,8.0,10.66667,229.565232252038,,
"Hood Industries, Inc. (Bogalusa, LA)",1015,west,Customer,Gunter,TX,2x4,,8.0,5.33333,249.928404425323,,
"Hood Industries, Inc. (Bogalusa, LA)",1015,west,Customer,Haleyville,AL,2x8,,16.0,21.33333,235.010431926133,,
"Hood Industries, Inc. (Bogalusa, LA)",1015,west,Customer,Henderson,TX,2x4,,10.0,6.66667,200.057418866292,,
"Hood Industries, Inc. (Bogalusa, LA)",1015,west,Customer,Henderson,TX,2x4,,12.0,48.0,223.09523959764184,,
"Hood Industries, Inc. (Bogalusa, LA)",1015,west,Customer,Henderson,TX,2x4,,14.0,9.33333,329.957587465121,,
"Hood Industries, Inc. (Bogalusa, LA)",1015,west,Customer,Houston,TX,2x4,,8.0,31.99998,266.2805644215567,,
"Hood Industries, Inc. (Bogalusa, LA)",1015,west,Customer,Houston,TX,2x4,,16.0,10.66667,304.937430854333,,
"Hood Industries, Inc. (Bogalusa, LA)",1015,west,Customer,Houston,TX,2x4,,12.0,16.0,209.999994190705,,
"Hood Industries, Inc. (Bogalusa, LA)",1015,west,Customer,Houston,TX,2x4,,18.0,12.0,410.00004451567,,
"Hood Industries, Inc. (Bogalusa, LA)",1015,west,Customer,Houston,TX,2x8,,12.0,16.0,100.0,,
"Hood Industries, Inc. (Bogalusa, LA)",1015,west,Customer,Hutchins,TX,2x4,,,5.33334,302.41312456463845,,
"Hood Industries, Inc. (Bogalusa, LA)",1015,west,Customer,Hutchins,TX,2x4,,12.0,16.0,322.85713663289846,,
"Hood Industries, Inc. (Bogalusa, LA)",1015,west,Customer,Irving,TX,2x4,,8.0,5.33333,224.935407088711,,
"Hood Industries, Inc. (Bogalusa, LA)",1015,west,Customer,Irving,TX,2x4,,12.0,8.0,235.0,,
"Hood Industries, Inc. (Bogalusa, LA)",1015,west,Customer,Jacksonville,FL,2x4,,,2.66667,189.945421020283,,
"Hood Industries, Inc. (Bogalusa, LA)",1015,west,Customer,Jacksonville,TX,2x6,,10.0,10.0,200.0,,
"Hood Industries, Inc. (Bogalusa, LA)",1015,west,Customer,Jacksonville,TX,2x8,,8.0,170.66672,272.4980251366593,,
"Hood Industries, Inc. (Bogalusa, LA)",1015,west,Customer,Jacksonville,TX,2x8,,16.0,127.99998,273.39049390875834,,
"Hood Industries, Inc. (Bogalusa, LA)",1015,west,Customer,Jacksonville,TX,2x8,,10.0,106.66664,277.3976332872864,,
"Hood Industries, Inc. (Bogalusa, LA)",1015,west,Customer,Jacksonville,TX,2x8,,12.0,144.0,257.22222307822153,,
"Hood Industries, Inc. (Bogalusa, LA)",1015,west,Customer,Jacksonville,TX,2x8,,14.0,93.33335,260.0000033482142,,
"Hood Industries, Inc. (Bogalusa, LA)",1015,west,Customer,Kenton,OH,2x6,,16.0,16.0,340.0,,
"Hood Industries, Inc. (Bogalusa, LA)",1015,west,Customer,Kenton,OH,2x6,,12.0,12.0,340.0,,
"Hood Industries, Inc. (Bogalusa, LA)",1015,west,Customer,Kenton,OH,2x6,,20.0,20.0,350.0,,
"Hood Industries, Inc. (Bogalusa, LA)",1015,west,Customer,La Porte,TX,2x6,,14.0,14.0,160.0,,
"Hood Industries, Inc. (Bogalusa, LA)",1015,west,Customer,Memphis,TN,2x4,,8.0,5.33333,309.910989961074,,
"Hood Industries, Inc. (Bogalusa, LA)",1015,west,Customer,Memphis,TN,4x4,,8.0,10.66667,389.812548076923,,
"Hood Industries, Inc. (Bogalusa, LA)",1015,west,Customer,Morristown,TN,2x4,,10.0,6.66667,130.035427747228,,
"Hood Industries, Inc. (Bogalusa, LA)",1015,west,Customer,Morristown,TN,2x4,,12.0,8.0,130.000420673077,,
"Hood Industries, Inc. (Bogalusa, LA)",1015,west,Customer,Morristown,TN,2x4,,14.0,9.33333,129.999742400824,,
"Hood Industries, Inc. (Bogalusa, LA)",1015,west,Customer,Morristown,TN,2x6,,12.0,12.0,159.999993489583,,
"Hood Industries, Inc. (Bogalusa, LA)",1015,west,Customer,Northport,AL,2x4,,8.0,5.33333,330.09918845807,,
"Hood Industries, Inc. (Bogalusa, LA)",1015,west,Customer,Northport,AL,2x4,,10.0,6.66667,330.000024038462,,
"Hood Industries, Inc. (Bogalusa, LA)",1015,west,Customer,Northport,AL,2x4,,12.0,8.0,330.000024038462,,
"Hood Industries, Inc. (Bogalusa, LA)",1015,west,Customer,Northport,AL,2x4,,14.0,9.33333,330.085007727975,,
"Hood Industries, Inc. (Bogalusa, LA)",1015,west,Customer,Northport,AL,2x6,,8.0,16.0,220.0,,
"Hood Industries, Inc. (Bogalusa, LA)",1015,west,Customer,Northport,AL,2x6,,10.0,10.0,280.0,,
"Hood Industries, Inc. (Bogalusa, LA)",1015,west,Customer,Northport,AL,2x6,,12.0,36.0,219.99999544270835,,
"Hood Industries, Inc. (Bogalusa, LA)",1015,west,Customer,Northport,AL,2x6,,14.0,14.0,280.0,,
"Hood Industries, Inc. (Bogalusa, LA)",1015,west,Customer,Olive Branch,MS,2x4,,8.0,15.99999,176.63289423462234,,
"Hood Industries, Inc. (Bogalusa, LA)",1015,west,Customer,Olive Branch,MS,2x4,,10.0,13.33334,200.11488497091148,,
"Hood Industries, Inc. (Bogalusa, LA)",1015,west,Customer,Olive Branch,MS,2x4,,12.0,24.0,176.66694299212065,,
"Hood Industries, Inc. (Bogalusa, LA)",1015,west,Customer,Olive Branch,MS,2x4,,14.0,18.66666,199.99974240082452,,
"Hood Industries, Inc. (Bogalusa, LA)",1015,west,Customer,Pasadena,TX,2x8,,8.0,10.66667,230.0,,
"Hood Industries, Inc. (Bogalusa, LA)",1015,west,Customer,Pasadena,TX,2x8,,10.0,13.33333,230.179827990618,,
"Hood Industries, Inc. (Bogalusa, LA)",1015,west,Customer,Pasadena,TX,2x8,,12.0,16.0,230.0,,
"Hood Industries, Inc. (Bogalusa, LA)",1015,west,Customer,Port Neches,TX,2x6,,8.0,16.0,127.499995214844,,
"Hood Industries, Inc. (Bogalusa, LA)",1015,west,Customer,Port Neches,TX,2x6,,12.0,12.0,130.0,,
"Hood Industries, Inc. (Bogalusa, LA)",1015,west,Customer,Port Neches,TX,2x8,,8.0,53.333349999999996,287.9999937507722,,
"Hood Industries, Inc. (Bogalusa, LA)",1015,west,Customer,Port Neches,TX,2x8,,16.0,42.66666,260.04455861743503,,
"Hood Industries, Inc. (Bogalusa, LA)",1015,west,Customer,Port Neches,TX,2x8,,10.0,13.33333,330.128956623681,,
"Hood Industries, Inc. (Bogalusa, LA)",1015,west,Customer,Port Neches,TX,2x8,,12.0,80.0,279.00000251736117,,
"Hood Industries, Inc. (Bogalusa, LA)",1015,west,Customer,Port Neches,TX,2x8,,14.0,18.66667,305.0,,
"Hood Industries, Inc. (Bogalusa, LA)",1015,west,Customer,Ranburne,AL,2x8,,8.0,10.66667,190.0,,
"Hood Industries, Inc. (Bogalusa, LA)",1015,west,Customer,Saginaw,TX,2x4,,8.0,5.33333,374.908010653555,,
"Hood Industries, Inc. (Bogalusa, LA)",1015,west,Customer,Saginaw,TX,2x6,,8.0,8.0,301.304347826087,,
"Hood Industries, Inc. (Bogalusa, LA)",1015,west,Customer,San Antonio,TX,2x4,,,2.66667,209.939848391723,,
"Hood Industries, Inc. (Bogalusa, LA)",1015,west,Customer,Schiller Park,IL,2x6,,20.0,20.0,330.000016927083,,
"Hood Industries, Inc. (Bogalusa, LA)",1015,west,Customer,Silsbee,TX,2x4,,8.0,15.99999,163.301753056314,,
"Hood Industries, Inc. (Bogalusa, LA)",1015,west,Customer,Silsbee,TX,2x4,,,2.66667,149.956976029502,,
"Hood Industries, Inc. (Bogalusa, LA)",1015,west,Customer,Silsbee,TX,2x4,,10.0,6.66667,190.025964659214,,
"Hood Industries, Inc. (Bogalusa, LA)",1015,west,Customer,Silsbee,TX,2x4,,12.0,8.0,189.991736778846,,
"Hood Industries, Inc. (Bogalusa, LA)",1015,west,Customer,Silsbee,TX,2x4,,14.0,9.33333,190.011333195961,,
"Hood Industries, Inc. (Bogalusa, LA)",1015,west,Customer,Silsbee,TX,2x8,,8.0,74.66669,218.57142857142858,,
"Hood Industries, Inc. (Bogalusa, LA)",1015,west,Customer,Silsbee,TX,2x8,,16.0,42.66666,310.027712458599,,
"Hood Industries, Inc. (Bogalusa, LA)",1015,west,Customer,Silsbee,TX,2x8,,,5.33333,265.011763661384,,
"Hood Industries, Inc. (Bogalusa, LA)",1015,west,Customer,Silsbee,TX,2x8,,10.0,66.66665,225.04717429213218,,
"Hood Industries, Inc. (Bogalusa, LA)",1015,west,Customer,Silsbee,TX,2x8,,12.0,96.0,253.83333333333334,,
"Hood Industries, Inc. (Bogalusa, LA)",1015,west,Customer,Silsbee,TX,2x8,,14.0,56.00001,240.0,,
"Hood Industries, Inc. (Bogalusa, LA)",1015,west,Customer,Terrell,TX,2x4,,12.0,8.0,225.0,,
"Hood Industries, Inc. (Bogalusa, LA)",1015,west,Customer,Toledo,OH,2x4,,8.0,5.33333,382.28259283108,,
"Hood Industries, Inc. (Bogalusa, LA)",1015,west,Customer,Toledo,OH,2x4,,12.0,16.0,433.928571428572,,
"Hood Industries, Inc. (Bogalusa, LA)",1015,west,Customer,Vinemont,AL,2x4,,10.0,6.66667,255.064989606753,,
"Hood Industries, Inc. (Bogalusa, LA)",1015,west,Customer,Wichita,KS,2x8,,8.0,10.66667,320.0,,
"Hood Industries, Inc. (Bogalusa, LA)",1015,west,Customer,Wichita,KS,2x8,,10.0,13.33333,325.05078918581,,
"Hood Industries, Inc. (Bogalusa, LA)",1015,west,Customer,Wichita,KS,2x8,,12.0,16.0,325.0,,
"Hood Industries, Inc. (Bogalusa, LA)",1015,west,Customer,,,2x4,,8.0,15.99999,196.61612470122233,,
"Hood Industries, Inc. (Bogalusa, LA)",1015,west,Customer,,,2x6,,8.0,8.0,133.913035411005,,
"Hood Industries, Inc. (Bogalusa, LA)",1015,west,Customer,,,2x8,,8.0,10.66667,230.0,,
"Hood Industries, Inc. (Bogalusa, LA)",1015,west,Customer,,,2x8,,16.0,21.33333,230.02807959956,,
"Hood Industries, Inc. (Bogalusa, LA)",1015,west,Customer,,,2x8,,10.0,13.33333,230.179827990618,,
"Hood Industries, Inc. (Bogalusa, LA)",1015,west,Customer,,,2x8,,14.0,18.66667,287.5,,
"Hood Industries, Inc. (Bogalusa, LA)",1015,west,TLR,Birmingham,AL,2x4,,8.0,31.99998,253.35697140598066,,
"Hood Industries, Inc. (Bogalusa, LA)",1015,west,TLR,Birmingham,AL,2x4,,10.0,26.66668,257.5208620504485,,
"Hood Industries, Inc. (Bogalusa, LA)",1015,west,TLR,Birmingham,AL,2x4,,12.0,32.0,287.5,,
"Hood Industries, Inc. (Bogalusa, LA)",1015,west,TLR,Birmingham,AL,2x4,,14.0,27.99999,260.04465052378464,,
"Hood Industries, Inc. (Bogalusa, LA)",1015,west,TLR,Birmingham,AL,2x6,,8.0,112.0,223.5714285825718,,
"Hood Industries, Inc. (Bogalusa, LA)",1015,west,TLR,Birmingham,AL,2x6,,16.0,16.0,305.0,,
"Hood Industries, Inc. (Bogalusa, LA)",1015,west,TLR,Birmingham,AL,2x6,,,12.0,250.00000547466865,,
"Hood Industries, Inc. (Bogalusa, LA)",1015,west,TLR,Birmingham,AL,2x6,,10.0,100.0,232.5,,
"Hood Industries, Inc. (Bogalusa, LA)",1015,west,TLR,Birmingham,AL,2x6,,12.0,120.0,229.499999963831,,
"Hood Industries, Inc. (Bogalusa, LA)",1015,west,TLR,Birmingham,AL,2x6,,14.0,140.0,222.99999760509672,,
"Hood Industries, Inc. (Bogalusa, LA)",1015,west,TLR,Birmingham,AL,2x8,,8.0,85.33336,261.875,,
"Hood Industries, Inc. (Bogalusa, LA)",1015,west,TLR,Birmingham,AL,2x8,,16.0,21.33333,300.0,,
"Hood Industries, Inc. (Bogalusa, LA)",1015,west,TLR,Birmingham,AL,2x8,,,5.33333,205.000019087358,,
"Hood Industries, Inc. (Bogalusa, LA)",1015,west,TLR,Birmingham,AL,2x8,,10.0,79.99998,260.0,,
"Hood Industries, Inc. (Bogalusa, LA)",1015,west,TLR,Birmingham,AL,2x8,,12.0,96.0,269.1666682038485,,
"Hood Industries, Inc. (Bogalusa, LA)",1015,west,TLR,Birmingham,AL,2x8,,14.0,112.00002,255.83333255828367,,
"Hood Industries, Inc. (Bogalusa, LA)",1015,west,TLR,Birmingham,AL,4x4,,8.0,10.66667,390.0,,
"Hood Industries, Inc. (Silver Creek, MS)",1016,central,Customer,Acworth,GA,2x4,,12.0,16.0,383.2142857142855,,
"Hood Industries, Inc. (Silver Creek, MS)",1016,central,Customer,Birmingham,AL,2x4,,8.0,5.33333,219.936898176603,,
"Hood Industries, Inc. (Silver Creek, MS)",1016,central,Customer,Birmingham,AL,2x4,,,2.66667,210.323016826923,,
"Hood Industries, Inc. (Silver Creek, MS)",1016,central,Customer,Bryan,TX,2x4,,8.0,31.99998,311.7378055749363,,
"Hood Industries, Inc. (Silver Creek, MS)",1016,central,Customer,Bryan,TX,2x4,,16.0,53.333349999999996,305.0159951657062,,
"Hood Industries, Inc. (Silver Creek, MS)",1016,central,Customer,Bryan,TX,2x4,,10.0,46.66669,301.4256097246903,,
"Hood Industries, Inc. (Silver Creek, MS)",1016,central,Customer,Bryan,TX,2x4,,12.0,48.0,318.3333224158653,,
"Hood Industries, Inc. (Silver Creek, MS)",1016,central,Customer,Bryan,TX,2x4,,14.0,55.99998,292.5423923495865,,
"Hood Industries, Inc. (Silver Creek, MS)",1016,central,Customer,Bryan,TX,2x6,,8.0,8.0,259.999986328125,,
"Hood Industries, Inc. (Silver Creek, MS)",1016,central,Customer,Bryan,TX,2x6,,16.0,16.0,260.0,,
"Hood Industries, Inc. (Silver Creek, MS)",1016,central,Customer,Bryan,TX,2x6,,10.0,10.0,260.0,,
"Hood Industries, Inc. (Silver Creek, MS)",1016,central,Customer,Bryan,TX,2x6,,12.0,12.0,259.999986979167,,
"Hood Industries, Inc. (Silver Creek, MS)",1016,central,Customer,Bryan,TX,2x6,,14.0,14.0,260.0,,
"Hood Industries, Inc. (Silver Creek, MS)",1016,central,Customer,Bryan,TX,2x8,,8.0,10.66667,285.0,,
"Hood Industries, Inc. (Silver Creek, MS)",1016,central,Customer,Bryan,TX,2x8,,16.0,127.99998,253.3381128341342,,
"Hood Industries, Inc. (Silver Creek, MS)",1016,central,Customer,Bryan,TX,2x8,,,2.66667,80.0,,
"Hood Industries, Inc. (Silver Creek, MS)",1016,central,Customer,Bryan,TX,2x8,,6.0,8.0,205.0,,
"Hood Industries, Inc. (Silver Creek, MS)",1016,central,Customer,Bryan,TX,2x8,,10.0,79.99998,253.34503356580663,,
"Hood Industries, Inc. (Silver Creek, MS)",1016,central,Customer,Bryan,TX,2x8,,12.0,112.0,258.57142485119056,,
"Hood Industries, Inc. (Silver Creek, MS)",1016,central,Customer,Bryan,TX,2x8,,14.0,112.00002,254.999997907366,,
"Hood Industries, Inc. (Silver Creek, MS)",1016,central,Customer,Conroe,TX,2x6,,16.0,16.0,170.0,,
"Hood Industries, Inc. (Silver Creek, MS)",1016,central,Customer,Conroe,TX,2x6,,12.0,12.0,170.0,,
"Hood Industries, Inc. (Silver Creek, MS)",1016,central,Customer,Conroe,TX,2x6,,14.0,14.0,170.0,,
"Hood Industries, Inc. (Silver Creek, MS)",1016,central,Customer,Conroe,TX,2x8,,14.0,18.66667,270.0,,
"Hood Industries, Inc. (Silver Creek, MS)",1016,central,Customer,Crossville,TN,2x4,,8.0,5.33333,290.052289938695,,
"Hood Industries, Inc. (Silver Creek, MS)",1016,central,Customer,Crossville,TN,2x4,,10.0,6.66667,290.000018028846,,
"Hood Industries, Inc. (Silver Creek, MS)",1016,central,Customer,Crossville,TN,2x4,,12.0,8.0,290.0,,
"Hood Industries, Inc. (Silver Creek, MS)",1016,central,Customer,Dallas,TX,2x4,,8.0,5.33333,349.999708295762,,
"Hood Industries, Inc. (Silver Creek, MS)",1016,central,Customer,Dallas,TX,2x4,,,8.00001,246.59621405675298,,
"Hood Industries, Inc. (Silver Creek, MS)",1016,central,Customer,Dallas,TX,2x4,,10.0,6.66667,365.08796073718,,
"Hood Industries, Inc. (Silver Creek, MS)",1016,central,Customer,Dallas,TX,2x4,,12.0,8.0,364.999983974359,,
"Hood Industries, Inc. (Silver Creek, MS)",1016,central,Customer,Dallas,TX,2x4,,14.0,9.33333,374.999505409583,,
"Hood Industries, Inc. (Silver Creek, MS)",1016,central,Customer,Dallas,TX,2x8,,8.0,10.66667,255.0,,
"Hood Industries, Inc. (Silver Creek, MS)",1016,central,Customer,Dallas,TX,2x8,,10.0,13.33333,255.066423547799,,
"Hood Industries, Inc. (Silver Creek, MS)",1016,central,Customer,Dallas,TX,2x8,,12.0,16.0,255.0,,
"Hood Industries, Inc. (Silver Creek, MS)",1016,central,Customer,Dallas,TX,4x4,,12.0,16.0,257.5,,
"Hood Industries, Inc. (Silver Creek, MS)",1016,central,Customer,East Point,GA,2x4,,8.0,5.33333,200.027587450415,,
"Hood Industries, Inc. (Silver Creek, MS)",1016,central,Customer,East Point,GA,2x4,,6.0,4.0,130.0,,
"Hood Industries, Inc. (Silver Creek, MS)",1016,central,Customer,East Point,GA,2x4,,10.0,6.66667,199.99148997548,,
"Hood Industries, Inc. (Silver Creek, MS)",1016,central,Customer,East Point,GA,2x4,,12.0,8.0,199.991526442308,,
"Hood Industries, Inc. (Silver Creek, MS)",1016,central,Customer,East Point,GA,2x4,,14.0,9.33333,199.991490019317,,
"Hood Industries, Inc. (Silver Creek, MS)",1016,central,Customer,Fort Payne,AL,2x4,,12.0,8.0,225.0,,
"Hood Industries, Inc. (Silver Creek, MS)",1016,central,Customer,Ft Worth,TX,2x6,,8.0,16.0,334.999986837636,,
"Hood Industries, Inc. (Silver Creek, MS)",1016,central,Customer,Ft Worth,TX,2x6,,10.0,10.0,344.117647058823,,
"Hood Industries, Inc. (Silver Creek, MS)",1016,central,Customer,Gentry,AR,2x6,,20.0,20.0,347.0,,
"Hood Industries, Inc. (Silver Creek, MS)",1016,central,Customer,Haleyville,AL,2x6,,10.0,20.0,345.0,,
"Hood Industries, Inc. (Silver Creek, MS)",1016,central,Customer,Henderson,TX,2x4,,10.0,6.66667,420.106863784839,,
"Hood Industries, Inc. (Silver Creek, MS)",1016,central,Customer,Houston,TX,2x6,,10.0,10.0,188.888888888889,,
"Hood Industries, Inc. (Silver Creek, MS)",1016,central,Customer,Houston,TX,2x8,,12.0,16.0,325.0,,
"Hood Industries, Inc. (Silver Creek, MS)",1016,central,Customer,Hutchins,TX,2x4,,,5.33334,264.9226877154415,,
"Hood Industries, Inc. (Silver Creek, MS)",1016,central,Customer,Jacksonville,FL,2x4,,,2.66667,174.952763003696,,
"Hood Industries, Inc. (Silver Creek, MS)",1016,central,Customer,Jacksonville,TX,2x8,,8.0,21.33334,281.176450439453,,
"Hood Industries, Inc. (Silver Creek, MS)",1016,central,Customer,Jacksonville,TX,2x8,,16.0,85.33332,254.36309623120724,,
"Hood Industries, Inc. (Silver Creek, MS)",1016,central,Customer,Jacksonville,TX,2x8,,10.0,53.33332,276.9282360146525,,
"Hood Industries, Inc. (Silver Creek, MS)",1016,central,Customer,Jacksonville,TX,2x8,,12.0,64.0,269.33821614583326,,
"Hood Industries, Inc. (Silver Creek, MS)",1016,central,Customer,Jacksonville,TX,2x8,,14.0,37.33334,253.67643229166652,,
"Hood Industries, Inc. (Silver Creek, MS)",1016,central,Customer,Kankakee,IL,2x4,,10.0,6.66667,150.04065626972,,
"Hood Industries, Inc. (Silver Creek, MS)",1016,central,Customer,La Porte,TX,2x4,,16.0,10.66667,235.042143694222,,
"Hood Industries, Inc. (Silver Creek, MS)",1016,central,Customer,Milroy,IN,2x4,,10.0,13.33334,225.054006410256,,
"Hood Industries, Inc. (Silver Creek, MS)",1016,central,Customer,Northport,AL,2x4,,8.0,5.33333,280.126239855726,,
"Hood Industries, Inc. (Silver Creek, MS)",1016,central,Customer,Northport,AL,2x4,,16.0,10.66667,280.000012019231,,
"Hood Industries, Inc. (Silver Creek, MS)",1016,central,Customer,Northport,AL,2x4,,10.0,6.66667,280.000024038462,,
"Hood Industries, Inc. (Silver Creek, MS)",1016,central,Customer,Northport,AL,2x4,,12.0,8.0,280.0,,
"Hood Industries, Inc. (Silver Creek, MS)",1016,central,Customer,Northport,AL,2x4,,14.0,9.33333,280.048085179461,,
"Hood Industries, Inc. (Silver Creek, MS)",1016,central,Customer,Northport,AL,2x6,,8.0,8.0,180.0,,
"Hood Industries, Inc. (Silver Creek, MS)",1016,central,Customer,Northport,AL,2x6,,16.0,16.0,180.0,,
"Hood Industries, Inc. (Silver Creek, MS)",1016,central,Customer,Northport,AL,2x6,,10.0,10.0,180.0,,
"Hood Industries, Inc. (Silver Creek, MS)",1016,central,Customer,Northport,AL,2x6,,12.0,12.0,180.0,,
"Hood Industries, Inc. (Silver Creek, MS)",1016,central,Customer,Northport,AL,2x6,,14.0,14.0,180.0,,
"Hood Industries, Inc. (Silver Creek, MS)",1016,central,Customer,Olive Branch,MS,2x4,,8.0,5.33333,254.942077980617,,
"Hood Industries, Inc. (Silver Creek, MS)",1016,central,Customer,Olive Branch,MS,2x4,,10.0,6.66667,255.045979084024,,
"Hood Industries, Inc. (Silver Creek, MS)",1016,central,Customer,Olive Branch,MS,2x4,,12.0,8.0,255.0,,
"Hood Industries, Inc. (Silver Creek, MS)",1016,central,Customer,Olive Branch,MS,2x4,,14.0,9.33333,254.99998840953,,
"Hood Industries, Inc. (Silver Creek, MS)",1016,central,Customer,Park City,KS,4x4,,12.0,16.0,300.0,,
"Hood Industries, Inc. (Silver Creek, MS)",1016,central,Customer,Port Neches,TX,2x8,,16.0,21.33333,210.010240246106,,
"Hood Industries, Inc. (Silver Creek, MS)",1016,central,Customer,Port Neches,TX,2x8,,12.0,16.0,210.0,,
"Hood Industries, Inc. (Silver Creek, MS)",1016,central,Customer,Prichard,AL,2x4,,12.0,8.0,270.0,,
"Hood Industries, Inc. (Silver Creek, MS)",1016,central,Customer,Ranburne,AL,2x8,,12.0,16.0,322.0,,
"Hood Industries, Inc. (Silver Creek, MS)",1016,central,Customer,Schiller Park,IL,4x4,,12.0,32.0,300.0,,
"Hood Industries, Inc. (Silver Creek, MS)",1016,central,Customer,Silsbee,TX,2x4,,8.0,5.33333,147.912313050604,,
"Hood Industries, Inc. (Silver Creek, MS)",1016,central,Customer,Silsbee,TX,2x6,,10.0,10.0,345.0,,
"Hood Industries, Inc. (Silver Creek, MS)",1016,central,Customer,Somerset,KY,2x4,,8.0,5.33333,279.936443542934,,
"Hood Industries, Inc. (Silver Creek, MS)",1016,central,Customer,Somerset,KY,2x4,,16.0,10.66667,280.063331079558,,
"Hood Industries, Inc. (Silver Creek, MS)",1016,central,Customer,Somerset,KY,2x4,,10.0,6.66667,280.067427884615,,
"Hood Industries, Inc. (Silver Creek, MS)",1016,central,Customer,Somerset,KY,2x4,,12.0,8.0,280.000384615385,,
"Hood Industries, Inc. (Silver Creek, MS)",1016,central,Customer,Somerset,KY,2x4,,14.0,9.33333,280.000412158681,,
"Hood Industries, Inc. (Silver Creek, MS)",1016,central,Customer,Tipp City,OH,2x8,,12.0,16.0,325.0,,
"Hood Industries, Inc. (Silver Creek, MS)",1016,central,TLR,Birmingham,AL,2x4,,8.0,26.66665,284.04020200409184,,
"Hood Industries, Inc. (Silver Creek, MS)",1016,central,TLR,Birmingham,AL,2x4,,16.0,53.333349999999996,233.0010759975202,,
"Hood Industries, Inc. (Silver Creek, MS)",1016,central,TLR,Birmingham,AL,2x4,,10.0,46.66669,287.1584096404733,,
"Hood Industries, Inc. (Silver Creek, MS)",1016,central,TLR,Birmingham,AL,2x4,,12.0,40.0,284.0,,
"Hood Industries, Inc. (Silver Creek, MS)",1016,central,TLR,Birmingham,AL,2x4,,14.0,55.99998,270.0206597749165,,
"Hood Industries, Inc. (Silver Creek, MS)",1016,central,TLR,Birmingham,AL,2x6,,8.0,48.0,208.3333268694195,,
"Hood Industries, Inc. (Silver Creek, MS)",1016,central,TLR,Birmingham,AL,2x6,,16.0,96.0,230.833334757487,,
"Hood Industries, Inc. (Silver Creek, MS)",1016,central,TLR,Birmingham,AL,2x6,,,28.0,242.85713911769685,,
"Hood Industries, Inc. (Silver Creek, MS)",1016,central,TLR,Birmingham,AL,2x6,,10.0,70.0,234.28571428571428,,
"Hood Industries, Inc. (Silver Creek, MS)",1016,central,TLR,Birmingham,AL,2x6,,12.0,84.0,234.999998139881,,
"Hood Industries, Inc. (Silver Creek, MS)",1016,central,TLR,Birmingham,AL,2x6,,14.0,98.0,224.285714657738,,
"Hood Industries, Inc. (Silver Creek, MS)",1016,central,TLR,Birmingham,AL,2x8,,8.0,21.33334,270.0,,
"Hood Industries, Inc. (Silver Creek, MS)",1016,central,TLR,Birmingham,AL,2x8,,16.0,106.66665,243.0,,
"Hood Industries, Inc. (Silver Creek, MS)",1016,central,TLR,Birmingham,AL,2x8,,,8.0,182.5,,
"Hood Industries, Inc. (Silver Creek, MS)",1016,central,TLR,Birmingham,AL,2x8,,6.0,8.0,200.0,,
"Hood Industries, Inc. (Silver Creek, MS)",1016,central,TLR,Birmingham,AL,2x8,,10.0,39.99999,243.33333333333334,,
"Hood Industries, Inc. (Silver Creek, MS)",1016,central,TLR,Birmingham,AL,2x8,,12.0,96.0,256.6666637731482,,
"Hood Industries, Inc. (Silver Creek, MS)",1016,central,TLR,Birmingham,AL,2x8,,14.0,74.66668,250.0,,
"Hood Industries, Inc. (Silver Creek, MS)",1016,central,TLR,Birmingham,AL,4x4,,8.0,10.66667,500.24531024531,,
"Hood Industries, Inc. (Silver Creek, MS)",1016,central,TLR,Birmingham,AL,4x4,,10.0,13.33333,434.987130558268,,
"Hood Industries, Inc. (Wiggins, MS)",1013,central,Customer,Saginaw,TX,2x4,,8.0,32.0,270.0,,
"Hood Industries, Inc. (Wiggins, MS)",1013,central,Customer,Saginaw,TX,4x4,,8.0,32.0,300.0,,
"Hoover Treated Wood Products, Inc (Pine Bluff, AR)",374802,nan,Customer,Panama City,FL,2x4,,16.0,10.66667,1288.58070333634,,
"Hoover Treated Wood Products, Inc (Pine Bluff, AR)",374802,nan,Customer,Panama City,FL,32x4,,8.0,128.0,1799.87534749349,,
"Hopkins Lumber Contractors, Inc (Ridgeway, VA)",375739,nan,Customer,Roanoke,VA,3x3,,8.0,6.0,753.0,,
"Houston Foam Plastics, Inc (Houston, TX)",377472,nan,Customer,Bryan,TX,8x1,,,0.30469,531.874120383037,,
"Hunt Forest Products, LLC (Pollock, LA)",1017,west,Customer,Bryan,TX,4x4,,8.0,10.66667,396.047578907933,,
"Hunt Forest Products, LLC (Pollock, LA)",1017,west,Customer,Houston,TX,2x4,,8.0,128.0,283.0,,
"Hunt Forest Products, LLC (Pollock, LA)",1017,west,Customer,Ripley,TN,2x4,,8.0,32.0,289.0,,
"Hunt Forest Products, LLC (Winnfield, LA)",14355,nan,Customer,Bryan,TX,4x4,,8.0,21.33334,460.0,,
"Idaho Forest Group, LLC (Moyie Springs, ID)",378138,nan,Customer,Kuna,ID,2x4,,,12.0,372.595064573762,,
"Idaho Forest Group, LLC (Moyie Springs, ID)",378138,nan,Customer,Kuna,ID,2x4,,6.0,8.0,336.5,,
"Idaho Forest Group, LLC (Moyie Springs, ID)",378138,nan,Customer,Kuna,ID,2x4,,7.0,9.33334,336.4999840561225,,
"Idaho Timber (Fort Worth, TX)",1020,west,Customer,Durant,OK,2x4,,12.0,8.0,300.001381802721,,
"Industria de Compensados Sudati LTDA (Corpus Christi, TX)",378394,nan,Customer,Waxahachie,TX,4x4,,8.0,32.0,565.0,,
"Industria de Compensados Sudati LTDA (Houston, TX)",379742,nan,Customer,Waxahachie,TX,4x4,,8.0,128.0,565.0,,
"Industrial and Wholesale Lumber, Inc (Schiller Park, IL)",15709,nan,Customer,Carter Lake,IA,2x3,,10.0,5.0,414.74686716792,,
"Industrial and Wholesale Lumber, Inc (Schiller Park, IL)",15709,nan,Customer,Nashville,TN,16x4,,8.0,32.0,338.216911764706,,
"Industrial and Wholesale Lumber, Inc (Schiller Park, IL)",15709,nan,Customer,Ottawa Lake,MI,1x4,,8.0,2.66667,908.693496458467,,
"Industrial and Wholesale Lumber, Inc (Schiller Park, IL)",15709,nan,Customer,Ottawa Lake,MI,1x4,,10.0,6.66666,457.214265228945,,
"Industrial and Wholesale Lumber, Inc (Schiller Park, IL)",15709,nan,Customer,Ottawa Lake,MI,1x4,,12.0,4.0,302.88487293956,,
"Industrial and Wholesale Lumber, Inc (Schiller Park, IL)",15709,nan,Customer,Rock Island,IL,2x10,,14.0,23.33333,570.988481114385,,
"Industrial and Wholesale Lumber, Inc (Schiller Park, IL)",15709,nan,Customer,Rock Island,IL,2x4,,8.0,5.33333,500.656911155048,,
"Industrial and Wholesale Lumber, Inc (Schiller Park, IL)",15709,nan,Customer,Rock Island,IL,2x8,,16.0,21.33333,435.070789516523,,
"Industrial and Wholesale Lumber, Inc (Schiller Park, IL)",15709,nan,Customer,Rock Island,IL,3x4,,8.0,16.0,722.4999852881494,,
"Industrial and Wholesale Lumber, Inc (Schiller Park, IL)",15709,nan,Customer,Rock Island,IL,3x4,,10.0,20.0,722.5,,
"Industrial and Wholesale Lumber, Inc (Schiller Park, IL)",15709,nan,Customer,Rock Island,IL,4x4,,16.0,21.33333,446.256748534747,,
"Industrial and Wholesale Lumber, Inc (Schiller Park, IL)",15709,nan,Customer,Rock Island,IL,4x6,,12.0,24.0,565.0,,
"Industrial and Wholesale Lumber, Inc (Schiller Park, IL)",15709,nan,Customer,Rock Island,IL,6x6,,12.0,36.0,575.000030381945,,
"Industrial and Wholesale Lumber, Inc (Schiller Park, IL)",15709,nan,Customer,Toledo,OH,1x4,,14.0,9.33334,525.0,,
"Industrial and Wholesale Lumber, Inc (Wood Dale, IL)",374438,nan,Customer,Ottawa Lake,MI,2x4,,10.0,6.66667,610.499941690962,,
"Interfor US, Inc (Baxley, GA)",1028,east,Customer,East Point,GA,2x4,,10.0,6.66667,210.075369635774,,
"Interfor US, Inc (Baxley, GA)",1028,east,Customer,East Point,GA,2x4,,12.0,8.0,210.000429258242,,
"Interfor US, Inc (Baxley, GA)",1028,east,Customer,East Point,GA,2x4,,14.0,9.33333,209.999484801649,,
"Interfor US, Inc (Baxley, GA)",1028,east,Customer,Jacksonville,FL,2x4,,6.0,12.0,286.43677457824134,,
"Interfor US, Inc (Baxley, GA)",1028,east,Customer,Mc Intyre,GA,2x12,,8.0,16.0,304.600883152174,,
"Interfor US, Inc (Baxley, GA)",1028,east,Customer,Mc Intyre,GA,2x12,,12.0,72.0,301.62822420634933,,
"Interfor US, Inc (Baxley, GA)",1028,east,Customer,Mc Intyre,GA,2x8,,8.0,10.66667,344.042144886364,,
"Interfor US, Inc (Baxley, GA)",1028,east,Customer,Mc Intyre,GA,2x8,,10.0,39.99999,268.275532792222,,
"Interfor US, Inc (Baxley, GA)",1028,east,Customer,Mc Intyre,GA,2x8,,12.0,16.0,368.446370442708,,
"Interfor US, Inc (Baxley, GA)",1028,east,TLR,Birmingham,AL,2x4,,16.0,10.66667,253.696426782853,,
"Interfor US, Inc (Bay Springs, MS)",373929,central,Customer,Acworth,GA,2x4,,10.0,6.66667,300.076443388623,,
"Interfor US, Inc (Bay Springs, MS)",373929,central,Customer,Adair,OK,2x4,,16.0,10.66667,636.629292367789,,
"Interfor US, Inc (Bay Springs, MS)",373929,central,Customer,Adair,OK,2x4,,10.0,6.66667,526.660336538461,,
"Interfor US, Inc (Bay Springs, MS)",373929,central,Customer,Adair,OK,2x4,,12.0,8.0,546.533527644231,,
"Interfor US, Inc (Bay Springs, MS)",373929,central,Customer,Adair,OK,2x4,,14.0,9.33333,561.532849046883,,
"Interfor US, Inc (Bay Springs, MS)",373929,central,Customer,Ballinger,TX,2x4,,8.0,5.33333,255.077076345056,,
"Interfor US, Inc (Bay Springs, MS)",373929,central,Customer,Ballinger,TX,2x4,,16.0,10.66667,255.000450721154,,
"Interfor US, Inc (Bay Springs, MS)",373929,central,Customer,Ballinger,TX,2x4,,10.0,6.66667,255.00043274432,,
"Interfor US, Inc (Bay Springs, MS)",373929,central,Customer,Ballinger,TX,2x4,,12.0,8.0,255.000400641026,,
"Interfor US, Inc (Bay Springs, MS)",373929,central,Customer,Ballinger,TX,2x4,,14.0,9.33333,255.044307058217,,
"Interfor US, Inc (Bay Springs, MS)",373929,central,Customer,Birmingham,AL,2x4,,,2.66667,329.909422277965,,
"Interfor US, Inc (Bay Springs, MS)",373929,central,Customer,Bryan,TX,2x4,,8.0,5.33333,350.0,,
"Interfor US, Inc (Bay Springs, MS)",373929,central,Customer,Bryan,TX,2x4,,16.0,10.66667,350.0,,
"Interfor US, Inc (Bay Springs, MS)",373929,central,Customer,Bryan,TX,2x4,,10.0,6.66667,350.043274432023,,
"Interfor US, Inc (Bay Springs, MS)",373929,central,Customer,Bryan,TX,2x4,,12.0,8.0,350.0,,
"Interfor US, Inc (Bay Springs, MS)",373929,central,Customer,Bryan,TX,2x4,,14.0,9.33333,350.0,,
"Interfor US, Inc (Bay Springs, MS)",373929,central,Customer,Crowley,TX,2x4,,8.0,5.33333,340.102194168921,,
"Interfor US, Inc (Bay Springs, MS)",373929,central,Customer,Crowley,TX,2x4,,16.0,10.66667,340.0,,
"Interfor US, Inc (Bay Springs, MS)",373929,central,Customer,Crowley,TX,2x4,,10.0,6.66667,340.000016826923,,
"Interfor US, Inc (Bay Springs, MS)",373929,central,Customer,Crowley,TX,2x4,,12.0,8.0,340.0,,
"Interfor US, Inc (Bay Springs, MS)",373929,central,Customer,Crowley,TX,2x4,,14.0,9.33333,340.058389146488,,
"Interfor US, Inc (Bay Springs, MS)",373929,central,Customer,Dallas,TX,2x4,,8.0,21.33332,238.68894939561574,,
"Interfor US, Inc (Bay Springs, MS)",373929,central,Customer,Dallas,TX,2x4,,,29.33337,227.4574761091217,,
"Interfor US, Inc (Bay Springs, MS)",373929,central,Customer,Dallas,TX,2x4,,6.0,4.0,279.960164835165,,
"Interfor US, Inc (Bay Springs, MS)",373929,central,Customer,Durant,OK,2x4,,12.0,8.0,296.351304945055,,
"Interfor US, Inc (Bay Springs, MS)",373929,central,Customer,East Point,GA,2x4,,16.0,32.00001,273.33668870192304,,
"Interfor US, Inc (Bay Springs, MS)",373929,central,Customer,East Point,GA,2x4,,10.0,6.66667,230.051388388027,,
"Interfor US, Inc (Bay Springs, MS)",373929,central,Customer,East Point,GA,2x4,,12.0,8.0,230.01,,
"Interfor US, Inc (Bay Springs, MS)",373929,central,Customer,East Point,GA,2x4,,14.0,27.99999,273.368026465093,,
"Interfor US, Inc (Bay Springs, MS)",373929,central,Customer,Edinburg,TX,2x4,,,2.66667,274.925403407554,,
"Interfor US, Inc (Bay Springs, MS)",373929,central,Customer,Ft Worth,TX,2x4,,8.0,10.66666,279.899349723417,,
"Interfor US, Inc (Bay Springs, MS)",373929,central,Customer,Ft Worth,TX,2x4,,16.0,10.66667,335.069986928694,,
"Interfor US, Inc (Bay Springs, MS)",373929,central,Customer,Grabill,IN,2x4,,16.0,10.66667,180.027043269231,,
"Interfor US, Inc (Bay Springs, MS)",373929,central,Customer,Grabill,IN,2x4,,10.0,6.66667,180.064469888208,,
"Interfor US, Inc (Bay Springs, MS)",373929,central,Customer,Grabill,IN,2x4,,12.0,8.0,180.0,,
"Interfor US, Inc (Bay Springs, MS)",373929,central,Customer,Grabill,IN,2x4,,14.0,9.33333,179.999828267216,,
"Interfor US, Inc (Bay Springs, MS)",373929,central,Customer,Grand Prairie,TX,2x4,,8.0,10.66666,220.898080485136,,
"Interfor US, Inc (Bay Springs, MS)",373929,central,Customer,Harrisburg,IL,2x12,,16.0,32.0,561.291531575521,,
"Interfor US, Inc (Bay Springs, MS)",373929,central,Customer,Harrisburg,IL,2x12,,10.0,20.0,506.29155078125,,
"Interfor US, Inc (Bay Springs, MS)",373929,central,Customer,Harrisburg,IL,2x12,,12.0,24.0,511.29150390625,,
"Interfor US, Inc (Bay Springs, MS)",373929,central,Customer,Harrisburg,IL,2x12,,14.0,28.0,506.291504836309,,
"Interfor US, Inc (Bay Springs, MS)",373929,central,Customer,Houston,TX,2x4,,,2.66667,213.424481670673,,
"Interfor US, Inc (Bay Springs, MS)",373929,central,Customer,Houston,TX,2x4,,14.0,9.33333,324.946984331402,,
"Interfor US, Inc (Bay Springs, MS)",373929,central,Customer,Houston,TX,2x4,,20.0,13.33333,413.975480032453,,
"Interfor US, Inc (Bay Springs, MS)",373929,central,Customer,Houston,TX,2x6,,,4.0,185.936138509115,,
"Interfor US, Inc (Bay Springs, MS)",373929,central,Customer,Houston,TX,2x6,,6.0,6.0,182.496002103365,,
"Interfor US, Inc (Bay Springs, MS)",373929,central,Customer,Howards Grove,WI,2x4,,12.0,8.0,321.428571428571,,
"Interfor US, Inc (Bay Springs, MS)",373929,central,Customer,Hutchins,TX,2x4,,,2.66667,232.269029297275,,
"Interfor US, Inc (Bay Springs, MS)",373929,central,Customer,Katy,TX,2x4,,14.0,9.33333,324.957973814123,,
"Interfor US, Inc (Bay Springs, MS)",373929,central,Customer,Knoxville,TN,2x4,,10.0,6.66667,300.071982371795,,
"Interfor US, Inc (Bay Springs, MS)",373929,central,Customer,Lott,TX,2x4,,16.0,10.66667,572.524678837052,,
"Interfor US, Inc (Bay Springs, MS)",373929,central,Customer,Lott,TX,2x4,,12.0,8.0,487.524696514423,,
"Interfor US, Inc (Bay Springs, MS)",373929,central,Customer,Lott,TX,2x4,,14.0,9.33333,502.654111282844,,
"Interfor US, Inc (Bay Springs, MS)",373929,central,Customer,Lott,TX,2x4,,18.0,12.0,507.524677483974,,
"Interfor US, Inc (Bay Springs, MS)",373929,central,Customer,Lott,TX,2x4,,20.0,13.33333,532.620679769203,,
"Interfor US, Inc (Bay Springs, MS)",373929,central,Customer,Lott,TX,2x6,,16.0,16.0,522.24560546875,,
"Interfor US, Inc (Bay Springs, MS)",373929,central,Customer,Lott,TX,2x6,,10.0,10.0,467.24559765625,,
"Interfor US, Inc (Bay Springs, MS)",373929,central,Customer,Lott,TX,2x6,,12.0,12.0,507.245572916667,,
"Interfor US, Inc (Bay Springs, MS)",373929,central,Customer,Lott,TX,2x6,,18.0,18.0,532.245592447917,,
"Interfor US, Inc (Bay Springs, MS)",373929,central,Customer,Lott,TX,2x6,,20.0,20.0,557.245607421875,,
"Interfor US, Inc (Bay Springs, MS)",373929,central,Customer,Macalester,OK,2x4,,16.0,10.66667,290.043431490385,,
"Interfor US, Inc (Bay Springs, MS)",373929,central,Customer,Macalester,OK,2x4,,10.0,6.66667,290.083369392759,,
"Interfor US, Inc (Bay Springs, MS)",373929,central,Customer,Macalester,OK,2x4,,12.0,8.0,290.000400641026,,
"Interfor US, Inc (Bay Springs, MS)",373929,central,Customer,Macalester,OK,2x4,,14.0,9.33333,290.000171732784,,
"Interfor US, Inc (Bay Springs, MS)",373929,central,Customer,Memphis,TN,2x4,,,2.66667,219.936816226183,,
"Interfor US, Inc (Bay Springs, MS)",373929,central,Customer,Middleton,TN,2x4,,8.0,5.33333,279.919797582463,,
"Interfor US, Inc (Bay Springs, MS)",373929,central,Customer,Northport,AL,2x4,,8.0,21.33332,290.04271091143147,,
"Interfor US, Inc (Bay Springs, MS)",373929,central,Customer,Northport,AL,2x4,,16.0,42.66668,263.759502704327,,
"Interfor US, Inc (Bay Springs, MS)",373929,central,Customer,Northport,AL,2x4,,,2.66667,269.984949439523,,
"Interfor US, Inc (Bay Springs, MS)",373929,central,Customer,Northport,AL,2x4,,10.0,33.333349999999996,279.0336386372254,,
"Interfor US, Inc (Bay Springs, MS)",373929,central,Customer,Northport,AL,2x4,,12.0,32.0,263.75047218048877,,
"Interfor US, Inc (Bay Springs, MS)",373929,central,Customer,Northport,AL,2x4,,14.0,46.666650000000004,279.0286450283358,,
"Interfor US, Inc (Bay Springs, MS)",373929,central,Customer,Oklahoma City,OK,2x4,,8.0,5.33333,185.000461677187,,
"Interfor US, Inc (Bay Springs, MS)",373929,central,Customer,Oklahoma City,OK,2x4,,16.0,10.66667,308.380408653846,,
"Interfor US, Inc (Bay Springs, MS)",373929,central,Customer,Oklahoma City,OK,2x4,,10.0,6.66667,185.044903846154,,
"Interfor US, Inc (Bay Springs, MS)",373929,central,Customer,Oklahoma City,OK,2x4,,12.0,8.0,185.000448517628,,
"Interfor US, Inc (Bay Springs, MS)",373929,central,Customer,Selmer,TN,2x4,,16.0,10.66667,210.031400240385,,
"Interfor US, Inc (Bay Springs, MS)",373929,central,Customer,Selmer,TN,2x4,,10.0,6.66667,210.075369635774,,
"Interfor US, Inc (Bay Springs, MS)",373929,central,Customer,Selmer,TN,2x4,,12.0,8.0,210.000400641026,,
"Interfor US, Inc (Bay Springs, MS)",373929,central,Customer,Selmer,TN,2x4,,14.0,9.33333,209.999484801649,,
"Interfor US, Inc (Bay Springs, MS)",373929,central,Customer,Silsbee,TX,2x4,,8.0,5.33333,195.05904418395,,
"Interfor US, Inc (Bay Springs, MS)",373929,central,Customer,Silsbee,TX,2x4,,16.0,21.33334,195.000450721154,,
"Interfor US, Inc (Bay Springs, MS)",373929,central,Customer,Silsbee,TX,2x4,,10.0,13.33334,292.5708979444645,,
"Interfor US, Inc (Bay Springs, MS)",373929,central,Customer,Silsbee,TX,2x4,,12.0,16.0,227.5005108173075,,
"Interfor US, Inc (Bay Springs, MS)",373929,central,Customer,Silsbee,TX,2x4,,14.0,18.66666,195.033831358406,,
"Interfor US, Inc (Bay Springs, MS)",373929,central,Customer,Somerset,KY,2x4,,8.0,5.33333,360.108205590622,,
"Interfor US, Inc (Bay Springs, MS)",373929,central,Customer,Somerset,KY,2x4,,16.0,10.66667,360.0,,
"Interfor US, Inc (Bay Springs, MS)",373929,central,Customer,Somerset,KY,2x4,,10.0,6.66667,360.0,,
"Interfor US, Inc (Bay Springs, MS)",373929,central,Customer,Somerset,KY,2x4,,12.0,8.0,360.0,,
"Interfor US, Inc (Bay Springs, MS)",373929,central,Customer,Somerset,KY,2x4,,14.0,9.33333,360.061823802164,,
"Interfor US, Inc (Bay Springs, MS)",373929,central,Customer,Townville,SC,2x4,,12.0,8.0,332.142857142857,,
"Interfor US, Inc (Bay Springs, MS)",373929,central,Customer,Tulsa,OK,2x6,,6.0,12.0,309.7873348524305,,
"Interfor US, Inc (Bay Springs, MS)",373929,central,Customer,Wichita Falls,TX,2x4,,16.0,10.66667,443.174770132212,,
"Interfor US, Inc (Bay Springs, MS)",373929,central,Customer,Wichita Falls,TX,2x4,,10.0,6.66667,443.303688158085,,
"Interfor US, Inc (Bay Springs, MS)",373929,central,Customer,Wichita Falls,TX,2x4,,12.0,8.0,443.174579326923,,
"Interfor US, Inc (Bay Springs, MS)",373929,central,Customer,Wichita Falls,TX,2x4,,14.0,9.33333,443.250972007556,,
"Interfor US, Inc (Bay Springs, MS)",373929,central,Customer,,,2x4,,8.0,10.66666,199.537430756144,,
"Interfor US, Inc (Bay Springs, MS)",373929,central,Customer,,,2x4,,16.0,10.66667,205.000459735577,,
"Interfor US, Inc (Bay Springs, MS)",373929,central,Customer,,,2x4,,10.0,6.66667,205.00043274432,,
"Interfor US, Inc (Bay Springs, MS)",373929,central,Customer,,,2x4,,12.0,8.0,205.000400641026,,
"Interfor US, Inc (Bay Springs, MS)",373929,central,Customer,,,2x4,,14.0,9.33333,205.035548686244,,
"Interfor US, Inc (Bay Springs, MS)",373929,central,TLR,Birmingham,AL,2x4,,8.0,15.99999,318.7488144506933,,
"Interfor US, Inc (Bay Springs, MS)",373929,central,TLR,Birmingham,AL,2x4,,16.0,74.66669,295.0021882933107,,
"Interfor US, Inc (Bay Springs, MS)",373929,central,TLR,Birmingham,AL,2x4,,10.0,26.66668,323.74752707106177,,
"Interfor US, Inc (Bay Springs, MS)",373929,central,TLR,Birmingham,AL,2x4,,12.0,24.0,313.33332632211534,,
"Interfor US, Inc (Bay Springs, MS)",373929,central,TLR,Birmingham,AL,2x4,,14.0,37.33332,323.75418772803624,,
"Interfor US, Inc (Belk, AL)",373927,central,Customer,Dallas,TX,2x4,,,8.00001,324.56065850222166,,
"Interfor US, Inc (Belk, AL)",373927,central,Customer,East Point,GA,2x4,,16.0,10.66667,325.000450721154,,
"Interfor US, Inc (Belk, AL)",373927,central,Customer,East Point,GA,2x4,,10.0,6.66667,325.094305495457,,
"Interfor US, Inc (Belk, AL)",373927,central,Customer,East Point,GA,2x4,,12.0,8.0,325.000388621795,,
"Interfor US, Inc (Belk, AL)",373927,central,Customer,East Point,GA,2x4,,14.0,9.33333,325.056156620299,,
"Interfor US, Inc (Belk, AL)",373927,central,Customer,Ennis,TX,2x4,,6.0,4.0,239.99998838141,,
"Interfor US, Inc (Belk, AL)",373927,central,Customer,Fayetteville,TN,2x4,,20.0,26.66666,400.46448175007,,
"Interfor US, Inc (Belk, AL)",373927,central,Customer,Flintville,TN,2x4,,8.0,21.33332,192.75835063830175,,
"Interfor US, Inc (Belk, AL)",373927,central,Customer,Fort Payne,AL,2x4,,12.0,8.0,275.0,,
"Interfor US, Inc (Belk, AL)",373927,central,Customer,Ft Worth,TX,2x4,,12.0,8.0,275.0,,
"Interfor US, Inc (Belk, AL)",373927,central,Customer,Jewett,TX,2x4,,,2.66667,339.902438024995,,
"Interfor US, Inc (Belk, AL)",373927,central,Customer,LaGrange,GA,1x4,,8.0,80.0001,273.3333333333333,,
"Interfor US, Inc (Belk, AL)",373927,central,Customer,LaGrange,GA,1x4,,16.0,186.66655,285.4382332643199,,
"Interfor US, Inc (Belk, AL)",373927,central,Customer,LaGrange,GA,1x4,,10.0,103.33323,273.63585664386994,,
"Interfor US, Inc (Belk, AL)",373927,central,Customer,LaGrange,GA,1x4,,12.0,136.0,277.5735294117647,,
"Interfor US, Inc (Belk, AL)",373927,central,Customer,Marysville,OH,2x4,,16.0,10.66667,448.02768988055,,
"Interfor US, Inc (Belk, AL)",373927,central,Customer,Marysville,OH,2x4,,10.0,6.66667,373.027695913462,,
"Interfor US, Inc (Belk, AL)",373927,central,Customer,Marysville,OH,2x4,,12.0,8.0,383.027689903846,,
"Interfor US, Inc (Belk, AL)",373927,central,Customer,Marysville,OH,2x4,,14.0,9.33333,433.139250386399,,
"Interfor US, Inc (Belk, AL)",373927,central,Customer,Mc Intyre,GA,2x4,,6.0,4.0,239.99998838141,,
"Interfor US, Inc (Belk, AL)",373927,central,Customer,Memphis,TN,2x4,,10.0,13.33334,336.406572405978,,
"Interfor US, Inc (Belk, AL)",373927,central,Customer,Moscow,TN,2x4,,16.0,10.66667,354.60352386806,,
"Interfor US, Inc (Belk, AL)",373927,central,Customer,Northport,AL,2x4,,8.0,31.99998,299.5134673522967,,
"Interfor US, Inc (Belk, AL)",373927,central,Customer,Northport,AL,2x4,,16.0,64.00002,330.0002556590545,,
"Interfor US, Inc (Belk, AL)",373927,central,Customer,Northport,AL,2x4,,10.0,40.00002,318.34522315705135,,
"Interfor US, Inc (Belk, AL)",373927,central,Customer,Northport,AL,2x4,,12.0,40.0,324.0003072916666,,
"Interfor US, Inc (Belk, AL)",373927,central,Customer,Northport,AL,2x4,,14.0,55.99998,330.05180561409867,,
"Interfor US, Inc (Belk, AL)",373927,central,Customer,Selmer,TN,2x4,,8.0,5.33333,250.112714156898,,
"Interfor US, Inc (Belk, AL)",373927,central,Customer,Selmer,TN,2x4,,16.0,21.33334,314.470438358497,,
"Interfor US, Inc (Belk, AL)",373927,central,Customer,Selmer,TN,2x4,,10.0,13.33334,314.440106735901,,
"Interfor US, Inc (Belk, AL)",373927,central,Customer,Selmer,TN,2x4,,12.0,16.0,314.3855689102565,,
"Interfor US, Inc (Belk, AL)",373927,central,Customer,Selmer,TN,2x4,,14.0,9.33333,378.770221535291,,
"Interfor US, Inc (Belk, AL)",373927,central,Customer,Selmer,TN,2x6,,10.0,10.0,178.391544117647,,
"Interfor US, Inc (Belk, AL)",373927,central,Customer,Toccoa,GA,2x4,,,5.33334,229.93258037787498,,
"Interfor US, Inc (Belk, AL)",373927,central,Customer,Toledo,OH,2x4,,8.0,10.66666,249.928404425323,,
"Interfor US, Inc (Belk, AL)",373927,central,Customer,Tuscola,IL,2x4,,8.0,5.33333,561.864372054907,,
"Interfor US, Inc (Belk, AL)",373927,central,Customer,Vinemont,AL,2x4,,,2.66667,199.942798606843,,
"Interfor US, Inc (Belk, AL)",373927,central,Customer,,,1x4,,8.0,2.66667,275.0,,
"Interfor US, Inc (Belk, AL)",373927,central,Customer,,,1x4,,16.0,5.33333,275.078147200909,,
"Interfor US, Inc (Belk, AL)",373927,central,Customer,,,1x4,,10.0,3.33333,275.250227479527,,
"Interfor US, Inc (Belk, AL)",373927,central,Customer,,,1x4,,12.0,4.0,275.0,,
"Interfor US, Inc (Belk, AL)",373927,central,Customer,,,2x4,,,2.66667,194.227349330357,,
"Interfor US, Inc (Belk, AL)",373927,central,TLR,Birmingham,AL,2x4,,8.0,15.99999,303.2214358396503,,
"Interfor US, Inc (Belk, AL)",373927,central,TLR,Birmingham,AL,2x4,,16.0,21.33334,319.9999733323315,,
"Interfor US, Inc (Belk, AL)",373927,central,TLR,Birmingham,AL,2x4,,10.0,20.00001,321.66939836971966,,
"Interfor US, Inc (Belk, AL)",373927,central,TLR,Birmingham,AL,2x4,,12.0,8.0,285.0,,
"Interfor US, Inc (Belk, AL)",373927,central,TLR,Birmingham,AL,2x4,,14.0,37.33332,338.7440764396825,,
"Interfor US, Inc (Dequincy, LA)",373928,west,Customer,Bryan,TX,2x4,,8.0,15.99999,288.3225166756807,,
"Interfor US, Inc (Dequincy, LA)",373928,west,Customer,Bryan,TX,2x4,,16.0,10.66667,305.0,,
"Interfor US, Inc (Dequincy, LA)",373928,west,Customer,Bryan,TX,2x4,,10.0,26.66668,297.50649069666804,,
"Interfor US, Inc (Dequincy, LA)",373928,west,Customer,Bryan,TX,2x4,,12.0,24.0,288.33334869123934,,
"Interfor US, Inc (Dequincy, LA)",373928,west,Customer,Bryan,TX,2x4,,14.0,27.99999,288.3088608464247,,
"Interfor US, Inc (Dequincy, LA)",373928,west,Customer,Bryan,TX,2x6,,8.0,8.0,275.0,,
"Interfor US, Inc (Dequincy, LA)",373928,west,Customer,Bryan,TX,2x6,,16.0,16.0,275.0,,
"Interfor US, Inc (Dequincy, LA)",373928,west,Customer,Bryan,TX,2x6,,10.0,10.0,275.0,,
"Interfor US, Inc (Dequincy, LA)",373928,west,Customer,Bryan,TX,2x6,,12.0,12.0,275.0,,
"Interfor US, Inc (Dequincy, LA)",373928,west,Customer,Bryan,TX,2x6,,14.0,14.0,275.0,,
"Interfor US, Inc (Dequincy, LA)",373928,west,Customer,Bryan,TX,2x8,,8.0,10.66667,278.16176953125,,
"Interfor US, Inc (Dequincy, LA)",373928,west,Customer,Bryan,TX,2x8,,16.0,21.33333,278.161760253906,,
"Interfor US, Inc (Dequincy, LA)",373928,west,Customer,Bryan,TX,2x8,,6.0,8.0,278.161748697917,,
"Interfor US, Inc (Dequincy, LA)",373928,west,Customer,Bryan,TX,2x8,,10.0,13.33333,278.1617640625,,
"Interfor US, Inc (Dequincy, LA)",373928,west,Customer,Ennis,TX,2x4,,6.0,4.0,300.0,,
"Interfor US, Inc (Dequincy, LA)",373928,west,Customer,Haven,KS,2x6,,16.0,32.0,509.128516031901,,
"Interfor US, Inc (Dequincy, LA)",373928,west,Customer,Haven,KS,2x6,,10.0,10.0,471.744791666667,,
"Interfor US, Inc (Dequincy, LA)",373928,west,Customer,Haven,KS,2x6,,12.0,24.0,466.62853678385454,,
"Interfor US, Inc (Dequincy, LA)",373928,west,Customer,Haven,KS,2x6,,14.0,28.0,506.628531203497,,
"Interfor US, Inc (Dequincy, LA)",373928,west,Customer,Henderson,TX,2x4,,8.0,5.33333,274.950955643707,,
"Interfor US, Inc (Dequincy, LA)",373928,west,Customer,Henderson,TX,2x4,,10.0,6.66667,285.082359728833,,
"Interfor US, Inc (Dequincy, LA)",373928,west,Customer,Henderson,TX,2x4,,12.0,8.0,290.000461237981,,
"Interfor US, Inc (Dequincy, LA)",373928,west,Customer,Henderson,TX,2x4,,14.0,9.33333,319.999742400824,,
"Interfor US, Inc (Dequincy, LA)",373928,west,Customer,Hutchins,TX,2x4,,,2.66667,227.885269412006,,
"Interfor US, Inc (Dequincy, LA)",373928,west,Customer,Lott,TX,2x4,,16.0,10.66667,532.392085098711,,
"Interfor US, Inc (Dequincy, LA)",373928,west,Customer,Middleton,TN,2x6,,10.0,10.0,277.083333333333,,
"Interfor US, Inc (Dequincy, LA)",373928,west,Customer,Port Neches,TX,2x8,,8.0,10.66667,264.999980957031,,
"Interfor US, Inc (Dequincy, LA)",373928,west,Customer,Port Neches,TX,2x8,,16.0,21.33333,265.043138531662,,
"Interfor US, Inc (Dequincy, LA)",373928,west,Customer,Port Neches,TX,2x8,,10.0,13.33333,265.103556076592,,
"Interfor US, Inc (Dequincy, LA)",373928,west,Customer,Port Neches,TX,2x8,,12.0,16.0,265.0,,
"Interfor US, Inc (Dequincy, LA)",373928,west,Customer,Port Neches,TX,2x8,,14.0,18.66667,265.0,,
"Interfor US, Inc (Dequincy, LA)",373928,west,Customer,Saginaw,TX,2x6,,8.0,8.0,285.0,,
"Interfor US, Inc (Dequincy, LA)",373928,west,Customer,Silsbee,TX,2x12,,8.0,16.0,346.666666666667,,
"Interfor US, Inc (Dequincy, LA)",373928,west,Customer,Silsbee,TX,2x12,,16.0,32.0,259.999985351562,,
"Interfor US, Inc (Dequincy, LA)",373928,west,Customer,Silsbee,TX,2x12,,10.0,20.0,173.333323697917,,
"Interfor US, Inc (Dequincy, LA)",373928,west,Customer,Silsbee,TX,2x12,,12.0,24.0,260.0,,
"Interfor US, Inc (Dequincy, LA)",373928,west,Customer,Silsbee,TX,2x12,,14.0,28.0,173.333333333333,,
"Interfor US, Inc (Dequincy, LA)",373928,west,Customer,,,2x4,,12.0,8.0,412.424450549451,,
"Interfor US, Inc (Eatonton, GA)",1029,east,Customer,Atlanta,GA,2x4,,14.0,9.33333,209.114402232239,,
"Interfor US, Inc (Eatonton, GA)",1029,east,Customer,Douglas,GA,2x6,,12.0,12.0,388.697916666667,,
"Interfor US, Inc (Eatonton, GA)",1029,east,Customer,Lawrenceville,GA,2x10,,16.0,26.66667,478.0696109375,,
"Interfor US, Inc (Eatonton, GA)",1029,east,Customer,Lawrenceville,GA,2x4,,16.0,10.66667,503.069711538462,,
"Interfor US, Inc (Eatonton, GA)",1029,east,Customer,Lawrenceville,GA,2x6,,16.0,16.0,318.069543457031,,
"Interfor US, Inc (Eatonton, GA)",1029,east,Customer,Lawrenceville,GA,2x8,,16.0,21.33333,353.127094253622,,
"Interfor US, Inc (Eatonton, GA)",1029,east,Customer,Mc Intyre,GA,2x8,,8.0,10.66667,383.046875,,
"Interfor US, Inc (Eatonton, GA)",1029,east,Customer,Mc Intyre,GA,2x8,,12.0,16.0,373.046875,,
"Interfor US, Inc (Eatonton, GA)",1029,east,Customer,Wellford,SC,2x4,,8.0,5.33333,404.908271354519,,
"Interfor US, Inc (Eatonton, GA)",1029,east,Customer,Wellford,SC,2x4,,10.0,6.66667,420.151099891814,,
"Interfor US, Inc (Eatonton, GA)",1029,east,Customer,Wellford,SC,2x4,,12.0,8.0,420.000450721154,,
"Interfor US, Inc (Eatonton, GA)",1029,east,Customer,Wellford,SC,2x4,,14.0,9.33333,439.943335479717,,
"Interfor US, Inc (Georgetown, SC)",1024,east,Customer,Ridgeway,VA,2x6,,8.0,8.0,369.12841796875,,
"Interfor US, Inc (Monticello, AR)",1031,west,Customer,Ballinger,TX,2x4,,8.0,5.33333,289.916968244212,,
"Interfor US, Inc (Monticello, AR)",1031,west,Customer,Beaumont,TX,2x4,,8.0,5.33333,289.916968244212,,
"Interfor US, Inc (Monticello, AR)",1031,west,Customer,Beloit,WI,2x4,,8.0,5.33333,289.916808440893,,
"Interfor US, Inc (Monticello, AR)",1031,west,Customer,Dallas,TX,2x4,,8.0,63.99996,257.69386981323584,,
"Interfor US, Inc (Monticello, AR)",1031,west,Customer,Dallas,TX,2x4,,6.0,4.0,250.0,,
"Interfor US, Inc (Monticello, AR)",1031,west,Customer,Ft Worth,TX,2x4,,10.0,13.33334,252.56910493144198,,
"Interfor US, Inc (Monticello, AR)",1031,west,Customer,Guthrie,OK,2x4,,8.0,5.33333,428.106564228642,,
"Interfor US, Inc (Monticello, AR)",1031,west,Customer,Houston,TX,2x4,,8.0,5.33333,219.943335479717,,
"Interfor US, Inc (Monticello, AR)",1031,west,Customer,Houston,TX,2x6,,8.0,16.0,302.664726137908,,
"Interfor US, Inc (Monticello, AR)",1031,west,Customer,Hutchins,TX,2x4,,8.0,5.33333,369.893833230895,,
"Interfor US, Inc (Monticello, AR)",1031,west,Customer,Saginaw,TX,2x4,,10.0,6.66667,305.073383012821,,
"Interfor US, Inc (Monticello, AR)",1031,west,Customer,,,2x4,,8.0,10.66666,222.681610735505,,
"Interfor US, Inc (Perry, GA)",1023,east,Customer,East Point,GA,2x4,,8.0,26.66665,313.7176356722678,,
"Interfor US, Inc (Perry, GA)",1023,east,Customer,East Point,GA,2x4,,16.0,42.66668,308.7737829875002,,
"Interfor US, Inc (Perry, GA)",1023,east,Customer,East Point,GA,2x4,,10.0,33.333349999999996,340.35069717062777,,
"Interfor US, Inc (Perry, GA)",1023,east,Customer,East Point,GA,2x4,,12.0,32.0,306.24997295673074,,
"Interfor US, Inc (Perry, GA)",1023,east,Customer,East Point,GA,2x4,,14.0,27.99999,258.92346442269144,,
"Interfor US, Inc (Perry, GA)",1023,east,Customer,Mc Intyre,GA,2x8,,8.0,10.66667,388.40200390625,,
"Interfor US, Inc (Perry, GA)",1023,east,Customer,Mc Intyre,GA,2x8,,12.0,64.0,305.4494545491535,,
"Interfor US, Inc (Perry, GA)",1023,east,Customer,Moore,SC,2x10,,10.0,16.66667,241.569848115507,,
"Interfor US, Inc (Perry, GA)",1023,east,Customer,Moore,SC,2x10,,12.0,20.0,241.6150671875,,
"Interfor US, Inc (Perry, GA)",1023,east,Customer,Moore,SC,2x10,,14.0,23.33333,241.679849986606,,
"Interfor US, Inc (Perry, GA)",1023,east,TLR,Birmingham,AL,2x10,,16.0,80.00001,244.51810158166532,,
"Interfor US, Inc (Perry, GA)",1023,east,TLR,Birmingham,AL,2x10,,10.0,33.33334,254.0582145536385,,
"Interfor US, Inc (Perry, GA)",1023,east,TLR,Birmingham,AL,2x10,,12.0,60.0,252.68354166666668,,
"Interfor US, Inc (Perry, GA)",1023,east,TLR,Birmingham,AL,2x10,,14.0,93.33332,257.5389164837683,,
"Interfor US, Inc (Perry, GA)",1023,east,TLR,Birmingham,AL,2x12,,,8.0,245.0,,
"Interfor US, Inc (Perry, GA)",1023,east,TLR,Birmingham,AL,2x4,,16.0,10.66667,252.041118124436,,
"Interfor US, Inc (Perry, GA)",1023,east,TLR,Birmingham,AL,2x4,,10.0,6.66667,251.978560507717,,
"Interfor US, Inc (Perry, GA)",1023,east,TLR,Birmingham,AL,2x4,,12.0,8.0,251.965380108173,,
"Interfor US, Inc (Perry, GA)",1023,east,TLR,Birmingham,AL,2x4,,14.0,9.33333,252.009927872231,,
"Interfor US, Inc (Perry, GA)",1023,east,TLR,Birmingham,AL,2x8,,,2.66667,128.263888888889,,
"Interfor US, Inc (Preston, GA)",1026,east,Customer,Acworth,GA,2x4,,8.0,5.33333,209.962315182113,,
"Interfor US, Inc (Preston, GA)",1026,east,Customer,Acworth,GA,2x4,,16.0,10.66667,210.047441965292,,
"Interfor US, Inc (Preston, GA)",1026,east,Customer,Acworth,GA,2x4,,10.0,6.66667,210.050480769231,,
"Interfor US, Inc (Preston, GA)",1026,east,Customer,Acworth,GA,2x4,,12.0,8.0,210.000450721154,,
"Interfor US, Inc (Preston, GA)",1026,east,Customer,Carrollton,GA,2x4,,10.0,6.66667,313.873878205128,,
"Interfor US, Inc (Preston, GA)",1026,east,Customer,East Point,GA,2x4,,8.0,10.66666,245.07428193567802,,
"Interfor US, Inc (Preston, GA)",1026,east,Customer,East Point,GA,2x4,,16.0,21.33334,245.0006761155915,,
"Interfor US, Inc (Preston, GA)",1026,east,Customer,East Point,GA,2x4,,10.0,13.33334,245.000588968314,,
"Interfor US, Inc (Preston, GA)",1026,east,Customer,East Point,GA,2x4,,12.0,16.0,245.000592948718,,
"Interfor US, Inc (Preston, GA)",1026,east,Customer,East Point,GA,2x4,,14.0,18.66666,245.04267559677152,,
"Interfor US, Inc (Preston, GA)",1026,east,Customer,Grabill,IN,2x4,,8.0,5.33333,295.851759579264,,
"Interfor US, Inc (Preston, GA)",1026,east,Customer,Grabill,IN,2x4,,16.0,10.66667,295.940667267809,,
"Interfor US, Inc (Preston, GA)",1026,east,Customer,Grabill,IN,2x4,,10.0,6.66667,295.807307692308,,
"Interfor US, Inc (Preston, GA)",1026,east,Customer,Grabill,IN,2x4,,12.0,8.0,295.807310697115,,
"Interfor US, Inc (Preston, GA)",1026,east,Customer,Mc Intyre,GA,2x4,,6.0,4.0,250.0,,
"Interfor US, Inc (Preston, GA)",1026,east,Customer,Mc Intyre,GA,2x8,,8.0,10.66667,282.173913043478,,
"Interfor US, Inc (Preston, GA)",1026,east,Customer,Mc Intyre,GA,2x8,,12.0,32.0,313.762152777778,,
"Interfor US, Inc (Preston, GA)",1026,east,Customer,Toccoa,GA,2x4,,8.0,5.33333,324.916548615583,,
"Interfor US, Inc (Preston, GA)",1026,east,Customer,Wellford,SC,2x10,,16.0,53.33334,310.01390625,,
"Interfor US, Inc (Preston, GA)",1026,east,Customer,Wellford,SC,2x10,,10.0,33.33334,310.01375,,
"Interfor US, Inc (Preston, GA)",1026,east,Customer,Wellford,SC,2x10,,12.0,40.0,310.01390625,,
"Interfor US, Inc (Preston, GA)",1026,east,Customer,Wellford,SC,2x10,,14.0,46.66666,310.069119485622,,
"Interfor US, Inc (Preston, GA)",1026,east,TLR,Birmingham,AL,2x12,,,4.0,123.139880952381,,
"Interfor US, Inc (Preston, GA)",1026,east,TLR,Birmingham,AL,2x4,,8.0,5.33333,366.742786293958,,
"Interfor US, Inc (Preston, GA)",1026,east,TLR,Birmingham,AL,2x4,,16.0,10.66667,366.639472646346,,
"Interfor US, Inc (Preston, GA)",1026,east,TLR,Birmingham,AL,2x4,,10.0,6.66667,366.632286057692,,
"Interfor US, Inc (Preston, GA)",1026,east,TLR,Birmingham,AL,2x8,,,2.66667,123.139880952381,,
"Interfor US, Inc (Swainsboro, GA)",1030,east,Customer,Atlanta,GA,2x4,,8.0,5.33333,190.427130285469,,
"Interfor US, Inc (Swainsboro, GA)",1030,east,Customer,Atlanta,GA,2x4,,14.0,9.33333,191.93474994634,,
"Interfor US, Inc (Swainsboro, GA)",1030,east,Customer,Cleveland,NC,2x4,,10.0,6.66667,370.102518584267,,
"Interfor US, Inc (Swainsboro, GA)",1030,east,Customer,Cleveland,NC,2x4,,14.0,9.33333,369.999245234415,,
"Interfor US, Inc (Swainsboro, GA)",1030,east,Customer,Douglas,GA,2x4,,8.0,5.33333,334.063997595431,,
"Interfor US, Inc (Swainsboro, GA)",1030,east,Customer,Douglas,GA,2x4,,10.0,6.66667,445.525680288462,,
"Interfor US, Inc (Swainsboro, GA)",1030,east,Customer,Douglas,GA,2x4,,12.0,8.0,445.418469551282,,
"Interfor US, Inc (Swainsboro, GA)",1030,east,Customer,Douglas,GA,2x4,,14.0,9.33333,334.063929246093,,
"Interfor US, Inc (Swainsboro, GA)",1030,east,Customer,East Point,GA,2x4,,8.0,42.66664,312.5014894245451,,
"Interfor US, Inc (Swainsboro, GA)",1030,east,Customer,East Point,GA,2x4,,16.0,53.333349999999996,342.0891765747824,,
"Interfor US, Inc (Swainsboro, GA)",1030,east,Customer,East Point,GA,2x4,,10.0,53.33336,312.562970526434,,
"Interfor US, Inc (Swainsboro, GA)",1030,east,Customer,East Point,GA,2x4,,12.0,56.0,308.5718262505724,,
"Interfor US, Inc (Swainsboro, GA)",1030,east,Customer,East Point,GA,2x4,,14.0,65.33331,317.8655122855606,,
"Interfor US, Inc (Swainsboro, GA)",1030,east,Customer,Grabill,IN,2x4,,8.0,5.33333,200.068920949805,,
"Interfor US, Inc (Swainsboro, GA)",1030,east,Customer,Grabill,IN,2x4,,16.0,10.66667,200.008873197115,,
"Interfor US, Inc (Swainsboro, GA)",1030,east,Customer,Grabill,IN,2x4,,10.0,6.66667,200.008798076923,,
"Interfor US, Inc (Swainsboro, GA)",1030,east,Customer,Grabill,IN,2x4,,12.0,8.0,200.008873197115,,
"Interfor US, Inc (Swainsboro, GA)",1030,east,Customer,Grabill,IN,2x4,,14.0,9.33333,200.008809891808,,
"Interfor US, Inc (Swainsboro, GA)",1030,east,TLR,Birmingham,AL,2x4,,8.0,21.33332,303.1088128063515,,
"Interfor US, Inc (Swainsboro, GA)",1030,east,TLR,Birmingham,AL,2x4,,16.0,42.66668,303.09329569676424,,
"Interfor US, Inc (Swainsboro, GA)",1030,east,TLR,Birmingham,AL,2x4,,10.0,26.66668,303.0570654470625,,
"Interfor US, Inc (Swainsboro, GA)",1030,east,TLR,Birmingham,AL,2x4,,12.0,32.0,303.0668896484377,,
"Interfor US, Inc (Thomaston, GA)",1027,east,Customer,Douglas,GA,2x8,,12.0,16.0,393.697916666667,,
"Interfor US, Inc (Thomaston, GA)",1027,east,Customer,Mc Intyre,GA,2x8,,8.0,10.66667,310.000013760653,,
"Interfor US, Inc (Thomaston, GA)",1027,east,TLR,Birmingham,AL,2x8,,,2.66667,128.224424715909,,
"International Forest Products (New Orleans, LA)",376070,west,Customer,Moundville,AL,4x1,,,3.75,1249.0666666666698,,
"J&H Forest Products, Inc (Coeur D Alene, ID)",379451,nan,Customer,Bryan,TX,2x4,,16.0,10.66667,523.405612244898,,
"J&J Lumber Company, Inc (Amity, AR)",892,nan,Customer,Hearne,TX,3x4,,,19.99998,366.050855674399,,
"J&J Lumber Company, Inc (Amity, AR)",892,nan,Customer,Rogers,AR,3x3,,,5.25,800.7420266808019,,
"JHT Robertson Lumber, Inc (Fairfield, IL)",890,nan,Customer,Baltimore,MD,4x12,,10.0,40.0,750.0,,
"JHT Robertson Lumber, Inc (Fairfield, IL)",890,nan,Customer,Lebanon,OH,4x4,,16.0,21.33333,1500.53987694111,,
"JHT Robertson Lumber, Inc (Fairfield, IL)",890,nan,Customer,Lebanon,OH,4x6,,16.0,32.0,1500.53995535714,,
"JHT Robertson Lumber, Inc (Fairfield, IL)",890,nan,Customer,Lebanon,OH,6x6,,16.0,96.0,1566.4074074074051,,
"JHT Robertson Lumber, Inc (Fairfield, IL)",890,nan,Customer,Osceola,IA,3x5,,8.0,20.0,1530.975078125,,
"JHT Robertson Lumber, Inc (Fairfield, IL)",890,nan,Customer,Osceola,IA,3x5,,10.0,12.5,1312.00208333333,,
"JHT Robertson Lumber, Inc (Fairfield, IL)",890,nan,Customer,Osceola,IA,3x5,,12.0,15.0,1312.00206746032,,
"JHT Robertson Lumber, Inc (Fairfield, IL)",890,nan,Customer,Osceola,IA,4x6,,8.0,32.0,1218.97507440476,,
"JHT Robertson Lumber, Inc (Fairfield, IL)",890,nan,Customer,Osceola,IA,4x6,,16.0,64.0,1403.47596819196,,
"JHT Robertson Lumber, Inc (Fairfield, IL)",890,nan,Customer,Osceola,IA,4x6,,10.0,40.0,1274.47598313492,,
"JHT Robertson Lumber, Inc (Fairfield, IL)",890,nan,Customer,Osceola,IA,4x6,,12.0,48.0,1269.47522420635,,
"JHT Robertson Lumber, Inc (Fairfield, IL)",890,nan,Customer,Osceola,IA,4x6,,18.0,72.0,1675.47486772487,,
"JHT Robertson Lumber, Inc (Fairfield, IL)",890,nan,Customer,Osceola,IA,4x6,,20.0,120.0,1756.82070990566,,
"JHT Robertson Lumber, Inc (Fairfield, IL)",890,nan,Customer,Osceola,IA,4x6,,22.0,88.0,1771.035969196095,,
"JM Forest Products, LLC (Pulaski, TN)",375415,nan,Customer,Rochelle,IL,126x72,,,6.0,61714.99778787882,,
"JM Forest Products, LLC (Pulaski, TN)",375415,nan,Customer,Rochelle,IL,60x60,,23.0,1.0,180350.0,,
"JM Forest Products, LLC (Pulaski, TN)",375415,nan,Customer,Rochelle,IL,60x92,,,5.0,79599.99811111111,,
"Jack Batte and Sons, Inc. (Forest, MS)",14377,central,Customer,Armorel,AR,4x6,,8.0,16.0,462.857142857143,,
"Jack Batte and Sons, Inc. (Forest, MS)",14377,central,Customer,Auburn,KY,4x6,,8.0,16.0,347.755102040816,,
"Jack Batte and Sons, Inc. (Forest, MS)",14377,central,Customer,Auburn,KY,4x6,,16.0,64.0,428.2142857142855,,
"Jack Batte and Sons, Inc. (Forest, MS)",14377,central,Customer,Auburn,KY,4x6,,10.0,20.0,304.285692410714,,
"Jack Batte and Sons, Inc. (Forest, MS)",14377,central,Customer,Auburn,KY,4x6,,12.0,24.0,426.0,,
"Jack Batte and Sons, Inc. (Forest, MS)",14377,central,Customer,Bryan,TX,4x6,,8.0,85.0,379.9999945746528,,
"Jack Batte and Sons, Inc. (Forest, MS)",14377,central,Customer,Bryan,TX,4x6,,16.0,170.0,368.3333304398148,,
"Jack Batte and Sons, Inc. (Forest, MS)",14377,central,Customer,Bryan,TX,4x6,,10.0,52.5,330.0,,
"Jack Batte and Sons, Inc. (Forest, MS)",14377,central,Customer,Bryan,TX,4x6,,12.0,72.0,360.0,,
"Jack Batte and Sons, Inc. (Forest, MS)",14377,central,Customer,Bryan,TX,4x6,,14.0,84.0,359.9999873511903,,
"Jack Batte and Sons, Inc. (Forest, MS)",14377,central,Customer,Denton,TX,4x6,,8.0,10.0,300.0,,
"Jack Batte and Sons, Inc. (Forest, MS)",14377,central,Customer,Denton,TX,4x6,,16.0,20.0,300.0,,
"Jack Batte and Sons, Inc. (Forest, MS)",14377,central,Customer,Denton,TX,4x6,,10.0,12.5,300.0,,
"Jack Batte and Sons, Inc. (Forest, MS)",14377,central,Customer,Denton,TX,4x6,,12.0,7.5,300.0,,
"Jack Batte and Sons, Inc. (Forest, MS)",14377,central,Customer,Grabill,IN,4x6,,18.0,36.0,468.0,,
"Jack Batte and Sons, Inc. (Forest, MS)",14377,central,Customer,Haleyville,AL,4x6,,16.0,96.0,416.3095238095237,,
"Jack Batte and Sons, Inc. (Forest, MS)",14377,central,Customer,Haleyville,AL,4x6,,12.0,24.0,426.857142857143,,
"Jack Batte and Sons, Inc. (Forest, MS)",14377,central,Customer,Haleyville,AL,4x6,,20.0,120.0,523.3333333333334,,
"Jack Batte and Sons, Inc. (Forest, MS)",14377,central,Customer,Houston,TX,4x6,,,1.25,125.0,,
"Jack Batte and Sons, Inc. (Forest, MS)",14377,central,Customer,Houston,TX,4x6,,6.0,3.75,240.0,,
"Jack Batte and Sons, Inc. (Forest, MS)",14377,central,Customer,Mc Intyre,GA,4x6,,8.0,16.0,443.571382068452,,
"Jack Batte and Sons, Inc. (Forest, MS)",14377,central,Customer,Mc Intyre,GA,4x6,,10.0,20.0,400.0,,
"Jack Batte and Sons, Inc. (Forest, MS)",14377,central,Customer,Mc Intyre,GA,4x6,,12.0,24.0,458.035667782738,,
"Jack Batte and Sons, Inc. (Forest, MS)",14377,central,Customer,Memphis,TN,4x6,,12.0,7.5,305.0,,
"Jack Batte and Sons, Inc. (Forest, MS)",14377,central,Customer,Pine Bluff,AR,4x6,,16.0,32.0,385.357142857143,,
"Jack Batte and Sons, Inc. (Forest, MS)",14377,central,Customer,Ranburne,AL,4x6,,10.0,60.0,422.1666352513227,,
"Jack Batte and Sons, Inc. (Forest, MS)",14377,central,Customer,Scammon,KS,4x6,,8.0,32.0,460.4464053199405,,
"Jack Batte and Sons, Inc. (Forest, MS)",14377,central,Customer,Stephens,AR,4x6,,8.0,16.0,370.0,,
"Jack Batte and Sons, Inc. (Forest, MS)",14377,central,Customer,Stephens,AR,4x6,,16.0,64.0,537.6785714285716,,
"Jack Batte and Sons, Inc. (Forest, MS)",14377,central,Customer,Stephens,AR,4x6,,10.0,20.0,422.857142857143,,
"Jack Batte and Sons, Inc. (Forest, MS)",14377,central,Customer,Stephens,AR,4x6,,12.0,24.0,158.571428571429,,
"Jack Batte and Sons, Inc. (Forest, MS)",14377,central,Customer,Stephens,AR,4x6,,14.0,56.0,529.7802197802195,,
"Jack Batte and Sons, Inc. (Forest, MS)",14377,central,Customer,Tuscumbia,AL,4x6,,16.0,64.0,448.392857142857,,
"Jack Batte and Sons, Inc. (Forest, MS)",14377,central,Customer,,,4x6,,12.0,24.0,467.678571428571,,
"Jack Batte and Sons, Inc. (Forest, MS)",14377,central,Customer,,,4x6,,20.0,40.0,520.0,,
"Jack Batte and Sons, Inc. (Forest, MS)",14377,central,TLR,Birmingham,AL,4x6,,8.0,16.0,384.99998046875,,
"Jack Batte and Sons, Inc. (Forest, MS)",14377,central,TLR,Birmingham,AL,4x6,,16.0,32.0,385.0,,
"Jack Batte and Sons, Inc. (Forest, MS)",14377,central,TLR,Birmingham,AL,4x6,,,5.0,285.0,,
"Jack Batte and Sons, Inc. (Forest, MS)",14377,central,TLR,Birmingham,AL,4x6,,10.0,20.0,385.0,,
"Jack Batte and Sons, Inc. (Forest, MS)",14377,central,TLR,Birmingham,AL,4x6,,12.0,24.0,384.99998046875,,
"Jack Batte and Sons, Inc. (Forest, MS)",14377,central,TLR,Birmingham,AL,4x6,,14.0,28.0,385.0,,
"Jack Batte and Sons, Inc. (Forest, MS)",14377,central,TLR,Birmingham,AL,6x6,,8.0,24.0,375.0,,
"Jack Batte and Sons, Inc. (Forest, MS)",14377,central,TLR,Birmingham,AL,6x6,,,18.0,200.0,,
"Jack Batte and Sons, Inc. (Forest, MS)",14377,central,TLR,Birmingham,AL,6x6,,10.0,90.0,361.6666666666667,,
"Jack Batte and Sons, Inc. (Forest, MS)",14377,central,TLR,Birmingham,AL,6x6,,12.0,72.0,362.5,,
"Jadwin Lumber Company, LLC (Salem, MO)",886,nan,Customer,Bourbonnais,IL,4x4,,8.0,21.33334,458.2179321625345,,
"Jadwin Lumber Company, LLC (Salem, MO)",886,nan,Customer,Catoosa,OK,3x4,,8.0,16.0,441.392005997475,,
"Jadwin Lumber Company, LLC (Salem, MO)",886,nan,Customer,Cedar Springs,GA,4x4,,,21.33332,422.989582885113,,
"Jadwin Lumber Company, LLC (Salem, MO)",886,nan,Customer,Elkhart,TX,3x4,,8.0,8.0,483.048977272727,,
"Jadwin Lumber Company, LLC (Salem, MO)",886,nan,Customer,Euless,TX,3x4,,8.0,8.0,483.048977272727,,
"Jadwin Lumber Company, LLC (Salem, MO)",886,nan,Customer,Evansville,WI,3x4,,8.0,8.0,442.78401199495,,
"Jadwin Lumber Company, LLC (Salem, MO)",886,nan,Customer,Flowood,MS,4x4,,8.0,170.66672,458.8308500846533,,
"Jadwin Lumber Company, LLC (Salem, MO)",886,nan,Customer,Fulton,MS,3x4,,8.0,16.0,483.048977272727,,
"Jadwin Lumber Company, LLC (Salem, MO)",886,nan,Customer,Grapeland,TX,3x4,,8.0,16.0,483.048977272727,,
"Jadwin Lumber Company, LLC (Salem, MO)",886,nan,Customer,Haltom City,TX,4x4,,8.0,21.33334,458.2179321625345,,
"Jadwin Lumber Company, LLC (Salem, MO)",886,nan,Customer,Houston,TX,3x4,,8.0,24.0,469.67170770202,,
"Jadwin Lumber Company, LLC (Salem, MO)",886,nan,Customer,Jackson,TN,2x4,,8.0,10.66666,387.980297135191,,
"Jadwin Lumber Company, LLC (Salem, MO)",886,nan,Customer,Jackson,TN,3x4,,8.0,8.0,483.048977272727,,
"Jadwin Lumber Company, LLC (Salem, MO)",886,nan,Customer,Jackson,TN,4x4,,8.0,42.66668,460.7179321625345,,
"Jadwin Lumber Company, LLC (Salem, MO)",886,nan,Customer,Jewett,TX,3x4,,8.0,16.0,457.982915088384,,
"Jadwin Lumber Company, LLC (Salem, MO)",886,nan,Customer,Kankakee,IL,3x4,,8.0,8.0,483.048899936869,,
"Jadwin Lumber Company, LLC (Salem, MO)",886,nan,Customer,Kankakee,IL,4x4,,8.0,21.33334,484.5734556502525,,
"Jadwin Lumber Company, LLC (Salem, MO)",886,nan,Customer,Memphis,TN,3x4,,8.0,8.0,442.916761363636,,
"Jadwin Lumber Company, LLC (Salem, MO)",886,nan,Customer,Memphis,TN,4x4,,8.0,10.66667,442.916761363636,,
"Jadwin Lumber Company, LLC (Salem, MO)",886,nan,Customer,Pelham,AL,4x4,,8.0,10.66667,433.109848484849,,
"Jadwin Lumber Company, LLC (Salem, MO)",886,nan,Customer,Rensselaer,IN,3x4,,8.0,8.0,392.849959753788,,
"Jadwin Lumber Company, LLC (Salem, MO)",886,nan,Customer,Savannah,GA,3x4,,8.0,16.0,484.096935261708,,
"Jasper Lumber Co, Inc (Jasper, AL)",1033,central,Customer,Armorel,AR,2x6,,8.0,8.0,277.391314962636,,
"Jasper Lumber Co, Inc (Jasper, AL)",1033,central,Customer,Atlanta,GA,2x4,,8.0,5.33333,334.903831182135,,
"Jasper Lumber Co, Inc (Jasper, AL)",1033,central,Customer,Brent,AL,4x4,,12.0,16.0,415.0,,
"Jasper Lumber Co, Inc (Jasper, AL)",1033,central,Customer,Des Plaines,IL,4x4,,12.0,16.0,430.0,,
"Jasper Lumber Co, Inc (Jasper, AL)",1033,central,Customer,Ranburne,AL,4x4,,12.0,16.0,391.36368006993,,
"Jasper Lumber Co, Inc (Jasper, AL)",1033,central,TLR,Birmingham,AL,2x8,,,2.66667,75.0,,
"Johnson Lumber Co, Inc (Spavinaw, OK)",15276,nan,Customer,Kennedale,TX,2x12,,,50.0,950.0,,
"Johnson Lumber Co, Inc (Spavinaw, OK)",15276,nan,Customer,Kennedale,TX,4x12,,,54.66667,950.199020208206,,
"Johnson Lumber Co, Inc (Spavinaw, OK)",15276,nan,Customer,Oklahoma City,OK,3x8,,12.0,24.0,1050.0,,
"Jordan Lumber & Supply, Inc (Mt. Gilead, NC)",14877,east,Customer,Archdale,NC,2x6,,,2.0,93.3333333333333,,
"Joseph Swartzentruber (Salem, AR)",898,nan,Customer,Blytheville,AR,3x4,,8.0,8.0,322.237784819347,,
"Joseph Swartzentruber (Salem, AR)",898,nan,Customer,Blytheville,AR,3x4,,,12.0,322.237784819347,,
"Joseph Swartzentruber (Salem, AR)",898,nan,Customer,Blytheville,AR,3x4,,7.0,7.0,365.0,,
"Joseph Swartzentruber (Salem, AR)",898,nan,Customer,Rochelle,IL,3x4,,,96.0,322.237784819347,,
"Joseph Swartzentruber (Salem, AR)",898,nan,Customer,Saint Joseph,MO,3x4,,8.0,8.0,322.237784819347,,
"Joseph Swartzentruber (Salem, AR)",898,nan,Customer,Searcy,AR,3x4,,8.0,8.0,322.237784819347,,
"Joseph Swartzentruber (Salem, AR)",898,nan,Customer,Stock Yards,IL,3x4,,7.0,168.0,364.9039486154871,,
"Josiah Christner (Carrsville, KY)",376981,nan,Customer,Evansville,WI,3x4,,8.0,8.0,425.0,,
"Josiah Christner (Carrsville, KY)",376981,nan,Customer,Grapeland,TX,3x4,,8.0,8.0,425.0,,
"Josiah Christner (Carrsville, KY)",376981,nan,Customer,Litchfield,IL,3x4,,8.0,8.0,399.999973958333,,
"Josiah Christner (Carrsville, KY)",376981,nan,Customer,Longview,TX,3x4,,8.0,8.0,425.0,,
"Josiah Christner (Carrsville, KY)",376981,nan,Customer,Portland,IN,3x4,,8.0,16.0,405.0,,
"Josiah Christner (Carrsville, KY)",376981,nan,Customer,Rensselaer,IN,3x4,,8.0,8.0,399.999973958333,,
"Josiah Christner (Carrsville, KY)",376981,nan,Customer,Savannah,GA,3x4,,8.0,8.0,385.0,,
"Josiah Christner (Carrsville, KY)",376981,nan,Customer,Seguin,TX,3x4,,8.0,8.0,385.0,,
"Josiah Christner (Carrsville, KY)",376981,nan,Customer,Vincent,AL,3x4,,8.0,8.0,425.0,,
"Josiah Christner (Carrsville, KY)",376981,nan,Customer,Wolcott,IN,3x4,,8.0,16.0,417.5,,
"K&R Sawmill (Viola, AR)",372983,nan,Customer,Benton,AR,3x3,,8.0,6.0,345.605006105006,,
"K&R Sawmill (Viola, AR)",372983,nan,Customer,Blytheville,AR,3x4,,8.0,16.0,320.0,,
"K&R Sawmill (Viola, AR)",372983,nan,Customer,Blytheville,AR,3x4,,,8.0,321.119026806527,,
"K&R Sawmill (Viola, AR)",372983,nan,Customer,Catoosa,OK,3x4,,8.0,8.0,399.999973958333,,
"K&R Sawmill (Viola, AR)",372983,nan,Customer,Cedar Springs,GA,4x4,,8.0,10.66667,542.639678030303,,
"K&R Sawmill (Viola, AR)",372983,nan,Customer,Cedar Springs,GA,4x4,,,10.66666,486.01295448354904,,
"K&R Sawmill (Viola, AR)",372983,nan,Customer,Decatur,AL,3x4,,8.0,64.0,326.3024623033215,,
"K&R Sawmill (Viola, AR)",372983,nan,Customer,Evansville,WI,3x4,,8.0,16.0,412.5,,
"K&R Sawmill (Viola, AR)",372983,nan,Customer,Fort Worth,TX,3x4,,8.0,8.0,385.0,,
"K&R Sawmill (Viola, AR)",372983,nan,Customer,Gentry,AR,3x4,,8.0,8.0,430.0,,
"K&R Sawmill (Viola, AR)",372983,nan,Customer,Greeley,CO,1x4,,8.0,2.66667,600.787401574803,,
"K&R Sawmill (Viola, AR)",372983,nan,Customer,Greeley,CO,3x4,,8.0,8.0,385.0,,
"K&R Sawmill (Viola, AR)",372983,nan,Customer,Hewitt,TX,3x4,,8.0,8.0,385.0,,
"K&R Sawmill (Viola, AR)",372983,nan,Customer,Jewett,TX,3x4,,8.0,16.0,414.99998697916647,,
"K&R Sawmill (Viola, AR)",372983,nan,Customer,Lafayette,IN,6x6,,8.0,96.0,311.80873842592575,,
"K&R Sawmill (Viola, AR)",372983,nan,Customer,Lancaster,SC,3x4,,8.0,8.0,399.999973958333,,
"K&R Sawmill (Viola, AR)",372983,nan,Customer,Longview,TX,3x4,,8.0,24.0,428.3333333333333,,
"K&R Sawmill (Viola, AR)",372983,nan,Customer,Malvern,AR,3x4,,8.0,16.0,451.1739662247475,,
"K&R Sawmill (Viola, AR)",372983,nan,Customer,Monroe,LA,3x4,,8.0,8.0,399.999973958333,,
"K&R Sawmill (Viola, AR)",372983,nan,Customer,North Birmingham,AL,3x4,,8.0,40.0,332.26907051282024,,
"K&R Sawmill (Viola, AR)",372983,nan,Customer,Oklahoma City,OK,3x3,,,10.875,390.05374750332896,,
"K&R Sawmill (Viola, AR)",372983,nan,Customer,Rochelle,IL,3x4,,,40.0,320.11188599941727,,
"K&R Sawmill (Viola, AR)",372983,nan,Customer,Rochelle,IL,4x6,,,32.0,323.9551850348722,,
"K&R Sawmill (Viola, AR)",372983,nan,Customer,Saint Joseph,MO,3x4,,8.0,104.0,321.1847504818898,,
"K&R Sawmill (Viola, AR)",372983,nan,Customer,Seguin,TX,3x4,,8.0,8.0,399.999973958333,,
"K&R Sawmill (Viola, AR)",372983,nan,Customer,Shawnee,OK,3x4,,8.0,16.0,321.1188844630745,,
"K&R Sawmill (Viola, AR)",372983,nan,Customer,Stock Yards,IL,3x4,,7.0,14.0,365.0,,
"King Lumber - Lincoln Lumber Miss. LLC DBA (Forest, MS)",371990,central,Customer,Brent,AL,1x4,,8.0,2.66667,574.999968927557,,
"King Lumber - Lincoln Lumber Miss. LLC DBA (Forest, MS)",371990,central,Customer,Houston,TX,1x6,,12.0,6.0,324.999984266493,,
"King Lumber - Lincoln Lumber Miss. LLC DBA (Forest, MS)",371990,central,Customer,Ripley,TN,1x4,,14.0,4.66667,470.000025755495,,
"KyKenKee, Inc (Vance, AL)",1037,central,Customer,Birmingham,AL,4x4,,8.0,10.66667,801.072327077748,,
"KyKenKee, Inc (Vance, AL)",1037,central,Customer,Ghent,KY,4x4,,8.0,10.66667,430.647345172631,,
"KyKenKee, Inc (Vance, AL)",1037,central,Customer,Montgomery,AL,4x4,,10.0,39.99999,393.05945830494335,,
"KyKenKee, Inc (Vance, AL)",1037,central,Customer,Selmer,TN,4x4,,12.0,16.0,420.0,,
"KyKenKee, Inc (Vance, AL)",1037,central,Customer,Webb,AL,1x4,,8.0,2.66667,399.900384615385,,
"KyKenKee, Inc (Vance, AL)",1037,central,Customer,Webb,AL,2x4,,8.0,5.33333,310.001416613007,,
"KyKenKee, Inc (Vance, AL)",1037,central,Customer,Webb,AL,4x4,,8.0,64.00002,427.5150388121062,,
"KyKenKee, Inc (Vance, AL)",1037,central,TLR,Birmingham,AL,6x6,,8.0,24.0,375.0,,
"LaSalle Lumber Company, LLC (Olla, LA)",15975,west,Customer,Adair,OK,2x4,,16.0,10.66667,594.157971145176,,
"LaSalle Lumber Company, LLC (Olla, LA)",15975,west,Customer,Adair,OK,2x4,,12.0,8.0,498.890368088942,,
"LaSalle Lumber Company, LLC (Olla, LA)",15975,west,Customer,Adair,OK,2x4,,14.0,9.33333,518.890426271732,,
"LaSalle Lumber Company, LLC (Olla, LA)",15975,west,Customer,Adair,OK,2x4,,18.0,12.0,508.890357905983,,
"LaSalle Lumber Company, LLC (Olla, LA)",15975,west,Customer,Alvarado,TX,2x4,,8.0,5.33333,235.010088001717,,
"LaSalle Lumber Company, LLC (Olla, LA)",15975,west,Customer,Alvarado,TX,2x4,,10.0,6.66667,375.0,,
"LaSalle Lumber Company, LLC (Olla, LA)",15975,west,Customer,Alvarado,TX,2x4,,12.0,8.0,375.0,,
"LaSalle Lumber Company, LLC (Olla, LA)",15975,west,Customer,Amarillo,TX,2x6,,10.0,10.0,175.0,,
"LaSalle Lumber Company, LLC (Olla, LA)",15975,west,Customer,Armorel,AR,2x4,,10.0,6.66667,290.004242141433,,
"LaSalle Lumber Company, LLC (Olla, LA)",15975,west,Customer,Atlanta,GA,2x6,,16.0,16.0,245.0,,
"LaSalle Lumber Company, LLC (Olla, LA)",15975,west,Customer,Austin,TX,2x4,,12.0,8.0,394.999958554377,,
"LaSalle Lumber Company, LLC (Olla, LA)",15975,west,Customer,Baton Rouge,LA,2x4,,16.0,10.66667,537.957820118828,,
"LaSalle Lumber Company, LLC (Olla, LA)",15975,west,Customer,Benton,KY,2x8,,16.0,21.33333,425.051886216579,,
"LaSalle Lumber Company, LLC (Olla, LA)",15975,west,Customer,Benton,KY,2x8,,10.0,13.33333,400.07814026177,,
"LaSalle Lumber Company, LLC (Olla, LA)",15975,west,Customer,Benton,KY,2x8,,12.0,16.0,430.0,,
"LaSalle Lumber Company, LLC (Olla, LA)",15975,west,Customer,Benton,KY,2x8,,14.0,18.66667,380.0,,
"LaSalle Lumber Company, LLC (Olla, LA)",15975,west,Customer,Bloomfield,IA,2x8,,10.0,13.33333,520.650011720276,,
"LaSalle Lumber Company, LLC (Olla, LA)",15975,west,Customer,Bloomfield,IA,2x8,,12.0,16.0,550.582161458333,,
"LaSalle Lumber Company, LLC (Olla, LA)",15975,west,Customer,Bloomfield,IA,2x8,,14.0,18.66667,505.582209821429,,
"LaSalle Lumber Company, LLC (Olla, LA)",15975,west,Customer,Bloomfield,IA,2x8,,20.0,26.66667,587.5822265625,,
"LaSalle Lumber Company, LLC (Olla, LA)",15975,west,Customer,Bolivar,TN,2x6,,8.0,8.0,245.0,,
"LaSalle Lumber Company, LLC (Olla, LA)",15975,west,Customer,Brookline Station,MO,2x4,,12.0,8.0,355.0,,
"LaSalle Lumber Company, LLC (Olla, LA)",15975,west,Customer,Brookline Station,MO,2x4,,18.0,24.0,395.0,,
"LaSalle Lumber Company, LLC (Olla, LA)",15975,west,Customer,Bryan,TX,2x4,,8.0,5.33333,250.0032780168,,
"LaSalle Lumber Company, LLC (Olla, LA)",15975,west,Customer,Bryan,TX,2x4,,10.0,80.00004,310.7525618642058,,
"LaSalle Lumber Company, LLC (Olla, LA)",15975,west,Customer,Bryan,TX,2x4,,12.0,16.0,280.0,,
"LaSalle Lumber Company, LLC (Olla, LA)",15975,west,Customer,Bryan,TX,2x4,,14.0,9.33333,260.0,,
"LaSalle Lumber Company, LLC (Olla, LA)",15975,west,Customer,Bryan,TX,2x6,,8.0,16.0,282.499993418818,,
"LaSalle Lumber Company, LLC (Olla, LA)",15975,west,Customer,Bryan,TX,2x6,,16.0,64.0,224.35416774865348,,
"LaSalle Lumber Company, LLC (Olla, LA)",15975,west,Customer,Bryan,TX,2x6,,10.0,50.0,281.1999835526316,,
"LaSalle Lumber Company, LLC (Olla, LA)",15975,west,Customer,Bryan,TX,2x6,,14.0,56.0,283.999935611264,,
"LaSalle Lumber Company, LLC (Olla, LA)",15975,west,Customer,Bryan,TX,2x8,,8.0,53.333349999999996,292.289078841146,,
"LaSalle Lumber Company, LLC (Olla, LA)",15975,west,Customer,Bryan,TX,2x8,,16.0,106.66665,303.1849085951794,,
"LaSalle Lumber Company, LLC (Olla, LA)",15975,west,Customer,Bryan,TX,2x8,,10.0,93.33331,329.73114700344087,,
"LaSalle Lumber Company, LLC (Olla, LA)",15975,west,Customer,Bryan,TX,2x8,,12.0,64.0,338.0309418945312,,
"LaSalle Lumber Company, LLC (Olla, LA)",15975,west,Customer,Bryan,TX,2x8,,14.0,56.00001,285.2577659970237,,
"LaSalle Lumber Company, LLC (Olla, LA)",15975,west,Customer,Carrollton,MO,2x6,,18.0,18.0,290.000012586806,,
"LaSalle Lumber Company, LLC (Olla, LA)",15975,west,Customer,Carrollton,MO,2x6,,20.0,60.0,284.392949363426,,
"LaSalle Lumber Company, LLC (Olla, LA)",15975,west,Customer,Cassville,MO,2x4,,14.0,9.33333,280.012019746727,,
"LaSalle Lumber Company, LLC (Olla, LA)",15975,west,Customer,Conroe,TX,2x4,,10.0,6.66667,360.009849171681,,
"LaSalle Lumber Company, LLC (Olla, LA)",15975,west,Customer,Conroe,TX,2x8,,8.0,10.66667,230.0,,
"LaSalle Lumber Company, LLC (Olla, LA)",15975,west,Customer,Conroe,TX,2x8,,10.0,13.33333,230.022463131165,,
"LaSalle Lumber Company, LLC (Olla, LA)",15975,west,Customer,Conroe,TX,2x8,,14.0,18.66667,230.0,,
"LaSalle Lumber Company, LLC (Olla, LA)",15975,west,Customer,Corsicana,TX,2x6,,16.0,16.0,261.25,,
"LaSalle Lumber Company, LLC (Olla, LA)",15975,west,Customer,Dallas,TX,2x4,,8.0,90.66661,273.79666604144364,,
"LaSalle Lumber Company, LLC (Olla, LA)",15975,west,Customer,Dallas,TX,2x4,,10.0,26.66668,300.00424532303924,,
"LaSalle Lumber Company, LLC (Olla, LA)",15975,west,Customer,Dallas,TX,2x4,,12.0,32.0,333.750010731456,,
"LaSalle Lumber Company, LLC (Olla, LA)",15975,west,Customer,Dallas,TX,2x4,,14.0,9.33333,185.007930886456,,
"LaSalle Lumber Company, LLC (Olla, LA)",15975,west,Customer,Dallas,TX,2x6,,8.0,32.0,262.999985988451,,
"LaSalle Lumber Company, LLC (Olla, LA)",15975,west,Customer,Dallas,TX,2x6,,10.0,30.0,286.666660692402,,
"LaSalle Lumber Company, LLC (Olla, LA)",15975,west,Customer,Denison,TX,2x6,,20.0,20.0,407.944078947368,,
"LaSalle Lumber Company, LLC (Olla, LA)",15975,west,Customer,Denton,TX,2x6,,8.0,8.0,340.0,,
"LaSalle Lumber Company, LLC (Olla, LA)",15975,west,Customer,Denton,TX,2x6,,20.0,40.0,290.000006293403,,
"LaSalle Lumber Company, LLC (Olla, LA)",15975,west,Customer,Duluth,GA,2x4,,12.0,56.0,395.1785536661615,,
"LaSalle Lumber Company, LLC (Olla, LA)",15975,west,Customer,Durant,OK,2x4,,12.0,16.0,295.0,,
"LaSalle Lumber Company, LLC (Olla, LA)",15975,west,Customer,Eatonton,GA,2x4,,10.0,6.66667,190.00381792729,,
"LaSalle Lumber Company, LLC (Olla, LA)",15975,west,Customer,Edinburg,TX,2x4,,10.0,13.33334,263.88251389301297,,
"LaSalle Lumber Company, LLC (Olla, LA)",15975,west,Customer,Edinburg,TX,2x4,,14.0,18.66666,307.51322172139953,,
"LaSalle Lumber Company, LLC (Olla, LA)",15975,west,Customer,Ennis,TX,2x4,,8.0,5.33333,175.002031960664,,
"LaSalle Lumber Company, LLC (Olla, LA)",15975,west,Customer,Ennis,TX,2x4,,10.0,26.66668,316.2035670046237,,
"LaSalle Lumber Company, LLC (Olla, LA)",15975,west,Customer,Ennis,TX,2x6,,8.0,8.0,277.391314962636,,
"LaSalle Lumber Company, LLC (Olla, LA)",15975,west,Customer,Ennis,TX,2x6,,10.0,40.0,219.04687141927076,,
"LaSalle Lumber Company, LLC (Olla, LA)",15975,west,Customer,Flintville,TN,2x4,,12.0,24.0,396.2499723695846,,
"LaSalle Lumber Company, LLC (Olla, LA)",15975,west,Customer,Fort Payne,AL,2x4,,16.0,10.66667,185.002444171276,,
"LaSalle Lumber Company, LLC (Olla, LA)",15975,west,Customer,Ft Worth,TX,2x4,,16.0,10.66667,315.004080721164,,
"LaSalle Lumber Company, LLC (Olla, LA)",15975,west,Customer,Ft Worth,TX,2x4,,10.0,40.00002,302.50557377571016,,
"LaSalle Lumber Company, LLC (Olla, LA)",15975,west,Customer,Ft Worth,TX,2x4,,12.0,24.0,316.6681290064103,,
"LaSalle Lumber Company, LLC (Olla, LA)",15975,west,Customer,Ft Worth,TX,2x6,,8.0,24.0,171.66666666666666,,
"LaSalle Lumber Company, LLC (Olla, LA)",15975,west,Customer,Ft Worth,TX,2x6,,10.0,100.0,233.16842224506573,,
"LaSalle Lumber Company, LLC (Olla, LA)",15975,west,Customer,Gentry,AR,2x4,,20.0,13.33333,315.004242141433,,
"LaSalle Lumber Company, LLC (Olla, LA)",15975,west,Customer,Grand Prairie,TX,2x4,,8.0,10.66666,203.43750727309998,,
"LaSalle Lumber Company, LLC (Olla, LA)",15975,west,Customer,Grand Prairie,TX,2x4,,18.0,12.0,354.99995782726,,
"LaSalle Lumber Company, LLC (Olla, LA)",15975,west,Customer,Guthrie,OK,2x4,,10.0,6.66667,190.00254528486,,
"LaSalle Lumber Company, LLC (Olla, LA)",15975,west,Customer,Haleyville,AL,2x6,,10.0,10.0,205.0,,
"LaSalle Lumber Company, LLC (Olla, LA)",15975,west,Customer,Haleyville,AL,2x6,,18.0,18.0,230.000016927083,,
"LaSalle Lumber Company, LLC (Olla, LA)",15975,west,Customer,Haleyville,AL,2x6,,20.0,20.0,230.000016927083,,
"LaSalle Lumber Company, LLC (Olla, LA)",15975,west,Customer,Haven,KS,2x6,,16.0,16.0,445.659711914063,,
"LaSalle Lumber Company, LLC (Olla, LA)",15975,west,Customer,Haven,KS,2x6,,10.0,10.0,380.65971875,,
"LaSalle Lumber Company, LLC (Olla, LA)",15975,west,Customer,Haven,KS,2x6,,12.0,12.0,430.659722222222,,
"LaSalle Lumber Company, LLC (Olla, LA)",15975,west,Customer,Haven,KS,2x6,,14.0,14.0,425.659737723214,,
"LaSalle Lumber Company, LLC (Olla, LA)",15975,west,Customer,Hearne,TX,2x4,,12.0,24.0,291.6666666666667,,
"LaSalle Lumber Company, LLC (Olla, LA)",15975,west,Customer,Henderson,TX,2x4,,8.0,58.66663,294.19269886272156,,
"LaSalle Lumber Company, LLC (Olla, LA)",15975,west,Customer,Henderson,TX,2x4,,10.0,160.00008,309.982804530105,,
"LaSalle Lumber Company, LLC (Olla, LA)",15975,west,Customer,Henderson,TX,2x4,,12.0,96.0,344.99999483903304,,
"LaSalle Lumber Company, LLC (Olla, LA)",15975,west,Customer,Hidalgo,TX,2x4,,10.0,13.33334,375.005132991134,,
"LaSalle Lumber Company, LLC (Olla, LA)",15975,west,Customer,Hidalgo,TX,2x6,,8.0,8.0,229.565232252038,,
"LaSalle Lumber Company, LLC (Olla, LA)",15975,west,Customer,Houston,TX,2x4,,8.0,69.33329,365.21486232157133,,
"LaSalle Lumber Company, LLC (Olla, LA)",15975,west,Customer,Houston,TX,2x4,,16.0,64.00002,257.8067266953495,,
"LaSalle Lumber Company, LLC (Olla, LA)",15975,west,Customer,Houston,TX,2x4,,10.0,20.00001,360.00667273207,,
"LaSalle Lumber Company, LLC (Olla, LA)",15975,west,Customer,Houston,TX,2x4,,12.0,80.0,297.2666645529399,,
"LaSalle Lumber Company, LLC (Olla, LA)",15975,west,Customer,Houston,TX,2x4,,14.0,37.33332,255.010941189096,,
"LaSalle Lumber Company, LLC (Olla, LA)",15975,west,Customer,Houston,TX,2x6,,8.0,40.0,246.57540217391298,,
"LaSalle Lumber Company, LLC (Olla, LA)",15975,west,Customer,Houston,TX,2x6,,10.0,30.0,249.33333333333334,,
"LaSalle Lumber Company, LLC (Olla, LA)",15975,west,Customer,Houston,TX,2x6,,12.0,36.0,229.333349103009,,
"LaSalle Lumber Company, LLC (Olla, LA)",15975,west,Customer,Hutchins,TX,2x4,,10.0,13.33334,360.0098697766425,,
"LaSalle Lumber Company, LLC (Olla, LA)",15975,west,Customer,Hutchins,TX,2x4,,12.0,8.0,404.999978862732,,
"LaSalle Lumber Company, LLC (Olla, LA)",15975,west,Customer,Irving,TX,2x4,,8.0,10.66666,205.002859864782,,
"LaSalle Lumber Company, LLC (Olla, LA)",15975,west,Customer,Irving,TX,2x4,,10.0,33.333349999999996,244.00364544181897,,
"LaSalle Lumber Company, LLC (Olla, LA)",15975,west,Customer,Irving,TX,2x4,,12.0,8.0,275.0,,
"LaSalle Lumber Company, LLC (Olla, LA)",15975,west,Customer,Irving,TX,2x6,,8.0,16.0,195.74745244565202,,
"LaSalle Lumber Company, LLC (Olla, LA)",15975,west,Customer,Irving,TX,2x6,,10.0,30.0,230.608922925804,,
"LaSalle Lumber Company, LLC (Olla, LA)",15975,west,Customer,Irving,TX,2x6,,12.0,12.0,278.000013454861,,
"LaSalle Lumber Company, LLC (Olla, LA)",15975,west,Customer,Jackson,TN,2x4,,16.0,10.66667,185.005183449022,,
"LaSalle Lumber Company, LLC (Olla, LA)",15975,west,Customer,Jackson,TN,2x6,,16.0,16.0,240.000015536222,,
"LaSalle Lumber Company, LLC (Olla, LA)",15975,west,Customer,Jacksonville,TX,2x6,,8.0,88.0,244.09090542397482,,
"LaSalle Lumber Company, LLC (Olla, LA)",15975,west,Customer,Jacksonville,TX,2x8,,8.0,42.66668,316.49999276069974,,
"LaSalle Lumber Company, LLC (Olla, LA)",15975,west,Customer,Jacksonville,TX,2x8,,10.0,13.33333,285.044538209095,,
"LaSalle Lumber Company, LLC (Olla, LA)",15975,west,Customer,Jacksonville,TX,2x8,,12.0,16.0,335.0,,
"LaSalle Lumber Company, LLC (Olla, LA)",15975,west,Customer,Jacksonville,TX,2x8,,14.0,18.66667,285.0,,
"LaSalle Lumber Company, LLC (Olla, LA)",15975,west,Customer,Kankakee,IL,2x4,,10.0,6.66667,305.004242141433,,
"LaSalle Lumber Company, LLC (Olla, LA)",15975,west,Customer,Katy,TX,2x4,,14.0,9.33333,305.013092938399,,
"LaSalle Lumber Company, LLC (Olla, LA)",15975,west,Customer,Kennard,TX,2x4,,16.0,21.33334,287.5040227412415,,
"LaSalle Lumber Company, LLC (Olla, LA)",15975,west,Customer,Kennard,TX,2x6,,16.0,32.0,231.590909090909,,
"LaSalle Lumber Company, LLC (Olla, LA)",15975,west,Customer,Kenton,OH,2x8,,16.0,21.33333,568.749755799756,,
"LaSalle Lumber Company, LLC (Olla, LA)",15975,west,Customer,Kenton,OH,2x8,,12.0,16.0,573.610777994792,,
"LaSalle Lumber Company, LLC (Olla, LA)",15975,west,Customer,Kenton,OH,2x8,,14.0,18.66667,528.61095703125,,
"LaSalle Lumber Company, LLC (Olla, LA)",15975,west,Customer,Kenton,OH,2x8,,18.0,24.0,543.611004774306,,
"LaSalle Lumber Company, LLC (Olla, LA)",15975,west,Customer,Kenton,OH,2x8,,20.0,26.66667,608.610903645833,,
"LaSalle Lumber Company, LLC (Olla, LA)",15975,west,Customer,La Porte,TX,2x4,,14.0,9.33333,330.014166130071,,
"LaSalle Lumber Company, LLC (Olla, LA)",15975,west,Customer,La Porte,TX,2x6,,16.0,16.0,315.0,,
"LaSalle Lumber Company, LLC (Olla, LA)",15975,west,Customer,La Porte,TX,2x6,,14.0,28.0,229.42307692307702,,
"LaSalle Lumber Company, LLC (Olla, LA)",15975,west,Customer,Lott,TX,2x4,,10.0,6.66667,439.672952106223,,
"LaSalle Lumber Company, LLC (Olla, LA)",15975,west,Customer,Lott,TX,2x4,,12.0,8.0,469.55314217033,,
"LaSalle Lumber Company, LLC (Olla, LA)",15975,west,Customer,Lott,TX,2x4,,18.0,12.0,512.499402669271,,
"LaSalle Lumber Company, LLC (Olla, LA)",15975,west,Customer,Lott,TX,2x4,,20.0,13.33333,450.540340164673,,
"LaSalle Lumber Company, LLC (Olla, LA)",15975,west,Customer,Lott,TX,2x6,,16.0,48.0,414.5127571614583,,
"LaSalle Lumber Company, LLC (Olla, LA)",15975,west,Customer,Lott,TX,2x6,,10.0,30.0,310.34605533854165,,
"LaSalle Lumber Company, LLC (Olla, LA)",15975,west,Customer,Lott,TX,2x6,,12.0,12.0,450.0,,
"LaSalle Lumber Company, LLC (Olla, LA)",15975,west,Customer,Lott,TX,2x6,,14.0,14.0,440.0,,
"LaSalle Lumber Company, LLC (Olla, LA)",15975,west,Customer,Lott,TX,2x6,,18.0,36.0,369.269169560185,,
"LaSalle Lumber Company, LLC (Olla, LA)",15975,west,Customer,Lott,TX,2x6,,20.0,20.0,440.00002734375,,
"LaSalle Lumber Company, LLC (Olla, LA)",15975,west,Customer,Lott,TX,2x8,,14.0,18.66667,360.0,,
"LaSalle Lumber Company, LLC (Olla, LA)",15975,west,Customer,Mc Leansboro,IL,2x4,,10.0,13.33334,385.009888321108,,
"LaSalle Lumber Company, LLC (Olla, LA)",15975,west,Customer,Mc Pherson,KS,2x6,,8.0,8.0,274.999981742527,,
"LaSalle Lumber Company, LLC (Olla, LA)",15975,west,Customer,Memphis,TN,2x4,,10.0,33.333349999999996,259.0036482416326,,
"LaSalle Lumber Company, LLC (Olla, LA)",15975,west,Customer,Middleton,TN,2x4,,8.0,21.33332,232.504565879787,,
"LaSalle Lumber Company, LLC (Olla, LA)",15975,west,Customer,Middleton,TN,2x6,,10.0,90.0,290.3703735760842,,
"LaSalle Lumber Company, LLC (Olla, LA)",15975,west,Customer,Midland,TX,2x4,,16.0,21.33334,427.5066810079905,,
"LaSalle Lumber Company, LLC (Olla, LA)",15975,west,Customer,Montgomery,AL,2x6,,10.0,10.0,290.277777777778,,
"LaSalle Lumber Company, LLC (Olla, LA)",15975,west,Customer,Moscow,TN,2x4,,10.0,6.66667,260.003804776651,,
"LaSalle Lumber Company, LLC (Olla, LA)",15975,west,Customer,Mount Pleasant,TX,2x4,,10.0,26.66668,237.50317810630798,,
"LaSalle Lumber Company, LLC (Olla, LA)",15975,west,Customer,Niederwald,TX,2x6,,8.0,8.0,254.999980044158,,
"LaSalle Lumber Company, LLC (Olla, LA)",15975,west,Customer,Ottawa Lake,MI,2x4,,12.0,16.0,392.50001089427803,,
"LaSalle Lumber Company, LLC (Olla, LA)",15975,west,Customer,Pasadena,TX,2x4,,16.0,21.33334,277.5035505019465,,
"LaSalle Lumber Company, LLC (Olla, LA)",15975,west,Customer,Pflugerville,TX,2x4,,10.0,6.66667,320.005415517753,,
"LaSalle Lumber Company, LLC (Olla, LA)",15975,west,Customer,Pine Bluff,AR,2x6,,16.0,16.0,470.0,,
"LaSalle Lumber Company, LLC (Olla, LA)",15975,west,Customer,Pine Bluff,AR,2x6,,12.0,12.0,440.0,,
"LaSalle Lumber Company, LLC (Olla, LA)",15975,west,Customer,Poplar Bluff,MO,2x4,,16.0,10.66667,170.0024585126,,
"LaSalle Lumber Company, LLC (Olla, LA)",15975,west,Customer,Poplar Bluff,MO,2x4,,20.0,13.33333,355.004708776991,,
"LaSalle Lumber Company, LLC (Olla, LA)",15975,west,Customer,Poplar Bluff,MO,2x6,,16.0,16.0,240.000015536222,,
"LaSalle Lumber Company, LLC (Olla, LA)",15975,west,Customer,Port Neches,TX,2x6,,8.0,32.0,250.50695216966724,,
"LaSalle Lumber Company, LLC (Olla, LA)",15975,west,Customer,Port Neches,TX,2x6,,16.0,16.0,285.0,,
"LaSalle Lumber Company, LLC (Olla, LA)",15975,west,Customer,Port Neches,TX,2x6,,12.0,36.0,290.000004195602,,
"LaSalle Lumber Company, LLC (Olla, LA)",15975,west,Customer,Port Neches,TX,2x8,,12.0,16.0,330.000016927083,,
"LaSalle Lumber Company, LLC (Olla, LA)",15975,west,Customer,Porter,OK,2x4,,18.0,12.0,355.500040064103,,
"LaSalle Lumber Company, LLC (Olla, LA)",15975,west,Customer,Pottsville,AR,2x4,,18.0,12.0,470.971123798077,,
"LaSalle Lumber Company, LLC (Olla, LA)",15975,west,Customer,Pottsville,AR,2x4,,20.0,13.33333,480.971152979356,,
"LaSalle Lumber Company, LLC (Olla, LA)",15975,west,Customer,Quinlan,TX,2x4,,10.0,6.66667,165.002121070716,,
"LaSalle Lumber Company, LLC (Olla, LA)",15975,west,Customer,Richmond,IL,2x4,,8.0,5.33333,235.0028682647,,
"LaSalle Lumber Company, LLC (Olla, LA)",15975,west,Customer,Richmond,IL,2x6,,10.0,20.0,196.0263157894735,,
"LaSalle Lumber Company, LLC (Olla, LA)",15975,west,Customer,Saginaw,TX,2x6,,10.0,30.0,244.99999782986097,,
"LaSalle Lumber Company, LLC (Olla, LA)",15975,west,Customer,Saint Rose,IL,2x4,,10.0,6.66667,325.009189812907,,
"LaSalle Lumber Company, LLC (Olla, LA)",15975,west,Customer,Saint Rose,IL,2x4,,18.0,12.0,459.999141483517,,
"LaSalle Lumber Company, LLC (Olla, LA)",15975,west,Customer,Saint Rose,IL,2x4,,20.0,26.66666,391.2860615571095,,
"LaSalle Lumber Company, LLC (Olla, LA)",15975,west,Customer,Saint Rose,IL,2x6,,16.0,16.0,333.75,,
"LaSalle Lumber Company, LLC (Olla, LA)",15975,west,Customer,Saint Rose,IL,2x8,,16.0,21.33333,425.034589403435,,
"LaSalle Lumber Company, LLC (Olla, LA)",15975,west,Customer,Saint Rose,IL,2x8,,12.0,16.0,430.0,,
"LaSalle Lumber Company, LLC (Olla, LA)",15975,west,Customer,Saint Rose,IL,2x8,,14.0,18.66667,385.0,,
"LaSalle Lumber Company, LLC (Olla, LA)",15975,west,Customer,Saint Rose,IL,2x8,,18.0,24.0,395.000015190972,,
"LaSalle Lumber Company, LLC (Olla, LA)",15975,west,Customer,Saint Rose,IL,2x8,,20.0,26.66667,460.0,,
"LaSalle Lumber Company, LLC (Olla, LA)",15975,west,Customer,San Antonio,TX,2x4,,16.0,10.66667,170.0024585126,,
"LaSalle Lumber Company, LLC (Olla, LA)",15975,west,Customer,Schiller Park,IL,2x4,,8.0,15.99999,271.670343235676,,
"LaSalle Lumber Company, LLC (Olla, LA)",15975,west,Customer,Schiller Park,IL,2x6,,8.0,8.0,324.999985988451,,
"LaSalle Lumber Company, LLC (Olla, LA)",15975,west,Customer,Scottsville,TX,2x4,,8.0,10.66666,330.0043173530015,,
"LaSalle Lumber Company, LLC (Olla, LA)",15975,west,Customer,Seminole,TX,2x4,,20.0,26.66666,554.8848945185714,,
"LaSalle Lumber Company, LLC (Olla, LA)",15975,west,Customer,Seminole,TX,2x6,,20.0,20.0,524.818725260417,,
"LaSalle Lumber Company, LLC (Olla, LA)",15975,west,Customer,Sheffield,IA,2x6,,20.0,20.0,290.000012586806,,
"LaSalle Lumber Company, LLC (Olla, LA)",15975,west,Customer,Shepherdsville,KY,2x4,,10.0,6.66667,365.005132991134,,
"LaSalle Lumber Company, LLC (Olla, LA)",15975,west,Customer,Sherman,TX,2x6,,10.0,10.0,300.0,,
"LaSalle Lumber Company, LLC (Olla, LA)",15975,west,Customer,Shreveport,LA,2x4,,8.0,10.66666,290.00421532472853,,
"LaSalle Lumber Company, LLC (Olla, LA)",15975,west,Customer,Sikeston,MO,2x4,,18.0,24.0,300.0,,
"LaSalle Lumber Company, LLC (Olla, LA)",15975,west,Customer,Sikeston,MO,2x4,,20.0,13.33333,565.005408816371,,
"LaSalle Lumber Company, LLC (Olla, LA)",15975,west,Customer,Silsbee,TX,2x4,,16.0,21.33334,170.002856381889,,
"LaSalle Lumber Company, LLC (Olla, LA)",15975,west,Customer,Silsbee,TX,2x4,,10.0,13.33334,170.002969499003,,
"LaSalle Lumber Company, LLC (Olla, LA)",15975,west,Customer,Silsbee,TX,2x4,,12.0,24.0,165.0,,
"LaSalle Lumber Company, LLC (Olla, LA)",15975,west,Customer,Silsbee,TX,2x6,,8.0,56.0,278.48305372913427,,
"LaSalle Lumber Company, LLC (Olla, LA)",15975,west,Customer,Silsbee,TX,2x6,,10.0,110.0,286.49252467105276,,
"LaSalle Lumber Company, LLC (Olla, LA)",15975,west,Customer,Silsbee,TX,2x6,,12.0,12.0,295.0,,
"LaSalle Lumber Company, LLC (Olla, LA)",15975,west,Customer,Silsbee,TX,2x8,,8.0,10.66667,219.99997995477,,
"LaSalle Lumber Company, LLC (Olla, LA)",15975,west,Customer,Silsbee,TX,2x8,,16.0,63.99999,175.67672474373566,,
"LaSalle Lumber Company, LLC (Olla, LA)",15975,west,Customer,Silsbee,TX,2x8,,10.0,26.66666,250.06486395973002,,
"LaSalle Lumber Company, LLC (Olla, LA)",15975,west,Customer,Silsbee,TX,2x8,,12.0,48.0,231.66666666666666,,
"LaSalle Lumber Company, LLC (Olla, LA)",15975,west,Customer,Silsbee,TX,2x8,,14.0,18.66667,285.0,,
"LaSalle Lumber Company, LLC (Olla, LA)",15975,west,Customer,Silsbee,TX,2x8,,18.0,24.0,285.0,,
"LaSalle Lumber Company, LLC (Olla, LA)",15975,west,Customer,Silsbee,TX,2x8,,20.0,26.66667,284.999986328125,,
"LaSalle Lumber Company, LLC (Olla, LA)",15975,west,Customer,Skidmore,TX,2x4,,8.0,5.33333,290.024842231794,,
"LaSalle Lumber Company, LLC (Olla, LA)",15975,west,Customer,Skidmore,TX,2x4,,10.0,6.66667,290.016742391461,,
"LaSalle Lumber Company, LLC (Olla, LA)",15975,west,Customer,Somerset,KY,2x4,,12.0,8.0,265.0,,
"LaSalle Lumber Company, LLC (Olla, LA)",15975,west,Customer,Springfield,MO,2x4,,16.0,10.66667,185.002444171276,,
"LaSalle Lumber Company, LLC (Olla, LA)",15975,west,Customer,Springfield,MO,2x4,,10.0,6.66667,190.00381792729,,
"LaSalle Lumber Company, LLC (Olla, LA)",15975,west,Customer,Springfield,MO,2x4,,14.0,9.33333,285.012234385061,,
"LaSalle Lumber Company, LLC (Olla, LA)",15975,west,Customer,Toledo,OH,2x4,,10.0,13.33334,385.010590950301,,
"LaSalle Lumber Company, LLC (Olla, LA)",15975,west,Customer,Tunas,MO,2x6,,16.0,16.0,430.0,,
"LaSalle Lumber Company, LLC (Olla, LA)",15975,west,Customer,Tunas,MO,2x6,,12.0,12.0,425.0,,
"LaSalle Lumber Company, LLC (Olla, LA)",15975,west,Customer,Tunas,MO,2x6,,14.0,14.0,415.0,,
"LaSalle Lumber Company, LLC (Olla, LA)",15975,west,Customer,Tuscola,IL,2x4,,12.0,16.0,382.499989431366,,
"LaSalle Lumber Company, LLC (Olla, LA)",15975,west,Customer,Vinemont,AL,2x4,,10.0,6.66667,190.00254528486,,
"LaSalle Lumber Company, LLC (Olla, LA)",15975,west,Customer,Walnut,MS,2x6,,10.0,30.0,256.66667230902766,,
"LaSalle Lumber Company, LLC (Olla, LA)",15975,west,Customer,Waskom,TX,2x4,,16.0,21.33334,540.0083385851331,,
"LaSalle Lumber Company, LLC (Olla, LA)",15975,west,Customer,Waskom,TX,2x4,,10.0,6.66667,435.009440765751,,
"LaSalle Lumber Company, LLC (Olla, LA)",15975,west,Customer,,,2x4,,8.0,21.33332,220.00265918869098,,
"LaSalle Lumber Company, LLC (Olla, LA)",15975,west,Customer,,,2x4,,16.0,21.33334,172.502245236632,,
"LaSalle Lumber Company, LLC (Olla, LA)",15975,west,Customer,,,2x4,,10.0,6.66667,170.00254528486,,
"LaSalle Lumber Company, LLC (Olla, LA)",15975,west,Customer,,,2x4,,14.0,18.66666,185.007947413608,,
"LaSalle Lumber Company, LLC (Olla, LA)",15975,west,Customer,,,2x6,,8.0,16.0,160.0,,
"LaSalle Lumber Company, LLC (Olla, LA)",15975,west,Customer,,,2x6,,16.0,16.0,155.0,,
"LaSalle Lumber Company, LLC (Olla, LA)",15975,west,Customer,,,2x6,,10.0,10.0,251.53818359375,,
"LaSalle Lumber Company, LLC (Olla, LA)",15975,west,Customer,,,2x6,,12.0,12.0,155.0,,
"LaSalle Lumber Company, LLC (Olla, LA)",15975,west,TLR,Birmingham,AL,2x6,,10.0,10.0,240.0,,
"LanMills LLC (Crossville, TN)",378396,nan,Customer,Fort Payne,AL,2x4,,,4.77778,546.294004192872,,
"LanMills LLC (Crossville, TN)",378396,nan,Customer,Owensboro,KY,48x48,,,1.0,16500.0,,
"Langdale Forest Products Co (Barnesville, GA)",1034,east,Customer,Ashland City,TN,2x4,,6.0,4.0,344.347826086957,,
"Langdale Forest Products Co (Barnesville, GA)",1034,east,Customer,Mc Intyre,GA,4x6,,10.0,20.0,643.229166666667,,
"Langdale Forest Products Co (Barnesville, GA)",1034,east,TLR,Birmingham,AL,2x8,,,2.66667,125.0,,
"Larry Conway Sawmill, Inc. (Steelville, MO)",14553,nan,Customer,Catoosa,OK,3x4,,8.0,8.0,480.0,,
"Larry Conway Sawmill, Inc. (Steelville, MO)",14553,nan,Customer,Glenpool,OK,3x4,,8.0,8.0,480.0,,
"Leesville Lumber (Leesville, LA)",1041,west,Customer,Henderson,TX,2x4,,8.0,5.33333,249.5663003663,,
"Leesville Lumber (Leesville, LA)",1041,west,Customer,Henderson,TX,2x4,,10.0,6.66667,249.505484375,,
"Leesville Lumber (Leesville, LA)",1041,west,Customer,Henderson,TX,2x4,,12.0,8.0,249.505436197917,,
"Leesville Lumber (Leesville, LA)",1041,west,Customer,Henderson,TX,2x4,,14.0,9.33333,249.540242779406,,
"Lincoln Lumber Co, Inc (Brookhaven, MS)",373109,central,Customer,Bonne Terre,MO,8x8,,16.0,170.66668,750.0219735145905,,
"Lincoln Lumber Co, Inc (Brookhaven, MS)",373109,central,Customer,Ranburne,AL,4x6,,10.0,20.0,351.87969924812,,
"Littrell Lumber Mill, Inc (Decatur, AL)",1116,central,Customer,Auburn,KY,6x6,,8.0,24.0,350.00048828125,,
"Littrell Lumber Mill, Inc (Decatur, AL)",1116,central,Customer,Auburn,KY,6x6,,10.0,30.0,350.000494791667,,
"Littrell Lumber Mill, Inc (Decatur, AL)",1116,central,Customer,Auburn,KY,6x6,,12.0,36.0,350.000482253086,,
"Littrell Lumber Mill, Inc (Decatur, AL)",1116,central,Customer,Flintville,TN,2x4,,12.0,8.0,512.141947428385,,
"Littrell Lumber Mill, Inc (Decatur, AL)",1116,central,Customer,Houston,TX,1x4,,,0.66667,124.611450195313,,
"Littrell Lumber Mill, Inc (Decatur, AL)",1116,central,Customer,Houston,TX,1x6,,,1.0,141.966657366071,,
"Littrell Lumber Mill, Inc (Decatur, AL)",1116,central,Customer,Houston,TX,1x8,,,1.33333,37.5052224392626,,
"Littrell Lumber Mill, Inc (Decatur, AL)",1116,central,Customer,Ranburne,AL,4x6,,8.0,16.0,460.0,,
"Littrell Lumber Mill, Inc (Decatur, AL)",1116,central,Customer,Ranburne,AL,4x6,,10.0,20.0,460.0,,
"Littrell Lumber Mill, Inc (Decatur, AL)",1116,central,Customer,Ranburne,AL,4x6,,12.0,24.0,460.0,,
"Littrell Lumber Mill, Inc (Decatur, AL)",1116,central,Customer,Somerset,KY,6x6,,7.0,21.0,399.991997519841,,
"Littrell Lumber Mill, Inc (Decatur, AL)",1116,central,Customer,West Union,OH,6x6,,8.0,24.0,385.000651041667,,
"Littrell Lumber Mill, Inc (Decatur, AL)",1116,central,Customer,West Union,OH,6x6,,10.0,30.0,385.000520833333,,
"Littrell Lumber Mill, Inc (Decatur, AL)",1116,central,Customer,West Union,OH,6x6,,12.0,36.0,385.000496720679,,
"Littrell Lumber Mill, Inc (Decatur, AL)",1116,central,TLR,Birmingham,AL,4x6,,10.0,20.0,415.714285714286,,
"Lone Star Packaging Solutions (Ennis, TX)",12463,nan,Customer,Austin,TX,2x4,,12.0,0.66667,600.0,,
"Lone Star Packaging Solutions (Ennis, TX)",12463,nan,Customer,Bryan,TX,4x4,,6.0,0.33333,1050.0,,
"Lone Star Packaging Solutions (Ennis, TX)",12463,nan,Customer,Fort Worth,TX,2x2,,8.0,5.33334,549.6929499549145,,
"Lone Star Packaging Solutions (Ennis, TX)",12463,nan,Customer,Fort Worth,TX,2x3,,10.0,5.0,450.0,,
"Lone Star Packaging Solutions (Ennis, TX)",12463,nan,Customer,Fort Worth,TX,2x4,,12.0,8.0,350.000019230769,,
"Lone Star Packaging Solutions (Ennis, TX)",12463,nan,Customer,Grand Prairie,TX,4x4,,,9.33333,625.061742642816,,
"Lone Star Packaging Solutions (Ennis, TX)",12463,nan,Customer,Grand Prairie,TX,4x4,,12.0,5.33336,420.04993121013547,,
"Lone Star Packaging Solutions (Ennis, TX)",12463,nan,Customer,Kaufman,TX,2x4,,8.0,5.33333,500.148331830478,,
"Lone Star Packaging Solutions (Ennis, TX)",12463,nan,Customer,Perry,OK,4x4,,6.0,0.99999,1051.05105105105,,
"Lone Star Packaging Solutions (Ennis, TX)",12463,nan,Customer,San Antonio,TX,2x4,,12.0,0.66667,600.60045045045,,
"Lone Star Packaging Solutions (Ennis, TX)",12463,nan,Customer,Snyder,TX,48x48,,,1.0,15550.0,,
"Lone Star Packaging Solutions (Ennis, TX)",12463,nan,Customer,Snyder,TX,48x72,,,1.0,59850.0,,
"Lone Star Packaging Solutions (Ennis, TX)",12463,nan,Customer,Snyder,TX,72x72,,,1.0,66500.0,,
"Lone Star Packaging Solutions (Ennis, TX)",12463,nan,Customer,Wylie,TX,102x45,,,3.0,57330.0,,
"Lone Star Packaging Solutions (Ennis, TX)",12463,nan,Customer,Wylie,TX,144x48,,,1.0,73250.0,,
"Lone Star Packaging Solutions (Ennis, TX)",12463,nan,Customer,Wylie,TX,149x30,,,2.0,53640.0,,
"Lone Star Packaging Solutions (Ennis, TX)",12463,nan,Customer,Wylie,TX,150x48,,,1.0,79200.0,,
"Lone Star Packaging Solutions (Ennis, TX)",12463,nan,Customer,Wylie,TX,16x16,,,2.33333,1628.90385793019,,
"Lone Star Packaging Solutions (Ennis, TX)",12463,nan,Customer,Wylie,TX,16x7,,,6.99999,814.402057436777,,
"Lone Star Packaging Solutions (Ennis, TX)",12463,nan,Customer,Wylie,TX,192x48,,,1.0,118380.0,,
"Lone Star Packaging Solutions (Ennis, TX)",12463,nan,Customer,Wylie,TX,198x45,,,1.0,122400.0,,
"Lone Star Packaging Solutions (Ennis, TX)",12463,nan,Customer,Wylie,TX,40x100,,,2.0,56000.0,,
"Lone Star Packaging Solutions (Ennis, TX)",12463,nan,Customer,Wylie,TX,96x30,,,6.0,42800.0,,
"Louisiana - Pacific Corp. (Carthage, TX)",1046,west,Customer,Kilgore,TX,16x4,,8.0,32.0,295.0,,
"Lufkin Distrib & Supply, Inc DBA Neches Lumber Co (Nacogdoches, TX)",377243,nan,Customer,Donna,TX,3x4,,8.0,8.0,564.687527619949,,
"Lufkin Distrib & Supply, Inc DBA Neches Lumber Co (Nacogdoches, TX)",377243,nan,Customer,Hamshire,TX,2x8,,8.0,10.66667,703.23488045007,,
"Lufkin Distrib & Supply, Inc DBA Neches Lumber Co (Nacogdoches, TX)",377243,nan,Customer,Hamshire,TX,2x8,,16.0,63.99999,720.0419672033808,,
"Lufkin Distrib & Supply, Inc DBA Neches Lumber Co (Nacogdoches, TX)",377243,nan,Customer,Houston,TX,3x4,,8.0,8.0,569.294530460859,,
"Lufkin Distrib & Supply, Inc DBA Neches Lumber Co (Nacogdoches, TX)",377243,nan,Customer,Jewett,TX,3x4,,8.0,8.0,521.25,,
"Lufkin Distrib & Supply, Inc DBA Neches Lumber Co (Nacogdoches, TX)",377243,nan,Customer,Seguin,TX,3x4,,8.0,8.0,521.250025495338,,
"M C Dixon Lumber Co, Inc (Eufaula, AL)",16283,central,Customer,Ghent,KY,4x4,,8.0,10.66667,343.348997347974,,
"MK Hardwoods, LLC (Middlefield, OH)",372269,nan,Customer,Westerville,OH,3x6,,,5.625,842.752970094224,,
"MK Hardwoods, LLC (Middlefield, OH)",372269,nan,Customer,Wolcott,IN,1x4,,,1.33333,472.522717438338,,
"Magnolia Forest Products (Carrollton, GA)",14790,east,Customer,Markleville,IN,8x40,,,24.44444,479.056076631411,,
"Magnolia Forest Products (Carrollton, GA)",14790,east,Customer,Sunfield,MI,2x28,,,16.33335,838.282644928097,,
"Magnolia Forest Products (Carrollton, GA)",14790,east,Customer,Sunfield,MI,8x42,,,36.75,495.78231292516995,,
"Magnolia Forest Products (Carrollton, GA)",14790,east,Customer,Toccoa,GA,16x12,,,10.83333,425.0146351662135,,
"Magnolia Forest Products (Carrollton, GA)",14790,east,Customer,Toccoa,GA,16x31,,,21.0,370.95238095238096,,
"Magnolia Forest Products (Carrollton, GA)",14790,east,Customer,Toccoa,GA,16x32,,,6.22222,597.868380984605,,
"Magnolia Forest Products (Carrollton, GA)",14790,east,Customer,Toccoa,GA,16x33,,,22.0,424.5454545454545,,
"Magnolia Forest Products (Carrollton, GA)",14790,east,Customer,Toccoa,GA,16x35,,,60.70832,583.1577343477212,,
"Magnolia Forest Products (Carrollton, GA)",14790,east,Customer,Toccoa,GA,16x39,,,9.61458,514.87414187643,,
"Magnolia Forest Products (Carrollton, GA)",14790,east,Customer,Toccoa,GA,16x84,,,56.33334,420.8944827197085,,
"Magnolia Forest Products (Lewisville, AR)",1048,west,Customer,Duncan,OK,8x4,,8.0,64.0,391.499975423882,,
"Magnolia Forest Products (Lewisville, AR)",1048,west,Customer,Exeter,MO,2x24,,,8.0,406.25,,
"Magnolia Forest Products (Lewisville, AR)",1048,west,Customer,Longview,TX,8x4,,8.0,32.0,568.325892857143,,
"Magnolia Forest Products (Lewisville, AR)",1048,west,Customer,Markleville,IN,8x40,,,48.88888,483.350653272341,,
"Magnolia Forest Products (Lewisville, AR)",1048,west,Customer,Saginaw,TX,2x15,,,9.63541,488.4864671469045,,
"Magnolia Forest Products (Lewisville, AR)",1048,west,Customer,Saginaw,TX,4x42,,,15.89583,834.816212815674,,
"Magnolia Forest Products (Lewisville, AR)",1048,west,Customer,Shreveport,LA,8x40,,,13.33333,445.503592770909,,
"Magnolia Forest Products (Terry, MS)",1047,east,Customer,Golden,MS,4x49,,,33.00694,284.259127645927,,
"Magnum Forest Products, Ltd.  (Winnepeg, MB)",374927,nan,Customer,Bryan,TX,2x4,,16.0,10.66667,748.70259247449,,
"Magnum Forest Products, Ltd.  (Winnepeg, MB)",374927,nan,Customer,Bryan,TX,2x4,,18.0,12.0,678.702602040816,,
"Magnum Forest Products, Ltd.  (Winnepeg, MB)",374927,nan,Customer,Bryan,TX,2x4,,20.0,13.33333,688.790534506952,,
"Magnum Forest Products, Ltd.  (Winnepeg, MB)",374927,nan,Customer,Bryan,TX,2x6,,10.0,9.0,658.702674897119,,
"Magnum Forest Products, Ltd.  (Winnepeg, MB)",374927,nan,Customer,Bryan,TX,2x6,,11.0,10.0,653.702687830688,,
"Magnum Forest Products, Ltd.  (Winnepeg, MB)",374927,nan,Customer,Dekalb,IL,2x4,,8.0,5.33333,394.305375048719,,
"Magnum Forest Products, Ltd.  (Winnepeg, MB)",374927,nan,Customer,Itasca,TX,2x4,,16.0,21.33334,793.7234268707485,,
"Magnum Forest Products, Ltd.  (Winnepeg, MB)",374927,nan,Customer,Itasca,TX,2x4,,10.0,13.33334,628.723492346939,,
"Magnum Forest Products, Ltd.  (Winnepeg, MB)",374927,nan,Customer,Itasca,TX,2x4,,12.0,16.0,688.7233985260771,,
"Magnum Forest Products, Ltd.  (Winnepeg, MB)",374927,nan,Customer,Itasca,TX,2x4,,14.0,9.33333,678.76944842668,,
"Magnum Forest Products, Ltd.  (Winnepeg, MB)",374927,nan,Customer,South Wayne,WI,2x4,,16.0,21.33334,649.291340702948,,
"Magnum Forest Products, Ltd.  (Winnepeg, MB)",374927,nan,Customer,Sycamore,IL,2x4,,8.0,5.33333,394.305375048719,,
"Mark Twain Forest Products (Centerville, MO)",901,nan,Customer,Jewett,TX,3x4,,8.0,40.0,700.000078914141,,
"Mark Twain Forest Products (Centerville, MO)",901,nan,Customer,Jewett,TX,3x4,,,4.0,725.0,,
"Martco Limited Partnership - Plywood Div (Chopin, LA)",1051,west,Customer,Birmingham,AL,3x4,,8.0,8.0,168.75,,
"Martco Limited Partnership - Plywood Div (Chopin, LA)",1051,west,Customer,Bryan,TX,5x5,,8.0,750.00015,381.5185185185185,,
"Martco Limited Partnership - Plywood Div (Chopin, LA)",1051,west,Customer,Bryan,TX,6x6,,8.0,336.0,356.7857142857143,,
"Martco Limited Partnership - Plywood Div (Chopin, LA)",1051,west,Customer,Converse,TX,5x5,,8.0,133.33336,358.9204545454546,,
"Martco Limited Partnership - Plywood Div (Chopin, LA)",1051,west,Customer,Gordo,AL,6x6,,8.0,24.0,296.875,,
"Martco Limited Partnership - Plywood Div (Chopin, LA)",1051,west,Customer,Haleyville,AL,6x6,,8.0,24.0,380.000016818576,,
"Martco Limited Partnership - Plywood Div (Chopin, LA)",1051,west,Customer,La Porte,TX,3x4,,8.0,8.0,168.75,,
"Martco Limited Partnership - Plywood Div (Chopin, LA)",1051,west,Customer,Mt Pleasant,TX,5x5,,8.0,50.00001,376.8181818181817,,
"Martco Limited Partnership - Plywood Div (Chopin, LA)",1051,west,Customer,Pharr,TX,5x5,,8.0,66.66668,339.77272727272725,,
"Martco Limited Partnership - Plywood Div (Chopin, LA)",1051,west,Customer,Pollard,AR,5x5,,8.0,16.66667,350.0,,
"Martco Limited Partnership - Plywood Div (Chopin, LA)",1051,west,Customer,South Bend,IN,5x5,,8.0,66.66668,363.86363636363626,,
"Martco Limited Partnership - Plywood Div (Chopin, LA)",1051,west,Customer,Trinity,AL,6x6,,8.0,24.0,380.000016818576,,
"Martco Limited Partnership - Plywood Div (Chopin, LA)",1051,west,Customer,Webb,AL,5x5,,8.0,100.00002,365.2272727272728,,
"Martco Limited Partnership - Plywood Div (Chopin, LA)",1051,west,Customer,,,5x5,,8.0,33.33334,345.4545454545455,,
"Martco Limited Partnership - Plywood Div (Chopin, LA)",1051,west,Customer,,,6x6,,8.0,24.0,380.000016818576,,
"Martco Limited Partnership - Plywood Div (Chopin, LA)",1051,west,TLR,Birmingham,AL,5x5,,8.0,266.66672,397.13500000000005,,
"Martin Kropf (Viola, AR)",376305,nan,Customer,Catoosa,OK,3x4,,8.0,16.0,403.9204940025255,,
"Martin Kropf (Viola, AR)",376305,nan,Customer,Fort Worth,TX,3x4,,8.0,8.0,428.219755366162,,
"Martin Kropf (Viola, AR)",376305,nan,Customer,Fulton,MS,3x4,,8.0,24.0,408.67426188973064,,
"Martin Kropf (Viola, AR)",376305,nan,Customer,Haltom City,TX,4x4,,8.0,10.66667,450.937155647383,,
"Martin Kropf (Viola, AR)",376305,nan,Customer,Hewitt,TX,3x4,,8.0,8.0,430.0,,
"Martin Kropf (Viola, AR)",376305,nan,Customer,Houston,TX,3x4,,8.0,24.0,406.982261679293,,
"Martin Kropf (Viola, AR)",376305,nan,Customer,Jewett,TX,3x4,,8.0,32.0,408.9582477114898,,
"Martin Kropf (Viola, AR)",376305,nan,Customer,Lancaster,SC,3x4,,8.0,8.0,387.91682449495,,
"Martin Kropf (Viola, AR)",376305,nan,Customer,Litchfield,IL,3x4,,8.0,8.0,430.0,,
"Martin Kropf (Viola, AR)",376305,nan,Customer,Little Rock,AR,3x4,,8.0,8.0,430.0,,
"Martin Kropf (Viola, AR)",376305,nan,Customer,Monroe,LA,3x4,,8.0,8.0,403.029960542929,,
"Martin Kropf (Viola, AR)",376305,nan,Customer,North Birmingham,AL,3x4,,8.0,16.0,330.92650058275046,,
"Martin Kropf (Viola, AR)",376305,nan,Customer,Seguin,TX,3x4,,8.0,8.0,428.219755366162,,
"Martin Kropf (Viola, AR)",376305,nan,Customer,Sulphur Springs,TX,3x4,,8.0,8.0,428.219755366162,,
"Martin Kropf (Viola, AR)",376305,nan,TLR,Birmingham,AL,3x4,,,8.0,312.5,,
"Mason Forest Products, Inc (Grove Hill, AL)",1052,central,TLR,Birmingham,AL,2x12,,16.0,1.3333,396.0,,
"McShan Lumber Company, Inc. (Mc Shan, AL)",14368,nan,Customer,Houston,TX,1x6,,,3.0,120.81068840579701,,
"McVantage Packaging, LLC (Tuscumbia, AL)",372897,nan,Customer,Charleston,SC,2x5,,,28.64585,1100.207442827444,,
"McVantage Packaging, LLC (Tuscumbia, AL)",372897,nan,Customer,Charleston,SC,3x6,,,45.0,793.3329873430856,,
"McVantage Packaging, LLC (Tuscumbia, AL)",372897,nan,Customer,Decatur,AL,2x4,,10.0,13.33334,1295.33589825721,,
"McVantage Packaging, LLC (Tuscumbia, AL)",372897,nan,Customer,Decatur,AL,2x6,,10.0,20.0,1167.8358460937502,,
"McVantage Packaging, LLC (Tuscumbia, AL)",372897,nan,Customer,Decatur,AL,2x6,,12.0,10.16667,1147.83796943615,,
"McVantage Packaging, LLC (Tuscumbia, AL)",372897,nan,Customer,Decatur,AL,4x6,,12.0,20.83333,1089.16969360676,,
"McVantage Packaging, LLC (Tuscumbia, AL)",372897,nan,Customer,Flowood,MS,4x6,,8.0,112.0,614.2687710452973,,
"McVantage Packaging, LLC (Tuscumbia, AL)",372897,nan,Customer,Jewett,TX,3x4,,8.0,56.0,710.8928571428571,,
"McVantage Packaging, LLC (Tuscumbia, AL)",372897,nan,Customer,Jewett,TX,3x4,,,4.0,726.325757575758,,
"McVantage Packaging, LLC (Tuscumbia, AL)",372897,nan,Customer,Memphis,TN,3x4,,8.0,104.0,818.5039811577311,,
"McVantage Packaging, LLC (Tuscumbia, AL)",372897,nan,Customer,Memphis,TN,48x40,,,18.0,6722.222222222223,,
"McVantage Packaging, LLC (Tuscumbia, AL)",372897,nan,Customer,Memphis,TN,4x4,,10.0,13.33333,746.307662628289,,
"McVantage Packaging, LLC (Tuscumbia, AL)",372897,nan,Customer,North Birmingham,AL,4x4,,6.0,0.33333,2028.81152460984,,
"McVantage Packaging, LLC (Tuscumbia, AL)",372897,nan,Customer,North Charleston,SC,2x5,,,91.66672,1099.8334827182969,,
"McVantage Packaging, LLC (Tuscumbia, AL)",372897,nan,Customer,North Charleston,SC,3x6,,,195.0,793.3285138200582,,
"McVantage Packaging, LLC (Tuscumbia, AL)",372897,nan,Customer,Toccoa,GA,2x4,,,2.66667,502.5,,
"McVantage Packaging, LLC (Tuscumbia, AL)",372897,nan,Customer,Trinity,AL,4x4,,6.0,0.33333,1964.7996996997,,
"McVantage Packaging, LLC (Tuscumbia, AL)",372897,nan,Customer,Trinity,AL,6x6,,6.0,3.0,646.5553814814815,,
"McVantage Packaging, LLC (Tuscumbia, AL)",372897,nan,Customer,Walnut,MS,3x6,,,77.1875,616.4209682860999,,
"Meadwestvaco Corporation (Cottonton, AL)",1054,central,Customer,Mc Intyre,GA,4x6,,8.0,16.0,400.8330546875,,
"Meadwestvaco Corporation (Cottonton, AL)",1054,central,Customer,Mc Intyre,GA,4x6,,16.0,96.0,390.0,,
"Meadwestvaco Corporation (Cottonton, AL)",1054,central,Customer,Mc Intyre,GA,4x6,,12.0,24.0,380.0,,
"Meadwestvaco Corporation (Cottonton, AL)",1054,central,Customer,Mc Intyre,GA,4x6,,14.0,140.0,434.00000470779224,,
"Meadwestvaco Corporation (Cottonton, AL)",1054,central,Customer,Schiller Park,IL,6x6,,12.0,72.0,335.0,,
"Meadwestvaco Corporation (Cottonton, AL)",1054,central,Customer,Somerset,KY,6x6,,,24.0,310.0,,
"Meadwestvaco Corporation (Cottonton, AL)",1054,central,Customer,Stephens,AR,4x6,,8.0,16.0,375.0,,
"Meadwestvaco Corporation (Cottonton, AL)",1054,central,Customer,Stephens,AR,4x6,,16.0,32.0,375.0,,
"Meadwestvaco Corporation (Cottonton, AL)",1054,central,Customer,Stephens,AR,4x6,,10.0,20.0,375.0,,
"Meadwestvaco Corporation (Cottonton, AL)",1054,central,Customer,Stephens,AR,4x6,,12.0,24.0,375.0,,
"Meadwestvaco Corporation (Cottonton, AL)",1054,central,Customer,Stephens,AR,4x6,,14.0,28.0,400.0,,
"Meadwestvaco Corporation (Cottonton, AL)",1054,central,Customer,West Union,OH,6x6,,16.0,48.0,318.461538461538,,
"Meadwestvaco Corporation (Cottonton, AL)",1054,central,Customer,West Union,OH,6x6,,10.0,30.0,325.0,,
"Meadwestvaco Corporation (Cottonton, AL)",1054,central,Customer,West Union,OH,6x6,,12.0,36.0,320.0,,
"Meadwestvaco Corporation (Cottonton, AL)",1054,central,Customer,,,6x6,,10.0,30.0,280.681818181818,,
"Meadwestvaco Corporation (Cottonton, AL)",1054,central,TLR,Birmingham,AL,4x5,,8.0,48.0,288.3333333333333,,
"Meadwestvaco Corporation (Cottonton, AL)",1054,central,TLR,Birmingham,AL,4x6,,8.0,16.0,360.0,,
"Meadwestvaco Corporation (Cottonton, AL)",1054,central,TLR,Birmingham,AL,4x6,,16.0,32.0,360.0,,
"Meadwestvaco Corporation (Cottonton, AL)",1054,central,TLR,Birmingham,AL,4x6,,,8.0,330.0,,
"Meadwestvaco Corporation (Cottonton, AL)",1054,central,TLR,Birmingham,AL,4x6,,6.0,12.0,330.0,,
"Meadwestvaco Corporation (Cottonton, AL)",1054,central,TLR,Birmingham,AL,4x6,,12.0,24.0,360.0,,
"Meadwestvaco Corporation (Cottonton, AL)",1054,central,TLR,Birmingham,AL,6x6,,,24.0,312.5,,
"Mercer Timber Products, LLC (Vancouver, BC)",379355,nan,Customer,Benton,KY,2x6,,16.0,16.0,543.139880952381,,
"Mid South Lumber, Inc (Meridian, MS)",1055,central,Customer,Alvarado,TX,2x4,,8.0,5.33333,340.027822167589,,
"Mid South Lumber, Inc (Meridian, MS)",1055,central,Customer,Atlanta,GA,2x4,,8.0,5.33333,260.021371030527,,
"Mid South Lumber, Inc (Meridian, MS)",1055,central,Customer,Beloit,WI,2x4,,8.0,5.33333,335.027453390699,,
"Mid South Lumber, Inc (Meridian, MS)",1055,central,Customer,Bryan,TX,2x8,,8.0,10.66667,170.0000078125,,
"Mid South Lumber, Inc (Meridian, MS)",1055,central,Customer,Bryan,TX,2x8,,,5.33333,170.0,,
"Mid South Lumber, Inc (Meridian, MS)",1055,central,Customer,Bryan,TX,2x8,,10.0,13.33333,170.0,,
"Mid South Lumber, Inc (Meridian, MS)",1055,central,Customer,Bryan,TX,2x8,,14.0,18.66667,170.0,,
"Mid South Lumber, Inc (Meridian, MS)",1055,central,Customer,Corsicana,TX,2x6,,16.0,16.0,200.0,,
"Mid South Lumber, Inc (Meridian, MS)",1055,central,Customer,Crossville,TN,2x4,,14.0,9.33333,350.030092294484,,
"Mid South Lumber, Inc (Meridian, MS)",1055,central,Customer,Crowley,TX,2x4,,6.0,4.0,265.011418269231,,
"Mid South Lumber, Inc (Meridian, MS)",1055,central,Customer,Dallas,TX,2x4,,8.0,26.66665,230.01889022741238,,
"Mid South Lumber, Inc (Meridian, MS)",1055,central,Customer,Dallas,TX,2x4,,,5.33334,285.023417332514,,
"Mid South Lumber, Inc (Meridian, MS)",1055,central,Customer,Dallas,TX,2x6,,8.0,8.0,286.95652173913,,
"Mid South Lumber, Inc (Meridian, MS)",1055,central,Customer,Edinburg,TX,2x4,,,2.66667,215.017805777505,,
"Mid South Lumber, Inc (Meridian, MS)",1055,central,Customer,Flintville,TN,2x4,,8.0,5.33333,235.019410366728,,
"Mid South Lumber, Inc (Meridian, MS)",1055,central,Customer,Ft Worth,TX,2x4,,16.0,10.66667,285.023396844909,,
"Mid South Lumber, Inc (Meridian, MS)",1055,central,Customer,Ft Worth,TX,2x6,,16.0,16.0,360.0,,
"Mid South Lumber, Inc (Meridian, MS)",1055,central,Customer,Grabill,IN,2x4,,16.0,10.66667,150.012292562999,,
"Mid South Lumber, Inc (Meridian, MS)",1055,central,Customer,Grabill,IN,2x4,,14.0,9.33333,170.01459540674,,
"Mid South Lumber, Inc (Meridian, MS)",1055,central,Customer,Grand Prairie,TX,2x4,,8.0,5.33333,150.012415488629,,
"Mid South Lumber, Inc (Meridian, MS)",1055,central,Customer,Groesbeck,TX,2x6,,16.0,16.0,360.0,,
"Mid South Lumber, Inc (Meridian, MS)",1055,central,Customer,Harrisburg,IL,2x4,,14.0,9.33333,380.03275380983,,
"Mid South Lumber, Inc (Meridian, MS)",1055,central,Customer,Houston,TX,2x4,,8.0,10.66666,345.033368702849,,
"Mid South Lumber, Inc (Meridian, MS)",1055,central,Customer,Houston,TX,2x4,,,2.66667,315.020669671603,,
"Mid South Lumber, Inc (Meridian, MS)",1055,central,Customer,Houston,TX,2x6,,16.0,16.0,330.000016424006,,
"Mid South Lumber, Inc (Meridian, MS)",1055,central,Customer,Hutchins,TX,2x4,,6.0,4.0,300.012834821429,,
"Mid South Lumber, Inc (Meridian, MS)",1055,central,Customer,Indianapolis,IN,2x4,,8.0,5.33333,245.020405654579,,
"Mid South Lumber, Inc (Meridian, MS)",1055,central,Customer,Indianapolis,IN,2x4,,16.0,10.66667,260.021371030527,,
"Mid South Lumber, Inc (Meridian, MS)",1055,central,Customer,Jackson,TN,2x4,,8.0,5.33333,180.01476222673,,
"Mid South Lumber, Inc (Meridian, MS)",1055,central,Customer,Jackson,TN,2x4,,16.0,32.00001,269.190096838803,,
"Mid South Lumber, Inc (Meridian, MS)",1055,central,Customer,Jackson,TN,2x6,,16.0,48.0,268.333338808002,,
"Mid South Lumber, Inc (Meridian, MS)",1055,central,Customer,Jacksonville,FL,2x4,,,2.66667,145.012005736529,,
"Mid South Lumber, Inc (Meridian, MS)",1055,central,Customer,Kempner,TX,2x4,,,2.66667,215.017805777505,,
"Mid South Lumber, Inc (Meridian, MS)",1055,central,Customer,La Place,LA,2x4,,16.0,10.66667,520.042614218398,,
"Mid South Lumber, Inc (Meridian, MS)",1055,central,Customer,LaGrange,GA,2x6,,16.0,16.0,155.0,,
"Mid South Lumber, Inc (Meridian, MS)",1055,central,Customer,Leeds,AL,2x4,,12.0,8.0,220.009985207101,,
"Mid South Lumber, Inc (Meridian, MS)",1055,central,Customer,Memphis,TN,2x4,,8.0,5.33333,320.028396285946,,
"Mid South Lumber, Inc (Meridian, MS)",1055,central,Customer,Memphis,TN,2x4,,12.0,8.0,320.0244140625,,
"Mid South Lumber, Inc (Meridian, MS)",1055,central,Customer,Morristown,TN,2x4,,16.0,10.66667,175.014423273919,,
"Mid South Lumber, Inc (Meridian, MS)",1055,central,Customer,Moscow,TN,2x4,,16.0,10.66667,280.022823191969,,
"Mid South Lumber, Inc (Meridian, MS)",1055,central,Customer,Moscow,TN,2x6,,16.0,16.0,335.0,,
"Mid South Lumber, Inc (Meridian, MS)",1055,central,Customer,Nashville,TN,2x4,,8.0,5.33333,335.033957728138,,
"Mid South Lumber, Inc (Meridian, MS)",1055,central,Customer,Nashville,TN,2x4,,12.0,8.0,335.025390625,,
"Mid South Lumber, Inc (Meridian, MS)",1055,central,Customer,Ripley,TN,2x4,,16.0,10.66667,315.025978283139,,
"Mid South Lumber, Inc (Meridian, MS)",1055,central,Customer,Selmer,TN,2x6,,16.0,16.0,170.0,,
"Mid South Lumber, Inc (Meridian, MS)",1055,central,Customer,Selmer,TN,2x6,,14.0,14.0,170.0,,
"Mid South Lumber, Inc (Meridian, MS)",1055,central,Customer,Somerset,KY,2x6,,16.0,48.0,264.999995795356,,
"Mid South Lumber, Inc (Meridian, MS)",1055,central,Customer,West Monroe,LA,2x4,,14.0,9.33333,385.033054303499,,
"Mid South Lumber, Inc (Meridian, MS)",1055,central,Customer,Willacoochee,GA,2x4,,16.0,10.66667,170.013849620979,,
"Mid South Lumber, Inc (Meridian, MS)",1055,central,Customer,,,2x4,,8.0,5.33333,175.000450856628,,
"Mid South Lumber, Inc (Meridian, MS)",1055,central,Customer,,,2x4,,12.0,8.0,175.000450721154,,
"Mid South Lumber, Inc (Meridian, MS)",1055,central,Customer,,,2x4,,14.0,9.33333,175.011706374759,,
"Mid South Lumber, Inc (Meridian, MS)",1055,central,TLR,Birmingham,AL,2x4,,8.0,10.66666,327.500676360601,,
"Mid South Lumber, Inc (Meridian, MS)",1055,central,TLR,Birmingham,AL,2x4,,16.0,32.00001,330.0046438571333,,
"Mid South Lumber, Inc (Meridian, MS)",1055,central,TLR,Birmingham,AL,2x4,,10.0,20.00001,325.00487095017337,,
"Mid South Lumber, Inc (Meridian, MS)",1055,central,TLR,Birmingham,AL,2x4,,14.0,37.33332,280.0036543249625,,
"Mid South Lumber, Inc (Meridian, MS)",1055,central,TLR,Birmingham,AL,2x6,,,4.0,170.0,,
"Mid South Lumber, Inc (Meridian, MS)",1055,central,TLR,Birmingham,AL,2x6,,6.0,6.0,170.0,,
"Mid South Lumber, Inc (Meridian, MS)",1055,central,TLR,Birmingham,AL,2x6,,10.0,10.0,300.0,,
"Mid South Lumber, Inc (Meridian, MS)",1055,central,TLR,Birmingham,AL,2x6,,12.0,12.0,299.999987792969,,
"Mid South Lumber, Inc (Meridian, MS)",1055,central,TLR,Birmingham,AL,2x6,,14.0,42.0,271.66665894001835,,
"Mission Forest Products, LP (Corinth, MS)",375477,central,Customer,Aberdeen,MS,2x6,,14.0,14.0,210.0,,
"Mission Forest Products, LP (Corinth, MS)",375477,central,Customer,Acworth,GA,2x4,,10.0,6.66667,410.10444152208,,
"Mission Forest Products, LP (Corinth, MS)",375477,central,Customer,Anniston,AL,2x4,,12.0,16.0,307.5,,
"Mission Forest Products, LP (Corinth, MS)",375477,central,Customer,Armorel,AR,2x4,,8.0,5.33333,409.889029117461,,
"Mission Forest Products, LP (Corinth, MS)",375477,central,Customer,Armorel,AR,2x4,,12.0,8.0,390.0,,
"Mission Forest Products, LP (Corinth, MS)",375477,central,Customer,Birmingham,AL,2x4,,10.0,6.66667,300.076443388623,,
"Mission Forest Products, LP (Corinth, MS)",375477,central,Customer,Bolivar,TN,2x6,,8.0,8.0,330.0,,
"Mission Forest Products, LP (Corinth, MS)",375477,central,Customer,Brazil,IN,2x8,,8.0,32.00001,360.5234544836956,,
"Mission Forest Products, LP (Corinth, MS)",375477,central,Customer,Brazil,IN,2x8,,10.0,13.33333,375.862658778882,,
"Mission Forest Products, LP (Corinth, MS)",375477,central,Customer,Brownsville,TX,2x8,,10.0,13.33333,337.792438907939,,
"Mission Forest Products, LP (Corinth, MS)",375477,central,Customer,Bryan,TX,2x8,,8.0,10.66667,230.0,,
"Mission Forest Products, LP (Corinth, MS)",375477,central,Customer,Carrollton,KY,2x4,,8.0,5.33333,335.151734277742,,
"Mission Forest Products, LP (Corinth, MS)",375477,central,Customer,Centreville,AL,2x4,,10.0,6.66667,275.066426282051,,
"Mission Forest Products, LP (Corinth, MS)",375477,central,Customer,Centreville,AL,2x4,,12.0,8.0,275.000480769231,,
"Mission Forest Products, LP (Corinth, MS)",375477,central,Customer,Centreville,AL,2x4,,14.0,9.33333,325.000412158681,,
"Mission Forest Products, LP (Corinth, MS)",375477,central,Customer,Chattanooga,TN,2x4,,12.0,8.0,233.333333333333,,
"Mission Forest Products, LP (Corinth, MS)",375477,central,Customer,Cherry Valley,IL,2x4,,14.0,9.33333,484.937566001288,,
"Mission Forest Products, LP (Corinth, MS)",375477,central,Customer,Cherry Valley,IL,2x4,,18.0,48.0,393.7500111289175,,
"Mission Forest Products, LP (Corinth, MS)",375477,central,Customer,Cherry Valley,IL,2x4,,20.0,26.66666,514.661060988842,,
"Mission Forest Products, LP (Corinth, MS)",375477,central,Customer,Coal Valley,IL,2x4,,10.0,6.66667,325.083018707844,,
"Mission Forest Products, LP (Corinth, MS)",375477,central,Customer,Coal Valley,IL,2x4,,14.0,9.33333,319.954979394961,,
"Mission Forest Products, LP (Corinth, MS)",375477,central,Customer,Council Bluffs,IA,2x4,,10.0,6.66667,235.059971577652,,
"Mission Forest Products, LP (Corinth, MS)",375477,central,Customer,Crossville,TN,2x4,,10.0,6.66667,324.999170573386,,
"Mission Forest Products, LP (Corinth, MS)",375477,central,Customer,Crossville,TN,2x4,,12.0,8.0,329.999194711538,,
"Mission Forest Products, LP (Corinth, MS)",375477,central,Customer,Crossville,TN,2x4,,14.0,9.33333,339.999227301996,,
"Mission Forest Products, LP (Corinth, MS)",375477,central,Customer,Dallas,TX,2x4,,8.0,5.33333,235.653514058811,,
"Mission Forest Products, LP (Corinth, MS)",375477,central,Customer,Del Rio,TX,2x4,,16.0,21.33334,361.3122295811135,,
"Mission Forest Products, LP (Corinth, MS)",375477,central,Customer,Duluth,GA,2x4,,10.0,13.33334,405.103423408136,,
"Mission Forest Products, LP (Corinth, MS)",375477,central,Customer,Duluth,GA,2x4,,12.0,16.0,405.0,,
"Mission Forest Products, LP (Corinth, MS)",375477,central,Customer,Elora,TN,2x4,,10.0,13.33334,272.5672069853485,,
"Mission Forest Products, LP (Corinth, MS)",375477,central,Customer,Elora,TN,2x4,,12.0,8.0,356.250450721154,,
"Mission Forest Products, LP (Corinth, MS)",375477,central,Customer,Flintville,TN,2x4,,8.0,58.66663,185.14501930107983,,
"Mission Forest Products, LP (Corinth, MS)",375477,central,Customer,Flintville,TN,2x4,,10.0,20.00001,150.036017628205,,
"Mission Forest Products, LP (Corinth, MS)",375477,central,Customer,Flintville,TN,2x4,,12.0,72.0,185.931216931217,,
"Mission Forest Products, LP (Corinth, MS)",375477,central,Customer,Fort Payne,AL,2x4,,8.0,5.33333,224.935407088711,,
"Mission Forest Products, LP (Corinth, MS)",375477,central,Customer,Fort Payne,AL,2x4,,10.0,6.66667,390.105045524204,,
"Mission Forest Products, LP (Corinth, MS)",375477,central,Customer,Fort Payne,AL,2x4,,12.0,8.0,390.0,,
"Mission Forest Products, LP (Corinth, MS)",375477,central,Customer,Grabill,IN,2x6,,,4.0,60.00000155362215,,
"Mission Forest Products, LP (Corinth, MS)",375477,central,Customer,Grabill,IN,2x8,,12.0,16.0,155.0,,
"Mission Forest Products, LP (Corinth, MS)",375477,central,Customer,Haleyville,AL,2x4,,10.0,40.00002,342.59008176170386,,
"Mission Forest Products, LP (Corinth, MS)",375477,central,Customer,Haleyville,AL,2x4,,12.0,56.0,303.5238095238096,,
"Mission Forest Products, LP (Corinth, MS)",375477,central,Customer,Harrisburg,IL,2x4,,16.0,10.66667,430.004089966646,,
"Mission Forest Products, LP (Corinth, MS)",375477,central,Customer,Harrisburg,IL,2x4,,10.0,13.33334,435.67478147363045,,
"Mission Forest Products, LP (Corinth, MS)",375477,central,Customer,Harrisburg,IL,2x4,,12.0,16.0,510.56771978022,,
"Mission Forest Products, LP (Corinth, MS)",375477,central,Customer,Harrisburg,IL,2x4,,14.0,18.66666,462.46676934921004,,
"Mission Forest Products, LP (Corinth, MS)",375477,central,Customer,Haven,KS,2x4,,10.0,6.66667,375.108322515506,,
"Mission Forest Products, LP (Corinth, MS)",375477,central,Customer,Haven,KS,2x4,,12.0,8.0,375.000429258242,,
"Mission Forest Products, LP (Corinth, MS)",375477,central,Customer,Haven,KS,2x4,,14.0,9.33333,395.001229606732,,
"Mission Forest Products, LP (Corinth, MS)",375477,central,Customer,Houston,TX,2x4,,14.0,9.33333,259.966559347499,,
"Mission Forest Products, LP (Corinth, MS)",375477,central,Customer,Irving,TX,2x4,,8.0,5.33333,151.865421764327,,
"Mission Forest Products, LP (Corinth, MS)",375477,central,Customer,Iuka,MS,2x4,,,1.33333,52.3676359733848,,
"Mission Forest Products, LP (Corinth, MS)",375477,central,Customer,Jacksonville,TX,2x8,,10.0,39.99999,389.1693005339637,,
"Mission Forest Products, LP (Corinth, MS)",375477,central,Customer,Lincoln,AL,2x4,,16.0,21.33334,320.0525302192175,,
"Mission Forest Products, LP (Corinth, MS)",375477,central,Customer,Lincoln,AL,2x4,,12.0,16.0,364.000040064103,,
"Mission Forest Products, LP (Corinth, MS)",375477,central,Customer,Lott,TX,2x4,,18.0,12.0,430.0,,
"Mission Forest Products, LP (Corinth, MS)",375477,central,Customer,Madison,IN,2x4,,16.0,10.66667,475.0,,
"Mission Forest Products, LP (Corinth, MS)",375477,central,Customer,Madison,IN,2x4,,10.0,6.66667,440.157951676884,,
"Mission Forest Products, LP (Corinth, MS)",375477,central,Customer,Madison,IN,2x4,,12.0,8.0,445.0,,
"Mission Forest Products, LP (Corinth, MS)",375477,central,Customer,Madison,IN,2x4,,14.0,9.33333,475.0,,
"Mission Forest Products, LP (Corinth, MS)",375477,central,Customer,Madison,IN,2x4,,18.0,12.0,430.0,,
"Mission Forest Products, LP (Corinth, MS)",375477,central,Customer,Markleville,IN,2x4,,,2.66666,59.9828313870109,,
"Mission Forest Products, LP (Corinth, MS)",375477,central,Customer,Markleville,IN,2x8,,,5.33333,125.005307630249,,
"Mission Forest Products, LP (Corinth, MS)",375477,central,Customer,Markleville,IN,2x8,,6.0,8.0,125.0,,
"Mission Forest Products, LP (Corinth, MS)",375477,central,Customer,Mc Intyre,GA,2x8,,8.0,10.66667,314.999985139266,,
"Mission Forest Products, LP (Corinth, MS)",375477,central,Customer,Mc Intyre,GA,2x8,,12.0,16.0,319.99998819987,,
"Mission Forest Products, LP (Corinth, MS)",375477,central,Customer,Mc Leansboro,IL,2x4,,10.0,6.66667,300.076443388623,,
"Mission Forest Products, LP (Corinth, MS)",375477,central,Customer,Memphis,TN,2x4,,8.0,26.66665,279.5443676863106,,
"Mission Forest Products, LP (Corinth, MS)",375477,central,Customer,Memphis,TN,2x4,,,2.66666,68.1593352987186,,
"Mission Forest Products, LP (Corinth, MS)",375477,central,Customer,Memphis,TN,2x4,,10.0,6.66667,260.066007720697,,
"Mission Forest Products, LP (Corinth, MS)",375477,central,Customer,Memphis,TN,2x6,,8.0,16.0,209.999988769531,,
"Mission Forest Products, LP (Corinth, MS)",375477,central,Customer,Memphis,TN,2x6,,16.0,32.0,209.999989013672,,
"Mission Forest Products, LP (Corinth, MS)",375477,central,Customer,Memphis,TN,2x6,,10.0,20.0,209.999986328125,,
"Mission Forest Products, LP (Corinth, MS)",375477,central,Customer,Memphis,TN,2x6,,14.0,28.0,210.0,,
"Mission Forest Products, LP (Corinth, MS)",375477,central,Customer,Middleton,TN,2x4,,8.0,10.66666,249.928404425323,,
"Mission Forest Products, LP (Corinth, MS)",375477,central,Customer,Middleton,TN,2x6,,8.0,40.0,287.99998556385856,,
"Mission Forest Products, LP (Corinth, MS)",375477,central,Customer,Milroy,IN,2x4,,,4.0,80.5465656765729,,
"Mission Forest Products, LP (Corinth, MS)",375477,central,Customer,Milroy,IN,2x4,,6.0,16.0,133.295457277098,,
"Mission Forest Products, LP (Corinth, MS)",375477,central,Customer,Morristown,TN,2x4,,10.0,6.66667,158.863954524244,,
"Mission Forest Products, LP (Corinth, MS)",375477,central,Customer,Moscow,TN,2x4,,8.0,5.33333,304.931259860266,,
"Mission Forest Products, LP (Corinth, MS)",375477,central,Customer,Moscow,TN,2x4,,16.0,53.333349999999996,342.056127842655,,
"Mission Forest Products, LP (Corinth, MS)",375477,central,Customer,Moscow,TN,2x4,,10.0,6.66667,250.077168761591,,
"Mission Forest Products, LP (Corinth, MS)",375477,central,Customer,Moscow,TN,2x4,,12.0,8.0,275.0004296875,,
"Mission Forest Products, LP (Corinth, MS)",375477,central,Customer,Mt Pleasant,TX,2x4,,10.0,6.66667,350.089000127264,,
"Mission Forest Products, LP (Corinth, MS)",375477,central,Customer,Nashville,TN,2x4,,8.0,21.33332,262.3728056648482,,
"Mission Forest Products, LP (Corinth, MS)",375477,central,Customer,Nashville,TN,2x4,,12.0,8.0,233.333333333333,,
"Mission Forest Products, LP (Corinth, MS)",375477,central,Customer,Nashville,TN,2x4,,14.0,18.66666,309.957012717993,,
"Mission Forest Products, LP (Corinth, MS)",375477,central,Customer,Nashville,TN,2x6,,8.0,16.0,264.999980893342,,
"Mission Forest Products, LP (Corinth, MS)",375477,central,Customer,Northport,AL,2x4,,8.0,5.33333,261.837003648852,,
"Mission Forest Products, LP (Corinth, MS)",375477,central,Customer,Olive Branch,MS,2x4,,8.0,10.66666,277.547353938613,,
"Mission Forest Products, LP (Corinth, MS)",375477,central,Customer,Olive Branch,MS,2x4,,12.0,8.0,219.333333333333,,
"Mission Forest Products, LP (Corinth, MS)",375477,central,Customer,Park City,KS,2x6,,14.0,14.0,355.000042925824,,
"Mission Forest Products, LP (Corinth, MS)",375477,central,Customer,Princeville,IL,2x4,,16.0,10.66667,365.054987980769,,
"Mission Forest Products, LP (Corinth, MS)",375477,central,Customer,Princeville,IL,2x4,,12.0,8.0,325.0,,
"Mission Forest Products, LP (Corinth, MS)",375477,central,Customer,Princeville,IL,2x4,,14.0,18.66666,339.97774047057203,,
"Mission Forest Products, LP (Corinth, MS)",375477,central,Customer,Ranburne,AL,2x8,,10.0,13.33333,155.006381841359,,
"Mission Forest Products, LP (Corinth, MS)",375477,central,Customer,Ranburne,AL,2x8,,12.0,64.0,240.0,,
"Mission Forest Products, LP (Corinth, MS)",375477,central,Customer,Saint Rose,IL,2x4,,16.0,42.66668,402.568017115286,,
"Mission Forest Products, LP (Corinth, MS)",375477,central,Customer,Saint Rose,IL,2x4,,12.0,8.0,385.0,,
"Mission Forest Products, LP (Corinth, MS)",375477,central,Customer,Saint Rose,IL,2x4,,14.0,9.33333,444.942730199614,,
"Mission Forest Products, LP (Corinth, MS)",375477,central,Customer,Saint Rose,IL,2x4,,18.0,36.0,381.6666586538463,,
"Mission Forest Products, LP (Corinth, MS)",375477,central,Customer,Saint Rose,IL,2x4,,20.0,13.33333,359.967456954836,,
"Mission Forest Products, LP (Corinth, MS)",375477,central,Customer,Schiller Park,IL,2x4,,8.0,26.66665,387.0740211261192,,
"Mission Forest Products, LP (Corinth, MS)",375477,central,Customer,Schiller Park,IL,2x4,,16.0,10.66667,390.070404759758,,
"Mission Forest Products, LP (Corinth, MS)",375477,central,Customer,Sellersburg,IN,2x6,,10.0,10.0,295.555555555556,,
"Mission Forest Products, LP (Corinth, MS)",375477,central,Customer,Selmer,TN,2x4,,8.0,10.66666,151.862202189311,,
"Mission Forest Products, LP (Corinth, MS)",375477,central,Customer,Selmer,TN,2x4,,10.0,20.00001,239.04066239170666,,
"Mission Forest Products, LP (Corinth, MS)",375477,central,Customer,Selmer,TN,2x4,,14.0,9.33333,244.968362309508,,
"Mission Forest Products, LP (Corinth, MS)",375477,central,Customer,Shepherdsville,KY,2x4,,10.0,6.66667,325.083018707844,,
"Mission Forest Products, LP (Corinth, MS)",375477,central,Customer,Shepherdsville,KY,2x6,,10.0,10.0,360.0,,
"Mission Forest Products, LP (Corinth, MS)",375477,central,Customer,Sherman,TX,2x8,,,2.66667,60.0000031072443,,
"Mission Forest Products, LP (Corinth, MS)",375477,central,Customer,Sikeston,MO,2x4,,18.0,24.0,433.76532322827654,,
"Mission Forest Products, LP (Corinth, MS)",375477,central,Customer,Sikeston,MO,2x4,,20.0,13.33333,359.967445235734,,
"Mission Forest Products, LP (Corinth, MS)",375477,central,Customer,Somerset,KY,2x6,,8.0,8.0,234.791666666667,,
"Mission Forest Products, LP (Corinth, MS)",375477,central,Customer,Toccoa,GA,2x4,,,2.66667,124.963987707437,,
"Mission Forest Products, LP (Corinth, MS)",375477,central,Customer,Tuscola,IL,2x4,,10.0,6.66667,360.091460569295,,
"Mission Forest Products, LP (Corinth, MS)",375477,central,Customer,Tuscola,IL,2x4,,18.0,12.0,553.506054131054,,
"Mission Forest Products, LP (Corinth, MS)",375477,central,Customer,Tuscola,IL,2x4,,20.0,13.33333,453.118694659241,,
"Mission Forest Products, LP (Corinth, MS)",375477,central,Customer,Tuscumbia,AL,2x4,,14.0,18.66666,259.966537883666,,
"Mission Forest Products, LP (Corinth, MS)",375477,central,Customer,Vinemont,AL,2x4,,8.0,5.33333,151.865421764327,,
"Mission Forest Products, LP (Corinth, MS)",375477,central,Customer,Vinemont,AL,2x4,,10.0,6.66667,260.066007720697,,
"Mission Forest Products, LP (Corinth, MS)",375477,central,Customer,Walnut,MS,2x4,,10.0,26.66668,350.088954206083,,
"Mission Forest Products, LP (Corinth, MS)",375477,central,Customer,Wichita,KS,2x4,,16.0,10.66667,300.048989551321,,
"Mission Forest Products, LP (Corinth, MS)",375477,central,Customer,,,2x4,,8.0,10.66666,151.865421764327,,
"Mission Forest Products, LP (Corinth, MS)",375477,central,Customer,,,2x4,,6.0,4.0,155.357142857143,,
"Mission Forest Products, LP (Corinth, MS)",375477,central,TLR,Birmingham,AL,2x4,,10.0,6.66667,390.005514783863,,
"Mission Forest Products, LP (Corinth, MS)",375477,central,TLR,Birmingham,AL,2x4,,14.0,9.33333,325.013951491736,,
"Mission Forest Products, LP (Corinth, MS)",375477,central,TLR,Birmingham,AL,2x6,,8.0,8.0,275.0,,
"Mission Forest Products, LP (Corinth, MS)",375477,central,TLR,Birmingham,AL,2x6,,16.0,16.0,275.0,,
"Mission Forest Products, LP (Corinth, MS)",375477,central,TLR,Birmingham,AL,2x6,,12.0,12.0,275.0,,
"Mission Forest Products, LP (Corinth, MS)",375477,central,TLR,Birmingham,AL,2x8,,8.0,21.33334,275.0,,
"Mission Forest Products, LP (Corinth, MS)",375477,central,TLR,Birmingham,AL,2x8,,12.0,16.0,230.0,,
"Mountain Timber, Inc (Hector, AR)",906,nan,Customer,Pine Bluff,AR,4x6,,9.0,72.0,519.999951636905,,
"Mountain Timber, Inc (Hector, AR)",906,nan,Customer,Pine Bluff,AR,4x7,,9.0,42.0,552.4999758184525,,
"National Salvage & Service Corporation (Deridder, LA)",15562,nan,Customer,Scammon,KS,7x9,,10.0,44.625,179.273758346291,,
"National Salvage & Service Corporation (Hondo, TX)",378307,nan,Customer,Ft Worth,TX,7x9,,10.0,44.625,179.271708683473,,
"National Salvage & Service Corporation (Vanderbilt, TX)",378913,nan,Customer,Niederwald,TX,7x9,,10.0,44.625,179.271708683473,,
"Norbord Industries Inc. (Cordele, GA)",1060,east,Customer,Eatonton,GA,16x4,,8.0,32.0,280.0,,
"Norbord Industries Inc. (Kinards, SC)",1061,east,Customer,Baltimore,MD,16x4,,8.0,32.0,300.000016741071,,
"Norbord Industries Inc. (Kinards, SC)",1061,east,Customer,Golden,MS,16x4,,8.0,32.0,176.0,,
"Norbord Industries Inc. (Kinards, SC)",1061,east,Customer,Moore,SC,16x4,,8.0,32.0,151.999988839286,,
"Norbord Industries Inc. (Kinards, SC)",1061,east,Customer,Somerset,KY,16x4,,8.0,32.0,151.999988839286,,
"Pallets Ready, LLC (Summertown, TN)",377491,nan,Customer,Cedar Springs,GA,4x4,,8.0,21.33334,478.2076317848405,,
"Pallets Ready, LLC (Summertown, TN)",377491,nan,Customer,Cedar Springs,GA,4x4,,,21.33332,478.17003154816376,,
"Pallets Ready, LLC (Summertown, TN)",377491,nan,Customer,Rainbow City,AL,3x8,,,12.0,724.999965277778,,
"Pallets Ready, LLC (Summertown, TN)",377491,nan,Customer,Westerville,OH,2x2,,,1.66667,696.0,,
"Pallets Ready, LLC (Summertown, TN)",377491,nan,Customer,Westerville,OH,3x2,,,2.0,575.0,,
"Pallets Ready, LLC (Summertown, TN)",377491,nan,Customer,Westerville,OH,3x3,,,3.0,610.0,,
"Pallets Ready, LLC (Summertown, TN)",377491,nan,Customer,Westerville,OH,3x6,,,24.0,476.66697887988926,,
"Park Falls Hardwood (Park Falls, WI)",913,nan,Customer,Boyceville,WI,2x4,,,2.66667,322.5,,
"Pinecrest Lbr / Green Bay Packaging (Plumerville, AR)",1062,west,Customer,Arthur,IL,4x4,,14.0,18.66667,315.714285714286,,
"Pinecrest Lbr / Green Bay Packaging (Plumerville, AR)",1062,west,Customer,Bryan,TX,4x4,,8.0,74.66669,329.2857152157737,,
"Pinecrest Lbr / Green Bay Packaging (Plumerville, AR)",1062,west,Customer,Bryan,TX,4x4,,16.0,106.66665,319.0000010230654,,
"Pinecrest Lbr / Green Bay Packaging (Plumerville, AR)",1062,west,Customer,Bryan,TX,4x4,,10.0,79.99998,320.0,,
"Pinecrest Lbr / Green Bay Packaging (Plumerville, AR)",1062,west,Customer,Bryan,TX,4x4,,12.0,96.0,320.0000028935185,,
"Pinecrest Lbr / Green Bay Packaging (Plumerville, AR)",1062,west,Customer,Bryan,TX,4x4,,14.0,112.00002,319.9999950396827,,
"Pinecrest Lbr / Green Bay Packaging (Plumerville, AR)",1062,west,Customer,Bryan,TX,4x6,,8.0,272.0,412.9411691395308,,
"Pinecrest Lbr / Green Bay Packaging (Plumerville, AR)",1062,west,Customer,Bryan,TX,4x6,,16.0,320.0,368.499994047619,,
"Pinecrest Lbr / Green Bay Packaging (Plumerville, AR)",1062,west,Customer,Bryan,TX,4x6,,10.0,280.0,392.85714285714283,,
"Pinecrest Lbr / Green Bay Packaging (Plumerville, AR)",1062,west,Customer,Bryan,TX,4x6,,12.0,264.0,372.27272727272725,,
"Pinecrest Lbr / Green Bay Packaging (Plumerville, AR)",1062,west,Customer,Bryan,TX,4x6,,14.0,280.0,353.50000223214295,,
"Pinecrest Lbr / Green Bay Packaging (Plumerville, AR)",1062,west,Customer,Chickasha,OK,4x4,,8.0,10.66667,325.0,,
"Pinecrest Lbr / Green Bay Packaging (Plumerville, AR)",1062,west,Customer,Dallas,TX,4x4,,8.0,32.00001,343.33335844494064,,
"Pinecrest Lbr / Green Bay Packaging (Plumerville, AR)",1062,west,Customer,Dallas,TX,4x4,,16.0,63.99999,343.42918131919237,,
"Pinecrest Lbr / Green Bay Packaging (Plumerville, AR)",1062,west,Customer,Dallas,TX,4x4,,10.0,39.99999,343.40455361776867,,
"Pinecrest Lbr / Green Bay Packaging (Plumerville, AR)",1062,west,Customer,Dallas,TX,4x4,,12.0,48.0,343.33334077380965,,
"Pinecrest Lbr / Green Bay Packaging (Plumerville, AR)",1062,west,Customer,Dallas,TX,4x4,,14.0,56.00001,343.3333382936507,,
"Pinecrest Lbr / Green Bay Packaging (Plumerville, AR)",1062,west,Customer,Dallas,TX,4x6,,8.0,16.0,530.0,,
"Pinecrest Lbr / Green Bay Packaging (Plumerville, AR)",1062,west,Customer,Dallas,TX,4x6,,16.0,32.0,514.999958147321,,
"Pinecrest Lbr / Green Bay Packaging (Plumerville, AR)",1062,west,Customer,Dallas,TX,4x6,,12.0,24.0,385.0,,
"Pinecrest Lbr / Green Bay Packaging (Plumerville, AR)",1062,west,Customer,Denton,TX,2x6,,8.0,8.0,294.999981933594,,
"Pinecrest Lbr / Green Bay Packaging (Plumerville, AR)",1062,west,Customer,Denton,TX,2x6,,10.0,10.0,295.0,,
"Pinecrest Lbr / Green Bay Packaging (Plumerville, AR)",1062,west,Customer,Denton,TX,4x6,,8.0,5.0,293.213976934524,,
"Pinecrest Lbr / Green Bay Packaging (Plumerville, AR)",1062,west,Customer,Denton,TX,4x6,,12.0,7.5,295.0,,
"Pinecrest Lbr / Green Bay Packaging (Plumerville, AR)",1062,west,Customer,Denver,CO,4x4,,8.0,10.66667,390.0,,
"Pinecrest Lbr / Green Bay Packaging (Plumerville, AR)",1062,west,Customer,Denver,CO,4x4,,16.0,21.33333,415.046322134167,,
"Pinecrest Lbr / Green Bay Packaging (Plumerville, AR)",1062,west,Customer,Denver,CO,4x4,,12.0,16.0,350.0,,
"Pinecrest Lbr / Green Bay Packaging (Plumerville, AR)",1062,west,Customer,Ft Worth,TX,4x4,,8.0,10.66667,365.0,,
"Pinecrest Lbr / Green Bay Packaging (Plumerville, AR)",1062,west,Customer,Guthrie,OK,4x4,,8.0,10.66667,300.0,,
"Pinecrest Lbr / Green Bay Packaging (Plumerville, AR)",1062,west,Customer,Guthrie,OK,4x4,,16.0,21.33333,300.041858518208,,
"Pinecrest Lbr / Green Bay Packaging (Plumerville, AR)",1062,west,Customer,Guthrie,OK,4x4,,10.0,13.33333,300.133988387673,,
"Pinecrest Lbr / Green Bay Packaging (Plumerville, AR)",1062,west,Customer,Guthrie,OK,4x4,,12.0,16.0,300.0,,
"Pinecrest Lbr / Green Bay Packaging (Plumerville, AR)",1062,west,Customer,Guthrie,OK,4x4,,14.0,18.66667,300.0,,
"Pinecrest Lbr / Green Bay Packaging (Plumerville, AR)",1062,west,Customer,Henderson,TX,2x4,,8.0,10.66666,309.323715058611,,
"Pinecrest Lbr / Green Bay Packaging (Plumerville, AR)",1062,west,Customer,Henderson,TX,2x4,,16.0,21.33334,309.254000450755,,
"Pinecrest Lbr / Green Bay Packaging (Plumerville, AR)",1062,west,Customer,Henderson,TX,2x4,,10.0,13.33334,309.267928236567,,
"Pinecrest Lbr / Green Bay Packaging (Plumerville, AR)",1062,west,Customer,Henderson,TX,2x4,,12.0,16.0,309.230787259615,,
"Pinecrest Lbr / Green Bay Packaging (Plumerville, AR)",1062,west,Customer,Henderson,TX,2x4,,14.0,18.66666,208.843277091668,,
"Pinecrest Lbr / Green Bay Packaging (Plumerville, AR)",1062,west,Customer,Kilgore,TX,4x4,,16.0,21.33333,475.022089940938,,
"Pinecrest Lbr / Green Bay Packaging (Plumerville, AR)",1062,west,Customer,Markleville,IN,4x4,,8.0,10.66667,350.00001953125,,
"Pinecrest Lbr / Green Bay Packaging (Plumerville, AR)",1062,west,Customer,Markleville,IN,4x4,,16.0,21.33333,350.097703042143,,
"Pinecrest Lbr / Green Bay Packaging (Plumerville, AR)",1062,west,Customer,Markleville,IN,4x4,,10.0,13.33333,350.078142442509,,
"Pinecrest Lbr / Green Bay Packaging (Plumerville, AR)",1062,west,Customer,Markleville,IN,4x4,,12.0,16.0,350.0,,
"Pinecrest Lbr / Green Bay Packaging (Plumerville, AR)",1062,west,Customer,Markleville,IN,4x4,,14.0,18.66667,350.0,,
"Pinecrest Lbr / Green Bay Packaging (Plumerville, AR)",1062,west,Customer,Memphis,TN,4x6,,16.0,32.0,444.583333333333,,
"Pinecrest Lbr / Green Bay Packaging (Plumerville, AR)",1062,west,Customer,Oklahoma City,OK,2x4,,8.0,5.33333,180.013512733829,,
"Pinecrest Lbr / Green Bay Packaging (Plumerville, AR)",1062,west,Customer,Oklahoma City,OK,2x4,,10.0,6.66667,319.999983173077,,
"Pinecrest Lbr / Green Bay Packaging (Plumerville, AR)",1062,west,Customer,Oklahoma City,OK,2x4,,12.0,8.0,360.0,,
"Pinecrest Lbr / Green Bay Packaging (Plumerville, AR)",1062,west,Customer,Oklahoma City,OK,2x4,,14.0,9.33333,240.041215868109,,
"Pinecrest Lbr / Green Bay Packaging (Plumerville, AR)",1062,west,Customer,Oklahoma City,OK,2x6,,8.0,8.0,285.0,,
"Pinecrest Lbr / Green Bay Packaging (Plumerville, AR)",1062,west,Customer,Oklahoma City,OK,2x6,,16.0,16.0,285.0,,
"Pinecrest Lbr / Green Bay Packaging (Plumerville, AR)",1062,west,Customer,Oklahoma City,OK,2x6,,10.0,10.0,285.0,,
"Pinecrest Lbr / Green Bay Packaging (Plumerville, AR)",1062,west,Customer,Oklahoma City,OK,2x6,,12.0,12.0,285.0,,
"Pinecrest Lbr / Green Bay Packaging (Plumerville, AR)",1062,west,Customer,Oklahoma City,OK,2x6,,14.0,14.0,285.0,,
"Pinecrest Lbr / Green Bay Packaging (Plumerville, AR)",1062,west,Customer,Ottawa Lake,MI,4x6,,8.0,5.0,264.999980729167,,
"Pinecrest Lbr / Green Bay Packaging (Plumerville, AR)",1062,west,Customer,Ottawa Lake,MI,4x6,,16.0,10.0,265.000012152778,,
"Pinecrest Lbr / Green Bay Packaging (Plumerville, AR)",1062,west,Customer,Ottawa Lake,MI,4x6,,10.0,6.25,265.0,,
"Pinecrest Lbr / Green Bay Packaging (Plumerville, AR)",1062,west,Customer,Ottawa Lake,MI,4x6,,12.0,7.5,265.000012152778,,
"Pinecrest Lbr / Green Bay Packaging (Plumerville, AR)",1062,west,Customer,Ottawa Lake,MI,4x6,,14.0,8.75,264.999986111111,,
"Pinecrest Lbr / Green Bay Packaging (Plumerville, AR)",1062,west,Customer,Park City,KS,4x4,,12.0,16.0,350.0,,
"Pinecrest Lbr / Green Bay Packaging (Plumerville, AR)",1062,west,Customer,Pharr,TX,4x4,,8.0,10.66667,365.0,,
"Pinecrest Lbr / Green Bay Packaging (Plumerville, AR)",1062,west,Customer,Port Neches,TX,4x6,,10.0,60.0,468.3333333333333,,
"Pinecrest Lbr / Green Bay Packaging (Plumerville, AR)",1062,west,Customer,Ripley,TN,2x4,,8.0,5.33333,285.13922813874,,
"Pinecrest Lbr / Green Bay Packaging (Plumerville, AR)",1062,west,Customer,Ripley,TN,2x4,,16.0,10.66667,285.0,,
"Pinecrest Lbr / Green Bay Packaging (Plumerville, AR)",1062,west,Customer,Ripley,TN,2x4,,10.0,6.66667,284.999986328125,,
"Pinecrest Lbr / Green Bay Packaging (Plumerville, AR)",1062,west,Customer,Ripley,TN,2x4,,12.0,8.0,285.0,,
"Pinecrest Lbr / Green Bay Packaging (Plumerville, AR)",1062,west,Customer,Ripley,TN,2x4,,14.0,9.33333,285.079542283003,,
"Pinecrest Lbr / Green Bay Packaging (Plumerville, AR)",1062,west,Customer,Scammon,KS,4x4,,8.0,10.66667,540.0,,
"Pinecrest Lbr / Green Bay Packaging (Plumerville, AR)",1062,west,Customer,Selmer,TN,2x6,,8.0,8.0,235.0,,
"Pinecrest Lbr / Green Bay Packaging (Plumerville, AR)",1062,west,Customer,Selmer,TN,2x6,,16.0,16.0,235.0,,
"Pinecrest Lbr / Green Bay Packaging (Plumerville, AR)",1062,west,Customer,Selmer,TN,2x6,,10.0,10.0,234.999986328125,,
"Pinecrest Lbr / Green Bay Packaging (Plumerville, AR)",1062,west,Customer,Selmer,TN,2x6,,12.0,12.0,234.999990234375,,
"Pinecrest Lbr / Green Bay Packaging (Plumerville, AR)",1062,west,Customer,Selmer,TN,2x6,,14.0,14.0,235.0,,
"Pinecrest Lbr / Green Bay Packaging (Plumerville, AR)",1062,west,Customer,South Pittsburg,TN,4x4,,12.0,16.0,524.999958147321,,
"Pinecrest Lbr / Green Bay Packaging (Plumerville, AR)",1062,west,Customer,Stephens,AR,4x6,,8.0,16.0,365.0,,
"Pinecrest Lbr / Green Bay Packaging (Plumerville, AR)",1062,west,Customer,Stephens,AR,4x6,,16.0,64.0,439.999990234375,,
"Pinecrest Lbr / Green Bay Packaging (Plumerville, AR)",1062,west,Customer,Stephens,AR,4x6,,10.0,20.0,365.000020833333,,
"Pinecrest Lbr / Green Bay Packaging (Plumerville, AR)",1062,west,Customer,Stephens,AR,4x6,,12.0,24.0,365.0,,
"Pinecrest Lbr / Green Bay Packaging (Plumerville, AR)",1062,west,Customer,Stephens,AR,4x6,,14.0,112.0,457.5,,
"Pinecrest Lbr / Green Bay Packaging (Plumerville, AR)",1062,west,Customer,Sycamore,IL,4x4,,8.0,21.33334,332.5,,
"Pinecrest Lbr / Green Bay Packaging (Plumerville, AR)",1062,west,Customer,Sycamore,IL,4x4,,16.0,42.66666,332.625165835638,,
"Pinecrest Lbr / Green Bay Packaging (Plumerville, AR)",1062,west,Customer,Sycamore,IL,4x4,,10.0,13.33333,325.290437890974,,
"Pinecrest Lbr / Green Bay Packaging (Plumerville, AR)",1062,west,Customer,Sycamore,IL,4x4,,12.0,32.0,332.5,,
"Pinecrest Lbr / Green Bay Packaging (Plumerville, AR)",1062,west,Customer,Sycamore,IL,4x4,,14.0,37.33334,332.5,,
"Pinecrest Lbr / Green Bay Packaging (Plumerville, AR)",1062,west,Customer,Toccoa,GA,4x4,,8.0,10.66667,355.0,,
"Pinecrest Lbr / Green Bay Packaging (Plumerville, AR)",1062,west,Customer,Toccoa,GA,4x4,,16.0,21.33333,355.04953257988,,
"Pinecrest Lbr / Green Bay Packaging (Plumerville, AR)",1062,west,Customer,Toccoa,GA,4x4,,10.0,13.33333,355.105715986901,,
"Pinecrest Lbr / Green Bay Packaging (Plumerville, AR)",1062,west,Customer,Toccoa,GA,4x4,,12.0,16.0,355.0,,
"Pinecrest Lbr / Green Bay Packaging (Plumerville, AR)",1062,west,Customer,Toccoa,GA,4x4,,14.0,18.66667,355.000012755102,,
"Pinecrest Lbr / Green Bay Packaging (Plumerville, AR)",1062,west,Customer,Toledo,OH,4x4,,8.0,10.66667,360.0,,
"Pinecrest Lbr / Green Bay Packaging (Plumerville, AR)",1062,west,Customer,Toledo,OH,4x4,,16.0,21.33333,360.040199799085,,
"Pinecrest Lbr / Green Bay Packaging (Plumerville, AR)",1062,west,Customer,Toledo,OH,4x4,,10.0,13.33333,360.160802590442,,
"Pinecrest Lbr / Green Bay Packaging (Plumerville, AR)",1062,west,Customer,Toledo,OH,4x4,,12.0,16.0,360.0,,
"Pinecrest Lbr / Green Bay Packaging (Plumerville, AR)",1062,west,Customer,Toledo,OH,4x4,,14.0,18.66667,360.0,,
"Pinecrest Lbr / Green Bay Packaging (Plumerville, AR)",1062,west,Customer,West Union,OH,4x4,,8.0,32.00001,366.6666666666667,,
"Pinecrest Lbr / Green Bay Packaging (Plumerville, AR)",1062,west,Customer,West Union,OH,4x4,,16.0,42.66666,450.251256281407,,
"Pinecrest Lbr / Green Bay Packaging (Plumerville, AR)",1062,west,Customer,West Union,OH,4x4,,10.0,39.99999,275.083734017146,,
"Pinecrest Lbr / Green Bay Packaging (Plumerville, AR)",1062,west,Customer,West Union,OH,4x4,,12.0,48.0,280.0,,
"Pinecrest Lbr / Green Bay Packaging (Plumerville, AR)",1062,west,Customer,West Union,OH,4x4,,14.0,56.00001,275.0,,
"Pinecrest Lbr / Green Bay Packaging (Plumerville, AR)",1062,west,Customer,Wichita,KS,2x6,,8.0,8.0,255.0,,
"Pinecrest Lbr / Green Bay Packaging (Plumerville, AR)",1062,west,Customer,Wichita,KS,2x6,,16.0,16.0,255.0,,
"Pinecrest Lbr / Green Bay Packaging (Plumerville, AR)",1062,west,Customer,Wichita,KS,2x6,,10.0,10.0,255.0,,
"Pinecrest Lbr / Green Bay Packaging (Plumerville, AR)",1062,west,Customer,Wichita,KS,2x6,,12.0,12.0,255.0,,
"Pinecrest Lbr / Green Bay Packaging (Plumerville, AR)",1062,west,Customer,Wichita,KS,2x6,,14.0,14.0,254.999990513393,,
"Pinecrest Lbr / Green Bay Packaging (Plumerville, AR)",1062,west,Customer,Wichita Falls,TX,2x4,,8.0,5.33333,304.661157024793,,
"Pinecrest Lbr / Green Bay Packaging (Plumerville, AR)",1062,west,Customer,Wichita Falls,TX,2x4,,16.0,10.66667,304.615384615385,,
"Pinecrest Lbr / Green Bay Packaging (Plumerville, AR)",1062,west,Customer,Wichita Falls,TX,2x4,,10.0,6.66667,304.652001442481,,
"Pinecrest Lbr / Green Bay Packaging (Plumerville, AR)",1062,west,Customer,Wichita Falls,TX,2x4,,12.0,8.0,304.615384615385,,
"Pinecrest Lbr / Green Bay Packaging (Plumerville, AR)",1062,west,Customer,Wichita Falls,TX,2x4,,14.0,9.33333,304.667697063369,,
"Pinecrest Lbr / Green Bay Packaging (Plumerville, AR)",1062,west,Customer,,,4x4,,8.0,21.33334,312.5000125558035,,
"Pinecrest Lbr / Green Bay Packaging (Plumerville, AR)",1062,west,Customer,,,4x4,,16.0,42.66666,312.572096917615,,
"Pinecrest Lbr / Green Bay Packaging (Plumerville, AR)",1062,west,Customer,,,4x4,,10.0,26.66666,312.617233190986,,
"Pinecrest Lbr / Green Bay Packaging (Plumerville, AR)",1062,west,Customer,,,4x4,,12.0,32.0,312.5,,
"Pinecrest Lbr / Green Bay Packaging (Plumerville, AR)",1062,west,Customer,,,4x4,,14.0,37.33334,312.500007440476,,
"Pinecrest Lbr / Green Bay Packaging (Plumerville, AR)",1062,west,TLR,Birmingham,AL,4x6,,10.0,20.0,475.0,,
"Pollard Lumber Co, Inc (Appling, GA)",377111,east,Customer,Pollard,AR,4x6,,10.0,6.25,290.277777777778,,
"Potlatch Land & Lumber, LLC (Ola, AR)",966,west,Customer,Bryan,TX,2x8,,8.0,10.66667,200.0,,
"Potlatch Land & Lumber, LLC (Ola, AR)",966,west,Customer,Bryan,TX,2x8,,16.0,21.33333,200.0,,
"Potlatch Land & Lumber, LLC (Ola, AR)",966,west,Customer,Dallas,TX,2x8,,10.0,13.33333,245.019142120478,,
"Potlatch Land & Lumber, LLC (Ola, AR)",966,west,Customer,Dallas,TX,2x8,,12.0,16.0,245.0,,
"Potlatch Land & Lumber, LLC (Ola, AR)",966,west,Customer,Dallas,TX,2x8,,14.0,18.66667,245.0,,
"Potlatch Land & Lumber, LLC (Ola, AR)",966,west,Customer,Houston,TX,2x8,,12.0,16.0,200.0,,
"Potlatch Land & Lumber, LLC (Ola, AR)",966,west,Customer,Jacksonville,TX,2x8,,8.0,10.66667,245.0,,
"Potlatch Land & Lumber, LLC (Ola, AR)",966,west,Customer,Jacksonville,TX,2x8,,12.0,16.0,245.0,,
"Potlatch Land & Lumber, LLC (Ola, AR)",966,west,Customer,Middleton,TN,2x6,,10.0,10.0,345.0,,
"Potlatch Land & Lumber, LLC (Ola, AR)",966,west,Customer,Waco,TX,4x6,,,8.0,275.0,,
"Potlatch Land & Lumber, LLC (Ola, AR)",966,west,Customer,Waco,TX,4x6,,6.0,12.0,300.0,,
"Potlatch Land & Lumber, LLC (Waldo, AR)",968,west,Customer,Bloomfield,IA,2x8,,12.0,16.0,399.999953497024,,
"Potlatch Land & Lumber, LLC (Waldo, AR)",968,west,Customer,Bryan,TX,2x6,,10.0,10.0,170.0,,
"Potlatch Land & Lumber, LLC (Waldo, AR)",968,west,Customer,Bryan,TX,2x6,,14.0,14.0,170.0,,
"Potlatch Land & Lumber, LLC (Waldo, AR)",968,west,Customer,Bullard,TX,2x12,,16.0,32.0,195.0,,
"Potlatch Land & Lumber, LLC (Waldo, AR)",968,west,Customer,Burleson,TX,2x6,,10.0,10.0,170.0,,
"Potlatch Land & Lumber, LLC (Waldo, AR)",968,west,Customer,Desoto,TX,2x10,,16.0,26.66667,349.952990022099,,
"Potlatch Land & Lumber, LLC (Waldo, AR)",968,west,Customer,Desoto,TX,2x10,,14.0,23.33333,350.093892311814,,
"Potlatch Land & Lumber, LLC (Waldo, AR)",968,west,Customer,Ft Worth,TX,2x6,,8.0,8.0,270.0,,
"Potlatch Land & Lumber, LLC (Waldo, AR)",968,west,Customer,Harrisburg,IL,2x10,,16.0,26.66667,439.99953125,,
"Potlatch Land & Lumber, LLC (Waldo, AR)",968,west,Customer,Harrisburg,IL,2x10,,14.0,23.33333,429.999464237878,,
"Potlatch Land & Lumber, LLC (Waldo, AR)",968,west,Customer,Harrisburg,IL,2x8,,16.0,21.33333,370.059742796679,,
"Potlatch Land & Lumber, LLC (Waldo, AR)",968,west,Customer,Harrisburg,IL,2x8,,12.0,16.0,379.999565972222,,
"Potlatch Land & Lumber, LLC (Waldo, AR)",968,west,Customer,Hidalgo,TX,2x10,,12.0,20.0,266.0,,
"Potlatch Land & Lumber, LLC (Waldo, AR)",968,west,Customer,Houston,TX,2x8,,12.0,16.0,200.0,,
"Potlatch Land & Lumber, LLC (Waldo, AR)",968,west,Customer,Jacksonville,TX,2x8,,8.0,10.66667,234.347826086957,,
"Potlatch Land & Lumber, LLC (Waldo, AR)",968,west,Customer,Jacksonville,TX,2x8,,10.0,13.33333,325.01410651504,,
"Potlatch Land & Lumber, LLC (Waldo, AR)",968,west,Customer,Park City,KS,2x6,,14.0,14.0,417.209864354396,,
"Potlatch Land & Lumber, LLC (Waldo, AR)",968,west,Customer,Pine Bluff,AR,2x10,,16.0,26.66667,545.0,,
"Potlatch Land & Lumber, LLC (Waldo, AR)",968,west,Customer,Pine Bluff,AR,2x12,,16.0,32.0,630.0,,
"Potlatch Land & Lumber, LLC (Waldo, AR)",968,west,Customer,Pine Bluff,AR,2x6,,12.0,12.0,480.000059185606,,
"Potlatch Land & Lumber, LLC (Warren, AR)",1063,west,Customer,Bloomfield,IA,2x8,,20.0,26.66667,380.0,,
"Potlatch Land & Lumber, LLC (Warren, AR)",1063,west,Customer,Dallas,TX,2x8,,8.0,10.66667,231.388888888889,,
"Potlatch Land & Lumber, LLC (Warren, AR)",1063,west,Customer,Dallas,TX,2x8,,10.0,13.33333,245.03828723238,,
"Potlatch Land & Lumber, LLC (Warren, AR)",1063,west,Customer,Houston,TX,2x6,,10.0,10.0,170.0,,
"Potlatch Land & Lumber, LLC (Warren, AR)",1063,west,Customer,Jacksonville,TX,2x8,,8.0,32.00001,278.5507246376813,,
"Potlatch Land & Lumber, LLC (Warren, AR)",1063,west,Customer,Saint Rose,IL,2x4,,20.0,13.33333,414.962634093572,,
"Potlatch Land & Lumber, LLC (Warren, AR)",1063,west,Customer,Saint Rose,IL,2x8,,16.0,21.33333,495.655061282289,,
"Potlatch Land & Lumber, LLC (Warren, AR)",1063,west,Customer,Schiller Park,IL,2x10,,14.0,46.66666,359.931798517791,,
"Potlatch Land & Lumber, LLC (Warren, AR)",1063,west,Customer,Seminole,TX,2x4,,18.0,12.0,349.999987980769,,
"Potlatch Land & Lumber, LLC (Warren, AR)",1063,west,Customer,Sikeston,MO,2x4,,20.0,13.33333,414.962724240512,,
"Potlatch Land & Lumber, LLC (Warren, AR)",1063,west,Customer,Silsbee,TX,2x12,,8.0,16.0,200.0,,
"Potlatch Land & Lumber, LLC (Warren, AR)",1063,west,Customer,Silsbee,TX,2x12,,16.0,32.0,200.0,,
"Potlatch Land & Lumber, LLC (Warren, AR)",1063,west,Customer,Silsbee,TX,2x12,,10.0,20.0,200.0,,
"Potlatch Land & Lumber, LLC (Warren, AR)",1063,west,Customer,Silsbee,TX,2x12,,12.0,24.0,199.999990017361,,
"Potlatch Land & Lumber, LLC (Warren, AR)",1063,west,Customer,Silsbee,TX,2x12,,14.0,28.0,200.0,,
"Prater Hardwood Products Inc (Wyandotte, OK)",915,nan,Customer,Norfolk,NE,4x4,,10.0,53.33332,487.822266848227,,
"RB Lumber Co, LLC dba DS Smith Riceboro Lumber (Riceboro, GA)",378956,east,Customer,Ranburne,AL,4x6,,16.0,320.0,429.0000000000001,,
"RB Lumber Co, LLC dba DS Smith Riceboro Lumber (Riceboro, GA)",378956,east,Customer,Ridgeway,VA,4x6,,16.0,768.0,445.07938251798095,,
"RETURNED GOODS (Bessemer, AL)",15563,nan,TLR,Birmingham,AL,2x4,,,2.11111,368.204933586338,,
"Randy Miller Lumber Co, Inc (Wilkesboro, NC)",377492,east,Customer,Wellford,SC,1x4,,16.0,5.33333,310.121126611958,,
"Randy Miller Lumber Co, Inc (Wilkesboro, NC)",377492,east,Customer,Wellford,SC,1x4,,10.0,3.33333,310.096905282901,,
"Randy Miller Lumber Co, Inc (Wilkesboro, NC)",377492,east,Customer,Wellford,SC,1x4,,12.0,4.0,310.0,,
"Red Mountain Hardwoods LLC (Atlanta, TX)",919,nan,Customer,Grapeland,TX,4x6,,,6.66667,405.039785478548,,
"Red Mountain Hardwoods LLC (Atlanta, TX)",919,nan,Customer,Jewett,TX,3x4,,8.0,16.0,508.928571428571,,
"Red Mountain Hardwoods LLC (Atlanta, TX)",919,nan,Customer,Mt Pleasant,TX,6x6,,8.0,96.0,375.0,,
"Red Mountain Hardwoods LLC (Atlanta, TX)",373796,nan,Customer,Ft Worth,TX,4x3,,,20.416619999999998,436.85686032196656,,
"Resolute FP US, Inc (Glenwood, AR)",372321,west,Customer,Dallas,TX,2x8,,16.0,21.33333,225.054934310134,,
"Resolute FP US, Inc (Glenwood, AR)",372321,west,Customer,Dallas,TX,2x8,,12.0,16.0,225.0,,
"Resolute FP US, Inc (Glenwood, AR)",372321,west,Customer,Dallas,TX,2x8,,14.0,18.66667,225.0,,
"Resolute FP US, Inc (Glenwood, AR)",372321,west,Customer,Pottsville,AR,2x4,,12.0,16.0,412.5,,
"Resolute FP US, Inc (Glenwood, AR)",372321,west,Customer,Pottsville,AR,2x4,,14.0,18.66666,422.51676182708,,
"Resolute FP US, Inc (Glenwood, AR)",372321,west,Customer,Schiller Park,IL,2x10,,14.0,23.33333,407.553908656636,,
"Rex Lumber Troy, LLC (Troy, AL)",371833,central,Customer,Acworth,GA,2x6,,12.0,12.0,290.000012586806,,
"Rex Lumber Troy, LLC (Troy, AL)",371833,central,Customer,Blountsville,AL,2x6,,12.0,12.0,290.000012586806,,
"Rex Lumber Troy, LLC (Troy, AL)",371833,central,Customer,Brazil,IN,2x12,,8.0,16.0,239.130434782609,,
"Rex Lumber Troy, LLC (Troy, AL)",371833,central,Customer,Harrisburg,IL,2x4,,16.0,10.66667,490.087983412963,,
"Rex Lumber Troy, LLC (Troy, AL)",371833,central,Customer,Harrisburg,IL,2x4,,12.0,8.0,430.0,,
"Rex Lumber Troy, LLC (Troy, AL)",371833,central,Customer,Harrisburg,IL,2x4,,14.0,9.33333,394.999760432767,,
"Rex Lumber Troy, LLC (Troy, AL)",371833,central,Customer,La Place,LA,2x12,,16.0,32.0,380.000016818576,,
"Rex Lumber Troy, LLC (Troy, AL)",371833,central,Customer,La Place,LA,2x4,,16.0,10.66667,480.107955826009,,
"Rex Lumber Troy, LLC (Troy, AL)",371833,central,Customer,Nashville,TN,2x6,,8.0,16.0,275.000014648438,,
"Rex Lumber Troy, LLC (Troy, AL)",371833,central,Customer,Ottawa Lake,MI,2x6,,8.0,8.0,310.0,,
"Rex Lumber Troy, LLC (Troy, AL)",371833,central,Customer,Ottawa Lake,MI,2x6,,16.0,16.0,340.0,,
"Rex Lumber Troy, LLC (Troy, AL)",371833,central,Customer,Ottawa Lake,MI,2x6,,14.0,14.0,340.0,,
"Rex Lumber Troy, LLC (Troy, AL)",371833,central,Customer,Ranburne,AL,4x4,,10.0,53.33332,379.18637749824,,
"Rex Lumber Troy, LLC (Troy, AL)",371833,central,Customer,Schiller Park,IL,2x12,,14.0,28.0,330.0,,
"Rex Lumber Troy, LLC (Troy, AL)",371833,central,Customer,Toledo,OH,2x6,,10.0,10.0,325.0,,
"Rex Lumber Troy, LLC (Troy, AL)",371833,central,Customer,Toledo,OH,2x6,,12.0,12.0,330.0,,
"Rex Lumber Troy, LLC (Troy, AL)",371833,central,Customer,,,4x4,,10.0,13.33333,395.170921678927,,
"Rex Lumber Troy, LLC (Troy, AL)",371833,central,TLR,Birmingham,AL,2x6,,8.0,24.0,285.0000149443653,,
"Rex Lumber-Brookhaven (Brookhaven, MS)",1067,central,Customer,Brazil,IN,2x8,,8.0,10.66667,320.434782608696,,
"Rex Lumber-Brookhaven (Brookhaven, MS)",1067,central,Customer,Bryan,TX,2x4,,8.0,5.33333,339.950408292023,,
"Rex Lumber-Brookhaven (Brookhaven, MS)",1067,central,Customer,Bryan,TX,2x4,,10.0,6.66667,339.988667971567,,
"Rex Lumber-Brookhaven (Brookhaven, MS)",1067,central,Customer,Bryan,TX,2x4,,12.0,8.0,340.0,,
"Rex Lumber-Brookhaven (Brookhaven, MS)",1067,central,Customer,Houston,TX,2x4,,8.0,5.33333,334.913801244902,,
"Rex Lumber-Brookhaven (Brookhaven, MS)",1067,central,Customer,Middleton,TN,2x6,,8.0,24.0,300.0,,
"Rex Lumber-Brookhaven (Brookhaven, MS)",1067,central,Customer,Wood Dale,IL,2x8,,16.0,21.33333,368.198206596529,,
"Rogers Lumber Company (Camden, AR)",15806,nan,Customer,Denton,TX,4x6,,8.0,5.0,314.999981770833,,
"Rogers Lumber Company (Camden, AR)",15806,nan,Customer,Denton,TX,4x6,,16.0,10.0,315.000012152778,,
"Rogers Lumber Company (Camden, AR)",15806,nan,Customer,Denton,TX,4x6,,10.0,6.25,315.0,,
"Rogers Lumber Company (Camden, AR)",15806,nan,Customer,Denton,TX,4x6,,14.0,8.75,314.999986111111,,
"Roseburg Forest Products (Weldon, NC)",378718,east,Customer,Ridgeway,VA,2x6,,8.0,8.0,354.150815217391,,
"Roseburg Forest Products (Weldon, NC)",378718,east,Customer,Ridgeway,VA,2x6,,10.0,10.0,393.697916666667,,
"Rutland Lumber Company, Inc. (Collins, MS)",14771,nan,Customer,Flowood,MS,4x6,,8.0,16.0,650.0,,
"S & S Lumber L.C. (Half Way, MO)",373795,nan,TLR,Birmingham,AL,3x4,,,4.0,350.0,,
"Show-Me Hardwoods & Geenhouse (Exeter, MO)",374762,nan,Customer,Fort Worth,TX,3x4,,8.0,8.0,385.0,,
"Show-Me Hardwoods & Geenhouse (Exeter, MO)",374762,nan,Customer,Grapeland,TX,3x4,,8.0,16.0,405.0,,
"Show-Me Hardwoods & Geenhouse (Exeter, MO)",374762,nan,Customer,Jewett,TX,3x4,,8.0,32.0,425.0,,
"Show-Me Hardwoods & Geenhouse (Exeter, MO)",374762,nan,Customer,Longview,TX,3x4,,8.0,16.0,417.5,,
"Show-Me Hardwoods & Geenhouse (Exeter, MO)",374762,nan,Customer,Seguin,TX,3x4,,8.0,8.0,399.999973958333,,
"Shuqualak Lumber Co., Inc. (Shuqualak, MS)",14361,central,Customer,Bryan,TX,2x10,,,3.33333,177.594708915346,,
"Shuqualak Lumber Co., Inc. (Shuqualak, MS)",14361,central,Customer,Bryan,TX,2x10,,6.0,10.0,286.198777884615,,
"Shuqualak Lumber Co., Inc. (Shuqualak, MS)",14361,central,Customer,Bryan,TX,2x12,,,8.0,63.75,,
"Shuqualak Lumber Co., Inc. (Shuqualak, MS)",14361,central,Customer,Bryan,TX,2x12,,6.0,12.0,286.198765190972,,
"Shuqualak Lumber Co., Inc. (Shuqualak, MS)",14361,central,Customer,Bryan,TX,2x6,,,2.0,177.600237165179,,
"Shuqualak Lumber Co., Inc. (Shuqualak, MS)",14361,central,Customer,Bryan,TX,2x8,,,5.33334,127.5,,
"Shuqualak Lumber Co., Inc. (Shuqualak, MS)",14361,central,Customer,Bryan,TX,2x8,,6.0,8.0,286.198797075321,,
"Shuqualak Lumber Co., Inc. (Shuqualak, MS)",14361,central,Customer,Pottsville,AR,2x12,,,4.0,84.9999934895833,,
"Shuqualak Lumber Co., Inc. (Shuqualak, MS)",14361,central,TLR,Birmingham,AL,2x10,,,6.66667,195.0,,
"Shuqualak Lumber Co., Inc. (Shuqualak, MS)",14361,central,TLR,Birmingham,AL,2x10,,10.0,16.66667,200.048777944486,,
"Shuqualak Lumber Co., Inc. (Shuqualak, MS)",14361,central,TLR,Birmingham,AL,2x12,,,40.0,147.932012125651,,
"Shuqualak Lumber Co., Inc. (Shuqualak, MS)",14361,central,TLR,Birmingham,AL,2x8,,,32.00001,138.81347750444388,,
"Snider Industries, LLP (Marshall, TX)",1074,west,Customer,Bonham,TX,1x8,,12.0,8.0,410.0,,
"Snider Industries, LLP (Marshall, TX)",1074,west,Customer,Bonham,TX,1x8,,14.0,18.66666,417.522001562726,,
"Snider Industries, LLP (Marshall, TX)",1074,west,Customer,Del Rio,TX,1x4,,10.0,6.66666,521.771194809877,,
"Snider Industries, LLP (Marshall, TX)",1074,west,Customer,Ferriday,LA,1x4,,14.0,14.00001,619.1666666666666,,
"Snider Industries, LLP (Marshall, TX)",1074,west,Customer,Schiller Park,IL,1x10,,14.0,11.66667,375.0,,
"Snider Industries, LLP (Marshall, TX)",1074,west,Customer,Schiller Park,IL,1x12,,16.0,16.0,375.0,,
"Snider Industries, LLP (Marshall, TX)",1074,west,Customer,Schiller Park,IL,1x12,,14.0,14.0,281.25,,
"Snider Industries, LLP (Marshall, TX)",1074,west,Customer,Schiller Park,IL,1x8,,16.0,10.66667,411.666666666667,,
"Snider Industries, LLP (Marshall, TX)",1074,west,Customer,Wichita,KS,1x12,,14.0,14.0,379.999957482993,,
"Southeast Forest Products Mfg, Inc (Louisville, AL)",373842,central,Customer,Abingdon,VA,4x6,,10.0,20.0,406.015037593985,,
"Southeast Forest Products Mfg, Inc (Louisville, AL)",373842,central,Customer,Acworth,GA,2x6,,16.0,16.0,315.0,,
"Southeast Forest Products Mfg, Inc (Louisville, AL)",373842,central,Customer,Auburn,KY,6x6,,16.0,96.0,311.111127989969,,
"Southeast Forest Products Mfg, Inc (Louisville, AL)",373842,central,Customer,Auburn,KY,6x6,,10.0,60.0,293.333333333333,,
"Southeast Forest Products Mfg, Inc (Louisville, AL)",373842,central,Customer,Auburn,KY,6x6,,14.0,84.0,280.634920634921,,
"Southeast Forest Products Mfg, Inc (Louisville, AL)",373842,central,Customer,Dallas,TX,4x4,,,5.33334,318.8429752066115,,
"Southeast Forest Products Mfg, Inc (Louisville, AL)",373842,central,Customer,Iuka,MS,4x4,,,2.66667,257.837351190476,,
"Southeast Forest Products Mfg, Inc (Louisville, AL)",373842,central,Customer,Jackson,TN,2x6,,16.0,16.0,237.128922932943,,
"Southeast Forest Products Mfg, Inc (Louisville, AL)",373842,central,Customer,Knoxville,TN,2x4,,10.0,6.66667,270.005502481653,,
"Southeast Forest Products Mfg, Inc (Louisville, AL)",373842,central,Customer,Mc Intyre,GA,4x6,,8.0,16.0,320.170807453416,,
"Southeast Forest Products Mfg, Inc (Louisville, AL)",373842,central,Customer,Mc Intyre,GA,4x6,,10.0,40.0,557.395833333333,,
"Southeast Forest Products Mfg, Inc (Louisville, AL)",373842,central,Customer,Mc Intyre,GA,4x6,,14.0,28.0,363.846171997645,,
"Southeast Forest Products Mfg, Inc (Louisville, AL)",373842,central,Customer,Milroy,IN,2x4,,,1.33333,145.001976922383,,
"Southeast Forest Products Mfg, Inc (Louisville, AL)",373842,central,Customer,Montgomery,AL,4x4,,10.0,13.33333,337.182076061349,,
"Southeast Forest Products Mfg, Inc (Louisville, AL)",373842,central,Customer,Ranburne,AL,2x8,,16.0,42.66666,325.013983220136,,
"Southeast Forest Products Mfg, Inc (Louisville, AL)",373842,central,Customer,Ranburne,AL,2x8,,10.0,53.33332,315.012858631017,,
"Southeast Forest Products Mfg, Inc (Louisville, AL)",373842,central,Customer,Ranburne,AL,2x8,,12.0,16.0,315.000012586806,,
"Southeast Forest Products Mfg, Inc (Louisville, AL)",373842,central,Customer,Tuscumbia,AL,6x6,,16.0,240.0,326.6666734182098,,
"Southeast Forest Products Mfg, Inc (Louisville, AL)",373842,central,Customer,Tuscumbia,AL,6x6,,12.0,108.0,284.444444444444,,
"Southeast Forest Products Mfg, Inc (Louisville, AL)",373842,central,Customer,West Union,OH,6x6,,16.0,144.0,289.6296296296296,,
"Southeast Forest Products Mfg, Inc (Louisville, AL)",373842,central,TLR,Birmingham,AL,4x4,,12.0,16.0,490.0,,
"Southeastern Timber Products, LLC (Ackerman, MS)",1071,central,Customer,Acworth,GA,2x4,,8.0,5.33333,359.89684490883,,
"Southeastern Timber Products, LLC (Ackerman, MS)",1071,central,Customer,Acworth,GA,2x4,,16.0,10.66667,375.061831591887,,
"Southeastern Timber Products, LLC (Ackerman, MS)",1071,central,Customer,Acworth,GA,2x4,,10.0,6.66667,360.091460569295,,
"Southeastern Timber Products, LLC (Ackerman, MS)",1071,central,Customer,Arthur,IL,4x4,,14.0,18.66667,314.913461538462,,
"Southeastern Timber Products, LLC (Ackerman, MS)",1071,central,Customer,Atlanta,GA,2x4,,16.0,21.33334,210.04253409648652,,
"Southeastern Timber Products, LLC (Ackerman, MS)",1071,central,Customer,Atlanta,GA,2x4,,10.0,6.66667,265.063461538462,,
"Southeastern Timber Products, LLC (Ackerman, MS)",1071,central,Customer,Atlanta,GA,2x4,,12.0,8.0,265.000450721154,,
"Southeastern Timber Products, LLC (Ackerman, MS)",1071,central,Customer,Atlanta,GA,2x4,,14.0,9.33333,264.999742400824,,
"Southeastern Timber Products, LLC (Ackerman, MS)",1071,central,Customer,Atlanta,GA,4x4,,16.0,21.33333,341.23901213897,,
"Southeastern Timber Products, LLC (Ackerman, MS)",1071,central,Customer,Atlanta,GA,4x4,,10.0,13.33333,314.935503812075,,
"Southeastern Timber Products, LLC (Ackerman, MS)",1071,central,Customer,Atlanta,GA,4x4,,12.0,16.0,315.000480769231,,
"Southeastern Timber Products, LLC (Ackerman, MS)",1071,central,Customer,Atlanta,GA,4x4,,14.0,18.66667,341.31712372449,,
"Southeastern Timber Products, LLC (Ackerman, MS)",1071,central,Customer,Auburn,KY,4x6,,8.0,32.0,330.0,,
"Southeastern Timber Products, LLC (Ackerman, MS)",1071,central,Customer,Auburn,KY,4x6,,16.0,96.0,318.05556532118067,,
"Southeastern Timber Products, LLC (Ackerman, MS)",1071,central,Customer,Auburn,KY,4x6,,10.0,80.0,327.67856361607153,,
"Southeastern Timber Products, LLC (Ackerman, MS)",1071,central,Customer,Auburn,KY,4x6,,12.0,48.0,342.5,,
"Southeastern Timber Products, LLC (Ackerman, MS)",1071,central,Customer,Auburn,KY,4x6,,14.0,84.0,401.66665907434395,,
"Southeastern Timber Products, LLC (Ackerman, MS)",1071,central,Customer,Benton,KY,2x4,,16.0,10.66667,390.063798401967,,
"Southeastern Timber Products, LLC (Ackerman, MS)",1071,central,Customer,Birmingham,AL,2x4,,8.0,5.33333,329.905372259783,,
"Southeastern Timber Products, LLC (Ackerman, MS)",1071,central,Customer,Birmingham,AL,2x4,,6.0,4.0,310.0,,
"Southeastern Timber Products, LLC (Ackerman, MS)",1071,central,Customer,Brookline Station,MO,2x4,,12.0,8.0,335.0,,
"Southeastern Timber Products, LLC (Ackerman, MS)",1071,central,Customer,Bryan,TX,2x4,,8.0,5.33333,239.963930148716,,
"Southeastern Timber Products, LLC (Ackerman, MS)",1071,central,Customer,Bryan,TX,2x4,,16.0,10.66667,239.963930148716,,
"Southeastern Timber Products, LLC (Ackerman, MS)",1071,central,Customer,Bryan,TX,2x4,,10.0,6.66667,240.011539016299,,
"Southeastern Timber Products, LLC (Ackerman, MS)",1071,central,Customer,Bryan,TX,2x4,,12.0,8.0,240.0,,
"Southeastern Timber Products, LLC (Ackerman, MS)",1071,central,Customer,Bryan,TX,2x4,,14.0,9.33333,239.979397373165,,
"Southeastern Timber Products, LLC (Ackerman, MS)",1071,central,Customer,Bryan,TX,4x6,,8.0,16.0,385.0,,
"Southeastern Timber Products, LLC (Ackerman, MS)",1071,central,Customer,Bryan,TX,4x6,,16.0,32.0,395.0,,
"Southeastern Timber Products, LLC (Ackerman, MS)",1071,central,Customer,Bryan,TX,4x6,,10.0,20.0,380.0,,
"Southeastern Timber Products, LLC (Ackerman, MS)",1071,central,Customer,Bryan,TX,4x6,,12.0,24.0,409.999966517857,,
"Southeastern Timber Products, LLC (Ackerman, MS)",1071,central,Customer,Bryan,TX,4x6,,14.0,28.0,345.000022321429,,
"Southeastern Timber Products, LLC (Ackerman, MS)",1071,central,Customer,Cassville,MO,2x4,,12.0,8.0,154.999993990385,,
"Southeastern Timber Products, LLC (Ackerman, MS)",1071,central,Customer,Chattanooga,TN,2x4,,8.0,10.66666,312.52000225377503,,
"Southeastern Timber Products, LLC (Ackerman, MS)",1071,central,Customer,Chattanooga,TN,2x4,,16.0,10.66667,270.12173128945,,
"Southeastern Timber Products, LLC (Ackerman, MS)",1071,central,Customer,Chattanooga,TN,2x4,,10.0,13.33334,312.49999368971396,,
"Southeastern Timber Products, LLC (Ackerman, MS)",1071,central,Customer,Chattanooga,TN,2x4,,12.0,8.0,355.0,,
"Southeastern Timber Products, LLC (Ackerman, MS)",1071,central,Customer,Cherry Valley,IL,2x4,,20.0,13.33333,445.410529162535,,
"Southeastern Timber Products, LLC (Ackerman, MS)",1071,central,Customer,Coal Valley,IL,4x4,,12.0,16.0,450.0,,
"Southeastern Timber Products, LLC (Ackerman, MS)",1071,central,Customer,Conroe,TX,2x4,,16.0,10.66667,355.058389674247,,
"Southeastern Timber Products, LLC (Ackerman, MS)",1071,central,Customer,Coopersville,MI,4x4,,10.0,13.33333,480.199390750485,,
"Southeastern Timber Products, LLC (Ackerman, MS)",1071,central,Customer,Corsicana,TX,4x4,,12.0,16.0,320.0,,
"Southeastern Timber Products, LLC (Ackerman, MS)",1071,central,Customer,Dallas,TX,2x4,,,2.66667,174.947415865385,,
"Southeastern Timber Products, LLC (Ackerman, MS)",1071,central,Customer,Dallas,TX,4x4,,16.0,21.33333,338.020949600756,,
"Southeastern Timber Products, LLC (Ackerman, MS)",1071,central,Customer,Dallas,TX,4x4,,,8.00001,150.056008242016,,
"Southeastern Timber Products, LLC (Ackerman, MS)",1071,central,Customer,Dallas,TX,4x4,,12.0,16.0,353.29304029304,,
"Southeastern Timber Products, LLC (Ackerman, MS)",1071,central,Customer,Dallas,TX,4x4,,14.0,18.66667,337.991856357928,,
"Southeastern Timber Products, LLC (Ackerman, MS)",1071,central,Customer,Dallas,TX,4x6,,8.0,16.0,330.0,,
"Southeastern Timber Products, LLC (Ackerman, MS)",1071,central,Customer,Dallas,TX,4x6,,16.0,32.0,326.000558035714,,
"Southeastern Timber Products, LLC (Ackerman, MS)",1071,central,Customer,Dallas,TX,4x6,,10.0,20.0,330.0,,
"Southeastern Timber Products, LLC (Ackerman, MS)",1071,central,Customer,Dallas,TX,4x6,,12.0,48.0,328.00026573129253,,
"Southeastern Timber Products, LLC (Ackerman, MS)",1071,central,Customer,Dallas,TX,4x6,,14.0,56.0,273.0003300382655,,
"Southeastern Timber Products, LLC (Ackerman, MS)",1071,central,Customer,Des Plaines,IL,4x4,,12.0,32.0,477.7083482142855,,
"Southeastern Timber Products, LLC (Ackerman, MS)",1071,central,Customer,Des Plaines,IL,4x4,,14.0,18.66667,424.883424908425,,
"Southeastern Timber Products, LLC (Ackerman, MS)",1071,central,Customer,Duluth,GA,2x4,,10.0,13.33334,400.101981080049,,
"Southeastern Timber Products, LLC (Ackerman, MS)",1071,central,Customer,Duluth,GA,2x4,,12.0,8.0,400.000042925824,,
"Southeastern Timber Products, LLC (Ackerman, MS)",1071,central,Customer,East Point,GA,2x6,,8.0,8.0,310.0,,
"Southeastern Timber Products, LLC (Ackerman, MS)",1071,central,Customer,East Point,GA,2x6,,16.0,16.0,310.0,,
"Southeastern Timber Products, LLC (Ackerman, MS)",1071,central,Customer,East Point,GA,2x6,,10.0,10.0,309.999986328125,,
"Southeastern Timber Products, LLC (Ackerman, MS)",1071,central,Customer,Edinburg,TX,4x4,,14.0,18.66667,334.907937728938,,
"Southeastern Timber Products, LLC (Ackerman, MS)",1071,central,Customer,Flintville,TN,4x4,,12.0,16.0,454.241071428571,,
"Southeastern Timber Products, LLC (Ackerman, MS)",1071,central,Customer,Flintville,TN,4x4,,14.0,18.66667,424.955402696793,,
"Southeastern Timber Products, LLC (Ackerman, MS)",1071,central,Customer,Fort Payne,AL,2x4,,8.0,5.33333,264.940516114492,,
"Southeastern Timber Products, LLC (Ackerman, MS)",1071,central,Customer,Fort Payne,AL,2x4,,16.0,21.33334,330.08960574918046,,
"Southeastern Timber Products, LLC (Ackerman, MS)",1071,central,Customer,Fort Payne,AL,2x4,,10.0,6.66667,265.095203750451,,
"Southeastern Timber Products, LLC (Ackerman, MS)",1071,central,Customer,Fort Payne,AL,2x4,,12.0,8.0,265.000450721154,,
"Southeastern Timber Products, LLC (Ackerman, MS)",1071,central,Customer,Fort Payne,AL,2x4,,14.0,9.33333,264.999742400824,,
"Southeastern Timber Products, LLC (Ackerman, MS)",1071,central,Customer,Gordo,AL,4x4,,14.0,18.66667,412.386430533752,,
"Southeastern Timber Products, LLC (Ackerman, MS)",1071,central,Customer,Grabill,IN,2x6,,12.0,12.0,150.0,,
"Southeastern Timber Products, LLC (Ackerman, MS)",1071,central,Customer,Guthrie,OK,4x4,,16.0,21.33333,315.027045591139,,
"Southeastern Timber Products, LLC (Ackerman, MS)",1071,central,Customer,Guthrie,OK,4x4,,14.0,18.66667,315.0,,
"Southeastern Timber Products, LLC (Ackerman, MS)",1071,central,Customer,Haleyville,AL,4x6,,20.0,40.0,540.0,,
"Southeastern Timber Products, LLC (Ackerman, MS)",1071,central,Customer,Iuka,MS,2x4,,,5.33332,82.47761584426313,,
"Southeastern Timber Products, LLC (Ackerman, MS)",1071,central,Customer,Iuka,MS,4x4,,,2.66667,150.056008242016,,
"Southeastern Timber Products, LLC (Ackerman, MS)",1071,central,Customer,Jackson,TN,2x4,,16.0,10.66667,355.160481064022,,
"Southeastern Timber Products, LLC (Ackerman, MS)",1071,central,Customer,Jackson,TN,2x4,,10.0,6.66667,355.103389586038,,
"Southeastern Timber Products, LLC (Ackerman, MS)",1071,central,Customer,Jackson,TN,2x4,,12.0,8.0,355.000450721154,,
"Southeastern Timber Products, LLC (Ackerman, MS)",1071,central,Customer,Jackson,TN,2x4,,14.0,9.33333,354.954410817772,,
"Southeastern Timber Products, LLC (Ackerman, MS)",1071,central,Customer,Lafayette,IN,2x4,,16.0,10.66667,300.048989551321,,
"Southeastern Timber Products, LLC (Ackerman, MS)",1071,central,Customer,Macomb,MI,4x6,,8.0,64.0,318.7500062779018,,
"Southeastern Timber Products, LLC (Ackerman, MS)",1071,central,Customer,Macomb,MI,4x6,,16.0,64.0,337.5,,
"Southeastern Timber Products, LLC (Ackerman, MS)",1071,central,Customer,Macomb,MI,4x6,,10.0,80.0,303.75,,
"Southeastern Timber Products, LLC (Ackerman, MS)",1071,central,Customer,Macomb,MI,4x6,,12.0,72.0,331.666673693783,,
"Southeastern Timber Products, LLC (Ackerman, MS)",1071,central,Customer,Macomb,MI,4x6,,14.0,28.0,320.0,,
"Southeastern Timber Products, LLC (Ackerman, MS)",1071,central,Customer,Markleville,IN,2x4,,8.0,10.66666,287.4743281161655,,
"Southeastern Timber Products, LLC (Ackerman, MS)",1071,central,Customer,Markleville,IN,2x4,,10.0,13.33334,287.5462103365385,,
"Southeastern Timber Products, LLC (Ackerman, MS)",1071,central,Customer,Markleville,IN,2x4,,12.0,16.0,287.5052744391025,,
"Southeastern Timber Products, LLC (Ackerman, MS)",1071,central,Customer,Markleville,IN,2x4,,14.0,9.33333,345.000257599176,,
"Southeastern Timber Products, LLC (Ackerman, MS)",1071,central,Customer,Markleville,IN,4x4,,8.0,10.66667,439.997596153846,,
"Southeastern Timber Products, LLC (Ackerman, MS)",1071,central,Customer,Markleville,IN,4x4,,16.0,21.33333,410.068177915164,,
"Southeastern Timber Products, LLC (Ackerman, MS)",1071,central,Customer,Markleville,IN,4x4,,,5.33333,250.103029054193,,
"Southeastern Timber Products, LLC (Ackerman, MS)",1071,central,Customer,Markleville,IN,4x4,,6.0,8.0,250.0,,
"Southeastern Timber Products, LLC (Ackerman, MS)",1071,central,Customer,Markleville,IN,4x4,,10.0,13.33333,390.104973893927,,
"Southeastern Timber Products, LLC (Ackerman, MS)",1071,central,Customer,Markleville,IN,4x4,,12.0,16.0,349.997767857143,,
"Southeastern Timber Products, LLC (Ackerman, MS)",1071,central,Customer,Markleville,IN,4x4,,14.0,18.66667,314.997644980866,,
"Southeastern Timber Products, LLC (Ackerman, MS)",1071,central,Customer,Memphis,TN,2x4,,8.0,5.33333,335.000450755015,,
"Southeastern Timber Products, LLC (Ackerman, MS)",1071,central,Customer,Memphis,TN,2x4,,16.0,10.66667,335.151487826871,,
"Southeastern Timber Products, LLC (Ackerman, MS)",1071,central,Customer,Memphis,TN,2x4,,10.0,13.33334,337.546101148767,,
"Southeastern Timber Products, LLC (Ackerman, MS)",1071,central,Customer,Memphis,TN,2x4,,12.0,8.0,335.000450721154,,
"Southeastern Timber Products, LLC (Ackerman, MS)",1071,central,Customer,Memphis,TN,2x4,,14.0,9.33333,335.086810922205,,
"Southeastern Timber Products, LLC (Ackerman, MS)",1071,central,Customer,Milroy,IN,2x4,,,3.9999899999999995,83.30940381069453,,
"Southeastern Timber Products, LLC (Ackerman, MS)",1071,central,Customer,Montgomery,AL,4x4,,10.0,13.33333,365.084847226069,,
"Southeastern Timber Products, LLC (Ackerman, MS)",1071,central,Customer,Northport,AL,2x6,,8.0,8.0,305.0,,
"Southeastern Timber Products, LLC (Ackerman, MS)",1071,central,Customer,Northport,AL,2x6,,16.0,16.0,305.0,,
"Southeastern Timber Products, LLC (Ackerman, MS)",1071,central,Customer,Northport,AL,2x6,,10.0,10.0,305.0,,
"Southeastern Timber Products, LLC (Ackerman, MS)",1071,central,Customer,Northport,AL,2x6,,12.0,12.0,305.0,,
"Southeastern Timber Products, LLC (Ackerman, MS)",1071,central,Customer,Oklahoma City,OK,4x4,,8.0,10.66667,320.164058732612,,
"Southeastern Timber Products, LLC (Ackerman, MS)",1071,central,Customer,Oklahoma City,OK,4x4,,16.0,21.33333,319.972439254744,,
"Southeastern Timber Products, LLC (Ackerman, MS)",1071,central,Customer,Oklahoma City,OK,4x4,,10.0,13.33333,319.999980763946,,
"Southeastern Timber Products, LLC (Ackerman, MS)",1071,central,Customer,Oklahoma City,OK,4x4,,12.0,16.0,320.0,,
"Southeastern Timber Products, LLC (Ackerman, MS)",1071,central,Customer,Oklahoma City,OK,4x4,,14.0,18.66667,320.093906387989,,
"Southeastern Timber Products, LLC (Ackerman, MS)",1071,central,Customer,Olive Branch,MS,2x4,,8.0,5.33333,190.0,,
"Southeastern Timber Products, LLC (Ackerman, MS)",1071,central,Customer,Olive Branch,MS,2x4,,16.0,10.66667,190.085662759243,,
"Southeastern Timber Products, LLC (Ackerman, MS)",1071,central,Customer,Olive Branch,MS,2x4,,10.0,6.66667,190.0,,
"Southeastern Timber Products, LLC (Ackerman, MS)",1071,central,Customer,Olive Branch,MS,2x4,,12.0,8.0,190.0,,
"Southeastern Timber Products, LLC (Ackerman, MS)",1071,central,Customer,Olive Branch,MS,2x4,,14.0,9.33333,190.04894384338,,
"Southeastern Timber Products, LLC (Ackerman, MS)",1071,central,Customer,Ottawa Lake,MI,4x4,,8.0,10.66667,425.21895929933,,
"Southeastern Timber Products, LLC (Ackerman, MS)",1071,central,Customer,Ottawa Lake,MI,4x4,,16.0,21.33333,425.000463678516,,
"Southeastern Timber Products, LLC (Ackerman, MS)",1071,central,Customer,Ottawa Lake,MI,4x4,,10.0,13.33333,424.941887621926,,
"Southeastern Timber Products, LLC (Ackerman, MS)",1071,central,Customer,Ottawa Lake,MI,4x4,,12.0,32.0,425.000228937729,,
"Southeastern Timber Products, LLC (Ackerman, MS)",1071,central,Customer,Park City,KS,4x4,,12.0,32.0,393.0000098443225,,
"Southeastern Timber Products, LLC (Ackerman, MS)",1071,central,Customer,Port Neches,TX,4x6,,14.0,28.0,485.0,,
"Southeastern Timber Products, LLC (Ackerman, MS)",1071,central,Customer,Princeville,IL,4x4,,12.0,16.0,420.0,,
"Southeastern Timber Products, LLC (Ackerman, MS)",1071,central,Customer,Richmond,IL,2x4,,16.0,10.66667,265.043802499488,,
"Southeastern Timber Products, LLC (Ackerman, MS)",1071,central,Customer,Scammon,KS,4x6,,8.0,16.0,435.0,,
"Southeastern Timber Products, LLC (Ackerman, MS)",1071,central,Customer,Schiller Park,IL,4x4,,12.0,32.0,480.0,,
"Southeastern Timber Products, LLC (Ackerman, MS)",1071,central,Customer,Schiller Park,IL,4x4,,14.0,18.66667,394.891483516484,,
"Southeastern Timber Products, LLC (Ackerman, MS)",1071,central,Customer,Schiller Park,IL,4x6,,8.0,16.0,320.0,,
"Southeastern Timber Products, LLC (Ackerman, MS)",1071,central,Customer,Schiller Park,IL,4x6,,16.0,32.0,320.0,,
"Southeastern Timber Products, LLC (Ackerman, MS)",1071,central,Customer,Schiller Park,IL,4x6,,10.0,20.0,295.0,,
"Southeastern Timber Products, LLC (Ackerman, MS)",1071,central,Customer,Schiller Park,IL,4x6,,12.0,24.0,345.0,,
"Southeastern Timber Products, LLC (Ackerman, MS)",1071,central,Customer,Schiller Park,IL,4x6,,14.0,28.0,285.0,,
"Southeastern Timber Products, LLC (Ackerman, MS)",1071,central,Customer,Selmer,TN,2x4,,8.0,42.66664,227.47302083895937,,
"Southeastern Timber Products, LLC (Ackerman, MS)",1071,central,Customer,Selmer,TN,2x4,,16.0,85.33336,227.56811932961676,,
"Southeastern Timber Products, LLC (Ackerman, MS)",1071,central,Customer,Selmer,TN,2x4,,10.0,53.33336,221.91570386027237,,
"Southeastern Timber Products, LLC (Ackerman, MS)",1071,central,Customer,Selmer,TN,2x4,,12.0,64.0,227.4970166015625,,
"Southeastern Timber Products, LLC (Ackerman, MS)",1071,central,Customer,Selmer,TN,2x4,,14.0,65.33331,210.02087289320684,,
"Southeastern Timber Products, LLC (Ackerman, MS)",1071,central,Customer,Selmer,TN,2x6,,8.0,8.0,224.999989013672,,
"Southeastern Timber Products, LLC (Ackerman, MS)",1071,central,Customer,Selmer,TN,2x6,,16.0,16.0,224.999989257813,,
"Southeastern Timber Products, LLC (Ackerman, MS)",1071,central,Customer,Selmer,TN,2x6,,10.0,10.0,180.0,,
"Southeastern Timber Products, LLC (Ackerman, MS)",1071,central,Customer,Selmer,TN,2x6,,12.0,12.0,225.00001953125,,
"Southeastern Timber Products, LLC (Ackerman, MS)",1071,central,Customer,Somerset,KY,2x4,,8.0,5.33333,320.0,,
"Southeastern Timber Products, LLC (Ackerman, MS)",1071,central,Customer,Somerset,KY,2x4,,10.0,6.66667,320.0,,
"Southeastern Timber Products, LLC (Ackerman, MS)",1071,central,Customer,Somerset,KY,2x4,,12.0,8.0,256.0,,
"Southeastern Timber Products, LLC (Ackerman, MS)",1071,central,Customer,Somerset,KY,2x4,,14.0,9.33333,320.082454920144,,
"Southeastern Timber Products, LLC (Ackerman, MS)",1071,central,Customer,Somerset,KY,4x4,,8.0,21.33334,346.045846655725,,
"Southeastern Timber Products, LLC (Ackerman, MS)",1071,central,Customer,Somerset,KY,4x4,,16.0,85.33332,325.4770363214835,,
"Southeastern Timber Products, LLC (Ackerman, MS)",1071,central,Customer,Somerset,KY,4x4,,10.0,53.33332,320.45852062204574,,
"Southeastern Timber Products, LLC (Ackerman, MS)",1071,central,Customer,Somerset,KY,4x4,,12.0,64.0,307.935713549843,,
"Southeastern Timber Products, LLC (Ackerman, MS)",1071,central,Customer,Somerset,KY,4x4,,14.0,56.00001,304.670524414064,,
"Southeastern Timber Products, LLC (Ackerman, MS)",1071,central,Customer,Stephens,AR,4x6,,8.0,96.0,309.73549851190467,,
"Southeastern Timber Products, LLC (Ackerman, MS)",1071,central,Customer,Stephens,AR,4x6,,16.0,128.0,287.8532382114955,,
"Southeastern Timber Products, LLC (Ackerman, MS)",1071,central,Customer,Stephens,AR,4x6,,10.0,140.0,303.05899659863945,,
"Southeastern Timber Products, LLC (Ackerman, MS)",1071,central,Customer,Stephens,AR,4x6,,12.0,168.0,330.20184364370743,,
"Southeastern Timber Products, LLC (Ackerman, MS)",1071,central,Customer,Stephens,AR,4x6,,14.0,112.0,299.1032525510205,,
"Southeastern Timber Products, LLC (Ackerman, MS)",1071,central,Customer,Toccoa,GA,2x4,,,2.66667,119.966437833715,,
"Southeastern Timber Products, LLC (Ackerman, MS)",1071,central,Customer,Toccoa,GA,2x4,,6.0,4.0,120.000439903846,,
"Southeastern Timber Products, LLC (Ackerman, MS)",1071,central,Customer,Toccoa,GA,4x4,,8.0,10.66667,320.0,,
"Southeastern Timber Products, LLC (Ackerman, MS)",1071,central,Customer,Toccoa,GA,4x4,,16.0,21.33333,320.054954490812,,
"Southeastern Timber Products, LLC (Ackerman, MS)",1071,central,Customer,Toccoa,GA,4x4,,10.0,13.33333,320.0,,
"Southeastern Timber Products, LLC (Ackerman, MS)",1071,central,Customer,Toccoa,GA,4x4,,12.0,16.0,320.0,,
"Southeastern Timber Products, LLC (Ackerman, MS)",1071,central,Customer,Toccoa,GA,4x4,,14.0,18.66667,320.0,,
"Southeastern Timber Products, LLC (Ackerman, MS)",1071,central,Customer,Toledo,OH,4x4,,12.0,16.0,428.571428571429,,
"Southeastern Timber Products, LLC (Ackerman, MS)",1071,central,Customer,Toledo,OH,4x4,,14.0,18.66667,394.891483516483,,
"Southeastern Timber Products, LLC (Ackerman, MS)",1071,central,Customer,Townville,SC,2x4,,16.0,10.66667,300.049170251998,,
"Southeastern Timber Products, LLC (Ackerman, MS)",1071,central,Customer,Tulsa,OK,2x4,,10.0,6.66667,235.059971577652,,
"Southeastern Timber Products, LLC (Ackerman, MS)",1071,central,Customer,Walnut,MS,2x6,,10.0,10.0,340.000012586806,,
"Southeastern Timber Products, LLC (Ackerman, MS)",1071,central,Customer,West Monroe,LA,2x4,,12.0,16.0,230.0,,
"Southeastern Timber Products, LLC (Ackerman, MS)",1071,central,Customer,West Union,OH,4x4,,16.0,21.33333,269.965228589826,,
"Southeastern Timber Products, LLC (Ackerman, MS)",1071,central,Customer,West Union,OH,4x4,,10.0,13.33333,244.949515763445,,
"Southeastern Timber Products, LLC (Ackerman, MS)",1071,central,Customer,West Union,OH,4x4,,12.0,16.0,200.0,,
"Southeastern Timber Products, LLC (Ackerman, MS)",1071,central,Customer,West Union,OH,4x4,,14.0,18.66667,185.054459817486,,
"Southeastern Timber Products, LLC (Ackerman, MS)",1071,central,Customer,Whiteville,TN,4x4,,16.0,21.33333,269.965228589826,,
"Southeastern Timber Products, LLC (Ackerman, MS)",1071,central,Customer,Whiteville,TN,4x4,,10.0,13.33333,194.959818668865,,
"Southeastern Timber Products, LLC (Ackerman, MS)",1071,central,Customer,Whiteville,TN,4x4,,12.0,16.0,240.0,,
"Southeastern Timber Products, LLC (Ackerman, MS)",1071,central,Customer,Whiteville,TN,4x4,,14.0,18.66667,204.850603473653,,
"Southeastern Timber Products, LLC (Ackerman, MS)",1071,central,Customer,,,4x6,,8.0,16.0,330.0,,
"Southeastern Timber Products, LLC (Ackerman, MS)",1071,central,Customer,,,4x6,,16.0,64.0,277.08333961123503,,
"Southeastern Timber Products, LLC (Ackerman, MS)",1071,central,Customer,,,4x6,,10.0,20.0,252.857142857143,,
"Southeastern Timber Products, LLC (Ackerman, MS)",1071,central,Customer,,,4x6,,12.0,24.0,510.0,,
"Southeastern Timber Products, LLC (Ackerman, MS)",1071,central,Customer,,,4x6,,14.0,28.0,147.5,,
"Southeastern Timber Products, LLC (Ackerman, MS)",1071,central,TLR,Birmingham,AL,2x4,,8.0,31.99998,291.18219679212683,,
"Southeastern Timber Products, LLC (Ackerman, MS)",1071,central,TLR,Birmingham,AL,2x4,,16.0,64.00002,291.14940609125665,,
"Southeastern Timber Products, LLC (Ackerman, MS)",1071,central,TLR,Birmingham,AL,2x4,,10.0,46.66669,300.28683973047157,,
"Southeastern Timber Products, LLC (Ackerman, MS)",1071,central,TLR,Birmingham,AL,2x4,,12.0,56.0,300.2805852936126,,
"Southeastern Timber Products, LLC (Ackerman, MS)",1071,central,TLR,Birmingham,AL,2x4,,14.0,65.33331,300.28260902866225,,
"Southeastern Timber Products, LLC (Ackerman, MS)",1071,central,TLR,Birmingham,AL,2x6,,8.0,48.0,235.83333333333334,,
"Southeastern Timber Products, LLC (Ackerman, MS)",1071,central,TLR,Birmingham,AL,2x6,,16.0,96.0,235.83333618164068,,
"Southeastern Timber Products, LLC (Ackerman, MS)",1071,central,TLR,Birmingham,AL,2x6,,10.0,60.0,258.33332648026317,,
"Southeastern Timber Products, LLC (Ackerman, MS)",1071,central,TLR,Birmingham,AL,2x6,,12.0,48.0,237.49999658203126,,
"Southeastern Timber Products, LLC (Ackerman, MS)",1071,central,TLR,Birmingham,AL,4x4,,8.0,32.00001,374.99689572830295,,
"Southeastern Timber Products, LLC (Ackerman, MS)",1071,central,TLR,Birmingham,AL,4x4,,16.0,63.99999,340.0075064906553,,
"Southeastern Timber Products, LLC (Ackerman, MS)",1071,central,TLR,Birmingham,AL,4x4,,10.0,39.99999,331.677200479296,,
"Southeastern Timber Products, LLC (Ackerman, MS)",1071,central,TLR,Birmingham,AL,4x4,,12.0,64.0,317.5,,
"Southeastern Timber Products, LLC (Ackerman, MS)",1071,central,TLR,Birmingham,AL,4x4,,14.0,56.00001,307.3374606538717,,
"Southeastern Timber Products, LLC (Ackerman, MS)",1071,central,TLR,Birmingham,AL,4x6,,8.0,64.0,356.25,,
"Southeastern Timber Products, LLC (Ackerman, MS)",1071,central,TLR,Birmingham,AL,4x6,,16.0,64.0,362.5,,
"Southeastern Timber Products, LLC (Ackerman, MS)",1071,central,TLR,Birmingham,AL,4x6,,10.0,80.0,355.0,,
"Southeastern Timber Products, LLC (Ackerman, MS)",1071,central,TLR,Birmingham,AL,4x6,,12.0,96.0,372.499998139881,,
"Southeastern Timber Products, LLC (Ackerman, MS)",1071,central,TLR,Birmingham,AL,4x6,,14.0,56.0,337.5000108418365,,
"Southern Boys Heat Treat, LLC (Houston, TX)",924,nan,Customer,Houston,TX,,,,6.0,100000.0,,
"Southern Lumber Company, Inc. (Hermanville, MS)",1080,central,Customer,Brazil,IN,2x12,,8.0,16.0,149.999988839286,,
"Southern Lumber Company, Inc. (Hermanville, MS)",1080,central,Customer,Brazil,IN,2x12,,16.0,32.0,149.999991048177,,
"Southern Lumber Company, Inc. (Hermanville, MS)",1080,central,Customer,Brazil,IN,2x12,,12.0,48.0,150.0,,
"Southern Lumber Company, Inc. (Hermanville, MS)",1080,central,Customer,Bryan,TX,2x10,,6.0,10.0,190.0,,
"Southern Lumber Company, Inc. (Hermanville, MS)",1080,central,Customer,Bryan,TX,2x12,,,12.0,100.0,,
"Southern Lumber Company, Inc. (Hermanville, MS)",1080,central,Customer,Bryan,TX,2x12,,10.0,40.0,150.0,,
"Southern Lumber Company, Inc. (Hermanville, MS)",1080,central,Customer,Bryan,TX,2x12,,14.0,28.0,150.000009300595,,
"Southern Lumber Company, Inc. (Hermanville, MS)",1080,central,Customer,Bryan,TX,2x8,,8.0,10.66667,150.0,,
"Southern Lumber Company, Inc. (Hermanville, MS)",1080,central,Customer,Bryan,TX,2x8,,16.0,21.33333,150.000011962891,,
"Southern Lumber Company, Inc. (Hermanville, MS)",1080,central,Customer,Bryan,TX,2x8,,,5.33334,100.0,,
"Southern Lumber Company, Inc. (Hermanville, MS)",1080,central,Customer,Bryan,TX,2x8,,6.0,8.0,190.0,,
"Southern Lumber Company, Inc. (Hermanville, MS)",1080,central,Customer,Bryan,TX,2x8,,10.0,13.33333,150.0,,
"Southern Lumber Company, Inc. (Hermanville, MS)",1080,central,Customer,Bryan,TX,2x8,,14.0,18.66667,285.0,,
"Southern Lumber Company, Inc. (Hermanville, MS)",1080,central,Customer,Morristown,TN,2x4,,8.0,5.33333,150.018312782322,,
"Southern Lumber Company, Inc. (Hermanville, MS)",1080,central,Customer,Morristown,TN,2x4,,16.0,10.66667,150.0,,
"Southern Lumber Company, Inc. (Hermanville, MS)",1080,central,Customer,Morristown,TN,2x4,,12.0,8.0,150.0,,
"Southern Lumber Company, Inc. (Hermanville, MS)",1080,central,Customer,Pottsville,AR,2x10,,,3.33333,100.007813110399,,
"Southern Lumber Company, Inc. (Hermanville, MS)",1080,central,Customer,Pottsville,AR,2x12,,,16.0,110.87855220447899,,
"Southern Lumber Company, Inc. (Hermanville, MS)",1080,central,Customer,Pottsville,AR,2x8,,,2.66667,100.0,,
"Southern Lumber Company, Inc. (Hermanville, MS)",1080,central,Customer,Silsbee,TX,2x10,,8.0,13.33333,215.02281487655,,
"Southern Lumber Company, Inc. (Hermanville, MS)",1080,central,Customer,Silsbee,TX,2x10,,16.0,26.66667,215.000421940928,,
"Southern Lumber Company, Inc. (Hermanville, MS)",1080,central,Customer,Silsbee,TX,2x10,,10.0,16.66667,215.032691269127,,
"Southern Lumber Company, Inc. (Hermanville, MS)",1080,central,Customer,Silsbee,TX,2x10,,12.0,20.0,215.0004375,,
"Southern Lumber Company, Inc. (Hermanville, MS)",1080,central,Customer,Silsbee,TX,2x10,,14.0,23.33333,215.115648445874,,
"Southern Lumber Company, Inc. (Hermanville, MS)",1080,central,Customer,Silsbee,TX,2x12,,8.0,64.0,199.99999426269525,,
"Southern Lumber Company, Inc. (Hermanville, MS)",1080,central,Customer,Silsbee,TX,2x12,,16.0,96.0,196.66666178385435,,
"Southern Lumber Company, Inc. (Hermanville, MS)",1080,central,Customer,Silsbee,TX,2x12,,10.0,20.0,209.999985351563,,
"Southern Lumber Company, Inc. (Hermanville, MS)",1080,central,Customer,Silsbee,TX,2x12,,12.0,72.0,196.666669704861,,
"Southern Lumber Company, Inc. (Hermanville, MS)",1080,central,Customer,Silsbee,TX,2x12,,14.0,56.0,180.0,,
"Southern Lumber Company, Inc. (Hermanville, MS)",1080,central,Customer,Springfield,MO,2x4,,12.0,8.0,150.0,,
"Southern Lumber Company, Inc. (Hermanville, MS)",1080,central,TLR,Birmingham,AL,2x12,,8.0,16.0,240.0,,
"Southern Lumber Company, Inc. (Hermanville, MS)",1080,central,TLR,Birmingham,AL,2x12,,,4.0,157.336647949219,,
"Southern Lumber Company, Inc. (Hermanville, MS)",1080,central,TLR,Birmingham,AL,2x12,,10.0,20.0,240.0,,
"Southern Lumber Company, Inc. (Hermanville, MS)",1080,central,TLR,Birmingham,AL,2x12,,12.0,24.0,240.0,,
"Southern Lumber Company, Inc. (Hermanville, MS)",1080,central,TLR,Birmingham,AL,2x12,,14.0,28.0,239.999986049107,,
"Southern Lumber Company, Inc. (Hermanville, MS)",1080,central,TLR,Birmingham,AL,2x6,,12.0,12.0,228.426896701389,,
"Southern Lumber Company, Inc. (Hermanville, MS)",1080,central,TLR,Birmingham,AL,2x6,,14.0,14.0,228.42614317602,,
"Southern Lumber Company, Inc. (Hermanville, MS)",1080,central,TLR,Birmingham,AL,2x8,,,2.66667,157.33665234375,,
"Spanish Trails Lumber Company (Marianna, FL)",1081,central,Customer,Savannah,GA,2x4,,6.0,4.0,261.333333333333,,
"Stark Truss Co, Inc DBA Stark Forest Products (Canton, OH)",372768,nan,Customer,Bloomfield,IA,2x8,,18.0,24.0,624.920641276042,,
"Stark Truss Co, Inc DBA Stark Forest Products (Canton, OH)",372768,nan,Customer,Bloomfield,IA,2x8,,20.0,26.66667,624.920673828125,,
"Steely Lumber (Huntsville, TX)",1084,west,Customer,Conroe,TX,1x4,,16.0,5.33333,395.064276412177,,
"Steely Lumber (Huntsville, TX)",1084,west,Customer,Conroe,TX,1x4,,12.0,4.0,729.230725661058,,
"Steely Lumber (Huntsville, TX)",1084,west,Customer,Conroe,TX,1x4,,14.0,4.66667,395.0,,
"Stella-Jones Corp (Goshen, VA)",1128,nan,Customer,Charlotte,NC,4x5,,8.0,3.0,76500.0,,
"Stella-Jones Corp (Livingston, TX)",15947,nan,Customer,Alto,TX,12x4,,20.0,80.0,12000.0,,
"Stella-Jones Corp (Livingston, TX)",15947,nan,Customer,Brookeland,TX,12x4,,20.0,80.0,12250.0,,
"Stella-Jones Corp (Livingston, TX)",15947,nan,Customer,Henderson,TX,12x4,,20.0,160.0,12125.0,,
"Stella-Jones Corp (Livingston, TX)",15947,nan,Customer,Lovelady,TX,12x4,,20.0,80.0,12000.0,,
"Stella-Jones Corp (Livingston, TX)",15947,nan,Customer,Woodville,TX,8x16,,,2.0,587500.0,,
"T R Miller Co, Inc. (Brewton, AL)",15578,central,Customer,Flintville,TN,2x12,,,8.0,255.0,,
"Tolko Marketing and Sales Ltc (San Antonio, TX)",377717,nan,Customer,Bryan,TX,2x4,,20.0,26.66666,515.162369255439,,
"Trimjoist Corporation (Columbus, MS)",372072,central,Customer,Decatur,AL,2x4,,,1.33333,140.009014810045,,
"Trimjoist Corporation (Columbus, MS)",372072,central,Customer,Flintville,TN,2x4,,8.0,5.33333,217.591757887959,,
"Trimjoist Corporation (Columbus, MS)",372072,central,Customer,Flintville,TN,2x4,,12.0,8.0,390.019155649038,,
"Trimjoist Corporation (Columbus, MS)",372072,central,Customer,Iuka,MS,2x4,,,2.66666,169.2468261575925,,
"Trimjoist Corporation (Columbus, MS)",372072,central,Customer,Memphis,TN,2x4,,8.0,5.33333,216.30392788152,,
"Trimjoist Corporation (Columbus, MS)",372072,central,Customer,Memphis,TN,2x4,,,1.33333,188.530652929813,,
"Trimjoist Corporation (Columbus, MS)",372072,central,Customer,Nashville,TN,2x4,,8.0,26.66665,219.5095210086196,,
"Trimjoist Corporation (Columbus, MS)",372072,central,Customer,Silsbee,TX,2x4,,8.0,10.66666,438.892868660055,,
"Trimjoist Corporation (Columbus, MS)",372072,central,Customer,Silsbee,TX,2x4,,6.0,4.0,225.0,,
"Triple E Trucking (Colfax, LA)",14358,nan,Customer,Bryan,TX,2x4,,16.0,10.66667,550.0,,
"Triple E Trucking (Colfax, LA)",14358,nan,Customer,Bryan,TX,2x4,,10.0,6.66667,550.0,,
"Triple E Trucking (Colfax, LA)",14358,nan,Customer,Bryan,TX,2x4,,12.0,16.0,504.1666666666665,,
"Triple E Trucking (Colfax, LA)",14358,nan,Customer,Duncan,OK,2x4,,10.0,6.66667,634.692751532636,,
"Tuscaloosa Forest Products, Inc (Northport, AL)",372932,nan,Customer,Birmingham,AL,2x12,,,9.0,48750.0,,
"Tuscaloosa Forest Products, Inc (Northport, AL)",372932,nan,Customer,Birmingham,AL,45x12,,,5.0,48750.0,,
"Tuscaloosa Forest Products, Inc (Northport, AL)",372932,nan,Customer,,,45x12,,,1.0,49375.0,,
"Two Rivers Lumber Company, LLC (Demopolis, AL)",376296,central,Customer,Middleton,TN,2x6,,8.0,8.0,274.999981742527,,
"Two Rivers Lumber Company, LLC (Demopolis, AL)",376296,central,Customer,Moscow,TN,2x6,,16.0,16.0,225.0,,
"Two Rivers Lumber Company, LLC (Demopolis, AL)",376296,central,TLR,Birmingham,AL,2x4,,10.0,6.66667,451.0,,
"Utah Lumber Co. (Ogden, UT)",12314,nan,Customer,Cedar City,UT,4x4,,8.0,21.33334,516.811850256707,,
"Utah Lumber Co. (Ogden, UT)",12314,nan,Customer,Kuna,ID,2x4,,,24.0,450.55831587610226,,
"Utah Lumber Co. (Ogden, UT)",12314,nan,Customer,Kuna,ID,2x4,,6.0,16.0,444.37244448493675,,
"Utah Lumber Co. (Ogden, UT)",12314,nan,Customer,Kuna,ID,2x4,,7.0,23.33335,446.7315042254474,,
"Utah Lumber Co. (Ogden, UT)",12314,nan,Customer,Lindon,UT,48x48,,,1.0,19645.0,,
"Utah Lumber Co. (Ogden, UT)",12314,nan,Customer,Westerville,OH,4x6,,,10.0,864.191729323308,,
"Utah Lumber Co. (Ogden, UT)",12314,nan,Customer,Winfield,KS,2x4,,9.0,6.0,337.282051282051,,
"Valley Timber Inc (Fort Payne, AL)",164839,nan,TLR,Birmingham,AL,8x2,,7.0,30.5469,766.0437857368328,,
"Vernon Kropf (Pocahontas, AR)",375222,nan,Customer,Jewett,TX,3x4,,8.0,8.0,428.219755366162,,
"Vicksburg Forest Products, LLC (Vicksburg, MS)",15426,central,Customer,Aberdeen,MS,2x6,,14.0,14.0,300.0,,
"Vicksburg Forest Products, LLC (Vicksburg, MS)",15426,central,Customer,Alvarado,TX,2x4,,6.0,4.0,155.0,,
"Vicksburg Forest Products, LLC (Vicksburg, MS)",15426,central,Customer,Auburn,KY,4x6,,8.0,16.0,350.0,,
"Vicksburg Forest Products, LLC (Vicksburg, MS)",15426,central,Customer,Auburn,KY,4x6,,16.0,32.0,350.0,,
"Vicksburg Forest Products, LLC (Vicksburg, MS)",15426,central,Customer,Auburn,KY,4x6,,10.0,20.0,350.0,,
"Vicksburg Forest Products, LLC (Vicksburg, MS)",15426,central,Customer,Auburn,KY,4x6,,12.0,24.0,350.0,,
"Vicksburg Forest Products, LLC (Vicksburg, MS)",15426,central,Customer,Auburn,KY,4x6,,14.0,140.0,445.0714344093408,,
"Vicksburg Forest Products, LLC (Vicksburg, MS)",15426,central,Customer,Bonham,TX,2x10,,6.0,10.0,230.0,,
"Vicksburg Forest Products, LLC (Vicksburg, MS)",15426,central,Customer,Bonham,TX,2x6,,6.0,6.0,270.0,,
"Vicksburg Forest Products, LLC (Vicksburg, MS)",15426,central,Customer,Bonham,TX,2x6,,12.0,12.0,210.0,,
"Vicksburg Forest Products, LLC (Vicksburg, MS)",15426,central,Customer,Brownsville,TX,2x6,,12.0,12.0,270.0,,
"Vicksburg Forest Products, LLC (Vicksburg, MS)",15426,central,Customer,Bryan,TX,2x10,,8.0,26.66666,236.264066483027,,
"Vicksburg Forest Products, LLC (Vicksburg, MS)",15426,central,Customer,Bryan,TX,2x10,,16.0,53.33334,190.0,,
"Vicksburg Forest Products, LLC (Vicksburg, MS)",15426,central,Customer,Bryan,TX,2x10,,10.0,33.33334,189.98781402324698,,
"Vicksburg Forest Products, LLC (Vicksburg, MS)",15426,central,Customer,Bryan,TX,2x10,,12.0,40.0,190.0,,
"Vicksburg Forest Products, LLC (Vicksburg, MS)",15426,central,Customer,Bryan,TX,2x10,,14.0,46.66666,190.016520807287,,
"Vicksburg Forest Products, LLC (Vicksburg, MS)",15426,central,Customer,Bryan,TX,2x4,,8.0,21.33332,348.74154701023724,,
"Vicksburg Forest Products, LLC (Vicksburg, MS)",15426,central,Customer,Bryan,TX,2x4,,16.0,53.333349999999996,336.9791530544418,,
"Vicksburg Forest Products, LLC (Vicksburg, MS)",15426,central,Customer,Bryan,TX,2x4,,10.0,33.333349999999996,336.9804302100572,,
"Vicksburg Forest Products, LLC (Vicksburg, MS)",15426,central,Customer,Bryan,TX,2x4,,12.0,48.0,330.833336338141,,
"Vicksburg Forest Products, LLC (Vicksburg, MS)",15426,central,Customer,Bryan,TX,2x4,,14.0,55.99998,330.82549827465033,,
"Vicksburg Forest Products, LLC (Vicksburg, MS)",15426,central,Customer,Bryan,TX,2x6,,8.0,16.0,295.0,,
"Vicksburg Forest Products, LLC (Vicksburg, MS)",15426,central,Customer,Bryan,TX,2x6,,16.0,48.0,253.33333333333334,,
"Vicksburg Forest Products, LLC (Vicksburg, MS)",15426,central,Customer,Bryan,TX,2x6,,,4.0,215.0,,
"Vicksburg Forest Products, LLC (Vicksburg, MS)",15426,central,Customer,Bryan,TX,2x6,,10.0,30.0,253.33333333333334,,
"Vicksburg Forest Products, LLC (Vicksburg, MS)",15426,central,Customer,Bryan,TX,2x6,,12.0,48.0,275.42515218098947,,
"Vicksburg Forest Products, LLC (Vicksburg, MS)",15426,central,Customer,Bryan,TX,2x6,,14.0,42.0,265.56686058407735,,
"Vicksburg Forest Products, LLC (Vicksburg, MS)",15426,central,Customer,Bryan,TX,2x8,,8.0,53.333349999999996,269.0,,
"Vicksburg Forest Products, LLC (Vicksburg, MS)",15426,central,Customer,Bryan,TX,2x8,,16.0,170.66664,265.6295783818981,,
"Vicksburg Forest Products, LLC (Vicksburg, MS)",15426,central,Customer,Bryan,TX,2x8,,,18.66669,88.40605502633775,,
"Vicksburg Forest Products, LLC (Vicksburg, MS)",15426,central,Customer,Bryan,TX,2x8,,6.0,8.0,252.027845052083,,
"Vicksburg Forest Products, LLC (Vicksburg, MS)",15426,central,Customer,Bryan,TX,2x8,,10.0,53.33332,243.771981242673,,
"Vicksburg Forest Products, LLC (Vicksburg, MS)",15426,central,Customer,Bryan,TX,2x8,,12.0,96.0,273.3333259186922,,
"Vicksburg Forest Products, LLC (Vicksburg, MS)",15426,central,Customer,Bryan,TX,2x8,,14.0,149.33336,265.6250006742931,,
"Vicksburg Forest Products, LLC (Vicksburg, MS)",15426,central,Customer,Bryan,TX,4x4,,8.0,21.33334,362.441252923717,,
"Vicksburg Forest Products, LLC (Vicksburg, MS)",15426,central,Customer,Bryan,TX,4x4,,16.0,21.33333,375.016097875081,,
"Vicksburg Forest Products, LLC (Vicksburg, MS)",15426,central,Customer,Bryan,TX,4x4,,,8.0,250.02910769832448,,
"Vicksburg Forest Products, LLC (Vicksburg, MS)",15426,central,Customer,Bryan,TX,4x4,,10.0,26.66666,362.525242118277,,
"Vicksburg Forest Products, LLC (Vicksburg, MS)",15426,central,Customer,Bryan,TX,4x4,,12.0,32.0,362.5,,
"Vicksburg Forest Products, LLC (Vicksburg, MS)",15426,central,Customer,Bryan,TX,4x4,,14.0,18.66667,374.926427310182,,
"Vicksburg Forest Products, LLC (Vicksburg, MS)",15426,central,Customer,Bryan,TX,4x6,,8.0,48.0,350.0,,
"Vicksburg Forest Products, LLC (Vicksburg, MS)",15426,central,Customer,Bryan,TX,4x6,,16.0,160.0,391.5960617559524,,
"Vicksburg Forest Products, LLC (Vicksburg, MS)",15426,central,Customer,Bryan,TX,4x6,,,44.0,288.75424638605443,,
"Vicksburg Forest Products, LLC (Vicksburg, MS)",15426,central,Customer,Bryan,TX,4x6,,6.0,48.0,353.24509536210303,,
"Vicksburg Forest Products, LLC (Vicksburg, MS)",15426,central,Customer,Bryan,TX,4x6,,10.0,60.0,455.99344940476203,,
"Vicksburg Forest Products, LLC (Vicksburg, MS)",15426,central,Customer,Bryan,TX,4x6,,12.0,120.0,376.5960619419644,,
"Vicksburg Forest Products, LLC (Vicksburg, MS)",15426,central,Customer,Bullard,TX,2x10,,16.0,53.33334,239.969232080457,,
"Vicksburg Forest Products, LLC (Vicksburg, MS)",15426,central,Customer,Cassville,MO,2x4,,6.0,4.0,264.99998838141,,
"Vicksburg Forest Products, LLC (Vicksburg, MS)",15426,central,Customer,Corsicana,TX,2x6,,8.0,24.0,204.16666493055564,,
"Vicksburg Forest Products, LLC (Vicksburg, MS)",15426,central,Customer,Corsicana,TX,2x6,,16.0,48.0,243.333330078125,,
"Vicksburg Forest Products, LLC (Vicksburg, MS)",15426,central,Customer,Corsicana,TX,2x6,,10.0,30.0,254.52380394345232,,
"Vicksburg Forest Products, LLC (Vicksburg, MS)",15426,central,Customer,Corsicana,TX,2x6,,12.0,36.0,243.333329861111,,
"Vicksburg Forest Products, LLC (Vicksburg, MS)",15426,central,Customer,Corsicana,TX,2x6,,14.0,42.0,243.33333333333334,,
"Vicksburg Forest Products, LLC (Vicksburg, MS)",15426,central,Customer,Corsicana,TX,2x8,,8.0,10.66667,270.0,,
"Vicksburg Forest Products, LLC (Vicksburg, MS)",15426,central,Customer,Corsicana,TX,2x8,,16.0,21.33333,270.065934065934,,
"Vicksburg Forest Products, LLC (Vicksburg, MS)",15426,central,Customer,Corsicana,TX,2x8,,10.0,13.33333,270.070330815316,,
"Vicksburg Forest Products, LLC (Vicksburg, MS)",15426,central,Customer,Corsicana,TX,2x8,,12.0,16.0,270.0,,
"Vicksburg Forest Products, LLC (Vicksburg, MS)",15426,central,Customer,Corsicana,TX,2x8,,14.0,18.66667,270.0,,
"Vicksburg Forest Products, LLC (Vicksburg, MS)",15426,central,Customer,Dallas,TX,2x4,,8.0,10.66666,294.915818845246,,
"Vicksburg Forest Products, LLC (Vicksburg, MS)",15426,central,Customer,Dallas,TX,2x4,,,13.33335,299.907871003191,,
"Vicksburg Forest Products, LLC (Vicksburg, MS)",15426,central,Customer,Dallas,TX,2x4,,6.0,8.0,315.1666666666665,,
"Vicksburg Forest Products, LLC (Vicksburg, MS)",15426,central,Customer,Dallas,TX,2x4,,10.0,6.66667,300.076443388623,,
"Vicksburg Forest Products, LLC (Vicksburg, MS)",15426,central,Customer,Dallas,TX,2x6,,12.0,24.0,270.0,,
"Vicksburg Forest Products, LLC (Vicksburg, MS)",15426,central,Customer,East Point,GA,2x6,,8.0,8.0,284.999986328125,,
"Vicksburg Forest Products, LLC (Vicksburg, MS)",15426,central,Customer,East Point,GA,2x6,,16.0,16.0,284.999985351563,,
"Vicksburg Forest Products, LLC (Vicksburg, MS)",15426,central,Customer,East Point,GA,2x6,,12.0,12.0,285.0,,
"Vicksburg Forest Products, LLC (Vicksburg, MS)",15426,central,Customer,East Point,GA,2x6,,14.0,14.0,285.0,,
"Vicksburg Forest Products, LLC (Vicksburg, MS)",15426,central,Customer,Edinburg,TX,2x6,,,4.0,170.0,,
"Vicksburg Forest Products, LLC (Vicksburg, MS)",15426,central,Customer,Edinburg,TX,4x6,,14.0,28.0,422.5,,
"Vicksburg Forest Products, LLC (Vicksburg, MS)",15426,central,Customer,Ennis,TX,2x6,,,4.0,264.999980893342,,
"Vicksburg Forest Products, LLC (Vicksburg, MS)",15426,central,Customer,Ennis,TX,4x4,,,5.33334,248.494001116071,,
"Vicksburg Forest Products, LLC (Vicksburg, MS)",15426,central,Customer,Exeter,MO,2x10,,8.0,13.33333,320.970197566693,,
"Vicksburg Forest Products, LLC (Vicksburg, MS)",15426,central,Customer,Exeter,MO,2x4,,10.0,6.66667,330.089425763995,,
"Vicksburg Forest Products, LLC (Vicksburg, MS)",15426,central,Customer,Exeter,MO,2x6,,8.0,8.0,453.333333333333,,
"Vicksburg Forest Products, LLC (Vicksburg, MS)",15426,central,Customer,Florien,LA,2x10,,8.0,13.33333,240.0,,
"Vicksburg Forest Products, LLC (Vicksburg, MS)",15426,central,Customer,Florien,LA,2x10,,16.0,26.66667,240.056240037506,,
"Vicksburg Forest Products, LLC (Vicksburg, MS)",15426,central,Customer,Florien,LA,2x10,,10.0,16.66667,239.93,,
"Vicksburg Forest Products, LLC (Vicksburg, MS)",15426,central,Customer,Florien,LA,2x10,,12.0,20.0,240.0,,
"Vicksburg Forest Products, LLC (Vicksburg, MS)",15426,central,Customer,Florien,LA,2x10,,14.0,23.33333,240.128608252947,,
"Vicksburg Forest Products, LLC (Vicksburg, MS)",15426,central,Customer,Fort Payne,AL,2x4,,6.0,4.0,297.195512820513,,
"Vicksburg Forest Products, LLC (Vicksburg, MS)",15426,central,Customer,Ft Worth,TX,2x4,,8.0,5.33333,295.000405770965,,
"Vicksburg Forest Products, LLC (Vicksburg, MS)",15426,central,Customer,Ft Worth,TX,2x4,,16.0,10.66667,294.973394032273,,
"Vicksburg Forest Products, LLC (Vicksburg, MS)",15426,central,Customer,Ft Worth,TX,2x4,,10.0,6.66667,294.915476705611,,
"Vicksburg Forest Products, LLC (Vicksburg, MS)",15426,central,Customer,Ft Worth,TX,2x4,,12.0,8.0,295.000420673077,,
"Vicksburg Forest Products, LLC (Vicksburg, MS)",15426,central,Customer,Ft Worth,TX,2x6,,8.0,8.0,324.999985988451,,
"Vicksburg Forest Products, LLC (Vicksburg, MS)",15426,central,Customer,Ft Worth,TX,2x6,,10.0,20.0,275.0,,
"Vicksburg Forest Products, LLC (Vicksburg, MS)",15426,central,Customer,Groveton,TX,2x8,,12.0,16.0,325.0,,
"Vicksburg Forest Products, LLC (Vicksburg, MS)",15426,central,Customer,Guthrie,OK,4x4,,16.0,21.33333,349.931551835158,,
"Vicksburg Forest Products, LLC (Vicksburg, MS)",15426,central,Customer,Guthrie,OK,4x4,,12.0,16.0,350.0,,
"Vicksburg Forest Products, LLC (Vicksburg, MS)",15426,central,Customer,Guthrie,OK,4x4,,14.0,18.66667,350.206124852768,,
"Vicksburg Forest Products, LLC (Vicksburg, MS)",15426,central,Customer,Harrisburg,IL,2x4,,16.0,10.66667,541.743088942308,,
"Vicksburg Forest Products, LLC (Vicksburg, MS)",15426,central,Customer,Harrisburg,IL,2x4,,12.0,8.0,424.999979300214,,
"Vicksburg Forest Products, LLC (Vicksburg, MS)",15426,central,Customer,Harrisburg,IL,2x4,,14.0,18.66666,488.37554090253445,,
"Vicksburg Forest Products, LLC (Vicksburg, MS)",15426,central,Customer,Houston,TX,2x4,,8.0,5.33333,265.238433724076,,
"Vicksburg Forest Products, LLC (Vicksburg, MS)",15426,central,Customer,Houston,TX,2x4,,16.0,10.66667,265.059499661934,,
"Vicksburg Forest Products, LLC (Vicksburg, MS)",15426,central,Customer,Houston,TX,2x4,,,1.33333,157.597853616656,,
"Vicksburg Forest Products, LLC (Vicksburg, MS)",15426,central,Customer,Houston,TX,2x4,,10.0,6.66667,265.077455646906,,
"Vicksburg Forest Products, LLC (Vicksburg, MS)",15426,central,Customer,Houston,TX,2x4,,12.0,8.0,265.000420673077,,
"Vicksburg Forest Products, LLC (Vicksburg, MS)",15426,central,Customer,Houston,TX,2x4,,14.0,9.33333,265.027714815578,,
"Vicksburg Forest Products, LLC (Vicksburg, MS)",15426,central,Customer,Houston,TX,2x6,,,8.0,194.9999942680025,,
"Vicksburg Forest Products, LLC (Vicksburg, MS)",15426,central,Customer,Houston,TX,2x6,,10.0,10.0,300.0,,
"Vicksburg Forest Products, LLC (Vicksburg, MS)",15426,central,Customer,Hutchins,TX,2x4,,,2.66667,259.921832074176,,
"Vicksburg Forest Products, LLC (Vicksburg, MS)",15426,central,Customer,Hutchins,TX,2x4,,6.0,4.0,330.0,,
"Vicksburg Forest Products, LLC (Vicksburg, MS)",15426,central,Customer,Jacksonville,TX,2x8,,8.0,21.33334,307.50001014122597,,
"Vicksburg Forest Products, LLC (Vicksburg, MS)",15426,central,Customer,Jacksonville,TX,2x8,,16.0,21.33333,310.151441133366,,
"Vicksburg Forest Products, LLC (Vicksburg, MS)",15426,central,Customer,Jacksonville,TX,2x8,,10.0,39.99999,320.0293429769353,,
"Vicksburg Forest Products, LLC (Vicksburg, MS)",15426,central,Customer,Jacksonville,TX,2x8,,12.0,48.0,313.3333333333333,,
"Vicksburg Forest Products, LLC (Vicksburg, MS)",15426,central,Customer,Jacksonville,TX,2x8,,14.0,18.66667,305.0,,
"Vicksburg Forest Products, LLC (Vicksburg, MS)",15426,central,Customer,Kennard,TX,2x6,,14.0,14.0,235.0,,
"Vicksburg Forest Products, LLC (Vicksburg, MS)",15426,central,Customer,La Vergne,TN,2x4,,8.0,5.33333,439.905559132861,,
"Vicksburg Forest Products, LLC (Vicksburg, MS)",15426,central,Customer,Lafayette,IN,2x10,,16.0,26.66667,244.968848546834,,
"Vicksburg Forest Products, LLC (Vicksburg, MS)",15426,central,Customer,Lott,TX,2x4,,18.0,12.0,551.216168091168,,
"Vicksburg Forest Products, LLC (Vicksburg, MS)",15426,central,Customer,Markleville,IN,2x4,,8.0,5.33333,285.128944995491,,
"Vicksburg Forest Products, LLC (Vicksburg, MS)",15426,central,Customer,Markleville,IN,2x4,,16.0,10.66667,285.000450721154,,
"Vicksburg Forest Products, LLC (Vicksburg, MS)",15426,central,Customer,Markleville,IN,2x4,,10.0,6.66667,285.000504807692,,
"Vicksburg Forest Products, LLC (Vicksburg, MS)",15426,central,Customer,Markleville,IN,2x4,,12.0,8.0,285.000450721154,,
"Vicksburg Forest Products, LLC (Vicksburg, MS)",15426,central,Customer,Markleville,IN,2x4,,14.0,9.33333,285.073930963421,,
"Vicksburg Forest Products, LLC (Vicksburg, MS)",15426,central,Customer,Memphis,TN,2x4,,,1.33333,94.9762608303701,,
"Vicksburg Forest Products, LLC (Vicksburg, MS)",15426,central,Customer,Memphis,TN,2x6,,,4.0,294.999983440897,,
"Vicksburg Forest Products, LLC (Vicksburg, MS)",15426,central,Customer,Middleton,TN,2x4,,8.0,10.66666,325.869455909632,,
"Vicksburg Forest Products, LLC (Vicksburg, MS)",15426,central,Customer,Middleton,TN,2x6,,8.0,24.0,279.9999878283513,,
"Vicksburg Forest Products, LLC (Vicksburg, MS)",15426,central,Customer,Middleton,TN,2x6,,10.0,30.0,321.6666666666667,,
"Vicksburg Forest Products, LLC (Vicksburg, MS)",15426,central,Customer,Montgomery,AL,2x6,,10.0,10.0,300.0,,
"Vicksburg Forest Products, LLC (Vicksburg, MS)",15426,central,Customer,Moscow,TN,2x4,,16.0,10.66667,250.028001577554,,
"Vicksburg Forest Products, LLC (Vicksburg, MS)",15426,central,Customer,Moscow,TN,2x4,,10.0,6.66667,250.180375180375,,
"Vicksburg Forest Products, LLC (Vicksburg, MS)",15426,central,Customer,Moscow,TN,2x4,,14.0,9.33333,250.064399793921,,
"Vicksburg Forest Products, LLC (Vicksburg, MS)",15426,central,Customer,Northport,AL,2x4,,8.0,5.33333,259.941401848096,,
"Vicksburg Forest Products, LLC (Vicksburg, MS)",15426,central,Customer,Northport,AL,2x4,,16.0,10.66667,260.058598151904,,
"Vicksburg Forest Products, LLC (Vicksburg, MS)",15426,central,Customer,Northport,AL,2x4,,10.0,6.66667,260.093761269383,,
"Vicksburg Forest Products, LLC (Vicksburg, MS)",15426,central,Customer,Northport,AL,2x4,,12.0,8.0,260.000013221154,,
"Vicksburg Forest Products, LLC (Vicksburg, MS)",15426,central,Customer,Northport,AL,2x4,,14.0,9.33333,259.966516419833,,
"Vicksburg Forest Products, LLC (Vicksburg, MS)",15426,central,Customer,Oklahoma City,OK,2x6,,8.0,8.0,194.999987955729,,
"Vicksburg Forest Products, LLC (Vicksburg, MS)",15426,central,Customer,Oklahoma City,OK,2x6,,16.0,16.0,194.999988606771,,
"Vicksburg Forest Products, LLC (Vicksburg, MS)",15426,central,Customer,Oklahoma City,OK,2x6,,10.0,10.0,195.0,,
"Vicksburg Forest Products, LLC (Vicksburg, MS)",15426,central,Customer,Oklahoma City,OK,2x6,,12.0,12.0,195.0,,
"Vicksburg Forest Products, LLC (Vicksburg, MS)",15426,central,Customer,Oklahoma City,OK,2x6,,14.0,14.0,195.0,,
"Vicksburg Forest Products, LLC (Vicksburg, MS)",15426,central,Customer,Park City,KS,2x6,,14.0,14.0,471.780563186813,,
"Vicksburg Forest Products, LLC (Vicksburg, MS)",15426,central,Customer,Pine Bluff,AR,4x6,,14.0,112.0,465.65210459183675,,
"Vicksburg Forest Products, LLC (Vicksburg, MS)",15426,central,Customer,Port Neches,TX,2x8,,12.0,16.0,325.0,,
"Vicksburg Forest Products, LLC (Vicksburg, MS)",15426,central,Customer,Port Neches,TX,4x6,,14.0,28.0,422.5,,
"Vicksburg Forest Products, LLC (Vicksburg, MS)",15426,central,Customer,Richmond,IL,2x6,,10.0,10.0,195.0,,
"Vicksburg Forest Products, LLC (Vicksburg, MS)",15426,central,Customer,Ripley,TN,2x6,,16.0,16.0,215.416666666667,,
"Vicksburg Forest Products, LLC (Vicksburg, MS)",15426,central,Customer,Selmer,TN,2x4,,8.0,5.33333,315.00120228434,,
"Vicksburg Forest Products, LLC (Vicksburg, MS)",15426,central,Customer,Selmer,TN,2x4,,16.0,10.66667,315.057410979897,,
"Vicksburg Forest Products, LLC (Vicksburg, MS)",15426,central,Customer,Selmer,TN,2x4,,6.0,4.0,245.0,,
"Vicksburg Forest Products, LLC (Vicksburg, MS)",15426,central,Customer,Selmer,TN,2x4,,12.0,8.0,315.000450721154,,
"Vicksburg Forest Products, LLC (Vicksburg, MS)",15426,central,Customer,Selmer,TN,2x4,,14.0,9.33333,315.000412158681,,
"Vicksburg Forest Products, LLC (Vicksburg, MS)",15426,central,Customer,Silsbee,TX,2x10,,8.0,133.3333,212.11068124895237,,
"Vicksburg Forest Products, LLC (Vicksburg, MS)",15426,central,Customer,Silsbee,TX,2x10,,16.0,240.00003,208.3750848607871,,
"Vicksburg Forest Products, LLC (Vicksburg, MS)",15426,central,Customer,Silsbee,TX,2x10,,10.0,150.00003,209.99315474184198,,
"Vicksburg Forest Products, LLC (Vicksburg, MS)",15426,central,Customer,Silsbee,TX,2x10,,12.0,180.0,213.33991203703712,,
"Vicksburg Forest Products, LLC (Vicksburg, MS)",15426,central,Customer,Silsbee,TX,2x10,,14.0,209.99997,210.04459333831366,,
"Vicksburg Forest Products, LLC (Vicksburg, MS)",15426,central,Customer,Silsbee,TX,2x4,,8.0,5.33333,204.992064923354,,
"Vicksburg Forest Products, LLC (Vicksburg, MS)",15426,central,Customer,Silsbee,TX,2x4,,16.0,32.00001,232.85543710730667,,
"Vicksburg Forest Products, LLC (Vicksburg, MS)",15426,central,Customer,Silsbee,TX,2x4,,10.0,20.00001,210.062612538043,,
"Vicksburg Forest Products, LLC (Vicksburg, MS)",15426,central,Customer,Silsbee,TX,2x4,,12.0,24.0,210.001008756868,,
"Vicksburg Forest Products, LLC (Vicksburg, MS)",15426,central,Customer,Silsbee,TX,2x4,,14.0,27.99999,210.03163472486634,,
"Vicksburg Forest Products, LLC (Vicksburg, MS)",15426,central,Customer,Silsbee,TX,2x6,,8.0,8.0,235.0,,
"Vicksburg Forest Products, LLC (Vicksburg, MS)",15426,central,Customer,Silsbee,TX,2x6,,16.0,16.0,234.999989420573,,
"Vicksburg Forest Products, LLC (Vicksburg, MS)",15426,central,Customer,Silsbee,TX,2x6,,,4.0,284.999982591712,,
"Vicksburg Forest Products, LLC (Vicksburg, MS)",15426,central,Customer,Silsbee,TX,2x6,,10.0,10.0,235.000016741071,,
"Vicksburg Forest Products, LLC (Vicksburg, MS)",15426,central,Customer,Silsbee,TX,2x6,,12.0,12.0,234.999989583333,,
"Vicksburg Forest Products, LLC (Vicksburg, MS)",15426,central,Customer,Somerset,KY,4x6,,8.0,16.0,260.000020089286,,
"Vicksburg Forest Products, LLC (Vicksburg, MS)",15426,central,Customer,Somerset,KY,4x6,,16.0,32.0,325.0,,
"Vicksburg Forest Products, LLC (Vicksburg, MS)",15426,central,Customer,Somerset,KY,4x6,,10.0,20.0,325.0,,
"Vicksburg Forest Products, LLC (Vicksburg, MS)",15426,central,Customer,Somerset,KY,4x6,,12.0,24.0,325.0,,
"Vicksburg Forest Products, LLC (Vicksburg, MS)",15426,central,Customer,Somerset,KY,4x6,,14.0,28.0,325.0,,
"Vicksburg Forest Products, LLC (Vicksburg, MS)",15426,central,Customer,Stephens,AR,4x6,,8.0,16.0,365.000022321429,,
"Vicksburg Forest Products, LLC (Vicksburg, MS)",15426,central,Customer,Stephens,AR,4x6,,16.0,32.0,365.0,,
"Vicksburg Forest Products, LLC (Vicksburg, MS)",15426,central,Customer,Stephens,AR,4x6,,12.0,24.0,486.666666666667,,
"Vicksburg Forest Products, LLC (Vicksburg, MS)",15426,central,Customer,Stephens,AR,4x6,,14.0,28.0,243.333348214286,,
"Vicksburg Forest Products, LLC (Vicksburg, MS)",15426,central,Customer,Toledo,OH,2x6,,10.0,10.0,300.0,,
"Vicksburg Forest Products, LLC (Vicksburg, MS)",15426,central,Customer,Walnut,MS,2x6,,10.0,10.0,325.0,,
"Vicksburg Forest Products, LLC (Vicksburg, MS)",15426,central,Customer,Wellford,SC,2x10,,10.0,16.66667,229.975463409407,,
"Vicksburg Forest Products, LLC (Vicksburg, MS)",15426,central,Customer,Wellford,SC,2x10,,14.0,23.33333,235.047399049086,,
"Vicksburg Forest Products, LLC (Vicksburg, MS)",15426,central,Customer,Wellford,SC,4x4,,16.0,21.33333,350.0,,
"Vicksburg Forest Products, LLC (Vicksburg, MS)",15426,central,Customer,Wellford,SC,4x4,,10.0,13.33333,350.0,,
"Vicksburg Forest Products, LLC (Vicksburg, MS)",15426,central,Customer,Wellford,SC,4x4,,12.0,16.0,350.0,,
"Vicksburg Forest Products, LLC (Vicksburg, MS)",15426,central,Customer,Wellford,SC,4x4,,14.0,18.66667,350.0,,
"Vicksburg Forest Products, LLC (Vicksburg, MS)",15426,central,Customer,West Union,OH,4x6,,10.0,20.0,281.25,,
"Vicksburg Forest Products, LLC (Vicksburg, MS)",15426,central,Customer,West Union,OH,4x6,,12.0,24.0,375.0,,
"Vicksburg Forest Products, LLC (Vicksburg, MS)",15426,central,Customer,Wichita Falls,TX,2x4,,8.0,5.33333,275.124436429216,,
"Vicksburg Forest Products, LLC (Vicksburg, MS)",15426,central,Customer,Wichita Falls,TX,2x4,,16.0,10.66667,275.042367788462,,
"Vicksburg Forest Products, LLC (Vicksburg, MS)",15426,central,Customer,Wichita Falls,TX,2x4,,10.0,6.66667,275.000480769231,,
"Vicksburg Forest Products, LLC (Vicksburg, MS)",15426,central,Customer,Wichita Falls,TX,2x4,,12.0,8.0,275.000450721154,,
"Vicksburg Forest Products, LLC (Vicksburg, MS)",15426,central,Customer,Wichita Falls,TX,2x4,,14.0,9.33333,275.071354971664,,
"Vicksburg Forest Products, LLC (Vicksburg, MS)",15426,central,Customer,Wichita Falls,TX,2x6,,8.0,8.0,275.0,,
"Vicksburg Forest Products, LLC (Vicksburg, MS)",15426,central,Customer,Wichita Falls,TX,2x6,,16.0,16.0,275.0,,
"Vicksburg Forest Products, LLC (Vicksburg, MS)",15426,central,Customer,Wichita Falls,TX,2x6,,10.0,10.0,275.0,,
"Vicksburg Forest Products, LLC (Vicksburg, MS)",15426,central,Customer,Wichita Falls,TX,2x6,,12.0,12.0,275.0,,
"Vicksburg Forest Products, LLC (Vicksburg, MS)",15426,central,Customer,Wichita Falls,TX,2x6,,14.0,14.0,274.99998828125,,
"Vicksburg Forest Products, LLC (Vicksburg, MS)",15426,central,Customer,,,2x4,,8.0,10.66666,205.0266959723475,,
"Vicksburg Forest Products, LLC (Vicksburg, MS)",15426,central,Customer,,,2x4,,16.0,21.33334,205.0074190036035,,
"Vicksburg Forest Products, LLC (Vicksburg, MS)",15426,central,Customer,,,2x4,,6.0,4.0,198.214285714286,,
"Vicksburg Forest Products, LLC (Vicksburg, MS)",15426,central,Customer,,,2x4,,10.0,13.33334,205.14379509379552,,
"Vicksburg Forest Products, LLC (Vicksburg, MS)",15426,central,Customer,,,2x4,,12.0,16.0,204.995922976763,,
"Vicksburg Forest Products, LLC (Vicksburg, MS)",15426,central,Customer,,,2x4,,14.0,9.33333,205.035548686244,,
"Vicksburg Forest Products, LLC (Vicksburg, MS)",15426,central,Customer,,,2x8,,16.0,21.33333,200.016277366322,,
"Vicksburg Forest Products, LLC (Vicksburg, MS)",15426,central,Customer,,,2x8,,12.0,16.0,200.0,,
"Vicksburg Forest Products, LLC (Vicksburg, MS)",15426,central,TLR,Birmingham,AL,2x10,,8.0,79.99998,236.66120302053784,,
"Vicksburg Forest Products, LLC (Vicksburg, MS)",15426,central,TLR,Birmingham,AL,2x10,,16.0,266.6667,234.5873840065538,,
"Vicksburg Forest Products, LLC (Vicksburg, MS)",15426,central,TLR,Birmingham,AL,2x10,,10.0,100.00002,221.69198508608966,,
"Vicksburg Forest Products, LLC (Vicksburg, MS)",15426,central,TLR,Birmingham,AL,2x10,,12.0,160.0,232.5,,
"Vicksburg Forest Products, LLC (Vicksburg, MS)",15426,central,TLR,Birmingham,AL,2x10,,14.0,163.33331,226.42965811197402,,
"Vicksburg Forest Products, LLC (Vicksburg, MS)",15426,central,TLR,Birmingham,AL,2x4,,8.0,37.33331,313.6049208020203,,
"Vicksburg Forest Products, LLC (Vicksburg, MS)",15426,central,TLR,Birmingham,AL,2x4,,16.0,64.00002,298.3168811066425,,
"Vicksburg Forest Products, LLC (Vicksburg, MS)",15426,central,TLR,Birmingham,AL,2x4,,10.0,53.33336,301.9726817608997,,
"Vicksburg Forest Products, LLC (Vicksburg, MS)",15426,central,TLR,Birmingham,AL,2x4,,12.0,40.0,330.9999900841346,,
"Vicksburg Forest Products, LLC (Vicksburg, MS)",15426,central,TLR,Birmingham,AL,2x4,,14.0,55.99998,319.16323554913737,,
"Vicksburg Forest Products, LLC (Vicksburg, MS)",15426,central,TLR,Birmingham,AL,2x6,,8.0,40.0,290.9999977213542,,
"Vicksburg Forest Products, LLC (Vicksburg, MS)",15426,central,TLR,Birmingham,AL,2x6,,16.0,96.0,229.16666748046885,,
"Vicksburg Forest Products, LLC (Vicksburg, MS)",15426,central,TLR,Birmingham,AL,2x6,,10.0,70.0,265.71428211805556,,
"Vicksburg Forest Products, LLC (Vicksburg, MS)",15426,central,TLR,Birmingham,AL,2x6,,12.0,84.0,243.57142870060358,,
"Vicksburg Forest Products, LLC (Vicksburg, MS)",15426,central,TLR,Birmingham,AL,2x6,,14.0,154.0,264.0909041641952,,
"Vicksburg Forest Products, LLC (Vicksburg, MS)",15426,central,TLR,Birmingham,AL,2x8,,8.0,53.333349999999996,219.0,,
"Vicksburg Forest Products, LLC (Vicksburg, MS)",15426,central,TLR,Birmingham,AL,2x8,,16.0,106.66665,219.0,,
"Vicksburg Forest Products, LLC (Vicksburg, MS)",15426,central,TLR,Birmingham,AL,2x8,,10.0,66.66665,219.0,,
"Vicksburg Forest Products, LLC (Vicksburg, MS)",15426,central,TLR,Birmingham,AL,2x8,,12.0,80.0,219.0,,
"Vicksburg Forest Products, LLC (Vicksburg, MS)",15426,central,TLR,Birmingham,AL,2x8,,14.0,93.33335,218.9999981026786,,
"Vicksburg Forest Products, LLC (Vicksburg, MS)",15426,central,TLR,Birmingham,AL,4x4,,16.0,42.66666,310.0334870634785,,
"Vicksburg Forest Products, LLC (Vicksburg, MS)",15426,central,TLR,Birmingham,AL,4x4,,10.0,26.66666,290.080379225062,,
"Vicksburg Forest Products, LLC (Vicksburg, MS)",15426,central,TLR,Birmingham,AL,4x4,,12.0,32.0,289.9999909465535,,
"Vicksburg Forest Products, LLC (Vicksburg, MS)",15426,central,TLR,Birmingham,AL,4x4,,14.0,18.66667,299.941141848146,,
"Vicksburg Forest Products, LLC (Vicksburg, MS)",15426,central,TLR,Birmingham,AL,4x6,,8.0,16.0,485.0,,
"Vicksburg Forest Products, LLC (Vicksburg, MS)",15426,central,TLR,Birmingham,AL,4x6,,16.0,32.0,375.0,,
"Victor Kropf (Pocahontas, AR)",374644,nan,Customer,Catoosa,OK,3x4,,8.0,16.0,418.14388652146454,,
"Victor Kropf (Pocahontas, AR)",374644,nan,Customer,Grapeland,TX,3x4,,8.0,8.0,433.2578125,,
"Victor Kropf (Pocahontas, AR)",374644,nan,Customer,Greeley,CO,3x4,,8.0,8.0,428.219755366162,,
"Victor Kropf (Pocahontas, AR)",374644,nan,Customer,Houston,TX,3x4,,8.0,8.0,428.219755366162,,
"Victor Kropf (Pocahontas, AR)",374644,nan,Customer,Jewett,TX,3x4,,8.0,24.0,425.5052083333333,,
"Victor Kropf (Pocahontas, AR)",374644,nan,Customer,Longview,TX,3x4,,8.0,16.0,418.14388652146454,,
"Victor Kropf (Pocahontas, AR)",374644,nan,Customer,Memphis,TN,3x4,,8.0,8.0,433.2578125,,
"Victor Kropf (Pocahontas, AR)",374644,nan,Customer,Monroe,LA,3x4,,8.0,16.0,433.2578125,,
"Victor Kropf (Pocahontas, AR)",374644,nan,Customer,Olive Branch,MS,3x4,,8.0,8.0,413.105981691919,,
"Victor Kropf (Pocahontas, AR)",374644,nan,Customer,Rhome,TX,3x4,,8.0,8.0,433.257891414141,,
"Victor Kropf (Pocahontas, AR)",374644,nan,Customer,Seguin,TX,3x4,,8.0,8.0,387.91682449495,,
"Victor Kropf (Pocahontas, AR)",374644,nan,TLR,Birmingham,AL,3x4,,8.0,8.0,400.0,,
"Victor Kropf (Pocahontas, AR)",374644,nan,TLR,Birmingham,AL,3x4,,,4.0,357.5,,
"Warren Timbers Company, LLC (Warren, AR)",375987,west,Customer,Auburn,KY,6x6,,10.0,90.0,343.6507936507937,,
"Warren Timbers Company, LLC (Warren, AR)",375987,west,Customer,Auburn,KY,6x6,,12.0,72.0,317.2587719298245,,
"Warren Timbers Company, LLC (Warren, AR)",375987,west,Customer,Auburn,KY,6x6,,14.0,42.0,268.333333333333,,
"Warren Timbers Company, LLC (Warren, AR)",375987,west,Customer,Bryan,TX,5x5,,8.0,133.33336,373.75,,
"Warren Timbers Company, LLC (Warren, AR)",375987,west,Customer,Bryan,TX,5x5,,16.0,66.66666,365.0,,
"Warren Timbers Company, LLC (Warren, AR)",375987,west,Customer,Bryan,TX,5x5,,10.0,124.99998,389.17432304551545,,
"Warren Timbers Company, LLC (Warren, AR)",375987,west,Customer,Bryan,TX,5x5,,12.0,100.0,352.500148148148,,
"Warren Timbers Company, LLC (Warren, AR)",375987,west,Customer,Bryan,TX,6x6,,8.0,72.0,468.3333333333333,,
"Warren Timbers Company, LLC (Warren, AR)",375987,west,Customer,Bryan,TX,6x6,,10.0,30.0,275.0,,
"Warren Timbers Company, LLC (Warren, AR)",375987,west,Customer,Bryan,TX,6x6,,12.0,108.0,368.33331127025434,,
"Warren Timbers Company, LLC (Warren, AR)",375987,west,Customer,Dallas,TX,4x4,,8.0,10.66667,400.0,,
"Warren Timbers Company, LLC (Warren, AR)",375987,west,Customer,Dallas,TX,4x4,,10.0,13.33333,400.051288626747,,
"Warren Timbers Company, LLC (Warren, AR)",375987,west,Customer,Dallas,TX,4x4,,12.0,16.0,400.0,,
"Warren Timbers Company, LLC (Warren, AR)",375987,west,Customer,Ennis,TX,5x5,,10.0,41.66666,352.52861245969996,,
"Warren Timbers Company, LLC (Warren, AR)",375987,west,Customer,Ennis,TX,5x5,,12.0,50.0,435.00030285714297,,
"Warren Timbers Company, LLC (Warren, AR)",375987,west,Customer,Florence,TX,6x6,,10.0,30.0,410.0,,
"Warren Timbers Company, LLC (Warren, AR)",375987,west,Customer,Mt Pleasant,TX,5x5,,8.0,33.33334,460.0,,
"Warren Timbers Company, LLC (Warren, AR)",375987,west,Customer,Schiller Park,IL,6x6,,12.0,72.0,390.5,,
"Warren Timbers Company, LLC (Warren, AR)",375987,west,Customer,South Bend,IN,5x5,,8.0,83.33335,427.0,,
"Warren Timbers Company, LLC (Warren, AR)",375987,west,Customer,West Union,OH,6x6,,10.0,60.0,365.0,,
"Warren Timbers Company, LLC (Warren, AR)",375987,west,TLR,Birmingham,AL,5x5,,8.0,16.66667,460.0,,
"Warren Timbers Company, LLC (Warren, AR)",375987,west,TLR,Birmingham,AL,5x5,,10.0,62.49999,398.3470855589194,,
"Wesley Hostetler (Emden, MO)",379369,nan,Customer,Saint Joseph,MO,3x4,,8.0,8.0,430.0,,
"West Fraser Mills Ltd (, )",15970,west,Customer,Jacksonville,TX,2x8,,16.0,21.33333,258.033936927772,,
"West Fraser Mills Ltd (Augusta, GA)",14334,east,Customer,Toccoa,GA,2x4,,,1.33333,175.007523932174,,
"West Fraser Mills Ltd (Dudley, GA)",14346,east,Customer,Townville,SC,2x4,,,1.33333,190.005859551068,,
"West Fraser Mills Ltd (Fairfax, SC)",377454,east,Customer,Eatonton,GA,16x4,,8.0,64.0,157.0,,
"West Fraser Mills Ltd (Fairfax, SC)",377454,east,Customer,Wellford,SC,16x4,,8.0,32.0,256.0,,
"West Fraser Mills Ltd (Joyce, LA)",14330,west,Customer,Bonham,TX,2x10,,8.0,13.33333,259.992016875659,,
"West Fraser Mills Ltd (Joyce, LA)",14330,west,Customer,Bonham,TX,2x10,,16.0,53.33334,260.03047288883045,,
"West Fraser Mills Ltd (Joyce, LA)",14330,west,Customer,Bonham,TX,2x10,,10.0,33.33334,260.0487509377345,,
"West Fraser Mills Ltd (Joyce, LA)",14330,west,Customer,Bonham,TX,2x10,,12.0,20.0,260.007916666667,,
"West Fraser Mills Ltd (Joyce, LA)",14330,west,Customer,Bonham,TX,2x10,,14.0,46.66666,260.0173586927405,,
"West Fraser Mills Ltd (Joyce, LA)",14330,west,Customer,Bryan,TX,2x10,,8.0,26.66666,250.0187609001405,,
"West Fraser Mills Ltd (Joyce, LA)",14330,west,Customer,Bryan,TX,2x10,,16.0,26.66667,249.981274900398,,
"West Fraser Mills Ltd (Joyce, LA)",14330,west,Customer,Bryan,TX,2x10,,10.0,16.66667,250.0,,
"West Fraser Mills Ltd (Joyce, LA)",14330,west,Customer,Bryan,TX,2x10,,12.0,40.0,250.0,,
"West Fraser Mills Ltd (Joyce, LA)",14330,west,Customer,Dallas,TX,2x8,,10.0,53.33332,318.013802682408,,
"West Fraser Mills Ltd (Joyce, LA)",14330,west,Customer,Jacksonville,TX,2x8,,8.0,32.00001,243.33333483870635,,
"West Fraser Mills Ltd (Joyce, LA)",14330,west,Customer,Jacksonville,TX,2x8,,16.0,42.66666,257.516643396434,,
"West Fraser Mills Ltd (Joyce, LA)",14330,west,Customer,Jacksonville,TX,2x8,,10.0,13.33333,270.10550996483,,
"West Fraser Mills Ltd (Joyce, LA)",14330,west,Customer,Jacksonville,TX,2x8,,14.0,37.33334,267.5,,
"West Fraser Mills Ltd (Joyce, LA)",14330,west,Customer,Port Neches,TX,2x8,,8.0,21.33334,285.0000008491845,,
"West Fraser Mills Ltd (Joyce, LA)",14330,west,Customer,Port Neches,TX,2x8,,12.0,16.0,335.0,,
"West Fraser Mills Ltd (Joyce, LA)",14330,west,Customer,Silsbee,TX,2x10,,10.0,16.66667,250.007687980499,,
"West Fraser Mills Ltd (Joyce, LA)",14330,west,Customer,Silsbee,TX,2x10,,12.0,20.0,250.00765625,,
"West Fraser Mills Ltd (Joyce, LA)",14330,west,Customer,Silsbee,TX,2x10,,14.0,23.33333,250.007607414551,,
"West Fraser Mills Ltd (Joyce, LA)",14330,west,Customer,Silsbee,TX,2x8,,18.0,24.0,295.0,,
"West Fraser Mills Ltd (Joyce, LA)",14330,west,Customer,Silsbee,TX,2x8,,20.0,26.66667,295.0,,
"West Fraser Mills Ltd (Joyce, LA)",14330,west,Customer,Walnut,MS,2x4,,10.0,6.66667,320.0,,
"West Fraser Mills Ltd (Leola, AR)",14333,west,Customer,Bryan,TX,2x6,,8.0,8.0,282.674853515625,,
"West Fraser Mills Ltd (Leola, AR)",14333,west,Customer,Bryan,TX,2x6,,16.0,16.0,282.674845377604,,
"West Fraser Mills Ltd (Leola, AR)",14333,west,Customer,Bryan,TX,2x6,,10.0,10.0,282.674837890625,,
"West Fraser Mills Ltd (Leola, AR)",14333,west,Customer,Bryan,TX,2x6,,12.0,12.0,282.674837239583,,
"West Fraser Mills Ltd (Leola, AR)",14333,west,Customer,Bryan,TX,2x6,,20.0,20.0,282.674837890625,,
"West Fraser Mills Ltd (Leola, AR)",14333,west,Customer,Jacksonville,TX,2x8,,8.0,10.66667,264.999980957031,,
"West Fraser Mills Ltd (Leola, AR)",14333,west,Customer,Jacksonville,TX,2x8,,16.0,21.33333,275.013428390058,,
"West Fraser Mills Ltd (Leola, AR)",14333,west,TLR,Birmingham,AL,2x10,,8.0,13.33333,260.0,,
"West Fraser Mills Ltd (Leola, AR)",14333,west,TLR,Birmingham,AL,2x10,,16.0,26.66667,260.0,,
"West Fraser Mills Ltd (Leola, AR)",14333,west,TLR,Birmingham,AL,2x10,,10.0,16.66667,260.0,,
"West Fraser Mills Ltd (Leola, AR)",14333,west,TLR,Birmingham,AL,2x10,,12.0,20.0,260.0,,
"West Fraser Mills Ltd (Leola, AR)",14333,west,TLR,Birmingham,AL,2x10,,14.0,23.33333,260.0,,
"West Fraser Mills Ltd (New Boston, TX)",14335,west,Customer,Bryan,TX,2x10,,8.0,159.99996,281.5638679971625,,
"West Fraser Mills Ltd (New Boston, TX)",14335,west,Customer,Bryan,TX,2x10,,16.0,240.00003,285.1672576479847,,
"West Fraser Mills Ltd (New Boston, TX)",14335,west,Customer,Bryan,TX,2x10,,10.0,183.33337,283.54443191876294,,
"West Fraser Mills Ltd (New Boston, TX)",14335,west,Customer,Bryan,TX,2x10,,12.0,220.0,283.5237708333333,,
"West Fraser Mills Ltd (New Boston, TX)",14335,west,Customer,Bryan,TX,2x10,,14.0,233.3333,284.6575835019256,,
"West Fraser Mills Ltd (New Boston, TX)",14335,west,Customer,Bryan,TX,2x12,,8.0,160.0,307.0896324055989,,
"West Fraser Mills Ltd (New Boston, TX)",14335,west,Customer,Bryan,TX,2x12,,16.0,288.0,304.15244552047164,,
"West Fraser Mills Ltd (New Boston, TX)",14335,west,Customer,Bryan,TX,2x12,,10.0,180.0,308.7255289145171,,
"West Fraser Mills Ltd (New Boston, TX)",14335,west,Customer,Bryan,TX,2x12,,12.0,240.0,307.089625922309,,
"West Fraser Mills Ltd (New Boston, TX)",14335,west,Customer,Bryan,TX,2x12,,14.0,112.0,311.3361569940472,,
"West Fraser Mills Ltd (New Boston, TX)",14335,west,Customer,Bryan,TX,2x6,,8.0,40.0,282.34182801649297,,
"West Fraser Mills Ltd (New Boston, TX)",14335,west,Customer,Bryan,TX,2x6,,16.0,80.0,282.34182226562496,,
"West Fraser Mills Ltd (New Boston, TX)",14335,west,Customer,Bryan,TX,2x6,,10.0,10.0,282.3366484375,,
"West Fraser Mills Ltd (New Boston, TX)",14335,west,Customer,Bryan,TX,2x6,,12.0,60.0,282.3418227213544,,
"West Fraser Mills Ltd (New Boston, TX)",14335,west,Customer,Bryan,TX,2x6,,14.0,70.0,282.3418139508928,,
"West Fraser Mills Ltd (New Boston, TX)",14335,west,Customer,Bryan,TX,2x8,,8.0,74.66669,281.6840100361879,,
"West Fraser Mills Ltd (New Boston, TX)",14335,west,Customer,Bryan,TX,2x8,,16.0,127.99998,278.64185500694015,,
"West Fraser Mills Ltd (New Boston, TX)",14335,west,Customer,Bryan,TX,2x8,,10.0,79.99998,285.32714657159846,,
"West Fraser Mills Ltd (New Boston, TX)",14335,west,Customer,Bryan,TX,2x8,,12.0,80.0,284.35759027777806,,
"West Fraser Mills Ltd (New Boston, TX)",14335,west,Customer,Bryan,TX,2x8,,14.0,93.33335,284.35759375,,
"West Fraser Mills Ltd (New Boston, TX)",14335,west,Customer,Conroe,TX,2x8,,8.0,10.66667,314.999985139266,,
"West Fraser Mills Ltd (New Boston, TX)",14335,west,Customer,Fort Worth,TX,2x10,,18.0,60.0,287.25,,
"West Fraser Mills Ltd (New Boston, TX)",14335,west,Customer,Hearne,TX,2x4,,8.0,5.33333,295.007653445167,,
"West Fraser Mills Ltd (New Boston, TX)",14335,west,Customer,Jacksonville,TX,2x8,,8.0,32.00001,306.6666558358363,,
"West Fraser Mills Ltd (New Boston, TX)",14335,west,Customer,Jacksonville,TX,2x8,,16.0,21.33333,275.067155067155,,
"West Fraser Mills Ltd (New Boston, TX)",14335,west,Customer,Saginaw,TX,2x6,,8.0,8.0,366.666666666667,,
"West Fraser Mills Ltd (New Boston, TX)",14335,west,Customer,Saginaw,TX,2x6,,10.0,10.0,284.999985839844,,
"West Fraser Mills Ltd (New Boston, TX)",14335,west,Customer,Silsbee,TX,2x10,,8.0,26.66666,267.5170279854305,,
"West Fraser Mills Ltd (New Boston, TX)",14335,west,Customer,Silsbee,TX,2x10,,16.0,26.66667,250.039594467886,,
"West Fraser Mills Ltd (New Boston, TX)",14335,west,Customer,Silsbee,TX,2x10,,10.0,16.66667,250.063765941485,,
"West Fraser Mills Ltd (New Boston, TX)",14335,west,Customer,Silsbee,TX,2x10,,14.0,23.33333,250.044650830505,,
"West Fraser Mills Ltd (New Boston, TX)",14335,west,Customer,Silsbee,TX,2x12,,8.0,16.0,270.0,,
"West Fraser Mills Ltd. (Henderson, TX)",14331,west,Customer,Ft Worth,TX,2x4,,10.0,6.66667,280.00016025641,,
"West Fraser Mills Ltd. (Henderson, TX)",14331,west,Customer,Hearne,TX,2x4,,8.0,5.33333,256.528729325076,,
"West Fraser Mills Ltd. (Henderson, TX)",14331,west,Customer,Henderson,TX,2x4,,8.0,5.33333,305.133420750697,,
"West Fraser Mills Ltd. (Henderson, TX)",14331,west,Customer,Henderson,TX,2x4,,10.0,6.66667,305.108399839744,,
"West Fraser Mills Ltd. (Henderson, TX)",14331,west,Customer,Henderson,TX,2x4,,14.0,9.33333,350.015024683408,,
"West Fraser Mills Ltd. (Huttig, AR)",14332,west,Customer,Bryan,TX,2x4,,8.0,21.33332,392.439607872596,,
"West Fraser Mills Ltd. (Huttig, AR)",14332,west,Customer,Bryan,TX,2x4,,16.0,42.66668,392.439607872596,,
"West Fraser Mills Ltd. (Huttig, AR)",14332,west,Customer,Bryan,TX,2x4,,10.0,26.66668,392.4637748255845,,
"West Fraser Mills Ltd. (Huttig, AR)",14332,west,Customer,Bryan,TX,2x4,,12.0,32.0,392.43959334935903,,
"West Fraser Mills Ltd. (Huttig, AR)",14332,west,Customer,Bryan,TX,2x4,,14.0,37.33332,392.43961109203303,,
"West Fraser Mills Ltd. (Huttig, AR)",14332,west,Customer,Bryan,TX,2x6,,8.0,16.0,312.3662467447915,,
"West Fraser Mills Ltd. (Huttig, AR)",14332,west,Customer,Bryan,TX,2x6,,16.0,48.0,312.3357347276473,,
"West Fraser Mills Ltd. (Huttig, AR)",14332,west,Customer,Bryan,TX,2x6,,10.0,30.0,312.33573480902766,,
"West Fraser Mills Ltd. (Huttig, AR)",14332,west,Customer,Bryan,TX,2x6,,12.0,36.0,312.3357345920137,,
"West Fraser Mills Ltd. (Huttig, AR)",14332,west,Customer,Bryan,TX,2x6,,14.0,14.0,312.395833333333,,
"West Fraser Mills Ltd. (Huttig, AR)",14332,west,Customer,Bryan,TX,2x8,,8.0,96.00003,340.158605360243,,
"West Fraser Mills Ltd. (Huttig, AR)",14332,west,Customer,Bryan,TX,2x8,,16.0,191.99997,340.16331561584997,,
"West Fraser Mills Ltd. (Huttig, AR)",14332,west,Customer,Bryan,TX,2x8,,10.0,106.66664,338.0124374470765,,
"West Fraser Mills Ltd. (Huttig, AR)",14332,west,Customer,Bryan,TX,2x8,,12.0,144.0,340.1586022738232,,
"West Fraser Mills Ltd. (Huttig, AR)",14332,west,Customer,Bryan,TX,2x8,,14.0,112.00002,339.87375049603185,,
"West Fraser Mills Ltd. (Mansfield, AR)",14336,west,Customer,Auburn,KY,4x6,,8.0,16.0,350.00001953125,,
"West Fraser Mills Ltd. (Mansfield, AR)",14336,west,Customer,Auburn,KY,4x6,,16.0,32.0,350.00001953125,,
"West Fraser Mills Ltd. (Mansfield, AR)",14336,west,Customer,Auburn,KY,4x6,,10.0,20.0,350.0,,
"West Fraser Mills Ltd. (Mansfield, AR)",14336,west,Customer,Auburn,KY,4x6,,12.0,24.0,262.5,,
"West Fraser Mills Ltd. (Mansfield, AR)",14336,west,Customer,Auburn,KY,4x6,,14.0,28.0,350.0,,
"West Fraser Mills Ltd. (Mansfield, AR)",14336,west,Customer,Auburn,KY,6x6,,8.0,24.0,325.0,,
"West Fraser Mills Ltd. (Mansfield, AR)",14336,west,Customer,Auburn,KY,6x6,,12.0,36.0,325.0,,
"West Fraser Mills Ltd. (Mansfield, AR)",14336,west,Customer,Bryan,TX,2x10,,8.0,13.33333,200.032817627754,,
"West Fraser Mills Ltd. (Mansfield, AR)",14336,west,Customer,Bryan,TX,2x10,,16.0,26.66667,200.0,,
"West Fraser Mills Ltd. (Mansfield, AR)",14336,west,Customer,Bryan,TX,2x10,,10.0,16.66667,200.013125820364,,
"West Fraser Mills Ltd. (Mansfield, AR)",14336,west,Customer,Bryan,TX,2x10,,12.0,20.0,200.0,,
"West Fraser Mills Ltd. (Mansfield, AR)",14336,west,Customer,Bryan,TX,2x10,,14.0,23.33333,200.018751674257,,
"West Fraser Mills Ltd. (Mansfield, AR)",14336,west,Customer,Bryan,TX,4x6,,8.0,48.0,366.6666666666667,,
"West Fraser Mills Ltd. (Mansfield, AR)",14336,west,Customer,Bryan,TX,4x6,,16.0,64.0,375.0,,
"West Fraser Mills Ltd. (Mansfield, AR)",14336,west,Customer,Bryan,TX,4x6,,,24.0,329.9999873046877,,
"West Fraser Mills Ltd. (Mansfield, AR)",14336,west,Customer,Bryan,TX,4x6,,6.0,36.0,330.0,,
"West Fraser Mills Ltd. (Mansfield, AR)",14336,west,Customer,Bryan,TX,4x6,,10.0,40.0,350.0,,
"West Fraser Mills Ltd. (Mansfield, AR)",14336,west,Customer,Bryan,TX,4x6,,12.0,48.0,374.9999813988095,,
"West Fraser Mills Ltd. (Mansfield, AR)",14336,west,Customer,Bryan,TX,4x6,,14.0,28.0,350.0,,
"West Fraser Mills Ltd. (Mansfield, AR)",14336,west,Customer,Bryan,TX,6x6,,8.0,48.0,400.000032552083,,
"West Fraser Mills Ltd. (Mansfield, AR)",14336,west,Customer,Bryan,TX,6x6,,16.0,96.0,400.000032552083,,
"West Fraser Mills Ltd. (Mansfield, AR)",14336,west,Customer,Bryan,TX,6x6,,,12.0,400.0,,
"West Fraser Mills Ltd. (Mansfield, AR)",14336,west,Customer,Bryan,TX,6x6,,6.0,18.0,399.999978298611,,
"West Fraser Mills Ltd. (Mansfield, AR)",14336,west,Customer,Bryan,TX,6x6,,10.0,60.0,400.0,,
"West Fraser Mills Ltd. (Mansfield, AR)",14336,west,Customer,Bryan,TX,6x6,,12.0,72.0,400.0,,
"West Fraser Mills Ltd. (Mansfield, AR)",14336,west,Customer,Bryan,TX,6x6,,14.0,84.0,399.999993799603,,
"West Fraser Mills Ltd. (Mansfield, AR)",14336,west,Customer,Crowley,TX,2x6,,8.0,16.0,239.9999951171875,,
"West Fraser Mills Ltd. (Mansfield, AR)",14336,west,Customer,Crowley,TX,2x6,,10.0,20.0,240.0,,
"West Fraser Mills Ltd. (Mansfield, AR)",14336,west,Customer,Crowley,TX,2x6,,12.0,24.0,222.85715076264898,,
"West Fraser Mills Ltd. (Mansfield, AR)",14336,west,Customer,Crowley,TX,2x6,,14.0,14.0,239.999987723214,,
"West Fraser Mills Ltd. (Mansfield, AR)",14336,west,Customer,Denison,TX,4x6,,14.0,28.0,475.0,,
"West Fraser Mills Ltd. (Mansfield, AR)",14336,west,Customer,Edinburg,TX,4x6,,16.0,32.0,350.0,,
"West Fraser Mills Ltd. (Mansfield, AR)",14336,west,Customer,Edinburg,TX,4x6,,10.0,20.0,350.0,,
"West Fraser Mills Ltd. (Mansfield, AR)",14336,west,Customer,Edinburg,TX,4x6,,12.0,24.0,350.0,,
"West Fraser Mills Ltd. (Mansfield, AR)",14336,west,Customer,Edinburg,TX,4x6,,14.0,112.0,400.00001250981154,,
"West Fraser Mills Ltd. (Mansfield, AR)",14336,west,Customer,Jacksonville,TX,2x8,,8.0,10.66667,313.043465098505,,
"West Fraser Mills Ltd. (Mansfield, AR)",14336,west,Customer,Park City,KS,4x4,,12.0,16.0,475.0,,
"West Fraser Mills Ltd. (Mansfield, AR)",14336,west,Customer,Pine Bluff,AR,4x6,,16.0,64.0,479.999949269481,,
"West Fraser Mills Ltd. (Mansfield, AR)",14336,west,Customer,Pine Bluff,AR,4x6,,14.0,28.0,475.0,,
"West Fraser Mills Ltd. (Mansfield, AR)",14336,west,Customer,Schiller Park,IL,2x10,,14.0,46.66666,305.013616679316,,
"West Fraser Mills Ltd. (Mansfield, AR)",14336,west,Customer,Silsbee,TX,2x10,,8.0,13.33333,220.0,,
"West Fraser Mills Ltd. (Mansfield, AR)",14336,west,Customer,Silsbee,TX,2x10,,16.0,26.66667,220.0515705579,,
"West Fraser Mills Ltd. (Mansfield, AR)",14336,west,Customer,Silsbee,TX,2x10,,,6.66667,200.005539930112,,
"West Fraser Mills Ltd. (Mansfield, AR)",14336,west,Customer,Silsbee,TX,2x10,,10.0,16.66667,220.0,,
"West Fraser Mills Ltd. (Mansfield, AR)",14336,west,Customer,Silsbee,TX,2x10,,12.0,20.0,220.0,,
"West Fraser Mills Ltd. (Mansfield, AR)",14336,west,Customer,Silsbee,TX,2x10,,14.0,23.33333,220.079903536977,,
"West Fraser Mills Ltd. (Mansfield, AR)",14336,west,Customer,Silsbee,TX,2x12,,8.0,16.0,245.0,,
"West Fraser Mills Ltd. (Mansfield, AR)",14336,west,Customer,Silsbee,TX,2x12,,16.0,32.0,245.0,,
"West Fraser Mills Ltd. (Mansfield, AR)",14336,west,Customer,Silsbee,TX,2x12,,10.0,20.0,245.0,,
"West Fraser Mills Ltd. (Mansfield, AR)",14336,west,Customer,Silsbee,TX,2x12,,12.0,24.0,245.0,,
"West Fraser Mills Ltd. (Mansfield, AR)",14336,west,Customer,Silsbee,TX,2x12,,14.0,28.0,245.0,,
"West Fraser Mills Ltd. (Mansfield, AR)",14336,west,Customer,Silsbee,TX,2x8,,8.0,53.333349999999996,246.99999277343758,,
"West Fraser Mills Ltd. (Mansfield, AR)",14336,west,Customer,Silsbee,TX,2x8,,16.0,127.99998,234.20656535065552,,
"West Fraser Mills Ltd. (Mansfield, AR)",14336,west,Customer,Silsbee,TX,2x8,,10.0,79.99998,234.2375229943885,,
"West Fraser Mills Ltd. (Mansfield, AR)",14336,west,Customer,Silsbee,TX,2x8,,12.0,96.0,200.62499502676516,,
"West Fraser Mills Ltd. (Mansfield, AR)",14336,west,Customer,Silsbee,TX,2x8,,14.0,112.00002,234.16666666666666,,
"West Fraser Mills Ltd. (Mansfield, AR)",14336,west,Customer,Silsbee,TX,2x8,,18.0,72.0,268.3333333333333,,
"West Fraser Mills Ltd. (Mansfield, AR)",14336,west,Customer,Silsbee,TX,2x8,,20.0,80.00001,268.3333333333333,,
"West Fraser Mills Ltd. (Mansfield, AR)",14336,west,Customer,Somerset,KY,2x6,,8.0,8.0,240.0,,
"West Fraser Mills Ltd. (Mansfield, AR)",14336,west,Customer,Somerset,KY,2x6,,10.0,10.0,200.0,,
"West Fraser Mills Ltd. (Mansfield, AR)",14336,west,Customer,Somerset,KY,2x6,,12.0,12.0,240.0,,
"West Fraser Mills Ltd. (Mansfield, AR)",14336,west,Customer,Stephens,AR,4x6,,16.0,32.0,375.0,,
"West Fraser Mills Ltd. (Mansfield, AR)",14336,west,Customer,Stephens,AR,4x6,,10.0,20.0,375.0,,
"West Fraser Mills Ltd. (Mansfield, AR)",14336,west,Customer,Stephens,AR,4x6,,12.0,24.0,375.0,,
"West Fraser Mills Ltd. (Mansfield, AR)",14336,west,Customer,Stephens,AR,4x6,,14.0,84.0,432.97619047619037,,
"West Fraser Mills Ltd. (Mansfield, AR)",14336,west,Customer,Waco,TX,2x8,,8.0,21.33334,170.0,,
"West Fraser Mills Ltd. (Mansfield, AR)",14336,west,Customer,Waco,TX,2x8,,16.0,42.66666,170.041514041514,,
"West Fraser Mills Ltd. (Mansfield, AR)",14336,west,Customer,Waco,TX,2x8,,10.0,26.66666,170.026566651039,,
"West Fraser Mills Ltd. (Mansfield, AR)",14336,west,Customer,Waco,TX,2x8,,12.0,32.0,170.0,,
"West Fraser Mills Ltd. (Mansfield, AR)",14336,west,Customer,Waco,TX,2x8,,14.0,37.33334,170.0,,
"West Fraser Mills Ltd. (Mansfield, AR)",14336,west,Customer,West Union,OH,6x6,,16.0,96.0,325.0,,
"West Fraser Mills Ltd. (Mansfield, AR)",14336,west,Customer,West Union,OH,6x6,,12.0,36.0,325.0,,
"West Fraser Mills Ltd. (Mansfield, AR)",14336,west,Customer,West Union,OH,6x6,,14.0,42.0,325.000014880952,,
"West Fraser Mills Ltd. (Mansfield, AR)",14336,west,Customer,,,2x8,,8.0,21.33334,170.0,,
"West Fraser Mills Ltd. (Mansfield, AR)",14336,west,Customer,,,2x8,,16.0,42.66666,170.041514041514,,
"West Fraser Mills Ltd. (Mansfield, AR)",14336,west,Customer,,,2x8,,10.0,26.66666,170.026566651039,,
"West Fraser Mills Ltd. (Mansfield, AR)",14336,west,Customer,,,2x8,,12.0,32.0,170.0,,
"West Fraser Mills Ltd. (Mansfield, AR)",14336,west,Customer,,,2x8,,14.0,37.33334,170.0,,
"West Fraser Mills Ltd. (Mansfield, AR)",14336,west,Customer,,,4x6,,14.0,28.0,445.0,,
"West Fraser Mills Ltd. (Mansfield, AR)",14336,west,Customer,,,6x6,,10.0,30.0,308.75,,
"West Fraser Mills Ltd. (Maplesville, AL)",14337,central,Customer,Haleyville,AL,2x6,,16.0,16.0,285.0,,
"West Fraser Mills Ltd. (Maplesville, AL)",14337,central,Customer,Haleyville,AL,2x6,,12.0,12.0,285.000015190972,,
"West Fraser Mills Ltd. (Maplesville, AL)",14337,central,Customer,Haleyville,AL,2x6,,14.0,14.0,285.000016741071,,
"West Fraser Mills Ltd. (Maplesville, AL)",14337,central,Customer,Middleton,TN,2x6,,8.0,8.0,264.999980893342,,
"West Fraser Mills Ltd. (Maplesville, AL)",14337,central,TLR,Birmingham,AL,2x8,,8.0,10.66667,345.0,,
"West Fraser Mills Ltd. (Maplesville, AL)",14337,central,TLR,Birmingham,AL,2x8,,10.0,39.99999,331.6666666666667,,
"West Fraser Mills Ltd. (Maplesville, AL)",14337,central,TLR,Birmingham,AL,2x8,,12.0,32.0,325.0,,
"West Fraser Mills Ltd. (Maplesville, AL)",14337,central,TLR,Birmingham,AL,2x8,,14.0,18.66667,305.0,,
"West Fraser Mills Ltd. (Mc David, FL)",14338,central,Customer,Jacksonville,FL,2x4,,6.0,4.0,233.333333333333,,
"West Fraser Mills Ltd. (Newberry, SC)",14344,east,Customer,Ridgeway,VA,2x6,,8.0,24.0,324.999985988451,,
"West Fraser Mills Ltd. (Newberry, SC)",14344,east,Customer,Ridgeway,VA,2x6,,10.0,10.0,360.000043402778,,
"West Fraser Mills Ltd. (Opelika, AL)",14339,central,Customer,Haleyville,AL,2x6,,16.0,16.0,285.0,,
"West Fraser Mills Ltd. (Opelika, AL)",14339,central,Customer,Haleyville,AL,2x6,,12.0,12.0,285.0,,
"West Fraser Mills Ltd. (Opelika, AL)",14339,central,Customer,Haleyville,AL,2x6,,14.0,14.0,285.0,,
"West Fraser Mills Ltd. (Opelika, AL)",14339,central,Customer,Middleton,TN,2x6,,8.0,8.0,264.999980893342,,
"West Fraser Mills Ltd. (Opelika, AL)",14339,central,Customer,Middleton,TN,2x6,,10.0,10.0,313.0,,
"West Fraser Mills Ltd. (Opelika, AL)",14339,central,Customer,Ranburne,AL,2x8,,8.0,21.33334,300.0,,
"West Fraser Mills Ltd. (Opelika, AL)",14339,central,Customer,Ranburne,AL,2x8,,10.0,13.33333,325.01410651504,,
"West Fraser Mills Ltd. (Opelika, AL)",14339,central,Customer,Ranburne,AL,2x8,,12.0,32.0,312.5,,
"West Fraser Mills Ltd. (Opelika, AL)",14339,central,Customer,,,2x8,,8.0,10.66667,239.99998938519,,
"West Fraser Mills Ltd. (Opelika, AL)",14339,central,TLR,Birmingham,AL,2x6,,8.0,16.0,340.0,,
"West Fraser Mills Ltd. (Opelika, AL)",14339,central,TLR,Birmingham,AL,2x6,,16.0,32.0,340.0,,
"West Fraser Mills Ltd. (Opelika, AL)",14339,central,TLR,Birmingham,AL,2x6,,10.0,20.0,340.0,,
"West Fraser Mills Ltd. (Opelika, AL)",14339,central,TLR,Birmingham,AL,2x6,,12.0,24.0,339.999982638889,,
"West Fraser Mills Ltd. (Opelika, AL)",14339,central,TLR,Birmingham,AL,2x6,,14.0,28.0,340.0,,
"West Fraser Mills Ltd. (Russellville, AR)",14341,west,Customer,Bryan,TX,4x4,,8.0,10.66667,400.0,,
"West Fraser Mills Ltd. (Russellville, AR)",14341,west,Customer,Bryan,TX,4x4,,10.0,13.33333,400.0,,
"West Fraser Mills Ltd. (Russellville, AR)",14341,west,Customer,Bryan,TX,4x4,,12.0,16.0,399.999963541667,,
"West Fraser Mills Ltd. (Russellville, AR)",14341,west,Customer,Bryan,TX,4x6,,16.0,32.0,400.0,,
"West Fraser Mills Ltd. (Russellville, AR)",14341,west,Customer,Bryan,TX,4x6,,10.0,20.0,400.0,,
"West Fraser Mills Ltd. (Russellville, AR)",14341,west,Customer,Bryan,TX,4x6,,12.0,24.0,399.999963541667,,
"West Fraser Mills Ltd. (Russellville, AR)",14341,west,Customer,Bryan,TX,4x6,,14.0,28.0,400.0,,
"West Fraser Mills Ltd. (Russellville, AR)",14341,west,Customer,Des Plaines,IL,4x4,,12.0,16.0,350.0,,
"West Fraser Mills Ltd. (Russellville, AR)",14341,west,Customer,Des Plaines,IL,4x4,,14.0,18.66667,312.666653486395,,
"West Fraser Mills Ltd. (Russellville, AR)",14341,west,Customer,Haleyville,AL,4x6,,16.0,128.0,415.0,,
"West Fraser Mills Ltd. (Russellville, AR)",14341,west,Customer,Jacksonville,TX,2x8,,8.0,10.66667,265.0,,
"West Fraser Mills Ltd. (Russellville, AR)",14341,west,Customer,Jacksonville,TX,2x8,,16.0,21.33333,275.067155067155,,
"West Fraser Mills Ltd. (Russellville, AR)",14341,west,Customer,Jacksonville,TX,2x8,,10.0,13.33333,275.071633237822,,
"West Fraser Mills Ltd. (Russellville, AR)",14341,west,Customer,Jacksonville,TX,2x8,,12.0,16.0,275.0,,
"West Fraser Mills Ltd. (Russellville, AR)",14341,west,Customer,Jacksonville,TX,2x8,,14.0,18.66667,274.999988839286,,
"West Fraser Mills Ltd. (Russellville, AR)",14341,west,Customer,Oklahoma City,OK,2x6,,20.0,20.0,335.0,,
"West Fraser Mills Ltd. (Russellville, AR)",14341,west,Customer,Pine Bluff,AR,4x6,,14.0,28.0,435.0,,
"West Fraser Mills Ltd. (Russellville, AR)",14341,west,Customer,Stephens,AR,4x6,,8.0,16.0,540.0,,
"West Fraser Mills Ltd. (Russellville, AR)",14341,west,Customer,Stephens,AR,4x6,,16.0,32.0,555.0,,
"West Fraser Mills Ltd. (Russellville, AR)",14341,west,Customer,Stephens,AR,4x6,,10.0,40.0,499.999974569515,,
"West Fraser Mills Ltd. (Russellville, AR)",14341,west,Customer,Stephens,AR,4x6,,14.0,56.0,480.0,,
"West Fraser Mills Ltd. (Russellville, AR)",14341,west,Customer,Tuscumbia,AL,6x6,,8.0,24.0,325.0,,
"West Fraser Mills Ltd. (Russellville, AR)",14341,west,Customer,Tuscumbia,AL,6x6,,16.0,48.0,300.000013563368,,
"West Fraser Mills Ltd. (Russellville, AR)",14341,west,Customer,Tuscumbia,AL,6x6,,12.0,108.0,300.0000091507523,,
"West Fraser Mills Ltd. (Russellville, AR)",14341,west,Customer,West Union,OH,6x6,,12.0,36.0,290.0,,
"West Fraser Mills Ltd. (Russellville, AR)",14341,west,Customer,Wichita,KS,4x4,,16.0,21.33333,500.093023255814,,
"West Fraser Mills Ltd. (Russellville, AR)",14341,west,Customer,Wichita,KS,4x4,,12.0,32.0,430.0,,
"West Fraser Mills Ltd. (Russellville, AR)",14341,west,Customer,Wichita,KS,4x4,,18.0,24.0,485.0,,
"West Fraser Mills Ltd. (Russellville, AR)",14341,west,Customer,Wichita,KS,4x4,,20.0,26.66667,585.0,,
"West Fraser Timber Co, Ltd - 57 (Lanett, AL)",7737,central,Customer,Brent,AL,16x4,,8.0,32.0,136.0,,
"West Fraser Timber Co, Ltd - 57 (Lanett, AL)",7737,central,Customer,Bryan,TX,16x4,,8.0,64.0,201.99990152310897,,
"West Fraser Timber Co, Ltd - 57 (Lanett, AL)",7737,central,Customer,Eatonton,GA,16x4,,8.0,64.0,150.0,,
"West Fraser Timber Co, Ltd - 57 (Lanett, AL)",7737,central,Customer,Golden,MS,16x4,,8.0,32.0,292.00003282563,,
"West Fraser Timber Co, Ltd - 57 (Lanett, AL)",7737,central,Customer,Moore,SC,16x4,,8.0,32.0,150.0,,
"West Fraser Timber Co, Ltd - 57 (Lanett, AL)",7737,central,TLR,Birmingham,AL,16x4,,8.0,64.0,280.0,,
"West Fraser Timber Co, Ltd - 62 (Jefferson, TX)",1059,west,Customer,Edinburg,TX,16x4,,8.0,32.0,266.0,,
"Westervelt Lumber Division (Moundville, AL)",8801,central,Customer,Acworth,GA,2x4,,8.0,10.66666,370.0357802296995,,
"Westervelt Lumber Division (Moundville, AL)",8801,central,Customer,Acworth,GA,2x4,,16.0,10.66667,370.0,,
"Westervelt Lumber Division (Moundville, AL)",8801,central,Customer,Acworth,GA,2x4,,10.0,20.00001,379.9096124190933,,
"Westervelt Lumber Division (Moundville, AL)",8801,central,Customer,Acworth,GA,2x4,,12.0,24.0,343.3333333333333,,
"Westervelt Lumber Division (Moundville, AL)",8801,central,Customer,Ashland City,TN,2x4,,12.0,8.0,300.0,,
"Westervelt Lumber Division (Moundville, AL)",8801,central,Customer,Auburn,KY,4x5,,8.0,16.0,300.0,,
"Westervelt Lumber Division (Moundville, AL)",8801,central,Customer,Auburn,KY,4x5,,16.0,32.0,300.0,,
"Westervelt Lumber Division (Moundville, AL)",8801,central,Customer,Auburn,KY,4x5,,10.0,60.0,300.0,,
"Westervelt Lumber Division (Moundville, AL)",8801,central,Customer,Auburn,KY,4x5,,12.0,48.0,300.00000543272847,,
"Westervelt Lumber Division (Moundville, AL)",8801,central,Customer,Auburn,KY,4x5,,14.0,84.0,283.3333333333333,,
"Westervelt Lumber Division (Moundville, AL)",8801,central,Customer,Auburn,KY,6x6,,8.0,120.0,265.99999930555555,,
"Westervelt Lumber Division (Moundville, AL)",8801,central,Customer,Auburn,KY,6x6,,16.0,192.0,306.25000347222226,,
"Westervelt Lumber Division (Moundville, AL)",8801,central,Customer,Auburn,KY,6x6,,10.0,150.0,312.0,,
"Westervelt Lumber Division (Moundville, AL)",8801,central,Customer,Auburn,KY,6x6,,12.0,180.0,305.0000002572016,,
"Westervelt Lumber Division (Moundville, AL)",8801,central,Customer,Auburn,KY,6x6,,14.0,84.0,325.0,,
"Westervelt Lumber Division (Moundville, AL)",8801,central,Customer,Beloit,WI,2x4,,8.0,10.66666,339.912470487229,,
"Westervelt Lumber Division (Moundville, AL)",8801,central,Customer,Birmingham,AL,2x4,,8.0,5.33333,369.900117191021,,
"Westervelt Lumber Division (Moundville, AL)",8801,central,Customer,Bryan,TX,2x10,,8.0,13.33333,224.929709465792,,
"Westervelt Lumber Division (Moundville, AL)",8801,central,Customer,Bryan,TX,2x10,,16.0,26.66667,225.0,,
"Westervelt Lumber Division (Moundville, AL)",8801,central,Customer,Bryan,TX,2x10,,10.0,16.66667,225.014063378961,,
"Westervelt Lumber Division (Moundville, AL)",8801,central,Customer,Bryan,TX,2x10,,12.0,20.0,225.0,,
"Westervelt Lumber Division (Moundville, AL)",8801,central,Customer,Bryan,TX,2x10,,14.0,23.33333,225.0,,
"Westervelt Lumber Division (Moundville, AL)",8801,central,Customer,Bryan,TX,4x6,,,4.0,250.0,,
"Westervelt Lumber Division (Moundville, AL)",8801,central,Customer,Bullard,TX,2x12,,8.0,16.0,270.0,,
"Westervelt Lumber Division (Moundville, AL)",8801,central,Customer,Bullard,TX,2x12,,16.0,32.0,270.0,,
"Westervelt Lumber Division (Moundville, AL)",8801,central,Customer,Bullard,TX,2x12,,10.0,20.0,270.0,,
"Westervelt Lumber Division (Moundville, AL)",8801,central,Customer,Bullard,TX,2x12,,12.0,24.0,270.000015190972,,
"Westervelt Lumber Division (Moundville, AL)",8801,central,Customer,Bullard,TX,2x12,,14.0,28.0,270.0,,
"Westervelt Lumber Division (Moundville, AL)",8801,central,Customer,Centreville,AL,2x4,,8.0,5.33333,399.897016527152,,
"Westervelt Lumber Division (Moundville, AL)",8801,central,Customer,Chickamauga,GA,2x4,,8.0,5.33333,144.960966375192,,
"Westervelt Lumber Division (Moundville, AL)",8801,central,Customer,Columbus,MS,2x4,,,1.33333,99.9741575445374,,
"Westervelt Lumber Division (Moundville, AL)",8801,central,Customer,Crossville,TN,2x4,,8.0,5.33333,249.954922466643,,
"Westervelt Lumber Division (Moundville, AL)",8801,central,Customer,Crossville,TN,4x4,,16.0,21.33333,325.0,,
"Westervelt Lumber Division (Moundville, AL)",8801,central,Customer,Crossville,TN,4x4,,10.0,13.33333,325.0,,
"Westervelt Lumber Division (Moundville, AL)",8801,central,Customer,Crossville,TN,4x4,,12.0,16.0,325.0,,
"Westervelt Lumber Division (Moundville, AL)",8801,central,Customer,Crossville,TN,4x4,,14.0,18.66667,325.191401648999,,
"Westervelt Lumber Division (Moundville, AL)",8801,central,Customer,Cullman,AL,2x10,,8.0,26.66666,205.04320987654302,,
"Westervelt Lumber Division (Moundville, AL)",8801,central,Customer,Cullman,AL,2x10,,16.0,80.00001,211.65063772022367,,
"Westervelt Lumber Division (Moundville, AL)",8801,central,Customer,Cullman,AL,2x10,,10.0,16.66667,224.957074817176,,
"Westervelt Lumber Division (Moundville, AL)",8801,central,Customer,Cullman,AL,2x10,,12.0,40.0,225.0,,
"Westervelt Lumber Division (Moundville, AL)",8801,central,Customer,Duluth,GA,2x4,,10.0,6.66667,419.803987612947,,
"Westervelt Lumber Division (Moundville, AL)",8801,central,Customer,East Point,GA,2x6,,8.0,16.0,264.999994574653,,
"Westervelt Lumber Division (Moundville, AL)",8801,central,Customer,East Point,GA,2x6,,16.0,32.0,265.0,,
"Westervelt Lumber Division (Moundville, AL)",8801,central,Customer,East Point,GA,2x6,,10.0,20.0,265.0,,
"Westervelt Lumber Division (Moundville, AL)",8801,central,Customer,East Point,GA,2x6,,12.0,24.0,265.0,,
"Westervelt Lumber Division (Moundville, AL)",8801,central,Customer,East Point,GA,2x6,,14.0,14.0,315.0,,
"Westervelt Lumber Division (Moundville, AL)",8801,central,Customer,East Point,GA,4x6,,,4.0,250.0,,
"Westervelt Lumber Division (Moundville, AL)",8801,central,Customer,Ennis,TX,4x6,,,4.0,250.0,,
"Westervelt Lumber Division (Moundville, AL)",8801,central,Customer,Flintville,TN,2x12,,8.0,16.0,254.999990234375,,
"Westervelt Lumber Division (Moundville, AL)",8801,central,Customer,Flintville,TN,2x12,,16.0,96.0,235.0,,
"Westervelt Lumber Division (Moundville, AL)",8801,central,Customer,Flintville,TN,2x12,,10.0,40.0,225.0,,
"Westervelt Lumber Division (Moundville, AL)",8801,central,Customer,Flintville,TN,2x12,,12.0,72.0,235.000005787037,,
"Westervelt Lumber Division (Moundville, AL)",8801,central,Customer,Flintville,TN,2x12,,14.0,84.0,234.99999683779765,,
"Westervelt Lumber Division (Moundville, AL)",8801,central,Customer,Flintville,TN,2x4,,8.0,5.33333,239.935274497431,,
"Westervelt Lumber Division (Moundville, AL)",8801,central,Customer,Fort Payne,AL,2x4,,8.0,5.33333,214.941663211034,,
"Westervelt Lumber Division (Moundville, AL)",8801,central,Customer,Ft Worth,TX,2x6,,10.0,10.0,159.999993489583,,
"Westervelt Lumber Division (Moundville, AL)",8801,central,Customer,Haleyville,AL,2x4,,12.0,8.0,300.0,,
"Westervelt Lumber Division (Moundville, AL)",8801,central,Customer,Houston,TX,1x6,,,1.0,145.0,,
"Westervelt Lumber Division (Moundville, AL)",8801,central,Customer,Houston,TX,1x8,,,1.33333,145.006743245129,,
"Westervelt Lumber Division (Moundville, AL)",8801,central,Customer,Houston,TX,4x6,,,2.5,121.9922880208335,,
"Westervelt Lumber Division (Moundville, AL)",8801,central,Customer,Iuka,MS,2x4,,,1.33333,134.961078877279,,
"Westervelt Lumber Division (Moundville, AL)",8801,central,Customer,Iuka,MS,4x4,,,2.66667,225.084480659361,,
"Westervelt Lumber Division (Moundville, AL)",8801,central,Customer,Jacksonville,TX,2x8,,8.0,10.66667,220.0,,
"Westervelt Lumber Division (Moundville, AL)",8801,central,Customer,Jacksonville,TX,2x8,,16.0,21.33333,220.053724053724,,
"Westervelt Lumber Division (Moundville, AL)",8801,central,Customer,Jacksonville,TX,2x8,,12.0,16.0,220.0,,
"Westervelt Lumber Division (Moundville, AL)",8801,central,Customer,LaGrange,GA,4x6,,,22.5,236.0888888888889,,
"Westervelt Lumber Division (Moundville, AL)",8801,central,Customer,Markleville,IN,4x4,,,2.66667,225.084480659361,,
"Westervelt Lumber Division (Moundville, AL)",8801,central,Customer,Nashville,TN,2x4,,8.0,5.33333,349.899610735505,,
"Westervelt Lumber Division (Moundville, AL)",8801,central,Customer,Northport,AL,2x4,,8.0,42.66664,265.62397076984234,,
"Westervelt Lumber Division (Moundville, AL)",8801,central,Customer,Northport,AL,2x4,,16.0,42.66668,317.0980994591345,,
"Westervelt Lumber Division (Moundville, AL)",8801,central,Customer,Northport,AL,2x4,,10.0,40.00002,263.3668157821675,,
"Westervelt Lumber Division (Moundville, AL)",8801,central,Customer,Northport,AL,2x4,,12.0,56.0,255.00000008585155,,
"Westervelt Lumber Division (Moundville, AL)",8801,central,Customer,Northport,AL,2x4,,14.0,18.66666,255.01631461446,,
"Westervelt Lumber Division (Moundville, AL)",8801,central,Customer,Northport,AL,2x6,,8.0,32.0,220.1401240176245,,
"Westervelt Lumber Division (Moundville, AL)",8801,central,Customer,Northport,AL,2x6,,16.0,80.0,213.82638240559882,,
"Westervelt Lumber Division (Moundville, AL)",8801,central,Customer,Northport,AL,2x6,,10.0,30.0,236.37730815972236,,
"Westervelt Lumber Division (Moundville, AL)",8801,central,Customer,Northport,AL,2x6,,12.0,60.0,233.10184809027777,,
"Westervelt Lumber Division (Moundville, AL)",8801,central,Customer,Northport,AL,2x6,,14.0,14.0,144.565987723214,,
"Westervelt Lumber Division (Moundville, AL)",8801,central,Customer,Oklahoma City,OK,2x12,,8.0,16.0,254.999990234375,,
"Westervelt Lumber Division (Moundville, AL)",8801,central,Customer,Oklahoma City,OK,2x12,,16.0,32.0,255.0,,
"Westervelt Lumber Division (Moundville, AL)",8801,central,Customer,Oklahoma City,OK,2x12,,10.0,20.0,255.0,,
"Westervelt Lumber Division (Moundville, AL)",8801,central,Customer,Oklahoma City,OK,2x12,,12.0,24.0,255.000017361111,,
"Westervelt Lumber Division (Moundville, AL)",8801,central,Customer,Ranburne,AL,2x12,,8.0,48.0,218.33332914806533,,
"Westervelt Lumber Division (Moundville, AL)",8801,central,Customer,Ranburne,AL,2x12,,16.0,128.0,215.0,,
"Westervelt Lumber Division (Moundville, AL)",8801,central,Customer,Ranburne,AL,2x12,,10.0,80.0,215.0,,
"Westervelt Lumber Division (Moundville, AL)",8801,central,Customer,Ranburne,AL,2x12,,12.0,48.0,227.5,,
"Westervelt Lumber Division (Moundville, AL)",8801,central,Customer,Ranburne,AL,2x12,,14.0,56.0,227.4999935825895,,
"Westervelt Lumber Division (Moundville, AL)",8801,central,Customer,Ranburne,AL,4x6,,8.0,16.0,510.0,,
"Westervelt Lumber Division (Moundville, AL)",8801,central,Customer,Ranburne,AL,4x6,,16.0,64.0,500.0,,
"Westervelt Lumber Division (Moundville, AL)",8801,central,Customer,Ripley,TN,2x4,,8.0,5.33333,345.0625676163,,
"Westervelt Lumber Division (Moundville, AL)",8801,central,Customer,Ripley,TN,2x4,,16.0,10.66667,345.000450721154,,
"Westervelt Lumber Division (Moundville, AL)",8801,central,Customer,Ripley,TN,2x4,,10.0,6.66667,345.0625676163,,
"Westervelt Lumber Division (Moundville, AL)",8801,central,Customer,Ripley,TN,2x4,,12.0,8.0,345.000450721154,,
"Westervelt Lumber Division (Moundville, AL)",8801,central,Customer,Selmer,TN,2x4,,8.0,5.33333,145.0,,
"Westervelt Lumber Division (Moundville, AL)",8801,central,Customer,Selmer,TN,2x4,,16.0,10.66667,145.016339869281,,
"Westervelt Lumber Division (Moundville, AL)",8801,central,Customer,Selmer,TN,2x4,,10.0,6.66667,145.026144969347,,
"Westervelt Lumber Division (Moundville, AL)",8801,central,Customer,Selmer,TN,2x4,,14.0,9.33333,145.024901253649,,
"Westervelt Lumber Division (Moundville, AL)",8801,central,Customer,Sikeston,MO,2x4,,10.0,6.66667,309.855427819964,,
"Westervelt Lumber Division (Moundville, AL)",8801,central,Customer,Sikeston,MO,2x4,,12.0,8.0,315.0,,
"Westervelt Lumber Division (Moundville, AL)",8801,central,Customer,Silsbee,TX,2x10,,16.0,26.66667,246.65703125,,
"Westervelt Lumber Division (Moundville, AL)",8801,central,Customer,Silsbee,TX,2x10,,10.0,16.66667,185.0,,
"Westervelt Lumber Division (Moundville, AL)",8801,central,Customer,Silsbee,TX,2x10,,12.0,20.0,185.0,,
"Westervelt Lumber Division (Moundville, AL)",8801,central,Customer,Silsbee,TX,2x10,,14.0,23.33333,185.016519332083,,
"Westervelt Lumber Division (Moundville, AL)",8801,central,Customer,Somerset,KY,2x8,,8.0,10.66667,245.0,,
"Westervelt Lumber Division (Moundville, AL)",8801,central,Customer,Somerset,KY,2x8,,16.0,21.33333,245.029910877793,,
"Westervelt Lumber Division (Moundville, AL)",8801,central,Customer,Somerset,KY,2x8,,10.0,13.33333,245.063818702787,,
"Westervelt Lumber Division (Moundville, AL)",8801,central,Customer,Somerset,KY,2x8,,12.0,16.0,245.0,,
"Westervelt Lumber Division (Moundville, AL)",8801,central,Customer,Somerset,KY,2x8,,14.0,18.66667,245.0,,
"Westervelt Lumber Division (Moundville, AL)",8801,central,Customer,Somerset,KY,4x5,,10.0,20.0,300.0,,
"Westervelt Lumber Division (Moundville, AL)",8801,central,Customer,Somerset,KY,4x5,,14.0,28.0,349.999983465608,,
"Westervelt Lumber Division (Moundville, AL)",8801,central,Customer,Somerset,KY,4x6,,14.0,28.0,465.0,,
"Westervelt Lumber Division (Moundville, AL)",8801,central,Customer,Tipp City,OH,2x8,,8.0,32.00001,233.333329861111,,
"Westervelt Lumber Division (Moundville, AL)",8801,central,Customer,Tipp City,OH,2x8,,16.0,63.99999,233.35798440667668,,
"Westervelt Lumber Division (Moundville, AL)",8801,central,Customer,Tipp City,OH,2x8,,10.0,53.33332,212.53601067135025,,
"Westervelt Lumber Division (Moundville, AL)",8801,central,Customer,Tipp City,OH,2x8,,12.0,48.0,233.33332638888865,,
"Westervelt Lumber Division (Moundville, AL)",8801,central,Customer,Tipp City,OH,2x8,,14.0,56.00001,233.33333333333334,,
"Westervelt Lumber Division (Moundville, AL)",8801,central,Customer,Tuscumbia,AL,4x6,,16.0,32.0,475.0,,
"Westervelt Lumber Division (Moundville, AL)",8801,central,Customer,Walnut,MS,2x4,,10.0,6.66667,309.850987980769,,
"Westervelt Lumber Division (Moundville, AL)",8801,central,Customer,West Union,OH,4x5,,8.0,32.0,361.590909090909,,
"Westervelt Lumber Division (Moundville, AL)",8801,central,Customer,West Union,OH,4x5,,16.0,32.0,148.0,,
"Westervelt Lumber Division (Moundville, AL)",8801,central,Customer,West Union,OH,4x5,,12.0,48.0,357.6666666666665,,
"Westervelt Lumber Division (Moundville, AL)",8801,central,Customer,West Union,OH,4x5,,14.0,168.0,311.952380952381,,
"Westervelt Lumber Division (Moundville, AL)",8801,central,Customer,West Union,OH,6x6,,8.0,96.0,300.00000238715273,,
"Westervelt Lumber Division (Moundville, AL)",8801,central,Customer,West Union,OH,6x6,,16.0,288.0,287.4999993851275,,
"Westervelt Lumber Division (Moundville, AL)",8801,central,Customer,West Union,OH,6x6,,10.0,60.0,300.0,,
"Westervelt Lumber Division (Moundville, AL)",8801,central,Customer,West Union,OH,6x6,,12.0,72.0,308.8235294117645,,
"Westervelt Lumber Division (Moundville, AL)",8801,central,Customer,West Union,OH,6x6,,14.0,42.0,300.0,,
"Westervelt Lumber Division (Moundville, AL)",8801,central,Customer,Whiteville,TN,4x5,,8.0,16.0,299.999986020924,,
"Westervelt Lumber Division (Moundville, AL)",8801,central,Customer,,,2x6,,8.0,8.0,200.0,,
"Westervelt Lumber Division (Moundville, AL)",8801,central,Customer,,,2x6,,16.0,16.0,200.0,,
"Westervelt Lumber Division (Moundville, AL)",8801,central,Customer,,,2x6,,10.0,10.0,200.0,,
"Westervelt Lumber Division (Moundville, AL)",8801,central,Customer,,,2x6,,12.0,12.0,199.999990017361,,
"Westervelt Lumber Division (Moundville, AL)",8801,central,Customer,,,2x6,,14.0,14.0,200.0,,
"Westervelt Lumber Division (Moundville, AL)",8801,central,Customer,,,4x5,,12.0,24.0,299.99998818972,,
"Westervelt Lumber Division (Moundville, AL)",8801,central,TLR,Birmingham,AL,2x10,,8.0,106.66664,228.750017446396,,
"Westervelt Lumber Division (Moundville, AL)",8801,central,TLR,Birmingham,AL,2x10,,16.0,186.66669,224.28421475144745,,
"Westervelt Lumber Division (Moundville, AL)",8801,central,TLR,Birmingham,AL,2x10,,10.0,150.00003,222.22680997557256,,
"Westervelt Lumber Division (Moundville, AL)",8801,central,TLR,Birmingham,AL,2x10,,12.0,160.0,225.625,,
"Westervelt Lumber Division (Moundville, AL)",8801,central,TLR,Birmingham,AL,2x10,,14.0,116.66665,222.0016075733676,,
"Westervelt Lumber Division (Moundville, AL)",8801,central,TLR,Birmingham,AL,2x12,,8.0,32.0,210.000005533854,,
"Westervelt Lumber Division (Moundville, AL)",8801,central,TLR,Birmingham,AL,2x12,,16.0,64.0,255.0,,
"Westervelt Lumber Division (Moundville, AL)",8801,central,TLR,Birmingham,AL,2x12,,10.0,60.0,260.0,,
"Westervelt Lumber Division (Moundville, AL)",8801,central,TLR,Birmingham,AL,2x12,,12.0,48.0,255.0,,
"Westervelt Lumber Division (Moundville, AL)",8801,central,TLR,Birmingham,AL,2x12,,14.0,56.0,254.9999928850445,,
"Westervelt Lumber Division (Moundville, AL)",8801,central,TLR,Birmingham,AL,2x4,,8.0,5.33333,290.021786492375,,
"Westervelt Lumber Division (Moundville, AL)",8801,central,TLR,Birmingham,AL,2x4,,12.0,8.0,290.000021033654,,
"Westervelt Lumber Division (Moundville, AL)",8801,central,TLR,Birmingham,AL,2x6,,8.0,16.0,310.0,,
"Westervelt Lumber Division (Moundville, AL)",8801,central,TLR,Birmingham,AL,2x6,,16.0,32.0,320.0,,
"Westervelt Lumber Division (Moundville, AL)",8801,central,TLR,Birmingham,AL,2x6,,10.0,10.0,320.0,,
"Westervelt Lumber Division (Moundville, AL)",8801,central,TLR,Birmingham,AL,2x6,,12.0,12.0,320.0,,
"Westervelt Lumber Division (Moundville, AL)",8801,central,TLR,Birmingham,AL,2x8,,8.0,21.33334,295.0,,
"Westervelt Lumber Division (Moundville, AL)",8801,central,TLR,Birmingham,AL,2x8,,16.0,85.33332,285.0,,
"Westervelt Lumber Division (Moundville, AL)",8801,central,TLR,Birmingham,AL,2x8,,10.0,26.66666,275.0,,
"Westervelt Lumber Division (Moundville, AL)",8801,central,TLR,Birmingham,AL,2x8,,12.0,32.0,295.0,,
"Westervelt Lumber Division (Moundville, AL)",8801,central,TLR,Birmingham,AL,2x8,,14.0,18.66667,295.0,,
"Westervelt Lumber Division (Moundville, AL)",8801,central,TLR,Birmingham,AL,4x4,,8.0,10.66667,375.0,,
"Westervelt Lumber Division (Moundville, AL)",8801,central,TLR,Birmingham,AL,4x4,,,2.66667,224.996475627609,,
"Westervelt Lumber Division (Moundville, AL)",8801,central,TLR,Birmingham,AL,4x5,,8.0,64.0,350.0,,
"Westervelt Lumber Division (Moundville, AL)",8801,central,TLR,Birmingham,AL,4x5,,16.0,32.0,350.0,,
"Westervelt Lumber Division (Moundville, AL)",8801,central,TLR,Birmingham,AL,4x5,,10.0,40.0,350.0,,
"Westervelt Lumber Division (Moundville, AL)",8801,central,TLR,Birmingham,AL,4x5,,12.0,24.0,350.0,,
"Westervelt Lumber Division (Moundville, AL)",8801,central,TLR,Birmingham,AL,4x6,,8.0,32.0,440.0,,
"Westervelt Lumber Division (Thomasville, AL)",373367,central,Customer,Atlanta,GA,2x4,,8.0,5.33333,289.925305859627,,
"Westervelt Lumber Division (Thomasville, AL)",373367,central,Customer,Atlanta,GA,2x4,,16.0,10.66667,290.065359477124,,
"Westervelt Lumber Division (Thomasville, AL)",373367,central,Customer,Atlanta,GA,2x4,,10.0,6.66667,290.104579877389,,
"Westervelt Lumber Division (Thomasville, AL)",373367,central,Customer,Atlanta,GA,2x4,,12.0,8.0,290.000018028846,,
"Westervelt Lumber Division (Thomasville, AL)",373367,central,Customer,Columbus,MS,2x4,,,2.66666,99.9729559181466,,
"Westervelt Lumber Division (Thomasville, AL)",373367,central,Customer,East Point,GA,2x4,,8.0,15.99999,346.632182143215,,
"Westervelt Lumber Division (Thomasville, AL)",373367,central,Customer,East Point,GA,2x4,,16.0,10.66667,345.051832932692,,
"Westervelt Lumber Division (Thomasville, AL)",373367,central,Customer,East Point,GA,2x4,,10.0,20.00001,345.09661956931296,,
"Westervelt Lumber Division (Thomasville, AL)",373367,central,Customer,East Point,GA,2x4,,12.0,16.0,345.000399639423,,
"Westervelt Lumber Division (Thomasville, AL)",373367,central,Customer,East Point,GA,2x6,,8.0,16.0,260.000214111328,,
"Westervelt Lumber Division (Thomasville, AL)",373367,central,Customer,East Point,GA,2x6,,16.0,32.0,201.25,,
"Westervelt Lumber Division (Thomasville, AL)",373367,central,Customer,East Point,GA,2x6,,10.0,20.0,260.00022734375,,
"Westervelt Lumber Division (Thomasville, AL)",373367,central,Customer,East Point,GA,2x6,,12.0,12.0,210.0,,
"Westervelt Lumber Division (Thomasville, AL)",373367,central,Customer,East Point,GA,2x6,,14.0,14.0,210.0,,
"Westervelt Lumber Division (Thomasville, AL)",373367,central,Customer,Hutchins,TX,2x4,,6.0,4.0,195.0,,
"Westervelt Lumber Division (Thomasville, AL)",373367,central,Customer,Jacksonville,TX,2x8,,8.0,10.66667,220.000012872869,,
"Westervelt Lumber Division (Thomasville, AL)",373367,central,Customer,Lincoln,AL,2x4,,12.0,8.0,330.0,,
"Westervelt Lumber Division (Thomasville, AL)",373367,central,Customer,Middleton,TN,2x4,,8.0,15.99999,319.91619054125835,,
"Westervelt Lumber Division (Thomasville, AL)",373367,central,Customer,Northport,AL,2x4,,8.0,15.99999,339.9726424404487,,
"Westervelt Lumber Division (Thomasville, AL)",373367,central,Customer,Northport,AL,2x4,,16.0,32.00001,340.0609606957487,,
"Westervelt Lumber Division (Thomasville, AL)",373367,central,Customer,Northport,AL,2x4,,10.0,20.00001,340.095309440562,,
"Westervelt Lumber Division (Thomasville, AL)",373367,central,Customer,Northport,AL,2x4,,12.0,24.0,340.02013221153834,,
"Westervelt Lumber Division (Thomasville, AL)",373367,central,Customer,Northport,AL,2x4,,14.0,9.33333,365.000463678516,,
"Westervelt Lumber Division (Thomasville, AL)",373367,central,Customer,Pottsville,AR,2x4,,18.0,12.0,97.0,,
"Westervelt Lumber Division (Thomasville, AL)",373367,central,Customer,Pottsville,AR,2x4,,20.0,13.33333,412.9630397548,,
"Westervelt Lumber Division (Thomasville, AL)",373367,central,Customer,Schiller Park,IL,2x4,,8.0,10.66666,344.90907868589454,,
"Westervelt Lumber Division (Thomasville, AL)",373367,central,Customer,Selmer,TN,2x4,,8.0,5.33333,294.920039664653,,
"Westervelt Lumber Division (Thomasville, AL)",373367,central,Customer,Selmer,TN,2x4,,16.0,10.66667,295.066049132297,,
"Westervelt Lumber Division (Thomasville, AL)",373367,central,Customer,Selmer,TN,2x4,,10.0,6.66667,295.10598629643,,
"Westervelt Lumber Division (Thomasville, AL)",373367,central,Customer,Selmer,TN,2x4,,12.0,8.0,295.0,,
"Westervelt Lumber Division (Thomasville, AL)",373367,central,Customer,Somerset,KY,2x4,,8.0,5.33333,365.164990982867,,
"Westervelt Lumber Division (Thomasville, AL)",373367,central,Customer,Somerset,KY,2x4,,16.0,21.33334,365.0332071205305,,
"Westervelt Lumber Division (Thomasville, AL)",373367,central,Customer,Somerset,KY,2x4,,10.0,6.66667,365.000480769231,,
"Westervelt Lumber Division (Thomasville, AL)",373367,central,Customer,Somerset,KY,2x4,,12.0,8.0,365.000400641026,,
"Westervelt Lumber Division (Thomasville, AL)",373367,central,Customer,Somerset,KY,2x4,,14.0,9.33333,365.094538897476,,
"Westervelt Lumber Division (Thomasville, AL)",373367,central,Customer,,,2x6,,8.0,8.0,200.0,,
"Westervelt Lumber Division (Thomasville, AL)",373367,central,Customer,,,2x6,,10.0,10.0,200.0,,
"Westervelt Lumber Division (Thomasville, AL)",373367,central,Customer,,,2x6,,12.0,12.0,199.999990017361,,
"Westervelt Lumber Division (Thomasville, AL)",373367,central,Customer,,,2x8,,8.0,10.66667,150.0,,
"Westervelt Lumber Division (Thomasville, AL)",373367,central,Customer,,,2x8,,16.0,21.33333,150.018312782322,,
"Westervelt Lumber Division (Thomasville, AL)",373367,central,Customer,,,2x8,,10.0,13.33333,150.039072675176,,
"Westervelt Lumber Division (Thomasville, AL)",373367,central,Customer,,,2x8,,12.0,16.0,150.0,,
"Westervelt Lumber Division (Thomasville, AL)",373367,central,Customer,,,2x8,,14.0,18.66667,149.99998828125,,
"Westervelt Lumber Division (Thomasville, AL)",373367,central,TLR,Birmingham,AL,2x6,,8.0,8.0,235.0,,
"Westervelt Lumber Division (Thomasville, AL)",373367,central,TLR,Birmingham,AL,2x6,,16.0,16.0,235.0,,
"Westervelt Lumber Division (Thomasville, AL)",373367,central,TLR,Birmingham,AL,2x6,,10.0,10.0,235.0,,
"Westervelt Lumber Division (Thomasville, AL)",373367,central,TLR,Birmingham,AL,2x6,,12.0,12.0,235.0,,
"Westervelt Lumber Division (Thomasville, AL)",373367,central,TLR,Birmingham,AL,2x6,,14.0,14.0,235.0,,
"Westervelt Lumber Division (Thomasville, AL)",373367,central,TLR,Birmingham,AL,2x8,,,2.66667,145.0,,
"Weyerhaeuser NR Company (Bruce, MS)",14312,central,Customer,Acworth,GA,2x4,,8.0,26.66665,334.3657037492318,,
"Weyerhaeuser NR Company (Bruce, MS)",14312,central,Customer,Arcola,IL,2x12,,8.0,16.0,215.0,,
"Weyerhaeuser NR Company (Bruce, MS)",14312,central,Customer,Armorel,AR,2x4,,8.0,5.33333,304.999987297685,,
"Weyerhaeuser NR Company (Bruce, MS)",14312,central,Customer,Baytown,TX,2x4,,14.0,9.33333,285.012234385061,,
"Weyerhaeuser NR Company (Bruce, MS)",14312,central,Customer,Birmingham,AL,2x4,,10.0,6.66667,314.99998838141,,
"Weyerhaeuser NR Company (Bruce, MS)",14312,central,Customer,Bolivar,TN,2x6,,8.0,24.0,166.66666666666666,,
"Weyerhaeuser NR Company (Bruce, MS)",14312,central,Customer,Bonham,TX,2x8,,16.0,21.33333,245.010875837883,,
"Weyerhaeuser NR Company (Bruce, MS)",14312,central,Customer,Brazil,IN,2x12,,8.0,112.0,239.68496142156684,,
"Weyerhaeuser NR Company (Bruce, MS)",14312,central,Customer,Brazil,IN,2x12,,16.0,96.0,233.61140136718734,,
"Weyerhaeuser NR Company (Bruce, MS)",14312,central,Customer,Brazil,IN,2x12,,10.0,20.0,205.0,,
"Weyerhaeuser NR Company (Bruce, MS)",14312,central,Customer,Brazil,IN,2x12,,12.0,72.0,233.61140697337964,,
"Weyerhaeuser NR Company (Bruce, MS)",14312,central,Customer,Brazil,IN,2x12,,14.0,28.0,205.0,,
"Weyerhaeuser NR Company (Bruce, MS)",14312,central,Customer,Brazil,IN,2x8,,8.0,64.00002,256.2347637426403,,
"Weyerhaeuser NR Company (Bruce, MS)",14312,central,Customer,Brazil,IN,2x8,,10.0,13.33333,210.082048847206,,
"Weyerhaeuser NR Company (Bruce, MS)",14312,central,Customer,Brazil,IN,2x8,,12.0,48.0,215.00000651041668,,
"Weyerhaeuser NR Company (Bruce, MS)",14312,central,Customer,Brazil,IN,2x8,,14.0,18.66667,210.0,,
"Weyerhaeuser NR Company (Bruce, MS)",14312,central,Customer,Bryan,TX,2x10,,6.0,10.0,175.0,,
"Weyerhaeuser NR Company (Bruce, MS)",14312,central,Customer,Bryan,TX,2x12,,,8.0,181.603260719709,,
"Weyerhaeuser NR Company (Bruce, MS)",14312,central,Customer,Bryan,TX,2x8,,,5.33334,181.6742181396485,,
"Weyerhaeuser NR Company (Bruce, MS)",14312,central,Customer,Bryan,TX,2x8,,6.0,8.0,220.0,,
"Weyerhaeuser NR Company (Bruce, MS)",14312,central,Customer,Carrollton,MO,2x4,,18.0,12.0,390.0,,
"Weyerhaeuser NR Company (Bruce, MS)",14312,central,Customer,Catoosa,OK,2x4,,16.0,10.66667,284.999983200164,,
"Weyerhaeuser NR Company (Bruce, MS)",14312,central,Customer,Chatsworth,IL,2x4,,,2.66667,150.0,,
"Weyerhaeuser NR Company (Bruce, MS)",14312,central,Customer,Chickamauga,GA,2x4,,6.0,4.0,159.999994612069,,
"Weyerhaeuser NR Company (Bruce, MS)",14312,central,Customer,Coal Valley,IL,2x4,,14.0,9.33333,290.012449023396,,
"Weyerhaeuser NR Company (Bruce, MS)",14312,central,Customer,Columbus,MS,2x4,,,99.99974999999999,144.30839467078798,,
"Weyerhaeuser NR Company (Bruce, MS)",14312,central,Customer,Corinth,MS,2x4,,8.0,5.33333,270.0,,
"Weyerhaeuser NR Company (Bruce, MS)",14312,central,Customer,Corinth,MS,2x4,,10.0,6.66667,279.999983974359,,
"Weyerhaeuser NR Company (Bruce, MS)",14312,central,Customer,Crossville,TN,2x4,,8.0,10.66666,354.51561375854,,
"Weyerhaeuser NR Company (Bruce, MS)",14312,central,Customer,Crossville,TN,2x6,,12.0,24.0,357.0,,
"Weyerhaeuser NR Company (Bruce, MS)",14312,central,Customer,Cullman,AL,2x10,,8.0,106.66664,224.42750306831087,,
"Weyerhaeuser NR Company (Bruce, MS)",14312,central,Customer,Cullman,AL,2x10,,16.0,106.66668,236.67091178211126,,
"Weyerhaeuser NR Company (Bruce, MS)",14312,central,Customer,Cullman,AL,2x10,,12.0,100.0,236.39950275,,
"Weyerhaeuser NR Company (Bruce, MS)",14312,central,Customer,Dallas,TX,2x4,,,5.33334,201.1385902479,,
"Weyerhaeuser NR Company (Bruce, MS)",14312,central,Customer,Dallas,TX,2x6,,8.0,8.0,290.0,,
"Weyerhaeuser NR Company (Bruce, MS)",14312,central,Customer,Duluth,GA,2x4,,8.0,15.99999,175.0,,
"Weyerhaeuser NR Company (Bruce, MS)",14312,central,Customer,Eatonton,GA,2x4,,18.0,48.0,307.99678125,,
"Weyerhaeuser NR Company (Bruce, MS)",14312,central,Customer,Flintville,TN,2x10,,,6.66667,224.999987343552,,
"Weyerhaeuser NR Company (Bruce, MS)",14312,central,Customer,Flintville,TN,2x12,,8.0,32.0,265.0,,
"Weyerhaeuser NR Company (Bruce, MS)",14312,central,Customer,Flintville,TN,2x12,,10.0,20.0,279.999973958333,,
"Weyerhaeuser NR Company (Bruce, MS)",14312,central,Customer,Flintville,TN,2x12,,12.0,24.0,279.999986979167,,
"Weyerhaeuser NR Company (Bruce, MS)",14312,central,Customer,Flintville,TN,2x12,,14.0,28.0,280.0,,
"Weyerhaeuser NR Company (Bruce, MS)",14312,central,Customer,Fort Payne,AL,2x4,,8.0,5.33333,235.009210629458,,
"Weyerhaeuser NR Company (Bruce, MS)",14312,central,Customer,Grabill,IN,2x10,,8.0,79.99998,197.50583289027983,,
"Weyerhaeuser NR Company (Bruce, MS)",14312,central,Customer,Grabill,IN,2x10,,16.0,53.33334,212.50531467898298,,
"Weyerhaeuser NR Company (Bruce, MS)",14312,central,Customer,Houston,TX,2x8,,16.0,21.33333,285.012651484885,,
"Weyerhaeuser NR Company (Bruce, MS)",14312,central,Customer,Hutchins,TX,2x4,,6.0,8.0,330.0,,
"Weyerhaeuser NR Company (Bruce, MS)",14312,central,Customer,Jacksonville,TX,2x6,,8.0,8.0,300.0,,
"Weyerhaeuser NR Company (Bruce, MS)",14312,central,Customer,Jacksonville,TX,2x8,,8.0,266.66675,263.14479481738096,,
"Weyerhaeuser NR Company (Bruce, MS)",14312,central,Customer,Jacksonville,TX,2x8,,16.0,234.66663,268.6020219413158,,
"Weyerhaeuser NR Company (Bruce, MS)",14312,central,Customer,Jacksonville,TX,2x8,,10.0,93.33331,242.61712655227,,
"Weyerhaeuser NR Company (Bruce, MS)",14312,central,Customer,Jacksonville,TX,2x8,,12.0,208.0,276.36630893082776,,
"Weyerhaeuser NR Company (Bruce, MS)",14312,central,Customer,Jacksonville,TX,2x8,,14.0,130.66669,255.2406911670917,,
"Weyerhaeuser NR Company (Bruce, MS)",14312,central,Customer,Jewett,TX,2x4,,,2.66667,335.0,,
"Weyerhaeuser NR Company (Bruce, MS)",14312,central,Customer,Katy,TX,2x4,,14.0,9.33333,308.759175788796,,
"Weyerhaeuser NR Company (Bruce, MS)",14312,central,Customer,La Vergne,TN,2x6,,20.0,40.0,350.634548611111,,
"Weyerhaeuser NR Company (Bruce, MS)",14312,central,Customer,Markleville,IN,2x10,,,6.66667,215.713372538993,,
"Weyerhaeuser NR Company (Bruce, MS)",14312,central,Customer,Markleville,IN,2x6,,,4.0,206.178655315897,,
"Weyerhaeuser NR Company (Bruce, MS)",14312,central,Customer,Marysville,OH,2x4,,16.0,10.66667,300.0,,
"Weyerhaeuser NR Company (Bruce, MS)",14312,central,Customer,Mc Intyre,GA,2x4,,6.0,4.0,251.785714285714,,
"Weyerhaeuser NR Company (Bruce, MS)",14312,central,Customer,Mc Intyre,GA,2x8,,12.0,32.0,265.0,,
"Weyerhaeuser NR Company (Bruce, MS)",14312,central,Customer,Middleton,TN,2x4,,8.0,79.99995,332.50206704566267,,
"Weyerhaeuser NR Company (Bruce, MS)",14312,central,Customer,Middleton,TN,2x6,,8.0,56.0,257.8571342439827,,
"Weyerhaeuser NR Company (Bruce, MS)",14312,central,Customer,Middleton,TN,2x6,,12.0,12.0,200.0,,
"Weyerhaeuser NR Company (Bruce, MS)",14312,central,Customer,Milroy,IN,2x4,,,17.333299999999998,214.75038837060367,,
"Weyerhaeuser NR Company (Bruce, MS)",14312,central,Customer,Milroy,IN,2x4,,6.0,4.0,131.999612522894,,
"Weyerhaeuser NR Company (Bruce, MS)",14312,central,Customer,Montgomery,AL,2x6,,10.0,10.0,210.0,,
"Weyerhaeuser NR Company (Bruce, MS)",14312,central,Customer,Nevada,TX,2x4,,8.0,5.33333,325.01273810457,,
"Weyerhaeuser NR Company (Bruce, MS)",14312,central,Customer,Porter,OK,2x4,,8.0,10.66666,252.49999364884252,,
"Weyerhaeuser NR Company (Bruce, MS)",14312,central,Customer,Prichard,AL,2x4,,8.0,5.33333,254.999987297685,,
"Weyerhaeuser NR Company (Bruce, MS)",14312,central,Customer,Princeville,IL,2x4,,10.0,6.66667,295.030393570987,,
"Weyerhaeuser NR Company (Bruce, MS)",14312,central,Customer,Princeville,IL,2x4,,18.0,12.0,295.0,,
"Weyerhaeuser NR Company (Bruce, MS)",14312,central,Customer,Ranburne,AL,2x12,,8.0,48.0,225.00000325520833,,
"Weyerhaeuser NR Company (Bruce, MS)",14312,central,Customer,Ranburne,AL,2x12,,16.0,32.0,234.999985351563,,
"Weyerhaeuser NR Company (Bruce, MS)",14312,central,Customer,Ranburne,AL,2x12,,12.0,24.0,235.0,,
"Weyerhaeuser NR Company (Bruce, MS)",14312,central,Customer,Ranburne,AL,2x8,,8.0,96.00003,255.62198088862468,,
"Weyerhaeuser NR Company (Bruce, MS)",14312,central,Customer,Ranburne,AL,2x8,,16.0,42.66666,280.03335648693496,,
"Weyerhaeuser NR Company (Bruce, MS)",14312,central,Customer,Ranburne,AL,2x8,,10.0,26.66666,260.36676217765046,,
"Weyerhaeuser NR Company (Bruce, MS)",14312,central,Customer,Ranburne,AL,2x8,,12.0,48.0,260.19926378038167,,
"Weyerhaeuser NR Company (Bruce, MS)",14312,central,Customer,Ranburne,AL,2x8,,14.0,56.00001,278.5326140873017,,
"Weyerhaeuser NR Company (Bruce, MS)",14312,central,Customer,Ringgold,GA,2x4,,8.0,5.33333,175.0,,
"Weyerhaeuser NR Company (Bruce, MS)",14312,central,Customer,Ringgold,GA,2x4,,16.0,10.66667,259.098340503995,,
"Weyerhaeuser NR Company (Bruce, MS)",14312,central,Customer,Saginaw,TX,2x4,,8.0,10.66666,331.0,,
"Weyerhaeuser NR Company (Bruce, MS)",14312,central,Customer,Schiller Park,IL,2x12,,16.0,32.0,260.0,,
"Weyerhaeuser NR Company (Bruce, MS)",14312,central,Customer,Schiller Park,IL,2x6,,8.0,8.0,310.0,,
"Weyerhaeuser NR Company (Bruce, MS)",14312,central,Customer,Selmer,TN,2x4,,,5.33334,162.5,,
"Weyerhaeuser NR Company (Bruce, MS)",14312,central,Customer,Shepherdsville,KY,2x4,,8.0,5.33333,240.009406600298,,
"Weyerhaeuser NR Company (Bruce, MS)",14312,central,Customer,Silsbee,TX,2x10,,6.0,10.0,175.0,,
"Weyerhaeuser NR Company (Bruce, MS)",14312,central,Customer,Silsbee,TX,2x10,,10.0,16.66667,225.0,,
"Weyerhaeuser NR Company (Bruce, MS)",14312,central,Customer,Silsbee,TX,2x10,,12.0,20.0,220.0,,
"Weyerhaeuser NR Company (Bruce, MS)",14312,central,Customer,Silsbee,TX,2x12,,8.0,16.0,251.888427734375,,
"Weyerhaeuser NR Company (Bruce, MS)",14312,central,Customer,Silsbee,TX,2x12,,16.0,32.0,251.889404296875,,
"Weyerhaeuser NR Company (Bruce, MS)",14312,central,Customer,Silsbee,TX,2x12,,12.0,24.0,251.888429361979,,
"Weyerhaeuser NR Company (Bruce, MS)",14312,central,Customer,Silsbee,TX,2x12,,14.0,28.0,251.888420758929,,
"Weyerhaeuser NR Company (Bruce, MS)",14312,central,Customer,Silsbee,TX,2x4,,8.0,10.66666,175.0,,
"Weyerhaeuser NR Company (Bruce, MS)",14312,central,Customer,Silsbee,TX,2x6,,8.0,8.0,160.0,,
"Weyerhaeuser NR Company (Bruce, MS)",14312,central,Customer,Somerset,KY,2x10,,,6.66667,175.016407275455,,
"Weyerhaeuser NR Company (Bruce, MS)",14312,central,Customer,Somerset,KY,2x8,,,5.33333,220.01652768387,,
"Weyerhaeuser NR Company (Bruce, MS)",14312,central,Customer,Tipp City,OH,2x8,,8.0,10.66667,285.869415039062,,
"Weyerhaeuser NR Company (Bruce, MS)",14312,central,Customer,Tipp City,OH,2x8,,16.0,21.33333,285.904285191063,,
"Weyerhaeuser NR Company (Bruce, MS)",14312,central,Customer,Tipp City,OH,2x8,,10.0,13.33333,285.925180699355,,
"Weyerhaeuser NR Company (Bruce, MS)",14312,central,Customer,Tipp City,OH,2x8,,12.0,16.0,285.869466145833,,
"Weyerhaeuser NR Company (Bruce, MS)",14312,central,Customer,Toledo,OH,2x4,,8.0,10.66666,254.999987297685,,
"Weyerhaeuser NR Company (Bruce, MS)",14312,central,Customer,Townville,SC,2x4,,8.0,21.33332,297.509723355584,,
"Weyerhaeuser NR Company (Bruce, MS)",14312,central,Customer,Townville,SC,2x4,,16.0,21.33334,306.822372464659,,
"Weyerhaeuser NR Company (Bruce, MS)",14312,central,Customer,Townville,SC,2x4,,,26.6666,182.06949541716494,,
"Weyerhaeuser NR Company (Bruce, MS)",14312,central,Customer,Townville,SC,2x4,,10.0,6.66667,315.000016826923,,
"Weyerhaeuser NR Company (Bruce, MS)",14312,central,Customer,Tuscumbia,AL,2x8,,8.0,32.00001,291.6666666666667,,
"Weyerhaeuser NR Company (Bruce, MS)",14312,central,Customer,Tuscumbia,AL,2x8,,16.0,21.33333,300.07326007326,,
"Weyerhaeuser NR Company (Bruce, MS)",14312,central,Customer,Tuscumbia,AL,2x8,,10.0,53.33332,296.34233630986574,,
"Weyerhaeuser NR Company (Bruce, MS)",14312,central,Customer,Tuscumbia,AL,2x8,,12.0,64.0,299.999997043186,,
"Weyerhaeuser NR Company (Bruce, MS)",14312,central,Customer,Tuscumbia,AL,2x8,,14.0,18.66667,300.0,,
"Weyerhaeuser NR Company (Bruce, MS)",14312,central,Customer,Wichita,KS,2x4,,18.0,12.0,235.0,,
"Weyerhaeuser NR Company (Bruce, MS)",14312,central,Customer,Wichita,KS,2x6,,16.0,16.0,296.337878011068,,
"Weyerhaeuser NR Company (Bruce, MS)",14312,central,Customer,Wichita,KS,2x8,,10.0,13.33333,228.772321515773,,
"Weyerhaeuser NR Company (Bruce, MS)",14312,central,Customer,Wichita,KS,2x8,,12.0,32.0,304.999995768229,,
"Weyerhaeuser NR Company (Bruce, MS)",14312,central,Customer,,,2x12,,,8.0,206.178655315897,,
"Weyerhaeuser NR Company (Bruce, MS)",14312,central,Customer,,,2x4,,8.0,5.33333,250.915795943454,,
"Weyerhaeuser NR Company (Bruce, MS)",14312,central,Customer,,,2x4,,16.0,10.66667,285.000450734698,,
"Weyerhaeuser NR Company (Bruce, MS)",14312,central,Customer,,,2x4,,6.0,4.0,162.666666666667,,
"Weyerhaeuser NR Company (Bruce, MS)",14312,central,Customer,,,2x4,,14.0,9.33333,285.000367944661,,
"Weyerhaeuser NR Company (Bruce, MS)",14312,central,Customer,,,2x8,,8.0,10.66667,229.999988536005,,
"Weyerhaeuser NR Company (Bruce, MS)",14312,central,Customer,,,2x8,,,5.33333,206.187409876438,,
"Weyerhaeuser NR Company (Bruce, MS)",14312,central,TLR,Birmingham,AL,2x10,,8.0,119.99997,220.78113509357277,,
"Weyerhaeuser NR Company (Bruce, MS)",14312,central,TLR,Birmingham,AL,2x10,,16.0,133.33335,239.8526476415032,,
"Weyerhaeuser NR Company (Bruce, MS)",14312,central,TLR,Birmingham,AL,2x10,,,13.33334,177.501278499889,,
"Weyerhaeuser NR Company (Bruce, MS)",14312,central,TLR,Birmingham,AL,2x10,,10.0,16.66667,290.921243344582,,
"Weyerhaeuser NR Company (Bruce, MS)",14312,central,TLR,Birmingham,AL,2x10,,12.0,140.0,238.422693452381,,
"Weyerhaeuser NR Company (Bruce, MS)",14312,central,TLR,Birmingham,AL,2x10,,14.0,139.99998,230.65443095967566,,
"Weyerhaeuser NR Company (Bruce, MS)",14312,central,TLR,Birmingham,AL,2x12,,8.0,32.0,306.11235473632803,,
"Weyerhaeuser NR Company (Bruce, MS)",14312,central,TLR,Birmingham,AL,2x12,,,12.0,180.5256453804345,,
"Weyerhaeuser NR Company (Bruce, MS)",14312,central,TLR,Birmingham,AL,2x12,,10.0,20.0,293.133680555556,,
"Weyerhaeuser NR Company (Bruce, MS)",14312,central,TLR,Birmingham,AL,2x12,,12.0,48.0,311.1129557291665,,
"Weyerhaeuser NR Company (Bruce, MS)",14312,central,TLR,Birmingham,AL,2x12,,14.0,28.0,326.133141741071,,
"Weyerhaeuser NR Company (Bruce, MS)",14312,central,TLR,Birmingham,AL,2x4,,6.0,4.0,336.0,,
"Weyerhaeuser NR Company (Bruce, MS)",14312,central,TLR,Birmingham,AL,2x4,,10.0,20.00001,346.056699869293,,
"Weyerhaeuser NR Company (Bruce, MS)",14312,central,TLR,Birmingham,AL,2x4,,12.0,32.0,346.154275412088,,
"Weyerhaeuser NR Company (Bruce, MS)",14312,central,TLR,Birmingham,AL,2x6,,8.0,32.0,255.5000891045465,,
"Weyerhaeuser NR Company (Bruce, MS)",14312,central,TLR,Birmingham,AL,2x6,,,4.0,218.174242102582,,
"Weyerhaeuser NR Company (Bruce, MS)",14312,central,TLR,Birmingham,AL,2x6,,10.0,20.0,276.0,,
"Weyerhaeuser NR Company (Bruce, MS)",14312,central,TLR,Birmingham,AL,2x8,,8.0,74.66669,280.3392846759117,,
"Weyerhaeuser NR Company (Bruce, MS)",14312,central,TLR,Birmingham,AL,2x8,,16.0,127.99998,296.01521655273433,,
"Weyerhaeuser NR Company (Bruce, MS)",14312,central,TLR,Birmingham,AL,2x8,,,13.33333,197.15862417912135,,
"Weyerhaeuser NR Company (Bruce, MS)",14312,central,TLR,Birmingham,AL,2x8,,6.0,8.0,148.133680555556,,
"Weyerhaeuser NR Company (Bruce, MS)",14312,central,TLR,Birmingham,AL,2x8,,10.0,13.33333,330.0,,
"Weyerhaeuser NR Company (Bruce, MS)",14312,central,TLR,Birmingham,AL,2x8,,12.0,80.0,292.9999954427084,,
"Weyerhaeuser NR Company (Bruce, MS)",14312,central,TLR,Birmingham,AL,2x8,,14.0,18.66667,311.597435672258,,
"Weyerhaeuser NR Company (Dierks, AR)",14309,west,Customer,Alvarado,TX,2x4,,6.0,4.0,170.892867874313,,
"Weyerhaeuser NR Company (Dierks, AR)",14309,west,Customer,Amity,AR,2x10,,8.0,13.33333,102.548476324426,,
"Weyerhaeuser NR Company (Dierks, AR)",14309,west,Customer,Amity,AR,2x10,,16.0,26.66667,205.000820344545,,
"Weyerhaeuser NR Company (Dierks, AR)",14309,west,Customer,Amity,AR,2x10,,10.0,16.66667,205.000937558597,,
"Weyerhaeuser NR Company (Dierks, AR)",14309,west,Customer,Amity,AR,2x10,,12.0,20.0,205.000852083333,,
"Weyerhaeuser NR Company (Dierks, AR)",14309,west,Customer,Amity,AR,2x10,,14.0,23.33333,205.000847039914,,
"Weyerhaeuser NR Company (Dierks, AR)",14309,west,Customer,Amity,AR,2x12,,16.0,32.0,225.0,,
"Weyerhaeuser NR Company (Dierks, AR)",14309,west,Customer,Amity,AR,2x6,,16.0,16.0,135.0,,
"Weyerhaeuser NR Company (Dierks, AR)",14309,west,Customer,Amity,AR,2x8,,16.0,21.33333,160.007096817153,,
"Weyerhaeuser NR Company (Dierks, AR)",14309,west,Customer,Armorel,AR,2x6,,8.0,16.0,232.5,,
"Weyerhaeuser NR Company (Dierks, AR)",14309,west,Customer,Armorel,AR,2x6,,10.0,20.0,239.9999946732955,,
"Weyerhaeuser NR Company (Dierks, AR)",14309,west,Customer,Armorel,AR,2x6,,12.0,12.0,200.0,,
"Weyerhaeuser NR Company (Dierks, AR)",14309,west,Customer,Austin,TX,2x4,,16.0,10.66667,265.000450755015,,
"Weyerhaeuser NR Company (Dierks, AR)",14309,west,Customer,Austin,TX,2x4,,10.0,6.66667,265.000444252127,,
"Weyerhaeuser NR Company (Dierks, AR)",14309,west,Customer,Austin,TX,2x4,,12.0,8.0,265.000360576923,,
"Weyerhaeuser NR Company (Dierks, AR)",14309,west,Customer,Austin,TX,2x4,,14.0,9.33333,265.045852653271,,
"Weyerhaeuser NR Company (Dierks, AR)",14309,west,Customer,Bolivar,TN,2x6,,8.0,8.0,215.0,,
"Weyerhaeuser NR Company (Dierks, AR)",14309,west,Customer,Bonham,TX,2x10,,16.0,53.33334,230.0000052736435,,
"Weyerhaeuser NR Company (Dierks, AR)",14309,west,Customer,Bonham,TX,2x10,,10.0,50.00001,273.1586265139967,,
"Weyerhaeuser NR Company (Dierks, AR)",14309,west,Customer,Bonham,TX,2x10,,12.0,80.0,239.09971506696425,,
"Weyerhaeuser NR Company (Dierks, AR)",14309,west,Customer,Bonham,TX,2x10,,14.0,69.99999,245.51354730572302,,
"Weyerhaeuser NR Company (Dierks, AR)",14309,west,Customer,Bonham,TX,2x8,,16.0,21.33333,255.015564914851,,
"Weyerhaeuser NR Company (Dierks, AR)",14309,west,Customer,Bonham,TX,2x8,,10.0,39.99999,258.344638520357,,
"Weyerhaeuser NR Company (Dierks, AR)",14309,west,Customer,Bonham,TX,2x8,,14.0,37.33334,287.4999951171875,,
"Weyerhaeuser NR Company (Dierks, AR)",14309,west,Customer,Brazil,IN,2x12,,8.0,48.0,224.99999617866834,,
"Weyerhaeuser NR Company (Dierks, AR)",14309,west,Customer,Brazil,IN,2x12,,16.0,32.0,210.0,,
"Weyerhaeuser NR Company (Dierks, AR)",14309,west,Customer,Brazil,IN,2x12,,12.0,48.0,210.0,,
"Weyerhaeuser NR Company (Dierks, AR)",14309,west,Customer,Bryan,TX,2x10,,8.0,186.66662,257.39908622270224,,
"Weyerhaeuser NR Company (Dierks, AR)",14309,west,Customer,Bryan,TX,2x10,,16.0,986.66679,285.6908535668377,,
"Weyerhaeuser NR Company (Dierks, AR)",14309,west,Customer,Bryan,TX,2x10,,,13.33334,173.74736613582348,,
"Weyerhaeuser NR Company (Dierks, AR)",14309,west,Customer,Bryan,TX,2x10,,6.0,90.0,228.1302047106123,,
"Weyerhaeuser NR Company (Dierks, AR)",14309,west,Customer,Bryan,TX,2x10,,10.0,133.33336,232.03327729814762,,
"Weyerhaeuser NR Company (Dierks, AR)",14309,west,Customer,Bryan,TX,2x10,,12.0,340.0,266.2315626254667,,
"Weyerhaeuser NR Company (Dierks, AR)",14309,west,Customer,Bryan,TX,2x10,,14.0,209.99997,282.17473183165947,,
"Weyerhaeuser NR Company (Dierks, AR)",14309,west,Customer,Bryan,TX,2x12,,8.0,192.0,272.8582710723522,,
"Weyerhaeuser NR Company (Dierks, AR)",14309,west,Customer,Bryan,TX,2x12,,16.0,480.0,309.7685551580254,,
"Weyerhaeuser NR Company (Dierks, AR)",14309,west,Customer,Bryan,TX,2x12,,,36.0,153.565227568784,,
"Weyerhaeuser NR Company (Dierks, AR)",14309,west,Customer,Bryan,TX,2x12,,6.0,36.0,296.7179474431817,,
"Weyerhaeuser NR Company (Dierks, AR)",14309,west,Customer,Bryan,TX,2x12,,10.0,80.0,269.57410402610077,,
"Weyerhaeuser NR Company (Dierks, AR)",14309,west,Customer,Bryan,TX,2x12,,12.0,216.0,300.0406528260031,,
"Weyerhaeuser NR Company (Dierks, AR)",14309,west,Customer,Bryan,TX,2x12,,14.0,140.0,279.776530691964,,
"Weyerhaeuser NR Company (Dierks, AR)",14309,west,Customer,Bryan,TX,2x4,,8.0,26.66665,297.5285151863594,,
"Weyerhaeuser NR Company (Dierks, AR)",14309,west,Customer,Bryan,TX,2x4,,16.0,64.00002,301.38964030967617,,
"Weyerhaeuser NR Company (Dierks, AR)",14309,west,Customer,Bryan,TX,2x4,,10.0,13.33334,332.523440317346,,
"Weyerhaeuser NR Company (Dierks, AR)",14309,west,Customer,Bryan,TX,2x4,,12.0,24.0,335.0,,
"Weyerhaeuser NR Company (Dierks, AR)",14309,west,Customer,Bryan,TX,2x4,,14.0,46.666650000000004,316.46614971581937,,
"Weyerhaeuser NR Company (Dierks, AR)",14309,west,Customer,Bryan,TX,2x6,,8.0,8.0,240.0,,
"Weyerhaeuser NR Company (Dierks, AR)",14309,west,Customer,Bryan,TX,2x6,,16.0,144.0,268.0387907599762,,
"Weyerhaeuser NR Company (Dierks, AR)",14309,west,Customer,Bryan,TX,2x6,,,6.0,137.561808435493,,
"Weyerhaeuser NR Company (Dierks, AR)",14309,west,Customer,Bryan,TX,2x6,,10.0,60.0,218.54237791940784,,
"Weyerhaeuser NR Company (Dierks, AR)",14309,west,Customer,Bryan,TX,2x6,,12.0,12.0,240.0,,
"Weyerhaeuser NR Company (Dierks, AR)",14309,west,Customer,Bryan,TX,2x6,,14.0,84.0,257.69095291377783,,
"Weyerhaeuser NR Company (Dierks, AR)",14309,west,Customer,Bryan,TX,2x8,,8.0,224.00007,311.2408179723687,,
"Weyerhaeuser NR Company (Dierks, AR)",14309,west,Customer,Bryan,TX,2x8,,16.0,575.99991,298.5197101056134,,
"Weyerhaeuser NR Company (Dierks, AR)",14309,west,Customer,Bryan,TX,2x8,,,15.99999,137.806270805027,,
"Weyerhaeuser NR Company (Dierks, AR)",14309,west,Customer,Bryan,TX,2x8,,6.0,24.0,234.09611032196935,,
"Weyerhaeuser NR Company (Dierks, AR)",14309,west,Customer,Bryan,TX,2x8,,10.0,333.33325,300.4952700321274,,
"Weyerhaeuser NR Company (Dierks, AR)",14309,west,Customer,Bryan,TX,2x8,,12.0,288.0,315.80199338107633,,
"Weyerhaeuser NR Company (Dierks, AR)",14309,west,Customer,Bryan,TX,2x8,,14.0,298.66672,319.27270763578866,,
"Weyerhaeuser NR Company (Dierks, AR)",14309,west,Customer,Bullard,TX,2x10,,16.0,53.33334,265.013624024946,,
"Weyerhaeuser NR Company (Dierks, AR)",14309,west,Customer,Bullard,TX,2x10,,10.0,16.66667,265.099869467367,,
"Weyerhaeuser NR Company (Dierks, AR)",14309,west,Customer,Bullard,TX,2x10,,12.0,20.0,265.0004375,,
"Weyerhaeuser NR Company (Dierks, AR)",14309,west,Customer,Bullard,TX,2x10,,14.0,23.33333,265.142443729904,,
"Weyerhaeuser NR Company (Dierks, AR)",14309,west,Customer,Bullard,TX,2x12,,16.0,64.0,185.000013760653,,
"Weyerhaeuser NR Company (Dierks, AR)",14309,west,Customer,Bullard,TX,2x6,,,46.0,122.3322416122343,,
"Weyerhaeuser NR Company (Dierks, AR)",14309,west,Customer,Carrollton,MO,2x12,,,8.0,245.0,,
"Weyerhaeuser NR Company (Dierks, AR)",14309,west,Customer,Columbus,MS,2x4,,,5.33332,166.61569843957926,,
"Weyerhaeuser NR Company (Dierks, AR)",14309,west,Customer,Conroe,TX,2x12,,16.0,32.0,235.0,,
"Weyerhaeuser NR Company (Dierks, AR)",14309,west,Customer,Conroe,TX,2x6,,8.0,16.0,315.000012904576,,
"Weyerhaeuser NR Company (Dierks, AR)",14309,west,Customer,Conroe,TX,2x6,,10.0,20.0,325.0,,
"Weyerhaeuser NR Company (Dierks, AR)",14309,west,Customer,Conroe,TX,2x6,,12.0,12.0,325.0,,
"Weyerhaeuser NR Company (Dierks, AR)",14309,west,Customer,Conroe,TX,2x8,,10.0,26.66666,275.021338611254,,
"Weyerhaeuser NR Company (Dierks, AR)",14309,west,Customer,Conroe,TX,2x8,,14.0,18.66667,270.0,,
"Weyerhaeuser NR Company (Dierks, AR)",14309,west,Customer,Corsicana,TX,2x6,,8.0,8.0,239.999989746094,,
"Weyerhaeuser NR Company (Dierks, AR)",14309,west,Customer,Corsicana,TX,2x6,,16.0,16.0,240.0,,
"Weyerhaeuser NR Company (Dierks, AR)",14309,west,Customer,Corsicana,TX,2x6,,10.0,10.0,240.0,,
"Weyerhaeuser NR Company (Dierks, AR)",14309,west,Customer,Corsicana,TX,2x6,,12.0,12.0,240.0,,
"Weyerhaeuser NR Company (Dierks, AR)",14309,west,Customer,Corsicana,TX,2x6,,14.0,14.0,240.0,,
"Weyerhaeuser NR Company (Dierks, AR)",14309,west,Customer,Crowley,TX,2x4,,8.0,5.33333,270.081154192967,,
"Weyerhaeuser NR Company (Dierks, AR)",14309,west,Customer,Crowley,TX,2x4,,16.0,10.66667,270.0,,
"Weyerhaeuser NR Company (Dierks, AR)",14309,west,Customer,Crowley,TX,2x4,,10.0,6.66667,270.0,,
"Weyerhaeuser NR Company (Dierks, AR)",14309,west,Customer,Crowley,TX,2x4,,12.0,8.0,360.0,,
"Weyerhaeuser NR Company (Dierks, AR)",14309,west,Customer,Crowley,TX,2x4,,14.0,9.33333,180.046379872918,,
"Weyerhaeuser NR Company (Dierks, AR)",14309,west,Customer,Crowley,TX,2x6,,8.0,8.0,120.0,,
"Weyerhaeuser NR Company (Dierks, AR)",14309,west,Customer,Crowley,TX,2x6,,16.0,16.0,479.99998046875,,
"Weyerhaeuser NR Company (Dierks, AR)",14309,west,Customer,Crowley,TX,2x6,,10.0,10.0,240.0,,
"Weyerhaeuser NR Company (Dierks, AR)",14309,west,Customer,Crowley,TX,2x6,,12.0,12.0,120.0,,
"Weyerhaeuser NR Company (Dierks, AR)",14309,west,Customer,Crowley,TX,2x6,,14.0,14.0,240.0,,
"Weyerhaeuser NR Company (Dierks, AR)",14309,west,Customer,Dallas,TX,2x4,,8.0,31.99998,322.5084572908543,,
"Weyerhaeuser NR Company (Dierks, AR)",14309,west,Customer,Dallas,TX,2x4,,,2.66667,277.052858020897,,
"Weyerhaeuser NR Company (Dierks, AR)",14309,west,Customer,Dallas,TX,2x4,,6.0,4.0,254.999984375,,
"Weyerhaeuser NR Company (Dierks, AR)",14309,west,Customer,Dallas,TX,2x4,,10.0,13.33334,322.499994190705,,
"Weyerhaeuser NR Company (Dierks, AR)",14309,west,Customer,Dallas,TX,2x4,,12.0,8.0,250.0,,
"Weyerhaeuser NR Company (Dierks, AR)",14309,west,Customer,Dallas,TX,2x6,,8.0,8.0,304.999984290082,,
"Weyerhaeuser NR Company (Dierks, AR)",14309,west,Customer,Dallas,TX,2x6,,10.0,20.0,240.0,,
"Weyerhaeuser NR Company (Dierks, AR)",14309,west,Customer,Dallas,TX,2x6,,14.0,14.0,160.0,,
"Weyerhaeuser NR Company (Dierks, AR)",14309,west,Customer,Dallas,TX,2x8,,8.0,74.66669,267.5353495396206,,
"Weyerhaeuser NR Company (Dierks, AR)",14309,west,Customer,Dallas,TX,2x8,,16.0,127.99998,273.00568841267716,,
"Weyerhaeuser NR Company (Dierks, AR)",14309,west,Customer,Dallas,TX,2x8,,6.0,8.0,220.0,,
"Weyerhaeuser NR Company (Dierks, AR)",14309,west,Customer,Dallas,TX,2x8,,10.0,133.3333,278.8121385245662,,
"Weyerhaeuser NR Company (Dierks, AR)",14309,west,Customer,Dallas,TX,2x8,,12.0,80.0,281.54947916666663,,
"Weyerhaeuser NR Company (Dierks, AR)",14309,west,Customer,Dallas,TX,2x8,,14.0,74.66668,295.686861188616,,
"Weyerhaeuser NR Company (Dierks, AR)",14309,west,Customer,Denton,TX,2x6,,8.0,16.0,324.999982910156,,
"Weyerhaeuser NR Company (Dierks, AR)",14309,west,Customer,Denton,TX,2x6,,10.0,20.0,325.0,,
"Weyerhaeuser NR Company (Dierks, AR)",14309,west,Customer,Denton,TX,2x6,,12.0,24.0,325.0,,
"Weyerhaeuser NR Company (Dierks, AR)",14309,west,Customer,Denton,TX,2x8,,8.0,10.66667,310.0,,
"Weyerhaeuser NR Company (Dierks, AR)",14309,west,Customer,Denton,TX,2x8,,10.0,13.33333,325.063488962688,,
"Weyerhaeuser NR Company (Dierks, AR)",14309,west,Customer,Denton,TX,2x8,,12.0,16.0,330.0,,
"Weyerhaeuser NR Company (Dierks, AR)",14309,west,Customer,Denton,TX,2x8,,14.0,18.66667,247.513812154696,,
"Weyerhaeuser NR Company (Dierks, AR)",14309,west,Customer,Ennis,TX,2x6,,6.0,12.0,220.0,,
"Weyerhaeuser NR Company (Dierks, AR)",14309,west,Customer,Fort Payne,AL,2x4,,10.0,6.66667,264.99998838141,,
"Weyerhaeuser NR Company (Dierks, AR)",14309,west,Customer,Fort Worth,TX,2x10,,16.0,26.66667,438.845563794426,,
"Weyerhaeuser NR Company (Dierks, AR)",14309,west,Customer,Fort Worth,TX,2x4,,8.0,5.33333,265.000024791526,,
"Weyerhaeuser NR Company (Dierks, AR)",14309,west,Customer,Fort Worth,TX,2x4,,10.0,6.66667,264.999987980769,,
"Weyerhaeuser NR Company (Dierks, AR)",14309,west,Customer,Fort Worth,TX,2x4,,12.0,8.0,265.0,,
"Weyerhaeuser NR Company (Dierks, AR)",14309,west,Customer,Fremont,NE,2x8,,10.0,13.33333,315.012952835232,,
"Weyerhaeuser NR Company (Dierks, AR)",14309,west,Customer,Ft Worth,TX,2x4,,8.0,10.66666,270.08520030033253,,
"Weyerhaeuser NR Company (Dierks, AR)",14309,west,Customer,Ft Worth,TX,2x4,,16.0,10.66667,270.017403090792,,
"Weyerhaeuser NR Company (Dierks, AR)",14309,west,Customer,Ft Worth,TX,2x4,,10.0,33.333349999999996,246.3571838839242,,
"Weyerhaeuser NR Company (Dierks, AR)",14309,west,Customer,Ft Worth,TX,2x4,,12.0,16.0,269.99999298878197,,
"Weyerhaeuser NR Company (Dierks, AR)",14309,west,Customer,Ft Worth,TX,2x6,,8.0,8.0,270.0,,
"Weyerhaeuser NR Company (Dierks, AR)",14309,west,Customer,Ft Worth,TX,2x6,,10.0,20.0,180.000016927083,,
"Weyerhaeuser NR Company (Dierks, AR)",14309,west,Customer,Ft. Smith,AR,2x4,,8.0,5.33333,392.055931161647,,
"Weyerhaeuser NR Company (Dierks, AR)",14309,west,Customer,Ft. Smith,AR,2x6,,8.0,16.0,221.195642620584,,
"Weyerhaeuser NR Company (Dierks, AR)",14309,west,Customer,Ft. Smith,AR,2x6,,10.0,10.0,300.0,,
"Weyerhaeuser NR Company (Dierks, AR)",14309,west,Customer,Grabill,IN,2x10,,8.0,39.99999,230.02258889378035,,
"Weyerhaeuser NR Company (Dierks, AR)",14309,west,Customer,Grabill,IN,2x10,,16.0,26.66667,270.0,,
"Weyerhaeuser NR Company (Dierks, AR)",14309,west,Customer,Grabill,IN,2x10,,10.0,16.66667,240.03599159916,,
"Weyerhaeuser NR Company (Dierks, AR)",14309,west,Customer,Grand Prairie,TX,2x4,,8.0,10.66666,254.999987297685,,
"Weyerhaeuser NR Company (Dierks, AR)",14309,west,Customer,Grand Prairie,TX,2x4,,,2.66667,256.663161057692,,
"Weyerhaeuser NR Company (Dierks, AR)",14309,west,Customer,Grand Prairie,TX,2x6,,18.0,18.0,362.532899305556,,
"Weyerhaeuser NR Company (Dierks, AR)",14309,west,Customer,Grand Prairie,TX,2x6,,20.0,20.0,372.532890625,,
"Weyerhaeuser NR Company (Dierks, AR)",14309,west,Customer,Groveton,TX,2x8,,,5.33333,290.012313702178,,
"Weyerhaeuser NR Company (Dierks, AR)",14309,west,Customer,Guthrie,OK,2x6,,8.0,16.0,204.9999958496095,,
"Weyerhaeuser NR Company (Dierks, AR)",14309,west,Customer,Guthrie,OK,2x6,,16.0,16.0,160.0,,
"Weyerhaeuser NR Company (Dierks, AR)",14309,west,Customer,Guthrie,OK,2x6,,10.0,10.0,250.0,,
"Weyerhaeuser NR Company (Dierks, AR)",14309,west,Customer,Guthrie,OK,2x6,,12.0,24.0,246.6666666666665,,
"Weyerhaeuser NR Company (Dierks, AR)",14309,west,Customer,Guthrie,OK,2x6,,14.0,14.0,312.5,,
"Weyerhaeuser NR Company (Dierks, AR)",14309,west,Customer,Heber Springs,AR,2x4,,8.0,5.33333,295.0,,
"Weyerhaeuser NR Company (Dierks, AR)",14309,west,Customer,Heber Springs,AR,2x4,,12.0,8.0,300.000012019231,,
"Weyerhaeuser NR Company (Dierks, AR)",14309,west,Customer,Henderson,TX,2x4,,8.0,10.66666,261.3701940615525,,
"Weyerhaeuser NR Company (Dierks, AR)",14309,west,Customer,Henderson,TX,2x4,,10.0,33.333349999999996,251.0037933188844,,
"Weyerhaeuser NR Company (Dierks, AR)",14309,west,Customer,Henderson,TX,2x4,,12.0,32.0,247.5,,
"Weyerhaeuser NR Company (Dierks, AR)",14309,west,Customer,Henderson,TX,2x4,,14.0,9.33333,305.013092938399,,
"Weyerhaeuser NR Company (Dierks, AR)",14309,west,Customer,Houston,TX,2x4,,16.0,21.33334,315.0,,
"Weyerhaeuser NR Company (Dierks, AR)",14309,west,Customer,Houston,TX,2x4,,,2.66666,175.59839936335698,,
"Weyerhaeuser NR Company (Dierks, AR)",14309,west,Customer,Houston,TX,2x4,,12.0,16.0,274.46427368074603,,
"Weyerhaeuser NR Company (Dierks, AR)",14309,west,Customer,Houston,TX,2x4,,14.0,9.33333,380.032666781145,,
"Weyerhaeuser NR Company (Dierks, AR)",14309,west,Customer,Houston,TX,2x6,,16.0,16.0,135.0,,
"Weyerhaeuser NR Company (Dierks, AR)",14309,west,Customer,Houston,TX,2x6,,,4.0,169.622282608696,,
"Weyerhaeuser NR Company (Dierks, AR)",14309,west,Customer,Howards Grove,WI,2x4,,14.0,9.33333,274.99999009391,,
"Weyerhaeuser NR Company (Dierks, AR)",14309,west,Customer,Hutchins,TX,2x4,,,4.0,165.458276583695,,
"Weyerhaeuser NR Company (Dierks, AR)",14309,west,Customer,Irving,TX,2x4,,8.0,5.33333,235.009210629458,,
"Weyerhaeuser NR Company (Dierks, AR)",14309,west,Customer,Irving,TX,2x6,,8.0,8.0,260.0,,
"Weyerhaeuser NR Company (Dierks, AR)",14309,west,Customer,Jackson,TN,2x6,,16.0,16.0,159.999994229403,,
"Weyerhaeuser NR Company (Dierks, AR)",14309,west,Customer,Jacksonville,TX,2x6,,8.0,48.0,226.66666928891786,,
"Weyerhaeuser NR Company (Dierks, AR)",14309,west,Customer,Jacksonville,TX,2x6,,12.0,24.0,300.000007595486,,
"Weyerhaeuser NR Company (Dierks, AR)",14309,west,Customer,Jacksonville,TX,2x6,,14.0,14.0,340.000027901786,,
"Weyerhaeuser NR Company (Dierks, AR)",14309,west,Customer,Jacksonville,TX,2x8,,8.0,288.00009,260.7865747900325,,
"Weyerhaeuser NR Company (Dierks, AR)",14309,west,Customer,Jacksonville,TX,2x8,,16.0,447.99993,261.13804332723964,,
"Weyerhaeuser NR Company (Dierks, AR)",14309,west,Customer,Jacksonville,TX,2x8,,10.0,186.66662,274.6946370698233,,
"Weyerhaeuser NR Company (Dierks, AR)",14309,west,Customer,Jacksonville,TX,2x8,,12.0,416.0,270.30247955717243,,
"Weyerhaeuser NR Company (Dierks, AR)",14309,west,Customer,Jacksonville,TX,2x8,,14.0,186.6667,264.2056142631272,,
"Weyerhaeuser NR Company (Dierks, AR)",14309,west,Customer,Markleville,IN,2x12,,6.0,12.0,215.000012586806,,
"Weyerhaeuser NR Company (Dierks, AR)",14309,west,Customer,Markleville,IN,2x8,,6.0,8.0,205.000016927083,,
"Weyerhaeuser NR Company (Dierks, AR)",14309,west,Customer,Memphis,TN,2x4,,,3.9999899999999995,163.41178514480399,,
"Weyerhaeuser NR Company (Dierks, AR)",14309,west,Customer,Middleton,TN,2x4,,8.0,15.99999,266.29699386956935,,
"Weyerhaeuser NR Company (Dierks, AR)",14309,west,Customer,Middleton,TN,2x6,,8.0,8.0,294.999983440897,,
"Weyerhaeuser NR Company (Dierks, AR)",14309,west,Customer,Middleton,TN,2x6,,10.0,20.0,342.50002170138896,,
"Weyerhaeuser NR Company (Dierks, AR)",14309,west,Customer,Moscow,TN,2x4,,8.0,5.33333,277.052858020897,,
"Weyerhaeuser NR Company (Dierks, AR)",14309,west,Customer,Moscow,TN,2x4,,10.0,6.66667,249.419038730751,,
"Weyerhaeuser NR Company (Dierks, AR)",14309,west,Customer,Mt Pleasant,TX,2x4,,8.0,5.33333,260.010190483656,,
"Weyerhaeuser NR Company (Dierks, AR)",14309,west,Customer,Mt Pleasant,TX,2x4,,10.0,6.66667,264.99998838141,,
"Weyerhaeuser NR Company (Dierks, AR)",14309,west,Customer,Nashville,TN,2x6,,6.0,12.0,170.0,,
"Weyerhaeuser NR Company (Dierks, AR)",14309,west,Customer,Nashville,TN,2x6,,10.0,20.0,260.788205295139,,
"Weyerhaeuser NR Company (Dierks, AR)",14309,west,Customer,Newton,KS,2x10,,,3.33333,208.736495468278,,
"Weyerhaeuser NR Company (Dierks, AR)",14309,west,Customer,Newton,KS,2x8,,,2.66667,208.714758463542,,
"Weyerhaeuser NR Company (Dierks, AR)",14309,west,Customer,Northport,AL,2x6,,8.0,8.0,239.999987444196,,
"Weyerhaeuser NR Company (Dierks, AR)",14309,west,Customer,Northport,AL,2x6,,10.0,10.0,240.0,,
"Weyerhaeuser NR Company (Dierks, AR)",14309,west,Customer,Northport,AL,2x6,,12.0,12.0,240.000018446181,,
"Weyerhaeuser NR Company (Dierks, AR)",14309,west,Customer,Port Neches,TX,2x6,,8.0,8.0,305.0,,
"Weyerhaeuser NR Company (Dierks, AR)",14309,west,Customer,Port Neches,TX,2x6,,10.0,10.0,325.0,,
"Weyerhaeuser NR Company (Dierks, AR)",14309,west,Customer,Port Neches,TX,2x8,,8.0,10.66667,205.0,,
"Weyerhaeuser NR Company (Dierks, AR)",14309,west,Customer,Port Neches,TX,2x8,,12.0,16.0,205.0,,
"Weyerhaeuser NR Company (Dierks, AR)",14309,west,Customer,Pottsville,AR,2x10,,,19.99998,149.0761187179213,,
"Weyerhaeuser NR Company (Dierks, AR)",14309,west,Customer,Pottsville,AR,2x12,,,16.0,154.68449151973198,,
"Weyerhaeuser NR Company (Dierks, AR)",14309,west,Customer,Richmond,IL,2x6,,10.0,10.0,225.0,,
"Weyerhaeuser NR Company (Dierks, AR)",14309,west,Customer,Saginaw,TX,2x4,,10.0,6.66667,200.0,,
"Weyerhaeuser NR Company (Dierks, AR)",14309,west,Customer,Saginaw,TX,2x6,,8.0,24.0,300.0,,
"Weyerhaeuser NR Company (Dierks, AR)",14309,west,Customer,Saginaw,TX,2x6,,16.0,16.0,275.0,,
"Weyerhaeuser NR Company (Dierks, AR)",14309,west,Customer,Saginaw,TX,2x6,,10.0,10.0,325.0,,
"Weyerhaeuser NR Company (Dierks, AR)",14309,west,Customer,Saginaw,TX,2x6,,12.0,12.0,275.0,,
"Weyerhaeuser NR Company (Dierks, AR)",14309,west,Customer,San Antonio,TX,2x4,,8.0,5.33333,260.010190483656,,
"Weyerhaeuser NR Company (Dierks, AR)",14309,west,Customer,Scottsville,TX,2x4,,8.0,5.33333,295.0,,
"Weyerhaeuser NR Company (Dierks, AR)",14309,west,Customer,Sherman,TX,2x4,,,2.66666,290.463858383872,,
"Weyerhaeuser NR Company (Dierks, AR)",14309,west,Customer,Shreveport,LA,2x4,,8.0,5.33333,260.010190483656,,
"Weyerhaeuser NR Company (Dierks, AR)",14309,west,Customer,Silsbee,TX,2x10,,8.0,159.99996,249.66922265279266,,
"Weyerhaeuser NR Company (Dierks, AR)",14309,west,Customer,Silsbee,TX,2x10,,16.0,106.66668,261.27742496256576,,
"Weyerhaeuser NR Company (Dierks, AR)",14309,west,Customer,Silsbee,TX,2x10,,,13.33334,255.01738726511098,,
"Weyerhaeuser NR Company (Dierks, AR)",14309,west,Customer,Silsbee,TX,2x10,,6.0,30.0,183.05555555555566,,
"Weyerhaeuser NR Company (Dierks, AR)",14309,west,Customer,Silsbee,TX,2x10,,10.0,200.00004,230.79631535620982,,
"Weyerhaeuser NR Company (Dierks, AR)",14309,west,Customer,Silsbee,TX,2x10,,12.0,160.0,244.70839192708337,,
"Weyerhaeuser NR Company (Dierks, AR)",14309,west,Customer,Silsbee,TX,2x10,,14.0,116.66665,258.1926649502754,,
"Weyerhaeuser NR Company (Dierks, AR)",14309,west,Customer,Silsbee,TX,2x12,,8.0,336.0,230.69458688635817,,
"Weyerhaeuser NR Company (Dierks, AR)",14309,west,Customer,Silsbee,TX,2x12,,16.0,576.0,228.84342808743364,,
"Weyerhaeuser NR Company (Dierks, AR)",14309,west,Customer,Silsbee,TX,2x12,,,8.0,270.0,,
"Weyerhaeuser NR Company (Dierks, AR)",14309,west,Customer,Silsbee,TX,2x12,,6.0,12.0,215.0,,
"Weyerhaeuser NR Company (Dierks, AR)",14309,west,Customer,Silsbee,TX,2x12,,10.0,180.0,255.9157607204861,,
"Weyerhaeuser NR Company (Dierks, AR)",14309,west,Customer,Silsbee,TX,2x12,,12.0,504.0,234.30626626496948,,
"Weyerhaeuser NR Company (Dierks, AR)",14309,west,Customer,Silsbee,TX,2x12,,14.0,280.0,235.09341358173077,,
"Weyerhaeuser NR Company (Dierks, AR)",14309,west,Customer,Silsbee,TX,2x4,,8.0,15.99999,175.0,,
"Weyerhaeuser NR Company (Dierks, AR)",14309,west,Customer,Silsbee,TX,2x4,,10.0,6.66667,211.767700335129,,
"Weyerhaeuser NR Company (Dierks, AR)",14309,west,Customer,Silsbee,TX,2x6,,8.0,24.0,160.0,,
"Weyerhaeuser NR Company (Dierks, AR)",14309,west,Customer,Silsbee,TX,2x8,,8.0,53.333349999999996,236.6443988932292,,
"Weyerhaeuser NR Company (Dierks, AR)",14309,west,Customer,Silsbee,TX,2x8,,16.0,85.33332,220.83477010395475,,
"Weyerhaeuser NR Company (Dierks, AR)",14309,west,Customer,Silsbee,TX,2x8,,10.0,133.3333,231.6451128504235,,
"Weyerhaeuser NR Company (Dierks, AR)",14309,west,Customer,Silsbee,TX,2x8,,12.0,80.0,242.6444010416666,,
"Weyerhaeuser NR Company (Dierks, AR)",14309,west,Customer,Silsbee,TX,2x8,,14.0,37.33334,235.0,,
"Weyerhaeuser NR Company (Dierks, AR)",14309,west,Customer,Somerset,KY,2x6,,16.0,32.0,285.0,,
"Weyerhaeuser NR Company (Dierks, AR)",14309,west,Customer,Toledo,OH,2x6,,8.0,8.0,260.0,,
"Weyerhaeuser NR Company (Dierks, AR)",14309,west,Customer,Toledo,OH,2x6,,12.0,12.0,285.0,,
"Weyerhaeuser NR Company (Dierks, AR)",14309,west,Customer,Tulsa,OK,2x12,,16.0,64.0,252.5,,
"Weyerhaeuser NR Company (Dierks, AR)",14309,west,Customer,Tulsa,OK,2x12,,12.0,24.0,240.000012586806,,
"Weyerhaeuser NR Company (Dierks, AR)",14309,west,Customer,Walnut,MS,2x6,,10.0,10.0,215.0,,
"Weyerhaeuser NR Company (Dierks, AR)",14309,west,Customer,Whitesboro,TX,2x4,,16.0,10.66667,315.0,,
"Weyerhaeuser NR Company (Dierks, AR)",14309,west,Customer,Whitesboro,TX,2x4,,14.0,9.33333,305.017457501002,,
"Weyerhaeuser NR Company (Dierks, AR)",14309,west,Customer,Wichita,KS,2x4,,12.0,16.0,269.464271677541,,
"Weyerhaeuser NR Company (Dierks, AR)",14309,west,Customer,Wichita,KS,2x6,,16.0,16.0,467.780539772727,,
"Weyerhaeuser NR Company (Dierks, AR)",14309,west,Customer,Wichita Falls,TX,2x4,,8.0,5.33333,270.0,,
"Weyerhaeuser NR Company (Dierks, AR)",14309,west,Customer,Wichita Falls,TX,2x4,,10.0,6.66667,270.048669311215,,
"Weyerhaeuser NR Company (Dierks, AR)",14309,west,Customer,Wichita Falls,TX,2x4,,12.0,8.0,265.0,,
"Weyerhaeuser NR Company (Dierks, AR)",14309,west,Customer,Wichita Falls,TX,2x4,,14.0,9.33333,270.00001674179,,
"Weyerhaeuser NR Company (Dierks, AR)",14309,west,Customer,Winfield,KS,2x4,,8.0,5.33333,185.006948878789,,
"Weyerhaeuser NR Company (Dierks, AR)",14309,west,Customer,,,2x12,,8.0,32.0,225.0,,
"Weyerhaeuser NR Company (Dierks, AR)",14309,west,Customer,,,2x12,,16.0,32.0,185.000013760653,,
"Weyerhaeuser NR Company (Dierks, AR)",14309,west,Customer,,,2x4,,10.0,6.66667,211.767700335129,,
"Weyerhaeuser NR Company (Dierks, AR)",14309,west,Customer,,,2x6,,8.0,8.0,160.0,,
"Weyerhaeuser NR Company (Dierks, AR)",14309,west,Customer,,,2x6,,10.0,10.0,160.0,,
"Weyerhaeuser NR Company (Dierks, AR)",14309,west,Customer,,,2x6,,12.0,12.0,160.0,,
"Weyerhaeuser NR Company (Dierks, AR)",14309,west,Customer,,,2x8,,8.0,10.66667,235.0,,
"Weyerhaeuser NR Company (Dierks, AR)",14309,west,Customer,,,2x8,,16.0,21.33333,235.038245157089,,
"Weyerhaeuser NR Company (Dierks, AR)",14309,west,Customer,,,2x8,,10.0,39.99999,245.04842335516534,,
"Weyerhaeuser NR Company (Dierks, AR)",14309,west,Customer,,,2x8,,12.0,16.0,250.0,,
"Weyerhaeuser NR Company (Dierks, AR)",14309,west,Customer,,,2x8,,14.0,37.33334,242.5,,
"Weyerhaeuser NR Company (Dierks, AR)",14309,west,TLR,Birmingham,AL,2x10,,16.0,26.66667,313.18321003963,,
"Weyerhaeuser NR Company (Dierks, AR)",14309,west,TLR,Birmingham,AL,2x10,,,6.66667,200.005966078582,,
"Weyerhaeuser NR Company (Dierks, AR)",14309,west,TLR,Birmingham,AL,2x10,,10.0,33.33334,276.1458333333335,,
"Weyerhaeuser NR Company (Dierks, AR)",14309,west,TLR,Birmingham,AL,2x12,,,8.0,200.0,,
"Weyerhaeuser NR Company (Dierks, AR)",14309,west,TLR,Birmingham,AL,2x8,,8.0,21.33334,276.7569633152175,,
"Weyerhaeuser NR Company (Dierks, AR)",14309,west,TLR,Birmingham,AL,2x8,,16.0,21.33333,265.0,,
"Weyerhaeuser NR Company (Dierks, AR)",14309,west,TLR,Birmingham,AL,2x8,,10.0,13.33333,265.0,,
"Weyerhaeuser NR Company (Dierks, AR)",14309,west,TLR,Birmingham,AL,2x8,,12.0,32.0,276.68620396205347,,
"Weyerhaeuser NR Company (Dierks, AR)",14309,west,TLR,Birmingham,AL,2x8,,14.0,37.33334,276.68620396205347,,
"Weyerhaeuser NR Company (Dodson, LA)",14308,west,Customer,Armorel,AR,2x4,,8.0,5.33333,318.872168408113,,
"Weyerhaeuser NR Company (Dodson, LA)",14308,west,Customer,Bonham,TX,2x10,,16.0,26.66667,210.0,,
"Weyerhaeuser NR Company (Dodson, LA)",14308,west,Customer,Bonham,TX,2x10,,14.0,23.33333,210.112540192926,,
"Weyerhaeuser NR Company (Dodson, LA)",14308,west,Customer,Bonham,TX,2x8,,16.0,106.66665,273.095104810364,,
"Weyerhaeuser NR Company (Dodson, LA)",14308,west,Customer,Broken Arrow,OK,2x12,,16.0,32.0,275.000014648438,,
"Weyerhaeuser NR Company (Dodson, LA)",14308,west,Customer,Broken Arrow,OK,2x12,,12.0,24.0,240.0,,
"Weyerhaeuser NR Company (Dodson, LA)",14308,west,Customer,Broken Arrow,OK,2x12,,14.0,28.0,254.999990234375,,
"Weyerhaeuser NR Company (Dodson, LA)",14308,west,Customer,Broken Arrow,OK,2x12,,20.0,40.0,270.0,,
"Weyerhaeuser NR Company (Dodson, LA)",14308,west,Customer,Bryan,TX,2x10,,8.0,26.66666,254.920337394564,,
"Weyerhaeuser NR Company (Dodson, LA)",14308,west,Customer,Bryan,TX,2x10,,16.0,106.66668,215.0119868719135,,
"Weyerhaeuser NR Company (Dodson, LA)",14308,west,Customer,Bryan,TX,2x10,,10.0,16.66667,285.017813613351,,
"Weyerhaeuser NR Company (Dodson, LA)",14308,west,Customer,Bryan,TX,2x10,,12.0,40.0,255.0,,
"Weyerhaeuser NR Company (Dodson, LA)",14308,west,Customer,Bryan,TX,2x10,,14.0,23.33333,285.0,,
"Weyerhaeuser NR Company (Dodson, LA)",14308,west,Customer,Bryan,TX,2x10,,20.0,33.33333,284.964379452568,,
"Weyerhaeuser NR Company (Dodson, LA)",14308,west,Customer,Bryan,TX,2x12,,8.0,16.0,262.242651367187,,
"Weyerhaeuser NR Company (Dodson, LA)",14308,west,Customer,Bryan,TX,2x12,,16.0,32.0,261.995171440972,,
"Weyerhaeuser NR Company (Dodson, LA)",14308,west,Customer,Bryan,TX,2x12,,,224.0,153.4127890995515,,
"Weyerhaeuser NR Company (Dodson, LA)",14308,west,Customer,Bryan,TX,2x12,,6.0,12.0,242.242660984848,,
"Weyerhaeuser NR Company (Dodson, LA)",14308,west,Customer,Bryan,TX,2x12,,10.0,20.0,235.0,,
"Weyerhaeuser NR Company (Dodson, LA)",14308,west,Customer,Bryan,TX,2x12,,12.0,72.0,260.79700846354166,,
"Weyerhaeuser NR Company (Dodson, LA)",14308,west,Customer,Bryan,TX,2x12,,14.0,28.0,234.999990234375,,
"Weyerhaeuser NR Company (Dodson, LA)",14308,west,Customer,Bryan,TX,2x4,,8.0,10.66666,377.849175576026,,
"Weyerhaeuser NR Company (Dodson, LA)",14308,west,Customer,Bryan,TX,2x4,,16.0,10.66667,375.721787243633,,
"Weyerhaeuser NR Company (Dodson, LA)",14308,west,Customer,Bryan,TX,2x4,,10.0,26.66668,315.1676385732585,,
"Weyerhaeuser NR Company (Dodson, LA)",14308,west,Customer,Bryan,TX,2x4,,12.0,16.0,377.847398838141,,
"Weyerhaeuser NR Company (Dodson, LA)",14308,west,Customer,Bryan,TX,2x4,,14.0,18.66666,377.880328552179,,
"Weyerhaeuser NR Company (Dodson, LA)",14308,west,Customer,Bryan,TX,2x6,,8.0,8.0,305.0,,
"Weyerhaeuser NR Company (Dodson, LA)",14308,west,Customer,Bryan,TX,2x6,,10.0,10.0,325.0,,
"Weyerhaeuser NR Company (Dodson, LA)",14308,west,Customer,Bryan,TX,2x6,,12.0,12.0,330.0,,
"Weyerhaeuser NR Company (Dodson, LA)",14308,west,Customer,Bryan,TX,2x6,,14.0,14.0,340.0,,
"Weyerhaeuser NR Company (Dodson, LA)",14308,west,Customer,Bryan,TX,2x8,,8.0,21.33334,301.3925537109375,,
"Weyerhaeuser NR Company (Dodson, LA)",14308,west,Customer,Bryan,TX,2x8,,16.0,255.99996,309.73672417534715,,
"Weyerhaeuser NR Company (Dodson, LA)",14308,west,Customer,Bryan,TX,2x8,,,216.00026,153.0965266232313,,
"Weyerhaeuser NR Company (Dodson, LA)",14308,west,Customer,Bryan,TX,2x8,,6.0,8.0,262.242635416667,,
"Weyerhaeuser NR Company (Dodson, LA)",14308,west,Customer,Bryan,TX,2x8,,10.0,66.66665,301.4971971953954,,
"Weyerhaeuser NR Company (Dodson, LA)",14308,west,Customer,Bryan,TX,2x8,,12.0,112.0,299.3115630757511,,
"Weyerhaeuser NR Company (Dodson, LA)",14308,west,Customer,Bryan,TX,2x8,,14.0,168.00003,310.2043617724868,,
"Weyerhaeuser NR Company (Dodson, LA)",14308,west,Customer,Carrollton,MO,2x4,,18.0,12.0,300.0,,
"Weyerhaeuser NR Company (Dodson, LA)",14308,west,Customer,Castor,LA,2x10,,8.0,13.33333,200.187617260788,,
"Weyerhaeuser NR Company (Dodson, LA)",14308,west,Customer,Castor,LA,2x10,,16.0,26.66667,200.0,,
"Weyerhaeuser NR Company (Dodson, LA)",14308,west,Customer,Castor,LA,2x10,,12.0,20.0,200.0,,
"Weyerhaeuser NR Company (Dodson, LA)",14308,west,Customer,Catoosa,OK,2x4,,18.0,12.0,415.0,,
"Weyerhaeuser NR Company (Dodson, LA)",14308,west,Customer,Catoosa,OK,2x6,,18.0,18.0,365.000021701389,,
"Weyerhaeuser NR Company (Dodson, LA)",14308,west,Customer,Columbus,MS,2x4,,,1.33333,163.046758642314,,
"Weyerhaeuser NR Company (Dodson, LA)",14308,west,Customer,Conroe,TX,2x6,,8.0,8.0,250.131982421875,,
"Weyerhaeuser NR Company (Dodson, LA)",14308,west,Customer,Conroe,TX,2x6,,16.0,16.0,335.0,,
"Weyerhaeuser NR Company (Dodson, LA)",14308,west,Customer,Conroe,TX,2x6,,10.0,10.0,263.296875,,
"Weyerhaeuser NR Company (Dodson, LA)",14308,west,Customer,Conroe,TX,2x8,,8.0,10.66667,285.0,,
"Weyerhaeuser NR Company (Dodson, LA)",14308,west,Customer,Conroe,TX,2x8,,10.0,13.33333,300.046882325363,,
"Weyerhaeuser NR Company (Dodson, LA)",14308,west,Customer,Conroe,TX,2x8,,12.0,16.0,305.0,,
"Weyerhaeuser NR Company (Dodson, LA)",14308,west,Customer,Dallas,TX,2x4,,8.0,5.33333,270.081154192967,,
"Weyerhaeuser NR Company (Dodson, LA)",14308,west,Customer,Dallas,TX,2x4,,16.0,10.66667,270.0,,
"Weyerhaeuser NR Company (Dodson, LA)",14308,west,Customer,Dallas,TX,2x4,,,5.33334,210.00489927098852,,
"Weyerhaeuser NR Company (Dodson, LA)",14308,west,Customer,Dallas,TX,2x4,,12.0,8.0,270.0,,
"Weyerhaeuser NR Company (Dodson, LA)",14308,west,Customer,Dallas,TX,2x4,,14.0,9.33333,270.00001674179,,
"Weyerhaeuser NR Company (Dodson, LA)",14308,west,Customer,Dallas,TX,2x6,,16.0,16.0,255.0,,
"Weyerhaeuser NR Company (Dodson, LA)",14308,west,Customer,Dallas,TX,2x6,,10.0,10.0,255.0,,
"Weyerhaeuser NR Company (Dodson, LA)",14308,west,Customer,Dallas,TX,2x6,,12.0,12.0,255.0,,
"Weyerhaeuser NR Company (Dodson, LA)",14308,west,Customer,Dallas,TX,2x6,,14.0,14.0,255.0,,
"Weyerhaeuser NR Company (Dodson, LA)",14308,west,Customer,Dallas,TX,2x8,,8.0,10.66667,217.999989908854,,
"Weyerhaeuser NR Company (Dodson, LA)",14308,west,Customer,Dallas,TX,2x8,,16.0,42.66666,335.32757969616,,
"Weyerhaeuser NR Company (Dodson, LA)",14308,west,Customer,Dallas,TX,2x8,,10.0,26.66666,284.36869747666697,,
"Weyerhaeuser NR Company (Dodson, LA)",14308,west,Customer,Dallas,TX,2x8,,12.0,16.0,355.589742838542,,
"Weyerhaeuser NR Company (Dodson, LA)",14308,west,Customer,Dallas,TX,2x8,,14.0,37.33334,335.294888392857,,
"Weyerhaeuser NR Company (Dodson, LA)",14308,west,Customer,Ennis,TX,2x4,,,2.66667,165.0,,
"Weyerhaeuser NR Company (Dodson, LA)",14308,west,Customer,Flintville,TN,2x6,,8.0,8.0,165.0,,
"Weyerhaeuser NR Company (Dodson, LA)",14308,west,Customer,Flintville,TN,2x6,,10.0,10.0,165.0,,
"Weyerhaeuser NR Company (Dodson, LA)",14308,west,Customer,Flintville,TN,2x6,,12.0,12.0,165.0,,
"Weyerhaeuser NR Company (Dodson, LA)",14308,west,Customer,Flintville,TN,2x6,,14.0,14.0,164.999991071429,,
"Weyerhaeuser NR Company (Dodson, LA)",14308,west,Customer,Fort Worth,TX,2x4,,8.0,5.33333,212.009576271186,,
"Weyerhaeuser NR Company (Dodson, LA)",14308,west,Customer,Fort Worth,TX,2x4,,10.0,6.66667,298.133944830073,,
"Weyerhaeuser NR Company (Dodson, LA)",14308,west,Customer,Fort Worth,TX,2x4,,12.0,8.0,212.0,,
"Weyerhaeuser NR Company (Dodson, LA)",14308,west,Customer,Ft Worth,TX,2x4,,8.0,5.33333,175.0,,
"Weyerhaeuser NR Company (Dodson, LA)",14308,west,Customer,Ft Worth,TX,2x4,,,2.66667,150.005879125186,,
"Weyerhaeuser NR Company (Dodson, LA)",14308,west,Customer,Guthrie,OK,2x4,,8.0,5.33333,409.648714156898,,
"Weyerhaeuser NR Company (Dodson, LA)",14308,west,Customer,Guthrie,OK,2x4,,10.0,6.66667,409.648693206404,,
"Weyerhaeuser NR Company (Dodson, LA)",14308,west,Customer,Guthrie,OK,2x4,,12.0,8.0,409.648747424451,,
"Weyerhaeuser NR Company (Dodson, LA)",14308,west,Customer,Guthrie,OK,2x4,,14.0,9.33333,409.754232354456,,
"Weyerhaeuser NR Company (Dodson, LA)",14308,west,Customer,Henderson,TX,2x4,,10.0,20.00001,243.33332422849568,,
"Weyerhaeuser NR Company (Dodson, LA)",14308,west,Customer,Henderson,TX,2x4,,18.0,12.0,235.0,,
"Weyerhaeuser NR Company (Dodson, LA)",14308,west,Customer,Henderson,TX,2x4,,20.0,53.33332,235.009415441324,,
"Weyerhaeuser NR Company (Dodson, LA)",14308,west,Customer,Hidalgo,TX,2x4,,10.0,6.66667,280.592190641836,,
"Weyerhaeuser NR Company (Dodson, LA)",14308,west,Customer,Hidalgo,TX,2x6,,8.0,8.0,264.999980893342,,
"Weyerhaeuser NR Company (Dodson, LA)",14308,west,Customer,Hidalgo,TX,2x8,,8.0,10.66667,279.13046875,,
"Weyerhaeuser NR Company (Dodson, LA)",14308,west,Customer,Hidalgo,TX,2x8,,16.0,21.33333,279.149912800837,,
"Weyerhaeuser NR Company (Dodson, LA)",14308,west,Customer,Hidalgo,TX,2x8,,12.0,16.0,279.130440538194,,
"Weyerhaeuser NR Company (Dodson, LA)",14308,west,Customer,Hidalgo,TX,2x8,,14.0,18.66667,279.130301339286,,
"Weyerhaeuser NR Company (Dodson, LA)",14308,west,Customer,Houston,TX,2x12,,16.0,32.0,320.0,,
"Weyerhaeuser NR Company (Dodson, LA)",14308,west,Customer,Houston,TX,2x4,,8.0,5.33333,167.047747182954,,
"Weyerhaeuser NR Company (Dodson, LA)",14308,west,Customer,Houston,TX,2x4,,12.0,8.0,270.0,,
"Weyerhaeuser NR Company (Dodson, LA)",14308,west,Customer,Jacksonville,TX,2x6,,8.0,16.0,267.5,,
"Weyerhaeuser NR Company (Dodson, LA)",14308,west,Customer,Jacksonville,TX,2x8,,8.0,32.00001,244.9999915364583,,
"Weyerhaeuser NR Company (Dodson, LA)",14308,west,Customer,Jacksonville,TX,2x8,,16.0,255.99996,261.2779884750187,,
"Weyerhaeuser NR Company (Dodson, LA)",14308,west,Customer,Jacksonville,TX,2x8,,10.0,66.66665,257.0970530406092,,
"Weyerhaeuser NR Company (Dodson, LA)",14308,west,Customer,Jacksonville,TX,2x8,,12.0,96.0,266.66667100694445,,
"Weyerhaeuser NR Company (Dodson, LA)",14308,west,Customer,Jacksonville,TX,2x8,,14.0,93.33335,262.0000020567602,,
"Weyerhaeuser NR Company (Dodson, LA)",14308,west,Customer,La Porte,TX,2x12,,16.0,32.0,235.0,,
"Weyerhaeuser NR Company (Dodson, LA)",14308,west,Customer,Middleton,TN,2x6,,10.0,30.0,250.0,,
"Weyerhaeuser NR Company (Dodson, LA)",14308,west,Customer,Moscow,TN,2x4,,16.0,10.66667,325.0,,
"Weyerhaeuser NR Company (Dodson, LA)",14308,west,Customer,Oklahoma City,OK,2x4,,8.0,5.33333,290.130748422002,,
"Weyerhaeuser NR Company (Dodson, LA)",14308,west,Customer,Oklahoma City,OK,2x4,,16.0,10.66667,290.0,,
"Weyerhaeuser NR Company (Dodson, LA)",14308,west,Customer,Oklahoma City,OK,2x4,,10.0,6.66667,290.0,,
"Weyerhaeuser NR Company (Dodson, LA)",14308,west,Customer,Oklahoma City,OK,2x4,,12.0,8.0,290.0,,
"Weyerhaeuser NR Company (Dodson, LA)",14308,west,Customer,Oklahoma City,OK,2x4,,14.0,9.33333,290.049802507299,,
"Weyerhaeuser NR Company (Dodson, LA)",14308,west,Customer,Oklahoma City,OK,2x6,,8.0,8.0,265.0,,
"Weyerhaeuser NR Company (Dodson, LA)",14308,west,Customer,Oklahoma City,OK,2x6,,16.0,16.0,265.0,,
"Weyerhaeuser NR Company (Dodson, LA)",14308,west,Customer,Oklahoma City,OK,2x6,,10.0,10.0,264.999981770833,,
"Weyerhaeuser NR Company (Dodson, LA)",14308,west,Customer,Oklahoma City,OK,2x6,,12.0,12.0,265.0,,
"Weyerhaeuser NR Company (Dodson, LA)",14308,west,Customer,Oklahoma City,OK,2x6,,14.0,14.0,265.0,,
"Weyerhaeuser NR Company (Dodson, LA)",14308,west,Customer,Pasadena,TX,2x12,,14.0,28.0,235.0,,
"Weyerhaeuser NR Company (Dodson, LA)",14308,west,Customer,Pasadena,TX,2x12,,18.0,72.0,255.0,,
"Weyerhaeuser NR Company (Dodson, LA)",14308,west,Customer,Pasadena,TX,2x12,,20.0,80.0,255.0,,
"Weyerhaeuser NR Company (Dodson, LA)",14308,west,Customer,Pasadena,TX,2x6,,16.0,16.0,240.0,,
"Weyerhaeuser NR Company (Dodson, LA)",14308,west,Customer,Pasadena,TX,2x6,,10.0,10.0,240.0,,
"Weyerhaeuser NR Company (Dodson, LA)",14308,west,Customer,Pasadena,TX,2x6,,12.0,12.0,240.0,,
"Weyerhaeuser NR Company (Dodson, LA)",14308,west,Customer,Pasadena,TX,2x6,,14.0,14.0,240.0,,
"Weyerhaeuser NR Company (Dodson, LA)",14308,west,Customer,Pasadena,TX,2x8,,16.0,21.33333,233.759522685656,,
"Weyerhaeuser NR Company (Dodson, LA)",14308,west,Customer,Pasadena,TX,2x8,,18.0,24.0,269.0,,
"Weyerhaeuser NR Company (Dodson, LA)",14308,west,Customer,Pasadena,TX,2x8,,20.0,26.66667,269.0,,
"Weyerhaeuser NR Company (Dodson, LA)",14308,west,Customer,Port Neches,TX,2x8,,8.0,10.66667,224.999989257813,,
"Weyerhaeuser NR Company (Dodson, LA)",14308,west,Customer,Port Neches,TX,2x8,,16.0,85.33332,246.389882936136,,
"Weyerhaeuser NR Company (Dodson, LA)",14308,west,Customer,Port Neches,TX,2x8,,10.0,13.33333,225.087924970692,,
"Weyerhaeuser NR Company (Dodson, LA)",14308,west,Customer,Port Neches,TX,2x8,,12.0,16.0,225.0,,
"Weyerhaeuser NR Company (Dodson, LA)",14308,west,Customer,Port Neches,TX,2x8,,14.0,18.66667,225.0,,
"Weyerhaeuser NR Company (Dodson, LA)",14308,west,Customer,Saginaw,TX,2x4,,8.0,5.33333,385.0,,
"Weyerhaeuser NR Company (Dodson, LA)",14308,west,Customer,Sherman,TX,2x4,,8.0,5.33333,302.726504394861,,
"Weyerhaeuser NR Company (Dodson, LA)",14308,west,Customer,Sherman,TX,2x4,,10.0,6.66667,302.692316457522,,
"Weyerhaeuser NR Company (Dodson, LA)",14308,west,Customer,Sherman,TX,2x4,,12.0,8.0,302.692367788462,,
"Weyerhaeuser NR Company (Dodson, LA)",14308,west,Customer,Sherman,TX,2x4,,14.0,9.33333,302.692337411462,,
"Weyerhaeuser NR Company (Dodson, LA)",14308,west,Customer,Shreveport,LA,2x4,,8.0,5.33333,265.010386454496,,
"Weyerhaeuser NR Company (Dodson, LA)",14308,west,Customer,Silsbee,TX,2x10,,8.0,26.66666,255.8084427767355,,
"Weyerhaeuser NR Company (Dodson, LA)",14308,west,Customer,Silsbee,TX,2x10,,16.0,106.66668,257.83825011720575,,
"Weyerhaeuser NR Company (Dodson, LA)",14308,west,Customer,Silsbee,TX,2x10,,,6.66667,200.0,,
"Weyerhaeuser NR Company (Dodson, LA)",14308,west,Customer,Silsbee,TX,2x10,,10.0,50.00001,253.814346336584,,
"Weyerhaeuser NR Company (Dodson, LA)",14308,west,Customer,Silsbee,TX,2x10,,12.0,60.0,245.0,,
"Weyerhaeuser NR Company (Dodson, LA)",14308,west,Customer,Silsbee,TX,2x10,,14.0,69.99999,257.1885922150337,,
"Weyerhaeuser NR Company (Dodson, LA)",14308,west,Customer,Silsbee,TX,2x12,,8.0,32.0,292.36966943359346,,
"Weyerhaeuser NR Company (Dodson, LA)",14308,west,Customer,Silsbee,TX,2x12,,16.0,96.0,238.80930027817269,,
"Weyerhaeuser NR Company (Dodson, LA)",14308,west,Customer,Silsbee,TX,2x12,,,8.0,200.0,,
"Weyerhaeuser NR Company (Dodson, LA)",14308,west,Customer,Silsbee,TX,2x12,,10.0,40.0,261.58404296875,,
"Weyerhaeuser NR Company (Dodson, LA)",14308,west,Customer,Silsbee,TX,2x12,,12.0,120.0,263.2145491319444,,
"Weyerhaeuser NR Company (Dodson, LA)",14308,west,Customer,Silsbee,TX,2x12,,14.0,56.0,255.941220238095,,
"Weyerhaeuser NR Company (Dodson, LA)",14308,west,Customer,Silsbee,TX,2x4,,8.0,5.33333,195.000405679513,,
"Weyerhaeuser NR Company (Dodson, LA)",14308,west,Customer,Silsbee,TX,2x4,,16.0,10.66667,195.000405679513,,
"Weyerhaeuser NR Company (Dodson, LA)",14308,west,Customer,Silsbee,TX,2x4,,10.0,6.66667,195.000408653846,,
"Weyerhaeuser NR Company (Dodson, LA)",14308,west,Customer,Silsbee,TX,2x4,,12.0,8.0,195.000408453526,,
"Weyerhaeuser NR Company (Dodson, LA)",14308,west,Customer,Silsbee,TX,2x4,,14.0,9.33333,195.033831358406,,
"Weyerhaeuser NR Company (Dodson, LA)",14308,west,Customer,Silsbee,TX,2x6,,12.0,12.0,304.6875,,
"Weyerhaeuser NR Company (Dodson, LA)",14308,west,Customer,Silsbee,TX,2x8,,8.0,42.66668,237.80260009765624,,
"Weyerhaeuser NR Company (Dodson, LA)",14308,west,Customer,Silsbee,TX,2x8,,16.0,191.99997,255.03029140777076,,
"Weyerhaeuser NR Company (Dodson, LA)",14308,west,Customer,Silsbee,TX,2x8,,,10.66666,200.0414413123045,,
"Weyerhaeuser NR Company (Dodson, LA)",14308,west,Customer,Silsbee,TX,2x8,,10.0,93.33331,250.99829094054598,,
"Weyerhaeuser NR Company (Dodson, LA)",14308,west,Customer,Silsbee,TX,2x8,,12.0,160.0,249.7460410807292,,
"Weyerhaeuser NR Company (Dodson, LA)",14308,west,Customer,Silsbee,TX,2x8,,14.0,149.33336,257.6512962123326,,
"Weyerhaeuser NR Company (Dodson, LA)",14308,west,Customer,Silsbee,TX,2x8,,18.0,72.0,285.00000853587966,,
"Weyerhaeuser NR Company (Dodson, LA)",14308,west,Customer,Silsbee,TX,2x8,,20.0,53.33334,270.0,,
"Weyerhaeuser NR Company (Dodson, LA)",14308,west,Customer,Tulsa,OK,2x12,,16.0,160.0,273.45478515625,,
"Weyerhaeuser NR Company (Dodson, LA)",14308,west,Customer,Tulsa,OK,2x12,,10.0,20.0,300.476015625,,
"Weyerhaeuser NR Company (Dodson, LA)",14308,west,Customer,Tulsa,OK,2x12,,12.0,48.0,246.057605577257,,
"Weyerhaeuser NR Company (Dodson, LA)",14308,west,Customer,Tulsa,OK,2x12,,14.0,84.0,301.59126984127005,,
"Weyerhaeuser NR Company (Dodson, LA)",14308,west,Customer,Tulsa,OK,2x12,,18.0,36.0,260.0,,
"Weyerhaeuser NR Company (Dodson, LA)",14308,west,Customer,Wichita,KS,2x4,,16.0,10.66667,320.014423510322,,
"Weyerhaeuser NR Company (Dodson, LA)",14308,west,Customer,,,2x12,,16.0,32.0,245.0,,
"Weyerhaeuser NR Company (Dodson, LA)",14308,west,Customer,,,2x12,,12.0,24.0,160.0,,
"Weyerhaeuser NR Company (Dodson, LA)",14308,west,Customer,,,2x4,,10.0,6.66667,200.0,,
"Weyerhaeuser NR Company (Dodson, LA)",14308,west,Customer,,,2x8,,16.0,21.33333,250.024416446919,,
"Weyerhaeuser NR Company (Dodson, LA)",14308,west,Customer,,,2x8,,12.0,16.0,250.0,,
"Weyerhaeuser NR Company (Dodson, LA)",14308,west,Customer,,,2x8,,14.0,18.66667,250.0,,
"Weyerhaeuser NR Company (Dodson, LA)",14308,west,TLR,Birmingham,AL,2x12,,,12.0,121.522915705437,,
"Weyerhaeuser NR Company (Dodson, LA)",14308,west,TLR,Birmingham,AL,2x6,,10.0,10.0,306.133680555556,,
"Weyerhaeuser NR Company (Dodson, LA)",14308,west,TLR,Birmingham,AL,2x8,,,13.33335,123.8770380434784,,
"Weyerhaeuser NR Company (Holden, LA)",14307,west,Customer,Armorel,AR,4x4,,8.0,10.66667,415.0,,
"Weyerhaeuser NR Company (Holden, LA)",14307,west,Customer,Armorel,AR,4x4,,10.0,13.33333,415.074803461955,,
"Weyerhaeuser NR Company (Holden, LA)",14307,west,Customer,Armorel,AR,4x4,,12.0,16.0,415.0,,
"Weyerhaeuser NR Company (Holden, LA)",14307,west,Customer,Brownsville,TX,2x4,,8.0,10.66666,233.866830567507,,
"Weyerhaeuser NR Company (Holden, LA)",14307,west,Customer,Brownsville,TX,2x4,,12.0,8.0,218.214285714286,,
"Weyerhaeuser NR Company (Holden, LA)",14307,west,Customer,Bryan,TX,2x4,,8.0,31.99998,325.39126074661186,,
"Weyerhaeuser NR Company (Holden, LA)",14307,west,Customer,Bryan,TX,2x4,,10.0,53.33336,307.14702234228173,,
"Weyerhaeuser NR Company (Holden, LA)",14307,west,Customer,Bryan,TX,2x4,,12.0,48.0,328.16091221779016,,
"Weyerhaeuser NR Company (Holden, LA)",14307,west,Customer,Bryan,TX,4x4,,8.0,234.66674,373.2596649070036,,
"Weyerhaeuser NR Company (Holden, LA)",14307,west,Customer,Bryan,TX,4x4,,10.0,79.99998,333.8706074353448,,
"Weyerhaeuser NR Company (Holden, LA)",14307,west,Customer,Bryan,TX,4x4,,12.0,160.0,359.3190124198717,,
"Weyerhaeuser NR Company (Holden, LA)",14307,west,Customer,Chickasha,OK,4x4,,8.0,10.66667,216.671331988324,,
"Weyerhaeuser NR Company (Holden, LA)",14307,west,Customer,Columbus,MS,4x4,,8.0,10.66667,375.470252403846,,
"Weyerhaeuser NR Company (Holden, LA)",14307,west,Customer,Columbus,MS,4x4,,10.0,39.99999,313.35703001579765,,
"Weyerhaeuser NR Company (Holden, LA)",14307,west,Customer,Columbus,MS,4x4,,12.0,48.0,313.3333333333333,,
"Weyerhaeuser NR Company (Holden, LA)",14307,west,Customer,Conroe,TX,2x4,,10.0,6.66667,271.115184294872,,
"Weyerhaeuser NR Company (Holden, LA)",14307,west,Customer,Dallas,TX,2x4,,8.0,21.33332,270.99248113687247,,
"Weyerhaeuser NR Company (Holden, LA)",14307,west,Customer,Dallas,TX,2x4,,10.0,33.333349999999996,240.07658736105617,,
"Weyerhaeuser NR Company (Holden, LA)",14307,west,Customer,Dallas,TX,2x4,,12.0,24.0,205.538492357002,,
"Weyerhaeuser NR Company (Holden, LA)",14307,west,Customer,Dallas,TX,4x4,,10.0,39.99999,250.0,,
"Weyerhaeuser NR Company (Holden, LA)",14307,west,Customer,Dallas,TX,4x4,,12.0,96.0,268.3333333333333,,
"Weyerhaeuser NR Company (Holden, LA)",14307,west,Customer,Durant,OK,2x4,,12.0,8.0,340.0,,
"Weyerhaeuser NR Company (Holden, LA)",14307,west,Customer,Eatonton,GA,2x4,,10.0,6.66667,340.015324979717,,
"Weyerhaeuser NR Company (Holden, LA)",14307,west,Customer,Edinburg,TX,2x4,,8.0,15.99999,252.958000409752,,
"Weyerhaeuser NR Company (Holden, LA)",14307,west,Customer,Edinburg,TX,2x4,,10.0,6.66667,281.50554403678,,
"Weyerhaeuser NR Company (Holden, LA)",14307,west,Customer,Ennis,TX,2x4,,8.0,10.66666,144.00309079201548,,
"Weyerhaeuser NR Company (Holden, LA)",14307,west,Customer,Ennis,TX,2x4,,10.0,13.33334,209.658580603531,,
"Weyerhaeuser NR Company (Holden, LA)",14307,west,Customer,Ennis,TX,4x4,,12.0,48.0,250.0,,
"Weyerhaeuser NR Company (Holden, LA)",14307,west,Customer,Flintville,TN,2x4,,12.0,16.0,213.6263736263735,,
"Weyerhaeuser NR Company (Holden, LA)",14307,west,Customer,Fort Worth,TX,4x4,,12.0,16.0,315.0,,
"Weyerhaeuser NR Company (Holden, LA)",14307,west,Customer,Ft Worth,TX,2x4,,8.0,5.33333,250.007160417947,,
"Weyerhaeuser NR Company (Holden, LA)",14307,west,Customer,Ft Worth,TX,2x4,,10.0,33.333349999999996,329.0121247633644,,
"Weyerhaeuser NR Company (Holden, LA)",14307,west,Customer,Ft Worth,TX,2x4,,12.0,24.0,272.1031861882553,,
"Weyerhaeuser NR Company (Holden, LA)",14307,west,Customer,Ghent,KY,4x4,,8.0,10.66667,283.508518885784,,
"Weyerhaeuser NR Company (Holden, LA)",14307,west,Customer,Grand Prairie,TX,2x4,,8.0,10.66666,207.503112255849,,
"Weyerhaeuser NR Company (Holden, LA)",14307,west,Customer,Gulfport,MS,2x4,,10.0,6.66667,244.713019132058,,
"Weyerhaeuser NR Company (Holden, LA)",14307,west,Customer,Henderson,TX,2x4,,12.0,56.0,225.0,,
"Weyerhaeuser NR Company (Holden, LA)",14307,west,Customer,Houston,TX,2x4,,8.0,21.33332,223.18795550548626,,
"Weyerhaeuser NR Company (Holden, LA)",14307,west,Customer,Houston,TX,2x4,,7.0,4.66667,243.268811665412,,
"Weyerhaeuser NR Company (Holden, LA)",14307,west,Customer,Houston,TX,2x4,,10.0,13.33334,223.974568362109,,
"Weyerhaeuser NR Company (Holden, LA)",14307,west,Customer,Houston,TX,2x4,,12.0,72.0,262.09910571199634,,
"Weyerhaeuser NR Company (Holden, LA)",14307,west,Customer,Houston,TX,4x4,,8.0,10.66667,284.349244505494,,
"Weyerhaeuser NR Company (Holden, LA)",14307,west,Customer,Houston,TX,4x4,,10.0,13.33333,415.049903834595,,
"Weyerhaeuser NR Company (Holden, LA)",14307,west,Customer,Houston,TX,4x4,,12.0,128.0,280.0,,
"Weyerhaeuser NR Company (Holden, LA)",14307,west,Customer,Irving,TX,2x4,,8.0,5.33333,145.000005326777,,
"Weyerhaeuser NR Company (Holden, LA)",14307,west,Customer,La Porte,TX,2x4,,12.0,32.0,218.214285714286,,
"Weyerhaeuser NR Company (Holden, LA)",14307,west,Customer,Laredo,TX,4x4,,8.0,10.66667,415.0,,
"Weyerhaeuser NR Company (Holden, LA)",14307,west,Customer,Markleville,IN,4x4,,10.0,13.33333,315.000013908206,,
"Weyerhaeuser NR Company (Holden, LA)",14307,west,Customer,Memphis,TN,2x4,,10.0,13.33334,256.4780681287915,,
"Weyerhaeuser NR Company (Holden, LA)",14307,west,Customer,Middlefield,OH,4x4,,12.0,48.0,250.0,,
"Weyerhaeuser NR Company (Holden, LA)",14307,west,Customer,Montgomery,AL,4x4,,10.0,93.33331,330.37278320852784,,
"Weyerhaeuser NR Company (Holden, LA)",14307,west,Customer,Mount Pleasant,TX,2x4,,10.0,20.00001,334.62112832110466,,
"Weyerhaeuser NR Company (Holden, LA)",14307,west,Customer,Mt Pleasant,TX,2x4,,10.0,6.66667,271.115184294872,,
"Weyerhaeuser NR Company (Holden, LA)",14307,west,Customer,Olive Branch,MS,2x4,,10.0,6.66667,226.670072115385,,
"Weyerhaeuser NR Company (Holden, LA)",14307,west,Customer,Ottawa Lake,MI,4x4,,12.0,32.0,262.5,,
"Weyerhaeuser NR Company (Holden, LA)",14307,west,Customer,Owensboro,KY,4x4,,8.0,10.66667,294.04296875,,
"Weyerhaeuser NR Company (Holden, LA)",14307,west,Customer,Pollok,TX,2x4,,8.0,15.99999,258.97517929249335,,
"Weyerhaeuser NR Company (Holden, LA)",14307,west,Customer,Pollok,TX,2x4,,10.0,13.33334,332.3038896871195,,
"Weyerhaeuser NR Company (Holden, LA)",14307,west,Customer,Pollok,TX,2x4,,12.0,48.0,168.78593069196435,,
"Weyerhaeuser NR Company (Holden, LA)",14307,west,Customer,Port Neches,TX,2x4,,8.0,21.33332,287.04701905347247,,
"Weyerhaeuser NR Company (Holden, LA)",14307,west,Customer,Port Neches,TX,2x4,,12.0,40.0,273.7142857142856,,
"Weyerhaeuser NR Company (Holden, LA)",14307,west,Customer,Scammon,KS,4x4,,8.0,10.66667,248.805588942308,,
"Weyerhaeuser NR Company (Holden, LA)",14307,west,Customer,Seguin,TX,4x4,,8.0,32.00001,321.4383891446184,,
"Weyerhaeuser NR Company (Holden, LA)",14307,west,Customer,Silsbee,TX,2x4,,8.0,5.33333,162.274943659086,,
"Weyerhaeuser NR Company (Holden, LA)",14307,west,Customer,Skidmore,TX,4x4,,10.0,13.33333,415.0,,
"Weyerhaeuser NR Company (Holden, LA)",14307,west,Customer,Somerset,KY,4x4,,8.0,10.66667,220.032229709933,,
"Weyerhaeuser NR Company (Holden, LA)",14307,west,Customer,Somerset,KY,4x4,,10.0,13.33333,220.0,,
"Weyerhaeuser NR Company (Holden, LA)",14307,west,Customer,Somerset,KY,4x4,,12.0,32.0,204.2857142857145,,
"Weyerhaeuser NR Company (Holden, LA)",14307,west,Customer,Springfield,MO,2x4,,12.0,8.0,336.0,,
"Weyerhaeuser NR Company (Holden, LA)",14307,west,Customer,Springfield,MO,4x4,,10.0,13.33333,250.020033656543,,
"Weyerhaeuser NR Company (Holden, LA)",14307,west,Customer,Springfield,MO,4x4,,12.0,16.0,250.0,,
"Weyerhaeuser NR Company (Holden, LA)",14307,west,Customer,Stephenville,TX,4x4,,12.0,16.0,250.0,,
"Weyerhaeuser NR Company (Holden, LA)",14307,west,Customer,Toledo,OH,4x4,,12.0,16.0,247.5,,
"Weyerhaeuser NR Company (Holden, LA)",14307,west,Customer,Tuscumbia,AL,2x4,,10.0,6.66667,217.781049679487,,
"Weyerhaeuser NR Company (Holden, LA)",14307,west,Customer,Walnut,MS,2x4,,10.0,6.66667,254.166666666667,,
"Weyerhaeuser NR Company (Holden, LA)",14307,west,Customer,Whiteville,TN,4x4,,10.0,26.66666,275.000012877968,,
"Weyerhaeuser NR Company (Holden, LA)",14307,west,Customer,,,2x4,,8.0,10.66666,153.640584085392,,
"Weyerhaeuser NR Company (Holden, LA)",14307,west,Customer,,,2x4,,10.0,6.66667,178.828733296568,,
"Weyerhaeuser NR Company (Holden, LA)",14307,west,Customer,,,2x4,,12.0,16.0,202.5,,
"Weyerhaeuser NR Company (Holden, LA)",14307,west,Customer,,,4x4,,12.0,16.0,252.083333333333,,
"Weyerhaeuser NR Company (Holden, LA)",14307,west,TLR,Birmingham,AL,2x4,,8.0,5.33333,293.545584921123,,
"Weyerhaeuser NR Company (Holden, LA)",14307,west,TLR,Birmingham,AL,2x4,,10.0,33.333349999999996,342.09861008698783,,
"Weyerhaeuser NR Company (Holden, LA)",14307,west,TLR,Birmingham,AL,2x4,,12.0,24.0,327.7420796351083,,
"Weyerhaeuser NR Company (Holden, LA)",14307,west,TLR,Birmingham,AL,4x4,,8.0,42.66668,361.51384275557825,,
"Weyerhaeuser NR Company (Holden, LA)",14307,west,TLR,Birmingham,AL,4x4,,10.0,13.33333,465.480168950242,,
"Weyerhaeuser NR Company (Holden, LA)",14307,west,TLR,Birmingham,AL,4x4,,12.0,32.0,357.7481099759615,,
"Weyerhaeuser NR Company (Idabel, OK)",14311,west,Customer,Amity,AR,2x12,,8.0,16.0,230.0,,
"Weyerhaeuser NR Company (Idabel, OK)",14311,west,Customer,Amity,AR,2x12,,10.0,20.0,235.000016741071,,
"Weyerhaeuser NR Company (Idabel, OK)",14311,west,Customer,Amity,AR,2x12,,12.0,24.0,235.0,,
"Weyerhaeuser NR Company (Idabel, OK)",14311,west,Customer,Bonham,TX,2x10,,16.0,26.66667,205.0,,
"Weyerhaeuser NR Company (Idabel, OK)",14311,west,Customer,Bonham,TX,2x10,,12.0,20.0,205.0,,
"Weyerhaeuser NR Company (Idabel, OK)",14311,west,Customer,Bonham,TX,2x6,,16.0,16.0,310.0,,
"Weyerhaeuser NR Company (Idabel, OK)",14311,west,Customer,Bonham,TX,2x6,,10.0,10.0,393.75,,
"Weyerhaeuser NR Company (Idabel, OK)",14311,west,Customer,Bonham,TX,2x6,,12.0,12.0,320.000021158854,,
"Weyerhaeuser NR Company (Idabel, OK)",14311,west,Customer,Bonham,TX,2x8,,8.0,10.66667,250.0,,
"Weyerhaeuser NR Company (Idabel, OK)",14311,west,Customer,Bonham,TX,2x8,,16.0,42.66666,287.5161871637845,,
"Weyerhaeuser NR Company (Idabel, OK)",14311,west,Customer,Brazil,IN,2x12,,16.0,64.0,222.4999943847655,,
"Weyerhaeuser NR Company (Idabel, OK)",14311,west,Customer,Brazil,IN,2x12,,12.0,24.0,209.999981470353,,
"Weyerhaeuser NR Company (Idabel, OK)",14311,west,Customer,Brazil,IN,2x8,,8.0,10.66667,209.999986328125,,
"Weyerhaeuser NR Company (Idabel, OK)",14311,west,Customer,Brazil,IN,2x8,,16.0,85.33332,217.52296842762502,,
"Weyerhaeuser NR Company (Idabel, OK)",14311,west,Customer,Brazil,IN,2x8,,12.0,32.0,215.000244140625,,
"Weyerhaeuser NR Company (Idabel, OK)",14311,west,Customer,Brazil,IN,2x8,,14.0,37.33334,215.000209263393,,
"Weyerhaeuser NR Company (Idabel, OK)",14311,west,Customer,Broken Arrow,OK,2x12,,16.0,128.0,281.25,,
"Weyerhaeuser NR Company (Idabel, OK)",14311,west,Customer,Broken Arrow,OK,2x12,,14.0,84.0,290.000003720238,,
"Weyerhaeuser NR Company (Idabel, OK)",14311,west,Customer,Broken Arrow,OK,2x12,,18.0,36.0,206.666666666667,,
"Weyerhaeuser NR Company (Idabel, OK)",14311,west,Customer,Broken Arrow,OK,2x12,,20.0,40.0,200.0,,
"Weyerhaeuser NR Company (Idabel, OK)",14311,west,Customer,Bryan,TX,2x10,,8.0,39.99999,219.17946938796467,,
"Weyerhaeuser NR Company (Idabel, OK)",14311,west,Customer,Bryan,TX,2x10,,16.0,160.00002,214.5794909553875,,
"Weyerhaeuser NR Company (Idabel, OK)",14311,west,Customer,Bryan,TX,2x10,,,6.66667,144.995790756539,,
"Weyerhaeuser NR Company (Idabel, OK)",14311,west,Customer,Bryan,TX,2x10,,10.0,16.66667,180.0,,
"Weyerhaeuser NR Company (Idabel, OK)",14311,west,Customer,Bryan,TX,2x10,,12.0,80.0,230.01358571428574,,
"Weyerhaeuser NR Company (Idabel, OK)",14311,west,Customer,Bryan,TX,2x10,,14.0,46.66666,262.449160575562,,
"Weyerhaeuser NR Company (Idabel, OK)",14311,west,Customer,Bryan,TX,2x12,,16.0,32.0,260.0,,
"Weyerhaeuser NR Company (Idabel, OK)",14311,west,Customer,Bryan,TX,2x12,,,16.0,146.54467312918052,,
"Weyerhaeuser NR Company (Idabel, OK)",14311,west,Customer,Bryan,TX,2x12,,10.0,80.0,255.0,,
"Weyerhaeuser NR Company (Idabel, OK)",14311,west,Customer,Bryan,TX,2x12,,12.0,72.0,266.66665621054295,,
"Weyerhaeuser NR Company (Idabel, OK)",14311,west,Customer,Bryan,TX,2x12,,14.0,112.0,254.999993373326,,
"Weyerhaeuser NR Company (Idabel, OK)",14311,west,Customer,Bryan,TX,2x12,,18.0,36.0,259.999980034722,,
"Weyerhaeuser NR Company (Idabel, OK)",14311,west,Customer,Bryan,TX,2x12,,20.0,40.0,260.0,,
"Weyerhaeuser NR Company (Idabel, OK)",14311,west,Customer,Bryan,TX,2x4,,8.0,5.33333,375.0,,
"Weyerhaeuser NR Company (Idabel, OK)",14311,west,Customer,Bryan,TX,2x4,,16.0,10.66667,375.0,,
"Weyerhaeuser NR Company (Idabel, OK)",14311,west,Customer,Bryan,TX,2x4,,10.0,13.33334,320.0,,
"Weyerhaeuser NR Company (Idabel, OK)",14311,west,Customer,Bryan,TX,2x4,,12.0,8.0,375.0,,
"Weyerhaeuser NR Company (Idabel, OK)",14311,west,Customer,Bryan,TX,2x4,,14.0,9.33333,375.0,,
"Weyerhaeuser NR Company (Idabel, OK)",14311,west,Customer,Bryan,TX,2x6,,8.0,8.0,345.722979492188,,
"Weyerhaeuser NR Company (Idabel, OK)",14311,west,Customer,Bryan,TX,2x6,,16.0,32.0,281.3451362304685,,
"Weyerhaeuser NR Company (Idabel, OK)",14311,west,Customer,Bryan,TX,2x6,,10.0,10.0,345.724940234375,,
"Weyerhaeuser NR Company (Idabel, OK)",14311,west,Customer,Bryan,TX,2x6,,12.0,12.0,345.724932291667,,
"Weyerhaeuser NR Company (Idabel, OK)",14311,west,Customer,Bryan,TX,2x6,,14.0,14.0,345.727176339286,,
"Weyerhaeuser NR Company (Idabel, OK)",14311,west,Customer,Bryan,TX,2x8,,8.0,74.66669,289.53656808035714,,
"Weyerhaeuser NR Company (Idabel, OK)",14311,west,Customer,Bryan,TX,2x8,,16.0,191.99997,296.51425916883676,,
"Weyerhaeuser NR Company (Idabel, OK)",14311,west,Customer,Bryan,TX,2x8,,,5.33333,138.08933423913,,
"Weyerhaeuser NR Company (Idabel, OK)",14311,west,Customer,Bryan,TX,2x8,,10.0,79.99998,278.9382075520833,,
"Weyerhaeuser NR Company (Idabel, OK)",14311,west,Customer,Bryan,TX,2x8,,12.0,128.0,291.0784111192491,,
"Weyerhaeuser NR Company (Idabel, OK)",14311,west,Customer,Bryan,TX,2x8,,14.0,130.66669,284.0902119207057,,
"Weyerhaeuser NR Company (Idabel, OK)",14311,west,Customer,Bryan,TX,2x8,,18.0,24.0,265.0,,
"Weyerhaeuser NR Company (Idabel, OK)",14311,west,Customer,Carrollton,MO,2x4,,18.0,12.0,420.0,,
"Weyerhaeuser NR Company (Idabel, OK)",14311,west,Customer,Catoosa,OK,2x4,,18.0,12.0,355.0,,
"Weyerhaeuser NR Company (Idabel, OK)",14311,west,Customer,Catoosa,OK,2x6,,18.0,18.0,300.0,,
"Weyerhaeuser NR Company (Idabel, OK)",14311,west,Customer,Columbus,MS,2x4,,,1.33333,162.951239500102,,
"Weyerhaeuser NR Company (Idabel, OK)",14311,west,Customer,Conroe,TX,2x8,,8.0,10.66667,235.0,,
"Weyerhaeuser NR Company (Idabel, OK)",14311,west,Customer,Conroe,TX,2x8,,16.0,21.33333,235.028690025638,,
"Weyerhaeuser NR Company (Idabel, OK)",14311,west,Customer,Conroe,TX,2x8,,10.0,13.33333,235.183723221267,,
"Weyerhaeuser NR Company (Idabel, OK)",14311,west,Customer,Conroe,TX,2x8,,12.0,16.0,234.999989583333,,
"Weyerhaeuser NR Company (Idabel, OK)",14311,west,Customer,Conroe,TX,2x8,,14.0,18.66667,235.0,,
"Weyerhaeuser NR Company (Idabel, OK)",14311,west,Customer,Corsicana,TX,2x12,,16.0,32.0,290.000011097301,,
"Weyerhaeuser NR Company (Idabel, OK)",14311,west,Customer,Crowley,TX,2x4,,8.0,15.99999,263.387800020038,,
"Weyerhaeuser NR Company (Idabel, OK)",14311,west,Customer,Crowley,TX,2x4,,16.0,32.00001,263.34707347306767,,
"Weyerhaeuser NR Company (Idabel, OK)",14311,west,Customer,Crowley,TX,2x4,,10.0,6.66667,185.034078615218,,
"Weyerhaeuser NR Company (Idabel, OK)",14311,west,Customer,Crowley,TX,2x4,,12.0,16.0,270.0005759214745,,
"Weyerhaeuser NR Company (Idabel, OK)",14311,west,Customer,Crowley,TX,2x4,,14.0,18.66666,270.02441599778797,,
"Weyerhaeuser NR Company (Idabel, OK)",14311,west,Customer,Crowley,TX,2x6,,8.0,16.0,277.499994873047,,
"Weyerhaeuser NR Company (Idabel, OK)",14311,west,Customer,Crowley,TX,2x6,,16.0,32.0,277.4999948120115,,
"Weyerhaeuser NR Company (Idabel, OK)",14311,west,Customer,Crowley,TX,2x6,,10.0,20.0,277.5,,
"Weyerhaeuser NR Company (Idabel, OK)",14311,west,Customer,Crowley,TX,2x6,,12.0,12.0,315.0,,
"Weyerhaeuser NR Company (Idabel, OK)",14311,west,Customer,Crowley,TX,2x6,,14.0,28.0,277.499993861607,,
"Weyerhaeuser NR Company (Idabel, OK)",14311,west,Customer,Dallas,TX,2x4,,8.0,5.33333,250.009798541977,,
"Weyerhaeuser NR Company (Idabel, OK)",14311,west,Customer,Dallas,TX,2x4,,10.0,6.66667,264.99998838141,,
"Weyerhaeuser NR Company (Idabel, OK)",14311,west,Customer,Dallas,TX,2x8,,8.0,74.66669,277.499994187128,,
"Weyerhaeuser NR Company (Idabel, OK)",14311,west,Customer,Dallas,TX,2x8,,16.0,255.99996,274.4063049564134,,
"Weyerhaeuser NR Company (Idabel, OK)",14311,west,Customer,Dallas,TX,2x8,,10.0,79.99998,273.45362311540583,,
"Weyerhaeuser NR Company (Idabel, OK)",14311,west,Customer,Dallas,TX,2x8,,12.0,144.0,281.3888914689429,,
"Weyerhaeuser NR Company (Idabel, OK)",14311,west,Customer,Dallas,TX,2x8,,14.0,149.33336,261.25,,
"Weyerhaeuser NR Company (Idabel, OK)",14311,west,Customer,Denton,TX,2x6,,18.0,36.0,345.0,,
"Weyerhaeuser NR Company (Idabel, OK)",14311,west,Customer,Denton,TX,2x6,,20.0,40.0,345.0,,
"Weyerhaeuser NR Company (Idabel, OK)",14311,west,Customer,Denton,TX,2x8,,18.0,24.0,250.0,,
"Weyerhaeuser NR Company (Idabel, OK)",14311,west,Customer,Denton,TX,2x8,,20.0,53.33334,250.0,,
"Weyerhaeuser NR Company (Idabel, OK)",14311,west,Customer,Ft Worth,TX,2x4,,8.0,10.66666,275.0834054274875,,
"Weyerhaeuser NR Company (Idabel, OK)",14311,west,Customer,Ft Worth,TX,2x4,,16.0,21.33334,275.00902543464247,,
"Weyerhaeuser NR Company (Idabel, OK)",14311,west,Customer,Ft Worth,TX,2x4,,10.0,6.66667,270.194792929293,,
"Weyerhaeuser NR Company (Idabel, OK)",14311,west,Customer,Ft Worth,TX,2x4,,12.0,8.0,280.000012620192,,
"Weyerhaeuser NR Company (Idabel, OK)",14311,west,Customer,Ft Worth,TX,2x4,,14.0,18.66666,275.047226515542,,
"Weyerhaeuser NR Company (Idabel, OK)",14311,west,Customer,Ft Worth,TX,2x6,,10.0,10.0,290.0,,
"Weyerhaeuser NR Company (Idabel, OK)",14311,west,Customer,Guthrie,OK,2x4,,8.0,10.66666,247.5073304034255,,
"Weyerhaeuser NR Company (Idabel, OK)",14311,west,Customer,Guthrie,OK,2x4,,16.0,21.33334,247.567628494139,,
"Weyerhaeuser NR Company (Idabel, OK)",14311,west,Customer,Guthrie,OK,2x4,,10.0,6.66667,300.054093040029,,
"Weyerhaeuser NR Company (Idabel, OK)",14311,west,Customer,Guthrie,OK,2x4,,12.0,16.0,247.500011268029,,
"Weyerhaeuser NR Company (Idabel, OK)",14311,west,Customer,Guthrie,OK,2x4,,14.0,9.33333,300.051519835137,,
"Weyerhaeuser NR Company (Idabel, OK)",14311,west,Customer,Guthrie,OK,2x6,,16.0,16.0,135.0,,
"Weyerhaeuser NR Company (Idabel, OK)",14311,west,Customer,Henderson,TX,2x4,,10.0,6.66667,244.999984304077,,
"Weyerhaeuser NR Company (Idabel, OK)",14311,west,Customer,Henderson,TX,2x4,,12.0,8.0,245.0,,
"Weyerhaeuser NR Company (Idabel, OK)",14311,west,Customer,Hidalgo,TX,2x6,,8.0,8.0,264.999980893342,,
"Weyerhaeuser NR Company (Idabel, OK)",14311,west,Customer,Houston,TX,2x12,,16.0,96.0,271.6666666666667,,
"Weyerhaeuser NR Company (Idabel, OK)",14311,west,Customer,Houston,TX,2x4,,8.0,5.33333,270.048669311215,,
"Weyerhaeuser NR Company (Idabel, OK)",14311,west,Customer,Houston,TX,2x4,,10.0,6.66667,231.44446733979,,
"Weyerhaeuser NR Company (Idabel, OK)",14311,west,Customer,Houston,TX,2x4,,12.0,16.0,270.0,,
"Weyerhaeuser NR Company (Idabel, OK)",14311,west,Customer,Houston,TX,2x4,,14.0,9.33333,270.069569809377,,
"Weyerhaeuser NR Company (Idabel, OK)",14311,west,Customer,Howards Grove,WI,2x4,,12.0,8.0,273.214268973214,,
"Weyerhaeuser NR Company (Idabel, OK)",14311,west,Customer,Hutchins,TX,2x4,,,2.66666,55.002256586719156,,
"Weyerhaeuser NR Company (Idabel, OK)",14311,west,Customer,Irving,TX,2x6,,10.0,10.0,180.000016927083,,
"Weyerhaeuser NR Company (Idabel, OK)",14311,west,Customer,Jacksonville,TX,2x8,,8.0,53.333349999999996,258.9999958984376,,
"Weyerhaeuser NR Company (Idabel, OK)",14311,west,Customer,Jacksonville,TX,2x8,,16.0,127.99998,265.030600581086,,
"Weyerhaeuser NR Company (Idabel, OK)",14311,west,Customer,Jacksonville,TX,2x8,,10.0,26.66666,262.602579132474,,
"Weyerhaeuser NR Company (Idabel, OK)",14311,west,Customer,Jacksonville,TX,2x8,,12.0,48.0,265.0,,
"Weyerhaeuser NR Company (Idabel, OK)",14311,west,Customer,Jacksonville,TX,2x8,,14.0,56.00001,285.0,,
"Weyerhaeuser NR Company (Idabel, OK)",14311,west,Customer,Jacksonville,TX,2x8,,18.0,24.0,225.0,,
"Weyerhaeuser NR Company (Idabel, OK)",14311,west,Customer,Jacksonville,TX,2x8,,20.0,26.66667,225.0,,
"Weyerhaeuser NR Company (Idabel, OK)",14311,west,Customer,Kansas City,KS,2x6,,8.0,8.0,215.0,,
"Weyerhaeuser NR Company (Idabel, OK)",14311,west,Customer,Markleville,IN,2x10,,,6.66667,200.0,,
"Weyerhaeuser NR Company (Idabel, OK)",14311,west,Customer,Markleville,IN,2x12,,,16.0,199.9999929942255,,
"Weyerhaeuser NR Company (Idabel, OK)",14311,west,Customer,Middleton,TN,2x4,,8.0,5.33333,245.009602571137,,
"Weyerhaeuser NR Company (Idabel, OK)",14311,west,Customer,Middleton,TN,2x6,,10.0,20.0,238.5526315789475,,
"Weyerhaeuser NR Company (Idabel, OK)",14311,west,Customer,Mt Pleasant,TX,2x4,,8.0,5.33333,385.0,,
"Weyerhaeuser NR Company (Idabel, OK)",14311,west,Customer,Oklahoma City,OK,2x6,,8.0,8.0,240.0,,
"Weyerhaeuser NR Company (Idabel, OK)",14311,west,Customer,Oklahoma City,OK,2x6,,16.0,16.0,240.0,,
"Weyerhaeuser NR Company (Idabel, OK)",14311,west,Customer,Oklahoma City,OK,2x6,,10.0,10.0,240.0,,
"Weyerhaeuser NR Company (Idabel, OK)",14311,west,Customer,Oklahoma City,OK,2x6,,12.0,12.0,240.0,,
"Weyerhaeuser NR Company (Idabel, OK)",14311,west,Customer,Oklahoma City,OK,2x6,,14.0,14.0,240.0,,
"Weyerhaeuser NR Company (Idabel, OK)",14311,west,Customer,Pasadena,TX,2x12,,16.0,32.0,210.0,,
"Weyerhaeuser NR Company (Idabel, OK)",14311,west,Customer,Pasadena,TX,2x8,,16.0,21.33333,233.759522685656,,
"Weyerhaeuser NR Company (Idabel, OK)",14311,west,Customer,Port Neches,TX,2x8,,16.0,21.33333,250.013564103955,,
"Weyerhaeuser NR Company (Idabel, OK)",14311,west,Customer,Port Neches,TX,2x8,,12.0,16.0,250.0,,
"Weyerhaeuser NR Company (Idabel, OK)",14311,west,Customer,Saginaw,TX,2x6,,8.0,8.0,304.999974609375,,
"Weyerhaeuser NR Company (Idabel, OK)",14311,west,Customer,Saginaw,TX,2x6,,10.0,10.0,325.0,,
"Weyerhaeuser NR Company (Idabel, OK)",14311,west,Customer,Sheffield,IA,2x6,,20.0,40.0,340.00000846354146,,
"Weyerhaeuser NR Company (Idabel, OK)",14311,west,Customer,Sherman,TX,2x4,,8.0,5.33333,260.016741790084,,
"Weyerhaeuser NR Company (Idabel, OK)",14311,west,Customer,Sherman,TX,2x4,,10.0,6.66667,265.000360587758,,
"Weyerhaeuser NR Company (Idabel, OK)",14311,west,Customer,Sherman,TX,2x4,,12.0,8.0,260.0,,
"Weyerhaeuser NR Company (Idabel, OK)",14311,west,Customer,Sherman,TX,2x4,,14.0,9.33333,265.000367944661,,
"Weyerhaeuser NR Company (Idabel, OK)",14311,west,Customer,Silsbee,TX,2x10,,8.0,26.66666,236.83297373358351,,
"Weyerhaeuser NR Company (Idabel, OK)",14311,west,Customer,Silsbee,TX,2x10,,10.0,50.00001,222.75267224191,,
"Weyerhaeuser NR Company (Idabel, OK)",14311,west,Customer,Silsbee,TX,2x10,,12.0,40.0,244.110994318182,,
"Weyerhaeuser NR Company (Idabel, OK)",14311,west,Customer,Silsbee,TX,2x12,,8.0,32.0,239.75,,
"Weyerhaeuser NR Company (Idabel, OK)",14311,west,Customer,Silsbee,TX,2x12,,16.0,128.0,249.8749954833985,,
"Weyerhaeuser NR Company (Idabel, OK)",14311,west,Customer,Silsbee,TX,2x12,,10.0,100.0,243.9,,
"Weyerhaeuser NR Company (Idabel, OK)",14311,west,Customer,Silsbee,TX,2x12,,12.0,168.0,239.92856759207598,,
"Weyerhaeuser NR Company (Idabel, OK)",14311,west,Customer,Silsbee,TX,2x12,,14.0,84.0,256.5,,
"Weyerhaeuser NR Company (Idabel, OK)",14311,west,Customer,Silsbee,TX,2x12,,18.0,72.0,302.5,,
"Weyerhaeuser NR Company (Idabel, OK)",14311,west,Customer,Silsbee,TX,2x12,,20.0,160.0,281.25000423177073,,
"Weyerhaeuser NR Company (Idabel, OK)",14311,west,Customer,Silsbee,TX,2x4,,10.0,13.33334,205.8838501675645,,
"Weyerhaeuser NR Company (Idabel, OK)",14311,west,Customer,Silsbee,TX,2x8,,8.0,42.66668,231.24999755859375,,
"Weyerhaeuser NR Company (Idabel, OK)",14311,west,Customer,Silsbee,TX,2x8,,16.0,63.99999,215.02366709445997,,
"Weyerhaeuser NR Company (Idabel, OK)",14311,west,Customer,Silsbee,TX,2x8,,10.0,39.99999,241.72853413947436,,
"Weyerhaeuser NR Company (Idabel, OK)",14311,west,Customer,Silsbee,TX,2x8,,12.0,80.0,230.0,,
"Weyerhaeuser NR Company (Idabel, OK)",14311,west,Customer,Silsbee,TX,2x8,,14.0,93.33335,229.9999981026786,,
"Weyerhaeuser NR Company (Idabel, OK)",14311,west,Customer,Silsbee,TX,2x8,,18.0,48.0,225.000009765625,,
"Weyerhaeuser NR Company (Idabel, OK)",14311,west,Customer,Silsbee,TX,2x8,,20.0,26.66667,234.999985839844,,
"Weyerhaeuser NR Company (Idabel, OK)",14311,west,Customer,Tulsa,OK,2x12,,16.0,96.0,263.3333333333333,,
"Weyerhaeuser NR Company (Idabel, OK)",14311,west,Customer,Tulsa,OK,2x12,,14.0,28.0,255.0,,
"Weyerhaeuser NR Company (Idabel, OK)",14311,west,Customer,Tulsa,OK,2x12,,20.0,40.0,260.0,,
"Weyerhaeuser NR Company (Idabel, OK)",14311,west,Customer,Walnut,MS,2x6,,10.0,10.0,215.0,,
"Weyerhaeuser NR Company (Idabel, OK)",14311,west,Customer,Wichita,KS,2x4,,12.0,8.0,285.0,,
"Weyerhaeuser NR Company (Idabel, OK)",14311,west,Customer,Wichita,KS,2x4,,18.0,36.0,327.77777777777766,,
"Weyerhaeuser NR Company (Idabel, OK)",14311,west,Customer,Wichita,KS,2x4,,20.0,26.66666,260.0304019146755,,
"Weyerhaeuser NR Company (Idabel, OK)",14311,west,Customer,,,2x12,,16.0,32.0,235.0,,
"Weyerhaeuser NR Company (Magnolia, MS)",14306,central,Customer,Birmingham,AL,2x6,,8.0,8.0,290.0,,
"Weyerhaeuser NR Company (Magnolia, MS)",14306,central,Customer,Bonham,TX,2x10,,16.0,26.66667,210.008949117873,,
"Weyerhaeuser NR Company (Magnolia, MS)",14306,central,Customer,Bonham,TX,2x10,,14.0,23.33333,190.008482521541,,
"Weyerhaeuser NR Company (Magnolia, MS)",14306,central,Customer,Bonham,TX,2x6,,12.0,24.0,300.0,,
"Weyerhaeuser NR Company (Magnolia, MS)",14306,central,Customer,Bonham,TX,2x8,,12.0,32.0,200.0,,
"Weyerhaeuser NR Company (Magnolia, MS)",14306,central,Customer,Brazil,IN,2x8,,8.0,10.66667,295.830419921875,,
"Weyerhaeuser NR Company (Magnolia, MS)",14306,central,Customer,Brazil,IN,2x8,,16.0,63.99999,211.676073748539,,
"Weyerhaeuser NR Company (Magnolia, MS)",14306,central,Customer,Brazil,IN,2x8,,10.0,13.33333,295.888202773979,,
"Weyerhaeuser NR Company (Magnolia, MS)",14306,central,Customer,Brazil,IN,2x8,,12.0,80.0,259.9803227629484,,
"Weyerhaeuser NR Company (Magnolia, MS)",14306,central,Customer,Brazil,IN,2x8,,14.0,37.33334,250.4152064732145,,
"Weyerhaeuser NR Company (Magnolia, MS)",14306,central,Customer,Bryan,TX,2x10,,8.0,133.3333,221.99104936483099,,
"Weyerhaeuser NR Company (Magnolia, MS)",14306,central,Customer,Bryan,TX,2x10,,16.0,160.00002,211.58750246865665,,
"Weyerhaeuser NR Company (Magnolia, MS)",14306,central,Customer,Bryan,TX,2x10,,6.0,30.0,181.66666666666666,,
"Weyerhaeuser NR Company (Magnolia, MS)",14306,central,Customer,Bryan,TX,2x10,,10.0,66.66668,222.471231248828,,
"Weyerhaeuser NR Company (Magnolia, MS)",14306,central,Customer,Bryan,TX,2x10,,12.0,100.0,208.89456562499998,,
"Weyerhaeuser NR Company (Magnolia, MS)",14306,central,Customer,Bryan,TX,2x10,,14.0,93.33332,225.72116512373526,,
"Weyerhaeuser NR Company (Magnolia, MS)",14306,central,Customer,Bryan,TX,2x12,,16.0,64.0,267.5,,
"Weyerhaeuser NR Company (Magnolia, MS)",14306,central,Customer,Bryan,TX,2x12,,6.0,12.0,200.000010127315,,
"Weyerhaeuser NR Company (Magnolia, MS)",14306,central,Customer,Bryan,TX,2x12,,10.0,20.0,270.0,,
"Weyerhaeuser NR Company (Magnolia, MS)",14306,central,Customer,Bryan,TX,2x12,,12.0,48.0,267.5,,
"Weyerhaeuser NR Company (Magnolia, MS)",14306,central,Customer,Bryan,TX,2x12,,14.0,56.0,267.5,,
"Weyerhaeuser NR Company (Magnolia, MS)",14306,central,Customer,Bryan,TX,2x4,,8.0,21.33332,357.51633377132754,,
"Weyerhaeuser NR Company (Magnolia, MS)",14306,central,Customer,Bryan,TX,2x4,,16.0,32.00001,356.65802157373565,,
"Weyerhaeuser NR Company (Magnolia, MS)",14306,central,Customer,Bryan,TX,2x4,,10.0,26.66668,357.4865391049232,,
"Weyerhaeuser NR Company (Magnolia, MS)",14306,central,Customer,Bryan,TX,2x4,,12.0,32.0,357.49998935797277,,
"Weyerhaeuser NR Company (Magnolia, MS)",14306,central,Customer,Bryan,TX,2x4,,14.0,37.33332,357.504018105668,,
"Weyerhaeuser NR Company (Magnolia, MS)",14306,central,Customer,Bryan,TX,2x6,,8.0,8.0,300.000018066406,,
"Weyerhaeuser NR Company (Magnolia, MS)",14306,central,Customer,Bryan,TX,2x6,,16.0,16.0,311.000088778409,,
"Weyerhaeuser NR Company (Magnolia, MS)",14306,central,Customer,Bryan,TX,2x6,,10.0,10.0,300.0,,
"Weyerhaeuser NR Company (Magnolia, MS)",14306,central,Customer,Bryan,TX,2x8,,8.0,53.333349999999996,314.9553131231398,,
"Weyerhaeuser NR Company (Magnolia, MS)",14306,central,Customer,Bryan,TX,2x8,,16.0,85.33332,300.3872229003907,,
"Weyerhaeuser NR Company (Magnolia, MS)",14306,central,Customer,Bryan,TX,2x8,,6.0,8.0,240.0,,
"Weyerhaeuser NR Company (Magnolia, MS)",14306,central,Customer,Bryan,TX,2x8,,10.0,106.66664,341.1439364846254,,
"Weyerhaeuser NR Company (Magnolia, MS)",14306,central,Customer,Bryan,TX,2x8,,12.0,48.0,310.51521267361096,,
"Weyerhaeuser NR Company (Magnolia, MS)",14306,central,Customer,Bryan,TX,2x8,,14.0,149.33336,336.1438563788797,,
"Weyerhaeuser NR Company (Magnolia, MS)",14306,central,Customer,Bunkie,LA,2x4,,16.0,10.66667,305.0,,
"Weyerhaeuser NR Company (Magnolia, MS)",14306,central,Customer,Bunkie,LA,2x4,,14.0,9.33333,290.0,,
"Weyerhaeuser NR Company (Magnolia, MS)",14306,central,Customer,Bunkie,LA,2x6,,8.0,8.0,265.631412760417,,
"Weyerhaeuser NR Company (Magnolia, MS)",14306,central,Customer,Bunkie,LA,2x6,,16.0,16.0,265.631333007812,,
"Weyerhaeuser NR Company (Magnolia, MS)",14306,central,Customer,Bunkie,LA,2x6,,10.0,10.0,265.631431640625,,
"Weyerhaeuser NR Company (Magnolia, MS)",14306,central,Customer,Bunkie,LA,2x6,,12.0,12.0,265.631525607639,,
"Weyerhaeuser NR Company (Magnolia, MS)",14306,central,Customer,Bunkie,LA,2x6,,14.0,14.0,265.631335565476,,
"Weyerhaeuser NR Company (Magnolia, MS)",14306,central,Customer,Columbus,MS,2x4,,,6.66665,166.6036970074492,,
"Weyerhaeuser NR Company (Magnolia, MS)",14306,central,Customer,Conroe,TX,2x6,,16.0,16.0,275.000014648438,,
"Weyerhaeuser NR Company (Magnolia, MS)",14306,central,Customer,Conroe,TX,2x8,,8.0,10.66667,310.0,,
"Weyerhaeuser NR Company (Magnolia, MS)",14306,central,Customer,Conroe,TX,2x8,,16.0,42.66666,305.0273323859505,,
"Weyerhaeuser NR Company (Magnolia, MS)",14306,central,Customer,Conroe,TX,2x8,,10.0,13.33333,310.121126611958,,
"Weyerhaeuser NR Company (Magnolia, MS)",14306,central,Customer,Conroe,TX,2x8,,12.0,32.0,304.9999934895835,,
"Weyerhaeuser NR Company (Magnolia, MS)",14306,central,Customer,Conroe,TX,2x8,,14.0,18.66667,300.0,,
"Weyerhaeuser NR Company (Magnolia, MS)",14306,central,Customer,Cullman,AL,2x10,,8.0,66.66665,200.016194840595,,
"Weyerhaeuser NR Company (Magnolia, MS)",14306,central,Customer,Cullman,AL,2x10,,16.0,53.33334,207.50458109605398,,
"Weyerhaeuser NR Company (Magnolia, MS)",14306,central,Customer,Cullman,AL,2x10,,10.0,16.66667,200.0300030003,,
"Weyerhaeuser NR Company (Magnolia, MS)",14306,central,Customer,Cullman,AL,2x10,,12.0,80.0,205.0,,
"Weyerhaeuser NR Company (Magnolia, MS)",14306,central,Customer,Dallas,TX,2x4,,8.0,5.33333,270.030425963489,,
"Weyerhaeuser NR Company (Magnolia, MS)",14306,central,Customer,Dallas,TX,2x4,,,5.33334,215.0,,
"Weyerhaeuser NR Company (Magnolia, MS)",14306,central,Customer,Dallas,TX,2x4,,10.0,6.66667,280.0,,
"Weyerhaeuser NR Company (Magnolia, MS)",14306,central,Customer,Dallas,TX,2x4,,14.0,9.33333,285.07343122102,,
"Weyerhaeuser NR Company (Magnolia, MS)",14306,central,Customer,Dallas,TX,2x8,,8.0,32.00001,281.666662109375,,
"Weyerhaeuser NR Company (Magnolia, MS)",14306,central,Customer,Dallas,TX,2x8,,16.0,21.33333,280.034183860334,,
"Weyerhaeuser NR Company (Magnolia, MS)",14306,central,Customer,Dallas,TX,2x8,,,5.33333,260.011039870918,,
"Weyerhaeuser NR Company (Magnolia, MS)",14306,central,Customer,Dallas,TX,2x8,,10.0,39.99999,283.37144887063766,,
"Weyerhaeuser NR Company (Magnolia, MS)",14306,central,Customer,Dallas,TX,2x8,,12.0,64.0,287.49999645683073,,
"Weyerhaeuser NR Company (Magnolia, MS)",14306,central,Customer,Dallas,TX,2x8,,14.0,74.66668,281.25,,
"Weyerhaeuser NR Company (Magnolia, MS)",14306,central,Customer,Flintville,TN,2x12,,,8.0,285.793379934211,,
"Weyerhaeuser NR Company (Magnolia, MS)",14306,central,Customer,Flintville,TN,2x8,,,5.33333,321.749347985348,,
"Weyerhaeuser NR Company (Magnolia, MS)",14306,central,Customer,Fort Payne,AL,2x4,,8.0,5.33333,304.999987297685,,
"Weyerhaeuser NR Company (Magnolia, MS)",14306,central,Customer,Ft Worth,TX,2x4,,8.0,5.33333,315.000018030201,,
"Weyerhaeuser NR Company (Magnolia, MS)",14306,central,Customer,Ft Worth,TX,2x4,,16.0,10.66667,252.017037771568,,
"Weyerhaeuser NR Company (Magnolia, MS)",14306,central,Customer,Ft Worth,TX,2x4,,12.0,8.0,315.0,,
"Weyerhaeuser NR Company (Magnolia, MS)",14306,central,Customer,Ft Worth,TX,2x4,,14.0,9.33333,315.054095826893,,
"Weyerhaeuser NR Company (Magnolia, MS)",14306,central,Customer,Ft Worth,TX,2x6,,8.0,32.0,278.749990446671,,
"Weyerhaeuser NR Company (Magnolia, MS)",14306,central,Customer,Grabill,IN,2x10,,8.0,26.66666,190.0,,
"Weyerhaeuser NR Company (Magnolia, MS)",14306,central,Customer,Grabill,IN,2x10,,16.0,26.66667,200.008522969403,,
"Weyerhaeuser NR Company (Magnolia, MS)",14306,central,Customer,Haleyville,AL,2x6,,8.0,16.0,240.0000092230905,,
"Weyerhaeuser NR Company (Magnolia, MS)",14306,central,Customer,Haleyville,AL,2x6,,16.0,32.0,275.0000013950895,,
"Weyerhaeuser NR Company (Magnolia, MS)",14306,central,Customer,Haleyville,AL,2x6,,10.0,10.0,247.333333333333,,
"Weyerhaeuser NR Company (Magnolia, MS)",14306,central,Customer,Hamilton,MT,2x6,,14.0,14.0,210.0,,
"Weyerhaeuser NR Company (Magnolia, MS)",14306,central,Customer,Houston,TX,2x12,,16.0,32.0,210.0,,
"Weyerhaeuser NR Company (Magnolia, MS)",14306,central,Customer,Houston,TX,2x4,,8.0,10.66666,234.999983200164,,
"Weyerhaeuser NR Company (Magnolia, MS)",14306,central,Customer,Houston,TX,2x6,,16.0,16.0,275.000014648438,,
"Weyerhaeuser NR Company (Magnolia, MS)",14306,central,Customer,Houston,TX,2x6,,14.0,14.0,200.0,,
"Weyerhaeuser NR Company (Magnolia, MS)",14306,central,Customer,Jacksonville,TX,2x6,,8.0,32.0,278.74999235733674,,
"Weyerhaeuser NR Company (Magnolia, MS)",14306,central,Customer,Jacksonville,TX,2x8,,8.0,74.66669,269.58086898561515,,
"Weyerhaeuser NR Company (Magnolia, MS)",14306,central,Customer,Jacksonville,TX,2x8,,16.0,383.99994,279.5755175274927,,
"Weyerhaeuser NR Company (Magnolia, MS)",14306,central,Customer,Jacksonville,TX,2x8,,10.0,53.33332,247.66932700940575,,
"Weyerhaeuser NR Company (Magnolia, MS)",14306,central,Customer,Jacksonville,TX,2x8,,12.0,128.0,274.00828321545526,,
"Weyerhaeuser NR Company (Magnolia, MS)",14306,central,Customer,Jacksonville,TX,2x8,,14.0,130.66669,274.41674346301016,,
"Weyerhaeuser NR Company (Magnolia, MS)",14306,central,Customer,Mc Intyre,GA,2x12,,12.0,24.0,205.000016927083,,
"Weyerhaeuser NR Company (Magnolia, MS)",14306,central,Customer,Mc Intyre,GA,2x8,,12.0,32.0,260.0,,
"Weyerhaeuser NR Company (Magnolia, MS)",14306,central,Customer,Mc Intyre,GA,2x8,,14.0,56.00001,211.66666666666666,,
"Weyerhaeuser NR Company (Magnolia, MS)",14306,central,Customer,Middleton,TN,2x4,,8.0,5.33333,325.0,,
"Weyerhaeuser NR Company (Magnolia, MS)",14306,central,Customer,Middleton,TN,2x6,,8.0,16.0,274.999994692595,,
"Weyerhaeuser NR Company (Magnolia, MS)",14306,central,Customer,Middleton,TN,2x6,,12.0,12.0,300.0,,
"Weyerhaeuser NR Company (Magnolia, MS)",14306,central,Customer,Moscow,TN,2x6,,16.0,16.0,210.0,,
"Weyerhaeuser NR Company (Magnolia, MS)",14306,central,Customer,Mt Pleasant,TX,2x4,,8.0,5.33333,282.280270436386,,
"Weyerhaeuser NR Company (Magnolia, MS)",14306,central,Customer,Northport,AL,2x4,,8.0,5.33333,260.0,,
"Weyerhaeuser NR Company (Magnolia, MS)",14306,central,Customer,Northport,AL,2x4,,16.0,10.66667,260.0,,
"Weyerhaeuser NR Company (Magnolia, MS)",14306,central,Customer,Northport,AL,2x4,,12.0,8.0,173.333342147436,,
"Weyerhaeuser NR Company (Magnolia, MS)",14306,central,Customer,Northport,AL,2x4,,14.0,9.33333,260.044650523785,,
"Weyerhaeuser NR Company (Magnolia, MS)",14306,central,Customer,Pasadena,TX,2x12,,8.0,16.0,204.999987444196,,
"Weyerhaeuser NR Company (Magnolia, MS)",14306,central,Customer,Pasadena,TX,2x12,,16.0,32.0,205.0,,
"Weyerhaeuser NR Company (Magnolia, MS)",14306,central,Customer,Port Neches,TX,2x4,,8.0,10.66666,363.30055316533503,,
"Weyerhaeuser NR Company (Magnolia, MS)",14306,central,Customer,Port Neches,TX,2x6,,8.0,16.0,300.0,,
"Weyerhaeuser NR Company (Magnolia, MS)",14306,central,Customer,Port Neches,TX,2x6,,12.0,36.0,290.62501057942734,,
"Weyerhaeuser NR Company (Magnolia, MS)",14306,central,Customer,Port Neches,TX,2x8,,8.0,42.66668,254.37499633789076,,
"Weyerhaeuser NR Company (Magnolia, MS)",14306,central,Customer,Port Neches,TX,2x8,,16.0,149.33331,253.0161389168803,,
"Weyerhaeuser NR Company (Magnolia, MS)",14306,central,Customer,Port Neches,TX,2x8,,10.0,26.66666,268.878013673324,,
"Weyerhaeuser NR Company (Magnolia, MS)",14306,central,Customer,Port Neches,TX,2x8,,12.0,128.0,260.9765624457466,,
"Weyerhaeuser NR Company (Magnolia, MS)",14306,central,Customer,Port Neches,TX,2x8,,14.0,56.00001,260.8333333333333,,
"Weyerhaeuser NR Company (Magnolia, MS)",14306,central,Customer,Ranburne,AL,2x10,,16.0,26.66667,200.008522969403,,
"Weyerhaeuser NR Company (Magnolia, MS)",14306,central,Customer,Ranburne,AL,2x10,,12.0,20.0,200.0,,
"Weyerhaeuser NR Company (Magnolia, MS)",14306,central,Customer,Ranburne,AL,2x10,,14.0,23.33333,200.00824198467,,
"Weyerhaeuser NR Company (Magnolia, MS)",14306,central,Customer,Ranburne,AL,2x12,,8.0,32.0,217.4999926757815,,
"Weyerhaeuser NR Company (Magnolia, MS)",14306,central,Customer,Ranburne,AL,2x12,,16.0,64.0,222.5,,
"Weyerhaeuser NR Company (Magnolia, MS)",14306,central,Customer,Ranburne,AL,2x12,,10.0,20.0,235.000016741071,,
"Weyerhaeuser NR Company (Magnolia, MS)",14306,central,Customer,Ranburne,AL,2x12,,12.0,48.0,235.0000048828125,,
"Weyerhaeuser NR Company (Magnolia, MS)",14306,central,Customer,Ranburne,AL,2x8,,8.0,21.33334,204.999987792969,,
"Weyerhaeuser NR Company (Magnolia, MS)",14306,central,Customer,Ranburne,AL,2x8,,10.0,26.66666,205.015306543105,,
"Weyerhaeuser NR Company (Magnolia, MS)",14306,central,Customer,Ranburne,AL,2x8,,14.0,18.66667,300.0,,
"Weyerhaeuser NR Company (Magnolia, MS)",14306,central,Customer,Selmer,TN,2x4,,8.0,5.33333,250.0,,
"Weyerhaeuser NR Company (Magnolia, MS)",14306,central,Customer,Selmer,TN,2x4,,16.0,10.66667,250.112714156898,,
"Weyerhaeuser NR Company (Magnolia, MS)",14306,central,Customer,Selmer,TN,2x4,,10.0,6.66667,250.0,,
"Weyerhaeuser NR Company (Magnolia, MS)",14306,central,Customer,Selmer,TN,2x4,,12.0,8.0,250.0,,
"Weyerhaeuser NR Company (Magnolia, MS)",14306,central,Customer,Selmer,TN,2x4,,14.0,9.33333,250.025757263548,,
"Weyerhaeuser NR Company (Magnolia, MS)",14306,central,Customer,Silsbee,TX,2x10,,8.0,159.99996,238.93909520633306,,
"Weyerhaeuser NR Company (Magnolia, MS)",14306,central,Customer,Silsbee,TX,2x10,,16.0,266.6667,240.91677064728202,,
"Weyerhaeuser NR Company (Magnolia, MS)",14306,central,Customer,Silsbee,TX,2x10,,,20.00001,226.67686136656968,,
"Weyerhaeuser NR Company (Magnolia, MS)",14306,central,Customer,Silsbee,TX,2x10,,10.0,83.33335,248.09405445417718,,
"Weyerhaeuser NR Company (Magnolia, MS)",14306,central,Customer,Silsbee,TX,2x10,,12.0,260.0,240.07692307692307,,
"Weyerhaeuser NR Company (Magnolia, MS)",14306,central,Customer,Silsbee,TX,2x10,,14.0,163.33331,247.93789879510385,,
"Weyerhaeuser NR Company (Magnolia, MS)",14306,central,Customer,Silsbee,TX,2x12,,8.0,160.0,234.29991224706427,,
"Weyerhaeuser NR Company (Magnolia, MS)",14306,central,Customer,Silsbee,TX,2x12,,16.0,224.0,247.14285253906272,,
"Weyerhaeuser NR Company (Magnolia, MS)",14306,central,Customer,Silsbee,TX,2x12,,,24.0,213.84057503962867,,
"Weyerhaeuser NR Company (Magnolia, MS)",14306,central,Customer,Silsbee,TX,2x12,,10.0,160.0,243.36110668945312,,
"Weyerhaeuser NR Company (Magnolia, MS)",14306,central,Customer,Silsbee,TX,2x12,,12.0,264.0,244.71716497494472,,
"Weyerhaeuser NR Company (Magnolia, MS)",14306,central,Customer,Silsbee,TX,2x12,,14.0,252.0,257.98765407986116,,
"Weyerhaeuser NR Company (Magnolia, MS)",14306,central,Customer,Silsbee,TX,2x12,,18.0,72.0,282.5000150221835,,
"Weyerhaeuser NR Company (Magnolia, MS)",14306,central,Customer,Silsbee,TX,2x6,,10.0,10.0,151.111117621528,,
"Weyerhaeuser NR Company (Magnolia, MS)",14306,central,Customer,Silsbee,TX,2x6,,12.0,24.0,209.9999967447915,,
"Weyerhaeuser NR Company (Magnolia, MS)",14306,central,Customer,Silsbee,TX,2x8,,8.0,74.66669,260.71428097098214,,
"Weyerhaeuser NR Company (Magnolia, MS)",14306,central,Customer,Silsbee,TX,2x8,,16.0,277.33329,249.28529437416944,,
"Weyerhaeuser NR Company (Magnolia, MS)",14306,central,Customer,Silsbee,TX,2x8,,,5.33333,265.011763661384,,
"Weyerhaeuser NR Company (Magnolia, MS)",14306,central,Customer,Silsbee,TX,2x8,,10.0,146.66663,252.31876016092747,,
"Weyerhaeuser NR Company (Magnolia, MS)",14306,central,Customer,Silsbee,TX,2x8,,12.0,144.0,266.1111100260417,,
"Weyerhaeuser NR Company (Magnolia, MS)",14306,central,Customer,Silsbee,TX,2x8,,14.0,242.66671,262.30769359546696,,
"Weyerhaeuser NR Company (Magnolia, MS)",14306,central,Customer,Silsbee,TX,2x8,,18.0,168.0,255.0,,
"Weyerhaeuser NR Company (Magnolia, MS)",14306,central,Customer,Silsbee,TX,2x8,,20.0,133.33335,273.0000084263394,,
"Weyerhaeuser NR Company (Magnolia, MS)",14306,central,Customer,Slidell,LA,2x6,,8.0,8.0,229.565232252038,,
"Weyerhaeuser NR Company (Magnolia, MS)",14306,central,Customer,Tipp City,OH,2x8,,14.0,18.66667,315.0,,
"Weyerhaeuser NR Company (Magnolia, MS)",14306,central,Customer,Tulsa,OK,2x12,,16.0,32.0,280.0,,
"Weyerhaeuser NR Company (Magnolia, MS)",14306,central,Customer,Tulsa,OK,2x12,,18.0,72.0,280.0,,
"Weyerhaeuser NR Company (Magnolia, MS)",14306,central,Customer,Tulsa,OK,2x12,,20.0,40.0,223.999979166667,,
"Weyerhaeuser NR Company (Magnolia, MS)",14306,central,Customer,Tuscumbia,AL,2x8,,16.0,42.66666,330.02366948528345,,
"Weyerhaeuser NR Company (Magnolia, MS)",14306,central,Customer,Tuscumbia,AL,2x8,,10.0,26.66666,300.0341836616135,,
"Weyerhaeuser NR Company (Magnolia, MS)",14306,central,Customer,Tuscumbia,AL,2x8,,12.0,48.0,294.99999565972234,,
"Weyerhaeuser NR Company (Magnolia, MS)",14306,central,Customer,Tuscumbia,AL,2x8,,14.0,18.66667,300.0,,
"Weyerhaeuser NR Company (Magnolia, MS)",14306,central,Customer,Wichita,KS,2x8,,10.0,13.33333,269.260631766938,,
"Weyerhaeuser NR Company (Magnolia, MS)",14306,central,Customer,Wichita,KS,2x8,,14.0,18.66667,269.230538504464,,
"Weyerhaeuser NR Company (Magnolia, MS)",14306,central,Customer,,,2x10,,12.0,20.0,171.428571428571,,
"Weyerhaeuser NR Company (Magnolia, MS)",14306,central,Customer,,,2x10,,14.0,23.33333,232.930264743962,,
"Weyerhaeuser NR Company (Magnolia, MS)",14306,central,Customer,,,2x4,,8.0,5.33333,175.0,,
"Weyerhaeuser NR Company (Magnolia, MS)",14306,central,Customer,,,2x4,,,1.33333,175.683261626716,,
"Weyerhaeuser NR Company (Magnolia, MS)",14306,central,Customer,,,2x6,,8.0,8.0,160.0,,
"Weyerhaeuser NR Company (Magnolia, MS)",14306,central,Customer,,,2x6,,12.0,12.0,159.999993489583,,
"Weyerhaeuser NR Company (Magnolia, MS)",14306,central,Customer,,,2x8,,16.0,42.66666,225.2270611877935,,
"Weyerhaeuser NR Company (Magnolia, MS)",14306,central,Customer,,,2x8,,12.0,16.0,220.3125,,
"Weyerhaeuser NR Company (Magnolia, MS)",14306,central,Customer,,,2x8,,14.0,37.33334,216.5,,
"Weyerhaeuser NR Company (Magnolia, MS)",14306,central,Customer,,,2x8,,18.0,72.0,196.0,,
"Weyerhaeuser NR Company (Magnolia, MS)",14306,central,TLR,Birmingham,AL,2x10,,8.0,93.33331,235.19960738624542,,
"Weyerhaeuser NR Company (Magnolia, MS)",14306,central,TLR,Birmingham,AL,2x10,,16.0,293.33337,240.5704231170637,,
"Weyerhaeuser NR Company (Magnolia, MS)",14306,central,TLR,Birmingham,AL,2x10,,10.0,66.66668,255.24321556437275,,
"Weyerhaeuser NR Company (Magnolia, MS)",14306,central,TLR,Birmingham,AL,2x10,,12.0,200.0,238.63274268973208,,
"Weyerhaeuser NR Company (Magnolia, MS)",14306,central,TLR,Birmingham,AL,2x10,,14.0,209.99997,224.20900292721433,,
"Weyerhaeuser NR Company (Magnolia, MS)",14306,central,TLR,Birmingham,AL,2x12,,8.0,16.0,260.0,,
"Weyerhaeuser NR Company (Magnolia, MS)",14306,central,TLR,Birmingham,AL,2x12,,16.0,32.0,260.0,,
"Weyerhaeuser NR Company (Magnolia, MS)",14306,central,TLR,Birmingham,AL,2x12,,,8.0,291.091275390625,,
"Weyerhaeuser NR Company (Magnolia, MS)",14306,central,TLR,Birmingham,AL,2x12,,6.0,12.0,194.959852430556,,
"Weyerhaeuser NR Company (Magnolia, MS)",14306,central,TLR,Birmingham,AL,2x12,,10.0,20.0,260.0,,
"Weyerhaeuser NR Company (Magnolia, MS)",14306,central,TLR,Birmingham,AL,2x12,,12.0,24.0,259.999986328125,,
"Weyerhaeuser NR Company (Magnolia, MS)",14306,central,TLR,Birmingham,AL,2x12,,14.0,28.0,260.0,,
"Weyerhaeuser NR Company (Magnolia, MS)",14306,central,TLR,Birmingham,AL,2x4,,8.0,10.66666,346.871067457933,,
"Weyerhaeuser NR Company (Magnolia, MS)",14306,central,TLR,Birmingham,AL,2x4,,16.0,21.33334,361.86743681016753,,
"Weyerhaeuser NR Company (Magnolia, MS)",14306,central,TLR,Birmingham,AL,2x4,,10.0,6.66667,373.652343186734,,
"Weyerhaeuser NR Company (Magnolia, MS)",14306,central,TLR,Birmingham,AL,2x4,,12.0,8.0,373.7421875,,
"Weyerhaeuser NR Company (Magnolia, MS)",14306,central,TLR,Birmingham,AL,2x4,,14.0,9.33333,373.806388459557,,
"Weyerhaeuser NR Company (Magnolia, MS)",14306,central,TLR,Birmingham,AL,2x6,,8.0,48.0,249.57554643325236,,
"Weyerhaeuser NR Company (Magnolia, MS)",14306,central,TLR,Birmingham,AL,2x6,,16.0,32.0,350.2266373697915,,
"Weyerhaeuser NR Company (Magnolia, MS)",14306,central,TLR,Birmingham,AL,2x6,,10.0,20.0,350.2262986328125,,
"Weyerhaeuser NR Company (Magnolia, MS)",14306,central,TLR,Birmingham,AL,2x6,,12.0,12.0,350.2154296875,,
"Weyerhaeuser NR Company (Magnolia, MS)",14306,central,TLR,Birmingham,AL,2x6,,14.0,28.0,350.2265592912945,,
"Weyerhaeuser NR Company (Magnolia, MS)",14306,central,TLR,Birmingham,AL,2x8,,8.0,21.33334,275.0,,
"Weyerhaeuser NR Company (Magnolia, MS)",14306,central,TLR,Birmingham,AL,2x8,,16.0,42.66666,274.9999934895835,,
"Weyerhaeuser NR Company (Magnolia, MS)",14306,central,TLR,Birmingham,AL,2x8,,,10.66666,305.12170530182755,,
"Weyerhaeuser NR Company (Magnolia, MS)",14306,central,TLR,Birmingham,AL,2x8,,6.0,8.0,184.9609375,,
"Weyerhaeuser NR Company (Magnolia, MS)",14306,central,TLR,Birmingham,AL,2x8,,10.0,53.33332,308.3207421875,,
"Weyerhaeuser NR Company (Magnolia, MS)",14306,central,TLR,Birmingham,AL,2x8,,12.0,64.0,308.320742594401,,
"Weyerhaeuser NR Company (Magnolia, MS)",14306,central,TLR,Birmingham,AL,2x8,,14.0,56.00001,306.09432694692464,,
"Weyerhaeuser NR Company (Millport, AL)",14314,central,Customer,Acworth,GA,2x4,,8.0,21.33332,328.4142593730795,,
"Weyerhaeuser NR Company (Millport, AL)",14314,central,Customer,Acworth,GA,2x4,,16.0,10.66667,300.0,,
"Weyerhaeuser NR Company (Millport, AL)",14314,central,Customer,Acworth,GA,2x4,,12.0,8.0,279.999984375,,
"Weyerhaeuser NR Company (Millport, AL)",14314,central,Customer,Acworth,GA,2x4,,14.0,9.33333,308.759175788796,,
"Weyerhaeuser NR Company (Millport, AL)",14314,central,Customer,Atlanta,GA,2x4,,10.0,6.66667,150.0,,
"Weyerhaeuser NR Company (Millport, AL)",14314,central,Customer,Atlanta,GA,2x4,,14.0,9.33333,150.0,,
"Weyerhaeuser NR Company (Millport, AL)",14314,central,Customer,Birmingham,AL,2x4,,8.0,10.66666,317.5052912126675,,
"Weyerhaeuser NR Company (Millport, AL)",14314,central,Customer,Birmingham,AL,2x6,,8.0,8.0,290.0,,
"Weyerhaeuser NR Company (Millport, AL)",14314,central,Customer,Bolivar,TN,2x6,,8.0,16.0,165.0,,
"Weyerhaeuser NR Company (Millport, AL)",14314,central,Customer,Bowling Green,KY,2x4,,8.0,10.66666,220.0086280081525,,
"Weyerhaeuser NR Company (Millport, AL)",14314,central,Customer,Brazil,IN,2x12,,8.0,96.0,242.1256775393772,,
"Weyerhaeuser NR Company (Millport, AL)",14314,central,Customer,Brazil,IN,2x12,,16.0,32.0,234.999985839844,,
"Weyerhaeuser NR Company (Millport, AL)",14314,central,Customer,Brazil,IN,2x12,,10.0,20.0,217.0000109375,,
"Weyerhaeuser NR Company (Millport, AL)",14314,central,Customer,Brazil,IN,2x12,,12.0,48.0,226.0,,
"Weyerhaeuser NR Company (Millport, AL)",14314,central,Customer,Brazil,IN,2x12,,14.0,28.0,217.0,,
"Weyerhaeuser NR Company (Millport, AL)",14314,central,Customer,Brazil,IN,2x8,,8.0,21.33334,295.930976969401,,
"Weyerhaeuser NR Company (Millport, AL)",14314,central,Customer,Carrollton,GA,2x6,,,2.0,161.291008300781,,
"Weyerhaeuser NR Company (Millport, AL)",14314,central,Customer,Conroe,TX,2x4,,16.0,10.66667,304.999987297685,,
"Weyerhaeuser NR Company (Millport, AL)",14314,central,Customer,Cullman,AL,2x10,,8.0,119.99997,225.05376580188266,,
"Weyerhaeuser NR Company (Millport, AL)",14314,central,Customer,Cullman,AL,2x10,,16.0,213.33336,230.63548978632787,,
"Weyerhaeuser NR Company (Millport, AL)",14314,central,Customer,Cullman,AL,2x10,,12.0,40.0,236.75427421875,,
"Weyerhaeuser NR Company (Millport, AL)",14314,central,Customer,Cullman,AL,2x6,,8.0,8.0,320.0,,
"Weyerhaeuser NR Company (Millport, AL)",14314,central,Customer,Denton,TX,2x10,,8.0,13.33333,256.376541991513,,
"Weyerhaeuser NR Company (Millport, AL)",14314,central,Customer,Denton,TX,2x10,,12.0,20.0,256.363875,,
"Weyerhaeuser NR Company (Millport, AL)",14314,central,Customer,Denton,TX,2x6,,8.0,8.0,300.0,,
"Weyerhaeuser NR Company (Millport, AL)",14314,central,Customer,East Point,GA,2x4,,8.0,5.33333,300.054093040029,,
"Weyerhaeuser NR Company (Millport, AL)",14314,central,Customer,East Point,GA,2x4,,10.0,6.66667,300.0,,
"Weyerhaeuser NR Company (Millport, AL)",14314,central,Customer,East Point,GA,2x4,,12.0,8.0,299.999986979167,,
"Weyerhaeuser NR Company (Millport, AL)",14314,central,Customer,East Point,GA,2x6,,8.0,8.0,265.0,,
"Weyerhaeuser NR Company (Millport, AL)",14314,central,Customer,East Point,GA,2x6,,16.0,16.0,265.0,,
"Weyerhaeuser NR Company (Millport, AL)",14314,central,Customer,East Point,GA,2x6,,10.0,10.0,265.0,,
"Weyerhaeuser NR Company (Millport, AL)",14314,central,Customer,East Point,GA,2x6,,12.0,12.0,265.0,,
"Weyerhaeuser NR Company (Millport, AL)",14314,central,Customer,East Point,GA,2x6,,14.0,14.0,265.0,,
"Weyerhaeuser NR Company (Millport, AL)",14314,central,Customer,Fayetteville,TN,2x12,,8.0,16.0,270.0,,
"Weyerhaeuser NR Company (Millport, AL)",14314,central,Customer,Fayetteville,TN,2x12,,12.0,24.0,270.0,,
"Weyerhaeuser NR Company (Millport, AL)",14314,central,Customer,Fayetteville,TN,2x12,,14.0,28.0,269.999988042092,,
"Weyerhaeuser NR Company (Millport, AL)",14314,central,Customer,Flintville,TN,2x10,,8.0,13.33333,250.033485132601,,
"Weyerhaeuser NR Company (Millport, AL)",14314,central,Customer,Flintville,TN,2x10,,16.0,26.66667,250.023438964935,,
"Weyerhaeuser NR Company (Millport, AL)",14314,central,Customer,Flintville,TN,2x10,,14.0,23.33333,250.044650830505,,
"Weyerhaeuser NR Company (Millport, AL)",14314,central,Customer,Flintville,TN,2x12,,8.0,32.0,270.0,,
"Weyerhaeuser NR Company (Millport, AL)",14314,central,Customer,Flintville,TN,2x12,,10.0,40.0,280.0,,
"Weyerhaeuser NR Company (Millport, AL)",14314,central,Customer,Flintville,TN,2x12,,12.0,24.0,280.0,,
"Weyerhaeuser NR Company (Millport, AL)",14314,central,Customer,Flintville,TN,2x12,,14.0,28.0,280.0,,
"Weyerhaeuser NR Company (Millport, AL)",14314,central,Customer,Fort Payne,AL,2x4,,8.0,5.33333,250.028172188416,,
"Weyerhaeuser NR Company (Millport, AL)",14314,central,Customer,Fort Payne,AL,2x4,,14.0,9.33333,150.0,,
"Weyerhaeuser NR Company (Millport, AL)",14314,central,Customer,Fort Payne,AL,2x6,,8.0,8.0,165.0,,
"Weyerhaeuser NR Company (Millport, AL)",14314,central,Customer,Ft Worth,TX,2x6,,8.0,16.0,230.0,,
"Weyerhaeuser NR Company (Millport, AL)",14314,central,Customer,Grabill,IN,2x10,,8.0,133.3333,221.0094224835935,,
"Weyerhaeuser NR Company (Millport, AL)",14314,central,Customer,Grabill,IN,2x6,,8.0,24.0,151.66666666666666,,
"Weyerhaeuser NR Company (Millport, AL)",14314,central,Customer,Haleyville,AL,2x4,,12.0,8.0,279.999984375,,
"Weyerhaeuser NR Company (Millport, AL)",14314,central,Customer,Haleyville,AL,2x6,,12.0,12.0,159.999993489583,,
"Weyerhaeuser NR Company (Millport, AL)",14314,central,Customer,Hartselle,AL,2x12,,8.0,16.0,235.0,,
"Weyerhaeuser NR Company (Millport, AL)",14314,central,Customer,Hartselle,AL,2x12,,12.0,24.0,235.0,,
"Weyerhaeuser NR Company (Millport, AL)",14314,central,Customer,Hartselle,AL,2x12,,14.0,28.0,235.0,,
"Weyerhaeuser NR Company (Millport, AL)",14314,central,Customer,Houston,TX,2x4,,14.0,9.33333,285.012234385061,,
"Weyerhaeuser NR Company (Millport, AL)",14314,central,Customer,Houston,TX,2x6,,10.0,10.0,125.0,,
"Weyerhaeuser NR Company (Millport, AL)",14314,central,Customer,Howards Grove,WI,2x4,,16.0,10.66667,315.0,,
"Weyerhaeuser NR Company (Millport, AL)",14314,central,Customer,Indianapolis,IN,2x4,,16.0,10.66667,315.0,,
"Weyerhaeuser NR Company (Millport, AL)",14314,central,Customer,Jacksonville,TX,2x8,,8.0,106.66669999999999,267.7499895125678,,
"Weyerhaeuser NR Company (Millport, AL)",14314,central,Customer,Kankakee,IL,2x4,,12.0,8.0,340.0,,
"Weyerhaeuser NR Company (Millport, AL)",14314,central,Customer,Lincoln,AL,2x4,,16.0,10.66667,345.000450755015,,
"Weyerhaeuser NR Company (Millport, AL)",14314,central,Customer,Lincoln,AL,2x4,,10.0,6.66667,345.0625676163,,
"Weyerhaeuser NR Company (Millport, AL)",14314,central,Customer,Lincoln,AL,2x4,,12.0,8.0,345.000381610577,,
"Weyerhaeuser NR Company (Millport, AL)",14314,central,Customer,Lincoln,AL,2x4,,14.0,9.33333,345.089386913962,,
"Weyerhaeuser NR Company (Millport, AL)",14314,central,Customer,Mc Intyre,GA,2x8,,8.0,10.66667,377.0234375,,
"Weyerhaeuser NR Company (Millport, AL)",14314,central,Customer,Mc Intyre,GA,2x8,,12.0,16.0,303.046891927083,,
"Weyerhaeuser NR Company (Millport, AL)",14314,central,Customer,Memphis,TN,2x10,,8.0,26.66666,232.5135483682705,,
"Weyerhaeuser NR Company (Millport, AL)",14314,central,Customer,Memphis,TN,2x4,,8.0,10.66666,345.0,,
"Weyerhaeuser NR Company (Millport, AL)",14314,central,Customer,Memphis,TN,2x4,,10.0,6.66667,339.995232371795,,
"Weyerhaeuser NR Company (Millport, AL)",14314,central,Customer,Memphis,TN,2x6,,12.0,12.0,310.0,,
"Weyerhaeuser NR Company (Millport, AL)",14314,central,Customer,Memphis,TN,2x8,,8.0,10.66667,250.0,,
"Weyerhaeuser NR Company (Millport, AL)",14314,central,Customer,Middleton,TN,2x4,,8.0,21.33332,334.15258143823,,
"Weyerhaeuser NR Company (Millport, AL)",14314,central,Customer,Middleton,TN,2x6,,8.0,136.0,247.0343119771685,,
"Weyerhaeuser NR Company (Millport, AL)",14314,central,Customer,Middleton,TN,2x6,,12.0,12.0,310.0,,
"Weyerhaeuser NR Company (Millport, AL)",14314,central,Customer,Moscow,TN,2x4,,16.0,10.66667,300.0,,
"Weyerhaeuser NR Company (Millport, AL)",14314,central,Customer,Nashville,TN,2x4,,8.0,5.33333,250.018781458944,,
"Weyerhaeuser NR Company (Millport, AL)",14314,central,Customer,Nashville,TN,2x4,,10.0,6.66667,250.0,,
"Weyerhaeuser NR Company (Millport, AL)",14314,central,Customer,Nashville,TN,2x4,,12.0,8.0,250.0,,
"Weyerhaeuser NR Company (Millport, AL)",14314,central,Customer,Northport,AL,2x6,,8.0,16.0,282.499990234375,,
"Weyerhaeuser NR Company (Millport, AL)",14314,central,Customer,Northport,AL,2x6,,10.0,10.0,264.999981770833,,
"Weyerhaeuser NR Company (Millport, AL)",14314,central,Customer,Northport,AL,2x6,,12.0,12.0,265.0,,
"Weyerhaeuser NR Company (Millport, AL)",14314,central,Customer,Northport,AL,2x6,,14.0,14.0,265.0,,
"Weyerhaeuser NR Company (Millport, AL)",14314,central,Customer,Northport,AL,2x6,,20.0,20.0,265.0,,
"Weyerhaeuser NR Company (Millport, AL)",14314,central,Customer,Olive Branch,MS,2x4,,8.0,5.33333,179.999987297685,,
"Weyerhaeuser NR Company (Millport, AL)",14314,central,Customer,Pollard,AR,2x4,,8.0,5.33333,345.013521987928,,
"Weyerhaeuser NR Company (Millport, AL)",14314,central,Customer,Prichard,AL,2x4,,8.0,10.66666,327.499991600082,,
"Weyerhaeuser NR Company (Millport, AL)",14314,central,Customer,Pulaski,TN,2x6,,8.0,8.0,160.0,,
"Weyerhaeuser NR Company (Millport, AL)",14314,central,Customer,Ranburne,AL,2x12,,8.0,96.0,254.33333029042115,,
"Weyerhaeuser NR Company (Millport, AL)",14314,central,Customer,Ranburne,AL,2x12,,16.0,64.0,287.499990966797,,
"Weyerhaeuser NR Company (Millport, AL)",14314,central,Customer,Ranburne,AL,2x12,,10.0,80.0,252.5,,
"Weyerhaeuser NR Company (Millport, AL)",14314,central,Customer,Ranburne,AL,2x12,,12.0,96.0,255.75000651041648,,
"Weyerhaeuser NR Company (Millport, AL)",14314,central,Customer,Ranburne,AL,2x12,,14.0,56.0,264.0,,
"Weyerhaeuser NR Company (Millport, AL)",14314,central,Customer,Ranburne,AL,2x6,,8.0,32.0,292.729162526891,,
"Weyerhaeuser NR Company (Millport, AL)",14314,central,Customer,Ranburne,AL,2x8,,8.0,128.00004,261.77535418081976,,
"Weyerhaeuser NR Company (Millport, AL)",14314,central,Customer,Rockville,IN,2x8,,8.0,21.33334,245.0,,
"Weyerhaeuser NR Company (Millport, AL)",14314,central,Customer,Schiller Park,IL,2x6,,8.0,8.0,290.0,,
"Weyerhaeuser NR Company (Millport, AL)",14314,central,Customer,Selmer,TN,2x4,,8.0,5.33333,250.0,,
"Weyerhaeuser NR Company (Millport, AL)",14314,central,Customer,Selmer,TN,2x4,,10.0,13.33334,168.76126938333948,,
"Weyerhaeuser NR Company (Millport, AL)",14314,central,Customer,Selmer,TN,2x4,,12.0,8.0,333.333333333333,,
"Weyerhaeuser NR Company (Millport, AL)",14314,central,Customer,Selmer,TN,2x4,,14.0,18.66666,215.01287863177402,,
"Weyerhaeuser NR Company (Millport, AL)",14314,central,Customer,Shepherdsville,KY,2x4,,8.0,5.33333,308.417332513829,,
"Weyerhaeuser NR Company (Millport, AL)",14314,central,Customer,Silsbee,TX,2x10,,8.0,13.33333,210.0,,
"Weyerhaeuser NR Company (Millport, AL)",14314,central,Customer,Silsbee,TX,2x12,,8.0,16.0,262.808898925781,,
"Weyerhaeuser NR Company (Millport, AL)",14314,central,Customer,Silsbee,TX,2x12,,10.0,20.0,262.80890625,,
"Weyerhaeuser NR Company (Millport, AL)",14314,central,Customer,Somerset,KY,2x4,,8.0,15.99999,326.66665546677604,,
"Weyerhaeuser NR Company (Millport, AL)",14314,central,Customer,Somerset,KY,2x4,,16.0,10.66667,360.0,,
"Weyerhaeuser NR Company (Millport, AL)",14314,central,Customer,Somerset,KY,2x4,,14.0,9.33333,360.03709045951,,
"Weyerhaeuser NR Company (Millport, AL)",14314,central,Customer,Somerset,KY,2x6,,8.0,8.0,162.608695652174,,
"Weyerhaeuser NR Company (Millport, AL)",14314,central,Customer,Springfield,MO,2x4,,14.0,9.33333,150.0,,
"Weyerhaeuser NR Company (Millport, AL)",14314,central,Customer,Tipp City,OH,2x8,,8.0,10.66667,245.0,,
"Weyerhaeuser NR Company (Millport, AL)",14314,central,Customer,Tipp City,OH,2x8,,16.0,21.33333,245.039882793423,,
"Weyerhaeuser NR Company (Millport, AL)",14314,central,Customer,Tipp City,OH,2x8,,10.0,13.33333,245.063818702787,,
"Weyerhaeuser NR Company (Millport, AL)",14314,central,Customer,Tipp City,OH,2x8,,12.0,16.0,245.0,,
"Weyerhaeuser NR Company (Millport, AL)",14314,central,Customer,Tipp City,OH,2x8,,14.0,18.66667,245.0,,
"Weyerhaeuser NR Company (Millport, AL)",14314,central,Customer,Toledo,OH,2x4,,8.0,5.33333,325.01273810457,,
"Weyerhaeuser NR Company (Millport, AL)",14314,central,Customer,Townville,SC,2x4,,8.0,10.66666,290.0540902882555,,
"Weyerhaeuser NR Company (Millport, AL)",14314,central,Customer,Townville,SC,2x4,,10.0,13.33334,300.0162314031665,,
"Weyerhaeuser NR Company (Millport, AL)",14314,central,Customer,Townville,SC,2x4,,12.0,8.0,315.0,,
"Weyerhaeuser NR Company (Millport, AL)",14314,central,Customer,Tuscumbia,AL,2x8,,8.0,21.33334,290.0,,
"Weyerhaeuser NR Company (Millport, AL)",14314,central,Customer,Tuscumbia,AL,2x8,,16.0,42.66666,290.035404712489,,
"Weyerhaeuser NR Company (Millport, AL)",14314,central,Customer,Tuscumbia,AL,2x8,,14.0,37.33334,290.0,,
"Weyerhaeuser NR Company (Millport, AL)",14314,central,Customer,Ventura,CA,2x12,,16.0,32.0,265.0,,
"Weyerhaeuser NR Company (Millport, AL)",14314,central,Customer,Walnut,MS,2x6,,8.0,8.0,229.999988536005,,
"Weyerhaeuser NR Company (Millport, AL)",14314,central,Customer,,,2x10,,8.0,13.33333,200.008522969403,,
"Weyerhaeuser NR Company (Millport, AL)",14314,central,Customer,,,2x12,,8.0,48.0,221.66666666666666,,
"Weyerhaeuser NR Company (Millport, AL)",14314,central,Customer,,,2x4,,16.0,10.66667,179.999987297685,,
"Weyerhaeuser NR Company (Millport, AL)",14314,central,Customer,,,2x6,,8.0,8.0,160.0,,
"Weyerhaeuser NR Company (Millport, AL)",14314,central,TLR,Birmingham,AL,2x10,,8.0,226.66661,229.49674834922575,,
"Weyerhaeuser NR Company (Millport, AL)",14314,central,TLR,Birmingham,AL,2x10,,16.0,480.00006,242.386619498572,,
"Weyerhaeuser NR Company (Millport, AL)",14314,central,TLR,Birmingham,AL,2x10,,10.0,66.66668,254.31137485678525,,
"Weyerhaeuser NR Company (Millport, AL)",14314,central,TLR,Birmingham,AL,2x10,,12.0,240.0,233.61681250558033,,
"Weyerhaeuser NR Company (Millport, AL)",14314,central,TLR,Birmingham,AL,2x10,,14.0,139.99998,233.63219887022217,,
"Weyerhaeuser NR Company (Millport, AL)",14314,central,TLR,Birmingham,AL,2x12,,8.0,128.0,250.2270149158296,,
"Weyerhaeuser NR Company (Millport, AL)",14314,central,TLR,Birmingham,AL,2x12,,16.0,192.0,251.13633300781248,,
"Weyerhaeuser NR Company (Millport, AL)",14314,central,TLR,Birmingham,AL,2x12,,10.0,80.0,250.0,,
"Weyerhaeuser NR Company (Millport, AL)",14314,central,TLR,Birmingham,AL,2x12,,12.0,168.0,252.310605499752,,
"Weyerhaeuser NR Company (Millport, AL)",14314,central,TLR,Birmingham,AL,2x12,,14.0,140.0,243.99999503348198,,
"Weyerhaeuser NR Company (Millport, AL)",14314,central,TLR,Birmingham,AL,2x4,,8.0,21.33332,334.99790393745724,,
"Weyerhaeuser NR Company (Millport, AL)",14314,central,TLR,Birmingham,AL,2x4,,16.0,74.66669,294.03637866309043,,
"Weyerhaeuser NR Company (Millport, AL)",14314,central,TLR,Birmingham,AL,2x4,,10.0,20.00001,355.3072289871,,
"Weyerhaeuser NR Company (Millport, AL)",14314,central,TLR,Birmingham,AL,2x4,,12.0,16.0,360.0,,
"Weyerhaeuser NR Company (Millport, AL)",14314,central,TLR,Birmingham,AL,2x4,,14.0,27.99999,331.92995217905303,,
"Weyerhaeuser NR Company (Millport, AL)",14314,central,TLR,Birmingham,AL,2x6,,8.0,88.0,269.7263298516758,,
"Weyerhaeuser NR Company (Millport, AL)",14314,central,TLR,Birmingham,AL,2x6,,16.0,48.0,292.11615451388894,,
"Weyerhaeuser NR Company (Millport, AL)",14314,central,TLR,Birmingham,AL,2x6,,10.0,50.0,291.4545831755048,,
"Weyerhaeuser NR Company (Millport, AL)",14314,central,TLR,Birmingham,AL,2x6,,12.0,60.0,300.269689670139,,
"Weyerhaeuser NR Company (Millport, AL)",14314,central,TLR,Birmingham,AL,2x6,,14.0,140.0,254.3526032869193,,
"Weyerhaeuser NR Company (Millport, AL)",14314,central,TLR,Birmingham,AL,2x8,,8.0,170.66672,276.5957098174945,,
"Weyerhaeuser NR Company (Millport, AL)",14314,central,TLR,Birmingham,AL,2x8,,16.0,191.99997,258.56851452588654,,
"Weyerhaeuser NR Company (Millport, AL)",14314,central,TLR,Birmingham,AL,2x8,,,10.66666,283.801360818614,,
"Weyerhaeuser NR Company (Millport, AL)",14314,central,TLR,Birmingham,AL,2x8,,10.0,13.33333,278.697916666667,,
"Weyerhaeuser NR Company (Millport, AL)",14314,central,TLR,Birmingham,AL,2x8,,12.0,112.0,267.84121665753645,,
"Weyerhaeuser NR Company (Millport, AL)",14314,central,TLR,Birmingham,AL,2x8,,14.0,37.33334,259.3489583333335,,
"Weyerhaeuser NR Company (Philadelphia, MS)",14310,central,Customer,Acworth,GA,2x4,,8.0,10.66666,361.600921942225,,
"Weyerhaeuser NR Company (Philadelphia, MS)",14310,central,Customer,Armorel,AR,2x6,,8.0,16.0,272.23686319987,,
"Weyerhaeuser NR Company (Philadelphia, MS)",14310,central,Customer,Armorel,AR,2x6,,10.0,20.0,277.23733281250003,,
"Weyerhaeuser NR Company (Philadelphia, MS)",14310,central,Customer,Atlanta,GA,2x4,,16.0,10.66667,150.0,,
"Weyerhaeuser NR Company (Philadelphia, MS)",14310,central,Customer,Atlanta,GA,2x4,,14.0,9.33333,150.0,,
"Weyerhaeuser NR Company (Philadelphia, MS)",14310,central,Customer,Birmingham,AL,2x4,,8.0,10.66666,320.00590255419604,,
"Weyerhaeuser NR Company (Philadelphia, MS)",14310,central,Customer,Birmingham,AL,2x4,,,2.66667,329.999987297685,,
"Weyerhaeuser NR Company (Philadelphia, MS)",14310,central,Customer,Bonham,TX,2x10,,14.0,23.33333,220.009078958213,,
"Weyerhaeuser NR Company (Philadelphia, MS)",14310,central,Customer,Bonham,TX,2x8,,16.0,21.33333,200.032557382386,,
"Weyerhaeuser NR Company (Philadelphia, MS)",14310,central,Customer,Bonham,TX,2x8,,12.0,16.0,199.999990234375,,
"Weyerhaeuser NR Company (Philadelphia, MS)",14310,central,Customer,Bonham,TX,2x8,,14.0,18.66667,200.0,,
"Weyerhaeuser NR Company (Philadelphia, MS)",14310,central,Customer,Brazil,IN,2x12,,8.0,80.0,261.920648245316,,
"Weyerhaeuser NR Company (Philadelphia, MS)",14310,central,Customer,Brazil,IN,2x12,,16.0,64.0,304.8016186523435,,
"Weyerhaeuser NR Company (Philadelphia, MS)",14310,central,Customer,Brazil,IN,2x8,,8.0,53.333349999999996,269.146198369565,,
"Weyerhaeuser NR Company (Philadelphia, MS)",14310,central,Customer,Brazil,IN,2x8,,10.0,13.33333,205.008008125317,,
"Weyerhaeuser NR Company (Philadelphia, MS)",14310,central,Customer,Brazil,IN,2x8,,12.0,32.0,258.5253810930825,,
"Weyerhaeuser NR Company (Philadelphia, MS)",14310,central,Customer,Brazil,IN,2x8,,14.0,18.66667,205.0,,
"Weyerhaeuser NR Company (Philadelphia, MS)",14310,central,Customer,Bryan,TX,2x12,,,8.0,181.920507146662,,
"Weyerhaeuser NR Company (Philadelphia, MS)",14310,central,Customer,Bryan,TX,2x8,,,2.66667,182.028264690897,,
"Weyerhaeuser NR Company (Philadelphia, MS)",14310,central,Customer,Bunkie,LA,2x4,,16.0,10.66667,345.000450755015,,
"Weyerhaeuser NR Company (Philadelphia, MS)",14310,central,Customer,Bunkie,LA,2x4,,10.0,6.66667,345.0625676163,,
"Weyerhaeuser NR Company (Philadelphia, MS)",14310,central,Customer,Bunkie,LA,2x4,,12.0,8.0,345.000450721154,,
"Weyerhaeuser NR Company (Philadelphia, MS)",14310,central,Customer,Bunkie,LA,2x4,,14.0,9.33333,345.000386349002,,
"Weyerhaeuser NR Company (Philadelphia, MS)",14310,central,Customer,Cantonment,FL,2x4,,8.0,5.33333,275.0,,
"Weyerhaeuser NR Company (Philadelphia, MS)",14310,central,Customer,Cantonment,FL,2x4,,12.0,8.0,275.0,,
"Weyerhaeuser NR Company (Philadelphia, MS)",14310,central,Customer,Carrollton,GA,2x4,,10.0,6.66667,211.767700335129,,
"Weyerhaeuser NR Company (Philadelphia, MS)",14310,central,Customer,Carrollton,MO,2x12,,,8.0,189.999985139266,,
"Weyerhaeuser NR Company (Philadelphia, MS)",14310,central,Customer,Columbus,MS,2x4,,18.0,24.0,449.55843416132495,,
"Weyerhaeuser NR Company (Philadelphia, MS)",14310,central,Customer,Columbus,MS,2x4,,20.0,13.33333,473.416402900757,,
"Weyerhaeuser NR Company (Philadelphia, MS)",14310,central,Customer,Conroe,TX,2x4,,16.0,10.66667,281.999989756197,,
"Weyerhaeuser NR Company (Philadelphia, MS)",14310,central,Customer,Conroe,TX,2x6,,8.0,8.0,300.0,,
"Weyerhaeuser NR Company (Philadelphia, MS)",14310,central,Customer,Conroe,TX,2x6,,10.0,10.0,305.0,,
"Weyerhaeuser NR Company (Philadelphia, MS)",14310,central,Customer,Conroe,TX,2x6,,12.0,12.0,300.000013563368,,
"Weyerhaeuser NR Company (Philadelphia, MS)",14310,central,Customer,Cullman,AL,2x10,,8.0,119.99997,217.24818510120446,,
"Weyerhaeuser NR Company (Philadelphia, MS)",14310,central,Customer,Cullman,AL,2x10,,16.0,266.6667,232.01068889615212,,
"Weyerhaeuser NR Company (Philadelphia, MS)",14310,central,Customer,Cullman,AL,2x10,,12.0,200.0,242.2258981770833,,
"Weyerhaeuser NR Company (Philadelphia, MS)",14310,central,Customer,Cullman,AL,2x6,,10.0,10.0,185.0,,
"Weyerhaeuser NR Company (Philadelphia, MS)",14310,central,Customer,Cullman,AL,2x6,,12.0,12.0,300.0,,
"Weyerhaeuser NR Company (Philadelphia, MS)",14310,central,Customer,Dallas,TX,2x4,,8.0,15.99999,298.34092339317164,,
"Weyerhaeuser NR Company (Philadelphia, MS)",14310,central,Customer,Dallas,TX,2x4,,,10.66668,237.283971589876,,
"Weyerhaeuser NR Company (Philadelphia, MS)",14310,central,Customer,Dallas,TX,2x8,,8.0,10.66667,265.0,,
"Weyerhaeuser NR Company (Philadelphia, MS)",14310,central,Customer,Dallas,TX,2x8,,10.0,13.33333,270.030137292108,,
"Weyerhaeuser NR Company (Philadelphia, MS)",14310,central,Customer,Dallas,TX,2x8,,12.0,16.0,285.0,,
"Weyerhaeuser NR Company (Philadelphia, MS)",14310,central,Customer,Dayton,OH,2x4,,8.0,5.33333,290.011366308693,,
"Weyerhaeuser NR Company (Philadelphia, MS)",14310,central,Customer,Duluth,GA,2x4,,8.0,5.33333,175.0,,
"Weyerhaeuser NR Company (Philadelphia, MS)",14310,central,Customer,Eatonton,GA,2x4,,18.0,12.0,384.999959935897,,
"Weyerhaeuser NR Company (Philadelphia, MS)",14310,central,Customer,Fayetteville,TN,2x12,,,8.0,245.0,,
"Weyerhaeuser NR Company (Philadelphia, MS)",14310,central,Customer,Fayetteville,TN,2x8,,,5.33333,265.064693528694,,
"Weyerhaeuser NR Company (Philadelphia, MS)",14310,central,Customer,Flintville,TN,2x10,,,6.66667,252.631040654564,,
"Weyerhaeuser NR Company (Philadelphia, MS)",14310,central,Customer,Flintville,TN,2x12,,8.0,32.0,233.662908380682,,
"Weyerhaeuser NR Company (Philadelphia, MS)",14310,central,Customer,Flintville,TN,2x12,,10.0,60.0,249.1086493882277,,
"Weyerhaeuser NR Company (Philadelphia, MS)",14310,central,Customer,Flintville,TN,2x12,,12.0,72.0,235.75758167613665,,
"Weyerhaeuser NR Company (Philadelphia, MS)",14310,central,Customer,Flintville,TN,2x12,,14.0,140.0,247.46515625,,
"Weyerhaeuser NR Company (Philadelphia, MS)",14310,central,Customer,Flintville,TN,2x4,,8.0,26.66665,198.3629051551278,,
"Weyerhaeuser NR Company (Philadelphia, MS)",14310,central,Customer,Flintville,TN,2x4,,12.0,64.0,200.68087906171863,,
"Weyerhaeuser NR Company (Philadelphia, MS)",14310,central,Customer,Fort Payne,AL,2x4,,8.0,5.33333,360.691456668715,,
"Weyerhaeuser NR Company (Philadelphia, MS)",14310,central,Customer,Ft Worth,TX,2x4,,12.0,8.0,325.0,,
"Weyerhaeuser NR Company (Philadelphia, MS)",14310,central,Customer,Ft Worth,TX,2x4,,14.0,9.33333,278.578261829421,,
"Weyerhaeuser NR Company (Philadelphia, MS)",14310,central,Customer,Ft Worth,TX,2x6,,8.0,8.0,320.0,,
"Weyerhaeuser NR Company (Philadelphia, MS)",14310,central,Customer,Ft Worth,TX,2x6,,10.0,10.0,354.999958881579,,
"Weyerhaeuser NR Company (Philadelphia, MS)",14310,central,Customer,Grabill,IN,2x10,,8.0,53.33332,209.1398854927935,,
"Weyerhaeuser NR Company (Philadelphia, MS)",14310,central,Customer,Grabill,IN,2x10,,16.0,26.66667,185.043376933896,,
"Weyerhaeuser NR Company (Philadelphia, MS)",14310,central,Customer,Grabill,IN,2x4,,16.0,10.66667,180.0,,
"Weyerhaeuser NR Company (Philadelphia, MS)",14310,central,Customer,Grabill,IN,2x4,,14.0,9.33333,180.030911901082,,
"Weyerhaeuser NR Company (Philadelphia, MS)",14310,central,Customer,Grabill,IN,2x6,,8.0,8.0,125.0,,
"Weyerhaeuser NR Company (Philadelphia, MS)",14310,central,Customer,Grabill,IN,2x6,,16.0,16.0,155.0,,
"Weyerhaeuser NR Company (Philadelphia, MS)",14310,central,Customer,Grand Prairie,TX,2x4,,,2.66667,252.958000409752,,
"Weyerhaeuser NR Company (Philadelphia, MS)",14310,central,Customer,Groveton,TX,2x8,,8.0,10.66667,254.999980044158,,
"Weyerhaeuser NR Company (Philadelphia, MS)",14310,central,Customer,Haleyville,AL,2x6,,16.0,16.0,275.000014648438,,
"Weyerhaeuser NR Company (Philadelphia, MS)",14310,central,Customer,Haleyville,AL,2x6,,10.0,20.0,185.0,,
"Weyerhaeuser NR Company (Philadelphia, MS)",14310,central,Customer,Haleyville,AL,2x6,,12.0,108.0,280.8518518518518,,
"Weyerhaeuser NR Company (Philadelphia, MS)",14310,central,Customer,Hartselle,AL,2x8,,10.0,13.33333,240.046884157062,,
"Weyerhaeuser NR Company (Philadelphia, MS)",14310,central,Customer,Hartselle,AL,2x8,,14.0,18.66667,240.0,,
"Weyerhaeuser NR Company (Philadelphia, MS)",14310,central,Customer,Hidalgo,TX,2x8,,8.0,10.66667,245.217428768382,,
"Weyerhaeuser NR Company (Philadelphia, MS)",14310,central,Customer,Hidalgo,TX,2x8,,12.0,16.0,245.217438151042,,
"Weyerhaeuser NR Company (Philadelphia, MS)",14310,central,Customer,Houston,TX,2x4,,8.0,5.33333,175.0,,
"Weyerhaeuser NR Company (Philadelphia, MS)",14310,central,Customer,Jacksonville,TX,2x6,,8.0,48.0,250.83333333333334,,
"Weyerhaeuser NR Company (Philadelphia, MS)",14310,central,Customer,Jacksonville,TX,2x8,,8.0,192.00006,266.2321379607543,,
"Weyerhaeuser NR Company (Philadelphia, MS)",14310,central,Customer,Jacksonville,TX,2x8,,16.0,191.99997,269.50202484441434,,
"Weyerhaeuser NR Company (Philadelphia, MS)",14310,central,Customer,Jacksonville,TX,2x8,,10.0,53.33332,266.27452552459226,,
"Weyerhaeuser NR Company (Philadelphia, MS)",14310,central,Customer,Jacksonville,TX,2x8,,12.0,176.0,272.29290545099434,,
"Weyerhaeuser NR Company (Philadelphia, MS)",14310,central,Customer,Jacksonville,TX,2x8,,14.0,56.00001,250.66666666666666,,
"Weyerhaeuser NR Company (Philadelphia, MS)",14310,central,Customer,Jarrell,TX,2x4,,8.0,5.33333,254.999987297685,,
"Weyerhaeuser NR Company (Philadelphia, MS)",14310,central,Customer,Louisville,KY,2x12,,8.0,16.0,234.999989583333,,
"Weyerhaeuser NR Company (Philadelphia, MS)",14310,central,Customer,Louisville,KY,2x12,,16.0,32.0,235.0,,
"Weyerhaeuser NR Company (Philadelphia, MS)",14310,central,Customer,Louisville,KY,2x12,,10.0,20.0,234.999986328125,,
"Weyerhaeuser NR Company (Philadelphia, MS)",14310,central,Customer,Louisville,KY,2x12,,12.0,24.0,234.999990234375,,
"Weyerhaeuser NR Company (Philadelphia, MS)",14310,central,Customer,Louisville,KY,2x12,,14.0,28.0,235.0,,
"Weyerhaeuser NR Company (Philadelphia, MS)",14310,central,Customer,Mc Intyre,GA,2x8,,14.0,18.66667,300.884300595238,,
"Weyerhaeuser NR Company (Philadelphia, MS)",14310,central,Customer,Memphis,TN,2x4,,8.0,5.33333,304.999987297685,,
"Weyerhaeuser NR Company (Philadelphia, MS)",14310,central,Customer,Memphis,TN,2x4,,10.0,20.00001,249.9999953336443,,
"Weyerhaeuser NR Company (Philadelphia, MS)",14310,central,Customer,Memphis,TN,2x4,,12.0,8.0,212.796462740385,,
"Weyerhaeuser NR Company (Philadelphia, MS)",14310,central,Customer,Middleton,TN,2x4,,8.0,53.3333,287.0087598965274,,
"Weyerhaeuser NR Company (Philadelphia, MS)",14310,central,Customer,Middleton,TN,2x4,,10.0,6.66667,280.000024038462,,
"Weyerhaeuser NR Company (Philadelphia, MS)",14310,central,Customer,Middleton,TN,2x6,,8.0,128.0,247.0597592713142,,
"Weyerhaeuser NR Company (Philadelphia, MS)",14310,central,Customer,Middleton,TN,2x6,,10.0,70.0,264.7199738963294,,
"Weyerhaeuser NR Company (Philadelphia, MS)",14310,central,Customer,Middleton,TN,2x6,,12.0,24.0,225.55550759548652,,
"Weyerhaeuser NR Company (Philadelphia, MS)",14310,central,Customer,Montgomery,AL,2x6,,10.0,20.0,212.5,,
"Weyerhaeuser NR Company (Philadelphia, MS)",14310,central,Customer,Moscow,TN,2x6,,8.0,8.0,229.999988536005,,
"Weyerhaeuser NR Company (Philadelphia, MS)",14310,central,Customer,Mt Pleasant,TX,2x4,,8.0,5.33333,345.013521987928,,
"Weyerhaeuser NR Company (Philadelphia, MS)",14310,central,Customer,Nashville,TN,2x6,,10.0,10.0,260.875,,
"Weyerhaeuser NR Company (Philadelphia, MS)",14310,central,Customer,Northport,AL,2x6,,16.0,16.0,310.0,,
"Weyerhaeuser NR Company (Philadelphia, MS)",14310,central,Customer,Olive Branch,MS,2x6,,12.0,12.0,265.0,,
"Weyerhaeuser NR Company (Philadelphia, MS)",14310,central,Customer,Prichard,AL,2x4,,12.0,8.0,314.99998838141,,
"Weyerhaeuser NR Company (Philadelphia, MS)",14310,central,Customer,Ranburne,AL,2x12,,8.0,80.0,226.44339226271342,,
"Weyerhaeuser NR Company (Philadelphia, MS)",14310,central,Customer,Ranburne,AL,2x12,,16.0,64.0,256.4997802734375,,
"Weyerhaeuser NR Company (Philadelphia, MS)",14310,central,Customer,Ranburne,AL,2x12,,10.0,20.0,235.0,,
"Weyerhaeuser NR Company (Philadelphia, MS)",14310,central,Customer,Ranburne,AL,2x12,,12.0,96.0,206.58322178819424,,
"Weyerhaeuser NR Company (Philadelphia, MS)",14310,central,Customer,Ranburne,AL,2x12,,14.0,56.0,257.5,,
"Weyerhaeuser NR Company (Philadelphia, MS)",14310,central,Customer,Ranburne,AL,2x6,,8.0,24.0,267.3333259548613,,
"Weyerhaeuser NR Company (Philadelphia, MS)",14310,central,Customer,Ranburne,AL,2x6,,10.0,20.0,264.99998046875,,
"Weyerhaeuser NR Company (Philadelphia, MS)",14310,central,Customer,Ranburne,AL,2x8,,8.0,117.33337,264.418754259112,,
"Weyerhaeuser NR Company (Philadelphia, MS)",14310,central,Customer,Ranburne,AL,2x8,,16.0,42.66666,263.2635242437635,,
"Weyerhaeuser NR Company (Philadelphia, MS)",14310,central,Customer,Ranburne,AL,2x8,,10.0,119.99997,256.61373200893456,,
"Weyerhaeuser NR Company (Philadelphia, MS)",14310,central,Customer,Ranburne,AL,2x8,,12.0,128.0,285.2491490749784,,
"Weyerhaeuser NR Company (Philadelphia, MS)",14310,central,Customer,Ranburne,AL,2x8,,14.0,149.33336,293.5884097591861,,
"Weyerhaeuser NR Company (Philadelphia, MS)",14310,central,Customer,Ripley,TN,2x4,,12.0,8.0,230.357130408654,,
"Weyerhaeuser NR Company (Philadelphia, MS)",14310,central,Customer,Saginaw,TX,2x4,,8.0,26.66665,346.0024300384102,,
"Weyerhaeuser NR Company (Philadelphia, MS)",14310,central,Customer,Schiller Park,IL,2x6,,8.0,24.0,290.0,,
"Weyerhaeuser NR Company (Philadelphia, MS)",14310,central,Customer,Selmer,TN,2x4,,8.0,5.33333,349.759384719405,,
"Weyerhaeuser NR Company (Philadelphia, MS)",14310,central,Customer,Selmer,TN,2x4,,,8.00001,183.47913563795032,,
"Weyerhaeuser NR Company (Philadelphia, MS)",14310,central,Customer,Selmer,TN,2x4,,10.0,20.00001,226.57418368478935,,
"Weyerhaeuser NR Company (Philadelphia, MS)",14310,central,Customer,Selmer,TN,2x4,,12.0,8.0,349.719951923077,,
"Weyerhaeuser NR Company (Philadelphia, MS)",14310,central,Customer,Selmer,TN,2x4,,14.0,9.33333,349.810149407522,,
"Weyerhaeuser NR Company (Philadelphia, MS)",14310,central,Customer,Shepherdsville,KY,2x6,,10.0,10.0,270.0,,
"Weyerhaeuser NR Company (Philadelphia, MS)",14310,central,Customer,Silsbee,TX,2x10,,8.0,39.99999,206.76762244541464,,
"Weyerhaeuser NR Company (Philadelphia, MS)",14310,central,Customer,Silsbee,TX,2x10,,,6.66667,234.999986606844,,
"Weyerhaeuser NR Company (Philadelphia, MS)",14310,central,Customer,Silsbee,TX,2x10,,10.0,50.00001,232.79364111411132,,
"Weyerhaeuser NR Company (Philadelphia, MS)",14310,central,Customer,Silsbee,TX,2x12,,8.0,16.0,230.0,,
"Weyerhaeuser NR Company (Philadelphia, MS)",14310,central,Customer,Silsbee,TX,2x12,,10.0,20.0,234.999985546875,,
"Weyerhaeuser NR Company (Philadelphia, MS)",14310,central,Customer,Silsbee,TX,2x12,,12.0,24.0,160.0,,
"Weyerhaeuser NR Company (Philadelphia, MS)",14310,central,Customer,Silsbee,TX,2x8,,8.0,10.66667,235.322428385417,,
"Weyerhaeuser NR Company (Philadelphia, MS)",14310,central,Customer,Silsbee,TX,2x8,,,5.33333,265.032333048468,,
"Weyerhaeuser NR Company (Philadelphia, MS)",14310,central,Customer,Silsbee,TX,2x8,,10.0,13.33333,235.334652846502,,
"Weyerhaeuser NR Company (Philadelphia, MS)",14310,central,Customer,Silsbee,TX,2x8,,12.0,16.0,235.322450520833,,
"Weyerhaeuser NR Company (Philadelphia, MS)",14310,central,Customer,Somerset,KY,2x4,,14.0,9.33333,150.0,,
"Weyerhaeuser NR Company (Philadelphia, MS)",14310,central,Customer,South Pittsburg,TN,2x4,,10.0,6.66667,227.996779246795,,
"Weyerhaeuser NR Company (Philadelphia, MS)",14310,central,Customer,Springfield,MO,2x4,,16.0,10.66667,355.000450755015,,
"Weyerhaeuser NR Company (Philadelphia, MS)",14310,central,Customer,Springfield,MO,2x4,,10.0,6.66667,150.0,,
"Weyerhaeuser NR Company (Philadelphia, MS)",14310,central,Customer,Springfield,MO,2x4,,12.0,8.0,315.555956196581,,
"Weyerhaeuser NR Company (Philadelphia, MS)",14310,central,Customer,Springfield,MO,2x4,,14.0,27.99999,296.7004723005967,,
"Weyerhaeuser NR Company (Philadelphia, MS)",14310,central,Customer,Toledo,OH,2x6,,8.0,8.0,251.666809082031,,
"Weyerhaeuser NR Company (Philadelphia, MS)",14310,central,Customer,Toledo,OH,2x6,,16.0,16.0,251.666870117187,,
"Weyerhaeuser NR Company (Philadelphia, MS)",14310,central,Customer,Townville,SC,2x4,,8.0,10.66666,297.505676803189,,
"Weyerhaeuser NR Company (Philadelphia, MS)",14310,central,Customer,Townville,SC,2x4,,,9.333309999999999,165.623437820119,,
"Weyerhaeuser NR Company (Philadelphia, MS)",14310,central,Customer,Townville,SC,2x4,,14.0,9.33333,310.0,,
"Weyerhaeuser NR Company (Philadelphia, MS)",14310,central,Customer,Tuscumbia,AL,2x8,,8.0,21.33334,307.5,,
"Weyerhaeuser NR Company (Philadelphia, MS)",14310,central,Customer,Tuscumbia,AL,2x8,,16.0,21.33333,300.146555935515,,
"Weyerhaeuser NR Company (Philadelphia, MS)",14310,central,Customer,Tuscumbia,AL,2x8,,10.0,39.99999,305.0335807504787,,
"Weyerhaeuser NR Company (Philadelphia, MS)",14310,central,Customer,Tuscumbia,AL,2x8,,12.0,48.0,294.9999957682293,,
"Weyerhaeuser NR Company (Philadelphia, MS)",14310,central,Customer,Tuscumbia,AL,2x8,,14.0,93.33335,303.0,,
"Weyerhaeuser NR Company (Philadelphia, MS)",14310,central,Customer,Whitesboro,TX,2x4,,16.0,10.66667,352.131776275353,,
"Weyerhaeuser NR Company (Philadelphia, MS)",14310,central,Customer,,,2x4,,,1.33333,165.623437820119,,
"Weyerhaeuser NR Company (Philadelphia, MS)",14310,central,Customer,,,2x4,,14.0,9.33333,195.005795235029,,
"Weyerhaeuser NR Company (Philadelphia, MS)",14310,central,Customer,,,2x6,,8.0,24.0,160.0,,
"Weyerhaeuser NR Company (Philadelphia, MS)",14310,central,Customer,,,2x8,,8.0,21.33334,232.5,,
"Weyerhaeuser NR Company (Philadelphia, MS)",14310,central,Customer,,,2x8,,16.0,21.33333,235.057387057387,,
"Weyerhaeuser NR Company (Philadelphia, MS)",14310,central,Customer,,,2x8,,10.0,13.33333,245.063818702787,,
"Weyerhaeuser NR Company (Philadelphia, MS)",14310,central,Customer,,,2x8,,12.0,48.0,238.333329861111,,
"Weyerhaeuser NR Company (Philadelphia, MS)",14310,central,TLR,Birmingham,AL,2x10,,8.0,293.33326,258.13348279751466,,
"Weyerhaeuser NR Company (Philadelphia, MS)",14310,central,TLR,Birmingham,AL,2x10,,16.0,426.66672,263.43440826876775,,
"Weyerhaeuser NR Company (Philadelphia, MS)",14310,central,TLR,Birmingham,AL,2x10,,,6.66667,141.004005795619,,
"Weyerhaeuser NR Company (Philadelphia, MS)",14310,central,TLR,Birmingham,AL,2x10,,10.0,100.00002,238.67556734553716,,
"Weyerhaeuser NR Company (Philadelphia, MS)",14310,central,TLR,Birmingham,AL,2x10,,12.0,380.0,260.13430495731524,,
"Weyerhaeuser NR Company (Philadelphia, MS)",14310,central,TLR,Birmingham,AL,2x10,,14.0,256.66663,257.48155345942894,,
"Weyerhaeuser NR Company (Philadelphia, MS)",14310,central,TLR,Birmingham,AL,2x12,,8.0,144.0,294.68589225863246,,
"Weyerhaeuser NR Company (Philadelphia, MS)",14310,central,TLR,Birmingham,AL,2x12,,16.0,64.0,283.4957386363635,,
"Weyerhaeuser NR Company (Philadelphia, MS)",14310,central,TLR,Birmingham,AL,2x12,,,56.0,170.25540942341266,,
"Weyerhaeuser NR Company (Philadelphia, MS)",14310,central,TLR,Birmingham,AL,2x12,,10.0,20.0,296.000352864583,,
"Weyerhaeuser NR Company (Philadelphia, MS)",14310,central,TLR,Birmingham,AL,2x12,,12.0,72.0,316.23404896246666,,
"Weyerhaeuser NR Company (Philadelphia, MS)",14310,central,TLR,Birmingham,AL,2x12,,14.0,56.0,326.291925223214,,
"Weyerhaeuser NR Company (Philadelphia, MS)",14310,central,TLR,Birmingham,AL,2x4,,8.0,58.66663,336.0853521491322,,
"Weyerhaeuser NR Company (Philadelphia, MS)",14310,central,TLR,Birmingham,AL,2x4,,16.0,128.00004,329.6214680651597,,
"Weyerhaeuser NR Company (Philadelphia, MS)",14310,central,TLR,Birmingham,AL,2x4,,10.0,100.00005,345.70711099249746,,
"Weyerhaeuser NR Company (Philadelphia, MS)",14310,central,TLR,Birmingham,AL,2x4,,12.0,88.0,329.11918212646725,,
"Weyerhaeuser NR Company (Philadelphia, MS)",14310,central,TLR,Birmingham,AL,2x4,,14.0,102.66663,338.19015880053956,,
"Weyerhaeuser NR Company (Philadelphia, MS)",14310,central,TLR,Birmingham,AL,2x6,,8.0,216.0,287.18601058043174,,
"Weyerhaeuser NR Company (Philadelphia, MS)",14310,central,TLR,Birmingham,AL,2x6,,16.0,224.0,310.17619366833793,,
"Weyerhaeuser NR Company (Philadelphia, MS)",14310,central,TLR,Birmingham,AL,2x6,,,4.0,326.174259114583,,
"Weyerhaeuser NR Company (Philadelphia, MS)",14310,central,TLR,Birmingham,AL,2x6,,10.0,150.0,311.633306295432,,
"Weyerhaeuser NR Company (Philadelphia, MS)",14310,central,TLR,Birmingham,AL,2x6,,12.0,204.0,291.40537784558944,,
"Weyerhaeuser NR Company (Philadelphia, MS)",14310,central,TLR,Birmingham,AL,2x6,,14.0,336.0,283.7112618988012,,
"Weyerhaeuser NR Company (Philadelphia, MS)",14310,central,TLR,Birmingham,AL,2x8,,8.0,256.00008,296.6070126001303,,
"Weyerhaeuser NR Company (Philadelphia, MS)",14310,central,TLR,Birmingham,AL,2x8,,16.0,341.33328,311.06803147353963,,
"Weyerhaeuser NR Company (Philadelphia, MS)",14310,central,TLR,Birmingham,AL,2x8,,,58.666669999999996,200.2169136052158,,
"Weyerhaeuser NR Company (Philadelphia, MS)",14310,central,TLR,Birmingham,AL,2x8,,10.0,253.33327,297.89594144126056,,
"Weyerhaeuser NR Company (Philadelphia, MS)",14310,central,TLR,Birmingham,AL,2x8,,12.0,320.0,317.3893696668837,,
"Weyerhaeuser NR Company (Philadelphia, MS)",14310,central,TLR,Birmingham,AL,2x8,,14.0,261.33338,308.330717647215,,
"Weyerhaeuser NR Company (Plymouth, NC)",14316,east,Customer,Townville,SC,2x4,,,29.33326,132.53306524281714,,
"Weyerhaeuser NR Company (Zwolle, LA)",14313,west,Customer,Bellville,TX,4x4,,8.0,10.66667,310.0,,
"Weyerhaeuser NR Company (Zwolle, LA)",14313,west,Customer,Bryan,TX,4x4,,8.0,74.66669,408.3856073284134,,
"Weyerhaeuser NR Company (Zwolle, LA)",14313,west,Customer,Bunkie,LA,4x4,,8.0,10.66667,325.0,,
"Weyerhaeuser NR Company (Zwolle, LA)",14313,west,Customer,Dallas,TX,4x4,,8.0,10.66667,288.890024038461,,
"Weyerhaeuser NR Company (Zwolle, LA)",14313,west,Customer,Fulton,MS,4x4,,8.0,10.66667,419.31046452434,,
"Weyerhaeuser NR Company (Zwolle, LA)",14313,west,Customer,Scottsville,TX,4x4,,8.0,10.66667,278.571428571429,,
"Weyerhaeuser NR Company (Zwolle, LA)",14313,west,TLR,Birmingham,AL,4x4,,8.0,21.33334,415.980456413503,,
"Weyerhauser NR Company (Houston, TX)",378533,nan,Customer,Bryan,TX,4x4,,8.0,96.0,776.2180902777777,,
"Weyerhauser NR Company (Houston, TX)",378533,nan,Customer,Bryan,TX,8x4,,8.0,96.0,597.1482052203063,,
"Wood Tie (Idabel, OK)",932,nan,Customer,Ennis,TX,6x8,,8.0,64.0,495.0,,
"WoodPerfect (Albertville, AL)",15425,central,Customer,Douglas,GA,2x4,,12.0,8.0,405.0,,
"WoodPerfect (Albertville, AL)",15425,central,Customer,Harrisburg,IL,2x6,,16.0,16.0,460.0,,
"WoodPerfect (Albertville, AL)",15425,central,Customer,Harrisburg,IL,2x6,,10.0,10.0,546.666666666667,,
"WoodPerfect (Albertville, AL)",15425,central,Customer,Harrisburg,IL,2x6,,12.0,24.0,452.5,,
"WoodPerfect (Albertville, AL)",15425,central,Customer,Harrisburg,IL,2x6,,14.0,28.0,459.9999964126275,,
"WoodPerfect (Albertville, AL)",15425,central,Customer,Harrisburg,IL,2x8,,14.0,18.66667,450.000026506696,,
"WoodPerfect (Albertville, AL)",15425,central,Customer,Knoxville,TN,2x4,,10.0,6.66667,270.0,,
"WoodPerfect (Albertville, AL)",15425,central,Customer,Mc Intyre,GA,2x8,,12.0,16.0,330.0,,
"WoodPerfect (Albertville, AL)",15425,central,TLR,Birmingham,AL,2x8,,8.0,10.66667,160.0,,
"WoodPerfect (Boaz, AL)",371787,central,Customer,Cassville,MO,2x4,,8.0,10.66666,305.00436877689,,
"WoodPerfect (Boaz, AL)",371787,central,Customer,Houston,TX,2x6,,8.0,8.0,265.0,,
"WoodPerfect (Boaz, AL)",371787,central,TLR,Birmingham,AL,2x8,,8.0,32.00001,230.0,,
"Yoder Hardwood (Verona, MO)",934,nan,Customer,Alton,IL,3x4,,10.0,8.41667,450.283142599974,,
"Yoder Hardwood (Verona, MO)",934,nan,Customer,Alton,IL,4x5,,10.0,28.05556,487.2751963193125,,
"Yoder Hardwood (Verona, MO)",934,nan,Customer,Alton,IL,6x6,,10.0,25.25,525.198038476047,,
"Yoder Hardwood (Verona, MO)",934,nan,Customer,Amarillo,TX,3x4,,,9.0,459.99997558922604,,
"Yoder Hardwood (Verona, MO)",934,nan,Customer,Cayce,SC,3x4,,9.0,27.0,450.0,,
"Yoder Hardwood (Verona, MO)",934,nan,Customer,Dupo,IL,3x4,,,7.16667,446.511117864693,,
"Yoder Hardwood (Verona, MO)",934,nan,Customer,Dupo,IL,3x4,,10.0,8.5,449.999981060606,,
"Yoder Hardwood (Verona, MO)",934,nan,Customer,Englewood,CO,3x6,,,12.0,643.333554651027,,
"Yoder Hardwood (Verona, MO)",934,nan,Customer,Evansville,WI,3x4,,8.0,8.0,429.912664772727,,
"Yoder Hardwood (Verona, MO)",934,nan,Customer,Evansville,WI,3x4,,,4.33333,493.984700568265,,
"Yoder Hardwood (Verona, MO)",934,nan,Customer,Exeter,MO,16x3,,,0.54688,548.579896270684,,
"Yoder Hardwood (Verona, MO)",934,nan,Customer,Exeter,MO,16x5,,,0.85938,546.917440156326,,
"Yoder Hardwood (Verona, MO)",934,nan,Customer,Fulton,MS,3x4,,8.0,8.0,430.0,,
"Yoder Hardwood (Verona, MO)",934,nan,Customer,Greeley,CO,1x4,,8.0,2.66667,577.04855147541,,
"Yoder Hardwood (Verona, MO)",934,nan,Customer,Greeley,CO,6x6,,8.0,72.0,525.0,,
"Yoder Hardwood (Verona, MO)",934,nan,Customer,Little Rock,AR,1x4,,8.0,2.66667,600.524015748032,,
"Yoder Hardwood (Verona, MO)",934,nan,Customer,Little Rock,AR,3x4,,8.0,8.0,385.0,,
"Yoder Hardwood (Verona, MO)",934,nan,Customer,Little Rock,AR,6x6,,8.0,120.0,525.0,,
"Yoder Hardwood (Verona, MO)",934,nan,Customer,Savannah,GA,3x4,,8.0,8.0,399.999973958333,,
