Region,ItemDescription,TransactionDate,Length8Foot,Length10Foot,Length12Foot,Length14Foot,Length16Foot,Length18Foot,Length20Foot
West,2x4 #1,2024-01-12,435,385,450,450,525,455,495
West,2x6 #1,2024-01-12,320,390,410,380,395,385,415
West,2x8 #1,2024-01-12,400,415,435,395,420,415,485
West,2x10 #1,2024-01-12,355,445,420,345,410,345,730
West,2x12 #1,2024-01-12,590,585,545,515,605,595,825
West,2x4 #2,2024-01-12,395,375,395,415,475,385,455
West,2x6 #2,2024-01-12,305,385,390,375,390,375,385
West,2x8 #2,2024-01-12,320,325,350,375,375,355,385
West,2x10 #2,2024-01-12,275,295,300,310,310,245,285
West,2x12 #2,2024-01-12,410,465,470,445,450,475,685
Central,2x4 #1,2024-01-12,395,400,440,460,515,450,460
Central,2x6 #1,2024-01-12,285,370,385,370,380,360,375
Central,2x8 #1,2024-01-12,365,445,455,365,385,375,415
Central,2x10 #1,2024-01-12,355,510,450,330,385,385,770
Central,2x12 #1,2024-01-12,555,605,550,485,545,565,750
Central,2x4 #2,2024-01-12,380,385,420,435,475,400,430
Central,2x6 #2,2024-01-12,275,365,375,365,370,355,355
Central,2x8 #2,2024-01-12,310,310,325,340,335,290,320
Central,2x10 #2,2024-01-12,230,290,315,310,300,235,265
Central,2x12 #2,2024-01-12,325,425,470,425,440,420,635
East,2x4 #1,2024-01-12,445,455,455,515,520,435,435
East,2x6 #1,2024-01-12,335,390,395,370,395,370,350
East,2x8 #1,2024-01-12,470,470,475,380,400,375,430
East,2x10 #1,2024-01-12,425,505,460,375,390,410,800
East,2x12 #1,2024-01-12,585,620,580,555,570,620,865
East,2x4 #2,2024-01-12,420,440,445,490,495,390,425
East,2x6 #2,2024-01-12,270,375,380,350,380,360,325
East,2x8 #2,2024-01-12,350,360,365,355,370,320,335
East,2x10 #2,2024-01-12,245,345,360,345,320,275,315
East,2x12 #2,2024-01-12,330,435,515,435,415,390,640
West,2x4 #1,2024-01-18,430,380,445,445,520,450,490
West,2x6 #1,2024-01-18,315,385,405,375,390,380,410
West,2x8 #1,2024-01-18,395,410,430,390,415,410,480
West,2x10 #1,2024-01-18,340,430,405,330,395,330,715
West,2x12 #1,2024-01-18,590,585,545,515,605,595,825
West,2x4 #2,2024-01-18,390,370,390,410,470,380,450
West,2x6 #2,2024-01-18,300,380,385,370,385,370,380
West,2x8 #2,2024-01-18,315,320,345,370,370,350,380
West,2x10 #2,2024-01-18,265,285,290,300,300,235,275
West,2x12 #2,2024-01-18,420,475,480,455,460,485,695
East,2x4 #1,2024-01-18,425,435,440,495,505,415,420
East,2x6 #1,2024-01-18,325,380,380,360,380,360,340
East,2x8 #1,2024-01-18,460,460,460,375,390,370,425
East,2x10 #1,2024-01-18,405,485,440,360,370,395,775
East,2x12 #1,2024-01-18,585,620,580,565,570,620,850
East,2x4 #2,2024-01-18,405,425,430,470,480,380,410
East,2x6 #2,2024-01-18,260,365,365,340,370,350,315
East,2x8 #2,2024-01-18,340,350,355,345,360,315,325
East,2x10 #2,2024-01-18,240,340,350,340,315,275,315
East,2x12 #2,2024-01-18,340,445,525,450,430,390,655
Central,2x4 #1,2024-01-18,395,395,430,460,510,450,460
Central,2x6 #1,2024-01-18,290,370,385,370,380,360,375
Central,2x8 #1,2024-01-18,360,440,450,360,380,365,415
Central,2x10 #1,2024-01-18,350,505,450,330,375,385,750
Central,2x12 #1,2024-01-18,555,615,555,495,560,575,750
Central,2x4 #2,2024-01-18,370,375,405,420,460,385,415
Central,2x6 #2,2024-01-18,275,355,365,350,360,345,340
Central,2x8 #2,2024-01-18,300,300,320,330,325,285,310
Central,2x10 #2,2024-01-18,225,280,305,300,290,235,265
Central,2x12 #2,2024-01-18,325,425,480,430,450,430,640
West,2x4 #1,2024-01-25,410,360,425,425,500,430,470
West,2x6 #1,2024-01-25,295,365,380,360,370,360,390
West,2x8 #1,2024-01-25,380,395,415,375,400,395,465
West,2x10 #1,2024-01-25,325,415,390,315,380,315,700
West,2x12 #1,2024-01-25,595,590,550,520,610,600,830
West,2x4 #2,2024-01-25,370,355,375,390,450,360,430
West,2x6 #2,2024-01-25,280,360,370,355,365,350,360
West,2x8 #2,2024-01-25,300,305,330,355,355,335,365
West,2x10 #2,2024-01-25,255,275,280,290,290,225,265
West,2x12 #2,2024-01-25,425,480,485,460,465,490,700
Central,2x4 #1,2024-01-25,380,375,415,445,485,430,445
Central,2x6 #1,2024-01-25,295,360,375,360,370,355,370
Central,2x8 #1,2024-01-25,360,440,450,360,375,365,415
Central,2x10 #1,2024-01-25,350,510,450,330,355,385,730
Central,2x12 #1,2024-01-25,565,615,560,500,560,575,730
Central,2x4 #2,2024-01-25,360,355,385,400,435,370,400
Central,2x6 #2,2024-01-25,265,345,350,335,340,335,325
Central,2x8 #2,2024-01-25,285,290,315,320,315,275,300
Central,2x10 #2,2024-01-25,225,275,300,285,280,230,255
Central,2x12 #2,2024-01-25,325,430,490,440,455,440,650
East,2x4 #1,2024-01-25,405,415,420,465,470,390,400
East,2x6 #1,2024-01-25,310,365,360,345,360,345,325
East,2x8 #1,2024-01-25,445,450,450,360,375,360,415
East,2x10 #1,2024-01-25,395,470,425,345,355,380,750
East,2x12 #1,2024-01-25,585,610,580,555,570,620,840
East,2x4 #2,2024-01-25,385,400,410,435,450,360,390
East,2x6 #2,2024-01-25,240,345,345,325,350,335,295
East,2x8 #2,2024-01-25,330,335,340,330,345,310,315
East,2x10 #2,2024-01-25,230,330,340,335,305,275,310
East,2x12 #2,2024-01-25,350,450,535,460,445,405,665
West,2x4 #1,2024-02-08,385,335,400,400,475,405,445
West,2x6 #1,2024-02-08,285,355,370,350,360,350,380
West,2x8 #1,2024-02-08,370,385,405,365,390,385,455
West,2x10 #1,2024-02-08,310,400,375,300,365,300,685
West,2x12 #1,2024-02-08,620,615,575,545,635,625,855
West,2x4 #2,2024-02-08,340,325,345,360,415,325,395
West,2x6 #2,2024-02-08,270,350,360,345,355,340,350
West,2x8 #2,2024-02-08,290,295,320,345,345,325,355
West,2x10 #2,2024-02-08,240,260,265,275,275,210,250
West,2x12 #2,2024-02-08,450,505,510,485,490,515,725
Central,2x4 #1,2024-02-08,385,375,410,430,470,415,435
Central,2x6 #1,2024-02-08,300,365,380,365,380,355,370
Central,2x8 #1,2024-02-08,365,440,445,365,380,365,425
Central,2x10 #1,2024-02-08,325,520,450,335,335,385,730
Central,2x12 #1,2024-02-08,585,635,580,520,585,600,750
Central,2x4 #2,2024-02-08,340,330,345,370,395,340,375
Central,2x6 #2,2024-02-08,265,345,355,345,350,340,330
Central,2x8 #2,2024-02-08,290,295,325,325,325,285,310
Central,2x10 #2,2024-02-08,230,275,290,285,280,235,260
Central,2x12 #2,2024-02-08,350,465,530,475,485,465,690
East,2x4 #1,2024-02-08,395,400,405,450,450,375,400
East,2x6 #1,2024-02-08,320,360,355,345,360,345,320
East,2x8 #1,2024-02-08,440,440,445,350,370,370,420
East,2x10 #1,2024-02-08,380,455,410,340,355,370,685
East,2x12 #1,2024-02-08,590,610,580,555,580,635,830
East,2x4 #2,2024-02-08,370,380,390,415,430,350,365
East,2x6 #2,2024-02-08,255,345,345,335,350,340,305
East,2x8 #2,2024-02-08,340,340,350,340,350,320,325
East,2x10 #2,2024-02-08,220,320,330,335,300,270,300
East,2x12 #2,2024-02-08,370,460,555,480,465,425,685
West,2x4 #1,2024-02-15,385,335,400,400,475,405,445
West,2x6 #1,2024-02-15,295,365,380,360,370,360,390
West,2x8 #1,2024-02-15,375,390,410,370,395,390,460
West,2x10 #1,2024-02-15,310,395,370,295,355,295,675
West,2x12 #1,2024-02-15,640,635,595,565,655,645,875
West,2x4 #2,2024-02-15,350,330,345,365,410,325,390
West,2x6 #2,2024-02-15,285,360,375,355,370,350,360
West,2x8 #2,2024-02-15,300,305,330,355,355,335,365
West,2x10 #2,2024-02-15,240,260,265,275,275,210,250
West,2x12 #2,2024-02-15,470,525,530,505,510,535,745
Central,2x4 #1,2024-02-15,400,385,420,440,475,420,445
Central,2x6 #1,2024-02-15,310,365,385,375,390,360,380
Central,2x8 #1,2024-02-15,370,445,445,365,385,370,425
Central,2x10 #1,2024-02-15,320,520,450,335,345,385,690
Central,2x12 #1,2024-02-15,610,660,605,545,615,625,775
Central,2x4 #2,2024-02-15,355,335,345,375,400,350,375
Central,2x6 #2,2024-02-15,285,355,365,360,360,350,375
Central,2x8 #2,2024-02-15,305,310,340,345,345,300,330
Central,2x10 #2,2024-02-15,235,280,300,295,290,240,270
Central,2x12 #2,2024-02-15,370,485,550,495,505,480,710
East,2x4 #1,2024-02-15,405,410,410,455,455,385,405
East,2x6 #1,2024-02-15,335,370,365,365,375,360,335
East,2x8 #1,2024-02-15,440,440,445,365,380,380,430
East,2x10 #1,2024-02-15,385,455,410,350,370,370,670
East,2x12 #1,2024-02-15,590,610,590,565,590,635,830
East,2x4 #2,2024-02-15,380,380,390,420,435,355,370
East,2x6 #2,2024-02-15,270,350,355,345,360,350,315
East,2x8 #2,2024-02-15,350,355,365,355,365,335,340
East,2x10 #2,2024-02-15,230,325,335,340,310,275,305
East,2x12 #2,2024-02-15,385,475,565,495,480,440,700
West,2x4 #1,2024-02-22,385,335,395,395,470,405,445
West,2x6 #1,2024-02-22,310,375,395,375,390,365,395
West,2x8 #1,2024-02-22,385,400,410,375,395,375,460
West,2x10 #1,2024-02-22,310,395,370,290,350,295,655
West,2x12 #1,2024-02-22,660,660,610,580,670,660,875
West,2x4 #2,2024-02-22,365,330,350,375,410,325,390
West,2x6 #2,2024-02-22,300,370,390,370,385,360,375
West,2x8 #2,2024-02-22,315,320,345,365,365,350,380
West,2x10 #2,2024-02-22,240,260,270,275,275,210,250
West,2x12 #2,2024-02-22,490,540,545,525,525,555,760
Central,2x4 #1,2024-02-22,400,375,410,435,470,420,440
Central,2x6 #1,2024-02-22,310,365,385,380,390,365,380
Central,2x8 #1,2024-02-22,375,445,445,365,385,370,435
Central,2x10 #1,2024-02-22,315,500,450,330,355,385,670
Central,2x12 #1,2024-02-22,625,670,615,555,630,635,785
Central,2x4 #2,2024-02-22,370,340,345,380,405,360,375
Central,2x6 #2,2024-02-22,295,355,375,370,370,360,350
Central,2x8 #2,2024-02-22,310,320,350,355,355,310,340
Central,2x10 #2,2024-02-22,235,285,305,300,295,245,275
Central,2x12 #2,2024-02-22,380,500,565,505,515,490,725
East,2x4 #1,2024-02-22,420,415,415,465,465,395,415
East,2x6 #1,2024-02-22,345,380,375,375,390,365,345
East,2x8 #1,2024-02-22,440,445,450,375,390,385,435
East,2x10 #1,2024-02-22,390,460,420,360,380,375,660
East,2x12 #1,2024-02-22,595,610,595,575,600,635,830
East,2x4 #2,2024-02-22,400,390,395,425,445,370,375
East,2x6 #2,2024-02-22,285,355,365,360,375,355,325
East,2x8 #2,2024-02-22,360,370,380,365,375,350,355
East,2x10 #2,2024-02-22,240,335,345,350,320,285,315
East,2x12 #2,2024-02-22,390,490,580,510,495,450,720
East,2x4 #1,2024-02-29,425,415,415,470,465,395,415
East,2x6 #1,2024-02-29,355,390,390,390,410,370,345
East,2x8 #1,2024-02-29,445,450,455,385,400,390,435
East,2x10 #1,2024-02-29,395,460,425,370,385,375,660
East,2x12 #1,2024-02-29,595,610,600,575,600,635,830
East,2x4 #2,2024-02-29,410,395,400,435,445,375,380
East,2x6 #2,2024-02-29,295,365,375,370,385,365,335
East,2x8 #2,2024-02-29,370,380,390,375,385,360,365
East,2x10 #2,2024-02-29,245,340,350,360,330,290,320
East,2x12 #2,2024-02-29,400,500,595,525,510,460,730
Central,2x4 #1,2024-02-29,400,375,410,435,470,420,440
Central,2x6 #1,2024-02-29,320,375,390,390,400,380,385
Central,2x8 #1,2024-02-29,375,445,445,370,390,370,435
Central,2x10 #1,2024-02-29,315,500,450,335,355,385,670
Central,2x12 #1,2024-02-29,645,685,630,575,645,650,800
Central,2x4 #2,2024-02-29,385,345,350,380,405,370,375
Central,2x6 #2,2024-02-29,300,360,375,380,375,370,360
Central,2x8 #2,2024-02-29,315,325,355,360,360,315,345
Central,2x10 #2,2024-02-29,240,290,305,305,305,250,280
Central,2x12 #2,2024-02-29,395,515,580,520,530,505,740
West,2x4 #1,2024-02-29,410,355,420,415,485,415,460
West,2x6 #1,2024-02-29,330,390,410,395,410,375,405
West,2x8 #1,2024-02-29,390,410,420,385,400,375,465
West,2x10 #1,2024-02-29,315,400,375,295,355,295,655
West,2x12 #1,2024-02-29,680,680,625,590,685,670,885
West,2x4 #2,2024-02-29,395,345,360,385,425,330,395
West,2x6 #2,2024-02-29,320,385,410,390,405,375,390
West,2x8 #2,2024-02-29,330,330,355,375,380,360,390
West,2x10 #2,2024-02-29,245,270,280,285,285,220,260
West,2x12 #2,2024-02-29,515,565,570,550,550,580,780
West,2x4 #1,2024-03-07,425,360,425,420,490,420,465
West,2x6 #1,2024-03-07,340,400,420,405,420,385,410
West,2x8 #1,2024-03-07,395,420,430,390,410,385,475
West,2x10 #1,2024-03-07,320,405,380,300,360,300,660
West,2x12 #1,2024-03-07,690,685,630,600,700,680,890
West,2x4 #2,2024-03-07,420,360,370,390,430,335,400
West,2x6 #2,2024-03-07,330,395,420,400,415,380,400
West,2x8 #2,2024-03-07,340,340,365,385,390,370,400
West,2x10 #2,2024-03-07,250,275,285,290,290,225,265
West,2x12 #2,2024-03-07,530,585,590,570,570,590,790
East,2x4 #1,2024-03-07,435,415,405,460,455,405,425
East,2x6 #1,2024-03-07,360,390,395,395,420,380,360
East,2x8 #1,2024-03-07,445,455,460,390,410,395,440
East,2x10 #1,2024-03-07,400,460,425,375,390,380,675
East,2x12 #1,2024-03-07,595,610,600,575,615,650,840
East,2x4 #2,2024-03-07,425,395,395,435,435,375,380
East,2x6 #2,2024-03-07,295,365,380,375,390,355,365
East,2x8 #2,2024-03-07,370,380,390,375,390,355,365
East,2x10 #2,2024-03-07,250,340,350,365,340,300,330
East,2x12 #2,2024-03-07,400,505,595,540,525,485,755
Central,2x4 #1,2024-03-07,415,375,395,435,465,420,440
Central,2x6 #1,2024-03-07,320,385,400,400,400,385,385
Central,2x8 #1,2024-03-07,380,450,450,375,395,375,440
Central,2x10 #1,2024-03-07,315,500,420,345,365,385,670
Central,2x12 #1,2024-03-07,645,685,630,575,645,650,800
Central,2x4 #2,2024-03-07,400,345,350,380,400,370,375
Central,2x6 #2,2024-03-07,300,360,375,380,375,375,365
Central,2x8 #2,2024-03-07,320,330,360,365,365,320,350
Central,2x10 #2,2024-03-07,240,290,305,305,310,250,280
Central,2x12 #2,2024-03-07,410,530,595,535,545,520,755
West,2x4 #1,2024-03-14,430,360,425,420,490,415,465
West,2x6 #1,2024-03-14,345,400,425,405,420,380,410
West,2x8 #1,2024-03-14,395,420,430,390,410,385,470
West,2x10 #1,2024-03-14,315,400,375,300,360,295,640
West,2x12 #1,2024-03-14,710,690,630,600,700,680,890
West,2x4 #2,2024-03-14,415,355,365,385,430,335,400
West,2x6 #2,2024-03-14,335,395,420,400,415,375,400
West,2x8 #2,2024-03-14,340,340,365,385,390,370,400
West,2x10 #2,2024-03-14,250,275,285,290,290,225,265
West,2x12 #2,2024-03-14,540,605,610,585,585,590,810
Central,2x4 #1,2024-03-14,425,375,400,435,455,420,440
Central,2x6 #1,2024-03-14,325,385,400,400,410,385,385
Central,2x8 #1,2024-03-14,370,440,435,370,400,380,445
Central,2x10 #1,2024-03-14,325,500,395,345,365,385,660
Central,2x12 #1,2024-03-14,645,685,630,565,655,650,800
Central,2x4 #2,2024-03-14,410,340,345,380,400,365,375
Central,2x6 #2,2024-03-14,290,360,375,380,375,370,365
Central,2x8 #2,2024-03-14,310,320,360,365,365,330,350
Central,2x10 #2,2024-03-14,245,295,305,305,310,250,285
Central,2x12 #2,2024-03-14,410,530,600,540,545,530,775
East,2x4 #1,2024-03-14,450,405,395,455,445,405,430
East,2x6 #1,2024-03-14,375,390,395,385,420,380,360
East,2x8 #1,2024-03-14,445,455,465,390,410,405,455
East,2x10 #1,2024-03-14,400,455,410,380,390,390,675
East,2x12 #1,2024-03-14,605,605,600,575,620,650,860
East,2x4 #2,2024-03-14,435,385,385,435,430,385,380
East,2x6 #2,2024-03-14,300,365,380,370,390,370,340
East,2x8 #2,2024-03-14,360,375,390,375,390,345,370
East,2x10 #2,2024-03-14,250,340,345,365,340,310,330
East,2x12 #2,2024-03-14,400,505,595,540,525,500,775
West,2x4 #1,2024-03-21,430,360,425,420,490,405,460
West,2x6 #1,2024-03-21,345,395,425,405,420,375,410
West,2x8 #1,2024-03-21,390,420,430,385,400,380,465
West,2x10 #1,2024-03-21,320,400,380,310,365,295,635
West,2x12 #1,2024-03-21,710,695,630,600,700,680,890
West,2x4 #2,2024-03-21,415,340,350,370,415,325,390
West,2x6 #2,2024-03-21,320,375,405,385,400,360,385
West,2x8 #2,2024-03-21,335,335,360,375,385,365,395
West,2x10 #2,2024-03-21,250,275,285,290,290,225,265
West,2x12 #2,2024-03-21,545,610,615,590,590,595,815
Central,2x4 #1,2024-03-21,425,385,400,435,465,420,440
Central,2x6 #1,2024-03-21,325,385,400,400,410,385,385
Central,2x8 #1,2024-03-21,375,435,420,370,395,375,445
Central,2x10 #1,2024-03-21,325,485,400,345,365,380,650
Central,2x12 #1,2024-03-21,645,685,630,565,645,660,800
Central,2x4 #2,2024-03-21,410,330,335,365,390,350,365
Central,2x6 #2,2024-03-21,275,350,370,375,365,360,355
Central,2x8 #2,2024-03-21,305,315,350,360,360,325,345
Central,2x10 #2,2024-03-21,240,300,305,305,310,255,285
Central,2x12 #2,2024-03-21,410,530,600,540,545,535,785
East,2x4 #1,2024-03-21,455,395,385,445,430,405,430
East,2x6 #1,2024-03-21,375,375,390,380,420,365,355
East,2x8 #1,2024-03-21,445,450,465,380,400,400,465
East,2x10 #1,2024-03-21,400,450,400,380,390,385,670
East,2x12 #1,2024-03-21,605,605,600,575,620,650,860
East,2x4 #2,2024-03-21,440,375,375,425,420,385,380
East,2x6 #2,2024-03-21,300,360,375,365,390,360,325
East,2x8 #2,2024-03-21,360,370,385,370,380,340,360
East,2x10 #2,2024-03-21,250,340,345,365,340,310,330
East,2x12 #2,2024-03-21,395,510,585,535,515,500,785
West,2x4 #1,2024-03-28,430,350,420,420,485,390,450
West,2x6 #1,2024-03-28,340,385,415,400,415,360,400
West,2x8 #1,2024-03-28,380,410,420,375,390,370,450
West,2x10 #1,2024-03-28,320,400,380,310,365,295,635
West,2x12 #1,2024-03-28,710,685,630,600,665,665,860
West,2x4 #2,2024-03-28,415,325,335,355,400,310,375
West,2x6 #2,2024-03-28,320,360,390,370,385,345,370
West,2x8 #2,2024-03-28,330,330,355,370,380,355,380
West,2x10 #2,2024-03-28,250,275,285,290,290,225,265
West,2x12 #2,2024-03-28,545,610,615,590,590,595,815
Central,2x4 #1,2024-03-28,415,375,390,425,455,410,430
Central,2x6 #1,2024-03-28,315,375,390,390,400,375,375
Central,2x8 #1,2024-03-28,370,430,415,365,390,370,440
Central,2x10 #1,2024-03-28,325,485,400,345,365,380,650
Central,2x12 #1,2024-03-28,645,685,630,565,645,660,800
Central,2x4 #2,2024-03-28,400,320,325,355,380,340,355
Central,2x6 #2,2024-03-28,265,340,360,365,355,350,345
Central,2x8 #2,2024-03-28,300,310,345,355,355,320,340
Central,2x10 #2,2024-03-28,240,300,305,305,310,255,285
Central,2x12 #2,2024-03-28,410,530,600,540,545,535,785
East,2x4 #1,2024-03-28,450,385,375,435,420,395,420
East,2x6 #1,2024-03-28,365,365,380,370,410,355,345
East,2x8 #1,2024-03-28,440,445,460,375,395,395,460
East,2x10 #1,2024-03-28,400,450,400,380,390,385,670
East,2x12 #1,2024-03-28,605,605,600,575,620,650,860
East,2x4 #2,2024-03-28,435,370,365,415,410,380,375
East,2x6 #2,2024-03-28,295,355,370,355,385,350,315
East,2x8 #2,2024-03-28,355,365,380,365,375,335,355
East,2x10 #2,2024-03-28,250,340,345,365,340,310,330
East,2x12 #2,2024-03-28,395,510,585,535,515,500,785
Central,2x4 #1,2024-04-04,415,365,380,410,445,395,425
Central,2x6 #1,2024-04-04,305,365,375,370,385,360,365
Central,2x8 #1,2024-04-04,355,415,395,340,360,350,435
Central,2x10 #1,2024-04-04,325,470,390,345,365,380,610
Central,2x12 #1,2024-04-04,620,660,605,545,620,660,800
Central,2x4 #2,2024-04-04,390,300,300,335,355,320,335
Central,2x6 #2,2024-04-04,250,315,340,345,330,325,320
Central,2x8 #2,2024-04-04,285,295,330,335,340,305,325
Central,2x10 #2,2024-04-04,240,300,305,305,305,255,285
Central,2x12 #2,2024-04-04,390,505,570,515,525,515,775
West,2x4 #1,2024-04-04,410,330,400,400,465,370,430
West,2x6 #1,2024-04-04,320,365,395,380,395,340,380
West,2x8 #1,2024-04-04,370,400,410,365,380,360,440
West,2x10 #1,2024-04-04,320,400,380,310,365,285,610
West,2x12 #1,2024-04-04,690,665,610,580,645,645,840
West,2x4 #2,2024-04-04,390,300,310,330,375,285,350
West,2x6 #2,2024-04-04,300,340,370,350,365,325,350
West,2x8 #2,2024-04-04,320,320,345,360,370,345,370
West,2x10 #2,2024-04-04,250,275,285,290,290,225,265
West,2x12 #2,2024-04-04,525,590,595,570,565,570,780
East,2x4 #1,2024-04-04,440,370,360,425,405,380,410
East,2x6 #1,2024-04-04,360,355,365,355,410,345,345
East,2x8 #1,2024-04-04,425,440,435,360,390,385,460
East,2x10 #1,2024-04-04,390,440,395,380,390,375,670
East,2x12 #1,2024-04-04,605,590,590,575,610,635,860
East,2x4 #2,2024-04-04,430,355,350,400,395,370,365
East,2x6 #2,2024-04-04,285,340,360,345,370,340,305
East,2x8 #2,2024-04-04,345,350,360,350,360,320,340
East,2x10 #2,2024-04-04,250,335,340,360,335,305,325
East,2x12 #2,2024-04-04,375,490,560,515,490,495,785
West,2x4 #1,2024-04-11,385,305,375,375,440,345,405
West,2x6 #1,2024-04-11,300,345,375,360,375,320,360
West,2x8 #1,2024-04-11,355,385,395,350,365,345,425
West,2x10 #1,2024-04-11,320,400,380,310,365,285,590
West,2x12 #1,2024-04-11,670,645,590,560,625,625,820
West,2x4 #2,2024-04-11,370,270,280,305,350,265,325
West,2x6 #2,2024-04-11,280,320,350,330,345,305,330
West,2x8 #2,2024-04-11,305,305,330,345,355,330,355
West,2x10 #2,2024-04-11,250,275,285,290,290,225,265
West,2x12 #2,2024-04-11,500,565,570,545,540,545,755
Central,2x4 #1,2024-04-11,400,350,360,390,410,375,410
Central,2x6 #1,2024-04-11,305,345,360,355,370,355,355
Central,2x8 #1,2024-04-11,345,390,380,325,345,340,430
Central,2x10 #1,2024-04-11,325,455,370,345,360,375,595
Central,2x12 #1,2024-04-11,580,620,585,520,580,650,800
Central,2x4 #2,2024-04-11,370,275,285,310,335,295,315
Central,2x6 #2,2024-04-11,235,295,320,325,310,305,300
Central,2x8 #2,2024-04-11,265,285,315,320,325,290,310
Central,2x10 #2,2024-04-11,240,300,305,300,300,245,275
Central,2x12 #2,2024-04-11,365,480,545,485,495,490,760
East,2x4 #1,2024-04-11,440,360,350,415,390,365,390
East,2x6 #1,2024-04-11,360,345,350,340,395,345,345
East,2x8 #1,2024-04-11,415,425,405,345,380,375,445
East,2x10 #1,2024-04-11,380,430,385,380,385,360,670
East,2x12 #1,2024-04-11,605,575,580,565,600,625,860
East,2x4 #2,2024-04-11,430,335,330,375,375,355,350
East,2x6 #2,2024-04-11,270,320,340,325,345,330,305
East,2x8 #2,2024-04-11,330,340,335,325,350,305,320
East,2x10 #2,2024-04-11,250,325,330,350,325,295,315
East,2x12 #2,2024-04-11,350,465,520,490,465,485,785
East,2x4 #1,2024-04-18,425,345,330,400,375,355,380
East,2x6 #1,2024-04-18,360,330,335,325,380,335,345
East,2x8 #1,2024-04-18,400,410,375,330,360,360,430
East,2x10 #1,2024-04-18,370,420,365,380,375,360,660
East,2x12 #1,2024-04-18,590,535,540,525,575,625,845
East,2x4 #2,2024-04-18,415,310,310,350,355,340,335
East,2x6 #2,2024-04-18,250,300,315,315,320,315,290
East,2x8 #2,2024-04-18,310,320,315,310,325,285,300
East,2x10 #2,2024-04-18,250,320,325,340,315,290,315
East,2x12 #2,2024-04-18,325,420,480,450,430,450,750
Central,2x4 #1,2024-04-18,385,330,340,375,400,370,400
Central,2x6 #1,2024-04-18,295,335,350,345,360,355,355
Central,2x8 #1,2024-04-18,335,380,370,315,335,340,430
Central,2x10 #1,2024-04-18,325,445,360,325,350,375,595
Central,2x12 #1,2024-04-18,580,580,570,500,565,630,785
Central,2x4 #2,2024-04-18,350,270,270,295,320,280,300
Central,2x6 #2,2024-04-18,225,280,305,310,300,290,290
Central,2x8 #2,2024-04-18,250,270,300,305,310,280,295
Central,2x10 #2,2024-04-18,240,290,300,295,295,240,270
Central,2x12 #2,2024-04-18,330,445,515,450,460,460,730
West,2x4 #1,2024-04-18,365,285,355,355,420,325,385
West,2x6 #1,2024-04-18,290,335,365,350,365,310,350
West,2x8 #1,2024-04-18,345,375,385,340,355,335,415
West,2x10 #1,2024-04-18,320,390,370,310,365,285,580
West,2x12 #1,2024-04-18,640,615,560,530,595,595,790
West,2x4 #2,2024-04-18,350,250,260,285,330,250,310
West,2x6 #2,2024-04-18,265,305,335,315,330,290,315
West,2x8 #2,2024-04-18,295,295,320,335,345,320,345
West,2x10 #2,2024-04-18,250,275,285,290,290,225,265
West,2x12 #2,2024-04-18,470,535,540,515,510,515,725
West,2x4 #1,2024-04-25,355,275,345,345,410,315,375
West,2x6 #1,2024-04-25,285,330,360,345,360,305,345
West,2x8 #1,2024-04-25,340,370,380,335,350,330,410
West,2x10 #1,2024-04-25,330,400,380,315,365,285,560
West,2x12 #1,2024-04-25,610,585,530,500,545,545,740
West,2x4 #2,2024-04-25,340,250,260,280,320,250,300
West,2x6 #2,2024-04-25,260,300,330,305,320,285,310
West,2x8 #2,2024-04-25,290,290,315,330,340,315,340
West,2x10 #2,2024-04-25,260,285,295,300,300,235,275
West,2x12 #2,2024-04-25,440,505,510,485,480,485,675
Central,2x4 #1,2024-04-25,385,330,340,375,400,370,400
Central,2x6 #1,2024-04-25,295,325,345,330,350,340,355
Central,2x8 #1,2024-04-25,330,380,370,320,325,340,420
Central,2x10 #1,2024-04-25,325,445,360,325,355,365,580
Central,2x12 #1,2024-04-25,550,545,545,465,535,595,755
Central,2x4 #2,2024-04-25,335,270,270,295,320,280,300
Central,2x6 #2,2024-04-25,225,280,305,310,300,290,290
Central,2x8 #2,2024-04-25,260,270,300,305,305,285,295
Central,2x10 #2,2024-04-25,245,300,305,300,300,250,270
Central,2x12 #2,2024-04-25,310,415,485,425,435,445,705
East,2x4 #1,2024-04-25,415,330,320,375,365,345,360
East,2x6 #1,2024-04-25,360,330,335,325,370,325,345
East,2x8 #1,2024-04-25,380,400,360,320,355,345,425
East,2x10 #1,2024-04-25,370,420,365,380,375,340,655
East,2x12 #1,2024-04-25,580,510,520,500,550,620,845
East,2x4 #2,2024-04-25,400,300,300,340,350,325,320
East,2x6 #2,2024-04-25,250,300,305,310,315,305,285
East,2x8 #2,2024-04-25,305,320,305,310,325,280,295
East,2x10 #2,2024-04-25,250,320,330,340,315,290,315
East,2x12 #2,2024-04-25,305,395,450,425,405,430,740
West,2x4 #1,2024-05-02,355,275,345,345,410,315,375
West,2x6 #1,2024-05-02,285,330,360,345,360,305,345
West,2x8 #1,2024-05-02,340,370,380,335,350,330,410
West,2x10 #1,2024-05-02,330,400,380,315,365,285,560
West,2x12 #1,2024-05-02,570,545,490,460,505,505,700
West,2x4 #2,2024-05-02,340,250,260,280,320,250,300
West,2x6 #2,2024-05-02,260,300,330,305,320,285,310
West,2x8 #2,2024-05-02,290,290,315,330,340,315,340
West,2x10 #2,2024-05-02,270,295,305,310,310,245,285
West,2x12 #2,2024-05-02,410,475,480,455,440,445,635
Central,2x4 #1,2024-05-02,385,330,340,375,400,370,400
Central,2x6 #1,2024-05-02,295,320,340,320,345,330,355
Central,2x8 #1,2024-05-02,335,380,370,320,335,340,420
Central,2x10 #1,2024-05-02,340,450,370,340,365,370,580
Central,2x12 #1,2024-05-02,540,520,515,445,510,560,745
Central,2x4 #2,2024-05-02,335,270,275,300,320,280,310
Central,2x6 #2,2024-05-02,235,280,305,310,300,290,290
Central,2x8 #2,2024-05-02,265,270,300,305,305,290,300
Central,2x10 #2,2024-05-02,265,310,320,315,315,265,285
Central,2x12 #2,2024-05-02,295,395,455,400,410,420,680
East,2x4 #1,2024-05-02,415,330,320,385,375,335,345
East,2x6 #1,2024-05-02,360,330,335,330,370,320,350
East,2x8 #1,2024-05-02,380,400,360,320,355,335,425
East,2x10 #1,2024-05-02,380,420,375,395,385,340,655
East,2x12 #1,2024-05-02,580,495,520,500,550,610,845
East,2x4 #2,2024-05-02,400,305,300,340,350,325,320
East,2x6 #2,2024-05-02,250,300,300,310,315,305,285
East,2x8 #2,2024-05-02,305,320,305,310,330,280,295
East,2x10 #2,2024-05-02,260,330,335,350,325,290,325
East,2x12 #2,2024-05-02,295,385,425,405,405,420,740
West,2x4 #1,2024-05-09,365,285,355,355,420,325,385
West,2x6 #1,2024-05-09,290,335,365,350,365,310,350
West,2x8 #1,2024-05-09,340,370,380,335,350,330,410
West,2x10 #1,2024-05-09,335,405,385,320,370,290,565
West,2x12 #1,2024-05-09,550,525,470,440,485,485,680
West,2x4 #2,2024-05-09,350,260,270,290,330,260,310
West,2x6 #2,2024-05-09,265,305,335,310,325,290,315
West,2x8 #2,2024-05-09,290,290,315,330,340,315,340
West,2x10 #2,2024-05-09,280,305,315,320,320,255,295
West,2x12 #2,2024-05-09,380,445,450,425,410,415,605
Central,2x4 #1,2024-05-09,395,330,340,375,410,370,405
Central,2x6 #1,2024-05-09,300,320,340,320,350,330,355
Central,2x8 #1,2024-05-09,340,380,370,320,335,335,425
Central,2x10 #1,2024-05-09,360,470,395,365,380,380,590
Central,2x12 #1,2024-05-09,525,510,510,445,505,545,730
Central,2x4 #2,2024-05-09,335,280,280,310,330,285,315
Central,2x6 #2,2024-05-09,240,280,305,310,300,290,290
Central,2x8 #2,2024-05-09,270,280,305,310,310,295,305
Central,2x10 #2,2024-05-09,280,325,340,335,330,275,305
Central,2x12 #2,2024-05-09,285,385,435,390,405,405,655
East,2x4 #1,2024-05-09,420,350,340,405,395,335,330
East,2x6 #1,2024-05-09,370,340,340,340,385,320,350
East,2x8 #1,2024-05-09,390,400,360,330,355,335,430
East,2x10 #1,2024-05-09,395,425,395,410,405,340,655
East,2x12 #1,2024-05-09,580,495,520,515,550,610,845
East,2x4 #2,2024-05-09,405,315,315,355,365,325,310
East,2x6 #2,2024-05-09,260,310,305,320,325,310,285
East,2x8 #2,2024-05-09,305,320,305,320,340,280,305
East,2x10 #2,2024-05-09,275,345,355,365,345,305,340
East,2x12 #2,2024-05-09,295,375,415,395,405,405,740
West,2x4 #1,2024-05-16,365,285,360,365,430,335,390
West,2x6 #1,2024-05-16,295,340,370,355,370,315,355
West,2x8 #1,2024-05-16,345,375,385,340,355,335,415
West,2x10 #1,2024-05-16,340,410,390,325,375,295,570
West,2x12 #1,2024-05-16,540,515,460,430,475,475,670
West,2x4 #2,2024-05-16,350,260,275,305,345,270,320
West,2x6 #2,2024-05-16,270,310,340,315,330,295,320
West,2x8 #2,2024-05-16,295,295,320,335,345,320,345
West,2x10 #2,2024-05-16,295,320,330,335,335,270,310
West,2x12 #2,2024-05-16,370,435,440,415,400,405,595
Central,2x4 #1,2024-05-16,400,330,350,365,410,370,405
Central,2x6 #1,2024-05-16,305,330,345,325,360,340,365
Central,2x8 #1,2024-05-16,350,385,385,325,340,345,430
Central,2x10 #1,2024-05-16,370,470,410,365,395,395,600
Central,2x12 #1,2024-05-16,515,500,510,440,505,545,720
Central,2x4 #2,2024-05-16,345,290,295,320,340,295,330
Central,2x6 #2,2024-05-16,250,285,310,315,310,295,295
Central,2x8 #2,2024-05-16,270,280,310,315,315,295,305
Central,2x10 #2,2024-05-16,305,345,360,360,350,300,330
Central,2x12 #2,2024-05-16,285,375,420,385,400,395,640
East,2x4 #1,2024-05-16,425,350,350,425,415,350,340
East,2x6 #1,2024-05-16,380,345,345,345,400,330,360
East,2x8 #1,2024-05-16,385,400,365,340,360,335,430
East,2x10 #1,2024-05-16,405,425,410,420,420,350,665
East,2x12 #1,2024-05-16,570,495,520,515,550,610,855
East,2x4 #2,2024-05-16,415,330,330,370,385,335,320
East,2x6 #2,2024-05-16,270,315,315,325,335,315,295
East,2x8 #2,2024-05-16,310,325,310,330,345,290,315
East,2x10 #2,2024-05-16,290,365,375,385,370,325,370
East,2x12 #2,2024-05-16,300,375,410,400,405,420,740
West,2x4 #1,2024-05-30,385,305,380,385,450,355,410
West,2x6 #1,2024-05-30,310,355,385,370,385,330,370
West,2x8 #1,2024-05-30,350,380,390,345,360,340,420
West,2x10 #1,2024-05-30,370,440,420,355,405,325,600
West,2x12 #1,2024-05-30,540,515,460,430,475,475,670
West,2x4 #2,2024-05-30,370,280,300,330,370,285,340
West,2x6 #2,2024-05-30,285,325,355,330,345,310,330
West,2x8 #2,2024-05-30,305,305,330,345,355,330,355
West,2x10 #2,2024-05-30,330,355,365,370,370,305,345
West,2x12 #2,2024-05-30,370,435,440,415,400,405,595
Central,2x4 #1,2024-05-30,400,310,340,350,390,360,385
Central,2x6 #1,2024-05-30,305,330,345,325,360,340,365
Central,2x8 #1,2024-05-30,350,385,385,330,350,340,435
Central,2x10 #1,2024-05-30,405,505,450,400,430,430,630
Central,2x12 #1,2024-05-30,515,500,510,440,505,545,720
Central,2x4 #2,2024-05-30,350,295,300,330,350,305,340
Central,2x6 #2,2024-05-30,265,295,310,315,310,295,295
Central,2x8 #2,2024-05-30,275,285,315,320,325,300,310
Central,2x10 #2,2024-05-30,340,370,390,390,380,330,360
Central,2x12 #2,2024-05-30,290,375,415,385,405,395,635
East,2x4 #1,2024-05-30,430,350,355,445,435,350,340
East,2x6 #1,2024-05-30,385,345,345,350,415,330,380
East,2x8 #1,2024-05-30,385,400,375,345,355,335,445
East,2x10 #1,2024-05-30,440,460,450,450,460,385,690
East,2x12 #1,2024-05-30,570,495,520,515,560,610,865
East,2x4 #2,2024-05-30,425,335,340,390,415,340,320
East,2x6 #2,2024-05-30,290,320,315,330,345,325,300
East,2x8 #2,2024-05-30,315,330,310,330,350,300,325
East,2x10 #2,2024-05-30,325,410,415,430,410,360,415
East,2x12 #2,2024-05-30,300,375,410,400,420,420,740
West,2x4 #1,2024-06-06,375,295,370,375,440,345,400
West,2x6 #1,2024-06-06,295,340,370,355,370,315,355
West,2x8 #1,2024-06-06,335,370,380,340,350,330,410
West,2x10 #1,2024-06-06,380,445,430,375,410,330,600
West,2x12 #1,2024-06-06,540,515,460,430,475,475,670
West,2x4 #2,2024-06-06,370,280,300,330,370,285,340
West,2x6 #2,2024-06-06,275,315,345,320,335,300,320
West,2x8 #2,2024-06-06,295,295,320,335,345,320,345
West,2x10 #2,2024-06-06,340,365,370,370,375,310,350
West,2x12 #2,2024-06-06,370,435,440,415,400,405,595
Central,2x4 #1,2024-06-06,400,310,340,350,390,360,385
Central,2x6 #1,2024-06-06,300,325,340,320,355,335,360
Central,2x8 #1,2024-06-06,350,385,385,330,350,340,440
Central,2x10 #1,2024-06-06,415,515,460,410,440,440,640
Central,2x12 #1,2024-06-06,515,500,510,440,505,545,720
Central,2x4 #2,2024-06-06,350,290,295,330,360,305,340
Central,2x6 #2,2024-06-06,255,285,300,305,300,285,285
Central,2x8 #2,2024-06-06,270,280,310,315,320,295,305
Central,2x10 #2,2024-06-06,340,380,400,400,390,340,370
Central,2x12 #2,2024-06-06,295,375,415,385,405,395,635
East,2x4 #1,2024-06-06,430,345,350,445,435,350,340
East,2x6 #1,2024-06-06,385,345,345,340,415,330,380
East,2x8 #1,2024-06-06,380,395,370,335,350,325,440
East,2x10 #1,2024-06-06,450,460,460,460,470,400,705
East,2x12 #1,2024-06-06,570,495,520,515,560,615,875
East,2x4 #2,2024-06-06,410,320,335,400,420,340,320
East,2x6 #2,2024-06-06,290,310,305,320,335,315,290
East,2x8 #2,2024-06-06,315,325,305,320,340,300,325
East,2x10 #2,2024-06-06,335,425,425,440,420,365,420
East,2x12 #2,2024-06-06,300,375,410,400,435,430,740
East,2x4 #1,2024-06-13,415,330,340,435,430,345,340
East,2x6 #1,2024-06-13,375,325,325,325,390,310,360
East,2x8 #1,2024-06-13,370,380,360,325,340,315,430
East,2x10 #1,2024-06-13,450,460,465,460,455,395,705
East,2x12 #1,2024-06-13,570,495,510,500,550,600,885
East,2x4 #2,2024-06-13,390,300,315,395,415,330,305
East,2x6 #2,2024-06-13,270,285,280,295,305,295,270
East,2x8 #2,2024-06-13,300,310,285,300,315,285,310
East,2x10 #2,2024-06-13,340,425,430,440,420,365,420
East,2x12 #2,2024-06-13,300,375,405,400,435,430,725
Central,2x4 #1,2024-06-13,390,310,330,345,385,350,375
Central,2x6 #1,2024-06-13,285,305,325,305,340,320,345
Central,2x8 #1,2024-06-13,325,365,360,315,340,325,420
Central,2x10 #1,2024-06-13,415,505,445,415,440,440,635
Central,2x12 #1,2024-06-13,505,475,510,440,505,520,725
Central,2x4 #2,2024-06-13,340,285,290,325,355,300,335
Central,2x6 #2,2024-06-13,240,270,275,280,280,265,265
Central,2x8 #2,2024-06-13,260,270,295,295,305,280,290
Central,2x10 #2,2024-06-13,340,380,395,400,395,340,370
Central,2x12 #2,2024-06-13,295,375,415,385,405,395,635
West,2x4 #1,2024-06-13,375,295,360,365,430,345,390
West,2x6 #1,2024-06-13,280,320,355,340,355,300,330
West,2x8 #1,2024-06-13,325,350,365,320,330,310,390
West,2x10 #1,2024-06-13,390,455,440,385,420,340,605
West,2x12 #1,2024-06-13,545,515,445,425,480,450,675
West,2x4 #2,2024-06-13,365,275,290,320,360,285,340
West,2x6 #2,2024-06-13,260,290,315,300,310,280,295
West,2x8 #2,2024-06-13,285,280,305,315,325,300,330
West,2x10 #2,2024-06-13,350,370,375,370,380,310,360
West,2x12 #2,2024-06-13,380,435,420,410,410,390,585
East,2x4 #1,2024-06-20,410,325,335,430,425,340,335
East,2x6 #1,2024-06-20,365,315,315,315,375,295,350
East,2x8 #1,2024-06-20,360,370,350,315,330,305,420
East,2x10 #1,2024-06-20,445,455,460,455,450,390,700
East,2x12 #1,2024-06-20,565,490,505,495,545,595,880
East,2x4 #2,2024-06-20,385,295,310,390,410,325,300
East,2x6 #2,2024-06-20,255,270,265,280,290,280,255
East,2x8 #2,2024-06-20,290,300,275,290,305,275,300
East,2x10 #2,2024-06-20,340,425,430,440,420,365,420
East,2x12 #2,2024-06-20,290,365,395,390,425,420,715
Central,2x4 #1,2024-06-20,385,305,325,340,380,345,370
Central,2x6 #1,2024-06-20,265,285,305,285,320,300,325
Central,2x8 #1,2024-06-20,310,350,345,300,325,305,405
Central,2x10 #1,2024-06-20,410,500,440,410,435,435,630
Central,2x12 #1,2024-06-20,500,470,505,435,500,515,720
Central,2x4 #2,2024-06-20,335,280,285,320,350,295,330
Central,2x6 #2,2024-06-20,220,250,255,260,260,245,245
Central,2x8 #2,2024-06-20,245,255,280,280,290,265,275
Central,2x10 #2,2024-06-20,330,370,385,390,385,330,360
Central,2x12 #2,2024-06-20,290,370,410,380,400,390,630
West,2x4 #1,2024-06-20,370,290,355,360,425,340,385
West,2x6 #1,2024-06-20,260,300,335,320,335,280,310
West,2x8 #1,2024-06-20,310,335,350,305,315,295,375
West,2x10 #1,2024-06-20,390,455,440,385,420,340,605
West,2x12 #1,2024-06-20,545,515,445,425,480,450,675
West,2x4 #2,2024-06-20,360,270,285,315,355,280,335
West,2x6 #2,2024-06-20,240,270,295,280,290,260,275
West,2x8 #2,2024-06-20,270,265,290,300,310,285,315
West,2x10 #2,2024-06-20,350,370,375,370,380,310,360
West,2x12 #2,2024-06-20,375,430,415,405,405,385,580
West,2x4 #1,2024-06-27,360,280,345,350,415,330,375
West,2x6 #1,2024-06-27,245,285,320,305,320,265,295
West,2x8 #1,2024-06-27,295,320,335,290,300,280,360
West,2x10 #1,2024-06-27,385,450,435,380,415,335,600
West,2x12 #1,2024-06-27,540,510,440,420,475,445,670
West,2x4 #2,2024-06-27,350,260,275,305,345,270,325
West,2x6 #2,2024-06-27,225,255,280,265,275,245,260
West,2x8 #2,2024-06-27,255,250,275,285,300,270,300
West,2x10 #2,2024-06-27,345,365,370,365,375,305,355
West,2x12 #2,2024-06-27,365,420,405,395,395,375,570
Central,2x4 #1,2024-06-27,375,290,310,340,375,330,360
Central,2x6 #1,2024-06-27,260,280,295,275,310,290,315
Central,2x8 #1,2024-06-27,300,340,335,290,315,295,400
Central,2x10 #1,2024-06-27,410,500,440,410,435,415,605
Central,2x12 #1,2024-06-27,500,470,505,435,500,515,720
Central,2x4 #2,2024-06-27,325,270,275,315,345,285,320
Central,2x6 #2,2024-06-27,220,240,240,245,250,240,240
Central,2x8 #2,2024-06-27,235,245,265,265,280,255,265
Central,2x10 #2,2024-06-27,315,355,360,370,365,315,345
Central,2x12 #2,2024-06-27,290,365,395,375,395,385,625
East,2x4 #1,2024-06-27,390,325,320,415,425,330,325
East,2x6 #1,2024-06-27,350,305,300,295,350,285,340
East,2x8 #1,2024-06-27,355,360,350,300,315,300,410
East,2x10 #1,2024-06-27,435,445,450,445,445,385,685
East,2x12 #1,2024-06-27,550,470,490,480,530,575,880
East,2x4 #2,2024-06-27,370,285,300,385,400,315,290
East,2x6 #2,2024-06-27,245,260,250,265,275,270,250
East,2x8 #2,2024-06-27,280,285,265,275,290,270,290
East,2x10 #2,2024-06-27,330,415,420,430,410,350,420
East,2x12 #2,2024-06-27,285,355,380,380,425,410,695
West,2x4 #1,2024-07-04,360,280,340,345,410,325,365
West,2x6 #1,2024-07-04,240,280,315,300,315,260,290
West,2x8 #1,2024-07-04,290,315,330,285,295,275,355
West,2x10 #1,2024-07-04,380,450,435,380,415,335,600
West,2x12 #1,2024-07-04,540,510,430,410,475,435,670
West,2x4 #2,2024-07-04,345,255,270,295,345,265,320
West,2x6 #2,2024-07-04,225,245,270,255,265,235,250
West,2x8 #2,2024-07-04,250,245,270,280,295,265,295
West,2x10 #2,2024-07-04,345,365,370,365,375,305,355
West,2x12 #2,2024-07-04,365,420,395,395,395,365,560
Central,2x4 #1,2024-07-04,370,285,305,335,375,330,360
Central,2x6 #1,2024-07-04,260,280,295,275,310,290,315
Central,2x8 #1,2024-07-04,295,335,330,285,310,295,390
Central,2x10 #1,2024-07-04,410,495,440,410,445,400,600
Central,2x12 #1,2024-07-04,500,470,505,435,500,515,720
Central,2x4 #2,2024-07-04,315,265,270,310,345,285,315
Central,2x6 #2,2024-07-04,220,240,240,240,240,235,240
Central,2x8 #2,2024-07-04,230,240,255,260,270,250,260
Central,2x10 #2,2024-07-04,310,350,350,355,355,300,335
Central,2x12 #2,2024-07-04,290,360,385,370,395,380,600
East,2x4 #1,2024-07-04,380,320,315,405,420,325,315
East,2x6 #1,2024-07-04,340,300,295,285,325,275,335
East,2x8 #1,2024-07-04,345,350,350,290,315,300,410
East,2x10 #1,2024-07-04,425,435,440,435,440,380,680
East,2x12 #1,2024-07-04,540,455,490,470,520,560,880
East,2x4 #2,2024-07-04,365,275,295,380,395,310,290
East,2x6 #2,2024-07-04,240,255,240,255,265,265,245
East,2x8 #2,2024-07-04,270,275,255,265,280,265,290
East,2x10 #2,2024-07-04,320,400,410,415,400,335,415
East,2x12 #2,2024-07-04,280,350,375,375,415,400,685
West,2x4 #1,2024-07-11,360,280,340,345,410,325,365
West,2x6 #1,2024-07-11,240,280,315,300,315,260,290
West,2x8 #1,2024-07-11,285,310,325,280,290,270,350
West,2x10 #1,2024-07-11,375,445,430,375,410,330,595
West,2x12 #1,2024-07-11,540,510,430,410,475,435,670
West,2x4 #2,2024-07-11,345,255,270,295,345,265,320
West,2x6 #2,2024-07-11,225,245,270,255,265,235,250
West,2x8 #2,2024-07-11,245,240,265,275,290,260,290
West,2x10 #2,2024-07-11,340,360,365,360,370,300,350
West,2x12 #2,2024-07-11,360,415,390,390,390,360,555
Central,2x4 #1,2024-07-11,370,280,305,335,375,330,360
Central,2x6 #1,2024-07-11,260,280,295,275,310,290,320
Central,2x8 #1,2024-07-11,300,335,335,290,315,295,395
Central,2x10 #1,2024-07-11,410,495,440,410,455,400,600
Central,2x12 #1,2024-07-11,500,470,505,430,505,515,720
Central,2x4 #2,2024-07-11,310,260,265,310,345,285,315
Central,2x6 #2,2024-07-11,225,240,240,240,240,235,240
Central,2x8 #2,2024-07-11,235,240,255,260,270,250,260
Central,2x10 #2,2024-07-11,305,345,350,350,350,300,330
Central,2x12 #2,2024-07-11,290,355,375,370,395,375,575
East,2x4 #1,2024-07-11,380,325,320,405,430,325,315
East,2x6 #1,2024-07-11,340,300,295,285,325,275,335
East,2x8 #1,2024-07-11,345,350,350,290,315,300,410
East,2x10 #1,2024-07-11,425,435,440,435,440,380,680
East,2x12 #1,2024-07-11,540,455,490,465,520,560,880
East,2x4 #2,2024-07-11,365,275,295,380,395,310,290
East,2x6 #2,2024-07-11,240,255,240,255,265,265,245
East,2x8 #2,2024-07-11,270,275,255,265,280,265,290
East,2x10 #2,2024-07-11,315,390,400,405,390,320,410
East,2x12 #2,2024-07-11,280,350,375,370,415,395,680
West,2x4 #1,2024-07-18,370,290,350,355,420,335,375
West,2x6 #1,2024-07-18,250,290,325,310,325,270,300
West,2x8 #1,2024-07-18,290,315,330,285,295,275,355
West,2x10 #1,2024-07-18,375,445,430,375,410,330,595
West,2x12 #1,2024-07-18,545,515,435,415,480,440,675
West,2x4 #2,2024-07-18,355,265,280,305,355,275,330
West,2x6 #2,2024-07-18,235,255,280,265,275,245,260
West,2x8 #2,2024-07-18,255,250,275,285,300,270,300
West,2x10 #2,2024-07-18,340,360,365,360,370,300,350
West,2x12 #2,2024-07-18,365,420,395,395,395,365,560
Central,2x4 #1,2024-07-18,375,280,305,340,380,330,360
Central,2x6 #1,2024-07-18,265,290,300,285,315,295,320
Central,2x8 #1,2024-07-18,300,340,335,290,315,300,405
Central,2x10 #1,2024-07-18,410,495,440,410,460,400,600
Central,2x12 #1,2024-07-18,500,470,505,430,510,515,720
Central,2x4 #2,2024-07-18,325,260,270,320,350,290,320
Central,2x6 #2,2024-07-18,240,255,260,255,255,245,250
Central,2x8 #2,2024-07-18,240,250,260,265,275,260,265
Central,2x10 #2,2024-07-18,310,350,350,350,350,305,335
Central,2x12 #2,2024-07-18,290,355,380,370,400,375,580
East,2x4 #1,2024-07-18,380,335,325,415,440,330,320
East,2x6 #1,2024-07-18,345,315,300,300,325,275,340
East,2x8 #1,2024-07-18,345,350,350,290,315,300,410
East,2x10 #1,2024-07-18,425,435,440,435,440,380,680
East,2x12 #1,2024-07-18,540,455,490,465,520,560,880
East,2x4 #2,2024-07-18,370,290,300,390,405,315,295
East,2x6 #2,2024-07-18,250,270,250,265,275,265,250
East,2x8 #2,2024-07-18,275,280,260,270,285,270,290
East,2x10 #2,2024-07-18,315,390,400,405,390,320,410
East,2x12 #2,2024-07-18,280,350,375,370,420,395,675
West,2x4 #1,2024-07-25,390,300,360,365,440,350,385
West,2x6 #1,2024-07-25,265,300,335,315,335,280,310
West,2x8 #1,2024-07-25,300,315,335,290,305,275,355
West,2x10 #1,2024-07-25,385,445,440,380,425,340,600
West,2x12 #1,2024-07-25,560,530,435,425,495,450,685
West,2x4 #2,2024-07-25,375,275,290,315,365,280,340
West,2x6 #2,2024-07-25,245,265,290,275,285,255,265
West,2x8 #2,2024-07-25,265,260,280,290,305,270,305
West,2x10 #2,2024-07-25,345,365,370,365,375,305,355
West,2x12 #2,2024-07-25,365,420,400,400,405,370,565
Central,2x4 #1,2024-07-25,380,290,305,345,385,330,360
Central,2x6 #1,2024-07-25,270,290,305,290,320,300,320
Central,2x8 #1,2024-07-25,300,340,335,290,315,300,405
Central,2x10 #1,2024-07-25,415,500,445,415,470,405,610
Central,2x12 #1,2024-07-25,505,475,510,435,515,520,730
Central,2x4 #2,2024-07-25,340,265,275,330,365,295,325
Central,2x6 #2,2024-07-25,250,265,270,265,265,255,260
Central,2x8 #2,2024-07-25,250,255,260,270,280,265,270
Central,2x10 #2,2024-07-25,315,350,350,350,355,305,340
Central,2x12 #2,2024-07-25,305,365,390,380,420,385,590
East,2x4 #1,2024-07-25,395,345,335,425,455,345,335
East,2x6 #1,2024-07-25,355,325,305,305,330,280,345
East,2x8 #1,2024-07-25,350,355,355,295,320,305,415
East,2x10 #1,2024-07-25,425,440,440,435,445,380,690
East,2x12 #1,2024-07-25,540,455,490,465,520,560,880
East,2x4 #2,2024-07-25,385,305,315,405,425,330,310
East,2x6 #2,2024-07-25,255,285,260,275,280,270,250
East,2x8 #2,2024-07-25,280,285,265,270,290,270,290
East,2x10 #2,2024-07-25,315,390,400,400,390,320,410
East,2x12 #2,2024-07-25,280,350,375,370,420,395,675
West,2x4 #1,2024-08-01,395,305,365,370,445,355,390
West,2x6 #1,2024-08-01,270,305,340,320,340,285,315
West,2x8 #1,2024-08-01,305,320,340,295,310,280,360
West,2x10 #1,2024-08-01,385,445,440,380,425,340,600
West,2x12 #1,2024-08-01,570,540,445,435,505,460,695
West,2x4 #2,2024-08-01,380,280,295,320,370,285,345
West,2x6 #2,2024-08-01,250,270,295,280,290,260,270
West,2x8 #2,2024-08-01,270,260,280,295,310,275,310
West,2x10 #2,2024-08-01,345,365,370,365,375,305,355
West,2x12 #2,2024-08-01,370,425,405,410,420,375,570
Central,2x4 #1,2024-08-01,395,300,315,355,405,335,370
Central,2x6 #1,2024-08-01,280,300,315,300,330,310,330
Central,2x8 #1,2024-08-01,305,340,335,290,315,305,410
Central,2x10 #1,2024-08-01,420,505,450,420,480,410,610
Central,2x12 #1,2024-08-01,510,480,520,450,535,535,745
Central,2x4 #2,2024-08-01,350,270,280,335,375,295,325
Central,2x6 #2,2024-08-01,260,270,280,270,275,265,265
Central,2x8 #2,2024-08-01,255,260,265,275,285,270,275
Central,2x10 #2,2024-08-01,315,355,355,355,355,305,345
Central,2x12 #2,2024-08-01,310,370,400,390,440,400,610
East,2x4 #1,2024-08-01,405,355,340,435,470,355,345
East,2x6 #1,2024-08-01,360,330,310,310,335,285,350
East,2x8 #1,2024-08-01,355,360,360,300,320,305,420
East,2x10 #1,2024-08-01,425,440,445,435,450,380,690
East,2x12 #1,2024-08-01,540,455,490,465,520,560,880
East,2x4 #2,2024-08-01,395,315,325,420,445,340,320
East,2x6 #2,2024-08-01,265,295,270,285,290,280,255
East,2x8 #2,2024-08-01,285,290,270,270,290,270,290
East,2x10 #2,2024-08-01,315,390,400,400,390,320,410
East,2x12 #2,2024-08-01,285,355,380,370,435,400,675
East,2x4 #1,2024-08-08,410,360,345,440,475,360,350
East,2x6 #1,2024-08-08,360,330,310,310,335,285,350
East,2x8 #1,2024-08-08,355,360,360,300,320,305,420
East,2x10 #1,2024-08-08,425,440,445,435,450,380,690
East,2x12 #1,2024-08-08,540,455,490,465,520,560,880
East,2x4 #2,2024-08-08,400,325,335,430,460,345,325
East,2x6 #2,2024-08-08,265,295,270,285,290,280,255
East,2x8 #2,2024-08-08,285,290,270,270,290,270,290
East,2x10 #2,2024-08-08,315,390,400,400,390,320,410
East,2x12 #2,2024-08-08,290,360,385,375,445,405,675
Central,2x4 #1,2024-08-08,400,305,320,360,410,340,375
Central,2x6 #1,2024-08-08,280,300,315,300,330,310,330
Central,2x8 #1,2024-08-08,305,340,335,290,315,305,410
Central,2x10 #1,2024-08-08,420,505,450,420,480,410,610
Central,2x12 #1,2024-08-08,515,485,525,455,540,540,750
Central,2x4 #2,2024-08-08,355,275,285,340,380,300,330
Central,2x6 #2,2024-08-08,260,270,280,270,275,265,265
Central,2x8 #2,2024-08-08,255,260,265,275,285,270,275
Central,2x10 #2,2024-08-08,315,355,355,355,355,305,345
Central,2x12 #2,2024-08-08,310,370,400,395,450,405,615
West,2x4 #1,2024-08-08,400,310,370,380,455,365,395
West,2x6 #1,2024-08-08,270,305,340,320,340,285,315
West,2x8 #1,2024-08-08,305,320,340,295,310,280,360
West,2x10 #1,2024-08-08,385,445,440,380,425,340,600
West,2x12 #1,2024-08-08,580,550,450,440,510,465,700
West,2x4 #2,2024-08-08,385,285,300,325,375,300,350
West,2x6 #2,2024-08-08,250,270,295,280,290,260,270
West,2x8 #2,2024-08-08,270,255,275,290,305,270,310
West,2x10 #2,2024-08-08,345,365,370,365,375,305,355
West,2x12 #2,2024-08-08,375,430,410,420,425,380,580
West,2x4 #1,2024-08-15,400,310,370,380,455,365,395
West,2x6 #1,2024-08-15,260,295,330,310,330,275,305
West,2x8 #1,2024-08-15,290,305,330,280,300,270,345
West,2x10 #1,2024-08-15,380,440,435,375,420,335,595
West,2x12 #1,2024-08-15,580,560,455,450,515,470,715
West,2x4 #2,2024-08-15,385,285,300,325,375,290,355
West,2x6 #2,2024-08-15,240,260,285,270,280,250,260
West,2x8 #2,2024-08-15,260,245,265,280,295,260,300
West,2x10 #2,2024-08-15,340,360,365,360,370,300,350
West,2x12 #2,2024-08-15,385,440,420,430,435,390,590
Central,2x4 #1,2024-08-15,400,305,325,365,420,345,375
Central,2x6 #1,2024-08-15,280,295,305,300,320,300,320
Central,2x8 #1,2024-08-15,300,335,330,285,310,300,405
Central,2x10 #1,2024-08-15,420,505,450,420,470,400,620
Central,2x12 #1,2024-08-15,515,485,525,455,540,540,760
Central,2x4 #2,2024-08-15,360,275,285,340,385,300,330
Central,2x6 #2,2024-08-15,255,260,270,260,265,260,260
Central,2x8 #2,2024-08-15,250,255,260,270,280,260,275
Central,2x10 #2,2024-08-15,310,350,350,350,350,305,340
Central,2x12 #2,2024-08-15,310,370,405,395,460,410,620
East,2x4 #1,2024-08-15,415,365,355,445,485,360,350
East,2x6 #1,2024-08-15,360,330,310,310,330,285,345
East,2x8 #1,2024-08-15,350,360,360,300,320,305,420
East,2x10 #1,2024-08-15,425,440,445,435,450,380,690
East,2x12 #1,2024-08-15,540,455,490,465,525,560,880
East,2x4 #2,2024-08-15,400,330,340,435,470,345,325
East,2x6 #2,2024-08-15,265,295,270,285,290,275,255
East,2x8 #2,2024-08-15,285,290,270,270,290,270,290
East,2x10 #2,2024-08-15,315,390,400,400,390,320,410
East,2x12 #2,2024-08-15,290,360,385,375,455,405,675
West,2x4 #1,2024-08-22,400,310,370,380,455,365,395
West,2x6 #1,2024-08-22,255,290,325,305,325,270,300
West,2x8 #1,2024-08-22,280,295,320,270,290,260,335
West,2x10 #1,2024-08-22,370,430,425,365,410,325,585
West,2x12 #1,2024-08-22,580,560,455,450,515,470,715
West,2x4 #2,2024-08-22,385,285,300,325,375,290,355
West,2x6 #2,2024-08-22,230,250,275,260,270,240,250
West,2x8 #2,2024-08-22,250,235,255,270,285,250,290
West,2x10 #2,2024-08-22,330,350,355,350,360,290,340
West,2x12 #2,2024-08-22,395,450,430,440,445,400,600
Central,2x4 #1,2024-08-22,400,305,325,370,430,350,375
Central,2x6 #1,2024-08-22,270,285,295,290,310,295,315
Central,2x8 #1,2024-08-22,295,330,325,280,305,290,400
Central,2x10 #1,2024-08-22,420,500,445,420,465,390,630
Central,2x12 #1,2024-08-22,515,485,525,455,540,540,770
Central,2x4 #2,2024-08-22,365,275,285,345,395,300,330
Central,2x6 #2,2024-08-22,245,255,260,250,250,250,255
Central,2x8 #2,2024-08-22,245,245,250,265,275,255,270
Central,2x10 #2,2024-08-22,300,345,345,345,345,295,335
Central,2x12 #2,2024-08-22,310,370,405,405,470,420,630
East,2x4 #1,2024-08-22,415,365,355,450,485,360,350
East,2x6 #1,2024-08-22,360,325,305,310,325,275,335
East,2x8 #1,2024-08-22,345,350,355,300,325,305,420
East,2x10 #1,2024-08-22,425,440,445,435,450,380,690
East,2x12 #1,2024-08-22,540,455,475,465,525,570,880
East,2x4 #2,2024-08-22,400,330,340,440,470,340,325
East,2x6 #2,2024-08-22,260,285,265,280,280,265,245
East,2x8 #2,2024-08-22,285,285,260,270,290,260,280
East,2x10 #2,2024-08-22,315,385,400,395,390,310,400
East,2x12 #2,2024-08-22,290,360,385,375,465,405,675
West,2x4 #1,2024-08-29,400,310,370,380,455,365,395
West,2x6 #1,2024-08-29,245,280,315,295,315,260,290
West,2x8 #1,2024-08-29,270,285,310,260,280,250,325
West,2x10 #1,2024-08-29,355,415,410,350,395,310,570
West,2x12 #1,2024-08-29,590,570,465,460,525,480,725
West,2x4 #2,2024-08-29,385,285,300,325,375,290,355
West,2x6 #2,2024-08-29,225,245,270,255,265,235,245
West,2x8 #2,2024-08-29,245,230,245,260,280,240,280
West,2x10 #2,2024-08-29,320,335,340,335,350,280,325
West,2x12 #2,2024-08-29,405,460,440,450,455,410,610
Central,2x4 #1,2024-08-29,400,300,320,375,435,350,375
Central,2x6 #1,2024-08-29,270,280,295,285,305,290,310
Central,2x8 #1,2024-08-29,290,325,320,275,300,290,395
Central,2x10 #1,2024-08-29,415,495,440,415,460,385,635
Central,2x12 #1,2024-08-29,515,485,520,455,540,540,790
Central,2x4 #2,2024-08-29,365,275,285,350,400,300,330
Central,2x6 #2,2024-08-29,235,245,255,245,245,245,245
Central,2x8 #2,2024-08-29,235,235,245,255,265,250,265
Central,2x10 #2,2024-08-29,290,335,335,335,335,285,325
Central,2x12 #2,2024-08-29,310,370,405,415,475,425,640
East,2x4 #1,2024-08-29,415,365,355,450,485,365,350
East,2x6 #1,2024-08-29,355,320,295,300,315,270,320
East,2x8 #1,2024-08-29,340,345,350,295,320,300,405
East,2x10 #1,2024-08-29,425,440,445,435,450,375,685
East,2x12 #1,2024-08-29,545,460,465,465,535,575,890
East,2x4 #2,2024-08-29,395,325,335,440,470,340,325
East,2x6 #2,2024-08-29,250,280,260,275,275,260,240
East,2x8 #2,2024-08-29,280,280,255,265,285,255,275
East,2x10 #2,2024-08-29,305,375,395,390,380,300,390
East,2x12 #2,2024-08-29,290,365,385,375,465,405,675
West,2x4 #1,2024-09-05,400,310,370,380,455,365,395
West,2x6 #1,2024-09-05,245,280,315,295,315,260,290
West,2x8 #1,2024-09-05,270,285,310,260,280,250,325
West,2x10 #1,2024-09-05,345,405,400,340,385,300,560
West,2x12 #1,2024-09-05,600,580,475,470,535,490,735
West,2x4 #2,2024-09-05,385,285,300,325,375,290,355
West,2x6 #2,2024-09-05,225,245,270,255,265,235,245
West,2x8 #2,2024-09-05,240,225,240,255,275,235,275
West,2x10 #2,2024-09-05,305,320,325,320,335,265,310
West,2x12 #2,2024-09-05,415,470,450,460,465,420,620
Central,2x4 #1,2024-09-05,400,300,320,375,435,335,360
Central,2x6 #1,2024-09-05,270,280,295,285,305,290,310
Central,2x8 #1,2024-09-05,290,325,320,275,300,290,395
Central,2x10 #1,2024-09-05,420,500,445,420,465,390,640
Central,2x12 #1,2024-09-05,520,490,525,460,550,550,800
Central,2x4 #2,2024-09-05,365,275,285,350,405,300,330
Central,2x6 #2,2024-09-05,225,245,255,245,245,245,245
Central,2x8 #2,2024-09-05,230,230,240,250,260,240,265
Central,2x10 #2,2024-09-05,280,325,330,325,330,280,320
Central,2x12 #2,2024-09-05,310,370,405,420,485,430,655
East,2x4 #1,2024-09-05,415,370,355,455,485,365,350
East,2x6 #1,2024-09-05,355,325,300,305,320,270,320
East,2x8 #1,2024-09-05,340,345,350,300,325,300,410
East,2x10 #1,2024-09-05,425,440,450,435,450,375,685
East,2x12 #1,2024-09-05,545,460,465,465,535,575,890
East,2x4 #2,2024-09-05,395,325,335,440,470,335,320
East,2x6 #2,2024-09-05,250,280,260,275,275,255,240
East,2x8 #2,2024-09-05,280,280,255,265,285,250,270
East,2x10 #2,2024-09-05,300,370,385,385,375,290,380
East,2x12 #2,2024-09-05,290,365,385,375,470,405,690
West,2x4 #1,2024-09-12,400,310,370,380,455,365,395
West,2x6 #1,2024-09-12,245,280,315,295,315,260,290
West,2x8 #1,2024-09-12,270,285,310,260,280,250,325
West,2x10 #1,2024-09-12,340,400,395,335,380,295,555
West,2x12 #1,2024-09-12,615,595,490,485,550,505,750
West,2x4 #2,2024-09-12,385,285,300,325,375,290,355
West,2x6 #2,2024-09-12,225,245,270,255,265,235,245
West,2x8 #2,2024-09-12,240,225,240,255,265,235,275
West,2x10 #2,2024-09-12,295,310,315,310,325,255,300
West,2x12 #2,2024-09-12,425,480,460,470,475,430,630
Central,2x4 #1,2024-09-12,400,300,320,375,445,335,360
Central,2x6 #1,2024-09-12,270,280,300,290,310,290,310
Central,2x8 #1,2024-09-12,290,325,320,275,300,295,400
Central,2x10 #1,2024-09-12,420,500,445,420,465,385,640
Central,2x12 #1,2024-09-12,525,495,535,470,565,565,800
Central,2x4 #2,2024-09-12,365,275,285,350,410,305,330
Central,2x6 #2,2024-09-12,230,245,255,245,245,245,245
Central,2x8 #2,2024-09-12,235,235,240,250,260,245,265
Central,2x10 #2,2024-09-12,275,315,325,315,320,280,320
Central,2x12 #2,2024-09-12,310,370,405,430,500,440,665
East,2x4 #1,2024-09-12,415,370,355,460,485,370,355
East,2x6 #1,2024-09-12,355,325,300,305,330,265,310
East,2x8 #1,2024-09-12,340,345,350,300,325,300,410
East,2x10 #1,2024-09-12,425,440,455,435,455,375,685
East,2x12 #1,2024-09-12,545,460,475,465,550,595,920
East,2x4 #2,2024-09-12,395,330,335,450,470,335,320
East,2x6 #2,2024-09-12,250,280,260,275,275,255,240
East,2x8 #2,2024-09-12,280,280,255,270,290,250,270
East,2x10 #2,2024-09-12,300,365,380,375,370,285,375
East,2x12 #2,2024-09-12,295,365,380,375,480,410,690
Central,2x4 #1,2024-09-20,405,305,320,380,445,345,370
Central,2x6 #1,2024-09-20,280,290,305,295,320,295,320
Central,2x8 #1,2024-09-20,290,325,320,280,300,290,400
Central,2x10 #1,2024-09-20,410,480,435,410,465,385,645
Central,2x12 #1,2024-09-20,530,500,540,475,575,575,800
Central,2x4 #2,2024-09-20,370,275,285,355,415,305,335
Central,2x6 #2,2024-09-20,240,250,260,250,255,250,250
Central,2x8 #2,2024-09-20,240,235,245,255,260,250,265
Central,2x10 #2,2024-09-20,265,300,310,305,310,265,305
Central,2x12 #2,2024-09-20,310,370,405,435,510,450,675
West,2x4 #1,2024-09-20,415,325,375,395,470,375,400
West,2x6 #1,2024-09-20,250,285,320,300,320,270,295
West,2x8 #1,2024-09-20,275,290,315,265,300,255,330
West,2x10 #1,2024-09-20,345,405,400,340,385,300,560
West,2x12 #1,2024-09-20,635,610,495,510,570,510,800
West,2x4 #2,2024-09-20,395,290,300,325,390,290,355
West,2x6 #2,2024-09-20,245,250,275,260,270,240,250
West,2x8 #2,2024-09-20,240,225,240,255,275,235,275
West,2x10 #2,2024-09-20,285,300,305,300,315,245,290
West,2x12 #2,2024-09-20,425,480,460,470,495,445,660
East,2x4 #1,2024-09-20,415,375,355,465,490,375,370
East,2x6 #1,2024-09-20,355,330,305,310,335,270,310
East,2x8 #1,2024-09-20,345,345,350,300,325,300,410
East,2x10 #1,2024-09-20,410,420,435,415,435,355,685
East,2x12 #1,2024-09-20,520,440,455,445,530,580,900
East,2x4 #2,2024-09-20,395,335,340,455,470,345,325
East,2x6 #2,2024-09-20,260,290,270,290,290,265,250
East,2x8 #2,2024-09-20,285,285,260,270,295,255,275
East,2x10 #2,2024-09-20,290,355,370,365,360,280,365
East,2x12 #2,2024-09-20,295,365,380,375,485,420,700
West,2x4 #1,2024-09-26,415,325,375,395,470,375,400
West,2x6 #1,2024-09-26,250,285,320,300,320,270,295
West,2x8 #1,2024-09-26,275,290,315,265,300,255,330
West,2x10 #1,2024-09-26,345,405,400,340,385,300,560
West,2x12 #1,2024-09-26,635,610,495,510,570,510,800
West,2x4 #2,2024-09-26,395,290,300,325,390,290,355
West,2x6 #2,2024-09-26,245,250,275,260,270,240,250
West,2x8 #2,2024-09-26,240,225,240,255,275,235,275
West,2x10 #2,2024-09-26,285,300,305,300,315,245,290
West,2x12 #2,2024-09-26,425,480,460,470,495,445,660
West,2x4 #1,2024-09-27,425,335,385,405,480,385,410
West,2x6 #1,2024-09-27,260,295,330,310,330,280,305
West,2x8 #1,2024-09-27,285,300,325,275,310,265,340
West,2x10 #1,2024-09-27,340,400,395,335,380,295,555
West,2x12 #1,2024-09-27,640,615,500,515,575,515,805
West,2x4 #2,2024-09-27,405,300,310,335,400,300,365
West,2x6 #2,2024-09-27,255,260,285,270,280,250,260
West,2x8 #2,2024-09-27,245,230,245,260,280,240,280
West,2x10 #2,2024-09-27,275,290,295,290,305,235,280
West,2x12 #2,2024-09-27,235,490,470,480,505,455,670
Central,2x4 #1,2024-09-27,420,325,335,395,460,365,390
Central,2x6 #1,2024-09-27,295,305,320,310,335,310,335
Central,2x8 #1,2024-09-27,305,340,335,295,315,310,420
Central,2x10 #1,2024-09-27,410,480,435,410,465,385,645
Central,2x12 #1,2024-09-27,535,505,555,495,595,595,820
Central,2x4 #2,2024-09-27,385,285,300,365,430,315,340
Central,2x6 #2,2024-09-27,250,260,275,260,270,260,260
Central,2x8 #2,2024-09-27,250,245,255,265,270,260,270
Central,2x10 #2,2024-09-27,260,290,305,300,305,260,300
Central,2x12 #2,2024-09-27,310,370,405,440,525,465,690
East,2x4 #1,2024-09-27,430,390,370,480,500,385,385
East,2x6 #1,2024-09-27,365,345,320,325,350,280,320
East,2x8 #1,2024-09-27,350,355,355,310,340,310,420
East,2x10 #1,2024-09-27,410,415,435,415,440,355,685
East,2x12 #1,2024-09-27,520,440,465,445,550,600,925
East,2x4 #2,2024-09-27,405,350,350,465,480,355,335
East,2x6 #2,2024-09-27,275,305,285,300,305,275,265
East,2x8 #2,2024-09-27,295,295,270,280,305,265,285
East,2x10 #2,2024-09-27,285,350,360,360,355,275,360
East,2x12 #2,2024-09-27,305,370,390,380,500,435,715
Central,2x4 #1,2024-10-04,435,340,355,405,480,390,410
Central,2x6 #1,2024-10-04,315,325,340,330,355,330,355
Central,2x8 #1,2024-10-04,325,360,355,315,340,325,435
Central,2x10 #1,2024-10-04,395,470,425,395,445,365,625
Central,2x12 #1,2024-10-04,545,515,565,505,605,605,845
Central,2x4 #2,2024-10-04,405,300,320,385,450,335,355
Central,2x6 #2,2024-10-04,270,280,295,275,295,275,275
Central,2x8 #2,2024-10-04,270,260,270,280,290,275,285
Central,2x10 #2,2024-10-04,255,290,300,295,300,255,295
Central,2x12 #2,2024-10-04,315,375,405,450,540,480,690
East,2x4 #1,2024-10-04,450,415,390,500,520,410,395
East,2x6 #1,2024-10-04,390,370,340,350,370,300,340
East,2x8 #1,2024-10-04,375,375,375,330,350,325,430
East,2x10 #1,2024-10-04,410,415,435,415,455,370,700
East,2x12 #1,2024-10-04,545,460,490,460,565,615,955
East,2x4 #2,2024-10-04,425,370,370,490,495,370,360
East,2x6 #2,2024-10-04,295,325,310,320,330,295,285
East,2x8 #2,2024-10-04,315,315,290,295,320,285,305
East,2x10 #2,2024-10-04,285,350,360,360,355,275,360
East,2x12 #2,2024-10-04,320,385,410,390,520,455,740
West,2x4 #1,2024-10-04,440,350,400,420,495,400,425
West,2x6 #1,2024-10-04,275,310,345,325,345,295,320
West,2x8 #1,2024-10-04,295,310,335,285,320,275,350
West,2x10 #1,2024-10-04,335,395,390,330,375,290,550
West,2x12 #1,2024-10-04,640,615,500,515,580,520,810
West,2x4 #2,2024-10-04,425,315,325,355,420,315,380
West,2x6 #2,2024-10-04,270,275,300,285,300,265,280
West,2x8 #2,2024-10-04,255,240,255,270,290,250,290
West,2x10 #2,2024-10-04,270,285,290,285,300,230,275
West,2x12 #2,2024-10-04,440,495,475,485,510,460,675
Central,2x4 #1,2024-10-11,460,365,380,430,505,415,435
Central,2x6 #1,2024-10-11,345,355,370,360,385,360,385
Central,2x8 #1,2024-10-11,345,380,375,335,360,355,455
Central,2x10 #1,2024-10-11,390,465,420,395,445,365,625
Central,2x12 #1,2024-10-11,560,530,580,520,620,620,860
Central,2x4 #2,2024-10-11,430,325,345,410,475,360,380
Central,2x6 #2,2024-10-11,300,310,325,305,325,305,305
Central,2x8 #2,2024-10-11,295,285,295,305,315,300,310
Central,2x10 #2,2024-10-11,255,290,300,295,300,255,295
Central,2x12 #2,2024-10-11,330,390,420,265,555,495,705
East,2x4 #1,2024-10-11,475,440,415,530,550,440,425
East,2x6 #1,2024-10-11,420,400,370,380,400,330,370
East,2x8 #1,2024-10-11,400,400,400,355,375,350,455
East,2x10 #1,2024-10-11,410,415,445,415,465,380,705
East,2x12 #1,2024-10-11,565,480,510,480,585,635,975
East,2x4 #2,2024-10-11,455,400,400,515,520,395,390
East,2x6 #2,2024-10-11,325,355,340,350,360,325,315
East,2x8 #2,2024-10-11,340,340,315,320,345,310,330
East,2x10 #2,2024-10-11,310,350,360,360,355,275,360
East,2x12 #2,2024-10-11,340,405,430,410,540,475,760
West,2x4 #1,2024-10-11,460,380,420,440,515,420,445
West,2x6 #1,2024-10-11,295,330,355,345,370,310,345
West,2x8 #1,2024-10-11,320,325,355,310,350,300,365
West,2x10 #1,2024-10-11,335,395,395,335,385,295,550
West,2x12 #1,2024-10-11,665,645,535,545,610,550,860
West,2x4 #2,2024-10-11,450,355,350,385,450,350,400
West,2x6 #2,2024-10-11,300,305,330,315,340,295,310
West,2x8 #2,2024-10-11,285,270,280,295,320,275,315
West,2x10 #2,2024-10-11,270,280,285,280,295,225,270
West,2x12 #2,2024-10-11,470,510,495,505,540,485,705
West,2x4 #1,2024-10-18,480,400,440,460,535,440,465
West,2x6 #1,2024-10-18,315,350,375,365,390,330,365
West,2x8 #1,2024-10-18,335,340,370,325,365,315,380
West,2x10 #1,2024-10-18,340,400,400,340,390,295,550
West,2x12 #1,2024-10-18,675,655,545,555,620,560,870
West,2x4 #2,2024-10-18,470,375,370,405,470,370,420
West,2x6 #2,2024-10-18,320,325,350,335,360,315,330
West,2x8 #2,2024-10-18,300,285,295,310,335,290,330
West,2x10 #2,2024-10-18,270,280,285,280,295,225,270
West,2x12 #2,2024-10-18,490,530,515,525,560,505,725
Central,2x4 #1,2024-10-18,475,380,405,450,525,430,455
Central,2x6 #1,2024-10-18,370,375,380,380,410,370,400
Central,2x8 #1,2024-10-18,365,400,395,355,380,360,470
Central,2x10 #1,2024-10-18,390,465,420,390,440,360,625
Central,2x12 #1,2024-10-18,580,545,590,530,635,635,885
Central,2x4 #2,2024-10-18,450,350,360,430,495,385,400
Central,2x6 #2,2024-10-18,320,335,350,325,350,325,325
Central,2x8 #2,2024-10-18,315,305,315,325,340,315,320
Central,2x10 #2,2024-10-18,255,290,300,295,300,255,295
Central,2x12 #2,2024-10-18,340,400,430,470,560,505,720
East,2x4 #1,2024-10-18,490,455,435,545,570,460,445
East,2x6 #1,2024-10-18,450,430,405,410,435,365,400
East,2x8 #1,2024-10-18,430,425,430,385,405,375,470
East,2x10 #1,2024-10-18,410,415,450,415,470,385,705
East,2x12 #1,2024-10-18,585,500,530,500,605,645,1000
East,2x4 #2,2024-10-18,470,420,420,530,535,410,405
East,2x6 #2,2024-10-18,350,380,365,375,395,350,345
East,2x8 #2,2024-10-18,365,365,335,345,370,335,355
East,2x10 #2,2024-10-18,310,350,360,360,355,275,360
East,2x12 #2,2024-10-18,360,425,450,420,560,495,790
West,2x4 #1,2024-10-25,490,410,450,470,545,450,475
West,2x6 #1,2024-10-25,330,365,390,380,405,345,380
West,2x8 #1,2024-10-25,345,350,380,335,375,325,390
West,2x10 #1,2024-10-25,350,400,400,340,390,295,550
West,2x12 #1,2024-10-25,685,665,555,565,630,570,880
West,2x4 #2,2024-10-25,485,390,385,420,480,380,430
West,2x6 #2,2024-10-25,340,345,365,350,375,335,350
West,2x8 #2,2024-10-25,310,295,305,320,345,300,340
West,2x10 #2,2024-10-25,275,280,285,285,300,230,275
West,2x12 #2,2024-10-25,500,540,525,535,570,515,735
Central,2x4 #1,2024-10-25,485,400,420,470,535,440,470
Central,2x6 #1,2024-10-25,390,390,395,400,430,380,410
Central,2x8 #1,2024-10-25,385,415,410,375,405,375,490
Central,2x10 #1,2024-10-25,390,465,415,390,435,360,625
Central,2x12 #1,2024-10-25,590,555,595,535,640,640,905
Central,2x4 #2,2024-10-25,465,370,375,450,505,400,415
Central,2x6 #2,2024-10-25,340,355,370,345,370,345,345
Central,2x8 #2,2024-10-25,330,320,330,340,355,330,335
Central,2x10 #2,2024-10-25,260,290,305,300,300,255,295
Central,2x12 #2,2024-10-25,345,410,435,475,570,510,740
East,2x4 #1,2024-10-25,505,465,450,555,570,465,460
East,2x6 #1,2024-10-25,450,445,425,430,450,380,415
East,2x8 #1,2024-10-25,445,440,445,400,425,395,485
East,2x10 #1,2024-10-25,410,415,450,415,475,385,705
East,2x12 #1,2024-10-25,585,505,540,510,620,645,1000
East,2x4 #2,2024-10-25,485,425,430,540,535,420,415
East,2x6 #2,2024-10-25,370,400,385,395,415,365,365
East,2x8 #2,2024-10-25,380,380,350,360,380,350,370
East,2x10 #2,2024-10-25,310,350,360,360,355,275,360
East,2x12 #2,2024-10-25,370,435,460,425,580,505,815
West,2x4 #1,2024-11-01,495,415,455,475,550,455,480
West,2x6 #1,2024-11-01,335,370,395,385,410,350,385
West,2x8 #1,2024-11-01,350,355,385,340,380,330,395
West,2x10 #1,2024-11-01,350,400,400,340,390,295,550
West,2x12 #1,2024-11-01,685,665,555,565,635,575,885
West,2x4 #2,2024-11-01,485,400,390,430,485,390,435
West,2x6 #2,2024-11-01,345,350,370,355,380,340,355
West,2x8 #2,2024-11-01,315,300,310,325,350,305,345
West,2x10 #2,2024-11-01,280,285,285,290,305,230,275
West,2x12 #2,2024-11-01,505,545,525,535,575,520,740
Central,2x4 #1,2024-11-01,485,405,420,480,535,440,470
Central,2x6 #1,2024-11-01,400,395,400,400,440,385,410
Central,2x8 #1,2024-11-01,395,430,425,385,420,385,500
Central,2x10 #1,2024-11-01,390,470,415,390,435,355,620
Central,2x12 #1,2024-11-01,590,555,595,535,640,630,905
Central,2x4 #2,2024-11-01,470,370,375,455,505,400,415
Central,2x6 #2,2024-11-01,340,355,380,350,375,350,350
Central,2x8 #2,2024-11-01,335,325,335,345,355,330,340
Central,2x10 #2,2024-11-01,265,295,305,300,305,255,295
Central,2x12 #2,2024-11-01,345,410,435,475,570,510,750
East,2x4 #1,2024-11-01,500,455,440,545,570,460,455
East,2x6 #1,2024-11-01,450,450,425,435,455,385,425
East,2x8 #1,2024-11-01,455,450,455,410,435,395,470
East,2x10 #1,2024-11-01,410,415,450,415,475,385,705
East,2x12 #1,2024-11-01,585,505,535,510,625,640,1020
East,2x4 #2,2024-11-01,485,425,425,525,525,420,415
East,2x6 #2,2024-11-01,375,400,385,400,420,370,365
East,2x8 #2,2024-11-01,380,385,355,360,380,350,370
East,2x10 #2,2024-11-01,310,340,350,355,345,275,355
East,2x12 #2,2024-11-01,370,435,460,415,580,515,825
West,2x4 #1,2024-11-08,490,410,450,470,545,450,475
West,2x6 #1,2024-11-08,330,365,390,380,405,345,380
West,2x8 #1,2024-11-08,350,355,385,340,380,330,395
West,2x10 #1,2024-11-08,350,400,400,340,390,295,550
West,2x12 #1,2024-11-08,680,660,550,560,630,570,880
West,2x4 #2,2024-11-08,475,390,380,420,475,380,425
West,2x6 #2,2024-11-08,340,345,365,350,375,335,350
West,2x8 #2,2024-11-08,315,300,310,325,350,305,345
West,2x10 #2,2024-11-08,280,285,285,290,305,230,275
West,2x12 #2,2024-11-08,500,540,520,530,570,515,735
Central,2x4 #1,2024-11-08,470,390,405,460,515,425,455
Central,2x6 #1,2024-11-08,400,390,395,395,445,385,410
Central,2x8 #1,2024-11-08,400,430,415,385,425,385,485
Central,2x10 #1,2024-11-08,380,460,410,385,430,350,610
Central,2x12 #1,2024-11-08,585,550,590,525,630,630,915
Central,2x4 #2,2024-11-08,450,355,360,445,485,385,410
Central,2x6 #2,2024-11-08,340,350,375,350,375,340,350
Central,2x8 #2,2024-11-08,330,320,330,340,355,325,335
Central,2x10 #2,2024-11-08,265,290,305,295,300,250,295
Central,2x12 #2,2024-11-08,345,410,435,475,570,510,755
East,2x4 #1,2024-11-08,480,435,425,520,545,460,455
East,2x6 #1,2024-11-08,440,440,425,425,450,385,435
East,2x8 #1,2024-11-08,450,450,455,410,435,390,455
East,2x10 #1,2024-11-08,400,410,445,410,475,375,695
East,2x12 #1,2024-11-08,575,495,525,510,615,620,1035
East,2x4 #2,2024-11-08,470,405,410,500,500,420,415
East,2x6 #2,2024-11-08,370,390,375,390,405,365,360
East,2x8 #2,2024-11-08,370,375,350,350,375,350,365
East,2x10 #2,2024-11-08,300,330,340,345,335,265,340
East,2x12 #2,2024-11-08,360,425,455,405,580,515,835
West,2x4 #1,2024-11-15,480,400,440,460,535,440,465
West,2x6 #1,2024-11-15,320,355,380,370,395,335,370
West,2x8 #1,2024-11-15,340,345,375,330,370,320,385
West,2x10 #1,2024-11-15,350,400,400,340,390,295,550
West,2x12 #1,2024-11-15,660,640,530,540,610,550,860
West,2x4 #2,2024-11-15,460,375,365,405,460,365,410
West,2x6 #2,2024-11-15,330,335,355,340,365,325,340
West,2x8 #2,2024-11-15,305,290,300,315,340,295,335
West,2x10 #2,2024-11-15,275,280,280,285,300,225,270
West,2x12 #2,2024-11-15,480,520,500,510,550,495,715
Central,2x4 #1,2024-11-15,450,370,385,435,490,405,435
Central,2x6 #1,2024-11-15,390,385,390,390,440,380,405
Central,2x8 #1,2024-11-15,380,410,395,370,405,365,470
Central,2x10 #1,2024-11-15,370,450,400,375,420,340,600
Central,2x12 #1,2024-11-15,570,540,580,515,620,620,925
Central,2x4 #2,2024-11-15,430,335,340,425,460,370,385
Central,2x6 #2,2024-11-15,335,345,365,350,370,335,340
Central,2x8 #2,2024-11-15,320,310,320,335,350,315,325
Central,2x10 #2,2024-11-15,260,285,295,290,290,245,290
Central,2x12 #2,2024-11-15,335,400,425,465,560,505,750
East,2x4 #1,2024-11-15,465,415,410,490,505,450,445
East,2x6 #1,2024-11-15,430,420,410,410,435,370,435
East,2x8 #1,2024-11-15,450,440,450,400,425,375,435
East,2x10 #1,2024-11-15,400,400,435,395,460,355,685
East,2x12 #1,2024-11-15,565,485,510,495,600,605,1045
East,2x4 #2,2024-11-15,455,390,390,470,470,405,405
East,2x6 #2,2024-11-15,360,375,365,380,395,355,350
East,2x8 #2,2024-11-15,365,370,345,345,375,340,355
East,2x10 #2,2024-11-15,290,320,330,335,320,260,330
East,2x12 #2,2024-11-15,350,415,450,390,580,510,835
West,2x4 #1,2024-11-22,455,375,415,435,510,415,440
West,2x6 #1,2024-11-22,305,340,365,355,380,320,355
West,2x8 #1,2024-11-22,330,335,365,320,360,310,375
West,2x10 #1,2024-11-22,345,395,395,335,385,290,545
West,2x12 #1,2024-11-22,630,610,500,510,580,520,830
West,2x4 #2,2024-11-22,435,345,335,375,430,335,380
West,2x6 #2,2024-11-22,315,320,340,325,350,310,325
West,2x8 #2,2024-11-22,295,280,290,305,330,285,325
West,2x10 #2,2024-11-22,270,275,275,280,295,220,265
West,2x12 #2,2024-11-22,450,500,475,480,540,485,705
Central,2x4 #1,2024-11-22,425,345,365,410,450,385,415
Central,2x6 #1,2024-11-22,380,375,380,380,425,365,395
Central,2x8 #1,2024-11-22,355,385,370,360,380,345,450
Central,2x10 #1,2024-11-22,360,440,390,360,410,330,590
Central,2x12 #1,2024-11-22,555,525,565,505,610,605,925
Central,2x4 #2,2024-11-22,400,315,315,395,425,345,360
Central,2x6 #2,2024-11-22,325,335,350,340,355,320,320
Central,2x8 #2,2024-11-22,310,305,310,325,340,305,315
Central,2x10 #2,2024-11-22,255,275,285,280,280,235,280
Central,2x12 #2,2024-11-22,315,380,405,435,530,485,735
East,2x4 #1,2024-11-22,445,395,390,460,470,435,430
East,2x6 #1,2024-11-22,425,410,400,400,425,355,415
East,2x8 #1,2024-11-22,440,430,440,380,405,350,420
East,2x10 #1,2024-11-22,380,385,415,375,445,325,685
East,2x12 #1,2024-11-22,555,475,495,480,590,575,1055
East,2x4 #2,2024-11-22,435,370,370,440,440,385,390
East,2x6 #2,2024-11-22,340,365,355,375,385,345,335
East,2x8 #2,2024-11-22,330,360,335,335,365,330,350
East,2x10 #2,2024-11-22,275,305,315,315,300,250,310
East,2x12 #2,2024-11-22,340,400,440,365,565,500,835
West,2x4 #1,2024-11-27,435,355,395,415,490,395,420
West,2x6 #1,2024-11-27,295,330,355,345,370,310,345
West,2x8 #1,2024-11-27,320,325,355,310,350,300,365
West,2x10 #1,2024-11-27,340,390,390,330,380,285,540
West,2x12 #1,2024-11-27,610,590,480,490,560,500,810
West,2x4 #2,2024-11-27,415,325,315,355,410,315,360
West,2x6 #2,2024-11-27,305,310,330,315,340,300,315
West,2x8 #2,2024-11-27,285,270,280,295,320,275,315
West,2x10 #2,2024-11-27,265,270,270,275,290,215,260
West,2x12 #2,2024-11-27,430,480,455,460,520,465,685
Central,2x4 #1,2024-11-27,410,340,355,395,430,370,400
Central,2x6 #1,2024-11-27,370,365,370,370,415,355,385
Central,2x8 #1,2024-11-27,345,375,360,340,370,335,435
Central,2x10 #1,2024-11-27,350,430,380,350,400,320,580
Central,2x12 #1,2024-11-27,540,510,550,485,590,590,925
Central,2x4 #2,2024-11-27,380,300,300,375,405,330,340
Central,2x6 #2,2024-11-27,310,325,335,335,345,310,315
Central,2x8 #2,2024-11-27,305,300,305,315,330,305,310
Central,2x10 #2,2024-11-27,250,270,280,275,275,235,275
Central,2x12 #2,2024-11-27,295,370,390,420,515,470,725
East,2x4 #1,2024-11-27,430,380,370,435,450,420,415
East,2x6 #1,2024-11-27,425,400,395,395,420,345,405
East,2x8 #1,2024-11-27,435,420,430,370,390,345,415
East,2x10 #1,2024-11-27,380,385,415,370,445,315,685
East,2x12 #1,2024-11-27,555,465,485,470,585,555,1055
East,2x4 #2,2024-11-27,420,360,360,410,410,370,375
East,2x6 #2,2024-11-27,335,360,350,375,380,335,325
East,2x8 #2,2024-11-27,325,355,330,335,365,325,345
East,2x10 #2,2024-11-27,265,295,305,305,290,240,300
East,2x12 #2,2024-11-27,330,385,425,345,550,500,835
West,2x4 #1,2024-12-06,415,335,375,395,470,375,400
West,2x6 #1,2024-12-06,290,325,350,340,365,305,340
West,2x8 #1,2024-12-06,315,320,350,305,345,295,360
West,2x10 #1,2024-12-06,335,385,385,325,375,280,535
West,2x12 #1,2024-12-06,590,570,460,470,540,480,790
West,2x4 #2,2024-12-06,395,305,295,335,390,295,340
West,2x6 #2,2024-12-06,300,305,325,310,335,295,310
West,2x8 #2,2024-12-06,275,260,270,285,310,265,305
West,2x10 #2,2024-12-06,255,260,260,265,280,205,250
West,2x12 #2,2024-12-06,410,460,435,440,500,445,665
Central,2x4 #1,2024-12-06,395,325,345,380,410,360,385
Central,2x6 #1,2024-12-06,370,365,370,370,415,355,385
Central,2x8 #1,2024-12-06,340,370,360,330,370,330,425
Central,2x10 #1,2024-12-06,345,425,375,345,395,315,575
Central,2x12 #1,2024-12-06,525,495,535,470,575,575,915
Central,2x4 #2,2024-12-06,355,285,285,360,380,315,315
Central,2x6 #2,2024-12-06,305,315,325,330,330,305,315
Central,2x8 #2,2024-12-06,300,300,305,305,320,295,310
Central,2x10 #2,2024-12-06,245,270,275,270,270,230,265
Central,2x12 #2,2024-12-06,280,355,375,395,495,450,710
East,2x4 #1,2024-12-06,415,370,360,410,435,400,395
East,2x6 #1,2024-12-06,420,390,390,390,420,345,400
East,2x8 #1,2024-12-06,420,405,410,355,380,345,400
East,2x10 #1,2024-12-06,380,385,415,365,430,315,670
East,2x12 #1,2024-12-06,555,455,475,460,580,530,1055
East,2x4 #2,2024-12-06,405,350,345,395,390,360,365
East,2x6 #2,2024-12-06,330,350,340,370,375,335,320
East,2x8 #2,2024-12-06,320,350,330,330,360,320,340
East,2x10 #2,2024-12-06,260,295,300,300,285,230,290
East,2x12 #2,2024-12-06,315,365,410,335,525,490,830
West,2x4 #1,2024-12-13,400,325,365,385,460,375,400
West,2x6 #1,2024-12-13,295,330,355,345,370,310,345
West,2x8 #1,2024-12-13,320,325,355,310,350,300,365
West,2x10 #1,2024-12-13,335,385,385,325,375,280,520
West,2x12 #1,2024-12-13,580,560,450,460,530,470,790
West,2x4 #2,2024-12-13,380,295,290,330,385,295,340
West,2x6 #2,2024-12-13,305,310,330,315,340,300,315
West,2x8 #2,2024-12-13,280,265,275,290,315,270,310
West,2x10 #2,2024-12-13,255,260,260,265,280,205,250
West,2x12 #2,2024-12-13,390,440,425,430,490,435,655
Central,2x4 #1,2024-12-13,395,320,340,380,410,350,375
Central,2x6 #1,2024-12-13,370,365,370,370,415,355,385
Central,2x8 #1,2024-12-13,340,370,360,330,370,330,425
Central,2x10 #1,2024-12-13,345,425,375,345,395,315,560
Central,2x12 #1,2024-12-13,525,495,525,470,565,565,915
Central,2x4 #2,2024-12-13,345,280,280,350,370,305,305
Central,2x6 #2,2024-12-13,315,325,335,340,340,310,325
Central,2x8 #2,2024-12-13,300,300,310,310,325,295,315
Central,2x10 #2,2024-12-13,245,270,275,270,270,235,265
Central,2x12 #2,2024-12-13,270,340,360,375,480,440,695
East,2x4 #1,2024-12-13,415,370,360,410,430,400,385
East,2x6 #1,2024-12-13,420,400,400,390,430,345,390
East,2x8 #1,2024-12-13,420,400,410,355,370,345,400
East,2x10 #1,2024-12-13,380,385,415,370,420,315,660
East,2x12 #1,2024-12-13,555,455,485,460,580,520,1065
East,2x4 #2,2024-12-13,400,355,345,395,380,355,360
East,2x6 #2,2024-12-13,330,355,345,370,380,335,320
East,2x8 #2,2024-12-13,320,345,330,330,360,315,335
East,2x10 #2,2024-12-13,260,295,300,300,285,230,290
East,2x12 #2,2024-12-13,305,355,400,320,510,480,820
West,2x4 #1,2024-12-20,405,330,370,390,465,380,405
West,2x6 #1,2024-12-20,315,350,375,365,390,330,365
West,2x8 #1,2024-12-20,335,340,370,325,365,315,380
West,2x10 #1,2024-12-20,345,395,395,335,385,290,510
West,2x12 #1,2024-12-20,565,545,435,445,515,460,780
West,2x4 #2,2024-12-20,385,305,300,340,400,305,350
West,2x6 #2,2024-12-20,325,330,350,335,360,320,335
West,2x8 #2,2024-12-20,295,280,290,305,330,285,325
West,2x10 #2,2024-12-20,265,270,270,275,290,215,260
West,2x12 #2,2024-12-20,370,420,405,410,470,415,635
Central,2x4 #1,2024-12-20,395,340,355,390,420,365,390
Central,2x6 #1,2024-12-20,370,385,390,390,415,375,395
Central,2x8 #1,2024-12-20,355,385,375,345,390,345,425
Central,2x10 #1,2024-12-20,355,435,385,355,405,325,570
Central,2x12 #1,2024-12-20,525,495,530,470,570,570,920
Central,2x4 #2,2024-12-20,355,300,295,355,380,315,320
Central,2x6 #2,2024-12-20,330,345,355,360,360,330,345
Central,2x8 #2,2024-12-20,315,315,325,325,340,310,330
Central,2x10 #2,2024-12-20,255,280,285,280,280,240,270
Central,2x12 #2,2024-12-20,270,340,360,365,470,435,690
East,2x4 #1,2024-12-20,425,385,375,420,435,405,385
East,2x6 #1,2024-12-20,435,400,415,405,440,355,375
East,2x8 #1,2024-12-20,430,400,410,355,380,340,385
East,2x10 #1,2024-12-20,380,390,415,370,420,315,635
East,2x12 #1,2024-12-20,555,455,485,460,580,505,1065
East,2x4 #2,2024-12-20,410,365,365,410,395,370,360
East,2x6 #2,2024-12-20,340,365,360,390,400,345,330
East,2x8 #2,2024-12-20,325,350,340,335,370,325,345
East,2x10 #2,2024-12-20,265,300,305,305,290,240,295
East,2x12 #2,2024-12-20,305,355,400,320,500,480,820
West,2x4 #1,2025-01-03,430,355,395,415,490,405,430
West,2x6 #1,2025-01-03,350,385,410,400,425,365,400
West,2x8 #1,2025-01-03,360,365,395,350,390,340,405
West,2x10 #1,2025-01-03,355,405,405,345,395,300,520
West,2x12 #1,2025-01-03,555,535,425,445,515,460,780
West,2x4 #2,2025-01-03,410,330,325,365,425,330,375
West,2x6 #2,2025-01-03,365,370,390,375,400,360,375
West,2x8 #2,2025-01-03,325,310,320,335,360,315,355
West,2x10 #2,2025-01-03,280,285,285,290,305,230,275
West,2x12 #2,2025-01-03,360,410,395,410,470,415,635
Central,2x4 #1,2025-01-03,415,365,375,410,435,385,410
Central,2x6 #1,2025-01-03,400,415,420,420,445,405,425
Central,2x8 #1,2025-01-03,380,410,400,370,415,365,440
Central,2x10 #1,2025-01-03,370,450,400,370,420,340,585
Central,2x12 #1,2025-01-03,525,495,530,470,570,570,920
Central,2x4 #2,2025-01-03,385,325,325,380,405,335,340
Central,2x6 #2,2025-01-03,360,380,390,395,395,365,375
Central,2x8 #2,2025-01-03,340,345,355,350,370,335,355
Central,2x10 #2,2025-01-03,275,295,300,300,300,255,285
Central,2x12 #2,2025-01-03,270,340,360,360,465,430,680
East,2x4 #1,2025-01-03,455,415,405,450,460,430,410
East,2x6 #1,2025-01-03,460,425,445,435,470,390,395
East,2x8 #1,2025-01-03,445,415,425,380,410,360,400
East,2x10 #1,2025-01-03,390,400,425,380,430,325,645
East,2x12 #1,2025-01-03,555,455,485,460,580,505,1065
East,2x4 #2,2025-01-03,440,395,400,445,425,405,390
East,2x6 #2,2025-01-03,370,395,395,420,430,375,360
East,2x8 #2,2025-01-03,350,375,365,360,400,350,370
East,2x10 #2,2025-01-03,280,320,320,320,310,255,310
East,2x12 #2,2025-01-03,305,355,405,320,500,480,820
West,2x4 #1,2025-01-10,440,365,405,425,500,415,440
West,2x6 #1,2025-01-10,370,400,425,420,445,385,415
West,2x8 #1,2025-01-10,370,375,405,360,400,350,415
West,2x10 #1,2025-01-10,360,410,410,350,400,305,525
West,2x12 #1,2025-01-10,545,525,415,435,515,460,780
West,2x4 #2,2025-01-10,420,340,335,375,435,340,385
West,2x6 #2,2025-01-10,365,385,410,395,415,380,390
West,2x8 #2,2025-01-10,340,325,335,350,375,330,370
West,2x10 #2,2025-01-10,285,290,290,295,310,235,280
West,2x12 #2,2025-01-10,350,400,385,410,480,425,645
Central,2x4 #1,2025-01-10,425,380,390,420,440,400,410
Central,2x6 #1,2025-01-10,400,420,430,430,450,415,430
Central,2x8 #1,2025-01-10,380,410,400,370,405,365,410
Central,2x10 #1,2025-01-10,350,425,375,345,395,315,560
Central,2x12 #1,2025-01-10,525,495,535,470,570,575,925
Central,2x4 #2,2025-01-10,400,340,340,390,410,340,350
Central,2x6 #2,2025-01-10,370,395,400,405,410,375,385
Central,2x8 #2,2025-01-10,350,350,360,360,375,335,355
Central,2x10 #2,2025-01-10,280,295,305,300,305,260,295
Central,2x12 #2,2025-01-10,270,340,360,360,465,430,680
East,2x4 #1,2025-01-10,470,435,425,470,470,440,410
East,2x6 #1,2025-01-10,470,430,455,450,485,405,420
East,2x8 #1,2025-01-10,455,415,435,390,420,370,405
East,2x10 #1,2025-01-10,395,405,435,390,430,330,645
East,2x12 #1,2025-01-10,555,455,480,460,570,505,1065
East,2x4 #2,2025-01-10,455,415,415,465,440,420,400
East,2x6 #2,2025-01-10,385,410,410,435,445,390,375
East,2x8 #2,2025-01-10,355,380,375,370,410,360,375
East,2x10 #2,2025-01-10,285,325,330,330,320,265,315
East,2x12 #2,2025-01-10,305,355,405,320,490,480,820
West,2x4 #1,2025-01-17,440,365,405,425,500,415,440
West,2x6 #1,2025-01-17,375,405,430,425,450,390,420
West,2x8 #1,2025-01-17,370,375,405,360,400,350,415
West,2x10 #1,2025-01-17,360,410,410,350,400,305,525
West,2x12 #1,2025-01-17,530,510,415,425,505,460,780
West,2x4 #2,2025-01-17,420,340,335,375,435,340,385
West,2x6 #2,2025-01-17,370,390,415,400,420,385,395
West,2x8 #2,2025-01-17,340,325,335,350,375,330,370
West,2x10 #2,2025-01-17,285,290,290,295,310,235,280
West,2x12 #2,2025-01-17,340,390,375,410,490,435,645
Central,2x4 #1,2025-01-17,425,395,400,430,440,410,410
Central,2x6 #1,2025-01-17,400,425,430,430,455,415,435
Central,2x8 #1,2025-01-17,380,410,400,370,405,365,395
Central,2x10 #1,2025-01-17,350,425,380,350,400,320,565
Central,2x12 #1,2025-01-17,525,495,535,470,570,575,925
Central,2x4 #2,2025-01-17,405,350,350,390,410,345,355
Central,2x6 #2,2025-01-17,370,395,390,405,400,375,385
Central,2x8 #2,2025-01-17,345,345,355,360,370,330,355
Central,2x10 #2,2025-01-17,280,295,305,300,305,260,295
Central,2x12 #2,2025-01-17,270,340,360,360,455,430,665
East,2x4 #1,2025-01-17,480,445,440,485,475,445,410
East,2x6 #1,2025-01-17,480,435,465,455,495,420,430
East,2x8 #1,2025-01-17,455,405,435,390,420,375,405
East,2x10 #1,2025-01-17,385,405,440,390,420,330,645
East,2x12 #1,2025-01-17,555,455,465,450,555,505,1065
East,2x4 #2,2025-01-17,465,425,425,480,445,425,400
East,2x6 #2,2025-01-17,390,415,415,440,445,400,385
East,2x8 #2,2025-01-17,355,380,375,370,410,360,380
East,2x10 #2,2025-01-17,290,325,335,335,325,275,315
East,2x12 #2,2025-01-17,305,350,395,320,475,465,805
West,2x4 #1,2025-01-24,435,360,400,420,495,410,435
West,2x6 #1,2025-01-24,370,400,425,420,445,385,415
West,2x8 #1,2025-01-24,360,365,395,350,390,340,405
West,2x10 #1,2025-01-24,350,400,400,340,390,295,515
West,2x12 #1,2025-01-24,525,505,410,420,500,455,775
West,2x4 #2,2025-01-24,415,335,340,370,430,335,380
West,2x6 #2,2025-01-24,365,380,410,390,410,380,385
West,2x8 #2,2025-01-24,335,320,325,340,365,325,360
West,2x10 #2,2025-01-24,280,285,285,290,305,230,275
West,2x12 #2,2025-01-24,335,385,370,405,485,430,640
Central,2x4 #1,2025-01-24,425,395,400,430,440,410,405
Central,2x6 #1,2025-01-24,385,415,420,420,445,405,425
Central,2x8 #1,2025-01-24,370,400,390,365,400,360,385
Central,2x10 #1,2025-01-24,350,425,380,350,400,320,565
Central,2x12 #1,2025-01-24,510,495,535,470,555,570,925
Central,2x4 #2,2025-01-24,400,350,345,380,405,345,355
Central,2x6 #2,2025-01-24,355,380,375,385,385,365,375
Central,2x8 #2,2025-01-24,335,335,345,350,360,315,345
Central,2x10 #2,2025-01-24,280,295,305,300,305,260,295
Central,2x12 #2,2025-01-24,270,335,350,350,450,420,655
East,2x4 #1,2025-01-24,480,445,430,480,465,435,400
East,2x6 #1,2025-01-24,470,430,460,440,495,415,440
East,2x8 #1,2025-01-24,450,385,425,390,415,370,395
East,2x10 #1,2025-01-24,375,395,430,390,420,325,630
East,2x12 #1,2025-01-24,555,455,450,430,530,490,1060
East,2x4 #2,2025-01-24,465,425,415,470,440,425,390
East,2x6 #2,2025-01-24,375,405,405,430,430,395,380
East,2x8 #2,2025-01-24,345,365,365,365,400,360,375
East,2x10 #2,2025-01-24,290,315,325,330,325,270,310
East,2x12 #2,2025-01-24,295,335,375,310,450,450,785
West,2x4 #1,2025-01-31,425,350,390,410,485,400,425
West,2x6 #1,2025-01-31,365,395,420,415,440,380,410
West,2x8 #1,2025-01-31,355,360,390,345,385,335,400
West,2x10 #1,2025-01-31,340,390,390,330,380,290,510
West,2x12 #1,2025-01-31,520,500,405,415,490,445,765
West,2x4 #2,2025-01-31,400,325,330,365,415,325,365
West,2x6 #2,2025-01-31,360,370,405,385,405,370,375
West,2x8 #2,2025-01-31,330,315,320,335,360,320,355
West,2x10 #2,2025-01-31,275,280,280,285,300,225,270
West,2x12 #2,2025-01-31,330,380,365,400,480,425,635
Central,2x4 #1,2025-01-31,425,395,395,425,435,405,395
Central,2x6 #1,2025-01-31,370,400,405,405,430,390,410
Central,2x8 #1,2025-01-31,355,385,375,355,380,350,370
Central,2x10 #1,2025-01-31,350,425,380,350,400,310,555
Central,2x12 #1,2025-01-31,475,495,515,470,545,570,925
Central,2x4 #2,2025-01-31,395,340,345,370,400,340,345
Central,2x6 #2,2025-01-31,345,365,360,370,365,350,355
Central,2x8 #2,2025-01-31,315,320,325,335,345,300,330
Central,2x10 #2,2025-01-31,275,290,300,295,300,260,290
Central,2x12 #2,2025-01-31,265,325,335,340,445,410,650
East,2x4 #1,2025-01-31,470,435,430,475,450,430,390
East,2x6 #1,2025-01-31,460,420,455,425,480,415,440
East,2x8 #1,2025-01-31,440,375,415,385,405,365,385
East,2x10 #1,2025-01-31,375,385,430,390,420,315,620
East,2x12 #1,2025-01-31,545,445,440,420,515,475,1060
East,2x4 #2,2025-01-31,455,415,405,460,430,415,380
East,2x6 #2,2025-01-31,365,390,395,415,415,385,370
East,2x8 #2,2025-01-31,335,355,355,355,385,350,365
East,2x10 #2,2025-01-31,290,315,325,330,325,270,310
East,2x12 #2,2025-01-31,290,320,355,300,425,435,760
West,2x4 #1,2025-02-07,425,360,400,415,490,405,430
West,2x6 #1,2025-02-07,370,400,425,420,445,385,415
West,2x8 #1,2025-02-07,355,360,390,345,385,335,400
West,2x10 #1,2025-02-07,340,390,390,330,380,290,510
West,2x12 #1,2025-02-07,515,510,400,420,490,440,770
West,2x4 #2,2025-02-07,395,335,340,375,405,335,370
West,2x6 #2,2025-02-07,365,375,410,390,410,375,380
West,2x8 #2,2025-02-07,330,315,320,335,360,320,355
West,2x10 #2,2025-02-07,275,280,280,285,300,235,270
West,2x12 #2,2025-02-07,325,375,360,405,485,435,640
Central,2x4 #1,2025-02-07,440,405,410,435,445,420,395
Central,2x6 #1,2025-02-07,380,410,410,410,435,400,420
Central,2x8 #1,2025-02-07,355,390,380,365,380,350,370
Central,2x10 #1,2025-02-07,355,430,385,355,405,315,560
Central,2x12 #1,2025-02-07,475,495,520,460,545,575,930
Central,2x4 #2,2025-02-07,400,355,350,380,410,350,355
Central,2x6 #2,2025-02-07,350,375,365,370,370,355,365
Central,2x8 #2,2025-02-07,315,320,325,345,345,300,330
Central,2x10 #2,2025-02-07,275,295,305,300,305,265,295
Central,2x12 #2,2025-02-07,265,325,335,340,440,400,645
East,2x4 #1,2025-02-07,480,450,440,490,460,430,395
East,2x6 #1,2025-02-07,465,425,470,435,490,420,450
East,2x8 #1,2025-02-07,450,380,425,395,420,370,385
East,2x10 #1,2025-02-07,380,395,445,400,435,320,620
East,2x12 #1,2025-02-07,545,450,450,420,520,475,1060
East,2x4 #2,2025-02-07,465,430,415,475,440,415,380
East,2x6 #2,2025-02-07,375,400,405,430,425,385,375
East,2x8 #2,2025-02-07,345,360,365,365,395,355,370
East,2x10 #2,2025-02-07,300,325,335,340,335,280,320
East,2x12 #2,2025-02-07,290,320,355,310,425,430,755
West,2x4 #1,2025-02-14,430,365,405,420,495,410,435
West,2x6 #1,2025-02-14,375,405,430,425,450,390,420
West,2x8 #1,2025-02-14,355,360,390,345,385,335,400
West,2x10 #1,2025-02-14,340,390,390,330,380,290,510
West,2x12 #1,2025-02-14,515,510,400,420,490,440,770
West,2x4 #2,2025-02-14,400,345,350,380,410,345,375
West,2x6 #2,2025-02-14,375,385,420,400,415,380,385
West,2x8 #2,2025-02-14,335,315,325,340,365,320,355
West,2x10 #2,2025-02-14,275,280,280,285,300,235,270
West,2x12 #2,2025-02-14,325,375,360,405,485,435,640
Central,2x4 #1,2025-02-14,450,415,420,450,460,420,405
Central,2x6 #1,2025-02-14,385,415,420,420,445,410,425
Central,2x8 #1,2025-02-14,355,395,380,370,380,360,380
Central,2x10 #1,2025-02-14,360,440,390,365,410,320,550
Central,2x12 #1,2025-02-14,475,495,515,460,545,575,935
Central,2x4 #2,2025-02-14,405,365,360,390,420,360,360
Central,2x6 #2,2025-02-14,355,380,370,375,375,360,365
Central,2x8 #2,2025-02-14,320,320,325,345,345,305,330
Central,2x10 #2,2025-02-14,280,295,305,300,305,265,295
Central,2x12 #2,2025-02-14,275,325,335,340,440,400,645
East,2x4 #1,2025-02-14,490,465,450,505,475,440,405
East,2x6 #1,2025-02-14,475,430,475,445,490,420,460
East,2x8 #1,2025-02-14,450,380,430,395,425,370,390
East,2x10 #1,2025-02-14,385,395,450,405,440,330,600
East,2x12 #1,2025-02-14,545,450,450,420,510,470,1060
East,2x4 #2,2025-02-14,475,440,425,490,450,420,385
East,2x6 #2,2025-02-14,375,405,410,435,430,390,380
East,2x8 #2,2025-02-14,350,365,370,370,400,355,375
East,2x10 #2,2025-02-14,305,335,345,350,345,290,330
East,2x12 #2,2025-02-14,290,325,355,310,425,425,745
West,2x4 #1,2025-02-21,435,370,410,425,500,415,440
West,2x6 #1,2025-02-21,385,405,435,425,450,395,420
West,2x8 #1,2025-02-21,355,360,390,345,385,335,400
West,2x10 #1,2025-02-21,340,390,390,330,380,290,510
West,2x12 #1,2025-02-21,515,510,400,420,490,440,770
West,2x4 #2,2025-02-21,405,350,355,385,415,350,380
West,2x6 #2,2025-02-21,380,390,425,405,420,385,390
West,2x8 #2,2025-02-21,335,315,325,340,365,320,355
West,2x10 #2,2025-02-21,275,280,280,285,300,235,270
West,2x12 #2,2025-02-21,325,375,360,405,485,435,640
Central,2x4 #1,2025-02-21,460,425,430,460,470,420,415
Central,2x6 #1,2025-02-21,390,415,420,420,445,410,430
Central,2x8 #1,2025-02-21,360,395,380,375,375,365,380
Central,2x10 #1,2025-02-21,360,440,395,365,410,325,550
Central,2x12 #1,2025-02-21,475,495,515,460,540,585,935
Central,2x4 #2,2025-02-21,410,375,365,400,420,365,365
Central,2x6 #2,2025-02-21,355,385,375,375,375,370,365
Central,2x8 #2,2025-02-21,320,325,325,350,345,305,330
Central,2x10 #2,2025-02-21,280,295,305,300,305,265,295
Central,2x12 #2,2025-02-21,285,325,335,340,430,400,645
East,2x4 #1,2025-02-21,505,480,460,515,485,450,415
East,2x6 #1,2025-02-21,475,430,475,450,490,420,460
East,2x8 #1,2025-02-21,450,380,430,395,430,370,390
East,2x10 #1,2025-02-21,390,395,460,410,450,335,585
East,2x12 #1,2025-02-21,545,450,450,420,510,470,1060
East,2x4 #2,2025-02-21,485,450,435,500,460,425,395
East,2x6 #2,2025-02-21,375,405,410,435,430,390,380
East,2x8 #2,2025-02-21,350,365,370,370,400,355,375
East,2x10 #2,2025-02-21,315,335,345,355,345,290,330
East,2x12 #2,2025-02-21,290,325,355,310,425,425,730
West,2x4 #1,2025-02-28,440,375,415,430,505,420,445
West,2x6 #1,2025-02-28,385,405,435,425,450,395,420
West,2x8 #1,2025-02-28,355,360,390,345,385,335,400
West,2x10 #1,2025-02-28,340,390,390,330,380,290,510
West,2x12 #1,2025-02-28,515,510,400,420,490,440,770
West,2x4 #2,2025-02-28,410,355,360,390,420,355,385
West,2x6 #2,2025-02-28,380,390,425,405,420,385,390
West,2x8 #2,2025-02-28,335,315,325,340,365,320,355
West,2x10 #2,2025-02-28,275,280,280,285,300,235,270
West,2x12 #2,2025-02-28,325,375,360,405,485,435,640
Central,2x4 #1,2025-02-28,460,435,430,470,470,420,415
Central,2x6 #1,2025-02-28,390,415,420,420,445,410,430
Central,2x8 #1,2025-02-28,365,395,385,380,375,365,375
Central,2x10 #1,2025-02-28,360,440,400,365,410,325,550
Central,2x12 #1,2025-02-28,475,495,520,465,530,590,935
Central,2x4 #2,2025-02-28,410,375,370,405,410,370,375
Central,2x6 #2,2025-02-28,355,385,375,375,375,370,365
Central,2x8 #2,2025-02-28,320,325,325,350,345,310,330
Central,2x10 #2,2025-02-28,280,295,305,300,305,275,295
Central,2x12 #2,2025-02-28,295,325,335,340,430,400,645
East,2x4 #1,2025-02-28,505,480,460,515,485,450,420
East,2x6 #1,2025-02-28,475,430,475,450,485,420,460
East,2x8 #1,2025-02-28,445,370,430,395,430,365,390
East,2x10 #1,2025-02-28,390,385,450,410,450,335,580
East,2x12 #1,2025-02-28,535,440,440,420,500,470,1055
East,2x4 #2,2025-02-28,485,450,435,500,460,425,395
East,2x6 #2,2025-02-28,370,405,410,435,425,390,380
East,2x8 #2,2025-02-28,350,360,370,370,395,350,370
East,2x10 #2,2025-02-28,315,330,345,355,345,295,330
East,2x12 #2,2025-02-28,290,325,350,310,420,420,710
West,2x4 #1,2025-03-07,440,375,415,430,505,420,445
West,2x6 #1,2025-03-07,385,405,435,425,450,395,420
West,2x8 #1,2025-03-07,355,360,390,345,385,335,400
West,2x10 #1,2025-03-07,340,390,390,330,380,290,510
West,2x12 #1,2025-03-07,515,510,400,420,490,440,770
West,2x4 #2,2025-03-07,415,360,365,395,425,360,390
West,2x6 #2,2025-03-07,380,390,425,405,420,385,390
West,2x8 #2,2025-03-07,335,315,325,340,365,320,355
West,2x10 #2,2025-03-07,275,280,280,285,300,235,270
West,2x12 #2,2025-03-07,325,375,360,405,485,435,640
Central,2x4 #1,2025-03-07,470,435,440,470,475,420,415
Central,2x6 #1,2025-03-07,390,420,425,410,450,415,435
Central,2x8 #1,2025-03-07,370,395,390,385,380,365,370
Central,2x10 #1,2025-03-07,360,445,405,370,415,330,555
Central,2x12 #1,2025-03-07,480,500,510,470,525,595,920
Central,2x4 #2,2025-03-07,415,385,385,410,420,375,390
Central,2x6 #2,2025-03-07,355,385,375,375,375,370,370
Central,2x8 #2,2025-03-07,320,325,325,350,335,310,330
Central,2x10 #2,2025-03-07,285,295,305,300,310,275,295
Central,2x12 #2,2025-03-07,305,325,335,340,430,405,650
East,2x4 #1,2025-03-07,510,490,465,525,490,455,425
East,2x6 #1,2025-03-07,475,430,475,455,485,420,460
East,2x8 #1,2025-03-07,445,370,430,395,430,365,390
East,2x10 #1,2025-03-07,385,390,460,410,450,335,580
East,2x12 #1,2025-03-07,535,440,440,420,500,470,1055
East,2x4 #2,2025-03-07,495,460,440,505,470,425,395
East,2x6 #2,2025-03-07,370,405,410,435,425,390,380
East,2x8 #2,2025-03-07,350,355,370,370,390,340,360
East,2x10 #2,2025-03-07,315,325,345,355,345,295,330
East,2x12 #2,2025-03-07,290,325,350,310,415,415,700
West,2x4 #1,2025-03-14,440,390,420,435,505,425,450
West,2x6 #1,2025-03-14,385,405,435,425,450,395,420
West,2x8 #1,2025-03-14,355,360,390,345,385,335,400
West,2x10 #1,2025-03-14,340,390,390,330,380,290,510
West,2x12 #1,2025-03-14,515,510,400,420,490,440,770
West,2x4 #2,2025-03-14,420,370,375,400,430,370,395
West,2x6 #2,2025-03-14,380,390,425,405,420,385,390
West,2x8 #2,2025-03-14,335,315,325,340,365,320,355
West,2x10 #2,2025-03-14,275,280,280,285,300,235,270
West,2x12 #2,2025-03-14,325,375,360,405,485,435,640
Central,2x4 #1,2025-03-14,475,440,445,475,475,430,425
Central,2x6 #1,2025-03-14,390,420,425,420,440,410,430
Central,2x8 #1,2025-03-14,370,395,390,385,380,360,370
Central,2x10 #1,2025-03-14,360,445,405,370,415,325,535
Central,2x12 #1,2025-03-14,490,510,485,450,525,595,930
Central,2x4 #2,2025-03-14,425,390,395,415,430,380,395
Central,2x6 #2,2025-03-14,355,380,370,370,370,370,370
Central,2x8 #2,2025-03-14,325,325,325,350,335,310,335
Central,2x10 #2,2025-03-14,295,295,310,310,310,275,295
Central,2x12 #2,2025-03-14,305,325,345,340,430,405,650
East,2x4 #1,2025-03-14,525,500,470,530,500,460,435
East,2x6 #1,2025-03-14,465,420,465,445,475,410,460
East,2x8 #1,2025-03-14,445,360,430,395,420,360,385
East,2x10 #1,2025-03-14,390,400,460,415,440,335,570
East,2x12 #1,2025-03-14,535,440,440,415,495,470,1045
East,2x4 #2,2025-03-14,505,460,445,495,480,430,405
East,2x6 #2,2025-03-14,360,390,395,420,410,375,365
East,2x8 #2,2025-03-14,350,350,365,365,380,340,360
East,2x10 #2,2025-03-14,320,330,350,360,350,300,335
East,2x12 #2,2025-03-14,290,325,350,310,415,405,680
West,2x4 #1,2025-03-21,445,405,425,440,515,435,455
West,2x6 #1,2025-03-21,380,400,430,420,445,390,415
West,2x8 #1,2025-03-21,355,360,390,345,385,335,400
West,2x10 #1,2025-03-21,345,395,395,335,385,295,515
West,2x12 #1,2025-03-21,515,510,400,420,490,440,770
West,2x4 #2,2025-03-21,430,380,390,410,440,380,405
West,2x6 #2,2025-03-21,375,380,415,400,415,380,385
West,2x8 #2,2025-03-21,335,315,325,340,365,320,355
West,2x10 #2,2025-03-21,285,290,290,295,310,245,280
West,2x12 #2,2025-03-21,325,375,360,405,485,435,640
Central,2x4 #1,2025-03-21,475,445,450,480,480,435,425
Central,2x6 #1,2025-03-21,380,410,425,420,430,405,425
Central,2x8 #1,2025-03-21,370,395,390,390,380,360,375
Central,2x10 #1,2025-03-21,355,435,405,380,415,325,535
Central,2x12 #1,2025-03-21,500,520,475,440,515,595,945
Central,2x4 #2,2025-03-21,435,400,400,425,435,385,400
Central,2x6 #2,2025-03-21,355,375,365,365,365,370,365
Central,2x8 #2,2025-03-21,325,330,330,350,335,310,340
Central,2x10 #2,2025-03-21,305,305,315,320,320,280,300
Central,2x12 #2,2025-03-21,310,325,350,340,430,405,650
East,2x4 #1,2025-03-21,525,500,480,535,515,465,445
East,2x6 #1,2025-03-21,450,405,455,435,460,410,460
East,2x8 #1,2025-03-21,435,355,430,390,410,360,375
East,2x10 #1,2025-03-21,395,405,460,420,440,345,580
East,2x12 #1,2025-03-21,535,440,440,415,485,470,1045
East,2x4 #2,2025-03-21,505,460,445,495,490,435,410
East,2x6 #2,2025-03-21,350,370,380,400,395,365,355
East,2x8 #2,2025-03-21,350,345,365,365,375,335,355
East,2x10 #2,2025-03-21,330,345,365,370,365,310,345
East,2x12 #2,2025-03-21,290,325,350,310,415,395,680
West,2x4 #1,2025-03-28,455,415,435,450,525,445,465
West,2x6 #1,2025-03-28,375,395,430,420,445,390,415
West,2x8 #1,2025-03-28,365,370,400,355,395,345,410
West,2x10 #1,2025-03-28,360,410,410,350,400,310,525
West,2x12 #1,2025-03-28,530,525,415,435,505,455,785
West,2x4 #2,2025-03-28,440,390,400,420,450,390,415
West,2x6 #2,2025-03-28,355,360,395,380,395,360,365
West,2x8 #2,2025-03-28,335,315,325,340,365,320,355
West,2x10 #2,2025-03-28,295,300,300,305,320,255,290
West,2x12 #2,2025-03-28,330,380,365,410,490,440,645
Central,2x4 #1,2025-03-28,480,450,455,485,485,440,430
Central,2x6 #1,2025-03-28,370,400,415,410,420,400,420
Central,2x8 #1,2025-03-28,370,395,390,390,380,360,375
Central,2x10 #1,2025-03-28,360,440,410,385,420,330,540
Central,2x12 #1,2025-03-28,500,520,475,440,515,595,945
Central,2x4 #2,2025-03-28,440,405,405,430,440,390,405
Central,2x6 #2,2025-03-28,345,365,355,355,355,360,355
Central,2x8 #2,2025-03-28,325,330,330,350,335,310,340
Central,2x10 #2,2025-03-28,320,320,330,335,335,295,315
Central,2x12 #2,2025-03-28,310,325,350,340,430,405,650
East,2x4 #1,2025-03-28,535,510,490,545,525,475,455
East,2x6 #1,2025-03-28,435,390,440,420,445,395,445
East,2x8 #1,2025-03-28,435,355,430,390,410,360,375
East,2x10 #1,2025-03-28,405,415,470,430,450,355,590
East,2x12 #1,2025-03-28,535,440,440,415,485,470,1045
East,2x4 #2,2025-03-28,520,475,455,500,500,445,425
East,2x6 #2,2025-03-28,335,355,365,385,380,355,345
East,2x8 #2,2025-03-28,350,345,365,365,375,335,355
East,2x10 #2,2025-03-28,345,360,380,385,380,325,360
East,2x12 #2,2025-03-28,290,325,350,310,415,395,680
West,2x4 #1,2025-04-04,470,425,440,455,535,450,470
West,2x6 #1,2025-04-04,365,385,420,410,435,380,405
West,2x8 #1,2025-04-04,365,370,400,355,395,345,410
West,2x10 #1,2025-04-04,380,430,430,370,420,330,525
West,2x12 #1,2025-04-04,535,530,420,440,510,460,790
West,2x4 #2,2025-04-04,455,405,405,425,465,405,420
West,2x6 #2,2025-04-04,350,355,390,370,385,350,355
West,2x8 #2,2025-04-04,335,315,325,340,365,320,355
West,2x10 #2,2025-04-04,315,320,320,325,340,275,310
West,2x12 #2,2025-04-04,335,385,370,415,495,445,650
Central,2x4 #1,2025-04-04,495,460,465,500,500,450,445
Central,2x6 #1,2025-04-04,370,400,415,405,420,400,420
Central,2x8 #1,2025-04-04,375,395,395,400,380,370,380
Central,2x10 #1,2025-04-04,370,450,425,400,430,350,555
Central,2x12 #1,2025-04-04,490,520,485,445,500,605,945
Central,2x4 #2,2025-04-04,455,410,415,445,460,400,420
Central,2x6 #2,2025-04-04,340,355,345,345,350,350,345
Central,2x8 #2,2025-04-04,325,330,330,350,335,315,340
Central,2x10 #2,2025-04-04,335,340,350,355,355,320,335
Central,2x12 #2,2025-04-04,325,325,350,340,435,405,650
East,2x4 #1,2025-04-04,550,525,505,550,545,490,475
East,2x6 #1,2025-04-04,425,380,420,410,430,375,445
East,2x8 #1,2025-04-04,435,355,430,390,415,360,375
East,2x10 #1,2025-04-04,410,425,480,440,460,355,590
East,2x12 #1,2025-04-04,535,445,435,405,485,470,1045
East,2x4 #2,2025-04-04,535,490,465,505,520,455,435
East,2x6 #2,2025-04-04,325,350,360,380,370,355,335
East,2x8 #2,2025-04-04,350,345,365,370,375,335,355
East,2x10 #2,2025-04-04,360,375,400,400,400,340,370
East,2x12 #2,2025-04-04,295,325,350,315,415,390,670
West,2x4 #1,2025-04-11,475,430,445,460,540,455,475
West,2x6 #1,2025-04-11,365,385,420,410,435,380,405
West,2x8 #1,2025-04-11,370,375,405,360,400,350,415
West,2x10 #1,2025-04-11,400,450,450,390,440,350,545
West,2x12 #1,2025-04-11,540,535,425,445,515,465,795
West,2x4 #2,2025-04-11,465,410,410,425,475,415,425
West,2x6 #2,2025-04-11,350,355,390,370,385,350,355
West,2x8 #2,2025-04-11,340,320,330,345,370,325,360
West,2x10 #2,2025-04-11,335,340,340,345,360,295,330
West,2x12 #2,2025-04-11,340,390,375,425,500,445,650
Central,2x4 #1,2025-04-11,510,475,480,515,525,465,460
Central,2x6 #1,2025-04-11,370,400,415,410,420,400,420
Central,2x8 #1,2025-04-11,380,395,400,410,380,380,390
Central,2x10 #1,2025-04-11,380,460,440,420,450,370,565
Central,2x12 #1,2025-04-11,490,520,495,455,510,615,955
Central,2x4 #2,2025-04-11,470,420,425,455,470,410,430
Central,2x6 #2,2025-04-11,340,355,345,345,350,350,345
Central,2x8 #2,2025-04-11,330,330,335,355,335,320,340
Central,2x10 #2,2025-04-11,350,360,375,375,375,340,355
Central,2x12 #2,2025-04-11,335,325,360,345,440,405,650
East,2x4 #1,2025-04-11,565,530,515,560,560,505,490
East,2x6 #1,2025-04-11,425,380,420,400,430,375,445
East,2x8 #1,2025-04-11,435,355,430,390,415,360,375
East,2x10 #1,2025-04-11,420,440,495,460,475,365,560
East,2x12 #1,2025-04-11,525,445,425,405,475,470,1025
East,2x4 #2,2025-04-11,550,500,480,520,540,465,445
East,2x6 #2,2025-04-11,325,350,360,380,370,355,335
East,2x8 #2,2025-04-11,355,345,365,370,380,335,355
East,2x10 #2,2025-04-11,375,395,420,415,420,350,380
East,2x12 #2,2025-04-11,295,325,355,320,415,390,670
West,2x4 #1,2025-04-18,495,450,465,480,560,475,495
West,2x6 #1,2025-04-18,365,385,420,410,435,380,405
West,2x8 #1,2025-04-18,375,380,410,365,405,355,420
West,2x10 #1,2025-04-18,440,490,490,430,480,390,585
West,2x12 #1,2025-04-18,545,540,430,450,520,470,800
West,2x4 #2,2025-04-18,480,425,425,440,490,430,440
West,2x6 #2,2025-04-18,355,360,395,375,390,355,360
West,2x8 #2,2025-04-18,350,330,345,360,385,340,375
West,2x10 #2,2025-04-18,365,370,370,375,390,325,360
West,2x12 #2,2025-04-18,350,400,385,435,510,455,660
Central,2x4 #1,2025-04-18,525,485,490,530,550,480,475
Central,2x6 #1,2025-04-18,370,405,415,410,420,400,420
Central,2x8 #1,2025-04-18,390,405,405,400,390,390,390
Central,2x10 #1,2025-04-18,405,480,465,445,470,390,585
Central,2x12 #1,2025-04-18,500,535,495,455,510,615,955
Central,2x4 #2,2025-04-18,490,430,440,470,485,425,435
Central,2x6 #2,2025-04-18,340,355,350,350,355,355,345
Central,2x8 #2,2025-04-18,340,340,345,365,345,330,350
Central,2x10 #2,2025-04-18,365,385,395,400,400,360,375
Central,2x12 #2,2025-04-18,335,335,370,360,455,420,665
East,2x4 #1,2025-04-18,580,540,525,575,580,525,505
East,2x6 #1,2025-04-18,425,385,420,400,430,375,445
East,2x8 #1,2025-04-18,440,360,435,395,420,360,375
East,2x10 #1,2025-04-18,435,460,500,485,485,375,560
East,2x12 #1,2025-04-18,525,435,425,395,450,470,1015
East,2x4 #2,2025-04-18,565,515,500,535,560,475,455
East,2x6 #2,2025-04-18,325,350,365,380,375,355,335
East,2x8 #2,2025-04-18,360,350,365,370,390,335,355
East,2x10 #2,2025-04-18,390,415,435,435,440,360,400
East,2x12 #2,2025-04-18,300,325,360,325,420,380,645
West,2x4 #1,2025-04-25,495,450,465,485,565,480,500
West,2x6 #1,2025-04-25,370,390,425,415,440,385,410
West,2x8 #1,2025-04-25,380,385,415,370,410,360,425
West,2x10 #1,2025-04-25,465,515,515,455,505,415,585
West,2x12 #1,2025-04-25,550,545,435,455,525,475,805
West,2x4 #2,2025-04-25,480,430,430,455,505,440,455
West,2x6 #2,2025-04-25,360,365,400,380,395,360,365
West,2x8 #2,2025-04-25,355,335,350,365,390,345,380
West,2x10 #2,2025-04-25,390,395,395,400,415,350,385
West,2x12 #2,2025-04-25,355,405,390,440,515,460,665
Central,2x4 #1,2025-04-25,545,500,505,545,565,505,500
Central,2x6 #1,2025-04-25,375,405,410,410,420,400,420
Central,2x8 #1,2025-04-25,400,410,415,400,400,390,400
Central,2x10 #1,2025-04-25,425,495,485,465,475,400,595
Central,2x12 #1,2025-04-25,515,545,495,455,510,615,965
Central,2x4 #2,2025-04-25,500,440,450,480,500,435,445
Central,2x6 #2,2025-04-25,345,360,355,355,360,355,350
Central,2x8 #2,2025-04-25,345,345,350,370,350,340,355
Central,2x10 #2,2025-04-25,385,405,415,420,415,375,390
Central,2x12 #2,2025-04-25,340,340,375,370,455,430,670
East,2x4 #1,2025-04-25,595,550,530,580,595,535,515
East,2x6 #1,2025-04-25,425,385,420,400,430,375,445
East,2x8 #1,2025-04-25,445,360,435,395,415,360,375
East,2x10 #1,2025-04-25,445,470,510,500,500,380,560
East,2x12 #1,2025-04-25,525,435,425,395,460,470,1015
East,2x4 #2,2025-04-25,580,525,510,545,575,485,465
East,2x6 #2,2025-04-25,325,350,370,380,385,355,335
East,2x8 #2,2025-04-25,365,355,365,375,400,335,350
East,2x10 #2,2025-04-25,405,430,450,450,460,370,420
East,2x12 #2,2025-04-25,305,330,375,335,425,380,645
West,2x4 #1,2025-05-02,500,450,465,490,570,480,500
West,2x6 #1,2025-05-02,370,390,425,415,435,380,400
West,2x8 #1,2025-05-02,380,385,415,370,410,360,425
West,2x10 #1,2025-05-02,475,525,525,465,515,425,595
West,2x12 #1,2025-05-02,550,545,435,455,525,475,805
West,2x4 #2,2025-05-02,490,435,435,460,515,445,460
West,2x6 #2,2025-05-02,360,365,400,380,395,360,365
West,2x8 #2,2025-05-02,355,335,350,365,390,345,380
West,2x10 #2,2025-05-02,400,405,405,410,425,360,395
West,2x12 #2,2025-05-02,355,405,390,440,515,460,665
Central,2x4 #1,2025-05-02,550,500,505,550,575,515,510
Central,2x6 #1,2025-05-02,375,395,400,410,410,390,410
Central,2x8 #1,2025-05-02,400,410,415,400,400,390,400
Central,2x10 #1,2025-05-02,440,510,495,475,485,410,595
Central,2x12 #1,2025-05-02,525,545,495,440,500,615,945
Central,2x4 #2,2025-05-02,510,445,440,480,510,440,445
Central,2x6 #2,2025-05-02,335,355,350,350,355,350,350
Central,2x8 #2,2025-05-02,350,345,350,370,350,345,355
Central,2x10 #2,2025-05-02,390,415,420,425,420,380,390
Central,2x12 #2,2025-05-02,340,345,375,365,455,435,665
East,2x4 #1,2025-05-02,605,550,530,580,605,535,515
East,2x6 #1,2025-05-02,415,385,415,400,430,370,435
East,2x8 #1,2025-05-02,445,360,425,385,405,355,370
East,2x10 #1,2025-05-02,445,470,510,500,500,380,540
East,2x12 #1,2025-05-02,525,445,430,400,465,480,990
East,2x4 #2,2025-05-02,590,525,510,545,585,490,470
East,2x6 #2,2025-05-02,325,350,370,380,380,350,335
East,2x8 #2,2025-05-02,365,355,365,370,385,330,345
East,2x10 #2,2025-05-02,405,425,450,450,475,365,420
East,2x12 #2,2025-05-02,305,330,375,335,425,380,630
West,2x4 #1,2025-05-09,495,430,445,470,570,480,500
West,2x6 #1,2025-05-09,350,370,405,395,415,360,380
West,2x8 #1,2025-05-09,375,380,410,365,405,355,420
West,2x10 #1,2025-05-09,475,525,525,465,515,425,595
West,2x12 #1,2025-05-09,550,545,435,455,525,475,805
West,2x4 #2,2025-05-09,490,425,425,460,525,445,460
West,2x6 #2,2025-05-09,345,350,385,365,380,345,350
West,2x8 #2,2025-05-09,350,330,345,360,385,340,375
West,2x10 #2,2025-05-09,400,405,405,410,425,360,395
West,2x12 #2,2025-05-09,355,405,390,440,515,460,665
Central,2x4 #1,2025-05-09,540,490,495,540,575,510,510
Central,2x6 #1,2025-05-09,350,370,375,380,385,365,385
Central,2x8 #1,2025-05-09,385,395,405,380,385,380,370
Central,2x10 #1,2025-05-09,440,510,500,480,485,415,585
Central,2x12 #1,2025-05-09,520,545,490,430,490,585,920
Central,2x4 #2,2025-05-09,510,435,430,470,510,435,440
Central,2x6 #2,2025-05-09,315,335,325,330,335,335,330
Central,2x8 #2,2025-05-09,340,335,340,355,350,335,345
Central,2x10 #2,2025-05-09,380,410,420,420,415,375,390
Central,2x12 #2,2025-05-09,340,345,375,360,455,435,655
East,2x4 #1,2025-05-09,605,535,515,565,605,530,515
East,2x6 #1,2025-05-09,400,375,405,385,415,355,420
East,2x8 #1,2025-05-09,440,355,415,370,390,345,365
East,2x10 #1,2025-05-09,440,460,505,490,500,380,520
East,2x12 #1,2025-05-09,525,445,430,400,470,490,960
East,2x4 #2,2025-05-09,590,515,500,535,590,490,475
East,2x6 #2,2025-05-09,315,340,350,360,365,340,325
East,2x8 #2,2025-05-09,355,345,350,360,375,320,330
East,2x10 #2,2025-05-09,405,425,440,450,480,360,420
East,2x12 #2,2025-05-09,305,330,375,335,430,380,615
West,2x4 #1,2025-05-16,485,420,435,460,560,470,490
West,2x6 #1,2025-05-16,330,350,385,375,395,340,360
West,2x8 #1,2025-05-16,365,370,400,355,395,345,410
West,2x10 #1,2025-05-16,470,520,520,460,510,420,590
West,2x12 #1,2025-05-16,540,535,425,445,515,465,795
West,2x4 #2,2025-05-16,480,410,410,450,525,435,450
West,2x6 #2,2025-05-16,320,330,365,345,360,320,325
West,2x8 #2,2025-05-16,345,320,335,350,380,330,365
West,2x10 #2,2025-05-16,395,400,400,405,420,355,390
West,2x12 #2,2025-05-16,345,395,375,425,500,450,655
Central,2x4 #1,2025-05-16,525,470,470,520,565,495,490
Central,2x6 #1,2025-05-16,330,350,355,350,360,335,360
Central,2x8 #1,2025-05-16,370,380,385,360,375,360,355
Central,2x10 #1,2025-05-16,440,510,495,480,480,410,565
Central,2x12 #1,2025-05-16,500,530,480,415,475,565,900
Central,2x4 #2,2025-05-16,495,420,415,455,495,420,425
Central,2x6 #2,2025-05-16,290,300,295,295,305,305,305
Central,2x8 #2,2025-05-16,320,320,325,340,340,320,325
Central,2x10 #2,2025-05-16,360,395,410,410,395,355,380
Central,2x12 #2,2025-05-16,325,335,370,350,450,430,640
East,2x4 #1,2025-05-16,585,510,485,540,590,515,505
East,2x6 #1,2025-05-16,375,355,390,360,385,345,400
East,2x8 #1,2025-05-16,430,340,385,350,370,335,350
East,2x10 #1,2025-05-16,420,445,485,480,485,380,495
East,2x12 #1,2025-05-16,515,445,425,395,470,495,910
East,2x4 #2,2025-05-16,565,480,470,520,575,485,465
East,2x6 #2,2025-05-16,290,310,320,330,330,320,300
East,2x8 #2,2025-05-16,340,330,335,340,355,305,315
East,2x10 #2,2025-05-16,385,415,425,440,470,350,410
East,2x12 #2,2025-05-16,305,325,365,325,425,380,585
West,2x4 #1,2025-05-23,470,395,405,430,545,440,460
West,2x6 #1,2025-05-23,300,315,350,345,365,310,325
West,2x8 #1,2025-05-23,345,350,380,335,375,325,390
West,2x10 #1,2025-05-23,455,505,505,445,495,405,575
West,2x12 #1,2025-05-23,520,515,405,415,490,435,760
West,2x4 #2,2025-05-23,465,385,380,420,515,415,430
West,2x6 #2,2025-05-23,290,295,325,315,325,285,285
West,2x8 #2,2025-05-23,325,300,315,330,360,310,345
West,2x10 #2,2025-05-23,380,385,385,390,405,340,375
West,2x12 #2,2025-05-23,330,380,360,410,480,430,635
Central,2x4 #1,2025-05-23,495,445,450,495,535,475,470
Central,2x6 #1,2025-05-23,305,325,330,325,335,310,340
Central,2x8 #1,2025-05-23,350,360,360,335,350,340,335
Central,2x10 #1,2025-05-23,430,500,490,465,465,400,525
Central,2x12 #1,2025-05-23,485,515,465,395,460,540,875
Central,2x4 #2,2025-05-23,460,385,390,430,475,395,400
Central,2x6 #2,2025-05-23,270,275,275,275,285,280,285
Central,2x8 #2,2025-05-23,295,295,305,320,320,305,300
Central,2x10 #2,2025-05-23,340,380,390,390,375,340,365
Central,2x12 #2,2025-05-23,310,325,360,335,440,420,610
East,2x4 #1,2025-05-23,555,475,460,510,565,495,490
East,2x6 #1,2025-05-23,345,335,370,335,360,330,385
East,2x8 #1,2025-05-23,405,325,370,335,350,320,335
East,2x10 #1,2025-05-23,400,425,460,460,465,370,475
East,2x12 #1,2025-05-23,500,440,425,385,455,495,895
East,2x4 #2,2025-05-23,530,450,440,495,545,475,460
East,2x6 #2,2025-05-23,275,290,300,305,305,305,300
East,2x8 #2,2025-05-23,325,310,320,325,335,295,295
East,2x10 #2,2025-05-23,365,395,405,420,450,340,395
East,2x12 #2,2025-05-23,305,320,360,320,415,380,570
West,2x4 #1,2025-05-30,450,375,385,410,525,420,440
West,2x6 #1,2025-05-30,275,290,325,320,340,285,300
West,2x8 #1,2025-05-30,330,335,365,320,360,310,375
West,2x10 #1,2025-05-30,445,495,495,435,485,395,565
West,2x12 #1,2025-05-30,505,500,390,400,475,420,730
West,2x4 #2,2025-05-30,445,365,360,400,490,395,410
West,2x6 #2,2025-05-30,265,270,300,290,300,255,255
West,2x8 #2,2025-05-30,310,285,300,315,345,295,330
West,2x10 #2,2025-05-30,370,375,375,380,395,330,365
West,2x12 #2,2025-05-30,315,365,345,395,465,415,610
Central,2x4 #1,2025-05-30,475,425,425,470,515,455,445
Central,2x6 #1,2025-05-30,290,305,310,310,325,290,325
Central,2x8 #1,2025-05-30,330,340,340,315,330,320,315
Central,2x10 #1,2025-05-30,415,485,475,450,450,385,500
Central,2x12 #1,2025-05-30,470,500,445,375,445,510,845
Central,2x4 #2,2025-05-30,435,360,365,410,450,365,380
Central,2x6 #2,2025-05-30,260,265,265,265,275,265,275
Central,2x8 #2,2025-05-30,275,275,290,300,305,295,290
Central,2x10 #2,2025-05-30,320,365,375,375,360,330,350
Central,2x12 #2,2025-05-30,305,320,350,325,430,410,600
East,2x4 #1,2025-05-30,535,450,440,485,545,475,475
East,2x6 #1,2025-05-30,330,325,355,325,345,320,370
East,2x8 #1,2025-05-30,385,315,355,325,340,310,325
East,2x10 #1,2025-05-30,385,405,440,445,445,360,455
East,2x12 #1,2025-05-30,485,435,415,380,440,490,875
East,2x4 #2,2025-05-30,500,425,420,475,525,455,445
East,2x6 #2,2025-05-30,265,285,290,295,295,295,290
East,2x8 #2,2025-05-30,310,300,310,315,325,285,285
East,2x10 #2,2025-05-30,345,380,395,405,435,330,385
East,2x12 #2,2025-05-30,300,310,350,315,405,375,550
West,2x4 #1,2025-06-06,435,355,365,390,505,400,420
West,2x6 #1,2025-06-06,255,270,305,300,320,265,280
West,2x8 #1,2025-06-06,310,315,345,300,340,290,355
West,2x10 #1,2025-06-06,425,475,475,415,460,370,530
West,2x12 #1,2025-06-06,490,470,370,375,450,395,680
West,2x4 #2,2025-06-06,430,340,335,375,475,375,390
West,2x6 #2,2025-06-06,245,250,280,270,280,245,235
West,2x8 #2,2025-06-06,290,265,280,295,325,275,310
West,2x10 #2,2025-06-06,345,350,350,350,365,305,335
West,2x12 #2,2025-06-06,305,355,320,365,435,390,580
Central,2x4 #1,2025-06-06,460,405,405,445,495,435,425
Central,2x6 #1,2025-06-06,285,295,305,300,310,290,315
Central,2x8 #1,2025-06-06,315,325,325,310,315,310,300
Central,2x10 #1,2025-06-06,405,480,465,440,440,380,475
Central,2x12 #1,2025-06-06,455,485,430,365,435,480,830
Central,2x4 #2,2025-06-06,410,335,335,385,425,345,360
Central,2x6 #2,2025-06-06,250,255,255,255,260,255,260
Central,2x8 #2,2025-06-06,260,265,275,285,290,280,280
Central,2x10 #2,2025-06-06,295,340,350,350,335,305,325
Central,2x12 #2,2025-06-06,295,310,340,310,410,390,570
East,2x4 #1,2025-06-06,510,430,425,470,525,460,465
East,2x6 #1,2025-06-06,315,315,345,315,335,320,370
East,2x8 #1,2025-06-06,370,315,340,320,330,310,325
East,2x10 #1,2025-06-06,370,395,425,435,425,350,435
East,2x12 #1,2025-06-06,475,435,415,370,430,480,850
East,2x4 #2,2025-06-06,465,400,395,450,495,435,435
East,2x6 #2,2025-06-06,255,275,275,285,280,295,290
East,2x8 #2,2025-06-06,300,295,300,305,315,280,280
East,2x10 #2,2025-06-06,320,365,375,390,415,320,375
East,2x12 #2,2025-06-06,300,305,340,310,390,375,530
West,2x4 #1,2025-06-13,415,335,345,370,485,380,400
West,2x6 #1,2025-06-13,255,270,305,300,320,265,280
West,2x8 #1,2025-06-13,305,310,340,295,335,285,350
West,2x10 #1,2025-06-13,410,460,460,400,445,355,515
West,2x12 #1,2025-06-13,470,455,355,360,435,380,660
West,2x4 #2,2025-06-13,410,320,315,350,455,350,365
West,2x6 #2,2025-06-13,245,250,280,270,280,245,235
West,2x8 #2,2025-06-13,285,260,275,290,320,265,300
West,2x10 #2,2025-06-13,330,335,335,340,350,295,325
West,2x12 #2,2025-06-13,290,340,305,350,420,375,560
Central,2x4 #1,2025-06-13,435,385,385,420,470,415,405
Central,2x6 #1,2025-06-13,285,295,305,300,310,290,315
Central,2x8 #1,2025-06-13,310,320,325,310,315,310,300
Central,2x10 #1,2025-06-13,400,470,455,430,430,380,465
Central,2x12 #1,2025-06-13,445,465,425,365,430,475,820
Central,2x4 #2,2025-06-13,390,310,310,365,400,335,345
Central,2x6 #2,2025-06-13,250,255,255,255,260,255,260
Central,2x8 #2,2025-06-13,260,255,265,275,290,270,270
Central,2x10 #2,2025-06-13,275,320,330,330,320,285,305
Central,2x12 #2,2025-06-13,290,300,335,310,390,370,535
East,2x4 #1,2025-06-13,480,415,410,450,495,455,465
East,2x6 #1,2025-06-13,315,315,345,320,335,320,370
East,2x8 #1,2025-06-13,365,315,340,320,330,310,325
East,2x10 #1,2025-06-13,360,385,415,430,415,350,420
East,2x12 #1,2025-06-13,460,435,415,370,430,480,850
East,2x4 #2,2025-06-13,440,385,380,430,460,425,425
East,2x6 #2,2025-06-13,255,275,280,285,280,295,290
East,2x8 #2,2025-06-13,300,295,300,305,315,280,280
East,2x10 #2,2025-06-13,305,350,365,380,395,310,360
East,2x12 #2,2025-06-13,300,305,340,305,380,370,525
West,2x4 #1,2025-06-19,395,315,325,350,465,360,380
West,2x6 #1,2025-06-19,255,270,305,300,320,265,280
West,2x8 #1,2025-06-19,300,305,335,290,330,280,345
West,2x10 #1,2025-06-19,390,440,440,380,425,335,495
West,2x12 #1,2025-06-19,440,425,325,330,405,350,630
West,2x4 #2,2025-06-19,390,300,295,330,435,330,345
West,2x6 #2,2025-06-19,245,250,280,270,280,245,235
West,2x8 #2,2025-06-19,280,255,270,285,315,260,295
West,2x10 #2,2025-06-19,310,315,315,320,330,275,305
West,2x12 #2,2025-06-19,270,310,285,320,390,345,550
Central,2x4 #1,2025-06-19,425,380,380,410,460,405,395
Central,2x6 #1,2025-06-19,285,295,310,305,315,290,315
Central,2x8 #1,2025-06-19,310,320,325,310,320,310,300
Central,2x10 #1,2025-06-19,385,455,440,410,410,360,450
Central,2x12 #1,2025-06-19,435,460,415,350,415,435,750
Central,2x4 #2,2025-06-19,380,300,300,350,385,325,335
Central,2x6 #2,2025-06-19,255,255,260,265,270,265,265
Central,2x8 #2,2025-06-19,260,255,265,275,290,270,270
Central,2x10 #2,2025-06-19,255,305,310,315,300,270,285
Central,2x12 #2,2025-06-19,285,300,330,300,370,355,510
East,2x4 #1,2025-06-19,465,405,400,440,480,440,445
East,2x6 #1,2025-06-19,316,316,345,330,335,320,370
East,2x8 #1,2025-06-19,370,315,345,320,330,315,320
East,2x10 #1,2025-06-19,360,375,415,425,410,350,420
East,2x12 #1,2025-06-19,460,435,415,370,430,480,850
East,2x4 #2,2025-06-19,425,370,370,420,445,415,415
East,2x6 #2,2025-06-19,260,280,290,295,290,300,290
East,2x8 #2,2025-06-19,300,295,300,305,315,280,275
East,2x10 #2,2025-06-19,295,340,355,375,385,300,355
East,2x12 #2,2025-06-19,300,305,340,305,365,370,505
West,2x4 #1,2025-06-27,400,320,330,355,475,365,380
West,2x6 #1,2025-06-27,275,270,320,315,335,285,295
West,2x8 #1,2025-06-27,320,325,335,295,335,300,330
West,2x10 #1,2025-06-27,375,430,430,365,415,320,470
West,2x12 #1,2025-06-27,440,420,325,320,395,340,620
West,2x4 #2,2025-06-27,380,285,285,320,425,315,325
West,2x6 #2,2025-06-27,260,265,295,285,295,260,250
West,2x8 #2,2025-06-27,290,270,285,285,325,275,305
West,2x10 #2,2025-06-27,285,290,290,290,310,250,275
West,2x12 #2,2025-06-27,260,300,275,310,370,325,470
Central,2x4 #1,2025-06-27,425,375,375,405,450,405,395
Central,2x6 #1,2025-06-27,290,295,320,315,315,300,325
Central,2x8 #1,2025-06-27,315,325,330,315,320,310,310
Central,2x10 #1,2025-06-27,365,445,425,390,395,345,435
Central,2x12 #1,2025-06-27,430,455,415,330,395,415,690
Central,2x4 #2,2025-06-27,375,295,290,340,375,315,325
Central,2x6 #2,2025-06-27,265,265,275,275,280,275,280
Central,2x8 #2,2025-06-27,265,260,270,275,290,275,275
Central,2x10 #2,2025-06-27,250,300,295,300,290,265,270
Central,2x12 #2,2025-06-27,275,300,325,295,355,345,500
East,2x4 #1,2025-06-27,455,400,385,430,465,435,430
East,2x6 #1,2025-06-27,325,325,360,340,340,320,375
East,2x8 #1,2025-06-27,370,325,355,325,330,325,320
East,2x10 #1,2025-06-27,345,375,405,415,400,350,410
East,2x12 #1,2025-06-27,450,435,415,370,430,490,835
East,2x4 #2,2025-06-27,410,355,360,405,430,405,410
East,2x6 #2,2025-06-27,270,290,300,305,300,310,295
East,2x8 #2,2025-06-27,300,300,305,305,315,280,285
East,2x10 #2,2025-06-27,280,330,340,360,365,290,350
East,2x12 #2,2025-06-27,300,305,340,305,360,370,485
West,2x4 #1,2025-07-03,400,320,330,355,475,365,380
West,2x6 #1,2025-07-03,285,280,330,325,345,295,305
West,2x8 #1,2025-07-03,325,330,340,300,340,305,335
West,2x10 #1,2025-07-03,365,420,420,355,405,310,460
West,2x12 #1,2025-07-03,440,420,325,320,395,340,620
West,2x4 #2,2025-07-03,380,285,285,320,425,315,325
West,2x6 #2,2025-07-03,270,275,305,295,305,270,260
West,2x8 #2,2025-07-03,295,275,290,290,330,280,310
West,2x10 #2,2025-07-03,285,290,290,290,310,250,275
West,2x12 #2,2025-07-03,260,300,275,305,365,315,460
Central,2x4 #1,2025-07-03,425,375,375,405,445,400,395
Central,2x6 #1,2025-07-03,300,310,330,325,330,310,335
Central,2x8 #1,2025-07-03,325,335,340,325,330,315,315
Central,2x10 #1,2025-07-03,365,440,420,385,385,335,425
Central,2x12 #1,2025-07-03,425,450,405,320,385,405,660
Central,2x4 #2,2025-07-03,370,290,290,330,370,310,325
Central,2x6 #2,2025-07-03,275,280,290,285,290,285,290
Central,2x8 #2,2025-07-03,275,270,280,280,300,280,285
Central,2x10 #2,2025-07-03,250,300,295,300,290,260,270
Central,2x12 #2,2025-07-03,270,300,325,295,350,330,480
East,2x4 #1,2025-07-03,440,395,385,420,450,425,415
East,2x6 #1,2025-07-03,335,335,370,350,345,330,375
East,2x8 #1,2025-07-03,380,335,365,335,340,340,335
East,2x10 #1,2025-07-03,345,375,405,415,400,350,410
East,2x12 #1,2025-07-03,450,435,420,370,430,495,820
East,2x4 #2,2025-07-03,400,345,350,395,415,395,400
East,2x6 #2,2025-07-03,280,300,310,315,310,315,300
East,2x8 #2,2025-07-03,310,300,310,310,320,290,295
East,2x10 #2,2025-07-03,275,325,340,360,365,290,350
East,2x12 #2,2025-07-03,305,305,345,305,360,370,485
West,2x4 #1,2025-07-11,415,335,345,370,490,380,395
West,2x6 #1,2025-07-11,300,300,345,340,360,310,320
West,2x8 #1,2025-07-11,335,340,350,320,350,320,340
West,2x10 #1,2025-07-11,355,410,410,355,400,305,450
West,2x12 #1,2025-07-11,440,420,335,320,395,340,620
West,2x4 #2,2025-07-11,385,300,300,335,435,325,330
West,2x6 #2,2025-07-11,280,285,315,305,315,280,270
West,2x8 #2,2025-07-11,305,285,305,305,345,295,325
West,2x10 #2,2025-07-11,285,290,290,290,310,250,275
West,2x12 #2,2025-07-11,275,310,295,300,375,315,460
Central,2x4 #1,2025-07-11,425,375,375,395,445,400,400
Central,2x6 #1,2025-07-11,310,320,340,335,340,320,345
Central,2x8 #1,2025-07-11,335,345,350,335,345,335,330
Central,2x10 #1,2025-07-11,365,440,420,385,385,335,435
Central,2x12 #1,2025-07-11,425,450,405,320,385,405,645
Central,2x4 #2,2025-07-11,370,295,295,340,375,320,330
Central,2x6 #2,2025-07-11,280,290,300,295,300,295,295
Central,2x8 #2,2025-07-11,285,280,285,285,310,285,290
Central,2x10 #2,2025-07-11,250,300,295,300,290,260,270
Central,2x12 #2,2025-07-11,275,300,330,295,350,330,450
East,2x4 #1,2025-07-11,435,390,380,420,445,420,420
East,2x6 #1,2025-07-11,345,345,380,360,350,335,375
East,2x8 #1,2025-07-11,390,350,375,340,350,350,345
East,2x10 #1,2025-07-11,350,375,410,420,400,355,415
East,2x12 #1,2025-07-11,450,435,430,375,430,505,795
East,2x4 #2,2025-07-11,390,340,345,390,415,390,400
East,2x6 #2,2025-07-11,285,310,320,320,320,320,305
East,2x8 #2,2025-07-11,315,305,320,320,325,295,300
East,2x10 #2,2025-07-11,275,325,340,360,365,290,350
East,2x12 #2,2025-07-11,310,310,355,305,360,370,480
West,2x4 #1,2025-07-18,425,345,355,380,500,390,405
West,2x6 #1,2025-07-18,305,305,350,345,365,315,325
West,2x8 #1,2025-07-18,340,345,355,325,355,325,345
West,2x10 #1,2025-07-18,355,410,410,355,400,305,450
West,2x12 #1,2025-07-18,450,420,345,320,395,340,620
West,2x4 #2,2025-07-18,390,310,310,340,440,330,335
West,2x6 #2,2025-07-18,285,290,320,310,320,285,275
West,2x8 #2,2025-07-18,310,290,310,310,350,300,330
West,2x10 #2,2025-07-18,285,290,290,290,310,250,275
West,2x12 #2,2025-07-18,280,315,300,305,380,320,465
Central,2x4 #1,2025-07-18,425,375,375,395,445,415,415
Central,2x6 #1,2025-07-18,320,325,345,340,345,325,350
Central,2x8 #1,2025-07-18,345,360,365,350,355,350,345
Central,2x10 #1,2025-07-18,370,440,425,390,395,335,440
Central,2x12 #1,2025-07-18,425,450,415,325,390,405,640
Central,2x4 #2,2025-07-18,375,300,305,345,380,330,335
Central,2x6 #2,2025-07-18,290,300,310,300,310,300,300
Central,2x8 #2,2025-07-18,295,290,290,295,320,295,300
Central,2x10 #2,2025-07-18,250,300,295,300,290,260,270
Central,2x12 #2,2025-07-18,280,300,335,305,350,320,440
East,2x4 #1,2025-07-18,430,390,375,420,435,420,425
East,2x6 #1,2025-07-18,350,355,385,365,355,345,375
East,2x8 #1,2025-07-18,390,360,385,350,365,365,350
East,2x10 #1,2025-07-18,355,380,415,420,400,365,420
East,2x12 #1,2025-07-18,450,435,435,375,430,515,795
East,2x4 #2,2025-07-18,385,340,345,390,410,390,400
East,2x6 #2,2025-07-18,285,315,320,330,320,320,305
East,2x8 #2,2025-07-18,315,315,320,320,330,295,300
East,2x10 #2,2025-07-18,275,325,340,360,360,290,350
East,2x12 #2,2025-07-18,315,315,365,305,360,370,480
West,2x4 #1,2025-07-25,430,345,360,380,505,390,405
West,2x6 #1,2025-07-25,310,310,355,350,370,320,330
West,2x8 #1,2025-07-25,345,350,360,330,360,325,345
West,2x10 #1,2025-07-25,350,405,410,350,400,305,445
West,2x12 #1,2025-07-25,450,420,360,320,395,340,620
West,2x4 #2,2025-07-25,390,310,315,340,440,330,335
West,2x6 #2,2025-07-25,290,295,325,315,325,290,280
West,2x8 #2,2025-07-25,315,295,315,315,355,305,335
West,2x10 #2,2025-07-25,285,290,290,290,310,250,275
West,2x12 #2,2025-07-25,290,325,315,305,380,320,465
Central,2x4 #1,2025-07-25,425,375,375,395,445,415,415
Central,2x6 #1,2025-07-25,325,330,350,345,350,330,355
Central,2x8 #1,2025-07-25,350,365,370,355,360,355,350
Central,2x10 #1,2025-07-25,375,445,430,395,400,340,445
Central,2x12 #1,2025-07-25,425,450,415,325,390,405,640
Central,2x4 #2,2025-07-25,380,305,310,350,385,335,340
Central,2x6 #2,2025-07-25,295,305,315,305,315,305,305
Central,2x8 #2,2025-07-25,300,295,295,300,325,300,305
Central,2x10 #2,2025-07-25,250,300,295,300,290,260,270
Central,2x12 #2,2025-07-25,280,300,335,305,350,320,440
East,2x4 #1,2025-07-25,430,345,360,380,505,390,405
East,2x6 #1,2025-07-25,310,310,355,350,370,320,330
East,2x8 #1,2025-07-25,345,350,360,330,360,325,345
East,2x10 #1,2025-07-25,350,405,410,350,400,305,445
East,2x12 #1,2025-07-25,450,420,360,320,395,340,620
East,2x4 #2,2025-07-25,390,310,315,340,440,330,335
East,2x6 #2,2025-07-25,290,295,325,315,325,290,280
East,2x8 #2,2025-07-25,315,295,315,315,355,305,335
East,2x10 #2,2025-07-25,285,290,290,290,310,250,275
East,2x12 #2,2025-07-25,290,325,315,305,380,320,465
West,2x4 #1,2025-08-01,430,345,360,380,505,390,405
West,2x6 #1,2025-08-01,310,310,360,355,375,320,330
West,2x8 #1,2025-08-01,345,350,360,330,360,325,345
West,2x10 #1,2025-08-01,350,405,410,350,400,305,445
West,2x12 #1,2025-08-01,450,420,410,350,400,305,445
West,2x4 #2,2025-08-01,390,320,320,350,440,335,340
West,2x6 #2,2025-08-01,295,295,330,320,330,290,280
West,2x8 #2,2025-08-01,315,295,315,315,355,305,335
West,2x10 #2,2025-08-01,285,290,290,290,310,250,275
West,2x12 #2,2025-08-01,300,335,325,305,380,320,465
Central,2x4 #1,2025-08-01,425,375,375,400,450,415,420
Central,2x6 #1,2025-08-01,330,335,355,350,355,340,355
Central,2x8 #1,2025-08-01,360,365,375,355,365,355,355
Central,2x10 #1,2025-08-01,375,445,430,390,395,340,445
Central,2x12 #1,2025-08-01,425,450,425,325,395,390,625
Central,2x4 #2,2025-08-01,380,310,310,355,390,340,350
Central,2x6 #2,2025-08-01,300,305,320,315,315,310,305
Central,2x8 #2,2025-08-01,300,295,295,300,325,300,305
Central,2x10 #2,2025-08-01,250,300,295,300,290,260,270
Central,2x12 #2,2025-08-01,290,310,345,305,350,320,425
East,2x4 #1,2025-08-01,430,395,385,430,440,430,440
East,2x6 #1,2025-08-01,360,365,395,370,360,355,390
East,2x8 #1,2025-08-01,395,375,395,360,365,365,355
East,2x10 #1,2025-08-01,365,385,425,415,405,370,425
East,2x12 #1,2025-08-01,465,445,445,385,425,520,780
East,2x4 #2,2025-08-01,385,350,360,410,420,395,400
East,2x6 #2,2025-08-01,295,325,330,345,335,335,315
East,2x8 #2,2025-08-01,325,325,335,330,335,305,315
East,2x10 #2,2025-08-01,275,325,340,360,350,290,350
East,2x12 #2,2025-08-01,325,325,380,320,365,370,480
West,2x4 #1,2025-08-08,430,345,360,380,505,390,405
West,2x6 #1,2025-08-08,310,310,360,355,375,320,330
West,2x8 #1,2025-08-08,345,350,360,330,360,325,345
West,2x10 #1,2025-08-08,350,395,410,350,390,305,435
West,2x12 #1,2025-08-08,450,420,360,320,380,340,600
West,2x4 #2,2025-08-08,380,325,325,355,430,335,340
West,2x6 #2,2025-08-08,295,295,330,320,330,290,280
West,2x8 #2,2025-08-08,315,295,315,315,355,305,335
West,2x10 #2,2025-08-08,285,290,290,290,310,250,275
West,2x12 #2,2025-08-08,300,340,325,300,375,315,460
Central,2x4 #1,2025-08-08,410,370,370,400,450,415,415
Central,2x6 #1,2025-08-08,335,335,360,350,360,340,360
Central,2x8 #1,2025-08-08,360,365,380,355,365,355,355
Central,2x10 #1,2025-08-08,370,430,425,385,395,340,440
Central,2x12 #1,2025-08-08,425,450,425,325,395,390,610
Central,2x4 #2,2025-08-08,365,310,310,355,385,340,350
Central,2x6 #2,2025-08-08,300,305,320,315,315,310,305
Central,2x8 #2,2025-08-08,300,295,295,300,325,300,305
Central,2x10 #2,2025-08-08,250,300,295,300,290,260,270
Central,2x12 #2,2025-08-08,290,310,350,305,350,320,425
East,2x4 #1,2025-08-08,415,395,385,435,440,430,450
East,2x6 #1,2025-08-08,360,365,395,370,355,360,395
East,2x8 #1,2025-08-08,395,375,500,360,365,365,360
East,2x10 #1,2025-08-08,365,385,430,415,405,375,425
East,2x12 #1,2025-08-08,465,445,450,385,415,520,765
East,2x4 #2,2025-08-08,380,350,360,415,420,395,400
East,2x6 #2,2025-08-08,295,335,330,350,325,340,325
East,2x8 #2,2025-08-08,325,325,340,340,335,305,320
East,2x10 #2,2025-08-08,265,320,330,350,340,280,345
East,2x12 #2,2025-08-08,325,325,380,320,365,370,465
East,2x4 #1,2025-08-15,405,390,385,430,430,430,450
East,2x6 #1,2025-08-15,360,355,390,360,350,360,395
East,2x8 #1,2025-08-15,390,370,400,355,360,365,360
East,2x10 #1,2025-08-15,350,380,420,405,400,375,415
East,2x12 #1,2025-08-15,455,440,450,380,405,520,750
East,2x4 #2,2025-08-15,370,345,360,415,415,390,395
East,2x6 #2,2025-08-15,285,335,330,350,325,340,325
East,2x8 #2,2025-08-15,315,315,330,330,325,300,320
East,2x10 #2,2025-08-15,255,305,320,340,325,275,335
East,2x12 #2,2025-08-15,320,320,375,320,360,370,450
Central,2x4 #1,2025-08-15,395,365,365,395,440,415,410
Central,2x6 #1,2025-08-15,325,330,355,345,350,335,355
Central,2x8 #1,2025-08-15,350,355,370,345,355,345,345
Central,2x10 #1,2025-08-15,350,410,410,370,380,330,430
Central,2x12 #1,2025-08-15,425,445,425,325,395,385,605
Central,2x4 #2,2025-08-15,350,305,310,350,375,335,340
Central,2x6 #2,2025-08-15,290,300,310,310,310,300,300
Central,2x8 #2,2025-08-15,295,285,290,290,315,290,300
Central,2x10 #2,2025-08-15,245,290,290,290,280,250,265
Central,2x12 #2,2025-08-15,290,310,350,305,340,305,410
West,2x4 #1,2025-08-15,425,340,355,380,495,390,407
West,2x6 #1,2025-08-15,310,310,360,355,370,320,330
West,2x8 #1,2025-08-15,345,350,360,330,360,325,340
West,2x10 #1,2025-08-15,347,382,395,350,380,305,415
West,2x12 #1,2025-08-15,450,425,365,320,380,340,600
West,2x4 #2,2025-08-15,365,305,305,345,420,335,335
West,2x6 #2,2025-08-15,285,290,325,315,325,285,275
West,2x8 #2,2025-08-15,305,285,305,310,345,295,325
West,2x10 #2,2025-08-15,275,280,280,280,300,240,265
West,2x12 #2,2025-08-15,295,335,320,295,370,310,455
West,2x4 #1,2025-08-22,415,330,345,370,460,390,400
West,2x6 #1,2025-08-22,300,300,350,345,360,310,320
West,2x8 #1,2025-08-22,335,340,350,320,350,315,330
West,2x10 #1,2025-08-22,335,370,380,340,360,305,400
West,2x12 #1,2025-08-22,440,415,365,320,360,330,580
West,2x4 #2,2025-08-22,355,295,295,335,400,325,325
West,2x6 #2,2025-08-22,280,285,315,305,315,280,270
West,2x8 #2,2025-08-22,295,275,300,305,335,290,315
West,2x10 #2,2025-08-22,265,270,270,270,290,230,255
West,2x12 #2,2025-08-22,295,335,320,295,350,290,435
Central,2x4 #1,2025-08-22,375,355,350,385,420,405,400
Central,2x6 #1,2025-08-22,315,320,345,335,340,325,345
Central,2x8 #1,2025-08-22,340,340,365,335,345,340,335
Central,2x10 #1,2025-08-22,340,395,400,360,370,325,415
Central,2x12 #1,2025-08-22,425,435,425,325,395,380,595
Central,2x4 #2,2025-08-22,330,290,300,330,355,330,330
Central,2x6 #2,2025-08-22,275,285,295,295,295,285,290
Central,2x8 #2,2025-08-22,285,275,280,280,305,280,295
Central,2x10 #2,2025-08-22,235,275,275,275,265,235,255
Central,2x12 #2,2025-08-22,290,310,350,305,325,295,385
East,2x4 #1,2025-08-22,390,380,380,425,420,420,440
East,2x6 #1,2025-08-22,350,350,380,355,345,350,390
East,2x8 #1,2025-08-22,380,365,395,345,345,355,355
East,2x10 #1,2025-08-22,340,370,410,395,385,365,395
East,2x12 #1,2025-08-22,445,440,445,370,395,510,715
East,2x4 #2,2025-08-22,355,335,345,405,405,375,380
East,2x6 #2,2025-08-22,280,330,320,340,310,335,315
East,2x8 #2,2025-08-22,305,305,320,320,310,290,310
East,2x10 #2,2025-08-22,245,290,310,325,305,265,315
East,2x12 #2,2025-08-22,315,315,365,310,345,365,430
West,2x4 #1,2025-08-29,400,310,325,350,430,370,380
West,2x6 #1,2025-08-29,285,285,335,330,345,300,310
West,2x8 #1,2025-08-29,325,330,340,310,340,305,320
West,2x10 #1,2025-08-29,325,345,355,330,340,300,380
West,2x12 #1,2025-08-29,440,415,365,310,345,315,560
West,2x4 #2,2025-08-29,340,280,280,315,370,315,315
West,2x6 #2,2025-08-29,270,275,295,290,300,265,255
West,2x8 #2,2025-08-29,285,265,290,290,320,275,300
West,2x10 #2,2025-08-29,250,255,255,250,270,215,240
West,2x12 #2,2025-08-29,290,325,310,285,330,270,410
Central,2x4 #1,2025-08-29,355,330,335,370,400,390,380
Central,2x6 #1,2025-08-29,295,305,330,320,325,315,335
Central,2x8 #1,2025-08-29,330,330,355,325,330,325,330
Central,2x10 #1,2025-08-29,320,375,380,340,350,300,395
Central,2x12 #1,2025-08-29,425,430,425,315,380,380,585
Central,2x4 #2,2025-08-29,305,270,280,315,330,310,310
Central,2x6 #2,2025-08-29,255,270,275,275,275,270,270
Central,2x8 #2,2025-08-29,270,260,265,265,285,265,275
Central,2x10 #2,2025-08-29,215,260,260,260,250,220,235
Central,2x12 #2,2025-08-29,290,310,350,300,315,280,370
East,2x4 #1,2025-08-29,370,365,365,410,405,410,440
East,2x6 #1,2025-08-29,340,340,370,345,335,335,370
East,2x8 #1,2025-08-29,360,355,390,335,330,350,355
East,2x10 #1,2025-08-29,325,355,400,375,365,355,380
East,2x12 #1,2025-08-29,430,430,435,350,375,495,680
East,2x4 #2,2025-08-29,340,325,330,390,390,360,370
East,2x6 #2,2025-08-29,270,320,310,330,300,325,305
East,2x8 #2,2025-08-29,295,295,310,305,295,280,295
East,2x10 #2,2025-08-29,235,275,300,315,285,250,295
East,2x12 #2,2025-08-29,305,310,355,300,325,345,405
West,2x4 #1,2025-09-05,385,295,310,335,415,355,365
West,2x6 #1,2025-09-05,275,275,325,320,335,290,300
West,2x8 #1,2025-09-05,315,320,330,300,330,295,310
West,2x10 #1,2025-09-05,315,335,345,320,330,290,370
West,2x12 #1,2025-09-05,435,410,360,305,340,310,555
West,2x4 #2,2025-09-05,320,270,270,300,350,300,300
West,2x6 #2,2025-09-05,260,265,280,275,285,255,245
West,2x8 #2,2025-09-05,275,255,280,280,310,265,290
West,2x10 #2,2025-09-05,245,250,250,245,265,210,235
West,2x12 #2,2025-09-05,285,310,305,280,315,260,395
Central,2x4 #1,2025-09-05,335,325,325,360,385,390,380
Central,2x6 #1,2025-09-05,290,300,320,310,320,315,335
Central,2x8 #1,2025-09-05,315,325,350,325,330,315,325
Central,2x10 #1,2025-09-05,310,365,370,325,340,290,380
Central,2x12 #1,2025-09-05,425,420,425,315,375,380,565
Central,2x4 #2,2025-09-05,290,270,275,305,315,310,310
Central,2x6 #2,2025-09-05,240,260,265,265,265,260,260
Central,2x8 #2,2025-09-05,260,260,260,255,275,260,275
Central,2x10 #2,2025-09-05,215,260,250,250,245,215,225
Central,2x12 #2,2025-09-05,290,310,350,300,310,275,360
East,2x4 #1,2025-09-05,355,355,355,390,390,405,425
East,2x6 #1,2025-09-05,330,330,360,335,325,335,360
East,2x8 #1,2025-09-05,340,340,375,330,315,350,355
East,2x10 #1,2025-09-05,320,345,390,365,360,350,360
East,2x12 #1,2025-09-05,420,420,435,345,360,490,650
East,2x4 #2,2025-09-05,325,315,315,375,375,350,360
East,2x6 #2,2025-09-05,260,310,300,320,290,315,300
East,2x8 #2,2025-09-05,285,290,300,295,290,270,285
East,2x10 #2,2025-09-05,225,270,290,305,280,245,290
East,2x12 #2,2025-09-05,305,310,355,300,305,335,390
West,2x4 #1,2025-09-12,375,285,300,325,405,345,355
West,2x6 #1,2025-09-12,275,275,325,320,335,290,300
West,2x8 #1,2025-09-12,305,310,320,290,320,285,300
West,2x10 #1,2025-09-12,310,330,340,315,325,285,365
West,2x12 #1,2025-09-12,435,410,360,305,340,310,555
West,2x4 #2,2025-09-12,310,260,260,290,340,290,290
West,2x6 #2,2025-09-12,260,265,280,275,285,255,245
West,2x8 #2,2025-09-12,265,245,270,270,300,255,280
West,2x10 #2,2025-09-12,240,245,245,240,260,205,230
West,2x12 #2,2025-09-12,285,310,305,280,315,260,395
Central,2x4 #1,2025-09-12,325,325,325,360,370,390,390
Central,2x6 #1,2025-09-12,290,300,320,310,320,320,340
Central,2x8 #1,2025-09-12,315,325,345,325,325,315,325
Central,2x10 #1,2025-09-12,315,350,370,330,335,290,370
Central,2x12 #1,2025-09-12,425,410,425,320,365,375,550
Central,2x4 #2,2025-09-12,285,270,270,300,305,310,305
Central,2x6 #2,2025-09-12,240,260,265,265,265,260,255
Central,2x8 #2,2025-09-12,260,260,260,255,275,260,275
Central,2x10 #2,2025-09-12,215,260,250,250,245,215,225
Central,2x12 #2,2025-09-12,290,310,360,305,315,280,360
East,2x4 #1,2025-09-12,340,350,350,385,385,405,425
East,2x6 #1,2025-09-12,330,330,355,335,325,335,355
East,2x8 #1,2025-09-12,340,340,380,330,315,350,355
East,2x10 #1,2025-09-12,310,345,385,365,360,350,360
East,2x12 #1,2025-09-12,410,420,440,345,355,490,630
East,2x4 #2,2025-09-12,315,310,310,365,365,350,360
East,2x6 #2,2025-09-12,255,305,300,315,290,310,300
East,2x8 #2,2025-09-12,285,290,300,295,290,270,285
East,2x10 #2,2025-09-12,220,270,285,300,280,245,290
East,2x12 #2,2025-09-12,305,310,355,300,305,325,380
East,2x4 #1,2025-09-19,340,355,355,385,385,405,435
East,2x6 #1,2025-09-19,330,335,360,335,330,335,355
East,2x8 #1,2025-09-19,345,345,380,330,320,350,355
East,2x10 #1,2025-09-19,315,345,390,365,360,350,360
East,2x12 #1,2025-09-19,420,430,450,345,365,490,630
East,2x4 #2,2025-09-19,315,315,310,360,365,350,360
East,2x6 #2,2025-09-19,255,310,300,315,290,310,300
East,2x8 #2,2025-09-19,285,290,300,295,290,270,285
East,2x10 #2,2025-09-19,220,270,285,300,280,245,290
East,2x12 #2,2025-09-19,315,320,365,310,315,325,375
West,2x4 #1,2025-09-19,370,285,295,320,400,340,350
West,2x6 #1,2025-09-19,275,275,325,320,335,290,300
West,2x8 #1,2025-09-19,305,310,320,290,320,285,300
West,2x10 #1,2025-09-19,305,325,335,310,320,280,360
West,2x12 #1,2025-09-19,440,415,365,310,345,315,555
West,2x4 #2,2025-09-19,300,255,255,285,330,290,290
West,2x6 #2,2025-09-19,260,265,280,275,285,255,245
West,2x8 #2,2025-09-19,265,245,270,270,300,255,280
West,2x10 #2,2025-09-19,235,240,240,240,260,205,225
West,2x12 #2,2025-09-19,295,320,290,290,325,265,395
Central,2x4 #1,2025-09-19,325,325,325,360,370,395,395
Central,2x6 #1,2025-09-19,300,310,330,320,330,325,340
Central,2x8 #1,2025-09-19,315,335,350,330,330,320,330
Central,2x10 #1,2025-09-19,325,350,370,335,340,300,370
Central,2x12 #1,2025-09-19,425,410,435,330,370,375,550
Central,2x4 #2,2025-09-19,285,270,275,300,310,310,305
Central,2x6 #2,2025-09-19,250,260,265,265,270,265,255
Central,2x8 #2,2025-09-19,260,260,260,255,280,260,275
Central,2x10 #2,2025-09-19,225,260,255,250,245,220,225
Central,2x12 #2,2025-09-19,300,320,375,320,325,290,365
West,2x4 #1,2025-09-26,360,280,295,320,390,355,355
West,2x6 #1,2025-09-26,280,280,330,325,340,295,305
West,2x8 #1,2025-09-26,310,315,325,295,325,290,305
West,2x10 #1,2025-09-26,300,320,330,305,315,275,355
West,2x12 #1,2025-09-26,440,415,365,310,345,315,555
West,2x4 #2,2025-09-26,290,265,265,285,320,290,290
West,2x6 #2,2025-09-26,270,275,290,285,295,265,255
West,2x8 #2,2025-09-26,270,250,275,275,305,260,285
West,2x10 #2,2025-09-26,235,240,245,240,260,205,225
West,2x12 #2,2025-09-26,300,330,325,295,335,275,395
Central,2x4 #1,2025-09-26,315,315,325,360,370,395,395
Central,2x6 #1,2025-09-26,300,310,330,320,330,325,340
Central,2x8 #1,2025-09-26,325,335,350,330,330,325,335
Central,2x10 #1,2025-09-26,330,360,375,340,345,305,370
Central,2x12 #1,2025-09-26,430,415,430,340,370,380,550
Central,2x4 #2,2025-09-26,285,270,275,300,315,315,310
Central,2x6 #2,2025-09-26,255,260,270,270,275,270,260
Central,2x8 #2,2025-09-26,260,260,260,260,280,260,280
Central,2x10 #2,2025-09-26,225,260,255,250,245,220,225
Central,2x12 #2,2025-09-26,310,330,385,330,335,300,375
East,2x4 #1,2025-09-26,340,360,360,385,390,405,440
East,2x6 #1,2025-09-26,340,345,365,345,340,335,355
East,2x8 #1,2025-09-26,355,355,390,335,330,360,365
East,2x10 #1,2025-09-26,320,350,385,355,360,340,360
East,2x12 #1,2025-09-26,435,430,460,350,375,490,615
East,2x4 #2,2025-09-26,315,325,315,365,370,355,365
East,2x6 #2,2025-09-26,265,315,310,320,300,315,305
East,2x8 #2,2025-09-26,290,290,300,300,295,275,290
East,2x10 #2,2025-09-26,220,270,285,300,285,250,290
East,2x12 #2,2025-09-26,325,335,385,320,330,335,375
West,2x4 #1,2025-10-03,360,280,295,320,390,355,355
West,2x6 #1,2025-10-03,285,285,335,330,345,300,310
West,2x8 #1,2025-10-03,315,320,330,300,330,295,310
West,2x10 #1,2025-10-03,300,320,330,305,315,275,355
West,2x12 #1,2025-10-03,440,415,380,320,355,325,555
West,2x4 #2,2025-10-03,290,270,270,290,320,295,295
West,2x6 #2,2025-10-03,280,285,300,295,305,275,265
West,2x8 #2,2025-10-03,275,255,280,280,310,265,290
West,2x10 #2,2025-10-03,235,240,245,245,260,205,225
West,2x12 #2,2025-10-03,315,345,340,340,350,290,410
Central,2x4 #1,2025-10-03,325,325,330,370,375,405,405
Central,2x6 #1,2025-10-03,310,320,340,330,340,330,350
Central,2x8 #1,2025-10-03,335,345,355,340,335,330,345
Central,2x10 #1,2025-10-03,335,365,385,350,350,315,360
Central,2x12 #1,2025-10-03,435,425,435,350,375,380,550
Central,2x4 #2,2025-10-03,295,275,280,305,325,325,325
Central,2x6 #2,2025-10-03,260,265,275,280,280,280,265
Central,2x8 #2,2025-10-03,265,265,265,275,285,270,285
Central,2x10 #2,2025-10-03,225,260,255,250,250,220,225
Central,2x12 #2,2025-10-03,310,340,395,340,335,300,360
East,2x4 #1,2025-10-03,340,370,365,395,395,410,455
East,2x6 #1,2025-10-03,350,355,375,355,355,335,355
East,2x8 #1,2025-10-03,365,365,400,335,340,370,375
East,2x10 #1,2025-10-03,330,360,395,355,370,340,360
East,2x12 #1,2025-10-03,450,440,475,360,390,490,600
East,2x4 #2,2025-10-03,325,330,325,370,370,365,380
East,2x6 #2,2025-10-03,275,325,320,330,310,325,315
East,2x8 #2,2025-10-03,300,300,310,310,305,285,295
East,2x10 #2,2025-10-03,225,275,290,305,290,255,295
East,2x12 #2,2025-10-03,335,350,400,330,350,335,360
West,2x4 #1,2025-10-10,360,285,295,320,390,360,360
West,2x6 #1,2025-10-10,290,290,340,335,350,305,315
West,2x8 #1,2025-10-10,320,325,335,305,335,300,315
West,2x10 #1,2025-10-10,300,320,330,305,315,275,355
West,2x12 #1,2025-10-10,445,420,385,325,360,330,555
West,2x4 #2,2025-10-10,290,280,280,290,320,300,300
West,2x6 #2,2025-10-10,290,295,310,305,315,280,270
West,2x8 #2,2025-10-10,280,260,290,290,320,270,295
West,2x10 #2,2025-10-10,235,240,245,240,260,205,225
West,2x12 #2,2025-10-10,315,345,355,325,365,300,400
Central,2x4 #1,2025-10-10,325,330,340,375,380,415,410
Central,2x6 #1,2025-10-10,325,335,345,340,345,340,365
Central,2x8 #1,2025-10-10,345,355,365,350,340,340,350
Central,2x10 #1,2025-10-10,340,375,395,360,360,325,360
Central,2x12 #1,2025-10-10,440,435,440,365,385,390,560
Central,2x4 #2,2025-10-10,305,285,285,315,335,335,330
Central,2x6 #2,2025-10-10,270,275,280,285,290,290,275
Central,2x8 #2,2025-10-10,275,270,275,285,285,280,295
Central,2x10 #2,2025-10-10,240,260,255,250,250,220,225
Central,2x12 #2,2025-10-10,315,345,400,350,340,290,350
East,2x4 #1,2025-10-10,345,380,375,405,405,415,460
East,2x6 #1,2025-10-10,365,365,385,370,370,345,365
East,2x8 #1,2025-10-10,375,375,405,340,350,375,385
East,2x10 #1,2025-10-10,340,370,400,355,370,350,360
East,2x12 #1,2025-10-10,465,460,490,375,410,490,600
East,2x4 #2,2025-10-10,335,340,330,370,370,375,385
East,2x6 #2,2025-10-10,285,330,325,335,320,335,320
East,2x8 #2,2025-10-10,305,305,315,315,315,295,300
East,2x10 #2,2025-10-10,230,275,290,305,290,260,300
East,2x12 #2,2025-10-10,350,365,415,340,370,335,365
West,2x4 #1,2025-10-17,360,295,300,320,390,365,365
West,2x6 #1,2025-10-17,295,295,345,340,355,310,320
West,2x8 #1,2025-10-17,325,330,340,310,340,305,320
West,2x10 #1,2025-10-17,300,320,330,305,315,275,355
West,2x12 #1,2025-10-17,445,425,395,335,370,340,555
West,2x4 #2,2025-10-17,290,290,290,295,320,305,305
West,2x6 #2,2025-10-17,295,300,315,310,320,285,275
West,2x8 #2,2025-10-17,280,260,295,295,325,275,300
West,2x10 #2,2025-10-17,235,240,245,240,260,205,225
West,2x12 #2,2025-10-17,325,355,365,335,370,305,400
Central,2x4 #1,2025-10-17,330,335,345,380,380,415,415
Central,2x6 #1,2025-10-17,330,335,350,345,355,340,370
Central,2x8 #1,2025-10-17,350,360,370,350,345,340,350
Central,2x10 #1,2025-10-17,345,380,400,360,370,330,365
Central,2x12 #1,2025-10-17,445,435,445,370,395,390,560
Central,2x4 #2,2025-10-17,310,295,290,325,340,335,335
Central,2x6 #2,2025-10-17,280,285,290,295,300,290,285
Central,2x8 #2,2025-10-17,280,275,280,290,290,285,300
Central,2x10 #2,2025-10-17,245,265,260,255,255,230,230
Central,2x12 #2,2025-10-17,315,350,410,355,345,290,350
East,2x4 #1,2025-10-17,345,380,370,400,405,415,460
East,2x6 #1,2025-10-17,365,365,380,370,370,350,365
East,2x8 #1,2025-10-17,380,380,405,340,350,375,385
East,2x10 #1,2025-10-17,340,375,400,360,375,350,360
East,2x12 #1,2025-10-17,470,470,500,390,420,495,610
East,2x4 #2,2025-10-17,340,340,330,370,370,380,395
East,2x6 #2,2025-10-17,290,330,330,335,325,340,330
East,2x8 #2,2025-10-17,310,310,315,320,320,310,310
East,2x10 #2,2025-10-17,235,280,290,305,295,270,300
East,2x12 #2,2025-10-17,350,375,425,340,385,340,375
